route_id,port1,port2,index1,index2,geometry,alpha_deg,t0_fraction,sx_mm,sy_mm,lx_mm,ly_mm,track_y_mm,radius_mm,dx_mm,straight_length_mm,arc_length_mm,total_length_mm,bend_count,bend_total_deg,crossing_count,min_crossing_angle_deg,straight_loss_db,bend_loss_db,crossing_loss_db,total_loss_db,geometry_valid,geometry_issue_kinds
0,8,1,28,58,freeform,-20.0,0.0,132.1,150.0,121.1,0.0,0.0,6.0,11.0,147.70774925078996,4.18879020478639,151.89653945557635,2,40.0,150,4.999999999999997,0.7385387462539498,0.8460939418623253,0.5637797669217715,2.148412455038047,True,
1,8,1,28,58,freeform,-20.0,0.0,132.275,150.0,121.275,0.0,0.0,6.0,11.0,147.70774925078996,4.18879020478639,151.89653945557635,2,40.0,150,4.999999999999997,0.7385387462539498,0.8460939418623253,0.5578273378060976,2.1424600259223725,True,
2,9,1,30,58,freeform,-20.0,0.5,141.1,150.0,121.45,0.0,0.0,6.0,19.64999999999999,149.23297763391815,4.18879020478639,153.42176783870454,2,40.0,78,17.047821610403318,0.7461648881695908,0.8460939418623253,0.245416736904802,1.8376755669367182,True,
3,9,1,30,58,freeform,-20.0,0.5,141.275,150.0,121.625,0.0,0.0,6.0,19.650000000000006,149.23297763391815,4.188790204786389,153.42176783870454,2,40.0,78,9.897750632284612,0.7461648881695908,0.8460939418623251,0.2590180708674689,1.8512769008993848,True,
4,1,26,58,4,freeform,45.0,0.5,119.875,0.0,23.75,150.0,0.0,6.0,96.125,179.87515318615948,9.424777960769383,189.29993114692886,2,90.0,241,8.23535723800098,0.8993757659307974,1.9037113691902332,0.9109237157659341,3.7140108508869645,True,
5,1,26,58,4,freeform,45.0,0.5,120.05,0.0,23.925,150.0,0.0,6.0,96.125,179.87515318615948,9.424777960769383,189.29993114692886,2,90.0,241,14.288780770265214,0.8993757659307974,1.9037113691902332,0.9177986525516124,3.7208857876726427,True,
6,1,26,58,4,freeform,45.0,0.5,120.225,0.0,24.1,150.0,0.0,6.0,96.125,179.87515318615948,9.424777960769383,189.29993114692886,2,90.0,241,15.000000000000005,0.8993757659307974,1.9037113691902332,0.9047331793713419,3.7078203144923725,True,
7,1,26,58,4,freeform,45.0,0.5,120.4,0.0,24.275,150.0,0.0,6.0,96.125,179.87515318615948,9.424777960769383,189.29993114692886,2,90.0,241,15.000000000000005,0.8993757659307974,1.9037113691902332,0.9016677623815798,3.7047548975026103,True,
8,1,26,58,4,freeform,45.0,0.5,120.575,0.0,24.45,150.0,0.0,6.0,96.125,179.87515318615948,9.424777960769383,189.29993114692886,2,90.0,241,15.000000000000005,0.8993757659307974,1.9037113691902332,0.8939594079768056,3.6970465430978363,True,
9,1,54,58,34,u,0.0,0.5,119.7,0.0,13.275,0.0,28.625,6.0,106.425,139.675,18.84955592153876,158.52455592153876,2,180.0,250,17.89579182463184,0.6983750000000001,3.807422738380465,0.6305659227043374,5.136363661084803,True,
10,1,58,58,40,u,0.0,0.5,119.175,0.0,39.4,0.0,28.1,6.0,79.775,111.975,18.84955592153876,130.82455592153875,2,180.0,214,20.0,0.559875,3.807422738380465,0.46264910151377125,4.8299468398942365,True,
11,1,58,58,40,u,0.0,0.5,119.35,0.0,39.225,0.0,28.275,6.0,80.125,112.67500000000001,18.84955592153876,131.52455592153876,2,180.0,214,20.0,0.5633750000000001,3.807422738380465,0.4628871806974356,4.833684919077901,True,
12,1,58,58,40,u,0.0,0.5,119.525,0.0,39.05,0.0,28.45,6.0,80.47500000000001,113.37500000000001,18.84955592153876,132.22455592153878,2,180.0,214,20.0,0.5668750000000001,3.807422738380465,0.46592304147983243,4.840220779860298,True,
13,2,11,20,52,freeform,-5.0,0.5,96.1,150.0,93.225,0.0,0.0,6.0,2.875,149.07766258105767,1.0471975511965983,150.12486013225427,2,10.0,213,19.999999999999986,0.7453883129052884,0.2115234854655815,0.6385124405785387,1.5954242389494087,True,
14,2,11,20,52,freeform,-5.0,0.5,96.275,150.0,93.4,0.0,0.0,6.0,2.875,149.07766258105767,1.0471975511965983,150.12486013225427,2,10.0,213,19.999999999999986,0.7453883129052884,0.2115234854655815,0.6374112470921424,1.5943230454630122,True,
15,2,11,20,52,freeform,-5.0,0.5,96.45,150.0,93.575,0.0,0.0,6.0,2.875,149.07766258105767,1.0471975511965983,150.12486013225427,2,10.0,213,19.999999999999986,0.7453883129052884,0.2115234854655815,0.6373517132485993,1.5942635116194692,True,
16,2,11,20,52,freeform,-5.0,0.5,96.625,150.0,93.75,0.0,0.0,6.0,2.875,149.07766258105767,1.0471975511965983,150.12486013225427,2,10.0,213,19.999999999999986,0.7453883129052884,0.2115234854655815,0.6360124124832846,1.5929242108541546,True,
17,2,56,20,36,freeform,-30.0,0.0,94.875,150.0,20.525,0.0,0.0,6.0,74.35,163.491241838907,6.283185307179586,169.7744271460866,2,59.99999999999999,246,13.872102735011007,0.817456209194535,1.2691409127934883,0.695090045289552,2.7816871672775756,True,
18,2,56,20,36,freeform,-30.0,0.0,95.05,150.0,20.7,0.0,0.0,6.0,74.35,163.491241838907,6.283185307179586,169.7744271460866,2,59.99999999999999,246,15.000000000000005,0.817456209194535,1.2691409127934883,0.6819055887079576,2.768502710695981,True,
19,2,56,20,36,freeform,-30.0,0.0,95.225,150.0,20.875,0.0,0.0,6.0,74.35,163.491241838907,6.283185307179586,169.7744271460866,2,59.99999999999999,246,15.000000000000005,0.817456209194535,1.2691409127934883,0.6838698403065775,2.770466962294601,True,
20,6,8,62,28,freeform,5.0,0.5,139.1,0.0,132.45,150.0,0.0,6.0,6.650000000000006,149.2424826405373,1.0471975511965983,150.2896801917339,2,10.0,54,9.999999999999998,0.7462124132026865,0.2115234854655815,0.1990179865817066,1.1567538852499746,True,
21,6,8,62,28,freeform,5.0,0.5,139.275,0.0,132.625,150.0,0.0,6.0,6.650000000000006,149.2424826405373,1.0471975511965983,150.2896801917339,2,10.0,54,9.999999999999998,0.7462124132026865,0.2115234854655815,0.199910825663329,1.157646724331597,True,
22,9,6,30,62,freeform,-5.0,0.5,141.45,150.0,139.45,0.0,0.0,6.0,2.0,149.03945925601272,1.0471975511965983,150.08665680720932,2,10.0,28,5.000000000000004,0.7451972962800636,0.2115234854655815,0.11812514750008425,1.0748459292457293,True,
23,9,6,30,62,freeform,-5.0,0.5,141.625,150.0,139.625,0.0,0.0,6.0,2.0,149.03945925601272,1.0471975511965983,150.08665680720932,2,10.0,28,5.000000000000004,0.7451972962800636,0.2115234854655815,0.12541682119056446,1.0821376029362095,True,
24,6,10,62,18,freeform,30.0,0.0,138.4,0.0,86.4,150.0,0.0,6.0,52.0,157.50257738807142,6.283185307179586,163.785762695251,2,59.99999999999999,236,9.999999999999993,0.7875128869403571,1.2691409127934883,0.66425645909893,2.720910258832775,True,
25,6,10,62,18,freeform,30.0,0.0,138.575,0.0,86.575,150.0,0.0,6.0,51.999999999999986,157.50257738807142,6.283185307179586,163.785762695251,2,59.99999999999999,236,9.999999999999993,0.7875128869403571,1.2691409127934883,0.6530064169560487,2.709660216689894,True,
26,6,10,62,18,freeform,30.0,0.0,138.75,0.0,86.75,150.0,0.0,6.0,52.0,157.50257738807142,6.283185307179586,163.785762695251,2,59.99999999999999,236,9.999999999999993,0.7875128869403571,1.2691409127934883,0.6480064169560488,2.704660216689894,True,
27,6,10,62,18,freeform,20.0,0.0,138.925,0.0,86.925,150.0,0.0,6.0,52.000000000000014,154.93715545983702,4.18879020478639,159.1259456646234,2,40.0,216,9.019049480831233,0.7746857772991851,0.8460939418623253,0.981131480170373,2.6019111993318838,True,
28,6,11,62,52,u,0.0,0.5,137.35,0.0,94.45,0.0,18.475,6.0,42.89999999999999,55.849999999999994,18.84955592153876,74.69955592153875,2,180.0,155,20.000000000000004,0.27925,3.807422738380465,0.3210121034354875,4.407684841815953,True,
29,6,11,62,52,u,0.0,0.5,137.175,0.0,94.625,0.0,18.3,6.0,42.55000000000001,55.150000000000006,18.84955592153876,73.99955592153876,2,180.0,155,20.000000000000004,0.27575000000000005,3.807422738380465,0.32107158108852224,4.4042443194689875,True,
30,6,11,62,52,u,0.0,0.5,137.525,0.0,94.275,0.0,33.35,6.0,43.25,85.95,18.84955592153876,104.79955592153877,2,180.0,155,7.608268226646565,0.42975,3.807422738380465,0.42148837418383256,4.658661112564298,True,
31,6,29,62,2,freeform,45.0,0.0,138.225,0.0,15.45,150.0,0.0,6.0,122.77499999999999,190.91394462340244,9.424777960769383,200.33872258417182,2,90.0,321,13.872102735010486,0.9545697231170123,1.9037113691902332,1.4135135081981962,4.271794600505442,True,
32,6,41,62,50,u,0.0,0.5,137.0,0.0,85.45,0.0,16.375,6.0,51.55,60.3,18.84955592153876,79.14955592153876,2,180.0,183,6.028113625157536,0.3015,3.807422738380465,0.41252992144566913,4.521452659826134,True,
33,6,51,62,48,u,0.0,0.5,137.7,0.0,76.45,0.0,33.525,6.0,61.249999999999986,104.29999999999998,18.84955592153876,123.14955592153873,2,180.0,197,13.872102735011072,0.5215,3.807422738380465,0.5576492981805518,4.886572036561017,True,
34,6,53,62,32,u,0.0,0.5,138.05,0.0,4.1,0.0,33.875,6.0,133.95000000000002,177.70000000000002,18.84955592153876,196.54955592153877,2,180.0,289,13.872102735010486,0.8885000000000001,3.807422738380465,0.7782149680276031,5.474137706408069,True,
35,6,58,62,40,u,0.0,0.5,137.875,0.0,38.875,0.0,33.7,6.0,99.0,142.4,18.84955592153876,161.24955592153876,2,180.0,245,4.999999999999997,0.7120000000000001,3.807422738380465,0.6607742771091126,5.180197015489577,True,
36,8,12,28,21,u,0.0,0.5,130.0,150.0,101.125,150.0,130.65,6.0,28.875,43.57499999999999,18.84955592153876,62.42455592153875,2,180.0,108,13.872102735011007,0.21787499999999996,3.807422738380465,0.3045240663947045,4.32982180477517,True,
37,8,12,28,21,u,0.0,0.5,130.7,150.0,100.6,150.0,135.725,6.0,30.099999999999994,34.650000000000006,18.84955592153876,53.499555921538764,2,180.0,103,19.666638215041374,0.17325000000000004,3.807422738380465,0.22651801467696098,4.207190753057426,True,
38,8,12,28,21,u,0.0,0.5,130.525,150.0,100.775,150.0,135.9,6.0,29.75,33.94999999999999,18.84955592153876,52.79955592153875,2,180.0,103,13.872102735011566,0.16974999999999996,3.807422738380465,0.23726208938786075,4.214434827768326,True,
39,8,12,28,21,u,0.0,0.5,130.175,150.0,100.95,150.0,142.375,6.0,29.22500000000001,20.47500000000001,18.84955592153876,39.32455592153877,2,180.0,98,13.872102735011007,0.10237500000000005,3.807422738380465,0.21806572603755794,4.127863464418023,True,
40,8,16,28,14,u,0.0,0.5,131.05,150.0,69.1,150.0,116.125,6.0,61.95000000000002,105.70000000000002,18.84955592153876,124.54955592153877,2,180.0,209,15.5422799061478,0.5285000000000001,3.807422738380465,0.5357146027892968,4.871637341169762,True,
41,8,16,28,14,u,0.0,0.5,131.225,150.0,68.925,150.0,115.95,6.0,62.3,106.39999999999999,18.84955592153876,125.24955592153876,2,180.0,209,13.872102735011007,0.5319999999999999,3.807422738380465,0.5227978939797486,4.862220632360214,True,
42,8,16,28,14,u,0.0,0.5,130.35,150.0,69.625,150.0,116.825,6.0,60.724999999999994,103.07499999999999,18.84955592153876,121.92455592153874,2,180.0,204,13.872102735011007,0.5153749999999999,3.807422738380465,0.5307145185035341,4.853512256883999,True,
43,8,17,28,16,u,0.0,0.5,130.875,150.0,78.275,150.0,116.3,6.0,52.599999999999994,96.0,18.84955592153876,114.84955592153875,2,180.0,183,10.244769745604327,0.48,3.807422738380465,0.4862205702212775,4.773643308601743,True,
44,8,53,28,32,freeform,-45.0,1.0,131.4,150.0,3.925,0.0,0.0,6.0,127.47500000000001,192.860748366556,9.42477796076938,202.28552632732539,2,90.0,309,13.87210273501095,0.9643037418327801,1.9037113691902325,1.3930967993886472,4.26111191041166,True,
45,8,56,28,36,freeform,-45.0,0.5,131.575,150.0,22.275,0.0,0.0,6.0,109.29999999999998,185.332416870425,9.424777960769378,194.75719483119437,2,90.0,280,13.87210273501176,0.9266620843521249,1.903711369190232,1.1910725082319107,4.021445961774268,True,
46,8,56,28,36,freeform,-45.0,0.5,131.75,150.0,22.45,0.0,0.0,6.0,109.3,185.332416870425,9.424777960769378,194.75719483119437,2,90.0,280,8.130102354155028,0.9266620843521249,1.903711369190232,1.165447613589114,3.9958210671314713,True,
47,8,56,28,36,freeform,-45.0,0.5,131.925,150.0,22.625,0.0,0.0,6.0,109.30000000000001,185.332416870425,9.424777960769378,194.75719483119437,2,90.0,278,13.872102735010447,0.9266620843521249,1.903711369190232,1.1663106436060833,3.9966840971484405,True,
48,9,13,30,22,u,0.0,0.5,139.35,150.0,105.275,150.0,113.675,6.0,34.07499999999999,82.725,18.84955592153876,101.57455592153875,2,180.0,116,29.999999999999993,0.41362499999999996,3.807422738380465,0.2926192924491192,4.513667030829584,True,
49,9,13,30,22,u,0.0,0.5,139.525,150.0,105.1,150.0,113.5,6.0,34.42500000000001,83.42500000000001,18.84955592153876,102.27455592153876,2,180.0,118,8.756231562092848,0.4171250000000001,3.807422738380465,0.316934835867525,4.541482574247991,True,
50,9,13,30,22,u,0.0,0.5,139.0,150.0,105.625,150.0,114.025,6.0,33.375,81.32499999999999,18.84955592153876,100.17455592153874,2,180.0,116,27.952886589134987,0.40662499999999996,3.807422738380465,0.30895862130968804,4.523006359690153,True,
51,9,13,30,22,u,0.0,0.5,139.175,150.0,105.45,150.0,113.85,6.0,33.72500000000001,82.02500000000002,18.84955592153876,100.87455592153879,2,180.0,116,29.999999999999993,0.41012500000000013,3.807422738380465,0.2982442432824244,4.51579198166289,True,
52,9,17,30,16,u,0.0,0.5,139.7,150.0,78.1,150.0,113.325,6.0,61.599999999999994,110.94999999999999,18.84955592153876,129.79955592153874,2,180.0,183,27.952886589135595,0.55475,3.807422738380465,0.4648812413607087,4.827053979741174,True,
53,9,19,30,12,u,0.0,0.5,139.875,150.0,60.275,150.0,113.15,6.0,79.6,129.29999999999998,18.84955592153876,148.14955592153873,2,180.0,215,4.999999999999998,0.6465,3.807422738380465,0.5305955912927192,4.984518329673184,True,
54,9,19,30,12,u,0.0,0.5,140.05,150.0,60.1,150.0,112.975,6.0,79.95000000000002,130.00000000000003,18.84955592153876,148.84955592153878,2,180.0,215,4.999999999999998,0.6500000000000001,3.807422738380465,0.5232145746940429,4.980637313074508,True,
55,9,19,30,12,u,0.0,0.5,140.225,150.0,59.925,150.0,112.8,6.0,80.3,130.7,18.84955592153876,149.54955592153874,2,180.0,215,8.502264064028168,0.6535,3.807422738380465,0.5294645325511618,4.9903872709316275,True,
56,9,39,30,56,freeform,-20.0,0.5,140.575,150.0,112.275,0.0,0.0,6.0,28.299999999999983,150.7582060170464,4.18879020478639,154.9469962218328,2,40.0,100,19.999999999999996,0.7537910300852321,0.8460939418623253,0.3415179865817063,1.9414029585292636,True,
57,9,39,30,56,freeform,-20.0,0.5,140.75,150.0,112.45,0.0,0.0,6.0,28.299999999999997,150.7582060170464,4.18879020478639,154.9469962218328,2,40.0,100,19.999999999999996,0.7537910300852321,0.8460939418623253,0.3255357764966343,1.9254207484441916,True,
58,9,39,30,56,freeform,-20.0,0.5,140.925,150.0,112.625,0.0,0.0,6.0,28.30000000000001,150.7582060170464,4.18879020478639,154.9469962218328,2,40.0,100,19.999999999999993,0.7537910300852321,0.8460939418623253,0.3476193486396275,1.947504320587185,True,
59,9,51,30,48,freeform,-30.0,0.5,140.4,150.0,76.275,0.0,0.0,6.0,64.125,160.75146134629878,6.283185307179586,167.03464665347838,2,59.99999999999999,213,13.872102735011072,0.8037573067314939,1.2691409127934883,0.5499412247283187,2.6228394442533007,True,
60,12,10,21,18,u,0.0,0.5,98.675,150.0,87.45,150.0,144.65,5.0,11.224999999999994,1.924999999999983,15.707963267948966,17.63296326794895,2,180.0,32,53.8429917990011,0.009624999999999915,4.76514595344064,0.06613091826528665,4.840901871705926,True,
61,12,10,21,18,u,0.0,0.5,98.5,150.0,87.625,150.0,144.825,5.0,10.875,1.2250000000000227,15.707963267948966,16.93296326794899,2,180.0,32,51.31781254651063,0.006125000000000114,4.76514595344064,0.06901787420069001,4.84028882764133,True,
62,13,10,22,18,u,0.0,0.5,103.175,150.0,87.1,150.0,140.8,6.0,16.075000000000003,10.47499999999998,18.84955592153876,29.32455592153874,2,180.0,48,20.0,0.0523749999999999,3.807422738380465,0.11050607981299797,3.970303818193463,True,
63,13,10,22,18,u,0.0,0.5,103.0,150.0,87.275,150.0,140.975,6.0,15.724999999999994,9.775000000000006,18.84955592153876,28.624555921538764,2,180.0,48,20.0,0.04887500000000003,3.807422738380465,0.11261912387759458,3.9689168622580597,True,
64,10,19,18,12,u,0.0,0.5,85.175,150.0,60.45,150.0,132.05,6.0,24.724999999999994,36.62499999999997,18.84955592153876,55.47455592153873,2,180.0,90,19.666638215041676,0.18312499999999987,3.807422738380465,0.21949417304428917,4.210041911424754,True,
65,10,19,18,12,u,0.0,0.5,85.0,150.0,60.625,150.0,132.225,6.0,24.375,35.92500000000001,18.84955592153876,54.77455592153877,2,180.0,90,24.146847996502466,0.17962500000000006,3.807422738380465,0.21776797253407942,4.204815710914545,True,
66,10,24,18,8,u,0.0,0.5,85.35,150.0,42.625,150.0,131.875,6.0,42.724999999999994,54.974999999999994,18.84955592153876,73.82455592153875,2,180.0,146,10.245861040881032,0.274875,3.807422738380465,0.3202084948810447,4.4025062332615095,True,
67,33,10,60,18,freeform,30.0,0.5,130.275,0.0,86.225,150.0,0.0,6.0,44.05000000000001,155.37238130824403,6.283185307179586,161.65556661542362,2,59.99999999999999,202,9.999999999999995,0.7768619065412201,1.2691409127934883,0.5608338390479084,2.6068366583826164,True,
68,10,51,18,48,freeform,-10.0,0.5,85.875,150.0,75.75,0.0,0.0,6.0,10.125,148.7860947935778,2.094395102393195,150.880489895971,2,20.0,227,10.000000000000002,0.743930473967889,0.42304697093116267,0.5866971500174191,1.753674594916471,True,
69,10,51,18,48,freeform,-10.0,0.5,86.05,150.0,75.925,0.0,0.0,6.0,10.125,148.7860947935778,2.094395102393195,150.880489895971,2,20.0,227,10.000000000000002,0.743930473967889,0.42304697093116267,0.5863400031466686,1.7533174480457203,True,
70,10,53,18,32,freeform,-30.0,1.0,85.525,150.0,3.225,0.0,0.0,6.0,82.30000000000001,165.62143791873444,6.283185307179586,171.90462322591404,2,59.99999999999999,242,13.872102735011007,0.8281071895936722,1.2691409127934883,0.6674114437589224,2.764659546146083,True,
71,10,58,18,40,freeform,-30.0,0.0,85.7,150.0,38.525,0.0,0.0,6.0,47.175000000000004,156.20972253459126,6.283185307179586,162.49290784177086,2,59.99999999999999,265,4.999999999999997,0.7810486126729563,1.2691409127934883,0.7714889641841722,2.821678489650617,True,
72,13,11,22,52,freeform,-5.0,0.0,104.05,150.0,93.925,0.0,0.0,6.0,10.125,149.39420441714438,1.0471975511965983,150.44140196834098,2,10.0,207,4.999999999999998,0.746971022085722,0.2115234854655815,0.6725896238607365,1.63108413141204,True,
73,13,11,22,52,freeform,-5.0,0.0,104.225,150.0,94.1,0.0,0.0,6.0,10.125,149.39420441714438,1.0471975511965983,150.44140196834098,2,10.0,207,4.999999999999998,0.746971022085722,0.2115234854655815,0.6724705842689045,1.630965091820208,True,
74,11,26,52,4,freeform,45.0,0.5,93.05,0.0,23.575,150.0,0.0,6.0,69.475,168.8363617489165,9.424777960769383,178.26113970968586,2,90.0,241,15.000000000000002,0.8441818087445825,1.9037113691902332,0.7471436117011127,3.4950367896359285,True,
75,11,48,52,44,u,0.0,0.5,92.175,0.0,58.275,0.0,19.175,6.0,33.9,48.249999999999986,18.84955592153876,67.09955592153875,2,180.0,115,27.95288658913515,0.24124999999999994,3.807422738380465,0.24392878414978136,4.292601522530246,True,
76,11,51,52,48,u,0.0,0.5,92.0,0.0,76.625,0.0,6.05,6.0,15.375,3.4749999999999996,18.84955592153876,22.32455592153876,2,180.0,48,42.48111287543236,0.017374999999999998,3.807422738380465,0.12342278862254587,3.948220527003011,True,
77,33,12,60,21,freeform,20.0,0.5,130.45,0.0,100.425,150.0,0.0,6.0,30.02499999999999,151.0623700587685,4.18879020478639,155.25116026355488,2,40.0,165,9.999999999999991,0.7553118502938425,0.8460939418623253,0.6425895395749767,2.2439953317311447,True,
78,12,48,21,44,freeform,-20.0,0.0,99.9,150.0,57.575,0.0,0.0,6.0,42.325,153.23119192148263,4.188790204786391,157.41998212626902,2,40.0,249,3.1496921564582654,0.7661559596074132,0.8460939418623257,0.8948513761055512,2.5071012775752903,True,
79,12,48,21,44,freeform,-20.0,0.0,100.075,150.0,57.75,0.0,0.0,6.0,42.325,153.23119192148263,4.188790204786391,157.41998212626902,2,40.0,247,8.692451917641309,0.7661559596074132,0.8460939418623257,0.8782144904082831,2.490464391878022,True,
80,12,48,21,44,freeform,-20.0,0.0,100.25,150.0,57.925,0.0,0.0,6.0,42.325,153.23119192148263,4.188790204786391,157.41998212626902,2,40.0,245,9.999999999999991,0.7661559596074132,0.8460939418623257,0.8466966723981015,2.4589465738678404,True,
81,12,53,21,32,freeform,-45.0,0.0,98.85,150.0,3.4,0.0,0.0,6.0,95.44999999999999,179.59555903155763,9.42477796076938,189.020336992327,2,90.0,268,13.872102735011401,0.8979777951577882,1.9037113691902325,1.3462814526370204,4.147970616985041,True,
82,12,56,21,36,freeform,-30.0,0.0,99.025,150.0,21.75,0.0,0.0,6.0,77.275,164.27499322676806,6.283185307179586,170.55817853394765,2,59.99999999999999,251,15.000000000000002,0.8213749661338403,1.2691409127934883,0.7843163019902701,2.8748321809175987,True,
83,12,56,21,36,freeform,-30.0,0.0,99.2,150.0,21.925,0.0,0.0,6.0,77.275,164.27499322676806,6.283185307179586,170.55817853394765,2,59.99999999999999,251,15.000000000000002,0.8213749661338403,1.2691409127934883,0.7888401998134499,2.8793560787407784,True,
84,12,56,21,36,freeform,-30.0,0.0,99.375,150.0,22.1,0.0,0.0,6.0,77.275,164.27499322676806,6.283185307179586,170.55817853394765,2,59.99999999999999,251,13.87210273501176,0.8213749661338403,1.2691409127934883,0.7994353977726101,2.8899512766999385,True,
85,1,13,58,22,freeform,10.0,0.5,120.925,0.0,104.925,150.0,0.0,6.0,16.0,149.3000906917926,2.0943951023931953,151.3944857941858,2,20.0,160,8.756231562092848,0.746500453458963,0.4230469709311627,0.4881250070238135,1.6576724314139393,True,
86,39,13,56,22,freeform,5.0,0.5,111.75,0.0,104.4,150.0,0.0,6.0,7.349999999999994,149.27304530057324,1.0471975511965983,150.32024285176985,2,10.0,176,4.999999999999998,0.7463652265028662,0.2115234854655815,0.6477979782655114,1.6056866902339593,True,
87,39,13,56,22,freeform,5.0,0.5,111.925,0.0,104.575,150.0,0.0,6.0,7.349999999999994,149.27304530057324,1.0471975511965983,150.32024285176985,2,10.0,176,4.999999999999998,0.7463652265028662,0.2115234854655815,0.6551789386736792,1.6130676506421269,True,
88,39,13,56,22,freeform,5.0,0.5,112.1,0.0,104.75,150.0,0.0,6.0,7.349999999999994,149.27304530057324,1.0471975511965983,150.32024285176985,2,10.0,176,4.999999999999998,0.7463652265028662,0.2115234854655815,0.6587503792859308,1.6166390912543784,True,
89,13,48,22,44,freeform,-20.0,0.0,103.7,150.0,58.1,0.0,0.0,6.0,45.6,153.80866278330285,4.18879020478639,157.99745298808924,2,40.0,252,9.999999999999993,0.7690433139165143,0.8460939418623253,0.921994510187342,2.5371317659661816,True,
90,13,51,22,48,freeform,-20.0,0.5,103.875,150.0,76.1,0.0,0.0,6.0,27.775000000000006,150.66563435217444,4.18879020478639,154.85442455696082,2,40.0,227,4.999999999999998,0.7533281717608722,0.8460939418623253,0.7017857624490083,2.3012078760722057,True,
91,13,53,22,32,freeform,-45.0,1.0,103.35,150.0,3.575,0.0,0.0,6.0,99.77499999999999,181.38703268882125,9.42477796076938,190.81181064959063,2,90.0,287,4.999999999999998,0.9069351634441063,1.9037113691902325,1.1208045637930868,3.931451096427425,True,
92,13,57,22,38,freeform,-45.0,0.5,103.525,150.0,30.225,0.0,0.0,6.0,73.30000000000001,170.4207286249936,9.424777960769378,179.84550658576296,2,90.0,278,4.999999999999998,0.852103643124968,1.903711369190232,1.044792404167092,3.800607416482292,True,
93,14,16,26,14,u,0.0,0.5,121.35,150.0,69.45,150.0,121.55,6.0,51.89999999999999,84.8,18.84955592153876,103.64955592153876,2,180.0,171,13.872102735011007,0.424,3.807422738380465,0.40017877010215425,4.631601508482619,True,
94,14,16,26,14,u,0.0,0.5,121.525,150.0,69.275,150.0,121.375,6.0,52.25,85.5,18.84955592153876,104.34955592153875,2,180.0,171,19.666638215041246,0.4275,3.807422738380465,0.3962204578402615,4.631143196220727,True,
95,14,17,26,16,u,0.0,0.5,121.0,150.0,78.625,150.0,121.9,6.0,42.375,74.57499999999999,18.84955592153876,93.42455592153874,2,180.0,140,11.72939149765596,0.37287499999999996,3.807422738380465,0.3318156838946765,4.512113422275141,True,
96,14,17,26,16,u,0.0,0.5,121.175,150.0,78.45,150.0,121.725,6.0,42.724999999999994,75.275,18.84955592153876,94.12455592153876,2,180.0,140,17.164803200024963,0.376375,3.807422738380465,0.3287204297450074,4.512518168125473,True,
97,14,18,26,10,u,0.0,0.5,121.7,150.0,51.625,150.0,121.025,6.0,70.075,104.02499999999999,18.84955592153876,122.87455592153876,2,180.0,208,20.000000000000004,0.520125,3.807422738380465,0.46732170751716595,4.794869445897631,True,
98,14,18,26,10,u,0.0,0.5,121.875,150.0,51.45,150.0,120.85,6.0,70.425,104.72500000000001,18.84955592153876,123.57455592153877,2,180.0,208,20.000000000000004,0.523625,3.807422738380465,0.4656252598811006,4.796672998261566,True,
99,14,18,26,10,u,0.0,0.5,122.05,150.0,51.275,150.0,120.675,6.0,70.775,105.425,18.84955592153876,124.27455592153876,2,180.0,208,20.000000000000004,0.527125,3.807422738380465,0.4620537911735945,4.796601529554059,True,
100,14,18,26,10,u,0.0,0.5,122.225,150.0,51.1,150.0,120.5,6.0,71.125,106.125,18.84955592153876,124.97455592153875,2,180.0,208,20.000000000000004,0.530625,3.807422738380465,0.46458354404773905,4.802631282428203,True,
101,33,14,60,26,freeform,5.0,0.5,130.625,0.0,123.625,150.0,0.0,6.0,7.0,149.2577639705553,1.047197551196597,150.3049615217519,2,10.0,104,5.000000000000001,0.7462888198527765,0.21152348546558122,0.3533038052212218,1.3111161105395794,True,
102,14,38,26,54,freeform,-20.0,0.0,122.925,150.0,103.1,0.0,0.0,6.0,19.825000000000003,149.26383485554214,4.18879020478639,153.45262506032853,2,40.0,221,9.999999999999977,0.7463191742777108,0.8460939418623253,0.8482442432824262,2.4406573594224623,True,
103,14,38,26,54,freeform,-20.0,0.0,123.1,150.0,103.275,0.0,0.0,6.0,19.82499999999999,149.26383485554214,4.18879020478639,153.45262506032853,2,40.0,221,9.99999999999998,0.7463191742777108,0.8460939418623253,0.8349703033163653,2.4273834194564015,True,
104,14,38,26,54,freeform,-30.0,0.0,123.275,150.0,103.45,0.0,0.0,6.0,19.825000000000003,148.88131212160005,6.283185307179586,155.16449742877964,2,59.99999999999999,231,9.999999999999977,0.7444065606080003,1.2691409127934883,0.7591375599833685,2.772685033384857,True,
105,14,53,26,32,freeform,-45.0,1.0,122.4,150.0,3.75,0.0,0.0,6.0,118.65,189.20531367861344,9.42477796076938,198.6300916393828,2,90.0,292,15.000000000000002,0.9460265683930672,1.9037113691902325,1.3037513626198265,4.153489300203126,True,
106,14,58,26,40,freeform,-45.0,0.5,122.575,150.0,38.7,0.0,0.0,6.0,83.875,174.80103704708907,9.424777960769378,184.22581500785844,2,90.0,267,4.999999999999984,0.8740051852354453,1.903711369190232,0.9559828843711741,3.733699438796852,True,
107,16,20,14,6,u,0.0,0.5,67.0,150.0,32.575,150.0,138.875,6.0,34.425,32.675,18.84955592153876,51.524555921538756,2,180.0,106,27.952886589134927,0.163375,3.807422738380465,0.23217280267017304,4.202970541050638,True,
108,16,20,14,6,u,0.0,0.5,67.175,150.0,32.4,150.0,138.7,6.0,34.775,33.37500000000002,18.84955592153876,52.22455592153878,2,180.0,106,31.332206707233183,0.1668750000000001,3.807422738380465,0.238958537023926,4.213256275404391,True,
109,16,20,14,6,u,0.0,0.5,67.35,150.0,32.225,150.0,138.525,6.0,35.12499999999999,34.07499999999998,18.84955592153876,52.92455592153874,2,180.0,106,34.41150866976915,0.17037499999999992,3.807422738380465,0.23767868581639195,4.215476424196857,True,
110,16,20,14,6,u,0.0,0.5,67.525,150.0,32.05,150.0,138.35,6.0,35.47500000000001,34.77500000000002,18.84955592153876,53.62455592153878,2,180.0,106,37.26596292649413,0.1738750000000001,3.807422738380465,0.2340477113605971,4.215345449741062,True,
111,33,16,60,14,freeform,30.0,1.0,129.925,0.0,68.575,150.0,0.0,6.0,61.35000000000001,160.00790233730243,6.283185307179586,166.29108764448202,2,59.99999999999999,250,9.999999999999993,0.8000395116865121,1.2691409127934883,0.6211015868199553,2.6902820112999555,True,
112,33,16,60,14,freeform,30.0,1.0,130.1,0.0,68.75,150.0,0.0,6.0,61.349999999999994,160.00790233730243,6.283185307179586,166.29108764448202,2,59.99999999999999,250,9.999999999999993,0.8000395116865121,1.2691409127934883,0.6390778294730465,2.708258253953047,True,
113,16,48,14,44,freeform,-20.0,0.5,68.225,150.0,56.7,0.0,0.0,6.0,11.524999999999991,147.80032091566187,4.188790204786391,151.98911112044826,2,40.0,247,9.999999999999998,0.7390016045783093,0.8460939418623257,0.6789882337075638,2.2640837801481988,True,
114,16,48,14,44,freeform,-20.0,0.5,68.4,150.0,56.875,0.0,0.0,6.0,11.525000000000006,147.80032091566187,4.188790204786391,151.98911112044826,2,40.0,247,9.999999999999998,0.7390016045783093,0.8460939418623257,0.6791073856804126,2.2642029321210475,True,
115,16,53,14,32,freeform,-30.0,0.5,67.7,150.0,2.875,0.0,0.0,6.0,64.825,160.9390257810006,6.283185307179586,167.2222110881802,2,59.99999999999999,215,15.000000000000005,0.8046951289050029,1.2691409127934883,0.5588398907656521,2.6326759324641436,True,
116,16,56,14,36,freeform,-30.0,0.5,67.875,150.0,20.175,0.0,0.0,6.0,47.7,156.3503958606176,6.283185307179586,162.6335811677972,2,59.99999999999999,208,19.999999999999996,0.781751979303088,1.2691409127934883,0.5456554622793117,2.596548354375888,True,
117,16,56,14,36,freeform,-30.0,0.5,68.05,150.0,20.35,0.0,0.0,6.0,47.699999999999996,156.3503958606176,6.283185307179586,162.6335811677972,2,59.99999999999999,208,19.999999999999996,0.781751979303088,1.2691409127934883,0.5412506883337267,2.592143580430303,True,
118,17,21,16,0,u,0.0,0.5,76.0,150.0,5.925,150.0,135.9,6.0,70.075,74.27499999999999,18.84955592153876,93.12455592153876,2,180.0,208,37.26596292649413,0.37137499999999996,3.807422738380465,0.4350597867008297,4.613857525081294,True,
119,17,21,16,0,u,0.0,0.5,76.175,150.0,5.75,150.0,135.725,6.0,70.425,74.97500000000001,18.84955592153876,93.82455592153877,2,180.0,208,34.41150866976915,0.37487500000000007,3.807422738380465,0.4294943135205592,4.611792051901024,True,
120,17,21,16,0,u,0.0,0.5,76.35,150.0,5.575,150.0,135.55,6.0,70.77499999999999,75.67499999999997,18.84955592153876,94.52455592153873,2,180.0,208,31.332206707233183,0.37837499999999985,3.807422738380465,0.4244645325511606,4.610262270931626,True,
121,17,21,16,0,u,0.0,0.5,76.525,150.0,5.4,150.0,135.375,6.0,71.125,76.375,18.84955592153876,95.22455592153875,2,180.0,208,27.952886589134927,0.381875,3.807422738380465,0.42264910151377155,4.6119468398942365,True,
122,17,48,16,44,freeform,-20.0,0.5,76.875,150.0,57.05,0.0,0.0,6.0,19.825000000000003,149.26383485554214,4.188790204786391,153.45262506032853,2,40.0,243,9.999999999999993,0.7463191742777108,0.8460939418623257,0.6562201487924675,2.248633264932504,True,
123,17,48,16,44,freeform,-20.0,0.5,77.05,150.0,57.225,0.0,0.0,6.0,19.824999999999996,149.26383485554214,4.188790204786391,153.45262506032853,2,40.0,243,9.999999999999993,0.7463191742777108,0.8460939418623257,0.6588094074149011,2.2512225235549375,True,
124,17,48,16,44,freeform,-20.0,0.5,77.225,150.0,57.4,0.0,0.0,6.0,19.824999999999996,149.26383485554214,4.188790204786391,153.45262506032853,2,40.0,243,9.999999999999993,0.7463191742777108,0.8460939418623257,0.6570535102210551,2.2494666263610914,True,
125,17,53,16,32,freeform,-30.0,0.5,76.7,150.0,3.05,0.0,0.0,6.0,73.65,163.30367740420525,6.283185307179586,169.58686271138484,2,59.99999999999999,220,15.000000000000005,0.8165183870210262,1.2691409127934883,0.5772030331636385,2.6628623329781527,True,
126,18,20,10,6,u,0.0,0.5,49.0,150.0,33.625,150.0,142.375,6.0,15.375,6.625,18.84955592153876,25.47455592153876,2,180.0,48,51.011332559848555,0.033125,3.807422738380465,0.10622040164975331,3.9467681400302186,True,
127,18,20,10,6,u,0.0,0.5,49.175,150.0,33.45,150.0,142.2,6.0,15.724999999999994,7.325000000000017,18.84955592153876,26.174555921538776,2,180.0,48,52.690935831567884,0.03662500000000009,3.807422738380465,0.10702392591843383,3.9510716642988988,True,
128,18,21,10,0,u,0.0,0.5,49.35,150.0,6.625,150.0,142.025,6.0,42.725,34.67499999999999,18.84955592153876,53.52455592153875,2,180.0,140,39.94450518981498,0.17337499999999995,3.807422738380465,0.3230062483845227,4.303803986764988,True,
129,18,21,10,0,u,0.0,0.5,49.525,150.0,6.45,150.0,141.85,6.0,43.074999999999996,35.375000000000014,18.84955592153876,54.22455592153877,2,180.0,140,37.26596292649413,0.1768750000000001,3.807422738380465,0.3189288403402895,4.303226578720754,True,
130,39,18,56,10,freeform,45.0,0.5,111.4,0.0,50.75,150.0,0.0,6.0,60.650000000000006,165.18092706097394,9.424777960769383,174.60570502174332,2,90.0,246,4.999999999999998,0.8259046353048697,1.9037113691902332,0.8022330950855798,3.5318490995806826,True,
131,39,18,56,10,freeform,45.0,0.5,111.575,0.0,50.925,150.0,0.0,6.0,60.650000000000006,165.18092706097394,9.424777960769383,174.60570502174332,2,90.0,246,4.999999999999998,0.8259046353048697,1.9037113691902332,0.7855663722284049,3.5151823767235078,True,
132,41,18,50,10,freeform,20.0,0.5,84.4,0.0,50.225,150.0,0.0,6.0,34.175000000000004,151.79412702870863,4.188790204786391,155.98291723349502,2,40.0,245,9.999999999999998,0.7589706351435431,0.8460939418623257,0.881428868435546,2.4864934454414147,True,
133,41,18,50,10,freeform,20.0,0.5,84.575,0.0,50.4,150.0,0.0,6.0,34.175000000000004,151.79412702870863,4.188790204786391,155.98291723349502,2,40.0,245,9.999999999999998,0.7589706351435431,0.8460939418623257,0.8755360293539237,2.4806006063597925,True,
134,18,53,10,32,freeform,-30.0,0.5,49.7,150.0,2.7,0.0,0.0,6.0,47.0,156.16283142591584,6.283185307179586,162.44601673309543,2,59.99999999999999,156,4.999999999999997,0.7808141571295792,1.2691409127934883,0.40211307215985037,2.452068142082918,True,
135,18,58,10,40,freeform,-5.0,0.0,49.875,150.0,38.35,0.0,0.0,6.0,11.524999999999999,149.4553297372163,1.0471975511965976,150.5025272884129,2,10.0,207,4.999999999999984,0.7472766486860815,0.21152348546558136,0.8385121596259962,1.7973122937776589,True,
136,19,20,12,6,u,0.0,0.5,58.0,150.0,33.275,150.0,140.625,6.0,24.725,19.475,18.84955592153876,38.32455592153876,2,180.0,78,37.26596292649413,0.097375,3.807422738380465,0.1795239821089421,4.084321720489407,True,
137,19,20,12,6,u,0.0,0.5,58.175,150.0,33.1,150.0,140.45,6.0,25.074999999999996,20.17500000000002,18.84955592153876,39.02455592153878,2,180.0,78,39.94450518981498,0.10087500000000009,3.807422738380465,0.17684540867356677,4.0851431470540325,True,
138,19,20,12,6,u,0.0,0.5,58.35,150.0,32.925,150.0,140.275,6.0,25.425000000000004,20.874999999999993,18.84955592153876,39.72455592153875,2,180.0,78,42.48111287543219,0.10437499999999997,3.807422738380465,0.17336325477900266,4.085160993159468,True,
139,19,20,12,6,u,0.0,0.5,58.525,150.0,32.75,150.0,140.1,6.0,25.775,21.57500000000001,18.84955592153876,40.42455592153877,2,180.0,78,44.90052796068899,0.10787500000000005,3.807422738380465,0.17035725925176715,4.085654997632232,True,
140,19,21,12,0,u,0.0,0.5,58.875,150.0,6.275,150.0,139.75,6.0,52.6,49.1,18.84955592153876,67.94955592153876,2,180.0,163,31.332206707233127,0.24550000000000002,3.807422738380465,0.3452978658844943,4.398220604264959,True,
141,19,21,12,0,u,0.0,0.5,59.05,150.0,6.1,150.0,139.575,6.0,52.949999999999996,49.80000000000002,18.84955592153876,68.64955592153878,2,180.0,163,27.952886589134927,0.2490000000000001,3.807422738380465,0.3410121596259957,4.397434898006462,True,
142,19,26,12,4,u,0.0,0.5,58.7,150.0,24.625,150.0,139.925,6.0,34.075,30.22499999999998,18.84955592153876,49.07455592153874,2,180.0,104,34.41150866976964,0.1511249999999999,3.807422738380465,0.2408930357484013,4.199440774128866,True,
143,19,48,12,44,freeform,-5.0,0.5,59.225,150.0,56.35,0.0,0.0,6.0,2.875,149.07766258105767,1.0471975511965976,150.12486013225427,2,10.0,237,4.999999999999998,0.7453883129052884,0.21152348546558136,0.7349410842520494,1.691852882622919,True,
144,19,48,12,44,freeform,-5.0,0.5,59.4,150.0,56.525,0.0,0.0,6.0,2.875,149.07766258105767,1.0471975511965976,150.12486013225427,2,10.0,237,4.999999999999998,0.7453883129052884,0.21152348546558136,0.735893485272469,1.6928052836433387,True,
145,49,19,46,12,freeform,5.0,0.5,66.925,0.0,59.575,150.0,0.0,6.0,7.349999999999994,149.27304530057324,1.0471975511965983,150.32024285176985,2,10.0,248,4.999999999999998,0.7463652265028662,0.2115234854655815,0.9153876864120117,1.8732763983804595,True,
146,1,20,58,6,freeform,45.0,0.5,120.75,0.0,31.875,150.0,0.0,6.0,88.875,176.87210485895451,9.424777960769383,186.2968828197239,2,90.0,231,11.656623636103575,0.8843605242947726,1.9037113691902332,0.8275902138610751,3.615662107346081,True,
147,48,20,44,6,freeform,20.0,0.5,56.0,0.0,31.7,150.0,0.0,6.0,24.3,150.05289809421254,4.188790204786391,154.24168829899892,2,40.0,200,4.9999999999999964,0.7502644904710627,0.8460939418623257,0.6747619208163371,2.2711203531497253,True,
148,20,53,6,32,freeform,-30.0,0.0,31.0,150.0,2.35,0.0,0.0,6.0,28.65,151.24596374480473,6.283185307179586,157.52914905198432,2,59.99999999999999,94,9.999999999999996,0.7562298187240236,1.2691409127934883,0.22428598721104015,2.249656718728552,True,
149,20,53,6,32,freeform,-30.0,0.0,31.175,150.0,2.525,0.0,0.0,6.0,28.650000000000002,151.24596374480473,6.283185307179586,157.52914905198432,2,59.99999999999999,94,10.0,0.7562298187240236,1.2691409127934883,0.22523830394569735,2.2506090354632096,True,
150,20,57,6,38,freeform,-5.0,0.0,31.525,150.0,29.525,0.0,0.0,6.0,2.0,149.03945925601272,1.0471975511965979,150.08665680720932,2,10.0,136,5.000000000000003,0.7451972962800636,0.21152348546558142,0.48797635503410713,1.444697136779752,True,
151,2,21,20,0,u,0.0,0.5,94.175,150.0,5.225,150.0,128.9,6.0,88.95,107.14999999999999,18.84955592153876,125.99955592153876,2,180.0,269,27.95288658913529,0.53575,3.807422738380465,0.5504466864457251,4.89361942482619,True,
152,2,21,20,0,u,0.0,0.5,94.35,150.0,5.05,150.0,128.725,6.0,89.3,107.85000000000001,18.84955592153876,126.69955592153877,2,180.0,271,3.1496921564582654,0.53925,3.807422738380465,0.5890776609015207,4.935750399281986,True,
153,2,21,20,0,u,0.0,0.5,94.525,150.0,4.875,150.0,128.55,6.0,89.65,108.54999999999998,18.84955592153876,127.39955592153873,2,180.0,273,8.692451917641309,0.54275,3.807422738380465,0.611667003809717,4.961839742190182,True,
154,2,21,20,0,u,0.0,0.5,94.7,150.0,4.7,150.0,128.375,6.0,90.0,109.25,18.84955592153876,128.09955592153875,2,180.0,275,11.89187472662145,0.54625,3.807422738380465,0.628363423350528,4.982036161730993,True,
155,2,24,20,8,u,0.0,0.5,94.0,150.0,42.45,150.0,129.075,6.0,51.55,69.40000000000002,18.84955592153876,88.24955592153879,2,180.0,187,9.999999999999998,0.3470000000000001,3.807422738380465,0.38258942719395816,4.537012165574423,True,
156,47,24,42,8,freeform,5.0,0.0,47.0,0.0,40.7,150.0,0.0,6.0,6.299999999999997,149.22720131051932,1.0471975511965976,150.27439886171592,2,10.0,192,4.999999999999997,0.7461360065525966,0.21152348546558136,0.7130065574323198,1.6706660494504977,True,
157,47,24,42,8,freeform,5.0,0.0,47.175,0.0,40.875,150.0,0.0,6.0,6.299999999999997,149.22720131051932,1.0471975511965976,150.27439886171592,2,10.0,192,4.999999999999997,0.7461360065525966,0.21152348546558136,0.7156256251194062,1.6732851171375842,True,
158,24,54,8,34,freeform,-30.0,0.0,40.175,150.0,12.925,0.0,0.0,6.0,27.249999999999996,150.87083487540116,6.283185307179586,157.15402018258075,2,59.99999999999999,120,4.999999999999998,0.7543541743770058,1.2691409127934883,0.3311610925682432,2.354656179738737,True,
159,24,54,8,34,freeform,-30.0,0.0,40.35,150.0,13.1,0.0,0.0,6.0,27.25,150.87083487540116,6.283185307179586,157.15402018258075,2,59.99999999999999,120,4.999999999999999,0.7543541743770058,1.2691409127934883,0.32860130586741265,2.3520963930379066,True,
160,26,54,4,34,freeform,-20.0,0.0,22.0,150.0,12.4,0.0,0.0,6.0,9.6,147.4608914777981,4.188790204786391,151.6496816825845,2,40.0,68,4.999999999999997,0.7373044573889905,0.8460939418623257,0.2800298652551611,1.8634282645064775,True,
161,26,54,4,34,freeform,-10.0,0.5,22.175,150.0,12.575,0.0,0.0,6.0,9.600000000000001,148.74016324522668,2.0943951023931953,150.8345583476199,2,20.0,78,4.999999999999998,0.7437008162261334,0.4230469709311627,0.348720570221278,1.515468357378574,True,
162,57,26,38,4,freeform,10.0,0.0,29.35,0.0,22.525,150.0,0.0,6.0,6.825000000000003,148.49738220394227,2.094395102393195,150.59177730633547,2,20.0,117,9.999999999999991,0.7424869110197113,0.42304697093116267,0.4313990312756368,1.5969329132265109,True,
163,58,26,40,4,freeform,20.0,0.0,38.175,0.0,22.7,150.0,0.0,6.0,15.474999999999998,148.49681248946032,4.188790204786391,152.6856026942467,2,40.0,139,10.0,0.7424840624473016,0.8460939418623257,0.5273218479934366,2.115899852303064,True,
164,24,29,8,2,u,0.0,0.5,40.0,150.0,15.625,150.0,143.95,6.0,24.375,12.475000000000023,18.84955592153876,31.32455592153878,2,180.0,80,46.56746344221026,0.06237500000000012,3.807422738380465,0.1781847375341357,4.047982475914601,True,
165,57,29,38,2,freeform,10.0,0.0,29.0,0.0,14.75,150.0,0.0,6.0,14.25,149.14698553062223,2.0943951023931957,151.24138063301544,2,20.0,122,9.999999999999993,0.7457349276531112,0.42304697093116284,0.4952978096939865,1.6640797082782606,True,
166,57,29,38,2,freeform,10.0,0.0,29.175,0.0,14.925,150.0,0.0,6.0,14.25,149.14698553062223,2.0943951023931957,151.24138063301544,2,20.0,122,9.999999999999993,0.7457349276531112,0.42304697093116284,0.4966669195239539,1.665448818108228,True,
167,33,47,60,42,u,0.0,0.5,128.0,0.0,49.1,0.0,29.675,6.0,78.9,114.25,18.84955592153876,133.09955592153875,2,180.0,229,20.0,0.57125,3.807422738380465,0.5219051391838888,4.900577877564354,True,
168,33,47,60,42,u,0.0,0.5,128.175,0.0,48.925,0.0,29.85,6.0,79.25000000000001,114.95000000000002,18.84955592153876,133.79955592153877,2,180.0,229,20.0,0.5747500000000001,3.807422738380465,0.5209826034186303,4.903155341799096,True,
169,33,47,60,42,u,0.0,0.5,128.35,0.0,48.75,0.0,30.025,6.0,79.6,115.65,18.84955592153876,134.49955592153876,2,180.0,229,20.0,0.57825,3.807422738380465,0.518214658979805,4.90388739736027,True,
170,33,47,60,42,u,0.0,0.5,128.525,0.0,48.575,0.0,30.2,6.0,79.95,116.35000000000001,18.84955592153876,135.19955592153877,2,180.0,229,20.0,0.5817500000000001,3.807422738380465,0.5286313396940987,4.917804078074564,True,
171,33,47,60,42,u,0.0,0.5,128.7,0.0,48.4,0.0,30.375,6.0,80.29999999999998,117.04999999999998,18.84955592153876,135.89955592153873,2,180.0,229,20.0,0.5852499999999999,3.807422738380465,0.5336908735376422,4.926363611918108,True,
172,33,47,60,42,u,0.0,0.5,128.875,0.0,48.225,0.0,30.55,6.0,80.65,117.75,18.84955592153876,136.59955592153875,2,180.0,229,20.0,0.58875,3.807422738380465,0.5322325893710034,4.928405327751468,True,
173,33,47,60,42,u,0.0,0.5,129.05,0.0,48.05,0.0,30.725,6.0,81.00000000000001,118.45000000000002,18.84955592153876,137.29955592153877,2,180.0,229,20.0,0.59225,3.807422738380465,0.5269647573131946,4.92663749569366,True,
174,33,47,60,42,u,0.0,0.5,129.225,0.0,47.875,0.0,30.9,6.0,81.35,119.15,18.84955592153876,137.99955592153876,2,180.0,231,11.99537495714989,0.59575,3.807422738380465,0.5406849903914233,4.943857728771889,True,
175,33,47,60,42,u,0.0,0.5,129.4,0.0,47.7,0.0,31.075,6.0,81.7,119.85000000000001,18.84955592153876,138.69955592153877,2,180.0,231,20.0,0.5992500000000001,3.807422738380465,0.5219349482485417,4.9286076866290065,True,
176,33,47,60,42,u,0.0,0.5,129.575,0.0,47.525,0.0,31.25,6.0,82.04999999999998,120.54999999999998,18.84955592153876,139.39955592153873,2,180.0,231,20.0,0.6027499999999999,3.807422738380465,0.5122920389287839,4.92246477730925,True,
177,33,53,60,32,u,0.0,0.5,129.75,0.0,4.275,0.0,31.425,6.0,125.475,164.32500000000002,18.84955592153876,183.17455592153877,2,180.0,292,9.019049480831233,0.821625,3.807422738380465,0.7089589303574859,5.338006668737951,True,
178,14,38,26,54,freeform,-20.0,0.0,123.45,150.0,103.625,0.0,0.0,6.0,19.825000000000003,149.26383485554214,4.18879020478639,153.45262506032853,2,40.0,219,19.999999999999986,0.7463191742777108,0.8460939418623253,0.8270239821089433,2.4194370982489795,True,
179,38,18,54,10,freeform,30.0,1.0,102.925,0.0,50.575,150.0,0.0,6.0,52.349999999999994,157.59635960542232,6.283185307179586,163.87954491260192,2,59.99999999999999,286,9.999999999999993,0.7879817980271117,1.2691409127934883,0.7833934852724687,2.8405161960930685,True,
180,38,29,54,2,freeform,45.0,0.5,102.575,0.0,15.1,150.0,0.0,6.0,87.47500000000001,176.2922058716322,9.424777960769383,185.71698383240158,2,90.0,249,15.000000000000002,0.8814610293581611,1.9037113691902332,0.8388103345582875,3.623982733106682,True,
181,38,29,54,2,freeform,45.0,0.5,102.75,0.0,15.275,150.0,0.0,6.0,87.475,176.2922058716322,9.424777960769383,185.71698383240158,2,90.0,249,15.000000000000005,0.8814610293581611,1.9037113691902332,0.8399114437589211,3.6250838423073155,True,
182,38,41,54,50,u,0.0,0.5,101.0,0.0,85.625,0.0,9.9,6.0,15.375,11.175,18.84955592153876,30.02455592153876,2,180.0,54,36.09469920346917,0.05587500000000001,3.807422738380465,0.16193469539125452,4.02523243377172,True,
183,38,49,54,46,u,0.0,0.5,101.35,0.0,67.625,0.0,22.85,6.0,33.724999999999994,55.425,18.84955592153876,74.27455592153876,2,180.0,124,20.00000000000001,0.277125,3.807422738380465,0.2938989188946203,4.378446657275085,True,
184,38,49,54,46,u,0.0,0.5,101.525,0.0,67.45,0.0,23.025,6.0,34.075,56.125,18.84955592153876,74.97455592153875,2,180.0,124,20.00000000000001,0.280625,3.807422738380465,0.29556561365654116,4.383613352037006,True,
185,38,53,54,32,u,0.0,0.5,101.175,0.0,4.625,0.0,22.15,6.0,96.55,116.85,18.84955592153876,135.69955592153875,2,180.0,259,20.00000000000001,0.5842499999999999,3.807422738380465,0.573512215816504,4.965184954196969,True,
186,38,53,54,32,u,0.0,0.5,102.4,0.0,4.45,0.0,23.9,6.0,97.95,121.75,18.84955592153876,140.59955592153875,2,180.0,253,20.00000000000001,0.60875,3.807422738380465,0.5597026960205881,4.975875434401053,True,
187,38,57,54,38,u,0.0,0.5,101.7,0.0,30.925,0.0,23.2,6.0,70.775,93.17500000000001,18.84955592153876,112.02455592153876,2,180.0,206,20.0,0.46587500000000004,3.807422738380465,0.46047635503410705,4.7337740934145724,True,
188,38,57,54,38,u,0.0,0.5,101.875,0.0,30.75,0.0,23.375,6.0,71.125,93.875,18.84955592153876,112.72455592153875,2,180.0,206,20.0,0.469375,3.807422738380465,0.46413708236404644,4.740934820744512,True,
189,38,57,54,38,u,0.0,0.5,102.05,0.0,30.575,0.0,23.55,6.0,71.475,94.57499999999999,18.84955592153876,113.42455592153874,2,180.0,206,20.0,0.47287499999999993,3.807422738380465,0.4635418001191232,4.743839538499588,True,
190,39,24,56,8,freeform,45.0,0.5,111.225,0.0,42.275,150.0,0.0,6.0,68.94999999999999,168.6188996286706,9.424777960769383,178.04367758943997,2,90.0,238,10.00000000000002,0.843094498143353,1.9037113691902332,0.7547031174494002,3.5015089847829866,True,
191,39,41,56,50,u,0.0,0.5,110.0,0.0,85.275,0.0,26.525,6.0,24.724999999999994,53.77499999999999,18.84955592153876,72.62455592153876,2,180.0,98,13.872102735011056,0.268875,3.807422738380465,0.2786906487756089,4.354988387156073,True,
192,39,41,56,50,u,0.0,0.5,110.175,0.0,85.1,0.0,15.85,6.0,25.075000000000003,32.775000000000006,18.84955592153876,51.624555921538764,2,180.0,90,6.028113625157536,0.16387500000000002,3.807422738380465,0.23815495656473712,4.2094526949452025,True,
193,39,41,56,50,u,0.0,0.5,110.35,0.0,84.925,0.0,16.025,6.0,25.424999999999997,33.474999999999994,18.84955592153876,52.32455592153875,2,180.0,90,6.0281136251575465,0.16737499999999997,3.807422738380465,0.22273819156468078,4.197535929945146,True,
194,39,47,56,42,u,0.0,0.5,110.7,0.0,49.625,0.0,26.875,6.0,61.075,90.825,18.84955592153876,109.67455592153877,2,180.0,178,19.999999999999996,0.454125,3.807422738380465,0.3766669476192075,4.638214685999673,True,
195,39,47,56,42,u,0.0,0.5,110.875,0.0,49.45,0.0,27.05,6.0,61.425,91.52499999999999,18.84955592153876,110.37455592153876,2,180.0,178,19.999999999999996,0.45762499999999995,3.807422738380465,0.372500280952541,4.637548019333006,True,
196,39,47,56,42,u,0.0,0.5,111.05,0.0,49.275,0.0,27.225,6.0,61.775,92.225,18.84955592153876,111.07455592153875,2,180.0,178,19.999999999999996,0.461125,3.807422738380465,0.37110136205792055,4.639649100438386,True,
197,39,49,56,46,u,0.0,0.5,110.525,0.0,67.275,0.0,26.7,6.0,43.25,72.65,18.84955592153876,91.49955592153876,2,180.0,141,19.999999999999996,0.36325,3.807422738380465,0.3157144904082799,4.486387228788745,True,
198,1,41,58,50,u,0.0,0.5,119.0,0.0,84.75,0.0,16.2,6.0,34.25,42.650000000000006,18.84955592153876,61.499555921538764,2,180.0,119,6.894391385750718,0.21325000000000002,3.807422738380465,0.2664584527381634,4.287131191118629,True,
199,41,24,50,8,freeform,30.0,0.0,84.05,0.0,41.925,150.0,0.0,6.0,42.125,154.8565791128141,6.283185307179586,161.1397644199937,2,59.99999999999999,259,9.999999999999996,0.7742828955640705,1.2691409127934883,0.7631852432487118,2.8066090516062707,True,
200,41,24,50,8,freeform,20.0,0.0,84.225,0.0,42.1,150.0,0.0,6.0,42.12499999999999,153.19592652534092,4.188790204786391,157.3847167301273,2,40.0,247,9.999999999999995,0.7659796326267047,0.8460939418623257,0.9550598990818492,2.5671334735708795,True,
201,41,54,50,34,u,0.0,0.5,83.875,0.0,13.45,0.0,16.725,6.0,70.425,79.875,18.84955592153876,98.72455592153875,2,180.0,206,13.872102735011051,0.39937500000000004,3.807422738380465,0.44979198273827514,4.65658972111874,True,
202,41,57,50,38,u,0.0,0.5,83.525,0.0,31.275,0.0,16.375,6.0,52.25000000000001,61.00000000000001,18.84955592153876,79.84955592153877,2,180.0,171,20.0,0.30500000000000005,3.807422738380465,0.3600894552892121,4.472512193669677,True,
203,41,58,50,40,u,0.0,0.5,83.0,0.0,40.625,0.0,15.85,6.0,42.375,50.075,18.84955592153876,68.92455592153877,2,180.0,146,20.0,0.250375,3.807422738380465,0.31866086780620995,4.3764586061866755,True,
204,41,58,50,40,u,0.0,0.5,83.175,0.0,40.45,0.0,16.025,6.0,42.724999999999994,50.77499999999999,18.84955592153876,69.62455592153876,2,180.0,146,20.0,0.25387499999999996,3.807422738380465,0.3138394974320938,4.375137235812558,True,
205,41,58,50,40,u,0.0,0.5,83.35,0.0,40.275,0.0,16.2,6.0,43.074999999999996,51.474999999999994,18.84955592153876,70.32455592153875,2,180.0,146,20.0,0.25737499999999996,3.807422738380465,0.31190494251710993,4.376702680897575,True,
206,14,47,26,42,freeform,-45.0,0.5,122.75,150.0,47.35,0.0,0.0,6.0,75.4,171.2905771059771,9.424777960769378,180.71535506674647,2,90.0,262,9.999999999999998,0.8564528855298855,1.903711369190232,0.8378281525684702,3.597992407288588,True,
207,48,18,44,10,freeform,5.0,0.0,56.175,0.0,50.05,150.0,0.0,6.0,6.125,149.21956064551034,1.0471975511965976,150.26675819670695,2,10.0,225,4.9999999999999964,0.7460978032275517,0.21152348546558136,0.7885421091669204,1.7461633978600535,True,
208,51,48,48,44,u,0.0,0.5,74.175,0.0,58.45,0.0,7.45,6.0,15.724999999999994,6.624999999999995,18.84955592153876,25.47455592153875,2,180.0,54,11.419755679255397,0.033124999999999974,3.807422738380465,0.1793156277041682,4.019863366084634,True,
209,51,48,48,44,u,0.0,0.5,74.0,0.0,58.625,0.0,6.05,6.0,15.375,3.4749999999999996,18.84955592153876,22.32455592153876,2,180.0,48,46.56746344221023,0.017374999999999998,3.807422738380465,0.10744060663272754,3.9322383450131926,True,
210,17,49,16,46,freeform,-20.0,0.5,77.4,150.0,67.1,0.0,0.0,6.0,10.300000000000011,147.58432036429403,4.18879020478639,151.77311056908042,2,40.0,238,4.999999999999985,0.7379216018214702,0.8460939418623253,0.6442859029252785,2.2283014466090743,True,
211,49,24,46,8,freeform,20.0,0.5,66.05,0.0,41.05,150.0,0.0,6.0,25.0,150.17632698070844,4.188790204786391,154.36511718549482,2,40.0,224,10.000000000000007,0.7508816349035422,0.8460939418623257,0.7180062483845234,2.3149818251503915,True,
212,49,24,46,8,freeform,20.0,0.5,66.225,0.0,41.225,150.0,0.0,6.0,24.999999999999993,150.17632698070844,4.188790204786391,154.36511718549482,2,40.0,224,9.999999999999998,0.7508816349035422,0.8460939418623257,0.7071132688266308,2.304088845592499,True,
213,49,24,46,8,freeform,20.0,0.5,66.4,0.0,41.4,150.0,0.0,6.0,25.000000000000007,150.17632698070844,4.188790204786391,154.36511718549482,2,40.0,226,4.999999999999998,0.7508816349035422,0.8460939418623257,0.728690676870864,2.325666253636732,True,
214,49,24,46,8,freeform,20.0,0.5,66.575,0.0,41.575,150.0,0.0,6.0,25.0,150.17632698070844,4.188790204786391,154.36511718549482,2,40.0,226,4.999999999999998,0.7508816349035422,0.8460939418623257,0.7428574840138009,2.339833060779669,True,
215,49,24,46,8,freeform,20.0,0.5,66.75,0.0,41.75,150.0,0.0,6.0,25.0,150.17632698070844,4.188790204786391,154.36511718549482,2,40.0,226,4.999999999999998,0.7508816349035422,0.8460939418623257,0.7424705561736515,2.3394461329395195,True,
216,49,26,46,4,freeform,30.0,0.0,65.35,0.0,22.875,150.0,0.0,6.0,42.474999999999994,154.95036133016498,6.283185307179586,161.23354663734457,2,59.99999999999999,207,13.872102735011051,0.7747518066508249,1.2691409127934883,0.5429761302720741,2.586868849716387,True,
217,49,26,46,4,freeform,30.0,0.0,65.525,0.0,23.05,150.0,0.0,6.0,42.47500000000001,154.95036133016498,6.283185307179586,161.23354663734457,2,59.99999999999999,207,19.666638215041665,0.7747518066508249,1.2691409127934883,0.5370539035546115,2.5809466229989244,True,
218,49,26,46,4,freeform,30.0,0.0,65.7,0.0,23.225,150.0,0.0,6.0,42.475,154.95036133016498,6.283185307179586,161.23354663734457,2,59.99999999999999,207,20.0,0.7747518066508249,1.2691409127934883,0.5308336142858747,2.5747263337301876,True,
219,49,26,46,4,freeform,30.0,0.0,65.875,0.0,23.4,150.0,0.0,6.0,42.475,154.95036133016498,6.283185307179586,161.23354663734457,2,59.99999999999999,207,20.0,0.7747518066508249,1.2691409127934883,0.5299704437926342,2.5738631632369473,True,
220,49,57,46,38,u,0.0,0.5,65.0,0.0,31.625,0.0,12.0,6.0,33.375,33.375,18.84955592153876,52.22455592153876,2,180.0,118,19.66663821504126,0.166875,3.807422738380465,0.28110127777215854,4.255399016152624,True,
221,49,57,46,38,u,0.0,0.5,65.175,0.0,31.45,0.0,12.175,6.0,33.724999999999994,34.074999999999996,18.84955592153876,52.924555921538754,2,180.0,118,13.872102735011051,0.17037499999999997,3.807422738380465,0.2842263971769886,4.2620241355574535,True,
222,17,51,16,48,freeform,-5.0,0.5,77.575,150.0,75.225,0.0,0.0,6.0,2.3500000000000085,149.0547405860307,1.0471975511965983,150.1019381372273,2,10.0,232,9.999999999999991,0.7452737029301535,0.2115234854655815,0.7263994246091965,1.6831966130049314,True,
223,17,51,16,48,freeform,-5.0,0.5,77.75,150.0,75.4,0.0,0.0,6.0,2.3499999999999943,149.0547405860307,1.0471975511965983,150.1019381372273,2,10.0,232,9.999999999999991,0.7452737029301535,0.2115234854655815,0.7259827719901568,1.6827799603858917,True,
224,17,51,16,48,freeform,-5.0,0.5,77.925,150.0,75.575,0.0,0.0,6.0,2.3499999999999943,149.0547405860307,1.0471975511965983,150.1019381372273,2,10.0,232,9.999999999999991,0.7452737029301535,0.2115234854655815,0.7176493824663152,1.6744465708620502,True,
225,51,19,48,12,freeform,10.0,0.5,75.05,0.0,59.75,150.0,0.0,6.0,15.299999999999997,149.23884862732444,2.0943951023931953,151.33324372971765,2,20.0,242,9.999999999999988,0.7461942431366222,0.4230469709311627,0.7431254003573731,1.9123666144251579,True,
226,51,21,48,0,freeform,30.0,0.0,74.525,0.0,4.175,150.0,0.0,6.0,70.35000000000001,162.41944506918253,6.283185307179586,168.70263037636212,2,59.99999999999999,220,13.87210273501162,0.8120972253459127,1.2691409127934883,0.5808335861906205,2.662071724330022,True,
227,51,21,48,0,freeform,30.0,0.0,74.7,0.0,4.35,150.0,0.0,6.0,70.35000000000001,162.41944506918253,6.283185307179586,168.70263037636212,2,59.99999999999999,220,14.766970399651465,0.8120972253459127,1.2691409127934883,0.5838098007484576,2.6650479388878585,True,
228,51,21,48,0,freeform,30.0,0.0,74.875,0.0,4.525,150.0,0.0,6.0,70.35,162.41944506918253,6.283185307179586,168.70263037636212,2,59.99999999999999,220,11.419755679255397,0.8120972253459127,1.2691409127934883,0.5611312273130823,2.6423693654524834,True,
229,51,54,48,34,u,0.0,0.5,74.35,0.0,13.625,0.0,13.05,6.0,60.724999999999994,62.82499999999999,18.84955592153876,81.67455592153874,2,180.0,184,13.87210273501162,0.31412499999999993,3.807422738380465,0.4076193486396271,4.529167087020092,True,
230,29,53,2,32,freeform,-20.0,0.0,13.0,150.0,2.0,0.0,0.0,6.0,11.0,147.70774925078996,4.188790204786391,151.89653945557635,2,40.0,32,19.99999999999996,0.7385387462539498,0.8460939418623257,0.12318448467684841,1.707817172793124,True,
231,29,53,2,32,freeform,-20.0,0.0,13.175,150.0,2.175,0.0,0.0,6.0,11.0,147.70774925078996,4.188790204786391,151.89653945557635,2,40.0,32,19.99999999999996,0.7385387462539498,0.8460939418623257,0.1205654731802704,1.705198161296546,True,
232,26,54,4,34,freeform,-10.0,0.5,22.35,150.0,12.75,0.0,0.0,6.0,9.600000000000001,148.74016324522668,2.0943951023931953,150.8345583476199,2,20.0,78,4.999999999999998,0.7437008162261334,0.4230469709311627,0.3455360574491755,1.5122838446064717,True,
233,29,54,2,34,freeform,-10.0,0.0,13.35,150.0,11.0,0.0,0.0,6.0,2.3499999999999996,148.10587043466376,2.094395102393195,150.20026553705696,2,20.0,62,4.999999999999998,0.7405293521733188,0.42304697093116267,0.23556555746603283,1.3991418805705145,True,
234,29,54,2,34,freeform,-10.0,0.0,13.525,150.0,11.175,0.0,0.0,6.0,2.3499999999999996,148.10587043466376,2.094395102393195,150.20026553705696,2,20.0,62,4.999999999999998,0.7405293521733188,0.42304697093116267,0.23505956193879726,1.3986358850432787,True,
235,29,54,2,34,freeform,-10.0,0.0,13.7,150.0,11.35,0.0,0.0,6.0,2.3499999999999996,148.10587043466376,2.0943951023931953,150.20026553705696,2,20.0,62,4.999999999999999,0.7405293521733188,0.4230469709311627,0.23386910982996748,1.397445432934449,True,
236,29,54,2,34,freeform,-10.0,0.0,13.875,150.0,11.525,0.0,0.0,6.0,2.3499999999999996,148.10587043466376,2.0943951023931953,150.20026553705696,2,20.0,62,4.999999999999999,0.7405293521733188,0.4230469709311627,0.23690485823134752,1.400481181335829,True,
237,29,54,2,34,freeform,-10.0,0.0,14.05,150.0,11.7,0.0,0.0,6.0,2.3500000000000014,148.10587043466376,2.094395102393195,150.20026553705696,2,20.0,62,4.999999999999998,0.7405293521733188,0.42304697093116267,0.23875018261915193,1.4023265057236336,True,
238,29,54,2,34,freeform,-10.0,0.0,14.225,150.0,11.875,0.0,0.0,6.0,2.3499999999999996,148.10587043466376,2.094395102393195,150.20026553705696,2,20.0,62,4.999999999999998,0.7405293521733188,0.42304697093116267,0.23913699807828456,1.402713321182766,True,
239,29,54,2,34,freeform,-10.0,0.0,14.4,150.0,12.05,0.0,0.0,6.0,2.3499999999999996,148.10587043466376,2.094395102393195,150.20026553705696,2,20.0,62,4.999999999999998,0.7405293521733188,0.42304697093116267,0.23979172988098843,1.40336805298547,True,
240,29,54,2,34,freeform,-10.0,0.0,14.575,150.0,12.225,0.0,0.0,6.0,2.3499999999999996,148.10587043466376,2.0943951023931953,150.20026553705696,2,20.0,62,4.999999999999999,0.7405293521733188,0.4230469709311627,0.23964293741501178,1.4032192605194933,True,
241,2,56,20,36,freeform,-30.0,0.0,95.4,150.0,21.05,0.0,0.0,6.0,74.35000000000001,163.49124183890703,6.283185307179586,169.77442714608662,2,59.99999999999999,246,15.000000000000005,0.8174562091945352,1.2691409127934883,0.6927687311059436,2.7793658530939673,True,
242,2,56,20,36,freeform,-30.0,0.0,95.575,150.0,21.225,0.0,0.0,6.0,74.35,163.491241838907,6.283185307179586,169.7744271460866,2,59.99999999999999,246,15.000000000000005,0.817456209194535,1.2691409127934883,0.6982447770922559,2.7848418990802792,True,
243,2,56,20,36,freeform,-30.0,0.0,95.75,150.0,21.4,0.0,0.0,6.0,74.35,163.491241838907,6.283185307179586,169.7744271460866,2,59.99999999999999,246,15.000000000000005,0.817456209194535,1.2691409127934883,0.7077686749154356,2.794365796903459,True,
244,2,56,20,36,freeform,-30.0,0.0,95.925,150.0,21.575,0.0,0.0,6.0,74.35,163.491241838907,6.283185307179586,169.7744271460866,2,59.99999999999999,246,15.000000000000002,0.817456209194535,1.2691409127934883,0.7169650663609928,2.8035621883490163,True,
245,20,56,6,36,freeform,-10.0,0.5,31.35,150.0,20.0,0.0,0.0,6.0,11.350000000000001,148.89326840639706,2.094395102393195,150.98766350879026,2,20.0,110,5.000000000000003,0.7444663420319853,0.42304697093116267,0.41538737736421544,1.5829006903273632,True,
246,12,57,21,38,freeform,-30.0,0.0,99.55,150.0,29.875,0.0,0.0,6.0,69.675,162.23857936429152,6.283185307179586,168.52176467147112,2,59.99999999999999,251,15.000000000000002,0.8111928968214577,1.2691409127934883,0.7122031174494026,2.792536927064349,True,
247,12,57,21,38,freeform,-30.0,0.0,99.725,150.0,30.05,0.0,0.0,6.0,69.675,162.23857936429152,6.283185307179586,168.52176467147112,2,59.99999999999999,251,13.872102735011353,0.8111928968214577,1.2691409127934883,0.7385425025004799,2.8188763121154263,True,
248,24,57,8,38,freeform,-10.0,0.0,40.525,150.0,29.7,0.0,0.0,6.0,10.825,148.84733685804596,2.0943951023931953,150.94173196043917,2,20.0,153,9.999999999999995,0.7442366842902298,0.4230469709311627,0.45244094377577754,1.61972459899717,True,
249,38,57,54,38,u,0.0,0.5,102.225,0.0,30.4,0.0,23.725,6.0,71.82499999999999,95.275,18.84955592153876,114.12455592153876,2,180.0,206,20.0,0.47637500000000005,3.807422738380465,0.45785723115651245,4.741654969536977,True,
250,41,57,50,38,u,0.0,0.5,83.7,0.0,31.1,0.0,16.55,6.0,52.6,61.7,18.84955592153876,80.54955592153877,2,180.0,171,19.66663821504126,0.3085,3.807422738380465,0.3620537630783402,4.477976501458806,True,
251,11,58,52,40,u,0.0,0.5,92.35,0.0,40.1,0.0,19.35,6.0,52.24999999999999,66.94999999999999,18.84955592153876,85.79955592153874,2,180.0,161,20.0,0.33474999999999994,3.807422738380465,0.31985134801029397,4.462024086390759,True,
252,11,58,52,40,u,0.0,0.5,92.525,0.0,39.925,0.0,19.525,6.0,52.60000000000001,67.65,18.84955592153876,86.49955592153876,2,180.0,161,20.0,0.33825000000000005,3.807422738380465,0.3194346953912544,4.46510743377172,True,
253,11,58,52,40,u,0.0,0.5,92.7,0.0,39.75,0.0,19.7,6.0,52.95,68.35000000000001,18.84955592153876,87.19955592153877,2,180.0,161,20.0,0.34175000000000005,3.807422738380465,0.317619208163357,4.466791946543823,True,
254,11,58,52,40,u,0.0,0.5,92.875,0.0,39.575,0.0,19.875,6.0,53.3,69.05,18.84955592153876,87.89955592153876,2,180.0,161,20.0,0.34525,3.807422738380465,0.31547627074834517,4.46814900912881,True,
255,58,21,40,0,freeform,20.0,0.0,38.0,0.0,4.0,150.0,0.0,6.0,34.0,151.76326980708464,4.188790204786391,155.95206001187103,2,40.0,128,10.0,0.7588163490354232,0.8460939418623257,0.5441369137925219,2.149047204690271,True,
256,61,68,29,61,freeform,-5.0,0.5,136.6,150.0,134.6,0.0,0.0,6.0,2.0,149.03945925601272,1.0471975511965983,150.08665680720932,2,10.0,52,9.999999999999998,0.7451972962800636,0.2115234854655815,0.161428699864019,1.1181494816096642,True,
257,61,68,29,61,freeform,-5.0,0.5,136.775,150.0,134.775,0.0,0.0,6.0,2.0,149.03945925601272,1.0471975511965983,150.08665680720932,2,10.0,52,9.999999999999998,0.7451972962800636,0.2115234854655815,0.16020843869053641,1.1169292204361816,True,
258,69,61,63,29,freeform,5.0,0.5,143.6,0.0,136.95,150.0,0.0,6.0,6.650000000000006,149.2424826405373,1.0471975511965983,150.2896801917339,2,10.0,30,10.000000000000014,0.7462124132026865,0.2115234854655815,0.10741071328231233,1.0651466119505804,True,
259,69,61,63,29,freeform,5.0,0.5,143.775,0.0,137.125,150.0,0.0,6.0,6.650000000000006,149.2424826405373,1.0471975511965983,150.2896801917339,2,10.0,30,10.000000000000014,0.7462124132026865,0.2115234854655815,0.11092262005102096,1.068658518719289,True,
260,61,86,29,39,freeform,-45.0,0.5,135.55,150.0,35.25,0.0,0.0,6.0,100.30000000000001,181.60449480906715,9.424777960769378,191.02927276983652,2,90.0,248,16.513637933588754,0.9080224740453358,1.903711369190232,0.9144057291842284,3.7261395724197963,True,
261,61,86,29,39,freeform,-45.0,0.5,135.725,150.0,35.425,0.0,0.0,6.0,100.3,181.60449480906715,9.424777960769378,191.02927276983652,2,90.0,248,19.471220634490656,0.9080224740453358,1.903711369190232,0.9077093939291796,3.7194432371647475,True,
262,61,86,29,39,freeform,-45.0,0.5,135.9,150.0,35.6,0.0,0.0,6.0,100.30000000000001,181.60449480906715,9.424777960769378,191.02927276983652,2,90.0,248,15.54227990614792,0.9080224740453358,1.903711369190232,0.9243759763100852,3.736109819545653,True,
263,61,86,29,39,freeform,-45.0,0.5,136.075,150.0,35.775,0.0,0.0,6.0,100.29999999999998,181.60449480906715,9.424777960769378,191.02927276983652,2,90.0,248,10.244769745604327,0.9080224740453358,1.903711369190232,0.9078879111740479,3.7196217544096157,True,
264,61,86,29,39,freeform,-45.0,0.5,136.25,150.0,35.95,0.0,0.0,6.0,100.3,181.60449480906715,9.424777960769378,191.02927276983652,2,90.0,246,15.5422799061478,0.9080224740453358,1.903711369190232,0.917887967364555,3.729621810600123,True,
265,61,114,29,3,u,0.0,0.5,135.2,150.0,19.775,150.0,114.725,6.0,115.42499999999998,161.975,18.84955592153876,180.82455592153875,2,180.0,264,13.872102735011566,0.809875,3.807422738380465,0.7056255408336439,5.322923279214109,True,
266,61,118,29,9,u,0.0,0.5,134.675,150.0,45.9,150.0,115.25,6.0,88.775,134.275,18.84955592153876,153.12455592153876,2,180.0,220,23.2630333957302,0.671375,3.807422738380465,0.534405111088635,5.0132028494691,True,
267,61,118,29,9,u,0.0,0.5,134.85,150.0,45.725,150.0,115.075,6.0,89.125,134.975,18.84955592153876,153.82455592153875,2,180.0,220,24.146847996502466,0.674875,3.807422738380465,0.527083628333502,5.009381366713967,True,
268,61,118,29,9,u,0.0,0.5,135.025,150.0,45.55,150.0,114.9,6.0,89.47500000000001,135.675,18.84955592153876,154.52455592153876,2,180.0,220,19.666638215041374,0.6783750000000001,3.807422738380465,0.5303574559185463,5.016155194299011,True,
269,71,62,24,53,freeform,-20.0,1.0,113.225,150.0,98.6,0.0,0.0,6.0,14.625,148.34693455585813,4.18879020478639,152.5357247606445,2,40.0,195,10.0,0.7417346727792906,0.8460939418623253,0.672351460391311,2.2601800750329266,True,
270,71,62,24,53,freeform,-20.0,1.0,113.4,150.0,98.775,0.0,0.0,6.0,14.625,148.34693455585813,4.18879020478639,152.5357247606445,2,40.0,195,10.0,0.7417346727792906,0.8460939418623253,0.6660121596259964,2.253840774267612,True,
271,71,62,24,53,freeform,-20.0,1.0,113.575,150.0,98.95,0.0,0.0,6.0,14.625,148.34693455585813,4.18879020478639,152.5357247606445,2,40.0,195,10.0,0.7417346727792906,0.8460939418623253,0.6589288122450359,2.246757426886652,True,
272,71,62,24,53,freeform,-20.0,1.0,113.75,150.0,99.125,0.0,0.0,6.0,14.625,148.34693455585813,4.18879020478639,152.5357247606445,2,40.0,195,10.0,0.7417346727792906,0.8460939418623253,0.653809660272187,2.241638274913803,True,
273,62,116,53,1,freeform,45.0,0.5,97.375,0.0,9.025,150.0,0.0,6.0,88.35,176.65464273870865,9.424777960769383,186.07942069947802,2,90.0,260,15.000000000000005,0.8832732136935433,1.9037113691902332,0.8944653473135332,3.6814499301973096,True,
274,62,116,53,1,freeform,45.0,0.5,97.55,0.0,9.2,150.0,0.0,6.0,88.35,176.65464273870865,9.424777960769383,186.07942069947802,2,90.0,260,15.000000000000005,0.8832732136935433,1.9037113691902332,0.8934534967353329,3.680438079619109,True,
275,62,116,53,1,freeform,45.0,0.5,97.725,0.0,9.375,150.0,0.0,6.0,88.35,176.65464273870865,9.424777960769383,186.07942069947802,2,90.0,260,15.000000000000005,0.8832732136935433,1.9037113691902332,0.893364153827137,3.680348736710913,True,
276,66,68,31,61,freeform,-5.0,1.0,145.6,150.0,134.95,0.0,0.0,6.0,10.650000000000006,149.41712641217134,1.0471975511965983,150.46432396336795,2,10.0,30,5.000000000000004,0.7470856320608568,0.2115234854655815,0.18824415899666228,1.1468532765231005,True,
277,66,68,31,61,freeform,-5.0,1.0,145.775,150.0,135.125,0.0,0.0,6.0,10.650000000000006,149.41712641217134,1.0471975511965983,150.46432396336795,2,10.0,30,5.000000000000004,0.7470856320608568,0.2115234854655815,0.19175603767011673,1.150365155196555,True,
278,66,69,31,63,freeform,-5.0,0.5,145.95,150.0,143.95,0.0,0.0,6.0,2.0,149.03945925601272,1.0471975511965983,150.08665680720932,2,10.0,0,,0.7451972962800636,0.2115234854655815,0.0,0.9567207817456451,True,
279,66,69,31,63,freeform,-5.0,0.5,146.125,150.0,144.125,0.0,0.0,6.0,2.0,149.03945925601272,1.0471975511965983,150.08665680720932,2,10.0,0,,0.7451972962800636,0.2115234854655815,0.0,0.9567207817456451,True,
280,66,70,31,51,freeform,-30.0,0.5,144.9,150.0,88.9,0.0,0.0,6.0,56.0,158.57437415779594,6.283185307179586,164.85755946497554,2,59.99999999999999,170,9.99999999999999,0.7928718707889797,1.2691409127934883,0.43285782115685056,2.4948706047393188,True,
281,66,70,31,51,freeform,-30.0,0.5,145.075,150.0,89.075,0.0,0.0,6.0,55.999999999999986,158.5743741577959,6.283185307179586,164.85755946497548,2,59.99999999999999,170,9.999999999999991,0.7928718707889795,1.2691409127934883,0.42431616151399726,2.486328945096465,True,
282,66,70,31,51,freeform,-30.0,0.5,145.25,150.0,89.25,0.0,0.0,6.0,56.0,158.57437415779594,6.283185307179586,164.85755946497554,2,59.99999999999999,170,9.99999999999999,0.7928718707889797,1.2691409127934883,0.4240483294561885,2.4860611130386565,True,
283,66,70,31,51,freeform,-30.0,0.5,145.425,150.0,89.425,0.0,0.0,6.0,56.000000000000014,158.57437415779594,6.283185307179586,164.85755946497554,2,59.99999999999999,170,9.999999999999991,0.7928718707889797,1.2691409127934883,0.42148876751739117,2.483501551099859,True,
284,66,71,31,24,u,0.0,0.5,143.85,150.0,114.45,150.0,132.05,6.0,29.39999999999999,41.29999999999997,18.84955592153876,60.14955592153873,2,180.0,99,13.872102735010447,0.20649999999999985,3.807422738380465,0.2213097445579493,4.2352324829384145,True,
285,66,71,31,24,u,0.0,0.5,144.025,150.0,114.275,150.0,129.25,6.0,29.75,47.25,18.84955592153876,66.09955592153875,2,180.0,99,19.666638215041374,0.23625000000000002,3.807422738380465,0.21854188440488637,4.2622146227853515,True,
286,66,71,31,24,u,0.0,0.5,143.5,150.0,114.625,150.0,132.225,6.0,28.875,40.42500000000001,18.84955592153876,59.27455592153877,2,180.0,98,27.011095693914854,0.20212500000000005,3.807422738380465,0.21860139015317537,4.22814912853364,True,
287,66,89,31,33,freeform,-45.0,1.0,144.725,150.0,8.95,0.0,0.0,6.0,135.775,196.29872093425269,9.42477796076938,205.72349889502206,2,90.0,309,12.916934477183812,0.9814936046712635,1.9037113691902325,1.4060432329770867,4.291248206838583,True,
288,66,101,31,17,u,0.0,0.5,143.675,150.0,82.6,150.0,112.1,6.0,61.07500000000002,112.87500000000003,18.84955592153876,131.72455592153878,2,180.0,192,13.872102735010447,0.5643750000000002,3.807422738380465,0.5113693626872544,4.88316710106772,True,
289,66,111,31,19,u,0.0,0.5,144.2,150.0,91.95,150.0,111.575,6.0,52.249999999999986,105.09999999999998,18.84955592153876,123.94955592153875,2,180.0,171,13.872102735011007,0.5254999999999999,3.807422738380465,0.448095394625939,4.7810181330064045,True,
290,66,113,31,5,u,0.0,0.5,144.55,150.0,28.6,150.0,111.225,6.0,115.95000000000002,169.50000000000003,18.84955592153876,188.34955592153878,2,180.0,255,13.872102735010186,0.8475000000000001,3.807422738380465,0.6904766640819048,5.34539940246237,True,
291,66,118,31,9,u,0.0,0.5,144.375,150.0,45.375,150.0,111.4,6.0,99.0,152.2,18.84955592153876,171.04955592153874,2,180.0,223,19.666638215041374,0.761,3.807422738380465,0.5128277030444015,5.081250441424867,True,
292,68,72,61,57,u,0.0,0.5,132.5,0.0,117.125,0.0,6.05,6.0,15.375,3.4749999999999996,18.84955592153876,22.32455592153876,2,180.0,48,46.56746344221023,0.017374999999999998,3.807422738380465,0.11535734353752958,3.9401550819179945,True,
293,68,72,61,57,u,0.0,0.5,132.675,0.0,116.95,0.0,7.45,6.0,15.725000000000009,6.625000000000009,18.84955592153876,25.474555921538766,2,180.0,48,48.827113148206,0.03312500000000004,3.807422738380465,0.1077680287245878,3.948315767105053,True,
294,68,72,61,57,u,0.0,0.5,132.85,0.0,116.775,0.0,7.625,6.0,16.07499999999999,7.324999999999989,18.84955592153876,26.174555921538747,2,180.0,48,51.011332559848384,0.03662499999999994,3.807422738380465,0.10080372093545956,3.9448514593159247,True,
295,68,72,61,57,u,0.0,0.5,133.025,0.0,116.6,0.0,9.725,6.0,16.42500000000001,11.87500000000001,18.84955592153876,30.72455592153877,2,180.0,54,39.9445051898148,0.05937500000000005,3.807422738380465,0.13529778159873235,4.002095519979197,True,
296,68,76,61,47,u,0.0,0.5,133.375,0.0,71.775,0.0,32.3,6.0,61.599999999999994,102.19999999999999,18.84955592153876,121.04955592153874,2,180.0,209,20.000000000000004,0.5109999999999999,3.807422738380465,0.5487207106975488,4.867143449078014,True,
297,68,76,61,47,u,0.0,0.5,133.55,0.0,71.6,0.0,32.475,6.0,61.95000000000002,102.9,18.84955592153876,121.74955592153876,2,180.0,209,19.66663821504124,0.5145000000000001,3.807422738380465,0.5552683096771291,4.877191048057594,True,
298,68,76,61,47,u,0.0,0.5,133.725,0.0,71.425,0.0,32.65,6.0,62.3,103.6,18.84955592153876,122.44955592153875,2,180.0,209,13.872102735011037,0.518,3.807422738380465,0.5765779137588083,4.902000652139273,True,
299,68,77,61,49,u,0.0,0.5,133.2,0.0,80.6,0.0,32.125,6.0,52.599999999999994,92.85,18.84955592153876,111.69955592153875,2,180.0,183,20.0,0.46425,3.807422738380465,0.4868159086567091,4.758488647037174,True,
300,68,113,61,5,freeform,45.0,0.5,134.425,0.0,28.425,150.0,0.0,6.0,106.00000000000001,183.9655121145938,9.424777960769374,193.39029007536317,2,90.0,260,11.656623636103761,0.919827560572969,1.9037113691902314,1.0398524999157157,3.863391429678916,True,
301,68,116,61,1,freeform,45.0,1.0,133.9,0.0,10.775,150.0,0.0,6.0,123.125,191.05891937023307,9.424777960769383,200.48369733100245,2,90.0,303,13.872102735011632,0.9552945968511654,1.9037113691902332,1.2552395401368808,4.114245506178279,True,
302,68,116,61,1,freeform,45.0,1.0,134.075,0.0,10.95,150.0,0.0,6.0,123.12499999999999,191.05891937023304,9.424777960769383,200.48369733100242,2,90.0,303,15.000000000000002,0.9552945968511652,1.9037113691902332,1.2428883326028577,4.101894298644257,True,
303,68,116,61,1,freeform,45.0,1.0,134.25,0.0,11.125,150.0,0.0,6.0,123.125,191.05891937023307,9.424777960769383,200.48369733100245,2,90.0,303,13.872102735011632,0.9552945968511654,1.9037113691902332,1.2486622163784102,4.107668182419809,True,
304,69,73,63,59,u,0.0,0.5,142.725,0.0,125.6,0.0,34.75,6.0,17.125,62.625,18.84955592153876,81.47455592153875,2,180.0,58,9.999999999999998,0.313125,3.807422738380465,0.1490775485205039,4.269625286900969,True,
305,69,73,63,59,u,0.0,0.5,142.025,0.0,126.125,0.0,12.0,6.0,15.900000000000006,15.900000000000006,18.84955592153876,34.749555921538764,2,180.0,53,2.929496416359842,0.07950000000000003,3.807422738380465,0.13785728734702132,4.024780025727487,True,
306,69,73,63,59,u,0.0,0.5,142.375,0.0,125.95,0.0,21.275,6.0,16.424999999999997,34.97500000000001,18.84955592153876,53.82455592153877,2,180.0,58,9.999999999999998,0.17487500000000006,3.807422738380465,0.14857163727903078,4.130869375659496,True,
307,69,73,63,59,u,0.0,0.5,142.55,0.0,125.775,0.0,34.575,6.0,16.775000000000006,61.92500000000001,18.84955592153876,80.77455592153876,2,180.0,58,9.999999999999998,0.30962500000000004,3.807422738380465,0.15000019666677902,4.267047935047245,True,
308,69,77,63,49,u,0.0,0.5,142.2,0.0,80.95,0.0,12.175,6.0,61.249999999999986,61.59999999999998,18.84955592153876,80.44955592153875,2,180.0,201,6.471297455751129,0.3079999999999999,3.807422738380465,0.4245834878572307,4.540006226237695,True,
309,69,79,63,43,u,0.0,0.5,141.5,0.0,53.775,0.0,7.975,6.0,87.725,79.67499999999998,18.84955592153876,98.52455592153873,2,180.0,288,44.90052796068889,0.3983749999999999,3.807422738380465,0.559524066394705,4.765321804775169,True,
310,69,79,63,43,u,0.0,0.5,141.675,0.0,53.6,0.0,8.15,6.0,88.07500000000002,80.37500000000003,18.84955592153876,99.22455592153878,2,180.0,288,42.48111287543225,0.40187500000000015,3.807422738380465,0.5591371104593016,4.768434848839767,True,
311,69,79,63,43,u,0.0,0.5,141.85,0.0,53.425,0.0,8.325,6.0,88.425,81.075,18.84955592153876,99.92455592153877,2,180.0,288,39.9445051898148,0.40537500000000004,3.807422738380465,0.5600895395749751,4.772887277955441,True,
312,69,99,63,25,freeform,10.0,0.0,143.075,0.0,118.775,150.0,0.0,6.0,24.299999999999983,150.0262465990578,2.094395102393195,152.120641701451,2,20.0,104,2.929496416359842,0.750131232995289,0.42304697093116267,0.40044677073148843,1.5736249746579403,True,
313,69,99,63,25,freeform,10.0,0.0,143.25,0.0,118.95,150.0,0.0,6.0,24.299999999999997,150.0262465990578,2.094395102393195,152.120641701451,2,20.0,102,5.000000000000001,0.750131232995289,0.42304697093116267,0.38226217367362353,1.5554403776000754,True,
314,69,99,63,25,freeform,10.0,0.0,143.425,0.0,119.125,150.0,0.0,6.0,24.30000000000001,150.0262465990578,2.094395102393195,152.120641701451,2,20.0,100,5.000000000000001,0.750131232995289,0.42304697093116267,0.384018183248486,1.5571963871749377,True,
315,69,111,63,19,freeform,30.0,0.5,142.9,0.0,91.775,150.0,0.0,6.0,51.125,157.2681218446942,6.283185307179586,163.5513071518738,2,59.99999999999999,171,9.999999999999991,0.786340609223471,1.2691409127934883,0.4955060798129979,2.550987601829957,True,
316,72,70,57,51,u,0.0,0.5,114.675,0.0,89.775,0.0,27.925,6.0,24.89999999999999,56.749999999999986,18.84955592153876,75.59955592153875,2,180.0,105,13.504291958559966,0.28374999999999995,3.807422738380465,0.28809547891170223,4.379268217292167,True,
317,72,70,57,51,u,0.0,0.5,114.5,0.0,90.125,0.0,7.45,6.0,24.375,15.274999999999999,18.84955592153876,34.12455592153876,2,180.0,80,46.56746344221026,0.076375,3.807422738380465,0.17363114302731997,4.057428881407785,True,
318,73,70,59,51,u,0.0,0.5,123.5,0.0,89.95,0.0,29.325,6.0,33.55,68.2,18.84955592153876,87.04955592153877,2,180.0,127,13.504291958559966,0.341,3.807422738380465,0.32895856511918004,4.477381303499645,True,
319,73,70,59,51,u,0.0,0.5,123.675,0.0,89.6,0.0,29.5,6.0,34.075,69.075,18.84955592153876,87.92455592153877,2,180.0,126,20.000000000000004,0.34537500000000004,3.807422738380465,0.31214321836755327,4.464940956748018,True,
320,70,79,51,43,u,0.0,0.5,87.5,0.0,54.125,0.0,7.625,6.0,33.375,24.625,18.84955592153876,43.47455592153876,2,180.0,110,16.36291354007383,0.123125,3.807422738380465,0.24017877010215452,4.17072650848262,True,
321,70,79,51,43,u,0.0,0.5,87.675,0.0,53.95,0.0,7.8,6.0,33.724999999999994,25.324999999999996,18.84955592153876,44.174555921538754,2,180.0,112,11.588079995029547,0.126625,3.807422738380465,0.2523216232314039,4.1863693616118685,True,
322,70,84,51,41,u,0.0,0.5,87.85,0.0,45.125,0.0,18.475,6.0,42.724999999999994,55.675,18.84955592153876,74.52455592153876,2,180.0,146,13.87210273501162,0.278375,3.807422738380465,0.31217274647966425,4.397970484860129,True,
323,93,70,27,51,freeform,-20.0,0.0,127.775,150.0,88.725,0.0,0.0,6.0,39.05000000000001,152.6537210596624,4.18879020478639,156.84251126444877,2,40.0,238,9.999999999999991,0.763268605298312,0.8460939418623253,0.8850298933504165,2.494392440511054,True,
324,111,70,19,51,freeform,-5.0,0.5,91.25,150.0,88.375,0.0,0.0,6.0,2.875,149.07766258105767,1.0471975511965983,150.12486013225427,2,10.0,219,15.000000000000005,0.7453883129052884,0.2115234854655815,0.6455362541159558,1.6024480524868259,True,
325,111,70,19,51,freeform,-5.0,0.5,91.425,150.0,88.55,0.0,0.0,6.0,2.875,149.07766258105767,1.0471975511965983,150.12486013225427,2,10.0,219,15.000000000000005,0.7453883129052884,0.2115234854655815,0.6472922075003101,1.6042040058711802,True,
326,70,113,51,5,freeform,30.0,0.0,88.025,0.0,27.725,150.0,0.0,6.0,60.300000000000004,159.72655568524976,6.283185307179586,166.00974099242936,2,59.99999999999999,250,9.999999999999995,0.7986327784262488,1.2691409127934883,0.8064589303574845,2.874232621577222,True,
327,70,118,51,9,freeform,20.0,0.0,88.2,0.0,45.025,150.0,0.0,6.0,43.175000000000004,153.3810698550848,4.188790204786391,157.5698600598712,2,40.0,247,9.999999999999996,0.7669053492754241,0.8460939418623257,0.9805659227043392,2.593565213842089,True,
328,73,71,59,24,freeform,5.0,0.5,124.55,0.0,113.925,150.0,0.0,6.0,10.625,149.41603488859863,1.0471975511965983,150.46323243979523,2,10.0,137,4.999999999999997,0.7470801744429931,0.2115234854655815,0.4810713282312355,1.43967498813981,True,
329,73,71,59,24,freeform,5.0,0.5,124.725,0.0,114.1,150.0,0.0,6.0,10.625,149.41603488859863,1.0471975511965983,150.46323243979523,2,10.0,137,4.999999999999997,0.7470801744429931,0.2115234854655815,0.48285703448973427,1.4414606943983088,True,
330,71,86,24,39,freeform,-45.0,0.5,113.05,150.0,35.075,0.0,0.0,6.0,77.975,172.3571770290878,9.424777960769378,181.78195498985718,2,90.0,257,20.000000000000007,0.8617858851454391,1.903711369190232,0.8045244597282644,3.5700217140639356,True,
331,71,108,24,13,u,0.0,0.5,112.0,150.0,65.125,150.0,125.4,6.0,46.875,72.07499999999999,18.84955592153876,90.92455592153874,2,180.0,152,13.872102735011007,0.36037499999999995,3.807422738380465,0.38175623433689565,4.549553972717361,True,
332,71,111,24,19,u,0.0,0.5,112.175,150.0,92.125,150.0,132.225,6.0,20.049999999999997,31.60000000000001,18.84955592153876,50.44955592153877,2,180.0,67,13.872102735011007,0.15800000000000006,3.807422738380465,0.17997041569738034,4.145393154077845,True,
333,93,72,27,57,freeform,-20.0,0.5,128.125,150.0,116.425,0.0,0.0,6.0,11.700000000000003,147.83117813728586,4.188790204786389,152.01996834207225,2,40.0,118,9.999999999999986,0.7391558906864293,0.8460939418623251,0.39136916602047556,1.9766189985692302,True,
334,72,108,57,13,freeform,30.0,1.0,115.9,0.0,64.075,150.0,0.0,6.0,51.825,157.455686279396,6.283185307179586,163.73887158657558,2,59.99999999999999,259,7.744556490815348,0.78727843139698,1.2691409127934883,0.7150897362417546,2.7715090804322227,True,
335,72,108,57,13,freeform,20.0,0.0,116.075,0.0,64.25,150.0,0.0,6.0,51.825,154.90629823821303,4.18879020478639,159.0950884429994,2,40.0,273,9.999999999999993,0.7745314911910651,0.8460939418623253,1.1117566276704562,2.7323820607238467,True,
336,72,108,57,13,freeform,20.0,0.0,116.25,0.0,64.425,150.0,0.0,6.0,51.825,154.90629823821303,4.18879020478639,159.0950884429994,2,40.0,273,10.0,0.7745314911910651,0.8460939418623253,1.1867872795927314,2.807412712646122,True,
337,72,113,57,5,freeform,45.0,0.5,115.375,0.0,28.075,150.0,0.0,6.0,87.3,176.21971849821693,9.424777960769383,185.6444964589863,2,90.0,236,8.23535723800098,0.8810985924910847,1.9037113691902332,0.843066512704675,3.627876474385993,True,
338,72,116,57,1,freeform,45.0,0.5,114.85,0.0,10.25,150.0,0.0,6.0,104.6,183.38561312727145,9.424777960769383,192.81039108804083,2,90.0,266,13.87210273501104,0.9169280656363573,1.9037113691902332,1.0638703460211516,3.8845097808477425,True,
339,72,116,57,1,freeform,45.0,0.5,115.025,0.0,10.425,150.0,0.0,6.0,104.60000000000001,183.38561312727148,9.424777960769374,192.81039108804086,2,90.0,266,15.000000000000002,0.9169280656363574,1.9037113691902314,1.0624417866334035,3.8830812214599923,True,
340,72,116,57,1,freeform,45.0,0.5,115.2,0.0,10.6,150.0,0.0,6.0,104.60000000000001,183.38561312727148,9.424777960769374,192.81039108804086,2,90.0,266,15.000000000000002,0.9169280656363574,1.9037113691902314,1.0610429520245457,3.8816823868511348,True,
341,61,73,29,59,freeform,-20.0,0.5,136.425,150.0,125.425,0.0,0.0,6.0,11.000000000000014,147.70774925078996,4.188790204786393,151.89653945557635,2,40.0,76,19.05868860417552,0.7385387462539498,0.846093941862326,0.22095265387770688,1.8055853419939827,True,
342,73,99,59,25,freeform,5.0,0.5,124.9,0.0,118.25,150.0,0.0,6.0,6.650000000000006,149.2424826405373,1.0471975511965983,150.2896801917339,2,10.0,126,4.999999999999997,0.7462124132026865,0.2115234854655815,0.41488132564647145,1.3726172243147394,True,
343,73,99,59,25,freeform,5.0,0.5,125.075,0.0,118.425,150.0,0.0,6.0,6.650000000000006,149.2424826405373,1.0471975511965983,150.2896801917339,2,10.0,126,4.999999999999997,0.7462124132026865,0.2115234854655815,0.4136015306294457,1.3713374292977139,True,
344,73,99,59,25,freeform,5.0,0.5,125.25,0.0,118.6,150.0,0.0,6.0,6.650000000000006,149.2424826405373,1.0471975511965983,150.2896801917339,2,10.0,126,4.999999999999997,0.7462124132026865,0.2115234854655815,0.4129765236056322,1.3707124222739002,True,
345,73,108,59,13,freeform,30.0,0.0,124.2,0.0,64.6,150.0,0.0,6.0,59.60000000000001,159.53899125054795,6.283185307179586,165.82217655772754,2,59.99999999999999,284,9.999999999999993,0.7976949562527398,1.2691409127934883,1.0525308204938042,3.1193666895400325,True,
346,73,111,59,19,freeform,20.0,0.0,124.375,0.0,91.6,150.0,0.0,6.0,32.775000000000006,151.54726925571677,4.18879020478639,155.73605946050316,2,40.0,229,9.999999999999993,0.7577363462785839,0.8460939418623253,0.8231250632143223,2.4269553513552315,True,
347,73,113,59,5,freeform,45.0,0.5,123.85,0.0,28.25,150.0,0.0,6.0,95.6,179.65769106591358,9.424777960769383,189.08246902668296,2,90.0,242,4.999999999999997,0.8982884553295679,1.9037113691902332,0.9604475573986051,3.762447381918406,True,
348,73,117,59,7,freeform,45.0,0.5,124.025,0.0,36.725,150.0,0.0,6.0,87.30000000000001,176.21971849821693,9.424777960769383,185.6444964589863,2,90.0,246,4.999999999999997,0.8810985924910847,1.9037113691902332,0.8825308766843118,3.6673408383656296,True,
349,74,76,55,47,u,0.0,0.5,105.85,0.0,72.125,0.0,24.95,6.0,33.724999999999994,59.625,18.84955592153876,78.47455592153875,2,180.0,124,24.992913805374933,0.29812500000000003,3.807422738380465,0.28687516154771125,4.392422899928176,True,
350,74,76,55,47,u,0.0,0.5,106.025,0.0,71.95,0.0,25.125,6.0,34.075,60.325,18.84955592153876,79.17455592153877,2,180.0,124,27.261160750181297,0.30162500000000003,3.807422738380465,0.2908631985884943,4.399910936968959,True,
351,74,77,55,49,u,0.0,0.5,105.675,0.0,80.775,0.0,24.6,6.0,24.89999999999999,50.099999999999994,18.84955592153876,68.94955592153875,2,180.0,93,20.0,0.2505,3.807422738380465,0.2228275625681312,4.280750300948596,True,
352,74,77,55,49,u,0.0,0.5,105.5,0.0,81.125,0.0,12.0,6.0,24.375,24.375,18.84955592153876,43.22455592153876,2,180.0,88,29.999999999999996,0.121875,3.807422738380465,0.20351204724497943,4.132809785625445,True,
353,74,78,55,45,u,0.0,0.5,106.2,0.0,63.125,0.0,25.3,6.0,43.075,69.675,18.84955592153876,88.52455592153876,2,180.0,146,27.952886589135197,0.348375,3.807422738380465,0.33797638312936146,4.493774121509826,True,
354,74,78,55,45,u,0.0,0.5,106.375,0.0,62.95,0.0,25.475,6.0,43.425,70.375,18.84955592153876,89.22455592153875,2,180.0,146,24.146847996502522,0.351875,3.807422738380465,0.3386609520919723,4.497958690472437,True,
355,74,78,55,45,u,0.0,0.5,106.55,0.0,62.775,0.0,25.65,6.0,43.775,71.07499999999999,18.84955592153876,89.92455592153874,2,180.0,146,19.666638215041456,0.35537499999999994,3.807422738380465,0.3346429936055199,4.497440731985985,True,
356,74,78,55,45,u,0.0,0.5,106.725,0.0,62.6,0.0,25.825,6.0,44.12499999999999,71.775,18.84955592153876,90.62455592153876,2,180.0,146,13.872102735011316,0.35887500000000006,3.807422738380465,0.34357174966004733,4.509869488040513,True,
357,93,74,27,55,freeform,-20.0,0.5,127.95,150.0,108.125,0.0,0.0,6.0,19.825000000000003,149.26383485554217,4.188790204786389,153.45262506032856,2,40.0,159,5.000000000000011,0.7463191742777109,0.8460939418623251,0.6232443837586957,2.2156574998987315,True,
358,98,74,23,55,freeform,-5.0,1.0,109.6,150.0,107.425,0.0,0.0,6.0,2.174999999999997,149.0470999210217,1.0471975511965983,150.0942974722183,2,10.0,175,4.999999999999998,0.7452354996051085,0.2115234854655815,0.5955062202892694,1.5522652053599595,True,
359,98,74,23,55,freeform,-5.0,1.0,109.775,150.0,107.6,0.0,0.0,6.0,2.1750000000000114,149.04709992102173,1.0471975511965983,150.09429747221833,2,10.0,175,4.999999999999998,0.7452354996051086,0.2115234854655815,0.595982350561344,1.552741335632034,True,
360,98,74,23,55,freeform,-5.0,1.0,109.95,150.0,107.775,0.0,0.0,6.0,2.174999999999997,149.0470999210217,1.0471975511965983,150.0942974722183,2,10.0,175,4.999999999999998,0.7452354996051085,0.2115234854655815,0.5973811570749477,1.5541401421456378,True,
361,74,113,55,5,freeform,45.0,0.5,106.9,0.0,27.9,150.0,0.0,6.0,79.0,172.78174593052023,9.424777960769383,182.2065238912896,2,90.0,234,13.872102735011051,0.8639087296526011,1.9037113691902332,0.7661020363440211,3.5337221351868555,True,
362,74,118,55,9,freeform,30.0,0.0,107.075,0.0,45.2,150.0,0.0,6.0,61.875,160.14857566332876,6.283185307179586,166.43176097050835,2,59.99999999999999,283,9.999999999999996,0.8007428783166438,1.2691409127934883,1.0940784756638913,3.163962266774023,True,
363,76,80,47,35,u,0.0,0.5,69.5,0.0,17.075,0.0,12.35,6.0,52.425,53.125,18.84955592153876,71.97455592153875,2,180.0,162,27.952886589135197,0.265625,3.807422738380465,0.3398810727891839,4.412928811169649,True,
364,76,80,47,35,u,0.0,0.5,69.675,0.0,16.9,0.0,12.525,6.0,52.775,53.824999999999996,18.84955592153876,72.67455592153875,2,180.0,162,24.14684799650252,0.269125,3.807422738380465,0.3391965600170813,4.415744298397546,True,
365,76,80,47,35,u,0.0,0.5,69.85,0.0,16.725,0.0,12.7,6.0,53.12499999999999,54.52499999999999,18.84955592153876,73.37455592153876,2,180.0,162,19.666638215041665,0.27262499999999995,3.807422738380465,0.3398811008844381,4.4199288392649025,True,
366,76,80,47,35,u,0.0,0.5,70.025,0.0,16.55,0.0,12.875,6.0,53.47500000000001,55.22500000000001,18.84955592153876,74.07455592153877,2,180.0,162,13.872102735011051,0.27612500000000006,3.807422738380465,0.3477680287245873,4.431315767105053,True,
367,93,76,27,47,freeform,-30.0,1.0,127.425,150.0,71.075,0.0,0.0,6.0,56.349999999999994,158.66815637514682,6.283185307179586,164.95134168232642,2,59.99999999999999,234,9.999999999999993,0.7933407818757341,1.2691409127934883,0.6088698122113217,2.6713515068805442,True,
368,93,76,27,47,freeform,-30.0,1.0,127.6,150.0,71.25,0.0,0.0,6.0,56.349999999999994,158.66815637514682,6.283185307179586,164.95134168232642,2,59.99999999999999,234,9.999999999999993,0.7933407818757341,1.2691409127934883,0.6260722834698766,2.6885539781390992,True,
369,76,108,47,13,freeform,5.0,0.0,70.725,0.0,63.2,150.0,0.0,6.0,7.5249999999999915,149.28068596558225,1.0471975511965983,150.32788351677885,2,10.0,241,4.999999999999985,0.7464034298279113,0.2115234854655815,0.8132741647280944,1.7712010800215872,True,
370,76,108,47,13,freeform,10.0,0.5,70.9,0.0,63.375,150.0,0.0,6.0,7.525000000000006,148.5586242684104,2.0943951023931953,150.6530193708036,2,20.0,241,10.0,0.742793121342052,0.4230469709311627,0.666012496769047,1.8318525890422617,True,
371,76,113,47,5,freeform,30.0,0.0,70.55,0.0,27.375,150.0,0.0,6.0,43.175,155.1379257648668,6.283185307179586,161.4211110720464,2,59.99999999999999,219,10.0,0.775689628824334,1.2691409127934883,0.5901789667689334,2.635009508386756,True,
372,76,116,47,1,freeform,30.0,0.0,70.2,0.0,8.675,150.0,0.0,6.0,61.525000000000006,160.05479344597788,6.283185307179586,166.33797875315747,2,59.99999999999999,229,13.872102735011051,0.8002739672298894,1.2691409127934883,0.6143754144049989,2.683790294428377,True,
373,76,116,47,1,freeform,30.0,0.0,70.375,0.0,8.85,150.0,0.0,6.0,61.525,160.05479344597788,6.283185307179586,166.33797875315747,2,59.99999999999999,229,19.66663821504126,0.8002739672298894,1.2691409127934883,0.5787203735544995,2.6481352535778773,True,
374,77,81,49,37,u,0.0,0.5,78.5,0.0,26.425,0.0,13.925,6.0,52.075,55.925,18.84955592153876,74.77455592153876,2,180.0,164,27.952886589135197,0.279625,3.807422738380465,0.35345248530618173,4.440500223686647,True,
375,77,81,49,37,u,0.0,0.5,78.675,0.0,26.25,0.0,14.1,6.0,52.425,56.625,18.84955592153876,75.47455592153875,2,180.0,164,24.14684799650252,0.283125,3.807422738380465,0.36098232246608863,4.451530060846554,True,
376,77,81,49,37,u,0.0,0.5,78.85,0.0,26.075,0.0,14.275,6.0,52.77499999999999,57.32499999999999,18.84955592153876,76.17455592153874,2,180.0,164,19.666638215041665,0.28662499999999996,3.807422738380465,0.36380968836744065,4.457857426747905,True,
377,77,81,49,37,u,0.0,0.5,79.025,0.0,25.9,0.0,14.45,6.0,53.12500000000001,58.025000000000006,18.84955592153876,76.87455592153876,2,180.0,164,13.872102735011051,0.290125,3.807422738380465,0.3683335580953661,4.465881296475831,True,
378,77,108,49,13,freeform,10.0,0.5,79.375,0.0,63.55,150.0,0.0,6.0,15.825000000000003,149.28478017567556,2.0943951023931953,151.37917527806877,2,20.0,247,9.999999999999998,0.7464239008783778,0.4230469709311627,0.7553577087758352,1.9248285805853758,True,
379,77,108,49,13,freeform,10.0,0.5,79.55,0.0,63.725,150.0,0.0,6.0,15.824999999999996,149.28478017567556,2.0943951023931966,151.37917527806877,2,20.0,247,9.999999999999998,0.7464239008783778,0.423046970931163,0.7610721429936063,1.930543014803147,True,
380,77,108,49,13,freeform,10.0,0.5,79.725,0.0,63.9,150.0,0.0,6.0,15.824999999999996,149.28478017567556,2.0943951023931966,151.37917527806877,2,20.0,247,9.999999999999998,0.7464239008783778,0.423046970931163,0.7606554622793126,1.9301263340888535,True,
381,77,113,49,5,freeform,30.0,0.0,79.2,0.0,27.55,150.0,0.0,6.0,51.650000000000006,157.40879517072054,6.283185307179586,163.69198047790013,2,59.99999999999999,228,9.999999999999996,0.7870439758536028,1.2691409127934883,0.6460422215479367,2.702227110195028,True,
382,78,80,45,35,u,0.0,0.5,60.85,0.0,17.425,0.0,10.25,6.0,43.425,39.925,18.84955592153876,58.774555921538756,2,180.0,132,44.90052796068899,0.199625,3.807422738380465,0.27755970241506783,4.284607440795533,True,
383,78,80,45,35,u,0.0,0.5,61.025,0.0,17.25,0.0,10.425,6.0,43.775,40.625,18.84955592153876,59.47455592153876,2,180.0,132,42.48111287543235,0.203125,3.807422738380465,0.27735131991503975,4.287899058295505,True,
384,78,81,45,37,u,0.0,0.5,60.5,0.0,26.775,0.0,9.9,6.0,33.725,29.525,18.84955592153876,48.37455592153876,2,180.0,108,37.26596292649422,0.147625,3.807422738380465,0.24824427137767893,4.203292009758144,True,
385,78,81,45,37,u,0.0,0.5,60.675,0.0,26.6,0.0,10.075,6.0,34.074999999999996,30.224999999999994,18.84955592153876,49.07455592153875,2,180.0,108,39.94450518981486,0.15112499999999998,3.807422738380465,0.24964307789128268,4.208190816271748,True,
386,99,78,25,45,freeform,-30.0,1.0,117.9,150.0,62.25,0.0,0.0,6.0,55.650000000000006,158.48059194044504,6.283185307179586,164.76377724762463,2,59.99999999999999,270,9.999999999999991,0.7924029597022252,1.2691409127934883,0.6822924041670885,2.743836276662802,True,
387,99,78,25,45,freeform,-30.0,1.0,118.075,150.0,62.425,0.0,0.0,6.0,55.650000000000006,158.48059194044504,6.283185307179586,164.76377724762463,2,59.99999999999999,270,9.999999999999991,0.7924029597022252,1.2691409127934883,0.6921733645752565,2.75371723707097,True,
388,101,78,17,45,freeform,-20.0,0.5,81.9,150.0,61.725,0.0,0.0,6.0,20.175000000000004,149.32554929879012,4.188790204786389,153.5143395035765,2,40.0,243,9.49633768333336,0.7466277464939506,0.8460939418623251,0.650684259914817,2.243405948271093,True,
389,101,78,17,45,freeform,-20.0,0.5,82.075,150.0,61.9,0.0,0.0,6.0,20.175000000000004,149.32554929879012,4.188790204786389,153.5143395035765,2,40.0,243,9.496337683333783,0.7466277464939506,0.8460939418623251,0.6644938078059872,2.257215496162263,True,
390,78,113,45,5,freeform,20.0,0.5,61.2,0.0,27.2,150.0,0.0,6.0,34.0,151.76326980708464,4.188790204786391,155.95206001187103,2,40.0,212,9.999999999999996,0.7588163490354232,0.8460939418623257,0.746696588112337,2.351606879010086,True,
391,78,118,45,9,freeform,20.0,0.5,61.375,0.0,44.85,150.0,0.0,6.0,16.525,148.6819558192042,4.188790204786391,152.8707460239906,2,40.0,225,19.99999999999999,0.743409779096021,0.8460939418623257,0.7149109942348556,2.3044147151932024,True,
392,79,80,43,35,u,0.0,0.5,52.025,0.0,18.125,0.0,8.15,6.0,33.9,26.199999999999996,18.84955592153876,45.049555921538754,2,180.0,109,44.90052796068899,0.13099999999999998,3.807422738380465,0.23738112897969285,4.175803867360158,True,
393,79,80,43,35,u,0.0,0.5,52.2,0.0,17.95,0.0,8.325,6.0,34.25,26.900000000000002,18.84955592153876,45.74955592153876,2,180.0,109,42.481112875432366,0.1345,3.807422738380465,0.23142875605452728,4.173351494434993,True,
394,79,80,43,35,u,0.0,0.5,52.375,0.0,17.775,0.0,8.5,6.0,34.6,27.6,18.84955592153876,46.44955592153876,2,180.0,109,39.9445051898149,0.138,3.807422738380465,0.22633944124158548,4.171762179622051,True,
395,79,80,43,35,u,0.0,0.5,52.55,0.0,17.6,0.0,8.675,6.0,34.949999999999996,28.299999999999997,18.84955592153876,47.149555921538756,2,180.0,109,37.26596292649422,0.1415,3.807422738380465,0.22464296551026602,4.1735657038907314,True,
396,79,81,43,37,u,0.0,0.5,51.675,0.0,27.125,0.0,7.8,6.0,24.549999999999997,16.15,18.84955592153876,34.99955592153876,2,180.0,79,44.442169484158214,0.08074999999999999,3.807422738380465,0.17991088185383727,4.068083620234303,True,
397,79,81,43,37,u,0.0,0.5,51.85,0.0,26.95,0.0,7.975,6.0,24.900000000000002,16.849999999999998,18.84955592153876,35.69955592153876,2,180.0,79,46.346240554767846,0.08424999999999999,3.807422738380465,0.17282759066338518,4.064500329043851,True,
398,79,86,43,39,u,0.0,0.5,51.5,0.0,36.125,0.0,7.625,6.0,15.375,6.625,18.84955592153876,25.47455592153876,2,180.0,48,46.56746344221023,0.033125,3.807422738380465,0.11541679309531029,3.9559645314757756,True,
399,108,79,13,43,freeform,-5.0,0.0,62.675,150.0,52.725,0.0,0.0,6.0,9.949999999999996,149.3865637521354,1.0471975511965976,150.433761303332,2,10.0,240,4.999999999999998,0.7469328187606771,0.21152348546558136,0.8706848499151514,1.8291411541414098,True,
400,108,79,13,43,freeform,-5.0,0.0,62.85,150.0,52.9,0.0,0.0,6.0,9.950000000000003,149.3865637521354,1.0471975511965976,150.433761303332,2,10.0,240,4.999999999999998,0.7469328187606771,0.21152348546558136,0.866041996785902,1.8244983010121603,True,
401,109,79,15,43,freeform,-20.0,0.5,73.425,150.0,53.075,0.0,0.0,6.0,20.349999999999994,149.3564065204141,4.188790204786391,153.5451967252005,2,40.0,246,4.9999999999999964,0.7467820326020705,0.8460939418623257,0.7657738837755547,2.358649858239951,True,
402,61,80,29,35,freeform,-45.0,0.5,135.375,150.0,16.375,0.0,0.0,6.0,119.0,189.350288425444,9.42477796076938,198.77506638621338,2,90.0,288,12.916934477184016,0.9467514421272201,1.9037113691902325,1.3463108964633692,4.196773707780822,True,
403,108,80,13,35,freeform,-30.0,0.0,62.5,150.0,16.2,0.0,0.0,6.0,46.3,155.97526699121403,6.283185307179586,162.25845229839362,2,59.99999999999999,170,19.999999999999996,0.7798763349560701,1.2691409127934883,0.43291724261937703,2.4819344903689355,True,
404,113,80,5,35,freeform,-20.0,0.0,26.85,150.0,15.675,0.0,0.0,6.0,11.175,147.73860647241392,4.188790204786391,151.9273966772003,2,40.0,87,9.999999999999996,0.7386930323620696,0.8460939418623257,0.3627976973129698,1.947584671537365,True,
405,113,80,5,35,freeform,-20.0,0.0,27.025,150.0,15.85,0.0,0.0,6.0,11.174999999999999,147.73860647241392,4.188790204786391,151.9273966772003,2,40.0,87,9.999999999999996,0.7386930323620696,0.8460939418623257,0.3603572311565129,1.945144205380908,True,
406,117,80,7,35,freeform,-20.0,0.0,35.85,150.0,16.025,0.0,0.0,6.0,19.825000000000003,149.26383485554214,4.188790204786391,153.45262506032853,2,40.0,109,9.999999999999991,0.7463191742777108,0.8460939418623257,0.449375133452457,2.0417882495924933,True,
407,62,81,53,37,u,0.0,0.5,96.675,0.0,25.725,0.0,21.45,6.0,70.94999999999999,89.85,18.84955592153876,108.69955592153875,2,180.0,193,28.451745380473458,0.44925,3.807422738380465,0.38300610790825135,4.639678846288716,True,
408,62,81,53,37,u,0.0,0.5,96.85,0.0,25.55,0.0,21.625,6.0,71.3,90.55,18.84955592153876,109.39955592153876,2,180.0,193,31.17836092191,0.45275,3.807422738380465,0.3905061360035054,4.650678874383971,True,
409,62,81,53,37,u,0.0,0.5,97.025,0.0,25.375,0.0,21.8,6.0,71.65,91.25,18.84955592153876,110.09955592153875,2,180.0,193,33.70548285573964,0.45625,3.807422738380465,0.3940180427722141,4.657690781152679,True,
410,62,81,53,37,u,0.0,0.5,97.2,0.0,25.2,0.0,21.975,6.0,72.0,91.94999999999999,18.84955592153876,110.79955592153874,2,180.0,193,31.332206707233127,0.45974999999999994,3.807422738380465,0.3926192081633562,4.659791946543821,True,
411,62,84,53,41,u,0.0,0.5,96.5,0.0,44.95,0.0,21.275,6.0,51.55,70.1,18.84955592153876,88.94955592153875,2,180.0,167,19.66663821504154,0.3505,3.807422738380465,0.352857343537529,4.510780081917995,True,
412,107,84,11,41,freeform,-5.0,1.0,53.5,150.0,43.2,0.0,0.0,6.0,10.299999999999997,149.4018450821534,1.0471975511965976,150.44904263335,2,10.0,220,4.99999999999998,0.747009225410767,0.21152348546558136,0.8225003371430506,1.781033048019399,True,
413,107,84,11,41,freeform,-5.0,1.0,53.675,150.0,43.375,0.0,0.0,6.0,10.299999999999997,149.4018450821534,1.0471975511965976,150.44904263335,2,10.0,220,4.99999999999998,0.747009225410767,0.21152348546558136,0.8184229852893257,1.776955696165674,True,
414,84,114,41,3,freeform,20.0,0.0,42.675,0.0,19.425,150.0,0.0,6.0,23.249999999999996,149.86775476446866,4.188790204786391,154.05654496925504,2,40.0,152,9.999999999999998,0.7493387738223433,0.8460939418623257,0.5945837126192647,2.1900164283039336,True,
415,84,114,41,3,freeform,20.0,0.0,42.85,0.0,19.6,150.0,0.0,6.0,23.25,149.86775476446866,4.188790204786391,154.05654496925504,2,40.0,152,10.000000000000002,0.7493387738223433,0.8460939418623257,0.5936610363777354,2.1890937520624045,True,
416,86,114,39,3,freeform,20.0,0.0,33.5,0.0,18.9,150.0,0.0,6.0,14.600000000000001,148.3425263813404,4.188790204786391,152.5313165861268,2,40.0,130,9.999999999999998,0.741712631906702,0.8460939418623257,0.4982146308845507,2.086021204653578,True,
417,86,114,39,3,freeform,20.0,0.0,33.675,0.0,19.075,150.0,0.0,6.0,14.599999999999998,148.3425263813404,4.188790204786391,152.5313165861268,2,40.0,130,9.999999999999998,0.741712631906702,0.8460939418623257,0.4919645887416694,2.079771162510697,True,
418,117,86,7,39,freeform,-5.0,0.0,36.025,150.0,34.025,0.0,0.0,6.0,2.0,149.03945925601272,1.0471975511965976,150.08665680720932,2,10.0,152,10.000000000000002,0.7451972962800636,0.21152348546558136,0.48577396806131434,1.4424947498069591,True,
419,118,86,9,39,freeform,-10.0,0.0,44.675,150.0,34.2,0.0,0.0,6.0,10.474999999999994,148.81671582581188,2.0943951023931953,150.9111109282051,2,20.0,171,9.999999999999991,0.7440835791290594,0.4230469709311627,0.47666711619073243,1.6437976662509546,True,
420,84,89,41,33,u,0.0,0.5,42.5,0.0,9.125,0.0,6.05,6.0,33.375,21.475,18.84955592153876,40.32455592153876,2,180.0,112,44.90052796068899,0.10737500000000001,3.807422738380465,0.24907760471101237,4.163875343091478,True,
421,117,89,7,33,freeform,-30.0,0.0,35.5,150.0,8.25,0.0,0.0,6.0,27.25,150.87083487540116,6.283185307179586,157.15402018258075,2,59.99999999999999,110,16.597842135866614,0.7543541743770058,1.2691409127934883,0.30437499297618625,2.3278700801466803,True,
422,117,89,7,33,freeform,-30.0,0.0,35.675,150.0,8.425,0.0,0.0,6.0,27.249999999999996,150.87083487540116,6.283185307179586,157.15402018258075,2,59.99999999999999,110,9.068721546032728,0.7543541743770058,1.2691409127934883,0.2955063607655394,2.3190014479360332,True,
423,93,107,27,11,u,0.0,0.5,125.5,150.0,55.6,150.0,119.8,6.0,69.9,106.3,18.84955592153876,125.14955592153876,2,180.0,211,8.130102354155028,0.5315,3.807422738380465,0.5034526257824515,4.842375364162917,True,
424,93,107,27,11,u,0.0,0.5,125.675,150.0,55.425,150.0,119.625,6.0,70.25,107.0,18.84955592153876,125.84955592153875,2,180.0,213,14.22795534823752,0.535,3.807422738380465,0.5086014463436824,4.851024184724148,True,
425,93,107,27,11,u,0.0,0.5,125.85,150.0,55.25,150.0,119.45,6.0,70.6,107.69999999999999,18.84955592153876,126.54955592153874,2,180.0,213,20.000000000000004,0.5385,3.807422738380465,0.46750022476203246,4.813422963142497,True,
426,93,107,27,11,u,0.0,0.5,126.025,150.0,55.075,150.0,119.275,6.0,70.95,108.39999999999999,18.84955592153876,127.24955592153876,2,180.0,213,20.000000000000004,0.5419999999999999,3.807422738380465,0.46380963217693194,4.8132323705573965,True,
427,93,107,27,11,u,0.0,0.5,126.2,150.0,54.9,150.0,119.1,6.0,71.30000000000001,109.10000000000002,18.84955592153876,127.94955592153877,2,180.0,213,20.000000000000004,0.5455000000000001,3.807422738380465,0.4775598147960838,4.83048255317655,True,
428,93,107,27,11,u,0.0,0.5,126.375,150.0,54.725,150.0,118.925,6.0,71.65,109.8,18.84955592153876,128.64955592153876,2,180.0,213,20.000000000000004,0.549,3.807422738380465,0.4863098569389649,4.84273259531943,True,
429,93,107,27,11,u,0.0,0.5,126.55,150.0,54.55,150.0,118.75,6.0,72.0,110.5,18.84955592153876,129.34955592153875,2,180.0,213,20.000000000000004,0.5525,3.807422738380465,0.4914288122450346,4.8513515506255,True,
430,93,107,27,11,u,0.0,0.5,126.725,150.0,54.375,150.0,118.575,6.0,72.35,111.19999999999999,18.84955592153876,130.04955592153874,2,180.0,213,20.000000000000004,0.5559999999999999,3.807422738380465,0.4882740804423307,4.851696818822796,True,
431,93,107,27,11,u,0.0,0.5,126.9,150.0,54.2,150.0,118.4,6.0,72.7,111.89999999999999,18.84955592153876,130.74955592153876,2,180.0,213,20.000000000000004,0.5595,3.807422738380465,0.48467285886068034,4.851595597241145,True,
432,93,107,27,11,u,0.0,0.5,127.075,150.0,54.025,150.0,118.225,6.0,73.05000000000001,112.60000000000002,18.84955592153876,131.44955592153877,2,180.0,213,20.000000000000004,0.5630000000000002,3.807422738380465,0.48464313408179,4.855065872462256,True,
433,93,113,27,5,u,0.0,0.5,127.25,150.0,28.775,150.0,118.05,6.0,98.475,138.375,18.84955592153876,157.22455592153875,2,180.0,240,12.844100288470061,0.691875,3.807422738380465,0.5770539035546122,5.0763516419350765,True,
434,98,74,23,55,freeform,-5.0,1.0,110.125,150.0,107.95,0.0,0.0,6.0,2.174999999999997,149.0470999210217,1.0471975511965983,150.0942974722183,2,10.0,175,4.999999999999998,0.7452354996051085,0.2115234854655815,0.5999704718878895,1.5567294569585797,True,
435,98,78,23,45,freeform,-30.0,0.0,109.425,150.0,62.075,0.0,0.0,6.0,47.349999999999994,156.2566136432667,6.283185307179586,162.53979895044628,2,59.99999999999999,286,9.999999999999991,0.7812830682163334,1.2691409127934883,0.8523813256464744,2.902805306656296,True,
436,98,89,23,33,freeform,-45.0,1.0,109.075,150.0,8.6,0.0,0.0,6.0,100.47500000000001,181.67698218248245,9.42477796076938,191.10176014325182,2,90.0,285,15.000000000000002,0.9083849109124122,1.9037113691902325,1.0732747828236886,3.885371062926333,True,
437,98,89,23,33,freeform,-45.0,1.0,109.25,150.0,8.775,0.0,0.0,6.0,100.475,181.67698218248245,9.42477796076938,191.10176014325182,2,90.0,287,5.545888903747105,0.9083849109124122,1.9037113691902325,1.1049117247114641,3.9170080048141087,True,
438,98,101,23,17,u,0.0,0.5,107.5,150.0,82.425,150.0,137.475,6.0,25.075000000000003,26.125000000000014,18.84955592153876,44.97455592153877,2,180.0,78,13.872102735011007,0.13062500000000007,3.807422738380465,0.20178598721104032,4.139833725591505,True,
439,98,109,23,15,u,0.0,0.5,107.675,150.0,74.125,150.0,127.5,6.0,33.55,54.55,18.84955592153876,73.39955592153876,2,180.0,109,29.999999999999993,0.27275,3.807422738380465,0.24699422923479775,4.327166967615263,True,
440,98,109,23,15,u,0.0,0.5,107.85,150.0,73.95,150.0,127.325,6.0,33.89999999999999,55.250000000000014,18.849555921538737,74.09955592153875,2,180.0,109,29.999999999999993,0.27625000000000005,3.8074227383804606,0.2449109661395998,4.32858370452006,True,
441,98,113,23,5,u,0.0,0.5,108.725,150.0,29.125,150.0,126.45,6.0,79.6,102.70000000000002,18.849555921538737,121.54955592153875,2,180.0,213,27.95288658913529,0.5135000000000001,3.8074227383804606,0.4388395536226015,4.759762292003062,True,
442,98,113,23,5,u,0.0,0.5,108.9,150.0,28.95,150.0,126.275,6.0,79.95,103.39999999999999,18.84955592153876,122.24955592153876,2,180.0,213,24.146847996502164,0.517,3.807422738380465,0.4328276187586387,4.757250357139104,True,
443,98,117,23,7,u,0.0,0.5,108.025,150.0,37.425,150.0,127.15,6.0,70.60000000000001,92.3,18.84955592153876,111.14955592153876,2,180.0,209,18.475340386048895,0.4615,3.807422738380465,0.44491096613959896,4.713833704520064,True,
444,98,117,23,7,u,0.0,0.5,108.2,150.0,37.25,150.0,126.975,6.0,70.95,93.00000000000001,18.84955592153876,111.84955592153878,2,180.0,209,22.361586466099446,0.4650000000000001,3.807422738380465,0.44732170751716555,4.71974444589763,True,
445,98,117,23,7,u,0.0,0.5,108.375,150.0,37.075,150.0,126.8,6.0,71.3,93.69999999999997,18.84955592153878,112.54955592153875,2,180.0,209,25.691348718358388,0.46849999999999986,3.807422738380469,0.4493454929593286,4.725268231339798,True,
446,99,84,25,41,freeform,-45.0,0.5,117.725,150.0,44.775,0.0,0.0,6.0,72.94999999999999,170.27575387816302,9.424777960769378,179.7005318389324,2,90.0,266,4.99999999999998,0.8513787693908151,1.903711369190232,0.8905958722452623,3.645686010826309,True,
447,99,101,25,17,u,0.0,0.5,116.5,150.0,83.125,150.0,123.65,6.0,33.375,62.07499999999999,18.84955592153876,80.92455592153874,2,180.0,112,20.000000000000007,0.31037499999999996,3.807422738380465,0.302827590663385,4.420625329043849,True,
448,99,101,25,17,u,0.0,0.5,116.675,150.0,82.95,150.0,123.475,6.0,33.724999999999994,62.775000000000006,18.84955592153876,81.62455592153876,2,180.0,112,20.000000000000007,0.313875,3.807422738380465,0.2999108818538372,4.421208620234303,True,
449,99,101,25,17,u,0.0,0.5,116.85,150.0,82.775,150.0,123.3,6.0,34.07499999999999,63.474999999999966,18.84955592153878,82.32455592153875,2,180.0,112,19.666638215041676,0.31737499999999985,3.807422738380469,0.29586325477900266,4.420660993159472,True,
450,99,107,25,11,u,0.0,0.5,117.2,150.0,56.125,150.0,122.95,6.0,61.075,91.17500000000003,18.849555921538737,110.02455592153876,2,180.0,188,20.000000000000007,0.45587500000000014,3.8074227383804606,0.4226788262926621,4.685976564673123,True,
451,99,107,25,11,u,0.0,0.5,117.375,150.0,55.95,150.0,122.775,6.0,61.425,91.87499999999999,18.84955592153876,110.72455592153875,2,180.0,188,20.000000000000007,0.4593749999999999,3.807422738380465,0.4097324207994781,4.676530159179943,True,
452,99,107,25,11,u,0.0,0.5,117.55,150.0,55.775,150.0,122.6,6.0,61.775,92.57500000000002,18.84955592153876,111.42455592153877,2,180.0,188,20.000000000000007,0.4628750000000001,3.807422738380465,0.39324427137767853,4.663542009758144,True,
453,99,109,25,15,u,0.0,0.5,117.025,150.0,73.775,150.0,123.125,6.0,43.25,73.0,18.84955592153876,91.84955592153875,2,180.0,141,20.000000000000007,0.365,3.807422738380465,0.3349704437926342,4.507393182173099,True,
454,61,101,29,17,u,0.0,0.5,134.5,150.0,82.25,150.0,134.675,6.0,52.25,58.89999999999998,18.84955592153876,77.74955592153873,2,180.0,165,19.666638215041374,0.2944999999999999,3.807422738380465,0.3491668914286992,4.4510896298091644,True,
455,101,84,17,41,freeform,-20.0,1.0,81.55,150.0,44.425,0.0,0.0,6.0,37.125,152.3142916217986,4.188790204786391,156.50308182658497,2,40.0,275,9.999999999999993,0.761571458108993,0.8460939418623257,0.9092262567007213,2.51689165667204,True,
456,101,84,17,41,freeform,-20.0,1.0,81.725,150.0,44.6,0.0,0.0,6.0,37.12499999999999,152.3142916217986,4.188790204786391,156.50308182658497,2,40.0,275,9.999999999999993,0.761571458108993,0.8460939418623257,0.9171430217007774,2.524808421672096,True,
457,101,114,17,3,u,0.0,0.5,81.375,150.0,20.125,150.0,133.8,6.0,61.25,69.64999999999998,18.84955592153876,88.49955592153873,2,180.0,185,20.000000000000004,0.3482499999999999,3.807422738380465,0.3956549565647363,4.5513276949452015,True,
458,101,117,17,7,u,0.0,0.5,81.025,150.0,37.775,150.0,134.325,6.0,43.25000000000001,50.60000000000003,18.84955592153876,69.44955592153879,2,180.0,141,29.711953719899725,0.25300000000000017,3.807422738380465,0.2957739961565691,4.3561967345370345,True,
459,101,118,17,9,u,0.0,0.5,80.5,150.0,47.125,150.0,143.95,6.0,33.375,21.475000000000023,18.84955592153876,40.32455592153878,2,180.0,112,42.48111287543219,0.10737500000000011,3.807422738380465,0.23744066282323606,4.152238401203701,True,
460,101,118,17,9,u,0.0,0.5,80.675,150.0,46.95,150.0,143.775,6.0,33.724999999999994,22.174999999999983,18.84955592153876,41.02455592153874,2,180.0,112,39.944505189814926,0.11087499999999992,3.807422738380465,0.23122040164975338,4.149518140030218,True,
461,101,118,17,9,u,0.0,0.5,80.85,150.0,46.775,150.0,134.675,6.0,34.074999999999996,40.72499999999997,18.84955592153876,59.57455592153873,2,180.0,114,22.638189301993407,0.20362499999999986,3.807422738380465,0.24202398210894227,4.253071720489407,True,
462,74,107,55,11,freeform,30.0,0.0,107.25,0.0,53.85,150.0,0.0,6.0,53.4,157.87770625747498,6.283185307179586,164.16089156465458,2,59.99999999999999,294,9.999999999999996,0.789388531287375,1.2691409127934883,1.0669058977557524,3.1254353418366154,True,
463,108,78,13,45,freeform,-5.0,0.0,63.025,150.0,61.55,0.0,0.0,6.0,1.4750000000000014,149.01653726098576,1.0471975511965976,150.06373481218236,2,10.0,247,4.999999999999998,0.7450826863049288,0.21152348546558136,0.796309800748459,1.7529159725189691,True,
464,111,108,19,13,u,0.0,0.5,89.675,150.0,64.775,150.0,142.2,6.0,24.89999999999999,16.500000000000014,18.84955592153876,35.34955592153877,2,180.0,89,17.57953440186565,0.08250000000000007,3.807422738380465,0.24473222413269952,4.1346549625131646,True,
465,111,108,19,13,u,0.0,0.5,89.5,150.0,64.95,150.0,142.375,6.0,24.549999999999997,15.799999999999997,18.84955592153876,34.649555921538756,2,180.0,89,7.744556490815348,0.07899999999999999,3.807422738380465,0.26869070496611713,4.155113443346583,True,
466,77,109,49,15,freeform,5.0,0.5,79.9,0.0,73.6,150.0,0.0,6.0,6.300000000000011,149.22720131051932,1.0471975511965983,150.27439886171592,2,10.0,238,9.999999999999991,0.7461360065525966,0.2115234854655815,0.7962208792690741,1.7538803712872522,True,
467,109,84,15,41,freeform,-30.0,0.0,72.55,150.0,43.55,0.0,0.0,6.0,29.0,151.3397459621556,6.283185307179586,157.6229312693352,2,59.99999999999999,250,4.999999999999997,0.756698729810778,1.2691409127934883,0.7439293179596127,2.769768960563879,True,
468,109,84,15,41,freeform,-30.0,0.0,72.725,150.0,43.725,0.0,0.0,6.0,28.999999999999993,151.3397459621556,6.283185307179586,157.6229312693352,2,59.99999999999999,250,4.999999999999997,0.756698729810778,1.2691409127934883,0.7452388658507826,2.771078508455049,True,
469,109,84,15,41,freeform,-30.0,0.0,72.9,150.0,43.9,0.0,0.0,6.0,29.000000000000007,151.3397459621556,6.283185307179586,157.6229312693352,2,59.99999999999999,250,4.999999999999997,0.756698729810778,1.2691409127934883,0.7448519099153791,2.7706915525196454,True,
470,109,84,15,41,freeform,-30.0,0.0,73.075,150.0,44.075,0.0,0.0,6.0,29.0,151.3397459621556,6.283185307179586,157.6229312693352,2,59.99999999999999,250,4.999999999999997,0.756698729810778,1.2691409127934883,0.7466971781126751,2.772536820716941,True,
471,109,84,15,41,freeform,-30.0,0.0,73.25,150.0,44.25,0.0,0.0,6.0,29.0,151.3397459621556,6.283185307179586,157.6229312693352,2,59.99999999999999,250,4.999999999999997,0.756698729810778,1.2691409127934883,0.7509233224323767,2.7767629650366428,True,
472,109,86,15,39,freeform,-30.0,0.0,71.85,150.0,34.375,0.0,0.0,6.0,37.474999999999994,153.61061536800938,6.283185307179586,159.89380067518897,2,59.99999999999999,233,13.872102735011007,0.7680530768400469,1.2691409127934883,0.6047626231976899,2.6419566128312253,True,
473,109,86,15,39,freeform,-30.0,0.0,72.025,150.0,34.55,0.0,0.0,6.0,37.47500000000001,153.61061536800938,6.283185307179586,159.89380067518897,2,59.99999999999999,233,19.666638215041676,0.7680530768400469,1.2691409127934883,0.5967863805445989,2.633980370178134,True,
474,109,86,15,39,freeform,-30.0,0.0,72.2,150.0,34.725,0.0,0.0,6.0,37.475,153.61061536800938,6.283185307179586,159.89380067518897,2,59.99999999999999,233,20.0,0.7680530768400469,1.2691409127934883,0.5925899610037877,2.6297839506373233,True,
475,109,86,15,39,freeform,-30.0,0.0,72.375,150.0,34.9,0.0,0.0,6.0,37.475,153.61061536800938,6.283185307179586,159.89380067518897,2,59.99999999999999,233,20.0,0.7680530768400469,1.2691409127934883,0.5870840216670606,2.624278011300596,True,
476,109,117,15,7,u,0.0,0.5,71.5,150.0,38.125,150.0,136.95,6.0,33.375,35.47500000000002,18.84955592153876,54.32455592153878,2,180.0,130,19.666638215041374,0.17737500000000012,3.807422738380465,0.2979169335715812,4.282714671952046,True,
477,109,117,15,7,u,0.0,0.5,71.675,150.0,37.95,150.0,136.775,6.0,33.724999999999994,36.17499999999998,18.84955592153876,55.02455592153874,2,180.0,130,13.872102735011007,0.18087499999999992,3.807422738380465,0.301577548520504,4.289875286900969,True,
478,111,77,19,49,freeform,-10.0,0.5,90.725,150.0,80.075,0.0,0.0,6.0,10.649999999999991,148.8320263419289,2.094395102393195,150.9264214443221,2,20.0,224,10.000000000000002,0.7441601317096445,0.42304697093116267,0.5800304552554985,1.7472375578963055,True,
479,111,77,19,49,freeform,-10.0,0.5,90.9,150.0,80.25,0.0,0.0,6.0,10.650000000000006,148.8320263419289,2.094395102393195,150.9264214443221,2,20.0,224,10.000000000000004,0.7441601317096445,0.42304697093116267,0.5815775485205044,1.7487846511613114,True,
480,111,77,19,49,freeform,-10.0,0.5,91.075,150.0,80.425,0.0,0.0,6.0,10.650000000000006,148.8320263419289,2.094395102393195,150.9264214443221,2,20.0,224,10.000000000000004,0.7441601317096445,0.42304697093116267,0.5778275344728772,1.7450346371136842,True,
481,111,79,19,43,freeform,-20.0,0.5,90.55,150.0,53.25,0.0,0.0,6.0,37.3,152.3451488434226,4.188790204786391,156.533939048209,2,40.0,254,9.49633768333336,0.761725744217113,0.8460939418623257,0.85431582437095,2.4621355104503886,True,
482,111,81,19,37,freeform,-30.0,0.0,90.025,150.0,24.675,0.0,0.0,6.0,65.35000000000001,161.07969910702693,6.283185307179586,167.36288441420652,2,59.99999999999999,248,9.999999999999991,0.8053984955351347,1.2691409127934883,0.7285126934358267,2.80305210176445,True,
483,111,81,19,37,freeform,-30.0,0.0,90.2,150.0,24.85,0.0,0.0,6.0,65.35,161.07969910702693,6.283185307179586,167.36288441420652,2,59.99999999999999,248,10.000000000000009,0.8053984955351347,1.2691409127934883,0.7291970095411505,2.8037364178697737,True,
484,111,81,19,37,freeform,-30.0,0.0,90.375,150.0,25.025,0.0,0.0,6.0,65.35,161.07969910702693,6.283185307179586,167.36288441420652,2,59.99999999999999,248,7.74455649081535,0.8053984955351347,1.2691409127934883,0.7143755548812712,2.788914963209894,True,
485,111,114,19,3,u,0.0,0.5,89.85,150.0,19.95,150.0,130.475,6.0,69.89999999999999,84.95,18.84955592153876,103.79955592153877,2,180.0,223,13.872102735011566,0.42475,3.807422738380465,0.5083038895069835,4.740476627887449,True,
486,113,89,5,33,freeform,-30.0,0.0,26.5,150.0,7.9,0.0,0.0,6.0,18.6,148.55307436087193,6.283185307179586,154.83625966805153,2,59.99999999999999,84,9.999999999999995,0.7427653718043596,1.2691409127934883,0.2402681411056043,2.2521744257034526,True,
487,113,89,5,33,freeform,-30.0,0.0,26.675,150.0,8.075,0.0,0.0,6.0,18.6,148.55307436087193,6.283185307179586,154.83625966805153,2,59.99999999999999,84,9.999999999999995,0.7427653718043596,1.2691409127934883,0.24154790802737588,2.253454192625224,True,
488,86,114,39,3,freeform,20.0,0.0,33.85,0.0,19.25,150.0,0.0,6.0,14.600000000000001,148.3425263813404,4.188790204786391,152.5313165861268,2,40.0,130,9.999999999999998,0.741712631906702,0.8460939418623257,0.4953277030444013,2.083134276813429,True,
489,114,89,3,33,freeform,-20.0,0.0,17.5,150.0,6.5,0.0,0.0,6.0,11.0,147.70774925078996,4.188790204786391,151.89653945557635,2,40.0,60,19.99999999999996,0.7385387462539498,0.8460939418623257,0.272559702415068,1.8571923905313437,True,
490,114,89,3,33,freeform,-20.0,0.0,17.675,150.0,6.675,0.0,0.0,6.0,11.0,147.70774925078996,4.188790204786391,151.89653945557635,2,40.0,60,19.999999999999993,0.7385387462539498,0.8460939418623257,0.26508945528921257,1.8497221434054882,True,
491,114,89,3,33,freeform,-20.0,0.0,17.85,150.0,6.85,0.0,0.0,6.0,11.000000000000002,147.70774925078996,4.188790204786391,151.89653945557635,2,40.0,60,19.999999999999996,0.7385387462539498,0.8460939418623257,0.24041659642853144,1.825049284544807,True,
492,114,89,3,33,freeform,-20.0,0.0,18.025,150.0,7.025,0.0,0.0,6.0,10.999999999999998,147.70774925078996,4.188790204786391,151.89653945557635,2,40.0,60,19.999999999999996,0.7385387462539498,0.8460939418623257,0.24247013474483903,1.8271028228611146,True,
493,114,89,3,33,freeform,-20.0,0.0,18.2,150.0,7.2,0.0,0.0,6.0,11.0,147.70774925078996,4.188790204786391,151.89653945557635,2,40.0,60,19.999999999999993,0.7385387462539498,0.8460939418623257,0.2647918703572592,1.8494245584735347,True,
494,114,89,3,33,freeform,-20.0,0.0,18.375,150.0,7.375,0.0,0.0,6.0,11.0,147.70774925078996,4.188790204786391,151.89653945557635,2,40.0,60,19.999999999999993,0.7385387462539498,0.8460939418623257,0.26755973051032217,1.8521924186265977,True,
495,114,89,3,33,freeform,-20.0,0.0,18.55,150.0,7.55,0.0,0.0,6.0,11.0,147.70774925078996,4.188790204786391,151.89653945557635,2,40.0,60,19.999999999999993,0.7385387462539498,0.8460939418623257,0.26642878414978144,1.851061472266057,True,
496,114,89,3,33,freeform,-20.0,0.0,18.725,150.0,7.725,0.0,0.0,6.0,11.000000000000002,147.70774925078996,4.188790204786391,151.89653945557635,2,40.0,60,19.999999999999996,0.7385387462539498,0.8460939418623257,0.2469344987244756,1.831567186840751,True,
497,62,116,53,1,freeform,45.0,0.5,97.9,0.0,9.55,150.0,0.0,6.0,88.35000000000001,176.65464273870867,9.424777960769383,186.07942069947805,2,90.0,260,15.000000000000002,0.8832732136935434,1.9037113691902332,0.8960428115482747,3.6830273944320515,True,
498,62,116,53,1,freeform,45.0,0.5,98.075,0.0,9.725,150.0,0.0,6.0,88.35000000000001,176.65464273870867,9.424777960769383,186.07942069947805,2,90.0,260,15.000000000000002,0.8832732136935434,1.9037113691902332,0.8994058977557524,3.6863904806395293,True,
499,62,116,53,1,freeform,45.0,0.5,98.25,0.0,9.9,150.0,0.0,6.0,88.35,176.65464273870865,9.424777960769383,186.07942069947802,2,90.0,260,15.000000000000005,0.8832732136935433,1.9037113691902332,0.9026796691502884,3.689664252034065,True,
500,62,116,53,1,freeform,45.0,0.5,98.425,0.0,10.075,150.0,0.0,6.0,88.35,176.65464273870865,9.424777960769383,186.07942069947802,2,90.0,260,15.000000000000005,0.8832732136935433,1.9037113691902332,0.9019951282829318,3.688979711166708,True,
501,80,116,35,1,freeform,5.0,0.0,15.5,0.0,8.5,150.0,0.0,6.0,7.0,149.2577639705553,1.0471975511965979,150.3049615217519,2,10.0,64,4.999999999999997,0.7462888198527765,0.21152348546558142,0.4172622860546397,1.3750745913729976,True,
502,72,117,57,7,freeform,45.0,0.5,115.55,0.0,36.375,150.0,0.0,6.0,79.175,172.85423330393553,9.424777960769383,182.2790112647049,2,90.0,241,8.235357238002992,0.8642711665196776,1.9037113691902332,0.7963699526875923,3.5643524883975033,True,
503,72,117,57,7,freeform,45.0,0.5,115.725,0.0,36.55,150.0,0.0,6.0,79.175,172.85423330393553,9.424777960769383,182.2790112647049,2,90.0,241,8.23535723800059,0.8642711665196776,1.9037113691902332,0.7977688153917044,3.5657513511016155,True,
504,84,117,41,7,freeform,5.0,0.0,43.025,0.0,36.2,150.0,0.0,6.0,6.824999999999996,149.2501233055463,1.0471975511965976,150.2973208567429,2,10.0,173,5.000000000000003,0.7462506165277316,0.21152348546558136,0.6482148556465842,1.6059889576398971,True,
505,98,117,23,7,u,0.0,0.5,108.55,150.0,36.9,150.0,126.625,6.0,71.65,94.4,18.84955592153876,113.24955592153876,2,180.0,209,28.659706051522512,0.47200000000000003,3.807422738380465,0.44401807086746836,4.723440809247934,True,
506,101,117,17,7,u,0.0,0.5,81.2,150.0,37.6,150.0,134.15,6.0,43.6,51.29999999999999,18.84955592153876,70.14955592153875,2,180.0,141,29.999999999999993,0.25649999999999995,3.807422738380465,0.3034823505613428,4.3674050889418075,True,
507,71,118,24,9,u,0.0,0.5,112.35,150.0,46.6,150.0,125.225,6.0,65.75,91.30000000000001,18.84955592153876,110.14955592153876,2,180.0,197,34.41150866976964,0.4565000000000001,3.807422738380465,0.4257442994729328,4.689667037853398,True,
508,71,118,24,9,u,0.0,0.5,112.525,150.0,46.425,150.0,125.05,6.0,66.10000000000001,91.99999999999999,18.84955592153878,110.84955592153877,2,180.0,199,13.47733711169799,0.45999999999999996,3.807422738380469,0.4534229290988163,4.720845667479286,True,
509,71,118,24,9,u,0.0,0.5,112.7,150.0,46.25,150.0,124.875,6.0,66.45,92.7,18.84955592153876,111.54955592153877,2,180.0,199,21.15305647392066,0.4635,3.807422738380465,0.4392860153062942,4.710208753686759,True,
510,71,118,24,9,u,0.0,0.5,112.875,150.0,46.075,150.0,124.7,6.0,66.8,93.40000000000002,18.849555921538737,112.24955592153876,2,180.0,199,26.775648559834636,0.4670000000000001,3.8074227383804606,0.4305360293539214,4.704958767734381,True,
511,118,81,9,37,freeform,-20.0,0.0,44.5,150.0,24.5,0.0,0.0,6.0,20.0,149.29469207716613,4.188790204786391,153.48348228195252,2,40.0,156,9.999999999999998,0.7464734603858306,0.8460939418623257,0.5611310306463031,2.1536984328944593,True,
