route_id,port1,port2,index1,index2,geometry,alpha_deg,t0_fraction,sx_mm,sy_mm,lx_mm,ly_mm,track_y_mm,radius_mm,dx_mm,straight_length_mm,arc_length_mm,total_length_mm,bend_count,bend_total_deg,crossing_count,min_crossing_angle_deg,straight_loss_db,bend_loss_db,crossing_loss_db,total_loss_db,geometry_valid,geometry_issue_kinds
0,8,1,28,58,freeform,-5.0,0.0,132.1,150.0,121.1,0.0,0.0,6.0,11.0,149.43240774218933,1.0471975511965983,150.47960529338593,2,10.0,112,4.99999999999998,0.7471620387109467,0.2115234854655815,0.5637204016497545,1.5224059258262828,True,
1,8,1,28,58,freeform,-10.0,0.5,132.275,150.0,121.275,0.0,0.0,6.0,11.0,148.86264737416298,2.094395102393195,150.95704247655618,2,20.0,96,4.99999999999998,0.7443132368708149,0.42304697093116267,0.3905955631974643,1.5579557709994418,True,
2,9,1,30,58,freeform,-10.0,0.5,141.1,150.0,121.45,0.0,0.0,6.0,19.64999999999999,149.61942431366225,2.094395102393195,151.71381941605546,2,20.0,86,9.999999999999977,0.7480971215683113,0.42304697093116267,0.4195538473641032,1.5906979398635772,True,
3,9,1,30,58,freeform,-10.0,1.0,141.275,150.0,121.625,0.0,0.0,6.0,19.650000000000006,149.61942431366222,2.094395102393195,151.71381941605543,2,20.0,80,4.999999999999971,0.7480971215683111,0.42304697093116267,0.4109824348471059,1.5821265273465797,True,
4,1,26,58,4,freeform,45.0,0.5,119.875,0.0,23.75,150.0,0.0,6.0,96.125,179.87515318615948,9.424777960769383,189.29993114692886,2,90.0,265,8.23535723800098,0.8993757659307974,1.9037113691902332,1.0781857208680325,3.881272855989063,True,
5,1,26,58,4,freeform,45.0,0.5,120.05,0.0,23.925,150.0,0.0,6.0,96.125,179.87515318615948,9.424777960769383,189.29993114692886,2,90.0,265,10.0,0.8993757659307974,1.9037113691902332,1.090120219592508,3.8932073547135384,True,
6,1,26,58,4,freeform,45.0,0.5,120.225,0.0,24.1,150.0,0.0,6.0,96.125,179.87515318615948,9.424777960769383,189.29993114692886,2,90.0,265,9.999999999999998,0.8993757659307974,1.9037113691902332,1.100150028657161,3.9032371637781917,True,
7,1,26,58,4,freeform,45.0,0.0,120.4,0.0,24.275,150.0,0.0,6.0,96.125,179.87515318615948,9.424777960769383,189.29993114692886,2,90.0,329,9.999999999999984,0.8993757659307974,1.9037113691902332,1.4912813121607489,4.294368447281779,True,
8,1,26,58,4,freeform,45.0,0.0,120.575,0.0,24.45,150.0,0.0,6.0,96.125,179.87515318615948,9.424777960769383,189.29993114692886,2,90.0,329,9.999999999999988,0.8993757659307974,1.9037113691902332,1.4858349347628192,4.288922069883849,True,
9,1,54,58,34,u,0.0,0.5,119.7,0.0,13.275,0.0,33.0,6.0,106.425,148.425,18.84955592153876,167.27455592153876,2,180.0,270,4.999999999999998,0.742125,3.807422738380465,0.7820243754425019,5.331572113822967,True,
10,1,58,58,40,u,0.0,0.5,119.175,0.0,39.4,0.0,32.475,6.0,79.775,120.725,18.84955592153876,139.57455592153875,2,180.0,250,10.0,0.603625,3.807422738380465,0.6850598428913401,5.096107581271806,True,
11,1,58,58,40,u,0.0,0.5,119.35,0.0,39.225,0.0,32.65,6.0,80.125,121.42500000000001,18.84955592153876,140.27455592153876,2,180.0,252,10.0,0.607125,3.807422738380465,0.677053875459359,5.091601613839824,True,
12,1,58,58,40,u,0.0,0.5,119.525,0.0,39.05,0.0,32.825,6.0,80.47500000000001,122.12500000000001,18.84955592153876,140.97455592153878,2,180.0,252,10.0,0.6106250000000001,3.807422738380465,0.6536610082824813,5.071708746662946,True,
13,2,11,20,52,freeform,-5.0,0.5,96.1,150.0,93.225,0.0,0.0,6.0,2.875,149.07766258105767,1.0471975511965983,150.12486013225427,2,10.0,215,4.999999999999995,0.7453883129052884,0.2115234854655815,0.6491672004764967,1.6060789988473667,True,
14,2,11,20,52,freeform,-5.0,0.5,96.275,150.0,93.4,0.0,0.0,6.0,2.875,149.07766258105767,1.0471975511965983,150.12486013225427,2,10.0,215,4.999999999999995,0.7453883129052884,0.2115234854655815,0.647827899711182,1.604739698082052,True,
15,2,11,20,52,freeform,-5.0,0.5,96.45,150.0,93.575,0.0,0.0,6.0,2.875,149.07766258105767,1.0471975511965983,150.12486013225427,2,10.0,215,4.999999999999995,0.7453883129052884,0.2115234854655815,0.6477683658676389,1.6046801642385087,True,
16,2,11,20,52,freeform,-5.0,0.5,96.625,150.0,93.75,0.0,0.0,6.0,2.875,149.07766258105767,1.0471975511965983,150.12486013225427,2,10.0,215,4.999999999999995,0.7453883129052884,0.2115234854655815,0.6464290651023241,1.603340863473194,True,
17,2,56,20,36,freeform,-30.0,0.0,94.875,150.0,20.525,0.0,0.0,6.0,74.35,163.491241838907,6.283185307179586,169.7744271460866,2,59.99999999999999,246,9.999999999999993,0.817456209194535,1.2691409127934883,0.749762876054979,2.8363599980430028,True,
18,2,56,20,36,freeform,-30.0,0.0,95.05,150.0,20.7,0.0,0.0,6.0,74.35,163.491241838907,6.283185307179586,169.7744271460866,2,59.99999999999999,246,8.992280680625369,0.817456209194535,1.2691409127934883,0.7450901857658226,2.831687307753846,True,
19,2,56,20,36,freeform,-30.0,0.0,95.225,150.0,20.875,0.0,0.0,6.0,74.35,163.491241838907,6.283185307179586,169.7744271460866,2,59.99999999999999,244,9.999999999999993,0.817456209194535,1.2691409127934883,0.7224412809188293,2.809038402906853,True,
20,6,8,62,28,freeform,5.0,0.5,139.1,0.0,132.45,150.0,0.0,6.0,6.650000000000006,149.2424826405373,1.0471975511965983,150.2896801917339,2,10.0,54,9.999999999999998,0.7462124132026865,0.2115234854655815,0.23684546486407515,1.1945813635323432,True,
21,6,8,62,28,freeform,5.0,0.5,139.275,0.0,132.625,150.0,0.0,6.0,6.650000000000006,149.2424826405373,1.0471975511965983,150.2896801917339,2,10.0,54,9.999999999999998,0.7462124132026865,0.2115234854655815,0.23693472348650865,1.1946706221547767,True,
22,9,6,30,62,freeform,-5.0,0.5,141.45,150.0,139.45,0.0,0.0,6.0,2.0,149.03945925601272,1.0471975511965983,150.08665680720932,2,10.0,28,5.000000000000004,0.7451972962800636,0.2115234854655815,0.11428584673476953,1.0710066284804147,True,
23,9,6,30,62,freeform,-5.0,0.5,141.625,150.0,139.625,0.0,0.0,6.0,2.0,149.03945925601272,1.0471975511965983,150.08665680720932,2,10.0,28,5.000000000000004,0.7451972962800636,0.2115234854655815,0.12157752042524973,1.078298302170895,True,
24,6,10,62,18,freeform,30.0,0.0,138.4,0.0,86.4,150.0,0.0,6.0,52.0,157.50257738807142,6.283185307179586,163.785762695251,2,59.99999999999999,230,4.999999999999997,0.7875128869403571,1.2691409127934883,0.7003575963948182,2.7570113961286635,True,
25,6,10,62,18,freeform,30.0,0.0,138.575,0.0,86.575,150.0,0.0,6.0,51.999999999999986,157.50257738807142,6.283185307179586,163.785762695251,2,59.99999999999999,230,4.999999999999997,0.7875128869403571,1.2691409127934883,0.6794051672791442,2.7360589670129896,True,
26,6,10,62,18,freeform,20.0,0.5,138.75,0.0,86.75,150.0,0.0,6.0,52.0,154.93715545983704,4.18879020478639,159.12594566462343,2,40.0,212,9.638763640613229,0.7746857772991852,0.8460939418623253,0.9023816346942702,2.5231613538557807,True,
27,6,10,62,18,freeform,20.0,0.5,138.925,0.0,86.925,150.0,0.0,6.0,52.000000000000014,154.93715545983702,4.18879020478639,159.1259456646234,2,40.0,210,9.999999999999991,0.7746857772991851,0.8460939418623253,0.8900899610037901,2.5108696801653005,True,
28,6,11,62,52,u,0.0,0.5,137.35,0.0,94.45,0.0,39.475,6.0,42.89999999999999,97.85,18.84955592153876,116.69955592153875,2,180.0,163,4.999999999999998,0.48924999999999996,3.807422738380465,0.4402978939797486,4.736970632360213,True,
29,6,11,62,52,u,0.0,0.5,137.175,0.0,94.625,0.0,20.05,6.0,42.55000000000001,58.650000000000006,18.84955592153876,77.49955592153876,2,180.0,157,13.872102735011616,0.29325,3.807422738380465,0.3552680568198417,4.455940795200307,True,
30,6,11,62,52,u,0.0,0.5,137.525,0.0,94.275,0.0,39.65,6.0,43.25,98.55000000000001,18.84955592153876,117.39955592153876,2,180.0,163,4.999999999999998,0.4927500000000001,3.807422738380465,0.4333038333164759,4.733476571696941,True,
31,6,29,62,2,freeform,45.0,1.0,138.225,0.0,15.45,150.0,0.0,6.0,122.77499999999999,190.91394462340244,9.424777960769383,200.33872258417182,2,90.0,307,13.872102735010479,0.9545697231170123,1.9037113691902332,1.4158052661744382,4.274086358481684,True,
32,6,41,62,50,u,0.0,0.5,137.0,0.0,85.45,0.0,39.3,6.0,51.55,106.14999999999999,18.84955592153876,124.99955592153876,2,180.0,179,13.87210273501104,0.5307499999999999,3.807422738380465,0.48458360023824737,4.822756338618713,True,
33,6,51,62,48,u,0.0,0.5,137.7,0.0,76.45,0.0,39.825,6.0,61.249999999999986,116.89999999999999,18.84955592153876,135.74955592153876,2,180.0,189,9.999999999999996,0.5845,3.807422738380465,0.512678910578425,4.904601648958891,True,
34,6,53,62,32,u,0.0,0.5,138.05,0.0,4.1,0.0,40.175,6.0,133.95000000000002,190.3,18.84955592153876,209.14955592153876,2,180.0,289,13.872102735010479,0.9515000000000001,3.807422738380465,0.7849112470921432,5.543833985472609,True,
35,6,58,62,40,u,0.0,0.5,137.875,0.0,38.875,0.0,40.0,6.0,99.0,155.0,18.84955592153876,173.84955592153875,2,180.0,249,10.0,0.775,3.807422738380465,0.6707146308845521,5.253137369265017,True,
36,8,12,28,21,u,0.0,0.5,130.0,150.0,101.125,150.0,140.625,6.0,28.875,23.625,18.84955592153876,42.47455592153876,2,180.0,98,44.90052796068889,0.11812500000000001,3.807422738380465,0.20345248530618223,4.129000223686647,True,
37,8,12,28,21,u,0.0,0.5,130.7,150.0,100.6,150.0,140.1,6.0,30.099999999999994,25.900000000000006,18.84955592153876,44.749555921538764,2,180.0,99,19.666638215041374,0.12950000000000003,3.807422738380465,0.19824407471089986,4.135166813091365,True,
38,8,12,28,21,u,0.0,0.5,130.525,150.0,100.775,150.0,140.275,6.0,29.75,25.19999999999999,18.84955592153876,44.04955592153875,2,180.0,99,13.872102735011566,0.12599999999999995,3.807422738380465,0.20699417304428946,4.140416911424754,True,
39,8,12,28,21,u,0.0,0.5,130.175,150.0,100.95,150.0,140.45,6.0,29.22500000000001,24.32500000000003,18.84955592153876,43.17455592153879,2,180.0,98,47.22144229110688,0.12162500000000016,3.807422738380465,0.2018155996089142,4.130863337989379,True,
40,8,16,28,14,u,0.0,0.5,131.05,150.0,69.1,150.0,108.425,6.0,61.95000000000002,121.10000000000002,18.84955592153876,139.94955592153877,2,180.0,213,4.999999999999998,0.6055000000000001,3.807422738380465,0.5977979220750036,5.010720660455469,True,
41,8,16,28,14,u,0.0,0.5,131.225,150.0,68.925,150.0,108.25,6.0,62.3,121.8,18.84955592153876,140.64955592153876,2,180.0,213,4.999999999999998,0.609,3.807422738380465,0.5989585932144346,5.0153813315949,True,
42,8,16,28,14,u,0.0,0.5,130.35,150.0,69.625,150.0,109.3,6.0,60.724999999999994,118.125,18.84955592153876,136.97455592153875,2,180.0,218,4.999999999999998,0.5906250000000001,3.807422738380465,0.6677681692008596,5.0658159075813245,True,
43,8,17,28,16,u,0.0,0.5,130.875,150.0,78.275,150.0,108.6,6.0,52.599999999999994,111.4,18.84955592153876,130.24955592153876,2,180.0,183,4.999999999999998,0.557,3.807422738380465,0.49943489205803293,4.863857630438498,True,
44,8,53,28,32,freeform,-45.0,1.0,131.4,150.0,3.925,0.0,0.0,6.0,127.47500000000001,192.860748366556,9.42477796076938,202.28552632732539,2,90.0,327,4.999999999999998,0.9643037418327801,1.9037113691902325,1.6331568108515089,4.501171921874522,True,
45,8,56,28,36,freeform,-45.0,0.5,131.575,150.0,22.275,0.0,0.0,6.0,109.29999999999998,185.332416870425,9.424777960769378,194.75719483119437,2,90.0,292,4.999999999999998,0.9266620843521249,1.903711369190232,1.3518765663104177,4.182250019852775,True,
46,8,56,28,36,freeform,-45.0,0.5,131.75,150.0,22.45,0.0,0.0,6.0,109.3,185.332416870425,9.424777960769378,194.75719483119437,2,90.0,290,4.999999999999998,0.9266620843521249,1.903711369190232,1.3239299641504554,4.154303417692812,True,
47,8,56,28,36,freeform,-45.0,0.5,131.925,150.0,22.625,0.0,0.0,6.0,109.30000000000001,185.332416870425,9.424777960769378,194.75719483119437,2,90.0,290,4.999999999999998,0.9266620843521249,1.903711369190232,1.320745563759369,4.151119017301726,True,
48,9,13,30,22,u,0.0,0.5,139.35,150.0,105.275,150.0,142.55,6.0,34.07499999999999,24.974999999999966,18.84955592153876,43.824555921538725,2,180.0,116,13.872102735010447,0.12487499999999983,3.807422738380465,0.26002989335041526,4.19232763173088,True,
49,9,13,30,22,u,0.0,0.5,139.525,150.0,105.1,150.0,142.375,6.0,34.42500000000001,25.67500000000001,18.84955592153876,44.52455592153877,2,180.0,118,7.744556490815263,0.12837500000000007,3.807422738380465,0.2680358326871425,4.203833571067608,True,
50,9,13,30,22,u,0.0,0.5,139.0,150.0,105.625,150.0,125.75,6.0,33.375,57.875,18.84955592153876,76.72455592153875,2,180.0,128,19.666638215041374,0.289375,3.807422738380465,0.3173811289796925,4.414178867360158,True,
51,9,13,30,22,u,0.0,0.5,139.175,150.0,105.45,150.0,125.575,6.0,33.72500000000001,58.57500000000003,18.849555921538737,77.42455592153877,2,180.0,128,13.872102735010447,0.29287500000000016,3.8074227383804606,0.32529780969398625,4.4255955480744475,True,
52,9,17,30,16,u,0.0,0.5,139.7,150.0,78.1,150.0,106.15,6.0,61.599999999999994,125.29999999999998,18.84955592153876,144.14955592153873,2,180.0,187,9.999999999999998,0.6265,3.807422738380465,0.4927383039456972,4.926661042326162,True,
53,9,19,30,12,u,0.0,0.5,139.875,150.0,60.275,150.0,104.925,6.0,79.6,145.75,18.84955592153876,164.59955592153875,2,180.0,235,9.999999999999998,0.72875,3.807422738380465,0.5983037490307144,5.134476487411179,True,
54,9,19,30,12,u,0.0,0.5,140.05,150.0,60.1,150.0,104.75,6.0,79.95000000000002,146.45000000000002,18.84955592153876,165.29955592153877,2,180.0,235,9.999999999999998,0.7322500000000001,3.807422738380465,0.6038395255273487,5.143512263907814,True,
55,9,19,30,12,u,0.0,0.5,140.225,150.0,59.925,150.0,104.225,6.0,80.3,147.85000000000002,18.84955592153876,166.69955592153877,2,180.0,235,9.999999999999998,0.7392500000000001,3.807422738380465,0.6118752739287286,5.158548012309194,True,
56,9,39,30,56,freeform,-20.0,0.0,140.575,150.0,112.275,0.0,0.0,6.0,28.299999999999983,150.7582060170464,4.18879020478639,154.9469962218328,2,40.0,146,9.999999999999991,0.7537910300852321,0.8460939418623253,0.6238994527044499,2.223784424652007,True,
57,9,39,30,56,freeform,-20.0,0.0,140.75,150.0,112.45,0.0,0.0,6.0,28.299999999999997,150.7582060170464,4.18879020478639,154.9469962218328,2,40.0,146,9.999999999999991,0.7537910300852321,0.8460939418623253,0.5649106570918039,2.1647956290393613,True,
58,9,39,30,56,freeform,-20.0,0.0,140.925,150.0,112.625,0.0,0.0,6.0,28.30000000000001,150.7582060170464,4.18879020478639,154.9469962218328,2,40.0,146,9.999999999999991,0.7537910300852321,0.8460939418623253,0.6319054482316855,2.2317904201792427,True,
59,9,51,30,48,freeform,-30.0,0.0,140.4,150.0,76.275,0.0,0.0,6.0,64.125,160.7514613462988,6.283185307179586,167.0346466534784,2,59.99999999999999,257,7.744556490815263,0.803757306731494,1.2691409127934883,0.8321733645752569,2.9050715841002397,True,
60,12,10,21,18,u,0.0,0.5,98.675,150.0,87.45,150.0,144.65,5.0,11.224999999999994,1.924999999999983,15.707963267948966,17.63296326794895,2,180.0,32,53.8429917990011,0.009624999999999915,4.76514595344064,0.06517854534012117,4.8399494987807605,True,
61,12,10,21,18,u,0.0,0.5,98.5,150.0,87.625,150.0,144.825,5.0,10.875,1.2250000000000227,15.707963267948966,16.93296326794899,2,180.0,32,51.31781254651063,0.006125000000000114,4.76514595344064,0.06690477394558512,4.838175727386225,True,
62,13,10,22,18,u,0.0,0.5,103.175,150.0,87.1,150.0,142.375,6.0,16.075000000000003,7.325000000000003,18.84955592153876,26.17455592153876,2,180.0,50,8.273420726356203,0.03662500000000001,3.807422738380465,0.14139897508512864,3.9854467134655938,True,
63,13,10,22,18,u,0.0,0.5,103.0,150.0,87.275,150.0,142.55,6.0,15.724999999999994,6.624999999999972,18.84955592153876,25.47455592153873,2,180.0,48,39.94450518981455,0.033124999999999856,3.807422738380465,0.11723228032320779,3.957780018703673,True,
64,10,19,18,12,u,0.0,0.5,85.175,150.0,60.45,150.0,142.375,6.0,24.724999999999994,15.974999999999994,18.84955592153876,34.82455592153875,2,180.0,84,13.872102735011007,0.07987499999999997,3.807422738380465,0.2323811851702009,4.119678923550666,True,
65,10,19,18,12,u,0.0,0.5,85.0,150.0,60.625,150.0,129.075,6.0,24.375,42.22500000000002,18.84955592153876,61.07455592153878,2,180.0,96,10.0,0.21112500000000012,3.807422738380465,0.24154785183686767,4.2600955902173325,True,
66,10,24,18,8,u,0.0,0.5,85.35,150.0,42.625,150.0,128.9,6.0,42.724999999999994,60.92499999999998,18.84955592153876,79.77455592153873,2,180.0,152,10.0,0.3046249999999999,3.807422738380465,0.3673514322960565,4.479399170676521,True,
67,33,10,60,18,freeform,30.0,0.5,130.275,0.0,86.225,150.0,0.0,6.0,44.05000000000001,155.37238130824403,6.283185307179586,161.65556661542362,2,59.99999999999999,198,9.999999999999995,0.7768619065412201,1.2691409127934883,0.5810123281975218,2.62701514753223,True,
68,10,51,18,48,freeform,-10.0,0.5,85.875,150.0,75.75,0.0,0.0,6.0,10.125,148.7860947935778,2.094395102393195,150.880489895971,2,20.0,227,9.999999999999996,0.743930473967889,0.42304697093116267,0.6329769450344458,1.7999543899334975,True,
69,10,51,18,48,freeform,-10.0,0.5,86.05,150.0,75.925,0.0,0.0,6.0,10.125,148.7860947935778,2.094395102393195,150.880489895971,2,20.0,227,4.999999999999998,0.743930473967889,0.42304697093116267,0.6301793320072383,1.7971567769062902,True,
70,10,53,18,32,freeform,-30.0,0.5,85.525,150.0,3.225,0.0,0.0,6.0,82.30000000000001,165.62143791873444,6.283185307179586,171.90462322591404,2,59.99999999999999,258,9.999999999999991,0.8281071895936722,1.2691409127934883,0.8649415618713715,2.962189664258532,True,
71,10,58,18,40,freeform,-30.0,0.0,85.7,150.0,38.525,0.0,0.0,6.0,47.175000000000004,156.20972253459126,6.283185307179586,162.49290784177086,2,59.99999999999999,271,5.000000000000003,0.7810486126729563,1.2691409127934883,0.8287211040311102,2.878910629497555,True,
72,13,11,22,52,freeform,-5.0,0.5,104.05,150.0,93.925,0.0,0.0,6.0,10.125,149.39420441714438,1.0471975511965983,150.44140196834098,2,10.0,209,4.999999999999998,0.746971022085722,0.2115234854655815,0.6690177337244195,1.627512241275723,True,
73,13,11,22,52,freeform,-10.0,0.0,104.225,150.0,94.1,0.0,0.0,6.0,10.125,148.7860947935778,2.0943951023931953,150.880489895971,2,20.0,217,4.999999999999995,0.743930473967889,0.4230469709311627,0.7278571187754963,1.894834563674548,True,
74,11,26,52,4,freeform,30.0,0.0,93.05,0.0,23.575,150.0,0.0,6.0,69.475,162.1849895258053,6.283185307179586,168.4681748329849,2,59.99999999999999,261,9.999999999999993,0.8109249476290264,1.2691409127934883,0.9799413090140826,3.0600071694365973,True,
75,11,48,52,44,u,0.0,0.5,92.175,0.0,58.275,0.0,20.75,6.0,33.9,51.39999999999999,18.84955592153876,70.24955592153876,2,180.0,119,10.000000000000002,0.25699999999999995,3.807422738380465,0.2692560657653709,4.333678804145836,True,
76,11,51,52,48,u,0.0,0.5,92.0,0.0,76.625,0.0,13.05,6.0,15.375,17.475,18.84955592153876,36.32455592153876,2,180.0,54,13.872102735011143,0.08737500000000001,3.807422738380465,0.15645853702392595,4.051256275404391,True,
77,33,12,60,21,freeform,20.0,0.5,130.45,0.0,100.425,150.0,0.0,6.0,30.02499999999999,151.0623700587685,4.18879020478639,155.25116026355488,2,40.0,161,9.999999999999991,0.7553118502938425,0.8460939418623253,0.5953279839969445,2.1967337761531125,True,
78,12,48,21,44,freeform,-30.0,0.0,99.9,150.0,57.575,0.0,0.0,6.0,42.325,154.9101689513003,6.283185307179586,161.1933542584799,2,59.99999999999999,269,4.999999999999995,0.7745508447565016,1.2691409127934883,0.8255363945922274,2.869228152142217,True,
79,12,48,21,44,freeform,-30.0,0.0,100.075,150.0,57.75,0.0,0.0,6.0,42.325,154.9101689513003,6.283185307179586,161.1933542584799,2,59.99999999999999,265,9.999999999999993,0.7745508447565016,1.2691409127934883,0.7880661474663719,2.831757905016362,True,
80,12,48,21,44,freeform,-20.0,0.0,100.25,150.0,57.925,0.0,0.0,6.0,42.325,153.23119192148263,4.188790204786391,157.41998212626902,2,40.0,259,9.999999999999991,0.7661559596074132,0.8460939418623257,0.9956851308676976,2.6079350323374366,True,
81,12,53,21,32,freeform,-45.0,0.0,98.85,150.0,3.4,0.0,0.0,6.0,95.44999999999999,179.59555903155763,9.42477796076938,189.020336992327,2,90.0,272,13.872102735011401,0.8979777951577882,1.9037113691902325,1.3673525561062227,4.169041720454244,True,
82,12,56,21,36,freeform,-30.0,0.0,99.025,150.0,21.75,0.0,0.0,6.0,77.275,164.27499322676806,6.283185307179586,170.55817853394765,2,59.99999999999999,251,9.999999999999993,0.8213749661338403,1.2691409127934883,0.829048582313478,2.9195644612408067,True,
83,12,56,21,36,freeform,-30.0,0.0,99.2,150.0,21.925,0.0,0.0,6.0,77.275,164.27499322676806,6.283185307179586,170.55817853394765,2,59.99999999999999,251,9.999999999999993,0.8213749661338403,1.2691409127934883,0.8301795567692728,2.9206954356966013,True,
84,12,56,21,36,freeform,-30.0,0.0,99.375,150.0,22.1,0.0,0.0,6.0,77.275,164.27499322676806,6.283185307179586,170.55817853394765,2,59.99999999999999,253,1.1011443206202414,0.8213749661338403,1.2691409127934883,0.8508343166672306,2.941350195594559,True,
85,1,13,58,22,freeform,10.0,0.0,120.925,0.0,104.925,150.0,0.0,6.0,16.0,149.3000906917926,2.0943951023931953,151.3944857941858,2,20.0,180,9.999999999999998,0.746500453458963,0.4230469709311627,0.6347619770068457,1.8043094013969716,True,
86,39,13,56,22,freeform,10.0,0.5,111.75,0.0,104.4,150.0,0.0,6.0,7.349999999999994,148.54331375229336,2.0943951023931953,150.63770885468657,2,20.0,174,9.999999999999998,0.7427165687614669,0.4230469709311627,0.5409230414798334,1.706686581172463,True,
87,39,13,56,22,freeform,10.0,0.5,111.925,0.0,104.575,150.0,0.0,6.0,7.349999999999994,148.54331375229336,2.0943951023931953,150.63770885468657,2,20.0,174,9.999999999999998,0.7427165687614669,0.4230469709311627,0.5423813818369804,1.7081449215296098,True,
88,39,13,56,22,freeform,10.0,0.5,112.1,0.0,104.75,150.0,0.0,6.0,7.349999999999994,148.54331375229336,2.0943951023931953,150.63770885468657,2,20.0,174,9.999999999999998,0.7427165687614669,0.4230469709311627,0.5421432745580618,1.7079068142506912,True,
89,13,48,22,44,freeform,-20.0,0.0,103.7,150.0,58.1,0.0,0.0,6.0,45.6,153.80866278330285,4.18879020478639,157.99745298808924,2,40.0,254,8.273420726356203,0.7690433139165143,0.8460939418623253,1.0346735893372914,2.6498108451161313,True,
90,13,51,22,48,freeform,-20.0,0.5,103.875,150.0,76.1,0.0,0.0,6.0,27.775000000000006,150.66563435217444,4.18879020478639,154.85442455696082,2,40.0,223,4.999999999999998,0.7533281717608722,0.8460939418623253,0.7421731117179703,2.341595225341168,True,
91,13,53,22,32,freeform,-45.0,0.5,103.35,150.0,3.575,0.0,0.0,6.0,99.77499999999999,181.38703268882125,9.42477796076938,190.81181064959063,2,90.0,281,10.0,0.9069351634441063,1.9037113691902325,1.486578981378465,4.297225514012803,True,
92,13,57,22,38,freeform,-30.0,1.0,103.525,150.0,30.225,0.0,0.0,6.0,73.30000000000001,163.20989518685437,6.283185307179586,169.49308049403396,2,59.99999999999999,288,9.999999999999991,0.8160494759342719,1.2691409127934883,0.9965189980108593,3.0817093867386194,True,
93,14,16,26,14,u,0.0,0.5,121.35,150.0,69.45,150.0,114.375,6.0,51.89999999999999,99.14999999999999,18.84955592153876,117.99955592153876,2,180.0,181,9.999999999999998,0.49574999999999997,3.807422738380465,0.4855061921940141,4.78867893057448,True,
94,14,16,26,14,u,0.0,0.5,121.525,150.0,69.275,150.0,114.2,6.0,52.25,99.85,18.84955592153876,118.69955592153875,2,180.0,181,9.999999999999998,0.49924999999999997,3.807422738380465,0.48889905937089045,4.7955717977513554,True,
95,14,17,26,16,u,0.0,0.5,121.0,150.0,78.625,150.0,115.425,6.0,42.375,87.525,18.84955592153876,106.37455592153876,2,180.0,146,9.999999999999998,0.43762500000000004,3.807422738380465,0.38619067687086267,4.631238415251327,True,
96,14,17,26,16,u,0.0,0.5,121.175,150.0,78.45,150.0,114.55,6.0,42.724999999999994,89.625,18.84955592153876,108.47455592153875,2,180.0,150,9.999999999999998,0.448125,3.807422738380465,0.40217294314644336,4.657720681526909,True,
97,14,18,26,10,u,0.0,0.5,121.7,150.0,51.625,150.0,114.025,6.0,70.075,118.02499999999999,18.84955592153876,136.87455592153876,2,180.0,228,9.999999999999996,0.590125,3.807422738380465,0.5803277873301648,4.977875525710631,True,
98,14,18,26,10,u,0.0,0.5,121.875,150.0,51.45,150.0,113.85,6.0,70.425,118.72500000000001,18.84955592153876,137.57455592153877,2,180.0,228,9.999999999999996,0.5936250000000001,3.807422738380465,0.5862801321600762,4.9873278705405415,True,
99,14,18,26,10,u,0.0,0.5,122.05,150.0,51.275,150.0,113.675,6.0,70.775,119.425,18.84955592153876,138.27455592153876,2,180.0,228,9.999999999999996,0.597125,3.807422738380465,0.5911313677893538,4.995679106169819,True,
100,14,18,26,10,u,0.0,0.5,122.225,150.0,51.1,150.0,113.5,6.0,71.125,120.125,18.84955592153876,138.97455592153875,2,180.0,228,9.999999999999996,0.600625,3.807422738380465,0.6068159648472189,5.014863703227684,True,
101,33,14,60,26,freeform,5.0,0.5,130.625,0.0,123.625,150.0,0.0,6.0,7.0,149.2577639705553,1.047197551196597,150.3049615217519,2,10.0,104,9.999999999999996,0.7462888198527765,0.21152348546558122,0.393809688367441,1.3516219936857987,True,
102,14,38,26,54,freeform,-10.0,0.0,122.925,150.0,103.1,0.0,0.0,5.0,19.825000000000003,149.98468948388296,1.7453292519943298,151.73001873587728,2,20.0,183,10.0,0.7499234474194149,0.5294606614934044,0.6256548722789745,1.9050389811917938,True,
103,14,38,26,54,freeform,-10.0,0.0,123.1,150.0,103.275,0.0,0.0,6.0,19.82499999999999,149.63473482977926,2.094395102393195,151.72912993217247,2,20.0,183,9.999999999999998,0.7481736741488964,0.42304697093116267,0.6547026679253343,1.8259233130053933,True,
104,14,38,26,54,freeform,-10.0,0.0,123.275,150.0,103.45,0.0,0.0,5.0,19.825000000000003,149.98468948388296,1.7453292519943298,151.73001873587728,2,20.0,183,10.0,0.7499234474194149,0.5294606614934044,0.6291072452041402,1.9084913541169595,True,
105,14,53,26,32,freeform,-45.0,1.0,122.4,150.0,3.75,0.0,0.0,6.0,118.65,189.20531367861344,9.42477796076938,198.6300916393828,2,90.0,312,9.999999999999998,0.9460265683930672,1.9037113691902325,1.5489304417697751,4.398668379353075,True,
106,14,58,26,40,freeform,-30.0,0.5,122.575,150.0,38.7,0.0,0.0,6.0,83.875,166.04345789681346,6.283185307179586,172.32664320399306,2,59.99999999999999,343,9.999999999999991,0.8302172894840674,1.2691409127934883,1.10006071384422,3.1994189161217754,True,
107,16,20,14,6,u,0.0,0.5,67.0,150.0,32.575,150.0,138.525,6.0,34.425,33.374999999999986,18.84955592153876,52.224555921538744,2,180.0,110,20.0,0.16687499999999994,3.807422738380465,0.23086317049324032,4.205160908873705,True,
108,16,20,14,6,u,0.0,0.5,67.175,150.0,32.4,150.0,138.35,6.0,34.775,34.07500000000001,18.84955592153876,52.92455592153877,2,180.0,110,20.0,0.17037500000000005,3.807422738380465,0.2363096321769327,4.2141073705573975,True,
109,16,20,14,6,u,0.0,0.5,67.35,150.0,32.225,150.0,138.175,6.0,35.12499999999999,34.77499999999997,18.84955592153876,53.62455592153873,2,180.0,112,10.0,0.17387499999999986,3.807422738380465,0.24979178607149688,4.231089524451962,True,
110,16,20,14,6,u,0.0,0.5,67.525,150.0,32.05,150.0,137.65,6.0,35.47500000000001,36.175,18.84955592153876,55.024555921538756,2,180.0,114,10.0,0.18087499999999998,3.807422738380465,0.273690480204084,4.261988218584549,True,
111,33,16,60,14,freeform,30.0,0.0,129.925,0.0,68.575,150.0,0.0,6.0,61.35000000000001,160.00790233730243,6.283185307179586,166.29108764448202,2,59.99999999999999,266,4.476388681051385,0.8000395116865121,1.2691409127934883,0.8762504354764412,2.9454308599564416,True,
112,33,16,60,14,freeform,30.0,0.0,130.1,0.0,68.75,150.0,0.0,6.0,61.349999999999994,160.00790233730243,6.283185307179586,166.29108764448202,2,59.99999999999999,264,9.999999999999993,0.8000395116865121,1.2691409127934883,0.8401194610206463,2.9092998855006464,True,
113,16,48,14,44,freeform,-10.0,0.0,68.225,150.0,56.7,0.0,0.0,6.0,11.524999999999991,148.9085789225141,2.0943951023931953,151.0029740249073,2,20.0,259,4.999999999999995,0.7445428946125705,0.4230469709311627,0.8978869278401493,2.0654767933838825,True,
114,16,48,14,44,freeform,-10.0,0.0,68.4,150.0,56.875,0.0,0.0,6.0,11.525000000000006,148.9085789225141,2.0943951023931953,151.0029740249073,2,20.0,257,4.999999999999995,0.7445428946125705,0.4230469709311627,0.8927381072789187,2.060327972822652,True,
115,16,53,14,32,freeform,-30.0,0.0,67.7,150.0,2.875,0.0,0.0,6.0,64.825,160.93902578100057,6.283185307179586,167.22221108818016,2,59.99999999999999,203,9.999999999999996,0.8046951289050028,1.2691409127934883,0.6188399750514155,2.6926760167499064,True,
116,16,56,14,36,freeform,-30.0,0.5,67.875,150.0,20.175,0.0,0.0,6.0,47.7,156.3503958606176,6.283185307179586,162.6335811677972,2,59.99999999999999,214,9.999999999999995,0.781751979303088,1.2691409127934883,0.7187508850005078,2.769643777097084,True,
117,16,56,14,36,freeform,-20.0,0.0,68.05,150.0,20.35,0.0,0.0,6.0,47.699999999999996,154.1789494427906,4.1887902047863905,158.367739647577,2,40.0,208,8.992280680625369,0.7708947472139531,0.8460939418623254,0.8756254284526286,2.492614117528907,True,
118,17,21,16,0,u,0.0,0.5,76.0,150.0,5.925,150.0,134.5,6.0,70.075,77.075,18.84955592153876,95.92455592153877,2,180.0,210,9.999999999999998,0.385375,3.807422738380465,0.435982238180326,4.628779976560791,True,
119,17,21,16,0,u,0.0,0.5,76.175,150.0,5.75,150.0,134.325,6.0,70.425,77.77500000000002,18.84955592153876,96.62455592153879,2,180.0,210,9.999999999999998,0.3888750000000001,3.807422738380465,0.4347620331973517,4.631059771577817,True,
120,17,21,16,0,u,0.0,0.5,76.35,150.0,5.575,150.0,134.15,6.0,70.77499999999999,78.47499999999998,18.84955592153876,97.32455592153875,2,180.0,210,9.999999999999998,0.3923749999999999,3.807422738380465,0.434464363979636,4.6342621023601005,True,
121,17,21,16,0,u,0.0,0.5,76.525,150.0,5.4,150.0,133.975,6.0,71.125,79.17500000000001,18.84955592153876,98.02455592153876,2,180.0,210,9.999999999999998,0.3958750000000001,3.807422738380465,0.43645845273816286,4.639756191118628,True,
122,17,48,16,44,freeform,-10.0,0.0,76.875,150.0,57.05,0.0,0.0,6.0,19.825000000000003,149.6347348297793,2.094395102393195,151.7291299321725,2,20.0,257,9.999999999999998,0.7481736741488965,0.42304697093116267,0.9121436397963664,2.0833642848764256,True,
123,17,48,16,44,freeform,-10.0,1.0,77.05,150.0,57.225,0.0,0.0,6.0,19.824999999999996,149.63473482977926,2.094395102393195,151.72912993217247,2,20.0,257,9.999999999999998,0.7481736741488964,0.42304697093116267,0.8470539035546136,2.0182745486346727,True,
124,17,48,16,44,freeform,-10.0,1.0,77.225,150.0,57.4,0.0,0.0,6.0,19.824999999999996,149.63473482977926,2.094395102393195,151.72912993217247,2,20.0,257,9.999999999999998,0.7481736741488964,0.42304697093116267,0.8489883460885808,2.02020899116864,True,
125,17,53,16,32,freeform,-30.0,1.0,76.7,150.0,3.05,0.0,0.0,6.0,73.65,163.30367740420525,6.283185307179586,169.58686271138484,2,59.99999999999999,236,9.999999999999991,0.8165183870210262,1.2691409127934883,0.7544355663441358,2.8400948661586503,True,
126,18,20,10,6,u,0.0,0.5,49.0,150.0,33.625,150.0,142.375,6.0,15.375,6.625,18.84955592153876,25.47455592153876,2,180.0,48,46.56746344221026,0.033125,3.807422738380465,0.11169658811233604,3.952244326492801,True,
127,18,20,10,6,u,0.0,0.5,49.175,150.0,33.45,150.0,142.2,6.0,15.724999999999994,7.325000000000017,18.84955592153876,26.174555921538776,2,180.0,48,48.82711314820602,0.03662500000000009,3.807422738380465,0.10610130586741287,3.950149044247878,True,
128,18,21,10,0,u,0.0,0.5,49.35,150.0,6.625,150.0,142.025,6.0,42.725,34.67499999999999,18.84955592153876,53.52455592153875,2,180.0,140,44.90052796068899,0.17337499999999995,3.807422738380465,0.29577377139453614,4.2765715097750014,True,
129,18,21,10,0,u,0.0,0.5,49.525,150.0,6.45,150.0,141.85,6.0,43.074999999999996,35.375000000000014,18.84955592153876,54.22455592153877,2,180.0,142,5.602472170933192,0.1768750000000001,3.807422738380465,0.3227083544047738,4.3070060927852385,True,
130,39,18,56,10,freeform,30.0,1.0,111.4,0.0,50.75,150.0,0.0,6.0,60.650000000000006,159.82033790260064,6.283185307179586,166.10352320978023,2,59.99999999999999,286,9.999999999999993,0.7991016895130032,1.2691409127934883,0.8212803007316021,2.8895229030380936,True,
131,39,18,56,10,freeform,30.0,1.0,111.575,0.0,50.925,150.0,0.0,6.0,60.650000000000006,159.82033790260064,6.283185307179586,166.10352320978023,2,59.99999999999999,286,9.999999999999993,0.7991016895130032,1.2691409127934883,0.8250303428744834,2.893272945180975,True,
132,41,18,50,10,freeform,20.0,0.0,84.4,0.0,50.225,150.0,0.0,6.0,34.175000000000004,151.79412702870863,4.188790204786391,155.98291723349502,2,40.0,253,9.999999999999995,0.7589706351435431,0.8460939418623257,1.023780778350924,2.628845355356793,True,
133,41,18,50,10,freeform,20.0,0.0,84.575,0.0,50.4,150.0,0.0,6.0,34.175000000000004,151.79412702870863,4.188790204786391,155.98291723349502,2,40.0,253,9.999999999999995,0.7589706351435431,0.8460939418623257,1.0164592675005366,2.6215238445064055,True,
134,18,53,10,32,freeform,-20.0,0.5,49.7,150.0,2.7,0.0,0.0,6.0,47.0,154.05552055629468,4.1887902047863905,158.24431076108107,2,40.0,170,9.999999999999996,0.7702776027814734,0.8460939418623254,0.7256250632143235,2.3419966078581225,True,
135,18,58,10,40,freeform,-10.0,0.0,49.875,150.0,38.35,0.0,0.0,6.0,11.524999999999999,148.9085789225141,2.0943951023931953,151.0029740249073,2,20.0,195,5.000000000000003,0.7445428946125705,0.4230469709311627,0.6464581717856217,1.8140480373293548,True,
136,19,20,12,6,u,0.0,0.5,58.0,150.0,33.275,150.0,140.275,6.0,24.725,20.17499999999999,18.84955592153876,39.02455592153875,2,180.0,78,42.48111287543219,0.10087499999999995,3.807422738380465,0.1781251194048302,4.086422857785295,True,
137,19,20,12,6,u,0.0,0.5,58.175,150.0,33.1,150.0,140.1,6.0,25.074999999999996,20.875000000000007,18.84955592153876,39.724555921538766,2,180.0,78,44.90052796068899,0.10437500000000004,3.807422738380465,0.1743751334524572,4.086172871832923,True,
138,19,20,12,6,u,0.0,0.5,58.35,150.0,32.925,150.0,139.925,6.0,25.425000000000004,21.57499999999998,18.84955592153876,40.42455592153874,2,180.0,78,47.2214422911065,0.10787499999999992,3.807422738380465,0.1674108818538372,4.082708620234302,True,
139,19,20,12,6,u,0.0,0.5,58.525,150.0,32.75,150.0,139.75,6.0,25.775,22.275,18.84955592153876,41.12455592153876,2,180.0,78,49.4583981264954,0.111375,3.807422738380465,0.16083341761909578,4.079631155999561,True,
140,19,21,12,0,u,0.0,0.5,58.875,150.0,6.275,150.0,139.4,6.0,52.6,49.79999999999999,18.84955592153876,68.64955592153875,2,180.0,163,31.332206707233127,0.24899999999999994,3.807422738380465,0.32553569221087175,4.381958430591337,True,
141,19,21,12,0,u,0.0,0.5,59.05,150.0,6.1,150.0,139.225,6.0,52.949999999999996,50.50000000000001,18.84955592153876,69.34955592153877,2,180.0,165,4.999999999999995,0.25250000000000006,3.807422738380465,0.34705353831630764,4.406976276696773,True,
142,19,26,12,4,u,0.0,0.5,58.7,150.0,24.625,150.0,139.575,6.0,34.075,30.925000000000026,18.84955592153876,49.774555921538784,2,180.0,104,34.41150866976915,0.15462500000000012,3.807422738380465,0.23154771136059693,4.193595449741062,True,
143,19,48,12,44,freeform,-5.0,0.5,59.225,150.0,56.35,0.0,0.0,6.0,2.875,149.07766258105767,1.0471975511965976,150.12486013225427,2,10.0,245,4.999999999999995,0.7453883129052884,0.21152348546558136,0.8330064731465573,1.7899182715174269,True,
144,19,48,12,44,freeform,-5.0,0.0,59.4,150.0,56.525,0.0,0.0,6.0,2.875,149.07766258105767,1.0471975511965976,150.12486013225427,2,10.0,241,4.999999999999995,0.7453883129052884,0.21152348546558136,0.8561312273130831,1.8130430256839527,True,
145,49,19,46,12,freeform,5.0,0.0,66.925,0.0,59.575,150.0,0.0,6.0,7.349999999999994,149.27304530057324,1.0471975511965983,150.32024285176985,2,10.0,250,4.999999999999998,0.7463652265028662,0.2115234854655815,1.0427978658844954,2.0006865778529432,True,
146,1,20,58,6,freeform,45.0,0.5,120.75,0.0,31.875,150.0,0.0,6.0,88.875,176.87210485895451,9.424777960769383,186.2968828197239,2,90.0,239,9.999999999999986,0.8843605242947726,1.9037113691902332,0.9592869705449374,3.7473588640299433,True,
147,48,20,44,6,freeform,10.0,0.0,56.0,0.0,31.7,150.0,0.0,6.0,24.3,150.0262465990578,2.094395102393195,152.120641701451,2,20.0,198,5.000000000000002,0.750131232995289,0.42304697093116267,0.7826192924491202,1.955797496375572,True,
148,20,53,6,32,freeform,-20.0,0.0,31.0,150.0,2.35,0.0,0.0,6.0,28.65,150.81992046029436,4.188790204786391,155.00871066508074,2,40.0,94,9.999999999999996,0.7540996023014718,0.8460939418623257,0.42678559387748205,2.0269791380412796,True,
149,20,53,6,32,freeform,-20.0,0.0,31.175,150.0,2.525,0.0,0.0,6.0,28.650000000000002,150.81992046029436,4.188790204786391,155.00871066508074,2,40.0,94,9.999999999999996,0.7540996023014718,0.8460939418623257,0.4266665261903958,2.0268600703541932,True,
150,20,57,6,38,freeform,-5.0,0.0,31.525,150.0,29.525,0.0,0.0,6.0,2.0,149.03945925601272,1.0471975511965979,150.08665680720932,2,10.0,134,9.999999999999998,0.7451972962800636,0.21152348546558142,0.49211329692188366,1.4488340786675287,True,
151,2,21,20,0,u,0.0,0.5,94.175,150.0,5.225,150.0,125.575,6.0,88.95,113.80000000000003,18.849555921538737,132.64955592153876,2,180.0,275,20.0,0.5690000000000002,3.8074227383804606,0.5921429936055196,4.96856573198598,True,
152,2,21,20,0,u,0.0,0.5,94.35,150.0,5.05,150.0,125.4,6.0,89.3,114.49999999999999,18.84955592153876,133.34955592153875,2,180.0,275,20.0,0.5724999999999999,3.807422738380465,0.5945835159524846,4.974506254332949,True,
153,2,21,20,0,u,0.0,0.5,94.525,150.0,4.875,150.0,125.225,6.0,89.65,115.20000000000002,18.84955592153876,134.04955592153877,2,180.0,275,19.666638215041374,0.5760000000000001,3.807422738380465,0.6035715810885223,4.986994319468987,True,
154,2,21,20,0,u,0.0,0.5,94.7,150.0,4.7,150.0,125.05,6.0,90.0,115.89999999999998,18.84955592153878,134.74955592153876,2,180.0,275,13.872102735011007,0.5794999999999999,3.807422738380469,0.6136608678062104,5.000583606186679,True,
155,2,24,20,8,u,0.0,0.5,94.0,150.0,42.45,150.0,125.75,6.0,51.55,76.05,18.84955592153876,94.89955592153876,2,180.0,199,9.999999999999998,0.38025,3.807422738380465,0.45324432756818656,4.640917065948652,True,
156,47,24,42,8,freeform,5.0,0.0,47.0,0.0,40.7,150.0,0.0,6.0,6.299999999999997,149.22720131051932,1.0471975511965976,150.27439886171592,2,10.0,192,4.999999999999997,0.7461360065525966,0.21152348546558136,0.7944945663778479,1.7521540583960258,True,
157,47,24,42,8,freeform,5.0,0.5,47.175,0.0,40.875,150.0,0.0,6.0,6.299999999999997,149.22720131051932,1.0471975511965976,150.27439886171592,2,10.0,192,4.999999999999997,0.7461360065525966,0.21152348546558136,0.7829171583336156,1.7405766503517937,True,
158,24,54,8,34,freeform,-20.0,0.5,40.175,150.0,12.925,0.0,0.0,6.0,27.249999999999996,150.5730626873025,4.188790204786391,154.76185289208888,2,40.0,124,4.999999999999998,0.7528653134365125,0.8460939418623257,0.4787801040648215,2.07773935936366,True,
159,24,54,8,34,freeform,-20.0,0.0,40.35,150.0,13.1,0.0,0.0,6.0,27.25,150.5730626873025,4.188790204786391,154.76185289208888,2,40.0,124,5.000000000000003,0.7528653134365125,0.8460939418623257,0.5726791634357132,2.1716384187345517,True,
160,26,54,4,34,freeform,-10.0,0.0,22.0,150.0,12.4,0.0,0.0,6.0,9.6,148.7401632452267,2.0943951023931953,150.83455834761992,2,20.0,68,4.999999999999997,0.7437008162261336,0.4230469709311627,0.2702382477551893,1.4369860349124854,True,
161,26,54,4,34,freeform,-10.0,0.0,22.175,150.0,12.575,0.0,0.0,6.0,9.600000000000001,148.7401632452267,2.0943951023931957,150.83455834761992,2,20.0,68,4.999999999999998,0.7437008162261336,0.42304697093116284,0.2823811570749468,1.4491289442322433,True,
162,57,26,38,4,freeform,5.0,0.0,29.35,0.0,22.525,150.0,0.0,6.0,6.825000000000003,149.2501233055463,1.0471975511965979,150.2973208567429,2,10.0,117,5.0,0.7462506165277316,0.21152348546558142,0.4988694750682716,1.4566435770615846,True,
163,58,26,40,4,freeform,10.0,0.0,38.175,0.0,22.7,150.0,0.0,6.0,15.474999999999998,149.25415914344148,2.0943951023931953,151.3485542458347,2,20.0,139,9.999999999999995,0.7462707957172074,0.4230469709311627,0.556458593214435,1.725776359862805,True,
164,24,29,8,2,u,0.0,0.5,40.0,150.0,15.625,150.0,143.95,6.0,24.375,12.475000000000023,18.84955592153876,31.32455592153878,2,180.0,80,46.56746344221026,0.06237500000000012,3.807422738380465,0.17937513345245715,4.049172871832923,True,
165,57,29,38,2,freeform,10.0,0.0,29.0,0.0,14.75,150.0,0.0,6.0,14.25,149.14698553062223,2.0943951023931957,151.24138063301544,2,20.0,116,9.999999999999993,0.7457349276531112,0.42304697093116284,0.4794943135205601,1.6482762121048342,True,
166,57,29,38,2,freeform,10.0,0.0,29.175,0.0,14.925,150.0,0.0,6.0,14.25,149.14698553062223,2.0943951023931957,151.24138063301544,2,20.0,116,9.999999999999993,0.7457349276531112,0.42304697093116284,0.4716372228403177,1.6404191214245918,True,
167,33,47,60,42,u,0.0,0.5,128.0,0.0,49.1,0.0,33.7,6.0,78.9,122.30000000000001,18.84955592153876,141.14955592153876,2,180.0,237,27.95288658913517,0.6115,3.807422738380465,0.5848218479934371,5.0037445863739025,True,
168,33,47,60,42,u,0.0,0.5,128.175,0.0,48.925,0.0,33.875,6.0,79.25000000000001,123.00000000000001,18.84955592153876,141.84955592153878,2,180.0,237,29.999999999999993,0.6150000000000001,3.807422738380465,0.5833933167009432,5.005816055081408,True,
169,33,47,60,42,u,0.0,0.5,128.35,0.0,48.75,0.0,34.05,6.0,79.6,123.69999999999999,18.84955592153876,142.54955592153874,2,180.0,237,29.999999999999993,0.6184999999999999,3.807422738380465,0.5829765517008868,5.008899290081352,True,
170,33,47,60,42,u,0.0,0.5,128.525,0.0,48.575,0.0,34.225,6.0,79.95,124.4,18.84955592153876,143.24955592153876,2,180.0,237,29.999999999999993,0.622,3.807422738380465,0.5843456334356002,5.013768371816065,True,
171,33,47,60,42,u,0.0,0.5,128.7,0.0,48.4,0.0,34.4,6.0,80.29999999999998,125.1,18.84955592153876,143.94955592153875,2,180.0,237,29.999999999999993,0.6255,3.807422738380465,0.586875442500253,5.019798180880718,True,
172,33,47,60,42,u,0.0,0.5,128.875,0.0,48.225,0.0,34.575,6.0,80.65,125.80000000000001,18.84955592153876,144.64955592153876,2,180.0,237,29.999999999999993,0.6290000000000001,3.807422738380465,0.5855956474832272,5.022018385863693,True,
173,33,47,60,42,u,0.0,0.5,129.05,0.0,48.05,0.0,34.75,6.0,81.00000000000001,126.50000000000001,18.84955592153876,145.34955592153878,2,180.0,237,27.952886589135197,0.6325000000000001,3.807422738380465,0.5837205983165324,5.023643336696998,True,
174,33,47,60,42,u,0.0,0.5,129.225,0.0,47.875,0.0,34.925,6.0,81.35,127.19999999999999,18.84955592153876,146.04955592153874,2,180.0,239,9.638763640613229,0.636,3.807422738380465,0.5994647011226868,5.042887439503152,True,
175,33,47,60,42,u,0.0,0.5,129.4,0.0,47.7,0.0,35.1,6.0,81.7,127.9,18.84955592153876,146.74955592153876,2,180.0,241,12.60245975091501,0.6395000000000001,3.807422738380465,0.6203873211737078,5.067310059554173,True,
176,33,47,60,42,u,0.0,0.5,129.575,0.0,47.525,0.0,35.275,6.0,82.04999999999998,128.6,18.84955592153876,147.44955592153875,2,180.0,241,13.87210273501135,0.643,3.807422738380465,0.6156551251362624,5.066077863516727,True,
177,33,53,60,32,u,0.0,0.5,129.75,0.0,4.275,0.0,35.45,6.0,125.475,172.375,18.84955592153876,191.22455592153875,2,180.0,298,13.87210273501162,0.8618750000000001,3.807422738380465,0.7915778575683018,5.460875595948767,True,
178,14,38,26,54,freeform,-10.0,0.0,123.45,150.0,103.625,0.0,0.0,6.0,19.825000000000003,149.6347348297793,2.094395102393195,151.7291299321725,2,20.0,183,9.999999999999998,0.7481736741488965,0.42304697093116267,0.6626492138947891,1.833869858974848,True,
179,38,18,54,10,freeform,30.0,0.0,102.925,0.0,50.575,150.0,0.0,6.0,52.349999999999994,157.59635960542232,6.283185307179586,163.87954491260192,2,59.99999999999999,288,8.648688303300991,0.7879817980271117,1.2691409127934883,1.026042446309971,3.083165157130571,True,
180,38,29,54,2,freeform,45.0,0.5,102.575,0.0,15.1,150.0,0.0,6.0,87.47500000000001,176.2922058716322,9.424777960769383,185.71698383240158,2,90.0,261,10.000000000000002,0.8814610293581611,1.9037113691902332,0.9851499724666534,3.7703223710150477,True,
181,38,29,54,2,freeform,45.0,0.5,102.75,0.0,15.275,150.0,0.0,6.0,87.475,176.2922058716322,9.424777960769383,185.71698383240158,2,90.0,261,10.000000000000023,0.8814610293581611,1.9037113691902332,0.9959830810379529,3.7811554795863476,True,
182,38,41,54,50,u,0.0,0.5,101.0,0.0,85.625,0.0,6.05,6.0,15.375,3.4749999999999996,18.84955592153876,22.32455592153876,2,180.0,48,39.9445051898149,0.017374999999999998,3.807422738380465,0.11526802872458786,3.940065767105053,True,
183,38,49,54,46,u,0.0,0.5,101.35,0.0,67.625,0.0,25.475,6.0,33.724999999999994,60.675,18.84955592153876,79.52455592153876,2,180.0,126,13.94269126876363,0.303375,3.807422738380465,0.3527978377892407,4.4635955761697055,True,
184,38,49,54,46,u,0.0,0.5,101.525,0.0,67.45,0.0,25.65,6.0,34.075,61.375,18.84955592153876,80.22455592153875,2,180.0,126,19.999999999999996,0.306875,3.807422738380465,0.32556566984704943,4.439863408227514,True,
185,38,53,54,32,u,0.0,0.5,101.175,0.0,4.625,0.0,24.775,6.0,96.55,122.1,18.84955592153876,140.94955592153875,2,180.0,263,19.999999999999996,0.6104999999999999,3.807422738380465,0.5812502950001686,4.999173033380634,True,
186,38,53,54,32,u,0.0,0.5,102.4,0.0,4.45,0.0,27.4,6.0,97.95,128.75,18.84955592153876,147.59955592153875,2,180.0,261,19.999999999999996,0.64375,3.807422738380465,0.630655125136263,5.081827863516728,True,
187,38,57,54,38,u,0.0,0.5,101.7,0.0,30.925,0.0,25.825,6.0,70.775,98.42500000000001,18.84955592153876,117.27455592153876,2,180.0,216,10.0,0.4921250000000001,3.807422738380465,0.48380974455794884,4.783357482938413,True,
188,38,57,54,38,u,0.0,0.5,101.875,0.0,30.75,0.0,26.0,6.0,71.125,99.125,18.84955592153876,117.97455592153875,2,180.0,216,10.0,0.49562500000000004,3.807422738380465,0.48764907341851765,4.790696811798983,True,
189,38,57,54,38,u,0.0,0.5,102.05,0.0,30.575,0.0,27.05,6.0,71.475,101.57499999999999,18.84955592153876,120.42455592153874,2,180.0,216,10.0,0.507875,3.807422738380465,0.5237800478743123,4.839077786254777,True,
190,39,24,56,8,freeform,30.0,1.0,111.225,0.0,42.275,150.0,0.0,6.0,68.94999999999999,162.04431619977896,6.283185307179586,168.32750150695855,2,59.99999999999999,298,9.999999999999991,0.8102215809988949,1.2691409127934883,0.9539590708337568,3.03332156462614,True,
191,39,41,56,50,u,0.0,0.5,110.0,0.0,85.275,0.0,17.075,6.0,24.724999999999994,34.87499999999999,18.84955592153876,53.72455592153875,2,180.0,102,13.87210273501104,0.17437499999999997,3.807422738380465,0.27113114302731967,4.252928881407785,True,
192,39,41,56,50,u,0.0,0.5,110.175,0.0,85.1,0.0,17.25,6.0,25.075000000000003,35.575,18.84955592153876,54.42455592153876,2,180.0,102,19.66663821504126,0.177875,3.807422738380465,0.2523811570749468,4.237678895455412,True,
193,39,41,56,50,u,0.0,0.5,110.35,0.0,84.925,0.0,17.425,6.0,25.424999999999997,36.275,18.84955592153876,55.12455592153876,2,180.0,102,13.872102735011056,0.181375,3.807422738380465,0.25750022476203316,4.246297963142498,True,
194,39,47,56,42,u,0.0,0.5,110.7,0.0,49.625,0.0,31.25,6.0,61.075,99.575,18.84955592153876,118.42455592153877,2,180.0,200,19.999999999999996,0.497875,3.807422738380465,0.46952398210894186,4.774821720489406,True,
195,39,47,56,42,u,0.0,0.5,110.875,0.0,49.45,0.0,31.425,6.0,61.425,100.27499999999999,18.84955592153876,119.12455592153876,2,180.0,200,19.999999999999996,0.501375,3.807422738380465,0.46386933459200047,4.772667072972466,True,
196,39,47,56,42,u,0.0,0.5,111.05,0.0,49.275,0.0,31.6,6.0,61.775,100.975,18.84955592153876,119.82455592153875,2,180.0,200,19.999999999999996,0.504875,3.807422738380465,0.4588693907825086,4.771167129162974,True,
197,39,49,56,46,u,0.0,0.5,110.525,0.0,67.275,0.0,31.075,6.0,43.25,81.4,18.84955592153876,100.24955592153876,2,180.0,155,11.995374957150926,0.40700000000000003,3.807422738380465,0.4086013901531753,4.623024128533641,True,
198,1,41,58,50,u,0.0,0.5,119.0,0.0,84.75,0.0,11.475,6.0,34.25,33.2,18.84955592153876,52.04955592153876,2,180.0,125,13.872102735011056,0.166,3.807422738380465,0.3119644763606529,4.285387214741118,True,
199,41,24,50,8,freeform,20.0,0.0,84.05,0.0,41.925,150.0,0.0,6.0,42.125,153.19592652534092,4.188790204786391,157.3847167301273,2,40.0,247,8.648688303300991,0.7659796326267047,0.8460939418623257,1.0343461110549232,2.6464196855439535,True,
200,41,24,50,8,freeform,20.0,0.5,84.225,0.0,42.1,150.0,0.0,6.0,42.12499999999999,153.19592652534092,4.188790204786391,157.3847167301273,2,40.0,251,9.999999999999988,0.7659796326267047,0.8460939418623257,1.0018756672622884,2.6139492417513184,True,
201,41,54,50,34,u,0.0,0.5,83.875,0.0,13.45,0.0,18.125,6.0,70.425,82.675,18.84955592153876,101.52455592153876,2,180.0,200,13.872102735011051,0.413375,3.807422738380465,0.4266965881123356,4.647494326492801,True,
202,41,57,50,38,u,0.0,0.5,83.525,0.0,31.275,0.0,17.775,6.0,52.25000000000001,63.800000000000004,18.84955592153876,82.64955592153876,2,180.0,175,19.055895732849116,0.319,3.807422738380465,0.36166677904768296,4.488089517428148,True,
203,41,58,50,40,u,0.0,0.5,83.0,0.0,40.625,0.0,6.225,6.0,42.375,30.825000000000003,18.84955592153876,49.67455592153876,2,180.0,142,39.9445051898149,0.154125,3.807422738380465,0.32324424328242457,4.28479198166289,True,
204,41,58,50,40,u,0.0,0.5,83.175,0.0,40.45,0.0,17.075,6.0,42.724999999999994,52.875,18.84955592153876,71.72455592153875,2,180.0,150,19.999999999999996,0.264375,3.807422738380465,0.33877990739804204,4.410577645778507,True,
205,41,58,50,40,u,0.0,0.5,83.35,0.0,40.275,0.0,17.25,6.0,43.074999999999996,53.574999999999996,18.84955592153876,72.42455592153875,2,180.0,150,19.999999999999996,0.267875,3.807422738380465,0.32690480204083905,4.402202540421304,True,
206,14,47,26,42,freeform,-30.0,1.0,122.75,150.0,47.35,0.0,0.0,6.0,75.4,163.7725884909597,6.283185307179586,170.05577379813928,2,59.99999999999999,304,9.042609161151177,0.8188629424547985,1.2691409127934883,1.0100309047795675,3.098034760027854,True,
207,48,18,44,10,freeform,5.0,0.0,56.175,0.0,50.05,150.0,0.0,6.0,6.125,149.21956064551034,1.0471975511965976,150.26675819670695,2,10.0,223,4.9999999999999964,0.7460978032275517,0.21152348546558136,0.8579766078913962,1.8155978965845292,True,
208,51,48,48,44,u,0.0,0.5,74.175,0.0,58.45,0.0,7.625,6.0,15.724999999999994,6.974999999999994,18.84955592153876,25.824555921538753,2,180.0,56,15.067634799890797,0.034874999999999975,3.807422738380465,0.19083347380960408,4.033131212190069,True,
209,51,48,48,44,u,0.0,0.5,74.0,0.0,58.625,0.0,6.05,6.0,15.375,3.4749999999999996,18.84955592153876,22.32455592153876,2,180.0,48,46.56746344221025,0.017374999999999998,3.807422738380465,0.11291682119056447,3.9377145595710297,True,
210,17,49,16,46,freeform,-10.0,0.5,77.4,150.0,67.1,0.0,0.0,6.0,10.300000000000011,148.80140530969484,2.094395102393195,150.89580041208805,2,20.0,238,4.999999999999997,0.7440070265484743,0.42304697093116267,0.6822622298641333,1.8493162273437704,True,
211,49,24,46,8,freeform,10.0,0.0,66.05,0.0,41.05,150.0,0.0,6.0,25.0,150.08748866352593,2.094395102393195,152.18188376591914,2,20.0,248,9.99999999999999,0.7504374433176296,0.42304697093116267,1.0139290089118165,2.187413423160609,True,
212,49,24,46,8,freeform,20.0,0.5,66.225,0.0,41.225,150.0,0.0,6.0,24.999999999999993,150.17632698070844,4.188790204786391,154.36511718549482,2,40.0,226,4.999999999999998,0.7508816349035422,0.8460939418623257,0.7313989188946215,2.3283744956604897,True,
213,49,24,46,8,freeform,20.0,0.5,66.4,0.0,41.4,150.0,0.0,6.0,25.000000000000007,150.17632698070844,4.188790204786391,154.36511718549482,2,40.0,226,4.999999999999998,0.7508816349035422,0.8460939418623257,0.7313096321769337,2.328285208942802,True,
214,49,24,46,8,freeform,20.0,0.5,66.575,0.0,41.575,150.0,0.0,6.0,25.0,150.17632698070844,4.188790204786391,154.36511718549482,2,40.0,226,4.999999999999998,0.7508816349035422,0.8460939418623257,0.7422027241158428,2.3391783008817106,True,
215,49,24,46,8,freeform,20.0,0.5,66.75,0.0,41.75,150.0,0.0,6.0,25.0,150.17632698070844,4.188790204786391,154.36511718549482,2,40.0,226,4.999999999999998,0.7508816349035422,0.8460939418623257,0.7409229571940712,2.3378985339599394,True,
216,49,26,46,4,freeform,20.0,0.0,65.35,0.0,22.875,150.0,0.0,6.0,42.474999999999994,153.25764096858887,4.188790204786391,157.44643117337526,2,40.0,215,9.999999999999991,0.7662882048429444,0.8460939418623257,0.9027387253745128,2.5151208720797826,True,
217,49,26,46,4,freeform,20.0,0.0,65.525,0.0,23.05,150.0,0.0,6.0,42.47500000000001,153.25764096858887,4.188790204786391,157.44643117337526,2,40.0,215,9.999999999999986,0.7662882048429444,0.8460939418623257,0.9614892732319684,2.5738714199372383,True,
218,49,26,46,4,freeform,20.0,0.0,65.7,0.0,23.225,150.0,0.0,6.0,42.475,153.25764096858887,4.188790204786391,157.44643117337526,2,40.0,215,9.999999999999991,0.7662882048429444,0.8460939418623257,0.9622630727217587,2.574645219427029,True,
219,49,26,46,4,freeform,20.0,0.0,65.875,0.0,23.4,150.0,0.0,6.0,42.475,153.25764096858887,4.188790204786391,157.44643117337526,2,40.0,215,9.999999999999991,0.7662882048429444,0.8460939418623257,0.9657155018374326,2.5780976485427027,True,
220,49,57,46,38,u,0.0,0.5,65.0,0.0,31.625,0.0,13.225,6.0,33.375,35.825,18.84955592153876,54.67455592153876,2,180.0,128,9.999999999999998,0.179125,3.807422738380465,0.32267877010215423,4.309226508482619,True,
221,49,57,46,38,u,0.0,0.5,65.175,0.0,31.45,0.0,13.4,6.0,33.724999999999994,36.52499999999999,18.84955592153876,55.37455592153875,2,180.0,128,9.999999999999998,0.18262499999999995,3.807422738380465,0.3124704718878885,4.302518210268353,True,
222,17,51,16,48,freeform,-5.0,0.5,77.575,150.0,75.225,0.0,0.0,6.0,2.3500000000000085,149.0547405860307,1.0471975511965983,150.1019381372273,2,10.0,232,5.0000000000000115,0.7452737029301535,0.2115234854655815,0.7043457739118719,1.6611429623076068,True,
223,17,51,16,48,freeform,-5.0,0.5,77.75,150.0,75.4,0.0,0.0,6.0,2.3499999999999943,149.0547405860307,1.0471975511965983,150.1019381372273,2,10.0,232,5.0000000000000115,0.7452737029301535,0.2115234854655815,0.7039291212928325,1.6607263096885676,True,
224,17,51,16,48,freeform,-5.0,0.5,77.925,150.0,75.575,0.0,0.0,6.0,2.3499999999999943,149.0547405860307,1.0471975511965983,150.1019381372273,2,10.0,232,5.0000000000000115,0.7452737029301535,0.2115234854655815,0.701577885663555,1.65837507405929,True,
225,51,19,48,12,freeform,10.0,1.0,75.05,0.0,59.75,150.0,0.0,6.0,15.299999999999997,149.23884862732444,2.094395102393195,151.33324372971765,2,20.0,260,4.999999999999998,0.7461942431366222,0.42304697093116267,0.904166722857175,2.07340793692496,True,
226,51,21,48,0,freeform,30.0,0.0,74.525,0.0,4.175,150.0,0.0,6.0,70.35000000000001,162.41944506918253,6.283185307179586,168.70263037636212,2,59.99999999999999,224,9.999999999999991,0.8120972253459127,1.2691409127934883,0.6990778013777915,2.780315939517193,True,
227,51,21,48,0,freeform,30.0,0.0,74.7,0.0,4.35,150.0,0.0,6.0,70.35000000000001,162.41944506918253,6.283185307179586,168.70263037636212,2,59.99999999999999,224,9.999999999999991,0.8120972253459127,1.2691409127934883,0.691220654507041,2.772458792646442,True,
228,51,21,48,0,freeform,30.0,0.0,74.875,0.0,4.525,150.0,0.0,6.0,70.35,162.41944506918253,6.283185307179586,168.70263037636212,2,59.99999999999999,224,9.999999999999991,0.8120972253459127,1.2691409127934883,0.6985123281975212,2.7797504663369224,True,
229,51,54,48,34,u,0.0,0.5,74.35,0.0,13.625,0.0,13.75,6.0,60.724999999999994,64.225,18.84955592153876,83.07455592153875,2,180.0,178,13.87210273501162,0.321125,3.807422738380465,0.3716964757313189,4.500244214111785,True,
230,29,53,2,32,freeform,-10.0,0.0,13.0,150.0,2.0,0.0,0.0,6.0,11.0,148.86264737416298,2.0943951023931953,150.95704247655618,2,20.0,32,9.999999999999963,0.7443132368708149,0.4230469709311627,0.14851190676870865,1.3158721145706862,True,
231,29,53,2,32,freeform,-10.0,0.0,13.175,150.0,2.175,0.0,0.0,6.0,11.0,148.86264737416298,2.0943951023931953,150.95704247655618,2,20.0,32,9.999999999999963,0.7443132368708149,0.4230469709311627,0.14318451277210256,1.3105447205740801,True,
232,26,54,4,34,freeform,-10.0,0.0,22.35,150.0,12.75,0.0,0.0,6.0,9.600000000000001,148.7401632452267,2.0943951023931957,150.83455834761992,2,20.0,68,4.999999999999998,0.7437008162261336,0.42304697093116284,0.2777382758504433,1.4444860630077399,True,
233,29,54,2,34,freeform,-5.0,0.0,13.35,150.0,11.0,0.0,0.0,6.0,2.3499999999999996,149.0547405860307,1.0471975511965976,150.1019381372273,2,10.0,62,4.999999999999998,0.7452737029301535,0.21152348546558136,0.27345245721092787,1.2302496456066627,True,
234,29,54,2,34,freeform,-5.0,0.0,13.525,150.0,11.175,0.0,0.0,5.0,2.3499999999999996,149.22938435766474,0.8726646259971647,150.10204898366192,2,10.0,62,4.999999999999998,0.7461469217883238,0.26473033074670216,0.2751786577211377,1.2860559102561637,True,
235,29,54,2,34,freeform,-5.0,0.0,13.7,150.0,11.35,0.0,0.0,6.0,2.3499999999999996,149.0547405860307,1.0471975511965979,150.1019381372273,2,10.0,62,4.999999999999999,0.7452737029301535,0.21152348546558142,0.2797025555443174,1.2364997439400522,True,
236,29,54,2,34,freeform,-5.0,0.0,13.875,150.0,11.525,0.0,0.0,6.0,2.3499999999999996,149.0547405860307,1.0471975511965976,150.1019381372273,2,10.0,62,4.999999999999997,0.7452737029301535,0.21152348546558136,0.2676785734353752,1.2244757618311102,True,
237,29,54,2,34,freeform,-5.0,0.0,14.05,150.0,11.7,0.0,0.0,5.0,2.3500000000000014,149.22938435766474,0.8726646259971647,150.10204898366192,2,10.0,62,4.999999999999998,0.7461469217883238,0.26473033074670216,0.2729763269388534,1.2838535794738795,True,
238,29,54,2,34,freeform,-5.0,0.0,14.225,150.0,11.875,0.0,0.0,6.0,2.3499999999999996,149.0547405860307,1.0471975511965976,150.1019381372273,2,10.0,62,4.999999999999998,0.7452737029301535,0.21152348546558136,0.2714584527381634,1.2282556411338983,True,
239,29,54,2,34,freeform,-5.0,0.0,14.4,150.0,12.05,0.0,0.0,5.0,2.3499999999999996,149.22938435766474,0.8726646259971647,150.10204898366192,2,10.0,62,4.999999999999998,0.7461469217883238,0.26473033074670216,0.2698215389456412,1.2806987914806673,True,
240,29,54,2,34,freeform,-5.0,0.0,14.575,150.0,12.225,0.0,0.0,6.0,2.3499999999999996,149.0547405860307,1.0471975511965979,150.1019381372273,2,10.0,62,4.999999999999999,0.7452737029301535,0.21152348546558142,0.27407760471101206,1.230874793106747,True,
241,2,56,20,36,freeform,-30.0,0.0,95.4,150.0,21.05,0.0,0.0,6.0,74.35000000000001,163.49124183890703,6.283185307179586,169.77442714608662,2,59.99999999999999,244,9.999999999999993,0.8174562091945352,1.2691409127934883,0.7326794443882562,2.8192765663762795,True,
242,2,56,20,36,freeform,-30.0,0.0,95.575,150.0,21.225,0.0,0.0,6.0,74.35,163.491241838907,6.283185307179586,169.7744271460866,2,59.99999999999999,244,9.999999999999993,0.817456209194535,1.2691409127934883,0.7344650663609925,2.821062188349016,True,
243,2,56,20,36,freeform,-30.0,0.0,95.75,150.0,21.4,0.0,0.0,6.0,74.35,163.491241838907,6.283185307179586,169.7744271460866,2,59.99999999999999,244,9.999999999999993,0.817456209194535,1.2691409127934883,0.7403878268882843,2.8269849488763077,True,
244,2,56,20,36,freeform,-30.0,0.0,95.925,150.0,21.575,0.0,0.0,6.0,74.35,163.491241838907,6.283185307179586,169.7744271460866,2,59.99999999999999,244,9.999999999999993,0.817456209194535,1.2691409127934883,0.7491080599665128,2.8357051819545362,True,
245,20,56,6,36,freeform,-10.0,0.0,31.35,150.0,20.0,0.0,0.0,6.0,11.350000000000001,148.89326840639706,2.0943951023931953,150.98766350879026,2,20.0,106,9.999999999999995,0.7444663420319853,0.4230469709311627,0.3940776328062665,1.5615909457694144,True,
246,12,57,21,38,freeform,-30.0,0.0,99.55,150.0,29.875,0.0,0.0,6.0,69.675,162.23857936429152,6.283185307179586,168.52176467147112,2,59.99999999999999,249,9.999999999999993,0.8111928968214577,1.2691409127934883,0.7590484699324612,2.8393822795474075,True,
247,12,57,21,38,freeform,-30.0,0.0,99.725,150.0,30.05,0.0,0.0,6.0,69.675,162.23857936429152,6.283185307179586,168.52176467147112,2,59.99999999999999,249,9.999999999999991,0.8111928968214577,1.2691409127934883,0.7706556589460933,2.8509894685610395,True,
248,24,57,8,38,freeform,-5.0,0.0,40.525,150.0,29.7,0.0,0.0,6.0,10.825,149.42476707718035,1.0471975511965976,150.47196462837695,2,10.0,155,4.999999999999995,0.7471238353859018,0.21152348546558136,0.6893159648472179,1.647963285698701,True,
249,38,57,54,38,u,0.0,0.5,102.225,0.0,30.4,0.0,27.225,6.0,71.82499999999999,102.275,18.84955592153876,121.12455592153876,2,180.0,216,10.0,0.511375,3.807422738380465,0.5319943978063221,4.850792136186787,True,
250,41,57,50,38,u,0.0,0.5,83.7,0.0,31.1,0.0,17.95,6.0,52.6,64.5,18.84955592153876,83.34955592153875,2,180.0,175,19.66663821504126,0.3225,3.807422738380465,0.36163711045930075,4.491559848839765,True,
251,11,58,52,40,u,0.0,0.5,92.35,0.0,40.1,0.0,20.925,6.0,52.24999999999999,70.1,18.84955592153876,88.94955592153875,2,180.0,165,11.785618515903423,0.3505,3.807422738380465,0.3473512918197855,4.505274030200251,True,
252,11,58,52,40,u,0.0,0.5,92.525,0.0,39.925,0.0,21.8,6.0,52.60000000000001,72.2,18.84955592153876,91.04955592153877,2,180.0,165,12.704097177624567,0.36100000000000004,3.807422738380465,0.351785790544261,4.520208528924726,True,
253,11,58,52,40,u,0.0,0.5,92.7,0.0,39.75,0.0,21.975,6.0,52.95,72.9,18.84955592153876,91.74955592153876,2,180.0,165,17.850422673788238,0.36450000000000005,3.807422738380465,0.3505656136565409,4.522488352037006,True,
254,11,58,52,40,u,0.0,0.5,92.875,0.0,39.575,0.0,22.15,6.0,53.3,73.6,18.84955592153876,92.44955592153875,2,180.0,165,13.872102735011051,0.368,3.807422738380465,0.3430358607823965,4.518458599162862,True,
255,58,21,40,0,freeform,20.0,0.0,38.0,0.0,4.0,150.0,0.0,6.0,34.0,151.76326980708464,4.188790204786391,155.95206001187103,2,40.0,128,9.999999999999995,0.7588163490354232,0.8460939418623257,0.5577083825000282,2.162618673397777,True,
256,61,68,29,61,freeform,-5.0,0.5,136.6,150.0,134.6,0.0,0.0,6.0,2.0,149.03945925601272,1.0471975511965983,150.08665680720932,2,10.0,52,4.999999999999971,0.7451972962800636,0.2115234854655815,0.17791679309531044,1.1346375748409556,True,
257,61,68,29,61,freeform,-5.0,0.5,136.775,150.0,134.775,0.0,0.0,6.0,2.0,149.03945925601272,1.0471975511965983,150.08665680720932,2,10.0,52,7.2698875532485605,0.7451972962800636,0.2115234854655815,0.17133938505107724,1.1280601667967223,True,
258,69,61,63,29,freeform,5.0,0.5,143.6,0.0,136.95,150.0,0.0,6.0,6.650000000000006,149.2424826405373,1.0471975511965983,150.2896801917339,2,10.0,30,10.000000000000014,0.7462124132026865,0.2115234854655815,0.13386910982996755,1.0916050084982356,True,
259,69,61,63,29,freeform,5.0,0.5,143.775,0.0,137.125,150.0,0.0,6.0,6.650000000000006,149.2424826405373,1.0471975511965983,150.2896801917339,2,10.0,30,10.000000000000014,0.7462124132026865,0.2115234854655815,0.13776794443882542,1.0955038431070934,True,
260,61,86,29,39,freeform,-45.0,0.5,135.55,150.0,35.25,0.0,0.0,6.0,100.30000000000001,181.60449480906715,9.424777960769378,191.02927276983652,2,90.0,282,10.000000000000016,0.9080224740453358,1.903711369190232,1.2328583549666796,4.044592198202247,True,
261,61,86,29,39,freeform,-45.0,0.5,135.725,150.0,35.425,0.0,0.0,6.0,100.3,181.60449480906715,9.424777960769378,191.02927276983652,2,90.0,284,10.000000000000016,0.9080224740453358,1.903711369190232,1.2028883045076038,4.014622147743172,True,
262,61,86,29,39,freeform,-45.0,0.5,135.9,150.0,35.6,0.0,0.0,6.0,100.30000000000001,181.60449480906715,9.424777960769378,191.02927276983652,2,90.0,284,2.820810759755758,0.9080224740453358,1.903711369190232,1.2334238281469512,4.045157671382519,True,
263,61,86,29,39,freeform,-45.0,0.5,136.075,150.0,35.775,0.0,0.0,6.0,100.29999999999998,181.60449480906715,9.424777960769378,191.02927276983652,2,90.0,282,9.999999999999998,0.9080224740453358,1.903711369190232,1.1836919130620478,3.9954257562976156,True,
264,61,86,29,39,freeform,-45.0,0.5,136.25,150.0,35.95,0.0,0.0,6.0,100.3,181.60449480906715,9.424777960769378,191.02927276983652,2,90.0,282,2.820810759753933,0.9080224740453358,1.903711369190232,1.1968465605789882,4.008580403814556,True,
265,61,114,29,3,u,0.0,0.5,135.2,150.0,19.775,150.0,107.025,6.0,115.42499999999998,177.37499999999997,18.84955592153876,196.22455592153872,2,180.0,278,9.999999999999998,0.8868749999999999,3.807422738380465,0.7950601519391366,5.489357890319601,True,
266,61,118,29,9,u,0.0,0.5,134.675,150.0,45.9,150.0,107.55,6.0,88.775,149.675,18.84955592153876,168.52455592153876,2,180.0,242,9.999999999999998,0.7483750000000001,3.807422738380465,0.6246134654934097,5.180411203873875,True,
267,61,118,29,9,u,0.0,0.5,134.85,150.0,45.725,150.0,107.375,6.0,89.125,150.375,18.84955592153876,169.22455592153875,2,180.0,242,9.999999999999998,0.7518750000000001,3.807422738380465,0.6184824629423608,5.177780201322826,True,
268,61,118,29,9,u,0.0,0.5,135.025,150.0,45.55,150.0,107.2,6.0,89.47500000000001,151.075,18.84955592153876,169.92455592153874,2,180.0,242,9.999999999999998,0.7553749999999999,3.807422738380465,0.6221134654934097,5.184911203873875,True,
269,71,62,24,53,freeform,-10.0,0.0,113.225,150.0,98.6,0.0,0.0,5.0,14.625,149.52974843354815,1.7453292519943298,151.27507768554247,2,20.0,197,10.000000000000004,0.7476487421677408,0.5294606614934044,0.6136607554251926,1.8907701590863377,True,
270,71,62,24,53,freeform,-10.0,0.0,113.4,150.0,98.775,0.0,0.0,6.0,14.625,149.17979377944448,2.0943951023931953,151.2741888818377,2,20.0,197,9.999999999999998,0.7458989688972224,0.4230469709311627,0.6349110223301074,1.8038569621584926,True,
271,71,62,24,53,freeform,-10.0,0.0,113.575,150.0,98.95,0.0,0.0,6.0,14.625,149.17979377944448,2.0943951023931953,151.2741888818377,2,20.0,197,9.999999999999998,0.7458989688972224,0.4230469709311627,0.6360716934695385,1.8050176332979238,True,
272,71,62,24,53,freeform,-10.0,0.0,113.75,150.0,99.125,0.0,0.0,6.0,14.625,149.17979377944448,2.0943951023931953,151.2741888818377,2,20.0,197,9.999999999999998,0.7458989688972224,0.4230469709311627,0.6416371947450632,1.8105831345734484,True,
273,62,116,53,1,freeform,45.0,0.5,97.375,0.0,9.025,150.0,0.0,6.0,88.35,176.65464273870865,9.424777960769383,186.07942069947802,2,90.0,270,10.000000000000028,0.8832732136935433,1.9037113691902332,0.9855665127046761,3.7725510955884523,True,
274,62,116,53,1,freeform,45.0,0.5,97.55,0.0,9.2,150.0,0.0,6.0,88.35,176.65464273870865,9.424777960769383,186.07942069947802,2,90.0,270,10.000000000000025,0.8832732136935433,1.9037113691902332,0.9855962936740746,3.772580876557851,True,
275,62,116,53,1,freeform,45.0,0.5,97.725,0.0,9.375,150.0,0.0,6.0,88.35,176.65464273870865,9.424777960769383,186.07942069947802,2,90.0,270,10.000000000000016,0.8832732136935433,1.9037113691902332,0.9831855803917622,3.7701701632755382,True,
276,66,68,31,61,freeform,-5.0,0.0,145.6,150.0,134.95,0.0,0.0,6.0,10.650000000000006,149.41712641217137,1.0471975511965983,150.46432396336797,2,10.0,46,5.000000000000004,0.7470856320608569,0.2115234854655815,0.310714462313026,1.2693235798394644,True,
277,66,68,31,61,freeform,-5.0,0.0,145.775,150.0,135.125,0.0,0.0,6.0,10.650000000000006,149.41712641217137,1.0471975511965983,150.46432396336797,2,10.0,46,5.000000000000004,0.7470856320608569,0.2115234854655815,0.3187799916838046,1.277389109210243,True,
278,66,69,31,63,freeform,-5.0,0.5,145.95,150.0,143.95,0.0,0.0,6.0,2.0,149.03945925601272,1.0471975511965983,150.08665680720932,2,10.0,0,,0.7451972962800636,0.2115234854655815,0.0,0.9567207817456451,True,
279,66,69,31,63,freeform,-5.0,0.5,146.125,150.0,144.125,0.0,0.0,6.0,2.0,149.03945925601272,1.0471975511965983,150.08665680720932,2,10.0,0,,0.7451972962800636,0.2115234854655815,0.0,0.9567207817456451,True,
280,66,70,31,51,freeform,-30.0,0.5,144.9,150.0,88.9,0.0,0.0,6.0,56.0,158.57437415779594,6.283185307179586,164.85755946497554,2,59.99999999999999,184,5.000000000000004,0.7928718707889797,1.2691409127934883,0.5593162457997598,2.6213290293822276,True,
281,66,70,31,51,freeform,-30.0,1.0,145.075,150.0,89.075,0.0,0.0,6.0,55.999999999999986,158.57437415779592,6.283185307179586,164.8575594649755,2,59.99999999999999,180,5.000000000000004,0.7928718707889796,1.2691409127934883,0.5288100536057448,2.5908228371882127,True,
282,66,70,31,51,freeform,-30.0,1.0,145.25,150.0,89.25,0.0,0.0,6.0,56.0,158.57437415779594,6.283185307179586,164.85755946497554,2,59.99999999999999,180,5.000000000000004,0.7928718707889797,1.2691409127934883,0.5582445242349661,2.6202573078174343,True,
283,66,70,31,51,freeform,-30.0,1.0,145.425,150.0,89.425,0.0,0.0,6.0,56.000000000000014,158.57437415779594,6.283185307179586,164.85755946497554,2,59.99999999999999,180,5.000000000000004,0.7928718707889797,1.2691409127934883,0.5491969533506399,2.611209736933108,True,
284,66,71,31,24,u,0.0,0.5,143.85,150.0,114.45,150.0,132.575,6.0,29.39999999999999,40.250000000000014,18.84955592153876,59.09955592153877,2,180.0,99,13.872102735011007,0.20125000000000007,3.807422738380465,0.2200001966667791,4.2286729350472445,True,
285,66,71,31,24,u,0.0,0.5,144.025,150.0,114.275,150.0,132.4,6.0,29.75,40.94999999999999,18.84955592153876,59.79955592153875,2,180.0,99,19.666638215041115,0.20474999999999996,3.807422738380465,0.20508937100345015,4.217262109383915,True,
286,66,71,31,24,u,0.0,0.5,143.5,150.0,114.625,150.0,103.525,6.0,28.875,97.82499999999999,18.84955592153876,116.67455592153874,2,180.0,116,4.999999999999998,0.489125,3.807422738380465,0.39455381926884875,4.691101557649313,True,
287,66,89,31,33,freeform,-60.0,0.5,144.725,150.0,8.95,0.0,0.0,6.0,135.775,214.5333263386704,12.566370614359172,227.0996969530296,2,119.99999999999999,293,5.000000000000004,1.072666631693352,2.5382818255869766,1.0661917163952668,4.677140173675595,True,
288,66,101,31,17,u,0.0,0.5,143.675,150.0,82.6,150.0,132.925,6.0,61.07500000000002,71.225,18.84955592153876,90.07455592153875,2,180.0,192,13.872102735011007,0.35612499999999997,3.807422738380465,0.42464307789128214,4.588190816271747,True,
289,66,111,31,19,u,0.0,0.5,144.2,150.0,91.95,150.0,132.225,6.0,52.249999999999986,63.8,18.84955592153876,82.64955592153876,2,180.0,165,13.872102735011007,0.319,3.807422738380465,0.3424703314116173,4.468893069792083,True,
290,66,113,31,5,u,0.0,0.5,144.55,150.0,28.6,150.0,103.175,6.0,115.95000000000002,185.60000000000002,18.84955592153876,204.44955592153877,2,180.0,255,5.000000000000004,0.9280000000000002,3.807422738380465,0.7331849622961708,5.468607700676635,True,
291,66,118,31,9,u,0.0,0.5,144.375,150.0,45.375,150.0,103.35,6.0,99.0,168.3,18.84955592153876,187.14955592153876,2,180.0,239,5.000000000000004,0.8415,3.807422738380465,0.6376789667689348,5.286601705149399,True,
292,68,72,61,57,u,0.0,0.5,132.5,0.0,117.125,0.0,6.05,6.0,15.375,3.4749999999999996,18.84955592153876,22.32455592153876,2,180.0,48,46.56746344221023,0.017374999999999998,3.807422738380465,0.11880966027218676,3.943607398652652,True,
293,68,72,61,57,u,0.0,0.5,132.675,0.0,116.95,0.0,12.7,6.0,15.725000000000009,17.125000000000007,18.84955592153876,35.974555921538766,2,180.0,54,45.0,0.08562500000000003,3.807422738380465,0.12333344571434991,4.016381184094815,True,
294,68,72,61,57,u,0.0,0.5,132.85,0.0,116.775,0.0,12.875,6.0,16.07499999999999,17.82499999999999,18.84955592153876,36.67455592153875,2,180.0,54,45.0,0.08912499999999994,3.807422738380465,0.12077382758504428,4.017321565965509,True,
295,68,72,61,57,u,0.0,0.5,133.025,0.0,116.6,0.0,13.05,6.0,16.42500000000001,18.525000000000013,18.84955592153876,37.37455592153877,2,180.0,54,45.0,0.09262500000000007,3.807422738380465,0.12107155299326834,4.021119291373734,True,
296,68,76,61,47,u,0.0,0.5,133.375,0.0,71.775,0.0,36.5,6.0,61.599999999999994,110.6,18.84955592153876,129.44955592153875,2,180.0,201,20.0,0.5529999999999999,3.807422738380465,0.5486611206634974,4.909083859043962,True,
297,68,76,61,47,u,0.0,0.5,133.55,0.0,71.6,0.0,37.025,6.0,61.95000000000002,112.00000000000003,18.84955592153876,130.84955592153878,2,180.0,201,19.66663821504124,0.5600000000000002,3.807422738380465,0.5455063888607934,4.912929127241259,True,
298,68,76,61,47,u,0.0,0.5,133.725,0.0,71.425,0.0,37.9,6.0,62.3,114.1,18.84955592153876,132.94955592153875,2,180.0,201,13.872102735011037,0.5705,3.807422738380465,0.5694349763437961,4.947357714724261,True,
299,68,77,61,49,u,0.0,0.5,133.2,0.0,80.6,0.0,13.225,6.0,52.599999999999994,55.05,18.84955592153876,73.89955592153876,2,180.0,169,13.872102735011143,0.27525,3.807422738380465,0.37571454659878845,4.458387284979254,True,
300,68,113,61,5,freeform,60.0,0.5,134.425,0.0,28.425,150.0,0.0,6.0,106.00000000000001,197.3427220735493,12.566370614359172,209.90909268790847,2,119.99999999999999,260,9.999999999999995,0.9867136103677466,2.5382818255869766,0.9121139150174759,4.437109350972199,True,
301,68,116,61,1,freeform,45.0,0.5,133.9,0.0,10.775,150.0,0.0,6.0,123.125,191.05891937023304,9.424777960769383,200.48369733100242,2,90.0,321,11.656623636104701,0.9552945968511652,1.9037113691902332,1.4062819864468508,4.265287952488249,True,
302,68,116,61,1,freeform,45.0,0.5,134.075,0.0,10.95,150.0,0.0,6.0,123.12499999999999,191.05891937023304,9.424777960769383,200.48369733100242,2,90.0,321,14.999999999999993,0.9552945968511652,1.9037113691902332,1.3999128766168831,4.258918842658282,True,
303,68,116,61,1,freeform,45.0,0.5,134.25,0.0,11.125,150.0,0.0,6.0,123.125,191.05891937023304,9.424777960769383,200.48369733100242,2,90.0,321,11.809010363687118,0.9552945968511652,1.9037113691902332,1.3989307508175732,4.257936716858972,True,
304,69,73,63,59,u,0.0,0.5,142.725,0.0,125.6,0.0,27.05,6.0,17.125,47.225,18.84955592153876,66.07455592153876,2,180.0,60,9.999999999999998,0.236125,3.807422738380465,0.17598235056134318,4.219530088941808,True,
305,69,73,63,59,u,0.0,0.5,142.025,0.0,126.125,0.0,17.075,6.0,15.900000000000006,26.050000000000004,18.84955592153876,44.89955592153876,2,180.0,53,13.872102735010488,0.13025000000000003,3.807422738380465,0.1412204016497533,4.078893140030218,True,
306,69,73,63,59,u,0.0,0.5,142.375,0.0,125.95,0.0,23.55,6.0,16.424999999999997,39.52500000000001,18.84955592153876,58.37455592153877,2,180.0,58,9.999999999999998,0.19762500000000008,3.807422738380465,0.15645850892867172,4.161506247309137,True,
307,69,73,63,59,u,0.0,0.5,142.55,0.0,125.775,0.0,42.275,6.0,16.775000000000006,77.325,18.84955592153876,96.17455592153877,2,180.0,64,9.999999999999998,0.386625,3.807422738380465,0.2077680849150961,4.4018158232955615,True,
308,69,77,63,49,u,0.0,0.5,142.2,0.0,80.95,0.0,9.9,6.0,61.249999999999986,57.04999999999998,18.84955592153876,75.89955592153873,2,180.0,205,2.363497901320423,0.28524999999999995,3.807422738380465,0.44961338120764627,4.542286119588111,True,
309,69,79,63,43,u,0.0,0.5,141.5,0.0,53.775,0.0,8.15,6.0,87.725,80.025,18.84955592153876,98.87455592153876,2,180.0,290,42.48111287543235,0.40012500000000006,3.807422738380465,0.5922920108335306,4.799839749213996,True,
310,69,79,63,43,u,0.0,0.5,141.675,0.0,53.6,0.0,8.325,6.0,88.07500000000002,80.72500000000002,18.84955592153876,99.57455592153877,2,180.0,290,39.9445051898149,0.4036250000000001,3.807422738380465,0.5841371385545557,4.7951848769350205,True,
311,69,79,63,43,u,0.0,0.5,141.85,0.0,53.425,0.0,41.75,6.0,88.425,147.925,18.84955592153876,166.77455592153876,2,180.0,244,4.9999999999999964,0.7396250000000001,3.807422738380465,0.6781254003573727,5.225173138737838,True,
312,69,99,63,25,freeform,10.0,1.0,143.075,0.0,118.775,150.0,0.0,6.0,24.299999999999983,150.02624659905777,2.094395102393195,152.12064170145098,2,20.0,104,9.999999999999853,0.7501312329952888,0.42304697093116267,0.49785779306159633,1.671035996988048,True,
313,69,99,63,25,freeform,10.0,1.0,143.25,0.0,118.95,150.0,0.0,6.0,24.299999999999997,150.02624659905777,2.094395102393195,152.12064170145098,2,20.0,104,9.999999999999853,0.7501312329952888,0.42304697093116267,0.5109827438949016,1.6841609478213533,True,
314,69,99,63,25,freeform,10.0,0.5,143.425,0.0,119.125,150.0,0.0,6.0,24.30000000000001,150.0262465990578,2.094395102393195,152.120641701451,2,20.0,106,9.999999999999853,0.750131232995289,0.42304697093116267,0.4792566276704542,1.652434831596906,True,
315,69,111,63,19,freeform,30.0,0.5,142.9,0.0,91.775,150.0,0.0,6.0,51.125,157.2681218446942,6.283185307179586,163.5513071518738,2,59.99999999999999,175,9.999999999999991,0.786340609223471,1.2691409127934883,0.5121131845408676,2.567594706557827,True,
316,72,70,57,51,u,0.0,0.5,114.675,0.0,89.775,0.0,7.45,6.0,24.89999999999999,15.79999999999999,18.84955592153876,34.64955592153875,2,180.0,93,2.3634979013204105,0.07899999999999995,3.807422738380465,0.3009228448130538,4.187345583193519,True,
317,72,70,57,51,u,0.0,0.5,114.5,0.0,90.125,0.0,32.3,6.0,24.375,64.975,18.84955592153876,83.82455592153875,2,180.0,128,13.87210273501104,0.32487499999999997,3.807422738380465,0.3727681972961127,4.505065935676577,True,
318,73,70,59,51,u,0.0,0.5,123.5,0.0,89.95,0.0,7.625,6.0,33.55,24.799999999999997,18.84955592153876,43.649555921538756,2,180.0,123,2.3634979013204105,0.12399999999999999,3.807422738380465,0.3913693907825088,4.322792129162974,True,
319,73,70,59,51,u,0.0,0.5,123.675,0.0,89.6,0.0,14.625,6.0,34.075,39.325,18.84955592153876,58.17455592153876,2,180.0,134,13.872102735011051,0.19662500000000002,3.807422738380465,0.3314883741838326,4.335536112564298,True,
320,70,79,51,43,u,0.0,0.5,87.5,0.0,54.125,0.0,7.8,6.0,33.375,24.975,18.84955592153876,43.82455592153876,2,180.0,110,17.978598690325644,0.12487500000000001,3.807422738380465,0.2555061360035064,4.187803874383971,True,
321,70,79,51,43,u,0.0,0.5,87.675,0.0,53.95,0.0,7.975,6.0,33.724999999999994,25.674999999999997,18.84955592153876,44.524555921538756,2,180.0,110,19.244048057788703,0.128375,3.807422738380465,0.24377999168380488,4.1795777300642705,True,
322,70,84,51,41,u,0.0,0.5,87.85,0.0,45.125,0.0,20.05,6.0,42.724999999999994,58.82499999999999,18.84955592153876,77.67455592153874,2,180.0,146,13.87210273501162,0.29412499999999997,3.807422738380465,0.3170537349830865,4.418601473363552,True,
323,93,70,27,51,freeform,-20.0,1.0,127.775,150.0,88.725,0.0,0.0,6.0,39.05000000000001,152.6537210596624,4.18879020478639,156.84251126444877,2,40.0,206,9.999999999999991,0.763268605298312,0.8460939418623253,0.8263994527044509,2.435761999865088,True,
324,111,70,19,51,freeform,-5.0,0.0,91.25,150.0,88.375,0.0,0.0,6.0,2.875,149.07766258105767,1.0471975511965983,150.12486013225427,2,10.0,223,4.999999999999995,0.7453883129052884,0.2115234854655815,0.7067263971769888,1.6636381955478587,True,
325,111,70,19,51,freeform,-10.0,0.5,91.425,150.0,88.55,0.0,0.0,6.0,2.875,148.15180198301485,2.0943951023931953,150.24619708540806,2,20.0,219,10.000000000000007,0.7407590099150743,0.4230469709311627,0.6259527100682164,1.7897586909144536,True,
326,70,113,51,5,freeform,30.0,0.0,88.025,0.0,27.725,150.0,0.0,6.0,60.300000000000004,159.72655568524976,6.283185307179586,166.00974099242936,2,59.99999999999999,252,9.999999999999996,0.7986327784262488,1.2691409127934883,0.9205065574323199,2.988280248652057,True,
327,70,118,51,9,freeform,20.0,0.5,88.2,0.0,45.025,150.0,0.0,6.0,43.175000000000004,153.3810698550848,4.188790204786391,157.5698600598712,2,40.0,255,9.999999999999991,0.7669053492754241,0.8460939418623257,0.9958637043030719,2.6088629954408216,True,
328,73,71,59,24,freeform,5.0,0.0,124.55,0.0,113.925,150.0,0.0,6.0,10.625,149.41603488859863,1.0471975511965983,150.46323243979523,2,10.0,137,4.999999999999998,0.7470801744429931,0.2115234854655815,0.569940438061203,1.5285440979697777,True,
329,73,71,59,24,freeform,5.0,0.0,124.725,0.0,114.1,150.0,0.0,6.0,10.625,149.41603488859863,1.0471975511965983,150.46323243979523,2,10.0,137,4.999999999999998,0.7470801744429931,0.2115234854655815,0.5688094917006623,1.5274131516092369,True,
330,71,86,24,39,freeform,-30.0,0.0,113.05,150.0,35.075,0.0,0.0,6.0,77.975,164.46255766146984,6.283185307179586,170.74574296864944,2,59.99999999999999,297,9.999999999999991,0.8223127883073492,1.2691409127934883,1.003512946293115,3.094966647393952,True,
331,71,108,24,13,u,0.0,0.5,112.0,150.0,65.125,150.0,122.25,6.0,46.875,78.375,18.84955592153876,97.22455592153875,2,180.0,166,9.999999999999998,0.39187500000000003,3.807422738380465,0.4780657541328115,4.677363492513276,True,
332,71,111,24,19,u,0.0,0.5,112.175,150.0,92.125,150.0,121.9,6.0,20.049999999999997,52.249999999999986,18.84955592153876,71.09955592153875,2,180.0,89,9.999999999999998,0.2612499999999999,3.807422738380465,0.28651807086746905,4.355190809247934,True,
333,93,72,27,57,freeform,-10.0,0.5,128.125,150.0,116.425,0.0,0.0,6.0,11.700000000000003,148.92388943863114,2.094395102393195,151.01828454102434,2,20.0,118,9.999999999999996,0.7446194471931556,0.42304697093116267,0.4844050548981263,1.6520714730224446,True,
334,72,108,57,13,freeform,20.0,0.0,115.9,0.0,64.075,150.0,0.0,6.0,51.825,154.90629823821303,4.18879020478639,159.0950884429994,2,40.0,265,9.999999999999996,0.7745314911910651,0.8460939418623253,1.1336027106301227,2.7542281436835134,True,
335,72,108,57,13,freeform,20.0,0.5,116.075,0.0,64.25,150.0,0.0,6.0,51.825,154.90629823821305,4.18879020478639,159.09508844299944,2,40.0,267,9.999999999999991,0.7745314911910652,0.8460939418623253,1.0615782509018603,2.682203683955251,True,
336,72,108,57,13,freeform,20.0,0.5,116.25,0.0,64.425,150.0,0.0,6.0,51.825,154.90629823821305,4.18879020478639,159.09508844299944,2,40.0,267,9.999999999999996,0.7745314911910652,0.8460939418623253,1.1307157827899739,2.7513412158433646,True,
337,72,113,57,5,freeform,45.0,0.5,115.375,0.0,28.075,150.0,0.0,6.0,87.3,176.21971849821693,9.424777960769383,185.6444964589863,2,90.0,252,8.23535723800098,0.8810985924910847,1.9037113691902332,1.0452693211062798,3.8300792827875974,True,
338,72,116,57,1,freeform,45.0,0.0,114.85,0.0,10.25,150.0,0.0,6.0,104.6,183.38561312727143,9.424777960769383,192.8103910880408,2,90.0,330,10.000000000000007,0.9169280656363572,1.9037113691902332,1.5000316352561724,4.3206710700827635,True,
339,72,116,57,1,freeform,45.0,0.0,115.025,0.0,10.425,150.0,0.0,6.0,104.60000000000001,183.38561312727148,9.424777960769383,192.81039108804086,2,90.0,330,9.999999999999984,0.9169280656363574,1.9037113691902332,1.5129484564467366,4.333587891273327,True,
340,72,116,57,1,freeform,45.0,0.5,115.2,0.0,10.6,150.0,0.0,6.0,104.60000000000001,183.38561312727148,9.424777960769374,192.81039108804086,2,90.0,292,9.999999999999963,0.9169280656363574,1.9037113691902314,1.2111327163615537,4.031772151188143,True,
341,61,73,29,59,freeform,-10.0,0.5,136.425,150.0,125.425,0.0,0.0,6.0,11.000000000000014,148.86264737416298,2.094395102393195,150.95704247655618,2,20.0,76,9.999999999999977,0.7443132368708149,0.42304697093116267,0.2769645887416697,1.4443247965436472,True,
342,73,99,59,25,freeform,5.0,0.0,124.9,0.0,118.25,150.0,0.0,6.0,6.650000000000006,149.2424826405373,1.0471975511965983,150.2896801917339,2,10.0,128,4.999999999999997,0.7462124132026865,0.2115234854655815,0.48422625670071806,1.441962155368986,True,
343,73,99,59,25,freeform,5.0,0.0,125.075,0.0,118.425,150.0,0.0,6.0,6.650000000000006,149.2424826405373,1.0471975511965983,150.2896801917339,2,10.0,128,4.999999999999997,0.7462124132026865,0.2115234854655815,0.47883932886056885,1.4365752275288368,True,
344,73,99,59,25,freeform,5.0,0.5,125.25,0.0,118.6,150.0,0.0,6.0,6.650000000000006,149.2424826405373,1.0471975511965983,150.2896801917339,2,10.0,126,9.999999999999993,0.7462124132026865,0.2115234854655815,0.46035731544227554,1.4180932141105436,True,
345,73,108,59,13,freeform,30.0,0.0,124.2,0.0,64.6,150.0,0.0,6.0,59.60000000000001,159.53899125054795,6.283185307179586,165.82217655772754,2,59.99999999999999,274,9.999999999999993,0.7976949562527398,1.2691409127934883,0.9399112751873971,3.0067471442336253,True,
346,73,111,59,19,freeform,20.0,0.0,124.375,0.0,91.6,150.0,0.0,6.0,32.775000000000006,151.54726925571677,4.18879020478639,155.73605946050316,2,40.0,213,9.999999999999993,0.7577363462785839,0.8460939418623253,0.6920240102041963,2.2958542983451053,True,
347,73,113,59,5,freeform,45.0,0.0,123.85,0.0,28.25,150.0,0.0,6.0,95.6,179.65769106591358,9.424777960769383,189.08246902668296,2,90.0,314,10.000000000000023,0.8982884553295679,1.9037113691902332,1.4210432610723387,4.22304308559214,True,
348,73,117,59,7,freeform,45.0,0.5,124.025,0.0,36.725,150.0,0.0,6.0,87.30000000000001,176.21971849821693,9.424777960769383,185.6444964589863,2,90.0,258,4.999999999999997,0.8810985924910847,1.9037113691902332,1.1125906914803967,3.8974006531617142,True,
349,74,76,55,47,u,0.0,0.5,105.85,0.0,72.125,0.0,28.625,6.0,33.724999999999994,66.975,18.84955592153876,85.82455592153875,2,180.0,130,19.999999999999996,0.334875,3.807422738380465,0.3255955070069565,4.467893245387422,True,
350,74,76,55,47,u,0.0,0.5,106.025,0.0,71.95,0.0,28.8,6.0,34.075,67.675,18.84955592153876,86.52455592153876,2,180.0,130,19.999999999999996,0.338375,3.807422738380465,0.3237799073980425,4.469577645778507,True,
351,74,77,55,49,u,0.0,0.5,105.675,0.0,80.775,0.0,9.725,6.0,24.89999999999999,20.349999999999994,18.84955592153876,39.19955592153875,2,180.0,85,2.363497901320423,0.10174999999999998,3.807422738380465,0.21380977265320353,4.122982511033668,True,
352,74,77,55,49,u,0.0,0.5,105.5,0.0,81.125,0.0,28.45,6.0,24.375,57.275000000000006,18.84955592153876,76.12455592153876,2,180.0,108,13.872102735011056,0.28637500000000005,3.807422738380465,0.32761940483013635,4.421417143210601,True,
353,74,78,55,45,u,0.0,0.5,106.2,0.0,63.125,0.0,28.975,6.0,43.075,77.025,18.84955592153876,95.87455592153876,2,180.0,152,9.999999999999998,0.38512500000000005,3.807422738380465,0.3947323927042242,4.58728013108469,True,
354,74,78,55,45,u,0.0,0.5,106.375,0.0,62.95,0.0,29.15,6.0,43.425,77.725,18.84955592153876,96.57455592153875,2,180.0,152,9.999999999999998,0.388625,3.807422738380465,0.3896132969218839,4.5856610353023495,True,
355,74,78,55,45,u,0.0,0.5,106.55,0.0,62.775,0.0,29.325,6.0,43.775,78.425,18.84955592153876,97.27455592153876,2,180.0,152,9.999999999999998,0.392125,3.807422738380465,0.3846133250171381,4.5841610633976035,True,
356,74,78,55,45,u,0.0,0.5,106.725,0.0,62.6,0.0,30.2,6.0,44.12499999999999,80.525,18.84955592153876,99.37455592153876,2,180.0,152,9.999999999999998,0.402625,3.807422738380465,0.37892881224503555,4.588976550625501,True,
357,93,74,27,55,freeform,-10.0,0.0,127.95,150.0,108.125,0.0,0.0,5.0,19.825000000000003,149.98468948388296,1.7453292519943298,151.73001873587728,2,20.0,177,4.999999999999994,0.7499234474194149,0.5294606614934044,0.7180656698470498,1.997449778759869,True,
358,98,74,23,55,freeform,-5.0,1.0,109.6,150.0,107.425,0.0,0.0,6.0,2.174999999999997,149.0470999210217,1.0471975511965983,150.0942974722183,2,10.0,175,4.999999999999994,0.7452354996051085,0.2115234854655815,0.5547026960205891,1.511461681091279,True,
359,98,74,23,55,freeform,-5.0,1.0,109.775,150.0,107.6,0.0,0.0,6.0,2.1750000000000114,149.04709992102173,1.0471975511965983,150.09429747221833,2,10.0,175,4.999999999999994,0.7452354996051086,0.2115234854655815,0.55008956767023,1.50684855274092,True,
360,98,74,23,55,freeform,-5.0,1.0,109.95,150.0,107.775,0.0,0.0,6.0,2.174999999999997,149.0470999210217,1.0471975511965983,150.0942974722183,2,10.0,175,4.999999999999994,0.7452354996051085,0.2115234854655815,0.5515479080273769,1.5083068930980668,True,
361,74,113,55,5,freeform,45.0,0.5,106.9,0.0,27.9,150.0,0.0,6.0,79.0,172.78174593052023,9.424777960769383,182.2065238912896,2,90.0,246,10.000000000000023,0.8639087296526011,1.9037113691902332,0.8742570210040135,3.641877119846848,True,
362,74,118,55,9,freeform,30.0,1.0,107.075,0.0,45.2,150.0,0.0,6.0,61.875,160.14857566332876,6.283185307179586,166.43176097050835,2,59.99999999999999,297,4.476388681051385,0.8007428783166438,1.2691409127934883,0.8921136902554441,2.961997481365576,True,
363,76,80,47,35,u,0.0,0.5,69.5,0.0,17.075,0.0,10.6,6.0,52.425,49.625,18.84955592153876,68.47455592153875,2,180.0,166,20.0,0.248125,3.807422738380465,0.3344940887585266,4.390041827138992,True,
364,76,80,47,35,u,0.0,0.5,69.675,0.0,16.9,0.0,10.775,6.0,52.775,50.324999999999996,18.84955592153876,69.17455592153875,2,180.0,166,20.0,0.251625,3.807422738380465,0.32973213984693667,4.3887798782274015,True,
365,76,80,47,35,u,0.0,0.5,69.85,0.0,16.725,0.0,11.475,6.0,53.12499999999999,52.074999999999996,18.84955592153876,70.92455592153875,2,180.0,166,19.666638215041665,0.26037499999999997,3.807422738380465,0.3513690255442046,4.41916676392467,True,
366,76,80,47,35,u,0.0,0.5,70.025,0.0,16.55,0.0,13.575,6.0,53.47500000000001,56.625000000000014,18.84955592153876,75.47455592153878,2,180.0,162,13.872102735011051,0.28312500000000007,3.807422738380465,0.34452384163267086,4.435071580013136,True,
367,93,76,27,47,freeform,-30.0,1.0,127.425,150.0,71.075,0.0,0.0,6.0,56.349999999999994,158.66815637514682,6.283185307179586,164.95134168232642,2,59.99999999999999,238,9.999999999999991,0.7933407818757341,1.2691409127934883,0.6801793320072379,2.7426610266764606,True,
368,93,76,27,47,freeform,-30.0,1.0,127.6,150.0,71.25,0.0,0.0,6.0,56.349999999999994,158.66815637514682,6.283185307179586,164.95134168232642,2,59.99999999999999,238,9.999999999999991,0.7933407818757341,1.2691409127934883,0.6957150804086181,2.758196775077841,True,
369,76,108,47,13,freeform,5.0,0.0,70.725,0.0,63.2,150.0,0.0,5.0,7.5249999999999915,149.45532973721632,0.8726646259971649,150.3279943632135,2,10.0,241,4.999999999999999,0.7472766486860816,0.2647303307467022,0.8815477113605994,1.8935546907933831,True,
370,76,108,47,13,freeform,5.0,0.0,70.9,0.0,63.375,150.0,0.0,6.0,7.525000000000006,149.28068596558225,1.0471975511965983,150.32788351677885,2,10.0,241,4.999999999999997,0.7464034298279113,0.2115234854655815,0.8930955070069568,1.8510224223004497,True,
371,76,113,47,5,freeform,20.0,0.0,70.55,0.0,27.375,150.0,0.0,6.0,43.175,153.3810698550848,4.188790204786391,157.5698600598712,2,40.0,233,9.999999999999993,0.7669053492754241,0.8460939418623257,1.0101493824663161,2.623148673604066,True,
372,76,116,47,1,freeform,30.0,0.0,70.2,0.0,8.675,150.0,0.0,6.0,61.525000000000006,160.05479344597788,6.283185307179586,166.33797875315747,2,59.99999999999999,229,9.999999999999993,0.8002739672298894,1.2691409127934883,0.6772920951192929,2.7467069751426707,True,
373,76,116,47,1,freeform,30.0,0.0,70.375,0.0,8.85,150.0,0.0,6.0,61.525,160.05479344597788,6.283185307179586,166.33797875315747,2,59.99999999999999,229,9.999999999999995,0.8002739672298894,1.2691409127934883,0.6617562624321501,2.731171142455528,True,
374,77,81,49,37,u,0.0,0.5,78.5,0.0,26.425,0.0,14.975,6.0,52.075,58.025000000000006,18.84955592153876,76.87455592153876,2,180.0,170,9.999999999999996,0.290125,3.807422738380465,0.36619064877560853,4.463738387156074,True,
375,77,81,49,37,u,0.0,0.5,78.675,0.0,26.25,0.0,15.15,6.0,52.425,58.724999999999994,18.84955592153876,77.57455592153875,2,180.0,170,9.999999999999996,0.29362499999999997,3.807422738380465,0.3644347234865083,4.465482461866973,True,
376,77,81,49,37,u,0.0,0.5,78.85,0.0,26.075,0.0,15.325,6.0,52.77499999999999,59.425,18.84955592153876,78.27455592153876,2,180.0,170,9.999999999999996,0.297125,3.807422738380465,0.37589300765314687,4.480440746033612,True,
377,77,81,49,37,u,0.0,0.5,79.025,0.0,25.9,0.0,15.5,6.0,53.12500000000001,60.12500000000001,18.84955592153876,78.97455592153877,2,180.0,170,9.999999999999996,0.30062500000000003,3.807422738380465,0.3853871245069279,4.493434862887393,True,
378,77,108,49,13,freeform,10.0,0.0,79.375,0.0,63.55,150.0,0.0,6.0,15.825000000000003,149.28478017567556,2.0943951023931953,151.37917527806877,2,20.0,255,9.999999999999998,0.7464239008783778,0.4230469709311627,0.8588991436566563,2.028370015466197,True,
379,77,108,49,13,freeform,10.0,0.0,79.55,0.0,63.725,150.0,0.0,6.0,15.824999999999996,149.28478017567556,2.0943951023931966,151.37917527806877,2,20.0,255,9.999999999999993,0.7464239008783778,0.423046970931163,0.8618159648472208,2.0312868366567614,True,
380,77,108,49,13,freeform,10.0,0.0,79.725,0.0,63.9,150.0,0.0,5.0,15.824999999999996,149.63473482977926,1.7453292519943298,151.38006408177358,2,20.0,255,9.999999999999993,0.7481736741488964,0.5294606614934044,0.8557444399492065,2.133378775591507,True,
381,77,113,49,5,freeform,30.0,0.0,79.2,0.0,27.55,150.0,0.0,6.0,51.650000000000006,157.40879517072054,6.283185307179586,163.69198047790013,2,59.99999999999999,238,9.999999999999995,0.7870439758536028,1.2691409127934883,0.7795838811907897,2.835768769837881,True,
382,78,80,45,35,u,0.0,0.5,60.85,0.0,17.425,0.0,10.25,6.0,43.425,39.925,18.84955592153876,58.774555921538756,2,180.0,132,50.56778186861048,0.199625,3.807422738380465,0.2502977535034784,4.257345491883943,True,
383,78,80,45,35,u,0.0,0.5,61.025,0.0,17.25,0.0,10.425,6.0,43.775,40.625,18.84955592153876,59.47455592153876,2,180.0,132,49.60549403024999,0.203125,3.807422738380465,0.24907740804423334,4.259625146424699,True,
384,78,81,45,37,u,0.0,0.5,60.5,0.0,26.775,0.0,9.9,6.0,33.725,29.525,18.84955592153876,48.37455592153876,2,180.0,108,37.26596292649422,0.147625,3.807422738380465,0.23520846678579077,4.190256205166256,True,
385,78,81,45,37,u,0.0,0.5,60.675,0.0,26.6,0.0,10.075,6.0,34.074999999999996,30.224999999999994,18.84955592153876,49.07455592153875,2,180.0,108,39.94450518981486,0.15112499999999998,3.807422738380465,0.23160721710888613,4.190154955489351,True,
386,99,78,25,45,freeform,-30.0,0.5,117.9,150.0,62.25,0.0,0.0,6.0,55.650000000000006,158.48059194044504,6.283185307179586,164.76377724762463,2,59.99999999999999,238,9.999999999999995,0.7924029597022252,1.2691409127934883,0.7788996774664835,2.8404435499621967,True,
387,99,78,25,45,freeform,-30.0,0.5,118.075,150.0,62.425,0.0,0.0,6.0,55.650000000000006,158.48059194044504,6.283185307179586,164.76377724762463,2,59.99999999999999,238,9.999999999999995,0.7924029597022252,1.2691409127934883,0.7727091691671454,2.834253041662859,True,
388,101,78,17,45,freeform,-20.0,0.5,81.9,150.0,61.725,0.0,0.0,6.0,20.175000000000004,149.32554929879012,4.188790204786389,153.5143395035765,2,40.0,247,9.999999999999991,0.7466277464939506,0.8460939418623251,0.722738191564683,2.3154598799209585,True,
389,101,78,17,45,freeform,-20.0,0.5,82.075,150.0,61.9,0.0,0.0,6.0,20.175000000000004,149.32554929879012,4.188790204786389,153.5143395035765,2,40.0,247,9.999999999999991,0.7466277464939506,0.8460939418623251,0.7292560657653729,2.3219777541216486,True,
390,78,113,45,5,freeform,20.0,0.5,61.2,0.0,27.2,150.0,0.0,6.0,34.0,151.76326980708464,4.188790204786391,155.95206001187103,2,40.0,216,9.999999999999993,0.7588163490354232,0.8460939418623257,0.814137166649811,2.41904745754756,True,
391,78,118,45,9,freeform,10.0,0.5,61.375,0.0,44.85,150.0,0.0,6.0,16.525,149.34602224014372,2.0943951023931953,151.44041734253693,2,20.0,233,9.999999999999993,0.7467301112007186,0.4230469709311627,0.7884530472112671,1.9582301293431486,True,
392,79,80,43,35,u,0.0,0.5,52.025,0.0,18.125,0.0,8.15,6.0,33.9,26.199999999999996,18.84955592153876,45.049555921538754,2,180.0,109,44.90052796068899,0.13099999999999998,3.807422738380465,0.22886916602047608,4.167291904400941,True,
393,79,80,43,35,u,0.0,0.5,52.2,0.0,17.95,0.0,8.325,6.0,34.25,26.900000000000002,18.84955592153876,45.74955592153876,2,180.0,109,42.481112875432366,0.1345,3.807422738380465,0.22181559960891425,4.163738337989379,True,
394,79,80,43,35,u,0.0,0.5,52.375,0.0,17.775,0.0,8.5,6.0,34.6,27.6,18.84955592153876,46.44955592153876,2,180.0,109,39.9445051898149,0.138,3.807422738380465,0.21473222413269966,4.160154962513165,True,
395,79,80,43,35,u,0.0,0.5,52.55,0.0,17.6,0.0,8.675,6.0,34.949999999999996,28.299999999999997,18.84955592153876,47.149555921538756,2,180.0,109,37.26596292649422,0.1415,3.807422738380465,0.213392923367385,4.16231566174785,True,
396,79,81,43,37,u,0.0,0.5,51.675,0.0,27.125,0.0,7.8,6.0,24.549999999999997,16.15,18.84955592153876,34.99955592153876,2,180.0,79,42.48111287543236,0.08074999999999999,3.807422738380465,0.1795537349830868,4.067726473363552,True,
397,79,81,43,37,u,0.0,0.5,51.85,0.0,26.95,0.0,7.975,6.0,24.900000000000002,16.849999999999998,18.84955592153876,35.69955592153876,2,180.0,79,44.90052796068899,0.08424999999999999,3.807422738380465,0.17205365069732434,4.0637263890777895,True,
398,79,86,43,39,u,0.0,0.5,51.5,0.0,36.125,0.0,7.625,6.0,15.375,6.625,18.84955592153876,25.47455592153876,2,180.0,48,39.9445051898149,0.033125,3.807422738380465,0.11845248530618205,3.959000223686647,True,
399,108,79,13,43,freeform,-10.0,0.5,62.675,150.0,52.725,0.0,0.0,6.0,9.949999999999996,148.77078427746076,2.094395102393195,150.86517937985397,2,20.0,244,4.999999999999993,0.7438539213873038,0.42304697093116267,0.7815186889630632,1.9484195812815297,True,
400,108,79,13,43,freeform,-10.0,0.5,62.85,150.0,52.9,0.0,0.0,6.0,9.950000000000003,148.77078427746076,2.094395102393195,150.86517937985397,2,20.0,246,4.999999999999993,0.7438539213873038,0.42304697093116267,0.7910419967859057,1.9579428891043722,True,
401,109,79,15,43,freeform,-10.0,1.0,73.425,150.0,53.075,0.0,0.0,6.0,20.349999999999994,149.68066637813035,2.094395102393195,151.77506148052356,2,20.0,256,9.999999999999998,0.7484033318906518,0.42304697093116267,0.9124409999662877,2.083891302788102,True,
402,61,80,29,35,freeform,-45.0,0.5,135.375,150.0,16.375,0.0,0.0,6.0,119.0,189.350288425444,9.42477796076938,198.77506638621338,2,90.0,300,13.872102735011566,0.9467514421272201,1.9037113691902325,1.5463410707663248,4.396803882083777,True,
403,108,80,13,35,freeform,-30.0,0.0,62.5,150.0,16.2,0.0,0.0,6.0,46.3,155.97526699121403,6.283185307179586,162.25845229839362,2,59.99999999999999,178,9.999999999999996,0.7798763349560701,1.2691409127934883,0.5194648135037035,2.568482061253262,True,
404,113,80,5,35,freeform,-10.0,0.0,26.85,150.0,15.675,0.0,0.0,6.0,11.175,148.87795789028002,2.0943951023931957,150.97235299267322,2,20.0,83,9.999999999999988,0.7443897894514001,0.42304697093116284,0.3319347796770171,1.4993715400595802,True,
405,113,80,5,35,freeform,-10.0,0.0,27.025,150.0,15.85,0.0,0.0,6.0,11.174999999999999,148.87795789028002,2.0943951023931953,150.97235299267322,2,20.0,83,9.999999999999986,0.7443897894514001,0.4230469709311627,0.3367861276873112,1.504222888069874,True,
406,117,80,7,35,freeform,-10.0,0.0,35.85,150.0,16.025,0.0,0.0,6.0,19.825000000000003,149.6347348297793,2.094395102393195,151.7291299321725,2,20.0,111,9.999999999999996,0.7481736741488965,0.42304697093116267,0.41764932627580537,1.5888699713558645,True,
407,62,81,53,37,u,0.0,0.5,96.675,0.0,25.725,0.0,23.725,6.0,70.94999999999999,94.4,18.84955592153876,113.24955592153876,2,180.0,195,19.08049243022811,0.47200000000000003,3.807422738380465,0.390000112381016,4.669422850761482,True,
408,62,81,53,37,u,0.0,0.5,96.85,0.0,25.55,0.0,23.9,6.0,71.3,95.1,18.84955592153876,113.94955592153875,2,180.0,195,22.868168807907455,0.4755,3.807422738380465,0.3863989750851281,4.669321713465593,True,
409,62,81,53,37,u,0.0,0.5,97.025,0.0,25.375,0.0,24.425,6.0,71.65,96.5,18.84955592153876,115.34955592153875,2,180.0,199,18.21078005963874,0.4825,3.807422738380465,0.4257738837755521,4.715696622156017,True,
410,62,81,53,37,u,0.0,0.5,97.2,0.0,25.2,0.0,24.6,6.0,72.0,97.19999999999999,18.84955592153876,116.04955592153874,2,180.0,201,12.627551109931618,0.48599999999999993,3.807422738380465,0.4214585089286711,4.714881247309136,True,
411,62,84,53,41,u,0.0,0.5,96.5,0.0,44.95,0.0,23.55,6.0,51.55,74.64999999999999,18.84955592153876,93.49955592153876,2,180.0,169,13.872102735011056,0.37324999999999997,3.807422738380465,0.3645537068878321,4.5452264452682964,True,
412,107,84,11,41,freeform,-10.0,0.0,53.5,150.0,43.2,0.0,0.0,6.0,10.299999999999997,148.80140530969484,2.0943951023931953,150.89580041208805,2,20.0,208,4.999999999999997,0.7440070265484743,0.4230469709311627,0.6907442151871713,1.8577982126668084,True,
413,107,84,11,41,freeform,-10.0,0.5,53.675,150.0,43.375,0.0,0.0,6.0,10.299999999999997,148.80140530969484,2.094395102393195,150.89580041208805,2,20.0,218,4.999999999999997,0.7440070265484743,0.42304697093116267,0.7223217637076765,1.8893757611873134,True,
414,84,114,41,3,freeform,10.0,0.0,42.675,0.0,19.425,150.0,0.0,6.0,23.249999999999996,149.9343835023556,2.094395102393195,152.0287786047488,2,20.0,158,9.999999999999984,0.749671917511778,0.42304697093116267,0.6497026117348264,1.822421500177767,True,
415,84,114,41,3,freeform,10.0,0.0,42.85,0.0,19.6,150.0,0.0,6.0,23.25,149.9343835023556,2.094395102393195,152.0287786047488,2,20.0,158,9.999999999999984,0.749671917511778,0.42304697093116267,0.635655012755246,1.8083739011981868,True,
416,86,114,39,3,freeform,10.0,0.0,33.5,0.0,18.9,150.0,0.0,6.0,14.600000000000001,149.17760656285628,2.0943951023931953,151.2720016652495,2,20.0,126,5.0,0.7458880328142814,0.4230469709311627,0.4858036366496974,1.6547386403951416,True,
417,86,114,39,3,freeform,10.0,0.0,33.675,0.0,19.075,150.0,0.0,6.0,14.599999999999998,149.17760656285628,2.0943951023931953,151.2720016652495,2,20.0,126,5.000000000000002,0.7458880328142814,0.4230469709311627,0.4956251755953386,1.664560179340783,True,
418,117,86,7,39,freeform,-5.0,0.0,36.025,150.0,34.025,0.0,0.0,6.0,2.0,149.03945925601272,1.0471975511965976,150.08665680720932,2,10.0,156,4.999999999999993,0.7451972962800636,0.21152348546558136,0.5645836564287556,1.5213044381744005,True,
419,118,86,9,39,freeform,-10.0,0.5,44.675,150.0,34.2,0.0,0.0,6.0,10.474999999999994,148.81671582581188,2.094395102393195,150.9111109282051,2,20.0,173,9.999999999999998,0.7440835791290594,0.42304697093116267,0.5387506883337263,1.7058812383939483,True,
420,84,89,41,33,u,0.0,0.5,42.5,0.0,9.125,0.0,6.05,6.0,33.375,21.475,18.84955592153876,40.32455592153876,2,180.0,112,44.90052796068899,0.10737500000000001,3.807422738380465,0.2399108537585832,4.154708592139048,True,
421,117,89,7,33,freeform,-20.0,0.5,35.5,150.0,8.25,0.0,0.0,6.0,27.25,150.5730626873025,4.188790204786391,154.76185289208888,2,40.0,118,4.999999999999993,0.7528653134365125,0.8460939418623257,0.4655956474832275,2.0645549027820658,True,
422,117,89,7,33,freeform,-20.0,0.5,35.675,150.0,8.425,0.0,0.0,6.0,27.249999999999996,150.5730626873025,4.188790204786391,154.76185289208888,2,40.0,118,4.999999999999993,0.7528653134365125,0.8460939418623257,0.4617265938437682,2.0606858491426063,True,
423,93,107,27,11,u,0.0,0.5,125.5,150.0,55.6,150.0,112.8,6.0,69.9,120.3,18.84955592153876,139.14955592153876,2,180.0,219,10.000000000000002,0.6015,3.807422738380465,0.5105656417517949,4.919488380132259,True,
424,93,107,27,11,u,0.0,0.5,125.675,150.0,55.425,150.0,112.625,6.0,70.25,121.0,18.84955592153876,139.84955592153875,2,180.0,219,10.000000000000002,0.605,3.807422738380465,0.5134229010035621,4.925845639384027,True,
425,93,107,27,11,u,0.0,0.5,125.85,150.0,55.25,150.0,112.45,6.0,70.6,121.69999999999999,18.84955592153876,140.54955592153874,2,180.0,219,10.000000000000002,0.6084999999999999,3.807422738380465,0.5163990312756366,4.932321769656102,True,
426,93,107,27,11,u,0.0,0.5,126.025,150.0,55.075,150.0,111.75,6.0,70.95,123.45,18.84955592153876,142.29955592153877,2,180.0,225,2.820810759755758,0.6172500000000001,3.807422738380465,0.5856252317858475,5.010297970166313,True,
427,93,107,27,11,u,0.0,0.5,126.2,150.0,54.9,150.0,111.575,6.0,71.30000000000001,124.14999999999999,18.84955592153876,142.99955592153876,2,180.0,229,2.820810759753933,0.62075,3.807422738380465,0.60479187035726,5.032964608737725,True,
428,93,107,27,11,u,0.0,0.5,126.375,150.0,54.725,150.0,111.4,6.0,71.65,124.85,18.84955592153876,143.69955592153875,2,180.0,229,10.000000000000002,0.62425,3.807422738380465,0.575029977636178,5.006702716016643,True,
429,93,107,27,11,u,0.0,0.5,126.55,150.0,54.55,150.0,111.225,6.0,72.0,125.55000000000001,18.84955592153876,144.39955592153876,2,180.0,229,10.000000000000002,0.62775,3.807422738380465,0.5513693064967464,4.986542044877211,True,
430,93,107,27,11,u,0.0,0.5,126.725,150.0,54.375,150.0,111.05,6.0,72.35,126.25,18.84955592153876,145.09955592153875,2,180.0,229,10.000000000000002,0.63125,3.807422738380465,0.5513396098131104,4.990012348193575,True,
431,93,107,27,11,u,0.0,0.5,126.9,150.0,54.2,150.0,110.875,6.0,72.7,126.95,18.84955592153876,145.79955592153877,2,180.0,229,10.000000000000002,0.63475,3.807422738380465,0.5564287841497813,4.9986015225302465,True,
432,93,107,27,11,u,0.0,0.5,127.075,150.0,54.025,150.0,110.7,6.0,73.05000000000001,127.64999999999999,18.84955592153876,146.49955592153876,2,180.0,229,10.000000000000002,0.63825,3.807422738380465,0.5693454648640753,5.015018203244541,True,
433,93,113,27,5,u,0.0,0.5,127.25,150.0,28.775,150.0,110.525,6.0,98.475,153.42499999999998,18.84955592153876,172.27455592153873,2,180.0,258,10.0,0.767125,3.807422738380465,0.7279171302383618,5.302464868618827,True,
434,98,74,23,55,freeform,-5.0,1.0,110.125,150.0,107.95,0.0,0.0,6.0,2.174999999999997,149.0470999210217,1.0471975511965983,150.0942974722183,2,10.0,175,4.999999999999994,0.7452354996051085,0.2115234854655815,0.5545836283335028,1.5113426134041927,True,
435,98,78,23,45,freeform,-30.0,0.0,109.425,150.0,62.075,0.0,0.0,6.0,47.349999999999994,156.2566136432667,6.283185307179586,162.53979895044628,2,59.99999999999999,276,4.999999999999998,0.7812830682163334,1.2691409127934883,0.8580660350853558,2.9084900160951777,True,
436,98,89,23,33,freeform,-45.0,0.5,109.075,150.0,8.6,0.0,0.0,6.0,100.47500000000001,181.67698218248248,9.42477796076938,191.10176014325185,2,90.0,269,6.083280341445206,0.9083849109124124,1.9037113691902325,1.3979778159873233,4.2100740960899685,True,
437,98,89,23,33,freeform,-45.0,0.5,109.25,150.0,8.775,0.0,0.0,6.0,100.475,181.67698218248248,9.42477796076938,191.10176014325185,2,90.0,269,13.158268799451907,0.9083849109124124,1.9037113691902325,1.4104779283683397,4.222574208470984,True,
438,98,101,23,17,u,0.0,0.5,107.5,150.0,82.425,150.0,136.075,6.0,25.075000000000003,28.925000000000026,18.84955592153876,47.774555921538784,2,180.0,80,13.872102735011007,0.14462500000000014,3.807422738380465,0.21389900318038266,4.165946741560847,True,
439,98,109,23,15,u,0.0,0.5,107.675,150.0,74.125,150.0,124.175,6.0,33.55,61.199999999999974,18.84955592153878,80.04955592153875,2,180.0,109,9.999999999999998,0.3059999999999999,3.807422738380469,0.27604188440488625,4.389464622785355,True,
440,98,109,23,15,u,0.0,0.5,107.85,150.0,73.95,150.0,130.475,6.0,33.89999999999999,48.95,18.84955592153876,67.79955592153877,2,180.0,109,13.872102735011007,0.24475000000000002,3.807422738380465,0.26678598721104035,4.318958725591505,True,
441,98,113,23,5,u,0.0,0.5,108.725,150.0,29.125,150.0,123.3,6.0,79.6,108.99999999999997,18.84955592153878,127.84955592153875,2,180.0,217,10.0,0.5449999999999998,3.807422738380469,0.4754467145409791,4.827869452921448,True,
442,98,113,23,5,u,0.0,0.5,108.9,150.0,28.95,150.0,123.125,6.0,79.95,109.7,18.84955592153876,128.54955592153877,2,180.0,217,10.0,0.5485,3.807422738380465,0.4732442713776782,4.829167009758143,True,
443,98,117,23,7,u,0.0,0.5,108.025,150.0,37.425,150.0,124.0,6.0,70.60000000000001,98.60000000000001,18.84955592153876,117.44955592153877,2,180.0,215,19.999999999999996,0.49300000000000005,3.807422738380465,0.4643455491498369,4.764768287530302,True,
444,98,117,23,7,u,0.0,0.5,108.2,150.0,37.25,150.0,123.825,6.0,70.95,99.30000000000003,18.849555921538737,118.14955592153876,2,180.0,215,19.999999999999996,0.49650000000000016,3.8074227383804606,0.470268197296112,4.774190935676573,True,
445,98,117,23,7,u,0.0,0.5,108.375,150.0,37.075,150.0,123.65,6.0,71.3,99.99999999999999,18.84955592153876,118.84955592153875,2,180.0,215,19.999999999999996,0.49999999999999994,3.807422738380465,0.4762503792859302,4.783673117666395,True,
446,99,84,25,41,freeform,-30.0,0.5,117.725,150.0,44.775,0.0,0.0,6.0,72.94999999999999,163.11611296950343,6.283185307179586,169.39929827668303,2,59.99999999999999,304,9.999999999999991,0.8155805648475172,1.2691409127934883,0.9928582425856644,3.07757972022667,True,
447,99,101,25,17,u,0.0,0.5,116.5,150.0,83.125,150.0,118.75,6.0,33.375,71.875,18.84955592153876,90.72455592153875,2,180.0,110,20.0,0.359375,3.807422738380465,0.2619941449490352,4.428791883329501,True,
448,99,101,25,17,u,0.0,0.5,116.675,150.0,82.95,150.0,118.575,6.0,33.724999999999994,72.57499999999999,18.84955592153876,91.42455592153874,2,180.0,110,19.666638215041676,0.36287499999999995,3.807422738380465,0.2569643920748906,4.427262130455356,True,
449,99,101,25,17,u,0.0,0.5,116.85,150.0,82.775,150.0,118.4,6.0,34.07499999999999,73.27499999999998,18.84955592153876,92.12455592153873,2,180.0,110,13.872102735011566,0.3663749999999999,3.807422738380465,0.2634525414966902,4.437250279877155,True,
450,99,107,25,11,u,0.0,0.5,117.2,150.0,56.125,150.0,118.05,6.0,61.075,100.97500000000001,18.84955592153876,119.82455592153877,2,180.0,194,9.042609161151177,0.5048750000000001,3.807422738380465,0.42244066282323545,4.734738401203701,True,
451,99,107,25,11,u,0.0,0.5,117.375,150.0,55.95,150.0,116.825,6.0,61.425,103.77499999999999,18.84955592153876,122.62455592153876,2,180.0,198,19.62921869452654,0.518875,3.807422738380465,0.43491093804434505,4.761208676424809,True,
452,99,107,25,11,u,0.0,0.5,117.55,150.0,55.775,150.0,116.65,6.0,61.775,104.475,18.84955592153876,123.32455592153875,2,180.0,198,13.872102735011007,0.522375,3.807422738380465,0.43482159513614926,4.764619333516615,True,
453,99,109,25,15,u,0.0,0.5,117.025,150.0,73.775,150.0,118.225,6.0,43.25,82.80000000000001,18.84955592153876,101.64955592153876,2,180.0,131,9.999999999999998,0.4140000000000001,3.807422738380465,0.27422639717698893,4.4956491355574535,True,
454,61,101,29,17,u,0.0,0.5,134.5,150.0,82.25,150.0,143.95,6.0,52.25,40.35000000000002,18.84955592153876,59.19955592153878,2,180.0,177,13.872102735011007,0.20175000000000012,3.807422738380465,0.39145850892867107,4.4006312473091365,True,
455,101,84,17,41,freeform,-30.0,0.5,81.55,150.0,44.425,0.0,0.0,6.0,37.125,153.5168331506585,6.283185307179586,159.8000184578381,2,59.99999999999999,245,4.999999999999997,0.7675841657532925,1.2691409127934883,0.7019055044221955,2.7386305829689763,True,
456,101,84,17,41,freeform,-30.0,0.5,81.725,150.0,44.6,0.0,0.0,6.0,37.12499999999999,153.51683315065847,6.283185307179586,159.80001845783806,2,59.99999999999999,245,4.999999999999997,0.7675841657532924,1.2691409127934883,0.7052090567861301,2.7419341353329107,True,
457,101,114,17,3,u,0.0,0.5,81.375,150.0,20.125,150.0,131.175,6.0,61.25,74.89999999999998,18.84955592153876,93.74955592153873,2,180.0,183,9.999999999999998,0.3744999999999999,3.807422738380465,0.3990180989627224,4.580940837343188,True,
458,101,117,17,7,u,0.0,0.5,81.025,150.0,37.775,150.0,131.875,6.0,43.25000000000001,55.50000000000001,18.84955592153876,74.34955592153877,2,180.0,147,5.265683064028896,0.2775,3.807422738380465,0.3686015306294459,4.453524269009911,True,
459,101,118,17,9,u,0.0,0.5,80.5,150.0,47.125,150.0,143.95,6.0,33.375,21.475000000000023,18.84955592153876,40.32455592153878,2,180.0,112,42.48111287543219,0.10737500000000011,3.807422738380465,0.24946450445590745,4.164262242836373,True,
460,101,118,17,9,u,0.0,0.5,80.675,150.0,46.95,150.0,143.775,6.0,33.724999999999994,22.174999999999983,18.84955592153876,41.02455592153874,2,180.0,112,39.94450518981498,0.11087499999999992,3.807422738380465,0.24380971646269525,4.16210745484316,True,
461,101,118,17,9,u,0.0,0.5,80.85,150.0,46.775,150.0,132.925,6.0,34.074999999999996,44.22499999999997,18.84955592153876,63.07455592153873,2,180.0,120,21.81385921565878,0.22112499999999988,3.807422738380465,0.28336339525527365,4.311911133635738,True,
462,74,107,55,11,freeform,20.0,0.0,107.25,0.0,53.85,150.0,0.0,6.0,53.4,155.18401323282885,4.188790204786391,159.37280343761523,2,40.0,318,9.999999999999991,0.7759200661641442,0.8460939418623257,1.420418535001066,3.0424325430275356,True,
463,108,78,13,45,freeform,-5.0,0.0,63.025,150.0,61.55,0.0,0.0,6.0,1.4750000000000014,149.01653726098576,1.0471975511965976,150.06373481218236,2,10.0,251,4.999999999999993,0.7450826863049288,0.21152348546558136,0.8531252317858488,1.8097314035563588,True,
464,111,108,19,13,u,0.0,0.5,89.675,150.0,64.775,150.0,140.625,6.0,24.89999999999999,19.64999999999999,18.84955592153876,38.49955592153875,2,180.0,91,13.872102735011007,0.09824999999999996,3.807422738380465,0.23848229437083485,4.1441550327513,True,
465,111,108,19,13,u,0.0,0.5,89.5,150.0,64.95,150.0,136.95,6.0,24.549999999999997,26.65000000000002,18.84955592153876,45.49955592153878,2,180.0,95,13.872102735011007,0.1332500000000001,3.807422738380465,0.2618454086735669,4.2025181470540325,True,
466,77,109,49,15,freeform,5.0,0.0,79.9,0.0,73.6,150.0,0.0,6.0,6.300000000000011,149.22720131051932,1.0471975511965983,150.27439886171592,2,10.0,240,4.999999999999998,0.7461360065525966,0.2115234854655815,0.8763990874661455,1.8340585794843236,True,
467,109,84,15,41,freeform,-20.0,0.0,72.55,150.0,43.55,0.0,0.0,6.0,29.0,150.8816349035423,4.188790204786391,155.0704251083287,2,40.0,242,4.999999999999997,0.7544081745177116,0.8460939418623257,0.8566372509355745,2.457139367315612,True,
468,109,84,15,41,freeform,-20.0,0.0,72.725,150.0,43.725,0.0,0.0,6.0,28.999999999999993,150.8816349035423,4.188790204786391,155.0704251083287,2,40.0,242,4.999999999999997,0.7544081745177116,0.8460939418623257,0.9001198262589509,2.500621942638988,True,
469,109,84,15,41,freeform,-20.0,0.0,72.9,150.0,43.9,0.0,0.0,6.0,29.000000000000007,150.8816349035423,4.188790204786391,155.0704251083287,2,40.0,242,4.999999999999997,0.7544081745177116,0.8460939418623257,0.8669646449321803,2.4674667613122176,True,
470,109,84,15,41,freeform,-20.0,0.0,73.075,150.0,44.075,0.0,0.0,6.0,29.0,150.8816349035423,4.188790204786391,155.0704251083287,2,40.0,242,4.999999999999997,0.7544081745177116,0.8460939418623257,0.8613991436566559,2.461901260036693,True,
471,109,84,15,41,freeform,-20.0,0.0,73.25,150.0,44.25,0.0,0.0,6.0,29.0,150.8816349035423,4.188790204786391,155.0704251083287,2,40.0,242,4.999999999999997,0.7544081745177116,0.8460939418623257,0.8660420248811594,2.466544141261197,True,
472,109,86,15,39,freeform,-20.0,0.0,71.85,150.0,34.375,0.0,0.0,6.0,37.474999999999994,152.37600606504657,4.188790204786391,156.56479626983295,2,40.0,231,9.999999999999993,0.7618800303252329,0.8460939418623257,0.8520540159356311,2.4600279881231897,True,
473,109,86,15,39,freeform,-20.0,0.0,72.025,150.0,34.55,0.0,0.0,6.0,37.47500000000001,152.37600606504657,4.188790204786391,156.56479626983295,2,40.0,231,9.999999999999993,0.7618800303252329,0.8460939418623257,0.8477681692008615,2.45574214138842,True,
474,109,86,15,39,freeform,-20.0,0.0,72.2,150.0,34.725,0.0,0.0,6.0,37.475,152.37600606504657,4.188790204786391,156.56479626983295,2,40.0,231,9.999999999999993,0.7618800303252329,0.8460939418623257,0.8559824910376169,2.4639564632251756,True,
475,109,86,15,39,freeform,-20.0,0.0,72.375,150.0,34.9,0.0,0.0,6.0,37.475,152.37600606504657,4.188790204786391,156.56479626983295,2,40.0,231,9.999999999999993,0.7618800303252329,0.8460939418623257,0.858423013384582,2.466396985572141,True,
476,109,117,15,7,u,0.0,0.5,71.5,150.0,38.125,150.0,135.55,6.0,33.375,38.27499999999998,18.84955592153876,57.124555921538736,2,180.0,130,19.666638215041374,0.19137499999999988,3.807422738380465,0.33744071901374434,4.336238457394209,True,
477,109,117,15,7,u,0.0,0.5,71.675,150.0,37.95,150.0,135.375,6.0,33.724999999999994,38.974999999999994,18.84955592153876,57.82455592153875,2,180.0,130,13.872102735011007,0.19487499999999996,3.807422738380465,0.3315775766157581,4.333875314996223,True,
478,111,77,19,49,freeform,-10.0,0.5,90.725,150.0,80.075,0.0,0.0,6.0,10.649999999999991,148.8320263419289,2.094395102393195,150.9264214443221,2,20.0,230,4.999999999999995,0.7441601317096445,0.42304697093116267,0.6919947068541192,1.8592018094949263,True,
479,111,77,19,49,freeform,-5.0,0.0,90.9,150.0,80.25,0.0,0.0,6.0,10.650000000000006,149.41712641217137,1.0471975511965983,150.46432396336797,2,10.0,228,4.999999999999997,0.7470856320608569,0.2115234854655815,0.7853570906802413,1.7439662082066798,True,
480,111,77,19,49,freeform,-5.0,0.0,91.075,150.0,80.425,0.0,0.0,6.0,10.650000000000006,149.41712641217137,1.0471975511965983,150.46432396336797,2,10.0,228,4.999999999999997,0.7470856320608569,0.2115234854655815,0.793482153894563,1.7520912714210013,True,
481,111,79,19,43,freeform,-20.0,0.0,90.55,150.0,53.25,0.0,0.0,6.0,37.3,152.34514884342258,4.188790204786391,156.53393904820896,2,40.0,270,4.9999999999999964,0.7617257442171129,0.8460939418623257,1.0457149118370963,2.653534597916535,True,
482,111,81,19,37,freeform,-30.0,0.0,90.025,150.0,24.675,0.0,0.0,6.0,65.35000000000001,161.07969910702693,6.283185307179586,167.36288441420652,2,59.99999999999999,248,9.999999999999993,0.8053984955351347,1.2691409127934883,0.7987806659699068,2.8733200742985296,True,
483,111,81,19,37,freeform,-30.0,0.0,90.2,150.0,24.85,0.0,0.0,6.0,65.35,161.07969910702693,6.283185307179586,167.36288441420652,2,59.99999999999999,248,9.999999999999998,0.8053984955351347,1.2691409127934883,0.7867567962419807,2.861296204570604,True,
484,111,81,19,37,freeform,-30.0,0.0,90.375,150.0,25.025,0.0,0.0,6.0,65.35,161.07969910702693,6.283185307179586,167.36288441420652,2,59.99999999999999,248,9.999999999999998,0.8053984955351347,1.2691409127934883,0.7723818594563028,2.846921267784926,True,
485,111,114,19,3,u,0.0,0.5,89.85,150.0,19.95,150.0,127.5,6.0,69.89999999999999,90.89999999999999,18.84955592153876,109.74955592153876,2,180.0,233,1.1011443206202414,0.45449999999999996,3.807422738380465,0.6293455772450918,4.891268315625557,True,
486,113,89,5,33,freeform,-10.0,0.0,26.5,150.0,7.9,0.0,0.0,5.0,18.6,149.87751587106374,1.7453292519943295,151.62284512305806,2,20.0,84,9.999999999999988,0.7493875793553187,0.5294606614934044,0.3748216232314036,1.6536698640801268,True,
487,113,89,5,33,freeform,-10.0,0.0,26.675,150.0,8.075,0.0,0.0,6.0,18.6,149.52756121696,2.094395102393195,151.62195631935322,2,20.0,86,9.999999999999988,0.7476378060848,0.42304697093116267,0.3905059674319814,1.561190744447944,True,
488,86,114,39,3,freeform,10.0,0.0,33.85,0.0,19.25,150.0,0.0,6.0,14.600000000000001,149.17760656285628,2.0943951023931953,151.2720016652495,2,20.0,126,5.0,0.7458880328142814,0.4230469709311627,0.48571432183675545,1.6546493255821997,True,
489,114,89,3,33,freeform,-10.0,0.0,17.5,150.0,6.5,0.0,0.0,6.0,11.0,148.86264737416298,2.0943951023931957,150.95704247655618,2,20.0,60,9.999999999999996,0.7443132368708149,0.42304697093116284,0.2531251475000843,1.4204853553020622,True,
490,114,89,3,33,freeform,-10.0,0.0,17.675,150.0,6.675,0.0,0.0,6.0,11.0,148.86264737416298,2.0943951023931957,150.95704247655618,2,20.0,60,9.999999999999996,0.7443132368708149,0.42304697093116284,0.24526797253407956,1.4126281803360574,True,
491,114,89,3,33,freeform,-10.0,0.0,17.85,150.0,6.85,0.0,0.0,6.0,11.000000000000002,148.86264737416298,2.0943951023931953,150.95704247655618,2,20.0,60,9.999999999999998,0.7443132368708149,0.4230469709311627,0.22502966858838208,1.3923898763903597,True,
492,114,89,3,33,freeform,-10.0,0.0,18.025,150.0,7.025,0.0,0.0,6.0,10.999999999999998,148.86264737416298,2.0943951023931953,150.95704247655618,2,20.0,60,10.0,0.7443132368708149,0.4230469709311627,0.21946413921760344,1.386824347019581,True,
493,114,89,3,33,freeform,-10.0,0.0,18.2,150.0,7.2,0.0,0.0,6.0,11.0,148.86264737416298,2.0943951023931957,150.95704247655618,2,20.0,60,9.999999999999996,0.7443132368708149,0.42304697093116284,0.23166675095242917,1.399026958754407,True,
494,114,89,3,33,freeform,-10.0,0.0,18.375,150.0,7.375,0.0,0.0,6.0,11.0,148.86264737416298,2.0943951023931957,150.95704247655618,2,20.0,60,9.999999999999996,0.7443132368708149,0.42304697093116284,0.23482151085038716,1.4021817186523649,True,
495,114,89,3,33,freeform,-10.0,0.0,18.55,150.0,7.55,0.0,0.0,6.0,11.0,148.86264737416298,2.0943951023931957,150.95704247655618,2,20.0,60,9.999999999999996,0.7443132368708149,0.42304697093116284,0.23657746423474152,1.4039376720367194,True,
496,114,89,3,33,freeform,-10.0,0.0,18.725,150.0,7.725,0.0,0.0,6.0,11.000000000000002,148.86264737416298,2.0943951023931953,150.95704247655618,2,20.0,60,9.999999999999998,0.7443132368708149,0.4230469709311627,0.22806541698976213,1.3954256247917396,True,
497,62,116,53,1,freeform,45.0,0.5,97.9,0.0,9.55,150.0,0.0,6.0,88.35000000000001,176.65464273870867,9.424777960769383,186.07942069947805,2,90.0,270,10.000000000000009,0.8832732136935434,1.9037113691902332,0.9782454794736096,3.765230062357386,True,
498,62,116,53,1,freeform,45.0,0.5,98.075,0.0,9.725,150.0,0.0,6.0,88.35000000000001,176.65464273870867,9.424777960769383,186.07942069947805,2,90.0,270,10.000000000000005,0.8832732136935434,1.9037113691902332,0.979525218300127,3.7665098011839038,True,
499,62,116,53,1,freeform,45.0,0.5,98.25,0.0,9.9,150.0,0.0,6.0,88.35,176.65464273870865,9.424777960769383,186.07942069947802,2,90.0,270,10.000000000000028,0.8832732136935433,1.9037113691902332,0.9842867457829044,3.7712713286666806,True,
500,62,116,53,1,freeform,45.0,0.5,98.425,0.0,10.075,150.0,0.0,6.0,88.35,176.65464273870865,9.424777960769383,186.07942069947802,2,90.0,270,10.000000000000021,0.8832732136935433,1.9037113691902332,0.9900605452726946,3.777045128156471,True,
501,80,116,35,1,freeform,5.0,0.0,15.5,0.0,8.5,150.0,0.0,6.0,7.0,149.2577639705553,1.0471975511965979,150.3049615217519,2,10.0,64,4.999999999999997,0.7462888198527765,0.21152348546558142,0.4331847094388817,1.3909970147572397,True,
502,72,117,57,7,freeform,30.0,0.0,115.55,0.0,36.375,150.0,0.0,6.0,79.175,164.78409669238718,6.283185307179586,171.06728199956677,2,59.99999999999999,295,5.265683064028896,0.8239204834619359,1.2691409127934883,1.0427386129934948,3.1358000092489187,True,
503,72,117,57,7,freeform,30.0,0.0,115.725,0.0,36.55,150.0,0.0,6.0,79.175,164.78409669238718,6.283185307179586,171.06728199956677,2,59.99999999999999,295,9.999999999999988,0.8239204834619359,1.2691409127934883,1.0412506321432198,3.134312028398644,True,
504,84,117,41,7,freeform,5.0,0.0,43.025,0.0,36.2,150.0,0.0,6.0,6.824999999999996,149.2501233055463,1.0471975511965976,150.2973208567429,2,10.0,173,4.999999999999995,0.7462506165277316,0.21152348546558136,0.6824707247451761,1.6402448267384893,True,
505,98,117,23,7,u,0.0,0.5,108.55,150.0,36.9,150.0,123.475,6.0,71.65,100.70000000000002,18.84955592153876,119.54955592153877,2,180.0,215,19.666638215041395,0.5035000000000001,3.807422738380465,0.4818753863097438,4.792798124690209,True,
506,101,117,17,7,u,0.0,0.5,81.2,150.0,37.6,150.0,131.35,6.0,43.6,56.90000000000001,18.84955592153876,75.74955592153877,2,180.0,147,19.999999999999996,0.2845000000000001,3.807422738380465,0.3290180989627231,4.420940837343188,True,
507,71,118,24,9,u,0.0,0.5,112.35,150.0,46.6,150.0,121.725,6.0,65.75,98.30000000000001,18.84955592153876,117.14955592153876,2,180.0,217,9.999999999999998,0.49150000000000005,3.807422738380465,0.512857512109054,4.8117802504895195,True,
508,71,118,24,9,u,0.0,0.5,112.525,150.0,46.425,150.0,121.2,6.0,66.10000000000001,99.7,18.84955592153876,118.54955592153877,2,180.0,217,9.999999999999998,0.4985,3.807422738380465,0.49398843037434037,4.7999111687548055,True,
509,71,118,24,9,u,0.0,0.5,112.7,150.0,46.25,150.0,121.025,6.0,66.45,100.39999999999999,18.84955592153876,119.24955592153876,2,180.0,217,9.999999999999998,0.502,3.807422738380465,0.4908336423811282,4.800256380761593,True,
510,71,118,24,9,u,0.0,0.5,112.875,150.0,46.075,150.0,120.85,6.0,66.8,101.10000000000001,18.84955592153876,119.94955592153877,2,180.0,217,9.999999999999998,0.5055000000000001,3.807422738380465,0.4931253160716083,4.806048054452073,True,
511,118,81,9,37,freeform,-10.0,0.0,44.5,150.0,24.5,0.0,0.0,6.0,20.0,149.6500453458963,2.094395102393195,151.7444404482895,2,20.0,156,5.0,0.7482502267294815,0.42304697093116267,0.5491367733162513,1.7204339709768954,True,
