[608655.5] PE_E_T2000_RC2880: start mode=R budget=2880 spec={"name": "PE_E_T2000", "target_policy": "LEGACY", "evaluation_policy": "E2_ORDERED_K16", "traversal_policy": "BASE", "max_targets": 2000, "k_per_target": 16, "family_round_robin": false, "relocation_side_reserve": 0, "waiting_age": false, "route_coverage": false, "multi_anchor": true, "exact_dedup": false, "decision_cache": false, "return_action": false, "cache_structural_skips": false, "window_slack_mm": 1e-05, "generation_domain": "LINE_ONLY", "path_window_settings": null, "stage_length_cap_mm": null, "notes": ""}
[608655.5] PE_E_T2000_RC2880: start state=challenge C:\Users\lihao\Desktop\Graduation Project\OpticalWaveguideRouter3D\outputs\3d_strategy_v4\512_full_layout\N2880 pairs=30999
[608659.5] PE_E_T2000_RC2880: INITIAL_DONE pairs=30999
[608659.6] PE_E_T2000_RC2880: step 1 NO_CANDIDATES_GENERATED pairs=30999 evals=0 0s
[608659.7] PE_E_T2000_RC2880: step 2 NO_CANDIDATES_GENERATED pairs=30999 evals=0 0s
[608659.8] PE_E_T2000_RC2880: step 3 NO_CANDIDATES_GENERATED pairs=30999 evals=0 0s
[608659.9] PE_E_T2000_RC2880: step 4 NO_CANDIDATES_GENERATED pairs=30999 evals=0 0s
[608660.1] PE_E_T2000_RC2880: step 5 NO_CANDIDATES_GENERATED pairs=30999 evals=0 1s
[608660.2] PE_E_T2000_RC2880: step 6 NO_CANDIDATES_GENERATED pairs=30999 evals=0 1s
[608665.6] PE_E_T2000_RC2880: step 7 ELEVATED pairs=30804 evals=16 6s
[608665.7] PE_E_T2000_RC2880: step 8 NO_CANDIDATES_GENERATED pairs=30804 evals=16 6s
[608665.9] PE_E_T2000_RC2880: step 9 NO_CANDIDATES_GENERATED pairs=30804 evals=16 6s
[608666.0] PE_E_T2000_RC2880: step 10 NO_CANDIDATES_GENERATED pairs=30804 evals=16 7s
[608666.1] PE_E_T2000_RC2880: step 11 NO_CANDIDATES_GENERATED pairs=30804 evals=16 7s
[608666.3] PE_E_T2000_RC2880: step 12 NO_CANDIDATES_GENERATED pairs=30804 evals=16 7s
[608666.4] PE_E_T2000_RC2880: step 13 NO_CANDIDATES_GENERATED pairs=30804 evals=16 7s
[608672.5] PE_E_T2000_RC2880: step 14 ELEVATED pairs=30611 evals=32 13s
[608672.7] PE_E_T2000_RC2880: step 15 NO_CANDIDATES_GENERATED pairs=30611 evals=32 13s
[608672.8] PE_E_T2000_RC2880: step 16 NO_CANDIDATES_GENERATED pairs=30611 evals=32 13s
[608672.9] PE_E_T2000_RC2880: step 17 NO_CANDIDATES_GENERATED pairs=30611 evals=32 13s
[608673.1] PE_E_T2000_RC2880: step 18 NO_CANDIDATES_GENERATED pairs=30611 evals=32 14s
[608673.2] PE_E_T2000_RC2880: step 19 NO_CANDIDATES_GENERATED pairs=30611 evals=32 14s
[608673.3] PE_E_T2000_RC2880: step 20 NO_CANDIDATES_GENERATED pairs=30611 evals=32 14s
[608680.0] PE_E_T2000_RC2880: step 21 ELEVATED pairs=30439 evals=48 21s
[608680.1] PE_E_T2000_RC2880: step 22 NO_CANDIDATES_GENERATED pairs=30439 evals=48 21s
[608680.2] PE_E_T2000_RC2880: step 23 NO_CANDIDATES_GENERATED pairs=30439 evals=48 21s
[608680.3] PE_E_T2000_RC2880: step 24 NO_CANDIDATES_GENERATED pairs=30439 evals=48 21s
[608680.4] PE_E_T2000_RC2880: step 25 NO_CANDIDATES_GENERATED pairs=30439 evals=48 21s
[608680.5] PE_E_T2000_RC2880: step 26 NO_CANDIDATES_GENERATED pairs=30439 evals=48 21s
[608680.6] PE_E_T2000_RC2880: step 27 NO_CANDIDATES_GENERATED pairs=30439 evals=48 21s
[608686.9] PE_E_T2000_RC2880: step 28 ELEVATED pairs=30289 evals=64 27s
[608687.1] PE_E_T2000_RC2880: step 29 NO_CANDIDATES_GENERATED pairs=30289 evals=64 28s
[608687.2] PE_E_T2000_RC2880: step 30 NO_CANDIDATES_GENERATED pairs=30289 evals=64 28s
[608687.3] PE_E_T2000_RC2880: step 31 NO_CANDIDATES_GENERATED pairs=30289 evals=64 28s
[608687.4] PE_E_T2000_RC2880: step 32 NO_CANDIDATES_GENERATED pairs=30289 evals=64 28s
[608687.6] PE_E_T2000_RC2880: step 33 NO_CANDIDATES_GENERATED pairs=30289 evals=64 28s
[608687.7] PE_E_T2000_RC2880: step 34 NO_CANDIDATES_GENERATED pairs=30289 evals=64 28s
[608687.8] PE_E_T2000_RC2880: step 35 NO_CANDIDATES_GENERATED pairs=30289 evals=64 28s
[608696.9] PE_E_T2000_RC2880: step 36 ELEVATED pairs=30099 evals=80 37s
[608697.0] PE_E_T2000_RC2880: step 37 NO_CANDIDATES_GENERATED pairs=30099 evals=80 38s
[608697.1] PE_E_T2000_RC2880: step 38 NO_CANDIDATES_GENERATED pairs=30099 evals=80 38s
[608697.2] PE_E_T2000_RC2880: step 39 NO_CANDIDATES_GENERATED pairs=30099 evals=80 38s
[608697.3] PE_E_T2000_RC2880: step 40 NO_CANDIDATES_GENERATED pairs=30099 evals=80 38s
[608697.4] PE_E_T2000_RC2880: step 41 NO_CANDIDATES_GENERATED pairs=30099 evals=80 38s
[608697.5] PE_E_T2000_RC2880: step 42 NO_CANDIDATES_GENERATED pairs=30099 evals=80 38s
[608697.6] PE_E_T2000_RC2880: step 43 NO_CANDIDATES_GENERATED pairs=30099 evals=80 38s
[608707.8] PE_E_T2000_RC2880: step 44 ELEVATED pairs=29911 evals=96 48s
[608707.9] PE_E_T2000_RC2880: step 45 NO_CANDIDATES_GENERATED pairs=29911 evals=96 48s
[608708.0] PE_E_T2000_RC2880: step 46 NO_CANDIDATES_GENERATED pairs=29911 evals=96 49s
[608708.1] PE_E_T2000_RC2880: step 47 NO_CANDIDATES_GENERATED pairs=29911 evals=96 49s
[608708.3] PE_E_T2000_RC2880: step 48 NO_CANDIDATES_GENERATED pairs=29911 evals=96 49s
[608708.4] PE_E_T2000_RC2880: step 49 NO_CANDIDATES_GENERATED pairs=29911 evals=96 49s
[608708.5] PE_E_T2000_RC2880: step 50 NO_CANDIDATES_GENERATED pairs=29911 evals=96 49s
[608708.6] PE_E_T2000_RC2880: step 51 NO_CANDIDATES_GENERATED pairs=29911 evals=96 49s
[608720.8] PE_E_T2000_RC2880: step 52 ELEVATED pairs=29725 evals=112 61s
[608721.0] PE_E_T2000_RC2880: step 53 NO_CANDIDATES_GENERATED pairs=29725 evals=112 61s
[608721.1] PE_E_T2000_RC2880: step 54 NO_CANDIDATES_GENERATED pairs=29725 evals=112 62s
[608721.2] PE_E_T2000_RC2880: step 55 NO_CANDIDATES_GENERATED pairs=29725 evals=112 62s
[608721.3] PE_E_T2000_RC2880: step 56 NO_CANDIDATES_GENERATED pairs=29725 evals=112 62s
[608721.4] PE_E_T2000_RC2880: step 57 NO_CANDIDATES_GENERATED pairs=29725 evals=112 62s
[608721.6] PE_E_T2000_RC2880: step 58 NO_CANDIDATES_GENERATED pairs=29725 evals=112 62s
[608721.7] PE_E_T2000_RC2880: step 59 NO_CANDIDATES_GENERATED pairs=29725 evals=112 62s
[608730.4] PE_E_T2000_RC2880: step 60 ELEVATED pairs=29535 evals=128 71s
[608730.5] PE_E_T2000_RC2880: step 61 NO_CANDIDATES_GENERATED pairs=29535 evals=128 71s
[608730.7] PE_E_T2000_RC2880: step 62 NO_CANDIDATES_GENERATED pairs=29535 evals=128 71s
[608730.8] PE_E_T2000_RC2880: step 63 NO_CANDIDATES_GENERATED pairs=29535 evals=128 71s
[608730.9] PE_E_T2000_RC2880: step 64 NO_CANDIDATES_GENERATED pairs=29535 evals=128 71s
[608731.0] PE_E_T2000_RC2880: step 65 NO_CANDIDATES_GENERATED pairs=29535 evals=128 72s
[608731.1] PE_E_T2000_RC2880: step 66 NO_CANDIDATES_GENERATED pairs=29535 evals=128 72s
[608731.3] PE_E_T2000_RC2880: step 67 NO_CANDIDATES_GENERATED pairs=29535 evals=128 72s
[608745.5] PE_E_T2000_RC2880: step 68 ELEVATED pairs=29351 evals=144 86s
[608745.7] PE_E_T2000_RC2880: step 69 NO_CANDIDATES_GENERATED pairs=29351 evals=144 86s
[608745.8] PE_E_T2000_RC2880: step 70 NO_CANDIDATES_GENERATED pairs=29351 evals=144 86s
[608745.9] PE_E_T2000_RC2880: step 71 NO_CANDIDATES_GENERATED pairs=29351 evals=144 86s
[608746.1] PE_E_T2000_RC2880: step 72 NO_CANDIDATES_GENERATED pairs=29351 evals=144 87s
[608746.2] PE_E_T2000_RC2880: step 73 NO_CANDIDATES_GENERATED pairs=29351 evals=144 87s
[608746.3] PE_E_T2000_RC2880: step 74 NO_CANDIDATES_GENERATED pairs=29351 evals=144 87s
[608746.5] PE_E_T2000_RC2880: step 75 NO_CANDIDATES_GENERATED pairs=29351 evals=144 87s
[608757.0] PE_E_T2000_RC2880: step 76 ELEVATED pairs=29163 evals=160 97s
[608757.1] PE_E_T2000_RC2880: step 77 NO_CANDIDATES_GENERATED pairs=29163 evals=160 98s
[608757.2] PE_E_T2000_RC2880: step 78 NO_CANDIDATES_GENERATED pairs=29163 evals=160 98s
[608757.4] PE_E_T2000_RC2880: step 79 NO_CANDIDATES_GENERATED pairs=29163 evals=160 98s
[608757.5] PE_E_T2000_RC2880: step 80 NO_CANDIDATES_GENERATED pairs=29163 evals=160 98s
[608757.6] PE_E_T2000_RC2880: step 81 NO_CANDIDATES_GENERATED pairs=29163 evals=160 98s
[608757.7] PE_E_T2000_RC2880: step 82 NO_CANDIDATES_GENERATED pairs=29163 evals=160 98s
[608757.9] PE_E_T2000_RC2880: step 83 NO_CANDIDATES_GENERATED pairs=29163 evals=160 98s
[608764.6] PE_E_T2000_RC2880: step 84 ELEVATED pairs=28988 evals=176 105s
[608764.8] PE_E_T2000_RC2880: step 85 NO_CANDIDATES_GENERATED pairs=28988 evals=176 105s
[608764.9] PE_E_T2000_RC2880: step 86 NO_CANDIDATES_GENERATED pairs=28988 evals=176 105s
[608765.0] PE_E_T2000_RC2880: step 87 NO_CANDIDATES_GENERATED pairs=28988 evals=176 106s
[608765.2] PE_E_T2000_RC2880: step 88 NO_CANDIDATES_GENERATED pairs=28988 evals=176 106s
[608765.3] PE_E_T2000_RC2880: step 89 NO_CANDIDATES_GENERATED pairs=28988 evals=176 106s
[608765.4] PE_E_T2000_RC2880: step 90 NO_CANDIDATES_GENERATED pairs=28988 evals=176 106s
[608765.5] PE_E_T2000_RC2880: step 91 NO_CANDIDATES_GENERATED pairs=28988 evals=176 106s
[608773.9] PE_E_T2000_RC2880: step 92 ELEVATED pairs=28815 evals=192 114s
[608774.0] PE_E_T2000_RC2880: step 93 NO_CANDIDATES_GENERATED pairs=28815 evals=192 115s
[608774.2] PE_E_T2000_RC2880: step 94 NO_CANDIDATES_GENERATED pairs=28815 evals=192 115s
[608774.3] PE_E_T2000_RC2880: step 95 NO_CANDIDATES_GENERATED pairs=28815 evals=192 115s
[608774.4] PE_E_T2000_RC2880: step 96 NO_CANDIDATES_GENERATED pairs=28815 evals=192 115s
[608774.6] PE_E_T2000_RC2880: step 97 NO_CANDIDATES_GENERATED pairs=28815 evals=192 115s
[608774.7] PE_E_T2000_RC2880: step 98 NO_CANDIDATES_GENERATED pairs=28815 evals=192 115s
[608774.8] PE_E_T2000_RC2880: step 99 NO_CANDIDATES_GENERATED pairs=28815 evals=192 115s
[608785.1] PE_E_T2000_RC2880: step 100 ELEVATED pairs=28644 evals=208 126s
[608785.3] PE_E_T2000_RC2880: step 101 NO_CANDIDATES_GENERATED pairs=28644 evals=208 126s
[608785.4] PE_E_T2000_RC2880: step 102 NO_CANDIDATES_GENERATED pairs=28644 evals=208 126s
[608785.5] PE_E_T2000_RC2880: step 103 NO_CANDIDATES_GENERATED pairs=28644 evals=208 126s
[608785.6] PE_E_T2000_RC2880: step 104 NO_CANDIDATES_GENERATED pairs=28644 evals=208 126s
[608785.8] PE_E_T2000_RC2880: step 105 NO_CANDIDATES_GENERATED pairs=28644 evals=208 126s
[608785.9] PE_E_T2000_RC2880: step 106 NO_CANDIDATES_GENERATED pairs=28644 evals=208 126s
[608786.0] PE_E_T2000_RC2880: step 107 NO_CANDIDATES_GENERATED pairs=28644 evals=208 127s
[608792.6] PE_E_T2000_RC2880: step 108 ELEVATED pairs=28462 evals=224 133s
[608792.7] PE_E_T2000_RC2880: step 109 NO_CANDIDATES_GENERATED pairs=28462 evals=224 133s
[608792.8] PE_E_T2000_RC2880: step 110 NO_CANDIDATES_GENERATED pairs=28462 evals=224 133s
[608793.0] PE_E_T2000_RC2880: step 111 NO_CANDIDATES_GENERATED pairs=28462 evals=224 133s
[608793.1] PE_E_T2000_RC2880: step 112 NO_CANDIDATES_GENERATED pairs=28462 evals=224 134s
[608793.2] PE_E_T2000_RC2880: step 113 NO_CANDIDATES_GENERATED pairs=28462 evals=224 134s
[608793.4] PE_E_T2000_RC2880: step 114 NO_CANDIDATES_GENERATED pairs=28462 evals=224 134s
[608793.5] PE_E_T2000_RC2880: step 115 NO_CANDIDATES_GENERATED pairs=28462 evals=224 134s
[608800.7] PE_E_T2000_RC2880: step 116 ELEVATED pairs=28357 evals=240 141s
[608800.8] PE_E_T2000_RC2880: step 117 NO_CANDIDATES_GENERATED pairs=28357 evals=240 141s
[608800.9] PE_E_T2000_RC2880: step 118 NO_CANDIDATES_GENERATED pairs=28357 evals=240 141s
[608801.0] PE_E_T2000_RC2880: step 119 NO_CANDIDATES_GENERATED pairs=28357 evals=240 142s
[608801.1] PE_E_T2000_RC2880: step 120 NO_CANDIDATES_GENERATED pairs=28357 evals=240 142s
[608801.2] PE_E_T2000_RC2880: step 121 NO_CANDIDATES_GENERATED pairs=28357 evals=240 142s
[608801.3] PE_E_T2000_RC2880: step 122 NO_CANDIDATES_GENERATED pairs=28357 evals=240 142s
[608801.4] PE_E_T2000_RC2880: step 123 NO_CANDIDATES_GENERATED pairs=28357 evals=240 142s
[608807.6] PE_E_T2000_RC2880: step 124 ELEVATED pairs=28177 evals=256 148s
[608807.7] PE_E_T2000_RC2880: step 125 NO_CANDIDATES_GENERATED pairs=28177 evals=256 148s
[608807.8] PE_E_T2000_RC2880: step 126 NO_CANDIDATES_GENERATED pairs=28177 evals=256 148s
[608807.9] PE_E_T2000_RC2880: step 127 NO_CANDIDATES_GENERATED pairs=28177 evals=256 148s
[608808.0] PE_E_T2000_RC2880: step 128 NO_CANDIDATES_GENERATED pairs=28177 evals=256 149s
[608808.1] PE_E_T2000_RC2880: step 129 NO_CANDIDATES_GENERATED pairs=28177 evals=256 149s
[608808.2] PE_E_T2000_RC2880: step 130 NO_CANDIDATES_GENERATED pairs=28177 evals=256 149s
[608808.4] PE_E_T2000_RC2880: step 131 NO_CANDIDATES_GENERATED pairs=28177 evals=256 149s
[608821.6] PE_E_T2000_RC2880: step 132 ELEVATED pairs=28016 evals=272 162s
[608821.7] PE_E_T2000_RC2880: step 133 NO_CANDIDATES_GENERATED pairs=28016 evals=272 162s
[608821.9] PE_E_T2000_RC2880: step 134 NO_CANDIDATES_GENERATED pairs=28016 evals=272 162s
[608822.0] PE_E_T2000_RC2880: step 135 NO_CANDIDATES_GENERATED pairs=28016 evals=272 163s
[608822.1] PE_E_T2000_RC2880: step 136 NO_CANDIDATES_GENERATED pairs=28016 evals=272 163s
[608822.2] PE_E_T2000_RC2880: step 137 NO_CANDIDATES_GENERATED pairs=28016 evals=272 163s
[608822.4] PE_E_T2000_RC2880: step 138 NO_CANDIDATES_GENERATED pairs=28016 evals=272 163s
[608822.5] PE_E_T2000_RC2880: step 139 NO_CANDIDATES_GENERATED pairs=28016 evals=272 163s
[608830.2] PE_E_T2000_RC2880: step 140 ELEVATED pairs=27838 evals=288 171s
[608830.3] PE_E_T2000_RC2880: step 141 NO_CANDIDATES_GENERATED pairs=27838 evals=288 171s
[608830.5] PE_E_T2000_RC2880: step 142 NO_CANDIDATES_GENERATED pairs=27838 evals=288 171s
[608830.6] PE_E_T2000_RC2880: step 143 NO_CANDIDATES_GENERATED pairs=27838 evals=288 171s
[608830.7] PE_E_T2000_RC2880: step 144 NO_CANDIDATES_GENERATED pairs=27838 evals=288 171s
[608830.9] PE_E_T2000_RC2880: step 145 NO_CANDIDATES_GENERATED pairs=27838 evals=288 171s
[608831.0] PE_E_T2000_RC2880: step 146 NO_CANDIDATES_GENERATED pairs=27838 evals=288 172s
[608831.2] PE_E_T2000_RC2880: step 147 NO_CANDIDATES_GENERATED pairs=27838 evals=288 172s
[608839.0] PE_E_T2000_RC2880: step 148 ELEVATED pairs=27662 evals=304 180s
[608839.1] PE_E_T2000_RC2880: step 149 NO_CANDIDATES_GENERATED pairs=27662 evals=304 180s
[608839.3] PE_E_T2000_RC2880: step 150 NO_CANDIDATES_GENERATED pairs=27662 evals=304 180s
[608839.4] PE_E_T2000_RC2880: step 151 NO_CANDIDATES_GENERATED pairs=27662 evals=304 180s
[608839.5] PE_E_T2000_RC2880: step 152 NO_CANDIDATES_GENERATED pairs=27662 evals=304 180s
[608839.6] PE_E_T2000_RC2880: step 153 NO_CANDIDATES_GENERATED pairs=27662 evals=304 180s
[608839.7] PE_E_T2000_RC2880: step 154 NO_CANDIDATES_GENERATED pairs=27662 evals=304 180s
[608839.9] PE_E_T2000_RC2880: step 155 NO_CANDIDATES_GENERATED pairs=27662 evals=304 180s
[608847.7] PE_E_T2000_RC2880: step 156 ELEVATED pairs=27496 evals=320 188s
[608847.9] PE_E_T2000_RC2880: step 157 NO_CANDIDATES_GENERATED pairs=27496 evals=320 188s
[608848.0] PE_E_T2000_RC2880: step 158 NO_CANDIDATES_GENERATED pairs=27496 evals=320 189s
[608848.1] PE_E_T2000_RC2880: step 159 NO_CANDIDATES_GENERATED pairs=27496 evals=320 189s
[608848.2] PE_E_T2000_RC2880: step 160 NO_CANDIDATES_GENERATED pairs=27496 evals=320 189s
[608848.3] PE_E_T2000_RC2880: step 161 NO_CANDIDATES_GENERATED pairs=27496 evals=320 189s
[608848.5] PE_E_T2000_RC2880: step 162 NO_CANDIDATES_GENERATED pairs=27496 evals=320 189s
[608848.6] PE_E_T2000_RC2880: step 163 NO_CANDIDATES_GENERATED pairs=27496 evals=320 189s
[608853.9] PE_E_T2000_RC2880: step 164 ELEVATED pairs=27330 evals=329 194s
[608854.0] PE_E_T2000_RC2880: step 165 NO_CANDIDATES_GENERATED pairs=27330 evals=329 195s
[608854.2] PE_E_T2000_RC2880: step 166 NO_CANDIDATES_GENERATED pairs=27330 evals=329 195s
[608854.3] PE_E_T2000_RC2880: step 167 NO_CANDIDATES_GENERATED pairs=27330 evals=329 195s
[608854.4] PE_E_T2000_RC2880: step 168 NO_CANDIDATES_GENERATED pairs=27330 evals=329 195s
[608854.5] PE_E_T2000_RC2880: step 169 NO_CANDIDATES_GENERATED pairs=27330 evals=329 195s
[608854.6] PE_E_T2000_RC2880: step 170 NO_CANDIDATES_GENERATED pairs=27330 evals=329 195s
[608854.8] PE_E_T2000_RC2880: step 171 NO_CANDIDATES_GENERATED pairs=27330 evals=329 195s
[608862.8] PE_E_T2000_RC2880: step 172 ELEVATED pairs=27166 evals=345 203s
[608862.9] PE_E_T2000_RC2880: step 173 NO_CANDIDATES_GENERATED pairs=27166 evals=345 203s
[608863.1] PE_E_T2000_RC2880: step 174 NO_CANDIDATES_GENERATED pairs=27166 evals=345 204s
[608863.2] PE_E_T2000_RC2880: step 175 NO_CANDIDATES_GENERATED pairs=27166 evals=345 204s
[608863.3] PE_E_T2000_RC2880: step 176 NO_CANDIDATES_GENERATED pairs=27166 evals=345 204s
[608863.4] PE_E_T2000_RC2880: step 177 NO_CANDIDATES_GENERATED pairs=27166 evals=345 204s
[608863.5] PE_E_T2000_RC2880: step 178 NO_CANDIDATES_GENERATED pairs=27166 evals=345 204s
[608863.6] PE_E_T2000_RC2880: step 179 NO_CANDIDATES_GENERATED pairs=27166 evals=345 204s
[608868.7] PE_E_T2000_RC2880: step 180 ELEVATED pairs=27002 evals=354 209s
[608868.8] PE_E_T2000_RC2880: step 181 NO_CANDIDATES_GENERATED pairs=27002 evals=354 209s
[608868.9] PE_E_T2000_RC2880: step 182 NO_CANDIDATES_GENERATED pairs=27002 evals=354 209s
[608869.0] PE_E_T2000_RC2880: step 183 NO_CANDIDATES_GENERATED pairs=27002 evals=354 210s
[608869.2] PE_E_T2000_RC2880: step 184 NO_CANDIDATES_GENERATED pairs=27002 evals=354 210s
[608869.3] PE_E_T2000_RC2880: step 185 NO_CANDIDATES_GENERATED pairs=27002 evals=354 210s
[608869.4] PE_E_T2000_RC2880: step 186 NO_CANDIDATES_GENERATED pairs=27002 evals=354 210s
[608869.5] PE_E_T2000_RC2880: step 187 NO_CANDIDATES_GENERATED pairs=27002 evals=354 210s
[608877.3] PE_E_T2000_RC2880: step 188 ELEVATED pairs=26841 evals=370 218s
[608877.4] PE_E_T2000_RC2880: step 189 NO_CANDIDATES_GENERATED pairs=26841 evals=370 218s
[608877.5] PE_E_T2000_RC2880: step 190 NO_CANDIDATES_GENERATED pairs=26841 evals=370 218s
[608877.6] PE_E_T2000_RC2880: step 191 NO_CANDIDATES_GENERATED pairs=26841 evals=370 218s
[608877.7] PE_E_T2000_RC2880: step 192 NO_CANDIDATES_GENERATED pairs=26841 evals=370 218s
[608877.8] PE_E_T2000_RC2880: step 193 NO_CANDIDATES_GENERATED pairs=26841 evals=370 218s
[608877.9] PE_E_T2000_RC2880: step 194 NO_CANDIDATES_GENERATED pairs=26841 evals=370 218s
[608878.0] PE_E_T2000_RC2880: step 195 NO_CANDIDATES_GENERATED pairs=26841 evals=370 219s
[608883.2] PE_E_T2000_RC2880: step 196 ELEVATED pairs=26679 evals=379 224s
[608883.4] PE_E_T2000_RC2880: step 197 NO_CANDIDATES_GENERATED pairs=26679 evals=379 224s
[608883.5] PE_E_T2000_RC2880: step 198 NO_CANDIDATES_GENERATED pairs=26679 evals=379 224s
[608883.6] PE_E_T2000_RC2880: step 199 NO_CANDIDATES_GENERATED pairs=26679 evals=379 224s
[608883.7] PE_E_T2000_RC2880: step 200 NO_CANDIDATES_GENERATED pairs=26679 evals=379 224s
[608883.8] PE_E_T2000_RC2880: step 201 NO_CANDIDATES_GENERATED pairs=26679 evals=379 224s
[608884.0] PE_E_T2000_RC2880: step 202 NO_CANDIDATES_GENERATED pairs=26679 evals=379 225s
[608884.1] PE_E_T2000_RC2880: step 203 NO_CANDIDATES_GENERATED pairs=26679 evals=379 225s
[608894.1] PE_E_T2000_RC2880: step 204 ELEVATED pairs=26520 evals=395 235s
[608894.3] PE_E_T2000_RC2880: step 205 NO_CANDIDATES_GENERATED pairs=26520 evals=395 235s
[608894.4] PE_E_T2000_RC2880: step 206 NO_CANDIDATES_GENERATED pairs=26520 evals=395 235s
[608894.5] PE_E_T2000_RC2880: step 207 NO_CANDIDATES_GENERATED pairs=26520 evals=395 235s
[608894.6] PE_E_T2000_RC2880: step 208 NO_CANDIDATES_GENERATED pairs=26520 evals=395 235s
[608894.8] PE_E_T2000_RC2880: step 209 NO_CANDIDATES_GENERATED pairs=26520 evals=395 235s
[608894.9] PE_E_T2000_RC2880: step 210 NO_CANDIDATES_GENERATED pairs=26520 evals=395 235s
[608895.1] PE_E_T2000_RC2880: step 211 NO_CANDIDATES_GENERATED pairs=26520 evals=395 236s
[608895.2] PE_E_T2000_RC2880: step 212 NO_CANDIDATES_GENERATED pairs=26520 evals=395 236s
[608895.4] PE_E_T2000_RC2880: step 213 NO_CANDIDATES_GENERATED pairs=26520 evals=395 236s
[608905.6] PE_E_T2000_RC2880: step 214 ELEVATED pairs=26363 evals=411 246s
[608905.8] PE_E_T2000_RC2880: step 215 NO_CANDIDATES_GENERATED pairs=26363 evals=411 246s
[608905.9] PE_E_T2000_RC2880: step 216 NO_CANDIDATES_GENERATED pairs=26363 evals=411 246s
[608906.0] PE_E_T2000_RC2880: step 217 NO_CANDIDATES_GENERATED pairs=26363 evals=411 247s
[608906.2] PE_E_T2000_RC2880: step 218 NO_CANDIDATES_GENERATED pairs=26363 evals=411 247s
[608906.3] PE_E_T2000_RC2880: step 219 NO_CANDIDATES_GENERATED pairs=26363 evals=411 247s
[608906.5] PE_E_T2000_RC2880: step 220 NO_CANDIDATES_GENERATED pairs=26363 evals=411 247s
[608906.6] PE_E_T2000_RC2880: step 221 NO_CANDIDATES_GENERATED pairs=26363 evals=411 247s
[608906.8] PE_E_T2000_RC2880: step 222 NO_CANDIDATES_GENERATED pairs=26363 evals=411 247s
[608906.9] PE_E_T2000_RC2880: step 223 NO_CANDIDATES_GENERATED pairs=26363 evals=411 247s
[608917.8] PE_E_T2000_RC2880: step 224 ELEVATED pairs=26208 evals=427 258s
[608917.9] PE_E_T2000_RC2880: step 225 NO_CANDIDATES_GENERATED pairs=26208 evals=427 258s
[608918.0] PE_E_T2000_RC2880: step 226 NO_CANDIDATES_GENERATED pairs=26208 evals=427 259s
[608918.2] PE_E_T2000_RC2880: step 227 NO_CANDIDATES_GENERATED pairs=26208 evals=427 259s
[608918.3] PE_E_T2000_RC2880: step 228 NO_CANDIDATES_GENERATED pairs=26208 evals=427 259s
[608918.4] PE_E_T2000_RC2880: step 229 NO_CANDIDATES_GENERATED pairs=26208 evals=427 259s
[608918.6] PE_E_T2000_RC2880: step 230 NO_CANDIDATES_GENERATED pairs=26208 evals=427 259s
[608918.7] PE_E_T2000_RC2880: step 231 NO_CANDIDATES_GENERATED pairs=26208 evals=427 259s
[608918.8] PE_E_T2000_RC2880: step 232 NO_CANDIDATES_GENERATED pairs=26208 evals=427 259s
[608919.0] PE_E_T2000_RC2880: step 233 NO_CANDIDATES_GENERATED pairs=26208 evals=427 259s
[608930.4] PE_E_T2000_RC2880: step 234 ELEVATED pairs=26054 evals=443 271s
[608930.5] PE_E_T2000_RC2880: step 235 NO_CANDIDATES_GENERATED pairs=26054 evals=443 271s
[608930.7] PE_E_T2000_RC2880: step 236 NO_CANDIDATES_GENERATED pairs=26054 evals=443 271s
[608930.8] PE_E_T2000_RC2880: step 237 NO_CANDIDATES_GENERATED pairs=26054 evals=443 271s
[608930.9] PE_E_T2000_RC2880: step 238 NO_CANDIDATES_GENERATED pairs=26054 evals=443 271s
[608931.0] PE_E_T2000_RC2880: step 239 NO_CANDIDATES_GENERATED pairs=26054 evals=443 272s
[608931.2] PE_E_T2000_RC2880: step 240 NO_CANDIDATES_GENERATED pairs=26054 evals=443 272s
[608931.3] PE_E_T2000_RC2880: step 241 NO_CANDIDATES_GENERATED pairs=26054 evals=443 272s
[608931.4] PE_E_T2000_RC2880: step 242 NO_CANDIDATES_GENERATED pairs=26054 evals=443 272s
[608931.6] PE_E_T2000_RC2880: step 243 NO_CANDIDATES_GENERATED pairs=26054 evals=443 272s
[608938.5] PE_E_T2000_RC2880: step 244 ELEVATED pairs=25903 evals=459 279s
[608938.6] PE_E_T2000_RC2880: step 245 NO_CANDIDATES_GENERATED pairs=25903 evals=459 279s
[608938.7] PE_E_T2000_RC2880: step 246 NO_CANDIDATES_GENERATED pairs=25903 evals=459 279s
[608938.8] PE_E_T2000_RC2880: step 247 NO_CANDIDATES_GENERATED pairs=25903 evals=459 279s
[608938.9] PE_E_T2000_RC2880: step 248 NO_CANDIDATES_GENERATED pairs=25903 evals=459 279s
[608939.0] PE_E_T2000_RC2880: step 249 NO_CANDIDATES_GENERATED pairs=25903 evals=459 280s
[608939.1] PE_E_T2000_RC2880: step 250 NO_CANDIDATES_GENERATED pairs=25903 evals=459 280s
[608939.3] PE_E_T2000_RC2880: step 251 NO_CANDIDATES_GENERATED pairs=25903 evals=459 280s
[608939.4] PE_E_T2000_RC2880: step 252 NO_CANDIDATES_GENERATED pairs=25903 evals=459 280s
[608939.5] PE_E_T2000_RC2880: step 253 NO_CANDIDATES_GENERATED pairs=25903 evals=459 280s
[608949.3] PE_E_T2000_RC2880: step 254 ELEVATED pairs=25751 evals=475 290s
[608949.4] PE_E_T2000_RC2880: step 255 NO_CANDIDATES_GENERATED pairs=25751 evals=475 290s
[608949.5] PE_E_T2000_RC2880: step 256 NO_CANDIDATES_GENERATED pairs=25751 evals=475 290s
[608949.6] PE_E_T2000_RC2880: step 257 NO_CANDIDATES_GENERATED pairs=25751 evals=475 290s
[608949.7] PE_E_T2000_RC2880: step 258 NO_CANDIDATES_GENERATED pairs=25751 evals=475 290s
[608949.9] PE_E_T2000_RC2880: step 259 NO_CANDIDATES_GENERATED pairs=25751 evals=475 290s
[608950.0] PE_E_T2000_RC2880: step 260 NO_CANDIDATES_GENERATED pairs=25751 evals=475 291s
[608950.1] PE_E_T2000_RC2880: step 261 NO_CANDIDATES_GENERATED pairs=25751 evals=475 291s
[608950.2] PE_E_T2000_RC2880: step 262 NO_CANDIDATES_GENERATED pairs=25751 evals=475 291s
[608950.3] PE_E_T2000_RC2880: step 263 NO_CANDIDATES_GENERATED pairs=25751 evals=475 291s
[608957.6] PE_E_T2000_RC2880: step 264 ELEVATED pairs=25578 evals=491 298s
[608957.7] PE_E_T2000_RC2880: step 265 NO_CANDIDATES_GENERATED pairs=25578 evals=491 298s
[608957.8] PE_E_T2000_RC2880: step 266 NO_CANDIDATES_GENERATED pairs=25578 evals=491 298s
[608957.9] PE_E_T2000_RC2880: step 267 NO_CANDIDATES_GENERATED pairs=25578 evals=491 298s
[608958.1] PE_E_T2000_RC2880: step 268 NO_CANDIDATES_GENERATED pairs=25578 evals=491 299s
[608958.2] PE_E_T2000_RC2880: step 269 NO_CANDIDATES_GENERATED pairs=25578 evals=491 299s
[608958.3] PE_E_T2000_RC2880: step 270 NO_CANDIDATES_GENERATED pairs=25578 evals=491 299s
[608958.4] PE_E_T2000_RC2880: step 271 NO_CANDIDATES_GENERATED pairs=25578 evals=491 299s
[608958.5] PE_E_T2000_RC2880: step 272 NO_CANDIDATES_GENERATED pairs=25578 evals=491 299s
[608958.6] PE_E_T2000_RC2880: step 273 NO_CANDIDATES_GENERATED pairs=25578 evals=491 299s
[608969.0] PE_E_T2000_RC2880: step 274 ELEVATED pairs=25428 evals=507 310s
[608969.1] PE_E_T2000_RC2880: step 275 NO_CANDIDATES_GENERATED pairs=25428 evals=507 310s
[608969.2] PE_E_T2000_RC2880: step 276 NO_CANDIDATES_GENERATED pairs=25428 evals=507 310s
[608969.3] PE_E_T2000_RC2880: step 277 NO_CANDIDATES_GENERATED pairs=25428 evals=507 310s
[608969.4] PE_E_T2000_RC2880: step 278 NO_CANDIDATES_GENERATED pairs=25428 evals=507 310s
[608969.5] PE_E_T2000_RC2880: step 279 NO_CANDIDATES_GENERATED pairs=25428 evals=507 310s
[608969.6] PE_E_T2000_RC2880: step 280 NO_CANDIDATES_GENERATED pairs=25428 evals=507 310s
[608969.7] PE_E_T2000_RC2880: step 281 NO_CANDIDATES_GENERATED pairs=25428 evals=507 310s
[608969.8] PE_E_T2000_RC2880: step 282 NO_CANDIDATES_GENERATED pairs=25428 evals=507 310s
[608969.9] PE_E_T2000_RC2880: step 283 NO_CANDIDATES_GENERATED pairs=25428 evals=507 310s
[608977.1] PE_E_T2000_RC2880: step 284 ELEVATED pairs=25257 evals=523 318s
[608977.2] PE_E_T2000_RC2880: step 285 NO_CANDIDATES_GENERATED pairs=25257 evals=523 318s
[608977.3] PE_E_T2000_RC2880: step 286 NO_CANDIDATES_GENERATED pairs=25257 evals=523 318s
[608977.5] PE_E_T2000_RC2880: step 287 NO_CANDIDATES_GENERATED pairs=25257 evals=523 318s
[608977.6] PE_E_T2000_RC2880: step 288 NO_CANDIDATES_GENERATED pairs=25257 evals=523 318s
[608977.7] PE_E_T2000_RC2880: step 289 NO_CANDIDATES_GENERATED pairs=25257 evals=523 318s
[608977.8] PE_E_T2000_RC2880: step 290 NO_CANDIDATES_GENERATED pairs=25257 evals=523 318s
[608977.9] PE_E_T2000_RC2880: step 291 NO_CANDIDATES_GENERATED pairs=25257 evals=523 318s
[608978.1] PE_E_T2000_RC2880: step 292 NO_CANDIDATES_GENERATED pairs=25257 evals=523 319s
[608978.2] PE_E_T2000_RC2880: step 293 NO_CANDIDATES_GENERATED pairs=25257 evals=523 319s
[608988.6] PE_E_T2000_RC2880: step 294 ELEVATED pairs=25109 evals=539 329s
[608988.7] PE_E_T2000_RC2880: step 295 NO_CANDIDATES_GENERATED pairs=25109 evals=539 329s
[608988.8] PE_E_T2000_RC2880: step 296 NO_CANDIDATES_GENERATED pairs=25109 evals=539 329s
[608988.9] PE_E_T2000_RC2880: step 297 NO_CANDIDATES_GENERATED pairs=25109 evals=539 329s
[608989.0] PE_E_T2000_RC2880: step 298 NO_CANDIDATES_GENERATED pairs=25109 evals=539 330s
[608989.1] PE_E_T2000_RC2880: step 299 NO_CANDIDATES_GENERATED pairs=25109 evals=539 330s
[608989.2] PE_E_T2000_RC2880: step 300 NO_CANDIDATES_GENERATED pairs=25109 evals=539 330s
[608989.4] PE_E_T2000_RC2880: step 301 NO_CANDIDATES_GENERATED pairs=25109 evals=539 330s
[608989.5] PE_E_T2000_RC2880: step 302 NO_CANDIDATES_GENERATED pairs=25109 evals=539 330s
[608989.6] PE_E_T2000_RC2880: step 303 NO_CANDIDATES_GENERATED pairs=25109 evals=539 330s
[608995.7] PE_E_T2000_RC2880: step 304 ELEVATED pairs=25024 evals=555 336s
[608995.8] PE_E_T2000_RC2880: step 305 NO_CANDIDATES_GENERATED pairs=25024 evals=555 336s
[608995.9] PE_E_T2000_RC2880: step 306 NO_CANDIDATES_GENERATED pairs=25024 evals=555 336s
[608996.0] PE_E_T2000_RC2880: step 307 NO_CANDIDATES_GENERATED pairs=25024 evals=555 337s
[608996.1] PE_E_T2000_RC2880: step 308 NO_CANDIDATES_GENERATED pairs=25024 evals=555 337s
[608996.2] PE_E_T2000_RC2880: step 309 NO_CANDIDATES_GENERATED pairs=25024 evals=555 337s
[608996.3] PE_E_T2000_RC2880: step 310 NO_CANDIDATES_GENERATED pairs=25024 evals=555 337s
[608996.5] PE_E_T2000_RC2880: step 311 NO_CANDIDATES_GENERATED pairs=25024 evals=555 337s
[608996.6] PE_E_T2000_RC2880: step 312 NO_CANDIDATES_GENERATED pairs=25024 evals=555 337s
[608996.7] PE_E_T2000_RC2880: step 313 NO_CANDIDATES_GENERATED pairs=25024 evals=555 337s
[609003.3] PE_E_T2000_RC2880: step 314 ELEVATED pairs=24882 evals=571 344s
[609003.4] PE_E_T2000_RC2880: step 315 NO_CANDIDATES_GENERATED pairs=24882 evals=571 344s
[609003.5] PE_E_T2000_RC2880: step 316 NO_CANDIDATES_GENERATED pairs=24882 evals=571 344s
[609003.6] PE_E_T2000_RC2880: step 317 NO_CANDIDATES_GENERATED pairs=24882 evals=571 344s
[609003.7] PE_E_T2000_RC2880: step 318 NO_CANDIDATES_GENERATED pairs=24882 evals=571 344s
[609003.8] PE_E_T2000_RC2880: step 319 NO_CANDIDATES_GENERATED pairs=24882 evals=571 344s
[609003.8] PE_E_T2000_RC2880: step 320 NO_CANDIDATES_GENERATED pairs=24882 evals=571 344s
[609003.9] PE_E_T2000_RC2880: step 321 NO_CANDIDATES_GENERATED pairs=24882 evals=571 344s
[609004.0] PE_E_T2000_RC2880: step 322 NO_CANDIDATES_GENERATED pairs=24882 evals=571 345s
[609004.1] PE_E_T2000_RC2880: step 323 NO_CANDIDATES_GENERATED pairs=24882 evals=571 345s
[609011.9] PE_E_T2000_RC2880: step 324 ELEVATED pairs=24732 evals=587 352s
[609012.0] PE_E_T2000_RC2880: step 325 NO_CANDIDATES_GENERATED pairs=24732 evals=587 353s
[609012.1] PE_E_T2000_RC2880: step 326 NO_CANDIDATES_GENERATED pairs=24732 evals=587 353s
[609012.2] PE_E_T2000_RC2880: step 327 NO_CANDIDATES_GENERATED pairs=24732 evals=587 353s
[609012.3] PE_E_T2000_RC2880: step 328 NO_CANDIDATES_GENERATED pairs=24732 evals=587 353s
[609012.4] PE_E_T2000_RC2880: step 329 NO_CANDIDATES_GENERATED pairs=24732 evals=587 353s
[609012.5] PE_E_T2000_RC2880: step 330 NO_CANDIDATES_GENERATED pairs=24732 evals=587 353s
[609012.6] PE_E_T2000_RC2880: step 331 NO_CANDIDATES_GENERATED pairs=24732 evals=587 353s
[609012.7] PE_E_T2000_RC2880: step 332 NO_CANDIDATES_GENERATED pairs=24732 evals=587 353s
[609012.8] PE_E_T2000_RC2880: step 333 NO_CANDIDATES_GENERATED pairs=24732 evals=587 353s
[609018.0] PE_E_T2000_RC2880: step 334 ELEVATED pairs=24587 evals=603 359s
[609018.1] PE_E_T2000_RC2880: step 335 NO_CANDIDATES_GENERATED pairs=24587 evals=603 359s
[609018.2] PE_E_T2000_RC2880: step 336 NO_CANDIDATES_GENERATED pairs=24587 evals=603 359s
[609018.2] PE_E_T2000_RC2880: step 337 NO_CANDIDATES_GENERATED pairs=24587 evals=603 359s
[609018.3] PE_E_T2000_RC2880: step 338 NO_CANDIDATES_GENERATED pairs=24587 evals=603 359s
[609018.4] PE_E_T2000_RC2880: step 339 NO_CANDIDATES_GENERATED pairs=24587 evals=603 359s
[609018.5] PE_E_T2000_RC2880: step 340 NO_CANDIDATES_GENERATED pairs=24587 evals=603 359s
[609018.6] PE_E_T2000_RC2880: step 341 NO_CANDIDATES_GENERATED pairs=24587 evals=603 359s
[609018.7] PE_E_T2000_RC2880: step 342 NO_CANDIDATES_GENERATED pairs=24587 evals=603 359s
[609018.8] PE_E_T2000_RC2880: step 343 NO_CANDIDATES_GENERATED pairs=24587 evals=603 359s
[609028.0] PE_E_T2000_RC2880: step 344 ELEVATED pairs=24439 evals=619 369s
[609028.1] PE_E_T2000_RC2880: step 345 NO_CANDIDATES_GENERATED pairs=24439 evals=619 369s
[609028.2] PE_E_T2000_RC2880: step 346 NO_CANDIDATES_GENERATED pairs=24439 evals=619 369s
[609028.3] PE_E_T2000_RC2880: step 347 NO_CANDIDATES_GENERATED pairs=24439 evals=619 369s
[609028.4] PE_E_T2000_RC2880: step 348 NO_CANDIDATES_GENERATED pairs=24439 evals=619 369s
[609028.5] PE_E_T2000_RC2880: step 349 NO_CANDIDATES_GENERATED pairs=24439 evals=619 369s
[609028.6] PE_E_T2000_RC2880: step 350 NO_CANDIDATES_GENERATED pairs=24439 evals=619 369s
[609028.7] PE_E_T2000_RC2880: step 351 NO_CANDIDATES_GENERATED pairs=24439 evals=619 369s
[609028.8] PE_E_T2000_RC2880: step 352 NO_CANDIDATES_GENERATED pairs=24439 evals=619 369s
[609028.9] PE_E_T2000_RC2880: step 353 NO_CANDIDATES_GENERATED pairs=24439 evals=619 369s
[609038.1] PE_E_T2000_RC2880: step 354 ELEVATED pairs=24293 evals=635 379s
[609038.2] PE_E_T2000_RC2880: step 355 NO_CANDIDATES_GENERATED pairs=24293 evals=635 379s
[609038.2] PE_E_T2000_RC2880: step 356 NO_CANDIDATES_GENERATED pairs=24293 evals=635 379s
[609038.3] PE_E_T2000_RC2880: step 357 NO_CANDIDATES_GENERATED pairs=24293 evals=635 379s
[609038.4] PE_E_T2000_RC2880: step 358 NO_CANDIDATES_GENERATED pairs=24293 evals=635 379s
[609038.5] PE_E_T2000_RC2880: step 359 NO_CANDIDATES_GENERATED pairs=24293 evals=635 379s
[609038.5] PE_E_T2000_RC2880: step 360 NO_CANDIDATES_GENERATED pairs=24293 evals=635 379s
[609038.6] PE_E_T2000_RC2880: step 361 NO_CANDIDATES_GENERATED pairs=24293 evals=635 379s
[609038.7] PE_E_T2000_RC2880: step 362 NO_CANDIDATES_GENERATED pairs=24293 evals=635 379s
[609038.8] PE_E_T2000_RC2880: step 363 NO_CANDIDATES_GENERATED pairs=24293 evals=635 379s
[609047.0] PE_E_T2000_RC2880: step 364 ELEVATED pairs=24149 evals=651 388s
[609047.1] PE_E_T2000_RC2880: step 365 NO_CANDIDATES_GENERATED pairs=24149 evals=651 388s
[609047.1] PE_E_T2000_RC2880: step 366 NO_CANDIDATES_GENERATED pairs=24149 evals=651 388s
[609047.2] PE_E_T2000_RC2880: step 367 NO_CANDIDATES_GENERATED pairs=24149 evals=651 388s
[609047.3] PE_E_T2000_RC2880: step 368 NO_CANDIDATES_GENERATED pairs=24149 evals=651 388s
[609047.4] PE_E_T2000_RC2880: step 369 NO_CANDIDATES_GENERATED pairs=24149 evals=651 388s
[609047.4] PE_E_T2000_RC2880: step 370 NO_CANDIDATES_GENERATED pairs=24149 evals=651 388s
[609047.5] PE_E_T2000_RC2880: step 371 NO_CANDIDATES_GENERATED pairs=24149 evals=651 388s
[609047.6] PE_E_T2000_RC2880: step 372 NO_CANDIDATES_GENERATED pairs=24149 evals=651 388s
[609047.7] PE_E_T2000_RC2880: step 373 NO_CANDIDATES_GENERATED pairs=24149 evals=651 388s
[609052.8] PE_E_T2000_RC2880: step 374 ELEVATED pairs=24005 evals=667 393s
[609052.9] PE_E_T2000_RC2880: step 375 NO_CANDIDATES_GENERATED pairs=24005 evals=667 393s
[609052.9] PE_E_T2000_RC2880: step 376 NO_CANDIDATES_GENERATED pairs=24005 evals=667 393s
[609053.0] PE_E_T2000_RC2880: step 377 NO_CANDIDATES_GENERATED pairs=24005 evals=667 394s
[609053.1] PE_E_T2000_RC2880: step 378 NO_CANDIDATES_GENERATED pairs=24005 evals=667 394s
[609053.1] PE_E_T2000_RC2880: step 379 NO_CANDIDATES_GENERATED pairs=24005 evals=667 394s
[609053.2] PE_E_T2000_RC2880: step 380 NO_CANDIDATES_GENERATED pairs=24005 evals=667 394s
[609053.3] PE_E_T2000_RC2880: step 381 NO_CANDIDATES_GENERATED pairs=24005 evals=667 394s
[609053.4] PE_E_T2000_RC2880: step 382 NO_CANDIDATES_GENERATED pairs=24005 evals=667 394s
[609053.4] PE_E_T2000_RC2880: step 383 NO_CANDIDATES_GENERATED pairs=24005 evals=667 394s
[609058.4] PE_E_T2000_RC2880: step 384 ELEVATED pairs=23863 evals=683 399s
[609058.5] PE_E_T2000_RC2880: step 385 NO_CANDIDATES_GENERATED pairs=23863 evals=683 399s
[609058.6] PE_E_T2000_RC2880: step 386 NO_CANDIDATES_GENERATED pairs=23863 evals=683 399s
[609058.7] PE_E_T2000_RC2880: step 387 NO_CANDIDATES_GENERATED pairs=23863 evals=683 399s
[609058.8] PE_E_T2000_RC2880: step 388 NO_CANDIDATES_GENERATED pairs=23863 evals=683 399s
[609058.9] PE_E_T2000_RC2880: step 389 NO_CANDIDATES_GENERATED pairs=23863 evals=683 399s
[609058.9] PE_E_T2000_RC2880: step 390 NO_CANDIDATES_GENERATED pairs=23863 evals=683 399s
[609059.0] PE_E_T2000_RC2880: step 391 NO_CANDIDATES_GENERATED pairs=23863 evals=683 400s
[609059.1] PE_E_T2000_RC2880: step 392 NO_CANDIDATES_GENERATED pairs=23863 evals=683 400s
[609059.2] PE_E_T2000_RC2880: step 393 NO_CANDIDATES_GENERATED pairs=23863 evals=683 400s
[609065.0] PE_E_T2000_RC2880: step 394 ELEVATED pairs=23719 evals=699 406s
[609065.1] PE_E_T2000_RC2880: step 395 NO_CANDIDATES_GENERATED pairs=23719 evals=699 406s
[609065.2] PE_E_T2000_RC2880: step 396 NO_CANDIDATES_GENERATED pairs=23719 evals=699 406s
[609065.2] PE_E_T2000_RC2880: step 397 NO_CANDIDATES_GENERATED pairs=23719 evals=699 406s
[609065.3] PE_E_T2000_RC2880: step 398 NO_CANDIDATES_GENERATED pairs=23719 evals=699 406s
[609065.4] PE_E_T2000_RC2880: step 399 NO_CANDIDATES_GENERATED pairs=23719 evals=699 406s
[609065.5] PE_E_T2000_RC2880: step 400 NO_CANDIDATES_GENERATED pairs=23719 evals=699 406s
[609065.5] PE_E_T2000_RC2880: step 401 NO_CANDIDATES_GENERATED pairs=23719 evals=699 406s
[609065.6] PE_E_T2000_RC2880: step 402 NO_CANDIDATES_GENERATED pairs=23719 evals=699 406s
[609065.7] PE_E_T2000_RC2880: step 403 NO_CANDIDATES_GENERATED pairs=23719 evals=699 406s
[609071.5] PE_E_T2000_RC2880: step 404 ELEVATED pairs=23626 evals=715 412s
[609071.6] PE_E_T2000_RC2880: step 405 NO_CANDIDATES_GENERATED pairs=23626 evals=715 412s
[609071.6] PE_E_T2000_RC2880: step 406 NO_CANDIDATES_GENERATED pairs=23626 evals=715 412s
[609071.7] PE_E_T2000_RC2880: step 407 NO_CANDIDATES_GENERATED pairs=23626 evals=715 412s
[609071.8] PE_E_T2000_RC2880: step 408 NO_CANDIDATES_GENERATED pairs=23626 evals=715 412s
[609071.9] PE_E_T2000_RC2880: step 409 NO_CANDIDATES_GENERATED pairs=23626 evals=715 412s
[609072.0] PE_E_T2000_RC2880: step 410 NO_CANDIDATES_GENERATED pairs=23626 evals=715 413s
[609072.1] PE_E_T2000_RC2880: step 411 NO_CANDIDATES_GENERATED pairs=23626 evals=715 413s
[609072.2] PE_E_T2000_RC2880: step 412 NO_CANDIDATES_GENERATED pairs=23626 evals=715 413s
[609072.3] PE_E_T2000_RC2880: step 413 NO_CANDIDATES_GENERATED pairs=23626 evals=715 413s
[609080.0] PE_E_T2000_RC2880: step 414 ELEVATED pairs=23484 evals=731 421s
[609080.1] PE_E_T2000_RC2880: step 415 NO_CANDIDATES_GENERATED pairs=23484 evals=731 421s
[609080.2] PE_E_T2000_RC2880: step 416 NO_CANDIDATES_GENERATED pairs=23484 evals=731 421s
[609080.3] PE_E_T2000_RC2880: step 417 NO_CANDIDATES_GENERATED pairs=23484 evals=731 421s
[609080.4] PE_E_T2000_RC2880: step 418 NO_CANDIDATES_GENERATED pairs=23484 evals=731 421s
[609080.5] PE_E_T2000_RC2880: step 419 NO_CANDIDATES_GENERATED pairs=23484 evals=731 421s
[609080.6] PE_E_T2000_RC2880: step 420 NO_CANDIDATES_GENERATED pairs=23484 evals=731 421s
[609080.7] PE_E_T2000_RC2880: step 421 NO_CANDIDATES_GENERATED pairs=23484 evals=731 421s
[609080.8] PE_E_T2000_RC2880: step 422 NO_CANDIDATES_GENERATED pairs=23484 evals=731 421s
[609080.9] PE_E_T2000_RC2880: step 423 NO_CANDIDATES_GENERATED pairs=23484 evals=731 421s
[609087.7] PE_E_T2000_RC2880: step 424 ELEVATED pairs=23381 evals=747 428s
[609087.8] PE_E_T2000_RC2880: step 425 NO_CANDIDATES_GENERATED pairs=23381 evals=747 428s
[609087.9] PE_E_T2000_RC2880: step 426 NO_CANDIDATES_GENERATED pairs=23381 evals=747 428s
[609088.0] PE_E_T2000_RC2880: step 427 NO_CANDIDATES_GENERATED pairs=23381 evals=747 429s
[609088.1] PE_E_T2000_RC2880: step 428 NO_CANDIDATES_GENERATED pairs=23381 evals=747 429s
[609088.2] PE_E_T2000_RC2880: step 429 NO_CANDIDATES_GENERATED pairs=23381 evals=747 429s
[609088.3] PE_E_T2000_RC2880: step 430 NO_CANDIDATES_GENERATED pairs=23381 evals=747 429s
[609088.4] PE_E_T2000_RC2880: step 431 NO_CANDIDATES_GENERATED pairs=23381 evals=747 429s
[609088.5] PE_E_T2000_RC2880: step 432 NO_CANDIDATES_GENERATED pairs=23381 evals=747 429s
[609088.6] PE_E_T2000_RC2880: step 433 NO_CANDIDATES_GENERATED pairs=23381 evals=747 429s
[609096.8] PE_E_T2000_RC2880: step 434 ELEVATED pairs=23241 evals=763 437s
[609096.9] PE_E_T2000_RC2880: step 435 NO_CANDIDATES_GENERATED pairs=23241 evals=763 437s
[609097.0] PE_E_T2000_RC2880: step 436 NO_CANDIDATES_GENERATED pairs=23241 evals=763 438s
[609097.1] PE_E_T2000_RC2880: step 437 NO_CANDIDATES_GENERATED pairs=23241 evals=763 438s
[609097.2] PE_E_T2000_RC2880: step 438 NO_CANDIDATES_GENERATED pairs=23241 evals=763 438s
[609097.3] PE_E_T2000_RC2880: step 439 NO_CANDIDATES_GENERATED pairs=23241 evals=763 438s
[609097.4] PE_E_T2000_RC2880: step 440 NO_CANDIDATES_GENERATED pairs=23241 evals=763 438s
[609097.5] PE_E_T2000_RC2880: step 441 NO_CANDIDATES_GENERATED pairs=23241 evals=763 438s
[609097.6] PE_E_T2000_RC2880: step 442 NO_CANDIDATES_GENERATED pairs=23241 evals=763 438s
[609097.7] PE_E_T2000_RC2880: step 443 NO_CANDIDATES_GENERATED pairs=23241 evals=763 438s
[609104.8] PE_E_T2000_RC2880: step 444 ELEVATED pairs=23140 evals=779 445s
[609104.9] PE_E_T2000_RC2880: step 445 NO_CANDIDATES_GENERATED pairs=23140 evals=779 445s
[609105.0] PE_E_T2000_RC2880: step 446 NO_CANDIDATES_GENERATED pairs=23140 evals=779 446s
[609105.1] PE_E_T2000_RC2880: step 447 NO_CANDIDATES_GENERATED pairs=23140 evals=779 446s
[609105.2] PE_E_T2000_RC2880: step 448 NO_CANDIDATES_GENERATED pairs=23140 evals=779 446s
[609105.3] PE_E_T2000_RC2880: step 449 NO_CANDIDATES_GENERATED pairs=23140 evals=779 446s
[609105.4] PE_E_T2000_RC2880: step 450 NO_CANDIDATES_GENERATED pairs=23140 evals=779 446s
[609105.5] PE_E_T2000_RC2880: step 451 NO_CANDIDATES_GENERATED pairs=23140 evals=779 446s
[609105.6] PE_E_T2000_RC2880: step 452 NO_CANDIDATES_GENERATED pairs=23140 evals=779 446s
[609105.7] PE_E_T2000_RC2880: step 453 NO_CANDIDATES_GENERATED pairs=23140 evals=779 446s
[609112.2] PE_E_T2000_RC2880: step 454 ELEVATED pairs=23050 evals=795 453s
[609112.3] PE_E_T2000_RC2880: step 455 NO_CANDIDATES_GENERATED pairs=23050 evals=795 453s
[609112.4] PE_E_T2000_RC2880: step 456 NO_CANDIDATES_GENERATED pairs=23050 evals=795 453s
[609112.5] PE_E_T2000_RC2880: step 457 NO_CANDIDATES_GENERATED pairs=23050 evals=795 453s
[609112.6] PE_E_T2000_RC2880: step 458 NO_CANDIDATES_GENERATED pairs=23050 evals=795 453s
[609112.7] PE_E_T2000_RC2880: step 459 NO_CANDIDATES_GENERATED pairs=23050 evals=795 453s
[609112.8] PE_E_T2000_RC2880: step 460 NO_CANDIDATES_GENERATED pairs=23050 evals=795 453s
[609112.9] PE_E_T2000_RC2880: step 461 NO_CANDIDATES_GENERATED pairs=23050 evals=795 453s
[609112.9] PE_E_T2000_RC2880: step 462 NO_CANDIDATES_GENERATED pairs=23050 evals=795 453s
[609113.1] PE_E_T2000_RC2880: step 463 NO_CANDIDATES_GENERATED pairs=23050 evals=795 454s
[609118.4] PE_E_T2000_RC2880: step 464 ELEVATED pairs=22913 evals=811 459s
[609118.5] PE_E_T2000_RC2880: step 465 NO_CANDIDATES_GENERATED pairs=22913 evals=811 459s
[609118.6] PE_E_T2000_RC2880: step 466 NO_CANDIDATES_GENERATED pairs=22913 evals=811 459s
[609118.7] PE_E_T2000_RC2880: step 467 NO_CANDIDATES_GENERATED pairs=22913 evals=811 459s
[609118.7] PE_E_T2000_RC2880: step 468 NO_CANDIDATES_GENERATED pairs=22913 evals=811 459s
[609118.8] PE_E_T2000_RC2880: step 469 NO_CANDIDATES_GENERATED pairs=22913 evals=811 459s
[609118.9] PE_E_T2000_RC2880: step 470 NO_CANDIDATES_GENERATED pairs=22913 evals=811 459s
[609119.0] PE_E_T2000_RC2880: step 471 NO_CANDIDATES_GENERATED pairs=22913 evals=811 460s
[609119.0] PE_E_T2000_RC2880: step 472 NO_CANDIDATES_GENERATED pairs=22913 evals=811 460s
[609119.1] PE_E_T2000_RC2880: step 473 NO_CANDIDATES_GENERATED pairs=22913 evals=811 460s
[609124.0] PE_E_T2000_RC2880: step 474 ELEVATED pairs=22777 evals=827 465s
[609124.1] PE_E_T2000_RC2880: step 475 NO_CANDIDATES_GENERATED pairs=22777 evals=827 465s
[609124.2] PE_E_T2000_RC2880: step 476 NO_CANDIDATES_GENERATED pairs=22777 evals=827 465s
[609124.3] PE_E_T2000_RC2880: step 477 NO_CANDIDATES_GENERATED pairs=22777 evals=827 465s
[609124.4] PE_E_T2000_RC2880: step 478 NO_CANDIDATES_GENERATED pairs=22777 evals=827 465s
[609124.5] PE_E_T2000_RC2880: step 479 NO_CANDIDATES_GENERATED pairs=22777 evals=827 465s
[609124.6] PE_E_T2000_RC2880: step 480 NO_CANDIDATES_GENERATED pairs=22777 evals=827 465s
[609124.7] PE_E_T2000_RC2880: step 481 NO_CANDIDATES_GENERATED pairs=22777 evals=827 465s
[609124.8] PE_E_T2000_RC2880: step 482 NO_CANDIDATES_GENERATED pairs=22777 evals=827 465s
[609124.8] PE_E_T2000_RC2880: step 483 NO_CANDIDATES_GENERATED pairs=22777 evals=827 465s
[609132.8] PE_E_T2000_RC2880: step 484 ELEVATED pairs=22690 evals=836 473s
[609132.9] PE_E_T2000_RC2880: step 485 NO_CANDIDATES_GENERATED pairs=22690 evals=836 473s
[609133.0] PE_E_T2000_RC2880: step 486 NO_CANDIDATES_GENERATED pairs=22690 evals=836 474s
[609133.1] PE_E_T2000_RC2880: step 487 NO_CANDIDATES_GENERATED pairs=22690 evals=836 474s
[609133.2] PE_E_T2000_RC2880: step 488 NO_CANDIDATES_GENERATED pairs=22690 evals=836 474s
[609133.3] PE_E_T2000_RC2880: step 489 NO_CANDIDATES_GENERATED pairs=22690 evals=836 474s
[609133.4] PE_E_T2000_RC2880: step 490 NO_CANDIDATES_GENERATED pairs=22690 evals=836 474s
[609133.5] PE_E_T2000_RC2880: step 491 NO_CANDIDATES_GENERATED pairs=22690 evals=836 474s
[609133.5] PE_E_T2000_RC2880: step 492 NO_CANDIDATES_GENERATED pairs=22690 evals=836 474s
[609133.6] PE_E_T2000_RC2880: step 493 NO_CANDIDATES_GENERATED pairs=22690 evals=836 474s
[609139.3] PE_E_T2000_RC2880: step 494 ELEVATED pairs=22556 evals=852 480s
[609139.5] PE_E_T2000_RC2880: step 495 NO_CANDIDATES_GENERATED pairs=22556 evals=852 480s
[609139.5] PE_E_T2000_RC2880: step 496 NO_CANDIDATES_GENERATED pairs=22556 evals=852 480s
[609139.7] PE_E_T2000_RC2880: step 497 NO_CANDIDATES_GENERATED pairs=22556 evals=852 480s
[609139.8] PE_E_T2000_RC2880: step 498 NO_CANDIDATES_GENERATED pairs=22556 evals=852 480s
[609139.8] PE_E_T2000_RC2880: step 499 NO_CANDIDATES_GENERATED pairs=22556 evals=852 480s
[609139.9] PE_E_T2000_RC2880: step 500 NO_CANDIDATES_GENERATED pairs=22556 evals=852 480s
[609140.0] PE_E_T2000_RC2880: step 501 NO_CANDIDATES_GENERATED pairs=22556 evals=852 481s
[609140.1] PE_E_T2000_RC2880: step 502 NO_CANDIDATES_GENERATED pairs=22556 evals=852 481s
[609140.2] PE_E_T2000_RC2880: step 503 NO_CANDIDATES_GENERATED pairs=22556 evals=852 481s
[609146.3] PE_E_T2000_RC2880: step 504 ELEVATED pairs=22434 evals=868 487s
[609146.4] PE_E_T2000_RC2880: step 505 NO_CANDIDATES_GENERATED pairs=22434 evals=868 487s
[609146.5] PE_E_T2000_RC2880: step 506 NO_CANDIDATES_GENERATED pairs=22434 evals=868 487s
[609146.6] PE_E_T2000_RC2880: step 507 NO_CANDIDATES_GENERATED pairs=22434 evals=868 487s
[609146.7] PE_E_T2000_RC2880: step 508 NO_CANDIDATES_GENERATED pairs=22434 evals=868 487s
[609146.8] PE_E_T2000_RC2880: step 509 NO_CANDIDATES_GENERATED pairs=22434 evals=868 487s
[609146.9] PE_E_T2000_RC2880: step 510 NO_CANDIDATES_GENERATED pairs=22434 evals=868 487s
[609147.0] PE_E_T2000_RC2880: step 511 NO_CANDIDATES_GENERATED pairs=22434 evals=868 488s
[609147.1] PE_E_T2000_RC2880: step 512 NO_CANDIDATES_GENERATED pairs=22434 evals=868 488s
[609147.1] PE_E_T2000_RC2880: step 513 NO_CANDIDATES_GENERATED pairs=22434 evals=868 488s
[609152.5] PE_E_T2000_RC2880: step 514 ELEVATED pairs=22300 evals=884 493s
[609152.6] PE_E_T2000_RC2880: step 515 NO_CANDIDATES_GENERATED pairs=22300 evals=884 493s
[609152.6] PE_E_T2000_RC2880: step 516 NO_CANDIDATES_GENERATED pairs=22300 evals=884 493s
[609152.7] PE_E_T2000_RC2880: step 517 NO_CANDIDATES_GENERATED pairs=22300 evals=884 493s
[609152.8] PE_E_T2000_RC2880: step 518 NO_CANDIDATES_GENERATED pairs=22300 evals=884 493s
[609152.9] PE_E_T2000_RC2880: step 519 NO_CANDIDATES_GENERATED pairs=22300 evals=884 493s
[609153.0] PE_E_T2000_RC2880: step 520 NO_CANDIDATES_GENERATED pairs=22300 evals=884 494s
[609153.1] PE_E_T2000_RC2880: step 521 NO_CANDIDATES_GENERATED pairs=22300 evals=884 494s
[609153.2] PE_E_T2000_RC2880: step 522 NO_CANDIDATES_GENERATED pairs=22300 evals=884 494s
[609153.2] PE_E_T2000_RC2880: step 523 NO_CANDIDATES_GENERATED pairs=22300 evals=884 494s
[609160.1] PE_E_T2000_RC2880: step 524 ELEVATED pairs=22184 evals=900 501s
[609160.2] PE_E_T2000_RC2880: step 525 NO_CANDIDATES_GENERATED pairs=22184 evals=900 501s
[609160.3] PE_E_T2000_RC2880: step 526 NO_CANDIDATES_GENERATED pairs=22184 evals=900 501s
[609160.4] PE_E_T2000_RC2880: step 527 NO_CANDIDATES_GENERATED pairs=22184 evals=900 501s
[609160.5] PE_E_T2000_RC2880: step 528 NO_CANDIDATES_GENERATED pairs=22184 evals=900 501s
[609160.7] PE_E_T2000_RC2880: step 529 NO_CANDIDATES_GENERATED pairs=22184 evals=900 501s
[609160.7] PE_E_T2000_RC2880: step 530 NO_CANDIDATES_GENERATED pairs=22184 evals=900 501s
[609160.8] PE_E_T2000_RC2880: step 531 NO_CANDIDATES_GENERATED pairs=22184 evals=900 501s
[609160.9] PE_E_T2000_RC2880: step 532 NO_CANDIDATES_GENERATED pairs=22184 evals=900 501s
[609161.0] PE_E_T2000_RC2880: step 533 NO_CANDIDATES_GENERATED pairs=22184 evals=900 502s
[609167.6] PE_E_T2000_RC2880: step 534 ELEVATED pairs=22064 evals=916 508s
[609167.7] PE_E_T2000_RC2880: step 535 NO_CANDIDATES_GENERATED pairs=22064 evals=916 508s
[609167.8] PE_E_T2000_RC2880: step 536 NO_CANDIDATES_GENERATED pairs=22064 evals=916 508s
[609167.9] PE_E_T2000_RC2880: step 537 NO_CANDIDATES_GENERATED pairs=22064 evals=916 508s
[609168.0] PE_E_T2000_RC2880: step 538 NO_CANDIDATES_GENERATED pairs=22064 evals=916 508s
[609168.1] PE_E_T2000_RC2880: step 539 NO_CANDIDATES_GENERATED pairs=22064 evals=916 509s
[609168.2] PE_E_T2000_RC2880: step 540 NO_CANDIDATES_GENERATED pairs=22064 evals=916 509s
[609168.3] PE_E_T2000_RC2880: step 541 NO_CANDIDATES_GENERATED pairs=22064 evals=916 509s
[609168.4] PE_E_T2000_RC2880: step 542 NO_CANDIDATES_GENERATED pairs=22064 evals=916 509s
[609168.5] PE_E_T2000_RC2880: step 543 NO_CANDIDATES_GENERATED pairs=22064 evals=916 509s
[609173.1] PE_E_T2000_RC2880: step 544 ELEVATED pairs=21959 evals=932 514s
[609173.2] PE_E_T2000_RC2880: step 545 NO_CANDIDATES_GENERATED pairs=21959 evals=932 514s
[609173.3] PE_E_T2000_RC2880: step 546 NO_CANDIDATES_GENERATED pairs=21959 evals=932 514s
[609173.3] PE_E_T2000_RC2880: step 547 NO_CANDIDATES_GENERATED pairs=21959 evals=932 514s
[609173.4] PE_E_T2000_RC2880: step 548 NO_CANDIDATES_GENERATED pairs=21959 evals=932 514s
[609173.5] PE_E_T2000_RC2880: step 549 NO_CANDIDATES_GENERATED pairs=21959 evals=932 514s
[609173.6] PE_E_T2000_RC2880: step 550 NO_CANDIDATES_GENERATED pairs=21959 evals=932 514s
[609173.7] PE_E_T2000_RC2880: step 551 NO_CANDIDATES_GENERATED pairs=21959 evals=932 514s
[609173.8] PE_E_T2000_RC2880: step 552 NO_CANDIDATES_GENERATED pairs=21959 evals=932 514s
[609173.9] PE_E_T2000_RC2880: step 553 NO_CANDIDATES_GENERATED pairs=21959 evals=932 514s
[609180.8] PE_E_T2000_RC2880: step 554 ELEVATED pairs=21827 evals=948 521s
[609180.9] PE_E_T2000_RC2880: step 555 NO_CANDIDATES_GENERATED pairs=21827 evals=948 521s
[609181.0] PE_E_T2000_RC2880: step 556 NO_CANDIDATES_GENERATED pairs=21827 evals=948 521s
[609181.1] PE_E_T2000_RC2880: step 557 NO_CANDIDATES_GENERATED pairs=21827 evals=948 522s
[609181.1] PE_E_T2000_RC2880: step 558 NO_CANDIDATES_GENERATED pairs=21827 evals=948 522s
[609181.2] PE_E_T2000_RC2880: step 559 NO_CANDIDATES_GENERATED pairs=21827 evals=948 522s
[609181.3] PE_E_T2000_RC2880: step 560 NO_CANDIDATES_GENERATED pairs=21827 evals=948 522s
[609181.4] PE_E_T2000_RC2880: step 561 NO_CANDIDATES_GENERATED pairs=21827 evals=948 522s
[609181.5] PE_E_T2000_RC2880: step 562 NO_CANDIDATES_GENERATED pairs=21827 evals=948 522s
[609181.6] PE_E_T2000_RC2880: step 563 NO_CANDIDATES_GENERATED pairs=21827 evals=948 522s
[609189.0] PE_E_T2000_RC2880: step 564 ELEVATED pairs=21695 evals=964 530s
[609189.1] PE_E_T2000_RC2880: step 565 NO_CANDIDATES_GENERATED pairs=21695 evals=964 530s
[609189.2] PE_E_T2000_RC2880: step 566 NO_CANDIDATES_GENERATED pairs=21695 evals=964 530s
[609189.3] PE_E_T2000_RC2880: step 567 NO_CANDIDATES_GENERATED pairs=21695 evals=964 530s
[609189.3] PE_E_T2000_RC2880: step 568 NO_CANDIDATES_GENERATED pairs=21695 evals=964 530s
[609189.4] PE_E_T2000_RC2880: step 569 NO_CANDIDATES_GENERATED pairs=21695 evals=964 530s
[609189.5] PE_E_T2000_RC2880: step 570 NO_CANDIDATES_GENERATED pairs=21695 evals=964 530s
[609189.6] PE_E_T2000_RC2880: step 571 NO_CANDIDATES_GENERATED pairs=21695 evals=964 530s
[609189.7] PE_E_T2000_RC2880: step 572 NO_CANDIDATES_GENERATED pairs=21695 evals=964 530s
[609189.8] PE_E_T2000_RC2880: step 573 NO_CANDIDATES_GENERATED pairs=21695 evals=964 530s
[609196.2] PE_E_T2000_RC2880: step 574 ELEVATED pairs=21584 evals=980 537s
[609196.3] PE_E_T2000_RC2880: step 575 NO_CANDIDATES_GENERATED pairs=21584 evals=980 537s
[609196.4] PE_E_T2000_RC2880: step 576 NO_CANDIDATES_GENERATED pairs=21584 evals=980 537s
[609196.5] PE_E_T2000_RC2880: step 577 NO_CANDIDATES_GENERATED pairs=21584 evals=980 537s
[609196.6] PE_E_T2000_RC2880: step 578 NO_CANDIDATES_GENERATED pairs=21584 evals=980 537s
[609196.6] PE_E_T2000_RC2880: step 579 NO_CANDIDATES_GENERATED pairs=21584 evals=980 537s
[609196.7] PE_E_T2000_RC2880: step 580 NO_CANDIDATES_GENERATED pairs=21584 evals=980 537s
[609196.8] PE_E_T2000_RC2880: step 581 NO_CANDIDATES_GENERATED pairs=21584 evals=980 537s
[609196.9] PE_E_T2000_RC2880: step 582 NO_CANDIDATES_GENERATED pairs=21584 evals=980 537s
[609197.0] PE_E_T2000_RC2880: step 583 NO_CANDIDATES_GENERATED pairs=21584 evals=980 538s
[609204.0] PE_E_T2000_RC2880: step 584 ELEVATED pairs=21468 evals=996 545s
[609204.1] PE_E_T2000_RC2880: step 585 NO_CANDIDATES_GENERATED pairs=21468 evals=996 545s
[609204.2] PE_E_T2000_RC2880: step 586 NO_CANDIDATES_GENERATED pairs=21468 evals=996 545s
[609204.3] PE_E_T2000_RC2880: step 587 NO_CANDIDATES_GENERATED pairs=21468 evals=996 545s
[609204.4] PE_E_T2000_RC2880: step 588 NO_CANDIDATES_GENERATED pairs=21468 evals=996 545s
[609204.5] PE_E_T2000_RC2880: step 589 NO_CANDIDATES_GENERATED pairs=21468 evals=996 545s
[609204.6] PE_E_T2000_RC2880: step 590 NO_CANDIDATES_GENERATED pairs=21468 evals=996 545s
[609204.7] PE_E_T2000_RC2880: step 591 NO_CANDIDATES_GENERATED pairs=21468 evals=996 545s
[609204.8] PE_E_T2000_RC2880: step 592 NO_CANDIDATES_GENERATED pairs=21468 evals=996 545s
[609204.9] PE_E_T2000_RC2880: step 593 NO_CANDIDATES_GENERATED pairs=21468 evals=996 545s
[609210.6] PE_E_T2000_RC2880: step 594 ELEVATED pairs=21349 evals=1012 551s
[609210.7] PE_E_T2000_RC2880: step 595 NO_CANDIDATES_GENERATED pairs=21349 evals=1012 551s
[609210.8] PE_E_T2000_RC2880: step 596 NO_CANDIDATES_GENERATED pairs=21349 evals=1012 551s
[609210.9] PE_E_T2000_RC2880: step 597 NO_CANDIDATES_GENERATED pairs=21349 evals=1012 551s
[609211.0] PE_E_T2000_RC2880: step 598 NO_CANDIDATES_GENERATED pairs=21349 evals=1012 552s
[609211.1] PE_E_T2000_RC2880: step 599 NO_CANDIDATES_GENERATED pairs=21349 evals=1012 552s
[609211.2] PE_E_T2000_RC2880: step 600 NO_CANDIDATES_GENERATED pairs=21349 evals=1012 552s
[609211.2] PE_E_T2000_RC2880: step 601 NO_CANDIDATES_GENERATED pairs=21349 evals=1012 552s
[609211.4] PE_E_T2000_RC2880: step 602 NO_CANDIDATES_GENERATED pairs=21349 evals=1012 552s
[609211.5] PE_E_T2000_RC2880: step 603 NO_CANDIDATES_GENERATED pairs=21349 evals=1012 552s
[609217.0] PE_E_T2000_RC2880: step 604 ELEVATED pairs=21232 evals=1028 558s
[609217.1] PE_E_T2000_RC2880: step 605 NO_CANDIDATES_GENERATED pairs=21232 evals=1028 558s
[609217.1] PE_E_T2000_RC2880: step 606 NO_CANDIDATES_GENERATED pairs=21232 evals=1028 558s
[609217.2] PE_E_T2000_RC2880: step 607 NO_CANDIDATES_GENERATED pairs=21232 evals=1028 558s
[609217.3] PE_E_T2000_RC2880: step 608 NO_CANDIDATES_GENERATED pairs=21232 evals=1028 558s
[609217.4] PE_E_T2000_RC2880: step 609 NO_CANDIDATES_GENERATED pairs=21232 evals=1028 558s
[609217.4] PE_E_T2000_RC2880: step 610 NO_CANDIDATES_GENERATED pairs=21232 evals=1028 558s
[609217.5] PE_E_T2000_RC2880: step 611 NO_CANDIDATES_GENERATED pairs=21232 evals=1028 558s
[609217.6] PE_E_T2000_RC2880: step 612 NO_CANDIDATES_GENERATED pairs=21232 evals=1028 558s
[609217.7] PE_E_T2000_RC2880: step 613 NO_CANDIDATES_GENERATED pairs=21232 evals=1028 558s
[609223.5] PE_E_T2000_RC2880: step 614 ELEVATED pairs=21113 evals=1044 564s
[609223.6] PE_E_T2000_RC2880: step 615 NO_CANDIDATES_GENERATED pairs=21113 evals=1044 564s
[609223.7] PE_E_T2000_RC2880: step 616 NO_CANDIDATES_GENERATED pairs=21113 evals=1044 564s
[609223.7] PE_E_T2000_RC2880: step 617 NO_CANDIDATES_GENERATED pairs=21113 evals=1044 564s
[609223.8] PE_E_T2000_RC2880: step 618 NO_CANDIDATES_GENERATED pairs=21113 evals=1044 564s
[609223.9] PE_E_T2000_RC2880: step 619 NO_CANDIDATES_GENERATED pairs=21113 evals=1044 564s
[609224.0] PE_E_T2000_RC2880: step 620 NO_CANDIDATES_GENERATED pairs=21113 evals=1044 565s
[609224.1] PE_E_T2000_RC2880: step 621 NO_CANDIDATES_GENERATED pairs=21113 evals=1044 565s
[609224.2] PE_E_T2000_RC2880: step 622 NO_CANDIDATES_GENERATED pairs=21113 evals=1044 565s
[609224.3] PE_E_T2000_RC2880: step 623 NO_CANDIDATES_GENERATED pairs=21113 evals=1044 565s
[609230.2] PE_E_T2000_RC2880: step 624 ELEVATED pairs=20996 evals=1060 571s
[609230.3] PE_E_T2000_RC2880: step 625 NO_CANDIDATES_GENERATED pairs=20996 evals=1060 571s
[609230.4] PE_E_T2000_RC2880: step 626 NO_CANDIDATES_GENERATED pairs=20996 evals=1060 571s
[609230.4] PE_E_T2000_RC2880: step 627 NO_CANDIDATES_GENERATED pairs=20996 evals=1060 571s
[609230.5] PE_E_T2000_RC2880: step 628 NO_CANDIDATES_GENERATED pairs=20996 evals=1060 571s
[609230.6] PE_E_T2000_RC2880: step 629 NO_CANDIDATES_GENERATED pairs=20996 evals=1060 571s
[609230.7] PE_E_T2000_RC2880: step 630 NO_CANDIDATES_GENERATED pairs=20996 evals=1060 571s
[609230.7] PE_E_T2000_RC2880: step 631 NO_CANDIDATES_GENERATED pairs=20996 evals=1060 571s
[609230.8] PE_E_T2000_RC2880: step 632 NO_CANDIDATES_GENERATED pairs=20996 evals=1060 571s
[609230.9] PE_E_T2000_RC2880: step 633 NO_CANDIDATES_GENERATED pairs=20996 evals=1060 571s
[609236.2] PE_E_T2000_RC2880: step 634 ELEVATED pairs=20933 evals=1076 577s
[609236.3] PE_E_T2000_RC2880: step 635 NO_CANDIDATES_GENERATED pairs=20933 evals=1076 577s
[609236.3] PE_E_T2000_RC2880: step 636 NO_CANDIDATES_GENERATED pairs=20933 evals=1076 577s
[609236.4] PE_E_T2000_RC2880: step 637 NO_CANDIDATES_GENERATED pairs=20933 evals=1076 577s
[609236.5] PE_E_T2000_RC2880: step 638 NO_CANDIDATES_GENERATED pairs=20933 evals=1076 577s
[609236.6] PE_E_T2000_RC2880: step 639 NO_CANDIDATES_GENERATED pairs=20933 evals=1076 577s
[609236.7] PE_E_T2000_RC2880: step 640 NO_CANDIDATES_GENERATED pairs=20933 evals=1076 577s
[609236.8] PE_E_T2000_RC2880: step 641 NO_CANDIDATES_GENERATED pairs=20933 evals=1076 577s
[609236.9] PE_E_T2000_RC2880: step 642 NO_CANDIDATES_GENERATED pairs=20933 evals=1076 577s
[609236.9] PE_E_T2000_RC2880: step 643 NO_CANDIDATES_GENERATED pairs=20933 evals=1076 577s
[609253.2] PE_E_T2000_RC2880: step 644 ELEVATED pairs=20818 evals=1092 594s
[609253.3] PE_E_T2000_RC2880: step 645 NO_CANDIDATES_GENERATED pairs=20818 evals=1092 594s
[609253.4] PE_E_T2000_RC2880: step 646 NO_CANDIDATES_GENERATED pairs=20818 evals=1092 594s
[609253.4] PE_E_T2000_RC2880: step 647 NO_CANDIDATES_GENERATED pairs=20818 evals=1092 594s
[609253.5] PE_E_T2000_RC2880: step 648 NO_CANDIDATES_GENERATED pairs=20818 evals=1092 594s
[609253.6] PE_E_T2000_RC2880: step 649 NO_CANDIDATES_GENERATED pairs=20818 evals=1092 594s
[609253.6] PE_E_T2000_RC2880: step 650 NO_CANDIDATES_GENERATED pairs=20818 evals=1092 594s
[609253.7] PE_E_T2000_RC2880: step 651 NO_CANDIDATES_GENERATED pairs=20818 evals=1092 594s
[609253.7] PE_E_T2000_RC2880: step 652 NO_CANDIDATES_GENERATED pairs=20818 evals=1092 594s
[609253.8] PE_E_T2000_RC2880: step 653 NO_CANDIDATES_GENERATED pairs=20818 evals=1092 594s
[609258.2] PE_E_T2000_RC2880: step 654 ELEVATED pairs=20677 evals=1108 599s
[609258.3] PE_E_T2000_RC2880: step 655 NO_CANDIDATES_GENERATED pairs=20677 evals=1108 599s
[609258.3] PE_E_T2000_RC2880: step 656 NO_CANDIDATES_GENERATED pairs=20677 evals=1108 599s
[609258.4] PE_E_T2000_RC2880: step 657 NO_CANDIDATES_GENERATED pairs=20677 evals=1108 599s
[609258.5] PE_E_T2000_RC2880: step 658 NO_CANDIDATES_GENERATED pairs=20677 evals=1108 599s
[609258.6] PE_E_T2000_RC2880: step 659 NO_CANDIDATES_GENERATED pairs=20677 evals=1108 599s
[609258.7] PE_E_T2000_RC2880: step 660 NO_CANDIDATES_GENERATED pairs=20677 evals=1108 599s
[609258.7] PE_E_T2000_RC2880: step 661 NO_CANDIDATES_GENERATED pairs=20677 evals=1108 599s
[609258.8] PE_E_T2000_RC2880: step 662 NO_CANDIDATES_GENERATED pairs=20677 evals=1108 599s
[609258.9] PE_E_T2000_RC2880: step 663 NO_CANDIDATES_GENERATED pairs=20677 evals=1108 599s
[609275.0] PE_E_T2000_RC2880: step 664 ELEVATED pairs=20562 evals=1124 616s
[609275.1] PE_E_T2000_RC2880: step 665 NO_CANDIDATES_GENERATED pairs=20562 evals=1124 616s
[609275.2] PE_E_T2000_RC2880: step 666 NO_CANDIDATES_GENERATED pairs=20562 evals=1124 616s
[609275.3] PE_E_T2000_RC2880: step 667 NO_CANDIDATES_GENERATED pairs=20562 evals=1124 616s
[609275.4] PE_E_T2000_RC2880: step 668 NO_CANDIDATES_GENERATED pairs=20562 evals=1124 616s
[609275.5] PE_E_T2000_RC2880: step 669 NO_CANDIDATES_GENERATED pairs=20562 evals=1124 616s
[609275.6] PE_E_T2000_RC2880: step 670 NO_CANDIDATES_GENERATED pairs=20562 evals=1124 616s
[609275.7] PE_E_T2000_RC2880: step 671 NO_CANDIDATES_GENERATED pairs=20562 evals=1124 616s
[609275.8] PE_E_T2000_RC2880: step 672 NO_CANDIDATES_GENERATED pairs=20562 evals=1124 616s
[609275.9] PE_E_T2000_RC2880: step 673 NO_CANDIDATES_GENERATED pairs=20562 evals=1124 616s
[609283.9] PE_E_T2000_RC2880: step 674 ELEVATED pairs=20453 evals=1140 624s
[609284.0] PE_E_T2000_RC2880: step 675 NO_CANDIDATES_GENERATED pairs=20453 evals=1140 625s
[609284.1] PE_E_T2000_RC2880: step 676 NO_CANDIDATES_GENERATED pairs=20453 evals=1140 625s
[609284.2] PE_E_T2000_RC2880: step 677 NO_CANDIDATES_GENERATED pairs=20453 evals=1140 625s
[609284.3] PE_E_T2000_RC2880: step 678 NO_CANDIDATES_GENERATED pairs=20453 evals=1140 625s
[609284.4] PE_E_T2000_RC2880: step 679 NO_CANDIDATES_GENERATED pairs=20453 evals=1140 625s
[609284.5] PE_E_T2000_RC2880: step 680 NO_CANDIDATES_GENERATED pairs=20453 evals=1140 625s
[609284.6] PE_E_T2000_RC2880: step 681 NO_CANDIDATES_GENERATED pairs=20453 evals=1140 625s
[609284.7] PE_E_T2000_RC2880: step 682 NO_CANDIDATES_GENERATED pairs=20453 evals=1140 625s
[609284.8] PE_E_T2000_RC2880: step 683 NO_CANDIDATES_GENERATED pairs=20453 evals=1140 625s
[609302.1] PE_E_T2000_RC2880: step 684 ELEVATED pairs=20338 evals=1156 643s
[609302.1] PE_E_T2000_RC2880: step 685 NO_CANDIDATES_GENERATED pairs=20338 evals=1156 643s
[609302.2] PE_E_T2000_RC2880: step 686 NO_CANDIDATES_GENERATED pairs=20338 evals=1156 643s
[609302.2] PE_E_T2000_RC2880: step 687 NO_CANDIDATES_GENERATED pairs=20338 evals=1156 643s
[609302.3] PE_E_T2000_RC2880: step 688 NO_CANDIDATES_GENERATED pairs=20338 evals=1156 643s
[609302.4] PE_E_T2000_RC2880: step 689 NO_CANDIDATES_GENERATED pairs=20338 evals=1156 643s
[609302.4] PE_E_T2000_RC2880: step 690 NO_CANDIDATES_GENERATED pairs=20338 evals=1156 643s
[609302.5] PE_E_T2000_RC2880: step 691 NO_CANDIDATES_GENERATED pairs=20338 evals=1156 643s
[609302.6] PE_E_T2000_RC2880: step 692 NO_CANDIDATES_GENERATED pairs=20338 evals=1156 643s
[609302.6] PE_E_T2000_RC2880: step 693 NO_CANDIDATES_GENERATED pairs=20338 evals=1156 643s
[609317.1] PE_E_T2000_RC2880: step 694 ELEVATED pairs=20225 evals=1172 658s
[609317.2] PE_E_T2000_RC2880: step 695 NO_CANDIDATES_GENERATED pairs=20225 evals=1172 658s
[609317.2] PE_E_T2000_RC2880: step 696 NO_CANDIDATES_GENERATED pairs=20225 evals=1172 658s
[609317.3] PE_E_T2000_RC2880: step 697 NO_CANDIDATES_GENERATED pairs=20225 evals=1172 658s
[609317.4] PE_E_T2000_RC2880: step 698 NO_CANDIDATES_GENERATED pairs=20225 evals=1172 658s
[609317.4] PE_E_T2000_RC2880: step 699 NO_CANDIDATES_GENERATED pairs=20225 evals=1172 658s
[609317.5] PE_E_T2000_RC2880: step 700 NO_CANDIDATES_GENERATED pairs=20225 evals=1172 658s
[609317.6] PE_E_T2000_RC2880: step 701 NO_CANDIDATES_GENERATED pairs=20225 evals=1172 658s
[609317.6] PE_E_T2000_RC2880: step 702 NO_CANDIDATES_GENERATED pairs=20225 evals=1172 658s
[609317.7] PE_E_T2000_RC2880: step 703 NO_CANDIDATES_GENERATED pairs=20225 evals=1172 658s
[609322.9] PE_E_T2000_RC2880: step 704 ELEVATED pairs=20114 evals=1188 663s
[609323.0] PE_E_T2000_RC2880: step 705 NO_CANDIDATES_GENERATED pairs=20114 evals=1188 663s
[609323.0] PE_E_T2000_RC2880: step 706 NO_CANDIDATES_GENERATED pairs=20114 evals=1188 664s
[609323.1] PE_E_T2000_RC2880: step 707 NO_CANDIDATES_GENERATED pairs=20114 evals=1188 664s
[609323.2] PE_E_T2000_RC2880: step 708 NO_CANDIDATES_GENERATED pairs=20114 evals=1188 664s
[609323.2] PE_E_T2000_RC2880: step 709 NO_CANDIDATES_GENERATED pairs=20114 evals=1188 664s
[609323.3] PE_E_T2000_RC2880: step 710 NO_CANDIDATES_GENERATED pairs=20114 evals=1188 664s
[609323.3] PE_E_T2000_RC2880: step 711 NO_CANDIDATES_GENERATED pairs=20114 evals=1188 664s
[609323.4] PE_E_T2000_RC2880: step 712 NO_CANDIDATES_GENERATED pairs=20114 evals=1188 664s
[609323.4] PE_E_T2000_RC2880: step 713 NO_CANDIDATES_GENERATED pairs=20114 evals=1188 664s
[609326.6] PE_E_T2000_RC2880: step 714 ELEVATED pairs=20018 evals=1204 667s
[609326.7] PE_E_T2000_RC2880: step 715 NO_CANDIDATES_GENERATED pairs=20018 evals=1204 667s
[609326.8] PE_E_T2000_RC2880: step 716 NO_CANDIDATES_GENERATED pairs=20018 evals=1204 667s
[609326.8] PE_E_T2000_RC2880: step 717 NO_CANDIDATES_GENERATED pairs=20018 evals=1204 667s
[609326.9] PE_E_T2000_RC2880: step 718 NO_CANDIDATES_GENERATED pairs=20018 evals=1204 667s
[609327.0] PE_E_T2000_RC2880: step 719 NO_CANDIDATES_GENERATED pairs=20018 evals=1204 667s
[609327.0] PE_E_T2000_RC2880: step 720 NO_CANDIDATES_GENERATED pairs=20018 evals=1204 668s
[609327.1] PE_E_T2000_RC2880: step 721 NO_CANDIDATES_GENERATED pairs=20018 evals=1204 668s
[609327.1] PE_E_T2000_RC2880: step 722 NO_CANDIDATES_GENERATED pairs=20018 evals=1204 668s
[609327.2] PE_E_T2000_RC2880: step 723 NO_CANDIDATES_GENERATED pairs=20018 evals=1204 668s
[609332.8] PE_E_T2000_RC2880: step 724 ELEVATED pairs=19909 evals=1220 673s
[609332.8] PE_E_T2000_RC2880: step 725 NO_CANDIDATES_GENERATED pairs=19909 evals=1220 673s
[609332.9] PE_E_T2000_RC2880: step 726 NO_CANDIDATES_GENERATED pairs=19909 evals=1220 673s
[609332.9] PE_E_T2000_RC2880: step 727 NO_CANDIDATES_GENERATED pairs=19909 evals=1220 673s
[609333.0] PE_E_T2000_RC2880: step 728 NO_CANDIDATES_GENERATED pairs=19909 evals=1220 674s
[609333.1] PE_E_T2000_RC2880: step 729 NO_CANDIDATES_GENERATED pairs=19909 evals=1220 674s
[609333.1] PE_E_T2000_RC2880: step 730 NO_CANDIDATES_GENERATED pairs=19909 evals=1220 674s
[609333.2] PE_E_T2000_RC2880: step 731 NO_CANDIDATES_GENERATED pairs=19909 evals=1220 674s
[609333.3] PE_E_T2000_RC2880: step 732 NO_CANDIDATES_GENERATED pairs=19909 evals=1220 674s
[609333.3] PE_E_T2000_RC2880: step 733 NO_CANDIDATES_GENERATED pairs=19909 evals=1220 674s
[609339.1] PE_E_T2000_RC2880: step 734 ELEVATED pairs=19802 evals=1236 680s
[609339.2] PE_E_T2000_RC2880: step 735 NO_CANDIDATES_GENERATED pairs=19802 evals=1236 680s
[609339.2] PE_E_T2000_RC2880: step 736 NO_CANDIDATES_GENERATED pairs=19802 evals=1236 680s
[609339.3] PE_E_T2000_RC2880: step 737 NO_CANDIDATES_GENERATED pairs=19802 evals=1236 680s
[609339.3] PE_E_T2000_RC2880: step 738 NO_CANDIDATES_GENERATED pairs=19802 evals=1236 680s
[609339.4] PE_E_T2000_RC2880: step 739 NO_CANDIDATES_GENERATED pairs=19802 evals=1236 680s
[609339.4] PE_E_T2000_RC2880: step 740 NO_CANDIDATES_GENERATED pairs=19802 evals=1236 680s
[609339.5] PE_E_T2000_RC2880: step 741 NO_CANDIDATES_GENERATED pairs=19802 evals=1236 680s
[609339.5] PE_E_T2000_RC2880: step 742 NO_CANDIDATES_GENERATED pairs=19802 evals=1236 680s
[609339.6] PE_E_T2000_RC2880: step 743 NO_CANDIDATES_GENERATED pairs=19802 evals=1236 680s
[609343.2] PE_E_T2000_RC2880: step 744 ELEVATED pairs=19667 evals=1252 684s
[609343.2] PE_E_T2000_RC2880: step 745 NO_CANDIDATES_GENERATED pairs=19667 evals=1252 684s
[609343.3] PE_E_T2000_RC2880: step 746 NO_CANDIDATES_GENERATED pairs=19667 evals=1252 684s
[609343.3] PE_E_T2000_RC2880: step 747 NO_CANDIDATES_GENERATED pairs=19667 evals=1252 684s
[609343.4] PE_E_T2000_RC2880: step 748 NO_CANDIDATES_GENERATED pairs=19667 evals=1252 684s
[609343.5] PE_E_T2000_RC2880: step 749 NO_CANDIDATES_GENERATED pairs=19667 evals=1252 684s
[609343.5] PE_E_T2000_RC2880: step 750 NO_CANDIDATES_GENERATED pairs=19667 evals=1252 684s
[609343.6] PE_E_T2000_RC2880: step 751 NO_CANDIDATES_GENERATED pairs=19667 evals=1252 684s
[609343.6] PE_E_T2000_RC2880: step 752 NO_CANDIDATES_GENERATED pairs=19667 evals=1252 684s
[609343.7] PE_E_T2000_RC2880: step 753 NO_CANDIDATES_GENERATED pairs=19667 evals=1252 684s
[609347.0] PE_E_T2000_RC2880: step 754 ELEVATED pairs=19566 evals=1268 687s
[609347.0] PE_E_T2000_RC2880: step 755 NO_CANDIDATES_GENERATED pairs=19566 evals=1268 688s
[609347.1] PE_E_T2000_RC2880: step 756 NO_CANDIDATES_GENERATED pairs=19566 evals=1268 688s
[609347.1] PE_E_T2000_RC2880: step 757 NO_CANDIDATES_GENERATED pairs=19566 evals=1268 688s
[609347.2] PE_E_T2000_RC2880: step 758 NO_CANDIDATES_GENERATED pairs=19566 evals=1268 688s
[609347.2] PE_E_T2000_RC2880: step 759 NO_CANDIDATES_GENERATED pairs=19566 evals=1268 688s
[609347.3] PE_E_T2000_RC2880: step 760 NO_CANDIDATES_GENERATED pairs=19566 evals=1268 688s
[609347.3] PE_E_T2000_RC2880: step 761 NO_CANDIDATES_GENERATED pairs=19566 evals=1268 688s
[609347.4] PE_E_T2000_RC2880: step 762 NO_CANDIDATES_GENERATED pairs=19566 evals=1268 688s
[609347.4] PE_E_T2000_RC2880: step 763 NO_CANDIDATES_GENERATED pairs=19566 evals=1268 688s
[609350.8] PE_E_T2000_RC2880: step 764 ELEVATED pairs=19465 evals=1284 691s
[609350.9] PE_E_T2000_RC2880: step 765 NO_CANDIDATES_GENERATED pairs=19465 evals=1284 691s
[609350.9] PE_E_T2000_RC2880: step 766 NO_CANDIDATES_GENERATED pairs=19465 evals=1284 691s
[609351.0] PE_E_T2000_RC2880: step 767 NO_CANDIDATES_GENERATED pairs=19465 evals=1284 692s
[609351.0] PE_E_T2000_RC2880: step 768 NO_CANDIDATES_GENERATED pairs=19465 evals=1284 692s
[609351.1] PE_E_T2000_RC2880: step 769 NO_CANDIDATES_GENERATED pairs=19465 evals=1284 692s
[609351.1] PE_E_T2000_RC2880: step 770 NO_CANDIDATES_GENERATED pairs=19465 evals=1284 692s
[609351.2] PE_E_T2000_RC2880: step 771 NO_CANDIDATES_GENERATED pairs=19465 evals=1284 692s
[609351.3] PE_E_T2000_RC2880: step 772 NO_CANDIDATES_GENERATED pairs=19465 evals=1284 692s
[609351.3] PE_E_T2000_RC2880: step 773 NO_CANDIDATES_GENERATED pairs=19465 evals=1284 692s
[609354.8] PE_E_T2000_RC2880: step 774 ELEVATED pairs=19365 evals=1300 695s
[609354.9] PE_E_T2000_RC2880: step 775 NO_CANDIDATES_GENERATED pairs=19365 evals=1300 695s
[609354.9] PE_E_T2000_RC2880: step 776 NO_CANDIDATES_GENERATED pairs=19365 evals=1300 695s
[609355.0] PE_E_T2000_RC2880: step 777 NO_CANDIDATES_GENERATED pairs=19365 evals=1300 696s
[609355.0] PE_E_T2000_RC2880: step 778 NO_CANDIDATES_GENERATED pairs=19365 evals=1300 696s
[609355.1] PE_E_T2000_RC2880: step 779 NO_CANDIDATES_GENERATED pairs=19365 evals=1300 696s
[609355.1] PE_E_T2000_RC2880: step 780 NO_CANDIDATES_GENERATED pairs=19365 evals=1300 696s
[609355.2] PE_E_T2000_RC2880: step 781 NO_CANDIDATES_GENERATED pairs=19365 evals=1300 696s
[609355.2] PE_E_T2000_RC2880: step 782 NO_CANDIDATES_GENERATED pairs=19365 evals=1300 696s
[609355.3] PE_E_T2000_RC2880: step 783 NO_CANDIDATES_GENERATED pairs=19365 evals=1300 696s
[609358.6] PE_E_T2000_RC2880: step 784 ELEVATED pairs=19265 evals=1316 699s
[609358.7] PE_E_T2000_RC2880: step 785 NO_CANDIDATES_GENERATED pairs=19265 evals=1316 699s
[609358.8] PE_E_T2000_RC2880: step 786 NO_CANDIDATES_GENERATED pairs=19265 evals=1316 699s
[609358.8] PE_E_T2000_RC2880: step 787 NO_CANDIDATES_GENERATED pairs=19265 evals=1316 699s
[609358.9] PE_E_T2000_RC2880: step 788 NO_CANDIDATES_GENERATED pairs=19265 evals=1316 699s
[609358.9] PE_E_T2000_RC2880: step 789 NO_CANDIDATES_GENERATED pairs=19265 evals=1316 699s
[609359.0] PE_E_T2000_RC2880: step 790 NO_CANDIDATES_GENERATED pairs=19265 evals=1316 700s
[609359.1] PE_E_T2000_RC2880: step 791 NO_CANDIDATES_GENERATED pairs=19265 evals=1316 700s
[609359.1] PE_E_T2000_RC2880: step 792 NO_CANDIDATES_GENERATED pairs=19265 evals=1316 700s
[609359.2] PE_E_T2000_RC2880: step 793 NO_CANDIDATES_GENERATED pairs=19265 evals=1316 700s
[609362.7] PE_E_T2000_RC2880: step 794 ELEVATED pairs=19166 evals=1332 703s
[609362.7] PE_E_T2000_RC2880: step 795 NO_CANDIDATES_GENERATED pairs=19166 evals=1332 703s
[609362.8] PE_E_T2000_RC2880: step 796 NO_CANDIDATES_GENERATED pairs=19166 evals=1332 703s
[609362.9] PE_E_T2000_RC2880: step 797 NO_CANDIDATES_GENERATED pairs=19166 evals=1332 703s
[609362.9] PE_E_T2000_RC2880: step 798 NO_CANDIDATES_GENERATED pairs=19166 evals=1332 703s
[609363.0] PE_E_T2000_RC2880: step 799 NO_CANDIDATES_GENERATED pairs=19166 evals=1332 703s
[609363.0] PE_E_T2000_RC2880: step 800 NO_CANDIDATES_GENERATED pairs=19166 evals=1332 704s
[609363.1] PE_E_T2000_RC2880: step 801 NO_CANDIDATES_GENERATED pairs=19166 evals=1332 704s
[609363.1] PE_E_T2000_RC2880: step 802 NO_CANDIDATES_GENERATED pairs=19166 evals=1332 704s
[609363.2] PE_E_T2000_RC2880: step 803 NO_CANDIDATES_GENERATED pairs=19166 evals=1332 704s
[609366.8] PE_E_T2000_RC2880: step 804 ELEVATED pairs=19067 evals=1348 707s
[609366.8] PE_E_T2000_RC2880: step 805 NO_CANDIDATES_GENERATED pairs=19067 evals=1348 707s
[609366.9] PE_E_T2000_RC2880: step 806 NO_CANDIDATES_GENERATED pairs=19067 evals=1348 707s
[609367.0] PE_E_T2000_RC2880: step 807 NO_CANDIDATES_GENERATED pairs=19067 evals=1348 707s
[609367.0] PE_E_T2000_RC2880: step 808 NO_CANDIDATES_GENERATED pairs=19067 evals=1348 708s
[609367.1] PE_E_T2000_RC2880: step 809 NO_CANDIDATES_GENERATED pairs=19067 evals=1348 708s
[609367.1] PE_E_T2000_RC2880: step 810 NO_CANDIDATES_GENERATED pairs=19067 evals=1348 708s
[609367.2] PE_E_T2000_RC2880: step 811 NO_CANDIDATES_GENERATED pairs=19067 evals=1348 708s
[609367.2] PE_E_T2000_RC2880: step 812 NO_CANDIDATES_GENERATED pairs=19067 evals=1348 708s
[609367.3] PE_E_T2000_RC2880: step 813 NO_CANDIDATES_GENERATED pairs=19067 evals=1348 708s
[609373.0] PE_E_T2000_RC2880: step 814 ELEVATED pairs=18928 evals=1364 714s
[609373.0] PE_E_T2000_RC2880: step 815 NO_CANDIDATES_GENERATED pairs=18928 evals=1364 714s
[609373.1] PE_E_T2000_RC2880: step 816 NO_CANDIDATES_GENERATED pairs=18928 evals=1364 714s
[609373.2] PE_E_T2000_RC2880: step 817 NO_CANDIDATES_GENERATED pairs=18928 evals=1364 714s
[609373.2] PE_E_T2000_RC2880: step 818 NO_CANDIDATES_GENERATED pairs=18928 evals=1364 714s
[609373.3] PE_E_T2000_RC2880: step 819 NO_CANDIDATES_GENERATED pairs=18928 evals=1364 714s
[609373.3] PE_E_T2000_RC2880: step 820 NO_CANDIDATES_GENERATED pairs=18928 evals=1364 714s
[609373.4] PE_E_T2000_RC2880: step 821 NO_CANDIDATES_GENERATED pairs=18928 evals=1364 714s
[609373.4] PE_E_T2000_RC2880: step 822 NO_CANDIDATES_GENERATED pairs=18928 evals=1364 714s
[609373.5] PE_E_T2000_RC2880: step 823 NO_CANDIDATES_GENERATED pairs=18928 evals=1364 714s
[609377.0] PE_E_T2000_RC2880: step 824 ELEVATED pairs=18829 evals=1380 718s
[609377.1] PE_E_T2000_RC2880: step 825 NO_CANDIDATES_GENERATED pairs=18829 evals=1380 718s
[609377.1] PE_E_T2000_RC2880: step 826 NO_CANDIDATES_GENERATED pairs=18829 evals=1380 718s
[609377.2] PE_E_T2000_RC2880: step 827 NO_CANDIDATES_GENERATED pairs=18829 evals=1380 718s
[609377.2] PE_E_T2000_RC2880: step 828 NO_CANDIDATES_GENERATED pairs=18829 evals=1380 718s
[609377.3] PE_E_T2000_RC2880: step 829 NO_CANDIDATES_GENERATED pairs=18829 evals=1380 718s
[609377.3] PE_E_T2000_RC2880: step 830 NO_CANDIDATES_GENERATED pairs=18829 evals=1380 718s
[609377.4] PE_E_T2000_RC2880: step 831 NO_CANDIDATES_GENERATED pairs=18829 evals=1380 718s
[609377.5] PE_E_T2000_RC2880: step 832 NO_CANDIDATES_GENERATED pairs=18829 evals=1380 718s
[609377.5] PE_E_T2000_RC2880: step 833 NO_CANDIDATES_GENERATED pairs=18829 evals=1380 718s
[609381.0] PE_E_T2000_RC2880: step 834 ELEVATED pairs=18730 evals=1396 722s
[609381.1] PE_E_T2000_RC2880: step 835 NO_CANDIDATES_GENERATED pairs=18730 evals=1396 722s
[609381.1] PE_E_T2000_RC2880: step 836 NO_CANDIDATES_GENERATED pairs=18730 evals=1396 722s
[609381.2] PE_E_T2000_RC2880: step 837 NO_CANDIDATES_GENERATED pairs=18730 evals=1396 722s
[609381.2] PE_E_T2000_RC2880: step 838 NO_CANDIDATES_GENERATED pairs=18730 evals=1396 722s
[609381.3] PE_E_T2000_RC2880: step 839 NO_CANDIDATES_GENERATED pairs=18730 evals=1396 722s
[609381.3] PE_E_T2000_RC2880: step 840 NO_CANDIDATES_GENERATED pairs=18730 evals=1396 722s
[609381.4] PE_E_T2000_RC2880: step 841 NO_CANDIDATES_GENERATED pairs=18730 evals=1396 722s
[609381.4] PE_E_T2000_RC2880: step 842 NO_CANDIDATES_GENERATED pairs=18730 evals=1396 722s
[609381.5] PE_E_T2000_RC2880: step 843 NO_CANDIDATES_GENERATED pairs=18730 evals=1396 722s
[609387.4] PE_E_T2000_RC2880: step 844 ELEVATED pairs=18593 evals=1412 728s
[609387.4] PE_E_T2000_RC2880: step 845 NO_CANDIDATES_GENERATED pairs=18593 evals=1412 728s
[609387.5] PE_E_T2000_RC2880: step 846 NO_CANDIDATES_GENERATED pairs=18593 evals=1412 728s
[609387.6] PE_E_T2000_RC2880: step 847 NO_CANDIDATES_GENERATED pairs=18593 evals=1412 728s
[609387.6] PE_E_T2000_RC2880: step 848 NO_CANDIDATES_GENERATED pairs=18593 evals=1412 728s
[609387.7] PE_E_T2000_RC2880: step 849 NO_CANDIDATES_GENERATED pairs=18593 evals=1412 728s
[609387.8] PE_E_T2000_RC2880: step 850 NO_CANDIDATES_GENERATED pairs=18593 evals=1412 728s
[609387.8] PE_E_T2000_RC2880: step 851 NO_CANDIDATES_GENERATED pairs=18593 evals=1412 728s
[609387.9] PE_E_T2000_RC2880: step 852 NO_CANDIDATES_GENERATED pairs=18593 evals=1412 728s
[609387.9] PE_E_T2000_RC2880: step 853 NO_CANDIDATES_GENERATED pairs=18593 evals=1412 728s
[609391.2] PE_E_T2000_RC2880: step 854 ELEVATED pairs=18494 evals=1428 732s
[609391.3] PE_E_T2000_RC2880: step 855 NO_CANDIDATES_GENERATED pairs=18494 evals=1428 732s
[609391.3] PE_E_T2000_RC2880: step 856 NO_CANDIDATES_GENERATED pairs=18494 evals=1428 732s
[609391.4] PE_E_T2000_RC2880: step 857 NO_CANDIDATES_GENERATED pairs=18494 evals=1428 732s
[609391.4] PE_E_T2000_RC2880: step 858 NO_CANDIDATES_GENERATED pairs=18494 evals=1428 732s
[609391.5] PE_E_T2000_RC2880: step 859 NO_CANDIDATES_GENERATED pairs=18494 evals=1428 732s
[609391.5] PE_E_T2000_RC2880: step 860 NO_CANDIDATES_GENERATED pairs=18494 evals=1428 732s
[609391.6] PE_E_T2000_RC2880: step 861 NO_CANDIDATES_GENERATED pairs=18494 evals=1428 732s
[609391.6] PE_E_T2000_RC2880: step 862 NO_CANDIDATES_GENERATED pairs=18494 evals=1428 732s
[609391.7] PE_E_T2000_RC2880: step 863 NO_CANDIDATES_GENERATED pairs=18494 evals=1428 732s
[609395.0] PE_E_T2000_RC2880: step 864 ELEVATED pairs=18395 evals=1444 736s
[609395.1] PE_E_T2000_RC2880: step 865 NO_CANDIDATES_GENERATED pairs=18395 evals=1444 736s
[609395.1] PE_E_T2000_RC2880: step 866 NO_CANDIDATES_GENERATED pairs=18395 evals=1444 736s
[609395.2] PE_E_T2000_RC2880: step 867 NO_CANDIDATES_GENERATED pairs=18395 evals=1444 736s
[609395.3] PE_E_T2000_RC2880: step 868 NO_CANDIDATES_GENERATED pairs=18395 evals=1444 736s
[609395.3] PE_E_T2000_RC2880: step 869 NO_CANDIDATES_GENERATED pairs=18395 evals=1444 736s
[609395.4] PE_E_T2000_RC2880: step 870 NO_CANDIDATES_GENERATED pairs=18395 evals=1444 736s
[609395.5] PE_E_T2000_RC2880: step 871 NO_CANDIDATES_GENERATED pairs=18395 evals=1444 736s
[609395.5] PE_E_T2000_RC2880: step 872 NO_CANDIDATES_GENERATED pairs=18395 evals=1444 736s
[609395.6] PE_E_T2000_RC2880: step 873 NO_CANDIDATES_GENERATED pairs=18395 evals=1444 736s
[609401.9] PE_E_T2000_RC2880: step 874 ELEVATED pairs=18260 evals=1460 742s
[609401.9] PE_E_T2000_RC2880: step 875 NO_CANDIDATES_GENERATED pairs=18260 evals=1460 742s
[609402.0] PE_E_T2000_RC2880: step 876 NO_CANDIDATES_GENERATED pairs=18260 evals=1460 743s
[609402.1] PE_E_T2000_RC2880: step 877 NO_CANDIDATES_GENERATED pairs=18260 evals=1460 743s
[609402.1] PE_E_T2000_RC2880: step 878 NO_CANDIDATES_GENERATED pairs=18260 evals=1460 743s
[609402.2] PE_E_T2000_RC2880: step 879 NO_CANDIDATES_GENERATED pairs=18260 evals=1460 743s
[609402.2] PE_E_T2000_RC2880: step 880 NO_CANDIDATES_GENERATED pairs=18260 evals=1460 743s
[609402.3] PE_E_T2000_RC2880: step 881 NO_CANDIDATES_GENERATED pairs=18260 evals=1460 743s
[609402.3] PE_E_T2000_RC2880: step 882 NO_CANDIDATES_GENERATED pairs=18260 evals=1460 743s
[609402.4] PE_E_T2000_RC2880: step 883 NO_CANDIDATES_GENERATED pairs=18260 evals=1460 743s
[609405.9] PE_E_T2000_RC2880: step 884 ELEVATED pairs=18161 evals=1476 746s
[609405.9] PE_E_T2000_RC2880: step 885 NO_CANDIDATES_GENERATED pairs=18161 evals=1476 746s
[609406.0] PE_E_T2000_RC2880: step 886 NO_CANDIDATES_GENERATED pairs=18161 evals=1476 747s
[609406.0] PE_E_T2000_RC2880: step 887 NO_CANDIDATES_GENERATED pairs=18161 evals=1476 747s
[609406.1] PE_E_T2000_RC2880: step 888 NO_CANDIDATES_GENERATED pairs=18161 evals=1476 747s
[609406.1] PE_E_T2000_RC2880: step 889 NO_CANDIDATES_GENERATED pairs=18161 evals=1476 747s
[609406.2] PE_E_T2000_RC2880: step 890 NO_CANDIDATES_GENERATED pairs=18161 evals=1476 747s
[609406.2] PE_E_T2000_RC2880: step 891 NO_CANDIDATES_GENERATED pairs=18161 evals=1476 747s
[609406.3] PE_E_T2000_RC2880: step 892 NO_CANDIDATES_GENERATED pairs=18161 evals=1476 747s
[609406.3] PE_E_T2000_RC2880: step 893 NO_CANDIDATES_GENERATED pairs=18161 evals=1476 747s
[609409.8] PE_E_T2000_RC2880: step 894 ELEVATED pairs=18062 evals=1492 750s
[609409.9] PE_E_T2000_RC2880: step 895 NO_CANDIDATES_GENERATED pairs=18062 evals=1492 750s
[609409.9] PE_E_T2000_RC2880: step 896 NO_CANDIDATES_GENERATED pairs=18062 evals=1492 750s
[609410.0] PE_E_T2000_RC2880: step 897 NO_CANDIDATES_GENERATED pairs=18062 evals=1492 751s
[609410.1] PE_E_T2000_RC2880: step 898 NO_CANDIDATES_GENERATED pairs=18062 evals=1492 751s
[609410.1] PE_E_T2000_RC2880: step 899 NO_CANDIDATES_GENERATED pairs=18062 evals=1492 751s
[609410.2] PE_E_T2000_RC2880: step 900 NO_CANDIDATES_GENERATED pairs=18062 evals=1492 751s
[609410.2] PE_E_T2000_RC2880: step 901 NO_CANDIDATES_GENERATED pairs=18062 evals=1492 751s
[609410.3] PE_E_T2000_RC2880: step 902 NO_CANDIDATES_GENERATED pairs=18062 evals=1492 751s
[609410.4] PE_E_T2000_RC2880: step 903 NO_CANDIDATES_GENERATED pairs=18062 evals=1492 751s
[609417.0] PE_E_T2000_RC2880: step 904 ELEVATED pairs=17929 evals=1508 757s
[609417.0] PE_E_T2000_RC2880: step 905 NO_CANDIDATES_GENERATED pairs=17929 evals=1508 758s
[609417.0] PE_E_T2000_RC2880: step 906 NO_CANDIDATES_GENERATED pairs=17929 evals=1508 758s
[609417.1] PE_E_T2000_RC2880: step 907 NO_CANDIDATES_GENERATED pairs=17929 evals=1508 758s
[609417.2] PE_E_T2000_RC2880: step 908 NO_CANDIDATES_GENERATED pairs=17929 evals=1508 758s
[609417.2] PE_E_T2000_RC2880: step 909 NO_CANDIDATES_GENERATED pairs=17929 evals=1508 758s
[609417.3] PE_E_T2000_RC2880: step 910 NO_CANDIDATES_GENERATED pairs=17929 evals=1508 758s
[609417.3] PE_E_T2000_RC2880: step 911 NO_CANDIDATES_GENERATED pairs=17929 evals=1508 758s
[609417.4] PE_E_T2000_RC2880: step 912 NO_CANDIDATES_GENERATED pairs=17929 evals=1508 758s
[609417.4] PE_E_T2000_RC2880: step 913 NO_CANDIDATES_GENERATED pairs=17929 evals=1508 758s
[609420.4] PE_E_T2000_RC2880: step 914 ELEVATED pairs=17837 evals=1517 761s
[609420.5] PE_E_T2000_RC2880: step 915 NO_CANDIDATES_GENERATED pairs=17837 evals=1517 761s
[609420.6] PE_E_T2000_RC2880: step 916 NO_CANDIDATES_GENERATED pairs=17837 evals=1517 761s
[609420.6] PE_E_T2000_RC2880: step 917 NO_CANDIDATES_GENERATED pairs=17837 evals=1517 761s
[609420.7] PE_E_T2000_RC2880: step 918 NO_CANDIDATES_GENERATED pairs=17837 evals=1517 761s
[609420.8] PE_E_T2000_RC2880: step 919 NO_CANDIDATES_GENERATED pairs=17837 evals=1517 761s
[609420.9] PE_E_T2000_RC2880: step 920 NO_CANDIDATES_GENERATED pairs=17837 evals=1517 761s
[609421.0] PE_E_T2000_RC2880: step 921 NO_CANDIDATES_GENERATED pairs=17837 evals=1517 762s
[609421.0] PE_E_T2000_RC2880: step 922 NO_CANDIDATES_GENERATED pairs=17837 evals=1517 762s
[609421.1] PE_E_T2000_RC2880: step 923 NO_CANDIDATES_GENERATED pairs=17837 evals=1517 762s
[609425.5] PE_E_T2000_RC2880: step 924 ELEVATED pairs=17747 evals=1526 766s
[609425.6] PE_E_T2000_RC2880: step 925 NO_CANDIDATES_GENERATED pairs=17747 evals=1526 766s
[609425.7] PE_E_T2000_RC2880: step 926 NO_CANDIDATES_GENERATED pairs=17747 evals=1526 766s
[609425.7] PE_E_T2000_RC2880: step 927 NO_CANDIDATES_GENERATED pairs=17747 evals=1526 766s
[609425.8] PE_E_T2000_RC2880: step 928 NO_CANDIDATES_GENERATED pairs=17747 evals=1526 766s
[609425.9] PE_E_T2000_RC2880: step 929 NO_CANDIDATES_GENERATED pairs=17747 evals=1526 766s
[609425.9] PE_E_T2000_RC2880: step 930 NO_CANDIDATES_GENERATED pairs=17747 evals=1526 766s
[609426.0] PE_E_T2000_RC2880: step 931 NO_CANDIDATES_GENERATED pairs=17747 evals=1526 767s
[609426.1] PE_E_T2000_RC2880: step 932 NO_CANDIDATES_GENERATED pairs=17747 evals=1526 767s
[609426.2] PE_E_T2000_RC2880: step 933 NO_CANDIDATES_GENERATED pairs=17747 evals=1526 767s
[609426.3] PE_E_T2000_RC2880: step 934 NO_CANDIDATES_GENERATED pairs=17747 evals=1526 767s
[609426.3] PE_E_T2000_RC2880: step 935 NO_CANDIDATES_GENERATED pairs=17747 evals=1526 767s
[609426.4] PE_E_T2000_RC2880: step 936 NO_CANDIDATES_GENERATED pairs=17747 evals=1526 767s
[609426.5] PE_E_T2000_RC2880: step 937 NO_CANDIDATES_GENERATED pairs=17747 evals=1526 767s
[609443.0] PE_E_T2000_RC2880: step 938 ELEVATED pairs=17652 evals=1542 784s
[609443.1] PE_E_T2000_RC2880: step 939 NO_CANDIDATES_GENERATED pairs=17652 evals=1542 784s
[609443.2] PE_E_T2000_RC2880: step 940 NO_CANDIDATES_GENERATED pairs=17652 evals=1542 784s
[609443.2] PE_E_T2000_RC2880: step 941 NO_CANDIDATES_GENERATED pairs=17652 evals=1542 784s
[609443.3] PE_E_T2000_RC2880: step 942 NO_CANDIDATES_GENERATED pairs=17652 evals=1542 784s
[609443.4] PE_E_T2000_RC2880: step 943 NO_CANDIDATES_GENERATED pairs=17652 evals=1542 784s
[609443.5] PE_E_T2000_RC2880: step 944 NO_CANDIDATES_GENERATED pairs=17652 evals=1542 784s
[609443.5] PE_E_T2000_RC2880: step 945 NO_CANDIDATES_GENERATED pairs=17652 evals=1542 784s
[609443.6] PE_E_T2000_RC2880: step 946 NO_CANDIDATES_GENERATED pairs=17652 evals=1542 784s
[609443.7] PE_E_T2000_RC2880: step 947 NO_CANDIDATES_GENERATED pairs=17652 evals=1542 784s
[609443.7] PE_E_T2000_RC2880: step 948 NO_CANDIDATES_GENERATED pairs=17652 evals=1542 784s
[609443.8] PE_E_T2000_RC2880: step 949 NO_CANDIDATES_GENERATED pairs=17652 evals=1542 784s
[609443.9] PE_E_T2000_RC2880: step 950 NO_CANDIDATES_GENERATED pairs=17652 evals=1542 784s
[609443.9] PE_E_T2000_RC2880: step 951 NO_CANDIDATES_GENERATED pairs=17652 evals=1542 784s
[609447.8] PE_E_T2000_RC2880: step 952 ELEVATED pairs=17613 evals=1558 788s
[609447.9] PE_E_T2000_RC2880: step 953 NO_CANDIDATES_GENERATED pairs=17613 evals=1558 788s
[609447.9] PE_E_T2000_RC2880: step 954 NO_CANDIDATES_GENERATED pairs=17613 evals=1558 788s
[609448.0] PE_E_T2000_RC2880: step 955 NO_CANDIDATES_GENERATED pairs=17613 evals=1558 789s
[609448.0] PE_E_T2000_RC2880: step 956 NO_CANDIDATES_GENERATED pairs=17613 evals=1558 789s
[609448.1] PE_E_T2000_RC2880: step 957 NO_CANDIDATES_GENERATED pairs=17613 evals=1558 789s
[609448.2] PE_E_T2000_RC2880: step 958 NO_CANDIDATES_GENERATED pairs=17613 evals=1558 789s
[609448.3] PE_E_T2000_RC2880: step 959 NO_CANDIDATES_GENERATED pairs=17613 evals=1558 789s
[609448.3] PE_E_T2000_RC2880: step 960 NO_CANDIDATES_GENERATED pairs=17613 evals=1558 789s
[609448.4] PE_E_T2000_RC2880: step 961 NO_CANDIDATES_GENERATED pairs=17613 evals=1558 789s
[609448.5] PE_E_T2000_RC2880: step 962 NO_CANDIDATES_GENERATED pairs=17613 evals=1558 789s
[609448.6] PE_E_T2000_RC2880: step 963 NO_CANDIDATES_GENERATED pairs=17613 evals=1558 789s
[609448.6] PE_E_T2000_RC2880: step 964 NO_CANDIDATES_GENERATED pairs=17613 evals=1558 789s
[609448.7] PE_E_T2000_RC2880: step 965 NO_CANDIDATES_GENERATED pairs=17613 evals=1558 789s
[609453.3] PE_E_T2000_RC2880: step 966 ELEVATED pairs=17575 evals=1574 794s
[609453.4] PE_E_T2000_RC2880: step 967 NO_CANDIDATES_GENERATED pairs=17575 evals=1574 794s
[609453.4] PE_E_T2000_RC2880: step 968 NO_CANDIDATES_GENERATED pairs=17575 evals=1574 794s
[609453.5] PE_E_T2000_RC2880: step 969 NO_CANDIDATES_GENERATED pairs=17575 evals=1574 794s
[609453.6] PE_E_T2000_RC2880: step 970 NO_CANDIDATES_GENERATED pairs=17575 evals=1574 794s
[609453.6] PE_E_T2000_RC2880: step 971 NO_CANDIDATES_GENERATED pairs=17575 evals=1574 794s
[609453.7] PE_E_T2000_RC2880: step 972 NO_CANDIDATES_GENERATED pairs=17575 evals=1574 794s
[609453.7] PE_E_T2000_RC2880: step 973 NO_CANDIDATES_GENERATED pairs=17575 evals=1574 794s
[609453.8] PE_E_T2000_RC2880: step 974 NO_CANDIDATES_GENERATED pairs=17575 evals=1574 794s
[609453.9] PE_E_T2000_RC2880: step 975 NO_CANDIDATES_GENERATED pairs=17575 evals=1574 794s
[609453.9] PE_E_T2000_RC2880: step 976 NO_CANDIDATES_GENERATED pairs=17575 evals=1574 794s
[609454.0] PE_E_T2000_RC2880: step 977 NO_CANDIDATES_GENERATED pairs=17575 evals=1574 795s
[609454.0] PE_E_T2000_RC2880: step 978 NO_CANDIDATES_GENERATED pairs=17575 evals=1574 795s
[609454.1] PE_E_T2000_RC2880: step 979 NO_CANDIDATES_GENERATED pairs=17575 evals=1574 795s
[609454.2] PE_E_T2000_RC2880: step 980 NO_CANDIDATES_GENERATED pairs=17575 evals=1574 795s
[609454.3] PE_E_T2000_RC2880: step 981 NO_CANDIDATES_GENERATED pairs=17575 evals=1574 795s
[609454.3] PE_E_T2000_RC2880: step 982 NO_CANDIDATES_GENERATED pairs=17575 evals=1574 795s
[609454.4] PE_E_T2000_RC2880: step 983 NO_CANDIDATES_GENERATED pairs=17575 evals=1574 795s
[609454.5] PE_E_T2000_RC2880: step 984 NO_CANDIDATES_GENERATED pairs=17575 evals=1574 795s
[609454.6] PE_E_T2000_RC2880: step 985 NO_CANDIDATES_GENERATED pairs=17575 evals=1574 795s
[609454.7] PE_E_T2000_RC2880: step 986 NO_CANDIDATES_GENERATED pairs=17575 evals=1574 795s
[609454.8] PE_E_T2000_RC2880: step 987 NO_CANDIDATES_GENERATED pairs=17575 evals=1574 795s
[609454.9] PE_E_T2000_RC2880: step 988 NO_CANDIDATES_GENERATED pairs=17575 evals=1574 795s
[609455.0] PE_E_T2000_RC2880: step 989 NO_CANDIDATES_GENERATED pairs=17575 evals=1574 796s
[609455.0] PE_E_T2000_RC2880: step 990 NO_CANDIDATES_GENERATED pairs=17575 evals=1574 796s
[609455.1] PE_E_T2000_RC2880: step 991 NO_CANDIDATES_GENERATED pairs=17575 evals=1574 796s
[609455.2] PE_E_T2000_RC2880: step 992 NO_CANDIDATES_GENERATED pairs=17575 evals=1574 796s
[609455.3] PE_E_T2000_RC2880: step 993 NO_CANDIDATES_GENERATED pairs=17575 evals=1574 796s
[609455.4] PE_E_T2000_RC2880: step 994 NO_CANDIDATES_GENERATED pairs=17575 evals=1574 796s
[609455.5] PE_E_T2000_RC2880: step 995 NO_CANDIDATES_GENERATED pairs=17575 evals=1574 796s
[609460.5] PE_E_T2000_RC2880: step 996 ELEVATED pairs=17537 evals=1590 801s
[609460.6] PE_E_T2000_RC2880: step 997 NO_CANDIDATES_GENERATED pairs=17537 evals=1590 801s
[609460.6] PE_E_T2000_RC2880: step 998 NO_CANDIDATES_GENERATED pairs=17537 evals=1590 801s
[609460.7] PE_E_T2000_RC2880: step 999 NO_CANDIDATES_GENERATED pairs=17537 evals=1590 801s
[609460.8] PE_E_T2000_RC2880: step 1000 NO_CANDIDATES_GENERATED pairs=17537 evals=1590 801s
[609460.9] PE_E_T2000_RC2880: step 1001 NO_CANDIDATES_GENERATED pairs=17537 evals=1590 801s
[609460.9] PE_E_T2000_RC2880: step 1002 NO_CANDIDATES_GENERATED pairs=17537 evals=1590 801s
[609461.0] PE_E_T2000_RC2880: step 1003 NO_CANDIDATES_GENERATED pairs=17537 evals=1590 802s
[609461.1] PE_E_T2000_RC2880: step 1004 NO_CANDIDATES_GENERATED pairs=17537 evals=1590 802s
[609461.2] PE_E_T2000_RC2880: step 1005 NO_CANDIDATES_GENERATED pairs=17537 evals=1590 802s
[609461.3] PE_E_T2000_RC2880: step 1006 NO_CANDIDATES_GENERATED pairs=17537 evals=1590 802s
[609461.4] PE_E_T2000_RC2880: step 1007 NO_CANDIDATES_GENERATED pairs=17537 evals=1590 802s
[609461.5] PE_E_T2000_RC2880: step 1008 NO_CANDIDATES_GENERATED pairs=17537 evals=1590 802s
[609461.6] PE_E_T2000_RC2880: step 1009 NO_CANDIDATES_GENERATED pairs=17537 evals=1590 802s
[609461.7] PE_E_T2000_RC2880: step 1010 NO_CANDIDATES_GENERATED pairs=17537 evals=1590 802s
[609461.7] PE_E_T2000_RC2880: step 1011 NO_CANDIDATES_GENERATED pairs=17537 evals=1590 802s
[609461.8] PE_E_T2000_RC2880: step 1012 NO_CANDIDATES_GENERATED pairs=17537 evals=1590 802s
[609461.9] PE_E_T2000_RC2880: step 1013 NO_CANDIDATES_GENERATED pairs=17537 evals=1590 802s
[609462.0] PE_E_T2000_RC2880: step 1014 NO_CANDIDATES_GENERATED pairs=17537 evals=1590 803s
[609462.0] PE_E_T2000_RC2880: step 1015 NO_CANDIDATES_GENERATED pairs=17537 evals=1590 803s
[609462.1] PE_E_T2000_RC2880: step 1016 NO_CANDIDATES_GENERATED pairs=17537 evals=1590 803s
[609462.2] PE_E_T2000_RC2880: step 1017 NO_CANDIDATES_GENERATED pairs=17537 evals=1590 803s
[609462.2] PE_E_T2000_RC2880: step 1018 NO_CANDIDATES_GENERATED pairs=17537 evals=1590 803s
[609462.3] PE_E_T2000_RC2880: step 1019 NO_CANDIDATES_GENERATED pairs=17537 evals=1590 803s
[609462.3] PE_E_T2000_RC2880: step 1020 NO_CANDIDATES_GENERATED pairs=17537 evals=1590 803s
[609462.4] PE_E_T2000_RC2880: step 1021 NO_CANDIDATES_GENERATED pairs=17537 evals=1590 803s
[609462.5] PE_E_T2000_RC2880: step 1022 NO_CANDIDATES_GENERATED pairs=17537 evals=1590 803s
[609462.5] PE_E_T2000_RC2880: step 1023 NO_CANDIDATES_GENERATED pairs=17537 evals=1590 803s
[609462.6] PE_E_T2000_RC2880: step 1024 NO_CANDIDATES_GENERATED pairs=17537 evals=1590 803s
[609462.7] PE_E_T2000_RC2880: step 1025 NO_CANDIDATES_GENERATED pairs=17537 evals=1590 803s
[609468.8] PE_E_T2000_RC2880: step 1026 ELEVATED pairs=17480 evals=1599 809s
[609468.9] PE_E_T2000_RC2880: step 1027 NO_CANDIDATES_GENERATED pairs=17480 evals=1599 809s
[609469.0] PE_E_T2000_RC2880: step 1028 NO_CANDIDATES_GENERATED pairs=17480 evals=1599 809s
[609469.0] PE_E_T2000_RC2880: step 1029 NO_CANDIDATES_GENERATED pairs=17480 evals=1599 810s
[609469.1] PE_E_T2000_RC2880: step 1030 NO_CANDIDATES_GENERATED pairs=17480 evals=1599 810s
[609469.2] PE_E_T2000_RC2880: step 1031 NO_CANDIDATES_GENERATED pairs=17480 evals=1599 810s
[609469.2] PE_E_T2000_RC2880: step 1032 NO_CANDIDATES_GENERATED pairs=17480 evals=1599 810s
[609469.3] PE_E_T2000_RC2880: step 1033 NO_CANDIDATES_GENERATED pairs=17480 evals=1599 810s
[609469.3] PE_E_T2000_RC2880: step 1034 NO_CANDIDATES_GENERATED pairs=17480 evals=1599 810s
[609469.4] PE_E_T2000_RC2880: step 1035 NO_CANDIDATES_GENERATED pairs=17480 evals=1599 810s
[609469.4] PE_E_T2000_RC2880: step 1036 NO_CANDIDATES_GENERATED pairs=17480 evals=1599 810s
[609469.5] PE_E_T2000_RC2880: step 1037 NO_CANDIDATES_GENERATED pairs=17480 evals=1599 810s
[609469.6] PE_E_T2000_RC2880: step 1038 NO_CANDIDATES_GENERATED pairs=17480 evals=1599 810s
[609469.6] PE_E_T2000_RC2880: step 1039 NO_CANDIDATES_GENERATED pairs=17480 evals=1599 810s
[609469.7] PE_E_T2000_RC2880: step 1040 NO_CANDIDATES_GENERATED pairs=17480 evals=1599 810s
[609469.8] PE_E_T2000_RC2880: step 1041 NO_CANDIDATES_GENERATED pairs=17480 evals=1599 810s
[609469.8] PE_E_T2000_RC2880: step 1042 NO_CANDIDATES_GENERATED pairs=17480 evals=1599 810s
[609469.9] PE_E_T2000_RC2880: step 1043 NO_CANDIDATES_GENERATED pairs=17480 evals=1599 810s
[609469.9] PE_E_T2000_RC2880: step 1044 NO_CANDIDATES_GENERATED pairs=17480 evals=1599 810s
[609470.0] PE_E_T2000_RC2880: step 1045 NO_CANDIDATES_GENERATED pairs=17480 evals=1599 811s
[609470.1] PE_E_T2000_RC2880: step 1046 NO_CANDIDATES_GENERATED pairs=17480 evals=1599 811s
[609470.1] PE_E_T2000_RC2880: step 1047 NO_CANDIDATES_GENERATED pairs=17480 evals=1599 811s
[609470.2] PE_E_T2000_RC2880: step 1048 NO_CANDIDATES_GENERATED pairs=17480 evals=1599 811s
[609470.3] PE_E_T2000_RC2880: step 1049 NO_CANDIDATES_GENERATED pairs=17480 evals=1599 811s
[609470.3] PE_E_T2000_RC2880: step 1050 NO_CANDIDATES_GENERATED pairs=17480 evals=1599 811s
[609470.4] PE_E_T2000_RC2880: step 1051 NO_CANDIDATES_GENERATED pairs=17480 evals=1599 811s
[609470.4] PE_E_T2000_RC2880: step 1052 NO_CANDIDATES_GENERATED pairs=17480 evals=1599 811s
[609470.5] PE_E_T2000_RC2880: step 1053 NO_CANDIDATES_GENERATED pairs=17480 evals=1599 811s
[609470.5] PE_E_T2000_RC2880: step 1054 NO_CANDIDATES_GENERATED pairs=17480 evals=1599 811s
[609470.6] PE_E_T2000_RC2880: step 1055 NO_CANDIDATES_GENERATED pairs=17480 evals=1599 811s
[609474.4] PE_E_T2000_RC2880: step 1056 ELEVATED pairs=17416 evals=1615 815s
[609474.5] PE_E_T2000_RC2880: step 1057 NO_CANDIDATES_GENERATED pairs=17416 evals=1615 815s
[609474.6] PE_E_T2000_RC2880: step 1058 NO_CANDIDATES_GENERATED pairs=17416 evals=1615 815s
[609474.6] PE_E_T2000_RC2880: step 1059 NO_CANDIDATES_GENERATED pairs=17416 evals=1615 815s
[609474.7] PE_E_T2000_RC2880: step 1060 NO_CANDIDATES_GENERATED pairs=17416 evals=1615 815s
[609474.8] PE_E_T2000_RC2880: step 1061 NO_CANDIDATES_GENERATED pairs=17416 evals=1615 815s
[609474.8] PE_E_T2000_RC2880: step 1062 NO_CANDIDATES_GENERATED pairs=17416 evals=1615 815s
[609474.9] PE_E_T2000_RC2880: step 1063 NO_CANDIDATES_GENERATED pairs=17416 evals=1615 815s
[609475.0] PE_E_T2000_RC2880: step 1064 NO_CANDIDATES_GENERATED pairs=17416 evals=1615 815s
[609475.0] PE_E_T2000_RC2880: step 1065 NO_CANDIDATES_GENERATED pairs=17416 evals=1615 816s
[609475.1] PE_E_T2000_RC2880: step 1066 NO_CANDIDATES_GENERATED pairs=17416 evals=1615 816s
[609475.2] PE_E_T2000_RC2880: step 1067 NO_CANDIDATES_GENERATED pairs=17416 evals=1615 816s
[609475.2] PE_E_T2000_RC2880: step 1068 NO_CANDIDATES_GENERATED pairs=17416 evals=1615 816s
[609475.3] PE_E_T2000_RC2880: step 1069 NO_CANDIDATES_GENERATED pairs=17416 evals=1615 816s
[609475.3] PE_E_T2000_RC2880: step 1070 NO_CANDIDATES_GENERATED pairs=17416 evals=1615 816s
[609475.4] PE_E_T2000_RC2880: step 1071 NO_CANDIDATES_GENERATED pairs=17416 evals=1615 816s
[609475.5] PE_E_T2000_RC2880: step 1072 NO_CANDIDATES_GENERATED pairs=17416 evals=1615 816s
[609475.5] PE_E_T2000_RC2880: step 1073 NO_CANDIDATES_GENERATED pairs=17416 evals=1615 816s
[609475.6] PE_E_T2000_RC2880: step 1074 NO_CANDIDATES_GENERATED pairs=17416 evals=1615 816s
[609475.6] PE_E_T2000_RC2880: step 1075 NO_CANDIDATES_GENERATED pairs=17416 evals=1615 816s
[609475.7] PE_E_T2000_RC2880: step 1076 NO_CANDIDATES_GENERATED pairs=17416 evals=1615 816s
[609475.8] PE_E_T2000_RC2880: step 1077 NO_CANDIDATES_GENERATED pairs=17416 evals=1615 816s
[609475.8] PE_E_T2000_RC2880: step 1078 NO_CANDIDATES_GENERATED pairs=17416 evals=1615 816s
[609475.9] PE_E_T2000_RC2880: step 1079 NO_CANDIDATES_GENERATED pairs=17416 evals=1615 816s
[609476.0] PE_E_T2000_RC2880: step 1080 NO_CANDIDATES_GENERATED pairs=17416 evals=1615 817s
[609476.1] PE_E_T2000_RC2880: step 1081 NO_CANDIDATES_GENERATED pairs=17416 evals=1615 817s
[609476.1] PE_E_T2000_RC2880: step 1082 NO_CANDIDATES_GENERATED pairs=17416 evals=1615 817s
[609476.2] PE_E_T2000_RC2880: step 1083 NO_CANDIDATES_GENERATED pairs=17416 evals=1615 817s
[609476.3] PE_E_T2000_RC2880: step 1084 NO_CANDIDATES_GENERATED pairs=17416 evals=1615 817s
[609476.3] PE_E_T2000_RC2880: step 1085 NO_CANDIDATES_GENERATED pairs=17416 evals=1615 817s
[609480.3] PE_E_T2000_RC2880: step 1086 ELEVATED pairs=17352 evals=1631 821s
[609480.3] PE_E_T2000_RC2880: step 1087 NO_CANDIDATES_GENERATED pairs=17352 evals=1631 821s
[609480.4] PE_E_T2000_RC2880: step 1088 NO_CANDIDATES_GENERATED pairs=17352 evals=1631 821s
[609480.4] PE_E_T2000_RC2880: step 1089 NO_CANDIDATES_GENERATED pairs=17352 evals=1631 821s
[609480.5] PE_E_T2000_RC2880: step 1090 NO_CANDIDATES_GENERATED pairs=17352 evals=1631 821s
[609480.5] PE_E_T2000_RC2880: step 1091 NO_CANDIDATES_GENERATED pairs=17352 evals=1631 821s
[609480.6] PE_E_T2000_RC2880: step 1092 NO_CANDIDATES_GENERATED pairs=17352 evals=1631 821s
[609480.6] PE_E_T2000_RC2880: step 1093 NO_CANDIDATES_GENERATED pairs=17352 evals=1631 821s
[609480.6] PE_E_T2000_RC2880: step 1094 NO_CANDIDATES_GENERATED pairs=17352 evals=1631 821s
[609480.7] PE_E_T2000_RC2880: step 1095 NO_CANDIDATES_GENERATED pairs=17352 evals=1631 821s
[609480.8] PE_E_T2000_RC2880: step 1096 NO_CANDIDATES_GENERATED pairs=17352 evals=1631 821s
[609480.8] PE_E_T2000_RC2880: step 1097 NO_CANDIDATES_GENERATED pairs=17352 evals=1631 821s
[609480.9] PE_E_T2000_RC2880: step 1098 NO_CANDIDATES_GENERATED pairs=17352 evals=1631 821s
[609480.9] PE_E_T2000_RC2880: step 1099 NO_CANDIDATES_GENERATED pairs=17352 evals=1631 821s
[609480.9] PE_E_T2000_RC2880: step 1100 NO_CANDIDATES_GENERATED pairs=17352 evals=1631 821s
[609481.0] PE_E_T2000_RC2880: step 1101 NO_CANDIDATES_GENERATED pairs=17352 evals=1631 822s
[609481.0] PE_E_T2000_RC2880: step 1102 NO_CANDIDATES_GENERATED pairs=17352 evals=1631 822s
[609481.1] PE_E_T2000_RC2880: step 1103 NO_CANDIDATES_GENERATED pairs=17352 evals=1631 822s
[609481.2] PE_E_T2000_RC2880: step 1104 NO_CANDIDATES_GENERATED pairs=17352 evals=1631 822s
[609481.2] PE_E_T2000_RC2880: step 1105 NO_CANDIDATES_GENERATED pairs=17352 evals=1631 822s
[609481.3] PE_E_T2000_RC2880: step 1106 NO_CANDIDATES_GENERATED pairs=17352 evals=1631 822s
[609481.3] PE_E_T2000_RC2880: step 1107 NO_CANDIDATES_GENERATED pairs=17352 evals=1631 822s
[609481.4] PE_E_T2000_RC2880: step 1108 NO_CANDIDATES_GENERATED pairs=17352 evals=1631 822s
[609481.4] PE_E_T2000_RC2880: step 1109 NO_CANDIDATES_GENERATED pairs=17352 evals=1631 822s
[609481.4] PE_E_T2000_RC2880: step 1110 NO_CANDIDATES_GENERATED pairs=17352 evals=1631 822s
[609481.5] PE_E_T2000_RC2880: step 1111 NO_CANDIDATES_GENERATED pairs=17352 evals=1631 822s
[609481.5] PE_E_T2000_RC2880: step 1112 NO_CANDIDATES_GENERATED pairs=17352 evals=1631 822s
[609481.6] PE_E_T2000_RC2880: step 1113 NO_CANDIDATES_GENERATED pairs=17352 evals=1631 822s
[609481.6] PE_E_T2000_RC2880: step 1114 NO_CANDIDATES_GENERATED pairs=17352 evals=1631 822s
[609481.7] PE_E_T2000_RC2880: step 1115 NO_CANDIDATES_GENERATED pairs=17352 evals=1631 822s
[609485.8] PE_E_T2000_RC2880: step 1116 ELEVATED pairs=17280 evals=1647 826s
[609485.8] PE_E_T2000_RC2880: step 1117 NO_CANDIDATES_GENERATED pairs=17280 evals=1647 826s
[609485.9] PE_E_T2000_RC2880: step 1118 NO_CANDIDATES_GENERATED pairs=17280 evals=1647 826s
[609485.9] PE_E_T2000_RC2880: step 1119 NO_CANDIDATES_GENERATED pairs=17280 evals=1647 826s
[609486.0] PE_E_T2000_RC2880: step 1120 NO_CANDIDATES_GENERATED pairs=17280 evals=1647 827s
[609486.0] PE_E_T2000_RC2880: step 1121 NO_CANDIDATES_GENERATED pairs=17280 evals=1647 827s
[609486.1] PE_E_T2000_RC2880: step 1122 NO_CANDIDATES_GENERATED pairs=17280 evals=1647 827s
[609486.1] PE_E_T2000_RC2880: step 1123 NO_CANDIDATES_GENERATED pairs=17280 evals=1647 827s
[609486.2] PE_E_T2000_RC2880: step 1124 NO_CANDIDATES_GENERATED pairs=17280 evals=1647 827s
[609486.2] PE_E_T2000_RC2880: step 1125 NO_CANDIDATES_GENERATED pairs=17280 evals=1647 827s
[609486.3] PE_E_T2000_RC2880: step 1126 NO_CANDIDATES_GENERATED pairs=17280 evals=1647 827s
[609486.4] PE_E_T2000_RC2880: step 1127 NO_CANDIDATES_GENERATED pairs=17280 evals=1647 827s
[609486.4] PE_E_T2000_RC2880: step 1128 NO_CANDIDATES_GENERATED pairs=17280 evals=1647 827s
[609486.5] PE_E_T2000_RC2880: step 1129 NO_CANDIDATES_GENERATED pairs=17280 evals=1647 827s
[609486.5] PE_E_T2000_RC2880: step 1130 NO_CANDIDATES_GENERATED pairs=17280 evals=1647 827s
[609486.6] PE_E_T2000_RC2880: step 1131 NO_CANDIDATES_GENERATED pairs=17280 evals=1647 827s
[609486.6] PE_E_T2000_RC2880: step 1132 NO_CANDIDATES_GENERATED pairs=17280 evals=1647 827s
[609486.7] PE_E_T2000_RC2880: step 1133 NO_CANDIDATES_GENERATED pairs=17280 evals=1647 827s
[609486.8] PE_E_T2000_RC2880: step 1134 NO_CANDIDATES_GENERATED pairs=17280 evals=1647 827s
[609486.8] PE_E_T2000_RC2880: step 1135 NO_CANDIDATES_GENERATED pairs=17280 evals=1647 827s
[609486.9] PE_E_T2000_RC2880: step 1136 NO_CANDIDATES_GENERATED pairs=17280 evals=1647 827s
[609487.0] PE_E_T2000_RC2880: step 1137 NO_CANDIDATES_GENERATED pairs=17280 evals=1647 828s
[609487.0] PE_E_T2000_RC2880: step 1138 NO_CANDIDATES_GENERATED pairs=17280 evals=1647 828s
[609487.1] PE_E_T2000_RC2880: step 1139 NO_CANDIDATES_GENERATED pairs=17280 evals=1647 828s
[609487.2] PE_E_T2000_RC2880: step 1140 NO_CANDIDATES_GENERATED pairs=17280 evals=1647 828s
[609487.3] PE_E_T2000_RC2880: step 1141 NO_CANDIDATES_GENERATED pairs=17280 evals=1647 828s
[609487.3] PE_E_T2000_RC2880: step 1142 NO_CANDIDATES_GENERATED pairs=17280 evals=1647 828s
[609487.4] PE_E_T2000_RC2880: step 1143 NO_CANDIDATES_GENERATED pairs=17280 evals=1647 828s
[609487.5] PE_E_T2000_RC2880: step 1144 NO_CANDIDATES_GENERATED pairs=17280 evals=1647 828s
[609487.5] PE_E_T2000_RC2880: step 1145 NO_CANDIDATES_GENERATED pairs=17280 evals=1647 828s
[609492.0] PE_E_T2000_RC2880: step 1146 ELEVATED pairs=17192 evals=1663 833s
[609492.1] PE_E_T2000_RC2880: step 1147 NO_CANDIDATES_GENERATED pairs=17192 evals=1663 833s
[609492.1] PE_E_T2000_RC2880: step 1148 NO_CANDIDATES_GENERATED pairs=17192 evals=1663 833s
[609492.2] PE_E_T2000_RC2880: step 1149 NO_CANDIDATES_GENERATED pairs=17192 evals=1663 833s
[609492.3] PE_E_T2000_RC2880: step 1150 NO_CANDIDATES_GENERATED pairs=17192 evals=1663 833s
[609492.3] PE_E_T2000_RC2880: step 1151 NO_CANDIDATES_GENERATED pairs=17192 evals=1663 833s
[609492.4] PE_E_T2000_RC2880: step 1152 NO_CANDIDATES_GENERATED pairs=17192 evals=1663 833s
[609492.5] PE_E_T2000_RC2880: step 1153 NO_CANDIDATES_GENERATED pairs=17192 evals=1663 833s
[609492.5] PE_E_T2000_RC2880: step 1154 NO_CANDIDATES_GENERATED pairs=17192 evals=1663 833s
[609492.6] PE_E_T2000_RC2880: step 1155 NO_CANDIDATES_GENERATED pairs=17192 evals=1663 833s
[609492.6] PE_E_T2000_RC2880: step 1156 NO_CANDIDATES_GENERATED pairs=17192 evals=1663 833s
[609492.7] PE_E_T2000_RC2880: step 1157 NO_CANDIDATES_GENERATED pairs=17192 evals=1663 833s
[609492.8] PE_E_T2000_RC2880: step 1158 NO_CANDIDATES_GENERATED pairs=17192 evals=1663 833s
[609492.8] PE_E_T2000_RC2880: step 1159 NO_CANDIDATES_GENERATED pairs=17192 evals=1663 833s
[609492.9] PE_E_T2000_RC2880: step 1160 NO_CANDIDATES_GENERATED pairs=17192 evals=1663 833s
[609492.9] PE_E_T2000_RC2880: step 1161 NO_CANDIDATES_GENERATED pairs=17192 evals=1663 833s
[609493.0] PE_E_T2000_RC2880: step 1162 NO_CANDIDATES_GENERATED pairs=17192 evals=1663 834s
[609493.1] PE_E_T2000_RC2880: step 1163 NO_CANDIDATES_GENERATED pairs=17192 evals=1663 834s
[609493.1] PE_E_T2000_RC2880: step 1164 NO_CANDIDATES_GENERATED pairs=17192 evals=1663 834s
[609493.2] PE_E_T2000_RC2880: step 1165 NO_CANDIDATES_GENERATED pairs=17192 evals=1663 834s
[609493.3] PE_E_T2000_RC2880: step 1166 NO_CANDIDATES_GENERATED pairs=17192 evals=1663 834s
[609493.3] PE_E_T2000_RC2880: step 1167 NO_CANDIDATES_GENERATED pairs=17192 evals=1663 834s
[609493.4] PE_E_T2000_RC2880: step 1168 NO_CANDIDATES_GENERATED pairs=17192 evals=1663 834s
[609493.4] PE_E_T2000_RC2880: step 1169 NO_CANDIDATES_GENERATED pairs=17192 evals=1663 834s
[609493.5] PE_E_T2000_RC2880: step 1170 NO_CANDIDATES_GENERATED pairs=17192 evals=1663 834s
[609493.6] PE_E_T2000_RC2880: step 1171 NO_CANDIDATES_GENERATED pairs=17192 evals=1663 834s
[609493.6] PE_E_T2000_RC2880: step 1172 NO_CANDIDATES_GENERATED pairs=17192 evals=1663 834s
[609493.7] PE_E_T2000_RC2880: step 1173 NO_CANDIDATES_GENERATED pairs=17192 evals=1663 834s
[609493.7] PE_E_T2000_RC2880: step 1174 NO_CANDIDATES_GENERATED pairs=17192 evals=1663 834s
[609493.8] PE_E_T2000_RC2880: step 1175 NO_CANDIDATES_GENERATED pairs=17192 evals=1663 834s
[609497.5] PE_E_T2000_RC2880: step 1176 ELEVATED pairs=17128 evals=1679 838s
[609497.5] PE_E_T2000_RC2880: step 1177 NO_CANDIDATES_GENERATED pairs=17128 evals=1679 838s
[609497.6] PE_E_T2000_RC2880: step 1178 NO_CANDIDATES_GENERATED pairs=17128 evals=1679 838s
[609497.6] PE_E_T2000_RC2880: step 1179 NO_CANDIDATES_GENERATED pairs=17128 evals=1679 838s
[609497.7] PE_E_T2000_RC2880: step 1180 NO_CANDIDATES_GENERATED pairs=17128 evals=1679 838s
[609497.7] PE_E_T2000_RC2880: step 1181 NO_CANDIDATES_GENERATED pairs=17128 evals=1679 838s
[609497.8] PE_E_T2000_RC2880: step 1182 NO_CANDIDATES_GENERATED pairs=17128 evals=1679 838s
[609497.8] PE_E_T2000_RC2880: step 1183 NO_CANDIDATES_GENERATED pairs=17128 evals=1679 838s
[609497.9] PE_E_T2000_RC2880: step 1184 NO_CANDIDATES_GENERATED pairs=17128 evals=1679 838s
[609497.9] PE_E_T2000_RC2880: step 1185 NO_CANDIDATES_GENERATED pairs=17128 evals=1679 838s
[609498.0] PE_E_T2000_RC2880: step 1186 NO_CANDIDATES_GENERATED pairs=17128 evals=1679 839s
[609498.0] PE_E_T2000_RC2880: step 1187 NO_CANDIDATES_GENERATED pairs=17128 evals=1679 839s
[609498.1] PE_E_T2000_RC2880: step 1188 NO_CANDIDATES_GENERATED pairs=17128 evals=1679 839s
[609498.1] PE_E_T2000_RC2880: step 1189 NO_CANDIDATES_GENERATED pairs=17128 evals=1679 839s
[609498.2] PE_E_T2000_RC2880: step 1190 NO_CANDIDATES_GENERATED pairs=17128 evals=1679 839s
[609498.2] PE_E_T2000_RC2880: step 1191 NO_CANDIDATES_GENERATED pairs=17128 evals=1679 839s
[609498.3] PE_E_T2000_RC2880: step 1192 NO_CANDIDATES_GENERATED pairs=17128 evals=1679 839s
[609498.3] PE_E_T2000_RC2880: step 1193 NO_CANDIDATES_GENERATED pairs=17128 evals=1679 839s
[609498.4] PE_E_T2000_RC2880: step 1194 NO_CANDIDATES_GENERATED pairs=17128 evals=1679 839s
[609498.4] PE_E_T2000_RC2880: step 1195 NO_CANDIDATES_GENERATED pairs=17128 evals=1679 839s
[609498.5] PE_E_T2000_RC2880: step 1196 NO_CANDIDATES_GENERATED pairs=17128 evals=1679 839s
[609498.5] PE_E_T2000_RC2880: step 1197 NO_CANDIDATES_GENERATED pairs=17128 evals=1679 839s
[609498.6] PE_E_T2000_RC2880: step 1198 NO_CANDIDATES_GENERATED pairs=17128 evals=1679 839s
[609498.6] PE_E_T2000_RC2880: step 1199 NO_CANDIDATES_GENERATED pairs=17128 evals=1679 839s
[609498.7] PE_E_T2000_RC2880: step 1200 NO_CANDIDATES_GENERATED pairs=17128 evals=1679 839s
[609498.7] PE_E_T2000_RC2880: step 1201 NO_CANDIDATES_GENERATED pairs=17128 evals=1679 839s
[609498.8] PE_E_T2000_RC2880: step 1202 NO_CANDIDATES_GENERATED pairs=17128 evals=1679 839s
[609498.8] PE_E_T2000_RC2880: step 1203 NO_CANDIDATES_GENERATED pairs=17128 evals=1679 839s
[609498.9] PE_E_T2000_RC2880: step 1204 NO_CANDIDATES_GENERATED pairs=17128 evals=1679 839s
[609498.9] PE_E_T2000_RC2880: step 1205 NO_CANDIDATES_GENERATED pairs=17128 evals=1679 839s
[609504.1] PE_E_T2000_RC2880: step 1206 ELEVATED pairs=17053 evals=1695 845s
[609504.1] PE_E_T2000_RC2880: step 1207 NO_CANDIDATES_GENERATED pairs=17053 evals=1695 845s
[609504.2] PE_E_T2000_RC2880: step 1208 NO_CANDIDATES_GENERATED pairs=17053 evals=1695 845s
[609504.3] PE_E_T2000_RC2880: step 1209 NO_CANDIDATES_GENERATED pairs=17053 evals=1695 845s
[609504.3] PE_E_T2000_RC2880: step 1210 NO_CANDIDATES_GENERATED pairs=17053 evals=1695 845s
[609504.4] PE_E_T2000_RC2880: step 1211 NO_CANDIDATES_GENERATED pairs=17053 evals=1695 845s
[609504.5] PE_E_T2000_RC2880: step 1212 NO_CANDIDATES_GENERATED pairs=17053 evals=1695 845s
[609504.5] PE_E_T2000_RC2880: step 1213 NO_CANDIDATES_GENERATED pairs=17053 evals=1695 845s
[609504.6] PE_E_T2000_RC2880: step 1214 NO_CANDIDATES_GENERATED pairs=17053 evals=1695 845s
[609504.6] PE_E_T2000_RC2880: step 1215 NO_CANDIDATES_GENERATED pairs=17053 evals=1695 845s
[609504.7] PE_E_T2000_RC2880: step 1216 NO_CANDIDATES_GENERATED pairs=17053 evals=1695 845s
[609504.8] PE_E_T2000_RC2880: step 1217 NO_CANDIDATES_GENERATED pairs=17053 evals=1695 845s
[609504.8] PE_E_T2000_RC2880: step 1218 NO_CANDIDATES_GENERATED pairs=17053 evals=1695 845s
[609504.9] PE_E_T2000_RC2880: step 1219 NO_CANDIDATES_GENERATED pairs=17053 evals=1695 845s
[609504.9] PE_E_T2000_RC2880: step 1220 NO_CANDIDATES_GENERATED pairs=17053 evals=1695 845s
[609505.0] PE_E_T2000_RC2880: step 1221 NO_CANDIDATES_GENERATED pairs=17053 evals=1695 845s
[609505.0] PE_E_T2000_RC2880: step 1222 NO_CANDIDATES_GENERATED pairs=17053 evals=1695 846s
[609505.0] PE_E_T2000_RC2880: step 1223 NO_CANDIDATES_GENERATED pairs=17053 evals=1695 846s
[609505.1] PE_E_T2000_RC2880: step 1224 NO_CANDIDATES_GENERATED pairs=17053 evals=1695 846s
[609505.1] PE_E_T2000_RC2880: step 1225 NO_CANDIDATES_GENERATED pairs=17053 evals=1695 846s
[609505.2] PE_E_T2000_RC2880: step 1226 NO_CANDIDATES_GENERATED pairs=17053 evals=1695 846s
[609505.2] PE_E_T2000_RC2880: step 1227 NO_CANDIDATES_GENERATED pairs=17053 evals=1695 846s
[609505.3] PE_E_T2000_RC2880: step 1228 NO_CANDIDATES_GENERATED pairs=17053 evals=1695 846s
[609505.3] PE_E_T2000_RC2880: step 1229 NO_CANDIDATES_GENERATED pairs=17053 evals=1695 846s
[609505.4] PE_E_T2000_RC2880: step 1230 NO_CANDIDATES_GENERATED pairs=17053 evals=1695 846s
[609505.4] PE_E_T2000_RC2880: step 1231 NO_CANDIDATES_GENERATED pairs=17053 evals=1695 846s
[609505.5] PE_E_T2000_RC2880: step 1232 NO_CANDIDATES_GENERATED pairs=17053 evals=1695 846s
[609505.6] PE_E_T2000_RC2880: step 1233 NO_CANDIDATES_GENERATED pairs=17053 evals=1695 846s
[609505.6] PE_E_T2000_RC2880: step 1234 NO_CANDIDATES_GENERATED pairs=17053 evals=1695 846s
[609505.7] PE_E_T2000_RC2880: step 1235 NO_CANDIDATES_GENERATED pairs=17053 evals=1695 846s
[609510.8] PE_E_T2000_RC2880: step 1236 ELEVATED pairs=16978 evals=1711 851s
[609510.8] PE_E_T2000_RC2880: step 1237 NO_CANDIDATES_GENERATED pairs=16978 evals=1711 851s
[609510.9] PE_E_T2000_RC2880: step 1238 NO_CANDIDATES_GENERATED pairs=16978 evals=1711 851s
[609510.9] PE_E_T2000_RC2880: step 1239 NO_CANDIDATES_GENERATED pairs=16978 evals=1711 851s
[609511.0] PE_E_T2000_RC2880: step 1240 NO_CANDIDATES_GENERATED pairs=16978 evals=1711 852s
[609511.1] PE_E_T2000_RC2880: step 1241 NO_CANDIDATES_GENERATED pairs=16978 evals=1711 852s
[609511.1] PE_E_T2000_RC2880: step 1242 NO_CANDIDATES_GENERATED pairs=16978 evals=1711 852s
[609511.2] PE_E_T2000_RC2880: step 1243 NO_CANDIDATES_GENERATED pairs=16978 evals=1711 852s
[609511.2] PE_E_T2000_RC2880: step 1244 NO_CANDIDATES_GENERATED pairs=16978 evals=1711 852s
[609511.3] PE_E_T2000_RC2880: step 1245 NO_CANDIDATES_GENERATED pairs=16978 evals=1711 852s
[609511.4] PE_E_T2000_RC2880: step 1246 NO_CANDIDATES_GENERATED pairs=16978 evals=1711 852s
[609511.4] PE_E_T2000_RC2880: step 1247 NO_CANDIDATES_GENERATED pairs=16978 evals=1711 852s
[609511.5] PE_E_T2000_RC2880: step 1248 NO_CANDIDATES_GENERATED pairs=16978 evals=1711 852s
[609511.6] PE_E_T2000_RC2880: step 1249 NO_CANDIDATES_GENERATED pairs=16978 evals=1711 852s
[609511.6] PE_E_T2000_RC2880: step 1250 NO_CANDIDATES_GENERATED pairs=16978 evals=1711 852s
[609511.7] PE_E_T2000_RC2880: step 1251 NO_CANDIDATES_GENERATED pairs=16978 evals=1711 852s
[609511.8] PE_E_T2000_RC2880: step 1252 NO_CANDIDATES_GENERATED pairs=16978 evals=1711 852s
[609511.8] PE_E_T2000_RC2880: step 1253 NO_CANDIDATES_GENERATED pairs=16978 evals=1711 852s
[609511.9] PE_E_T2000_RC2880: step 1254 NO_CANDIDATES_GENERATED pairs=16978 evals=1711 852s
[609512.0] PE_E_T2000_RC2880: step 1255 NO_CANDIDATES_GENERATED pairs=16978 evals=1711 853s
[609512.0] PE_E_T2000_RC2880: step 1256 NO_CANDIDATES_GENERATED pairs=16978 evals=1711 853s
[609512.1] PE_E_T2000_RC2880: step 1257 NO_CANDIDATES_GENERATED pairs=16978 evals=1711 853s
[609512.2] PE_E_T2000_RC2880: step 1258 NO_CANDIDATES_GENERATED pairs=16978 evals=1711 853s
[609512.2] PE_E_T2000_RC2880: step 1259 NO_CANDIDATES_GENERATED pairs=16978 evals=1711 853s
[609512.3] PE_E_T2000_RC2880: step 1260 NO_CANDIDATES_GENERATED pairs=16978 evals=1711 853s
[609512.4] PE_E_T2000_RC2880: step 1261 NO_CANDIDATES_GENERATED pairs=16978 evals=1711 853s
[609512.4] PE_E_T2000_RC2880: step 1262 NO_CANDIDATES_GENERATED pairs=16978 evals=1711 853s
[609512.5] PE_E_T2000_RC2880: step 1263 NO_CANDIDATES_GENERATED pairs=16978 evals=1711 853s
[609512.6] PE_E_T2000_RC2880: step 1264 NO_CANDIDATES_GENERATED pairs=16978 evals=1711 853s
[609512.6] PE_E_T2000_RC2880: step 1265 NO_CANDIDATES_GENERATED pairs=16978 evals=1711 853s
[609519.3] PE_E_T2000_RC2880: step 1266 ELEVATED pairs=16917 evals=1727 860s
[609519.3] PE_E_T2000_RC2880: step 1267 NO_CANDIDATES_GENERATED pairs=16917 evals=1727 860s
[609519.4] PE_E_T2000_RC2880: step 1268 NO_CANDIDATES_GENERATED pairs=16917 evals=1727 860s
[609519.5] PE_E_T2000_RC2880: step 1269 NO_CANDIDATES_GENERATED pairs=16917 evals=1727 860s
[609519.6] PE_E_T2000_RC2880: step 1270 NO_CANDIDATES_GENERATED pairs=16917 evals=1727 860s
[609519.6] PE_E_T2000_RC2880: step 1271 NO_CANDIDATES_GENERATED pairs=16917 evals=1727 860s
[609519.7] PE_E_T2000_RC2880: step 1272 NO_CANDIDATES_GENERATED pairs=16917 evals=1727 860s
[609519.8] PE_E_T2000_RC2880: step 1273 NO_CANDIDATES_GENERATED pairs=16917 evals=1727 860s
[609519.8] PE_E_T2000_RC2880: step 1274 NO_CANDIDATES_GENERATED pairs=16917 evals=1727 860s
[609519.9] PE_E_T2000_RC2880: step 1275 NO_CANDIDATES_GENERATED pairs=16917 evals=1727 860s
[609519.9] PE_E_T2000_RC2880: step 1276 NO_CANDIDATES_GENERATED pairs=16917 evals=1727 860s
[609520.0] PE_E_T2000_RC2880: step 1277 NO_CANDIDATES_GENERATED pairs=16917 evals=1727 861s
[609520.1] PE_E_T2000_RC2880: step 1278 NO_CANDIDATES_GENERATED pairs=16917 evals=1727 861s
[609520.2] PE_E_T2000_RC2880: step 1279 NO_CANDIDATES_GENERATED pairs=16917 evals=1727 861s
[609520.2] PE_E_T2000_RC2880: step 1280 NO_CANDIDATES_GENERATED pairs=16917 evals=1727 861s
[609520.3] PE_E_T2000_RC2880: step 1281 NO_CANDIDATES_GENERATED pairs=16917 evals=1727 861s
[609520.4] PE_E_T2000_RC2880: step 1282 NO_CANDIDATES_GENERATED pairs=16917 evals=1727 861s
[609520.4] PE_E_T2000_RC2880: step 1283 NO_CANDIDATES_GENERATED pairs=16917 evals=1727 861s
[609520.5] PE_E_T2000_RC2880: step 1284 NO_CANDIDATES_GENERATED pairs=16917 evals=1727 861s
[609520.6] PE_E_T2000_RC2880: step 1285 NO_CANDIDATES_GENERATED pairs=16917 evals=1727 861s
[609520.6] PE_E_T2000_RC2880: step 1286 NO_CANDIDATES_GENERATED pairs=16917 evals=1727 861s
[609520.7] PE_E_T2000_RC2880: step 1287 NO_CANDIDATES_GENERATED pairs=16917 evals=1727 861s
[609520.7] PE_E_T2000_RC2880: step 1288 NO_CANDIDATES_GENERATED pairs=16917 evals=1727 861s
[609520.8] PE_E_T2000_RC2880: step 1289 NO_CANDIDATES_GENERATED pairs=16917 evals=1727 861s
[609520.9] PE_E_T2000_RC2880: step 1290 NO_CANDIDATES_GENERATED pairs=16917 evals=1727 861s
[609520.9] PE_E_T2000_RC2880: step 1291 NO_CANDIDATES_GENERATED pairs=16917 evals=1727 861s
[609521.0] PE_E_T2000_RC2880: step 1292 NO_CANDIDATES_GENERATED pairs=16917 evals=1727 862s
[609521.1] PE_E_T2000_RC2880: step 1293 NO_CANDIDATES_GENERATED pairs=16917 evals=1727 862s
[609521.1] PE_E_T2000_RC2880: step 1294 NO_CANDIDATES_GENERATED pairs=16917 evals=1727 862s
[609521.2] PE_E_T2000_RC2880: step 1295 NO_CANDIDATES_GENERATED pairs=16917 evals=1727 862s
[609528.0] PE_E_T2000_RC2880: step 1296 ELEVATED pairs=16856 evals=1743 868s
[609528.0] PE_E_T2000_RC2880: step 1297 NO_CANDIDATES_GENERATED pairs=16856 evals=1743 869s
[609528.1] PE_E_T2000_RC2880: step 1298 NO_CANDIDATES_GENERATED pairs=16856 evals=1743 869s
[609528.2] PE_E_T2000_RC2880: step 1299 NO_CANDIDATES_GENERATED pairs=16856 evals=1743 869s
[609528.3] PE_E_T2000_RC2880: step 1300 NO_CANDIDATES_GENERATED pairs=16856 evals=1743 869s
[609528.3] PE_E_T2000_RC2880: step 1301 NO_CANDIDATES_GENERATED pairs=16856 evals=1743 869s
[609528.4] PE_E_T2000_RC2880: step 1302 NO_CANDIDATES_GENERATED pairs=16856 evals=1743 869s
[609528.5] PE_E_T2000_RC2880: step 1303 NO_CANDIDATES_GENERATED pairs=16856 evals=1743 869s
[609528.6] PE_E_T2000_RC2880: step 1304 NO_CANDIDATES_GENERATED pairs=16856 evals=1743 869s
[609528.6] PE_E_T2000_RC2880: step 1305 NO_CANDIDATES_GENERATED pairs=16856 evals=1743 869s
[609528.7] PE_E_T2000_RC2880: step 1306 NO_CANDIDATES_GENERATED pairs=16856 evals=1743 869s
[609528.8] PE_E_T2000_RC2880: step 1307 NO_CANDIDATES_GENERATED pairs=16856 evals=1743 869s
[609528.9] PE_E_T2000_RC2880: step 1308 NO_CANDIDATES_GENERATED pairs=16856 evals=1743 869s
[609528.9] PE_E_T2000_RC2880: step 1309 NO_CANDIDATES_GENERATED pairs=16856 evals=1743 869s
[609529.0] PE_E_T2000_RC2880: step 1310 NO_CANDIDATES_GENERATED pairs=16856 evals=1743 870s
[609529.1] PE_E_T2000_RC2880: step 1311 NO_CANDIDATES_GENERATED pairs=16856 evals=1743 870s
[609529.2] PE_E_T2000_RC2880: step 1312 NO_CANDIDATES_GENERATED pairs=16856 evals=1743 870s
[609529.2] PE_E_T2000_RC2880: step 1313 NO_CANDIDATES_GENERATED pairs=16856 evals=1743 870s
[609529.3] PE_E_T2000_RC2880: step 1314 NO_CANDIDATES_GENERATED pairs=16856 evals=1743 870s
[609529.4] PE_E_T2000_RC2880: step 1315 NO_CANDIDATES_GENERATED pairs=16856 evals=1743 870s
[609529.5] PE_E_T2000_RC2880: step 1316 NO_CANDIDATES_GENERATED pairs=16856 evals=1743 870s
[609529.6] PE_E_T2000_RC2880: step 1317 NO_CANDIDATES_GENERATED pairs=16856 evals=1743 870s
[609529.6] PE_E_T2000_RC2880: step 1318 NO_CANDIDATES_GENERATED pairs=16856 evals=1743 870s
[609529.7] PE_E_T2000_RC2880: step 1319 NO_CANDIDATES_GENERATED pairs=16856 evals=1743 870s
[609529.8] PE_E_T2000_RC2880: step 1320 NO_CANDIDATES_GENERATED pairs=16856 evals=1743 870s
[609529.9] PE_E_T2000_RC2880: step 1321 NO_CANDIDATES_GENERATED pairs=16856 evals=1743 870s
[609530.0] PE_E_T2000_RC2880: step 1322 NO_CANDIDATES_GENERATED pairs=16856 evals=1743 870s
[609530.0] PE_E_T2000_RC2880: step 1323 NO_CANDIDATES_GENERATED pairs=16856 evals=1743 871s
[609530.1] PE_E_T2000_RC2880: step 1324 NO_CANDIDATES_GENERATED pairs=16856 evals=1743 871s
[609530.2] PE_E_T2000_RC2880: step 1325 NO_CANDIDATES_GENERATED pairs=16856 evals=1743 871s
[609536.6] PE_E_T2000_RC2880: step 1326 ELEVATED pairs=16747 evals=1759 877s
[609536.7] PE_E_T2000_RC2880: step 1327 NO_CANDIDATES_GENERATED pairs=16747 evals=1759 877s
[609536.8] PE_E_T2000_RC2880: step 1328 NO_CANDIDATES_GENERATED pairs=16747 evals=1759 877s
[609536.8] PE_E_T2000_RC2880: step 1329 NO_CANDIDATES_GENERATED pairs=16747 evals=1759 877s
[609536.9] PE_E_T2000_RC2880: step 1330 NO_CANDIDATES_GENERATED pairs=16747 evals=1759 877s
[609537.0] PE_E_T2000_RC2880: step 1331 NO_CANDIDATES_GENERATED pairs=16747 evals=1759 878s
[609537.1] PE_E_T2000_RC2880: step 1332 NO_CANDIDATES_GENERATED pairs=16747 evals=1759 878s
[609537.1] PE_E_T2000_RC2880: step 1333 NO_CANDIDATES_GENERATED pairs=16747 evals=1759 878s
[609537.2] PE_E_T2000_RC2880: step 1334 NO_CANDIDATES_GENERATED pairs=16747 evals=1759 878s
[609537.3] PE_E_T2000_RC2880: step 1335 NO_CANDIDATES_GENERATED pairs=16747 evals=1759 878s
[609537.3] PE_E_T2000_RC2880: step 1336 NO_CANDIDATES_GENERATED pairs=16747 evals=1759 878s
[609537.4] PE_E_T2000_RC2880: step 1337 NO_CANDIDATES_GENERATED pairs=16747 evals=1759 878s
[609537.5] PE_E_T2000_RC2880: step 1338 NO_CANDIDATES_GENERATED pairs=16747 evals=1759 878s
[609537.6] PE_E_T2000_RC2880: step 1339 NO_CANDIDATES_GENERATED pairs=16747 evals=1759 878s
[609537.6] PE_E_T2000_RC2880: step 1340 NO_CANDIDATES_GENERATED pairs=16747 evals=1759 878s
[609537.7] PE_E_T2000_RC2880: step 1341 NO_CANDIDATES_GENERATED pairs=16747 evals=1759 878s
[609537.8] PE_E_T2000_RC2880: step 1342 NO_CANDIDATES_GENERATED pairs=16747 evals=1759 878s
[609537.8] PE_E_T2000_RC2880: step 1343 NO_CANDIDATES_GENERATED pairs=16747 evals=1759 878s
[609537.9] PE_E_T2000_RC2880: step 1344 NO_CANDIDATES_GENERATED pairs=16747 evals=1759 878s
[609538.0] PE_E_T2000_RC2880: step 1345 NO_CANDIDATES_GENERATED pairs=16747 evals=1759 879s
[609538.1] PE_E_T2000_RC2880: step 1346 NO_CANDIDATES_GENERATED pairs=16747 evals=1759 879s
[609538.1] PE_E_T2000_RC2880: step 1347 NO_CANDIDATES_GENERATED pairs=16747 evals=1759 879s
[609538.2] PE_E_T2000_RC2880: step 1348 NO_CANDIDATES_GENERATED pairs=16747 evals=1759 879s
[609538.2] PE_E_T2000_RC2880: step 1349 NO_CANDIDATES_GENERATED pairs=16747 evals=1759 879s
[609538.3] PE_E_T2000_RC2880: step 1350 NO_CANDIDATES_GENERATED pairs=16747 evals=1759 879s
[609538.4] PE_E_T2000_RC2880: step 1351 NO_CANDIDATES_GENERATED pairs=16747 evals=1759 879s
[609538.4] PE_E_T2000_RC2880: step 1352 NO_CANDIDATES_GENERATED pairs=16747 evals=1759 879s
[609538.5] PE_E_T2000_RC2880: step 1353 NO_CANDIDATES_GENERATED pairs=16747 evals=1759 879s
[609538.6] PE_E_T2000_RC2880: step 1354 NO_CANDIDATES_GENERATED pairs=16747 evals=1759 879s
[609538.6] PE_E_T2000_RC2880: step 1355 NO_CANDIDATES_GENERATED pairs=16747 evals=1759 879s
[609548.2] PE_E_T2000_RC2880: step 1356 RELOCATED pairs=16714 evals=1775 889s
[609548.3] PE_E_T2000_RC2880: step 1357 NO_CANDIDATES_GENERATED pairs=16714 evals=1775 889s
[609548.3] PE_E_T2000_RC2880: step 1358 NO_CANDIDATES_GENERATED pairs=16714 evals=1775 889s
[609548.4] PE_E_T2000_RC2880: step 1359 NO_CANDIDATES_GENERATED pairs=16714 evals=1775 889s
[609548.4] PE_E_T2000_RC2880: step 1360 NO_CANDIDATES_GENERATED pairs=16714 evals=1775 889s
[609548.5] PE_E_T2000_RC2880: step 1361 NO_CANDIDATES_GENERATED pairs=16714 evals=1775 889s
[609548.6] PE_E_T2000_RC2880: step 1362 NO_CANDIDATES_GENERATED pairs=16714 evals=1775 889s
[609548.6] PE_E_T2000_RC2880: step 1363 NO_CANDIDATES_GENERATED pairs=16714 evals=1775 889s
[609548.7] PE_E_T2000_RC2880: step 1364 NO_CANDIDATES_GENERATED pairs=16714 evals=1775 889s
[609548.8] PE_E_T2000_RC2880: step 1365 NO_CANDIDATES_GENERATED pairs=16714 evals=1775 889s
[609548.8] PE_E_T2000_RC2880: step 1366 NO_CANDIDATES_GENERATED pairs=16714 evals=1775 889s
[609548.9] PE_E_T2000_RC2880: step 1367 NO_CANDIDATES_GENERATED pairs=16714 evals=1775 889s
[609549.0] PE_E_T2000_RC2880: step 1368 NO_CANDIDATES_GENERATED pairs=16714 evals=1775 890s
[609549.1] PE_E_T2000_RC2880: step 1369 NO_CANDIDATES_GENERATED pairs=16714 evals=1775 890s
[609549.1] PE_E_T2000_RC2880: step 1370 NO_CANDIDATES_GENERATED pairs=16714 evals=1775 890s
[609549.2] PE_E_T2000_RC2880: step 1371 NO_CANDIDATES_GENERATED pairs=16714 evals=1775 890s
[609549.3] PE_E_T2000_RC2880: step 1372 NO_CANDIDATES_GENERATED pairs=16714 evals=1775 890s
[609549.3] PE_E_T2000_RC2880: step 1373 NO_CANDIDATES_GENERATED pairs=16714 evals=1775 890s
[609549.4] PE_E_T2000_RC2880: step 1374 NO_CANDIDATES_GENERATED pairs=16714 evals=1775 890s
[609549.5] PE_E_T2000_RC2880: step 1375 NO_CANDIDATES_GENERATED pairs=16714 evals=1775 890s
[609549.6] PE_E_T2000_RC2880: step 1376 NO_CANDIDATES_GENERATED pairs=16714 evals=1775 890s
[609549.6] PE_E_T2000_RC2880: step 1377 NO_CANDIDATES_GENERATED pairs=16714 evals=1775 890s
[609549.7] PE_E_T2000_RC2880: step 1378 NO_CANDIDATES_GENERATED pairs=16714 evals=1775 890s
[609549.8] PE_E_T2000_RC2880: step 1379 NO_CANDIDATES_GENERATED pairs=16714 evals=1775 890s
[609549.8] PE_E_T2000_RC2880: step 1380 NO_CANDIDATES_GENERATED pairs=16714 evals=1775 890s
[609549.9] PE_E_T2000_RC2880: step 1381 NO_CANDIDATES_GENERATED pairs=16714 evals=1775 890s
[609550.0] PE_E_T2000_RC2880: step 1382 NO_CANDIDATES_GENERATED pairs=16714 evals=1775 891s
[609550.0] PE_E_T2000_RC2880: step 1383 NO_CANDIDATES_GENERATED pairs=16714 evals=1775 891s
[609550.1] PE_E_T2000_RC2880: step 1384 NO_CANDIDATES_GENERATED pairs=16714 evals=1775 891s
[609550.2] PE_E_T2000_RC2880: step 1385 NO_CANDIDATES_GENERATED pairs=16714 evals=1775 891s
[609556.2] PE_E_T2000_RC2880: step 1386 ELEVATED pairs=16606 evals=1791 897s
[609556.3] PE_E_T2000_RC2880: step 1387 NO_CANDIDATES_GENERATED pairs=16606 evals=1791 897s
[609556.4] PE_E_T2000_RC2880: step 1388 NO_CANDIDATES_GENERATED pairs=16606 evals=1791 897s
[609556.4] PE_E_T2000_RC2880: step 1389 NO_CANDIDATES_GENERATED pairs=16606 evals=1791 897s
[609556.5] PE_E_T2000_RC2880: step 1390 NO_CANDIDATES_GENERATED pairs=16606 evals=1791 897s
[609556.6] PE_E_T2000_RC2880: step 1391 NO_CANDIDATES_GENERATED pairs=16606 evals=1791 897s
[609556.6] PE_E_T2000_RC2880: step 1392 NO_CANDIDATES_GENERATED pairs=16606 evals=1791 897s
[609556.7] PE_E_T2000_RC2880: step 1393 NO_CANDIDATES_GENERATED pairs=16606 evals=1791 897s
[609556.8] PE_E_T2000_RC2880: step 1394 NO_CANDIDATES_GENERATED pairs=16606 evals=1791 897s
[609556.8] PE_E_T2000_RC2880: step 1395 NO_CANDIDATES_GENERATED pairs=16606 evals=1791 897s
[609556.9] PE_E_T2000_RC2880: step 1396 NO_CANDIDATES_GENERATED pairs=16606 evals=1791 897s
[609557.0] PE_E_T2000_RC2880: step 1397 NO_CANDIDATES_GENERATED pairs=16606 evals=1791 898s
[609557.1] PE_E_T2000_RC2880: step 1398 NO_CANDIDATES_GENERATED pairs=16606 evals=1791 898s
[609557.2] PE_E_T2000_RC2880: step 1399 NO_CANDIDATES_GENERATED pairs=16606 evals=1791 898s
[609557.2] PE_E_T2000_RC2880: step 1400 NO_CANDIDATES_GENERATED pairs=16606 evals=1791 898s
[609557.3] PE_E_T2000_RC2880: step 1401 NO_CANDIDATES_GENERATED pairs=16606 evals=1791 898s
[609557.4] PE_E_T2000_RC2880: step 1402 NO_CANDIDATES_GENERATED pairs=16606 evals=1791 898s
[609557.5] PE_E_T2000_RC2880: step 1403 NO_CANDIDATES_GENERATED pairs=16606 evals=1791 898s
[609557.5] PE_E_T2000_RC2880: step 1404 NO_CANDIDATES_GENERATED pairs=16606 evals=1791 898s
[609557.6] PE_E_T2000_RC2880: step 1405 NO_CANDIDATES_GENERATED pairs=16606 evals=1791 898s
[609557.6] PE_E_T2000_RC2880: step 1406 NO_CANDIDATES_GENERATED pairs=16606 evals=1791 898s
[609557.7] PE_E_T2000_RC2880: step 1407 NO_CANDIDATES_GENERATED pairs=16606 evals=1791 898s
[609557.8] PE_E_T2000_RC2880: step 1408 NO_CANDIDATES_GENERATED pairs=16606 evals=1791 898s
[609557.8] PE_E_T2000_RC2880: step 1409 NO_CANDIDATES_GENERATED pairs=16606 evals=1791 898s
[609557.9] PE_E_T2000_RC2880: step 1410 NO_CANDIDATES_GENERATED pairs=16606 evals=1791 898s
[609558.0] PE_E_T2000_RC2880: step 1411 NO_CANDIDATES_GENERATED pairs=16606 evals=1791 899s
[609558.0] PE_E_T2000_RC2880: step 1412 NO_CANDIDATES_GENERATED pairs=16606 evals=1791 899s
[609558.1] PE_E_T2000_RC2880: step 1413 NO_CANDIDATES_GENERATED pairs=16606 evals=1791 899s
[609558.2] PE_E_T2000_RC2880: step 1414 NO_CANDIDATES_GENERATED pairs=16606 evals=1791 899s
[609558.2] PE_E_T2000_RC2880: step 1415 NO_CANDIDATES_GENERATED pairs=16606 evals=1791 899s
[609563.6] PE_E_T2000_RC2880: step 1416 ELEVATED pairs=16500 evals=1807 904s
[609563.7] PE_E_T2000_RC2880: step 1417 NO_CANDIDATES_GENERATED pairs=16500 evals=1807 904s
[609563.7] PE_E_T2000_RC2880: step 1418 NO_CANDIDATES_GENERATED pairs=16500 evals=1807 904s
[609563.8] PE_E_T2000_RC2880: step 1419 NO_CANDIDATES_GENERATED pairs=16500 evals=1807 904s
[609563.9] PE_E_T2000_RC2880: step 1420 NO_CANDIDATES_GENERATED pairs=16500 evals=1807 904s
[609563.9] PE_E_T2000_RC2880: step 1421 NO_CANDIDATES_GENERATED pairs=16500 evals=1807 904s
[609564.0] PE_E_T2000_RC2880: step 1422 NO_CANDIDATES_GENERATED pairs=16500 evals=1807 905s
[609564.1] PE_E_T2000_RC2880: step 1423 NO_CANDIDATES_GENERATED pairs=16500 evals=1807 905s
[609564.1] PE_E_T2000_RC2880: step 1424 NO_CANDIDATES_GENERATED pairs=16500 evals=1807 905s
[609564.2] PE_E_T2000_RC2880: step 1425 NO_CANDIDATES_GENERATED pairs=16500 evals=1807 905s
[609564.3] PE_E_T2000_RC2880: step 1426 NO_CANDIDATES_GENERATED pairs=16500 evals=1807 905s
[609564.3] PE_E_T2000_RC2880: step 1427 NO_CANDIDATES_GENERATED pairs=16500 evals=1807 905s
[609564.4] PE_E_T2000_RC2880: step 1428 NO_CANDIDATES_GENERATED pairs=16500 evals=1807 905s
[609564.5] PE_E_T2000_RC2880: step 1429 NO_CANDIDATES_GENERATED pairs=16500 evals=1807 905s
[609564.5] PE_E_T2000_RC2880: step 1430 NO_CANDIDATES_GENERATED pairs=16500 evals=1807 905s
[609564.6] PE_E_T2000_RC2880: step 1431 NO_CANDIDATES_GENERATED pairs=16500 evals=1807 905s
[609564.6] PE_E_T2000_RC2880: step 1432 NO_CANDIDATES_GENERATED pairs=16500 evals=1807 905s
[609564.7] PE_E_T2000_RC2880: step 1433 NO_CANDIDATES_GENERATED pairs=16500 evals=1807 905s
[609564.8] PE_E_T2000_RC2880: step 1434 NO_CANDIDATES_GENERATED pairs=16500 evals=1807 905s
[609564.8] PE_E_T2000_RC2880: step 1435 NO_CANDIDATES_GENERATED pairs=16500 evals=1807 905s
[609564.9] PE_E_T2000_RC2880: step 1436 NO_CANDIDATES_GENERATED pairs=16500 evals=1807 905s
[609565.0] PE_E_T2000_RC2880: step 1437 NO_CANDIDATES_GENERATED pairs=16500 evals=1807 905s
[609565.0] PE_E_T2000_RC2880: step 1438 NO_CANDIDATES_GENERATED pairs=16500 evals=1807 906s
[609565.1] PE_E_T2000_RC2880: step 1439 NO_CANDIDATES_GENERATED pairs=16500 evals=1807 906s
[609565.2] PE_E_T2000_RC2880: step 1440 NO_CANDIDATES_GENERATED pairs=16500 evals=1807 906s
[609565.3] PE_E_T2000_RC2880: step 1441 NO_CANDIDATES_GENERATED pairs=16500 evals=1807 906s
[609565.3] PE_E_T2000_RC2880: step 1442 NO_CANDIDATES_GENERATED pairs=16500 evals=1807 906s
[609565.4] PE_E_T2000_RC2880: step 1443 NO_CANDIDATES_GENERATED pairs=16500 evals=1807 906s
[609565.5] PE_E_T2000_RC2880: step 1444 NO_CANDIDATES_GENERATED pairs=16500 evals=1807 906s
[609565.5] PE_E_T2000_RC2880: step 1445 NO_CANDIDATES_GENERATED pairs=16500 evals=1807 906s
[609570.2] PE_E_T2000_RC2880: step 1446 ELEVATED pairs=16435 evals=1816 911s
[609570.3] PE_E_T2000_RC2880: step 1447 NO_CANDIDATES_GENERATED pairs=16435 evals=1816 911s
[609570.4] PE_E_T2000_RC2880: step 1448 NO_CANDIDATES_GENERATED pairs=16435 evals=1816 911s
[609570.4] PE_E_T2000_RC2880: step 1449 NO_CANDIDATES_GENERATED pairs=16435 evals=1816 911s
[609570.5] PE_E_T2000_RC2880: step 1450 NO_CANDIDATES_GENERATED pairs=16435 evals=1816 911s
[609570.6] PE_E_T2000_RC2880: step 1451 NO_CANDIDATES_GENERATED pairs=16435 evals=1816 911s
[609570.7] PE_E_T2000_RC2880: step 1452 NO_CANDIDATES_GENERATED pairs=16435 evals=1816 911s
[609570.8] PE_E_T2000_RC2880: step 1453 NO_CANDIDATES_GENERATED pairs=16435 evals=1816 911s
[609570.8] PE_E_T2000_RC2880: step 1454 NO_CANDIDATES_GENERATED pairs=16435 evals=1816 911s
[609570.9] PE_E_T2000_RC2880: step 1455 NO_CANDIDATES_GENERATED pairs=16435 evals=1816 911s
[609571.0] PE_E_T2000_RC2880: step 1456 NO_CANDIDATES_GENERATED pairs=16435 evals=1816 912s
[609571.1] PE_E_T2000_RC2880: step 1457 NO_CANDIDATES_GENERATED pairs=16435 evals=1816 912s
[609571.2] PE_E_T2000_RC2880: step 1458 NO_CANDIDATES_GENERATED pairs=16435 evals=1816 912s
[609571.2] PE_E_T2000_RC2880: step 1459 NO_CANDIDATES_GENERATED pairs=16435 evals=1816 912s
[609571.3] PE_E_T2000_RC2880: step 1460 NO_CANDIDATES_GENERATED pairs=16435 evals=1816 912s
[609571.4] PE_E_T2000_RC2880: step 1461 NO_CANDIDATES_GENERATED pairs=16435 evals=1816 912s
[609571.4] PE_E_T2000_RC2880: step 1462 NO_CANDIDATES_GENERATED pairs=16435 evals=1816 912s
[609571.5] PE_E_T2000_RC2880: step 1463 NO_CANDIDATES_GENERATED pairs=16435 evals=1816 912s
[609571.5] PE_E_T2000_RC2880: step 1464 NO_CANDIDATES_GENERATED pairs=16435 evals=1816 912s
[609571.6] PE_E_T2000_RC2880: step 1465 NO_CANDIDATES_GENERATED pairs=16435 evals=1816 912s
[609571.7] PE_E_T2000_RC2880: step 1466 NO_CANDIDATES_GENERATED pairs=16435 evals=1816 912s
[609571.7] PE_E_T2000_RC2880: step 1467 NO_CANDIDATES_GENERATED pairs=16435 evals=1816 912s
[609571.8] PE_E_T2000_RC2880: step 1468 NO_CANDIDATES_GENERATED pairs=16435 evals=1816 912s
[609571.8] PE_E_T2000_RC2880: step 1469 NO_CANDIDATES_GENERATED pairs=16435 evals=1816 912s
[609571.9] PE_E_T2000_RC2880: step 1470 NO_CANDIDATES_GENERATED pairs=16435 evals=1816 912s
[609571.9] PE_E_T2000_RC2880: step 1471 NO_CANDIDATES_GENERATED pairs=16435 evals=1816 912s
[609572.0] PE_E_T2000_RC2880: step 1472 NO_CANDIDATES_GENERATED pairs=16435 evals=1816 913s
[609572.1] PE_E_T2000_RC2880: step 1473 NO_CANDIDATES_GENERATED pairs=16435 evals=1816 913s
[609572.2] PE_E_T2000_RC2880: step 1474 NO_CANDIDATES_GENERATED pairs=16435 evals=1816 913s
[609572.2] PE_E_T2000_RC2880: step 1475 NO_CANDIDATES_GENERATED pairs=16435 evals=1816 913s
[609577.5] PE_E_T2000_RC2880: step 1476 ELEVATED pairs=16434 evals=1832 918s
[609577.6] PE_E_T2000_RC2880: step 1477 NO_CANDIDATES_GENERATED pairs=16434 evals=1832 918s
[609577.6] PE_E_T2000_RC2880: step 1478 NO_CANDIDATES_GENERATED pairs=16434 evals=1832 918s
[609577.7] PE_E_T2000_RC2880: step 1479 NO_CANDIDATES_GENERATED pairs=16434 evals=1832 918s
[609577.8] PE_E_T2000_RC2880: step 1480 NO_CANDIDATES_GENERATED pairs=16434 evals=1832 918s
[609577.8] PE_E_T2000_RC2880: step 1481 NO_CANDIDATES_GENERATED pairs=16434 evals=1832 918s
[609577.9] PE_E_T2000_RC2880: step 1482 NO_CANDIDATES_GENERATED pairs=16434 evals=1832 918s
[609578.0] PE_E_T2000_RC2880: step 1483 NO_CANDIDATES_GENERATED pairs=16434 evals=1832 918s
[609578.0] PE_E_T2000_RC2880: step 1484 NO_CANDIDATES_GENERATED pairs=16434 evals=1832 919s
[609578.1] PE_E_T2000_RC2880: step 1485 NO_CANDIDATES_GENERATED pairs=16434 evals=1832 919s
[609578.2] PE_E_T2000_RC2880: step 1486 NO_CANDIDATES_GENERATED pairs=16434 evals=1832 919s
[609578.2] PE_E_T2000_RC2880: step 1487 NO_CANDIDATES_GENERATED pairs=16434 evals=1832 919s
[609578.3] PE_E_T2000_RC2880: step 1488 NO_CANDIDATES_GENERATED pairs=16434 evals=1832 919s
[609578.4] PE_E_T2000_RC2880: step 1489 NO_CANDIDATES_GENERATED pairs=16434 evals=1832 919s
[609578.5] PE_E_T2000_RC2880: step 1490 NO_CANDIDATES_GENERATED pairs=16434 evals=1832 919s
[609578.6] PE_E_T2000_RC2880: step 1491 NO_CANDIDATES_GENERATED pairs=16434 evals=1832 919s
[609578.6] PE_E_T2000_RC2880: step 1492 NO_CANDIDATES_GENERATED pairs=16434 evals=1832 919s
[609578.7] PE_E_T2000_RC2880: step 1493 NO_CANDIDATES_GENERATED pairs=16434 evals=1832 919s
[609578.8] PE_E_T2000_RC2880: step 1494 NO_CANDIDATES_GENERATED pairs=16434 evals=1832 919s
[609578.8] PE_E_T2000_RC2880: step 1495 NO_CANDIDATES_GENERATED pairs=16434 evals=1832 919s
[609578.9] PE_E_T2000_RC2880: step 1496 NO_CANDIDATES_GENERATED pairs=16434 evals=1832 919s
[609579.0] PE_E_T2000_RC2880: step 1497 NO_CANDIDATES_GENERATED pairs=16434 evals=1832 919s
[609579.0] PE_E_T2000_RC2880: step 1498 NO_CANDIDATES_GENERATED pairs=16434 evals=1832 920s
[609579.1] PE_E_T2000_RC2880: step 1499 NO_CANDIDATES_GENERATED pairs=16434 evals=1832 920s
[609579.1] PE_E_T2000_RC2880: step 1500 NO_CANDIDATES_GENERATED pairs=16434 evals=1832 920s
[609579.2] PE_E_T2000_RC2880: step 1501 NO_CANDIDATES_GENERATED pairs=16434 evals=1832 920s
[609579.3] PE_E_T2000_RC2880: step 1502 NO_CANDIDATES_GENERATED pairs=16434 evals=1832 920s
[609579.3] PE_E_T2000_RC2880: step 1503 NO_CANDIDATES_GENERATED pairs=16434 evals=1832 920s
[609579.4] PE_E_T2000_RC2880: step 1504 NO_CANDIDATES_GENERATED pairs=16434 evals=1832 920s
[609579.5] PE_E_T2000_RC2880: step 1505 NO_CANDIDATES_GENERATED pairs=16434 evals=1832 920s
[609585.1] PE_E_T2000_RC2880: step 1506 ELEVATED pairs=16433 evals=1848 926s
[609585.2] PE_E_T2000_RC2880: step 1507 NO_CANDIDATES_GENERATED pairs=16433 evals=1848 926s
[609585.3] PE_E_T2000_RC2880: step 1508 NO_CANDIDATES_GENERATED pairs=16433 evals=1848 926s
[609585.3] PE_E_T2000_RC2880: step 1509 NO_CANDIDATES_GENERATED pairs=16433 evals=1848 926s
[609585.4] PE_E_T2000_RC2880: step 1510 NO_CANDIDATES_GENERATED pairs=16433 evals=1848 926s
[609585.4] PE_E_T2000_RC2880: step 1511 NO_CANDIDATES_GENERATED pairs=16433 evals=1848 926s
[609585.5] PE_E_T2000_RC2880: step 1512 NO_CANDIDATES_GENERATED pairs=16433 evals=1848 926s
[609585.6] PE_E_T2000_RC2880: step 1513 NO_CANDIDATES_GENERATED pairs=16433 evals=1848 926s
[609585.7] PE_E_T2000_RC2880: step 1514 NO_CANDIDATES_GENERATED pairs=16433 evals=1848 926s
[609585.7] PE_E_T2000_RC2880: step 1515 NO_CANDIDATES_GENERATED pairs=16433 evals=1848 926s
[609585.8] PE_E_T2000_RC2880: step 1516 NO_CANDIDATES_GENERATED pairs=16433 evals=1848 926s
[609585.9] PE_E_T2000_RC2880: step 1517 NO_CANDIDATES_GENERATED pairs=16433 evals=1848 926s
[609586.0] PE_E_T2000_RC2880: step 1518 NO_CANDIDATES_GENERATED pairs=16433 evals=1848 926s
[609586.0] PE_E_T2000_RC2880: step 1519 NO_CANDIDATES_GENERATED pairs=16433 evals=1848 927s
[609586.1] PE_E_T2000_RC2880: step 1520 NO_CANDIDATES_GENERATED pairs=16433 evals=1848 927s
[609586.2] PE_E_T2000_RC2880: step 1521 NO_CANDIDATES_GENERATED pairs=16433 evals=1848 927s
[609586.2] PE_E_T2000_RC2880: step 1522 NO_CANDIDATES_GENERATED pairs=16433 evals=1848 927s
[609586.3] PE_E_T2000_RC2880: step 1523 NO_CANDIDATES_GENERATED pairs=16433 evals=1848 927s
[609586.4] PE_E_T2000_RC2880: step 1524 NO_CANDIDATES_GENERATED pairs=16433 evals=1848 927s
[609586.4] PE_E_T2000_RC2880: step 1525 NO_CANDIDATES_GENERATED pairs=16433 evals=1848 927s
[609586.5] PE_E_T2000_RC2880: step 1526 NO_CANDIDATES_GENERATED pairs=16433 evals=1848 927s
[609586.6] PE_E_T2000_RC2880: step 1527 NO_CANDIDATES_GENERATED pairs=16433 evals=1848 927s
[609586.6] PE_E_T2000_RC2880: step 1528 NO_CANDIDATES_GENERATED pairs=16433 evals=1848 927s
[609586.7] PE_E_T2000_RC2880: step 1529 NO_CANDIDATES_GENERATED pairs=16433 evals=1848 927s
[609586.8] PE_E_T2000_RC2880: step 1530 NO_CANDIDATES_GENERATED pairs=16433 evals=1848 927s
[609586.9] PE_E_T2000_RC2880: step 1531 NO_CANDIDATES_GENERATED pairs=16433 evals=1848 927s
[609586.9] PE_E_T2000_RC2880: step 1532 NO_CANDIDATES_GENERATED pairs=16433 evals=1848 927s
[609587.0] PE_E_T2000_RC2880: step 1533 NO_CANDIDATES_GENERATED pairs=16433 evals=1848 928s
[609587.1] PE_E_T2000_RC2880: step 1534 NO_CANDIDATES_GENERATED pairs=16433 evals=1848 928s
[609587.1] PE_E_T2000_RC2880: step 1535 NO_CANDIDATES_GENERATED pairs=16433 evals=1848 928s
[609593.1] PE_E_T2000_RC2880: step 1536 ELEVATED pairs=16383 evals=1864 934s
[609593.2] PE_E_T2000_RC2880: step 1537 NO_CANDIDATES_GENERATED pairs=16383 evals=1864 934s
[609593.2] PE_E_T2000_RC2880: step 1538 NO_CANDIDATES_GENERATED pairs=16383 evals=1864 934s
[609593.3] PE_E_T2000_RC2880: step 1539 NO_CANDIDATES_GENERATED pairs=16383 evals=1864 934s
[609593.4] PE_E_T2000_RC2880: step 1540 NO_CANDIDATES_GENERATED pairs=16383 evals=1864 934s
[609593.4] PE_E_T2000_RC2880: step 1541 NO_CANDIDATES_GENERATED pairs=16383 evals=1864 934s
[609593.5] PE_E_T2000_RC2880: step 1542 NO_CANDIDATES_GENERATED pairs=16383 evals=1864 934s
[609593.6] PE_E_T2000_RC2880: step 1543 NO_CANDIDATES_GENERATED pairs=16383 evals=1864 934s
[609593.6] PE_E_T2000_RC2880: step 1544 NO_CANDIDATES_GENERATED pairs=16383 evals=1864 934s
[609593.7] PE_E_T2000_RC2880: step 1545 NO_CANDIDATES_GENERATED pairs=16383 evals=1864 934s
[609593.8] PE_E_T2000_RC2880: step 1546 NO_CANDIDATES_GENERATED pairs=16383 evals=1864 934s
[609593.9] PE_E_T2000_RC2880: step 1547 NO_CANDIDATES_GENERATED pairs=16383 evals=1864 934s
[609593.9] PE_E_T2000_RC2880: step 1548 NO_CANDIDATES_GENERATED pairs=16383 evals=1864 934s
[609594.0] PE_E_T2000_RC2880: step 1549 NO_CANDIDATES_GENERATED pairs=16383 evals=1864 935s
[609594.0] PE_E_T2000_RC2880: step 1550 NO_CANDIDATES_GENERATED pairs=16383 evals=1864 935s
[609594.1] PE_E_T2000_RC2880: step 1551 NO_CANDIDATES_GENERATED pairs=16383 evals=1864 935s
[609594.2] PE_E_T2000_RC2880: step 1552 NO_CANDIDATES_GENERATED pairs=16383 evals=1864 935s
[609594.2] PE_E_T2000_RC2880: step 1553 NO_CANDIDATES_GENERATED pairs=16383 evals=1864 935s
[609594.3] PE_E_T2000_RC2880: step 1554 NO_CANDIDATES_GENERATED pairs=16383 evals=1864 935s
[609594.4] PE_E_T2000_RC2880: step 1555 NO_CANDIDATES_GENERATED pairs=16383 evals=1864 935s
[609594.5] PE_E_T2000_RC2880: step 1556 NO_CANDIDATES_GENERATED pairs=16383 evals=1864 935s
[609594.5] PE_E_T2000_RC2880: step 1557 NO_CANDIDATES_GENERATED pairs=16383 evals=1864 935s
[609594.6] PE_E_T2000_RC2880: step 1558 NO_CANDIDATES_GENERATED pairs=16383 evals=1864 935s
[609594.7] PE_E_T2000_RC2880: step 1559 NO_CANDIDATES_GENERATED pairs=16383 evals=1864 935s
[609594.7] PE_E_T2000_RC2880: step 1560 NO_CANDIDATES_GENERATED pairs=16383 evals=1864 935s
[609594.8] PE_E_T2000_RC2880: step 1561 NO_CANDIDATES_GENERATED pairs=16383 evals=1864 935s
[609594.9] PE_E_T2000_RC2880: step 1562 NO_CANDIDATES_GENERATED pairs=16383 evals=1864 935s
[609594.9] PE_E_T2000_RC2880: step 1563 NO_CANDIDATES_GENERATED pairs=16383 evals=1864 935s
[609595.0] PE_E_T2000_RC2880: step 1564 NO_CANDIDATES_GENERATED pairs=16383 evals=1864 936s
[609595.0] PE_E_T2000_RC2880: step 1565 NO_CANDIDATES_GENERATED pairs=16383 evals=1864 936s
[609600.3] PE_E_T2000_RC2880: step 1566 ELEVATED pairs=16317 evals=1880 941s
[609600.3] PE_E_T2000_RC2880: step 1567 NO_CANDIDATES_GENERATED pairs=16317 evals=1880 941s
[609600.4] PE_E_T2000_RC2880: step 1568 NO_CANDIDATES_GENERATED pairs=16317 evals=1880 941s
[609600.5] PE_E_T2000_RC2880: step 1569 NO_CANDIDATES_GENERATED pairs=16317 evals=1880 941s
[609600.5] PE_E_T2000_RC2880: step 1570 NO_CANDIDATES_GENERATED pairs=16317 evals=1880 941s
[609600.6] PE_E_T2000_RC2880: step 1571 NO_CANDIDATES_GENERATED pairs=16317 evals=1880 941s
[609600.7] PE_E_T2000_RC2880: step 1572 NO_CANDIDATES_GENERATED pairs=16317 evals=1880 941s
[609600.7] PE_E_T2000_RC2880: step 1573 NO_CANDIDATES_GENERATED pairs=16317 evals=1880 941s
[609600.8] PE_E_T2000_RC2880: step 1574 NO_CANDIDATES_GENERATED pairs=16317 evals=1880 941s
[609600.9] PE_E_T2000_RC2880: step 1575 NO_CANDIDATES_GENERATED pairs=16317 evals=1880 941s
[609600.9] PE_E_T2000_RC2880: step 1576 NO_CANDIDATES_GENERATED pairs=16317 evals=1880 941s
[609601.0] PE_E_T2000_RC2880: step 1577 NO_CANDIDATES_GENERATED pairs=16317 evals=1880 942s
[609601.0] PE_E_T2000_RC2880: step 1578 NO_CANDIDATES_GENERATED pairs=16317 evals=1880 942s
[609601.1] PE_E_T2000_RC2880: step 1579 NO_CANDIDATES_GENERATED pairs=16317 evals=1880 942s
[609601.2] PE_E_T2000_RC2880: step 1580 NO_CANDIDATES_GENERATED pairs=16317 evals=1880 942s
[609601.2] PE_E_T2000_RC2880: step 1581 NO_CANDIDATES_GENERATED pairs=16317 evals=1880 942s
[609601.3] PE_E_T2000_RC2880: step 1582 NO_CANDIDATES_GENERATED pairs=16317 evals=1880 942s
[609601.4] PE_E_T2000_RC2880: step 1583 NO_CANDIDATES_GENERATED pairs=16317 evals=1880 942s
[609601.4] PE_E_T2000_RC2880: step 1584 NO_CANDIDATES_GENERATED pairs=16317 evals=1880 942s
[609601.5] PE_E_T2000_RC2880: step 1585 NO_CANDIDATES_GENERATED pairs=16317 evals=1880 942s
[609601.6] PE_E_T2000_RC2880: step 1586 NO_CANDIDATES_GENERATED pairs=16317 evals=1880 942s
[609601.6] PE_E_T2000_RC2880: step 1587 NO_CANDIDATES_GENERATED pairs=16317 evals=1880 942s
[609601.7] PE_E_T2000_RC2880: step 1588 NO_CANDIDATES_GENERATED pairs=16317 evals=1880 942s
[609601.8] PE_E_T2000_RC2880: step 1589 NO_CANDIDATES_GENERATED pairs=16317 evals=1880 942s
[609601.8] PE_E_T2000_RC2880: step 1590 NO_CANDIDATES_GENERATED pairs=16317 evals=1880 942s
[609601.9] PE_E_T2000_RC2880: step 1591 NO_CANDIDATES_GENERATED pairs=16317 evals=1880 942s
[609602.0] PE_E_T2000_RC2880: step 1592 NO_CANDIDATES_GENERATED pairs=16317 evals=1880 943s
[609602.1] PE_E_T2000_RC2880: step 1593 NO_CANDIDATES_GENERATED pairs=16317 evals=1880 943s
[609602.1] PE_E_T2000_RC2880: step 1594 NO_CANDIDATES_GENERATED pairs=16317 evals=1880 943s
[609602.2] PE_E_T2000_RC2880: step 1595 NO_CANDIDATES_GENERATED pairs=16317 evals=1880 943s
[609607.6] PE_E_T2000_RC2880: step 1596 ELEVATED pairs=16251 evals=1896 948s
[609607.7] PE_E_T2000_RC2880: step 1597 NO_CANDIDATES_GENERATED pairs=16251 evals=1896 948s
[609607.7] PE_E_T2000_RC2880: step 1598 NO_CANDIDATES_GENERATED pairs=16251 evals=1896 948s
[609607.8] PE_E_T2000_RC2880: step 1599 NO_CANDIDATES_GENERATED pairs=16251 evals=1896 948s
[609607.9] PE_E_T2000_RC2880: step 1600 NO_CANDIDATES_GENERATED pairs=16251 evals=1896 948s
[609607.9] PE_E_T2000_RC2880: step 1601 NO_CANDIDATES_GENERATED pairs=16251 evals=1896 948s
[609608.0] PE_E_T2000_RC2880: step 1602 NO_CANDIDATES_GENERATED pairs=16251 evals=1896 949s
[609608.1] PE_E_T2000_RC2880: step 1603 NO_CANDIDATES_GENERATED pairs=16251 evals=1896 949s
[609608.2] PE_E_T2000_RC2880: step 1604 NO_CANDIDATES_GENERATED pairs=16251 evals=1896 949s
[609608.2] PE_E_T2000_RC2880: step 1605 NO_CANDIDATES_GENERATED pairs=16251 evals=1896 949s
[609608.3] PE_E_T2000_RC2880: step 1606 NO_CANDIDATES_GENERATED pairs=16251 evals=1896 949s
[609608.4] PE_E_T2000_RC2880: step 1607 NO_CANDIDATES_GENERATED pairs=16251 evals=1896 949s
[609608.4] PE_E_T2000_RC2880: step 1608 NO_CANDIDATES_GENERATED pairs=16251 evals=1896 949s
[609608.5] PE_E_T2000_RC2880: step 1609 NO_CANDIDATES_GENERATED pairs=16251 evals=1896 949s
[609608.6] PE_E_T2000_RC2880: step 1610 NO_CANDIDATES_GENERATED pairs=16251 evals=1896 949s
[609608.6] PE_E_T2000_RC2880: step 1611 NO_CANDIDATES_GENERATED pairs=16251 evals=1896 949s
[609608.7] PE_E_T2000_RC2880: step 1612 NO_CANDIDATES_GENERATED pairs=16251 evals=1896 949s
[609608.7] PE_E_T2000_RC2880: step 1613 NO_CANDIDATES_GENERATED pairs=16251 evals=1896 949s
[609608.8] PE_E_T2000_RC2880: step 1614 NO_CANDIDATES_GENERATED pairs=16251 evals=1896 949s
[609608.8] PE_E_T2000_RC2880: step 1615 NO_CANDIDATES_GENERATED pairs=16251 evals=1896 949s
[609608.9] PE_E_T2000_RC2880: step 1616 NO_CANDIDATES_GENERATED pairs=16251 evals=1896 949s
[609608.9] PE_E_T2000_RC2880: step 1617 NO_CANDIDATES_GENERATED pairs=16251 evals=1896 949s
[609609.0] PE_E_T2000_RC2880: step 1618 NO_CANDIDATES_GENERATED pairs=16251 evals=1896 950s
[609609.1] PE_E_T2000_RC2880: step 1619 NO_CANDIDATES_GENERATED pairs=16251 evals=1896 950s
[609609.1] PE_E_T2000_RC2880: step 1620 NO_CANDIDATES_GENERATED pairs=16251 evals=1896 950s
[609609.2] PE_E_T2000_RC2880: step 1621 NO_CANDIDATES_GENERATED pairs=16251 evals=1896 950s
[609609.3] PE_E_T2000_RC2880: step 1622 NO_CANDIDATES_GENERATED pairs=16251 evals=1896 950s
[609609.3] PE_E_T2000_RC2880: step 1623 NO_CANDIDATES_GENERATED pairs=16251 evals=1896 950s
[609609.4] PE_E_T2000_RC2880: step 1624 NO_CANDIDATES_GENERATED pairs=16251 evals=1896 950s
[609609.5] PE_E_T2000_RC2880: step 1625 NO_CANDIDATES_GENERATED pairs=16251 evals=1896 950s
[609615.5] PE_E_T2000_RC2880: step 1626 ELEVATED pairs=16203 evals=1912 956s
[609615.6] PE_E_T2000_RC2880: step 1627 NO_CANDIDATES_GENERATED pairs=16203 evals=1912 956s
[609615.6] PE_E_T2000_RC2880: step 1628 NO_CANDIDATES_GENERATED pairs=16203 evals=1912 956s
[609615.7] PE_E_T2000_RC2880: step 1629 NO_CANDIDATES_GENERATED pairs=16203 evals=1912 956s
[609615.8] PE_E_T2000_RC2880: step 1630 NO_CANDIDATES_GENERATED pairs=16203 evals=1912 956s
[609615.8] PE_E_T2000_RC2880: step 1631 NO_CANDIDATES_GENERATED pairs=16203 evals=1912 956s
[609615.9] PE_E_T2000_RC2880: step 1632 NO_CANDIDATES_GENERATED pairs=16203 evals=1912 956s
[609616.0] PE_E_T2000_RC2880: step 1633 NO_CANDIDATES_GENERATED pairs=16203 evals=1912 957s
[609616.0] PE_E_T2000_RC2880: step 1634 NO_CANDIDATES_GENERATED pairs=16203 evals=1912 957s
[609616.1] PE_E_T2000_RC2880: step 1635 NO_CANDIDATES_GENERATED pairs=16203 evals=1912 957s
[609616.2] PE_E_T2000_RC2880: step 1636 NO_CANDIDATES_GENERATED pairs=16203 evals=1912 957s
[609616.3] PE_E_T2000_RC2880: step 1637 NO_CANDIDATES_GENERATED pairs=16203 evals=1912 957s
[609616.3] PE_E_T2000_RC2880: step 1638 NO_CANDIDATES_GENERATED pairs=16203 evals=1912 957s
[609616.4] PE_E_T2000_RC2880: step 1639 NO_CANDIDATES_GENERATED pairs=16203 evals=1912 957s
[609616.4] PE_E_T2000_RC2880: step 1640 NO_CANDIDATES_GENERATED pairs=16203 evals=1912 957s
[609616.5] PE_E_T2000_RC2880: step 1641 NO_CANDIDATES_GENERATED pairs=16203 evals=1912 957s
[609616.6] PE_E_T2000_RC2880: step 1642 NO_CANDIDATES_GENERATED pairs=16203 evals=1912 957s
[609616.7] PE_E_T2000_RC2880: step 1643 NO_CANDIDATES_GENERATED pairs=16203 evals=1912 957s
[609616.7] PE_E_T2000_RC2880: step 1644 NO_CANDIDATES_GENERATED pairs=16203 evals=1912 957s
[609616.8] PE_E_T2000_RC2880: step 1645 NO_CANDIDATES_GENERATED pairs=16203 evals=1912 957s
[609616.8] PE_E_T2000_RC2880: step 1646 NO_CANDIDATES_GENERATED pairs=16203 evals=1912 957s
[609616.9] PE_E_T2000_RC2880: step 1647 NO_CANDIDATES_GENERATED pairs=16203 evals=1912 957s
[609617.0] PE_E_T2000_RC2880: step 1648 NO_CANDIDATES_GENERATED pairs=16203 evals=1912 958s
[609617.0] PE_E_T2000_RC2880: step 1649 NO_CANDIDATES_GENERATED pairs=16203 evals=1912 958s
[609617.1] PE_E_T2000_RC2880: step 1650 NO_CANDIDATES_GENERATED pairs=16203 evals=1912 958s
[609617.2] PE_E_T2000_RC2880: step 1651 NO_CANDIDATES_GENERATED pairs=16203 evals=1912 958s
[609617.2] PE_E_T2000_RC2880: step 1652 NO_CANDIDATES_GENERATED pairs=16203 evals=1912 958s
[609617.3] PE_E_T2000_RC2880: step 1653 NO_CANDIDATES_GENERATED pairs=16203 evals=1912 958s
[609617.4] PE_E_T2000_RC2880: step 1654 NO_CANDIDATES_GENERATED pairs=16203 evals=1912 958s
[609617.4] PE_E_T2000_RC2880: step 1655 NO_CANDIDATES_GENERATED pairs=16203 evals=1912 958s
[609623.8] PE_E_T2000_RC2880: step 1656 ELEVATED pairs=16157 evals=1928 964s
[609623.9] PE_E_T2000_RC2880: step 1657 NO_CANDIDATES_GENERATED pairs=16157 evals=1928 964s
[609624.0] PE_E_T2000_RC2880: step 1658 NO_CANDIDATES_GENERATED pairs=16157 evals=1928 964s
[609624.0] PE_E_T2000_RC2880: step 1659 NO_CANDIDATES_GENERATED pairs=16157 evals=1928 965s
[609624.1] PE_E_T2000_RC2880: step 1660 NO_CANDIDATES_GENERATED pairs=16157 evals=1928 965s
[609624.1] PE_E_T2000_RC2880: step 1661 NO_CANDIDATES_GENERATED pairs=16157 evals=1928 965s
[609624.2] PE_E_T2000_RC2880: step 1662 NO_CANDIDATES_GENERATED pairs=16157 evals=1928 965s
[609624.3] PE_E_T2000_RC2880: step 1663 NO_CANDIDATES_GENERATED pairs=16157 evals=1928 965s
[609624.3] PE_E_T2000_RC2880: step 1664 NO_CANDIDATES_GENERATED pairs=16157 evals=1928 965s
[609624.4] PE_E_T2000_RC2880: step 1665 NO_CANDIDATES_GENERATED pairs=16157 evals=1928 965s
[609624.5] PE_E_T2000_RC2880: step 1666 NO_CANDIDATES_GENERATED pairs=16157 evals=1928 965s
[609624.5] PE_E_T2000_RC2880: step 1667 NO_CANDIDATES_GENERATED pairs=16157 evals=1928 965s
[609624.6] PE_E_T2000_RC2880: step 1668 NO_CANDIDATES_GENERATED pairs=16157 evals=1928 965s
[609624.7] PE_E_T2000_RC2880: step 1669 NO_CANDIDATES_GENERATED pairs=16157 evals=1928 965s
[609624.7] PE_E_T2000_RC2880: step 1670 NO_CANDIDATES_GENERATED pairs=16157 evals=1928 965s
[609624.8] PE_E_T2000_RC2880: step 1671 NO_CANDIDATES_GENERATED pairs=16157 evals=1928 965s
[609624.9] PE_E_T2000_RC2880: step 1672 NO_CANDIDATES_GENERATED pairs=16157 evals=1928 965s
[609624.9] PE_E_T2000_RC2880: step 1673 NO_CANDIDATES_GENERATED pairs=16157 evals=1928 965s
[609625.0] PE_E_T2000_RC2880: step 1674 NO_CANDIDATES_GENERATED pairs=16157 evals=1928 966s
[609625.1] PE_E_T2000_RC2880: step 1675 NO_CANDIDATES_GENERATED pairs=16157 evals=1928 966s
[609625.1] PE_E_T2000_RC2880: step 1676 NO_CANDIDATES_GENERATED pairs=16157 evals=1928 966s
[609625.2] PE_E_T2000_RC2880: step 1677 NO_CANDIDATES_GENERATED pairs=16157 evals=1928 966s
[609625.3] PE_E_T2000_RC2880: step 1678 NO_CANDIDATES_GENERATED pairs=16157 evals=1928 966s
[609625.3] PE_E_T2000_RC2880: step 1679 NO_CANDIDATES_GENERATED pairs=16157 evals=1928 966s
[609625.4] PE_E_T2000_RC2880: step 1680 NO_CANDIDATES_GENERATED pairs=16157 evals=1928 966s
[609625.5] PE_E_T2000_RC2880: step 1681 NO_CANDIDATES_GENERATED pairs=16157 evals=1928 966s
[609625.5] PE_E_T2000_RC2880: step 1682 NO_CANDIDATES_GENERATED pairs=16157 evals=1928 966s
[609625.6] PE_E_T2000_RC2880: step 1683 NO_CANDIDATES_GENERATED pairs=16157 evals=1928 966s
[609625.6] PE_E_T2000_RC2880: step 1684 NO_CANDIDATES_GENERATED pairs=16157 evals=1928 966s
[609625.7] PE_E_T2000_RC2880: step 1685 NO_CANDIDATES_GENERATED pairs=16157 evals=1928 966s
[609632.0] PE_E_T2000_RC2880: step 1686 ELEVATED pairs=16096 evals=1944 973s
[609632.1] PE_E_T2000_RC2880: step 1687 NO_CANDIDATES_GENERATED pairs=16096 evals=1944 973s
[609632.1] PE_E_T2000_RC2880: step 1688 NO_CANDIDATES_GENERATED pairs=16096 evals=1944 973s
[609632.2] PE_E_T2000_RC2880: step 1689 NO_CANDIDATES_GENERATED pairs=16096 evals=1944 973s
[609632.3] PE_E_T2000_RC2880: step 1690 NO_CANDIDATES_GENERATED pairs=16096 evals=1944 973s
[609632.3] PE_E_T2000_RC2880: step 1691 NO_CANDIDATES_GENERATED pairs=16096 evals=1944 973s
[609632.4] PE_E_T2000_RC2880: step 1692 NO_CANDIDATES_GENERATED pairs=16096 evals=1944 973s
[609632.5] PE_E_T2000_RC2880: step 1693 NO_CANDIDATES_GENERATED pairs=16096 evals=1944 973s
[609632.5] PE_E_T2000_RC2880: step 1694 NO_CANDIDATES_GENERATED pairs=16096 evals=1944 973s
[609632.6] PE_E_T2000_RC2880: step 1695 NO_CANDIDATES_GENERATED pairs=16096 evals=1944 973s
[609632.7] PE_E_T2000_RC2880: step 1696 NO_CANDIDATES_GENERATED pairs=16096 evals=1944 973s
[609632.8] PE_E_T2000_RC2880: step 1697 NO_CANDIDATES_GENERATED pairs=16096 evals=1944 973s
[609632.8] PE_E_T2000_RC2880: step 1698 NO_CANDIDATES_GENERATED pairs=16096 evals=1944 973s
[609632.9] PE_E_T2000_RC2880: step 1699 NO_CANDIDATES_GENERATED pairs=16096 evals=1944 973s
[609633.0] PE_E_T2000_RC2880: step 1700 NO_CANDIDATES_GENERATED pairs=16096 evals=1944 974s
[609633.0] PE_E_T2000_RC2880: step 1701 NO_CANDIDATES_GENERATED pairs=16096 evals=1944 974s
[609633.1] PE_E_T2000_RC2880: step 1702 NO_CANDIDATES_GENERATED pairs=16096 evals=1944 974s
[609633.2] PE_E_T2000_RC2880: step 1703 NO_CANDIDATES_GENERATED pairs=16096 evals=1944 974s
[609633.3] PE_E_T2000_RC2880: step 1704 NO_CANDIDATES_GENERATED pairs=16096 evals=1944 974s
[609633.3] PE_E_T2000_RC2880: step 1705 NO_CANDIDATES_GENERATED pairs=16096 evals=1944 974s
[609633.4] PE_E_T2000_RC2880: step 1706 NO_CANDIDATES_GENERATED pairs=16096 evals=1944 974s
[609633.5] PE_E_T2000_RC2880: step 1707 NO_CANDIDATES_GENERATED pairs=16096 evals=1944 974s
[609633.6] PE_E_T2000_RC2880: step 1708 NO_CANDIDATES_GENERATED pairs=16096 evals=1944 974s
[609633.6] PE_E_T2000_RC2880: step 1709 NO_CANDIDATES_GENERATED pairs=16096 evals=1944 974s
[609633.7] PE_E_T2000_RC2880: step 1710 NO_CANDIDATES_GENERATED pairs=16096 evals=1944 974s
[609633.8] PE_E_T2000_RC2880: step 1711 NO_CANDIDATES_GENERATED pairs=16096 evals=1944 974s
[609633.9] PE_E_T2000_RC2880: step 1712 NO_CANDIDATES_GENERATED pairs=16096 evals=1944 974s
[609633.9] PE_E_T2000_RC2880: step 1713 NO_CANDIDATES_GENERATED pairs=16096 evals=1944 974s
[609634.0] PE_E_T2000_RC2880: step 1714 NO_CANDIDATES_GENERATED pairs=16096 evals=1944 975s
[609634.1] PE_E_T2000_RC2880: step 1715 NO_CANDIDATES_GENERATED pairs=16096 evals=1944 975s
[609656.3] PE_E_T2000_RC2880: step 1716 ELEVATED pairs=16018 evals=1960 997s
[609656.3] PE_E_T2000_RC2880: step 1717 NO_CANDIDATES_GENERATED pairs=16018 evals=1960 997s
[609656.4] PE_E_T2000_RC2880: step 1718 NO_CANDIDATES_GENERATED pairs=16018 evals=1960 997s
[609656.5] PE_E_T2000_RC2880: step 1719 NO_CANDIDATES_GENERATED pairs=16018 evals=1960 997s
[609656.5] PE_E_T2000_RC2880: step 1720 NO_CANDIDATES_GENERATED pairs=16018 evals=1960 997s
[609656.6] PE_E_T2000_RC2880: step 1721 NO_CANDIDATES_GENERATED pairs=16018 evals=1960 997s
[609656.7] PE_E_T2000_RC2880: step 1722 NO_CANDIDATES_GENERATED pairs=16018 evals=1960 997s
[609656.7] PE_E_T2000_RC2880: step 1723 NO_CANDIDATES_GENERATED pairs=16018 evals=1960 997s
[609656.8] PE_E_T2000_RC2880: step 1724 NO_CANDIDATES_GENERATED pairs=16018 evals=1960 997s
[609656.9] PE_E_T2000_RC2880: step 1725 NO_CANDIDATES_GENERATED pairs=16018 evals=1960 997s
[609656.9] PE_E_T2000_RC2880: step 1726 NO_CANDIDATES_GENERATED pairs=16018 evals=1960 997s
[609657.0] PE_E_T2000_RC2880: step 1727 NO_CANDIDATES_GENERATED pairs=16018 evals=1960 998s
[609657.1] PE_E_T2000_RC2880: step 1728 NO_CANDIDATES_GENERATED pairs=16018 evals=1960 998s
[609657.2] PE_E_T2000_RC2880: step 1729 NO_CANDIDATES_GENERATED pairs=16018 evals=1960 998s
[609657.2] PE_E_T2000_RC2880: step 1730 NO_CANDIDATES_GENERATED pairs=16018 evals=1960 998s
[609657.3] PE_E_T2000_RC2880: step 1731 NO_CANDIDATES_GENERATED pairs=16018 evals=1960 998s
[609657.4] PE_E_T2000_RC2880: step 1732 NO_CANDIDATES_GENERATED pairs=16018 evals=1960 998s
[609657.4] PE_E_T2000_RC2880: step 1733 NO_CANDIDATES_GENERATED pairs=16018 evals=1960 998s
[609657.5] PE_E_T2000_RC2880: step 1734 NO_CANDIDATES_GENERATED pairs=16018 evals=1960 998s
[609657.6] PE_E_T2000_RC2880: step 1735 NO_CANDIDATES_GENERATED pairs=16018 evals=1960 998s
[609657.6] PE_E_T2000_RC2880: step 1736 NO_CANDIDATES_GENERATED pairs=16018 evals=1960 998s
[609657.7] PE_E_T2000_RC2880: step 1737 NO_CANDIDATES_GENERATED pairs=16018 evals=1960 998s
[609657.8] PE_E_T2000_RC2880: step 1738 NO_CANDIDATES_GENERATED pairs=16018 evals=1960 998s
[609657.8] PE_E_T2000_RC2880: step 1739 NO_CANDIDATES_GENERATED pairs=16018 evals=1960 998s
[609657.9] PE_E_T2000_RC2880: step 1740 NO_CANDIDATES_GENERATED pairs=16018 evals=1960 998s
[609658.0] PE_E_T2000_RC2880: step 1741 NO_CANDIDATES_GENERATED pairs=16018 evals=1960 999s
[609658.0] PE_E_T2000_RC2880: step 1742 NO_CANDIDATES_GENERATED pairs=16018 evals=1960 999s
[609658.1] PE_E_T2000_RC2880: step 1743 NO_CANDIDATES_GENERATED pairs=16018 evals=1960 999s
[609658.2] PE_E_T2000_RC2880: step 1744 NO_CANDIDATES_GENERATED pairs=16018 evals=1960 999s
[609658.3] PE_E_T2000_RC2880: step 1745 NO_CANDIDATES_GENERATED pairs=16018 evals=1960 999s
[609663.5] PE_E_T2000_RC2880: step 1746 ELEVATED pairs=15971 evals=1976 1004s
[609663.6] PE_E_T2000_RC2880: step 1747 NO_CANDIDATES_GENERATED pairs=15971 evals=1976 1004s
[609663.6] PE_E_T2000_RC2880: step 1748 NO_CANDIDATES_GENERATED pairs=15971 evals=1976 1004s
[609663.7] PE_E_T2000_RC2880: step 1749 NO_CANDIDATES_GENERATED pairs=15971 evals=1976 1004s
[609663.8] PE_E_T2000_RC2880: step 1750 NO_CANDIDATES_GENERATED pairs=15971 evals=1976 1004s
[609663.8] PE_E_T2000_RC2880: step 1751 NO_CANDIDATES_GENERATED pairs=15971 evals=1976 1004s
[609663.9] PE_E_T2000_RC2880: step 1752 NO_CANDIDATES_GENERATED pairs=15971 evals=1976 1004s
[609664.0] PE_E_T2000_RC2880: step 1753 NO_CANDIDATES_GENERATED pairs=15971 evals=1976 1005s
[609664.1] PE_E_T2000_RC2880: step 1754 NO_CANDIDATES_GENERATED pairs=15971 evals=1976 1005s
[609664.1] PE_E_T2000_RC2880: step 1755 NO_CANDIDATES_GENERATED pairs=15971 evals=1976 1005s
[609664.2] PE_E_T2000_RC2880: step 1756 NO_CANDIDATES_GENERATED pairs=15971 evals=1976 1005s
[609664.3] PE_E_T2000_RC2880: step 1757 NO_CANDIDATES_GENERATED pairs=15971 evals=1976 1005s
[609664.4] PE_E_T2000_RC2880: step 1758 NO_CANDIDATES_GENERATED pairs=15971 evals=1976 1005s
[609664.4] PE_E_T2000_RC2880: step 1759 NO_CANDIDATES_GENERATED pairs=15971 evals=1976 1005s
[609664.5] PE_E_T2000_RC2880: step 1760 NO_CANDIDATES_GENERATED pairs=15971 evals=1976 1005s
[609664.5] PE_E_T2000_RC2880: step 1761 NO_CANDIDATES_GENERATED pairs=15971 evals=1976 1005s
[609664.6] PE_E_T2000_RC2880: step 1762 NO_CANDIDATES_GENERATED pairs=15971 evals=1976 1005s
[609664.7] PE_E_T2000_RC2880: step 1763 NO_CANDIDATES_GENERATED pairs=15971 evals=1976 1005s
[609664.7] PE_E_T2000_RC2880: step 1764 NO_CANDIDATES_GENERATED pairs=15971 evals=1976 1005s
[609664.8] PE_E_T2000_RC2880: step 1765 NO_CANDIDATES_GENERATED pairs=15971 evals=1976 1005s
[609664.8] PE_E_T2000_RC2880: step 1766 NO_CANDIDATES_GENERATED pairs=15971 evals=1976 1005s
[609664.9] PE_E_T2000_RC2880: step 1767 NO_CANDIDATES_GENERATED pairs=15971 evals=1976 1005s
[609665.0] PE_E_T2000_RC2880: step 1768 NO_CANDIDATES_GENERATED pairs=15971 evals=1976 1006s
[609665.0] PE_E_T2000_RC2880: step 1769 NO_CANDIDATES_GENERATED pairs=15971 evals=1976 1006s
[609665.1] PE_E_T2000_RC2880: step 1770 NO_CANDIDATES_GENERATED pairs=15971 evals=1976 1006s
[609665.2] PE_E_T2000_RC2880: step 1771 NO_CANDIDATES_GENERATED pairs=15971 evals=1976 1006s
[609665.2] PE_E_T2000_RC2880: step 1772 NO_CANDIDATES_GENERATED pairs=15971 evals=1976 1006s
[609665.3] PE_E_T2000_RC2880: step 1773 NO_CANDIDATES_GENERATED pairs=15971 evals=1976 1006s
[609665.4] PE_E_T2000_RC2880: step 1774 NO_CANDIDATES_GENERATED pairs=15971 evals=1976 1006s
[609665.4] PE_E_T2000_RC2880: step 1775 NO_CANDIDATES_GENERATED pairs=15971 evals=1976 1006s
[609671.5] PE_E_T2000_RC2880: step 1776 ELEVATED pairs=15924 evals=1992 1012s
[609671.6] PE_E_T2000_RC2880: step 1777 NO_CANDIDATES_GENERATED pairs=15924 evals=1992 1012s
[609671.7] PE_E_T2000_RC2880: step 1778 NO_CANDIDATES_GENERATED pairs=15924 evals=1992 1012s
[609671.7] PE_E_T2000_RC2880: step 1779 NO_CANDIDATES_GENERATED pairs=15924 evals=1992 1012s
[609671.8] PE_E_T2000_RC2880: step 1780 NO_CANDIDATES_GENERATED pairs=15924 evals=1992 1012s
[609671.8] PE_E_T2000_RC2880: step 1781 NO_CANDIDATES_GENERATED pairs=15924 evals=1992 1012s
[609671.9] PE_E_T2000_RC2880: step 1782 NO_CANDIDATES_GENERATED pairs=15924 evals=1992 1012s
[609672.0] PE_E_T2000_RC2880: step 1783 NO_CANDIDATES_GENERATED pairs=15924 evals=1992 1013s
[609672.1] PE_E_T2000_RC2880: step 1784 NO_CANDIDATES_GENERATED pairs=15924 evals=1992 1013s
[609672.1] PE_E_T2000_RC2880: step 1785 NO_CANDIDATES_GENERATED pairs=15924 evals=1992 1013s
[609672.2] PE_E_T2000_RC2880: step 1786 NO_CANDIDATES_GENERATED pairs=15924 evals=1992 1013s
[609672.3] PE_E_T2000_RC2880: step 1787 NO_CANDIDATES_GENERATED pairs=15924 evals=1992 1013s
[609672.3] PE_E_T2000_RC2880: step 1788 NO_CANDIDATES_GENERATED pairs=15924 evals=1992 1013s
[609672.4] PE_E_T2000_RC2880: step 1789 NO_CANDIDATES_GENERATED pairs=15924 evals=1992 1013s
[609672.5] PE_E_T2000_RC2880: step 1790 NO_CANDIDATES_GENERATED pairs=15924 evals=1992 1013s
[609672.6] PE_E_T2000_RC2880: step 1791 NO_CANDIDATES_GENERATED pairs=15924 evals=1992 1013s
[609672.6] PE_E_T2000_RC2880: step 1792 NO_CANDIDATES_GENERATED pairs=15924 evals=1992 1013s
[609672.7] PE_E_T2000_RC2880: step 1793 NO_CANDIDATES_GENERATED pairs=15924 evals=1992 1013s
[609672.8] PE_E_T2000_RC2880: step 1794 NO_CANDIDATES_GENERATED pairs=15924 evals=1992 1013s
[609672.8] PE_E_T2000_RC2880: step 1795 NO_CANDIDATES_GENERATED pairs=15924 evals=1992 1013s
[609672.9] PE_E_T2000_RC2880: step 1796 NO_CANDIDATES_GENERATED pairs=15924 evals=1992 1013s
[609673.0] PE_E_T2000_RC2880: step 1797 NO_CANDIDATES_GENERATED pairs=15924 evals=1992 1013s
[609673.0] PE_E_T2000_RC2880: step 1798 NO_CANDIDATES_GENERATED pairs=15924 evals=1992 1014s
[609673.1] PE_E_T2000_RC2880: step 1799 NO_CANDIDATES_GENERATED pairs=15924 evals=1992 1014s
[609673.2] PE_E_T2000_RC2880: step 1800 NO_CANDIDATES_GENERATED pairs=15924 evals=1992 1014s
[609673.2] PE_E_T2000_RC2880: step 1801 NO_CANDIDATES_GENERATED pairs=15924 evals=1992 1014s
[609673.3] PE_E_T2000_RC2880: step 1802 NO_CANDIDATES_GENERATED pairs=15924 evals=1992 1014s
[609673.4] PE_E_T2000_RC2880: step 1803 NO_CANDIDATES_GENERATED pairs=15924 evals=1992 1014s
[609673.5] PE_E_T2000_RC2880: step 1804 NO_CANDIDATES_GENERATED pairs=15924 evals=1992 1014s
[609673.5] PE_E_T2000_RC2880: step 1805 NO_CANDIDATES_GENERATED pairs=15924 evals=1992 1014s
[609696.4] PE_E_T2000_RC2880: step 1806 ELEVATED pairs=15848 evals=2008 1037s
[609696.4] PE_E_T2000_RC2880: step 1807 NO_CANDIDATES_GENERATED pairs=15848 evals=2008 1037s
[609696.5] PE_E_T2000_RC2880: step 1808 NO_CANDIDATES_GENERATED pairs=15848 evals=2008 1037s
[609696.5] PE_E_T2000_RC2880: step 1809 NO_CANDIDATES_GENERATED pairs=15848 evals=2008 1037s
[609696.6] PE_E_T2000_RC2880: step 1810 NO_CANDIDATES_GENERATED pairs=15848 evals=2008 1037s
[609696.7] PE_E_T2000_RC2880: step 1811 NO_CANDIDATES_GENERATED pairs=15848 evals=2008 1037s
[609696.7] PE_E_T2000_RC2880: step 1812 NO_CANDIDATES_GENERATED pairs=15848 evals=2008 1037s
[609696.8] PE_E_T2000_RC2880: step 1813 NO_CANDIDATES_GENERATED pairs=15848 evals=2008 1037s
[609696.9] PE_E_T2000_RC2880: step 1814 NO_CANDIDATES_GENERATED pairs=15848 evals=2008 1037s
[609697.0] PE_E_T2000_RC2880: step 1815 NO_CANDIDATES_GENERATED pairs=15848 evals=2008 1037s
[609697.0] PE_E_T2000_RC2880: step 1816 NO_CANDIDATES_GENERATED pairs=15848 evals=2008 1038s
[609697.1] PE_E_T2000_RC2880: step 1817 NO_CANDIDATES_GENERATED pairs=15848 evals=2008 1038s
[609697.2] PE_E_T2000_RC2880: step 1818 NO_CANDIDATES_GENERATED pairs=15848 evals=2008 1038s
[609697.2] PE_E_T2000_RC2880: step 1819 NO_CANDIDATES_GENERATED pairs=15848 evals=2008 1038s
[609697.3] PE_E_T2000_RC2880: step 1820 NO_CANDIDATES_GENERATED pairs=15848 evals=2008 1038s
[609697.4] PE_E_T2000_RC2880: step 1821 NO_CANDIDATES_GENERATED pairs=15848 evals=2008 1038s
[609697.4] PE_E_T2000_RC2880: step 1822 NO_CANDIDATES_GENERATED pairs=15848 evals=2008 1038s
[609697.5] PE_E_T2000_RC2880: step 1823 NO_CANDIDATES_GENERATED pairs=15848 evals=2008 1038s
[609697.6] PE_E_T2000_RC2880: step 1824 NO_CANDIDATES_GENERATED pairs=15848 evals=2008 1038s
[609697.6] PE_E_T2000_RC2880: step 1825 NO_CANDIDATES_GENERATED pairs=15848 evals=2008 1038s
[609697.7] PE_E_T2000_RC2880: step 1826 NO_CANDIDATES_GENERATED pairs=15848 evals=2008 1038s
[609697.8] PE_E_T2000_RC2880: step 1827 NO_CANDIDATES_GENERATED pairs=15848 evals=2008 1038s
[609697.8] PE_E_T2000_RC2880: step 1828 NO_CANDIDATES_GENERATED pairs=15848 evals=2008 1038s
[609697.9] PE_E_T2000_RC2880: step 1829 NO_CANDIDATES_GENERATED pairs=15848 evals=2008 1038s
[609697.9] PE_E_T2000_RC2880: step 1830 NO_CANDIDATES_GENERATED pairs=15848 evals=2008 1038s
[609698.0] PE_E_T2000_RC2880: step 1831 NO_CANDIDATES_GENERATED pairs=15848 evals=2008 1039s
[609698.1] PE_E_T2000_RC2880: step 1832 NO_CANDIDATES_GENERATED pairs=15848 evals=2008 1039s
[609698.1] PE_E_T2000_RC2880: step 1833 NO_CANDIDATES_GENERATED pairs=15848 evals=2008 1039s
[609698.2] PE_E_T2000_RC2880: step 1834 NO_CANDIDATES_GENERATED pairs=15848 evals=2008 1039s
[609698.3] PE_E_T2000_RC2880: step 1835 NO_CANDIDATES_GENERATED pairs=15848 evals=2008 1039s
[609702.8] PE_E_T2000_RC2880: step 1836 ELEVATED pairs=15771 evals=2024 1043s
[609702.9] PE_E_T2000_RC2880: step 1837 NO_CANDIDATES_GENERATED pairs=15771 evals=2024 1043s
[609703.0] PE_E_T2000_RC2880: step 1838 NO_CANDIDATES_GENERATED pairs=15771 evals=2024 1043s
[609703.0] PE_E_T2000_RC2880: step 1839 NO_CANDIDATES_GENERATED pairs=15771 evals=2024 1044s
[609703.1] PE_E_T2000_RC2880: step 1840 NO_CANDIDATES_GENERATED pairs=15771 evals=2024 1044s
[609703.2] PE_E_T2000_RC2880: step 1841 NO_CANDIDATES_GENERATED pairs=15771 evals=2024 1044s
[609703.2] PE_E_T2000_RC2880: step 1842 NO_CANDIDATES_GENERATED pairs=15771 evals=2024 1044s
[609703.3] PE_E_T2000_RC2880: step 1843 NO_CANDIDATES_GENERATED pairs=15771 evals=2024 1044s
[609703.3] PE_E_T2000_RC2880: step 1844 NO_CANDIDATES_GENERATED pairs=15771 evals=2024 1044s
[609703.4] PE_E_T2000_RC2880: step 1845 NO_CANDIDATES_GENERATED pairs=15771 evals=2024 1044s
[609703.5] PE_E_T2000_RC2880: step 1846 NO_CANDIDATES_GENERATED pairs=15771 evals=2024 1044s
[609703.5] PE_E_T2000_RC2880: step 1847 NO_CANDIDATES_GENERATED pairs=15771 evals=2024 1044s
[609703.6] PE_E_T2000_RC2880: step 1848 NO_CANDIDATES_GENERATED pairs=15771 evals=2024 1044s
[609703.7] PE_E_T2000_RC2880: step 1849 NO_CANDIDATES_GENERATED pairs=15771 evals=2024 1044s
[609703.7] PE_E_T2000_RC2880: step 1850 NO_CANDIDATES_GENERATED pairs=15771 evals=2024 1044s
[609703.8] PE_E_T2000_RC2880: step 1851 NO_CANDIDATES_GENERATED pairs=15771 evals=2024 1044s
[609703.9] PE_E_T2000_RC2880: step 1852 NO_CANDIDATES_GENERATED pairs=15771 evals=2024 1044s
[609703.9] PE_E_T2000_RC2880: step 1853 NO_CANDIDATES_GENERATED pairs=15771 evals=2024 1044s
[609704.0] PE_E_T2000_RC2880: step 1854 NO_CANDIDATES_GENERATED pairs=15771 evals=2024 1045s
[609704.1] PE_E_T2000_RC2880: step 1855 NO_CANDIDATES_GENERATED pairs=15771 evals=2024 1045s
[609704.1] PE_E_T2000_RC2880: step 1856 NO_CANDIDATES_GENERATED pairs=15771 evals=2024 1045s
[609704.2] PE_E_T2000_RC2880: step 1857 NO_CANDIDATES_GENERATED pairs=15771 evals=2024 1045s
[609704.2] PE_E_T2000_RC2880: step 1858 NO_CANDIDATES_GENERATED pairs=15771 evals=2024 1045s
[609704.3] PE_E_T2000_RC2880: step 1859 NO_CANDIDATES_GENERATED pairs=15771 evals=2024 1045s
[609704.4] PE_E_T2000_RC2880: step 1860 NO_CANDIDATES_GENERATED pairs=15771 evals=2024 1045s
[609704.4] PE_E_T2000_RC2880: step 1861 NO_CANDIDATES_GENERATED pairs=15771 evals=2024 1045s
[609704.5] PE_E_T2000_RC2880: step 1862 NO_CANDIDATES_GENERATED pairs=15771 evals=2024 1045s
[609704.6] PE_E_T2000_RC2880: step 1863 NO_CANDIDATES_GENERATED pairs=15771 evals=2024 1045s
[609704.6] PE_E_T2000_RC2880: step 1864 NO_CANDIDATES_GENERATED pairs=15771 evals=2024 1045s
[609704.7] PE_E_T2000_RC2880: step 1865 NO_CANDIDATES_GENERATED pairs=15771 evals=2024 1045s
[609704.8] PE_E_T2000_RC2880: step 1866 NO_CANDIDATES_GENERATED pairs=15771 evals=2024 1045s
[609704.8] PE_E_T2000_RC2880: step 1867 NO_CANDIDATES_GENERATED pairs=15771 evals=2024 1045s
[609704.9] PE_E_T2000_RC2880: step 1868 NO_CANDIDATES_GENERATED pairs=15771 evals=2024 1045s
[609705.0] PE_E_T2000_RC2880: step 1869 NO_CANDIDATES_GENERATED pairs=15771 evals=2024 1045s
[609705.0] PE_E_T2000_RC2880: step 1870 NO_CANDIDATES_GENERATED pairs=15771 evals=2024 1046s
[609705.1] PE_E_T2000_RC2880: step 1871 NO_CANDIDATES_GENERATED pairs=15771 evals=2024 1046s
[609705.2] PE_E_T2000_RC2880: step 1872 NO_CANDIDATES_GENERATED pairs=15771 evals=2024 1046s
[609705.2] PE_E_T2000_RC2880: step 1873 NO_CANDIDATES_GENERATED pairs=15771 evals=2024 1046s
[609705.3] PE_E_T2000_RC2880: step 1874 NO_CANDIDATES_GENERATED pairs=15771 evals=2024 1046s
[609705.4] PE_E_T2000_RC2880: step 1875 NO_CANDIDATES_GENERATED pairs=15771 evals=2024 1046s
[609705.4] PE_E_T2000_RC2880: step 1876 NO_CANDIDATES_GENERATED pairs=15771 evals=2024 1046s
[609705.5] PE_E_T2000_RC2880: step 1877 NO_CANDIDATES_GENERATED pairs=15771 evals=2024 1046s
[609705.5] PE_E_T2000_RC2880: step 1878 NO_CANDIDATES_GENERATED pairs=15771 evals=2024 1046s
[609705.6] PE_E_T2000_RC2880: step 1879 NO_CANDIDATES_GENERATED pairs=15771 evals=2024 1046s
[609705.7] PE_E_T2000_RC2880: step 1880 NO_CANDIDATES_GENERATED pairs=15771 evals=2024 1046s
[609705.7] PE_E_T2000_RC2880: step 1881 NO_CANDIDATES_GENERATED pairs=15771 evals=2024 1046s
[609710.5] PE_E_T2000_RC2880: step 1882 PREFIX_EVALUATED_NO_WINNER_DEFERRED pairs=15771 evals=2040 1051s
[609715.5] PE_E_T2000_RC2880: step 1883 PREFIX_EVALUATED_NO_WINNER_DEFERRED pairs=15771 evals=2056 1056s
[609720.6] PE_E_T2000_RC2880: step 1884 PREFIX_EVALUATED_NO_WINNER_DEFERRED pairs=15771 evals=2072 1061s
[609725.6] PE_E_T2000_RC2880: step 1885 PREFIX_EVALUATED_NO_WINNER_DEFERRED pairs=15771 evals=2088 1066s
[609731.0] PE_E_T2000_RC2880: step 1886 ELEVATED pairs=15719 evals=2104 1071s
[609731.0] PE_E_T2000_RC2880: step 1887 NO_CANDIDATES_GENERATED pairs=15719 evals=2104 1072s
[609731.1] PE_E_T2000_RC2880: step 1888 NO_CANDIDATES_GENERATED pairs=15719 evals=2104 1072s
[609731.2] PE_E_T2000_RC2880: step 1889 NO_CANDIDATES_GENERATED pairs=15719 evals=2104 1072s
[609731.2] PE_E_T2000_RC2880: step 1890 NO_CANDIDATES_GENERATED pairs=15719 evals=2104 1072s
[609731.3] PE_E_T2000_RC2880: step 1891 NO_CANDIDATES_GENERATED pairs=15719 evals=2104 1072s
[609731.3] PE_E_T2000_RC2880: step 1892 NO_CANDIDATES_GENERATED pairs=15719 evals=2104 1072s
[609731.4] PE_E_T2000_RC2880: step 1893 NO_CANDIDATES_GENERATED pairs=15719 evals=2104 1072s
[609731.5] PE_E_T2000_RC2880: step 1894 NO_CANDIDATES_GENERATED pairs=15719 evals=2104 1072s
[609731.5] PE_E_T2000_RC2880: step 1895 NO_CANDIDATES_GENERATED pairs=15719 evals=2104 1072s
[609731.6] PE_E_T2000_RC2880: step 1896 NO_CANDIDATES_GENERATED pairs=15719 evals=2104 1072s
[609731.7] PE_E_T2000_RC2880: step 1897 NO_CANDIDATES_GENERATED pairs=15719 evals=2104 1072s
[609731.7] PE_E_T2000_RC2880: step 1898 NO_CANDIDATES_GENERATED pairs=15719 evals=2104 1072s
[609731.8] PE_E_T2000_RC2880: step 1899 NO_CANDIDATES_GENERATED pairs=15719 evals=2104 1072s
[609731.9] PE_E_T2000_RC2880: step 1900 NO_CANDIDATES_GENERATED pairs=15719 evals=2104 1072s
[609731.9] PE_E_T2000_RC2880: step 1901 NO_CANDIDATES_GENERATED pairs=15719 evals=2104 1072s
[609732.0] PE_E_T2000_RC2880: step 1902 NO_CANDIDATES_GENERATED pairs=15719 evals=2104 1073s
[609732.1] PE_E_T2000_RC2880: step 1903 NO_CANDIDATES_GENERATED pairs=15719 evals=2104 1073s
[609732.1] PE_E_T2000_RC2880: step 1904 NO_CANDIDATES_GENERATED pairs=15719 evals=2104 1073s
[609732.2] PE_E_T2000_RC2880: step 1905 NO_CANDIDATES_GENERATED pairs=15719 evals=2104 1073s
[609732.3] PE_E_T2000_RC2880: step 1906 NO_CANDIDATES_GENERATED pairs=15719 evals=2104 1073s
[609732.3] PE_E_T2000_RC2880: step 1907 NO_CANDIDATES_GENERATED pairs=15719 evals=2104 1073s
[609732.4] PE_E_T2000_RC2880: step 1908 NO_CANDIDATES_GENERATED pairs=15719 evals=2104 1073s
[609732.5] PE_E_T2000_RC2880: step 1909 NO_CANDIDATES_GENERATED pairs=15719 evals=2104 1073s
[609732.5] PE_E_T2000_RC2880: step 1910 NO_CANDIDATES_GENERATED pairs=15719 evals=2104 1073s
[609732.6] PE_E_T2000_RC2880: step 1911 NO_CANDIDATES_GENERATED pairs=15719 evals=2104 1073s
[609732.7] PE_E_T2000_RC2880: step 1912 NO_CANDIDATES_GENERATED pairs=15719 evals=2104 1073s
[609732.7] PE_E_T2000_RC2880: step 1913 NO_CANDIDATES_GENERATED pairs=15719 evals=2104 1073s
[609732.8] PE_E_T2000_RC2880: step 1914 NO_CANDIDATES_GENERATED pairs=15719 evals=2104 1073s
[609732.9] PE_E_T2000_RC2880: step 1915 NO_CANDIDATES_GENERATED pairs=15719 evals=2104 1073s
[609732.9] PE_E_T2000_RC2880: step 1916 NO_CANDIDATES_GENERATED pairs=15719 evals=2104 1073s
[609733.0] PE_E_T2000_RC2880: step 1917 NO_CANDIDATES_GENERATED pairs=15719 evals=2104 1074s
[609733.1] PE_E_T2000_RC2880: step 1918 NO_CANDIDATES_GENERATED pairs=15719 evals=2104 1074s
[609733.1] PE_E_T2000_RC2880: step 1919 NO_CANDIDATES_GENERATED pairs=15719 evals=2104 1074s
[609733.2] PE_E_T2000_RC2880: step 1920 NO_CANDIDATES_GENERATED pairs=15719 evals=2104 1074s
[609733.3] PE_E_T2000_RC2880: step 1921 NO_CANDIDATES_GENERATED pairs=15719 evals=2104 1074s
[609733.3] PE_E_T2000_RC2880: step 1922 NO_CANDIDATES_GENERATED pairs=15719 evals=2104 1074s
[609733.4] PE_E_T2000_RC2880: step 1923 NO_CANDIDATES_GENERATED pairs=15719 evals=2104 1074s
[609733.5] PE_E_T2000_RC2880: step 1924 NO_CANDIDATES_GENERATED pairs=15719 evals=2104 1074s
[609733.5] PE_E_T2000_RC2880: step 1925 NO_CANDIDATES_GENERATED pairs=15719 evals=2104 1074s
[609733.6] PE_E_T2000_RC2880: step 1926 NO_CANDIDATES_GENERATED pairs=15719 evals=2104 1074s
[609733.6] PE_E_T2000_RC2880: step 1927 NO_CANDIDATES_GENERATED pairs=15719 evals=2104 1074s
[609733.7] PE_E_T2000_RC2880: step 1928 NO_CANDIDATES_GENERATED pairs=15719 evals=2104 1074s
[609733.8] PE_E_T2000_RC2880: step 1929 NO_CANDIDATES_GENERATED pairs=15719 evals=2104 1074s
[609733.8] PE_E_T2000_RC2880: step 1930 NO_CANDIDATES_GENERATED pairs=15719 evals=2104 1074s
[609733.9] PE_E_T2000_RC2880: step 1931 NO_CANDIDATES_GENERATED pairs=15719 evals=2104 1074s
[609738.9] PE_E_T2000_RC2880: step 1932 PREFIX_EVALUATED_NO_WINNER_DEFERRED pairs=15719 evals=2120 1079s
[609744.0] PE_E_T2000_RC2880: step 1933 PREFIX_EVALUATED_NO_WINNER_DEFERRED pairs=15719 evals=2136 1085s
[609749.2] PE_E_T2000_RC2880: step 1934 PREFIX_EVALUATED_NO_WINNER_DEFERRED pairs=15719 evals=2152 1090s
[609754.3] PE_E_T2000_RC2880: step 1935 PREFIX_EVALUATED_NO_WINNER_DEFERRED pairs=15719 evals=2168 1095s
[609759.2] PE_E_T2000_RC2880: step 1936 ELEVATED pairs=15679 evals=2184 1100s
[609759.3] PE_E_T2000_RC2880: step 1937 NO_CANDIDATES_GENERATED pairs=15679 evals=2184 1100s
[609759.4] PE_E_T2000_RC2880: step 1938 NO_CANDIDATES_GENERATED pairs=15679 evals=2184 1100s
[609759.4] PE_E_T2000_RC2880: step 1939 NO_CANDIDATES_GENERATED pairs=15679 evals=2184 1100s
[609759.5] PE_E_T2000_RC2880: step 1940 NO_CANDIDATES_GENERATED pairs=15679 evals=2184 1100s
[609759.6] PE_E_T2000_RC2880: step 1941 NO_CANDIDATES_GENERATED pairs=15679 evals=2184 1100s
[609759.6] PE_E_T2000_RC2880: step 1942 NO_CANDIDATES_GENERATED pairs=15679 evals=2184 1100s
[609759.7] PE_E_T2000_RC2880: step 1943 NO_CANDIDATES_GENERATED pairs=15679 evals=2184 1100s
[609759.8] PE_E_T2000_RC2880: step 1944 NO_CANDIDATES_GENERATED pairs=15679 evals=2184 1100s
[609759.8] PE_E_T2000_RC2880: step 1945 NO_CANDIDATES_GENERATED pairs=15679 evals=2184 1100s
[609759.9] PE_E_T2000_RC2880: step 1946 NO_CANDIDATES_GENERATED pairs=15679 evals=2184 1100s
[609760.0] PE_E_T2000_RC2880: step 1947 NO_CANDIDATES_GENERATED pairs=15679 evals=2184 1101s
[609760.0] PE_E_T2000_RC2880: step 1948 NO_CANDIDATES_GENERATED pairs=15679 evals=2184 1101s
[609760.1] PE_E_T2000_RC2880: step 1949 NO_CANDIDATES_GENERATED pairs=15679 evals=2184 1101s
[609760.2] PE_E_T2000_RC2880: step 1950 NO_CANDIDATES_GENERATED pairs=15679 evals=2184 1101s
[609760.2] PE_E_T2000_RC2880: step 1951 NO_CANDIDATES_GENERATED pairs=15679 evals=2184 1101s
[609760.3] PE_E_T2000_RC2880: step 1952 NO_CANDIDATES_GENERATED pairs=15679 evals=2184 1101s
[609760.4] PE_E_T2000_RC2880: step 1953 NO_CANDIDATES_GENERATED pairs=15679 evals=2184 1101s
[609760.4] PE_E_T2000_RC2880: step 1954 NO_CANDIDATES_GENERATED pairs=15679 evals=2184 1101s
[609760.5] PE_E_T2000_RC2880: step 1955 NO_CANDIDATES_GENERATED pairs=15679 evals=2184 1101s
[609760.6] PE_E_T2000_RC2880: step 1956 NO_CANDIDATES_GENERATED pairs=15679 evals=2184 1101s
[609760.6] PE_E_T2000_RC2880: step 1957 NO_CANDIDATES_GENERATED pairs=15679 evals=2184 1101s
[609760.7] PE_E_T2000_RC2880: step 1958 NO_CANDIDATES_GENERATED pairs=15679 evals=2184 1101s
[609760.8] PE_E_T2000_RC2880: step 1959 NO_CANDIDATES_GENERATED pairs=15679 evals=2184 1101s
[609760.8] PE_E_T2000_RC2880: step 1960 NO_CANDIDATES_GENERATED pairs=15679 evals=2184 1101s
[609760.9] PE_E_T2000_RC2880: step 1961 NO_CANDIDATES_GENERATED pairs=15679 evals=2184 1101s
[609761.0] PE_E_T2000_RC2880: step 1962 NO_CANDIDATES_GENERATED pairs=15679 evals=2184 1102s
[609761.0] PE_E_T2000_RC2880: step 1963 NO_CANDIDATES_GENERATED pairs=15679 evals=2184 1102s
[609761.1] PE_E_T2000_RC2880: step 1964 NO_CANDIDATES_GENERATED pairs=15679 evals=2184 1102s
[609761.2] PE_E_T2000_RC2880: step 1965 NO_CANDIDATES_GENERATED pairs=15679 evals=2184 1102s
[609761.2] PE_E_T2000_RC2880: step 1966 NO_CANDIDATES_GENERATED pairs=15679 evals=2184 1102s
[609761.3] PE_E_T2000_RC2880: step 1967 NO_CANDIDATES_GENERATED pairs=15679 evals=2184 1102s
[609761.4] PE_E_T2000_RC2880: step 1968 NO_CANDIDATES_GENERATED pairs=15679 evals=2184 1102s
[609761.4] PE_E_T2000_RC2880: step 1969 NO_CANDIDATES_GENERATED pairs=15679 evals=2184 1102s
[609761.5] PE_E_T2000_RC2880: step 1970 NO_CANDIDATES_GENERATED pairs=15679 evals=2184 1102s
[609761.6] PE_E_T2000_RC2880: step 1971 NO_CANDIDATES_GENERATED pairs=15679 evals=2184 1102s
[609761.6] PE_E_T2000_RC2880: step 1972 NO_CANDIDATES_GENERATED pairs=15679 evals=2184 1102s
[609761.7] PE_E_T2000_RC2880: step 1973 NO_CANDIDATES_GENERATED pairs=15679 evals=2184 1102s
[609761.8] PE_E_T2000_RC2880: step 1974 NO_CANDIDATES_GENERATED pairs=15679 evals=2184 1102s
[609761.9] PE_E_T2000_RC2880: step 1975 NO_CANDIDATES_GENERATED pairs=15679 evals=2184 1102s
[609761.9] PE_E_T2000_RC2880: step 1976 NO_CANDIDATES_GENERATED pairs=15679 evals=2184 1102s
[609762.0] PE_E_T2000_RC2880: step 1977 NO_CANDIDATES_GENERATED pairs=15679 evals=2184 1102s
[609762.0] PE_E_T2000_RC2880: step 1978 NO_CANDIDATES_GENERATED pairs=15679 evals=2184 1103s
[609762.1] PE_E_T2000_RC2880: step 1979 NO_CANDIDATES_GENERATED pairs=15679 evals=2184 1103s
[609762.2] PE_E_T2000_RC2880: step 1980 NO_CANDIDATES_GENERATED pairs=15679 evals=2184 1103s
[609762.2] PE_E_T2000_RC2880: step 1981 NO_CANDIDATES_GENERATED pairs=15679 evals=2184 1103s
[609767.3] PE_E_T2000_RC2880: step 1982 PREFIX_EVALUATED_NO_WINNER_DEFERRED pairs=15679 evals=2200 1108s
[609772.3] PE_E_T2000_RC2880: step 1983 PREFIX_EVALUATED_NO_WINNER_DEFERRED pairs=15679 evals=2216 1113s
[609776.5] PE_E_T2000_RC2880: step 1984 PREFIX_EVALUATED_NO_WINNER_DEFERRED pairs=15679 evals=2232 1117s
[609780.5] PE_E_T2000_RC2880: step 1985 PREFIX_EVALUATED_NO_WINNER_DEFERRED pairs=15679 evals=2248 1121s
[609784.3] PE_E_T2000_RC2880: step 1986 ELEVATED pairs=15635 evals=2264 1125s
[609784.3] PE_E_T2000_RC2880: step 1987 NO_CANDIDATES_GENERATED pairs=15635 evals=2264 1125s
[609784.4] PE_E_T2000_RC2880: step 1988 NO_CANDIDATES_GENERATED pairs=15635 evals=2264 1125s
[609784.4] PE_E_T2000_RC2880: step 1989 NO_CANDIDATES_GENERATED pairs=15635 evals=2264 1125s
[609784.5] PE_E_T2000_RC2880: step 1990 NO_CANDIDATES_GENERATED pairs=15635 evals=2264 1125s
[609784.5] PE_E_T2000_RC2880: step 1991 NO_CANDIDATES_GENERATED pairs=15635 evals=2264 1125s
[609784.6] PE_E_T2000_RC2880: step 1992 NO_CANDIDATES_GENERATED pairs=15635 evals=2264 1125s
[609784.6] PE_E_T2000_RC2880: step 1993 NO_CANDIDATES_GENERATED pairs=15635 evals=2264 1125s
[609784.7] PE_E_T2000_RC2880: step 1994 NO_CANDIDATES_GENERATED pairs=15635 evals=2264 1125s
[609784.7] PE_E_T2000_RC2880: step 1995 NO_CANDIDATES_GENERATED pairs=15635 evals=2264 1125s
[609784.8] PE_E_T2000_RC2880: step 1996 NO_CANDIDATES_GENERATED pairs=15635 evals=2264 1125s
[609784.8] PE_E_T2000_RC2880: step 1997 NO_CANDIDATES_GENERATED pairs=15635 evals=2264 1125s
[609784.9] PE_E_T2000_RC2880: step 1998 NO_CANDIDATES_GENERATED pairs=15635 evals=2264 1125s
[609784.9] PE_E_T2000_RC2880: step 1999 NO_CANDIDATES_GENERATED pairs=15635 evals=2264 1125s
[609785.0] PE_E_T2000_RC2880: step 2000 NO_CANDIDATES_GENERATED pairs=15635 evals=2264 1126s
[609785.2] PE_E_T2000_RC2880: done final=15635 moves=133 first=132 reloc=1 ret=0 evals=2264 stop=TARGET_LIMIT
[609830.9] PE_E_T2000_RC2880: recheck PASS checks=130816
