route_id,port1,port2,index1,index2,sx_mm,sy_mm,lx_mm,ly_mm,track_y_mm,radius_mm,dx_mm,straight_length_mm,arc_length_mm,total_length_mm,bend_count,bend_total_deg,crossing_count,min_crossing_angle_deg,straight_loss_db,bend_loss_db,crossing_loss_db,total_loss_db,geometry_valid,geometry_issue_kinds,legacy_length_mm,legacy_crossing_count,legacy_loss_db
0,8,1,28,58,132.1,150.0,121.1,0.0,43.325,6.0,11.0,138.0417392568986,17.848394882211373,155.89013413911,2,170.43961630560167,94,34.76258398715187,0.6902086962844931,3.6051981702377196,0.2263394974320939,4.521746363954307,True,,,,
1,8,1,28,58,132.275,150.0,121.275,0.0,43.15,6.0,11.0,138.0417392568986,17.848394882211384,155.89013413911,2,170.4396163056017,94,31.713377838836674,0.6902086962844931,3.6051981702377214,0.22267877010215442,4.518085636624369,True,,,,
2,9,1,30,58,141.1,150.0,121.45,0.0,39.3,6.0,19.64999999999999,145.64999999999998,18.84955592153876,164.49955592153873,2,180.0,78,39.94450518981488,0.72825,3.807422738380465,0.19747044379263456,4.7331431821731,True,,,,
3,9,1,30,58,141.275,150.0,121.625,0.0,39.125,6.0,19.650000000000006,145.65,18.84955592153876,164.49955592153876,2,180.0,78,37.265962926494275,0.7282500000000001,3.807422738380465,0.19934540867356687,4.735018147054032,True,,,,
4,1,26,58,4,119.875,0.0,23.75,150.0,104.75,6.0,96.125,222.125,18.84955592153876,240.97455592153875,2,180.0,235,24.146847996502586,1.110625,3.807422738380465,0.4443454367688204,5.362393175149285,True,,,,
5,1,26,58,4,120.05,0.0,23.925,150.0,104.925,6.0,96.125,222.125,18.84955592153876,240.97455592153875,2,180.0,235,27.95288658913517,1.110625,3.807422738380465,0.44080377712596736,5.358851515506432,True,,,,
6,1,26,58,4,120.225,0.0,24.1,150.0,105.1,6.0,96.125,222.125,18.84955592153876,240.97455592153875,2,180.0,235,31.33220670723324,1.110625,3.807422738380465,0.44166686333344524,5.35971460171391,True,,,,
7,1,26,58,4,120.4,0.0,24.275,150.0,105.275,6.0,96.125,222.125,18.84955592153876,240.97455592153875,2,180.0,235,34.411508669769695,1.110625,3.807422738380465,0.4465179865817062,5.364565724962171,True,,,,
8,1,26,58,4,120.575,0.0,24.45,150.0,105.45,6.0,96.125,222.125,18.84955592153876,240.97455592153875,2,180.0,235,37.26596292649432,1.110625,3.807422738380465,0.4533334457143495,5.3713811840948145,True,,,,
9,1,54,58,34,119.7,0.0,13.275,0.0,29.15,6.0,106.425,140.72500000000002,18.84955592153876,159.57455592153877,2,180.0,230,27.95288658913517,0.7036250000000002,3.807422738380465,0.43288706831641915,4.943934806696885,True,,,,
10,1,58,58,40,119.175,0.0,39.4,0.0,28.625,6.0,79.775,113.025,18.84955592153876,131.87455592153876,2,180.0,208,37.265962926494275,0.565125,3.807422738380465,0.39812514750008376,4.770672885880549,True,,,,
11,1,58,58,40,119.35,0.0,39.225,0.0,28.8,6.0,80.125,113.725,18.84955592153876,132.57455592153875,2,180.0,208,34.411508669769525,0.5686249999999999,3.807422738380465,0.3990180146769602,4.775065753057425,True,,,,
12,1,58,58,40,119.525,0.0,39.05,0.0,28.975,6.0,80.47500000000001,114.42500000000001,18.84955592153876,133.27455592153876,2,180.0,208,31.332206707233127,0.5721250000000001,3.807422738380465,0.40074421518717,4.780291953567635,True,,,,
13,2,11,20,52,96.1,150.0,93.225,0.0,55.925,6.0,2.875,142.20677377461683,8.482102436731477,150.68887621134832,2,80.99811183705751,211,38.04750745361992,0.7110338688730842,1.7133002931905368,0.39985134801029343,2.8241855100739146,True,,,,
14,2,11,20,52,96.275,150.0,93.4,0.0,55.75,6.0,2.875,142.20677377461683,8.482102436731477,150.68887621134832,2,80.99811183705751,211,35.24750699205245,0.7110338688730842,1.7133002931905368,0.4050299214456687,2.8293640835092897,True,,,,
15,2,11,20,52,96.45,150.0,93.575,0.0,55.575,6.0,2.875,142.20677377461683,8.482102436731477,150.68887621134832,2,80.99811183705751,211,32.23866912636972,0.7110338688730842,1.7133002931905368,0.40675609386062445,2.8310902559242455,True,,,,
16,2,11,20,52,96.625,150.0,93.75,0.0,55.4,6.0,2.875,142.20677377461683,8.482102436731477,150.68887621134832,2,80.99811183705751,211,28.228137194322052,0.7110338688730842,1.7133002931905368,0.40193466729599975,2.8262688293596208,True,,,,
17,2,56,20,36,94.875,150.0,20.525,0.0,57.15,6.0,74.35,200.35,18.84955592153876,219.19955592153875,2,180.0,230,32.02482746807539,1.00175,3.807422738380465,0.4303572311565123,5.239529969536977,True,,,,
18,2,56,20,36,95.05,150.0,20.7,0.0,56.975,6.0,74.35,200.35,18.84955592153876,219.19955592153875,2,180.0,230,35.04994691109176,1.00175,3.807422738380465,0.4290775204252491,5.238250258805714,True,,,,
19,2,56,20,36,95.225,150.0,20.875,0.0,56.8,6.0,74.35,200.35000000000002,18.84955592153876,219.19955592153877,2,180.0,230,37.862584621125286,1.0017500000000001,3.807422738380465,0.42470249935380855,5.233875237734274,True,,,,
20,6,8,62,28,139.1,0.0,132.45,150.0,112.1,6.0,6.650000000000006,139.25860809764396,13.304295642347707,152.56290373999167,2,127.04666495013598,54,38.433206340850994,0.6962930404882198,2.6873353387030687,0.15107166537428499,3.5347000445655734,True,,,,
21,6,8,62,28,139.275,0.0,132.625,150.0,112.275,6.0,6.650000000000006,139.25860809764396,13.304295642347707,152.56290373999167,2,127.04666495013598,54,35.659087696138734,0.6962930404882198,2.6873353387030687,0.15639900318038283,3.5400273823716715,True,,,,
22,9,6,30,62,141.45,150.0,139.45,0.0,38.6,6.0,2.0,143.3667504192892,7.0282265214858075,150.394976940775,2,67.11461952384141,28,40.68251227204401,0.716833752096446,1.419631824737929,0.08684535248305857,2.2233109293174333,True,,,,
23,9,6,30,62,141.625,150.0,139.625,0.0,38.425,6.0,2.0,143.36675041928922,7.0282265214858075,150.39497694077502,2,67.11461952384141,28,38.04750745361992,0.7168337520964461,1.419631824737929,0.09979181416675094,2.2362573910011263,True,,,,
24,6,10,62,18,138.4,0.0,86.4,150.0,111.4,6.0,52.0,178.0,18.84955592153876,196.84955592153875,2,180.0,174,43.18342179617398,0.89,3.807422738380465,0.34851210343548705,5.045934841815952,True,,,,
25,6,10,62,18,138.575,0.0,86.575,150.0,111.575,6.0,51.999999999999986,178.0,18.84955592153876,196.84955592153875,2,180.0,174,45.572995999194056,0.89,3.807422738380465,0.3481252317858462,5.045547970166311,True,,,,
26,6,10,62,18,138.75,0.0,86.75,150.0,111.75,6.0,52.0,178.0,18.84955592153876,196.84955592153875,2,180.0,174,43.53115216737253,0.89,3.807422738380465,0.35104191250013983,5.048464650880605,True,,,,
27,6,10,62,18,138.925,0.0,86.925,150.0,111.925,6.0,52.000000000000014,178.0,18.84955592153876,196.84955592153875,2,180.0,174,41.04739187375178,0.89,3.807422738380465,0.3532146027892963,5.050637341169761,True,,,,
28,6,11,62,52,137.175,0.0,94.625,0.0,18.3,6.0,42.55000000000001,55.150000000000006,18.84955592153876,73.99955592153876,2,180.0,139,48.82711314820619,0.27575000000000005,3.807422738380465,0.2617263409864808,4.344899079366947,True,,,,
29,6,11,62,52,137.35,0.0,94.45,0.0,18.475,6.0,42.89999999999999,55.849999999999994,18.84955592153876,74.69955592153875,2,180.0,139,51.01133255984837,0.27925,3.807422738380465,0.2585715529932686,4.345244291373734,True,,,,
30,6,11,62,52,137.525,0.0,94.275,0.0,33.875,6.0,43.25,87.0,18.84955592153876,105.84955592153875,2,180.0,139,27.95288658913517,0.435,3.807422738380465,0.28428590292527783,4.526708641305743,True,,,,
31,6,29,62,2,138.225,0.0,15.45,150.0,111.225,6.0,122.77499999999999,248.775,18.84955592153876,267.6245559215388,2,180.0,257,31.332206707233127,1.243875,3.807422738380465,0.482559702415067,5.533857440795532,True,,,,
32,6,41,62,50,137.0,0.0,85.1,0.0,16.2,6.0,51.900000000000006,60.30000000000001,18.84955592153876,79.14955592153876,2,180.0,165,46.56746344221024,0.30150000000000005,3.807422738380465,0.3093454086735665,4.4182681470540315,True,,,,
33,6,51,62,48,137.7,0.0,76.45,0.0,34.05,6.0,61.249999999999986,105.34999999999998,18.84955592153876,124.19955592153875,2,180.0,171,31.33220670723324,0.5267499999999999,3.807422738380465,0.34035734353752944,4.674530081917994,True,,,,
34,6,53,62,32,138.05,0.0,4.1,0.0,34.4,6.0,133.95000000000002,178.75000000000003,18.84955592153876,197.59955592153878,2,180.0,267,27.95288658913529,0.8937500000000002,3.807422738380465,0.48267874200689903,5.183851480387364,True,,,,
35,6,58,62,40,137.875,0.0,38.875,0.0,34.225,6.0,99.0,143.45,18.84955592153876,162.29955592153874,2,180.0,223,31.332206707233127,0.7172499999999999,3.807422738380465,0.4114585089286708,4.936131247309135,True,,,,
36,8,12,28,21,130.0,150.0,101.125,150.0,142.55,6.0,28.875,19.774999999999977,18.84955592153876,38.624555921538736,2,180.0,96,39.94450518981455,0.0988749999999999,3.807422738380465,0.20068468134362755,4.106982419724092,True,,,,
37,8,12,28,21,130.175,150.0,100.95,150.0,142.375,6.0,29.22500000000001,20.47500000000001,18.84955592153876,39.32455592153877,2,180.0,96,42.48111287543219,0.10237500000000005,3.807422738380465,0.19994060663272772,4.109738345013192,True,,,,
38,8,12,28,21,130.35,150.0,100.775,150.0,142.2,6.0,29.57499999999999,21.17500000000001,18.84955592153876,40.02455592153877,2,180.0,96,42.48111287543219,0.10587500000000005,3.807422738380465,0.195059674319814,4.108357412700279,True,,,,
39,8,12,28,21,130.525,150.0,100.6,150.0,142.025,6.0,29.92500000000001,21.875,18.84955592153876,40.72455592153876,2,180.0,96,39.944505189814926,0.109375,3.807422738380465,0.19133944124158556,4.108137179622051,True,,,,
40,8,16,28,14,130.875,150.0,69.275,150.0,118.225,6.0,61.599999999999994,101.15,18.84955592153876,119.99955592153876,2,180.0,173,31.332206707233127,0.50575,3.807422738380465,0.34252992144566907,4.655702659826134,True,,,,
41,8,16,28,14,131.05,150.0,69.1,150.0,118.05,6.0,61.95000000000002,101.85000000000002,18.84955592153876,120.69955592153877,2,180.0,173,31.332206707233127,0.5092500000000001,3.807422738380465,0.34250014047627036,4.659172878856735,True,,,,
42,8,16,28,14,131.225,150.0,68.925,150.0,117.875,6.0,62.3,102.55,18.84955592153876,121.39955592153876,2,180.0,173,27.95288658913517,0.51275,3.807422738380465,0.34226206129260606,4.662434799673072,True,,,,
43,8,17,28,16,130.7,150.0,78.275,150.0,118.4,6.0,52.42499999999998,91.62499999999997,18.84955592153876,110.47455592153872,2,180.0,152,27.952886589134987,0.4581249999999999,3.807422738380465,0.30610130586741285,4.571649044247878,True,,,,
44,8,53,28,32,131.4,150.0,3.925,0.0,44.375,6.0,127.47500000000001,253.47500000000002,18.84955592153876,272.3245559215388,2,180.0,261,24.19058673110459,1.2673750000000001,3.807422738380465,0.48955376307833964,5.564351501458805,True,,,,
45,8,56,28,36,131.575,150.0,22.275,0.0,44.2,6.0,109.29999999999998,235.29999999999995,18.84955592153876,254.1495559215387,2,180.0,236,27.991066154204194,1.1764999999999999,3.807422738380465,0.447291757976242,5.431214496356707,True,,,,
46,8,56,28,36,131.75,150.0,22.45,0.0,44.025,6.0,109.3,235.29999999999998,18.84955592153876,254.14955592153873,2,180.0,236,31.36662771132225,1.1764999999999999,3.807422738380465,0.4550893990987035,5.4390121374791685,True,,,,
47,8,56,28,36,131.925,150.0,22.625,0.0,43.85,6.0,109.30000000000001,235.3,18.84955592153876,254.14955592153876,2,180.0,236,34.44318354263777,1.1765,3.807422738380465,0.4624703876021254,5.44639312598259,True,,,,
48,9,13,30,22,139.0,150.0,105.625,150.0,143.95,6.0,33.375,21.475000000000023,18.84955592153876,40.32455592153878,2,180.0,112,39.94450518981455,0.10737500000000011,3.807422738380465,0.24000019666677933,4.154797935047244,True,,,,
49,9,13,30,22,139.175,150.0,105.45,150.0,129.25,6.0,33.72500000000001,51.22500000000001,18.84955592153876,70.07455592153877,2,180.0,114,48.82711314820612,0.25612500000000005,3.807422738380465,0.22178587483002374,4.285333613210489,True,,,,
50,9,13,30,22,139.35,150.0,105.275,150.0,129.075,6.0,34.07499999999999,51.92500000000001,18.84955592153876,70.77455592153876,2,180.0,114,51.011332559848334,0.25962500000000005,3.807422738380465,0.21755970241506806,4.284607440795533,True,,,,
51,9,13,30,22,139.525,150.0,105.1,150.0,128.9,6.0,34.42500000000001,52.625,18.84955592153876,71.47455592153875,2,180.0,114,53.13010235415609,0.263125,3.807422738380465,0.21866083971095604,4.28920857809142,True,,,,
52,9,17,30,16,139.7,150.0,78.1,150.0,115.775,6.0,61.599999999999994,106.04999999999998,18.84955592153876,124.89955592153873,2,180.0,173,27.952886589134987,0.5302499999999999,3.807422738380465,0.34565492846948254,4.683327666849947,True,,,,
53,9,19,30,12,139.875,150.0,60.275,150.0,115.25,6.0,79.6,125.1,18.84955592153876,143.94955592153875,2,180.0,209,34.41150866976939,0.6255,3.807422738380465,0.4114584808334168,4.844381219213882,True,,,,
54,9,19,30,12,140.05,150.0,60.1,150.0,115.075,6.0,79.95000000000002,125.80000000000001,18.84955592153876,144.64955592153876,2,180.0,209,31.33220670723324,0.6290000000000001,3.807422738380465,0.4123811289796919,4.848803867360157,True,,,,
55,9,19,30,12,140.225,150.0,59.925,150.0,114.9,6.0,80.3,126.49999999999999,18.84955592153876,145.34955592153875,2,180.0,209,27.95288658913517,0.6325,3.807422738380465,0.41107160918377583,4.850994347564241,True,,,,
56,9,39,30,56,140.575,150.0,112.275,0.0,40.175,6.0,28.299999999999983,154.29999999999998,18.84955592153876,173.14955592153873,2,180.0,100,34.76258398715183,0.7715,3.807422738380465,0.2155954508164482,4.794518189196913,True,,,,
57,9,39,30,56,140.75,150.0,112.45,0.0,40.0,6.0,28.299999999999997,154.3,18.84955592153876,173.14955592153876,2,180.0,100,37.59385643098265,0.7715000000000001,3.807422738380465,0.2224109380443457,4.80133367642481,True,,,,
58,9,39,30,56,140.925,150.0,112.625,0.0,39.475,6.0,28.30000000000001,154.3,18.84955592153876,173.14955592153876,2,180.0,100,42.48111287543237,0.7715000000000001,3.807422738380465,0.24026800062933387,4.819190739009799,True,,,,
59,9,51,30,48,140.4,150.0,76.275,0.0,40.35,6.0,64.125,190.125,18.84955592153876,208.97455592153875,2,180.0,181,31.713377838836553,0.950625,3.807422738380465,0.3541073575851563,5.112155095965622,True,,,,
62,13,10,22,18,103.175,150.0,87.1,150.0,143.775,6.0,16.075000000000003,4.5249999999999915,18.84955592153876,23.37455592153875,2,180.0,46,53.13010235415609,0.022624999999999958,3.807422738380465,0.09821440612251775,3.928262144502983,True,,,,
63,13,10,22,18,103.0,150.0,87.275,150.0,143.95,6.0,15.724999999999994,3.825000000000017,18.84955592153876,22.674555921538776,2,180.0,46,51.011332559848334,0.019125000000000086,3.807422738380465,0.10020849488104468,3.9267562332615102,True,,,,
64,10,19,18,12,85.175,150.0,60.45,150.0,132.225,6.0,24.724999999999994,36.275000000000006,18.84955592153876,55.124555921538764,2,180.0,80,34.411508669769205,0.18137500000000004,3.807422738380465,0.17886919411573005,4.1676669324961955,True,,,,
65,10,19,18,12,85.0,150.0,60.625,150.0,142.375,6.0,24.375,15.625,18.84955592153876,34.47455592153876,2,180.0,80,39.94450518981498,0.078125,3.807422738380465,0.18625015452389782,4.071797892904363,True,,,,
66,10,24,18,8,85.35,150.0,42.625,150.0,132.05,6.0,42.724999999999994,54.62499999999997,18.84955592153876,73.47455592153872,2,180.0,136,31.332206707233127,0.27312499999999984,3.807422738380465,0.27244063472798197,4.352988373108447,True,,,,
67,33,10,60,18,130.275,0.0,86.225,150.0,108.6,6.0,44.05000000000001,170.05,18.84955592153876,188.89955592153876,2,180.0,188,35.65908769613878,0.8502500000000001,3.807422738380465,0.40675623433689534,5.06442897271736,True,,,,
68,10,51,18,48,85.875,150.0,75.75,0.0,61.0,6.0,10.125,138.14738952804066,16.96684146929323,155.1142309973339,2,162.0214013096744,227,29.419011747226328,0.6907369476402033,3.4271331525040045,0.43217283076542645,4.550042930909634,True,,,,
69,10,51,18,48,86.05,150.0,75.925,0.0,60.825,6.0,10.125,138.14738952804066,16.96684146929323,155.1142309973339,2,162.0214013096744,227,25.813323440962318,0.6907369476402033,3.4271331525040045,0.4353275625681302,4.553197662712337,True,,,,
70,10,53,18,32,85.525,150.0,3.2249999999999996,0.0,61.35,6.0,82.30000000000001,208.3,18.84955592153876,227.14955592153876,2,180.0,222,24.146847996502316,1.0415,3.807422738380465,0.41812511940482977,5.267047857785295,True,,,,
71,10,58,18,40,85.7,150.0,38.525,0.0,61.175,6.0,47.175000000000004,173.175,18.84955592153876,192.02455592153876,2,180.0,243,27.95288658913517,0.8658750000000001,3.807422738380465,0.46970261173482475,5.143000350115289,True,,,,
72,13,11,22,52,104.05,150.0,93.925,0.0,52.25,6.0,10.125,138.14738952804066,16.96684146929323,155.1142309973339,2,162.0214013096744,201,29.419011747226328,0.6907369476402033,3.4271331525040045,0.38026808491509595,4.498138185059304,True,,,,
73,13,11,22,52,104.225,150.0,94.1,0.0,52.075,6.0,10.125,138.14738952804066,16.96684146929323,155.1142309973339,2,162.0214013096744,201,25.813323440962318,0.6907369476402033,3.4271331525040045,0.38244069091848965,4.500310791062697,True,,,,
74,11,26,52,4,93.05,0.0,23.575,150.0,96.525,6.0,69.475,195.475,18.84955592153876,214.32455592153875,2,180.0,237,24.146847996502526,0.977375,3.807422738380465,0.4952086072620608,5.280006345642526,True,,,,
75,11,48,52,44,92.175,0.0,58.275,0.0,19.175,6.0,33.9,48.249999999999986,18.84955592153876,67.09955592153875,2,180.0,109,27.95288658913515,0.24124999999999994,3.807422738380465,0.21455373498308675,4.263226473363551,True,,,,
76,11,51,52,48,92.0,0.0,76.625,0.0,6.05,6.0,15.375,3.4749999999999996,18.84955592153876,22.32455592153876,2,180.0,48,42.48111287543236,0.017374999999999998,3.807422738380465,0.1219346953912545,3.9467324337717193,True,,,,
77,33,12,60,21,130.45,0.0,100.425,150.0,108.775,6.0,30.02499999999999,156.02499999999998,18.84955592153876,174.87455592153873,2,180.0,159,32.683463757723445,0.780125,3.807422738380465,0.3471133812076458,4.934661119588111,True,,,,
78,12,48,21,44,99.9,150.0,57.575,0.0,53.825,6.0,42.325,168.325,18.84955592153876,187.17455592153874,2,180.0,241,31.332206707233183,0.841625,3.807422738380465,0.450327534472876,5.099375272853341,True,,,,
79,12,48,21,44,100.075,150.0,57.75,0.0,53.65,6.0,42.325,168.325,18.84955592153876,187.17455592153874,2,180.0,241,27.95288658913508,0.841625,3.807422738380465,0.44407749232999477,5.093125230710459,True,,,,
80,12,48,21,44,100.25,150.0,57.925,0.0,53.475,6.0,42.325,168.32500000000002,18.84955592153876,187.17455592153877,2,180.0,241,24.146847996502377,0.8416250000000001,3.807422738380465,0.44285728734702057,5.0919050257274865,True,,,,
81,12,53,21,32,98.85,150.0,3.4,0.0,54.875,6.0,95.44999999999999,221.45,18.84955592153876,240.29955592153874,2,180.0,248,21.69471602238685,1.10725,3.807422738380465,0.48648823370756067,5.401160972088026,True,,,,
82,12,56,21,36,99.025,150.0,21.75,0.0,54.7,6.0,77.275,203.27499999999998,18.84955592153876,222.12455592153873,2,180.0,233,25.841932763167332,1.0163749999999998,3.807422738380465,0.4452084105952814,5.2690061489757465,True,,,,
83,12,56,21,36,99.2,150.0,21.925,0.0,54.525,6.0,77.275,203.275,18.84955592153876,222.12455592153876,2,180.0,233,29.44437692963055,1.016375,3.807422738380465,0.44098221008507166,5.264779948465537,True,,,,
84,12,56,21,36,99.375,150.0,22.1,0.0,54.35,6.0,77.275,203.275,18.84955592153876,222.12455592153876,2,180.0,233,32.6834637577232,1.016375,3.807422738380465,0.4381845970578643,5.261982335438329,True,,,,
85,1,13,58,22,120.925,0.0,104.925,150.0,105.8,6.0,16.0,142.0,18.84955592153876,160.84955592153875,2,180.0,158,24.146847996502586,0.71,3.807422738380465,0.31663713855455533,4.8340598769350205,True,,,,
86,39,13,56,22,111.75,0.0,104.4,150.0,101.95,6.0,7.349999999999994,138.93756355950464,14.074537978023422,153.01210153752805,2,134.4019374562223,172,38.4332063408508,0.6946878177975232,2.8429166264067205,0.3701788543879167,3.90778329859216,True,,,,
87,39,13,56,22,111.925,0.0,104.575,150.0,102.125,6.0,7.349999999999994,138.93756355950464,14.074537978023422,153.01210153752805,2,134.4019374562223,172,35.659087696138734,0.6946878177975232,2.8429166264067205,0.36982170751716603,3.9074261517214097,True,,,,
88,39,13,56,22,112.1,0.0,104.75,150.0,102.3,6.0,7.349999999999994,138.93756355950464,14.074537978023422,153.01210153752805,2,134.4019374562223,172,32.6834637577232,0.6946878177975232,2.8429166264067205,0.3632442713776788,3.9008487155819225,True,,,,
89,13,48,22,44,103.7,150.0,58.1,0.0,52.6,6.0,45.6,171.60000000000002,18.84955592153876,190.44955592153877,2,180.0,242,29.44437692963055,0.8580000000000001,3.807422738380465,0.44032753447287626,5.105750272853342,True,,,,
90,13,51,22,48,103.875,150.0,76.1,0.0,52.425,6.0,27.775000000000006,153.775,18.84955592153876,172.62455592153876,2,180.0,219,31.332206707233127,0.7688750000000001,3.807422738380465,0.40955373498308656,4.985851473363552,True,,,,
91,13,53,22,32,103.35,150.0,3.575,0.0,52.95,6.0,99.77499999999999,225.77499999999998,18.84955592153876,244.62455592153873,2,180.0,259,21.69471602238685,1.1288749999999999,3.807422738380465,0.4910120191497242,5.427309757530189,True,,,,
92,13,57,22,38,103.525,150.0,30.225,0.0,52.775,6.0,73.30000000000001,199.3,18.84955592153876,218.14955592153876,2,180.0,244,25.841932763167332,0.9965,3.807422738380465,0.45119062068035426,5.25511335906082,True,,,,
93,14,16,26,14,121.35,150.0,69.625,150.0,122.425,6.0,51.724999999999994,82.87499999999997,18.84955592153878,101.72455592153875,2,180.0,150,37.26596292649424,0.4143749999999999,3.807422738380469,0.2935715810885224,4.5153693194689914,True,,,,
94,14,16,26,14,121.525,150.0,69.45,150.0,122.25,6.0,52.075,83.575,18.84955592153876,102.42455592153877,2,180.0,150,39.944505189814926,0.417875,3.807422738380465,0.2901787139116459,4.515476452292112,True,,,,
95,14,17,26,16,121.0,150.0,78.625,150.0,122.95,6.0,42.375,72.47500000000002,18.849555921538737,91.32455592153876,2,180.0,126,27.952886589135232,0.3623750000000001,3.8074227383804606,0.2608037209354598,4.430601459315921,True,,,,
96,14,17,26,16,121.175,150.0,78.45,150.0,122.775,6.0,42.724999999999994,73.17499999999998,18.84955592153876,92.02455592153873,2,180.0,126,31.332206707233127,0.3658749999999999,3.807422738380465,0.25473230841846217,4.428030046798927,True,,,,
97,14,18,26,10,121.7,150.0,51.625,150.0,122.075,6.0,70.075,101.92500000000003,18.849555921538737,120.77455592153876,2,180.0,196,35.68808491209399,0.5096250000000001,3.8074227383804606,0.3916073013946485,4.708655039775109,True,,,,
98,14,18,26,10,121.875,150.0,51.45,150.0,121.9,6.0,70.425,102.62499999999999,18.84955592153876,121.47455592153875,2,180.0,196,34.41150866976964,0.5131249999999999,3.807422738380465,0.386279851207534,4.7068275895879985,True,,,,
99,14,18,26,10,122.05,150.0,51.275,150.0,121.725,6.0,70.775,103.32500000000002,18.84955592153876,122.17455592153877,2,180.0,196,31.332206707233183,0.5166250000000001,3.807422738380465,0.37955365069732416,4.7036013890777895,True,,,,
100,14,18,26,10,122.225,150.0,51.1,150.0,121.55,6.0,71.125,104.02499999999999,18.84955592153876,122.87455592153876,2,180.0,196,27.95288658913517,0.520125,3.807422738380465,0.37666677904768325,4.704214517428149,True,,,,
101,33,14,60,26,130.625,0.0,123.625,150.0,109.3,6.0,7.0,139.0912878853643,13.692250745884422,152.78353863124872,2,130.75136329567187,104,29.44437692963055,0.6954564394268214,2.765698409367699,0.2429466302552172,3.7041014790497377,True,,,,
102,14,38,26,54,122.925,150.0,103.1,0.0,46.825,6.0,19.825000000000003,145.825,18.84955592153876,164.67455592153874,2,180.0,163,32.238669126369835,0.7291249999999999,3.807422738380465,0.34392884034029,4.880476578720755,True,,,,
103,14,38,26,54,123.1,150.0,103.275,0.0,46.65,6.0,19.82499999999999,145.825,18.84955592153876,164.67455592153874,2,180.0,163,28.955024371859835,0.7291249999999999,3.807422738380465,0.3394049987076184,4.875952737088083,True,,,,
104,14,38,26,54,123.275,150.0,103.45,0.0,46.475,6.0,19.825000000000003,145.82500000000002,18.84955592153876,164.67455592153877,2,180.0,163,25.288720101558926,0.7291250000000001,3.807422738380465,0.3413692784014925,4.877917016781957,True,,,,
105,14,53,26,32,122.4,150.0,3.75,0.0,47.35,6.0,118.65,244.65,18.84955592153876,263.4995559215388,2,180.0,268,24.146847996502316,1.22325,3.807422738380465,0.5287204859355155,5.559393224315981,True,,,,
106,14,58,26,40,122.575,150.0,38.7,0.0,47.175,6.0,83.875,209.875,18.84955592153876,228.72455592153875,2,180.0,247,27.95288658913517,1.049375,3.807422738380465,0.48610144634368313,5.342899184724148,True,,,,
107,16,20,14,6,67.0,150.0,32.575,150.0,138.875,6.0,34.425,32.675,18.84955592153876,51.524555921538756,2,180.0,106,27.952886589134927,0.163375,3.807422738380465,0.21678593102053204,4.187583669400997,True,,,,
108,16,20,14,6,67.175,150.0,32.4,150.0,138.7,6.0,34.775,33.37500000000002,18.84955592153876,52.22455592153878,2,180.0,106,31.332206707233183,0.1668750000000001,3.807422738380465,0.2202977815987324,4.194595519979198,True,,,,
109,16,20,14,6,67.35,150.0,32.225,150.0,138.525,6.0,35.12499999999999,34.07499999999998,18.84955592153876,52.92455592153874,2,180.0,106,34.41150866976915,0.17037499999999992,3.807422738380465,0.2240775204252498,4.201875258805715,True,,,,
110,16,20,14,6,67.525,150.0,32.05,150.0,138.35,6.0,35.47500000000001,34.77500000000002,18.84955592153876,53.62455592153878,2,180.0,106,37.26596292649413,0.1738750000000001,3.807422738380465,0.2240179865817067,4.205315724962172,True,,,,
111,33,16,60,14,129.925,0.0,68.575,150.0,108.25,6.0,61.35000000000001,187.35000000000002,18.84955592153876,206.19955592153877,2,180.0,212,35.07369314595631,0.9367500000000001,3.807422738380465,0.44654787993212125,5.190720618312587,True,,,,
112,33,16,60,14,130.1,0.0,68.75,150.0,108.425,6.0,61.349999999999994,187.34999999999997,18.84955592153876,206.19955592153872,2,180.0,212,37.8848044497193,0.9367499999999999,3.807422738380465,0.4464288684355433,5.190601606816008,True,,,,
113,16,48,14,44,68.225,150.0,56.7,0.0,67.3,6.0,11.524999999999991,138.00940472703712,18.374431792476145,156.38383651951327,2,175.46289877664717,247,28.048532899893555,0.6900470236351857,3.7114523919130913,0.4944049987076178,4.895904414255895,True,,,,
114,16,48,14,44,68.4,150.0,56.875,0.0,67.125,6.0,11.525000000000006,138.00940472703712,18.37443179247616,156.3838365195133,2,175.46289877664728,247,24.256384296890555,0.6900470236351857,3.711452391913094,0.49669667239809784,4.898196087946378,True,,,,
115,16,53,14,32,67.7,150.0,2.875,0.0,67.825,6.0,64.825,190.825,18.84955592153876,209.67455592153874,2,180.0,191,29.444376929630494,0.954125,3.807422738380465,0.3857739961565689,5.147321734537035,True,,,,
116,16,56,14,36,67.875,150.0,20.175,0.0,67.65,6.0,47.7,173.7,18.84955592153876,192.54955592153874,2,180.0,188,32.683463757723146,0.8684999999999999,3.807422738380465,0.38226214557836824,5.058184883958833,True,,,,
117,16,56,14,36,68.05,150.0,20.35,0.0,67.475,6.0,47.699999999999996,173.7,18.84955592153876,192.54955592153874,2,180.0,188,35.65908769613878,0.8684999999999999,3.807422738380465,0.37875026690491376,5.0546730052853786,True,,,,
118,17,21,16,0,76.0,150.0,5.925,150.0,135.9,6.0,70.075,74.27499999999999,18.84955592153876,93.12455592153876,2,180.0,208,37.26596292649413,0.37137499999999996,3.807422738380465,0.39250014047627063,4.571297878856735,True,,,,
119,17,21,16,0,76.175,150.0,5.75,150.0,135.725,6.0,70.425,74.97500000000001,18.84955592153876,93.82455592153877,2,180.0,208,34.41150866976915,0.37487500000000007,3.807422738380465,0.3872323084184617,4.569530046798927,True,,,,
120,17,21,16,0,76.35,150.0,5.575,150.0,135.55,6.0,70.77499999999999,75.67499999999997,18.84955592153876,94.52455592153873,2,180.0,208,31.332206707233183,0.37837499999999985,3.807422738380465,0.38229178607149666,4.5680895244519615,True,,,,
121,17,21,16,0,76.525,150.0,5.4,150.0,135.375,6.0,71.125,76.375,18.84955592153876,95.22455592153875,2,180.0,208,27.952886589134927,0.381875,3.807422738380465,0.38110130586741264,4.5703990442478775,True,,,,
122,17,48,16,44,76.875,150.0,57.05,0.0,64.15,6.0,19.825000000000003,145.825,18.84955592153876,164.67455592153874,2,180.0,241,42.48111287543237,0.7291249999999999,3.807422738380465,0.4449406628232351,4.9814884012037,True,,,,
123,17,48,16,44,77.05,150.0,57.225,0.0,63.975,6.0,19.824999999999996,145.825,18.84955592153876,164.67455592153874,2,180.0,241,39.94450518981484,0.7291249999999999,3.807422738380465,0.4457442432824239,4.982291981662889,True,,,,
124,17,48,16,44,77.225,150.0,57.4,0.0,63.8,6.0,19.824999999999996,145.825,18.84955592153876,164.67455592153874,2,180.0,241,37.26596292649413,0.7291249999999999,3.807422738380465,0.4483334738096034,4.984881212190068,True,,,,
125,17,53,16,32,76.7,150.0,3.05,0.0,64.325,6.0,73.65,199.64999999999998,18.84955592153876,218.49955592153873,2,180.0,210,27.95288658913517,0.9982499999999999,3.807422738380465,0.4116370823640468,5.217309820744512,True,,,,
126,18,20,10,6,49.0,150.0,33.625,150.0,142.375,6.0,15.375,6.625,18.84955592153876,25.47455592153876,2,180.0,48,46.56746344221026,0.033125,3.807422738380465,0.11035731544227548,3.9509050538227406,True,,,,
127,18,20,10,6,49.175,150.0,33.45,150.0,142.2,6.0,15.724999999999994,7.325000000000017,18.84955592153876,26.174555921538776,2,180.0,48,48.82711314820602,0.03662500000000009,3.807422738380465,0.10782750637762269,3.951875244758088,True,,,,
128,18,21,10,0,49.35,150.0,6.625,150.0,142.025,6.0,42.725,34.67499999999999,18.84955592153876,53.52455592153875,2,180.0,140,39.94450518981498,0.17337499999999995,3.807422738380465,0.285208522976299,4.266006261356764,True,,,,
129,18,21,10,0,49.525,150.0,6.449999999999999,150.0,141.85,6.0,43.075,35.375000000000014,18.84955592153876,54.22455592153877,2,180.0,140,37.26596292649413,0.1768750000000001,3.807422738380465,0.28062517559533856,4.264922913975804,True,,,,
130,39,18,56,10,111.4,0.0,50.75,150.0,101.6,6.0,60.650000000000006,186.65,18.84955592153876,205.49955592153876,2,180.0,226,31.141348404544082,0.93325,3.807422738380465,0.45431565579942196,5.194988394179887,True,,,,
131,39,18,56,10,111.575,0.0,50.925,150.0,101.775,6.0,60.650000000000006,186.65,18.84955592153876,205.49955592153876,2,180.0,226,30.01902002957799,0.93325,3.807422738380465,0.4536905925851001,5.194363330965565,True,,,,
132,41,18,50,10,84.4,0.0,50.225,150.0,94.95,6.0,34.175000000000004,160.175,18.84955592153876,179.02455592153876,2,180.0,239,31.332206707233183,0.8008750000000001,3.807422738380465,0.4667561781463868,5.075053916526852,True,,,,
133,41,18,50,10,84.575,0.0,50.4,150.0,95.125,6.0,34.175000000000004,160.175,18.84955592153876,179.02455592153876,2,180.0,239,27.95288658913523,0.8008750000000001,3.807422738380465,0.4626192081633564,5.0709169465438215,True,,,,
134,18,53,10,32,49.7,150.0,2.7,0.0,70.275,6.0,47.0,173.0,18.84955592153876,191.84955592153875,2,180.0,150,28.928339844137053,0.865,3.807422738380465,0.28273821965993506,4.9551609580404,True,,,,
135,18,58,10,40,49.875,150.0,38.35,0.0,70.1,6.0,11.524999999999999,138.00940472703712,18.374431792476138,156.38383651951327,2,175.4628987766472,189,37.340058684420626,0.6900470236351857,3.7114523919130895,0.3366370261735388,4.738136441721814,True,,,,
136,19,20,12,6,58.0,150.0,33.275,150.0,140.625,6.0,24.725,19.475,18.84955592153876,38.32455592153876,2,180.0,78,37.26596292649413,0.097375,3.807422738380465,0.1669644763606531,4.071762214741118,True,,,,
137,19,20,12,6,58.175,150.0,33.1,150.0,140.45,6.0,25.074999999999996,20.17500000000002,18.84955592153876,39.02455592153878,2,180.0,78,39.94450518981498,0.10087500000000009,3.807422738380465,0.16485134801029402,4.073149086390759,True,,,,
138,19,20,12,6,58.35,150.0,32.925,150.0,140.275,6.0,25.425000000000004,20.874999999999993,18.84955592153876,39.72455592153875,2,180.0,78,42.48111287543219,0.10437499999999997,3.807422738380465,0.16247038760212618,4.0742681259825915,True,,,,
139,19,20,12,6,58.525,150.0,32.75,150.0,140.1,6.0,25.775,21.57500000000001,18.84955592153876,40.42455592153877,2,180.0,78,44.90052796068899,0.10787500000000005,3.807422738380465,0.16190488632660166,4.077202624707066,True,,,,
140,19,21,12,0,58.875,150.0,6.275,150.0,139.75,6.0,52.6,49.1,18.84955592153876,67.94955592153876,2,180.0,163,31.332206707233127,0.24550000000000002,3.807422738380465,0.30610136205792093,4.359024100438386,True,,,,
141,19,21,12,0,59.05,150.0,6.1,150.0,139.575,6.0,52.949999999999996,49.80000000000002,18.84955592153876,68.64955592153878,2,180.0,163,27.952886589134927,0.2490000000000001,3.807422738380465,0.3018453805783124,4.358268118958778,True,,,,
142,19,26,12,4,58.7,150.0,24.625,150.0,139.925,6.0,34.075,30.22499999999998,18.84955592153876,49.07455592153874,2,180.0,104,34.41150866976964,0.1511249999999999,3.807422738380465,0.2271132688266298,4.185661007207095,True,,,,
143,19,48,12,44,59.225,150.0,56.35,0.0,69.575,6.0,2.875,142.20677377461683,8.482102436731477,150.68887621134832,2,80.99811183705751,237,45.2353514375114,0.7110338688730842,1.7133002931905368,0.42937510535720275,2.853709267420824,True,,,,
144,19,48,12,44,59.4,150.0,56.525,0.0,69.4,6.0,2.875,142.20677377461683,8.482102436731477,150.68887621134832,2,80.99811183705751,237,43.61455687208779,0.7110338688730842,1.7133002931905368,0.4365477394558508,2.860881901519472,True,,,,
145,49,19,46,12,66.925,0.0,59.575,150.0,90.05,6.0,7.349999999999994,138.93756355950464,14.074537978023422,153.01210153752805,2,134.4019374562223,242,29.444376929630494,0.6946878177975232,2.8429166264067205,0.4505953665306855,3.9881998107349292,True,,,,
146,1,20,58,6,120.75,0.0,31.875,150.0,105.625,6.0,88.875,214.875,18.84955592153876,233.72455592153875,2,180.0,227,27.95288658913517,1.074375,3.807422738380465,0.4388989750851281,5.320696713465593,True,,,,
147,48,20,44,6,56.0,0.0,31.7,150.0,86.9,6.0,24.3,150.3,18.84955592153876,169.14955592153876,2,180.0,196,31.332206707233127,0.7515000000000001,3.807422738380465,0.3832442151871701,4.942166953567635,True,,,,
148,20,53,6,32,31.0,150.0,2.35,0.0,74.65,6.0,28.65,154.65,18.84955592153876,173.49955592153876,2,180.0,94,24.47613521518094,0.77325,3.807422738380465,0.20782753447287686,4.788500272853342,True,,,,
149,20,53,6,32,31.175,150.0,2.525,0.0,74.475,6.0,28.650000000000002,154.65,18.84955592153876,173.49955592153876,2,180.0,94,28.240736430519988,0.77325,3.807422738380465,0.20053586078239663,4.781208599162862,True,,,,
150,20,57,6,38,31.525,150.0,29.525,0.0,74.125,6.0,2.0,143.3667504192892,7.028226521485822,150.39497694077502,2,67.11461952384151,134,47.86858551078456,0.716833752096446,1.4196318247379318,0.2509823505613433,2.387447927395721,True,,,,
151,2,21,20,0,94.175,150.0,5.225,150.0,129.075,6.0,88.95,106.80000000000003,18.84955592153876,125.64955592153879,2,180.0,241,42.48111287543219,0.5340000000000001,3.807422738380465,0.4439286998640182,4.785351438244483,True,,,,
152,2,21,20,0,94.35,150.0,5.05,150.0,128.9,6.0,89.3,107.49999999999999,18.84955592153876,126.34955592153875,2,180.0,241,39.944505189814926,0.5375,3.807422738380465,0.4471429936055195,4.792065731985984,True,,,,
153,2,21,20,0,94.525,150.0,4.875,150.0,128.725,6.0,89.65,108.20000000000002,18.84955592153876,127.04955592153877,2,180.0,241,37.26596292649413,0.5410000000000001,3.807422738380465,0.44892869986401834,4.797351438244484,True,,,,
154,2,21,20,0,94.7,150.0,4.7,150.0,128.55,6.0,90.0,108.89999999999998,18.84955592153876,127.74955592153873,2,180.0,241,34.411508669769695,0.5444999999999999,3.807422738380465,0.448601249676904,4.800523988057369,True,,,,
155,2,24,20,8,94.0,150.0,42.45,150.0,129.25,6.0,51.55,69.05,18.84955592153876,87.89955592153876,2,180.0,159,39.94450518981498,0.34525,3.807422738380465,0.30735131991504,4.460024058295505,True,,,,
156,47,24,42,8,47.0,0.0,40.7,150.0,86.025,6.0,6.299999999999997,139.4401704559212,12.909987540936008,152.3501579968572,2,123.28129994368496,192,42.76435131051854,0.6972008522796059,2.607689025681601,0.3555061079082522,3.6603959858694592,True,,,,
157,47,24,42,8,47.175,0.0,40.875,150.0,86.2,6.0,6.299999999999997,139.44017045592116,12.909987540936035,152.3501579968572,2,123.28129994368507,192,40.2423148153503,0.6972008522796058,2.6076890256816063,0.3519346392007462,3.6568245171619584,True,,,,
158,24,54,8,34,40.175,150.0,12.925,0.0,72.2,6.0,27.249999999999996,153.25,18.84955592153876,172.09955592153875,2,180.0,116,31.141348404544058,0.76625,3.807422738380465,0.23241082566332913,4.806083564043795,True,,,,
159,24,54,8,34,40.35,150.0,13.1,0.0,72.025,6.0,27.25,153.25,18.84955592153876,172.09955592153875,2,180.0,116,30.0190200295778,0.76625,3.807422738380465,0.22654773945585124,4.800220477836317,True,,,,
160,26,54,4,34,22.0,150.0,12.4,0.0,76.75,6.0,9.6,138.24244923464073,16.433260872054802,154.67571010669553,2,156.92608193436905,68,36.40945140678723,0.6912122461732036,3.3193551811215167,0.14095245721092792,4.151519884505649,True,,,,
161,26,54,4,34,22.175,150.0,12.575,0.0,76.575,6.0,9.600000000000001,138.24244923464076,16.43326087205478,154.67571010669553,2,156.92608193436902,68,33.49203271693387,0.6912122461732038,3.3193551811215123,0.13973222413269948,4.1502996514274155,True,,,,
162,57,26,38,4,29.35,0.0,22.525,150.0,82.525,6.0,6.825000000000003,139.17321030960701,13.499022667351456,152.67223297695847,2,128.90617106511164,117,35.52797156502559,0.695866051548035,2.7266682601714876,0.2436311149320658,3.6661654266515886,True,,,,
163,58,26,40,4,38.175,0.0,22.7,150.0,84.45,6.0,15.474999999999998,141.475,18.84955592153876,160.32455592153875,2,180.0,139,27.952886589135197,0.707375,3.807422738380465,0.2620537349830868,4.776851473363552,True,,,,
164,24,29,8,2,40.0,150.0,15.625,150.0,143.95,6.0,24.375,12.475000000000023,18.84955592153876,31.32455592153878,2,180.0,80,46.56746344221026,0.06237500000000012,3.807422738380465,0.17675615005113327,4.046553888431599,True,,,,
165,57,29,38,2,29.0,0.0,14.75,150.0,82.175,6.0,14.25,140.25,18.84955592153876,159.09955592153875,2,180.0,116,46.56746344221023,0.70125,3.807422738380465,0.23800613600350634,4.746678874383972,True,,,,
166,57,29,38,2,29.175,0.0,14.925,150.0,82.35,6.0,14.25,140.25,18.84955592153876,159.09955592153875,2,180.0,116,45.90633964430712,0.70125,3.807422738380465,0.2372620331973524,4.745934771577818,True,,,,
167,33,47,60,42,128.0,0.0,49.1,0.0,30.2,6.0,78.9,115.30000000000001,18.84955592153876,134.14955592153876,2,180.0,217,34.411508669769475,0.5765000000000001,3.807422738380465,0.4103870964116733,4.794309834792139,True,,,,
168,33,47,60,42,128.175,0.0,48.925,0.0,30.375,6.0,79.25000000000001,116.00000000000001,18.84955592153876,134.84955592153878,2,180.0,217,37.265962926494225,0.5800000000000001,3.807422738380465,0.4088692503062375,4.796291988686702,True,,,,
169,33,47,60,42,128.35,0.0,48.75,0.0,30.55,6.0,79.6,116.69999999999999,18.84955592153876,135.54955592153874,2,180.0,217,39.94450518981492,0.5834999999999999,3.807422738380465,0.40633946933683884,4.797262207717304,True,,,,
170,33,47,60,42,128.525,0.0,48.575,0.0,30.725,6.0,79.95,117.4,18.84955592153876,136.24955592153876,2,180.0,217,42.48111287543237,0.5870000000000001,3.807422738380465,0.40958351595248454,4.80400625433295,True,,,,
171,33,47,60,42,128.7,0.0,48.4,0.0,30.9,6.0,80.29999999999998,118.1,18.84955592153876,136.94955592153875,2,180.0,217,44.90052796068899,0.5905,3.807422738380465,0.4106251755953377,4.808547913975803,True,,,,
172,33,47,60,42,128.875,0.0,48.225,0.0,31.075,6.0,80.65,118.80000000000001,18.84955592153876,137.64955592153876,2,180.0,217,42.48111287543235,0.5940000000000001,3.807422738380465,0.40892872795927243,4.810351466339738,True,,,,
173,33,47,60,42,129.05,0.0,48.05,0.0,31.25,6.0,81.00000000000001,119.50000000000001,18.84955592153876,138.34955592153878,2,180.0,217,39.94450518981488,0.5975,3.807422738380465,0.40425609386062433,4.8091788322410896,True,,,,
174,33,47,60,42,129.225,0.0,47.875,0.0,31.425,6.0,81.35,120.19999999999999,18.84955592153876,139.04955592153874,2,180.0,217,37.26596292649426,0.601,3.807422738380465,0.40029778159873175,4.808720519979197,True,,,,
175,33,47,60,42,129.4,0.0,47.7,0.0,31.6,6.0,81.7,120.9,18.84955592153876,139.74955592153876,2,180.0,217,34.41150866976939,0.6045,3.807422738380465,0.3977382196599344,4.809660958040399,True,,,,
176,33,47,60,42,129.575,0.0,47.525,0.0,31.775,6.0,82.04999999999998,121.6,18.84955592153876,140.44955592153875,2,180.0,217,31.332206707233127,0.608,3.807422738380465,0.3952679163435706,4.810690654724035,True,,,,
177,33,53,60,32,129.75,0.0,4.275,0.0,31.95,6.0,125.475,165.37499999999997,18.84955592153876,184.22455592153872,2,180.0,268,27.95288658913515,0.8268749999999999,3.807422738380465,0.48473225222795274,5.119029990608418,True,,,,
178,14,38,26,54,123.45,150.0,103.625,0.0,46.3,6.0,19.825000000000003,145.825,18.84955592153876,164.67455592153874,2,180.0,163,21.03946978131697,0.7291249999999999,3.807422738380465,0.3496133250171382,4.886161063397603,True,,,,
179,38,18,54,10,102.925,0.0,50.575,150.0,99.5,6.0,52.349999999999994,178.35,18.84955592153876,197.19955592153875,2,180.0,234,21.69471602238685,0.89175,3.807422738380465,0.44839295146263813,5.147565689843104,True,,,,
180,38,29,54,2,102.575,0.0,15.1,150.0,99.15,6.0,87.47500000000001,213.475,18.84955592153876,232.32455592153875,2,180.0,245,29.444376929630245,1.067375,3.807422738380465,0.46312520369059185,5.337922942071057,True,,,,
181,38,29,54,2,102.75,0.0,15.275,150.0,99.325,6.0,87.475,213.47500000000002,18.84955592153876,232.32455592153877,2,180.0,245,25.84193276316703,1.0673750000000002,3.807422738380465,0.4595239540136873,5.334321692394153,True,,,,
182,38,41,54,50,101.0,0.0,85.625,0.0,9.9,6.0,15.375,11.175,18.84955592153876,30.02455592153876,2,180.0,48,46.5674634422102,0.05587500000000001,3.807422738380465,0.11071443421777197,3.974012172598237,True,,,,
183,38,49,54,46,101.175,0.0,67.625,0.0,22.85,6.0,33.55,55.25,18.84955592153876,74.09955592153875,2,180.0,115,31.332206707233127,0.27625,3.807422738380465,0.25077399615656937,4.3344467345370346,True,,,,
184,38,49,54,46,101.35,0.0,67.45,0.0,23.025,6.0,33.89999999999999,55.94999999999999,18.84955592153876,74.79955592153874,2,180.0,115,34.41150866976939,0.27974999999999994,3.807422738380465,0.2518156277041683,4.338988366084633,True,,,,
185,38,53,54,32,102.225,0.0,4.625,0.0,23.9,6.0,97.6,121.4,18.84955592153876,140.24955592153876,2,180.0,239,31.332206707233127,0.6070000000000001,3.807422738380465,0.44648826180281537,4.860911000183281,True,,,,
186,38,53,54,32,102.4,0.0,4.449999999999999,0.0,24.075,6.0,97.95,122.10000000000001,18.84955592153876,140.94955592153877,2,180.0,239,27.95288658913515,0.6105,3.807422738380465,0.4412204016497527,4.859143140030218,True,,,,
187,38,57,54,38,101.525,0.0,30.925,0.0,23.2,6.0,70.60000000000001,93.00000000000001,18.84955592153876,111.84955592153878,2,180.0,201,37.265962926494204,0.4650000000000001,3.807422738380465,0.3920835159524849,4.66450625433295,True,,,,
188,38,57,54,38,101.7,0.0,30.75,0.0,23.375,6.0,70.95,93.7,18.84955592153876,112.54955592153877,2,180.0,201,39.94450518981488,0.4685,3.807422738380465,0.3952680568198416,4.671190795200307,True,,,,
189,38,57,54,38,101.875,0.0,30.575,0.0,23.55,6.0,71.3,94.39999999999999,18.84955592153876,113.24955592153876,2,180.0,201,37.265962926494154,0.472,3.807422738380465,0.3969942573300513,4.6764169957105155,True,,,,
190,39,24,56,8,111.225,0.0,42.275,150.0,101.425,6.0,68.94999999999999,194.95,18.84955592153876,213.79955592153874,2,180.0,228,27.95288658913517,0.97475,3.807422738380465,0.45657752042524946,5.238750258805715,True,,,,
191,39,41,56,50,110.175,0.0,84.925,0.0,26.875,6.0,25.25,55.0,18.84955592153876,73.84955592153875,2,180.0,83,31.332206707233127,0.275,3.807422738380465,0.1841073294899026,4.266530067870368,True,,,,
192,39,41,56,50,110.35,0.0,84.75,0.0,27.05,6.0,25.599999999999994,55.69999999999999,18.84955592153876,74.54955592153874,2,180.0,83,34.41150866976941,0.27849999999999997,3.807422738380465,0.18288701212591169,4.268809750506377,True,,,,
193,39,41,56,50,110.0,0.0,85.45,0.0,15.85,6.0,24.549999999999997,32.25,18.84955592153876,51.09955592153876,2,180.0,81,46.56746344221023,0.16125,3.807422738380465,0.1757739961565692,4.144446734537034,True,,,,
194,39,47,56,42,110.7,0.0,49.625,0.0,27.4,6.0,61.075,91.875,18.84955592153876,110.72455592153875,2,180.0,170,34.41150866976941,0.45937500000000003,3.807422738380465,0.3210120472449794,4.587809785625444,True,,,,
195,39,47,56,42,110.875,0.0,49.45,0.0,27.575,6.0,61.425,92.575,18.84955592153876,111.42455592153877,2,180.0,170,31.332206707233127,0.46287500000000004,3.807422738380465,0.3159822662755809,4.586280004656047,True,,,,
196,39,47,56,42,111.05,0.0,49.275,0.0,27.75,6.0,61.775,93.275,18.84955592153876,112.12455592153876,2,180.0,170,27.95288658913515,0.46637500000000004,3.807422738380465,0.31342273243203755,4.587220470812503,True,,,,
197,39,49,56,46,110.525,0.0,67.275,0.0,27.225,6.0,43.25,73.7,18.84955592153876,92.54955592153877,2,180.0,127,37.265962926494154,0.3685,3.807422738380465,0.24601204724497952,4.421934785625445,True,,,,
198,1,41,58,50,119.0,0.0,85.275,0.0,16.025,6.0,33.724999999999994,41.77499999999999,18.84955592153876,60.62455592153875,2,180.0,110,46.56746344221023,0.20887499999999995,3.807422738380465,0.22178581863951544,4.238083557019981,True,,,,
199,41,24,50,8,84.05,0.0,41.925,150.0,94.6,6.0,42.125,168.125,18.84955592153876,186.97455592153875,2,180.0,233,27.952886589134867,0.8406250000000001,3.807422738380465,0.4583335019048579,5.106381240285323,True,,,,
200,41,24,50,8,84.225,0.0,42.1,150.0,94.775,6.0,42.12499999999999,168.125,18.84955592153876,186.97455592153875,2,180.0,233,31.332206707233127,0.8406250000000001,3.807422738380465,0.4544049706123638,5.102452708992829,True,,,,
201,41,54,50,34,83.875,0.0,13.45,0.0,16.725,6.0,70.425,79.875,18.84955592153876,98.72455592153875,2,180.0,188,44.90052796068899,0.39937500000000004,3.807422738380465,0.3389286998640188,4.5457264382444835,True,,,,
202,41,57,50,38,83.525,0.0,31.275,0.0,16.375,6.0,52.25000000000001,61.00000000000001,18.84955592153876,79.84955592153877,2,180.0,165,47.22144229110671,0.30500000000000005,3.807422738380465,0.31767874200689994,4.430101480387365,True,,,,
203,41,58,50,40,83.0,0.0,40.625,0.0,15.85,6.0,42.375,50.075,18.84955592153876,68.92455592153877,2,180.0,140,39.9445051898149,0.250375,3.807422738380465,0.28764898913275566,4.345446727513221,True,,,,
204,41,58,50,40,83.175,0.0,40.45,0.0,16.025,6.0,42.724999999999994,50.77499999999999,18.84955592153876,69.62455592153876,2,180.0,140,42.48111287543235,0.25387499999999996,3.807422738380465,0.28258945528921253,4.343887193669677,True,,,,
205,41,58,50,40,83.35,0.0,40.275,0.0,16.2,6.0,43.074999999999996,51.474999999999994,18.84955592153876,70.32455592153875,2,180.0,140,44.90052796068899,0.25737499999999996,3.807422738380465,0.27577393996606103,4.340571678346526,True,,,,
206,14,47,26,42,122.75,150.0,47.35,0.0,47.0,6.0,75.4,201.4,18.84955592153876,220.24955592153876,2,180.0,244,31.33220670723324,1.0070000000000001,3.807422738380465,0.47247047188788815,5.286893210268353,True,,,,
207,48,18,44,10,56.175,0.0,50.05,150.0,87.075,6.0,6.125,139.53652184978628,12.710213886935609,152.2467357367219,2,121.3736020716633,223,40.9492976921653,0.6976826092489314,2.5673367353710725,0.4065477675511048,3.671567112171109,True,,,,
208,51,48,48,44,74.175,0.0,58.45,0.0,7.45,6.0,15.724999999999994,6.624999999999995,18.84955592153876,25.47455592153875,2,180.0,48,48.82711314820599,0.033124999999999974,3.807422738380465,0.11309533843543146,3.9536430768158968,True,,,,
209,51,48,48,44,74.0,0.0,58.625,0.0,6.05,6.0,15.375,3.4749999999999996,18.84955592153876,22.32455592153876,2,180.0,48,46.56746344221023,0.017374999999999998,3.807422738380465,0.10928590292527783,3.934083641305743,True,,,,
210,17,49,16,46,77.4,150.0,67.1,0.0,63.625,6.0,10.300000000000011,138.1210269804162,17.143817602170337,155.26484458258653,2,163.7113988910752,238,35.42109935606989,0.690605134902081,3.4628805703886347,0.4497323365137158,4.603218041804431,True,,,,
211,49,24,46,8,66.05,0.0,41.05,150.0,89.175,6.0,25.0,151.0,18.84955592153876,169.84955592153875,2,180.0,222,37.26596292649413,0.755,3.807422738380465,0.4289287841497812,4.9913515225302465,True,,,,
212,49,24,46,8,66.225,0.0,41.225,150.0,89.35,6.0,24.999999999999993,151.0,18.84955592153876,169.84955592153875,2,180.0,222,37.78933383996712,0.755,3.807422738380465,0.4342264252722429,4.996649163652708,True,,,,
213,49,24,46,8,66.4,0.0,41.4,150.0,89.525,6.0,25.000000000000007,151.0,18.84955592153876,169.84955592153875,2,180.0,222,36.847510649936225,0.755,3.807422738380465,0.4349704437926345,4.9973931821730995,True,,,,
214,49,24,46,8,66.575,0.0,41.575,150.0,89.7,6.0,25.0,151.0,18.84955592153876,169.84955592153875,2,180.0,222,35.65908769613878,0.755,3.807422738380465,0.4336608678062102,4.996083606186676,True,,,,
215,49,24,46,8,66.75,0.0,41.75,150.0,89.875,6.0,25.0,151.0,18.84955592153876,169.84955592153875,2,180.0,222,32.683463757723146,0.755,3.807422738380465,0.42622040164975333,4.988643140030218,True,,,,
216,49,26,46,4,65.35,0.0,22.875,150.0,88.475,6.0,42.474999999999994,168.475,18.84955592153876,187.32455592153875,2,180.0,203,24.146847996502224,0.842375,3.807422738380465,0.37333347380960386,5.023131212190068,True,,,,
217,49,26,46,4,65.525,0.0,23.05,150.0,88.65,6.0,42.47500000000001,168.47500000000002,18.84955592153876,187.32455592153877,2,180.0,203,27.95288658913523,0.8423750000000001,3.807422738380465,0.3754167930953102,5.0252145314757755,True,,,,
218,49,26,46,4,65.7,0.0,23.225,150.0,88.825,6.0,42.475,168.47500000000002,18.84955592153876,187.32455592153877,2,180.0,203,31.332206707233183,0.8423750000000001,3.807422738380465,0.38452398210894195,5.034321720489408,True,,,,
219,49,26,46,4,65.875,0.0,23.4,150.0,89.0,6.0,42.475,168.475,18.84955592153876,187.32455592153875,2,180.0,203,34.41150866976939,0.842375,3.807422738380465,0.39303591697290474,5.04283365535337,True,,,,
220,49,57,46,38,65.0,0.0,31.625,0.0,12.0,6.0,33.375,33.375,18.84955592153876,52.22455592153876,2,180.0,110,42.48111287543235,0.166875,3.807422738380465,0.23604180011912407,4.210339538499589,True,,,,
221,49,57,46,38,65.175,0.0,31.45,0.0,12.175,6.0,33.724999999999994,34.074999999999996,18.84955592153876,52.924555921538754,2,180.0,110,44.90052796068899,0.17037499999999997,3.807422738380465,0.23110130586741298,4.208899044247878,True,,,,
222,17,51,16,48,77.575,150.0,75.225,0.0,63.45,6.0,2.3500000000000085,142.8671534434,7.63828987155464,150.50544331495465,2,72.94029538960078,232,43.18342179617398,0.7143357672170001,1.542858551169743,0.42750016857152445,2.6846944869582674,True,,,,
223,17,51,16,48,77.75,150.0,75.4,0.0,63.275,6.0,2.3499999999999943,142.86715344340004,7.638289871554605,150.50544331495465,2,72.94029538960041,232,40.682512272043816,0.7143357672170002,1.5428585511697357,0.42824421518717026,2.685438533573906,True,,,,
224,17,51,16,48,77.925,150.0,75.575,0.0,63.1,6.0,2.3499999999999943,142.86715344340004,7.6382898715546155,150.50544331495465,2,72.94029538960052,232,38.04750745361992,0.7143357672170002,1.542858551169738,0.427797753503478,2.684992071890216,True,,,,
225,51,19,48,12,75.05,0.0,59.75,150.0,92.675,6.0,15.299999999999997,141.3,18.84955592153876,160.14955592153876,2,180.0,242,27.95288658913517,0.7065,3.807422738380465,0.47633949743209325,4.990262235812558,True,,,,
226,51,21,48,0,74.525,0.0,4.175,150.0,92.15,6.0,70.35000000000001,196.35,18.84955592153876,215.19955592153875,2,180.0,216,31.332206707233183,0.98175,3.807422738380465,0.4200299214456689,5.209202659826134,True,,,,
227,51,21,48,0,74.7,0.0,4.35,150.0,92.325,6.0,70.35000000000001,196.35000000000002,18.84955592153876,215.19955592153877,2,180.0,216,34.41150866976939,0.9817500000000001,3.807422738380465,0.42598232246608864,5.215155060846554,True,,,,
228,51,21,48,0,74.875,0.0,4.525,150.0,92.5,6.0,70.35,196.35,18.84955592153876,215.19955592153875,2,180.0,216,37.26596292649413,0.98175,3.807422738380465,0.43211326882662937,5.221286007207095,True,,,,
229,51,54,48,34,74.35,0.0,13.625,0.0,13.05,6.0,60.724999999999994,62.82499999999999,18.84955592153876,81.67455592153874,2,180.0,172,31.332206707233183,0.31412499999999993,3.807422738380465,0.3228573154422752,4.44440505382274,True,,,,
230,29,53,2,32,13.0,150.0,2.0,0.0,80.425,6.0,11.0,138.0417392568986,17.848394882211373,155.89013413911,2,170.43961630560167,32,46.56746344221017,0.6902086962844931,3.6051981702377196,0.07229172988098849,4.367698596403201,True,,,,
231,29,53,2,32,13.175,150.0,2.175,0.0,80.25,6.0,11.0,138.0417392568986,17.848394882211373,155.89013413911,2,170.43961630560167,32,48.827113148206045,0.6902086962844931,3.6051981702377196,0.06863105874155737,4.36403792526377,True,,,,
232,26,54,4,34,22.35,150.0,12.75,0.0,76.4,6.0,9.600000000000001,138.24244923464073,16.433260872054802,154.67571010669553,2,156.92608193436905,68,30.330230527440552,0.6912122461732036,3.3193551811215167,0.1350893710034501,4.1456567982981705,True,,,,
233,29,54,2,34,13.35,150.0,11.0,0.0,80.075,6.0,2.3499999999999996,142.86715344340004,7.638289871554612,150.50544331495465,2,72.94029538960051,62,46.56746344221025,0.7143357672170002,1.5428585511697372,0.1294942011395435,2.386688519526281,True,,,,
234,29,54,2,34,13.525,150.0,11.175,0.0,79.9,6.0,2.3499999999999996,142.86715344340004,7.638289871554612,150.50544331495465,2,72.94029538960051,62,48.827113148206024,0.7143357672170002,1.5428585511697372,0.1255954227211939,2.3827897411079313,True,,,,
235,29,54,2,34,13.7,150.0,11.35,0.0,79.725,6.0,2.3499999999999996,142.86715344340004,7.638289871554612,150.50544331495465,2,72.9402953896005,62,51.01133255984844,0.7143357672170002,1.5428585511697372,0.1222620612926064,2.3794563796793438,True,,,,
236,29,54,2,34,13.875,150.0,11.525,0.0,79.55,6.0,2.3499999999999996,142.86715344340004,7.638289871554613,150.50544331495465,2,72.94029538960052,62,53.13010235415595,0.7143357672170002,1.5428585511697375,0.12255967431981385,2.3797539927065516,True,,,,
237,29,54,2,34,14.05,150.0,11.7,0.0,79.375,6.0,2.3500000000000014,142.86715344340004,7.638289871554613,150.50544331495465,2,72.94029538960052,62,55.19164291459176,0.7143357672170002,1.5428585511697375,0.12276800062933362,2.3799623190160712,True,,,,
238,29,54,2,34,14.225,150.0,11.875,0.0,79.2,6.0,2.3499999999999996,142.86715344340004,7.638289871554612,150.50544331495465,2,72.94029538960051,62,55.467348895022795,0.7143357672170002,1.5428585511697372,0.1246429936055201,2.381837311992258,True,,,,
239,29,54,2,34,14.4,150.0,12.05,0.0,79.025,6.0,2.3499999999999996,142.86715344340004,7.638289871554612,150.50544331495465,2,72.94029538960051,62,50.20714421705858,0.7143357672170002,1.5428585511697372,0.1260715529932683,2.3832658713800057,True,,,,
240,29,54,2,34,14.575,150.0,12.225,0.0,78.85,6.0,2.3499999999999996,142.86715344340004,7.638289871554612,150.50544331495465,2,72.9402953896005,62,44.36881443763119,0.7143357672170002,1.5428585511697372,0.13035725925176717,2.387551577638505,True,,,,
241,2,56,20,36,95.4,150.0,21.05,0.0,56.625,6.0,74.35000000000001,200.35000000000002,18.84955592153876,219.19955592153877,2,180.0,230,40.507725387640185,1.0017500000000001,3.807422738380465,0.4276489329422467,5.236821671322712,True,,,,
242,2,56,20,36,95.575,150.0,21.225,0.0,56.45,6.0,74.35,200.35000000000002,18.84955592153876,219.19955592153877,2,180.0,230,42.48111287543243,1.0017500000000001,3.807422738380465,0.43250016857152407,5.241672906951989,True,,,,
243,2,56,20,36,95.75,150.0,21.4,0.0,56.275,6.0,74.35,200.35,18.84955592153876,219.19955592153875,2,180.0,230,39.94450518981484,1.00175,3.807422738380465,0.4337501264286429,5.242922864809107,True,,,,
244,2,56,20,36,95.925,150.0,21.575,0.0,56.1,6.0,74.35,200.35,18.84955592153876,219.19955592153875,2,180.0,230,37.265962926494254,1.00175,3.807422738380465,0.4326488767517383,5.241821615132203,True,,,,
245,20,56,6,36,31.35,150.0,20.0,0.0,74.3,6.0,11.350000000000001,138.0176170984232,18.199237648129824,156.216854746553,2,173.78991793223878,106,31.493594247774954,0.690088085492116,3.676064917980451,0.2235121034354877,4.589665106908055,True,,,,
246,12,57,21,38,99.55,150.0,29.875,0.0,54.175,6.0,69.675,195.675,18.84955592153876,214.52455592153876,2,180.0,239,35.65908769613878,0.9783750000000001,3.807422738380465,0.4549406909184894,5.240738429298954,True,,,,
247,12,57,21,38,99.725,150.0,30.05,0.0,54.0,6.0,69.675,195.675,18.84955592153876,214.52455592153876,2,180.0,239,34.41150866976939,0.9783750000000001,3.807422738380465,0.44952406639470394,5.235321804775169,True,,,,
248,24,57,8,38,40.525,150.0,29.7,0.0,71.85,6.0,10.825,138.05766459188155,17.67267018816503,155.73033478004658,2,168.76156908475448,153,28.534702342673544,0.6902883229594078,3.569703530544776,0.28812514750008456,4.548117001004268,True,,,,
249,38,57,54,38,102.05,0.0,30.4,0.0,23.725,6.0,71.65,95.1,18.84955592153876,113.94955592153875,2,180.0,201,34.41150866976939,0.4755,3.807422738380465,0.3936906768708624,4.676613415251328,True,,,,
250,41,57,50,38,83.7,0.0,31.1,0.0,16.55,6.0,52.6,61.7,18.84955592153876,80.54955592153877,2,180.0,165,47.22144229110671,0.3085,3.807422738380465,0.3159228167177997,4.431845555098265,True,,,,
251,11,58,52,40,92.35,0.0,40.1,0.0,19.35,6.0,52.24999999999999,66.94999999999999,18.84955592153876,85.79955592153874,2,180.0,161,47.22144229110668,0.33474999999999994,3.807422738380465,0.3002680287245881,4.442440767105053,True,,,,
252,11,58,52,40,92.525,0.0,39.925,0.0,19.525,6.0,52.60000000000001,67.65,18.84955592153876,86.49955592153876,2,180.0,161,44.90052796068899,0.33825000000000005,3.807422738380465,0.30047635503410786,4.446149093414573,True,,,,
253,11,58,52,40,92.7,0.0,39.75,0.0,19.7,6.0,52.95,68.35000000000001,18.84955592153876,87.19955592153877,2,180.0,161,42.48111287543235,0.34175000000000005,3.807422738380465,0.2990477675511055,4.4482205059315705,True,,,,
254,11,58,52,40,92.875,0.0,39.575,0.0,19.875,6.0,53.3,69.05,18.84955592153876,87.89955592153876,2,180.0,161,39.94450518981488,0.34525,3.807422738380465,0.2983631985884947,4.45103593696896,True,,,,
255,58,21,40,0,38.0,0.0,4.0,150.0,84.275,6.0,34.0,160.0,18.84955592153876,178.84955592153875,2,180.0,128,27.952886589135197,0.8,3.807422738380465,0.25514896103750184,4.862571699417967,True,,,,
256,61,68,29,61,136.6,150.0,134.6,0.0,41.05,6.0,2.0,143.36675041928922,7.0282265214858075,150.39497694077502,2,67.11461952384141,52,43.18342179617398,0.7168337520964461,1.419631824737929,0.11443463920074613,2.2509002160351215,True,,,,
257,61,68,29,61,136.775,150.0,134.775,0.0,40.875,6.0,2.0,143.3667504192892,7.0282265214858075,150.394976940775,2,67.11461952384141,52,40.68251227204353,0.716833752096446,1.419631824737929,0.11958343166672276,2.2560490085010976,True,,,,
258,69,61,63,29,143.6,0.0,136.95,150.0,113.5,6.0,6.650000000000006,139.25860809764396,13.304295642347707,152.56290373999167,2,127.04666495013598,30,35.659087696138734,0.6962930404882198,2.6873353387030687,0.10342273243203758,3.487051111623326,True,,,,
259,69,61,63,29,143.775,0.0,137.125,150.0,113.675,6.0,6.650000000000006,139.25860809764396,13.304295642347707,152.56290373999167,2,127.04666495013598,30,32.68346375772296,0.6962930404882198,2.6873353387030687,0.10261920816335705,3.4862475873546455,True,,,,
260,61,86,29,39,135.55,150.0,35.25,0.0,42.1,6.0,100.30000000000001,226.3,18.84955592153876,245.14955592153876,2,180.0,232,34.76258398715179,1.1315000000000002,3.807422738380465,0.4330358888776495,5.371958627258114,True,,,,
261,61,86,29,39,135.725,150.0,35.425,0.0,41.925,6.0,100.3,226.3,18.84955592153876,245.14955592153876,2,180.0,232,37.59385643098265,1.1315000000000002,3.807422738380465,0.43479184226200385,5.373714580642469,True,,,,
262,61,86,29,39,135.9,150.0,35.6,0.0,41.75,6.0,100.30000000000001,226.3,18.84955592153876,245.14955592153876,2,180.0,232,40.253908201155106,1.1315000000000002,3.807422738380465,0.43633941314633007,5.375262151526795,True,,,,
263,61,86,29,39,136.075,150.0,35.775,0.0,41.575,6.0,100.29999999999998,226.29999999999995,18.84955592153876,245.1495559215387,2,180.0,232,42.77538203609825,1.1314999999999997,3.807422738380465,0.4358632547790014,5.374785993159467,True,,,,
264,61,86,29,39,136.25,150.0,35.95,0.0,41.4,6.0,100.3,226.29999999999998,18.84955592153876,245.14955592153873,2,180.0,232,45.18216408739343,1.1315,3.807422738380465,0.43717277457491754,5.3760955129553825,True,,,,
265,61,114,29,3,135.2,150.0,19.775,150.0,116.475,6.0,115.42499999999998,158.475,18.84955592153876,177.32455592153875,2,180.0,240,27.952886589134987,0.7923749999999999,3.807422738380465,0.43940491442185464,5.039202652802319,True,,,,
266,61,118,29,9,134.675,150.0,45.9,150.0,117.0,6.0,88.775,130.775,18.84955592153876,149.62455592153876,2,180.0,204,37.26596292649413,0.6538750000000001,3.807422738380465,0.3815775204252489,4.842875258805714,True,,,,
267,61,118,29,9,134.85,150.0,45.725,150.0,116.825,6.0,89.125,131.475,18.84955592153876,150.32455592153875,2,180.0,204,34.41150866976939,0.6573749999999999,3.807422738380465,0.37782750637762186,4.842625244758087,True,,,,
268,61,118,29,9,135.025,150.0,45.55,150.0,116.65,6.0,89.47500000000001,132.175,18.84955592153876,151.02455592153876,2,180.0,204,31.332206707233127,0.6608750000000001,3.807422738380465,0.3769346392007453,4.84523237758121,True,,,,
269,71,62,24,53,113.225,150.0,98.6,0.0,49.8,6.0,14.625,140.625,18.84955592153876,159.47455592153875,2,180.0,185,35.65908769613878,0.703125,3.807422738380465,0.3881847375341357,4.898732475914601,True,,,,
270,71,62,24,53,113.4,150.0,98.775,0.0,49.625,6.0,14.625,140.625,18.84955592153876,159.47455592153875,2,180.0,185,34.41150866976939,0.703125,3.807422738380465,0.38788715260218243,4.898434890982648,True,,,,
271,71,62,24,53,113.575,150.0,98.95,0.0,49.45,6.0,14.625,140.625,18.84955592153876,159.47455592153875,2,180.0,185,31.332206707233127,0.703125,3.807422738380465,0.3926193205443736,4.903167058924839,True,,,,
272,71,62,24,53,113.75,150.0,99.125,0.0,49.275,6.0,14.625,140.625,18.84955592153876,159.47455592153875,2,180.0,185,27.952886589135016,0.703125,3.807422738380465,0.3967264533674971,4.9072741917479625,True,,,,
273,62,116,53,1,97.375,0.0,9.025,150.0,97.225,6.0,88.35,214.35,18.84955592153876,233.19955592153875,2,180.0,256,27.952886589134838,1.07175,3.807422738380465,0.5189883179933238,5.398161056373788,True,,,,
274,62,116,53,1,97.55,0.0,9.2,150.0,97.4,6.0,88.35,214.35,18.84955592153876,233.19955592153875,2,180.0,256,31.332206707233095,1.07175,3.807422738380465,0.5233931481294174,5.4025658865098825,True,,,,
275,62,116,53,1,97.725,0.0,9.375,150.0,97.575,6.0,88.35,214.35000000000002,18.84955592153876,233.19955592153877,2,180.0,256,34.41150866976937,1.0717500000000002,3.807422738380465,0.5285419967859023,5.407714735166367,True,,,,
276,66,68,31,61,145.6,150.0,134.95,0.0,37.025,6.0,10.650000000000006,138.07617930359567,17.496691923754035,155.5728712273497,2,167.0811004452899,30,42.6394337043259,0.6903808965179783,3.534157672161262,0.09220249935380914,4.31674106803305,True,,,,
277,66,68,31,61,145.775,150.0,135.125,0.0,36.85,6.0,10.650000000000006,138.07617930359567,17.496691923754035,155.5728712273497,2,167.0811004452899,30,43.98418706945575,0.6903808965179783,3.534157672161262,0.0901786858163919,4.3147172544956325,True,,,,
278,66,69,31,63,145.95,150.0,143.95,0.0,36.675,6.0,2.0,143.36675041928922,7.0282265214858075,150.39497694077502,2,67.11461952384141,0,,0.7168337520964461,1.419631824737929,0.0,2.136465576834375,True,,,,
279,66,69,31,63,146.125,150.0,144.125,0.0,36.5,6.0,2.0,143.3667504192892,7.0282265214858075,150.394976940775,2,67.11461952384141,0,,0.716833752096446,1.419631824737929,0.0,2.1364655768343748,True,,,,
280,66,70,31,51,144.9,150.0,88.9,0.0,37.725,6.0,56.0,182.0,18.84955592153876,200.84955592153875,2,180.0,162,35.659087696138734,0.91,3.807422738380465,0.3449108818538367,5.062333620234302,True,,,,
281,66,70,31,51,145.075,150.0,89.075,0.0,37.55,6.0,55.999999999999986,182.0,18.84955592153876,200.84955592153875,2,180.0,162,38.43320634085055,0.91,3.807422738380465,0.33943466729599986,5.056857405676465,True,,,,
282,66,70,31,51,145.25,150.0,89.25,0.0,37.375,6.0,56.0,182.0,18.84955592153876,200.84955592153875,2,180.0,162,39.94450518981488,0.91,3.807422738380465,0.33383946933683906,5.051262207717304,True,,,,
283,66,70,31,51,145.425,150.0,89.425,0.0,37.2,6.0,56.000000000000014,182.0,18.84955592153876,200.84955592153875,2,180.0,162,37.26596292649417,0.91,3.807422738380465,0.32636919411572934,5.043791932496195,True,,,,
284,66,71,31,24,143.85,150.0,114.45,150.0,132.75,6.0,29.39999999999999,39.89999999999999,18.84955592153876,58.74955592153875,2,180.0,97,51.011332559848334,0.19949999999999996,3.807422738380465,0.18241088185383733,4.189333620234302,True,,,,
285,66,71,31,24,144.025,150.0,114.275,150.0,132.575,6.0,29.75,40.60000000000002,18.84955592153876,59.44955592153878,2,180.0,97,53.13010235415609,0.20300000000000012,3.807422738380465,0.18232162323140383,4.19274436161187,True,,,,
286,66,71,31,24,143.5,150.0,114.625,150.0,140.625,6.0,28.875,23.625,18.84955592153876,42.47455592153876,2,180.0,96,39.944505189814926,0.11812500000000001,3.807422738380465,0.20502992144566956,4.130577659826135,True,,,,
287,66,89,31,33,144.725,150.0,8.95,0.0,37.9,6.0,135.775,261.775,18.84955592153876,280.62455592153873,2,180.0,257,32.68346375772296,1.308875,3.807422738380465,0.49663705426879134,5.6129347926492565,True,,,,
288,66,101,31,17,143.675,150.0,82.6,150.0,135.9,6.0,61.07500000000002,65.275,18.84955592153876,84.12455592153876,2,180.0,186,48.82711314820612,0.326375,3.807422738380465,0.3383036928402053,4.47210143122067,True,,,,
289,66,111,31,19,144.2,150.0,91.95,150.0,114.2,6.0,52.249999999999986,99.84999999999998,18.84955592153876,118.69955592153875,2,180.0,155,27.95288658913517,0.4992499999999999,3.807422738380465,0.31306569794230354,4.619738436322769,True,,,,
290,66,113,31,5,144.55,150.0,28.6,150.0,113.85,6.0,115.95000000000002,164.25000000000003,18.84955592153876,183.09955592153878,2,180.0,221,24.146847996502164,0.8212500000000001,3.807422738380465,0.40913705426879193,5.037809792649257,True,,,,
291,66,118,31,9,144.375,150.0,45.375,150.0,114.025,6.0,99.0,146.95,18.84955592153876,165.79955592153874,2,180.0,211,27.95288658913517,0.7347499999999999,3.807422738380465,0.390565585561286,4.932738323941751,True,,,,
292,68,72,61,57,132.5,0.0,117.125,0.0,6.05,6.0,15.375,3.4749999999999996,18.84955592153876,22.32455592153876,2,180.0,48,46.56746344221023,0.017374999999999998,3.807422738380465,0.11485137610554819,3.9396491144860133,True,,,,
293,68,72,61,57,132.675,0.0,116.95,0.0,7.45,6.0,15.725000000000009,6.625000000000009,18.84955592153876,25.474555921538766,2,180.0,48,48.827113148206,0.03312500000000004,3.807422738380465,0.10720252744906325,3.9477502658295283,True,,,,
294,68,72,61,57,132.85,0.0,116.775,0.0,7.625,6.0,16.07499999999999,7.324999999999989,18.84955592153876,26.174555921538747,2,180.0,48,51.011332559848384,0.03662499999999994,3.807422738380465,0.1003572873470213,3.944405025727486,True,,,,
295,68,72,61,57,133.025,0.0,116.6,0.0,9.725,6.0,16.42500000000001,11.87500000000001,18.84955592153876,30.72455592153877,2,180.0,48,53.13010235415605,0.05937500000000005,3.807422738380465,0.09985134801029405,3.9666490863907593,True,,,,
296,68,76,61,47,133.375,0.0,71.775,0.0,32.825,6.0,61.599999999999994,103.25,18.84955592153876,122.09955592153875,2,180.0,177,31.332206707233137,0.51625,3.807422738380465,0.3563096883674402,4.679982426747905,True,,,,
297,68,76,61,47,133.55,0.0,71.6,0.0,33.0,6.0,61.95000000000002,103.95000000000002,18.84955592153876,122.79955592153877,2,180.0,177,31.332206707233127,0.51975,3.807422738380465,0.355327534472876,4.682500272853341,True,,,,
298,68,76,61,47,133.725,0.0,71.425,0.0,33.175,6.0,62.3,104.64999999999999,18.84955592153876,123.49955592153876,2,180.0,177,27.95288658913517,0.52325,3.807422738380465,0.35517874200689936,4.685851480387364,True,,,,
299,68,77,61,49,133.2,0.0,80.6,0.0,32.65,6.0,52.599999999999994,93.9,18.84955592153876,112.74955592153876,2,180.0,153,27.95288658913515,0.46950000000000003,3.807422738380465,0.31282756256813077,4.589750300948596,True,,,,
300,68,113,61,5,134.425,0.0,28.425,150.0,110.35,6.0,106.00000000000001,232.00000000000003,18.84955592153876,250.84955592153878,2,180.0,226,31.332206707233127,1.1600000000000001,3.807422738380465,0.444553791173594,5.411976529554059,True,,,,
301,68,116,61,1,133.9,0.0,10.775,150.0,109.825,6.0,123.125,249.125,18.84955592153876,267.97455592153875,2,180.0,273,34.41150866976939,1.245625,3.807422738380465,0.5360418844048858,5.589089622785352,True,,,,
302,68,116,61,1,134.075,0.0,10.95,150.0,110.0,6.0,123.12499999999999,249.125,18.84955592153876,267.97455592153875,2,180.0,273,37.26596292649413,1.245625,3.807422738380465,0.5383633109695105,5.591411049349976,True,,,,
303,68,116,61,1,134.25,0.0,11.125,150.0,110.175,6.0,123.125,249.125,18.84955592153876,267.97455592153875,2,180.0,273,35.659087696138734,1.245625,3.807422738380465,0.5427085510715527,5.5957562894520185,True,,,,
304,69,73,63,59,141.5,0.0,126.125,0.0,12.0,6.0,15.375,15.375,18.84955592153876,34.22455592153876,2,180.0,48,46.56746344221022,0.076875,3.807422738380465,0.11553588887765075,3.9998336272581154,True,,,,
305,69,73,63,59,141.85,0.0,125.95,0.0,21.275,6.0,15.899999999999991,34.45,18.84955592153876,53.29955592153876,2,180.0,49,48.82711314820619,0.17225000000000001,3.807422738380465,0.10577396806131502,4.08544670644178,True,,,,
306,69,73,63,59,142.025,0.0,125.775,0.0,35.1,6.0,16.25,62.45,18.84955592153876,81.29955592153877,2,180.0,49,27.95288658913529,0.31225,3.807422738380465,0.11336322668374857,4.2330359650642135,True,,,,
307,69,73,63,59,142.2,0.0,125.6,0.0,35.275,6.0,16.599999999999994,63.14999999999999,18.84955592153876,81.99955592153876,2,180.0,49,31.332206707233127,0.31575,3.807422738380465,0.11461324073137563,4.23778597911184,True,,,,
308,69,77,63,49,141.675,0.0,80.95,0.0,12.175,6.0,60.72500000000001,61.075,18.84955592153876,79.92455592153877,2,180.0,194,44.90052796068899,0.305375,3.807422738380465,0.3624406628232356,4.4752384012037005,True,,,,
309,69,79,63,43,142.375,0.0,53.775,0.0,35.625,6.0,88.6,135.85,18.84955592153876,154.69955592153875,2,180.0,223,37.265962926494225,0.67925,3.807422738380465,0.43151795848645147,4.918190696866916,True,,,,
310,69,79,63,43,142.55,0.0,53.6,0.0,35.8,6.0,88.95000000000002,136.55,18.84955592153876,155.39955592153876,2,180.0,223,39.944505189814926,0.6827500000000001,3.807422738380465,0.43297632693885246,4.923149065319318,True,,,,
311,69,79,63,43,142.725,0.0,53.425,0.0,35.975,6.0,89.3,137.25,18.84955592153876,156.09955592153875,2,180.0,223,37.26596292649417,0.68625,3.807422738380465,0.435000196666778,4.928672935047244,True,,,,
312,69,99,63,25,143.075,0.0,118.775,150.0,112.975,6.0,24.299999999999983,150.29999999999998,18.84955592153876,169.14955592153873,2,180.0,92,31.332206707233127,0.7515,3.807422738380465,0.23321449040828043,4.792137228788746,True,,,,
313,69,99,63,25,143.25,0.0,118.95,150.0,113.15,6.0,24.299999999999997,150.3,18.84955592153876,169.14955592153876,2,180.0,92,27.952886589134867,0.7515000000000001,3.807422738380465,0.239643105986537,4.798565844367002,True,,,,
314,69,99,63,25,143.425,0.0,119.125,150.0,113.325,6.0,24.30000000000001,150.3,18.84955592153876,169.14955592153876,2,180.0,92,24.146847996502164,0.7515000000000001,3.807422738380465,0.2415776047110124,4.800500343091477,True,,,,
315,69,111,63,19,142.9,0.0,91.775,150.0,112.8,6.0,51.125,177.125,18.84955592153876,195.97455592153875,2,180.0,159,34.41150866976939,0.885625,3.807422738380465,0.33925615005113285,5.032303888431598,True,,,,
316,72,70,57,51,114.675,0.0,89.95,0.0,28.45,6.0,24.724999999999994,57.625,18.84955592153876,76.47455592153875,2,180.0,86,27.95288658913515,0.288125,3.807422738380465,0.1891073294899029,4.284655067870368,True,,,,
317,72,70,57,51,114.5,0.0,90.125,0.0,7.45,6.0,24.375,15.274999999999999,18.84955592153876,34.12455592153876,2,180.0,80,46.56746344221023,0.076375,3.807422738380465,0.16702401020419647,4.050821748584662,True,,,,
318,73,70,59,51,123.675,0.0,89.6,0.0,30.025,6.0,34.075,70.125,18.84955592153876,88.97455592153875,2,180.0,114,31.332206707233127,0.350625,3.807422738380465,0.23041687738107317,4.388464615761539,True,,,,
319,73,70,59,51,123.5,0.0,89.775,0.0,29.85,6.0,33.724999999999994,69.425,18.84955592153876,88.27455592153876,2,180.0,114,27.95288658913517,0.347125,3.807422738380465,0.23309542272119432,4.38764316110166,True,,,,
320,70,79,51,43,87.5,0.0,54.125,0.0,7.625,6.0,33.375,24.625,18.84955592153876,43.47455592153876,2,180.0,108,42.48111287543236,0.123125,3.807422738380465,0.21913711045930157,4.149684848839766,True,,,,
321,70,79,51,43,87.675,0.0,53.95,0.0,7.8,6.0,33.724999999999994,25.324999999999996,18.84955592153876,44.174555921538754,2,180.0,108,44.90052796068899,0.126625,3.807422738380465,0.2150001685715252,4.14904790695199,True,,,,
322,70,84,51,41,87.85,0.0,45.125,0.0,18.475,6.0,42.724999999999994,55.675,18.84955592153876,74.52455592153876,2,180.0,138,27.95288658913515,0.278375,3.807422738380465,0.27348221008507273,4.359279948465537,True,,,,
323,93,70,27,51,127.775,150.0,88.725,0.0,45.25,6.0,39.05000000000001,165.05,18.84955592153876,183.89955592153876,2,180.0,184,31.332206707233127,0.82525,3.807422738380465,0.371726369081734,5.004399107462199,True,,,,
324,111,70,19,51,91.25,150.0,88.375,0.0,57.85,6.0,2.875,142.20677377461683,8.482102436731477,150.68887621134832,2,80.99811183705751,217,45.57299599919425,0.7110338688730842,1.7133002931905368,0.38839297955789204,2.8127271416215134,True,,,,
325,111,70,19,51,91.425,150.0,88.55,0.0,57.675,6.0,2.875,142.20677377461683,8.482102436731477,150.68887621134832,2,80.99811183705751,217,43.18342179617398,0.7110338688730842,1.7133002931905368,0.3912203735544981,2.8155545356181193,True,,,,
326,70,113,51,5,88.025,0.0,27.725,150.0,95.825,6.0,60.300000000000004,186.3,18.84955592153876,205.14955592153876,2,180.0,230,27.95288658913517,0.9315000000000001,3.807422738380465,0.45794665835047077,5.196869396730936,True,,,,
327,70,118,51,9,88.2,0.0,45.025,150.0,96.0,6.0,43.175000000000004,169.175,18.84955592153876,188.02455592153876,2,180.0,237,24.146847996502526,0.845875,3.807422738380465,0.46083353000011157,5.114131268380577,True,,,,
328,73,71,59,24,124.55,0.0,113.925,150.0,107.025,6.0,10.625,138.0790363225115,17.471529197568557,155.55056552008006,2,166.84081411004473,133,35.24750699205245,0.6903951816125575,3.5290750518471805,0.2889883460885787,4.508458579548317,True,,,,
329,73,71,59,24,124.725,0.0,114.1,150.0,107.2,6.0,10.625,138.0790363225115,17.471529197568557,155.55056552008006,2,166.84081411004473,133,35.07369314595631,0.6903951816125575,3.5290750518471805,0.28651807086746917,4.505988304327207,True,,,,
330,71,86,24,39,113.05,150.0,35.075,0.0,49.975,6.0,77.975,203.975,18.84955592153876,222.82455592153875,2,180.0,243,32.6834637577232,1.019875,3.807422738380465,0.4769049706123629,5.304202708992828,True,,,,
331,71,108,24,13,112.0,150.0,65.125,150.0,140.625,6.0,46.875,41.625,18.84955592153876,60.47455592153876,2,180.0,152,39.944505189814926,0.208125,3.807422738380465,0.3161906487756085,4.331738387156073,True,,,,
332,71,111,24,19,112.175,150.0,92.125,150.0,132.225,6.0,20.049999999999997,31.60000000000001,18.84955592153876,50.44955592153877,2,180.0,71,48.82711314820602,0.15800000000000006,3.807422738380465,0.15544654596945476,4.1208692843499195,True,,,,
333,93,72,27,57,128.125,150.0,116.425,0.0,44.9,6.0,11.700000000000003,138.00375058612067,18.549524662746432,156.5532752488671,2,177.13491252486705,114,24.19058673110459,0.6900187529306033,3.7468194094900746,0.24348235056134362,4.680320512982021,True,,,,
334,72,108,57,13,115.9,0.0,64.075,150.0,103.875,6.0,51.825,177.825,18.84955592153876,196.67455592153874,2,180.0,223,31.33220670723324,0.8891249999999999,3.807422738380465,0.43532761875863824,5.131875357139103,True,,,,
335,72,108,57,13,116.075,0.0,64.25,150.0,104.05,6.0,51.825,177.825,18.84955592153876,196.67455592153874,2,180.0,223,27.95288658913517,0.8891249999999999,3.807422738380465,0.42848235056134215,5.1250300889418074,True,,,,
336,72,108,57,13,116.25,0.0,64.425,150.0,104.225,6.0,51.825,177.82500000000002,18.84955592153876,196.67455592153877,2,180.0,223,24.146847996502586,0.889125,3.807422738380465,0.4269645044559064,5.123512242836371,True,,,,
337,72,113,57,5,115.375,0.0,28.075,150.0,103.35,6.0,87.3,213.29999999999998,18.84955592153876,232.14955592153873,2,180.0,226,39.944505189814926,1.0665,3.807422738380465,0.45416680714293634,5.328089545523401,True,,,,
338,72,116,57,1,114.85,0.0,10.25,150.0,102.825,6.0,104.6,230.60000000000002,18.84955592153876,249.44955592153877,2,180.0,258,33.44973566470459,1.1530000000000002,3.807422738380465,0.4957442432824234,5.456166981662889,True,,,,
339,72,116,57,1,115.025,0.0,10.425,150.0,103.0,6.0,104.60000000000001,230.60000000000002,18.84955592153876,249.44955592153877,2,180.0,258,36.37013176164959,1.1530000000000002,3.807422738380465,0.4981252036905911,5.458547942071057,True,,,,
340,72,116,57,1,115.2,0.0,10.6,150.0,103.175,6.0,104.60000000000001,230.59999999999997,18.84955592153876,249.44955592153872,2,180.0,258,39.10091183703107,1.1529999999999998,3.807422738380465,0.4981251755953369,5.458547913975802,True,,,,
341,61,73,29,59,136.425,150.0,125.425,0.0,41.225,6.0,11.000000000000014,138.0417392568986,17.848394882211384,155.89013413911,2,170.4396163056017,76,31.713377838836553,0.6902086962844931,3.6051981702377214,0.1894347234865088,4.484841590008724,True,,,,
342,73,99,59,25,124.9,0.0,118.25,150.0,107.375,6.0,6.650000000000006,139.25860809764396,13.304295642347697,152.56290373999167,2,127.04666495013595,126,40.682512272043816,0.6962930404882198,2.6873353387030665,0.2763693064967466,3.6599976856880327,True,,,,
343,73,99,59,25,125.075,0.0,118.425,150.0,107.55,6.0,6.650000000000006,139.25860809764396,13.304295642347697,152.56290373999167,2,127.04666495013595,126,38.88118447024886,0.6962930404882198,2.6873353387030665,0.27074429947293305,3.6543726786642194,True,,,,
344,73,99,59,25,125.25,0.0,118.6,150.0,107.725,6.0,6.650000000000006,139.25860809764396,13.304295642347697,152.56290373999167,2,127.04666495013595,126,36.13634293337248,0.6962930404882198,2.6873353387030665,0.26633952552734796,3.6499679047186344,True,,,,
345,73,108,59,13,124.2,0.0,64.6,150.0,106.675,6.0,59.60000000000001,185.60000000000002,18.84955592153876,204.44955592153877,2,180.0,218,28.955024371859835,0.9280000000000002,3.807422738380465,0.41339300765314607,5.148815746033611,True,,,,
346,73,111,59,19,124.375,0.0,91.6,150.0,106.85,6.0,32.775000000000006,158.775,18.84955592153876,177.62455592153876,2,180.0,185,32.23866912636972,0.793875,3.807422738380465,0.38125021071440507,4.98254794909487,True,,,,
347,73,113,59,5,123.85,0.0,28.25,150.0,106.325,6.0,95.6,221.60000000000002,18.84955592153876,240.44955592153877,2,180.0,230,21.03946978131697,1.108,3.807422738380465,0.4331250913095748,5.34854782969004,True,,,,
348,73,117,59,7,124.025,0.0,36.725,150.0,106.5,6.0,87.30000000000001,213.3,18.84955592153876,232.14955592153876,2,180.0,232,25.288720101559232,1.0665,3.807422738380465,0.44491082566332735,5.318833564043792,True,,,,
349,74,76,55,47,106.375,0.0,72.125,0.0,25.125,6.0,34.25,60.5,18.84955592153876,79.34955592153875,2,180.0,109,34.411508669769525,0.3025,3.807422738380465,0.25002992144566977,4.359952659826135,True,,,,
350,74,76,55,47,106.55,0.0,71.95,0.0,25.825,6.0,34.599999999999994,62.25,18.84955592153876,81.09955592153875,2,180.0,109,34.41150866976941,0.31125,3.807422738380465,0.23077396806131545,4.349446706441781,True,,,,
351,74,77,55,49,106.025,0.0,81.125,0.0,12.0,6.0,24.900000000000006,24.900000000000006,18.84955592153876,43.749555921538764,2,180.0,81,42.48111287543235,0.12450000000000003,3.807422738380465,0.16892875605452737,4.100851494434992,True,,,,
352,74,77,55,49,106.2,0.0,80.775,0.0,24.775,6.0,25.424999999999997,50.974999999999994,18.84955592153876,69.82455592153875,2,180.0,82,27.95288658913515,0.25487499999999996,3.807422738380465,0.19074421518717088,4.253041953567636,True,,,,
353,74,78,55,45,106.725,0.0,62.6,0.0,26.0,6.0,44.12499999999999,72.125,18.84955592153876,90.97455592153875,2,180.0,132,31.332206707233127,0.36062500000000003,3.807422738380465,0.26235134801029447,4.430399086390759,True,,,,
354,74,78,55,45,105.5,0.0,63.125,0.0,10.075,6.0,42.375,38.525000000000006,18.84955592153876,57.374555921538764,2,180.0,140,46.56746344221024,0.19262500000000005,3.807422738380465,0.27675612195587934,4.276803860336344,True,,,,
355,74,78,55,45,105.675,0.0,62.95,0.0,10.25,6.0,42.724999999999994,39.224999999999994,18.84955592153876,58.07455592153875,2,180.0,140,44.90052796068899,0.19612499999999997,3.807422738380465,0.2780656698470496,4.281613408227515,True,,,,
356,74,78,55,45,105.85,0.0,62.775,0.0,10.425,6.0,43.074999999999996,39.92499999999998,18.84955592153876,58.77455592153874,2,180.0,140,42.48111287543235,0.1996249999999999,3.807422738380465,0.2757739680613153,4.282821706441781,True,,,,
357,93,74,27,55,127.95,150.0,108.125,0.0,45.075,6.0,19.825000000000003,145.825,18.84955592153876,164.67455592153874,2,180.0,135,27.95288658913517,0.7291249999999999,3.807422738380465,0.2778870683164203,4.814434806696886,True,,,,
358,98,74,23,55,109.6,150.0,107.425,0.0,51.025,6.0,2.174999999999997,143.11019775320074,7.338789967127394,150.44898772032812,2,70.08028197489193,173,43.18342179617398,0.7155509887660036,1.4823625505739908,0.32300607981299806,2.5209196191529926,True,,,,
359,98,74,23,55,109.775,150.0,107.6,0.0,50.85,6.0,2.1750000000000114,143.11019775320074,7.3387899671274095,150.44898772032815,2,70.08028197489213,173,40.68251227204353,0.7155509887660036,1.482362550573994,0.3243156277041682,2.5222291670441654,True,,,,
360,98,74,23,55,109.95,150.0,107.775,0.0,50.675,6.0,2.174999999999997,143.11019775320077,7.338789967127387,150.44898772032815,2,70.08028197489193,173,38.04750745361973,0.7155509887660039,1.4823625505739895,0.330446574064709,2.5283601134047022,True,,,,
361,74,113,55,5,106.9,0.0,27.9,150.0,100.375,6.0,79.0,205.0,18.84955592153876,223.84955592153875,2,180.0,222,31.332206707233183,1.025,3.807422738380465,0.3985715810885216,5.230994319468987,True,,,,
362,74,118,55,9,107.075,0.0,45.2,150.0,100.55,6.0,61.875,187.875,18.84955592153876,206.72455592153875,2,180.0,227,29.478758487261377,0.9393750000000001,3.807422738380465,0.415654956564736,5.162452694945201,True,,,,
363,76,80,47,35,69.5,0.0,17.075,0.0,12.35,6.0,52.425,53.125,18.84955592153876,71.97455592153875,2,180.0,156,42.481112875432366,0.265625,3.807422738380465,0.31062514750008385,4.383672885880549,True,,,,
364,76,80,47,35,69.675,0.0,16.9,0.0,12.525,6.0,52.775,53.824999999999996,18.84955592153876,72.67455592153875,2,180.0,156,39.9445051898149,0.269125,3.807422738380465,0.30839297955789263,4.384940717938358,True,,,,
365,76,80,47,35,69.85,0.0,16.725,0.0,12.7,6.0,53.12499999999999,54.52499999999999,18.84955592153876,73.37455592153876,2,180.0,156,37.265962926494225,0.27262499999999995,3.807422738380465,0.3046132126361211,4.384660951016586,True,,,,
366,76,80,47,35,70.025,0.0,16.55,0.0,12.875,6.0,53.47500000000001,55.22500000000001,18.84955592153876,74.07455592153877,2,180.0,156,34.411508669769475,0.27612500000000006,3.807422738380465,0.30148823370756184,4.385035972088027,True,,,,
367,93,76,27,47,127.425,150.0,71.075,0.0,45.6,6.0,56.349999999999994,182.35,18.84955592153876,201.19955592153875,2,180.0,208,27.952886589135016,0.91175,3.807422738380465,0.4122323365137151,5.13140507489418,True,,,,
368,93,76,27,47,127.6,150.0,71.25,0.0,45.425,6.0,56.349999999999994,182.35000000000002,18.84955592153876,201.19955592153877,2,180.0,208,31.332206707233127,0.9117500000000002,3.807422738380465,0.41032759066338426,5.12950032904385,True,,,,
369,76,108,47,13,70.725,0.0,63.2,150.0,91.45,6.0,7.5249999999999915,138.86562193025583,14.263750397695482,153.1293723279513,2,136.20878296933347,241,35.65908769613878,0.6943281096512791,2.881135652469833,0.46541687738107157,4.040880639502183,True,,,,
370,76,108,47,13,70.9,0.0,63.375,150.0,91.625,6.0,7.525000000000006,138.86562193025583,14.263750397695494,153.12937232795133,2,136.20878296933358,241,32.68346375772296,0.6943281096512791,2.8811356524698355,0.4666668914286987,4.042130653549814,True,,,,
371,76,113,47,5,70.55,0.0,27.375,150.0,91.275,6.0,43.175,169.175,18.84955592153876,188.02455592153876,2,180.0,209,31.332206707233183,0.845875,3.807422738380465,0.42619070496611605,5.079488443346581,True,,,,
372,76,116,47,1,70.2,0.0,8.675,150.0,90.925,6.0,61.525000000000006,187.52499999999998,18.84955592153876,206.37455592153873,2,180.0,221,34.41150866976939,0.9376249999999999,3.807422738380465,0.4614287560545263,5.206476494434991,True,,,,
373,76,116,47,1,70.375,0.0,8.85,150.0,91.1,6.0,61.525,187.525,18.84955592153876,206.37455592153876,2,180.0,221,34.411508669769624,0.937625,3.807422738380465,0.4563990312756359,5.2014467696561,True,,,,
374,77,81,49,37,78.5,0.0,26.425,0.0,13.925,6.0,52.075,55.925,18.84955592153876,74.77455592153876,2,180.0,162,31.332206707233183,0.279625,3.807422738380465,0.32830369284020505,4.41535143122067,True,,,,
375,77,81,49,37,78.675,0.0,26.25,0.0,14.1,6.0,52.425,56.625,18.84955592153876,75.47455592153875,2,180.0,162,34.41150866976941,0.283125,3.807422738380465,0.33244057853747294,4.422988316917938,True,,,,
376,77,81,49,37,78.85,0.0,26.075,0.0,14.275,6.0,52.77499999999999,57.32499999999999,18.84955592153876,76.17455592153874,2,180.0,162,37.26596292649422,0.28662499999999996,3.807422738380465,0.3331251194048296,4.427172857785295,True,,,,
377,77,81,49,37,79.025,0.0,25.9,0.0,14.45,6.0,53.12500000000001,58.025000000000006,18.84955592153876,76.87455592153876,2,180.0,162,39.94450518981484,0.290125,3.807422738380465,0.33247041569737973,4.430018154077844,True,,,,
378,77,108,49,13,79.375,0.0,63.55,150.0,93.55,6.0,15.825000000000003,141.825,18.84955592153876,160.67455592153874,2,180.0,245,34.41150866976939,0.709125,3.807422738380465,0.47455370688783083,4.9911014452682965,True,,,,
379,77,108,49,13,79.55,0.0,63.725,150.0,93.725,6.0,15.824999999999996,141.825,18.84955592153876,160.67455592153874,2,180.0,245,31.332206707233127,0.709125,3.807422738380465,0.47815495656473556,4.994702694945201,True,,,,
380,77,108,49,13,79.725,0.0,63.9,150.0,93.9,6.0,15.824999999999996,141.825,18.84955592153876,160.67455592153874,2,180.0,245,27.952886589134867,0.709125,3.807422738380465,0.4819645606464141,4.9985122990268795,True,,,,
381,77,113,49,5,79.2,0.0,27.55,150.0,93.375,6.0,51.650000000000006,177.65,18.84955592153876,196.49955592153876,2,180.0,218,27.95288658913517,0.8882500000000001,3.807422738380465,0.42622040164975217,5.121893140030218,True,,,,
382,78,80,45,35,60.85,0.0,17.425,0.0,10.25,6.0,43.425,39.925,18.84955592153876,58.774555921538756,2,180.0,132,44.90052796068899,0.199625,3.807422738380465,0.2553870402211662,4.262434778601632,True,,,,
383,78,80,45,35,61.025,0.0,17.25,0.0,10.425,6.0,43.775,40.625,18.84955592153876,59.47455592153876,2,180.0,132,42.48111287543235,0.203125,3.807422738380465,0.25622034545924544,4.26676808383971,True,,,,
384,78,81,45,37,60.5,0.0,26.775,0.0,9.9,6.0,33.725,29.525,18.84955592153876,48.37455592153876,2,180.0,108,37.26596292649422,0.147625,3.807422738380465,0.2241966162075906,4.1792443545880555,True,,,,
385,78,81,45,37,60.675,0.0,26.6,0.0,10.075,6.0,34.074999999999996,30.224999999999994,18.84955592153876,49.07455592153875,2,180.0,108,39.94450518981486,0.15112499999999998,3.807422738380465,0.22586325477900313,4.184410993159468,True,,,,
386,99,78,25,45,117.9,150.0,62.25,0.0,48.05,6.0,55.650000000000006,181.65000000000003,18.84955592153876,200.49955592153879,2,180.0,234,27.952886589135016,0.9082500000000002,3.807422738380465,0.4703573716327829,5.186030110013249,True,,,,
387,99,78,25,45,118.075,150.0,62.425,0.0,47.875,6.0,55.650000000000006,181.65,18.84955592153876,200.49955592153876,2,180.0,234,24.146847996502316,0.90825,3.807422738380465,0.47005970241506706,5.185732440795532,True,,,,
388,101,78,17,45,81.9,150.0,61.725,0.0,62.05,6.0,20.175000000000004,146.175,18.84955592153876,165.02455592153876,2,180.0,241,27.952886589135016,0.730875,3.807422738380465,0.45729184226200376,4.995589580642469,True,,,,
389,101,78,17,45,82.075,150.0,61.9,0.0,61.875,6.0,20.175000000000004,146.175,18.84955592153876,165.02455592153876,2,180.0,241,24.146847996502316,0.730875,3.807422738380465,0.461607329489901,4.999905067870366,True,,,,
390,78,113,45,5,61.2,0.0,27.2,150.0,87.775,6.0,34.0,160.0,18.84955592153876,178.84955592153875,2,180.0,200,27.952886589134927,0.8,3.807422738380465,0.3911311711225732,4.9985539095030385,True,,,,
391,78,118,45,9,61.375,0.0,44.85,150.0,87.95,6.0,16.525,142.52499999999998,18.84955592153876,161.37455592153873,2,180.0,225,24.146847996502224,0.712625,3.807422738380465,0.4435120753402322,4.963559813720697,True,,,,
392,79,80,43,35,52.025,0.0,18.125,0.0,8.15,6.0,33.9,26.199999999999996,18.84955592153876,45.049555921538754,2,180.0,109,44.90052796068899,0.13099999999999998,3.807422738380465,0.22354182821437846,4.161964566594843,True,,,,
393,79,80,43,35,52.2,0.0,17.95,0.0,8.325,6.0,34.25,26.900000000000002,18.84955592153876,45.74955592153876,2,180.0,109,42.481112875432366,0.1345,3.807422738380465,0.21755964622456012,4.159482384605025,True,,,,
394,79,80,43,35,52.375,0.0,17.775,0.0,8.5,6.0,34.6,27.6,18.84955592153876,46.44955592153876,2,180.0,109,39.9445051898149,0.138,3.807422738380465,0.2125596462245601,4.157982384605025,True,,,,
395,79,80,43,35,52.55,0.0,17.6,0.0,8.675,6.0,34.949999999999996,28.299999999999997,18.84955592153876,47.149555921538756,2,180.0,109,37.26596292649422,0.1415,3.807422738380465,0.21095248530618244,4.159875223686647,True,,,,
396,79,81,43,37,51.675,0.0,27.125,0.0,7.8,6.0,24.549999999999997,16.15,18.84955592153876,34.99955592153876,2,180.0,79,44.90052796068899,0.08074999999999999,3.807422738380465,0.16717277457491897,4.055345512955384,True,,,,
397,79,81,43,37,51.85,0.0,26.95,0.0,7.975,6.0,24.900000000000002,16.849999999999998,18.84955592153876,35.69955592153876,2,180.0,79,47.221442291106705,0.08424999999999999,3.807422738380465,0.15913705426879304,4.050809792649258,True,,,,
398,79,86,43,39,51.5,0.0,36.125,0.0,7.625,6.0,15.375,6.625,18.84955592153876,25.47455592153876,2,180.0,48,46.56746344221023,0.033125,3.807422738380465,0.11508948338446665,3.9556372217649316,True,,,,
399,108,79,13,43,62.675,150.0,52.725,0.0,68.7,6.0,9.949999999999996,138.17640071720967,16.78945144105834,154.965852158268,2,160.32745131874685,238,32.91616258229926,0.6908820035860483,3.391302131875465,0.4535418844048849,4.535726019866398,True,,,,
400,108,79,13,43,62.85,150.0,52.9,0.0,68.525,6.0,9.950000000000003,138.17640071720967,16.789451441058347,154.96585215826804,2,160.3274513187469,238,29.699796570508973,0.6908820035860483,3.3913021318754666,0.4508334738096027,4.533017609271117,True,,,,
401,109,79,15,43,73.425,150.0,53.075,0.0,65.025,6.0,20.349999999999994,146.35,18.84955592153876,165.19955592153875,2,180.0,242,27.95288658913517,0.73175,3.807422738380465,0.45235134801029253,4.991524086390758,True,,,,
402,61,80,29,35,135.375,150.0,16.375,0.0,42.275,6.0,119.0,245.0,18.84955592153876,263.84955592153875,2,180.0,240,31.713377838836674,1.225,3.807422738380465,0.45425612195587795,5.486678860336343,True,,,,
403,108,80,13,35,62.5,150.0,16.2,0.0,68.875,6.0,46.3,172.3,18.84955592153876,191.14955592153876,2,180.0,168,32.42638500374308,0.8615,3.807422738380465,0.3315179865817062,5.000440724962171,True,,,,
404,113,80,5,35,26.85,150.0,15.675,0.0,75.35,6.0,11.175,138.02839296501926,18.023904632981605,156.05229759800088,2,172.1156109693561,83,28.240736430519714,0.6901419648250964,3.6406493935276267,0.17169653192182793,4.502487890274551,True,,,,
405,113,80,5,35,27.025,150.0,15.85,0.0,75.175,6.0,11.174999999999999,138.02839296501926,18.0239046329816,156.05229759800088,2,172.11561096935606,83,24.47613521518094,0.6901419648250964,3.6406493935276263,0.1709524853061822,4.501743843658906,True,,,,
406,117,80,7,35,35.85,150.0,16.025,0.0,73.075,6.0,19.825000000000003,145.825,18.84955592153876,164.67455592153874,2,180.0,105,30.0190200295778,0.7291249999999999,3.807422738380465,0.20386922221098444,4.74041696059145,True,,,,
407,62,81,53,37,96.675,0.0,25.725,0.0,21.45,6.0,70.94999999999999,89.85,18.84955592153876,108.69955592153875,2,180.0,193,39.94450518981492,0.44925,3.807422738380465,0.3585417439286149,4.61521448230908,True,,,,
408,62,81,53,37,96.85,0.0,25.55,0.0,21.625,6.0,71.3,90.55,18.84955592153876,109.39955592153876,2,180.0,193,37.265962926494275,0.45275,3.807422738380465,0.3632738837755519,4.623446622156017,True,,,,
409,62,81,53,37,97.025,0.0,25.375,0.0,21.8,6.0,71.65,91.25,18.84955592153876,110.09955592153875,2,180.0,193,34.411508669769525,0.45625,3.807422738380465,0.3666072732993935,4.630280011679859,True,,,,
410,62,81,53,37,97.2,0.0,25.2,0.0,21.975,6.0,72.0,91.94999999999999,18.84955592153876,110.79955592153874,2,180.0,193,31.332206707233127,0.45974999999999994,3.807422738380465,0.36419653192182705,4.631369270302292,True,,,,
411,62,84,53,41,96.5,0.0,44.95,0.0,21.275,6.0,51.55,70.1,18.84955592153876,88.94955592153875,2,180.0,163,39.94450518981488,0.3505,3.807422738380465,0.3257144061225174,4.483637144502983,True,,,,
412,107,84,11,41,53.5,150.0,43.2,0.0,69.925,6.0,10.299999999999997,138.1210269804162,17.143817602170326,155.2648445825865,2,163.71139889107508,208,35.421099356069945,0.690605134902081,3.4628805703886325,0.38467274647966404,4.538158451770378,True,,,,
413,107,84,11,41,53.675,150.0,43.375,0.0,69.75,6.0,10.299999999999997,138.1210269804162,17.143817602170326,155.2648445825865,2,163.71139889107508,208,32.42638500374308,0.690605134902081,3.4628805703886325,0.3806549284694823,4.534140633760196,True,,,,
414,84,114,41,3,42.675,0.0,19.425,150.0,85.15,6.0,23.249999999999996,149.25,18.84955592153876,168.09955592153875,2,180.0,152,27.952886589135197,0.74625,3.807422738380465,0.2888691941157302,4.842541932496195,True,,,,
415,84,114,41,3,42.85,0.0,19.6,150.0,85.325,6.0,23.25,149.25,18.84955592153876,168.09955592153875,2,180.0,152,31.141348404544058,0.74625,3.807422738380465,0.284404886326602,4.838077624707067,True,,,,
416,86,114,39,3,33.5,0.0,18.9,150.0,83.225,6.0,14.600000000000001,140.6,18.84955592153876,159.44955592153875,2,180.0,126,34.41150866976964,0.703,3.807422738380465,0.2513989750851291,4.7618217134655945,True,,,,
417,86,114,39,3,33.675,0.0,19.075,150.0,83.4,6.0,14.599999999999998,140.6,18.84955592153876,159.44955592153875,2,180.0,126,31.33220670723316,0.703,3.807422738380465,0.24827396806131558,4.758696706441781,True,,,,
418,117,86,7,39,36.025,150.0,34.025,0.0,72.9,6.0,2.0,143.3667504192892,7.028226521485822,150.39497694077502,2,67.11461952384151,152,47.86858551078456,0.716833752096446,1.4196318247379318,0.280714406122518,2.417179982956896,True,,,,
419,118,86,9,39,44.675,150.0,34.2,0.0,70.975,6.0,10.474999999999994,138.0972954753972,17.320420963558085,155.4177164389553,2,165.39783676696553,171,28.928339844137053,0.690486477376986,3.498552692141583,0.3259823505613431,4.515021520079912,True,,,,
420,84,89,41,33,42.5,0.0,9.125,0.0,6.05,6.0,33.375,21.475,18.84955592153876,40.32455592153876,2,180.0,112,44.90052796068899,0.10737500000000001,3.807422738380465,0.23886925030623862,4.1536669886867035,True,,,,
421,117,89,7,33,35.5,150.0,8.25,0.0,73.425,6.0,27.25,153.25,18.84955592153876,172.09955592153875,2,180.0,110,31.493594247774954,0.76625,3.807422738380465,0.2369942292347979,4.810666967615263,True,,,,
422,117,89,7,33,35.675,150.0,8.425,0.0,73.25,6.0,27.249999999999996,153.25,18.84955592153876,172.09955592153875,2,180.0,110,34.56006960743448,0.76625,3.807422738380465,0.23011923625861153,4.803791974639077,True,,,,
423,93,107,27,11,125.5,150.0,55.6,150.0,120.85,6.0,69.9,104.20000000000002,18.84955592153876,123.04955592153877,2,180.0,195,27.95288658913517,0.5210000000000001,3.807422738380465,0.3615775204252494,4.690000258805714,True,,,,
424,93,107,27,11,125.675,150.0,55.425,150.0,120.675,6.0,70.25,104.9,18.84955592153876,123.74955592153876,2,180.0,195,31.332206707233183,0.5245000000000001,3.807422738380465,0.3585418001191235,4.690464538499588,True,,,,
425,93,107,27,11,125.85,150.0,55.25,150.0,120.5,6.0,70.6,105.6,18.84955592153876,124.44955592153875,2,180.0,195,34.41150866976939,0.528,3.807422738380465,0.3589286717687644,4.69435141014923,True,,,,
426,93,107,27,11,126.025,150.0,55.075,150.0,120.325,6.0,70.95,106.3,18.84955592153876,125.14955592153876,2,180.0,195,37.26596292649413,0.5315,3.807422738380465,0.36422628479597174,4.7031490231764375,True,,,,
427,93,107,27,11,126.2,150.0,54.9,150.0,120.15,6.0,71.30000000000001,107.0,18.84955592153876,125.84955592153875,2,180.0,195,36.91132428071878,0.535,3.807422738380465,0.37071440612251716,4.713137144502983,True,,,,
428,93,107,27,11,126.375,150.0,54.725,150.0,119.975,6.0,71.65,107.70000000000002,18.84955592153876,126.54955592153877,2,180.0,195,36.362909636790405,0.5385000000000001,3.807422738380465,0.37827396806131425,4.724196706441779,True,,,,
429,93,107,27,11,126.55,150.0,54.55,150.0,119.8,6.0,72.0,108.4,18.84955592153876,127.24955592153876,2,180.0,195,35.9735557213494,0.542,3.807422738380465,0.381696560017081,4.731119298397546,True,,,,
430,93,107,27,11,126.725,150.0,54.375,150.0,119.625,6.0,72.35,109.1,18.84955592153876,127.94955592153875,2,180.0,195,35.74772082806103,0.5455,3.807422738380465,0.37967271838440964,4.732595456764875,True,,,,
431,93,107,27,11,126.9,150.0,54.2,150.0,119.45,6.0,72.7,109.8,18.84955592153876,128.64955592153876,2,180.0,195,34.41150866976939,0.549,3.807422738380465,0.3753572592517664,4.7317799976322314,True,,,,
432,93,107,27,11,127.075,150.0,54.025,150.0,119.275,6.0,73.05000000000001,110.5,18.84955592153876,129.34955592153875,2,180.0,195,31.332206707233127,0.5525,3.807422738380465,0.3730953384354307,4.733018076815896,True,,,,
433,93,113,27,5,127.25,150.0,28.775,150.0,119.1,6.0,98.475,136.275,18.84955592153876,155.12455592153876,2,180.0,214,27.952886589134987,0.6813750000000001,3.807422738380465,0.3898513199150392,4.878649058295505,True,,,,
434,98,74,23,55,110.125,150.0,107.95,0.0,50.5,6.0,2.174999999999997,143.11019775320074,7.338789967127394,150.44898772032812,2,70.08028197489193,173,35.24750699205257,0.7155509887660036,1.4823625505739908,0.34178587483002376,2.5396994141700184,True,,,,
435,98,78,23,45,109.425,150.0,62.075,0.0,51.2,6.0,47.349999999999994,173.34999999999997,18.84955592153876,192.19955592153872,2,180.0,236,32.66037475623775,0.8667499999999998,3.807422738380465,0.4459227605272904,5.120095498907755,True,,,,
436,98,89,23,33,109.075,150.0,8.6,0.0,51.55,6.0,100.47500000000001,226.47500000000002,18.84955592153876,245.32455592153877,2,180.0,257,25.813323440962318,1.1323750000000001,3.807422738380465,0.4889585651191787,5.428756303499643,True,,,,
437,98,89,23,33,109.25,150.0,8.775,0.0,51.375,6.0,100.475,226.475,18.84955592153876,245.32455592153875,2,180.0,257,29.419011747226328,1.132375,3.807422738380465,0.4846430778912813,5.424440816271746,True,,,,
438,98,101,23,17,107.5,150.0,82.425,150.0,127.5,6.0,25.075000000000003,46.075,18.84955592153876,64.92455592153877,2,180.0,78,34.411508669769695,0.23037500000000002,3.807422738380465,0.17833350190485844,4.216131240285324,True,,,,
439,98,109,23,15,107.675,150.0,74.125,150.0,127.325,6.0,33.55,54.90000000000002,18.849555921538737,73.74955592153876,2,180.0,105,37.265962926494396,0.27450000000000013,3.8074227383804606,0.23351204724497973,4.31543478562544,True,,,,
440,98,109,23,15,107.85,150.0,73.95,150.0,127.15,6.0,33.89999999999999,55.59999999999998,18.84955592153876,74.44955592153875,2,180.0,105,39.944505189814926,0.2779999999999999,3.807422738380465,0.22619064877560915,4.311613387156074,True,,,,
441,98,113,23,5,108.725,150.0,29.125,150.0,126.275,6.0,79.6,103.04999999999998,18.84955592153876,121.89955592153873,2,180.0,211,31.332206707233183,0.5152499999999999,3.807422738380465,0.3953572592517667,4.7180299976322315,True,,,,
442,98,113,23,5,108.9,150.0,28.95,150.0,126.1,6.0,79.95,103.75000000000001,18.84955592153876,122.59955592153878,2,180.0,211,27.952886589134927,0.51875,3.807422738380465,0.39023816346942636,4.716410901849891,True,,,,
443,98,117,23,7,108.025,150.0,37.425,150.0,126.975,6.0,70.60000000000001,92.65000000000002,18.84955592153876,111.49955592153879,2,180.0,207,42.48111287543219,0.4632500000000001,3.807422738380465,0.4083335580953656,4.679006296475831,True,,,,
444,98,117,23,7,108.2,150.0,37.25,150.0,126.8,6.0,70.95,93.34999999999998,18.84955592153878,112.19955592153876,2,180.0,207,39.94450518981474,0.4667499999999999,3.807422738380469,0.40666683523819064,4.68083957361866,True,,,,
445,98,117,23,7,108.375,150.0,37.075,150.0,126.625,6.0,71.3,94.05,18.84955592153876,112.89955592153876,2,180.0,207,37.26596292649413,0.47025,3.807422738380465,0.40386922221098326,4.681541960591448,True,,,,
446,99,84,25,41,117.725,150.0,44.775,0.0,48.575,6.0,72.94999999999999,198.95,18.84955592153876,217.79955592153874,2,180.0,246,27.952886589135016,0.9947499999999999,3.807422738380465,0.4772025836395706,5.2793753220200355,True,,,,
447,99,101,25,17,116.5,150.0,83.125,150.0,136.95,6.0,33.375,35.47500000000002,18.84955592153876,54.32455592153878,2,180.0,104,46.56746344221026,0.17737500000000012,3.807422738380465,0.2025596462245599,4.187357384605025,True,,,,
448,99,101,25,17,116.675,150.0,82.95,150.0,136.775,6.0,33.724999999999994,36.17499999999998,18.84955592153876,55.02455592153874,2,180.0,104,48.82711314820602,0.18087499999999992,3.807422738380465,0.19958343166672302,4.187881170047188,True,,,,
449,99,101,25,17,116.85,150.0,82.775,150.0,136.6,6.0,34.07499999999999,36.875,18.84955592153876,55.72455592153876,2,180.0,104,51.011332559848334,0.184375,3.807422738380465,0.19556558556128706,4.187363323941752,True,,,,
450,99,107,25,11,117.2,150.0,56.125,150.0,124.0,6.0,61.075,89.075,18.84955592153876,107.92455592153877,2,180.0,178,31.332206707233183,0.445375,3.807422738380465,0.35669664430284387,4.609494382683309,True,,,,
451,99,107,25,11,117.375,150.0,55.95,150.0,123.825,6.0,61.425,89.77500000000002,18.849555921538737,108.62455592153876,2,180.0,178,31.332206707233194,0.44887500000000014,3.8074227383804606,0.3494942573300514,4.605791995710512,True,,,,
452,99,107,25,11,117.55,150.0,55.775,150.0,123.65,6.0,61.775,90.475,18.84955592153876,109.32455592153875,2,180.0,178,27.952886589135232,0.45237499999999997,3.807422738380465,0.3457144342177716,4.605512172598237,True,,,,
453,99,109,25,15,117.025,150.0,73.775,150.0,124.175,6.0,43.25,70.89999999999998,18.84955592153878,89.74955592153876,2,180.0,127,27.952886589135222,0.35449999999999987,3.807422738380469,0.2568156838946769,4.418738422275146,True,,,,
454,61,101,29,17,134.5,150.0,82.25,150.0,117.175,6.0,52.25,93.9,18.84955592153876,112.74955592153876,2,180.0,155,27.95288658913517,0.46950000000000003,3.807422738380465,0.3099406066327275,4.586863345013192,True,,,,
455,101,84,17,41,81.55,150.0,44.425,0.0,62.575,6.0,37.125,163.125,18.84955592153876,181.97455592153875,2,180.0,239,35.42109935606989,0.815625,3.807422738380465,0.45711324073137427,5.080160979111839,True,,,,
456,101,84,17,41,81.725,150.0,44.6,0.0,62.4,6.0,37.12499999999999,163.125,18.84955592153876,181.97455592153875,2,180.0,239,34.41150866976939,0.815625,3.807422738380465,0.452797781598731,5.075845519979196,True,,,,
457,101,114,17,3,81.375,150.0,20.125,150.0,133.8,6.0,61.25,69.64999999999998,18.84955592153876,88.49955592153873,2,180.0,177,42.48111287543219,0.3482499999999999,3.807422738380465,0.34758948338446616,4.503262221764931,True,,,,
458,101,117,17,7,81.025,150.0,37.775,150.0,134.325,6.0,43.25000000000001,50.60000000000003,18.84955592153876,69.44955592153879,2,180.0,139,34.41150866976964,0.25300000000000017,3.807422738380465,0.28139905937089116,4.341821797751356,True,,,,
459,101,118,17,9,80.5,150.0,47.125,150.0,143.95,6.0,33.375,21.475000000000023,18.84955592153876,40.32455592153878,2,180.0,112,42.48111287543219,0.10737500000000011,3.807422738380465,0.2310418563096327,4.145839594690098,True,,,,
460,101,118,17,9,80.675,150.0,46.95,150.0,143.775,6.0,33.724999999999994,22.174999999999983,18.84955592153876,41.02455592153874,2,180.0,112,39.94450518981498,0.11087499999999992,3.807422738380465,0.22452398210894267,4.142821720489408,True,,,,
461,101,118,17,9,80.85,150.0,46.775,150.0,134.675,6.0,34.074999999999996,40.72499999999997,18.84955592153876,59.57455592153873,2,180.0,112,27.952886589134927,0.20362499999999986,3.807422738380465,0.22958348785723162,4.240631226237697,True,,,,
462,74,107,55,11,107.25,0.0,53.85,150.0,100.725,6.0,53.4,179.4,18.84955592153876,198.24955592153876,2,180.0,232,27.95288658913517,0.897,3.807422738380465,0.43011920816335597,5.134541946543822,True,,,,
463,108,78,13,45,63.025,150.0,61.55,0.0,68.35,6.0,1.4750000000000014,144.23594110023154,6.012483784588346,150.24842488481988,2,57.414990874626085,247,52.22951041136422,0.7211797055011577,1.2144618987775462,0.44232156704089426,2.3779631713195983,True,,,,
464,111,108,19,13,89.675,150.0,64.775,150.0,131.0,6.0,24.89999999999999,38.89999999999999,18.84955592153876,57.74955592153875,2,180.0,79,34.41150866976958,0.19449999999999995,3.807422738380465,0.1667858467347697,4.168708585115234,True,,,,
465,111,108,19,13,89.5,150.0,64.95,150.0,131.175,6.0,24.549999999999997,38.199999999999974,18.84955592153876,57.04955592153873,2,180.0,79,31.332206707233127,0.19099999999999986,3.807422738380465,0.16744057853747354,4.165863316917939,True,,,,
466,77,109,49,15,79.9,0.0,73.6,150.0,94.075,6.0,6.300000000000011,139.44017045592116,12.90998754093604,152.3501579968572,2,123.28129994368518,238,37.58157646977933,0.6972008522796058,2.6076890256816077,0.4603870964116728,3.765276974372886,True,,,,
467,109,84,15,41,72.55,150.0,43.55,0.0,65.9,6.0,29.0,155.0,18.84955592153876,173.84955592153875,2,180.0,234,37.340058684420576,0.775,3.807422738380465,0.4512501826191507,5.033672920999616,True,,,,
468,109,84,15,41,72.725,150.0,43.725,0.0,65.725,6.0,28.999999999999993,155.0,18.84955592153876,173.84955592153875,2,180.0,234,39.9445051898148,0.775,3.807422738380465,0.447946630255216,5.030369368635681,True,,,,
469,109,84,15,41,72.9,150.0,43.9,0.0,65.55,6.0,29.000000000000007,155.0,18.84955592153876,173.84955592153875,2,180.0,234,37.26596292649413,0.775,3.807422738380465,0.4472323084184606,5.029655046798926,True,,,,
470,109,84,15,41,73.075,150.0,44.075,0.0,65.375,6.0,29.0,155.0,18.84955592153876,173.84955592153875,2,180.0,234,34.41150866976939,0.775,3.807422738380465,0.44467277457491744,5.027095512955383,True,,,,
471,109,84,15,41,73.25,150.0,44.25,0.0,65.2,6.0,29.0,155.0,18.84955592153876,173.84955592153875,2,180.0,234,31.332206707233127,0.775,3.807422738380465,0.4368454086735655,5.019268147054031,True,,,,
472,109,86,15,39,71.85,150.0,34.375,0.0,66.6,6.0,37.474999999999994,163.475,18.84955592153876,182.32455592153875,2,180.0,223,24.256384296890555,0.817375,3.807422738380465,0.4206252598811,5.045422998261565,True,,,,
473,109,86,15,39,72.025,150.0,34.55,0.0,66.425,6.0,37.47500000000001,163.47500000000002,18.84955592153876,182.32455592153877,2,180.0,223,28.048532899893555,0.8173750000000002,3.807422738380465,0.42267882629266174,5.047476564673127,True,,,,
474,109,86,15,39,72.2,150.0,34.725,0.0,66.25,6.0,37.475,163.475,18.84955592153876,182.32455592153875,2,180.0,223,31.418454573243583,0.817375,3.807422738380465,0.4250299776361767,5.049827716016642,True,,,,
475,109,86,15,39,72.375,150.0,34.9,0.0,66.075,6.0,37.475,163.47500000000002,18.84955592153876,182.32455592153877,2,180.0,223,34.49088633353482,0.8173750000000002,3.807422738380465,0.43059539462593877,5.055393133006404,True,,,,
476,109,117,15,7,71.5,150.0,38.125,150.0,136.95,6.0,33.375,35.47500000000002,18.84955592153876,54.32455592153878,2,180.0,112,39.944505189814926,0.17737500000000012,3.807422738380465,0.24345256959194495,4.22825030797241,True,,,,
477,109,117,15,7,71.675,150.0,37.95,150.0,136.775,6.0,33.724999999999994,36.17499999999998,18.84955592153876,55.02455592153874,2,180.0,112,42.48111287543219,0.18087499999999992,3.807422738380465,0.2382739680613155,4.2265717064417805,True,,,,
478,111,77,19,49,90.725,150.0,80.075,0.0,58.9,6.0,10.649999999999991,138.07617930359567,17.49669192375402,155.57287122734968,2,167.08110044528976,222,45.41351675674638,0.6903808965179783,3.534157672161259,0.4129168492858174,4.637455417965056,True,,,,
479,111,77,19,49,90.9,150.0,80.25,0.0,58.2,6.0,10.650000000000006,138.0761793035957,17.496691923754035,155.57287122734974,2,167.0811004452899,222,35.04994691109191,0.6903808965179785,3.534157672161262,0.43104182821437653,4.655580396893617,True,,,,
480,111,77,19,49,91.075,150.0,80.425,0.0,58.025,6.0,10.650000000000006,138.07617930359567,17.496691923754035,155.5728712273497,2,167.0811004452899,222,32.02482746807539,0.6903808965179783,3.534157672161262,0.4288691660204743,4.653407734699715,True,,,,
481,111,79,19,43,90.55,150.0,53.25,0.0,59.075,6.0,37.3,163.3,18.84955592153876,182.14955592153876,2,180.0,250,45.888982560095066,0.8165000000000001,3.807422738380465,0.4639287560545256,5.087851494434991,True,,,,
482,111,81,19,37,90.025,150.0,24.675,0.0,60.3,6.0,65.35000000000001,191.35000000000002,18.84955592153876,210.19955592153877,2,180.0,234,25.813323440962318,0.9567500000000001,3.807422738380465,0.44470249935380796,5.208875237734273,True,,,,
483,111,81,19,37,90.2,150.0,24.85,0.0,60.125,6.0,65.35,191.35,18.84955592153876,210.19955592153875,2,180.0,234,29.419011747226328,0.95675,3.807422738380465,0.4403870402211646,5.204559778601629,True,,,,
484,111,81,19,37,90.375,150.0,25.025,0.0,59.95,6.0,65.35,191.35000000000002,18.84955592153876,210.19955592153877,2,180.0,234,32.66037475623775,0.9567500000000001,3.807422738380465,0.44098229437083364,5.205155032751299,True,,,,
485,111,114,19,3,89.85,150.0,19.95,150.0,130.65,6.0,69.89999999999999,84.59999999999998,18.84955592153876,103.44955592153875,2,180.0,193,39.94450518981498,0.42299999999999993,3.807422738380465,0.35690488632660144,4.587327624707067,True,,,,
486,113,89,5,33,26.5,150.0,7.9,0.0,75.7,6.0,18.6,144.6,18.84955592153876,163.44955592153875,2,180.0,84,30.330230527440552,0.723,3.807422738380465,0.1847025555443176,4.715125293924783,True,,,,
487,113,89,5,33,26.675,150.0,8.075,0.0,75.525,6.0,18.6,144.6,18.84955592153876,163.44955592153875,2,180.0,84,31.33220670723316,0.723,3.807422738380465,0.18238112897969297,4.712803867360158,True,,,,
488,86,114,39,3,33.85,0.0,19.25,150.0,83.575,6.0,14.600000000000001,140.60000000000002,18.84955592153876,159.44955592153877,2,180.0,126,27.952886589135197,0.7030000000000002,3.807422738380465,0.2448215670408959,4.755244305421361,True,,,,
489,114,89,3,33,17.5,150.0,6.5,0.0,78.15,6.0,11.0,138.0417392568986,17.848394882211373,155.89013413911,2,170.43961630560167,60,44.36881443763119,0.6902086962844931,3.6051981702377196,0.13690491442185587,4.432311780944069,True,,,,
490,114,89,3,33,17.675,150.0,6.675,0.0,77.975,6.0,11.0,138.0417392568986,17.848394882211373,155.89013413911,2,170.43961630560167,60,48.82711314820604,0.6902086962844931,3.6051981702377196,0.12705373498308659,4.4224606015053,True,,,,
491,114,89,3,33,17.85,150.0,6.85,0.0,77.8,6.0,11.000000000000002,138.0417392568986,17.848394882211373,155.89013413911,2,170.4396163056017,60,51.011332559848455,0.6902086962844931,3.6051981702377196,0.12002989335041517,4.4154367598726285,True,,,,
492,114,89,3,33,18.025,150.0,7.025,0.0,77.625,6.0,10.999999999999998,138.0417392568986,17.848394882211373,155.89013413911,2,170.43961630560165,60,53.13010235415601,0.6902086962844931,3.6051981702377196,0.1197024993538091,4.415109365876022,True,,,,
493,114,89,3,33,18.2,150.0,7.2,0.0,77.45,6.0,11.0,138.0417392568986,17.848394882211373,155.89013413911,2,170.43961630560167,60,55.124605184379064,0.6902086962844931,3.6051981702377196,0.11931568389467642,4.414722550416889,True,,,,
494,114,89,3,33,18.375,150.0,7.375,0.0,77.275,6.0,11.0,138.0417392568986,17.848394882211373,155.89013413911,2,170.43961630560167,60,55.751694615887146,0.6902086962844931,3.6051981702377196,0.11830369284020535,4.413710559362419,True,,,,
495,114,89,3,33,18.55,150.0,7.55,0.0,77.1,6.0,11.0,138.0417392568986,17.848394882211373,155.89013413911,2,170.43961630560167,60,53.97144364772247,0.6902086962844931,3.6051981702377196,0.11904773945585102,4.414454605978064,True,,,,
496,114,89,3,33,18.725,150.0,7.725,0.0,76.925,6.0,11.000000000000002,138.0417392568986,17.848394882211373,155.89013413911,2,170.4396163056017,60,51.87675670204533,0.6902086962844931,3.6051981702377196,0.1201191800681028,4.4155260465903154,True,,,,
497,62,116,53,1,97.9,0.0,9.55,150.0,97.75,6.0,88.35000000000001,214.35000000000002,18.84955592153876,233.19955592153877,2,180.0,256,32.68346375772296,1.0717500000000002,3.807422738380465,0.5265479361226295,5.405720674503094,True,,,,
498,62,116,53,1,98.075,0.0,9.725,150.0,97.925,6.0,88.35000000000001,214.35000000000002,18.84955592153876,233.19955592153877,2,180.0,256,29.444376929630245,1.0717500000000002,3.807422738380465,0.520893120034163,5.400065858414628,True,,,,
499,62,116,53,1,98.25,0.0,9.9,150.0,98.1,6.0,88.35,214.35,18.84955592153876,233.19955592153875,2,180.0,256,25.84193276316703,1.07175,3.807422738380465,0.5145835721429924,5.393756310523457,True,,,,
500,62,116,53,1,98.425,0.0,10.075,150.0,98.275,6.0,88.35,214.35,18.84955592153876,233.19955592153875,2,180.0,256,21.69471602238685,1.07175,3.807422738380465,0.5094347796770157,5.388607518057481,True,,,,
501,80,116,35,1,15.5,0.0,8.5,150.0,81.475,6.0,7.0,139.0912878853643,13.692250745884422,152.78353863124872,2,130.75136329567187,64,46.56746344221023,0.6954564394268214,2.765698409367699,0.14247035950687204,3.6036252083013927,True,,,,
502,72,117,57,7,115.55,0.0,36.375,150.0,103.525,6.0,79.175,205.17499999999998,18.84955592153876,224.02455592153873,2,180.0,233,37.26596292649413,1.0258749999999999,3.807422738380465,0.475059702415067,5.3083574407955325,True,,,,
503,72,117,57,7,115.725,0.0,36.55,150.0,103.7,6.0,79.175,205.175,18.84955592153876,224.02455592153876,2,180.0,233,34.41150866976939,1.025875,3.807422738380465,0.4675299776361766,5.3008277160166415,True,,,,
504,84,117,41,7,43.025,0.0,36.2,150.0,85.5,6.0,6.824999999999996,139.17321030960701,13.49902266735145,152.67223297695847,2,128.90617106511152,173,41.04739187375188,0.695866051548035,2.7266682601714867,0.327023982108942,3.749558293828464,True,,,,
505,98,117,23,7,108.55,150.0,36.9,150.0,126.45,6.0,71.65,94.75000000000003,18.849555921538737,113.59955592153877,2,180.0,207,34.41150866976939,0.47375000000000017,3.8074227383804606,0.39815495656473626,4.679327694945197,True,,,,
506,101,117,17,7,81.2,150.0,37.6,150.0,134.15,6.0,43.6,51.29999999999999,18.84955592153876,70.14955592153875,2,180.0,139,37.26596292649413,0.25649999999999995,3.807422738380465,0.2858633109695111,4.3497860493499765,True,,,,
507,71,118,24,9,112.35,150.0,46.6,150.0,125.4,6.0,65.75,90.94999999999999,18.84955592153876,109.79955592153874,2,180.0,197,27.952886589134927,0.45474999999999993,3.807422738380465,0.3894643920748907,4.651637130455356,True,,,,
508,71,118,24,9,112.525,150.0,46.425,150.0,125.225,6.0,66.10000000000001,91.65000000000002,18.84955592153876,110.49955592153879,2,180.0,197,31.332206707233183,0.4582500000000001,3.807422738380465,0.39491085375858304,4.660583592139049,True,,,,
509,71,118,24,9,112.7,150.0,46.25,150.0,125.05,6.0,66.45,92.34999999999998,18.84955592153878,111.19955592153876,2,180.0,197,31.332206707233055,0.4617499999999999,3.807422738380469,0.3985715810885224,4.667744319468992,True,,,,
510,71,118,24,9,112.875,150.0,46.075,150.0,124.875,6.0,66.8,93.05,18.84955592153876,111.89955592153876,2,180.0,197,27.952886589135222,0.46525,3.807422738380465,0.4000894552892124,4.672762193669677,True,,,,
511,118,81,9,37,44.5,150.0,24.5,0.0,71.15,6.0,20.0,146.0,18.84955592153876,164.84955592153875,2,180.0,154,28.534702342673544,0.73,3.807422738380465,0.30565498465999125,4.843077723040457,True,,,,
