route_a,route_b,x_mm,y_mm,angle_deg,loss_db
0,22,140.6,38.0250628144669,84.26082952273322,0.0018452401020419631
0,23,140.9,38.064414928298774,80.79310377865397,0.0018749929761864628
0,24,139.4,38.0,90.0,0.0016666666666666668
0,25,139.7,38.0,90.0,0.0016666666666666668
0,26,140.0,38.0,90.0,0.0016666666666666668
0,27,140.3,38.00400160128128,87.70755722404392,0.0018749929761864628
0,28,132.2,4.995998398718719,87.70755722404425,0.0018749929761864628
0,29,132.2,5.300000000000001,90.0,0.0016666666666666668
0,30,132.2,12.2,90.0,0.0016666666666666668
0,31,139.1,38.0,90.0,0.0016666666666666668
0,32,132.2,31.7,90.0,0.0016666666666666668
0,33,132.2,32.0,90.0,0.0016666666666666668
0,34,132.2,32.6,90.0,0.0016666666666666668
0,35,132.2,32.3,90.0,0.0016666666666666668
1,22,140.6,37.704001601281284,87.70755722404425,0.0018749929761864628
1,23,140.9,37.7250628144669,84.26082952273322,0.0018452401020419631
1,24,139.4,37.7,90.0,0.0016666666666666668
1,25,139.7,37.7,90.0,0.0016666666666666668
1,26,140.0,37.7,90.0,0.0016666666666666668
1,27,140.3,37.7,90.0,0.0016666666666666668
1,28,132.5,4.974937185533101,84.26082952273322,0.0018452401020419631
1,29,132.5,5.295998398718716,87.70755722404425,0.0018749929761864628
1,30,132.5,12.2,90.0,0.0016666666666666668
1,31,139.1,37.7,90.0,0.0016666666666666668
1,32,132.5,31.7,90.0,0.0016666666666666668
1,33,132.5,32.0,90.0,0.0016666666666666668
1,34,132.5,32.6,90.0,0.0016666666666666668
1,35,132.5,32.3,90.0,0.0016666666666666668
2,24,136.1,106.70212717820351,70.12312592992134,0.0033035804591888336
2,25,136.1,108.6,73.73979529168798,0.0018452401020419631
2,26,136.1,110.47749935930287,77.29096700560461,0.0017857062584988146
2,27,136.1,112.33558507170123,80.7931037786543,0.0018749929761864628
2,28,131.6,5.0,90.0,0.0016666666666666668
2,29,131.6,5.299999999999997,90.0,0.0016666666666666668
2,30,131.6,12.2,90.0,0.0016666666666666668
2,31,136.1,104.78257569495585,66.42182152179822,0.002916680714293742
2,32,131.6,31.7,90.0,0.0016666666666666668
2,33,131.6,32.0,90.0,0.0016666666666666668
2,34,131.6,32.6,90.0,0.0016666666666666668
2,35,131.6,32.3,90.0,0.0016666666666666668
2,36,136.1,130.4,90.0,0.0016666666666666668
2,37,136.1,136.7,90.0,0.0016666666666666668
2,38,136.1,136.4,90.0,0.0016666666666666668
2,39,136.1,136.1,90.0,0.0016666666666666668
2,40,136.1,119.9,90.0,0.0016666666666666668
2,41,136.1,119.0,90.0,0.0016666666666666668
2,42,136.1,118.7,90.0,0.0016666666666666668
2,43,136.1,118.4,90.0,0.0016666666666666668
2,44,136.1,62.0,90.0,0.0016666666666666668
2,45,136.1,86.0,90.0,0.0016666666666666668
2,46,136.1,78.2,90.0,0.0016666666666666668
2,47,131.74022226508916,40.1,76.39867121599247,0.0017857062584988146
3,24,136.4,106.58257569495584,66.42182152179815,0.002916680714293742
3,25,136.4,108.5021271782035,70.12312592992097,0.0033035804591888336
3,26,136.4,110.39999999999999,73.73979529168798,0.0018452401020419631
3,27,136.4,112.27749935930288,77.29096700560461,0.0017857062584988146
3,28,131.9,5.0,90.0,0.0016666666666666668
3,29,131.9,5.300000000000001,90.0,0.0016666666666666668
3,30,131.9,12.2,90.0,0.0016666666666666668
3,31,136.4,104.63959457608462,62.61289249734594,0.002113100255104908
3,32,131.9,31.7,90.0,0.0016666666666666668
3,33,131.9,32.0,90.0,0.0016666666666666668
3,34,131.9,32.6,90.0,0.0016666666666666668
3,35,131.9,32.3,90.0,0.0016666666666666668
3,36,136.4,130.4,90.0,0.0016666666666666668
3,37,136.4,136.7,90.0,0.0016666666666666668
3,38,136.4,136.4,90.0,0.0016666666666666668
3,39,136.4,136.1,90.0,0.0016666666666666668
3,40,136.4,119.9,90.0,0.0016666666666666668
3,41,136.4,119.0,90.0,0.0016666666666666668
3,42,136.4,118.7,90.0,0.0016666666666666668
3,43,136.4,118.4,90.0,0.0016666666666666668
3,44,136.4,62.0,90.0,0.0016666666666666668
3,45,136.4,86.0,90.0,0.0016666666666666668
3,46,136.4,78.2,90.0,0.0016666666666666668
3,47,135.79948449021487,40.1,61.629928798652905,0.0018452401020419631
4,13,100.1,91.7,90.0,0.0016666666666666668
4,14,100.4,91.7,90.0,0.0016666666666666668
4,15,100.7,91.7,90.0,0.0016666666666666668
4,16,101.0,91.7,90.0,0.0016666666666666668
4,28,129.5,5.0,90.0,0.0016666666666666668
4,29,129.5,5.3,90.0,0.0016666666666666668
4,30,129.5,12.2,90.0,0.0016666666666666668
4,31,18.5,105.2,90.0,0.0016666666666666668
4,32,129.5,31.7,90.0,0.0016666666666666668
4,33,129.5,32.0,90.0,0.0016666666666666668
4,34,129.5,32.6,90.0,0.0016666666666666668
4,35,129.5,32.3,90.0,0.0016666666666666668
4,44,129.5,62.0,90.0,0.0016666666666666668
4,45,129.5,86.0,90.0,0.0016666666666666668
4,46,129.5,78.2,90.0,0.0016666666666666668
4,47,129.5,40.1,90.0,0.0016666666666666668
4,56,129.5,45.8,90.0,0.0016666666666666668
4,57,129.5,45.5,90.0,0.0016666666666666668
4,58,129.5,45.2,90.0,0.0016666666666666668
4,59,129.5,46.1,90.0,0.0016666666666666668
4,67,62.0,91.7,90.0,0.0016666666666666668
4,68,61.4,91.7,90.0,0.0016666666666666668
4,69,61.7,91.7,90.0,0.0016666666666666668
4,72,107.3,91.7,90.0,0.0016666666666666668
4,73,107.6,91.7,90.0,0.0016666666666666668
4,77,117.8,91.7,90.0,0.0016666666666666668
4,78,50.0,91.7,90.0,0.0016666666666666668
4,79,50.3,91.7,90.0,0.0016666666666666668
4,80,50.599999999999994,91.7,90.0,0.0016666666666666668
4,81,18.5,99.5,90.0,0.0016666666666666668
4,84,23.599999999999994,91.7,90.0,0.0016666666666666668
4,86,107.9,91.7,90.0,0.0016666666666666668
4,87,108.32250064069711,91.7,77.29096700560466,0.0017857062584988146
4,88,109.22916869918747,91.7,58.66774850240584,0.00199406066327276
4,90,107.0,91.7,90.0,0.0016666666666666668
4,91,106.1,91.7,90.0,0.0016666666666666668
4,101,126.8,91.13959457608462,62.612892497346095,0.002113100255104908
4,102,127.1,90.97083130081253,58.66774850240584,0.00199406066327276
4,103,127.4,90.77308237088326,54.549457360824505,0.002261892721081555
4,104,127.7,90.54187454245971,50.20818050044273,0.0038393007653147234
4,105,124.73717936142684,91.69437142696789,52.84308308103778,0.002202386972792556
4,106,39.2,91.7,90.0,0.0016666666666666668
4,111,72.2,91.7,90.0,0.0016666666666666668
4,112,72.5,91.7,90.0,0.0016666666666666668
4,130,81.5,91.7,90.0,0.0016666666666666668
4,131,81.8,91.7,90.0,0.0016666666666666668
4,132,80.6,91.7,90.0,0.0016666666666666668
4,133,80.9,91.7,90.0,0.0016666666666666668
4,134,79.7,91.7,90.0,0.0016666666666666668
4,145,90.8,91.7,90.0,0.0016666666666666668
4,164,18.5,144.8,90.0,0.0016666666666666668
4,178,128.0,90.27071421427144,45.57299599919436,0.005714293741501186
4,179,81.2,91.7,90.0,0.0016666666666666668
4,190,46.400000000000006,91.7,90.0,0.0016666666666666668
4,199,45.8,91.7,90.0,0.0016666666666666668
4,200,46.099999999999994,91.7,90.0,0.0016666666666666668
4,206,56.599999999999994,91.7,90.0,0.0016666666666666668
4,210,53.900000000000006,91.7,90.0,0.0016666666666666668
4,212,44.599999999999994,91.7,90.0,0.0016666666666666668
4,213,44.900000000000006,91.7,90.0,0.0016666666666666668
4,214,45.2,91.7,90.0,0.0016666666666666668
4,215,45.5,91.7,90.0,0.0016666666666666668
4,222,54.2,91.7,90.0,0.0016666666666666668
4,223,54.5,91.7,90.0,0.0016666666666666668
4,224,54.8,91.7,90.0,0.0016666666666666668
4,225,91.1,91.7,90.0,0.0016666666666666668
4,226,24.799999999999997,91.7,90.0,0.0016666666666666668
4,227,25.099999999999994,91.7,90.0,0.0016666666666666668
4,228,25.400000000000006,91.7,90.0,0.0016666666666666668
4,246,116.3,91.7,90.0,0.0016666666666666668
4,247,116.6,91.7,90.0,0.0016666666666666668
5,13,100.1,93.5,90.0,0.0016666666666666668
5,14,100.4,93.5,90.0,0.0016666666666666668
5,15,100.7,93.5,90.0,0.0016666666666666668
5,16,101.0,93.5,90.0,0.0016666666666666668
5,28,129.8,5.0,90.0,0.0016666666666666668
5,29,129.8,5.3,90.0,0.0016666666666666668
5,30,129.8,12.2,90.0,0.0016666666666666668
5,31,18.8,105.2,90.0,0.0016666666666666668
5,32,129.8,31.7,90.0,0.0016666666666666668
5,33,129.8,32.0,90.0,0.0016666666666666668
5,34,129.8,32.6,90.0,0.0016666666666666668
5,35,129.8,32.3,90.0,0.0016666666666666668
5,44,129.8,62.0,90.0,0.0016666666666666668
5,45,129.8,86.0,90.0,0.0016666666666666668
5,46,129.8,78.2,90.0,0.0016666666666666668
5,47,129.8,40.1,90.0,0.0016666666666666668
5,56,129.8,45.8,90.0,0.0016666666666666668
5,57,129.8,45.5,90.0,0.0016666666666666668
5,58,129.8,45.2,90.0,0.0016666666666666668
5,59,129.8,46.1,90.0,0.0016666666666666668
5,67,62.0,93.5,90.0,0.0016666666666666668
5,68,61.4,93.5,90.0,0.0016666666666666668
5,69,61.7,93.5,90.0,0.0016666666666666668
5,72,107.3,93.5,90.0,0.0016666666666666668
5,73,107.6,93.5,90.0,0.0016666666666666668
5,77,117.8,93.5,90.0,0.0016666666666666668
5,78,50.0,93.5,90.0,0.0016666666666666668
5,79,50.3,93.5,90.0,0.0016666666666666668
5,80,50.599999999999994,93.5,90.0,0.0016666666666666668
5,81,18.8,99.5,90.0,0.0016666666666666668
5,84,23.6,93.50400160128129,87.70755722404412,0.0018749929761864628
5,86,107.9,93.5,90.0,0.0016666666666666668
5,87,108.2,93.5,90.0,0.0016666666666666668
5,88,108.56441492829877,93.5,80.79310377865414,0.0018749929761864628
5,90,107.0,93.5,90.0,0.0016666666666666668
5,91,106.1,93.5,90.0,0.0016666666666666668
5,101,126.8,93.08257569495585,66.42182152179836,0.002916680714293742
5,102,127.1,92.93959457608463,62.61289249734631,0.002113100255104908
5,103,127.4,92.77083130081253,58.66774850240584,0.00199406066327276
5,104,127.7,92.57308237088327,54.54945736082474,0.002261892721081555
5,105,125.676724621314,93.42253531611321,82.91163282222023,0.0018749929761864628
5,106,39.2,93.5,90.0,0.0016666666666666668
5,111,72.2,93.5,90.0,0.0016666666666666668
5,112,72.5,93.5,90.0,0.0016666666666666668
5,130,81.5,93.5,90.0,0.0016666666666666668
5,131,81.8,93.5,90.0,0.0016666666666666668
5,132,80.6,93.5,90.0,0.0016666666666666668
5,133,80.9,93.5,90.0,0.0016666666666666668
5,134,79.7,93.5,90.0,0.0016666666666666668
5,145,90.8,93.5,90.0,0.0016666666666666668
5,164,18.8,144.8,90.0,0.0016666666666666668
5,178,128.0,92.34187454245972,50.20818050044296,0.0038393007653147234
5,179,81.2,93.5,90.0,0.0016666666666666668
5,190,46.400000000000006,93.5,90.0,0.0016666666666666668
5,199,45.8,93.5,90.0,0.0016666666666666668
5,200,46.099999999999994,93.5,90.0,0.0016666666666666668
5,206,56.599999999999994,93.5,90.0,0.0016666666666666668
5,210,53.900000000000006,93.5,90.0,0.0016666666666666668
5,212,44.599999999999994,93.5,90.0,0.0016666666666666668
5,213,44.900000000000006,93.5,90.0,0.0016666666666666668
5,214,45.2,93.5,90.0,0.0016666666666666668
5,215,45.5,93.5,90.0,0.0016666666666666668
5,222,54.2,93.5,90.0,0.0016666666666666668
5,223,54.5,93.5,90.0,0.0016666666666666668
5,224,54.8,93.5,90.0,0.0016666666666666668
5,225,91.1,93.5,90.0,0.0016666666666666668
5,226,24.799999999999997,93.5,90.0,0.0016666666666666668
5,227,25.099999999999994,93.5,90.0,0.0016666666666666668
5,228,25.400000000000006,93.5,90.0,0.0016666666666666668
5,246,116.3,93.5,90.0,0.0016666666666666668
5,247,116.6,93.5,90.0,0.0016666666666666668
6,13,100.1,95.3,90.0,0.0016666666666666668
6,14,100.4,95.3,90.0,0.0016666666666666668
6,15,100.7,95.3,90.0,0.0016666666666666668
6,16,101.0,95.3,90.0,0.0016666666666666668
6,28,130.1,5.0,90.0,0.0016666666666666668
6,29,130.1,5.3,90.0,0.0016666666666666668
6,30,130.1,12.2,90.0,0.0016666666666666668
6,31,19.1,105.2,90.0,0.0016666666666666668
6,32,130.1,31.7,90.0,0.0016666666666666668
6,33,130.1,32.0,90.0,0.0016666666666666668
6,34,130.1,32.6,90.0,0.0016666666666666668
6,35,130.1,32.3,90.0,0.0016666666666666668
6,44,130.1,62.0,90.0,0.0016666666666666668
6,45,130.1,86.0,90.0,0.0016666666666666668
6,46,130.1,78.2,90.0,0.0016666666666666668
6,47,130.1,40.1,90.0,0.0016666666666666668
6,56,130.1,45.8,90.0,0.0016666666666666668
6,57,130.1,45.5,90.0,0.0016666666666666668
6,58,130.1,45.2,90.0,0.0016666666666666668
6,59,130.1,46.10400160128128,87.70755722404425,0.0018749929761864628
6,67,62.0,95.3,90.0,0.0016666666666666668
6,68,61.4,95.3,90.0,0.0016666666666666668
6,69,61.7,95.3,90.0,0.0016666666666666668
6,72,107.3,95.3,90.0,0.0016666666666666668
6,73,107.6,95.3,90.0,0.0016666666666666668
6,77,117.8,95.3,90.0,0.0016666666666666668
6,78,50.0,95.3,90.0,0.0016666666666666668
6,79,50.3,95.3,90.0,0.0016666666666666668
6,80,50.599999999999994,95.3,90.0,0.0016666666666666668
6,81,19.16441492829877,99.5,80.79310377865414,0.0018749929761864628
6,84,23.6,95.32506281446689,84.26082952273323,0.0018452401020419631
6,86,107.9,95.3,90.0,0.0016666666666666668
6,87,108.2,95.3,90.0,0.0016666666666666668
6,88,108.5,95.3,90.0,0.0016666666666666668
6,90,107.0,95.3,90.0,0.0016666666666666668
6,91,106.1,95.3,90.0,0.0016666666666666668
6,101,126.8,95.0021271782035,70.12312592992113,0.0033035804591888336
6,102,127.1,94.88257569495585,66.42182152179822,0.002916680714293742
6,103,127.4,94.73959457608461,62.61289249734594,0.002113100255104908
6,104,127.7,94.57083130081251,58.66774850240561,0.00199406066327276
6,105,125.9,95.23558507170122,80.79310377865397,0.0018749929761864628
6,106,39.2,95.3,90.0,0.0016666666666666668
6,111,72.2,95.3,90.0,0.0016666666666666668
6,112,72.5,95.3,90.0,0.0016666666666666668
6,130,81.5,95.3,90.0,0.0016666666666666668
6,131,81.8,95.3,90.0,0.0016666666666666668
6,132,80.6,95.3,90.0,0.0016666666666666668
6,133,80.9,95.3,90.0,0.0016666666666666668
6,134,79.7,95.3,90.0,0.0016666666666666668
6,145,90.8,95.3,90.0,0.0016666666666666668
6,164,19.1,144.8,90.0,0.0016666666666666668
6,178,128.0,94.37308237088325,54.549457360824505,0.002261892721081555
6,179,81.2,95.3,90.0,0.0016666666666666668
6,190,46.400000000000006,95.3,90.0,0.0016666666666666668
6,199,45.8,95.3,90.0,0.0016666666666666668
6,200,46.099999999999994,95.3,90.0,0.0016666666666666668
6,206,56.599999999999994,95.3,90.0,0.0016666666666666668
6,210,53.900000000000006,95.3,90.0,0.0016666666666666668
6,212,44.599999999999994,95.3,90.0,0.0016666666666666668
6,213,44.900000000000006,95.3,90.0,0.0016666666666666668
6,214,45.2,95.3,90.0,0.0016666666666666668
6,215,45.5,95.3,90.0,0.0016666666666666668
6,222,54.2,95.3,90.0,0.0016666666666666668
6,223,54.5,95.3,90.0,0.0016666666666666668
6,224,54.8,95.3,90.0,0.0016666666666666668
6,225,91.1,95.3,90.0,0.0016666666666666668
6,226,24.799999999999997,95.3,90.0,0.0016666666666666668
6,227,25.099999999999994,95.3,90.0,0.0016666666666666668
6,228,25.400000000000006,95.3,90.0,0.0016666666666666668
6,246,116.3,95.3,90.0,0.0016666666666666668
6,247,116.6,95.3,90.0,0.0016666666666666668
7,13,100.1,97.1,90.0,0.0016666666666666668
7,14,100.4,97.1,90.0,0.0016666666666666668
7,15,100.7,97.1,90.0,0.0016666666666666668
7,16,101.0,97.1,90.0,0.0016666666666666668
7,28,130.4,5.0,90.0,0.0016666666666666668
7,29,130.4,5.3,90.0,0.0016666666666666668
7,30,130.4,12.2,90.0,0.0016666666666666668
7,31,19.4,105.2,90.0,0.0016666666666666668
7,32,130.4,31.7,90.0,0.0016666666666666668
7,33,130.4,32.0,90.0,0.0016666666666666668
7,34,130.4,32.6,90.0,0.0016666666666666668
7,35,130.4,32.3,90.0,0.0016666666666666668
7,44,130.4,62.0,90.0,0.0016666666666666668
7,45,130.4,86.0,90.0,0.0016666666666666668
7,46,130.4,78.2,90.0,0.0016666666666666668
7,47,130.4,40.1,90.0,0.0016666666666666668
7,56,130.4,45.80400160128128,87.70755722404392,0.0018749929761864628
7,57,130.4,45.5,90.0,0.0016666666666666668
7,58,130.4,45.2,90.0,0.0016666666666666668
7,59,130.4,46.1250628144669,84.26082952273322,0.0018452401020419631
7,67,62.0,97.1,90.0,0.0016666666666666668
7,68,61.400000000000006,97.1,90.0,0.0016666666666666668
7,69,61.7,97.1,90.0,0.0016666666666666668
7,72,107.3,97.1,90.0,0.0016666666666666668
7,73,107.6,97.1,90.0,0.0016666666666666668
7,77,117.8,97.1,90.0,0.0016666666666666668
7,78,50.0,97.1,90.0,0.0016666666666666668
7,79,50.3,97.1,90.0,0.0016666666666666668
7,80,50.599999999999994,97.1,90.0,0.0016666666666666668
7,81,20.129168699187474,99.5,58.667748502405786,0.00199406066327276
7,84,23.6,97.16441492829877,80.79310377865414,0.0018749929761864628
7,86,107.9,97.1,90.0,0.0016666666666666668
7,87,108.2,97.1,90.0,0.0016666666666666668
7,88,108.5,97.1,90.0,0.0016666666666666668
7,90,107.0,97.1,90.0,0.0016666666666666668
7,91,106.1,97.1,90.0,0.0016666666666666668
7,101,126.8,96.9,73.73979529168817,0.0018452401020419631
7,102,127.1,96.8021271782035,70.12312592992134,0.0033035804591888336
7,103,127.4,96.68257569495583,66.42182152179815,0.002916680714293742
7,104,127.7,96.53959457608462,62.61289249734616,0.002113100255104908
7,105,125.9,97.07493718553309,84.2608295227332,0.0018452401020419631
7,106,39.2,97.1,90.0,0.0016666666666666668
7,111,72.2,97.1,90.0,0.0016666666666666668
7,112,72.5,97.1,90.0,0.0016666666666666668
7,130,81.5,97.1,90.0,0.0016666666666666668
7,131,81.8,97.1,90.0,0.0016666666666666668
7,132,80.6,97.1,90.0,0.0016666666666666668
7,133,80.9,97.1,90.0,0.0016666666666666668
7,134,79.7,97.1,90.0,0.0016666666666666668
7,145,90.8,97.1,90.0,0.0016666666666666668
7,164,19.4,144.8,90.0,0.0016666666666666668
7,178,128.0,96.37083130081253,58.66774850240584,0.00199406066327276
7,179,81.2,97.1,90.0,0.0016666666666666668
7,190,46.400000000000006,97.1,90.0,0.0016666666666666668
7,199,45.8,97.1,90.0,0.0016666666666666668
7,200,46.099999999999994,97.1,90.0,0.0016666666666666668
7,206,56.599999999999994,97.1,90.0,0.0016666666666666668
7,210,53.900000000000006,97.1,90.0,0.0016666666666666668
7,212,44.599999999999994,97.1,90.0,0.0016666666666666668
7,213,44.900000000000006,97.1,90.0,0.0016666666666666668
7,214,45.2,97.1,90.0,0.0016666666666666668
7,215,45.5,97.1,90.0,0.0016666666666666668
7,222,54.2,97.1,90.0,0.0016666666666666668
7,223,54.5,97.1,90.0,0.0016666666666666668
7,224,54.8,97.1,90.0,0.0016666666666666668
7,225,91.1,97.1,90.0,0.0016666666666666668
7,226,24.799999999999997,97.1,90.0,0.0016666666666666668
7,227,25.099999999999994,97.1,90.0,0.0016666666666666668
7,228,25.400000000000006,97.1,90.0,0.0016666666666666668
7,246,116.3,97.1,90.0,0.0016666666666666668
7,247,116.6,97.1,90.0,0.0016666666666666668
8,13,100.1,98.9,90.0,0.0016666666666666668
8,14,100.4,98.9,90.0,0.0016666666666666668
8,15,100.7,98.9,90.0,0.0016666666666666668
8,16,101.0,98.9,90.0,0.0016666666666666668
8,28,130.7,5.0,90.0,0.0016666666666666668
8,29,130.7,5.3,90.0,0.0016666666666666668
8,30,130.7,12.2,90.0,0.0016666666666666668
8,31,19.7,105.2,90.0,0.0016666666666666668
8,32,130.7,31.7,90.0,0.0016666666666666668
8,33,130.7,32.0,90.0,0.0016666666666666668
8,34,130.7,32.6,90.0,0.0016666666666666668
8,35,130.7,32.3,90.0,0.0016666666666666668
8,44,130.7,62.0,90.0,0.0016666666666666668
8,45,130.7,86.0,90.0,0.0016666666666666668
8,46,130.7,78.2,90.0,0.0016666666666666668
8,47,130.7,40.1,90.0,0.0016666666666666668
8,56,130.7,45.8250628144669,84.26082952273322,0.0018452401020419631
8,57,130.7,45.50400160128128,87.70755722404425,0.0018749929761864628
8,58,130.7,45.2,90.0,0.0016666666666666668
8,59,130.7,46.16441492829877,80.7931037786543,0.0018749929761864628
8,67,62.0,98.9,90.0,0.0016666666666666668
8,68,61.400000000000006,98.9,90.0,0.0016666666666666668
8,69,61.7,98.9,90.0,0.0016666666666666668
8,72,107.3,98.9,90.0,0.0016666666666666668
8,73,107.6,98.9,90.0,0.0016666666666666668
8,77,117.8,98.9,90.0,0.0016666666666666668
8,78,50.0,98.9,90.0,0.0016666666666666668
8,79,50.3,98.9,90.0,0.0016666666666666668
8,80,50.6250628144669,98.9,84.26082952273322,0.0018452401020419631
8,81,22.325131582592434,99.5,28.35763657632777,0.002291673690480204
8,84,23.6,99.02250064069713,77.29096700560457,0.0017857062584988146
8,86,107.9,98.9,90.0,0.0016666666666666668
8,87,108.2,98.9,90.0,0.0016666666666666668
8,88,108.5,98.9,90.0,0.0016666666666666668
8,90,107.0,98.9,90.0,0.0016666666666666668
8,91,106.1,98.9,90.0,0.0016666666666666668
8,101,126.8,98.77749935930288,77.29096700560446,0.0017857062584988146
8,102,127.1,98.7,73.73979529168798,0.0018452401020419631
8,103,127.4,98.60212717820349,70.12312592992093,0.0033035804591888336
8,104,127.7,98.48257569495584,66.421821521798,0.002916680714293742
8,105,125.9,98.89599839871872,87.70755722404392,0.0018749929761864628
8,106,39.2,98.9,90.0,0.0016666666666666668
8,111,72.2,98.9,90.0,0.0016666666666666668
8,112,72.5,98.9,90.0,0.0016666666666666668
8,130,81.5,98.9,90.0,0.0016666666666666668
8,131,81.8,98.9,90.0,0.0016666666666666668
8,132,80.6,98.9,90.0,0.0016666666666666668
8,133,80.9,98.9,90.0,0.0016666666666666668
8,134,79.7,98.9,90.0,0.0016666666666666668
8,145,90.8,98.9,90.0,0.0016666666666666668
8,164,19.7,144.8,90.0,0.0016666666666666668
8,178,128.0,98.33959457608462,62.61289249734594,0.002113100255104908
8,179,81.2,98.9,90.0,0.0016666666666666668
8,190,46.400000000000006,98.9,90.0,0.0016666666666666668
8,199,45.8,98.9,90.0,0.0016666666666666668
8,200,46.099999999999994,98.9,90.0,0.0016666666666666668
8,206,56.599999999999994,98.9,90.0,0.0016666666666666668
8,210,53.900000000000006,98.9,90.0,0.0016666666666666668
8,212,44.599999999999994,98.9,90.0,0.0016666666666666668
8,213,44.900000000000006,98.9,90.0,0.0016666666666666668
8,214,45.2,98.9,90.0,0.0016666666666666668
8,215,45.5,98.9,90.0,0.0016666666666666668
8,222,54.2,98.9,90.0,0.0016666666666666668
8,223,54.5,98.9,90.0,0.0016666666666666668
8,224,54.8,98.9,90.0,0.0016666666666666668
8,225,91.1,98.9,90.0,0.0016666666666666668
8,226,24.799999999999997,98.9,90.0,0.0016666666666666668
8,227,25.099999999999994,98.9,90.0,0.0016666666666666668
8,228,25.400000000000006,98.9,90.0,0.0016666666666666668
8,246,116.3,98.9,90.0,0.0016666666666666668
8,247,116.6,98.9,90.0,0.0016666666666666668
9,13,103.1,29.9,90.0,0.0016666666666666668
9,14,103.4,29.9,90.0,0.0016666666666666668
9,15,103.7,29.9,90.0,0.0016666666666666668
9,16,104.0,29.9,90.0,0.0016666666666666668
9,28,129.2,5.0,90.0,0.0016666666666666668
9,29,129.2,5.3,90.0,0.0016666666666666668
9,30,129.2,12.2,90.0,0.0016666666666666668
9,32,87.1581254575403,29.9,50.20818050044275,0.0038393007653147234
9,33,79.12691762911675,29.9,54.549457360824576,0.002261892721081555
9,35,40.22916869918748,29.9,58.667748502405686,0.00199406066327276
9,45,23.900000000000006,29.9,90.0,0.0016666666666666668
9,46,24.200000000000003,29.9,90.0,0.0016666666666666668
9,47,24.5,29.9,90.0,0.0016666666666666668
9,56,122.9,29.9,90.0,0.0016666666666666668
9,57,123.2,29.9,90.0,0.0016666666666666668
9,58,123.5,29.9,90.0,0.0016666666666666668
9,59,77.9,29.9,90.0,0.0016666666666666668
9,67,95.3,29.9,90.0,0.0016666666666666668
9,68,76.7,29.9,90.0,0.0016666666666666668
9,69,77.0,29.9,90.0,0.0016666666666666668
9,72,104.3,29.9,90.0,0.0016666666666666668
9,73,104.6,29.9,90.0,0.0016666666666666668
9,74,102.8,29.9,90.0,0.0016666666666666668
9,77,96.2,29.9,90.0,0.0016666666666666668
9,78,50.0,29.9,90.0,0.0016666666666666668
9,79,50.3,29.9,90.0,0.0016666666666666668
9,80,50.599999999999994,29.9,90.0,0.0016666666666666668
9,84,23.599999999999994,29.9,90.0,0.0016666666666666668
9,86,122.0,29.9,90.0,0.0016666666666666668
9,87,122.3,29.9,90.0,0.0016666666666666668
9,88,122.6,29.9,90.0,0.0016666666666666668
9,90,77.6,29.9,90.0,0.0016666666666666668
9,101,96.5,29.9,90.0,0.0016666666666666668
9,102,113.6,29.9,90.0,0.0016666666666666668
9,103,113.9,29.9,90.0,0.0016666666666666668
9,104,114.2,29.9,90.0,0.0016666666666666668
9,106,39.2,29.9,90.0,0.0016666666666666668
9,111,95.6,29.9,90.0,0.0016666666666666668
9,112,95.9,29.9,90.0,0.0016666666666666668
9,130,121.4,29.9,90.0,0.0016666666666666668
9,131,121.7,29.9,90.0,0.0016666666666666668
9,132,85.4,29.9,90.0,0.0016666666666666668
9,133,85.7,29.9,90.0,0.0016666666666666668
9,145,68.6,29.9,90.0,0.0016666666666666668
9,177,14.9,15.5,90.0,0.0016666666666666668
9,178,114.5,29.9,90.0,0.0016666666666666668
9,179,113.3,29.9,90.0,0.0016666666666666668
9,180,112.7,29.9,90.0,0.0016666666666666668
9,181,113.0,29.9,90.0,0.0016666666666666668
9,185,14.9,22.7,90.0,0.0016666666666666668
9,186,14.9,23.0,90.0,0.0016666666666666668
9,190,121.1,29.9,90.0,0.0016666666666666668
9,199,84.8,29.9,90.0,0.0016666666666666668
9,200,85.1,29.9,90.0,0.0016666666666666668
9,206,56.599999999999994,29.9,90.0,0.0016666666666666668
9,210,68.3,29.9,90.0,0.0016666666666666668
9,212,67.1,29.9,90.0,0.0016666666666666668
9,213,67.3749371855331,29.9,84.2608295227332,0.0018452401020419631
9,214,67.69599839871873,29.9,87.70755722404418,0.0018749929761864628
9,215,68.0,29.9,90.0,0.0016666666666666668
9,222,75.8,29.9,90.0,0.0016666666666666668
9,223,76.1,29.9,90.0,0.0016666666666666668
9,224,76.4,29.9,90.0,0.0016666666666666668
9,225,77.3,29.9,90.0,0.0016666666666666668
9,226,74.9,29.9,90.0,0.0016666666666666668
9,227,75.2,29.9,90.0,0.0016666666666666668
9,228,75.5,29.9,90.0,0.0016666666666666668
9,246,30.799999999999997,29.9,90.0,0.0016666666666666668
9,247,31.099999999999994,29.9,90.0,0.0016666666666666668
10,13,103.1,29.0,90.0,0.0016666666666666668
10,14,103.4,29.0,90.0,0.0016666666666666668
10,15,103.7,29.0,90.0,0.0016666666666666668
10,16,104.0,29.0,90.0,0.0016666666666666668
10,28,128.3,5.0,90.0,0.0016666666666666668
10,29,128.3,5.3,90.0,0.0016666666666666668
10,30,128.3,12.2,90.0,0.0016666666666666668
10,32,86.56040542391537,29.0,62.61289249734613,0.002113100255104908
10,33,78.61742430504415,29.0,66.42182152179822,0.002916680714293742
10,56,122.9,29.0,90.0,0.0016666666666666668
10,57,123.2,29.0,90.0,0.0016666666666666668
10,58,123.5,28.99599839871872,87.70755722404425,0.0018749929761864628
10,59,77.9,29.0,90.0,0.0016666666666666668
10,67,95.3,29.0,90.0,0.0016666666666666668
10,68,76.7,29.0,90.0,0.0016666666666666668
10,69,77.0,29.0,90.0,0.0016666666666666668
10,72,104.3,29.0,90.0,0.0016666666666666668
10,73,104.6,29.0,90.0,0.0016666666666666668
10,74,102.8,29.0,90.0,0.0016666666666666668
10,77,96.2,29.0,90.0,0.0016666666666666668
10,78,50.0,29.0,90.0,0.0016666666666666668
10,79,50.3,29.0,90.0,0.0016666666666666668
10,80,50.599999999999994,29.0,90.0,0.0016666666666666668
10,86,122.0,29.0,90.0,0.0016666666666666668
10,87,122.3,29.0,90.0,0.0016666666666666668
10,88,122.6,29.0,90.0,0.0016666666666666668
10,90,77.6,29.0,90.0,0.0016666666666666668
10,101,96.5,29.0,90.0,0.0016666666666666668
10,102,113.6,29.0,90.0,0.0016666666666666668
10,103,113.9,29.0,90.0,0.0016666666666666668
10,104,114.2,29.0,90.0,0.0016666666666666668
10,111,95.6,29.0,90.0,0.0016666666666666668
10,112,95.9,29.0,90.0,0.0016666666666666668
10,130,121.4,29.0,90.0,0.0016666666666666668
10,131,121.7,29.0,90.0,0.0016666666666666668
10,132,85.4,29.0,90.0,0.0016666666666666668
10,133,85.7,29.0,90.0,0.0016666666666666668
10,145,68.6,29.0,90.0,0.0016666666666666668
10,177,40.4,15.5,90.0,0.0016666666666666668
10,178,114.5,29.0,90.0,0.0016666666666666668
10,179,113.3,29.0,90.0,0.0016666666666666668
10,180,112.7,29.0,90.0,0.0016666666666666668
10,181,113.0,29.0,90.0,0.0016666666666666668
10,185,40.4,22.7,90.0,0.0016666666666666668
10,186,40.4,23.0,90.0,0.0016666666666666668
10,187,40.4,21.5,90.0,0.0016666666666666668
10,188,40.4,21.8,90.0,0.0016666666666666668
10,189,40.4,22.1,90.0,0.0016666666666666668
10,190,121.1,29.0,90.0,0.0016666666666666668
10,199,84.8,29.0,90.0,0.0016666666666666668
10,200,85.1,29.0,90.0,0.0016666666666666668
10,201,40.4,10.1,90.0,0.0016666666666666668
10,202,40.4,9.5,90.0,0.0016666666666666668
10,206,56.599999999999994,29.0,90.0,0.0016666666666666668
10,210,68.3,29.0,90.0,0.0016666666666666668
10,212,67.1,29.0,90.0,0.0016666666666666668
10,213,67.4,29.0,90.0,0.0016666666666666668
10,214,67.7,29.0,90.0,0.0016666666666666668
10,215,68.0,29.0,90.0,0.0016666666666666668
10,220,40.4,5.0,90.0,0.0016666666666666668
10,221,40.4,5.300000000000001,90.0,0.0016666666666666668
10,222,75.8,29.0,90.0,0.0016666666666666668
10,223,76.1,29.0,90.0,0.0016666666666666668
10,224,76.4,29.0,90.0,0.0016666666666666668
10,225,77.3,29.0,90.0,0.0016666666666666668
10,226,74.9,29.0,90.0,0.0016666666666666668
10,227,75.2,29.0,90.0,0.0016666666666666668
10,228,75.5,29.0,90.0,0.0016666666666666668
10,229,40.4,5.600000000000001,90.0,0.0016666666666666668
10,249,40.4,22.4,90.0,0.0016666666666666668
10,250,40.4,9.8,90.0,0.0016666666666666668
11,13,103.1,29.3,90.0,0.0016666666666666668
11,14,103.4,29.3,90.0,0.0016666666666666668
11,15,103.7,29.3,90.0,0.0016666666666666668
11,16,104.0,29.3,90.0,0.0016666666666666668
11,28,128.6,5.0,90.0,0.0016666666666666668
11,29,128.6,5.3,90.0,0.0016666666666666668
11,30,128.6,12.2,90.0,0.0016666666666666668
11,32,86.72916869918748,29.3,58.667748502405686,0.00199406066327276
11,33,78.76040542391539,29.3,62.61289249734605,0.002113100255104908
11,56,122.9,29.3,90.0,0.0016666666666666668
11,57,123.2,29.3,90.0,0.0016666666666666668
11,58,123.5,29.3,90.0,0.0016666666666666668
11,59,77.9,29.3,90.0,0.0016666666666666668
11,67,95.3,29.3,90.0,0.0016666666666666668
11,68,76.7,29.3,90.0,0.0016666666666666668
11,69,77.0,29.3,90.0,0.0016666666666666668
11,72,104.3,29.3,90.0,0.0016666666666666668
11,73,104.6,29.3,90.0,0.0016666666666666668
11,74,102.8,29.3,90.0,0.0016666666666666668
11,77,96.2,29.3,90.0,0.0016666666666666668
11,78,50.0,29.3,90.0,0.0016666666666666668
11,79,50.3,29.3,90.0,0.0016666666666666668
11,80,50.599999999999994,29.3,90.0,0.0016666666666666668
11,86,122.0,29.3,90.0,0.0016666666666666668
11,87,122.3,29.3,90.0,0.0016666666666666668
11,88,122.6,29.3,90.0,0.0016666666666666668
11,90,77.6,29.3,90.0,0.0016666666666666668
11,101,96.5,29.3,90.0,0.0016666666666666668
11,102,113.6,29.3,90.0,0.0016666666666666668
11,103,113.9,29.3,90.0,0.0016666666666666668
11,104,114.2,29.3,90.0,0.0016666666666666668
11,111,95.6,29.3,90.0,0.0016666666666666668
11,112,95.9,29.3,90.0,0.0016666666666666668
11,130,121.4,29.3,90.0,0.0016666666666666668
11,131,121.7,29.3,90.0,0.0016666666666666668
11,132,85.4,29.3,90.0,0.0016666666666666668
11,133,85.7,29.3,90.0,0.0016666666666666668
11,145,68.6,29.3,90.0,0.0016666666666666668
11,177,40.1,15.5,90.0,0.0016666666666666668
11,178,114.5,29.3,90.0,0.0016666666666666668
11,179,113.3,29.3,90.0,0.0016666666666666668
11,180,112.7,29.3,90.0,0.0016666666666666668
11,181,113.0,29.3,90.0,0.0016666666666666668
11,185,40.1,22.7,90.0,0.0016666666666666668
11,186,40.1,23.0,90.0,0.0016666666666666668
11,187,40.1,21.5,90.0,0.0016666666666666668
11,188,40.1,21.8,90.0,0.0016666666666666668
11,189,40.1,22.1,90.0,0.0016666666666666668
11,190,121.1,29.3,90.0,0.0016666666666666668
11,199,84.8,29.3,90.0,0.0016666666666666668
11,200,85.1,29.3,90.0,0.0016666666666666668
11,201,40.1,10.1,90.0,0.0016666666666666668
11,202,40.1,9.5,90.0,0.0016666666666666668
11,206,56.599999999999994,29.3,90.0,0.0016666666666666668
11,210,68.3,29.3,90.0,0.0016666666666666668
11,212,67.1,29.3,90.0,0.0016666666666666668
11,213,67.4,29.3,90.0,0.0016666666666666668
11,214,67.7,29.3,90.0,0.0016666666666666668
11,215,68.0,29.3,90.0,0.0016666666666666668
11,220,40.1,5.0,90.0,0.0016666666666666668
11,221,40.1,5.300000000000001,90.0,0.0016666666666666668
11,222,75.8,29.3,90.0,0.0016666666666666668
11,223,76.1,29.3,90.0,0.0016666666666666668
11,224,76.4,29.3,90.0,0.0016666666666666668
11,225,77.3,29.3,90.0,0.0016666666666666668
11,226,74.9,29.3,90.0,0.0016666666666666668
11,227,75.2,29.3,90.0,0.0016666666666666668
11,228,75.5,29.3,90.0,0.0016666666666666668
11,229,40.1,5.599999999999998,90.0,0.0016666666666666668
11,249,40.1,22.4,90.0,0.0016666666666666668
11,250,40.1,9.8,90.0,0.0016666666666666668
12,13,103.1,29.6,90.0,0.0016666666666666668
12,14,103.4,29.6,90.0,0.0016666666666666668
12,15,103.7,29.6,90.0,0.0016666666666666668
12,16,104.0,29.6,90.0,0.0016666666666666668
12,28,128.9,5.0,90.0,0.0016666666666666668
12,29,128.9,5.3,90.0,0.0016666666666666668
12,30,128.9,12.2,90.0,0.0016666666666666668
12,32,86.92691762911674,29.6,54.54945736082454,0.002261892721081555
12,33,78.92916869918747,29.6,58.667748502405765,0.00199406066327276
12,56,122.9,29.6,90.0,0.0016666666666666668
12,57,123.2,29.6,90.0,0.0016666666666666668
12,58,123.5,29.6,90.0,0.0016666666666666668
12,59,77.9,29.6,90.0,0.0016666666666666668
12,67,95.3,29.6,90.0,0.0016666666666666668
12,68,76.7,29.6,90.0,0.0016666666666666668
12,69,77.0,29.6,90.0,0.0016666666666666668
12,72,104.3,29.6,90.0,0.0016666666666666668
12,73,104.6,29.6,90.0,0.0016666666666666668
12,74,102.8,29.6,90.0,0.0016666666666666668
12,77,96.2,29.6,90.0,0.0016666666666666668
12,78,50.0,29.6,90.0,0.0016666666666666668
12,79,50.3,29.6,90.0,0.0016666666666666668
12,80,50.599999999999994,29.6,90.0,0.0016666666666666668
12,86,122.0,29.6,90.0,0.0016666666666666668
12,87,122.3,29.6,90.0,0.0016666666666666668
12,88,122.6,29.6,90.0,0.0016666666666666668
12,90,77.6,29.6,90.0,0.0016666666666666668
12,101,96.5,29.6,90.0,0.0016666666666666668
12,102,113.6,29.6,90.0,0.0016666666666666668
12,103,113.9,29.6,90.0,0.0016666666666666668
12,104,114.2,29.6,90.0,0.0016666666666666668
12,111,95.6,29.6,90.0,0.0016666666666666668
12,112,95.9,29.6,90.0,0.0016666666666666668
12,130,121.4,29.6,90.0,0.0016666666666666668
12,131,121.7,29.6,90.0,0.0016666666666666668
12,132,85.4,29.6,90.0,0.0016666666666666668
12,133,85.7,29.6,90.0,0.0016666666666666668
12,145,68.6,29.6,90.0,0.0016666666666666668
12,177,39.8,15.5,90.0,0.0016666666666666668
12,178,114.5,29.6,90.0,0.0016666666666666668
12,179,113.3,29.6,90.0,0.0016666666666666668
12,180,112.7,29.6,90.0,0.0016666666666666668
12,181,113.0,29.6,90.0,0.0016666666666666668
12,185,39.8,22.7,90.0,0.0016666666666666668
12,186,39.8,23.0,90.0,0.0016666666666666668
12,187,39.8,21.5,90.0,0.0016666666666666668
12,188,39.8,21.8,90.0,0.0016666666666666668
12,189,39.8,22.1,90.0,0.0016666666666666668
12,190,121.1,29.6,90.0,0.0016666666666666668
12,199,84.8,29.6,90.0,0.0016666666666666668
12,200,85.1,29.6,90.0,0.0016666666666666668
12,201,39.8,10.1,90.0,0.0016666666666666668
12,202,39.8,9.5,90.0,0.0016666666666666668
12,206,56.599999999999994,29.6,90.0,0.0016666666666666668
12,210,68.3,29.6,90.0,0.0016666666666666668
12,212,67.1,29.6,90.0,0.0016666666666666668
12,213,67.39599839871872,29.6,87.70755722404408,0.0018749929761864628
12,214,67.7,29.6,90.0,0.0016666666666666668
12,215,68.0,29.6,90.0,0.0016666666666666668
12,220,39.8,5.0,90.0,0.0016666666666666668
12,221,39.8,5.300000000000001,90.0,0.0016666666666666668
12,222,75.8,29.6,90.0,0.0016666666666666668
12,223,76.1,29.6,90.0,0.0016666666666666668
12,224,76.4,29.6,90.0,0.0016666666666666668
12,225,77.3,29.6,90.0,0.0016666666666666668
12,226,74.9,29.6,90.0,0.0016666666666666668
12,227,75.2,29.6,90.0,0.0016666666666666668
12,228,75.5,29.6,90.0,0.0016666666666666668
12,229,39.8,5.600000000000001,90.0,0.0016666666666666668
12,249,39.8,22.4,90.0,0.0016666666666666668
12,250,39.8,9.8,90.0,0.0016666666666666668
13,24,100.1,107.0,90.0,0.0016666666666666668
13,25,100.1,108.8,90.0,0.0016666666666666668
13,26,100.1,110.6,90.0,0.0016666666666666668
13,27,100.1,112.4,90.0,0.0016666666666666668
13,31,100.1,105.2,90.0,0.0016666666666666668
13,32,103.1,31.7,90.0,0.0016666666666666668
13,33,103.1,32.0,90.0,0.0016666666666666668
13,34,103.1,32.6,90.0,0.0016666666666666668
13,35,103.1,32.3,90.0,0.0016666666666666668
13,40,100.1,119.9,90.0,0.0016666666666666668
13,41,100.1,119.0,90.0,0.0016666666666666668
13,42,100.1,118.7,90.0,0.0016666666666666668
13,43,100.1,118.4,90.0,0.0016666666666666668
13,44,103.1,62.0,90.0,0.0016666666666666668
13,45,100.1,86.0,90.0,0.0016666666666666668
13,46,100.1,78.2,90.0,0.0016666666666666668
13,47,103.1,40.1,90.0,0.0016666666666666668
13,52,100.1,121.1,90.0,0.0016666666666666668
13,53,100.1,121.7,90.0,0.0016666666666666668
13,54,100.1,121.4,90.0,0.0016666666666666668
13,55,100.1,133.7,90.0,0.0016666666666666668
13,59,103.1,46.1,90.0,0.0016666666666666668
13,60,100.1,126.5,90.0,0.0016666666666666668
13,61,100.1,126.8,90.0,0.0016666666666666668
13,62,100.1,142.1,90.0,0.0016666666666666668
13,63,100.1,142.4,90.0,0.0016666666666666668
13,77,103.1,51.5,90.0,0.0016666666666666668
13,78,100.1,140.3,90.0,0.0016666666666666668
13,79,100.1,124.7,90.0,0.0016666666666666668
13,80,100.1,103.4,90.0,0.0016666666666666668
13,81,100.1,99.5,90.0,0.0016666666666666668
13,84,100.1,134.0,90.0,0.0016666666666666668
13,90,100.1,71.0,90.0,0.0016666666666666668
13,91,100.1,74.0,90.0,0.0016666666666666668
13,93,100.1,124.4,90.0,0.0016666666666666668
13,94,100.1,124.1,90.0,0.0016666666666666668
13,95,100.1,123.8,90.0,0.0016666666666666668
13,96,100.1,123.5,90.0,0.0016666666666666668
13,97,100.1,139.1,90.0,0.0016666666666666668
13,98,100.1,138.8,90.0,0.0016666666666666668
13,99,100.1,138.5,90.0,0.0016666666666666668
13,100,100.1,138.2,90.0,0.0016666666666666668
13,101,103.1,51.2,90.0,0.0016666666666666668
13,105,100.1,89.9,90.0,0.0016666666666666668
13,106,100.1,116.6,90.0,0.0016666666666666668
13,130,100.1,81.8,90.0,0.0016666666666666668
13,131,100.1,83.6,90.0,0.0016666666666666668
13,146,100.1,101.3,90.0,0.0016666666666666668
13,179,100.1,77.6,90.0,0.0016666666666666668
13,180,100.1,73.4,90.0,0.0016666666666666668
13,181,100.1,75.8,90.0,0.0016666666666666668
13,182,103.1,20.6,90.0,0.0016666666666666668
13,183,103.1,20.9,90.0,0.0016666666666666668
13,184,103.1,21.2,90.0,0.0016666666666666668
13,185,103.1,22.7,90.0,0.0016666666666666668
13,186,103.1,23.0,90.0,0.0016666666666666668
13,187,103.1,21.5,90.0,0.0016666666666666668
13,188,103.1,21.8,90.0,0.0016666666666666668
13,189,103.1,22.1,90.0,0.0016666666666666668
13,190,100.1,80.0,90.0,0.0016666666666666668
13,191,103.1,8.0,90.0,0.0016666666666666668
13,192,103.1,25.1,90.0,0.0016666666666666668
13,193,103.1,25.4,90.0,0.0016666666666666668
13,194,103.1,26.0,90.0,0.0016666666666666668
13,195,103.1,26.6,90.0,0.0016666666666666668
13,196,103.1,26.9,90.0,0.0016666666666666668
13,197,103.1,25.7,90.0,0.0016666666666666668
13,198,103.1,28.7,90.0,0.0016666666666666668
13,206,100.1,116.3,90.0,0.0016666666666666668
13,246,103.1,35.9,90.0,0.0016666666666666668
13,247,103.1,35.6,90.0,0.0016666666666666668
13,249,103.1,22.4,90.0,0.0016666666666666668
14,24,100.4,107.0,90.0,0.0016666666666666668
14,25,100.4,108.8,90.0,0.0016666666666666668
14,26,100.4,110.6,90.0,0.0016666666666666668
14,27,100.4,112.4,90.0,0.0016666666666666668
14,31,100.4,105.2,90.0,0.0016666666666666668
14,32,103.4,31.7,90.0,0.0016666666666666668
14,33,103.4,32.0,90.0,0.0016666666666666668
14,34,103.4,32.6,90.0,0.0016666666666666668
14,35,103.4,32.3,90.0,0.0016666666666666668
14,40,100.4,119.9,90.0,0.0016666666666666668
14,41,100.4,119.0,90.0,0.0016666666666666668
14,42,100.4,118.7,90.0,0.0016666666666666668
14,43,100.4,118.4,90.0,0.0016666666666666668
14,44,103.4,62.0,90.0,0.0016666666666666668
14,45,100.4,86.0,90.0,0.0016666666666666668
14,46,100.4,78.2,90.0,0.0016666666666666668
14,47,103.4,40.1,90.0,0.0016666666666666668
14,52,100.4,121.1,90.0,0.0016666666666666668
14,53,100.4,121.7,90.0,0.0016666666666666668
14,54,100.4,121.4,90.0,0.0016666666666666668
14,55,100.4,133.7,90.0,0.0016666666666666668
14,59,103.4,46.1,90.0,0.0016666666666666668
14,60,100.4,126.5,90.0,0.0016666666666666668
14,61,100.4,126.8,90.0,0.0016666666666666668
14,62,100.4,142.1,90.0,0.0016666666666666668
14,63,100.4,142.4,90.0,0.0016666666666666668
14,77,103.4,51.5,90.0,0.0016666666666666668
14,78,100.4,140.3,90.0,0.0016666666666666668
14,79,100.4,124.7,90.0,0.0016666666666666668
14,80,100.4,103.4,90.0,0.0016666666666666668
14,81,100.4,99.5,90.0,0.0016666666666666668
14,84,100.4,134.0,90.0,0.0016666666666666668
14,90,100.40733399733256,71.0,86.89632597603327,0.0018749929761864628
14,91,100.4,74.0,90.0,0.0016666666666666668
14,93,100.4,124.4,90.0,0.0016666666666666668
14,94,100.4,124.1,90.0,0.0016666666666666668
14,95,100.4,123.8,90.0,0.0016666666666666668
14,96,100.4,123.5,90.0,0.0016666666666666668
14,97,100.4,139.1,90.0,0.0016666666666666668
14,98,100.4,138.8,90.0,0.0016666666666666668
14,99,100.4,138.5,90.0,0.0016666666666666668
14,100,100.4,138.2,90.0,0.0016666666666666668
14,101,103.4,51.2,90.0,0.0016666666666666668
14,105,100.4,89.9,90.0,0.0016666666666666668
14,106,100.4,116.6,90.0,0.0016666666666666668
14,130,100.4,81.8,90.0,0.0016666666666666668
14,131,100.4,83.6,90.0,0.0016666666666666668
14,146,100.4,101.3,90.0,0.0016666666666666668
14,179,100.4,77.6,90.0,0.0016666666666666668
14,180,100.4,73.4,90.0,0.0016666666666666668
14,181,100.4,75.8,90.0,0.0016666666666666668
14,182,103.4,20.6,90.0,0.0016666666666666668
14,183,103.4,20.9,90.0,0.0016666666666666668
14,184,103.4,21.2,90.0,0.0016666666666666668
14,185,103.4,22.7,90.0,0.0016666666666666668
14,186,103.4,23.0,90.0,0.0016666666666666668
14,187,103.4,21.5,90.0,0.0016666666666666668
14,188,103.4,21.8,90.0,0.0016666666666666668
14,189,103.4,22.1,90.0,0.0016666666666666668
14,190,100.4,80.0,90.0,0.0016666666666666668
14,191,103.4,8.0,90.0,0.0016666666666666668
14,192,103.4,25.1,90.0,0.0016666666666666668
14,193,103.4,25.4,90.0,0.0016666666666666668
14,194,103.4,26.0,90.0,0.0016666666666666668
14,195,103.4,26.6,90.0,0.0016666666666666668
14,196,103.4,26.9,90.0,0.0016666666666666668
14,197,103.4,25.7,90.0,0.0016666666666666668
14,198,103.4,28.7,90.0,0.0016666666666666668
14,206,100.4,116.3,90.0,0.0016666666666666668
14,246,103.4,35.9,90.0,0.0016666666666666668
14,247,103.4,35.6,90.0,0.0016666666666666668
14,249,103.4,22.4,90.0,0.0016666666666666668
15,24,100.7,107.0,90.0,0.0016666666666666668
15,25,100.7,108.8,90.0,0.0016666666666666668
15,26,100.7,110.6,90.0,0.0016666666666666668
15,27,100.7,112.4,90.0,0.0016666666666666668
15,31,100.7,105.2,90.0,0.0016666666666666668
15,32,103.7,31.7,90.0,0.0016666666666666668
15,33,103.7,32.0,90.0,0.0016666666666666668
15,34,103.7,32.6,90.0,0.0016666666666666668
15,35,103.7,32.3,90.0,0.0016666666666666668
15,40,100.7,119.9,90.0,0.0016666666666666668
15,41,100.7,119.0,90.0,0.0016666666666666668
15,42,100.7,118.7,90.0,0.0016666666666666668
15,43,100.7,118.4,90.0,0.0016666666666666668
15,44,103.7,62.0,90.0,0.0016666666666666668
15,45,100.7,86.0,90.0,0.0016666666666666668
15,46,100.7,78.2,90.0,0.0016666666666666668
15,47,103.7,40.1,90.0,0.0016666666666666668
15,52,100.7,121.1,90.0,0.0016666666666666668
15,53,100.7,121.7,90.0,0.0016666666666666668
15,54,100.7,121.4,90.0,0.0016666666666666668
15,55,100.7,133.7,90.0,0.0016666666666666668
15,59,103.7,46.1,90.0,0.0016666666666666668
15,60,100.7,126.5,90.0,0.0016666666666666668
15,61,100.7,126.8,90.0,0.0016666666666666668
15,62,100.7,142.1,90.0,0.0016666666666666668
15,63,100.7,142.4040016012813,87.70755722404408,0.0018749929761864628
15,77,103.7,51.5,90.0,0.0016666666666666668
15,78,100.7,140.3,90.0,0.0016666666666666668
15,79,100.7,124.7,90.0,0.0016666666666666668
15,80,100.7,103.4,90.0,0.0016666666666666668
15,81,100.7,99.5,90.0,0.0016666666666666668
15,84,100.7,134.0,90.0,0.0016666666666666668
15,90,100.83898897054299,71.0,76.45889830914263,0.0017857062584988146
15,91,100.7,74.0,90.0,0.0016666666666666668
15,93,100.7,124.4,90.0,0.0016666666666666668
15,94,100.7,124.1,90.0,0.0016666666666666668
15,95,100.7,123.8,90.0,0.0016666666666666668
15,96,100.7,123.5,90.0,0.0016666666666666668
15,97,100.7,139.1,90.0,0.0016666666666666668
15,98,100.7,138.8,90.0,0.0016666666666666668
15,99,100.7,138.5,90.0,0.0016666666666666668
15,100,100.7,138.2,90.0,0.0016666666666666668
15,101,103.7,51.2,90.0,0.0016666666666666668
15,105,100.7,89.9,90.0,0.0016666666666666668
15,106,100.7,116.6,90.0,0.0016666666666666668
15,130,100.7,81.8,90.0,0.0016666666666666668
15,131,100.7,83.6,90.0,0.0016666666666666668
15,146,100.7,101.3,90.0,0.0016666666666666668
15,179,100.7,77.6,90.0,0.0016666666666666668
15,180,100.7,73.4,90.0,0.0016666666666666668
15,181,100.7,75.8,90.0,0.0016666666666666668
15,182,103.7,20.6,90.0,0.0016666666666666668
15,183,103.7,20.9,90.0,0.0016666666666666668
15,184,103.7,21.2,90.0,0.0016666666666666668
15,185,103.7,22.7,90.0,0.0016666666666666668
15,186,103.7,23.0,90.0,0.0016666666666666668
15,187,103.7,21.5,90.0,0.0016666666666666668
15,188,103.7,21.8,90.0,0.0016666666666666668
15,189,103.7,22.1,90.0,0.0016666666666666668
15,190,100.7,80.0,90.0,0.0016666666666666668
15,191,103.7,8.0,90.0,0.0016666666666666668
15,192,103.7,25.1,90.0,0.0016666666666666668
15,193,103.7,25.4,90.0,0.0016666666666666668
15,194,103.7,26.0,90.0,0.0016666666666666668
15,195,103.7,26.6,90.0,0.0016666666666666668
15,196,103.7,26.9,90.0,0.0016666666666666668
15,197,103.7,25.7,90.0,0.0016666666666666668
15,198,103.7,28.7,90.0,0.0016666666666666668
15,206,100.7,116.3,90.0,0.0016666666666666668
15,246,103.7,35.9,90.0,0.0016666666666666668
15,247,103.7,35.6,90.0,0.0016666666666666668
15,249,103.7,22.4,90.0,0.0016666666666666668
16,24,101.0,107.0,90.0,0.0016666666666666668
16,25,101.0,108.8,90.0,0.0016666666666666668
16,26,101.0,110.6,90.0,0.0016666666666666668
16,27,101.0,112.4,90.0,0.0016666666666666668
16,31,101.0,105.2,90.0,0.0016666666666666668
16,32,104.0,31.7,90.0,0.0016666666666666668
16,33,104.0,32.0,90.0,0.0016666666666666668
16,34,104.0,32.6,90.0,0.0016666666666666668
16,35,104.0,32.3,90.0,0.0016666666666666668
16,40,101.0,119.9,90.0,0.0016666666666666668
16,41,101.0,119.0,90.0,0.0016666666666666668
16,42,101.0,118.7,90.0,0.0016666666666666668
16,43,101.0,118.4,90.0,0.0016666666666666668
16,44,104.0,62.0,90.0,0.0016666666666666668
16,45,101.0,86.0,90.0,0.0016666666666666668
16,46,101.0,78.2,90.0,0.0016666666666666668
16,47,104.0,40.1,90.0,0.0016666666666666668
16,52,101.0,121.1,90.0,0.0016666666666666668
16,53,101.0,121.7,90.0,0.0016666666666666668
16,54,101.0,121.4,90.0,0.0016666666666666668
16,55,101.0,133.7,90.0,0.0016666666666666668
16,59,104.0,46.1,90.0,0.0016666666666666668
16,60,101.0,126.5,90.0,0.0016666666666666668
16,61,101.0,126.8,90.0,0.0016666666666666668
16,62,101.0,142.10400160128128,87.70755722404408,0.0018749929761864628
16,63,101.0,142.4250628144669,84.2608295227332,0.0018452401020419631
16,77,104.0,51.5,90.0,0.0016666666666666668
16,78,101.0,140.3,90.0,0.0016666666666666668
16,79,101.0,124.7,90.0,0.0016666666666666668
16,80,101.0,103.4,90.0,0.0016666666666666668
16,81,101.0,99.5,90.0,0.0016666666666666668
16,84,101.0,134.0,90.0,0.0016666666666666668
16,90,101.97820226053999,71.0,53.548448595698375,0.002321426564624704
16,91,101.0,74.0,90.0,0.0016666666666666668
16,93,101.0,124.4,90.0,0.0016666666666666668
16,94,101.0,124.1,90.0,0.0016666666666666668
16,95,101.0,123.8,90.0,0.0016666666666666668
16,96,101.0,123.5,90.0,0.0016666666666666668
16,97,101.0,139.1,90.0,0.0016666666666666668
16,98,101.0,138.8,90.0,0.0016666666666666668
16,99,101.0,138.5,90.0,0.0016666666666666668
16,100,101.0,138.2,90.0,0.0016666666666666668
16,101,104.0,51.2,90.0,0.0016666666666666668
16,105,101.0,89.9,90.0,0.0016666666666666668
16,106,101.0,116.6,90.0,0.0016666666666666668
16,130,101.0,81.8,90.0,0.0016666666666666668
16,131,101.0,83.6,90.0,0.0016666666666666668
16,146,101.0,101.3,90.0,0.0016666666666666668
16,179,101.0,77.6,90.0,0.0016666666666666668
16,180,101.03267825829366,73.4,83.44581198184977,0.0017857062584988146
16,181,101.0,75.8,90.0,0.0016666666666666668
16,182,104.0,20.6,90.0,0.0016666666666666668
16,183,104.0,20.9,90.0,0.0016666666666666668
16,184,104.0,21.2,90.0,0.0016666666666666668
16,185,104.0,22.7,90.0,0.0016666666666666668
16,186,104.0,23.0,90.0,0.0016666666666666668
16,187,104.0,21.5,90.0,0.0016666666666666668
16,188,104.0,21.8,90.0,0.0016666666666666668
16,189,104.0,22.1,90.0,0.0016666666666666668
16,190,101.0,80.0,90.0,0.0016666666666666668
16,191,104.0,8.0,90.0,0.0016666666666666668
16,192,104.0,25.1,90.0,0.0016666666666666668
16,193,104.0,25.4,90.0,0.0016666666666666668
16,194,104.0,26.0,90.0,0.0016666666666666668
16,195,104.0,26.6,90.0,0.0016666666666666668
16,196,104.0,26.9,90.0,0.0016666666666666668
16,197,104.0,25.7,90.0,0.0016666666666666668
16,198,104.0,28.7,90.0,0.0016666666666666668
16,206,101.0,116.3,90.0,0.0016666666666666668
16,246,104.0,35.9,90.0,0.0016666666666666668
16,247,104.0,35.6,90.0,0.0016666666666666668
16,249,104.0,22.4,90.0,0.0016666666666666668
22,36,136.7,130.4,90.0,0.0016666666666666668
22,37,136.7,136.70400160128128,87.70755722404424,0.0018749929761864628
22,38,136.7,136.4,90.0,0.0016666666666666668
22,39,136.7,136.1,90.0,0.0016666666666666668
22,40,136.7,119.9,90.0,0.0016666666666666668
22,41,136.7,119.0,90.0,0.0016666666666666668
22,42,136.7,118.7,90.0,0.0016666666666666668
22,43,136.7,118.4,90.0,0.0016666666666666668
22,44,140.6,62.297872821796496,70.12312592992131,0.0033035804591888336
22,45,140.6,86.2,73.73979529168798,0.0018452401020419631
22,46,140.6,78.32250064069711,77.29096700560466,0.0017857062584988146
22,47,140.6,40.16441492829877,80.7931037786543,0.0018749929761864628
23,36,137.0,130.4,90.0,0.0016666666666666668
23,37,137.0,136.7250628144669,84.2608295227332,0.0018452401020419631
23,38,137.0,136.4040016012813,87.70755722404424,0.0018749929761864628
23,39,137.0,136.1,90.0,0.0016666666666666668
23,40,137.00038450242164,119.9,89.28943313627073,0.0017559533843543149
23,41,137.09341846059917,119.0,78.9070387773672,0.0019047739455851117
23,42,137.16188692127704,118.7,75.38033891603413,0.0019047739455851117
23,43,137.2502490673477,118.4,71.79598943803352,0.002708326309519796
23,44,140.9,62.41742430504416,66.42182152179818,0.002916680714293742
23,45,140.9,86.2978728217965,70.12312592992097,0.0033035804591888336
23,46,140.9,78.4,73.73979529168798,0.0018452401020419631
23,47,140.9,40.22250064069712,77.29096700560463,0.0017857062584988146
24,43,62.3,118.4,90.0,0.0016666666666666668
24,44,139.4,62.0250628144669,84.26082952273322,0.0018452401020419631
24,45,139.4,86.00400160128129,87.70755722404392,0.0018749929761864628
24,46,139.4,78.2,90.0,0.0016666666666666668
24,47,139.4,40.1,90.0,0.0016666666666666668
24,52,62.3,121.1,90.0,0.0016666666666666668
24,56,135.2,106.93558507170123,80.7931037786543,0.0018749929761864628
24,57,135.5,106.87749935930287,77.29096700560461,0.0017857062584988146
24,58,135.8,106.8,73.73979529168798,0.0018452401020419631
24,59,134.9,106.9749371855331,84.2608295227332,0.0018452401020419631
24,72,107.3,107.0,90.0,0.0016666666666666668
24,73,107.6,107.0,90.0,0.0016666666666666668
24,77,117.8,107.0,90.0,0.0016666666666666668
24,78,62.3,140.3,90.0,0.0016666666666666668
24,79,62.3,124.7,90.0,0.0016666666666666668
24,80,117.3,107.0,73.73979529168798,0.0018452401020419631
24,81,115.1,107.0,90.0,0.0016666666666666668
24,84,62.3,134.0,90.0,0.0016666666666666668
24,85,108.86441492829877,107.0,80.79310377865414,0.0018749929761864628
24,86,107.9,107.0,90.0,0.0016666666666666668
24,87,108.2,107.0,90.0,0.0016666666666666668
24,88,108.5,107.0,90.0,0.0016666666666666668
24,90,107.0,107.0,90.0,0.0016666666666666668
24,91,106.1,107.0,90.0,0.0016666666666666668
24,95,62.3,123.8,90.0,0.0016666666666666668
24,96,62.3,123.5,90.0,0.0016666666666666668
24,101,126.8,107.0,90.0,0.0016666666666666668
24,102,127.1,107.0,90.0,0.0016666666666666668
24,103,127.4,107.0,90.0,0.0016666666666666668
24,104,127.7,107.0,90.0,0.0016666666666666668
24,105,125.9,107.0,90.0,0.0016666666666666668
24,106,62.3,116.6,90.0,0.0016666666666666668
24,107,62.3,138.8,90.0,0.0016666666666666668
24,108,62.3,138.5,90.0,0.0016666666666666668
24,109,62.3,138.2,90.0,0.0016666666666666668
24,110,62.3,137.9,90.0,0.0016666666666666668
24,111,72.2,107.0,90.0,0.0016666666666666668
24,112,72.5,107.0,90.0,0.0016666666666666668
24,126,62.3,136.7,90.0,0.0016666666666666668
24,127,62.3,136.4,90.0,0.0016666666666666668
24,128,62.3,136.1,90.0,0.0016666666666666668
24,129,62.3,135.8,90.0,0.0016666666666666668
24,130,81.5,107.0,90.0,0.0016666666666666668
24,131,81.8,107.0,90.0,0.0016666666666666668
24,132,80.6,107.0,90.0,0.0016666666666666668
24,133,80.9,107.0,90.0,0.0016666666666666668
24,134,79.7,107.0,90.0,0.0016666666666666668
24,136,62.3,133.7,90.0,0.0016666666666666668
24,137,62.3,133.4,90.0,0.0016666666666666668
24,138,62.3,133.1,90.0,0.0016666666666666668
24,139,62.3,132.8,90.0,0.0016666666666666668
24,140,62.3,132.5,90.0,0.0016666666666666668
24,141,62.3,132.2,90.0,0.0016666666666666668
24,142,62.3,131.9,90.0,0.0016666666666666668
24,145,90.8,107.0,90.0,0.0016666666666666668
24,151,62.3,129.5,90.0,0.0016666666666666668
24,152,62.3,129.2,90.0,0.0016666666666666668
24,153,62.3,128.9,90.0,0.0016666666666666668
24,154,62.3,128.6,90.0,0.0016666666666666668
24,155,62.3,129.8,90.0,0.0016666666666666668
24,178,128.0,107.0,90.0,0.0016666666666666668
24,179,81.2,107.0,90.0,0.0016666666666666668
24,206,62.3,116.3,90.0,0.0016666666666666668
24,225,91.1,107.0,90.0,0.0016666666666666668
24,246,116.3,107.0,90.0,0.0016666666666666668
24,247,116.6,107.0,90.0,0.0016666666666666668
25,43,62.6,118.4,90.0,0.0016666666666666668
25,44,139.7,62.064414928298774,80.7931037786543,0.0018749929761864628
25,45,139.7,86.0250628144669,84.2608295227332,0.0018452401020419631
25,46,139.7,78.20400160128128,87.70755722404425,0.0018749929761864628
25,47,139.7,40.1,90.0,0.0016666666666666668
25,52,62.6,121.1,90.0,0.0016666666666666668
25,56,135.2,108.7749371855331,84.26082952273323,0.0018452401020419631
25,57,135.5,108.73558507170122,80.79310377865397,0.0018749929761864628
25,58,135.8,108.67749935930287,77.2909670056043,0.0017857062584988146
25,59,134.9,108.79599839871872,87.70755722404392,0.0018749929761864628
25,72,107.3,108.8,90.0,0.0016666666666666668
25,73,107.6,108.8,90.0,0.0016666666666666668
25,77,117.8,108.8,90.0,0.0016666666666666668
25,78,62.6,140.3,90.0,0.0016666666666666668
25,79,62.6,124.7,90.0,0.0016666666666666668
25,80,117.5,108.8,90.0,0.0016666666666666668
25,81,115.1,108.8,90.0,0.0016666666666666668
25,84,62.6,134.0,90.0,0.0016666666666666668
25,85,108.8,108.8,90.0,0.0016666666666666668
25,86,107.9,108.8,90.0,0.0016666666666666668
25,87,108.2,108.8,90.0,0.0016666666666666668
25,88,108.5,108.8,90.0,0.0016666666666666668
25,90,107.0,108.8,90.0,0.0016666666666666668
25,91,106.1,108.8,90.0,0.0016666666666666668
25,95,62.6,123.8,90.0,0.0016666666666666668
25,96,62.6,123.5,90.0,0.0016666666666666668
25,101,126.8,108.8,90.0,0.0016666666666666668
25,102,127.1,108.8,90.0,0.0016666666666666668
25,103,127.4,108.8,90.0,0.0016666666666666668
25,104,127.7,108.8,90.0,0.0016666666666666668
25,105,125.9,108.8,90.0,0.0016666666666666668
25,106,62.6,116.6,90.0,0.0016666666666666668
25,107,62.6,138.8,90.0,0.0016666666666666668
25,108,62.6,138.5,90.0,0.0016666666666666668
25,109,62.6,138.2,90.0,0.0016666666666666668
25,110,62.6,137.9,90.0,0.0016666666666666668
25,111,72.2,108.8,90.0,0.0016666666666666668
25,112,72.5,108.8,90.0,0.0016666666666666668
25,126,62.6,136.7,90.0,0.0016666666666666668
25,127,62.6,136.4,90.0,0.0016666666666666668
25,128,62.6,136.1,90.0,0.0016666666666666668
25,129,62.6,135.8,90.0,0.0016666666666666668
25,130,81.5,108.8,90.0,0.0016666666666666668
25,131,81.8,108.8,90.0,0.0016666666666666668
25,132,80.6,108.8,90.0,0.0016666666666666668
25,133,80.9,108.8,90.0,0.0016666666666666668
25,134,79.7,108.8,90.0,0.0016666666666666668
25,136,62.6,133.7,90.0,0.0016666666666666668
25,137,62.6,133.4,90.0,0.0016666666666666668
25,138,62.6,133.1,90.0,0.0016666666666666668
25,139,62.6,132.8,90.0,0.0016666666666666668
25,140,62.6,132.5,90.0,0.0016666666666666668
25,141,62.6,132.2,90.0,0.0016666666666666668
25,142,62.6,131.9,90.0,0.0016666666666666668
25,145,90.8,108.8,90.0,0.0016666666666666668
25,151,62.6,129.5,90.0,0.0016666666666666668
25,152,62.6,129.2,90.0,0.0016666666666666668
25,153,62.6,128.9,90.0,0.0016666666666666668
25,154,62.6,128.6,90.0,0.0016666666666666668
25,155,62.6,129.8,90.0,0.0016666666666666668
25,178,128.0,108.8,90.0,0.0016666666666666668
25,179,81.2,108.8,90.0,0.0016666666666666668
25,206,62.6,116.3,90.0,0.0016666666666666668
25,225,91.1,108.8,90.0,0.0016666666666666668
25,246,116.3,108.8,90.0,0.0016666666666666668
25,247,116.6,108.8,90.0,0.0016666666666666668
26,43,62.9,118.4,90.0,0.0016666666666666668
26,44,140.0,62.12250064069712,77.29096700560463,0.0017857062584988146
26,45,140.0,86.06441492829877,80.79310377865397,0.0018749929761864628
26,46,140.0,78.22506281446691,84.2608295227332,0.0018452401020419631
26,47,140.0,40.10400160128128,87.70755722404425,0.0018749929761864628
26,52,62.9,121.1,90.0,0.0016666666666666668
26,56,135.2,110.5959983987187,87.70755722404424,0.0018749929761864628
26,57,135.5,110.57493718553309,84.2608295227332,0.0018452401020419631
26,58,135.8,110.53558507170122,80.79310377865397,0.0018749929761864628
26,59,134.9,110.6,90.0,0.0016666666666666668
26,72,107.3,110.6,90.0,0.0016666666666666668
26,73,107.6,110.6,90.0,0.0016666666666666668
26,77,117.8,110.6,90.0,0.0016666666666666668
26,78,62.9,140.3,90.0,0.0016666666666666668
26,79,62.9,124.7,90.0,0.0016666666666666668
26,80,117.5,110.6,90.0,0.0016666666666666668
26,81,115.1,110.6,90.0,0.0016666666666666668
26,84,62.9,134.0,90.0,0.0016666666666666668
26,85,108.8,110.6,90.0,0.0016666666666666668
26,86,107.9,110.6,90.0,0.0016666666666666668
26,87,108.2,110.6,90.0,0.0016666666666666668
26,88,108.5,110.6,90.0,0.0016666666666666668
26,90,107.0,110.6,90.0,0.0016666666666666668
26,91,106.1,110.6,90.0,0.0016666666666666668
26,95,62.9,123.8,90.0,0.0016666666666666668
26,96,62.9,123.5,90.0,0.0016666666666666668
26,101,126.8,110.6,90.0,0.0016666666666666668
26,102,127.1,110.6,90.0,0.0016666666666666668
26,103,127.4,110.6,90.0,0.0016666666666666668
26,104,127.7,110.6,90.0,0.0016666666666666668
26,105,125.9,110.6,90.0,0.0016666666666666668
26,106,62.9,116.6,90.0,0.0016666666666666668
26,107,62.9,138.8,90.0,0.0016666666666666668
26,108,62.9,138.5,90.0,0.0016666666666666668
26,109,62.9,138.2,90.0,0.0016666666666666668
26,110,62.9,137.9,90.0,0.0016666666666666668
26,111,72.2,110.6,90.0,0.0016666666666666668
26,112,72.5,110.6,90.0,0.0016666666666666668
26,126,62.9,136.7,90.0,0.0016666666666666668
26,127,62.9,136.4,90.0,0.0016666666666666668
26,128,62.9,136.1,90.0,0.0016666666666666668
26,129,62.9,135.8,90.0,0.0016666666666666668
26,130,81.5,110.6,90.0,0.0016666666666666668
26,131,81.8,110.6,90.0,0.0016666666666666668
26,132,80.6,110.6,90.0,0.0016666666666666668
26,133,80.9,110.6,90.0,0.0016666666666666668
26,134,79.7,110.6,90.0,0.0016666666666666668
26,136,62.9,133.7,90.0,0.0016666666666666668
26,137,62.9,133.4,90.0,0.0016666666666666668
26,138,62.9,133.1,90.0,0.0016666666666666668
26,139,62.9,132.8,90.0,0.0016666666666666668
26,140,62.9,132.5,90.0,0.0016666666666666668
26,141,62.9,132.2,90.0,0.0016666666666666668
26,142,62.9,131.9,90.0,0.0016666666666666668
26,145,90.8,110.6,90.0,0.0016666666666666668
26,151,62.9,129.5,90.0,0.0016666666666666668
26,152,62.9,129.2,90.0,0.0016666666666666668
26,153,62.9,128.9,90.0,0.0016666666666666668
26,154,62.9,128.6,90.0,0.0016666666666666668
26,155,62.9,129.8,90.0,0.0016666666666666668
26,178,128.0,110.6,90.0,0.0016666666666666668
26,179,81.2,110.6,90.0,0.0016666666666666668
26,206,62.9,116.3,90.0,0.0016666666666666668
26,225,91.1,110.6,90.0,0.0016666666666666668
26,246,116.3,110.6,90.0,0.0016666666666666668
26,247,116.6,110.6,90.0,0.0016666666666666668
27,43,63.2,118.4,90.0,0.0016666666666666668
27,44,140.3,62.2,73.73979529168798,0.0018452401020419631
27,45,140.3,86.12250064069713,77.2909670056043,0.0017857062584988146
27,46,140.3,78.26441492829878,80.79310377865397,0.0018749929761864628
27,47,140.3,40.1250628144669,84.26082952273322,0.0018452401020419631
27,52,63.2,121.1,90.0,0.0016666666666666668
27,56,135.2,112.4,90.0,0.0016666666666666668
27,57,135.5,112.39599839871872,87.70755722404424,0.0018749929761864628
27,58,135.8,112.3749371855331,84.2608295227332,0.0018452401020419631
27,59,134.9,112.4,90.0,0.0016666666666666668
27,72,107.3,112.4,90.0,0.0016666666666666668
27,73,107.6,112.4,90.0,0.0016666666666666668
27,77,117.8,112.4,90.0,0.0016666666666666668
27,78,63.2,140.3,90.0,0.0016666666666666668
27,79,63.2,124.7,90.0,0.0016666666666666668
27,80,117.5,112.4,90.0,0.0016666666666666668
27,81,115.1,112.4,90.0,0.0016666666666666668
27,84,63.2,134.0,90.0,0.0016666666666666668
27,85,108.8,112.4,90.0,0.0016666666666666668
27,86,107.9,112.4,90.0,0.0016666666666666668
27,87,108.2,112.4,90.0,0.0016666666666666668
27,88,108.5,112.4,90.0,0.0016666666666666668
27,90,107.0,112.4,90.0,0.0016666666666666668
27,91,106.1,112.4,90.0,0.0016666666666666668
27,95,63.2,123.8,90.0,0.0016666666666666668
27,96,63.2,123.5,90.0,0.0016666666666666668
27,101,126.8,112.4,90.0,0.0016666666666666668
27,102,127.1,112.4,90.0,0.0016666666666666668
27,103,127.4,112.4,90.0,0.0016666666666666668
27,104,127.7,112.4,90.0,0.0016666666666666668
27,105,125.9,112.4,90.0,0.0016666666666666668
27,106,63.26441492829878,116.6,80.79310377865397,0.0018749929761864628
27,107,63.2,138.8,90.0,0.0016666666666666668
27,108,63.2,138.5,90.0,0.0016666666666666668
27,109,63.2,138.2,90.0,0.0016666666666666668
27,110,63.2,137.9,90.0,0.0016666666666666668
27,111,72.2,112.4,90.0,0.0016666666666666668
27,112,72.5,112.4,90.0,0.0016666666666666668
27,126,63.2,136.7,90.0,0.0016666666666666668
27,127,63.2,136.4,90.0,0.0016666666666666668
27,128,63.2,136.1,90.0,0.0016666666666666668
27,129,63.2,135.8,90.0,0.0016666666666666668
27,130,81.5,112.4,90.0,0.0016666666666666668
27,131,81.8,112.4,90.0,0.0016666666666666668
27,132,80.6,112.4,90.0,0.0016666666666666668
27,133,80.9,112.4,90.0,0.0016666666666666668
27,134,79.7,112.4,90.0,0.0016666666666666668
27,136,63.2,133.7,90.0,0.0016666666666666668
27,137,63.2,133.4,90.0,0.0016666666666666668
27,138,63.2,133.1,90.0,0.0016666666666666668
27,139,63.2,132.8,90.0,0.0016666666666666668
27,140,63.2,132.5,90.0,0.0016666666666666668
27,141,63.2,132.2,90.0,0.0016666666666666668
27,142,63.2,131.9,90.0,0.0016666666666666668
27,145,90.8,112.4,90.0,0.0016666666666666668
27,151,63.2,129.5,90.0,0.0016666666666666668
27,152,63.2,129.2,90.0,0.0016666666666666668
27,153,63.2,128.9,90.0,0.0016666666666666668
27,154,63.2,128.6,90.0,0.0016666666666666668
27,155,63.2,129.8,90.0,0.0016666666666666668
27,178,128.0,112.4,90.0,0.0016666666666666668
27,179,81.2,112.4,90.0,0.0016666666666666668
27,206,63.32250064069713,116.3,77.29096700560446,0.0017857062584988146
27,225,91.1,112.4,90.0,0.0016666666666666668
27,246,116.3,112.4,90.0,0.0016666666666666668
27,247,116.6,112.4,90.0,0.0016666666666666668
28,56,122.9,5.0,90.0,0.0016666666666666668
28,57,123.2,5.0,90.0,0.0016666666666666668
28,58,123.5,5.0,90.0,0.0016666666666666668
28,85,131.3,5.0,90.0,0.0016666666666666668
28,86,122.0,5.0,90.0,0.0016666666666666668
28,87,122.3,5.0,90.0,0.0016666666666666668
28,88,122.6,5.0,90.0,0.0016666666666666668
28,102,113.6,5.0,90.0,0.0016666666666666668
28,103,113.9,5.0,90.0,0.0016666666666666668
28,104,114.2,5.0,90.0,0.0016666666666666668
28,130,121.4,5.0,90.0,0.0016666666666666668
28,131,121.7,5.0,90.0,0.0016666666666666668
28,146,131.0,5.0,90.0,0.0016666666666666668
28,178,114.5,5.0,90.0,0.0016666666666666668
28,179,113.3,5.0,90.0,0.0016666666666666668
28,180,112.7,5.0,90.0,0.0016666666666666668
28,181,113.0,5.0,90.0,0.0016666666666666668
28,182,110.0,4.9749371855331,84.26082952273322,0.0018452401020419631
28,183,110.3,4.995998398718719,87.70755722404408,0.0018749929761864628
28,184,110.6,5.0,90.0,0.0016666666666666668
28,185,112.1,5.0,90.0,0.0016666666666666668
28,186,112.4,5.0,90.0,0.0016666666666666668
28,187,110.9,5.0,90.0,0.0016666666666666668
28,188,111.2,5.0,90.0,0.0016666666666666668
28,189,111.5,5.0,90.0,0.0016666666666666668
28,190,121.1,5.0,90.0,0.0016666666666666668
28,191,118.58257569495584,5.0,66.42182152179815,0.002916680714293742
28,192,119.3,5.0,90.0,0.0016666666666666668
28,193,119.6,5.0,90.0,0.0016666666666666668
28,194,120.2,5.0,90.0,0.0016666666666666668
28,195,120.5,5.0,90.0,0.0016666666666666668
28,196,120.8,5.0,90.0,0.0016666666666666668
28,197,119.9,5.0,90.0,0.0016666666666666668
28,198,128.0,5.0,90.0,0.0016666666666666668
28,249,111.8,5.0,90.0,0.0016666666666666668
29,56,122.9,5.3,90.0,0.0016666666666666668
29,57,123.2,5.3,90.0,0.0016666666666666668
29,58,123.5,5.3,90.0,0.0016666666666666668
29,85,131.3,5.3,90.0,0.0016666666666666668
29,86,122.0,5.3,90.0,0.0016666666666666668
29,87,122.3,5.3,90.0,0.0016666666666666668
29,88,122.6,5.3,90.0,0.0016666666666666668
29,102,113.6,5.3,90.0,0.0016666666666666668
29,103,113.9,5.3,90.0,0.0016666666666666668
29,104,114.2,5.3,90.0,0.0016666666666666668
29,130,121.4,5.3,90.0,0.0016666666666666668
29,131,121.7,5.3,90.0,0.0016666666666666668
29,146,131.0,5.3,90.0,0.0016666666666666668
29,178,114.5,5.3,90.0,0.0016666666666666668
29,179,113.3,5.3,90.0,0.0016666666666666668
29,180,112.7,5.3,90.0,0.0016666666666666668
29,181,113.0,5.3,90.0,0.0016666666666666668
29,182,110.0,5.2959983987187185,87.70755722404408,0.0018749929761864628
29,183,110.3,5.3,90.0,0.0016666666666666668
29,184,110.6,5.3,90.0,0.0016666666666666668
29,185,112.1,5.3,90.0,0.0016666666666666668
29,186,112.4,5.3,90.0,0.0016666666666666668
29,187,110.9,5.3,90.0,0.0016666666666666668
29,188,111.2,5.3,90.0,0.0016666666666666668
29,189,111.5,5.3,90.0,0.0016666666666666668
29,190,121.1,5.3,90.0,0.0016666666666666668
29,191,118.43959457608463,5.3,62.61289249734613,0.002113100255104908
29,192,119.3,5.3,90.0,0.0016666666666666668
29,193,119.6,5.3,90.0,0.0016666666666666668
29,194,120.2,5.3,90.0,0.0016666666666666668
29,195,120.5,5.3,90.0,0.0016666666666666668
29,196,120.8,5.3,90.0,0.0016666666666666668
29,197,119.9,5.3,90.0,0.0016666666666666668
29,198,128.0,5.3,90.0,0.0016666666666666668
29,249,111.8,5.3,90.0,0.0016666666666666668
30,56,122.9,12.2,90.0,0.0016666666666666668
30,57,123.2,12.2,90.0,0.0016666666666666668
30,58,123.5,12.2,90.0,0.0016666666666666668
30,85,131.3,12.2,90.0,0.0016666666666666668
30,86,122.0,12.2,90.0,0.0016666666666666668
30,87,122.3,12.2,90.0,0.0016666666666666668
30,88,122.6,12.2,90.0,0.0016666666666666668
30,102,113.6,12.2,90.0,0.0016666666666666668
30,103,113.9,12.2,90.0,0.0016666666666666668
30,104,114.2,12.2,90.0,0.0016666666666666668
30,130,121.4,12.2,90.0,0.0016666666666666668
30,131,121.7,12.2,90.0,0.0016666666666666668
30,146,131.0,12.2,90.0,0.0016666666666666668
30,178,114.5,12.2,90.0,0.0016666666666666668
30,179,113.3,12.2,90.0,0.0016666666666666668
30,180,112.7,12.2,90.0,0.0016666666666666668
30,181,113.0,12.2,90.0,0.0016666666666666668
30,182,110.0,12.2,90.0,0.0016666666666666668
30,183,110.3,12.2,90.0,0.0016666666666666668
30,184,110.6,12.2,90.0,0.0016666666666666668
30,185,112.1,12.2,90.0,0.0016666666666666668
30,186,112.4,12.2,90.0,0.0016666666666666668
30,187,110.9,12.2,90.0,0.0016666666666666668
30,188,111.2,12.2,90.0,0.0016666666666666668
30,189,111.5,12.2,90.0,0.0016666666666666668
30,190,121.1,12.2,90.0,0.0016666666666666668
30,191,104.96441492829878,8.0,80.79310377865409,0.0018749929761864628
30,192,119.3,12.2,90.0,0.0016666666666666668
30,193,119.6,12.2,90.0,0.0016666666666666668
30,194,120.2,12.2,90.0,0.0016666666666666668
30,195,120.5,12.2,90.0,0.0016666666666666668
30,196,120.8,12.2,90.0,0.0016666666666666668
30,197,119.9,12.2,90.0,0.0016666666666666668
30,198,128.0,12.2,90.0,0.0016666666666666668
30,249,111.8,12.2,90.0,0.0016666666666666668
31,44,139.1,62.00400160128128,87.70755722404425,0.0018749929761864628
31,45,139.1,86.0,90.0,0.0016666666666666668
31,46,139.1,78.2,90.0,0.0016666666666666668
31,47,139.1,40.1,90.0,0.0016666666666666668
31,56,135.2,105.07749935930289,77.29096700560466,0.0017857062584988146
31,57,135.5,105.0,73.73979529168798,0.0018452401020419631
31,58,135.8,104.9021271782035,70.12312592992097,0.0033035804591888336
31,59,134.9,105.13558507170123,80.79310377865397,0.0018749929761864628
31,67,62.0,105.2,90.0,0.0016666666666666668
31,68,61.400000000000006,105.2,90.0,0.0016666666666666668
31,69,61.7,105.2,90.0,0.0016666666666666668
31,72,107.3,105.2,90.0,0.0016666666666666668
31,73,107.6,105.2,90.0,0.0016666666666666668
31,74,18.200000000000003,105.2,90.0,0.0016666666666666668
31,77,117.8,105.2,90.0,0.0016666666666666668
31,78,50.0,105.2,90.0,0.0016666666666666668
31,79,50.3,105.2,90.0,0.0016666666666666668
31,80,116.3418745424597,105.2,50.20818050044273,0.0038393007653147234
31,81,115.1,105.2,90.0,0.0016666666666666668
31,84,23.599999999999994,105.2,90.0,0.0016666666666666668
31,85,109.52916869918747,105.2,58.66774850240584,0.00199406066327276
31,86,107.9,105.2,90.0,0.0016666666666666668
31,87,108.2,105.2,90.0,0.0016666666666666668
31,88,108.5,105.2,90.0,0.0016666666666666668
31,90,107.0,105.2,90.0,0.0016666666666666668
31,91,106.1,105.2,90.0,0.0016666666666666668
31,101,126.8,105.2,90.0,0.0016666666666666668
31,102,127.1,105.2,90.0,0.0016666666666666668
31,103,127.4,105.2,90.0,0.0016666666666666668
31,104,127.7,105.2,90.0,0.0016666666666666668
31,105,125.9,105.2,90.0,0.0016666666666666668
31,106,39.2,105.2,90.0,0.0016666666666666668
31,111,72.2,105.2,90.0,0.0016666666666666668
31,112,72.5,105.2,90.0,0.0016666666666666668
31,130,81.5,105.2,90.0,0.0016666666666666668
31,131,81.8,105.2,90.0,0.0016666666666666668
31,132,80.6,105.2,90.0,0.0016666666666666668
31,133,80.9,105.2,90.0,0.0016666666666666668
31,134,79.7,105.2,90.0,0.0016666666666666668
31,145,90.8,105.2,90.0,0.0016666666666666668
31,146,35.122500640697126,105.2,77.29096700560461,0.0017857062584988146
31,178,128.0,105.2,90.0,0.0016666666666666668
31,179,81.2,105.2,90.0,0.0016666666666666668
31,190,46.400000000000006,105.2,90.0,0.0016666666666666668
31,199,45.8,105.2,90.0,0.0016666666666666668
31,200,46.099999999999994,105.2,90.0,0.0016666666666666668
31,206,56.599999999999994,105.2,90.0,0.0016666666666666668
31,210,53.900000000000006,105.2,90.0,0.0016666666666666668
31,212,44.599999999999994,105.2,90.0,0.0016666666666666668
31,213,44.900000000000006,105.2,90.0,0.0016666666666666668
31,214,45.2,105.2,90.0,0.0016666666666666668
31,215,45.5,105.2,90.0,0.0016666666666666668
31,222,54.2,105.2,90.0,0.0016666666666666668
31,223,54.5,105.2,90.0,0.0016666666666666668
31,224,54.8,105.2,90.0,0.0016666666666666668
31,225,91.1,105.2,90.0,0.0016666666666666668
31,226,24.799999999999997,105.2,90.0,0.0016666666666666668
31,227,25.099999999999994,105.2,90.0,0.0016666666666666668
31,228,25.400000000000006,105.2,90.0,0.0016666666666666668
31,246,116.3,105.2,90.0,0.0016666666666666668
31,247,116.6,105.2,90.0,0.0016666666666666668
32,56,122.9,31.7,90.0,0.0016666666666666668
32,57,123.2,31.7,90.0,0.0016666666666666668
32,58,123.5,31.7,90.0,0.0016666666666666668
32,67,95.3,31.7,90.0,0.0016666666666666668
32,72,104.3,31.7,90.0,0.0016666666666666668
32,73,104.6,31.7,90.0,0.0016666666666666668
32,74,102.8,31.7,90.0,0.0016666666666666668
32,75,86.0,17.6,90.0,0.0016666666666666668
32,76,86.0,5.0,90.0,0.0016666666666666668
32,77,96.2,31.7,90.0,0.0016666666666666668
32,85,131.3,31.7,90.0,0.0016666666666666668
32,86,122.0,31.7,90.0,0.0016666666666666668
32,87,122.3,31.7,90.0,0.0016666666666666668
32,88,122.6,31.7,90.0,0.0016666666666666668
32,101,96.5,31.7,90.0,0.0016666666666666668
32,102,113.6,31.7,90.0,0.0016666666666666668
32,103,113.9,31.7,90.0,0.0016666666666666668
32,104,114.2,31.7,90.0,0.0016666666666666668
32,111,95.6,31.7,90.0,0.0016666666666666668
32,112,95.9,31.7,90.0,0.0016666666666666668
32,130,121.4,31.7,90.0,0.0016666666666666668
32,131,121.7,31.7,90.0,0.0016666666666666668
32,146,131.0,31.7,90.0,0.0016666666666666668
32,167,86.0,12.2,90.0,0.0016666666666666668
32,168,86.0,12.5,90.0,0.0016666666666666668
32,169,86.0,12.8,90.0,0.0016666666666666668
32,170,86.0,13.1,90.0,0.0016666666666666668
32,171,86.0,13.7,90.0,0.0016666666666666668
32,172,86.0,14.0,90.0,0.0016666666666666668
32,173,86.0,14.3,90.0,0.0016666666666666668
32,174,86.0,14.6,90.0,0.0016666666666666668
32,175,86.0,14.9,90.0,0.0016666666666666668
32,176,86.0,15.2,90.0,0.0016666666666666668
32,177,86.0,15.5,90.0,0.0016666666666666668
32,178,114.5,31.7,90.0,0.0016666666666666668
32,179,113.3,31.7,90.0,0.0016666666666666668
32,180,112.7,31.7,90.0,0.0016666666666666668
32,181,113.0,31.7,90.0,0.0016666666666666668
32,183,86.0,20.9,90.0,0.0016666666666666668
32,184,86.0,21.2,90.0,0.0016666666666666668
32,185,86.0,22.7,90.0,0.0016666666666666668
32,186,86.0,23.0,90.0,0.0016666666666666668
32,187,86.0,21.5,90.0,0.0016666666666666668
32,188,86.0,21.8,90.0,0.0016666666666666668
32,189,86.0,22.1,90.0,0.0016666666666666668
32,190,121.1,31.7,90.0,0.0016666666666666668
32,194,86.0,26.0,90.0,0.0016666666666666668
32,195,86.0,26.6,90.0,0.0016666666666666668
32,196,86.00400160128129,26.9,87.70755722404412,0.0018749929761864628
32,197,86.0,25.7,90.0,0.0016666666666666668
32,249,86.0,22.4,90.0,0.0016666666666666668
32,251,86.0,17.9,90.0,0.0016666666666666668
32,252,86.0,18.2,90.0,0.0016666666666666668
32,253,86.0,18.5,90.0,0.0016666666666666668
32,254,86.0,18.8,90.0,0.0016666666666666668
33,56,122.9,32.0,90.0,0.0016666666666666668
33,57,123.2,32.0,90.0,0.0016666666666666668
33,58,123.5,32.0,90.0,0.0016666666666666668
33,67,95.3,32.0,90.0,0.0016666666666666668
33,72,104.3,32.0,90.0,0.0016666666666666668
33,73,104.6,32.0,90.0,0.0016666666666666668
33,74,102.8,32.0,90.0,0.0016666666666666668
33,75,78.2,17.6,90.0,0.0016666666666666668
33,77,96.2,32.0,90.0,0.0016666666666666668
33,85,131.3,32.0,90.0,0.0016666666666666668
33,86,122.0,32.0,90.0,0.0016666666666666668
33,87,122.3,32.0,90.0,0.0016666666666666668
33,88,122.6,32.0,90.0,0.0016666666666666668
33,101,96.5,32.0,90.0,0.0016666666666666668
33,102,113.6,32.0,90.0,0.0016666666666666668
33,103,113.9,32.0,90.0,0.0016666666666666668
33,104,114.2,32.0,90.0,0.0016666666666666668
33,111,95.6,32.0,90.0,0.0016666666666666668
33,112,95.9,32.0,90.0,0.0016666666666666668
33,130,121.4,32.0,90.0,0.0016666666666666668
33,131,121.7,32.0,90.0,0.0016666666666666668
33,132,85.4,32.0,90.0,0.0016666666666666668
33,133,85.7,32.0,90.0,0.0016666666666666668
33,146,131.0,32.0,90.0,0.0016666666666666668
33,167,78.2,12.2,90.0,0.0016666666666666668
33,168,78.2,12.5,90.0,0.0016666666666666668
33,169,78.2,12.8,90.0,0.0016666666666666668
33,170,78.2,13.1,90.0,0.0016666666666666668
33,171,78.2,13.7,90.0,0.0016666666666666668
33,172,78.2,14.0,90.0,0.0016666666666666668
33,173,78.2,14.3,90.0,0.0016666666666666668
33,174,78.2,14.6,90.0,0.0016666666666666668
33,175,78.2,14.9,90.0,0.0016666666666666668
33,176,78.2,15.2,90.0,0.0016666666666666668
33,177,78.2,15.5,90.0,0.0016666666666666668
33,178,114.5,32.0,90.0,0.0016666666666666668
33,179,113.3,32.0,90.0,0.0016666666666666668
33,180,112.7,32.0,90.0,0.0016666666666666668
33,181,113.0,32.0,90.0,0.0016666666666666668
33,183,78.2,20.9,90.0,0.0016666666666666668
33,184,78.2,21.2,90.0,0.0016666666666666668
33,185,78.2,22.7,90.0,0.0016666666666666668
33,186,78.2,23.0,90.0,0.0016666666666666668
33,187,78.2,21.5,90.0,0.0016666666666666668
33,188,78.2,21.8,90.0,0.0016666666666666668
33,189,78.2,22.1,90.0,0.0016666666666666668
33,190,121.1,32.0,90.0,0.0016666666666666668
33,194,78.2,26.0,90.0,0.0016666666666666668
33,195,78.2,26.6,90.0,0.0016666666666666668
33,196,78.2,26.9,90.0,0.0016666666666666668
33,197,78.2,25.7,90.0,0.0016666666666666668
33,199,84.8,32.0,90.0,0.0016666666666666668
33,200,85.1,32.0,90.0,0.0016666666666666668
33,201,78.2,10.100000000000001,90.0,0.0016666666666666668
33,202,78.2,9.5,90.0,0.0016666666666666668
33,203,78.2,8.59599839871872,87.70755722404408,0.0018749929761864628
33,204,78.2,8.899999999999999,90.0,0.0016666666666666668
33,205,78.2,9.2,90.0,0.0016666666666666668
33,249,78.2,22.4,90.0,0.0016666666666666668
33,250,78.2,9.8,90.0,0.0016666666666666668
33,251,78.2,17.9,90.0,0.0016666666666666668
33,252,78.2,18.2,90.0,0.0016666666666666668
33,253,78.2,18.5,90.0,0.0016666666666666668
33,254,78.2,18.8,90.0,0.0016666666666666668
34,45,23.900000000000006,32.6,90.0,0.0016666666666666668
34,46,24.200000000000003,32.6,90.0,0.0016666666666666668
34,47,24.5,32.6,90.0,0.0016666666666666668
34,56,122.9,32.6,90.0,0.0016666666666666668
34,57,123.2,32.6,90.0,0.0016666666666666668
34,58,123.5,32.6,90.0,0.0016666666666666668
34,59,77.9,32.6,90.0,0.0016666666666666668
34,67,95.3,32.6,90.0,0.0016666666666666668
34,68,76.7,32.6,90.0,0.0016666666666666668
34,69,77.0,32.6,90.0,0.0016666666666666668
34,72,104.3,32.6,90.0,0.0016666666666666668
34,73,104.6,32.6,90.0,0.0016666666666666668
34,74,102.8,32.6,90.0,0.0016666666666666668
34,77,96.2,32.6,90.0,0.0016666666666666668
34,78,50.0,32.6,90.0,0.0016666666666666668
34,79,50.3,32.6,90.0,0.0016666666666666668
34,80,50.599999999999994,32.6,90.0,0.0016666666666666668
34,84,23.599999999999994,32.6,90.0,0.0016666666666666668
34,85,131.3,32.6,90.0,0.0016666666666666668
34,86,122.0,32.6,90.0,0.0016666666666666668
34,87,122.3,32.6,90.0,0.0016666666666666668
34,88,122.6,32.6,90.0,0.0016666666666666668
34,90,77.6,32.6,90.0,0.0016666666666666668
34,101,96.5,32.6,90.0,0.0016666666666666668
34,102,113.6,32.6,90.0,0.0016666666666666668
34,103,113.9,32.6,90.0,0.0016666666666666668
34,104,114.2,32.6,90.0,0.0016666666666666668
34,106,39.2,32.6,90.0,0.0016666666666666668
34,111,95.6,32.6,90.0,0.0016666666666666668
34,112,95.9,32.6,90.0,0.0016666666666666668
34,130,121.4,32.6,90.0,0.0016666666666666668
34,131,121.7,32.6,90.0,0.0016666666666666668
34,132,85.4,32.6,90.0,0.0016666666666666668
34,133,85.7,32.6,90.0,0.0016666666666666668
34,145,68.6,32.6,90.0,0.0016666666666666668
34,146,131.0,32.6,90.0,0.0016666666666666668
34,178,114.5,32.6,90.0,0.0016666666666666668
34,179,113.3,32.6,90.0,0.0016666666666666668
34,180,112.7,32.6,90.0,0.0016666666666666668
34,181,113.0,32.6,90.0,0.0016666666666666668
34,190,121.1,32.6,90.0,0.0016666666666666668
34,199,84.8,32.6,90.0,0.0016666666666666668
34,200,85.1,32.6,90.0,0.0016666666666666668
34,206,56.599999999999994,32.6,90.0,0.0016666666666666668
34,210,67.73959457608461,32.6,62.61289249734602,0.002113100255104908
34,212,67.1,32.6,90.0,0.0016666666666666668
34,213,66.24187454245971,32.6,50.20818050044273,0.0038393007653147234
34,214,66.77308237088326,32.6,54.549457360824576,0.002261892721081555
34,215,67.27083130081252,32.6,58.667748502405686,0.00199406066327276
34,222,75.8,32.6,90.0,0.0016666666666666668
34,223,76.1,32.6,90.0,0.0016666666666666668
34,224,76.4,32.6,90.0,0.0016666666666666668
34,225,77.3,32.6,90.0,0.0016666666666666668
34,226,74.9,32.6,90.0,0.0016666666666666668
34,227,75.2,32.6,90.0,0.0016666666666666668
34,228,75.5,32.6,90.0,0.0016666666666666668
34,246,31.0978728217965,32.6,70.12312592992113,0.0033035804591888336
34,247,31.51742430504416,32.6,66.42182152179818,0.002916680714293742
35,56,122.9,32.3,90.0,0.0016666666666666668
35,57,123.2,32.3,90.0,0.0016666666666666668
35,58,123.5,32.3,90.0,0.0016666666666666668
35,59,77.9,32.3,90.0,0.0016666666666666668
35,67,95.3,32.3,90.0,0.0016666666666666668
35,68,76.7,32.3,90.0,0.0016666666666666668
35,69,77.0,32.3,90.0,0.0016666666666666668
35,72,104.3,32.3,90.0,0.0016666666666666668
35,73,104.6,32.3,90.0,0.0016666666666666668
35,74,102.8,32.3,90.0,0.0016666666666666668
35,77,96.2,32.3,90.0,0.0016666666666666668
35,78,50.0,32.3,90.0,0.0016666666666666668
35,79,50.3,32.3,90.0,0.0016666666666666668
35,80,50.599999999999994,32.3,90.0,0.0016666666666666668
35,85,131.3,32.3,90.0,0.0016666666666666668
35,86,122.0,32.3,90.0,0.0016666666666666668
35,87,122.3,32.3,90.0,0.0016666666666666668
35,88,122.6,32.3,90.0,0.0016666666666666668
35,90,77.6,32.3,90.0,0.0016666666666666668
35,101,96.5,32.3,90.0,0.0016666666666666668
35,102,113.6,32.3,90.0,0.0016666666666666668
35,103,113.9,32.3,90.0,0.0016666666666666668
35,104,114.2,32.3,90.0,0.0016666666666666668
35,111,95.6,32.3,90.0,0.0016666666666666668
35,112,95.9,32.3,90.0,0.0016666666666666668
35,130,121.4,32.3,90.0,0.0016666666666666668
35,131,121.7,32.3,90.0,0.0016666666666666668
35,132,85.4,32.3,90.0,0.0016666666666666668
35,133,85.7,32.3,90.0,0.0016666666666666668
35,145,68.6,32.3,90.0,0.0016666666666666668
35,146,131.0,32.3,90.0,0.0016666666666666668
35,177,39.5,15.5,90.0,0.0016666666666666668
35,178,114.5,32.3,90.0,0.0016666666666666668
35,179,113.3,32.3,90.0,0.0016666666666666668
35,180,112.7,32.3,90.0,0.0016666666666666668
35,181,113.0,32.3,90.0,0.0016666666666666668
35,185,39.5,22.7,90.0,0.0016666666666666668
35,186,39.5,23.0,90.0,0.0016666666666666668
35,187,39.5,21.5,90.0,0.0016666666666666668
35,188,39.5,21.8,90.0,0.0016666666666666668
35,189,39.5,22.1,90.0,0.0016666666666666668
35,190,121.1,32.3,90.0,0.0016666666666666668
35,199,84.8,32.3,90.0,0.0016666666666666668
35,200,85.1,32.3,90.0,0.0016666666666666668
35,201,39.5,10.100000000000001,90.0,0.0016666666666666668
35,202,39.5,9.5,90.0,0.0016666666666666668
35,206,56.599999999999994,32.3,90.0,0.0016666666666666668
35,210,67.88257569495583,32.3,66.42182152179815,0.002916680714293742
35,212,67.1,32.3,90.0,0.0016666666666666668
35,213,66.47308237088326,32.3,54.549457360824576,0.002261892721081555
35,214,66.97083130081253,32.3,58.66774850240584,0.00199406066327276
35,215,67.43959457608463,32.3,62.61289249734616,0.002113100255104908
35,220,39.5,5.0,90.0,0.0016666666666666668
35,221,39.5,5.300000000000001,90.0,0.0016666666666666668
35,222,75.8,32.3,90.0,0.0016666666666666668
35,223,76.1,32.3,90.0,0.0016666666666666668
35,224,76.4,32.3,90.0,0.0016666666666666668
35,225,77.3,32.3,90.0,0.0016666666666666668
35,226,74.9,32.3,90.0,0.0016666666666666668
35,227,75.2,32.3,90.0,0.0016666666666666668
35,228,75.5,32.3,90.0,0.0016666666666666668
35,229,39.5,5.600000000000001,90.0,0.0016666666666666668
35,249,39.5,22.4,90.0,0.0016666666666666668
35,250,39.5,9.8,90.0,0.0016666666666666668
36,48,118.1,144.8,90.0,0.0016666666666666668
36,49,118.1,144.5,90.0,0.0016666666666666668
36,50,118.1,144.2,90.0,0.0016666666666666668
36,51,118.1,143.9,90.0,0.0016666666666666668
36,52,134.6,130.4,90.0,0.0016666666666666668
36,53,134.0,130.4,90.0,0.0016666666666666668
36,54,134.3,130.4,90.0,0.0016666666666666668
36,55,118.3978728217965,133.7,70.12312592992097,0.0033035804591888336
36,56,135.2,130.4,90.0,0.0016666666666666668
36,57,135.5,130.4,90.0,0.0016666666666666668
36,58,135.8,130.4,90.0,0.0016666666666666668
36,59,134.9,130.4,90.0,0.0016666666666666668
36,93,124.7,130.4,90.0,0.0016666666666666668
36,94,125.0,130.4,90.0,0.0016666666666666668
36,95,125.3,130.4,90.0,0.0016666666666666668
36,96,125.6,130.4,90.0,0.0016666666666666668
36,97,118.1,139.1,90.0,0.0016666666666666668
36,98,118.1,138.8,90.0,0.0016666666666666668
36,99,118.1,138.5,90.0,0.0016666666666666668
36,100,118.1,138.2,90.0,0.0016666666666666668
36,101,126.8,130.4,90.0,0.0016666666666666668
36,102,127.1,130.4,90.0,0.0016666666666666668
36,103,127.4,130.4,90.0,0.0016666666666666668
36,104,127.7,130.4,90.0,0.0016666666666666668
36,105,125.9,130.4,90.0,0.0016666666666666668
36,106,126.2,130.4,90.0,0.0016666666666666668
36,178,128.0,130.4,90.0,0.0016666666666666668
36,206,126.5,130.4,90.0,0.0016666666666666668
37,48,119.0,144.8,90.0,0.0016666666666666668
37,49,119.0,144.5,90.0,0.0016666666666666668
37,50,119.0,144.2,90.0,0.0016666666666666668
37,51,119.0,143.9,90.0,0.0016666666666666668
37,52,134.6,136.7,90.0,0.0016666666666666668
37,53,134.0,136.7,90.0,0.0016666666666666668
37,54,134.3,136.7,90.0,0.0016666666666666668
37,55,133.28257569495582,136.7,66.42182152179815,0.002916680714293742
37,56,135.2,136.7,90.0,0.0016666666666666668
37,57,135.5,136.7,90.0,0.0016666666666666668
37,58,135.8,136.7,90.0,0.0016666666666666668
37,59,134.9,136.7,90.0,0.0016666666666666668
37,93,124.7,136.7,90.0,0.0016666666666666668
37,94,125.0,136.7,90.0,0.0016666666666666668
37,95,125.3,136.7,90.0,0.0016666666666666668
37,96,125.6,136.7,90.0,0.0016666666666666668
37,97,119.65034716346166,139.2341289162663,73.75173154987043,0.0018452401020419631
37,98,119.84981795007252,138.91145397160818,68.22269690611327,0.0031250070238135375
37,99,120.07946368143449,138.59687335501613,62.93506577116675,0.002113100255104908
37,100,120.34341630999484,138.28981001731748,57.872845562013694,0.0021726340986480564
37,101,126.8,136.7,90.0,0.0016666666666666668
37,102,127.1,136.7,90.0,0.0016666666666666668
37,103,127.4,136.7,90.0,0.0016666666666666668
37,104,127.7,136.7,90.0,0.0016666666666666668
37,105,125.9,136.7,90.0,0.0016666666666666668
37,106,126.2,136.7,90.0,0.0016666666666666668
37,178,128.0,136.7,90.0,0.0016666666666666668
37,206,126.5,136.7,90.0,0.0016666666666666668
38,48,118.7,144.8,90.0,0.0016666666666666668
38,49,118.7,144.5,90.0,0.0016666666666666668
38,50,118.7,144.2,90.0,0.0016666666666666668
38,51,118.7,143.9,90.0,0.0016666666666666668
38,52,134.6,136.4,90.0,0.0016666666666666668
38,53,134.0,136.4,90.0,0.0016666666666666668
38,54,134.3,136.4,90.0,0.0016666666666666668
38,55,133.13959457608462,136.4,62.61289249734631,0.002113100255104908
38,56,135.2,136.4,90.0,0.0016666666666666668
38,57,135.5,136.4,90.0,0.0016666666666666668
38,58,135.8,136.4,90.0,0.0016666666666666668
38,59,134.9,136.4,90.0,0.0016666666666666668
38,93,124.7,136.4,90.0,0.0016666666666666668
38,94,125.0,136.4,90.0,0.0016666666666666668
38,95,125.3,136.4,90.0,0.0016666666666666668
38,96,125.6,136.4,90.0,0.0016666666666666668
38,97,119.23284498727664,139.1539977532735,71.73574975341319,0.002708326309519796
38,98,119.40688190474216,138.83696722218195,66.1339364861906,0.002916680714293742
38,99,119.60857783013267,138.5259323898144,60.75139489444044,0.0018452401020419631
38,100,119.8419117184576,138.21956688298198,55.569927366067404,0.0021726340986480564
38,101,126.8,136.4,90.0,0.0016666666666666668
38,102,127.1,136.4,90.0,0.0016666666666666668
38,103,127.4,136.4,90.0,0.0016666666666666668
38,104,127.7,136.4,90.0,0.0016666666666666668
38,105,125.9,136.4,90.0,0.0016666666666666668
38,106,126.2,136.4,90.0,0.0016666666666666668
38,178,128.0,136.4,90.0,0.0016666666666666668
38,206,126.5,136.4,90.0,0.0016666666666666668
39,48,118.4,144.8,90.0,0.0016666666666666668
39,49,118.4,144.5,90.0,0.0016666666666666668
39,50,118.4,144.2,90.0,0.0016666666666666668
39,51,118.4,143.9,90.0,0.0016666666666666668
39,52,134.6,136.1,90.0,0.0016666666666666668
39,53,134.0,136.1,90.0,0.0016666666666666668
39,54,134.3,136.1,90.0,0.0016666666666666668
39,55,132.9708313008125,136.1,58.66774850240575,0.00199406066327276
39,56,135.2,136.1,90.0,0.0016666666666666668
39,57,135.5,136.1,90.0,0.0016666666666666668
39,58,135.8,136.1,90.0,0.0016666666666666668
39,59,134.9,136.1,90.0,0.0016666666666666668
39,93,124.7,136.1,90.0,0.0016666666666666668
39,94,125.0,136.1,90.0,0.0016666666666666668
39,95,125.3,136.1,90.0,0.0016666666666666668
39,96,125.6,136.1,90.0,0.0016666666666666668
39,97,118.8131527129003,139.10981609773717,70.13531053813286,0.0033035804591888336
39,98,118.95909472525508,138.8025317541383,64.468960594734,0.002946433588438241
39,99,119.12911708717881,138.50008478119537,59.0025450137201,0.0018749929761864628
39,100,119.32691762911675,138.2,54.549457360824505,0.002261892721081555
39,101,126.8,136.1,90.0,0.0016666666666666668
39,102,127.1,136.1,90.0,0.0016666666666666668
39,103,127.4,136.1,90.0,0.0016666666666666668
39,104,127.7,136.1,90.0,0.0016666666666666668
39,105,125.9,136.1,90.0,0.0016666666666666668
39,106,126.2,136.1,90.0,0.0016666666666666668
39,178,128.0,136.1,90.0,0.0016666666666666668
39,206,126.5,136.1,90.0,0.0016666666666666668
40,52,75.15038463814564,121.1,40.53580211131633,0.005833333333333334
40,56,135.2,119.9,90.0,0.0016666666666666668
40,57,135.5,119.9,90.0,0.0016666666666666668
40,58,135.8,119.9,90.0,0.0016666666666666668
40,59,134.9,119.9,90.0,0.0016666666666666668
40,60,73.4,126.5,90.0,0.0016666666666666668
40,61,73.4,126.8,90.0,0.0016666666666666668
40,62,73.4,142.1,90.0,0.0016666666666666668
40,63,73.4,142.4,90.0,0.0016666666666666668
40,64,73.4,144.5,90.0,0.0016666666666666668
40,65,73.4,144.8,90.0,0.0016666666666666668
40,72,107.3,119.9,90.0,0.0016666666666666668
40,73,107.6,119.9,90.0,0.0016666666666666668
40,77,117.8,119.9,90.0,0.0016666666666666668
40,78,73.4,140.3,90.0,0.0016666666666666668
40,79,73.4040016012813,124.7,87.70755722404408,0.0018749929761864628
40,80,117.5,119.9,90.0,0.0016666666666666668
40,81,115.1,119.9,90.0,0.0016666666666666668
40,84,73.4,134.0,90.0,0.0016666666666666668
40,85,108.8,119.9,90.0,0.0016666666666666668
40,86,107.9,119.9,90.0,0.0016666666666666668
40,87,108.2,119.9,90.0,0.0016666666666666668
40,88,108.5,119.9,90.0,0.0016666666666666668
40,90,107.0,119.9,90.0,0.0016666666666666668
40,91,106.1,119.9,90.0,0.0016666666666666668
40,95,73.52250064069713,123.8,77.29096700560446,0.0017857062584988146
40,96,73.60000000000001,123.5,73.73979529168798,0.0018452401020419631
40,101,126.8,119.9,90.0,0.0016666666666666668
40,102,127.1,119.9,90.0,0.0016666666666666668
40,103,127.4,119.9,90.0,0.0016666666666666668
40,104,127.7,119.9,90.0,0.0016666666666666668
40,105,125.9,119.9,90.0,0.0016666666666666668
40,106,125.9021271782035,119.9,70.12312592992129,0.0033035804591888336
40,126,73.4,136.7,90.0,0.0016666666666666668
40,127,73.4,136.4,90.0,0.0016666666666666668
40,128,73.4,136.1,90.0,0.0016666666666666668
40,129,73.4,135.8,90.0,0.0016666666666666668
40,130,81.5,119.9,90.0,0.0016666666666666668
40,131,81.8,119.9,90.0,0.0016666666666666668
40,132,80.6,119.9,90.0,0.0016666666666666668
40,133,80.9,119.9,90.0,0.0016666666666666668
40,134,79.7,119.9,90.0,0.0016666666666666668
40,136,73.4,133.7,90.0,0.0016666666666666668
40,137,73.4,133.4,90.0,0.0016666666666666668
40,138,73.4,133.1,90.0,0.0016666666666666668
40,139,73.4,132.8,90.0,0.0016666666666666668
40,140,73.4,132.5,90.0,0.0016666666666666668
40,141,73.4,132.2,90.0,0.0016666666666666668
40,142,73.4,131.9,90.0,0.0016666666666666668
40,145,90.8,119.9,90.0,0.0016666666666666668
40,151,73.4,129.5,90.0,0.0016666666666666668
40,152,73.4,129.2,90.0,0.0016666666666666668
40,153,73.4,128.9,90.0,0.0016666666666666668
40,154,73.4,128.6,90.0,0.0016666666666666668
40,155,73.4,129.8,90.0,0.0016666666666666668
40,178,128.0,119.9,90.0,0.0016666666666666668
40,179,81.2,119.9,90.0,0.0016666666666666668
40,206,126.3,119.9,73.73979529168814,0.0018452401020419631
40,225,91.1,119.9,90.0,0.0016666666666666668
40,246,116.3,119.9,90.0,0.0016666666666666668
40,247,116.6,119.9,90.0,0.0016666666666666668
41,52,74.02691762911674,121.1,54.549457360824505,0.002261892721081555
41,56,135.2,119.0,90.0,0.0016666666666666668
41,57,135.5,119.0,90.0,0.0016666666666666668
41,58,135.8,119.0,90.0,0.0016666666666666668
41,59,134.9,119.0,90.0,0.0016666666666666668
41,60,73.1,126.5,90.0,0.0016666666666666668
41,61,73.1,126.8,90.0,0.0016666666666666668
41,62,73.1,142.1,90.0,0.0016666666666666668
41,63,73.1,142.4,90.0,0.0016666666666666668
41,64,73.1,144.5,90.0,0.0016666666666666668
41,65,73.1,144.8,90.0,0.0016666666666666668
41,72,107.3,119.0,90.0,0.0016666666666666668
41,73,107.6,119.0,90.0,0.0016666666666666668
41,77,117.8,119.0,90.0,0.0016666666666666668
41,78,73.1,140.3,90.0,0.0016666666666666668
41,79,73.1,124.7,90.0,0.0016666666666666668
41,80,117.5,119.0,90.0,0.0016666666666666668
41,81,115.1,119.0,90.0,0.0016666666666666668
41,84,73.1,134.0,90.0,0.0016666666666666668
41,85,108.8,119.0,90.0,0.0016666666666666668
41,86,107.9,119.0,90.0,0.0016666666666666668
41,87,108.2,119.0,90.0,0.0016666666666666668
41,88,108.5,119.0,90.0,0.0016666666666666668
41,90,107.0,119.0,90.0,0.0016666666666666668
41,91,106.1,119.0,90.0,0.0016666666666666668
41,95,73.10400160128128,123.8,87.70755722404408,0.0018749929761864628
41,96,73.1250628144669,123.5,84.2608295227332,0.0018452401020419631
41,101,126.8,119.0,90.0,0.0016666666666666668
41,102,127.1,119.0,90.0,0.0016666666666666668
41,103,127.4,119.0,90.0,0.0016666666666666668
41,104,127.7,119.0,90.0,0.0016666666666666668
41,105,125.9,119.0,90.0,0.0016666666666666668
41,106,125.47083130081253,119.0,58.66774850240584,0.00199406066327276
41,126,73.1,136.7,90.0,0.0016666666666666668
41,127,73.1,136.4,90.0,0.0016666666666666668
41,128,73.1,136.1,90.0,0.0016666666666666668
41,129,73.1,135.8,90.0,0.0016666666666666668
41,130,81.5,119.0,90.0,0.0016666666666666668
41,131,81.8,119.0,90.0,0.0016666666666666668
41,132,80.6,119.0,90.0,0.0016666666666666668
41,133,80.9,119.0,90.0,0.0016666666666666668
41,134,79.7,119.0,90.0,0.0016666666666666668
41,136,73.1,133.7,90.0,0.0016666666666666668
41,137,73.1,133.4,90.0,0.0016666666666666668
41,138,73.1,133.1,90.0,0.0016666666666666668
41,139,73.1,132.8,90.0,0.0016666666666666668
41,140,73.1,132.5,90.0,0.0016666666666666668
41,141,73.1,132.2,90.0,0.0016666666666666668
41,142,73.1,131.9,90.0,0.0016666666666666668
41,145,90.8,119.0,90.0,0.0016666666666666668
41,151,73.1,129.5,90.0,0.0016666666666666668
41,152,73.1,129.2,90.0,0.0016666666666666668
41,153,73.1,128.9,90.0,0.0016666666666666668
41,154,73.1,128.6,90.0,0.0016666666666666668
41,155,73.1,129.8,90.0,0.0016666666666666668
41,178,128.0,119.0,90.0,0.0016666666666666668
41,179,81.2,119.0,90.0,0.0016666666666666668
41,206,125.93959457608463,119.0,62.61289249734616,0.002113100255104908
41,225,91.1,119.0,90.0,0.0016666666666666668
41,246,116.3,119.0,90.0,0.0016666666666666668
41,247,116.6,119.0,90.0,0.0016666666666666668
42,52,73.52916869918748,121.1,58.66774850240561,0.00199406066327276
42,56,135.2,118.7,90.0,0.0016666666666666668
42,57,135.5,118.7,90.0,0.0016666666666666668
42,58,135.8,118.7,90.0,0.0016666666666666668
42,59,134.9,118.7,90.0,0.0016666666666666668
42,60,72.8,126.5,90.0,0.0016666666666666668
42,61,72.8,126.8,90.0,0.0016666666666666668
42,62,72.8,142.1,90.0,0.0016666666666666668
42,63,72.8,142.4,90.0,0.0016666666666666668
42,64,72.8,144.5,90.0,0.0016666666666666668
42,65,72.8,144.8,90.0,0.0016666666666666668
42,72,107.3,118.7,90.0,0.0016666666666666668
42,73,107.6,118.7,90.0,0.0016666666666666668
42,77,117.8,118.7,90.0,0.0016666666666666668
42,78,72.8,140.3,90.0,0.0016666666666666668
42,79,72.8,124.7,90.0,0.0016666666666666668
42,80,117.5,118.7,90.0,0.0016666666666666668
42,81,115.1,118.7,90.0,0.0016666666666666668
42,84,72.8,134.0,90.0,0.0016666666666666668
42,85,108.8,118.7,90.0,0.0016666666666666668
42,86,107.9,118.7,90.0,0.0016666666666666668
42,87,108.2,118.7,90.0,0.0016666666666666668
42,88,108.5,118.7,90.0,0.0016666666666666668
42,90,107.0,118.7,90.0,0.0016666666666666668
42,91,106.1,118.7,90.0,0.0016666666666666668
42,95,72.8,123.8,90.0,0.0016666666666666668
42,96,72.80400160128127,123.5,87.70755722404408,0.0018749929761864628
42,101,126.8,118.7,90.0,0.0016666666666666668
42,102,127.1,118.7,90.0,0.0016666666666666668
42,103,127.4,118.7,90.0,0.0016666666666666668
42,104,127.7,118.7,90.0,0.0016666666666666668
42,105,125.9,118.7,90.0,0.0016666666666666668
42,106,125.27308237088327,118.7,54.54945736082474,0.002261892721081555
42,126,72.8,136.7,90.0,0.0016666666666666668
42,127,72.8,136.4,90.0,0.0016666666666666668
42,128,72.8,136.1,90.0,0.0016666666666666668
42,129,72.8,135.8,90.0,0.0016666666666666668
42,130,81.5,118.7,90.0,0.0016666666666666668
42,131,81.8,118.7,90.0,0.0016666666666666668
42,132,80.6,118.7,90.0,0.0016666666666666668
42,133,80.9,118.7,90.0,0.0016666666666666668
42,134,79.7,118.7,90.0,0.0016666666666666668
42,136,72.8,133.7,90.0,0.0016666666666666668
42,137,72.8,133.4,90.0,0.0016666666666666668
42,138,72.8,133.1,90.0,0.0016666666666666668
42,139,72.8,132.8,90.0,0.0016666666666666668
42,140,72.8,132.5,90.0,0.0016666666666666668
42,141,72.8,132.2,90.0,0.0016666666666666668
42,142,72.8,131.9,90.0,0.0016666666666666668
42,145,90.8,118.7,90.0,0.0016666666666666668
42,151,72.8,129.5,90.0,0.0016666666666666668
42,152,72.8,129.2,90.0,0.0016666666666666668
42,153,72.8,128.9,90.0,0.0016666666666666668
42,154,72.8,128.6,90.0,0.0016666666666666668
42,155,72.8,129.8,90.0,0.0016666666666666668
42,178,128.0,118.7,90.0,0.0016666666666666668
42,179,81.2,118.7,90.0,0.0016666666666666668
42,206,125.77083130081253,118.7,58.66774850240584,0.00199406066327276
42,225,91.1,118.7,90.0,0.0016666666666666668
42,246,116.3,118.7,90.0,0.0016666666666666668
42,247,116.6,118.7,90.0,0.0016666666666666668
43,56,135.2,118.4,90.0,0.0016666666666666668
43,57,135.5,118.4,90.0,0.0016666666666666668
43,58,135.8,118.4,90.0,0.0016666666666666668
43,59,134.9,118.4,90.0,0.0016666666666666668
43,66,55.1,144.8,90.0,0.0016666666666666668
43,67,62.0,118.4,90.0,0.0016666666666666668
43,68,61.400000000000006,118.4,90.0,0.0016666666666666668
43,69,61.7,118.4,90.0,0.0016666666666666668
43,72,107.3,118.4,90.0,0.0016666666666666668
43,73,107.6,118.4,90.0,0.0016666666666666668
43,77,117.8,118.4,90.0,0.0016666666666666668
43,78,55.1,140.3,90.0,0.0016666666666666668
43,79,55.1,124.69599839871873,87.70755722404418,0.0018749929761864628
43,80,117.5,118.4,90.0,0.0016666666666666668
43,81,115.1,118.4,90.0,0.0016666666666666668
43,84,55.1,134.0,90.0,0.0016666666666666668
43,85,108.8,118.4,90.0,0.0016666666666666668
43,86,107.9,118.4,90.0,0.0016666666666666668
43,87,108.2,118.4,90.0,0.0016666666666666668
43,88,108.5,118.4,90.0,0.0016666666666666668
43,90,107.0,118.4,90.0,0.0016666666666666668
43,91,106.1,118.4,90.0,0.0016666666666666668
43,101,126.8,118.4,90.0,0.0016666666666666668
43,102,127.1,118.4,90.0,0.0016666666666666668
43,103,127.4,118.4,90.0,0.0016666666666666668
43,104,127.7,118.4,90.0,0.0016666666666666668
43,105,125.9,118.4,90.0,0.0016666666666666668
43,106,125.04187454245972,118.4,50.20818050044296,0.0038393007653147234
43,107,55.1,138.8,90.0,0.0016666666666666668
43,108,55.1,138.5,90.0,0.0016666666666666668
43,109,55.1,138.2,90.0,0.0016666666666666668
43,110,55.1,137.9,90.0,0.0016666666666666668
43,111,72.2,118.4,90.0,0.0016666666666666668
43,112,72.5,118.4,90.0,0.0016666666666666668
43,126,55.1,136.7,90.0,0.0016666666666666668
43,127,55.1,136.4,90.0,0.0016666666666666668
43,128,55.1,136.1,90.0,0.0016666666666666668
43,129,55.1,135.8,90.0,0.0016666666666666668
43,130,81.5,118.4,90.0,0.0016666666666666668
43,131,81.8,118.4,90.0,0.0016666666666666668
43,132,80.6,118.4,90.0,0.0016666666666666668
43,133,80.9,118.4,90.0,0.0016666666666666668
43,134,79.7,118.4,90.0,0.0016666666666666668
43,136,55.1,133.7,90.0,0.0016666666666666668
43,137,55.1,133.4,90.0,0.0016666666666666668
43,138,55.1,133.1,90.0,0.0016666666666666668
43,139,55.1,132.8,90.0,0.0016666666666666668
43,140,55.1,132.5,90.0,0.0016666666666666668
43,141,55.1,132.2,90.0,0.0016666666666666668
43,142,55.1,131.9,90.0,0.0016666666666666668
43,145,90.8,118.4,90.0,0.0016666666666666668
43,151,55.1,129.5,90.0,0.0016666666666666668
43,152,55.1,129.2,90.0,0.0016666666666666668
43,153,55.1,128.9,90.0,0.0016666666666666668
43,154,55.1,128.6,90.0,0.0016666666666666668
43,155,55.1,129.8,90.0,0.0016666666666666668
43,178,128.0,118.4,90.0,0.0016666666666666668
43,179,81.2,118.4,90.0,0.0016666666666666668
43,206,125.57308237088327,118.4,54.54945736082474,0.002261892721081555
43,225,91.1,118.4,90.0,0.0016666666666666668
43,246,116.3,118.4,90.0,0.0016666666666666668
43,247,116.6,118.4,90.0,0.0016666666666666668
44,45,23.900000000000006,62.0,90.0,0.0016666666666666668
44,45,143.9,89.29412778907684,19.94844358880223,0.006815487227897463
44,46,24.200000000000003,62.0,90.0,0.0016666666666666668
44,46,143.9,80.82513158259243,28.357636576327803,0.002291673690480204
44,56,135.2,62.0,90.0,0.0016666666666666668
44,57,135.5,62.0,90.0,0.0016666666666666668
44,58,135.8,62.0,90.0,0.0016666666666666668
44,59,134.9,62.0,90.0,0.0016666666666666668
44,67,62.2,62.0,73.73979529168805,0.0018452401020419631
44,68,61.400000000000006,62.0,90.0,0.0016666666666666668
44,69,61.7,62.0,90.0,0.0016666666666666668
44,72,107.3,62.0,90.0,0.0016666666666666668
44,73,107.6,62.0,90.0,0.0016666666666666668
44,74,101.6418745424597,62.0,50.20818050044273,0.0038393007653147234
44,77,117.8,62.0,90.0,0.0016666666666666668
44,78,50.0,62.0,90.0,0.0016666666666666668
44,79,50.3,62.0,90.0,0.0016666666666666668
44,80,50.599999999999994,62.0,90.0,0.0016666666666666668
44,84,23.599999999999994,62.0,90.0,0.0016666666666666668
44,85,131.3,62.0,90.0,0.0016666666666666668
44,86,122.0,62.0,90.0,0.0016666666666666668
44,87,122.3,62.0,90.0,0.0016666666666666668
44,88,122.6,62.0,90.0,0.0016666666666666668
44,90,77.6,62.0,90.0,0.0016666666666666668
44,101,126.8,62.0,90.0,0.0016666666666666668
44,102,127.1,62.0,90.0,0.0016666666666666668
44,103,127.4,62.0,90.0,0.0016666666666666668
44,104,127.7,62.0,90.0,0.0016666666666666668
44,106,39.2,62.0,90.0,0.0016666666666666668
44,111,73.12691762911673,62.0,54.549457360824604,0.002261892721081555
44,112,75.12513158259242,62.0,28.35763657632795,0.002291673690480204
44,130,121.4,62.0,90.0,0.0016666666666666668
44,131,121.7,62.0,90.0,0.0016666666666666668
44,132,80.6,62.0,90.0,0.0016666666666666668
44,133,80.9,62.0,90.0,0.0016666666666666668
44,145,68.6,62.0,90.0,0.0016666666666666668
44,146,131.0,62.0,90.0,0.0016666666666666668
44,178,128.0,62.0,90.0,0.0016666666666666668
44,179,113.3,62.0,90.0,0.0016666666666666668
44,180,112.7,62.0,90.0,0.0016666666666666668
44,181,113.0,62.0,90.0,0.0016666666666666668
44,190,121.1,62.0,90.0,0.0016666666666666668
44,199,45.8,62.0,90.0,0.0016666666666666668
44,200,46.099999999999994,62.0,90.0,0.0016666666666666668
44,206,56.599999999999994,62.0,90.0,0.0016666666666666668
44,210,53.900000000000006,62.0,90.0,0.0016666666666666668
44,212,67.1,62.0,90.0,0.0016666666666666668
44,213,44.900000000000006,62.0,90.0,0.0016666666666666668
44,214,45.2,62.0,90.0,0.0016666666666666668
44,215,45.5,62.0,90.0,0.0016666666666666668
44,222,54.2,62.0,90.0,0.0016666666666666668
44,223,54.5,62.0,90.0,0.0016666666666666668
44,224,54.8,62.0,90.0,0.0016666666666666668
44,225,77.3,62.0,90.0,0.0016666666666666668
44,226,24.799999999999997,62.0,90.0,0.0016666666666666668
44,227,25.099999999999994,62.0,90.0,0.0016666666666666668
44,228,25.400000000000006,62.0,90.0,0.0016666666666666668
44,246,116.3,62.0,90.0,0.0016666666666666668
44,247,116.6,62.0,90.0,0.0016666666666666668
45,56,135.2,86.0,90.0,0.0016666666666666668
45,57,135.5,86.0,90.0,0.0016666666666666668
45,58,135.8,86.0,90.0,0.0016666666666666668
45,59,134.9,86.0,90.0,0.0016666666666666668
45,67,62.0,86.0,90.0,0.0016666666666666668
45,68,61.400000000000006,86.0,90.0,0.0016666666666666668
45,69,61.7,86.0,90.0,0.0016666666666666668
45,72,107.3,86.0,90.0,0.0016666666666666668
45,73,107.6,86.0,90.0,0.0016666666666666668
45,74,23.9,63.8,90.0,0.0016666666666666668
45,77,117.8,86.0,90.0,0.0016666666666666668
45,78,50.0,86.0,90.0,0.0016666666666666668
45,79,50.3,86.0,90.0,0.0016666666666666668
45,80,50.599999999999994,86.0,90.0,0.0016666666666666668
45,85,131.3,86.0,90.0,0.0016666666666666668
45,86,110.52513158259244,86.0,28.357636576327803,0.002291673690480204
45,87,121.1418745424597,86.0,50.20818050044273,0.0038393007653147234
45,88,122.30212717820349,86.0,70.12312592992113,0.0033035804591888336
45,90,107.0,86.0,90.0,0.0016666666666666668
45,91,23.9,74.0,90.0,0.0016666666666666668
45,91,106.1,86.0,90.0,0.0016666666666666668
45,101,126.8,86.0,90.0,0.0016666666666666668
45,102,127.1,86.0,90.0,0.0016666666666666668
45,103,127.4,86.0,90.0,0.0016666666666666668
45,104,127.7,86.0,90.0,0.0016666666666666668
45,106,39.2,86.0,90.0,0.0016666666666666668
45,111,72.2,86.0,90.0,0.0016666666666666668
45,112,72.5,86.0,90.0,0.0016666666666666668
45,130,81.56441492829877,86.0,80.79310377865414,0.0018749929761864628
45,131,82.52916869918747,86.0,58.66774850240584,0.00199406066327276
45,132,80.6,86.0,90.0,0.0016666666666666668
45,133,80.9,86.0,90.0,0.0016666666666666668
45,134,23.9,64.1,90.0,0.0016666666666666668
45,134,79.7,86.0,90.0,0.0016666666666666668
45,145,90.8,86.0,90.0,0.0016666666666666668
45,146,131.0,86.0,90.0,0.0016666666666666668
45,177,23.9,15.5,90.0,0.0016666666666666668
45,178,128.0,86.0,90.0,0.0016666666666666668
45,179,81.2,86.0,90.0,0.0016666666666666668
45,180,23.9,73.4,90.0,0.0016666666666666668
45,181,23.9,75.8,90.0,0.0016666666666666668
45,185,23.9,22.700000000000003,90.0,0.0016666666666666668
45,186,23.9,23.0,90.0,0.0016666666666666668
45,190,46.400000000000006,86.0,90.0,0.0016666666666666668
45,199,45.8,86.0,90.0,0.0016666666666666668
45,200,46.099999999999994,86.0,90.0,0.0016666666666666668
45,201,23.9,10.099999999999994,90.0,0.0016666666666666668
45,206,56.599999999999994,86.0,90.0,0.0016666666666666668
45,210,53.900000000000006,86.0,90.0,0.0016666666666666668
45,212,44.599999999999994,86.0,90.0,0.0016666666666666668
45,213,44.900000000000006,86.0,90.0,0.0016666666666666668
45,214,45.2,86.0,90.0,0.0016666666666666668
45,215,45.5,86.0,90.0,0.0016666666666666668
45,222,54.2,86.0,90.0,0.0016666666666666668
45,223,54.5,86.0,90.0,0.0016666666666666668
45,224,54.8,86.0,90.0,0.0016666666666666668
45,225,91.1,86.0,90.0,0.0016666666666666668
45,226,24.8,83.86181760425083,34.91520624744415,0.004583347380960408
45,227,25.1,84.24961536185438,40.535802111316556,0.005833333333333334
45,228,25.4,84.57071421427142,45.57299599919425,0.005714293741501186
45,229,23.9,5.599999999999994,90.0,0.0016666666666666668
45,246,116.3,86.0,90.0,0.0016666666666666668
45,247,116.6,86.0,90.0,0.0016666666666666668
46,56,135.2,78.2,90.0,0.0016666666666666668
46,57,135.5,78.2,90.0,0.0016666666666666668
46,58,135.8,78.2,90.0,0.0016666666666666668
46,59,134.9,78.2,90.0,0.0016666666666666668
46,67,62.0,78.2,90.0,0.0016666666666666668
46,68,61.400000000000006,78.2,90.0,0.0016666666666666668
46,69,61.7,78.2,90.0,0.0016666666666666668
46,72,107.3,78.2,90.0,0.0016666666666666668
46,73,107.6,78.2,90.0,0.0016666666666666668
46,74,24.2,63.8,90.0,0.0016666666666666668
46,77,117.8,78.2,90.0,0.0016666666666666668
46,78,50.0,78.2,90.0,0.0016666666666666668
46,79,50.3,78.2,90.0,0.0016666666666666668
46,80,50.599999999999994,78.2,90.0,0.0016666666666666668
46,85,131.3,78.2,90.0,0.0016666666666666668
46,86,122.0,78.2,90.0,0.0016666666666666668
46,87,122.3,78.2,90.0,0.0016666666666666668
46,88,122.6,78.2,90.0,0.0016666666666666668
46,90,107.0,78.2,90.0,0.0016666666666666668
46,91,24.264414928298777,74.0,80.79310377865413,0.0018749929761864628
46,91,106.03558507170122,78.2,80.79310377865414,0.0018749929761864628
46,101,126.8,78.2,90.0,0.0016666666666666668
46,102,127.1,78.2,90.0,0.0016666666666666668
46,103,127.4,78.2,90.0,0.0016666666666666668
46,104,127.7,78.2,90.0,0.0016666666666666668
46,106,39.2,78.2,90.0,0.0016666666666666668
46,111,72.2,78.2,90.0,0.0016666666666666668
46,112,72.5,78.2,90.0,0.0016666666666666668
46,130,121.2,78.2,73.73979529168798,0.0018452401020419631
46,131,121.7,78.2,90.0,0.0016666666666666668
46,132,80.6,78.2,90.0,0.0016666666666666668
46,133,80.9,78.2,90.0,0.0016666666666666668
46,134,24.2,64.1,90.0,0.0016666666666666668
46,134,79.7,78.2,90.0,0.0016666666666666668
46,145,90.8,78.2,90.0,0.0016666666666666668
46,146,131.0,78.2,90.0,0.0016666666666666668
46,177,24.2,15.5,90.0,0.0016666666666666668
46,178,128.0,78.2,90.0,0.0016666666666666668
46,179,83.8251315825924,78.2,28.357636576328165,0.002291673690480204
46,180,24.20400160128129,73.4,87.70755722404408,0.0018749929761864628
46,181,24.92916869918747,75.8,58.667748502405814,0.00199406066327276
46,185,24.2,22.700000000000003,90.0,0.0016666666666666668
46,186,24.2,23.0,90.0,0.0016666666666666668
46,190,119.9418745424597,78.2,50.20818050044273,0.0038393007653147234
46,199,45.8,78.2,90.0,0.0016666666666666668
46,200,46.099999999999994,78.2,90.0,0.0016666666666666668
46,201,24.2,10.100000000000001,90.0,0.0016666666666666668
46,206,56.599999999999994,78.2,90.0,0.0016666666666666668
46,210,53.900000000000006,78.2,90.0,0.0016666666666666668
46,212,44.599999999999994,78.2,90.0,0.0016666666666666668
46,213,44.900000000000006,78.2,90.0,0.0016666666666666668
46,214,45.2,78.2,90.0,0.0016666666666666668
46,215,45.5,78.2,90.0,0.0016666666666666668
46,222,54.2,78.2,90.0,0.0016666666666666668
46,223,54.5,78.2,90.0,0.0016666666666666668
46,224,54.8,78.2,90.0,0.0016666666666666668
46,225,91.1,78.2,90.0,0.0016666666666666668
46,226,24.8,75.57486841740759,28.357636576327984,0.002291673690480204
46,227,25.1,76.06181760425085,34.915206247444274,0.004583347380960408
46,228,25.4,76.44961536185438,40.535802111316535,0.005833333333333334
46,229,24.2,5.599999999999994,90.0,0.0016666666666666668
46,246,116.3,78.2,90.0,0.0016666666666666668
46,247,116.6,78.2,90.0,0.0016666666666666668
47,56,122.9,40.1,90.0,0.0016666666666666668
47,57,123.2,40.1,90.0,0.0016666666666666668
47,58,123.5,40.1,90.0,0.0016666666666666668
47,59,77.9,40.1,90.0,0.0016666666666666668
47,67,95.3,40.1,90.0,0.0016666666666666668
47,68,76.7,40.1,90.0,0.0016666666666666668
47,69,77.0,40.1,90.0,0.0016666666666666668
47,72,104.3,40.1,90.0,0.0016666666666666668
47,73,105.1977603297581,40.1,61.696444725292295,0.0018452401020419631
47,74,102.8,40.1,90.0,0.0016666666666666668
47,77,96.2,40.1,90.0,0.0016666666666666668
47,78,50.0,40.1,90.0,0.0016666666666666668
47,79,50.3,40.1,90.0,0.0016666666666666668
47,80,50.599999999999994,40.1,90.0,0.0016666666666666668
47,85,131.3,40.1,90.0,0.0016666666666666668
47,86,122.0,40.1,90.0,0.0016666666666666668
47,87,122.3,40.1,90.0,0.0016666666666666668
47,88,122.6,40.1,90.0,0.0016666666666666668
47,90,77.6,40.1,90.0,0.0016666666666666668
47,101,96.5,40.1,90.0,0.0016666666666666668
47,102,113.6,40.1,90.0,0.0016666666666666668
47,103,113.9,40.1,90.0,0.0016666666666666668
47,104,114.2,40.1,90.0,0.0016666666666666668
47,106,39.2,40.1,90.0,0.0016666666666666668
47,111,95.6,40.1,90.0,0.0016666666666666668
47,112,95.9,40.1,90.0,0.0016666666666666668
47,130,121.4,40.1,90.0,0.0016666666666666668
47,131,121.7,40.1,90.0,0.0016666666666666668
47,132,85.4,40.1,90.0,0.0016666666666666668
47,133,85.7,40.1,90.0,0.0016666666666666668
47,145,68.6,40.1,90.0,0.0016666666666666668
47,146,131.0,40.1,90.0,0.0016666666666666668
47,177,24.5,15.5,90.0,0.0016666666666666668
47,178,114.5,40.1,90.0,0.0016666666666666668
47,179,113.3,40.1,90.0,0.0016666666666666668
47,180,112.7,40.1,90.0,0.0016666666666666668
47,181,113.0,40.1,90.0,0.0016666666666666668
47,185,24.5,22.7,90.0,0.0016666666666666668
47,186,24.5,23.0,90.0,0.0016666666666666668
47,190,121.1,40.1,90.0,0.0016666666666666668
47,199,84.8,40.1,90.0,0.0016666666666666668
47,200,85.1,40.1,90.0,0.0016666666666666668
47,201,24.5,10.100000000000001,90.0,0.0016666666666666668
47,206,56.599999999999994,40.1,90.0,0.0016666666666666668
47,210,53.90400160128128,40.1,87.70755722404417,0.0018749929761864628
47,212,67.1,40.1,90.0,0.0016666666666666668
47,213,44.900000000000006,40.1,90.0,0.0016666666666666668
47,214,45.2,40.1,90.0,0.0016666666666666668
47,215,45.5,40.1,90.0,0.0016666666666666668
47,222,74.6418745424597,40.1,50.20818050044273,0.0038393007653147234
47,223,75.89999999999999,40.1,73.73979529168805,0.0018452401020419631
47,224,76.4,40.1,90.0,0.0016666666666666668
47,225,77.3,40.1,90.0,0.0016666666666666668
47,226,26.40637451153483,39.02803784822889,80.96719183955837,0.0018749929761864628
47,227,26.757941584358715,39.28104241131452,75.20271168471946,0.0019047739455851117
47,228,28.825670203144572,40.05431925950205,26.103591118376194,0.0034226200510209816
47,229,24.5,5.600000000000001,90.0,0.0016666666666666668
47,246,116.23558507170122,40.1,80.79310377865414,0.0018749929761864628
47,247,116.57493718553309,40.1,84.2608295227332,0.0018452401020419631
48,60,114.8,144.8040016012813,87.70755722404408,0.0018749929761864628
48,61,114.5,144.82506281446692,84.2608295227332,0.0018452401020419631
48,77,117.8,144.8,90.0,0.0016666666666666668
48,78,116.8749371855331,144.8,84.2608295227332,0.0018452401020419631
48,79,117.2,144.8,90.0,0.0016666666666666668
48,80,117.5,144.8,90.0,0.0016666666666666668
48,81,115.1,144.8,90.0,0.0016666666666666668
48,84,116.0,144.8,90.0,0.0016666666666666668
48,93,124.7,144.8,90.0,0.0016666666666666668
48,94,125.0,144.8,90.0,0.0016666666666666668
48,95,125.3,144.8,90.0,0.0016666666666666668
48,96,125.6,144.8,90.0,0.0016666666666666668
48,97,123.5,144.8,90.0,0.0016666666666666668
48,98,123.8,144.8,90.0,0.0016666666666666668
48,99,124.1,144.8,90.0,0.0016666666666666668
48,100,124.4,144.8,90.0,0.0016666666666666668
48,101,126.8,144.8,90.0,0.0016666666666666668
48,102,127.1,144.8,90.0,0.0016666666666666668
48,103,127.4,144.8,90.0,0.0016666666666666668
48,104,127.7,144.8040016012813,87.70755722404408,0.0018749929761864628
48,105,125.9,144.8,90.0,0.0016666666666666668
48,106,126.2,144.8,90.0,0.0016666666666666668
48,178,128.0,144.82506281446692,84.2608295227332,0.0018452401020419631
48,206,126.5,144.8,90.0,0.0016666666666666668
48,246,116.3,144.8,90.0,0.0016666666666666668
48,247,116.6,144.8,90.0,0.0016666666666666668
49,60,114.8,144.5,90.0,0.0016666666666666668
49,61,114.5,144.5040016012813,87.70755722404408,0.0018749929761864628
49,77,117.8,144.5,90.0,0.0016666666666666668
49,78,116.83558507170123,144.5,80.79310377865397,0.0018749929761864628
49,79,117.2,144.5,90.0,0.0016666666666666668
49,80,117.5,144.5,90.0,0.0016666666666666668
49,81,115.1,144.5,90.0,0.0016666666666666668
49,84,116.0,144.5,90.0,0.0016666666666666668
49,93,124.7,144.5,90.0,0.0016666666666666668
49,94,125.0,144.5,90.0,0.0016666666666666668
49,95,125.3,144.5,90.0,0.0016666666666666668
49,96,125.6,144.5,90.0,0.0016666666666666668
49,97,123.5,144.5,90.0,0.0016666666666666668
49,98,123.8,144.5,90.0,0.0016666666666666668
49,99,124.1,144.5,90.0,0.0016666666666666668
49,100,124.4,144.5,90.0,0.0016666666666666668
49,101,126.8,144.5,90.0,0.0016666666666666668
49,102,127.1,144.5,90.0,0.0016666666666666668
49,103,127.4,144.5,90.0,0.0016666666666666668
49,104,127.7,144.5,90.0,0.0016666666666666668
49,105,125.9,144.5,90.0,0.0016666666666666668
49,106,126.2,144.5,90.0,0.0016666666666666668
49,178,128.0,144.5040016012813,87.70755722404424,0.0018749929761864628
49,206,126.5,144.5,90.0,0.0016666666666666668
49,246,116.3,144.5,90.0,0.0016666666666666668
49,247,116.6,144.5,90.0,0.0016666666666666668
50,60,114.8,144.2,90.0,0.0016666666666666668
50,61,114.5,144.2,90.0,0.0016666666666666668
50,77,117.8,144.2,90.0,0.0016666666666666668
50,78,116.77749935930288,144.2,77.2909670056043,0.0017857062584988146
50,79,117.2,144.2,90.0,0.0016666666666666668
50,80,117.5,144.2,90.0,0.0016666666666666668
50,81,115.1,144.2,90.0,0.0016666666666666668
50,84,116.0,144.2,90.0,0.0016666666666666668
50,93,124.7,144.2,90.0,0.0016666666666666668
50,94,125.0,144.2,90.0,0.0016666666666666668
50,95,125.3,144.2,90.0,0.0016666666666666668
50,96,125.6,144.2,90.0,0.0016666666666666668
50,97,123.5,144.2,90.0,0.0016666666666666668
50,98,123.8,144.2,90.0,0.0016666666666666668
50,99,124.1,144.2,90.0,0.0016666666666666668
50,100,124.4,144.2,90.0,0.0016666666666666668
50,101,126.8,144.2,90.0,0.0016666666666666668
50,102,127.1,144.2,90.0,0.0016666666666666668
50,103,127.4,144.2,90.0,0.0016666666666666668
50,104,127.7,144.2,90.0,0.0016666666666666668
50,105,125.9,144.2,90.0,0.0016666666666666668
50,106,126.2,144.2,90.0,0.0016666666666666668
50,178,128.0,144.2,90.0,0.0016666666666666668
50,206,126.5,144.2,90.0,0.0016666666666666668
50,246,116.3,144.2,90.0,0.0016666666666666668
50,247,116.6,144.2,90.0,0.0016666666666666668
51,60,114.8,143.9,90.0,0.0016666666666666668
51,61,114.5,143.9,90.0,0.0016666666666666668
51,77,117.8,143.9,90.0,0.0016666666666666668
51,78,116.7,143.9,73.73979529168798,0.0018452401020419631
51,79,117.2,143.9,90.0,0.0016666666666666668
51,80,117.5,143.9,90.0,0.0016666666666666668
51,81,115.1,143.9,90.0,0.0016666666666666668
51,84,116.0,143.9,90.0,0.0016666666666666668
51,93,124.7,143.9,90.0,0.0016666666666666668
51,94,125.0,143.9,90.0,0.0016666666666666668
51,95,125.3,143.9,90.0,0.0016666666666666668
51,96,125.6,143.9,90.0,0.0016666666666666668
51,97,123.49599839871871,143.9,87.70755722404424,0.0018749929761864628
51,98,123.8,143.9,90.0,0.0016666666666666668
51,99,124.1,143.9,90.0,0.0016666666666666668
51,100,124.4,143.9,90.0,0.0016666666666666668
51,101,126.8,143.9,90.0,0.0016666666666666668
51,102,127.1,143.9,90.0,0.0016666666666666668
51,103,127.4,143.9,90.0,0.0016666666666666668
51,104,127.7,143.9,90.0,0.0016666666666666668
51,105,125.9,143.9,90.0,0.0016666666666666668
51,106,126.2,143.9,90.0,0.0016666666666666668
51,178,128.0,143.9,90.0,0.0016666666666666668
51,206,126.5,143.9,90.0,0.0016666666666666668
51,246,116.3,143.9,90.0,0.0016666666666666668
51,247,116.6,143.9,90.0,0.0016666666666666668
52,66,55.4,144.8,90.0,0.0016666666666666668
52,67,62.0,121.1,90.0,0.0016666666666666668
52,68,61.400000000000006,121.1,90.0,0.0016666666666666668
52,69,61.7,121.1,90.0,0.0016666666666666668
52,72,107.3,121.1,90.0,0.0016666666666666668
52,73,107.6,121.1,90.0,0.0016666666666666668
52,77,117.8,121.1,90.0,0.0016666666666666668
52,78,55.4,140.3,90.0,0.0016666666666666668
52,79,55.599999999999994,124.7,73.73979529168815,0.0018452401020419631
52,80,117.5,121.1,90.0,0.0016666666666666668
52,81,115.1,121.1,90.0,0.0016666666666666668
52,84,55.4,134.0,90.0,0.0016666666666666668
52,85,108.8,121.1,90.0,0.0016666666666666668
52,86,107.9,121.1,90.0,0.0016666666666666668
52,87,108.2,121.1,90.0,0.0016666666666666668
52,88,108.5,121.1,90.0,0.0016666666666666668
52,90,107.0,121.1,90.0,0.0016666666666666668
52,91,106.1,121.1,90.0,0.0016666666666666668
52,101,126.8,121.1,90.0,0.0016666666666666668
52,102,127.1,121.1,90.0,0.0016666666666666668
52,103,127.4,121.1,90.0,0.0016666666666666668
52,104,127.7,121.1,90.0,0.0016666666666666668
52,105,125.9,121.1,90.0,0.0016666666666666668
52,106,126.1749371855331,121.1,84.2608295227332,0.0018452401020419631
52,107,55.4,138.8,90.0,0.0016666666666666668
52,108,55.4,138.5,90.0,0.0016666666666666668
52,109,55.4,138.2,90.0,0.0016666666666666668
52,110,55.4,137.9,90.0,0.0016666666666666668
52,111,72.2,121.1,90.0,0.0016666666666666668
52,112,72.5,121.1,90.0,0.0016666666666666668
52,126,55.4,136.7,90.0,0.0016666666666666668
52,127,55.4,136.4,90.0,0.0016666666666666668
52,128,55.4,136.1,90.0,0.0016666666666666668
52,129,55.4,135.8,90.0,0.0016666666666666668
52,130,81.5,121.1,90.0,0.0016666666666666668
52,131,81.8,121.1,90.0,0.0016666666666666668
52,132,80.6,121.1,90.0,0.0016666666666666668
52,133,80.9,121.1,90.0,0.0016666666666666668
52,134,79.7,121.1,90.0,0.0016666666666666668
52,136,55.4,133.7,90.0,0.0016666666666666668
52,137,55.4,133.4,90.0,0.0016666666666666668
52,138,55.4,133.1,90.0,0.0016666666666666668
52,139,55.4,132.8,90.0,0.0016666666666666668
52,140,55.4,132.5,90.0,0.0016666666666666668
52,141,55.4,132.2,90.0,0.0016666666666666668
52,142,55.4,131.9,90.0,0.0016666666666666668
52,145,90.8,121.1,90.0,0.0016666666666666668
52,151,55.4,129.5,90.0,0.0016666666666666668
52,152,55.4,129.2,90.0,0.0016666666666666668
52,153,55.4,128.9,90.0,0.0016666666666666668
52,154,55.4,128.6,90.0,0.0016666666666666668
52,155,55.4,129.8,90.0,0.0016666666666666668
52,178,128.0,121.1,90.0,0.0016666666666666668
52,179,81.2,121.1,90.0,0.0016666666666666668
52,206,126.49599839871871,121.1,87.70755722404408,0.0018749929761864628
52,225,91.1,121.1,90.0,0.0016666666666666668
52,246,116.3,121.1,90.0,0.0016666666666666668
52,247,116.6,121.1,90.0,0.0016666666666666668
53,60,91.70400160128128,126.5,87.70755722404408,0.0018749929761864628
53,61,91.7,126.8,90.0,0.0016666666666666668
53,62,91.7,142.1,90.0,0.0016666666666666668
53,63,91.7,142.4,90.0,0.0016666666666666668
53,72,107.3,121.7,90.0,0.0016666666666666668
53,73,107.6,121.7,90.0,0.0016666666666666668
53,77,117.8,121.7,90.0,0.0016666666666666668
53,78,91.7,140.3,90.0,0.0016666666666666668
53,79,92.11742430504417,124.7,66.42182152179815,0.002916680714293742
53,80,117.5,121.7,90.0,0.0016666666666666668
53,81,115.1,121.7,90.0,0.0016666666666666668
53,84,91.7,134.0,90.0,0.0016666666666666668
53,85,108.8,121.7,90.0,0.0016666666666666668
53,86,107.9,121.7,90.0,0.0016666666666666668
53,87,108.2,121.7,90.0,0.0016666666666666668
53,88,108.5,121.7,90.0,0.0016666666666666668
53,90,107.0,121.7,90.0,0.0016666666666666668
53,91,106.1,121.7,90.0,0.0016666666666666668
53,93,92.26040542391539,124.4,62.612892497346095,0.002113100255104908
53,94,92.42916869918749,124.1,58.66774850240561,0.00199406066327276
53,95,92.62691762911675,123.8,54.549457360824505,0.002261892721081555
53,96,92.8581254575403,123.5,50.20818050044273,0.0038393007653147234
53,97,91.7,139.1,90.0,0.0016666666666666668
53,98,91.7,138.8,90.0,0.0016666666666666668
53,99,91.7,138.5,90.0,0.0016666666666666668
53,100,91.7,138.2,90.0,0.0016666666666666668
53,101,126.8,121.7,90.0,0.0016666666666666668
53,102,127.1,121.7,90.0,0.0016666666666666668
53,103,127.4,121.7,90.0,0.0016666666666666668
53,104,127.7,121.7,90.0,0.0016666666666666668
53,105,125.9,121.7,90.0,0.0016666666666666668
53,106,126.2,121.7,90.0,0.0016666666666666668
53,151,91.7,129.5,90.0,0.0016666666666666668
53,152,91.7,129.2,90.0,0.0016666666666666668
53,153,91.7,128.9,90.0,0.0016666666666666668
53,154,91.7,128.6,90.0,0.0016666666666666668
53,155,91.7,129.8040016012813,87.70755722404408,0.0018749929761864628
53,178,128.0,121.7,90.0,0.0016666666666666668
53,206,126.5,121.7,90.0,0.0016666666666666668
53,246,116.3,121.7,90.0,0.0016666666666666668
53,247,116.6,121.7,90.0,0.0016666666666666668
54,60,91.4,126.5,90.0,0.0016666666666666668
54,61,91.4,126.8,90.0,0.0016666666666666668
54,62,91.4,142.1,90.0,0.0016666666666666668
54,63,91.4,142.4,90.0,0.0016666666666666668
54,72,107.3,121.4,90.0,0.0016666666666666668
54,73,107.6,121.4,90.0,0.0016666666666666668
54,77,117.8,121.4,90.0,0.0016666666666666668
54,78,91.4,140.3,90.0,0.0016666666666666668
54,79,91.69787282179651,124.7,70.12312592992113,0.0033035804591888336
54,80,117.5,121.4,90.0,0.0016666666666666668
54,81,115.1,121.4,90.0,0.0016666666666666668
54,84,91.4,134.0,90.0,0.0016666666666666668
54,85,108.8,121.4,90.0,0.0016666666666666668
54,86,107.9,121.4,90.0,0.0016666666666666668
54,87,108.2,121.4,90.0,0.0016666666666666668
54,88,108.5,121.4,90.0,0.0016666666666666668
54,90,107.0,121.4,90.0,0.0016666666666666668
54,91,106.1,121.4,90.0,0.0016666666666666668
54,93,91.81742430504417,124.4,66.42182152179815,0.002916680714293742
54,94,91.96040542391539,124.1,62.61289249734594,0.002113100255104908
54,95,92.12916869918749,123.8,58.66774850240561,0.00199406066327276
54,96,92.32691762911675,123.5,54.549457360824505,0.002261892721081555
54,97,91.4,139.1,90.0,0.0016666666666666668
54,98,91.4,138.8,90.0,0.0016666666666666668
54,99,91.4,138.5,90.0,0.0016666666666666668
54,100,91.4,138.2,90.0,0.0016666666666666668
54,101,126.8,121.4,90.0,0.0016666666666666668
54,102,127.1,121.4,90.0,0.0016666666666666668
54,103,127.4,121.4,90.0,0.0016666666666666668
54,104,127.7,121.4,90.0,0.0016666666666666668
54,105,125.9,121.4,90.0,0.0016666666666666668
54,106,126.19599839871873,121.4,87.70755722404425,0.0018749929761864628
54,151,91.4,129.5,90.0,0.0016666666666666668
54,152,91.4,129.2,90.0,0.0016666666666666668
54,153,91.4,128.9,90.0,0.0016666666666666668
54,154,91.4,128.6,90.0,0.0016666666666666668
54,155,91.4,129.8,90.0,0.0016666666666666668
54,178,128.0,121.4,90.0,0.0016666666666666668
54,206,126.5,121.4,90.0,0.0016666666666666668
54,246,116.3,121.4,90.0,0.0016666666666666668
54,247,116.6,121.4,90.0,0.0016666666666666668
55,60,114.8,133.7,90.0,0.0016666666666666668
55,61,114.5,133.7,90.0,0.0016666666666666668
55,62,92.0,142.1,90.0,0.0016666666666666668
55,63,92.0,142.4,90.0,0.0016666666666666668
55,72,107.3,133.7,90.0,0.0016666666666666668
55,73,107.6,133.7,90.0,0.0016666666666666668
55,77,117.8,133.7,90.0,0.0016666666666666668
55,78,92.0,140.3,90.0,0.0016666666666666668
55,79,117.2,133.7,90.0,0.0016666666666666668
55,80,117.5,133.7,90.0,0.0016666666666666668
55,81,115.1,133.7,90.0,0.0016666666666666668
55,84,95.29412778907677,134.0,19.94844358880311,0.006815487227897463
55,85,108.8,133.7,90.0,0.0016666666666666668
55,86,107.9,133.7,90.0,0.0016666666666666668
55,87,108.2,133.7,90.0,0.0016666666666666668
55,88,108.5,133.7,90.0,0.0016666666666666668
55,90,107.0,133.7,90.0,0.0016666666666666668
55,91,106.1,133.7,90.0,0.0016666666666666668
55,93,124.7,133.7,90.0,0.0016666666666666668
55,94,125.0,133.7,90.0,0.0016666666666666668
55,95,125.3,133.7,90.0,0.0016666666666666668
55,96,125.6,133.7,90.0,0.0016666666666666668
55,97,92.0,139.1,90.0,0.0016666666666666668
55,98,92.0,138.8,90.0,0.0016666666666666668
55,99,92.00400160128129,138.5,87.70755722404424,0.0018749929761864628
55,100,92.0250628144669,138.2,84.2608295227332,0.0018452401020419631
55,101,126.8,133.7,90.0,0.0016666666666666668
55,102,127.1,133.7,90.0,0.0016666666666666668
55,103,127.4,133.7,90.0,0.0016666666666666668
55,104,127.7,133.7,90.0,0.0016666666666666668
55,105,125.9,133.7,90.0,0.0016666666666666668
55,106,126.2,133.7,90.0,0.0016666666666666668
55,151,96.73670451781585,133.70693726365656,83.89216745603504,0.0017857062584988146
55,152,97.07493718553309,133.7,84.2608295227332,0.0018452401020419631
55,153,97.39599839871872,133.7,87.70755722404392,0.0018749929761864628
55,154,97.7,133.7,90.0,0.0016666666666666668
55,155,96.38588301656452,133.73785728433208,84.79036783635414,0.0018452401020419631
55,178,128.0,133.7,90.0,0.0016666666666666668
55,206,126.5,133.7,90.0,0.0016666666666666668
55,246,116.3,133.7,90.0,0.0016666666666666668
55,247,116.6,133.7,90.0,0.0016666666666666668
56,85,131.3,45.92250064069712,77.2909670056043,0.0017857062584988146
56,146,131.0,45.86441492829877,80.79310377865397,0.0018749929761864628
56,198,122.9,28.7,90.0,0.0016666666666666668
57,85,131.3,45.564414928298774,80.79310377865397,0.0018749929761864628
57,146,131.0,45.5250628144669,84.26082952273322,0.0018452401020419631
57,198,123.2,28.695998398718718,87.70755722404408,0.0018749929761864628
58,85,131.3,45.2250628144669,84.26082952273322,0.0018452401020419631
58,146,131.0,45.204001601281284,87.70755722404425,0.0018749929761864628
58,198,123.5,28.6749371855331,84.26082952273322,0.0018452401020419631
59,67,95.3,46.1,90.0,0.0016666666666666668
59,72,104.3,46.1,90.0,0.0016666666666666668
59,73,107.6,46.1,90.0,0.0016666666666666668
59,74,102.8,46.1,90.0,0.0016666666666666668
59,75,77.9,17.6,90.0,0.0016666666666666668
59,77,96.2,46.1,90.0,0.0016666666666666668
59,85,131.3,46.300000000000004,73.73979529168798,0.0018452401020419631
59,86,122.0,46.1,90.0,0.0016666666666666668
59,87,122.3,46.1,90.0,0.0016666666666666668
59,88,122.6,46.1,90.0,0.0016666666666666668
59,101,96.5,46.1,90.0,0.0016666666666666668
59,102,113.6250628144669,46.1,84.2608295227332,0.0018452401020419631
59,103,114.02250064069713,46.1,77.29096700560454,0.0017857062584988146
59,104,114.4,46.1,73.73979529168805,0.0018452401020419631
59,111,95.6,46.1,90.0,0.0016666666666666668
59,112,95.9,46.1,90.0,0.0016666666666666668
59,130,121.4,46.1,90.0,0.0016666666666666668
59,131,121.7,46.1,90.0,0.0016666666666666668
59,132,85.4,46.1,90.0,0.0016666666666666668
59,133,85.7,46.1,90.0,0.0016666666666666668
59,146,131.0,46.22250064069712,77.29096700560463,0.0017857062584988146
59,167,77.9,12.2,90.0,0.0016666666666666668
59,168,77.9,12.5,90.0,0.0016666666666666668
59,169,77.9,12.8,90.0,0.0016666666666666668
59,170,77.9,13.100000000000001,90.0,0.0016666666666666668
59,171,77.9,13.7,90.0,0.0016666666666666668
59,172,77.9,14.0,90.0,0.0016666666666666668
59,173,77.9,14.3,90.0,0.0016666666666666668
59,174,77.9,14.600000000000001,90.0,0.0016666666666666668
59,175,77.9,14.899999999999999,90.0,0.0016666666666666668
59,176,77.9,15.2,90.0,0.0016666666666666668
59,177,77.9,15.5,90.0,0.0016666666666666668
59,178,115.42691762911674,46.1,54.549457360824576,0.002261892721081555
59,179,113.3,46.1,90.0,0.0016666666666666668
59,180,112.7,46.1,90.0,0.0016666666666666668
59,181,113.0,46.1,90.0,0.0016666666666666668
59,183,77.9,20.9,90.0,0.0016666666666666668
59,184,77.9,21.2,90.0,0.0016666666666666668
59,185,77.9,22.7,90.0,0.0016666666666666668
59,186,77.9,23.0,90.0,0.0016666666666666668
59,187,77.9,21.5,90.0,0.0016666666666666668
59,188,77.9,21.8,90.0,0.0016666666666666668
59,189,77.9,22.1,90.0,0.0016666666666666668
59,190,121.1,46.1,90.0,0.0016666666666666668
59,194,77.9,26.0,90.0,0.0016666666666666668
59,195,77.9,26.6,90.0,0.0016666666666666668
59,196,77.9,26.9,90.0,0.0016666666666666668
59,197,77.9,25.7,90.0,0.0016666666666666668
59,199,84.8,46.1,90.0,0.0016666666666666668
59,200,85.1,46.1,90.0,0.0016666666666666668
59,201,77.9,10.100000000000001,90.0,0.0016666666666666668
59,202,77.9,9.5,90.0,0.0016666666666666668
59,203,77.9,8.600000000000001,90.0,0.0016666666666666668
59,204,77.9,8.899999999999999,90.0,0.0016666666666666668
59,205,77.9,9.2,90.0,0.0016666666666666668
59,246,77.9,35.9,90.0,0.0016666666666666668
59,246,116.3,46.1,90.0,0.0016666666666666668
59,247,77.9,35.6,90.0,0.0016666666666666668
59,247,116.6,46.1,90.0,0.0016666666666666668
59,249,77.9,22.4,90.0,0.0016666666666666668
59,250,77.9,9.8,90.0,0.0016666666666666668
59,251,77.9,17.9,90.0,0.0016666666666666668
59,252,77.9,18.2,90.0,0.0016666666666666668
59,253,77.9,18.5,90.0,0.0016666666666666668
59,254,77.9,18.8,90.0,0.0016666666666666668
60,72,107.3,126.5,90.0,0.0016666666666666668
60,73,107.6,126.5,90.0,0.0016666666666666668
60,78,63.5,140.3,90.0,0.0016666666666666668
60,78,114.8,141.22691762911674,54.54945736082474,0.002261892721081555
60,84,63.5,134.0,90.0,0.0016666666666666668
60,84,114.8,135.75038463814562,40.535802111316556,0.005833333333333334
60,85,108.8,126.5,90.0,0.0016666666666666668
60,86,107.9,126.5,90.0,0.0016666666666666668
60,87,108.2,126.5,90.0,0.0016666666666666668
60,88,108.5,126.5,90.0,0.0016666666666666668
60,90,107.0,126.5,90.0,0.0016666666666666668
60,91,106.1,126.5,90.0,0.0016666666666666668
60,93,74.92691762911674,126.5,54.549457360824505,0.002261892721081555
60,94,74.42916869918747,126.5,58.66774850240584,0.00199406066327276
60,97,114.8,139.1,90.0,0.0016666666666666668
60,98,114.8,138.8,90.0,0.0016666666666666668
60,99,114.8,138.5,90.0,0.0016666666666666668
60,100,114.8,138.2,90.0,0.0016666666666666668
60,107,63.5,138.8,90.0,0.0016666666666666668
60,108,63.5,138.5,90.0,0.0016666666666666668
60,109,63.5,138.2,90.0,0.0016666666666666668
60,110,63.5,137.9,90.0,0.0016666666666666668
60,111,72.2,126.5,90.0,0.0016666666666666668
60,112,72.5,126.5,90.0,0.0016666666666666668
60,126,63.5,136.7,90.0,0.0016666666666666668
60,127,63.5,136.4,90.0,0.0016666666666666668
60,128,63.5,136.1,90.0,0.0016666666666666668
60,129,63.5,135.8,90.0,0.0016666666666666668
60,130,81.5,126.5,90.0,0.0016666666666666668
60,131,81.8,126.5,90.0,0.0016666666666666668
60,132,80.6,126.5,90.0,0.0016666666666666668
60,133,80.9,126.5,90.0,0.0016666666666666668
60,134,79.7,126.5,90.0,0.0016666666666666668
60,136,63.5,133.7,90.0,0.0016666666666666668
60,137,63.5,133.4,90.0,0.0016666666666666668
60,138,63.5,133.1,90.0,0.0016666666666666668
60,139,63.5,132.8,90.0,0.0016666666666666668
60,140,63.5,132.5,90.0,0.0016666666666666668
60,141,63.5,132.2,90.0,0.0016666666666666668
60,142,63.5,131.9,90.0,0.0016666666666666668
60,145,90.8,126.5,90.0,0.0016666666666666668
60,151,63.917424305044165,129.5,66.42182152179815,0.002916680714293742
60,152,64.06040542391538,129.2,62.61289249734594,0.002113100255104908
60,153,64.22916869918747,128.9,58.66774850240584,0.00199406066327276
60,154,64.42691762911674,128.6,54.549457360824505,0.002261892721081555
60,155,63.797872821796496,129.8,70.12312592992131,0.0033035804591888336
60,179,81.2,126.5,90.0,0.0016666666666666668
60,225,91.1,126.5,90.0,0.0016666666666666668
61,72,107.3,126.8,90.0,0.0016666666666666668
61,73,107.6,126.8,90.0,0.0016666666666666668
61,78,63.8,140.3,90.0,0.0016666666666666668
61,78,114.5,141.0291686991875,58.66774850240575,0.00199406066327276
61,84,63.8,134.0,90.0,0.0016666666666666668
61,84,114.5,135.42928578572858,45.57299599919425,0.005714293741501186
61,85,108.8,126.8,90.0,0.0016666666666666668
61,86,107.9,126.8,90.0,0.0016666666666666668
61,87,108.2,126.8,90.0,0.0016666666666666668
61,88,108.5,126.8,90.0,0.0016666666666666668
61,90,107.0,126.8,90.0,0.0016666666666666668
61,91,106.1,126.8,90.0,0.0016666666666666668
61,93,74.72916869918748,126.8,58.66774850240561,0.00199406066327276
61,94,74.26040542391539,126.8,62.612892497346095,0.002113100255104908
61,97,114.5,139.1,90.0,0.0016666666666666668
61,98,114.5,138.8,90.0,0.0016666666666666668
61,99,114.5,138.5,90.0,0.0016666666666666668
61,100,114.5,138.2,90.0,0.0016666666666666668
61,107,63.8,138.8,90.0,0.0016666666666666668
61,108,63.8,138.5,90.0,0.0016666666666666668
61,109,63.8,138.2,90.0,0.0016666666666666668
61,110,63.8,137.9,90.0,0.0016666666666666668
61,111,72.2,126.8,90.0,0.0016666666666666668
61,112,72.5,126.8,90.0,0.0016666666666666668
61,126,63.8,136.7,90.0,0.0016666666666666668
61,127,63.8,136.4,90.0,0.0016666666666666668
61,128,63.8,136.1,90.0,0.0016666666666666668
61,129,63.8,135.8,90.0,0.0016666666666666668
61,130,81.5,126.8,90.0,0.0016666666666666668
61,131,81.8,126.8,90.0,0.0016666666666666668
61,132,80.6,126.8,90.0,0.0016666666666666668
61,133,80.9,126.8,90.0,0.0016666666666666668
61,134,79.7,126.8,90.0,0.0016666666666666668
61,136,63.8,133.7,90.0,0.0016666666666666668
61,137,63.8,133.4,90.0,0.0016666666666666668
61,138,63.8,133.1,90.0,0.0016666666666666668
61,139,63.8,132.8,90.0,0.0016666666666666668
61,140,63.8,132.5,90.0,0.0016666666666666668
61,141,63.8,132.2,90.0,0.0016666666666666668
61,142,63.8,131.9,90.0,0.0016666666666666668
61,145,90.8,126.8,90.0,0.0016666666666666668
61,151,64.36040542391537,129.5,62.61289249734602,0.002113100255104908
61,152,64.52916869918747,129.2,58.66774850240556,0.00199406066327276
61,153,64.72691762911673,128.9,54.549457360824604,0.002261892721081555
61,154,64.95812545754029,128.6,50.2081805004426,0.0038393007653147234
61,155,64.21742430504415,129.8,66.42182152179822,0.002916680714293742
61,179,81.2,126.8,90.0,0.0016666666666666668
61,225,91.1,126.8,90.0,0.0016666666666666668
62,93,74.0,142.1,90.0,0.0016666666666666668
62,94,73.7,142.1,90.0,0.0016666666666666668
62,97,83.41742430504416,142.1,66.42182152179815,0.002916680714293742
62,98,82.9978728217965,142.1,70.12312592992097,0.0033035804591888336
62,99,82.60000000000001,142.1,73.73979529168798,0.0018452401020419631
62,100,82.22250064069712,142.1,77.29096700560461,0.0017857062584988146
62,107,69.2021271782035,142.1,70.12312592992097,0.0033035804591888336
62,108,69.6,142.1,73.73979529168798,0.0018452401020419631
62,109,69.97749935930287,142.1,77.29096700560461,0.0017857062584988146
62,110,70.33558507170123,142.1,80.79310377865397,0.0018749929761864628
62,111,72.2,142.1,90.0,0.0016666666666666668
62,112,72.5,142.1,90.0,0.0016666666666666668
62,126,78.5,142.1,90.0,0.0016666666666666668
62,127,78.8,142.1,90.0,0.0016666666666666668
62,128,79.1,142.1,90.0,0.0016666666666666668
62,129,79.4,142.1,90.0,0.0016666666666666668
62,130,81.5,142.1,90.0,0.0016666666666666668
62,131,81.8,142.1,90.0,0.0016666666666666668
62,132,80.6,142.1,90.0,0.0016666666666666668
62,133,80.9,142.1,90.0,0.0016666666666666668
62,134,79.7,142.1,90.0,0.0016666666666666668
62,136,88.1,142.1,90.0,0.0016666666666666668
62,137,88.4,142.1,90.0,0.0016666666666666668
62,138,88.7,142.1,90.0,0.0016666666666666668
62,139,89.0,142.1,90.0,0.0016666666666666668
62,140,89.3,142.1,90.0,0.0016666666666666668
62,141,89.6,142.1,90.0,0.0016666666666666668
62,142,89.9,142.1,90.0,0.0016666666666666668
62,145,90.8,142.1,90.0,0.0016666666666666668
62,151,96.8,142.1,90.0,0.0016666666666666668
62,152,97.1,142.1,90.0,0.0016666666666666668
62,153,97.4,142.1,90.0,0.0016666666666666668
62,154,97.7,142.1,90.0,0.0016666666666666668
62,155,96.5,142.1,90.0,0.0016666666666666668
62,179,81.2,142.1,90.0,0.0016666666666666668
62,225,91.1,142.1,90.0,0.0016666666666666668
63,93,74.0,142.4,90.0,0.0016666666666666668
63,94,73.7,142.4,90.0,0.0016666666666666668
63,97,83.29787282179649,142.4,70.12312592992134,0.0033035804591888336
63,98,82.9,142.4,73.73979529168798,0.0018452401020419631
63,99,82.52250064069713,142.4,77.29096700560461,0.0017857062584988146
63,100,82.16441492829877,142.4,80.7931037786543,0.0018749929761864628
63,107,69.30028989515979,142.40099430936584,74.89433300893504,0.0017857062584988146
63,108,69.67749935930289,142.4,77.29096700560466,0.0017857062584988146
63,109,70.03558507170122,142.4,80.7931037786543,0.0018749929761864628
63,110,70.3749371855331,142.4,84.2608295227332,0.0018452401020419631
63,111,72.2,142.4,90.0,0.0016666666666666668
63,112,72.5,142.4,90.0,0.0016666666666666668
63,126,78.5,142.4,90.0,0.0016666666666666668
63,127,78.8,142.4,90.0,0.0016666666666666668
63,128,79.1,142.4,90.0,0.0016666666666666668
63,129,79.4,142.4,90.0,0.0016666666666666668
63,130,81.5,142.4,90.0,0.0016666666666666668
63,131,81.8,142.4,90.0,0.0016666666666666668
63,132,80.6,142.4,90.0,0.0016666666666666668
63,133,80.9,142.4,90.0,0.0016666666666666668
63,134,79.7,142.4,90.0,0.0016666666666666668
63,136,88.1,142.4,90.0,0.0016666666666666668
63,137,88.4,142.4,90.0,0.0016666666666666668
63,138,88.7,142.4,90.0,0.0016666666666666668
63,139,89.0,142.4,90.0,0.0016666666666666668
63,140,89.3,142.4,90.0,0.0016666666666666668
63,141,89.6,142.4,90.0,0.0016666666666666668
63,142,89.9,142.4,90.0,0.0016666666666666668
63,145,90.8,142.4,90.0,0.0016666666666666668
63,151,96.8,142.4,90.0,0.0016666666666666668
63,152,97.1,142.4,90.0,0.0016666666666666668
63,153,97.4,142.4,90.0,0.0016666666666666668
63,154,97.7,142.4,90.0,0.0016666666666666668
63,155,96.5,142.4,90.0,0.0016666666666666668
63,179,81.2,142.4,90.0,0.0016666666666666668
63,225,91.1,142.4,90.0,0.0016666666666666668
64,93,74.0,144.5,90.0,0.0016666666666666668
64,94,73.7,144.5,90.0,0.0016666666666666668
64,97,83.0,144.5040016012813,87.70755722404408,0.0018749929761864628
64,98,82.7,144.5,90.0,0.0016666666666666668
64,99,82.4,144.5,90.0,0.0016666666666666668
64,100,82.1,144.5,90.0,0.0016666666666666668
64,107,69.5,144.5040016012813,87.70755722404408,0.0018749929761864628
64,108,69.8,144.5,90.0,0.0016666666666666668
64,109,70.1,144.5,90.0,0.0016666666666666668
64,110,70.4,144.5,90.0,0.0016666666666666668
64,111,72.2,144.5,90.0,0.0016666666666666668
64,112,72.5,144.5,90.0,0.0016666666666666668
64,126,78.5,144.5,90.0,0.0016666666666666668
64,127,78.8,144.5,90.0,0.0016666666666666668
64,128,79.1,144.5,90.0,0.0016666666666666668
64,129,79.4,144.5,90.0,0.0016666666666666668
64,130,81.5,144.5,90.0,0.0016666666666666668
64,131,81.8,144.5,90.0,0.0016666666666666668
64,132,80.6,144.5,90.0,0.0016666666666666668
64,133,80.9,144.5,90.0,0.0016666666666666668
64,134,79.7,144.5,90.0,0.0016666666666666668
64,179,81.2,144.5,90.0,0.0016666666666666668
65,93,74.0,144.8,90.0,0.0016666666666666668
65,94,73.7,144.8,90.0,0.0016666666666666668
65,97,83.0,144.82506281446692,84.2608295227332,0.0018452401020419631
65,98,82.7,144.8040016012813,87.70755722404408,0.0018749929761864628
65,99,82.4,144.8,90.0,0.0016666666666666668
65,100,82.1,144.8,90.0,0.0016666666666666668
65,107,69.5,144.82506281446692,84.2608295227332,0.0018452401020419631
65,108,69.8,144.8040016012813,87.70755722404408,0.0018749929761864628
65,109,70.1,144.8,90.0,0.0016666666666666668
65,110,70.4,144.8,90.0,0.0016666666666666668
65,111,72.2,144.8,90.0,0.0016666666666666668
65,112,72.5,144.8,90.0,0.0016666666666666668
65,126,78.5,144.8,90.0,0.0016666666666666668
65,127,78.8,144.8,90.0,0.0016666666666666668
65,128,79.1,144.8,90.0,0.0016666666666666668
65,129,79.4,144.8,90.0,0.0016666666666666668
65,130,81.5,144.8,90.0,0.0016666666666666668
65,131,81.8,144.8,90.0,0.0016666666666666668
65,132,80.6,144.8,90.0,0.0016666666666666668
65,133,80.9,144.8,90.0,0.0016666666666666668
65,134,79.7,144.8,90.0,0.0016666666666666668
65,179,81.2,144.8,90.0,0.0016666666666666668
66,95,56.0,144.82506281446692,84.2608295227332,0.0018452401020419631
66,96,55.7,144.8040016012813,87.70755722404408,0.0018749929761864628
66,118,50.99135623113367,144.9027928625055,75.56982263224936,0.0019047739455851117
66,119,51.39826506325889,144.83634055701793,73.78753597902481,0.0018452401020419631
66,120,51.803521599375934,144.80386186759333,72.42223256675352,0.002232139846937056
66,121,52.2,144.8,73.73979529168831,0.0018452401020419631
66,210,53.9,144.8,90.0,0.0016666666666666668
66,222,54.2,144.8,90.0,0.0016666666666666668
66,223,54.5,144.8,90.0,0.0016666666666666668
66,224,54.8,144.8,90.0,0.0016666666666666668
67,74,62.0,63.8,90.0,0.0016666666666666668
67,75,95.3,17.6,90.0,0.0016666666666666668
67,76,95.3,5.0,90.0,0.0016666666666666668
67,78,62.0,140.3,90.0,0.0016666666666666668
67,79,62.0,124.7,90.0,0.0016666666666666668
67,80,62.0,103.4,90.0,0.0016666666666666668
67,81,62.0,99.5,90.0,0.0016666666666666668
67,84,62.0,134.0,90.0,0.0016666666666666668
67,90,77.6,58.4,90.0,0.0016666666666666668
67,91,62.0,74.0,90.0,0.0016666666666666668
67,95,62.0,123.8,90.0,0.0016666666666666668
67,96,62.0,123.5,90.0,0.0016666666666666668
67,105,62.0,89.9,90.0,0.0016666666666666668
67,106,62.0,116.6,90.0,0.0016666666666666668
67,107,62.0,138.8,90.0,0.0016666666666666668
67,108,62.0,138.5,90.0,0.0016666666666666668
67,109,62.0,138.2,90.0,0.0016666666666666668
67,110,62.0,137.9,90.0,0.0016666666666666668
67,126,62.0,136.7,90.0,0.0016666666666666668
67,127,62.0,136.4,90.0,0.0016666666666666668
67,128,62.0,136.1,90.0,0.0016666666666666668
67,129,62.0,135.8,90.0,0.0016666666666666668
67,132,80.64520582003145,58.4,82.28958847168477,0.0018749929761864628
67,133,81.5531629104687,58.4,60.385212394836444,0.0018452401020419631
67,134,62.0,64.1,90.0,0.0016666666666666668
67,136,62.0,133.7,90.0,0.0016666666666666668
67,137,62.0,133.4,90.0,0.0016666666666666668
67,138,62.0,133.1,90.0,0.0016666666666666668
67,139,62.0,132.8,90.0,0.0016666666666666668
67,140,62.0,132.5,90.0,0.0016666666666666668
67,141,62.0,132.2,90.0,0.0016666666666666668
67,142,62.0,131.9,90.0,0.0016666666666666668
67,145,68.6,58.4,90.0,0.0016666666666666668
67,146,62.0,101.3,90.0,0.0016666666666666668
67,151,62.0,129.5,90.0,0.0016666666666666668
67,152,62.0,129.2,90.0,0.0016666666666666668
67,153,62.0,128.9,90.0,0.0016666666666666668
67,154,62.0,128.6,90.0,0.0016666666666666668
67,155,62.0,129.8,90.0,0.0016666666666666668
67,180,62.0,73.4,90.0,0.0016666666666666668
67,181,62.0,75.8,90.0,0.0016666666666666668
67,182,95.3,20.6,90.0,0.0016666666666666668
67,183,95.3,20.9,90.0,0.0016666666666666668
67,184,95.3,21.2,90.0,0.0016666666666666668
67,185,95.3,22.7,90.0,0.0016666666666666668
67,186,95.3,23.0,90.0,0.0016666666666666668
67,187,95.3,21.5,90.0,0.0016666666666666668
67,188,95.3,21.8,90.0,0.0016666666666666668
67,189,95.3,22.1,90.0,0.0016666666666666668
67,190,62.0,80.0,90.0,0.0016666666666666668
67,191,95.3,8.0,90.0,0.0016666666666666668
67,192,95.3,25.1,90.0,0.0016666666666666668
67,193,95.3,25.4,90.0,0.0016666666666666668
67,194,95.3,26.0,90.0,0.0016666666666666668
67,195,95.3,26.6,90.0,0.0016666666666666668
67,196,95.3,26.9,90.0,0.0016666666666666668
67,197,95.3,25.7,90.0,0.0016666666666666668
67,198,95.3,28.7,90.0,0.0016666666666666668
67,206,62.0,116.3,90.0,0.0016666666666666668
67,212,62.0,72.2,90.0,0.0016666666666666668
67,212,67.1,58.4,90.0,0.0016666666666666668
67,225,77.3,58.4,90.0,0.0016666666666666668
67,246,95.3,35.9,90.0,0.0016666666666666668
67,247,95.3,35.6,90.0,0.0016666666666666668
67,249,95.3,22.4,90.0,0.0016666666666666668
67,251,95.3,17.9,90.0,0.0016666666666666668
67,252,95.3,18.2,90.0,0.0016666666666666668
67,253,95.3,18.5,90.0,0.0016666666666666668
67,254,95.3,18.8,90.0,0.0016666666666666668
68,74,61.4,63.8,90.0,0.0016666666666666668
68,75,76.7,17.6,90.0,0.0016666666666666668
68,78,61.4,140.3,90.0,0.0016666666666666668
68,79,61.4,124.7,90.0,0.0016666666666666668
68,80,61.4,103.4,90.0,0.0016666666666666668
68,81,61.4,99.5,90.0,0.0016666666666666668
68,84,61.4,134.0,90.0,0.0016666666666666668
68,91,61.4,74.0,90.0,0.0016666666666666668
68,95,61.4,123.8,90.0,0.0016666666666666668
68,96,61.4,123.5,90.0,0.0016666666666666668
68,105,61.4,89.9,90.0,0.0016666666666666668
68,106,61.4,116.6,90.0,0.0016666666666666668
68,107,61.4,138.8,90.0,0.0016666666666666668
68,108,61.4,138.5,90.0,0.0016666666666666668
68,109,61.4,138.2,90.0,0.0016666666666666668
68,110,61.4,137.9,90.0,0.0016666666666666668
68,126,61.4,136.7,90.0,0.0016666666666666668
68,127,61.4,136.4,90.0,0.0016666666666666668
68,128,61.4,136.1,90.0,0.0016666666666666668
68,129,61.4,135.8,90.0,0.0016666666666666668
68,134,61.4,64.1,90.0,0.0016666666666666668
68,136,61.4,133.7,90.0,0.0016666666666666668
68,137,61.4,133.4,90.0,0.0016666666666666668
68,138,61.4,133.1,90.0,0.0016666666666666668
68,139,61.4,132.8,90.0,0.0016666666666666668
68,140,61.4,132.5,90.0,0.0016666666666666668
68,141,61.4,132.2,90.0,0.0016666666666666668
68,142,61.4,131.9,90.0,0.0016666666666666668
68,145,68.6,47.3,90.0,0.0016666666666666668
68,146,61.4,101.3,90.0,0.0016666666666666668
68,151,61.4,129.5,90.0,0.0016666666666666668
68,152,61.4,129.2,90.0,0.0016666666666666668
68,153,61.4,128.9,90.0,0.0016666666666666668
68,154,61.4,128.6,90.0,0.0016666666666666668
68,155,61.4,129.8,90.0,0.0016666666666666668
68,167,76.7,12.2,90.0,0.0016666666666666668
68,168,76.7,12.5,90.0,0.0016666666666666668
68,169,76.7,12.8,90.0,0.0016666666666666668
68,170,76.7,13.1,90.0,0.0016666666666666668
68,171,76.7,13.7,90.0,0.0016666666666666668
68,172,76.7,14.0,90.0,0.0016666666666666668
68,173,76.7,14.3,90.0,0.0016666666666666668
68,174,76.7,14.6,90.0,0.0016666666666666668
68,175,76.7,14.9,90.0,0.0016666666666666668
68,176,76.7,15.2,90.0,0.0016666666666666668
68,177,76.7,15.5,90.0,0.0016666666666666668
68,180,61.4,73.4,90.0,0.0016666666666666668
68,181,61.4,75.8,90.0,0.0016666666666666668
68,183,76.7,20.9,90.0,0.0016666666666666668
68,184,76.7,21.2,90.0,0.0016666666666666668
68,185,76.7,22.7,90.0,0.0016666666666666668
68,186,76.7,23.0,90.0,0.0016666666666666668
68,187,76.7,21.5,90.0,0.0016666666666666668
68,188,76.7,21.8,90.0,0.0016666666666666668
68,189,76.7,22.1,90.0,0.0016666666666666668
68,190,61.4,80.0,90.0,0.0016666666666666668
68,194,76.7,26.0,90.0,0.0016666666666666668
68,195,76.7,26.6,90.0,0.0016666666666666668
68,196,76.7,26.9,90.0,0.0016666666666666668
68,197,76.7,25.7,90.0,0.0016666666666666668
68,199,61.522500640697125,51.2,77.29096700560463,0.0017857062584988146
68,200,61.4,53.0,90.0,0.0016666666666666668
68,201,76.7,10.1,90.0,0.0016666666666666668
68,202,76.7,9.5,90.0,0.0016666666666666668
68,203,76.7,8.6,90.0,0.0016666666666666668
68,204,76.7,8.9,90.0,0.0016666666666666668
68,205,76.7,9.2,90.0,0.0016666666666666668
68,206,61.4,116.29599839871872,87.70755722404408,0.0018749929761864628
68,212,61.4,72.2,90.0,0.0016666666666666668
68,212,67.1,47.3,90.0,0.0016666666666666668
68,246,76.7,35.9,90.0,0.0016666666666666668
68,247,76.7,35.6,90.0,0.0016666666666666668
68,249,76.7,22.4,90.0,0.0016666666666666668
68,250,76.7,9.8,90.0,0.0016666666666666668
68,251,76.7,17.9,90.0,0.0016666666666666668
68,252,76.7,18.2,90.0,0.0016666666666666668
68,253,76.7,18.5,90.0,0.0016666666666666668
68,254,76.7,18.8,90.0,0.0016666666666666668
69,74,61.7,63.8,90.0,0.0016666666666666668
69,75,77.0,17.6,90.0,0.0016666666666666668
69,78,61.7,140.3,90.0,0.0016666666666666668
69,79,61.7,124.7,90.0,0.0016666666666666668
69,80,61.7,103.4,90.0,0.0016666666666666668
69,81,61.7,99.5,90.0,0.0016666666666666668
69,84,61.7,134.0,90.0,0.0016666666666666668
69,91,61.7,74.0,90.0,0.0016666666666666668
69,95,61.7,123.8,90.0,0.0016666666666666668
69,96,61.7,123.5,90.0,0.0016666666666666668
69,105,61.7,89.9,90.0,0.0016666666666666668
69,106,61.7,116.6,90.0,0.0016666666666666668
69,107,61.7,138.8,90.0,0.0016666666666666668
69,108,61.7,138.5,90.0,0.0016666666666666668
69,109,61.7,138.2,90.0,0.0016666666666666668
69,110,61.7,137.9,90.0,0.0016666666666666668
69,126,61.7,136.7,90.0,0.0016666666666666668
69,127,61.7,136.4,90.0,0.0016666666666666668
69,128,61.7,136.1,90.0,0.0016666666666666668
69,129,61.7,135.8,90.0,0.0016666666666666668
69,134,61.7,64.1,90.0,0.0016666666666666668
69,136,61.7,133.7,90.0,0.0016666666666666668
69,137,61.7,133.4,90.0,0.0016666666666666668
69,138,61.7,133.1,90.0,0.0016666666666666668
69,139,61.7,132.8,90.0,0.0016666666666666668
69,140,61.7,132.5,90.0,0.0016666666666666668
69,141,61.7,132.2,90.0,0.0016666666666666668
69,142,61.7,131.9,90.0,0.0016666666666666668
69,145,68.6,48.8,90.0,0.0016666666666666668
69,146,61.7,101.3,90.0,0.0016666666666666668
69,151,61.7,129.5,90.0,0.0016666666666666668
69,152,61.7,129.2,90.0,0.0016666666666666668
69,153,61.7,128.9,90.0,0.0016666666666666668
69,154,61.7,128.6,90.0,0.0016666666666666668
69,155,61.7,129.8,90.0,0.0016666666666666668
69,167,77.0,12.2,90.0,0.0016666666666666668
69,168,77.0,12.5,90.0,0.0016666666666666668
69,169,77.0,12.8,90.0,0.0016666666666666668
69,170,77.0,13.1,90.0,0.0016666666666666668
69,171,77.0,13.7,90.0,0.0016666666666666668
69,172,77.0,14.0,90.0,0.0016666666666666668
69,173,77.0,14.3,90.0,0.0016666666666666668
69,174,77.0,14.6,90.0,0.0016666666666666668
69,175,77.0,14.9,90.0,0.0016666666666666668
69,176,77.0,15.2,90.0,0.0016666666666666668
69,177,77.0,15.5,90.0,0.0016666666666666668
69,180,61.7,73.4,90.0,0.0016666666666666668
69,181,61.7,75.8,90.0,0.0016666666666666668
69,183,77.0,20.9,90.0,0.0016666666666666668
69,184,77.0,21.2,90.0,0.0016666666666666668
69,185,77.0,22.7,90.0,0.0016666666666666668
69,186,77.0,23.0,90.0,0.0016666666666666668
69,187,77.0,21.5,90.0,0.0016666666666666668
69,188,77.0,21.8,90.0,0.0016666666666666668
69,189,77.0,22.1,90.0,0.0016666666666666668
69,190,61.7,80.0,90.0,0.0016666666666666668
69,194,77.0,26.0,90.0,0.0016666666666666668
69,195,77.0,26.6,90.0,0.0016666666666666668
69,196,77.0,26.9,90.0,0.0016666666666666668
69,197,77.0,25.7,90.0,0.0016666666666666668
69,199,62.42916869918747,51.2,58.66774850240584,0.00199406066327276
69,200,61.76441492829878,53.0,80.79310377865414,0.0018749929761864628
69,201,77.0,10.1,90.0,0.0016666666666666668
69,202,77.0,9.5,90.0,0.0016666666666666668
69,203,77.0,8.6,90.0,0.0016666666666666668
69,204,77.0,8.9,90.0,0.0016666666666666668
69,205,77.0,9.2,90.0,0.0016666666666666668
69,206,61.7,116.3,90.0,0.0016666666666666668
69,212,61.7,72.2,90.0,0.0016666666666666668
69,212,67.1,48.8,90.0,0.0016666666666666668
69,246,77.0,35.9,90.0,0.0016666666666666668
69,247,77.0,35.6,90.0,0.0016666666666666668
69,249,77.0,22.4,90.0,0.0016666666666666668
69,250,77.0,9.8,90.0,0.0016666666666666668
69,251,77.0,17.9,90.0,0.0016666666666666668
69,252,77.0,18.2,90.0,0.0016666666666666668
69,253,77.0,18.5,90.0,0.0016666666666666668
69,254,77.0,18.8,90.0,0.0016666666666666668
72,77,104.33267825829365,51.5,83.4458119818497,0.0017857062584988146
72,78,107.3,140.3,90.0,0.0016666666666666668
72,79,107.3,124.7,90.0,0.0016666666666666668
72,80,107.3,103.4,90.0,0.0016666666666666668
72,81,107.3,99.5,90.0,0.0016666666666666668
72,84,107.3,134.0,90.0,0.0016666666666666668
72,93,107.3,124.4,90.0,0.0016666666666666668
72,94,107.3,124.1,90.0,0.0016666666666666668
72,95,107.3,123.8,90.0,0.0016666666666666668
72,96,107.3,123.5,90.0,0.0016666666666666668
72,97,107.3,139.1,90.0,0.0016666666666666668
72,98,107.3,138.8,90.0,0.0016666666666666668
72,99,107.3,138.5,90.0,0.0016666666666666668
72,100,107.3,138.2,90.0,0.0016666666666666668
72,101,104.30733399733253,51.2,86.8963259760332,0.0018749929761864628
72,105,107.3,89.9,90.0,0.0016666666666666668
72,106,107.3,116.6,90.0,0.0016666666666666668
72,130,107.3,81.8,90.0,0.0016666666666666668
72,131,107.3,83.6,90.0,0.0016666666666666668
72,146,107.3,101.3,90.0,0.0016666666666666668
72,179,107.3,77.6,90.0,0.0016666666666666668
72,180,107.3,73.4,90.0,0.0016666666666666668
72,181,107.3,75.8,90.0,0.0016666666666666668
72,182,104.3,20.6,90.0,0.0016666666666666668
72,183,104.3,20.9,90.0,0.0016666666666666668
72,184,104.3,21.2,90.0,0.0016666666666666668
72,185,104.3,22.7,90.0,0.0016666666666666668
72,186,104.3,23.0,90.0,0.0016666666666666668
72,187,104.3,21.5,90.0,0.0016666666666666668
72,188,104.3,21.8,90.0,0.0016666666666666668
72,189,104.3,22.1,90.0,0.0016666666666666668
72,190,107.3,80.0,90.0,0.0016666666666666668
72,191,104.3,8.0,90.0,0.0016666666666666668
72,192,104.3,25.1,90.0,0.0016666666666666668
72,193,104.3,25.4,90.0,0.0016666666666666668
72,194,104.3,26.0,90.0,0.0016666666666666668
72,195,104.3,26.6,90.0,0.0016666666666666668
72,196,104.3,26.9,90.0,0.0016666666666666668
72,197,104.3,25.7,90.0,0.0016666666666666668
72,198,104.3,28.7,90.0,0.0016666666666666668
72,206,107.3,116.3,90.0,0.0016666666666666668
72,246,104.3,35.9,90.0,0.0016666666666666668
72,247,104.3,35.6,90.0,0.0016666666666666668
72,249,104.3,22.4,90.0,0.0016666666666666668
73,77,107.6,51.5,90.0,0.0016666666666666668
73,78,107.6,140.3,90.0,0.0016666666666666668
73,79,107.6,124.7,90.0,0.0016666666666666668
73,80,107.6,103.4,90.0,0.0016666666666666668
73,81,107.6,99.5,90.0,0.0016666666666666668
73,84,107.6,134.0,90.0,0.0016666666666666668
73,93,107.6,124.4,90.0,0.0016666666666666668
73,94,107.6,124.1,90.0,0.0016666666666666668
73,95,107.6,123.8,90.0,0.0016666666666666668
73,96,107.6,123.5,90.0,0.0016666666666666668
73,97,107.6,139.1,90.0,0.0016666666666666668
73,98,107.6,138.8,90.0,0.0016666666666666668
73,99,107.6,138.5,90.0,0.0016666666666666668
73,100,107.6,138.2,90.0,0.0016666666666666668
73,101,107.6,51.2,90.0,0.0016666666666666668
73,105,107.6,89.9,90.0,0.0016666666666666668
73,106,107.6,116.6,90.0,0.0016666666666666668
73,130,107.6,81.8,90.0,0.0016666666666666668
73,131,107.6,83.6,90.0,0.0016666666666666668
73,146,107.6,101.3,90.0,0.0016666666666666668
73,179,107.6,77.6,90.0,0.0016666666666666668
73,180,107.6,73.4,90.0,0.0016666666666666668
73,181,107.6,75.8,90.0,0.0016666666666666668
73,182,104.6,20.6,90.0,0.0016666666666666668
73,183,104.6,20.9,90.0,0.0016666666666666668
73,184,104.6,21.2,90.0,0.0016666666666666668
73,185,104.6,22.7,90.0,0.0016666666666666668
73,186,104.6,23.0,90.0,0.0016666666666666668
73,187,104.6,21.5,90.0,0.0016666666666666668
73,188,104.6,21.8,90.0,0.0016666666666666668
73,189,104.6,22.1,90.0,0.0016666666666666668
73,190,107.6,80.0,90.0,0.0016666666666666668
73,191,104.6,8.0,90.0,0.0016666666666666668
73,192,104.6,25.1,90.0,0.0016666666666666668
73,193,104.6,25.4,90.0,0.0016666666666666668
73,194,104.6,26.0,90.0,0.0016666666666666668
73,195,104.6,26.6,90.0,0.0016666666666666668
73,196,104.6,26.9,90.0,0.0016666666666666668
73,197,104.6,25.7,90.0,0.0016666666666666668
73,198,104.6,28.7,90.0,0.0016666666666666668
73,206,107.6,116.3,90.0,0.0016666666666666668
73,246,104.6,35.9,90.0,0.0016666666666666668
73,247,104.6,35.6,90.0,0.0016666666666666668
73,249,104.6,22.4,90.0,0.0016666666666666668
74,77,102.8,51.5,90.0,0.0016666666666666668
74,78,50.0,63.8,90.0,0.0016666666666666668
74,79,50.3,63.8,90.0,0.0016666666666666668
74,80,50.6,63.8,90.0,0.0016666666666666668
74,81,18.2,99.5,90.0,0.0016666666666666668
74,84,23.60000000000001,63.8,90.0,0.0016666666666666668
74,90,77.6,63.8,90.0,0.0016666666666666668
74,91,18.2,74.0,90.0,0.0016666666666666668
74,101,102.8,51.2,90.0,0.0016666666666666668
74,105,18.2,89.9,90.0,0.0016666666666666668
74,106,39.2,63.8,90.0,0.0016666666666666668
74,111,72.32250064069711,63.8,77.29096700560449,0.0017857062584988146
74,112,73.22916869918747,63.8,58.6677485024057,0.00199406066327276
74,132,80.6,63.8,90.0,0.0016666666666666668
74,133,80.9,63.8,90.0,0.0016666666666666668
74,134,21.494127789076813,64.1,19.94844358880255,0.006815487227897463
74,145,68.6,63.8,90.0,0.0016666666666666668
74,164,18.2,144.8,90.0,0.0016666666666666668
74,180,18.2,73.4,90.0,0.0016666666666666668
74,181,18.2,75.8,90.0,0.0016666666666666668
74,182,102.8,20.6,90.0,0.0016666666666666668
74,183,102.8,20.9,90.0,0.0016666666666666668
74,184,102.8,21.2,90.0,0.0016666666666666668
74,185,102.8,22.7,90.0,0.0016666666666666668
74,186,102.8,23.0,90.0,0.0016666666666666668
74,187,102.8,21.5,90.0,0.0016666666666666668
74,188,102.8,21.8,90.0,0.0016666666666666668
74,189,102.8,22.1,90.0,0.0016666666666666668
74,191,102.8,8.0,90.0,0.0016666666666666668
74,192,102.8,25.1,90.0,0.0016666666666666668
74,193,102.8,25.4,90.0,0.0016666666666666668
74,194,102.8,26.0,90.0,0.0016666666666666668
74,195,102.8,26.6,90.0,0.0016666666666666668
74,196,102.8,26.9,90.0,0.0016666666666666668
74,197,102.8,25.7,90.0,0.0016666666666666668
74,198,102.8,28.7,90.0,0.0016666666666666668
74,199,45.8,63.8,90.0,0.0016666666666666668
74,200,46.1,63.8,90.0,0.0016666666666666668
74,206,56.6,63.8,90.0,0.0016666666666666668
74,210,53.9,63.8,90.0,0.0016666666666666668
74,212,67.1,63.8,90.0,0.0016666666666666668
74,213,44.9,63.8,90.0,0.0016666666666666668
74,214,45.2,63.8,90.0,0.0016666666666666668
74,215,45.5,63.8,90.0,0.0016666666666666668
74,222,54.2,63.8,90.0,0.0016666666666666668
74,223,54.5,63.8,90.0,0.0016666666666666668
74,224,54.8,63.8,90.0,0.0016666666666666668
74,225,77.3,63.8,90.0,0.0016666666666666668
74,226,24.799999999999997,63.8,90.0,0.0016666666666666668
74,227,25.10000000000001,63.8,90.0,0.0016666666666666668
74,228,25.39999999999999,63.8,90.0,0.0016666666666666668
74,246,102.8,35.9,90.0,0.0016666666666666668
74,247,102.8,35.6,90.0,0.0016666666666666668
74,249,102.8,22.4,90.0,0.0016666666666666668
75,77,96.2,17.6,90.0,0.0016666666666666668
75,90,77.6,17.6,90.0,0.0016666666666666668
75,101,96.5,17.59599839871872,87.70755722404408,0.0018749929761864628
75,111,95.6,17.6,90.0,0.0016666666666666668
75,112,95.9,17.6,90.0,0.0016666666666666668
75,132,85.4,17.6,90.0,0.0016666666666666668
75,133,85.7,17.6,90.0,0.0016666666666666668
75,145,68.6,17.6,90.0,0.0016666666666666668
75,177,51.826917629116735,15.5,54.549457360824626,0.002261892721081555
75,182,87.61742430504417,17.6,66.42182152179815,0.002916680714293742
75,183,69.7978728217965,17.6,70.12312592992113,0.0033035804591888336
75,184,69.4,17.6,73.73979529168801,0.0018452401020419631
75,191,101.3,8.0,90.0,0.0016666666666666668
75,192,86.9,17.6,90.0,0.0016666666666666668
75,193,86.6,17.6,90.0,0.0016666666666666668
75,194,57.5,17.6,90.0,0.0016666666666666668
75,195,57.2,17.6,90.0,0.0016666666666666668
75,196,56.9,17.6,90.0,0.0016666666666666668
75,197,68.9,17.6,90.0,0.0016666666666666668
75,198,86.3,17.6,90.0,0.0016666666666666668
75,199,84.8,17.6,90.0,0.0016666666666666668
75,200,85.1,17.6,90.0,0.0016666666666666668
75,201,50.9,10.1,90.0,0.0016666666666666668
75,202,50.9,9.5,90.0,0.0016666666666666668
75,203,50.9,8.6,90.0,0.0016666666666666668
75,204,50.9,8.9,90.0,0.0016666666666666668
75,205,50.9,9.2,90.0,0.0016666666666666668
75,206,56.6,17.6,90.0,0.0016666666666666668
75,210,68.3,17.6,90.0,0.0016666666666666668
75,212,67.1,17.6,90.0,0.0016666666666666668
75,213,67.4,17.6,90.0,0.0016666666666666668
75,214,67.7,17.6,90.0,0.0016666666666666668
75,215,68.0,17.6,90.0,0.0016666666666666668
75,220,50.9,5.0,90.0,0.0016666666666666668
75,221,50.9,5.3,90.0,0.0016666666666666668
75,222,75.8,17.6,90.0,0.0016666666666666668
75,223,76.1,17.6,90.0,0.0016666666666666668
75,224,76.4,17.6,90.0,0.0016666666666666668
75,225,77.3,17.6,90.0,0.0016666666666666668
75,226,74.9,17.6,90.0,0.0016666666666666668
75,227,75.2,17.6,90.0,0.0016666666666666668
75,228,75.5,17.6,90.0,0.0016666666666666668
75,229,50.9,5.6,90.0,0.0016666666666666668
75,250,50.9,9.8,90.0,0.0016666666666666668
76,77,96.2,4.995998398718719,87.70755722404408,0.0018749929761864628
76,101,96.5,4.974937185533101,84.26082952273322,0.0018452401020419631
76,111,95.6,5.0,90.0,0.0016666666666666668
76,112,95.9,5.0,90.0,0.0016666666666666668
76,132,85.4,5.0,90.0,0.0016666666666666668
76,133,85.7,5.0,90.0,0.0016666666666666668
76,167,92.0,5.0,90.0,0.0016666666666666668
76,168,92.3,5.0,90.0,0.0016666666666666668
76,169,92.6,5.0,90.0,0.0016666666666666668
76,170,92.9,5.0,90.0,0.0016666666666666668
76,171,93.2,5.0,90.0,0.0016666666666666668
76,172,93.5,5.0,90.0,0.0016666666666666668
76,173,93.8,5.0,90.0,0.0016666666666666668
76,174,94.1,5.0,90.0,0.0016666666666666668
76,175,94.4,5.0,90.0,0.0016666666666666668
76,176,94.7,5.0,90.0,0.0016666666666666668
76,177,95.0,5.0,90.0,0.0016666666666666668
76,182,87.2,5.0,90.0,0.0016666666666666668
76,191,87.91742430504416,5.0,66.42182152179815,0.002916680714293742
76,192,86.9,5.0,90.0,0.0016666666666666668
76,193,86.6,5.0,90.0,0.0016666666666666668
76,198,86.3,5.0,90.0,0.0016666666666666668
76,199,84.8,5.0,90.0,0.0016666666666666668
76,200,85.1,5.0,90.0,0.0016666666666666668
76,201,84.5,5.0,90.0,0.0016666666666666668
76,202,83.8749371855331,5.0,84.2608295227332,0.0018452401020419631
76,203,82.81355622425788,4.952655342616211,82.1951174544814,0.0018749929761864628
76,204,83.1798026230356,4.989736830714133,81.08320374700907,0.00199406066327276
76,205,83.53558507170122,5.0,80.79310377865409,0.0018749929761864628
76,250,84.19599839871873,5.0,87.70755722404412,0.0018749929761864628
77,85,117.8,102.8,90.0,0.0016666666666666668
77,86,117.8,85.33558507170123,80.79310377865414,0.0018749929761864628
77,87,117.8,87.7749371855331,84.26082952273323,0.0018452401020419631
77,88,117.8,89.29599839871872,87.70755722404408,0.0018749929761864628
77,93,117.8,124.4,90.0,0.0016666666666666668
77,94,117.8,124.1,90.0,0.0016666666666666668
77,95,117.8,123.8,90.0,0.0016666666666666668
77,96,117.8,123.5,90.0,0.0016666666666666668
77,97,117.8,139.1,90.0,0.0016666666666666668
77,98,117.8,138.8,90.0,0.0016666666666666668
77,99,117.8,138.5,90.0,0.0016666666666666668
77,100,117.8,138.2,90.0,0.0016666666666666668
77,105,117.8,89.9,90.0,0.0016666666666666668
77,106,117.8,116.6,90.0,0.0016666666666666668
77,130,117.8,81.6,73.73979529168814,0.0018452401020419631
77,131,117.8,83.47749935930287,77.29096700560461,0.0017857062584988146
77,146,117.8,101.3,90.0,0.0016666666666666668
77,179,113.3,51.5250628144669,84.26082952273322,0.0018452401020419631
77,180,112.7,51.5,90.0,0.0016666666666666668
77,181,113.0,51.50400160128128,87.70755722404408,0.0018749929761864628
77,182,96.2,20.6,90.0,0.0016666666666666668
77,183,96.2,20.9,90.0,0.0016666666666666668
77,184,96.2,21.2,90.0,0.0016666666666666668
77,185,96.2,22.7,90.0,0.0016666666666666668
77,186,96.2,23.0,90.0,0.0016666666666666668
77,187,96.2,21.5,90.0,0.0016666666666666668
77,188,96.2,21.8,90.0,0.0016666666666666668
77,189,96.2,22.1,90.0,0.0016666666666666668
77,190,117.8,79.7021271782035,70.12312592992113,0.0033035804591888336
77,191,96.2,8.0,90.0,0.0016666666666666668
77,192,96.2,25.1,90.0,0.0016666666666666668
77,193,96.2,25.4,90.0,0.0016666666666666668
77,194,96.2,26.0,90.0,0.0016666666666666668
77,195,96.2,26.6,90.0,0.0016666666666666668
77,196,96.2,26.9,90.0,0.0016666666666666668
77,197,96.2,25.7,90.0,0.0016666666666666668
77,198,96.2,28.7,90.0,0.0016666666666666668
77,206,117.8,116.3,90.0,0.0016666666666666668
77,246,96.2,35.9,90.0,0.0016666666666666668
77,246,116.3,52.92928578572858,45.57299599919425,0.005714293741501186
77,247,96.2,35.6,90.0,0.0016666666666666668
77,247,116.6,53.25038463814562,40.535802111316556,0.005833333333333334
77,249,96.2,22.4,90.0,0.0016666666666666668
77,251,96.2,17.9,90.0,0.0016666666666666668
77,252,96.2,18.2,90.0,0.0016666666666666668
77,253,96.2,18.5,90.0,0.0016666666666666668
77,254,96.2,18.8,90.0,0.0016666666666666668
78,81,50.0,99.5,90.0,0.0016666666666666668
78,81,115.1,141.4581254575403,50.20818050044296,0.0038393007653147234
78,84,50.0,134.0,90.0,0.0016666666666666668
78,84,116.0,142.43818239574915,34.91520624744444,0.004583347380960408
78,85,108.8,140.3,90.0,0.0016666666666666668
78,86,107.9,140.3,90.0,0.0016666666666666668
78,87,108.2,140.3,90.0,0.0016666666666666668
78,88,108.5,140.3,90.0,0.0016666666666666668
78,90,107.0,140.3,90.0,0.0016666666666666668
78,91,50.0,74.0,90.0,0.0016666666666666668
78,91,106.1,140.3,90.0,0.0016666666666666668
78,93,74.0,140.3,90.0,0.0016666666666666668
78,94,73.7,140.3,90.0,0.0016666666666666668
78,95,56.0,140.3,90.0,0.0016666666666666668
78,96,55.7,140.3,90.0,0.0016666666666666668
78,97,84.75038463814559,140.3,40.53580211131691,0.005833333333333334
78,98,84.12928578572857,140.3,45.57299599919436,0.005714293741501186
78,99,83.55812545754029,140.3,50.20818050044296,0.0038393007653147234
78,100,83.02691762911672,140.3,54.549457360824874,0.002261892721081555
78,105,50.0,89.9,90.0,0.0016666666666666668
78,106,50.0,116.6,90.0,0.0016666666666666668
78,107,51.429285785728574,138.8,45.572995999194305,0.005714293741501186
78,107,68.07071421427142,140.3,45.57299599919425,0.005714293741501186
78,108,51.15812545754028,138.5,50.20818050044296,0.0038393007653147234
78,108,68.64187454245972,140.3,50.20818050044296,0.0038393007653147234
78,109,50.92691762911672,138.2,54.54945736082492,0.002261892721081555
78,109,69.17308237088326,140.3,54.549457360824874,0.002261892721081555
78,110,50.72916869918747,137.9,58.66774850240584,0.00199406066327276
78,110,69.67083130081254,140.3,58.66774850240584,0.00199406066327276
78,111,72.2,140.3,90.0,0.0016666666666666668
78,112,72.5,140.3,90.0,0.0016666666666666668
78,126,50.19999999999999,136.7,73.73979529168834,0.0018452401020419631
78,126,78.30000000000001,140.3,73.73979529168834,0.0018452401020419631
78,127,50.12250064069712,136.4,77.29096700560463,0.0017857062584988146
78,127,78.67749935930289,140.3,77.29096700560466,0.0017857062584988146
78,128,50.064414928298774,136.1,80.7931037786543,0.0018749929761864628
78,128,79.03558507170122,140.3,80.7931037786543,0.0018749929761864628
78,129,50.0250628144669,135.8,84.26082952273322,0.0018452401020419631
78,129,79.3749371855331,140.3,84.2608295227332,0.0018452401020419631
78,130,81.5,140.3,90.0,0.0016666666666666668
78,131,81.8,140.3,90.0,0.0016666666666666668
78,132,80.6,140.3,90.0,0.0016666666666666668
78,133,80.9,140.3,90.0,0.0016666666666666668
78,134,50.0,64.1,90.0,0.0016666666666666668
78,134,79.7,140.3,90.0,0.0016666666666666668
78,136,50.0,133.7,90.0,0.0016666666666666668
78,136,88.1,140.3,90.0,0.0016666666666666668
78,137,50.0,133.4,90.0,0.0016666666666666668
78,137,88.4,140.3,90.0,0.0016666666666666668
78,138,50.0,133.1,90.0,0.0016666666666666668
78,138,88.7,140.3,90.0,0.0016666666666666668
78,139,50.0,132.8,90.0,0.0016666666666666668
78,139,89.0,140.3,90.0,0.0016666666666666668
78,140,50.0,132.5,90.0,0.0016666666666666668
78,140,89.3,140.3,90.0,0.0016666666666666668
78,141,50.0,132.2,90.0,0.0016666666666666668
78,141,89.6,140.3,90.0,0.0016666666666666668
78,142,50.0,131.9,90.0,0.0016666666666666668
78,142,89.9,140.3,90.0,0.0016666666666666668
78,145,90.8,140.3,90.0,0.0016666666666666668
78,146,50.0,101.3,90.0,0.0016666666666666668
78,151,50.0,129.5,90.0,0.0016666666666666668
78,151,96.8,140.3,90.0,0.0016666666666666668
78,152,50.0,129.2,90.0,0.0016666666666666668
78,152,97.1,140.3,90.0,0.0016666666666666668
78,153,50.0,128.9,90.0,0.0016666666666666668
78,153,97.4,140.3,90.0,0.0016666666666666668
78,154,50.0,128.6,90.0,0.0016666666666666668
78,154,97.7,140.3,90.0,0.0016666666666666668
78,155,50.0,130.0978728217965,70.12312592992119,0.0033035804591888336
78,155,96.5,140.3,90.0,0.0016666666666666668
78,177,50.0,15.5,90.0,0.0016666666666666668
78,179,81.2,140.3,90.0,0.0016666666666666668
78,180,50.0,73.4,90.0,0.0016666666666666668
78,181,50.0,75.8,90.0,0.0016666666666666668
78,185,50.0,22.700000000000003,90.0,0.0016666666666666668
78,186,50.0,23.0,90.0,0.0016666666666666668
78,187,50.0,21.5,90.0,0.0016666666666666668
78,188,50.0,21.799999999999997,90.0,0.0016666666666666668
78,189,50.0,22.099999999999994,90.0,0.0016666666666666668
78,190,50.0,80.2,73.73979529168805,0.0018452401020419631
78,199,50.0,51.26441492829878,80.79310377865414,0.0018749929761864628
78,200,50.0,53.122500640697126,77.29096700560454,0.0017857062584988146
78,201,50.0,10.099999999999994,90.0,0.0016666666666666668
78,202,50.0,9.5,90.0,0.0016666666666666668
78,203,50.0,8.599999999999994,90.0,0.0016666666666666668
78,204,50.0,8.900000000000006,90.0,0.0016666666666666668
78,205,50.0,9.200000000000003,90.0,0.0016666666666666668
78,210,53.9,140.17749935930289,77.29096700560454,0.0017857062584988146
78,212,50.0,72.2,90.0,0.0016666666666666668
78,213,50.0,34.400000000000006,90.0,0.0016666666666666668
78,214,50.0,34.70400160128128,87.70755722404408,0.0018749929761864628
78,215,50.0,35.02506281446691,84.2608295227332,0.0018452401020419631
78,220,50.0,5.0,90.0,0.0016666666666666668
78,221,50.0,5.300000000000011,90.0,0.0016666666666666668
78,222,54.2,140.23558507170122,80.7931037786541,0.0018749929761864628
78,223,54.5,140.2749371855331,84.2608295227332,0.0018452401020419631
78,224,54.8,140.29599839871872,87.70755722404408,0.0018749929761864628
78,225,91.1,140.3,90.0,0.0016666666666666668
78,226,50.0,37.7,90.0,0.0016666666666666668
78,227,50.0,38.0,90.0,0.0016666666666666668
78,228,50.0,39.8,90.0,0.0016666666666666668
78,229,50.0,5.599999999999994,90.0,0.0016666666666666668
78,246,50.0,35.900000000000006,90.0,0.0016666666666666668
78,246,116.3,142.9251315825924,28.35763657632831,0.002291673690480204
78,247,50.0,35.599999999999994,90.0,0.0016666666666666668
78,247,116.6,143.5941277890768,19.948443588802952,0.006815487227897463
78,249,50.0,22.400000000000006,90.0,0.0016666666666666668
78,250,50.0,9.799999999999997,90.0,0.0016666666666666668
78,251,50.0,17.900000000000006,90.0,0.0016666666666666668
78,252,50.0,18.200000000000003,90.0,0.0016666666666666668
78,253,50.0,18.5,90.0,0.0016666666666666668
78,254,50.0,18.799999999999997,90.0,0.0016666666666666668
79,81,50.3,99.5,90.0,0.0016666666666666668
79,81,115.1,125.62691762911672,54.54945736082474,0.002261892721081555
79,85,108.8,124.7,90.0,0.0016666666666666668
79,86,107.9,124.7,90.0,0.0016666666666666668
79,87,108.2,124.7,90.0,0.0016666666666666668
79,88,108.5,124.7,90.0,0.0016666666666666668
79,90,107.0,124.7,90.0,0.0016666666666666668
79,91,50.3,74.0,90.0,0.0016666666666666668
79,91,106.1,124.7,90.0,0.0016666666666666668
79,93,77.29412778907681,124.7,19.94844358880259,0.006815487227897463
79,94,76.3251315825924,124.7,28.357636576328165,0.002291673690480204
79,95,58.13818239574915,124.7,34.915206247444274,0.004583347380960408
79,96,57.450384638145614,124.7,40.53580211131662,0.005833333333333334
79,97,117.2,139.1,90.0,0.0016666666666666668
79,98,117.2,138.8,90.0,0.0016666666666666668
79,99,117.2,138.5,90.0,0.0016666666666666668
79,100,117.2,138.2,90.0,0.0016666666666666668
79,105,50.3,89.9,90.0,0.0016666666666666668
79,106,50.3,116.6,90.0,0.0016666666666666668
79,111,72.2,124.7,90.0,0.0016666666666666668
79,112,72.5,124.7,90.0,0.0016666666666666668
79,130,81.5,124.7,90.0,0.0016666666666666668
79,131,81.8,124.7,90.0,0.0016666666666666668
79,132,80.6,124.7,90.0,0.0016666666666666668
79,133,80.9,124.7,90.0,0.0016666666666666668
79,134,50.3,64.1,90.0,0.0016666666666666668
79,134,79.7,124.7,90.0,0.0016666666666666668
79,145,90.8,124.7,90.0,0.0016666666666666668
79,146,50.3,101.3,90.0,0.0016666666666666668
79,177,50.3,15.5,90.0,0.0016666666666666668
79,179,81.2,124.7,90.0,0.0016666666666666668
79,180,50.3,73.4,90.0,0.0016666666666666668
79,181,50.3,75.8,90.0,0.0016666666666666668
79,185,50.3,22.700000000000003,90.0,0.0016666666666666668
79,186,50.3,23.0,90.0,0.0016666666666666668
79,187,50.3,21.5,90.0,0.0016666666666666668
79,188,50.3,21.799999999999997,90.0,0.0016666666666666668
79,189,50.3,22.10000000000001,90.0,0.0016666666666666668
79,190,50.3,80.12250064069713,77.29096700560454,0.0017857062584988146
79,199,50.3,51.22506281446691,84.2608295227332,0.0018452401020419631
79,200,50.3,53.064414928298774,80.79310377865406,0.0018749929761864628
79,201,50.3,10.099999999999994,90.0,0.0016666666666666668
79,202,50.3,9.5,90.0,0.0016666666666666668
79,203,50.3,8.599999999999994,90.0,0.0016666666666666668
79,204,50.3,8.900000000000006,90.0,0.0016666666666666668
79,205,50.3,9.200000000000003,90.0,0.0016666666666666668
79,210,53.9,124.5,73.73979529168805,0.0018452401020419631
79,212,50.3,72.2,90.0,0.0016666666666666668
79,213,50.3,34.39999999999999,90.0,0.0016666666666666668
79,214,50.3,34.7,90.0,0.0016666666666666668
79,215,50.3,35.004001601281274,87.70755722404408,0.0018749929761864628
79,220,50.3,5.0,90.0,0.0016666666666666668
79,221,50.3,5.299999999999997,90.0,0.0016666666666666668
79,222,54.2,124.57749935930289,77.29096700560466,0.0017857062584988146
79,223,54.5,124.63558507170123,80.79310377865414,0.0018749929761864628
79,224,54.8,124.6749371855331,84.2608295227332,0.0018452401020419631
79,225,91.1,124.7,90.0,0.0016666666666666668
79,226,50.3,37.7,90.0,0.0016666666666666668
79,227,50.3,38.0,90.0,0.0016666666666666668
79,228,50.3,39.8,90.0,0.0016666666666666668
79,229,50.3,5.599999999999994,90.0,0.0016666666666666668
79,246,50.3,35.89999999999999,90.0,0.0016666666666666668
79,246,116.3,126.83818239574914,34.9152062474443,0.004583347380960408
79,247,50.3,35.60000000000001,90.0,0.0016666666666666668
79,247,116.6,127.32513158259239,28.357636576328165,0.002291673690480204
79,249,50.3,22.39999999999999,90.0,0.0016666666666666668
79,250,50.3,9.799999999999997,90.0,0.0016666666666666668
79,251,50.3,17.89999999999999,90.0,0.0016666666666666668
79,252,50.3,18.200000000000003,90.0,0.0016666666666666668
79,253,50.3,18.5,90.0,0.0016666666666666668
79,254,50.3,18.799999999999997,90.0,0.0016666666666666668
80,81,50.72250064069712,99.5,77.29096700560463,0.0017857062584988146
80,81,115.0855709226351,104.12041789376302,54.50724548490108,0.002261892721081555
80,85,111.4251315825924,103.4,28.357636576328165,0.002291673690480204
80,86,107.9,103.4,90.0,0.0016666666666666668
80,87,108.2,103.4,90.0,0.0016666666666666668
80,88,108.5,103.4,90.0,0.0016666666666666668
80,90,107.0,103.4,90.0,0.0016666666666666668
80,91,50.6,74.0,90.0,0.0016666666666666668
80,91,106.1,103.4,90.0,0.0016666666666666668
80,93,117.5,124.4,90.0,0.0016666666666666668
80,94,117.5,124.1,90.0,0.0016666666666666668
80,95,117.5,123.8,90.0,0.0016666666666666668
80,96,117.5,123.5,90.0,0.0016666666666666668
80,97,117.5,139.1,90.0,0.0016666666666666668
80,98,117.5,138.8,90.0,0.0016666666666666668
80,99,117.5,138.5,90.0,0.0016666666666666668
80,100,117.5,138.2,90.0,0.0016666666666666668
80,105,50.6,89.9,90.0,0.0016666666666666668
80,106,117.5,116.6,90.0,0.0016666666666666668
80,111,72.2,103.4,90.0,0.0016666666666666668
80,112,72.5,103.4,90.0,0.0016666666666666668
80,130,81.5,103.4,90.0,0.0016666666666666668
80,131,81.8,103.4,90.0,0.0016666666666666668
80,132,80.6,103.4,90.0,0.0016666666666666668
80,133,80.9,103.4,90.0,0.0016666666666666668
80,134,50.6,64.1,90.0,0.0016666666666666668
80,134,79.7,103.4,90.0,0.0016666666666666668
80,145,90.8,103.4,90.0,0.0016666666666666668
80,146,51.526917629116724,101.3,54.54945736082478,0.002261892721081555
80,177,50.6,15.5,90.0,0.0016666666666666668
80,179,81.2,103.4,90.0,0.0016666666666666668
80,180,50.6,73.4,90.0,0.0016666666666666668
80,181,50.6,75.8,90.0,0.0016666666666666668
80,185,50.6,22.700000000000003,90.0,0.0016666666666666668
80,186,50.6,23.0,90.0,0.0016666666666666668
80,187,50.6,21.5,90.0,0.0016666666666666668
80,188,50.6,21.799999999999997,90.0,0.0016666666666666668
80,189,50.6,22.099999999999994,90.0,0.0016666666666666668
80,190,50.6,80.06441492829877,80.79310377865414,0.0018749929761864628
80,199,50.6,51.204001601281284,87.70755722404417,0.0018749929761864628
80,200,50.6,53.0250628144669,84.26082952273322,0.0018452401020419631
80,201,50.6,10.099999999999994,90.0,0.0016666666666666668
80,202,50.6,9.5,90.0,0.0016666666666666668
80,203,50.6,8.599999999999994,90.0,0.0016666666666666668
80,204,50.6,8.900000000000006,90.0,0.0016666666666666668
80,205,50.6,9.200000000000003,90.0,0.0016666666666666668
80,206,56.6,103.4,90.0,0.0016666666666666668
80,206,117.5,116.3,90.0,0.0016666666666666668
80,210,53.9,103.1021271782035,70.12312592992113,0.0033035804591888336
80,212,50.6,72.2,90.0,0.0016666666666666668
80,213,50.6,34.400000000000006,90.0,0.0016666666666666668
80,214,50.6,34.7,90.0,0.0016666666666666668
80,215,50.6,35.0,90.0,0.0016666666666666668
80,220,50.6,5.0,90.0,0.0016666666666666668
80,221,50.6,5.299999999999997,90.0,0.0016666666666666668
80,222,54.2,103.2,73.73979529168805,0.0018452401020419631
80,223,54.5,103.27749935930288,77.29096700560454,0.0017857062584988146
80,224,54.8,103.33558507170123,80.79310377865406,0.0018749929761864628
80,225,91.1,103.4,90.0,0.0016666666666666668
80,226,50.6,37.7,90.0,0.0016666666666666668
80,227,50.6,38.0,90.0,0.0016666666666666668
80,228,50.6,39.8,90.0,0.0016666666666666668
80,229,50.6,5.599999999999994,90.0,0.0016666666666666668
80,246,50.6,35.9,90.0,0.0016666666666666668
80,246,116.3,105.15038463814562,40.535802111316556,0.005833333333333334
80,247,50.6,35.6,90.0,0.0016666666666666668
80,247,116.6,105.53818239574916,34.9152062474443,0.004583347380960408
80,249,50.6,22.400000000000006,90.0,0.0016666666666666668
80,250,50.6,9.799999999999997,90.0,0.0016666666666666668
80,251,50.6,17.900000000000006,90.0,0.0016666666666666668
80,252,50.6,18.200000000000003,90.0,0.0016666666666666668
80,253,50.6,18.5,90.0,0.0016666666666666668
80,254,50.6,18.799999999999997,90.0,0.0016666666666666668
81,84,23.599999999999994,99.5,90.0,0.0016666666666666668
81,84,115.1,136.13818239574914,34.91520624744444,0.004583347380960408
81,85,114.80212717820349,102.8,70.12312592992113,0.0033035804591888336
81,86,107.9,99.5,90.0,0.0016666666666666668
81,87,108.2,99.5,90.0,0.0016666666666666668
81,88,108.5,99.5,90.0,0.0016666666666666668
81,90,107.0,99.5,90.0,0.0016666666666666668
81,91,4.699999999999999,70.70587221092319,19.9484435888026,0.006815487227897463
81,91,106.1,99.5,90.0,0.0016666666666666668
81,93,115.1,124.4,90.0,0.0016666666666666668
81,94,115.1,124.1,90.0,0.0016666666666666668
81,95,115.1,123.8,90.0,0.0016666666666666668
81,96,115.1,123.5,90.0,0.0016666666666666668
81,97,115.1,139.1,90.0,0.0016666666666666668
81,98,115.1,138.8,90.0,0.0016666666666666668
81,99,115.1,138.5,90.0,0.0016666666666666668
81,100,115.1,138.2,90.0,0.0016666666666666668
81,106,39.2,99.5,90.0,0.0016666666666666668
81,106,115.1,116.6,90.0,0.0016666666666666668
81,111,72.2,99.5,90.0,0.0016666666666666668
81,112,72.5,99.5,90.0,0.0016666666666666668
81,130,81.5,99.5,90.0,0.0016666666666666668
81,131,81.8,99.5,90.0,0.0016666666666666668
81,132,80.6,99.5,90.0,0.0016666666666666668
81,133,80.9,99.5,90.0,0.0016666666666666668
81,134,4.699999999999999,61.47486841740758,28.357636576327977,0.002291673690480204
81,134,79.7,99.5,90.0,0.0016666666666666668
81,145,90.8,99.5,90.0,0.0016666666666666668
81,146,113.9418745424597,101.3,50.20818050044273,0.0038393007653147234
81,179,81.2,99.5,90.0,0.0016666666666666668
81,180,10.099999999999994,99.5,90.0,0.0016666666666666668
81,181,10.400000000000006,99.5,90.0,0.0016666666666666668
81,190,46.4,99.5,90.0,0.0016666666666666668
81,199,45.8,99.5,90.0,0.0016666666666666668
81,200,46.1,99.5,90.0,0.0016666666666666668
81,206,56.6,99.5,90.0,0.0016666666666666668
81,206,115.1,116.3,90.0,0.0016666666666666668
81,210,53.9,99.5,90.0,0.0016666666666666668
81,212,44.599999999999994,99.5,90.0,0.0016666666666666668
81,213,44.900000000000006,99.5,90.0,0.0016666666666666668
81,214,45.2,99.5,90.0,0.0016666666666666668
81,215,45.5,99.5,90.0,0.0016666666666666668
81,222,54.2,99.5,90.0,0.0016666666666666668
81,223,54.5,99.5,90.0,0.0016666666666666668
81,224,54.8,99.5,90.0,0.0016666666666666668
81,225,91.1,99.5,90.0,0.0016666666666666668
81,226,24.799999999999997,99.5,90.0,0.0016666666666666668
81,227,25.099999999999994,99.5,90.0,0.0016666666666666668
81,228,25.400000000000006,99.5,90.0,0.0016666666666666668
84,85,108.8,134.0,90.0,0.0016666666666666668
84,86,107.9,134.0,90.0,0.0016666666666666668
84,87,108.2,134.0,90.0,0.0016666666666666668
84,88,108.5,134.0,90.0,0.0016666666666666668
84,90,107.0,134.0,90.0,0.0016666666666666668
84,91,23.6,74.0,90.0,0.0016666666666666668
84,91,106.1,134.0,90.0,0.0016666666666666668
84,93,74.0,134.0,90.0,0.0016666666666666668
84,94,73.7,134.0,90.0,0.0016666666666666668
84,95,56.0,134.0,90.0,0.0016666666666666668
84,96,55.7,134.0,90.0,0.0016666666666666668
84,97,116.0,139.1,90.0,0.0016666666666666668
84,98,115.99599839871871,138.8,87.70755722404424,0.0018749929761864628
84,99,115.9749371855331,138.5,84.2608295227332,0.0018452401020419631
84,100,115.93558507170123,138.2,80.79310377865397,0.0018749929761864628
84,105,23.6,89.9,90.0,0.0016666666666666668
84,111,72.2,134.0,90.0,0.0016666666666666668
84,112,72.5,134.0,90.0,0.0016666666666666668
84,130,81.5,134.0,90.0,0.0016666666666666668
84,131,81.8,134.0,90.0,0.0016666666666666668
84,132,80.6,134.0,90.0,0.0016666666666666668
84,133,80.9,134.0,90.0,0.0016666666666666668
84,134,23.6,64.1,90.0,0.0016666666666666668
84,134,79.7,134.0,90.0,0.0016666666666666668
84,136,39.49412778907677,134.0,19.94844358880311,0.006815487227897463
84,136,84.80587221092323,134.0,19.94844358880311,0.006815487227897463
84,137,38.52513158259244,134.0,28.35763657632773,0.002291673690480204
84,137,85.77486841740757,134.0,28.357636576327803,0.002291673690480204
84,138,37.73818239574915,134.0,34.91520624744437,0.004583347380960408
84,138,86.56181760425085,134.0,34.9152062474443,0.004583347380960408
84,139,37.05038463814563,134.0,40.53580211131633,0.005833333333333334
84,139,87.24961536185437,134.0,40.53580211131633,0.005833333333333334
84,140,28.629285785728584,134.0,45.57299599919425,0.005714293741501186
84,140,87.87071421427143,134.0,45.57299599919436,0.005714293741501186
84,141,28.080801297039105,133.97297020972815,55.76420354091866,0.0021726340986480564
84,141,88.44187454245971,134.0,50.20818050044296,0.0038393007653147234
84,142,24.541968251565002,131.92102350704226,59.509200290779354,0.0018749929761864628
84,142,88.97308237088326,134.0,54.549457360824505,0.002261892721081555
84,145,90.8,134.0,90.0,0.0016666666666666668
84,146,35.0,134.0,90.0,0.0016666666666666668
84,151,26.678740593938123,133.61614149421558,77.58447269509145,0.0017857062584988146
84,151,96.7749371855331,134.0,84.26082952273323,0.0018452401020419631
84,152,26.353997753273507,133.46715501272337,71.73574975341315,0.002708326309519796
84,152,97.0959983987187,134.0,87.70755722404424,0.0018749929761864628
84,153,26.036967222181936,133.29311809525782,66.13393648619054,0.002916680714293742
84,153,97.4,134.0,90.0,0.0016666666666666668
84,154,25.72593238981439,133.09142216986734,60.75139489444029,0.0018452401020419631
84,154,97.7,134.0,90.0,0.0016666666666666668
84,155,46.76441492829878,134.0,80.79310377865397,0.0018749929761864628
84,155,96.43558507170123,134.0,80.79310377865397,0.0018749929761864628
84,177,23.6,15.5,90.0,0.0016666666666666668
84,179,81.2,134.0,90.0,0.0016666666666666668
84,180,23.6,73.4,90.0,0.0016666666666666668
84,181,23.6,75.8,90.0,0.0016666666666666668
84,185,23.6,22.700000000000003,90.0,0.0016666666666666668
84,186,23.6,23.0,90.0,0.0016666666666666668
84,190,46.400000000000006,134.0,90.0,0.0016666666666666668
84,199,45.8,134.0,90.0,0.0016666666666666668
84,200,46.099999999999994,134.0,90.0,0.0016666666666666668
84,201,23.6,10.099999999999994,90.0,0.0016666666666666668
84,210,53.9,134.0,90.0,0.0016666666666666668
84,212,44.599999999999994,134.0,90.0,0.0016666666666666668
84,213,44.900000000000006,134.0,90.0,0.0016666666666666668
84,214,45.2,134.0,90.0,0.0016666666666666668
84,215,45.5,134.0,90.0,0.0016666666666666668
84,222,54.2,134.0,90.0,0.0016666666666666668
84,223,54.5,134.0,90.0,0.0016666666666666668
84,224,54.8,134.0,90.0,0.0016666666666666668
84,225,91.1,134.0,90.0,0.0016666666666666668
84,226,24.8,132.24961536185438,40.535802111316535,0.005833333333333334
84,227,25.1,132.57071421427142,45.57299599919425,0.005714293741501186
84,228,25.4,132.84187454245972,50.20818050044283,0.0038393007653147234
84,229,23.6,5.599999999999994,90.0,0.0016666666666666668
85,93,108.8,124.4,90.0,0.0016666666666666668
85,94,108.8,124.1,90.0,0.0016666666666666668
85,95,108.8,123.8,90.0,0.0016666666666666668
85,96,108.8,123.5,90.0,0.0016666666666666668
85,97,108.8,139.1,90.0,0.0016666666666666668
85,98,108.8,138.8,90.0,0.0016666666666666668
85,99,108.8,138.5,90.0,0.0016666666666666668
85,100,108.8,138.2,90.0,0.0016666666666666668
85,101,126.8,102.7749371855331,84.26082952273339,0.0018452401020419631
85,102,127.1,102.73558507170122,80.7931037786543,0.0018749929761864628
85,103,127.4,102.67749935930289,77.29096700560466,0.0017857062584988146
85,104,127.7,102.6,73.73979529168814,0.0018452401020419631
85,105,125.9,102.8,90.0,0.0016666666666666668
85,106,108.8,116.6,90.0,0.0016666666666666668
85,178,128.0,102.5021271782035,70.12312592992129,0.0033035804591888336
85,206,108.8,116.3,90.0,0.0016666666666666668
85,246,116.3,102.8,90.0,0.0016666666666666668
85,247,116.6,102.8,90.0,0.0016666666666666668
86,93,107.9,124.4,90.0,0.0016666666666666668
86,94,107.9,124.1,90.0,0.0016666666666666668
86,95,107.9,123.8,90.0,0.0016666666666666668
86,96,107.9,123.5,90.0,0.0016666666666666668
86,97,107.9,139.1,90.0,0.0016666666666666668
86,98,107.9,138.8,90.0,0.0016666666666666668
86,99,107.9,138.5,90.0,0.0016666666666666668
86,100,107.9,138.2,90.0,0.0016666666666666668
86,101,122.0,51.204001601281284,87.70755722404408,0.0018749929761864628
86,102,122.0,50.6,90.0,0.0016666666666666668
86,103,122.0,50.0,90.0,0.0016666666666666668
86,104,122.0,49.7,90.0,0.0016666666666666668
86,105,107.92506281446691,89.9,84.2608295227332,0.0018452401020419631
86,106,107.9,116.6,90.0,0.0016666666666666668
86,146,107.9,101.3,90.0,0.0016666666666666668
86,178,122.0,48.2,90.0,0.0016666666666666668
86,198,122.0,28.7,90.0,0.0016666666666666668
86,206,107.9,116.3,90.0,0.0016666666666666668
86,246,116.3,85.4,90.0,0.0016666666666666668
86,247,116.6,85.4,90.0,0.0016666666666666668
87,93,108.2,124.4,90.0,0.0016666666666666668
87,94,108.2,124.1,90.0,0.0016666666666666668
87,95,108.2,123.8,90.0,0.0016666666666666668
87,96,108.2,123.5,90.0,0.0016666666666666668
87,97,108.2,139.1,90.0,0.0016666666666666668
87,98,108.2,138.8,90.0,0.0016666666666666668
87,99,108.2,138.5,90.0,0.0016666666666666668
87,100,108.2,138.2,90.0,0.0016666666666666668
87,101,122.3,51.2250628144669,84.26082952273322,0.0018452401020419631
87,102,122.3,50.60400160128128,87.70755722404408,0.0018749929761864628
87,103,122.3,50.0,90.0,0.0016666666666666668
87,104,122.3,49.7,90.0,0.0016666666666666668
87,105,109.12691762911673,89.9,54.54945736082474,0.002261892721081555
87,106,108.2,116.6,90.0,0.0016666666666666668
87,146,108.2,101.3,90.0,0.0016666666666666668
87,178,122.3,48.2,90.0,0.0016666666666666668
87,198,122.3,28.7,90.0,0.0016666666666666668
87,206,108.2,116.3,90.0,0.0016666666666666668
87,246,116.3,87.8,90.0,0.0016666666666666668
87,247,116.6,87.8,90.0,0.0016666666666666668
88,93,108.5,124.4,90.0,0.0016666666666666668
88,94,108.5,124.1,90.0,0.0016666666666666668
88,95,108.5,123.8,90.0,0.0016666666666666668
88,96,108.5,123.5,90.0,0.0016666666666666668
88,97,108.5,139.1,90.0,0.0016666666666666668
88,98,108.5,138.8,90.0,0.0016666666666666668
88,99,108.5,138.5,90.0,0.0016666666666666668
88,100,108.5,138.2,90.0,0.0016666666666666668
88,101,122.6,51.26441492829878,80.79310377865414,0.0018749929761864628
88,102,122.6,50.6250628144669,84.26082952273322,0.0018452401020419631
88,103,122.6,50.00400160128128,87.70755722404425,0.0018749929761864628
88,104,122.6,49.7,90.0,0.0016666666666666668
88,105,111.1251315825924,89.9,28.357636576328165,0.002291673690480204
88,106,108.5,116.6,90.0,0.0016666666666666668
88,146,108.5,101.3,90.0,0.0016666666666666668
88,178,122.6,48.2,90.0,0.0016666666666666668
88,198,122.6,28.7,90.0,0.0016666666666666668
88,206,108.5,116.3,90.0,0.0016666666666666668
88,246,116.3,89.3,90.0,0.0016666666666666668
88,247,116.6,89.3,90.0,0.0016666666666666668
90,93,107.0,124.4,90.0,0.0016666666666666668
90,94,107.0,124.1,90.0,0.0016666666666666668
90,95,107.0,123.8,90.0,0.0016666666666666668
90,96,107.0,123.5,90.0,0.0016666666666666668
90,97,107.0,139.1,90.0,0.0016666666666666668
90,98,107.0,138.8,90.0,0.0016666666666666668
90,99,107.0,138.5,90.0,0.0016666666666666668
90,100,107.0,138.2,90.0,0.0016666666666666668
90,105,107.0,89.9,90.0,0.0016666666666666668
90,106,107.0,116.6,90.0,0.0016666666666666668
90,111,77.6,59.9,90.0,0.0016666666666666668
90,112,77.6,61.4,90.0,0.0016666666666666668
90,130,107.0,81.8,90.0,0.0016666666666666668
90,131,107.0,83.6,90.0,0.0016666666666666668
90,132,80.6,70.58257569495584,66.42182152179815,0.002916680714293742
90,133,80.9,70.7021271782035,70.12312592992129,0.0033035804591888336
90,134,77.6,65.02691762911672,54.54945736082474,0.002261892721081555
90,134,79.7,70.07308237088327,54.54945736082474,0.002261892721081555
90,146,107.0,101.3,90.0,0.0016666666666666668
90,167,77.6,12.200000000000003,90.0,0.0016666666666666668
90,168,77.6,12.5,90.0,0.0016666666666666668
90,169,77.6,12.799999999999997,90.0,0.0016666666666666668
90,170,77.6,13.100000000000001,90.0,0.0016666666666666668
90,171,77.6,13.700000000000003,90.0,0.0016666666666666668
90,172,77.6,14.0,90.0,0.0016666666666666668
90,173,77.6,14.299999999999997,90.0,0.0016666666666666668
90,174,77.6,14.600000000000001,90.0,0.0016666666666666668
90,175,77.6,14.899999999999999,90.0,0.0016666666666666668
90,176,77.6,15.200000000000003,90.0,0.0016666666666666668
90,177,77.6,15.5,90.0,0.0016666666666666668
90,179,107.0,77.6,90.0,0.0016666666666666668
90,180,106.27083130081253,73.4,58.66774850240584,0.00199406066327276
90,181,106.99599839871871,75.8,87.70755722404408,0.0018749929761864628
90,183,77.6,20.9,90.0,0.0016666666666666668
90,184,77.6,21.200000000000003,90.0,0.0016666666666666668
90,185,77.6,22.700000000000003,90.0,0.0016666666666666668
90,186,77.6,23.0,90.0,0.0016666666666666668
90,187,77.6,21.5,90.0,0.0016666666666666668
90,188,77.6,21.799999999999997,90.0,0.0016666666666666668
90,189,77.6,22.1,90.0,0.0016666666666666668
90,190,107.0,80.0,90.0,0.0016666666666666668
90,194,77.6,26.0,90.0,0.0016666666666666668
90,195,77.6,26.6,90.0,0.0016666666666666668
90,196,77.6,26.9,90.0,0.0016666666666666668
90,197,77.6,25.700000000000003,90.0,0.0016666666666666668
90,199,77.6,51.2,90.0,0.0016666666666666668
90,200,77.6,53.0,90.0,0.0016666666666666668
90,201,77.6,10.100000000000001,90.0,0.0016666666666666668
90,202,77.6,9.5,90.0,0.0016666666666666668
90,203,77.6,8.600000000000001,90.0,0.0016666666666666668
90,204,77.6,8.899999999999999,90.0,0.0016666666666666668
90,205,77.6,9.200000000000003,90.0,0.0016666666666666668
90,206,107.0,116.3,90.0,0.0016666666666666668
90,246,77.6,35.9,90.0,0.0016666666666666668
90,247,77.6,35.6,90.0,0.0016666666666666668
90,249,77.6,22.4,90.0,0.0016666666666666668
90,250,77.6,9.799999999999997,90.0,0.0016666666666666668
90,251,77.6,17.9,90.0,0.0016666666666666668
90,252,77.6,18.200000000000003,90.0,0.0016666666666666668
90,253,77.6,18.5,90.0,0.0016666666666666668
90,254,77.6,18.799999999999997,90.0,0.0016666666666666668
91,93,106.1,124.4,90.0,0.0016666666666666668
91,94,106.1,124.1,90.0,0.0016666666666666668
91,95,106.1,123.8,90.0,0.0016666666666666668
91,96,106.1,123.5,90.0,0.0016666666666666668
91,97,106.1,139.1,90.0,0.0016666666666666668
91,98,106.1,138.8,90.0,0.0016666666666666668
91,99,106.1,138.5,90.0,0.0016666666666666668
91,100,106.1,138.2,90.0,0.0016666666666666668
91,105,5.0,71.37486841740758,28.357636576327977,0.002291673690480204
91,105,106.1,89.9,90.0,0.0016666666666666668
91,106,39.2,74.0,90.0,0.0016666666666666668
91,106,106.1,116.6,90.0,0.0016666666666666668
91,111,72.2,74.0,90.0,0.0016666666666666668
91,112,72.5,74.0,90.0,0.0016666666666666668
91,130,106.1,81.8,90.0,0.0016666666666666668
91,131,106.1,83.6,90.0,0.0016666666666666668
91,132,80.6,74.0,90.0,0.0016666666666666668
91,133,80.9,74.0,90.0,0.0016666666666666668
91,134,4.4,60.8058722109232,19.94844358880276,0.006815487227897463
91,134,79.7,74.0,90.0,0.0016666666666666668
91,145,90.07083130081253,74.0,58.66774850240584,0.00199406066327276
91,146,106.1,101.3,90.0,0.0016666666666666668
91,179,105.89999999999999,77.6,73.73979529168798,0.0018452401020419631
91,180,12.725131582592425,74.0,28.35763657632786,0.002291673690480204
91,181,104.9418745424597,75.8,50.20818050044273,0.0038393007653147234
91,190,106.1,80.0,90.0,0.0016666666666666668
91,199,45.8,74.0,90.0,0.0016666666666666668
91,200,46.1,74.0,90.0,0.0016666666666666668
91,206,56.6,74.0,90.0,0.0016666666666666668
91,206,106.1,116.3,90.0,0.0016666666666666668
91,210,53.9,74.0,90.0,0.0016666666666666668
91,212,45.758125457540295,74.0,50.20818050044273,0.0038393007653147234
91,213,44.9,74.0,90.0,0.0016666666666666668
91,214,45.2,74.0,90.0,0.0016666666666666668
91,215,45.5,74.0,90.0,0.0016666666666666668
91,222,54.2,74.0,90.0,0.0016666666666666668
91,223,54.5,74.0,90.0,0.0016666666666666668
91,224,54.8,74.0,90.0,0.0016666666666666668
91,225,90.53959457608462,74.0,62.61289249734616,0.002113100255104908
91,226,24.799999999999997,74.0,90.0,0.0016666666666666668
91,227,25.099999999999994,74.0,90.0,0.0016666666666666668
91,228,25.400000000000006,74.0,90.0,0.0016666666666666668
93,126,74.0,136.7250628144669,84.2608295227332,0.0018452401020419631
93,127,74.0,136.4040016012813,87.70755722404408,0.0018749929761864628
93,128,74.0,136.1,90.0,0.0016666666666666668
93,129,74.0,135.8,90.0,0.0016666666666666668
93,130,81.5,124.4,90.0,0.0016666666666666668
93,131,81.8,124.4,90.0,0.0016666666666666668
93,132,80.6,124.4,90.0,0.0016666666666666668
93,133,80.9,124.4,90.0,0.0016666666666666668
93,134,79.7,124.4,90.0,0.0016666666666666668
93,136,74.0,133.7,90.0,0.0016666666666666668
93,137,74.0,133.4,90.0,0.0016666666666666668
93,138,74.0,133.1,90.0,0.0016666666666666668
93,139,74.0,132.8,90.0,0.0016666666666666668
93,140,74.0,132.5,90.0,0.0016666666666666668
93,141,74.0,132.2,90.0,0.0016666666666666668
93,142,74.0,131.9,90.0,0.0016666666666666668
93,145,90.8,124.4,90.0,0.0016666666666666668
93,151,74.0,129.5,90.0,0.0016666666666666668
93,152,74.00400160128129,129.2,87.70755722404392,0.0018749929761864628
93,153,74.0250628144669,128.9,84.2608295227332,0.0018452401020419631
93,154,74.06441492829877,128.6,80.79310377865397,0.0018749929761864628
93,155,74.0,129.8,90.0,0.0016666666666666668
93,179,81.2,124.4,90.0,0.0016666666666666668
93,225,91.1,124.4,90.0,0.0016666666666666668
93,246,116.3,124.4,90.0,0.0016666666666666668
93,247,116.6,124.4,90.0,0.0016666666666666668
94,126,73.7,136.70400160128128,87.70755722404408,0.0018749929761864628
94,127,73.7,136.4,90.0,0.0016666666666666668
94,128,73.7,136.1,90.0,0.0016666666666666668
94,129,73.7,135.8,90.0,0.0016666666666666668
94,130,81.5,124.1,90.0,0.0016666666666666668
94,131,81.8,124.1,90.0,0.0016666666666666668
94,132,80.6,124.1,90.0,0.0016666666666666668
94,133,80.9,124.1,90.0,0.0016666666666666668
94,134,79.7,124.1,90.0,0.0016666666666666668
94,136,73.7,133.7,90.0,0.0016666666666666668
94,137,73.7,133.4,90.0,0.0016666666666666668
94,138,73.7,133.1,90.0,0.0016666666666666668
94,139,73.7,132.8,90.0,0.0016666666666666668
94,140,73.7,132.5,90.0,0.0016666666666666668
94,141,73.7,132.2,90.0,0.0016666666666666668
94,142,73.7,131.9,90.0,0.0016666666666666668
94,145,90.8,124.1,90.0,0.0016666666666666668
94,151,73.7,129.5,90.0,0.0016666666666666668
94,152,73.7,129.2,90.0,0.0016666666666666668
94,153,73.70400160128128,128.9,87.70755722404425,0.0018749929761864628
94,154,73.7250628144669,128.6,84.26082952273323,0.0018452401020419631
94,155,73.7,129.8,90.0,0.0016666666666666668
94,179,81.2,124.1,90.0,0.0016666666666666668
94,225,91.1,124.1,90.0,0.0016666666666666668
94,246,116.3,124.1,90.0,0.0016666666666666668
94,247,116.6,124.1,90.0,0.0016666666666666668
95,107,56.0,138.8,90.0,0.0016666666666666668
95,108,56.0,138.5,90.0,0.0016666666666666668
95,109,56.0,138.2,90.0,0.0016666666666666668
95,110,56.0,137.9,90.0,0.0016666666666666668
95,111,72.2,123.8,90.0,0.0016666666666666668
95,112,72.5,123.8,90.0,0.0016666666666666668
95,126,56.0,136.7,90.0,0.0016666666666666668
95,127,56.0,136.4,90.0,0.0016666666666666668
95,128,56.0,136.1,90.0,0.0016666666666666668
95,129,56.0,135.8,90.0,0.0016666666666666668
95,130,81.5,123.8,90.0,0.0016666666666666668
95,131,81.8,123.8,90.0,0.0016666666666666668
95,132,80.6,123.8,90.0,0.0016666666666666668
95,133,80.9,123.8,90.0,0.0016666666666666668
95,134,79.7,123.8,90.0,0.0016666666666666668
95,136,56.0,133.7,90.0,0.0016666666666666668
95,137,56.0,133.4,90.0,0.0016666666666666668
95,138,56.0,133.1,90.0,0.0016666666666666668
95,139,56.0,132.8,90.0,0.0016666666666666668
95,140,56.0,132.5,90.0,0.0016666666666666668
95,141,56.0,132.2,90.0,0.0016666666666666668
95,142,56.0,131.9,90.0,0.0016666666666666668
95,145,90.8,123.8,90.0,0.0016666666666666668
95,151,56.0,129.5,90.0,0.0016666666666666668
95,152,56.0,129.2,90.0,0.0016666666666666668
95,153,56.0,128.9,90.0,0.0016666666666666668
95,154,56.00400160128127,128.6,87.70755722404394,0.0018749929761864628
95,155,56.0,129.8,90.0,0.0016666666666666668
95,179,81.2,123.8,90.0,0.0016666666666666668
95,225,91.1,123.8,90.0,0.0016666666666666668
95,246,116.3,123.8,90.0,0.0016666666666666668
95,247,116.6,123.8,90.0,0.0016666666666666668
96,107,55.7,138.8,90.0,0.0016666666666666668
96,108,55.7,138.5,90.0,0.0016666666666666668
96,109,55.7,138.2,90.0,0.0016666666666666668
96,110,55.7,137.9,90.0,0.0016666666666666668
96,111,72.2,123.5,90.0,0.0016666666666666668
96,112,72.5,123.5,90.0,0.0016666666666666668
96,126,55.7,136.7,90.0,0.0016666666666666668
96,127,55.7,136.4,90.0,0.0016666666666666668
96,128,55.7,136.1,90.0,0.0016666666666666668
96,129,55.7,135.8,90.0,0.0016666666666666668
96,130,81.5,123.5,90.0,0.0016666666666666668
96,131,81.8,123.5,90.0,0.0016666666666666668
96,132,80.6,123.5,90.0,0.0016666666666666668
96,133,80.9,123.5,90.0,0.0016666666666666668
96,134,79.7,123.5,90.0,0.0016666666666666668
96,136,55.7,133.7,90.0,0.0016666666666666668
96,137,55.7,133.4,90.0,0.0016666666666666668
96,138,55.7,133.1,90.0,0.0016666666666666668
96,139,55.7,132.8,90.0,0.0016666666666666668
96,140,55.7,132.5,90.0,0.0016666666666666668
96,141,55.7,132.2,90.0,0.0016666666666666668
96,142,55.7,131.9,90.0,0.0016666666666666668
96,145,90.8,123.5,90.0,0.0016666666666666668
96,151,55.7,129.5,90.0,0.0016666666666666668
96,152,55.7,129.2,90.0,0.0016666666666666668
96,153,55.7,128.9,90.0,0.0016666666666666668
96,154,55.7,128.6,90.0,0.0016666666666666668
96,155,55.7,129.8,90.0,0.0016666666666666668
96,179,81.2,123.5,90.0,0.0016666666666666668
96,225,91.1,123.5,90.0,0.0016666666666666668
96,246,116.3,123.5,90.0,0.0016666666666666668
96,247,116.6,123.5,90.0,0.0016666666666666668
97,136,88.1,139.1,90.0,0.0016666666666666668
97,137,88.4,139.1,90.0,0.0016666666666666668
97,138,88.7,139.1,90.0,0.0016666666666666668
97,139,89.0,139.1,90.0,0.0016666666666666668
97,140,89.3,139.1,90.0,0.0016666666666666668
97,141,89.6,139.1,90.0,0.0016666666666666668
97,142,89.9,139.1,90.0,0.0016666666666666668
97,145,90.8,139.1,90.0,0.0016666666666666668
97,151,96.8,139.1,90.0,0.0016666666666666668
97,152,97.1,139.1,90.0,0.0016666666666666668
97,153,97.4,139.1,90.0,0.0016666666666666668
97,154,97.7,139.1,90.0,0.0016666666666666668
97,155,96.5,139.1,90.0,0.0016666666666666668
97,225,91.1,139.1,90.0,0.0016666666666666668
97,246,116.3,139.1,90.0,0.0016666666666666668
97,247,116.6,139.1,90.0,0.0016666666666666668
98,136,88.1,138.8,90.0,0.0016666666666666668
98,137,88.4,138.8,90.0,0.0016666666666666668
98,138,88.7,138.8,90.0,0.0016666666666666668
98,139,89.0,138.8,90.0,0.0016666666666666668
98,140,89.3,138.8,90.0,0.0016666666666666668
98,141,89.6,138.8,90.0,0.0016666666666666668
98,142,89.9,138.8,90.0,0.0016666666666666668
98,145,90.8,138.8,90.0,0.0016666666666666668
98,151,96.8,138.8,90.0,0.0016666666666666668
98,152,97.1,138.8,90.0,0.0016666666666666668
98,153,97.4,138.8,90.0,0.0016666666666666668
98,154,97.7,138.8,90.0,0.0016666666666666668
98,155,96.5,138.8,90.0,0.0016666666666666668
98,225,91.1,138.8,90.0,0.0016666666666666668
98,246,116.3,138.8,90.0,0.0016666666666666668
98,247,116.6,138.8,90.0,0.0016666666666666668
99,136,88.0959983987187,138.5,87.70755722404424,0.0018749929761864628
99,137,88.4,138.5,90.0,0.0016666666666666668
99,138,88.7,138.5,90.0,0.0016666666666666668
99,139,89.0,138.5,90.0,0.0016666666666666668
99,140,89.3,138.5,90.0,0.0016666666666666668
99,141,89.6,138.5,90.0,0.0016666666666666668
99,142,89.9,138.5,90.0,0.0016666666666666668
99,145,90.8,138.5,90.0,0.0016666666666666668
99,151,96.8,138.5,90.0,0.0016666666666666668
99,152,97.1,138.5,90.0,0.0016666666666666668
99,153,97.4,138.5,90.0,0.0016666666666666668
99,154,97.7,138.5,90.0,0.0016666666666666668
99,155,96.5,138.5,90.0,0.0016666666666666668
99,225,91.1,138.5,90.0,0.0016666666666666668
99,246,116.3,138.5,90.0,0.0016666666666666668
99,247,116.6,138.5,90.0,0.0016666666666666668
100,136,88.07493718553309,138.2,84.2608295227332,0.0018452401020419631
100,137,88.39599839871872,138.2,87.70755722404392,0.0018749929761864628
100,138,88.7,138.2,90.0,0.0016666666666666668
100,139,89.0,138.2,90.0,0.0016666666666666668
100,140,89.3,138.2,90.0,0.0016666666666666668
100,141,89.6,138.2,90.0,0.0016666666666666668
100,142,89.9,138.2,90.0,0.0016666666666666668
100,145,90.8,138.2,90.0,0.0016666666666666668
100,151,96.8,138.2,90.0,0.0016666666666666668
100,152,97.1,138.2,90.0,0.0016666666666666668
100,153,97.4,138.2,90.0,0.0016666666666666668
100,154,97.7,138.2,90.0,0.0016666666666666668
100,155,96.5,138.2,90.0,0.0016666666666666668
100,225,91.1,138.2,90.0,0.0016666666666666668
100,246,116.3,138.2,90.0,0.0016666666666666668
100,247,116.6,138.2,90.0,0.0016666666666666668
101,130,121.4,51.2,90.0,0.0016666666666666668
101,131,121.7,51.2,90.0,0.0016666666666666668
101,146,126.8,101.23558507170122,80.79310377865414,0.0018749929761864628
101,179,113.3,51.2,90.0,0.0016666666666666668
101,180,112.7,51.2,90.0,0.0016666666666666668
101,181,113.0,51.2,90.0,0.0016666666666666668
101,182,96.5,20.6,90.0,0.0016666666666666668
101,183,96.5,20.9,90.0,0.0016666666666666668
101,184,96.5,21.2,90.0,0.0016666666666666668
101,185,96.5,22.7,90.0,0.0016666666666666668
101,186,96.5,23.0,90.0,0.0016666666666666668
101,187,96.5,21.5,90.0,0.0016666666666666668
101,188,96.5,21.8,90.0,0.0016666666666666668
101,189,96.5,22.1,90.0,0.0016666666666666668
101,190,121.1,51.2,90.0,0.0016666666666666668
101,191,96.5,8.0,90.0,0.0016666666666666668
101,192,96.5,25.1,90.0,0.0016666666666666668
101,193,96.5,25.4,90.0,0.0016666666666666668
101,194,96.5,26.0,90.0,0.0016666666666666668
101,195,96.5,26.6,90.0,0.0016666666666666668
101,196,96.5,26.9,90.0,0.0016666666666666668
101,197,96.5,25.7,90.0,0.0016666666666666668
101,198,96.5,28.7,90.0,0.0016666666666666668
101,246,96.5,35.9,90.0,0.0016666666666666668
101,246,116.3,51.2,90.0,0.0016666666666666668
101,247,96.5,35.6,90.0,0.0016666666666666668
101,247,116.6,51.2,90.0,0.0016666666666666668
101,249,96.5,22.4,90.0,0.0016666666666666668
101,251,96.5,17.9,90.0,0.0016666666666666668
101,252,96.5,18.2,90.0,0.0016666666666666668
101,253,96.5,18.5,90.0,0.0016666666666666668
101,254,96.5,18.8,90.0,0.0016666666666666668
102,130,121.4,50.6,90.0,0.0016666666666666668
102,131,121.7,50.6,90.0,0.0016666666666666668
102,146,127.1,101.17749935930289,77.29096700560466,0.0017857062584988146
102,190,121.1,50.6,90.0,0.0016666666666666668
102,191,113.6,8.0,90.0,0.0016666666666666668
102,192,113.6,25.1,90.0,0.0016666666666666668
102,193,113.6,25.4,90.0,0.0016666666666666668
102,194,113.6,26.0,90.0,0.0016666666666666668
102,195,113.6,26.6,90.0,0.0016666666666666668
102,196,113.6,26.9,90.0,0.0016666666666666668
102,197,113.6,25.7,90.0,0.0016666666666666668
102,198,113.6,28.7,90.0,0.0016666666666666668
102,246,113.6,36.460405423915375,62.61289249734613,0.002113100255104908
102,246,116.3,50.039594576084625,62.61289249734613,0.002113100255104908
102,247,113.6,36.01742430504416,66.42182152179818,0.002916680714293742
102,247,116.6,50.18257569495583,66.42182152179811,0.002916680714293742
103,130,121.4,50.0,90.0,0.0016666666666666668
103,131,121.7,50.0,90.0,0.0016666666666666668
103,146,127.4,101.1,73.73979529168798,0.0018452401020419631
103,190,121.1,50.0,90.0,0.0016666666666666668
103,191,113.9,8.0,90.0,0.0016666666666666668
103,192,113.9,25.1,90.0,0.0016666666666666668
103,193,113.9,25.4,90.0,0.0016666666666666668
103,194,113.9,26.0,90.0,0.0016666666666666668
103,195,113.9,26.6,90.0,0.0016666666666666668
103,196,113.9,26.9,90.0,0.0016666666666666668
103,197,113.9,25.7,90.0,0.0016666666666666668
103,198,113.9,28.7,90.0,0.0016666666666666668
103,246,113.9,36.62916869918748,58.66774850240561,0.00199406066327276
103,246,116.3,49.27083130081252,58.66774850240561,0.00199406066327276
103,247,113.9,36.160405423915385,62.61289249734594,0.002113100255104908
103,247,116.6,49.439594576084616,62.61289249734594,0.002113100255104908
104,130,121.4,49.7,90.0,0.0016666666666666668
104,131,121.7,49.7,90.0,0.0016666666666666668
104,146,127.7,101.0021271782035,70.12312592992113,0.0033035804591888336
104,190,121.1,49.7,90.0,0.0016666666666666668
104,191,114.2,7.995998398718719,87.70755722404408,0.0018749929761864628
104,192,114.2,25.1,90.0,0.0016666666666666668
104,193,114.2,25.4,90.0,0.0016666666666666668
104,194,114.2,26.0,90.0,0.0016666666666666668
104,195,114.2,26.6,90.0,0.0016666666666666668
104,196,114.2,26.9,90.0,0.0016666666666666668
104,197,114.2,25.7,90.0,0.0016666666666666668
104,198,114.2,28.7,90.0,0.0016666666666666668
104,246,114.2,36.82691762911674,54.549457360824505,0.002261892721081555
104,246,116.3,48.77308237088326,54.549457360824505,0.002261892721081555
104,247,114.2,36.329168699187484,58.66774850240561,0.00199406066327276
104,247,116.6,48.97083130081252,58.66774850240561,0.00199406066327276
105,106,39.2,89.9,90.0,0.0016666666666666668
105,106,125.9,119.8941277890768,19.94844358880259,0.006815487227897463
105,111,72.2,89.9,90.0,0.0016666666666666668
105,112,72.5,89.9,90.0,0.0016666666666666668
105,130,81.5,89.9,90.0,0.0016666666666666668
105,131,81.8,89.9,90.0,0.0016666666666666668
105,132,80.6,89.9,90.0,0.0016666666666666668
105,133,80.9,89.9,90.0,0.0016666666666666668
105,134,5.0,61.96181760425083,34.9152062474442,0.004583347380960408
105,134,79.7,89.9,90.0,0.0016666666666666668
105,145,90.8,89.9,90.0,0.0016666666666666668
105,146,125.9,101.3,90.0,0.0016666666666666668
105,179,81.2,89.9,90.0,0.0016666666666666668
105,180,10.099999999999994,89.9,90.0,0.0016666666666666668
105,181,10.400000000000006,89.9,90.0,0.0016666666666666668
105,190,46.400000000000006,89.9,90.0,0.0016666666666666668
105,199,45.8,89.9,90.0,0.0016666666666666668
105,200,46.099999999999994,89.9,90.0,0.0016666666666666668
105,206,56.599999999999994,89.9,90.0,0.0016666666666666668
105,206,125.9,118.92513158259243,28.357636576327803,0.002291673690480204
105,210,53.900000000000006,89.9,90.0,0.0016666666666666668
105,212,44.599999999999994,89.9,90.0,0.0016666666666666668
105,213,44.900000000000006,89.9,90.0,0.0016666666666666668
105,214,45.2,89.9,90.0,0.0016666666666666668
105,215,45.5,89.9,90.0,0.0016666666666666668
105,222,54.2,89.9,90.0,0.0016666666666666668
105,223,54.5,89.9,90.0,0.0016666666666666668
105,224,54.8,89.9,90.0,0.0016666666666666668
105,225,91.1,89.9,90.0,0.0016666666666666668
105,226,24.799999999999997,89.9,90.0,0.0016666666666666668
105,227,25.099999999999994,89.9,90.0,0.0016666666666666668
105,228,25.400000000000006,89.9,90.0,0.0016666666666666668
105,246,116.3,89.9,90.0,0.0016666666666666668
105,247,116.6,89.9,90.0,0.0016666666666666668
106,111,72.2,116.6,90.0,0.0016666666666666668
106,112,72.5,116.6,90.0,0.0016666666666666668
106,130,81.5,116.6,90.0,0.0016666666666666668
106,131,81.8,116.6,90.0,0.0016666666666666668
106,132,80.6,116.6,90.0,0.0016666666666666668
106,133,80.9,116.6,90.0,0.0016666666666666668
106,134,39.2,64.1,90.0,0.0016666666666666668
106,134,79.7,116.6,90.0,0.0016666666666666668
106,145,90.8,116.6,90.0,0.0016666666666666668
106,146,39.2,101.36441492829877,80.79310377865414,0.0018749929761864628
106,177,39.2,15.5,90.0,0.0016666666666666668
106,179,81.2,116.6,90.0,0.0016666666666666668
106,180,39.2,73.4,90.0,0.0016666666666666668
106,181,39.2,75.8,90.0,0.0016666666666666668
106,185,39.2,22.700000000000003,90.0,0.0016666666666666668
106,186,39.2,23.0,90.0,0.0016666666666666668
106,187,39.2,21.5,90.0,0.0016666666666666668
106,188,39.2,21.799999999999997,90.0,0.0016666666666666668
106,189,39.2,22.099999999999994,90.0,0.0016666666666666668
106,190,46.39999999999999,116.6,90.0,0.0016666666666666668
106,199,45.8,116.6,90.0,0.0016666666666666668
106,200,46.10000000000001,116.6,90.0,0.0016666666666666668
106,201,39.2,10.099999999999994,90.0,0.0016666666666666668
106,202,39.2,9.5,90.0,0.0016666666666666668
106,210,53.89999999999999,116.6,90.0,0.0016666666666666668
106,212,44.60000000000001,116.6,90.0,0.0016666666666666668
106,213,44.89999999999999,116.6,90.0,0.0016666666666666668
106,214,45.2,116.6,90.0,0.0016666666666666668
106,215,45.5,116.6,90.0,0.0016666666666666668
106,220,39.2,5.0,90.0,0.0016666666666666668
106,221,39.2,5.299999999999997,90.0,0.0016666666666666668
106,222,54.2,116.6,90.0,0.0016666666666666668
106,223,54.5,116.6,90.0,0.0016666666666666668
106,224,54.8,116.6,90.0,0.0016666666666666668
106,225,91.1,116.6,90.0,0.0016666666666666668
106,226,39.2,37.7,90.0,0.0016666666666666668
106,227,39.2,38.0,90.0,0.0016666666666666668
106,228,39.2,39.8,90.0,0.0016666666666666668
106,229,39.2,5.599999999999994,90.0,0.0016666666666666668
106,246,39.2,35.900000000000006,90.0,0.0016666666666666668
106,246,116.3,116.6,90.0,0.0016666666666666668
106,247,39.2,35.599999999999994,90.0,0.0016666666666666668
106,247,116.6,116.6,90.0,0.0016666666666666668
106,249,39.2,22.400000000000006,90.0,0.0016666666666666668
106,250,39.2,9.799999999999997,90.0,0.0016666666666666668
107,118,38.2978728217965,142.1,70.12312592992097,0.0033035804591888336
107,119,38.417424305044165,141.8,66.42182152179815,0.002916680714293742
107,120,38.560405423915384,141.5,62.61289249734594,0.002113100255104908
107,121,38.72916869918749,141.2,58.66774850240543,0.00199406066327276
107,155,46.7,138.8,90.0,0.0016666666666666668
107,164,38.0,144.82506281446692,84.2608295227332,0.0018452401020419631
107,190,46.4,138.8,90.0,0.0016666666666666668
107,199,45.8,138.8,90.0,0.0016666666666666668
107,200,46.1,138.8,90.0,0.0016666666666666668
107,210,53.9,138.8,90.0,0.0016666666666666668
107,212,44.6,138.8,90.0,0.0016666666666666668
107,213,44.9,138.8,90.0,0.0016666666666666668
107,214,45.2,138.8,90.0,0.0016666666666666668
107,215,45.5,138.8,90.0,0.0016666666666666668
107,222,54.2,138.8,90.0,0.0016666666666666668
107,223,54.5,138.8,90.0,0.0016666666666666668
107,224,54.8,138.8,90.0,0.0016666666666666668
108,118,37.900000000000006,142.1,73.73979529168798,0.0018452401020419631
108,119,37.9978728217965,141.8,70.12312592992131,0.0033035804591888336
108,120,38.11742430504417,141.5,66.42182152179815,0.002916680714293742
108,121,38.26040542391539,141.2,62.61289249734594,0.002113100255104908
108,155,46.7,138.5,90.0,0.0016666666666666668
108,164,37.7,144.8040016012813,87.70755722404408,0.0018749929761864628
108,190,46.4,138.5,90.0,0.0016666666666666668
108,199,45.8,138.5,90.0,0.0016666666666666668
108,200,46.1,138.5,90.0,0.0016666666666666668
108,210,53.9,138.5,90.0,0.0016666666666666668
108,212,44.6,138.5,90.0,0.0016666666666666668
108,213,44.9,138.5,90.0,0.0016666666666666668
108,214,45.2,138.5,90.0,0.0016666666666666668
108,215,45.5,138.5,90.0,0.0016666666666666668
108,222,54.2,138.5,90.0,0.0016666666666666668
108,223,54.5,138.5,90.0,0.0016666666666666668
108,224,54.8,138.5,90.0,0.0016666666666666668
109,118,37.52250064069712,142.1,77.29096700560463,0.0017857062584988146
109,119,37.599999999999994,141.8,73.73979529168831,0.0018452401020419631
109,120,37.697872821796494,141.5,70.12312592992131,0.0033035804591888336
109,121,37.817424305044156,141.2,66.42182152179818,0.002916680714293742
109,155,46.7,138.2,90.0,0.0016666666666666668
109,164,37.4,144.8,90.0,0.0016666666666666668
109,190,46.4,138.2,90.0,0.0016666666666666668
109,199,45.8,138.2,90.0,0.0016666666666666668
109,200,46.1,138.2,90.0,0.0016666666666666668
109,210,53.9,138.2,90.0,0.0016666666666666668
109,212,44.6,138.2,90.0,0.0016666666666666668
109,213,44.9,138.2,90.0,0.0016666666666666668
109,214,45.2,138.2,90.0,0.0016666666666666668
109,215,45.5,138.2,90.0,0.0016666666666666668
109,222,54.2,138.2,90.0,0.0016666666666666668
109,223,54.5,138.2,90.0,0.0016666666666666668
109,224,54.8,138.2,90.0,0.0016666666666666668
110,118,37.164414928298775,142.1,80.79310377865397,0.0018749929761864628
110,119,37.22250064069712,141.8,77.29096700560463,0.0017857062584988146
110,120,37.300000000000004,141.5,73.73979529168798,0.0018452401020419631
110,121,37.39787282179651,141.2,70.12312592992095,0.0033035804591888336
110,155,46.7,137.9,90.0,0.0016666666666666668
110,164,37.1,144.8,90.0,0.0016666666666666668
110,190,46.4,137.9,90.0,0.0016666666666666668
110,199,45.8,137.9,90.0,0.0016666666666666668
110,200,46.1,137.9,90.0,0.0016666666666666668
110,210,53.9,137.9,90.0,0.0016666666666666668
110,212,44.6,137.9,90.0,0.0016666666666666668
110,213,44.9,137.9,90.0,0.0016666666666666668
110,214,45.2,137.9,90.0,0.0016666666666666668
110,215,45.5,137.9,90.0,0.0016666666666666668
110,222,54.2,137.9,90.0,0.0016666666666666668
110,223,54.5,137.9,90.0,0.0016666666666666668
110,224,54.8,137.9,90.0,0.0016666666666666668
111,126,72.2,136.7,90.0,0.0016666666666666668
111,127,72.2,136.4,90.0,0.0016666666666666668
111,128,72.2,136.1,90.0,0.0016666666666666668
111,129,72.2,135.8,90.0,0.0016666666666666668
111,132,80.6,59.9,90.0,0.0016666666666666668
111,133,80.99515682357095,59.9,78.80397704562479,0.0019047739455851117
111,134,72.26441492829878,64.1,80.79310377865397,0.0018749929761864628
111,136,72.2,133.7,90.0,0.0016666666666666668
111,137,72.2,133.4,90.0,0.0016666666666666668
111,138,72.2,133.1,90.0,0.0016666666666666668
111,139,72.2,132.8,90.0,0.0016666666666666668
111,140,72.2,132.5,90.0,0.0016666666666666668
111,141,72.2,132.2,90.0,0.0016666666666666668
111,142,72.2,131.9,90.0,0.0016666666666666668
111,145,72.2,71.39999999999999,73.73979529168814,0.0018452401020419631
111,146,72.2,101.3,90.0,0.0016666666666666668
111,151,72.2,129.5,90.0,0.0016666666666666668
111,152,72.2,129.2,90.0,0.0016666666666666668
111,153,72.2,128.9,90.0,0.0016666666666666668
111,154,72.2,128.6,90.0,0.0016666666666666668
111,155,72.2,129.8,90.0,0.0016666666666666668
111,180,72.2,73.4,90.0,0.0016666666666666668
111,181,72.2,75.8,90.0,0.0016666666666666668
111,182,95.6,20.6,90.0,0.0016666666666666668
111,183,95.6,20.9,90.0,0.0016666666666666668
111,184,95.6,21.2,90.0,0.0016666666666666668
111,185,95.6,22.7,90.0,0.0016666666666666668
111,186,95.6,23.0,90.0,0.0016666666666666668
111,187,95.6,21.5,90.0,0.0016666666666666668
111,188,95.6,21.8,90.0,0.0016666666666666668
111,189,95.6,22.1,90.0,0.0016666666666666668
111,190,72.2,80.0,90.0,0.0016666666666666668
111,191,95.6,8.0,90.0,0.0016666666666666668
111,192,95.6,25.1,90.0,0.0016666666666666668
111,193,95.6,25.4,90.0,0.0016666666666666668
111,194,95.6,26.0,90.0,0.0016666666666666668
111,195,95.6,26.6,90.0,0.0016666666666666668
111,196,95.6,26.9,90.0,0.0016666666666666668
111,197,95.6,25.7,90.0,0.0016666666666666668
111,198,95.6,28.7,90.0,0.0016666666666666668
111,206,72.2,116.3,90.0,0.0016666666666666668
111,225,77.3,59.9,90.0,0.0016666666666666668
111,246,95.6,35.9,90.0,0.0016666666666666668
111,247,95.6,35.6,90.0,0.0016666666666666668
111,249,95.6,22.4,90.0,0.0016666666666666668
111,251,95.6,17.9,90.0,0.0016666666666666668
111,252,95.6,18.2,90.0,0.0016666666666666668
111,253,95.6,18.5,90.0,0.0016666666666666668
111,254,95.6,18.8,90.0,0.0016666666666666668
112,126,72.5,136.7,90.0,0.0016666666666666668
112,127,72.5,136.4,90.0,0.0016666666666666668
112,128,72.5,136.1,90.0,0.0016666666666666668
112,129,72.5,135.8,90.0,0.0016666666666666668
112,132,80.6,61.4,90.0,0.0016666666666666668
112,133,80.9,61.4,90.0,0.0016666666666666668
112,134,73.06040542391537,64.1,62.61289249734602,0.002113100255104908
112,136,72.5,133.7,90.0,0.0016666666666666668
112,137,72.5,133.4,90.0,0.0016666666666666668
112,138,72.5,133.1,90.0,0.0016666666666666668
112,139,72.5,132.8,90.0,0.0016666666666666668
112,140,72.5,132.5,90.0,0.0016666666666666668
112,141,72.5,132.2,90.0,0.0016666666666666668
112,142,72.5,131.9,90.0,0.0016666666666666668
112,145,72.5,71.47749935930287,77.29096700560461,0.0017857062584988146
112,146,72.5,101.3,90.0,0.0016666666666666668
112,151,72.5,129.5,90.0,0.0016666666666666668
112,152,72.5,129.2,90.0,0.0016666666666666668
112,153,72.5,128.9,90.0,0.0016666666666666668
112,154,72.5,128.6,90.0,0.0016666666666666668
112,155,72.5,129.8,90.0,0.0016666666666666668
112,180,72.5,73.4,90.0,0.0016666666666666668
112,181,72.5,75.8,90.0,0.0016666666666666668
112,182,95.9,20.6,90.0,0.0016666666666666668
112,183,95.9,20.9,90.0,0.0016666666666666668
112,184,95.9,21.2,90.0,0.0016666666666666668
112,185,95.9,22.7,90.0,0.0016666666666666668
112,186,95.9,23.0,90.0,0.0016666666666666668
112,187,95.9,21.5,90.0,0.0016666666666666668
112,188,95.9,21.8,90.0,0.0016666666666666668
112,189,95.9,22.1,90.0,0.0016666666666666668
112,190,72.5,80.0,90.0,0.0016666666666666668
112,191,95.9,8.0,90.0,0.0016666666666666668
112,192,95.9,25.1,90.0,0.0016666666666666668
112,193,95.9,25.4,90.0,0.0016666666666666668
112,194,95.9,26.0,90.0,0.0016666666666666668
112,195,95.9,26.6,90.0,0.0016666666666666668
112,196,95.9,26.9,90.0,0.0016666666666666668
112,197,95.9,25.7,90.0,0.0016666666666666668
112,198,95.9,28.7,90.0,0.0016666666666666668
112,206,72.5,116.3,90.0,0.0016666666666666668
112,225,77.3,61.40400160128128,87.70755722404408,0.0018749929761864628
112,246,95.9,35.9,90.0,0.0016666666666666668
112,247,95.9,35.6,90.0,0.0016666666666666668
112,249,95.9,22.4,90.0,0.0016666666666666668
112,251,95.9,17.9,90.0,0.0016666666666666668
112,252,95.9,18.2,90.0,0.0016666666666666668
112,253,95.9,18.5,90.0,0.0016666666666666668
112,254,95.9,18.8,90.0,0.0016666666666666668
118,126,36.8,142.1,90.0,0.0016666666666666668
118,127,36.5,142.1,90.0,0.0016666666666666668
118,136,36.2,142.1,90.0,0.0016666666666666668
118,137,35.9,142.1,90.0,0.0016666666666666668
118,138,35.6,142.1,90.0,0.0016666666666666668
118,139,35.3,142.1,90.0,0.0016666666666666668
118,146,35.0,142.1,90.0,0.0016666666666666668
118,155,46.7,142.10400160128128,87.70755722404408,0.0018749929761864628
118,164,29.56040542391537,144.8,62.61289249734631,0.002113100255104908
118,190,46.4,142.1,90.0,0.0016666666666666668
118,199,45.8,142.1,90.0,0.0016666666666666668
118,200,46.1,142.1,90.0,0.0016666666666666668
118,212,44.6,142.1,90.0,0.0016666666666666668
118,213,44.9,142.1,90.0,0.0016666666666666668
118,214,45.2,142.1,90.0,0.0016666666666666668
118,215,45.5,142.1,90.0,0.0016666666666666668
119,126,36.8,141.8,90.0,0.0016666666666666668
119,127,36.5,141.8,90.0,0.0016666666666666668
119,136,36.2,141.8,90.0,0.0016666666666666668
119,137,35.9,141.8,90.0,0.0016666666666666668
119,138,35.6,141.8,90.0,0.0016666666666666668
119,139,35.3,141.8,90.0,0.0016666666666666668
119,146,35.0,141.8,90.0,0.0016666666666666668
119,155,46.7,141.8,90.0,0.0016666666666666668
119,164,29.117424305044164,144.8,66.42182152179817,0.002916680714293742
119,190,46.4,141.8,90.0,0.0016666666666666668
119,199,45.8,141.8,90.0,0.0016666666666666668
119,200,46.1,141.8,90.0,0.0016666666666666668
119,212,44.6,141.8,90.0,0.0016666666666666668
119,213,44.9,141.8,90.0,0.0016666666666666668
119,214,45.2,141.8,90.0,0.0016666666666666668
119,215,45.5,141.8,90.0,0.0016666666666666668
120,126,36.80400160128128,141.5,87.70755722404425,0.0018749929761864628
120,127,36.5,141.5,90.0,0.0016666666666666668
120,136,36.2,141.5,90.0,0.0016666666666666668
120,137,35.9,141.5,90.0,0.0016666666666666668
120,138,35.6,141.5,90.0,0.0016666666666666668
120,139,35.3,141.5,90.0,0.0016666666666666668
120,146,35.0,141.5,90.0,0.0016666666666666668
120,155,46.7,141.5,90.0,0.0016666666666666668
120,164,28.697872821796494,144.8,70.12312592992131,0.0033035804591888336
120,190,46.4,141.5,90.0,0.0016666666666666668
120,199,45.8,141.5,90.0,0.0016666666666666668
120,200,46.1,141.5,90.0,0.0016666666666666668
120,212,44.6,141.5,90.0,0.0016666666666666668
120,213,44.9,141.5,90.0,0.0016666666666666668
120,214,45.2,141.5,90.0,0.0016666666666666668
120,215,45.5,141.5,90.0,0.0016666666666666668
121,126,36.8250628144669,141.2,84.26082952273322,0.0018452401020419631
121,127,36.50400160128128,141.2,87.70755722404392,0.0018749929761864628
121,136,36.2,141.2,90.0,0.0016666666666666668
121,137,35.9,141.2,90.0,0.0016666666666666668
121,138,35.6,141.2,90.0,0.0016666666666666668
121,139,35.3,141.2,90.0,0.0016666666666666668
121,146,35.0,141.2,90.0,0.0016666666666666668
121,155,46.7,141.2,90.0,0.0016666666666666668
121,164,28.299999999999994,144.8,73.73979529168832,0.0018452401020419631
121,190,46.4,141.2,90.0,0.0016666666666666668
121,199,45.8,141.2,90.0,0.0016666666666666668
121,200,46.1,141.2,90.0,0.0016666666666666668
121,212,44.6,141.2,90.0,0.0016666666666666668
121,213,44.9,141.2,90.0,0.0016666666666666668
121,214,45.2,141.2,90.0,0.0016666666666666668
121,215,45.5,141.2,90.0,0.0016666666666666668
126,155,46.7,136.7,90.0,0.0016666666666666668
126,164,36.8,144.8,90.0,0.0016666666666666668
126,190,46.4,136.7,90.0,0.0016666666666666668
126,199,45.8,136.7,90.0,0.0016666666666666668
126,200,46.1,136.7,90.0,0.0016666666666666668
126,210,53.9,136.7,90.0,0.0016666666666666668
126,212,44.6,136.7,90.0,0.0016666666666666668
126,213,44.9,136.7,90.0,0.0016666666666666668
126,214,45.2,136.7,90.0,0.0016666666666666668
126,215,45.5,136.7,90.0,0.0016666666666666668
126,222,54.2,136.7,90.0,0.0016666666666666668
126,223,54.5,136.7,90.0,0.0016666666666666668
126,224,54.8,136.7,90.0,0.0016666666666666668
127,155,46.7,136.4,90.0,0.0016666666666666668
127,164,36.5,144.8,90.0,0.0016666666666666668
127,190,46.4,136.4,90.0,0.0016666666666666668
127,199,45.8,136.4,90.0,0.0016666666666666668
127,200,46.1,136.4,90.0,0.0016666666666666668
127,210,53.9,136.4,90.0,0.0016666666666666668
127,212,44.6,136.4,90.0,0.0016666666666666668
127,213,44.9,136.4,90.0,0.0016666666666666668
127,214,45.2,136.4,90.0,0.0016666666666666668
127,215,45.5,136.4,90.0,0.0016666666666666668
127,222,54.2,136.4,90.0,0.0016666666666666668
127,223,54.5,136.4,90.0,0.0016666666666666668
127,224,54.8,136.4,90.0,0.0016666666666666668
128,136,36.92916869918747,136.1,58.66774850240584,0.00199406066327276
128,137,36.46040542391538,136.1,62.61289249734594,0.002113100255104908
128,138,36.01742430504416,136.1,66.42182152179818,0.002916680714293742
128,139,35.59787282179651,136.1,70.12312592992095,0.0033035804591888336
128,146,35.0,136.1,90.0,0.0016666666666666668
128,155,46.7,136.1,90.0,0.0016666666666666668
128,164,27.8,144.8,90.0,0.0016666666666666668
128,190,46.4,136.1,90.0,0.0016666666666666668
128,199,45.8,136.1,90.0,0.0016666666666666668
128,200,46.1,136.1,90.0,0.0016666666666666668
128,210,53.9,136.1,90.0,0.0016666666666666668
128,212,44.6,136.1,90.0,0.0016666666666666668
128,213,44.9,136.1,90.0,0.0016666666666666668
128,214,45.2,136.1,90.0,0.0016666666666666668
128,215,45.5,136.1,90.0,0.0016666666666666668
128,222,54.2,136.1,90.0,0.0016666666666666668
128,223,54.5,136.1,90.0,0.0016666666666666668
128,224,54.8,136.1,90.0,0.0016666666666666668
129,136,37.126917629116726,135.8,54.54945736082492,0.002261892721081555
129,137,36.629168699187474,135.8,58.667748502405786,0.00199406066327276
129,138,36.16040542391537,135.8,62.61289249734631,0.002113100255104908
129,139,35.717424305044155,135.8,66.42182152179818,0.002916680714293742
129,146,35.0,135.8,90.0,0.0016666666666666668
129,155,46.7,135.8,90.0,0.0016666666666666668
129,164,27.5,144.8,90.0,0.0016666666666666668
129,190,46.4,135.8,90.0,0.0016666666666666668
129,199,45.8,135.8,90.0,0.0016666666666666668
129,200,46.1,135.8,90.0,0.0016666666666666668
129,210,53.9,135.8,90.0,0.0016666666666666668
129,212,44.6,135.8,90.0,0.0016666666666666668
129,213,44.9,135.8,90.0,0.0016666666666666668
129,214,45.2,135.8,90.0,0.0016666666666666668
129,215,45.5,135.8,90.0,0.0016666666666666668
129,222,54.2,135.8,90.0,0.0016666666666666668
129,223,54.5,135.8,90.0,0.0016666666666666668
129,224,54.8,135.8,90.0,0.0016666666666666668
130,136,81.5,133.7,90.0,0.0016666666666666668
130,137,81.5,133.4,90.0,0.0016666666666666668
130,138,81.5,133.1,90.0,0.0016666666666666668
130,139,81.5,132.8,90.0,0.0016666666666666668
130,140,81.5,132.5,90.0,0.0016666666666666668
130,141,81.5,132.2,90.0,0.0016666666666666668
130,142,81.5,131.9,90.0,0.0016666666666666668
130,145,90.8,81.8,90.0,0.0016666666666666668
130,146,81.5,101.3,90.0,0.0016666666666666668
130,151,81.5,129.5,90.0,0.0016666666666666668
130,152,81.5,129.2,90.0,0.0016666666666666668
130,153,81.5,128.9,90.0,0.0016666666666666668
130,154,81.5,128.6,90.0,0.0016666666666666668
130,155,81.5,129.8,90.0,0.0016666666666666668
130,178,121.4,48.2,90.0,0.0016666666666666668
130,198,121.4,28.7,90.0,0.0016666666666666668
130,206,81.5,116.3,90.0,0.0016666666666666668
130,225,91.1,81.8,90.0,0.0016666666666666668
130,246,116.3,81.8,90.0,0.0016666666666666668
130,247,116.6,81.79599839871872,87.70755722404425,0.0018749929761864628
131,136,81.8,133.7,90.0,0.0016666666666666668
131,137,81.8,133.4,90.0,0.0016666666666666668
131,138,81.8,133.1,90.0,0.0016666666666666668
131,139,81.8,132.8,90.0,0.0016666666666666668
131,140,81.8,132.5,90.0,0.0016666666666666668
131,141,81.8,132.2,90.0,0.0016666666666666668
131,142,81.8,131.9,90.0,0.0016666666666666668
131,145,90.8,83.6,90.0,0.0016666666666666668
131,146,81.8,101.3,90.0,0.0016666666666666668
131,151,81.8,129.5,90.0,0.0016666666666666668
131,152,81.8,129.2,90.0,0.0016666666666666668
131,153,81.8,128.9,90.0,0.0016666666666666668
131,154,81.8,128.6,90.0,0.0016666666666666668
131,155,81.8,129.8,90.0,0.0016666666666666668
131,178,121.7,48.2,90.0,0.0016666666666666668
131,198,121.7,28.7,90.0,0.0016666666666666668
131,206,81.8,116.3,90.0,0.0016666666666666668
131,225,91.1,83.6,90.0,0.0016666666666666668
131,246,116.3,83.6,90.0,0.0016666666666666668
131,247,116.6,83.6,90.0,0.0016666666666666668
132,136,80.6,133.7,90.0,0.0016666666666666668
132,137,80.6,133.4,90.0,0.0016666666666666668
132,138,80.6,133.1,90.0,0.0016666666666666668
132,139,80.6,132.8,90.0,0.0016666666666666668
132,140,80.6,132.5,90.0,0.0016666666666666668
132,141,80.6,132.2,90.0,0.0016666666666666668
132,142,80.6,131.9,90.0,0.0016666666666666668
132,145,80.6,71.6,90.0,0.0016666666666666668
132,146,80.6,101.3,90.0,0.0016666666666666668
132,151,80.6,129.5,90.0,0.0016666666666666668
132,152,80.6,129.2,90.0,0.0016666666666666668
132,153,80.6,128.9,90.0,0.0016666666666666668
132,154,80.6,128.6,90.0,0.0016666666666666668
132,155,80.6,129.8,90.0,0.0016666666666666668
132,167,85.4,12.2,90.0,0.0016666666666666668
132,168,85.4,12.5,90.0,0.0016666666666666668
132,169,85.4,12.8,90.0,0.0016666666666666668
132,170,85.4,13.1,90.0,0.0016666666666666668
132,171,85.4,13.7,90.0,0.0016666666666666668
132,172,85.4,14.0,90.0,0.0016666666666666668
132,173,85.4,14.3,90.0,0.0016666666666666668
132,174,85.4,14.6,90.0,0.0016666666666666668
132,175,85.4,14.9,90.0,0.0016666666666666668
132,176,85.4,15.2,90.0,0.0016666666666666668
132,177,85.4,15.5,90.0,0.0016666666666666668
132,180,80.6,73.4,90.0,0.0016666666666666668
132,181,80.6,75.8,90.0,0.0016666666666666668
132,183,85.4,20.9,90.0,0.0016666666666666668
132,184,85.4,21.2,90.0,0.0016666666666666668
132,185,85.4,22.7,90.0,0.0016666666666666668
132,186,85.4,23.0,90.0,0.0016666666666666668
132,187,85.4,21.5,90.0,0.0016666666666666668
132,188,85.4,21.8,90.0,0.0016666666666666668
132,189,85.4,22.1,90.0,0.0016666666666666668
132,190,80.6,80.0,90.0,0.0016666666666666668
132,194,85.4,26.0,90.0,0.0016666666666666668
132,195,85.4,26.6,90.0,0.0016666666666666668
132,196,85.4,26.9,90.0,0.0016666666666666668
132,197,85.4,25.7,90.0,0.0016666666666666668
132,206,80.6,116.3,90.0,0.0016666666666666668
132,225,80.6,71.0021271782035,70.12312592992113,0.0033035804591888336
132,246,85.4,35.9,90.0,0.0016666666666666668
132,247,85.4,35.6,90.0,0.0016666666666666668
132,249,85.4,22.4,90.0,0.0016666666666666668
132,251,85.4,17.9,90.0,0.0016666666666666668
132,252,85.4,18.2,90.0,0.0016666666666666668
132,253,85.4,18.5,90.0,0.0016666666666666668
132,254,85.4,18.8,90.0,0.0016666666666666668
133,136,80.9,133.7,90.0,0.0016666666666666668
133,137,80.9,133.4,90.0,0.0016666666666666668
133,138,80.9,133.1,90.0,0.0016666666666666668
133,139,80.9,132.8,90.0,0.0016666666666666668
133,140,80.9,132.5,90.0,0.0016666666666666668
133,141,80.9,132.2,90.0,0.0016666666666666668
133,142,80.9,131.9,90.0,0.0016666666666666668
133,145,80.9,71.6,90.0,0.0016666666666666668
133,146,80.9,101.3,90.0,0.0016666666666666668
133,151,80.9,129.5,90.0,0.0016666666666666668
133,152,80.9,129.2,90.0,0.0016666666666666668
133,153,80.9,128.9,90.0,0.0016666666666666668
133,154,80.9,128.6,90.0,0.0016666666666666668
133,155,80.9,129.8,90.0,0.0016666666666666668
133,167,85.7,12.2,90.0,0.0016666666666666668
133,168,85.7,12.5,90.0,0.0016666666666666668
133,169,85.7,12.8,90.0,0.0016666666666666668
133,170,85.7,13.1,90.0,0.0016666666666666668
133,171,85.7,13.7,90.0,0.0016666666666666668
133,172,85.7,14.0,90.0,0.0016666666666666668
133,173,85.7,14.3,90.0,0.0016666666666666668
133,174,85.7,14.6,90.0,0.0016666666666666668
133,175,85.7,14.9,90.0,0.0016666666666666668
133,176,85.7,15.2,90.0,0.0016666666666666668
133,177,85.7,15.5,90.0,0.0016666666666666668
133,180,80.9,73.4,90.0,0.0016666666666666668
133,181,80.9,75.8,90.0,0.0016666666666666668
133,183,85.7,20.9,90.0,0.0016666666666666668
133,184,85.7,21.2,90.0,0.0016666666666666668
133,185,85.7,22.7,90.0,0.0016666666666666668
133,186,85.7,23.0,90.0,0.0016666666666666668
133,187,85.7,21.5,90.0,0.0016666666666666668
133,188,85.7,21.8,90.0,0.0016666666666666668
133,189,85.7,22.1,90.0,0.0016666666666666668
133,190,80.9,80.0,90.0,0.0016666666666666668
133,194,85.7,26.0,90.0,0.0016666666666666668
133,195,85.7,26.6,90.0,0.0016666666666666668
133,196,85.7,26.9,90.0,0.0016666666666666668
133,197,85.7,25.7,90.0,0.0016666666666666668
133,206,80.9,116.3,90.0,0.0016666666666666668
133,225,80.9,71.1,73.73979529168814,0.0018452401020419631
133,246,85.7,35.9,90.0,0.0016666666666666668
133,247,85.7,35.6,90.0,0.0016666666666666668
133,249,85.7,22.4,90.0,0.0016666666666666668
133,251,85.7,17.9,90.0,0.0016666666666666668
133,252,85.7,18.2,90.0,0.0016666666666666668
133,253,85.7,18.5,90.0,0.0016666666666666668
133,254,85.7,18.8,90.0,0.0016666666666666668
134,136,79.7,133.7,90.0,0.0016666666666666668
134,137,79.7,133.4,90.0,0.0016666666666666668
134,138,79.7,133.1,90.0,0.0016666666666666668
134,139,79.7,132.8,90.0,0.0016666666666666668
134,140,79.7,132.5,90.0,0.0016666666666666668
134,141,79.7,132.2,90.0,0.0016666666666666668
134,142,79.7,131.9,90.0,0.0016666666666666668
134,145,68.6,64.1,90.0,0.0016666666666666668
134,145,79.7,71.6,90.0,0.0016666666666666668
134,146,79.7,101.3,90.0,0.0016666666666666668
134,151,79.7,129.5,90.0,0.0016666666666666668
134,152,79.7,129.2,90.0,0.0016666666666666668
134,153,79.7,128.9,90.0,0.0016666666666666668
134,154,79.7,128.6,90.0,0.0016666666666666668
134,155,79.7,129.8,90.0,0.0016666666666666668
134,180,79.7,73.4,90.0,0.0016666666666666668
134,181,79.7,75.8,90.0,0.0016666666666666668
134,190,79.7,80.0,90.0,0.0016666666666666668
134,199,45.8,64.1,90.0,0.0016666666666666668
134,200,46.1,64.1,90.0,0.0016666666666666668
134,206,56.6,64.1,90.0,0.0016666666666666668
134,206,79.7,116.3,90.0,0.0016666666666666668
134,210,53.9,64.1,90.0,0.0016666666666666668
134,212,67.1,64.1,90.0,0.0016666666666666668
134,213,44.9,64.1,90.0,0.0016666666666666668
134,214,45.2,64.1,90.0,0.0016666666666666668
134,215,45.5,64.1,90.0,0.0016666666666666668
134,222,54.2,64.1,90.0,0.0016666666666666668
134,223,54.5,64.1,90.0,0.0016666666666666668
134,224,54.8,64.1,90.0,0.0016666666666666668
134,225,77.3,64.82916869918746,58.66774850240584,0.00199406066327276
134,225,79.7,70.57083130081253,58.66774850240584,0.00199406066327276
134,226,24.799999999999997,64.1,90.0,0.0016666666666666668
134,227,25.1,64.1,90.0,0.0016666666666666668
134,228,25.4,64.1,90.0,0.0016666666666666668
136,155,46.82250064069713,133.7,77.2909670056043,0.0017857062584988146
136,164,36.2,144.8,90.0,0.0016666666666666668
136,179,81.2,133.7,90.0,0.0016666666666666668
136,190,46.4,133.7,90.0,0.0016666666666666668
136,199,45.8,133.7,90.0,0.0016666666666666668
136,200,46.1,133.7,90.0,0.0016666666666666668
136,210,53.9,133.7,90.0,0.0016666666666666668
136,212,44.6,133.7,90.0,0.0016666666666666668
136,213,44.9,133.7,90.0,0.0016666666666666668
136,214,45.2,133.7,90.0,0.0016666666666666668
136,215,45.5,133.7,90.0,0.0016666666666666668
136,222,54.2,133.7,90.0,0.0016666666666666668
136,223,54.5,133.7,90.0,0.0016666666666666668
136,224,54.8,133.7,90.0,0.0016666666666666668
137,155,46.900000000000006,133.4,73.73979529168798,0.0018452401020419631
137,164,35.9,144.8,90.0,0.0016666666666666668
137,179,81.2,133.4,90.0,0.0016666666666666668
137,190,46.4,133.4,90.0,0.0016666666666666668
137,199,45.8,133.4,90.0,0.0016666666666666668
137,200,46.1,133.4,90.0,0.0016666666666666668
137,210,53.9,133.4,90.0,0.0016666666666666668
137,212,44.6,133.4,90.0,0.0016666666666666668
137,213,44.9,133.4,90.0,0.0016666666666666668
137,214,45.2,133.4,90.0,0.0016666666666666668
137,215,45.5,133.4,90.0,0.0016666666666666668
137,222,54.2,133.4,90.0,0.0016666666666666668
137,223,54.5,133.4,90.0,0.0016666666666666668
137,224,54.8,133.4,90.0,0.0016666666666666668
138,155,46.99787282179651,133.1,70.12312592992095,0.0033035804591888336
138,164,35.6,144.8,90.0,0.0016666666666666668
138,179,81.2,133.1,90.0,0.0016666666666666668
138,190,46.4,133.1,90.0,0.0016666666666666668
138,199,45.8,133.1,90.0,0.0016666666666666668
138,200,46.1,133.1,90.0,0.0016666666666666668
138,210,53.9,133.1,90.0,0.0016666666666666668
138,212,44.6,133.1,90.0,0.0016666666666666668
138,213,44.9,133.1,90.0,0.0016666666666666668
138,214,45.2,133.1,90.0,0.0016666666666666668
138,215,45.5,133.1,90.0,0.0016666666666666668
138,222,54.2,133.1,90.0,0.0016666666666666668
138,223,54.5,133.1,90.0,0.0016666666666666668
138,224,54.8,133.1,90.0,0.0016666666666666668
139,155,47.11742430504416,132.8,66.42182152179818,0.002916680714293742
139,164,35.3,144.8,90.0,0.0016666666666666668
139,179,81.2,132.8,90.0,0.0016666666666666668
139,190,46.4,132.8,90.0,0.0016666666666666668
139,199,45.8,132.8,90.0,0.0016666666666666668
139,200,46.1,132.8,90.0,0.0016666666666666668
139,210,53.9,132.8,90.0,0.0016666666666666668
139,212,44.6,132.8,90.0,0.0016666666666666668
139,213,44.9,132.8,90.0,0.0016666666666666668
139,214,45.2,132.8,90.0,0.0016666666666666668
139,215,45.5,132.8,90.0,0.0016666666666666668
139,222,54.2,132.8,90.0,0.0016666666666666668
139,223,54.5,132.8,90.0,0.0016666666666666668
139,224,54.8,132.8,90.0,0.0016666666666666668
140,146,35.0,132.5,90.0,0.0016666666666666668
140,155,47.26040542391539,132.5,62.61289249734594,0.002113100255104908
140,164,27.2,144.8,90.0,0.0016666666666666668
140,179,81.2,132.5,90.0,0.0016666666666666668
140,190,46.4,132.5,90.0,0.0016666666666666668
140,199,45.8,132.5,90.0,0.0016666666666666668
140,200,46.1,132.5,90.0,0.0016666666666666668
140,210,53.9,132.5,90.0,0.0016666666666666668
140,212,44.6,132.5,90.0,0.0016666666666666668
140,213,44.9,132.5,90.0,0.0016666666666666668
140,214,45.2,132.5,90.0,0.0016666666666666668
140,215,45.5,132.5,90.0,0.0016666666666666668
140,222,54.2,132.5,90.0,0.0016666666666666668
140,223,54.5,132.5,90.0,0.0016666666666666668
140,224,54.8,132.5,90.0,0.0016666666666666668
141,146,35.0,132.2,90.0,0.0016666666666666668
141,155,47.42916869918749,132.2,58.66774850240543,0.00199406066327276
141,164,26.9,144.8,90.0,0.0016666666666666668
141,179,81.2,132.2,90.0,0.0016666666666666668
141,190,46.4,132.2,90.0,0.0016666666666666668
141,199,45.8,132.2,90.0,0.0016666666666666668
141,200,46.1,132.2,90.0,0.0016666666666666668
141,210,53.9,132.2,90.0,0.0016666666666666668
141,212,44.6,132.2,90.0,0.0016666666666666668
141,213,44.9,132.2,90.0,0.0016666666666666668
141,214,45.2,132.2,90.0,0.0016666666666666668
141,215,45.5,132.2,90.0,0.0016666666666666668
141,222,54.2,132.2,90.0,0.0016666666666666668
141,223,54.5,132.2,90.0,0.0016666666666666668
141,224,54.8,132.2,90.0,0.0016666666666666668
142,146,35.0,131.9,90.0,0.0016666666666666668
142,151,27.329168699187477,131.9,58.667748502405786,0.00199406066327276
142,152,26.860405423915367,131.9,62.61289249734632,0.002113100255104908
142,153,26.417424305044158,131.9,66.42182152179818,0.002916680714293742
142,154,25.9978728217965,131.9,70.1231259299213,0.0033035804591888336
142,155,47.62691762911675,131.9,54.549457360824505,0.002261892721081555
142,164,20.0,144.8,90.0,0.0016666666666666668
142,179,81.2,131.9,90.0,0.0016666666666666668
142,190,46.4,131.9,90.0,0.0016666666666666668
142,199,45.8,131.9,90.0,0.0016666666666666668
142,200,46.1,131.9,90.0,0.0016666666666666668
142,210,53.9,131.9,90.0,0.0016666666666666668
142,212,44.6,131.9,90.0,0.0016666666666666668
142,213,44.9,131.9,90.0,0.0016666666666666668
142,214,45.2,131.9,90.0,0.0016666666666666668
142,215,45.5,131.9,90.0,0.0016666666666666668
142,222,54.2,131.9,90.0,0.0016666666666666668
142,223,54.5,131.9,90.0,0.0016666666666666668
142,224,54.8,131.9,90.0,0.0016666666666666668
142,226,24.8,131.90400160128127,87.70755722404414,0.0018749929761864628
142,227,25.1,131.9,90.0,0.0016666666666666668
142,228,25.4,131.9,90.0,0.0016666666666666668
145,146,90.8,101.3,90.0,0.0016666666666666668
145,151,90.8,129.5,90.0,0.0016666666666666668
145,152,90.8,129.2,90.0,0.0016666666666666668
145,153,90.8,128.9,90.0,0.0016666666666666668
145,154,90.8,128.6,90.0,0.0016666666666666668
145,155,90.8,129.8,90.0,0.0016666666666666668
145,167,68.6,12.200000000000003,90.0,0.0016666666666666668
145,168,68.6,12.5,90.0,0.0016666666666666668
145,169,68.6,12.799999999999997,90.0,0.0016666666666666668
145,170,68.6,13.100000000000001,90.0,0.0016666666666666668
145,171,68.6,13.700000000000003,90.0,0.0016666666666666668
145,172,68.6,14.0,90.0,0.0016666666666666668
145,173,68.6,14.299999999999997,90.0,0.0016666666666666668
145,174,68.6,14.600000000000001,90.0,0.0016666666666666668
145,175,68.6,14.899999999999999,90.0,0.0016666666666666668
145,176,68.6,15.200000000000003,90.0,0.0016666666666666668
145,177,68.6,15.5,90.0,0.0016666666666666668
145,179,90.8,77.6,90.0,0.0016666666666666668
145,180,89.64187454245972,73.4,50.20818050044296,0.0038393007653147234
145,181,90.73558507170122,75.8,80.79310377865414,0.0018749929761864628
145,185,68.6,22.700000000000003,90.0,0.0016666666666666668
145,186,68.6,23.0,90.0,0.0016666666666666668
145,187,68.6,21.5,90.0,0.0016666666666666668
145,188,68.6,21.799999999999997,90.0,0.0016666666666666668
145,189,68.6,22.1,90.0,0.0016666666666666668
145,190,90.8,80.0,90.0,0.0016666666666666668
145,194,68.6,26.0,90.0,0.0016666666666666668
145,195,68.6,26.6,90.0,0.0016666666666666668
145,196,68.6,26.9,90.0,0.0016666666666666668
145,199,68.6,51.2,90.0,0.0016666666666666668
145,200,68.6,53.0,90.0,0.0016666666666666668
145,201,68.6,10.100000000000001,90.0,0.0016666666666666668
145,202,68.6,9.5,90.0,0.0016666666666666668
145,203,68.6,8.600000000000001,90.0,0.0016666666666666668
145,204,68.6,8.899999999999999,90.0,0.0016666666666666668
145,205,68.6,9.200000000000003,90.0,0.0016666666666666668
145,206,90.8,116.3,90.0,0.0016666666666666668
145,208,68.6,8.299999999999997,90.0,0.0016666666666666668
145,209,68.6,8.0,90.0,0.0016666666666666668
145,222,68.6,41.9,90.0,0.0016666666666666668
145,223,68.6,43.7,90.0,0.0016666666666666668
145,224,68.6,45.5,90.0,0.0016666666666666668
145,226,68.6,37.7,90.0,0.0016666666666666668
145,227,68.6,38.0,90.0,0.0016666666666666668
145,228,68.6,39.8,90.0,0.0016666666666666668
145,229,68.6,5.600000000000001,90.0,0.0016666666666666668
145,246,68.6,35.9,90.0,0.0016666666666666668
145,247,68.6,35.6,90.0,0.0016666666666666668
145,249,68.6,22.4,90.0,0.0016666666666666668
145,250,68.6,9.799999999999997,90.0,0.0016666666666666668
145,251,68.6,17.9,90.0,0.0016666666666666668
145,252,68.6,18.200000000000003,90.0,0.0016666666666666668
145,253,68.6,18.5,90.0,0.0016666666666666668
145,254,68.6,18.799999999999997,90.0,0.0016666666666666668
146,151,35.0,129.5,90.0,0.0016666666666666668
146,152,35.0,129.2,90.0,0.0016666666666666668
146,153,35.0,128.9,90.0,0.0016666666666666668
146,154,35.0,128.6,90.0,0.0016666666666666668
146,164,35.0,144.8,90.0,0.0016666666666666668
146,178,128.0,100.88257569495585,66.42182152179822,0.002916680714293742
146,179,81.2,101.3,90.0,0.0016666666666666668
146,190,46.400000000000006,101.3,90.0,0.0016666666666666668
146,199,45.8,101.3,90.0,0.0016666666666666668
146,200,46.099999999999994,101.3,90.0,0.0016666666666666668
146,206,56.599999999999994,101.3,90.0,0.0016666666666666668
146,210,53.900000000000006,101.3,90.0,0.0016666666666666668
146,212,44.599999999999994,101.3,90.0,0.0016666666666666668
146,213,44.900000000000006,101.3,90.0,0.0016666666666666668
146,214,45.2,101.3,90.0,0.0016666666666666668
146,215,45.5,101.3,90.0,0.0016666666666666668
146,222,54.2,101.3,90.0,0.0016666666666666668
146,223,54.5,101.3,90.0,0.0016666666666666668
146,224,54.8,101.3,90.0,0.0016666666666666668
146,225,91.1,101.3,90.0,0.0016666666666666668
146,246,116.3,101.3,90.0,0.0016666666666666668
146,247,116.6,101.3,90.0,0.0016666666666666668
151,164,26.6,144.8,90.0,0.0016666666666666668
151,179,81.2,129.5,90.0,0.0016666666666666668
151,190,46.4,129.5,90.0,0.0016666666666666668
151,199,45.8,129.5,90.0,0.0016666666666666668
151,200,46.1,129.5,90.0,0.0016666666666666668
151,210,53.9,129.5,90.0,0.0016666666666666668
151,212,44.6,129.5,90.0,0.0016666666666666668
151,213,44.9,129.5,90.0,0.0016666666666666668
151,214,45.2,129.5,90.0,0.0016666666666666668
151,215,45.5,129.5,90.0,0.0016666666666666668
151,222,54.2,129.5,90.0,0.0016666666666666668
151,223,54.5,129.5,90.0,0.0016666666666666668
151,224,54.8,129.5,90.0,0.0016666666666666668
151,225,91.1,129.5,90.0,0.0016666666666666668
152,164,26.3,144.8,90.0,0.0016666666666666668
152,179,81.2,129.2,90.0,0.0016666666666666668
152,190,46.4,129.2,90.0,0.0016666666666666668
152,199,45.8,129.2,90.0,0.0016666666666666668
152,200,46.1,129.2,90.0,0.0016666666666666668
152,210,53.9,129.2,90.0,0.0016666666666666668
152,212,44.6,129.2,90.0,0.0016666666666666668
152,213,44.9,129.2,90.0,0.0016666666666666668
152,214,45.2,129.2,90.0,0.0016666666666666668
152,215,45.5,129.2,90.0,0.0016666666666666668
152,222,54.2,129.2,90.0,0.0016666666666666668
152,223,54.5,129.2,90.0,0.0016666666666666668
152,224,54.8,129.2,90.0,0.0016666666666666668
152,225,91.1,129.2,90.0,0.0016666666666666668
153,164,26.0,144.8,90.0,0.0016666666666666668
153,179,81.2,128.9,90.0,0.0016666666666666668
153,190,46.4,128.9,90.0,0.0016666666666666668
153,199,45.8,128.9,90.0,0.0016666666666666668
153,200,46.1,128.9,90.0,0.0016666666666666668
153,210,53.9,128.9,90.0,0.0016666666666666668
153,212,44.6,128.9,90.0,0.0016666666666666668
153,213,44.9,128.9,90.0,0.0016666666666666668
153,214,45.2,128.9,90.0,0.0016666666666666668
153,215,45.5,128.9,90.0,0.0016666666666666668
153,222,54.2,128.9,90.0,0.0016666666666666668
153,223,54.5,128.9,90.0,0.0016666666666666668
153,224,54.8,128.9,90.0,0.0016666666666666668
153,225,91.1,128.9,90.0,0.0016666666666666668
154,164,25.7,144.8,90.0,0.0016666666666666668
154,179,81.2,128.6,90.0,0.0016666666666666668
154,190,46.4,128.6,90.0,0.0016666666666666668
154,199,45.8,128.6,90.0,0.0016666666666666668
154,200,46.1,128.6,90.0,0.0016666666666666668
154,210,53.9,128.6,90.0,0.0016666666666666668
154,212,44.6,128.6,90.0,0.0016666666666666668
154,213,44.9,128.6,90.0,0.0016666666666666668
154,214,45.2,128.6,90.0,0.0016666666666666668
154,215,45.5,128.6,90.0,0.0016666666666666668
154,222,54.2,128.6,90.0,0.0016666666666666668
154,223,54.5,128.6,90.0,0.0016666666666666668
154,224,54.8,128.6,90.0,0.0016666666666666668
154,225,91.1,128.6,90.0,0.0016666666666666668
155,179,81.2,129.8,90.0,0.0016666666666666668
155,210,53.9,129.8,90.0,0.0016666666666666668
155,222,54.2,129.8,90.0,0.0016666666666666668
155,223,54.5,129.8,90.0,0.0016666666666666668
155,224,54.8,129.8,90.0,0.0016666666666666668
155,225,91.1,129.8,90.0,0.0016666666666666668
164,226,24.8,144.8,90.0,0.0016666666666666668
164,227,25.1,144.8,90.0,0.0016666666666666668
164,228,25.4,144.8,90.0,0.0016666666666666668
167,182,87.2,12.195998398718718,87.70755722404408,0.0018749929761864628
167,183,69.5,12.2,90.0,0.0016666666666666668
167,184,69.2,12.2,90.0,0.0016666666666666668
167,191,91.94057139775292,7.968605401819294,87.58139988536806,0.0018749929761864628
167,192,86.9,12.2,90.0,0.0016666666666666668
167,193,86.6,12.2,90.0,0.0016666666666666668
167,197,68.9,12.2,90.0,0.0016666666666666668
167,198,86.3,12.2,90.0,0.0016666666666666668
167,199,84.8,12.2,90.0,0.0016666666666666668
167,200,85.1,12.2,90.0,0.0016666666666666668
167,201,61.426917629116744,10.1,54.549457360824555,0.002261892721081555
167,202,61.06040542391538,9.5,62.612892497346095,0.002113100255104908
167,203,60.7,8.6,73.73979529168803,0.0018452401020419631
167,204,60.7978728217965,8.9,70.12312592992116,0.0033035804591888336
167,205,60.917424305044165,9.2,66.42182152179815,0.002916680714293742
167,208,60.62250064069712,8.3,77.29096700560456,0.0017857062584988146
167,209,60.564414928298774,8.0,80.79310377865409,0.0018749929761864628
167,210,68.3,12.2,90.0,0.0016666666666666668
167,212,67.1,12.2,90.0,0.0016666666666666668
167,213,67.4,12.2,90.0,0.0016666666666666668
167,214,67.7,12.2,90.0,0.0016666666666666668
167,215,68.0,12.2,90.0,0.0016666666666666668
167,220,60.5,4.9749371855331,84.26082952273322,0.0018452401020419631
167,221,60.5,5.2959983987187185,87.70755722404408,0.0018749929761864628
167,222,75.8,12.2,90.0,0.0016666666666666668
167,223,76.1,12.2,90.0,0.0016666666666666668
167,224,76.4,12.2,90.0,0.0016666666666666668
167,225,77.3,12.2,90.0,0.0016666666666666668
167,226,74.9,12.2,90.0,0.0016666666666666668
167,227,75.2,12.2,90.0,0.0016666666666666668
167,228,75.5,12.2,90.0,0.0016666666666666668
167,229,60.5,5.6,90.0,0.0016666666666666668
167,250,61.229168699187476,9.8,58.66774850240573,0.00199406066327276
168,182,87.2,12.5,90.0,0.0016666666666666668
168,183,69.5,12.5,90.0,0.0016666666666666668
168,184,69.2,12.5,90.0,0.0016666666666666668
168,191,92.27544166242042,7.994954809908043,86.89304629709949,0.0018749929761864628
168,192,86.9,12.5,90.0,0.0016666666666666668
168,193,86.6,12.5,90.0,0.0016666666666666668
168,197,68.9,12.5,90.0,0.0016666666666666668
168,198,86.3,12.5,90.0,0.0016666666666666668
168,199,84.8,12.5,90.0,0.0016666666666666668
168,200,85.1,12.5,90.0,0.0016666666666666668
168,201,60.92916869918748,10.1,58.667748502405736,0.00199406066327276
168,202,60.61742430504417,9.5,66.42182152179815,0.002916680714293742
168,203,60.32250064069712,8.6,77.29096700560457,0.0017857062584988146
168,204,60.400000000000006,8.9,73.73979529168803,0.0018452401020419631
168,205,60.497872821796506,9.2,70.12312592992117,0.0033035804591888336
168,208,60.26441492829878,8.3,80.79310377865409,0.0018749929761864628
168,209,60.2250628144669,8.0,84.26082952273322,0.0018452401020419631
168,210,68.3,12.5,90.0,0.0016666666666666668
168,212,67.1,12.5,90.0,0.0016666666666666668
168,213,67.4,12.5,90.0,0.0016666666666666668
168,214,67.7,12.5,90.0,0.0016666666666666668
168,215,68.0,12.5,90.0,0.0016666666666666668
168,220,60.2,4.995998398718719,87.70755722404408,0.0018749929761864628
168,221,60.2,5.3,90.0,0.0016666666666666668
168,222,75.8,12.5,90.0,0.0016666666666666668
168,223,76.1,12.5,90.0,0.0016666666666666668
168,224,76.4,12.5,90.0,0.0016666666666666668
168,225,77.3,12.5,90.0,0.0016666666666666668
168,226,74.9,12.5,90.0,0.0016666666666666668
168,227,75.2,12.5,90.0,0.0016666666666666668
168,228,75.5,12.5,90.0,0.0016666666666666668
168,229,60.2,5.6,90.0,0.0016666666666666668
168,250,60.76040542391538,9.8,62.612892497346095,0.002113100255104908
169,182,87.2,12.8,90.0,0.0016666666666666668
169,183,69.5,12.8,90.0,0.0016666666666666668
169,184,69.2,12.8,90.0,0.0016666666666666668
169,191,92.5959983987187,8.0,87.70755722404412,0.0018749929761864628
169,192,86.9,12.8,90.0,0.0016666666666666668
169,193,86.6,12.8,90.0,0.0016666666666666668
169,197,68.9,12.8,90.0,0.0016666666666666668
169,198,86.3,12.8,90.0,0.0016666666666666668
169,199,84.8,12.8,90.0,0.0016666666666666668
169,200,85.1,12.8,90.0,0.0016666666666666668
169,201,60.46040542391538,10.1,62.6128924973461,0.002113100255104908
169,202,60.19787282179651,9.5,70.12312592992117,0.0033035804591888336
169,203,59.96441492829878,8.6,80.79310377865411,0.0018749929761864628
169,204,60.022500640697125,8.9,77.29096700560457,0.0017857062584988146
169,205,60.10000000000001,9.2,73.73979529168805,0.0018452401020419631
169,208,59.925062814466905,8.3,84.26082952273322,0.0018452401020419631
169,209,59.90400160128129,8.0,87.70755722404412,0.0018749929761864628
169,210,68.3,12.8,90.0,0.0016666666666666668
169,212,67.1,12.8,90.0,0.0016666666666666668
169,213,67.4,12.8,90.0,0.0016666666666666668
169,214,67.7,12.8,90.0,0.0016666666666666668
169,215,68.0,12.8,90.0,0.0016666666666666668
169,220,59.9,5.0,90.0,0.0016666666666666668
169,221,59.9,5.3,90.0,0.0016666666666666668
169,222,75.8,12.8,90.0,0.0016666666666666668
169,223,76.1,12.8,90.0,0.0016666666666666668
169,224,76.4,12.8,90.0,0.0016666666666666668
169,225,77.3,12.8,90.0,0.0016666666666666668
169,226,74.9,12.8,90.0,0.0016666666666666668
169,227,75.2,12.8,90.0,0.0016666666666666668
169,228,75.5,12.8,90.0,0.0016666666666666668
169,229,59.9,5.6,90.0,0.0016666666666666668
169,250,60.31742430504417,9.8,66.42182152179815,0.002916680714293742
170,182,87.2,13.1,90.0,0.0016666666666666668
170,183,69.5,13.1,90.0,0.0016666666666666668
170,184,69.2,13.1,90.0,0.0016666666666666668
170,191,92.9,8.0,90.0,0.0016666666666666668
170,192,86.9,13.1,90.0,0.0016666666666666668
170,193,86.6,13.1,90.0,0.0016666666666666668
170,197,68.9,13.1,90.0,0.0016666666666666668
170,198,86.3,13.1,90.0,0.0016666666666666668
170,199,84.8,13.1,90.0,0.0016666666666666668
170,200,85.1,13.1,90.0,0.0016666666666666668
170,201,60.01742430504416,10.1,66.42182152179815,0.002916680714293742
170,202,59.8,9.5,73.73979529168803,0.0018452401020419631
170,203,59.625062814466894,8.6,84.26082952273322,0.0018452401020419631
170,204,59.66441492829877,8.9,80.79310377865409,0.0018749929761864628
170,205,59.72250064069711,9.2,77.29096700560457,0.0017857062584988146
170,208,59.604001601281276,8.3,87.7075572240441,0.0018749929761864628
170,209,59.6,8.0,90.0,0.0016666666666666668
170,210,68.3,13.1,90.0,0.0016666666666666668
170,212,67.1,13.1,90.0,0.0016666666666666668
170,213,67.4,13.1,90.0,0.0016666666666666668
170,214,67.7,13.1,90.0,0.0016666666666666668
170,215,68.0,13.1,90.0,0.0016666666666666668
170,220,59.6,5.0,90.0,0.0016666666666666668
170,221,59.6,5.3,90.0,0.0016666666666666668
170,222,75.8,13.1,90.0,0.0016666666666666668
170,223,76.1,13.1,90.0,0.0016666666666666668
170,224,76.4,13.1,90.0,0.0016666666666666668
170,225,77.3,13.1,90.0,0.0016666666666666668
170,226,74.9,13.1,90.0,0.0016666666666666668
170,227,75.2,13.1,90.0,0.0016666666666666668
170,228,75.5,13.1,90.0,0.0016666666666666668
170,229,59.6,5.6,90.0,0.0016666666666666668
170,250,59.8978728217965,9.8,70.12312592992116,0.0033035804591888336
171,182,87.2,13.7,90.0,0.0016666666666666668
171,183,69.5,13.7,90.0,0.0016666666666666668
171,184,69.2,13.7,90.0,0.0016666666666666668
171,191,93.2,8.0,90.0,0.0016666666666666668
171,192,86.9,13.7,90.0,0.0016666666666666668
171,193,86.6,13.7,90.0,0.0016666666666666668
171,197,68.9,13.7,90.0,0.0016666666666666668
171,198,86.3,13.7,90.0,0.0016666666666666668
171,199,84.8,13.7,90.0,0.0016666666666666668
171,200,85.1,13.7,90.0,0.0016666666666666668
171,201,59.5,10.1,73.73979529168803,0.0018452401020419631
171,202,59.36441492829877,9.5,80.79310377865409,0.0018749929761864628
171,203,59.3,8.6,90.0,0.0016666666666666668
171,204,59.30400160128128,8.9,87.7075572240441,0.0018749929761864628
171,205,59.3250628144669,9.2,84.26082952273322,0.0018452401020419631
171,208,59.3,8.3,90.0,0.0016666666666666668
171,209,59.3,8.0,90.0,0.0016666666666666668
171,210,68.3,13.7,90.0,0.0016666666666666668
171,212,67.1,13.7,90.0,0.0016666666666666668
171,213,67.4,13.7,90.0,0.0016666666666666668
171,214,67.7,13.7,90.0,0.0016666666666666668
171,215,68.0,13.7,90.0,0.0016666666666666668
171,220,59.3,5.0,90.0,0.0016666666666666668
171,221,59.3,5.3,90.0,0.0016666666666666668
171,222,75.8,13.7,90.0,0.0016666666666666668
171,223,76.1,13.7,90.0,0.0016666666666666668
171,224,76.4,13.7,90.0,0.0016666666666666668
171,225,77.3,13.7,90.0,0.0016666666666666668
171,226,74.9,13.7,90.0,0.0016666666666666668
171,227,75.2,13.7,90.0,0.0016666666666666668
171,228,75.5,13.7,90.0,0.0016666666666666668
171,229,59.3,5.6,90.0,0.0016666666666666668
171,250,59.422500640697116,9.8,77.29096700560456,0.0017857062584988146
172,182,87.2,14.0,90.0,0.0016666666666666668
172,183,69.5,14.0,90.0,0.0016666666666666668
172,184,69.2,14.0,90.0,0.0016666666666666668
172,191,93.5,8.0,90.0,0.0016666666666666668
172,192,86.9,14.0,90.0,0.0016666666666666668
172,193,86.6,14.0,90.0,0.0016666666666666668
172,197,68.9,14.0,90.0,0.0016666666666666668
172,198,86.3,14.0,90.0,0.0016666666666666668
172,199,84.8,14.0,90.0,0.0016666666666666668
172,200,85.1,14.0,90.0,0.0016666666666666668
172,201,59.12250064069712,10.1,77.29096700560457,0.0017857062584988146
172,202,59.0250628144669,9.5,84.26082952273322,0.0018452401020419631
172,203,59.0,8.6,90.0,0.0016666666666666668
172,204,59.0,8.9,90.0,0.0016666666666666668
172,205,59.00400160128128,9.2,87.70755722404412,0.0018749929761864628
172,208,59.0,8.3,90.0,0.0016666666666666668
172,209,59.0,8.0,90.0,0.0016666666666666668
172,210,68.3,14.0,90.0,0.0016666666666666668
172,212,67.1,14.0,90.0,0.0016666666666666668
172,213,67.4,14.0,90.0,0.0016666666666666668
172,214,67.7,14.0,90.0,0.0016666666666666668
172,215,68.0,14.0,90.0,0.0016666666666666668
172,220,59.0,5.0,90.0,0.0016666666666666668
172,221,59.0,5.3,90.0,0.0016666666666666668
172,222,75.8,14.0,90.0,0.0016666666666666668
172,223,76.1,14.0,90.0,0.0016666666666666668
172,224,76.4,14.0,90.0,0.0016666666666666668
172,225,77.3,14.0,90.0,0.0016666666666666668
172,226,74.9,14.0,90.0,0.0016666666666666668
172,227,75.2,14.0,90.0,0.0016666666666666668
172,228,75.5,14.0,90.0,0.0016666666666666668
172,229,59.0,5.6,90.0,0.0016666666666666668
172,250,59.064414928298774,9.8,80.79310377865409,0.0018749929761864628
173,182,87.2,14.3,90.0,0.0016666666666666668
173,183,69.5,14.3,90.0,0.0016666666666666668
173,184,69.2,14.3,90.0,0.0016666666666666668
173,191,93.8,8.0,90.0,0.0016666666666666668
173,192,86.9,14.3,90.0,0.0016666666666666668
173,193,86.6,14.3,90.0,0.0016666666666666668
173,197,68.9,14.3,90.0,0.0016666666666666668
173,198,86.3,14.3,90.0,0.0016666666666666668
173,199,84.8,14.3,90.0,0.0016666666666666668
173,200,85.1,14.3,90.0,0.0016666666666666668
173,201,58.76441492829878,10.1,80.79310377865411,0.0018749929761864628
173,202,58.704001601281284,9.5,87.70755722404412,0.0018749929761864628
173,203,58.7,8.6,90.0,0.0016666666666666668
173,204,58.7,8.9,90.0,0.0016666666666666668
173,205,58.7,9.2,90.0,0.0016666666666666668
173,208,58.7,8.3,90.0,0.0016666666666666668
173,209,58.7,8.0,90.0,0.0016666666666666668
173,210,68.3,14.3,90.0,0.0016666666666666668
173,212,67.1,14.3,90.0,0.0016666666666666668
173,213,67.4,14.3,90.0,0.0016666666666666668
173,214,67.7,14.3,90.0,0.0016666666666666668
173,215,68.0,14.3,90.0,0.0016666666666666668
173,220,58.7,5.0,90.0,0.0016666666666666668
173,221,58.7,5.3,90.0,0.0016666666666666668
173,222,75.8,14.3,90.0,0.0016666666666666668
173,223,76.1,14.3,90.0,0.0016666666666666668
173,224,76.4,14.3,90.0,0.0016666666666666668
173,225,77.3,14.3,90.0,0.0016666666666666668
173,226,74.9,14.3,90.0,0.0016666666666666668
173,227,75.2,14.3,90.0,0.0016666666666666668
173,228,75.5,14.3,90.0,0.0016666666666666668
173,229,58.7,5.6,90.0,0.0016666666666666668
173,250,58.7250628144669,9.8,84.26082952273322,0.0018452401020419631
174,182,87.2,14.6,90.0,0.0016666666666666668
174,183,69.5,14.6,90.0,0.0016666666666666668
174,184,69.2,14.6,90.0,0.0016666666666666668
174,191,94.1,8.0,90.0,0.0016666666666666668
174,192,86.9,14.6,90.0,0.0016666666666666668
174,193,86.6,14.6,90.0,0.0016666666666666668
174,197,68.9,14.6,90.0,0.0016666666666666668
174,198,86.3,14.6,90.0,0.0016666666666666668
174,199,84.8,14.6,90.0,0.0016666666666666668
174,200,85.1,14.6,90.0,0.0016666666666666668
174,201,58.4250628144669,10.1,84.26082952273322,0.0018452401020419631
174,202,58.4,9.5,90.0,0.0016666666666666668
174,203,58.4,8.6,90.0,0.0016666666666666668
174,204,58.4,8.9,90.0,0.0016666666666666668
174,205,58.4,9.2,90.0,0.0016666666666666668
174,208,58.4,8.3,90.0,0.0016666666666666668
174,209,58.4,8.0,90.0,0.0016666666666666668
174,210,68.3,14.6,90.0,0.0016666666666666668
174,212,67.1,14.6,90.0,0.0016666666666666668
174,213,67.4,14.6,90.0,0.0016666666666666668
174,214,67.7,14.6,90.0,0.0016666666666666668
174,215,68.0,14.6,90.0,0.0016666666666666668
174,220,58.4,5.0,90.0,0.0016666666666666668
174,221,58.4,5.3,90.0,0.0016666666666666668
174,222,75.8,14.6,90.0,0.0016666666666666668
174,223,76.1,14.6,90.0,0.0016666666666666668
174,224,76.4,14.6,90.0,0.0016666666666666668
174,225,77.3,14.6,90.0,0.0016666666666666668
174,226,74.9,14.6,90.0,0.0016666666666666668
174,227,75.2,14.6,90.0,0.0016666666666666668
174,228,75.5,14.6,90.0,0.0016666666666666668
174,229,58.4,5.6,90.0,0.0016666666666666668
174,250,58.40400160128128,9.8,87.7075572240441,0.0018749929761864628
175,182,87.2,14.9,90.0,0.0016666666666666668
175,183,69.5,14.9,90.0,0.0016666666666666668
175,184,69.2,14.9,90.0,0.0016666666666666668
175,191,94.4,8.0,90.0,0.0016666666666666668
175,192,86.9,14.9,90.0,0.0016666666666666668
175,193,86.6,14.9,90.0,0.0016666666666666668
175,197,68.9,14.9,90.0,0.0016666666666666668
175,198,86.3,14.9,90.0,0.0016666666666666668
175,199,84.8,14.9,90.0,0.0016666666666666668
175,200,85.1,14.9,90.0,0.0016666666666666668
175,201,58.10400160128128,10.1,87.70755722404412,0.0018749929761864628
175,202,58.1,9.5,90.0,0.0016666666666666668
175,203,58.1,8.6,90.0,0.0016666666666666668
175,204,58.1,8.9,90.0,0.0016666666666666668
175,205,58.1,9.2,90.0,0.0016666666666666668
175,208,58.1,8.3,90.0,0.0016666666666666668
175,209,58.1,8.0,90.0,0.0016666666666666668
175,210,68.3,14.9,90.0,0.0016666666666666668
175,212,67.1,14.9,90.0,0.0016666666666666668
175,213,67.4,14.9,90.0,0.0016666666666666668
175,214,67.7,14.9,90.0,0.0016666666666666668
175,215,68.0,14.9,90.0,0.0016666666666666668
175,220,58.1,5.0,90.0,0.0016666666666666668
175,221,58.1,5.3,90.0,0.0016666666666666668
175,222,75.8,14.9,90.0,0.0016666666666666668
175,223,76.1,14.9,90.0,0.0016666666666666668
175,224,76.4,14.9,90.0,0.0016666666666666668
175,225,77.3,14.9,90.0,0.0016666666666666668
175,226,74.9,14.9,90.0,0.0016666666666666668
175,227,75.2,14.9,90.0,0.0016666666666666668
175,228,75.5,14.9,90.0,0.0016666666666666668
175,229,58.1,5.6,90.0,0.0016666666666666668
175,250,58.1,9.8,90.0,0.0016666666666666668
176,182,87.2,15.2,90.0,0.0016666666666666668
176,183,69.5,15.2,90.0,0.0016666666666666668
176,184,69.2,15.2,90.0,0.0016666666666666668
176,191,94.7,8.0,90.0,0.0016666666666666668
176,192,86.9,15.2,90.0,0.0016666666666666668
176,193,86.6,15.2,90.0,0.0016666666666666668
176,197,68.9,15.2,90.0,0.0016666666666666668
176,198,86.3,15.2,90.0,0.0016666666666666668
176,199,84.8,15.2,90.0,0.0016666666666666668
176,200,85.1,15.2,90.0,0.0016666666666666668
176,201,57.8,10.1,90.0,0.0016666666666666668
176,202,57.8,9.5,90.0,0.0016666666666666668
176,203,57.8,8.6,90.0,0.0016666666666666668
176,204,57.8,8.9,90.0,0.0016666666666666668
176,205,57.8,9.2,90.0,0.0016666666666666668
176,208,57.8,8.3,90.0,0.0016666666666666668
176,209,57.8,8.0,90.0,0.0016666666666666668
176,210,68.3,15.2,90.0,0.0016666666666666668
176,212,67.1,15.2,90.0,0.0016666666666666668
176,213,67.4,15.2,90.0,0.0016666666666666668
176,214,67.7,15.2,90.0,0.0016666666666666668
176,215,68.0,15.2,90.0,0.0016666666666666668
176,220,57.8,5.0,90.0,0.0016666666666666668
176,221,57.8,5.3,90.0,0.0016666666666666668
176,222,75.8,15.2,90.0,0.0016666666666666668
176,223,76.1,15.2,90.0,0.0016666666666666668
176,224,76.4,15.2,90.0,0.0016666666666666668
176,225,77.3,15.2,90.0,0.0016666666666666668
176,226,74.9,15.2,90.0,0.0016666666666666668
176,227,75.2,15.2,90.0,0.0016666666666666668
176,228,75.5,15.2,90.0,0.0016666666666666668
176,229,57.8,5.6,90.0,0.0016666666666666668
176,250,57.8,9.8,90.0,0.0016666666666666668
177,182,87.2,15.5,90.0,0.0016666666666666668
177,183,69.5,15.5,90.0,0.0016666666666666668
177,184,69.2,15.5,90.0,0.0016666666666666668
177,187,32.3,15.5,90.0,0.0016666666666666668
177,188,32.0,15.5,90.0,0.0016666666666666668
177,189,31.700000000000003,15.5,90.0,0.0016666666666666668
177,191,95.0,8.0,90.0,0.0016666666666666668
177,192,86.9,15.5,90.0,0.0016666666666666668
177,193,86.6,15.5,90.0,0.0016666666666666668
177,194,57.5,15.5,90.0,0.0016666666666666668
177,195,57.2,15.5,90.0,0.0016666666666666668
177,196,56.9,15.5,90.0,0.0016666666666666668
177,197,68.9,15.5,90.0,0.0016666666666666668
177,198,86.3,15.5,90.0,0.0016666666666666668
177,199,84.8,15.5,90.0,0.0016666666666666668
177,200,85.1,15.5,90.0,0.0016666666666666668
177,206,56.6,15.5,90.0,0.0016666666666666668
177,210,68.3,15.5,90.0,0.0016666666666666668
177,212,67.1,15.5,90.0,0.0016666666666666668
177,213,67.4,15.5,90.0,0.0016666666666666668
177,214,67.7,15.5,90.0,0.0016666666666666668
177,215,68.0,15.5,90.0,0.0016666666666666668
177,222,75.8,15.5,90.0,0.0016666666666666668
177,223,76.1,15.5,90.0,0.0016666666666666668
177,224,76.4,15.5,90.0,0.0016666666666666668
177,225,77.3,15.5,90.0,0.0016666666666666668
177,226,74.9,15.5,90.0,0.0016666666666666668
177,227,75.2,15.5,90.0,0.0016666666666666668
177,228,75.5,15.5,90.0,0.0016666666666666668
177,246,30.799999999999997,15.5,90.0,0.0016666666666666668
177,247,31.1,15.5,90.0,0.0016666666666666668
177,249,31.4,15.5,90.0,0.0016666666666666668
177,251,42.32916869918748,15.5,58.66774850240573,0.00199406066327276
177,252,41.860405423915374,15.5,62.612892497346095,0.002113100255104908
177,253,41.41742430504416,15.5,66.42182152179818,0.002916680714293742
177,254,40.997872821796506,15.5,70.12312592992117,0.0033035804591888336
178,190,121.1,48.2,90.0,0.0016666666666666668
178,191,114.5,7.974937185533101,84.26082952273322,0.0018452401020419631
178,192,114.5,25.09599839871872,87.70755722404408,0.0018749929761864628
178,193,114.5,25.4,90.0,0.0016666666666666668
178,194,114.5,26.0,90.0,0.0016666666666666668
178,195,114.5,26.6,90.0,0.0016666666666666668
178,196,114.5,26.9,90.0,0.0016666666666666668
178,197,114.5,25.7,90.0,0.0016666666666666668
178,198,114.5,28.7,90.0,0.0016666666666666668
178,246,114.5,37.05812545754029,50.20818050044273,0.0038393007653147234
178,246,116.3,47.04187454245971,50.20818050044273,0.0038393007653147234
178,247,114.5,36.526917629116745,54.549457360824505,0.002261892721081555
178,247,116.6,47.27308237088326,54.549457360824505,0.002261892721081555
179,190,81.92916869918747,80.0,58.66774850240584,0.00199406066327276
179,191,113.3,8.0,90.0,0.0016666666666666668
179,192,113.3,25.1,90.0,0.0016666666666666668
179,193,113.3,25.4,90.0,0.0016666666666666668
179,194,113.3,26.0,90.0,0.0016666666666666668
179,195,113.3,26.6,90.0,0.0016666666666666668
179,196,113.3,26.9,90.0,0.0016666666666666668
179,197,113.3,25.7,90.0,0.0016666666666666668
179,198,113.3,28.7,90.0,0.0016666666666666668
179,206,81.2,116.3,90.0,0.0016666666666666668
179,225,91.1,77.6,90.0,0.0016666666666666668
179,246,113.3,36.317424305044156,66.42182152179818,0.002916680714293742
179,247,113.3,35.897872821796504,70.12312592992113,0.0033035804591888336
180,191,112.7,8.0,90.0,0.0016666666666666668
180,192,112.7,25.1,90.0,0.0016666666666666668
180,193,112.7,25.4,90.0,0.0016666666666666668
180,194,112.7,26.0,90.0,0.0016666666666666668
180,195,112.7,26.6,90.0,0.0016666666666666668
180,196,112.7,26.9,90.0,0.0016666666666666668
180,197,112.7,25.7,90.0,0.0016666666666666668
180,198,112.7,28.7,90.0,0.0016666666666666668
180,199,45.8,73.4,90.0,0.0016666666666666668
180,200,46.1,73.4,90.0,0.0016666666666666668
180,206,56.6,73.4,90.0,0.0016666666666666668
180,210,53.9,73.4,90.0,0.0016666666666666668
180,212,46.35038463814561,73.4,40.53580211131662,0.005833333333333334
180,213,44.9,73.4,90.0,0.0016666666666666668
180,214,45.2,73.4,90.0,0.0016666666666666668
180,215,45.5,73.4,90.0,0.0016666666666666668
180,222,54.2,73.4,90.0,0.0016666666666666668
180,223,54.5,73.4,90.0,0.0016666666666666668
180,224,54.8,73.4,90.0,0.0016666666666666668
180,225,90.17308237088326,73.4,54.54945736082474,0.002261892721081555
180,226,24.799999999999997,73.4,90.0,0.0016666666666666668
180,227,25.10000000000001,73.4,90.0,0.0016666666666666668
180,228,25.39999999999999,73.4,90.0,0.0016666666666666668
180,246,112.7,36.1,73.73979529168798,0.0018452401020419631
180,247,112.7,35.72250064069712,77.29096700560447,0.0017857062584988146
181,191,113.0,8.0,90.0,0.0016666666666666668
181,192,113.0,25.1,90.0,0.0016666666666666668
181,193,113.0,25.4,90.0,0.0016666666666666668
181,194,113.0,26.0,90.0,0.0016666666666666668
181,195,113.0,26.6,90.0,0.0016666666666666668
181,196,113.0,26.9,90.0,0.0016666666666666668
181,197,113.0,25.7,90.0,0.0016666666666666668
181,198,113.0,28.7,90.0,0.0016666666666666668
181,199,45.8,75.8,90.0,0.0016666666666666668
181,200,46.1,75.8,90.0,0.0016666666666666668
181,206,56.6,75.8,90.0,0.0016666666666666668
181,210,53.9,75.8,90.0,0.0016666666666666668
181,212,44.800000000000004,75.8,73.73979529168798,0.0018452401020419631
181,213,44.9,75.8,90.0,0.0016666666666666668
181,214,45.2,75.8,90.0,0.0016666666666666668
181,215,45.5,75.8,90.0,0.0016666666666666668
181,222,54.2,75.8,90.0,0.0016666666666666668
181,223,54.5,75.8,90.0,0.0016666666666666668
181,224,54.8,75.8,90.0,0.0016666666666666668
181,225,91.07493718553309,75.8,84.2608295227332,0.0018452401020419631
181,226,24.799999999999997,75.8,90.0,0.0016666666666666668
181,227,25.099999999999994,75.8,90.0,0.0016666666666666668
181,228,25.400000000000006,75.8,90.0,0.0016666666666666668
181,246,113.0,36.1978728217965,70.12312592992113,0.0033035804591888336
181,247,113.0,35.800000000000004,73.73979529168798,0.0018452401020419631
182,191,110.0,8.0,90.0,0.0016666666666666668
182,251,87.76040542391539,17.9,62.612892497346095,0.002113100255104908
182,252,87.92916869918747,18.2,58.6677485024058,0.00199406066327276
182,253,88.12691762911675,18.5,54.549457360824576,0.002261892721081555
182,254,88.3581254575403,18.8,50.20818050044275,0.0038393007653147234
183,191,110.3,8.0,90.0,0.0016666666666666668
183,192,86.96441492829878,20.9,80.79310377865414,0.0018749929761864628
183,193,86.6250628144669,20.9,84.2608295227332,0.0018452401020419631
183,198,86.3,20.9,90.0,0.0016666666666666668
183,199,84.8,20.9,90.0,0.0016666666666666668
183,200,85.1,20.9,90.0,0.0016666666666666668
183,201,69.5,10.1,90.0,0.0016666666666666668
183,202,69.5,9.5,90.0,0.0016666666666666668
183,203,69.5,8.6,90.0,0.0016666666666666668
183,204,69.5,8.9,90.0,0.0016666666666666668
183,205,69.5,9.2,90.0,0.0016666666666666668
183,208,69.5,8.3,90.0,0.0016666666666666668
183,209,69.5,7.995998398718719,87.70755722404408,0.0018749929761864628
183,222,75.8,20.9,90.0,0.0016666666666666668
183,223,76.1,20.9,90.0,0.0016666666666666668
183,224,76.4,20.9,90.0,0.0016666666666666668
183,225,77.3,20.9,90.0,0.0016666666666666668
183,226,74.9,20.9,90.0,0.0016666666666666668
183,227,75.2,20.9,90.0,0.0016666666666666668
183,228,75.5,20.9,90.0,0.0016666666666666668
183,229,69.5,5.5749371855330985,84.26082952273322,0.0018452401020419631
183,250,69.5,9.8,90.0,0.0016666666666666668
183,251,69.91742430504416,17.9,66.42182152179815,0.002916680714293742
183,252,70.06040542391537,18.2,62.61289249734613,0.002113100255104908
183,253,70.22916869918748,18.5,58.667748502405686,0.00199406066327276
183,254,70.42691762911674,18.8,54.54945736082454,0.002261892721081555
184,191,110.6,8.0,90.0,0.0016666666666666668
184,192,87.02250064069713,21.2,77.29096700560457,0.0017857062584988146
184,193,86.66441492829877,21.2,80.79310377865409,0.0018749929761864628
184,198,86.3,21.2,90.0,0.0016666666666666668
184,199,84.8,21.2,90.0,0.0016666666666666668
184,200,85.1,21.2,90.0,0.0016666666666666668
184,201,69.2,10.1,90.0,0.0016666666666666668
184,202,69.2,9.5,90.0,0.0016666666666666668
184,203,69.2,8.6,90.0,0.0016666666666666668
184,204,69.2,8.9,90.0,0.0016666666666666668
184,205,69.2,9.2,90.0,0.0016666666666666668
184,208,69.2,8.3,90.0,0.0016666666666666668
184,209,69.2,8.0,90.0,0.0016666666666666668
184,222,75.8,21.2,90.0,0.0016666666666666668
184,223,76.1,21.2,90.0,0.0016666666666666668
184,224,76.4,21.2,90.0,0.0016666666666666668
184,225,77.3,21.2,90.0,0.0016666666666666668
184,226,74.9,21.2,90.0,0.0016666666666666668
184,227,75.2,21.2,90.0,0.0016666666666666668
184,228,75.5,21.2,90.0,0.0016666666666666668
184,229,69.2,5.595998398718718,87.70755722404408,0.0018749929761864628
184,250,69.2,9.8,90.0,0.0016666666666666668
184,251,69.4978728217965,17.9,70.12312592992117,0.0033035804591888336
184,252,69.61742430504417,18.2,66.42182152179815,0.002916680714293742
184,253,69.76040542391539,18.5,62.61289249734605,0.002113100255104908
184,254,69.92916869918747,18.8,58.667748502405765,0.00199406066327276
185,191,112.1,8.0,90.0,0.0016666666666666668
185,192,87.62916869918749,22.7,58.667748502405715,0.00199406066327276
185,193,87.16040542391536,22.7,62.61289249734613,0.002113100255104908
185,194,57.7978728217965,22.7,70.12312592992117,0.0033035804591888336
185,195,57.32250064069712,22.7,77.29096700560459,0.0017857062584988146
185,196,56.96441492829877,22.7,80.79310377865409,0.0018749929761864628
185,197,69.31742430504417,22.7,66.42182152179815,0.002916680714293742
185,198,86.3,22.7,90.0,0.0016666666666666668
185,199,84.8,22.7,90.0,0.0016666666666666668
185,200,85.1,22.7,90.0,0.0016666666666666668
185,206,56.6,22.7,90.0,0.0016666666666666668
185,210,68.3,22.7,90.0,0.0016666666666666668
185,212,67.1,22.7,90.0,0.0016666666666666668
185,213,67.4,22.7,90.0,0.0016666666666666668
185,214,67.7,22.7,90.0,0.0016666666666666668
185,215,68.0,22.7,90.0,0.0016666666666666668
185,222,75.8,22.7,90.0,0.0016666666666666668
185,223,76.1,22.7,90.0,0.0016666666666666668
185,224,76.4,22.7,90.0,0.0016666666666666668
185,225,77.3,22.7,90.0,0.0016666666666666668
185,226,74.9,22.7,90.0,0.0016666666666666668
185,227,75.2,22.7,90.0,0.0016666666666666668
185,228,75.5,22.7,90.0,0.0016666666666666668
185,246,30.799999999999997,22.7,90.0,0.0016666666666666668
185,247,31.099999999999994,22.7,90.0,0.0016666666666666668
186,191,112.4,8.0,90.0,0.0016666666666666668
186,192,87.82691762911674,23.0,54.54945736082467,0.002261892721081555
186,193,87.32916869918748,23.0,58.667748502405686,0.00199406066327276
186,194,57.91742430504416,23.0,66.42182152179818,0.002916680714293742
186,195,57.400000000000006,23.0,73.73979529168805,0.0018452401020419631
186,196,57.02250064069712,23.0,77.29096700560456,0.0017857062584988146
186,197,69.46040542391538,23.0,62.61289249734613,0.002113100255104908
186,198,86.3,23.0,90.0,0.0016666666666666668
186,199,84.8,23.0,90.0,0.0016666666666666668
186,200,85.1,23.0,90.0,0.0016666666666666668
186,206,56.6,23.0,90.0,0.0016666666666666668
186,210,68.3,23.0,90.0,0.0016666666666666668
186,212,67.1,23.0,90.0,0.0016666666666666668
186,213,67.4,23.0,90.0,0.0016666666666666668
186,214,67.7,23.0,90.0,0.0016666666666666668
186,215,68.0,23.0,90.0,0.0016666666666666668
186,222,75.8,23.0,90.0,0.0016666666666666668
186,223,76.1,23.0,90.0,0.0016666666666666668
186,224,76.4,23.0,90.0,0.0016666666666666668
186,225,77.3,23.0,90.0,0.0016666666666666668
186,226,74.9,23.0,90.0,0.0016666666666666668
186,227,75.2,23.0,90.0,0.0016666666666666668
186,228,75.5,23.0,90.0,0.0016666666666666668
186,246,30.799999999999997,23.0,90.0,0.0016666666666666668
186,247,31.099999999999994,23.0,90.0,0.0016666666666666668
187,191,110.9,8.0,90.0,0.0016666666666666668
187,192,87.10000000000001,21.5,73.73979529168805,0.0018452401020419631
187,193,86.72250064069712,21.5,77.29096700560454,0.0017857062584988146
187,194,57.5250628144669,21.5,84.26082952273322,0.0018452401020419631
187,195,57.2,21.5,90.0,0.0016666666666666668
187,196,56.9,21.5,90.0,0.0016666666666666668
187,197,68.96441492829878,21.5,80.79310377865409,0.0018749929761864628
187,198,86.3,21.5,90.0,0.0016666666666666668
187,199,84.8,21.5,90.0,0.0016666666666666668
187,200,85.1,21.5,90.0,0.0016666666666666668
187,201,32.3,10.1,90.0,0.0016666666666666668
187,206,56.6,21.5,90.0,0.0016666666666666668
187,210,68.3,21.5,90.0,0.0016666666666666668
187,212,67.1,21.5,90.0,0.0016666666666666668
187,213,67.4,21.5,90.0,0.0016666666666666668
187,214,67.7,21.5,90.0,0.0016666666666666668
187,215,68.0,21.5,90.0,0.0016666666666666668
187,222,75.8,21.5,90.0,0.0016666666666666668
187,223,76.1,21.5,90.0,0.0016666666666666668
187,224,76.4,21.5,90.0,0.0016666666666666668
187,225,77.3,21.5,90.0,0.0016666666666666668
187,226,74.9,21.5,90.0,0.0016666666666666668
187,227,75.2,21.5,90.0,0.0016666666666666668
187,228,75.5,21.5,90.0,0.0016666666666666668
187,229,32.3,5.6,90.0,0.0016666666666666668
188,191,111.2,8.0,90.0,0.0016666666666666668
188,192,87.19787282179651,21.8,70.12312592992117,0.0033035804591888336
188,193,86.8,21.8,73.73979529168801,0.0018452401020419631
188,194,57.564414928298774,21.8,80.79310377865409,0.0018749929761864628
188,195,57.204001601281284,21.8,87.70755722404412,0.0018749929761864628
188,196,56.9,21.8,90.0,0.0016666666666666668
188,197,69.02250064069713,21.8,77.29096700560454,0.0017857062584988146
188,198,86.3,21.8,90.0,0.0016666666666666668
188,199,84.8,21.8,90.0,0.0016666666666666668
188,200,85.1,21.8,90.0,0.0016666666666666668
188,201,32.0,10.1,90.0,0.0016666666666666668
188,206,56.6,21.8,90.0,0.0016666666666666668
188,210,68.3,21.8,90.0,0.0016666666666666668
188,212,67.1,21.8,90.0,0.0016666666666666668
188,213,67.4,21.8,90.0,0.0016666666666666668
188,214,67.7,21.8,90.0,0.0016666666666666668
188,215,68.0,21.8,90.0,0.0016666666666666668
188,222,75.8,21.8,90.0,0.0016666666666666668
188,223,76.1,21.8,90.0,0.0016666666666666668
188,224,76.4,21.8,90.0,0.0016666666666666668
188,225,77.3,21.8,90.0,0.0016666666666666668
188,226,74.9,21.8,90.0,0.0016666666666666668
188,227,75.2,21.8,90.0,0.0016666666666666668
188,228,75.5,21.8,90.0,0.0016666666666666668
188,229,32.0,5.6,90.0,0.0016666666666666668
189,191,111.5,8.0,90.0,0.0016666666666666668
189,192,87.31742430504417,22.1,66.42182152179815,0.002916680714293742
189,193,86.8978728217965,22.1,70.12312592992113,0.0033035804591888336
189,194,57.62250064069712,22.1,77.29096700560456,0.0017857062584988146
189,195,57.2250628144669,22.1,84.26082952273322,0.0018452401020419631
189,196,56.90400160128128,22.1,87.70755722404408,0.0018749929761864628
189,197,69.10000000000001,22.1,73.73979529168801,0.0018452401020419631
189,198,86.3,22.1,90.0,0.0016666666666666668
189,199,84.8,22.1,90.0,0.0016666666666666668
189,200,85.1,22.1,90.0,0.0016666666666666668
189,201,31.7,10.1,90.0,0.0016666666666666668
189,206,56.6,22.1,90.0,0.0016666666666666668
189,210,68.3,22.1,90.0,0.0016666666666666668
189,212,67.1,22.1,90.0,0.0016666666666666668
189,213,67.4,22.1,90.0,0.0016666666666666668
189,214,67.7,22.1,90.0,0.0016666666666666668
189,215,68.0,22.1,90.0,0.0016666666666666668
189,222,75.8,22.1,90.0,0.0016666666666666668
189,223,76.1,22.1,90.0,0.0016666666666666668
189,224,76.4,22.1,90.0,0.0016666666666666668
189,225,77.3,22.1,90.0,0.0016666666666666668
189,226,74.9,22.1,90.0,0.0016666666666666668
189,227,75.2,22.1,90.0,0.0016666666666666668
189,228,75.5,22.1,90.0,0.0016666666666666668
189,229,31.7,5.6,90.0,0.0016666666666666668
190,198,121.1,28.7,90.0,0.0016666666666666668
190,206,56.6,80.0,90.0,0.0016666666666666668
190,210,53.9,80.0,90.0,0.0016666666666666668
190,222,54.2,80.0,90.0,0.0016666666666666668
190,223,54.5,80.0,90.0,0.0016666666666666668
190,224,54.8,80.0,90.0,0.0016666666666666668
190,225,91.1,80.0,90.0,0.0016666666666666668
190,246,116.3,79.99599839871871,87.70755722404408,0.0018749929761864628
190,247,116.6,79.9749371855331,84.2608295227332,0.0018452401020419631
191,249,111.8,8.0,90.0,0.0016666666666666668
191,251,101.6,8.0,90.0,0.0016666666666666668
191,252,101.9,8.0,90.0,0.0016666666666666668
191,253,102.2,8.0,90.0,0.0016666666666666668
191,254,102.5,8.0,90.0,0.0016666666666666668
192,249,87.46040542391538,22.4,62.61289249734616,0.002113100255104908
192,251,86.9,17.9,90.0,0.0016666666666666668
192,252,86.9,18.2,90.0,0.0016666666666666668
192,253,86.9,18.5,90.0,0.0016666666666666668
192,254,86.9,18.8,90.0,0.0016666666666666668
193,249,87.01742430504416,22.4,66.42182152179815,0.002916680714293742
193,251,86.6,17.9,90.0,0.0016666666666666668
193,252,86.6,18.2,90.0,0.0016666666666666668
193,253,86.6,18.5,90.0,0.0016666666666666668
193,254,86.6,18.8,90.0,0.0016666666666666668
194,198,86.86040542391538,26.0,62.61289249734605,0.002113100255104908
194,199,84.8,26.0,90.0,0.0016666666666666668
194,200,85.1,26.0,90.0,0.0016666666666666668
194,201,57.5,10.1,90.0,0.0016666666666666668
194,202,57.5,9.5,90.0,0.0016666666666666668
194,203,57.5,8.6,90.0,0.0016666666666666668
194,204,57.5,8.9,90.0,0.0016666666666666668
194,205,57.5,9.2,90.0,0.0016666666666666668
194,208,57.5,8.3,90.0,0.0016666666666666668
194,209,57.5,8.0,90.0,0.0016666666666666668
194,210,68.3,26.0,90.0,0.0016666666666666668
194,212,67.1,26.0,90.0,0.0016666666666666668
194,213,67.4,26.0,90.0,0.0016666666666666668
194,214,67.7,26.0,90.0,0.0016666666666666668
194,215,68.0,26.0,90.0,0.0016666666666666668
194,220,57.5,5.0,90.0,0.0016666666666666668
194,221,57.5,5.300000000000001,90.0,0.0016666666666666668
194,222,75.8,26.0,90.0,0.0016666666666666668
194,223,76.1,26.0,90.0,0.0016666666666666668
194,224,76.4,26.0,90.0,0.0016666666666666668
194,225,77.3,26.0,90.0,0.0016666666666666668
194,226,74.9,26.0,90.0,0.0016666666666666668
194,227,75.2,26.0,90.0,0.0016666666666666668
194,228,75.5,26.0,90.0,0.0016666666666666668
194,229,57.5,5.6,90.0,0.0016666666666666668
194,249,57.7,22.4,73.73979529168805,0.0018452401020419631
194,250,57.5,9.8,90.0,0.0016666666666666668
194,251,57.5,17.9,90.0,0.0016666666666666668
194,252,57.5,18.2,90.0,0.0016666666666666668
194,253,57.5,18.5,90.0,0.0016666666666666668
194,254,57.5,18.8,90.0,0.0016666666666666668
195,198,87.22691762911674,26.6,54.54945736082454,0.002261892721081555
195,199,84.8,26.6,90.0,0.0016666666666666668
195,200,85.1,26.6,90.0,0.0016666666666666668
195,201,57.2,10.1,90.0,0.0016666666666666668
195,202,57.2,9.5,90.0,0.0016666666666666668
195,203,57.2,8.6,90.0,0.0016666666666666668
195,204,57.2,8.9,90.0,0.0016666666666666668
195,205,57.2,9.2,90.0,0.0016666666666666668
195,208,57.2,8.3,90.0,0.0016666666666666668
195,209,57.2,8.0,90.0,0.0016666666666666668
195,210,68.3,26.6,90.0,0.0016666666666666668
195,212,67.1,26.6,90.0,0.0016666666666666668
195,213,67.4,26.6,90.0,0.0016666666666666668
195,214,67.7,26.6,90.0,0.0016666666666666668
195,215,68.0,26.6,90.0,0.0016666666666666668
195,220,57.2,5.0,90.0,0.0016666666666666668
195,221,57.2,5.300000000000001,90.0,0.0016666666666666668
195,222,75.8,26.6,90.0,0.0016666666666666668
195,223,76.1,26.6,90.0,0.0016666666666666668
195,224,76.4,26.6,90.0,0.0016666666666666668
195,225,77.3,26.6,90.0,0.0016666666666666668
195,226,74.9,26.6,90.0,0.0016666666666666668
195,227,75.2,26.6,90.0,0.0016666666666666668
195,228,75.5,26.6,90.0,0.0016666666666666668
195,229,57.2,5.600000000000001,90.0,0.0016666666666666668
195,249,57.26441492829878,22.4,80.79310377865414,0.0018749929761864628
195,250,57.2,9.8,90.0,0.0016666666666666668
195,251,57.2,17.9,90.0,0.0016666666666666668
195,252,57.2,18.2,90.0,0.0016666666666666668
195,253,57.2,18.5,90.0,0.0016666666666666668
195,254,57.2,18.8,90.0,0.0016666666666666668
196,198,87.45812545754029,26.9,50.20818050044275,0.0038393007653147234
196,199,84.8,26.9,90.0,0.0016666666666666668
196,200,85.1,26.9,90.0,0.0016666666666666668
196,201,56.9,10.1,90.0,0.0016666666666666668
196,202,56.9,9.5,90.0,0.0016666666666666668
196,203,56.9,8.6,90.0,0.0016666666666666668
196,204,56.9,8.9,90.0,0.0016666666666666668
196,205,56.9,9.2,90.0,0.0016666666666666668
196,208,56.9,8.3,90.0,0.0016666666666666668
196,209,56.9,8.0,90.0,0.0016666666666666668
196,210,68.3,26.9,90.0,0.0016666666666666668
196,212,67.1,26.9,90.0,0.0016666666666666668
196,213,67.4,26.9,90.0,0.0016666666666666668
196,214,67.7,26.9,90.0,0.0016666666666666668
196,215,68.0,26.9,90.0,0.0016666666666666668
196,220,56.9,5.0,90.0,0.0016666666666666668
196,221,56.9,5.300000000000001,90.0,0.0016666666666666668
196,222,75.8,26.9,90.0,0.0016666666666666668
196,223,76.1,26.9,90.0,0.0016666666666666668
196,224,76.4,26.9,90.0,0.0016666666666666668
196,225,77.3,26.9,90.0,0.0016666666666666668
196,226,74.9,26.9,90.0,0.0016666666666666668
196,227,75.2,26.9,90.0,0.0016666666666666668
196,228,75.5,26.9,90.0,0.0016666666666666668
196,229,56.9,5.600000000000001,90.0,0.0016666666666666668
196,249,56.9250628144669,22.4,84.26082952273322,0.0018452401020419631
196,250,56.9,9.8,90.0,0.0016666666666666668
196,251,56.9,17.9,90.0,0.0016666666666666668
196,252,56.9,18.2,90.0,0.0016666666666666668
196,253,56.9,18.5,90.0,0.0016666666666666668
196,254,56.9,18.8,90.0,0.0016666666666666668
197,198,86.71742430504416,25.7,66.42182152179815,0.002916680714293742
197,199,84.8,25.7,90.0,0.0016666666666666668
197,200,85.1,25.7,90.0,0.0016666666666666668
197,201,68.9,10.1,90.0,0.0016666666666666668
197,202,68.9,9.5,90.0,0.0016666666666666668
197,203,68.9,8.6,90.0,0.0016666666666666668
197,204,68.9,8.9,90.0,0.0016666666666666668
197,205,68.9,9.2,90.0,0.0016666666666666668
197,208,68.9,8.3,90.0,0.0016666666666666668
197,209,68.9,8.0,90.0,0.0016666666666666668
197,222,75.8,25.7,90.0,0.0016666666666666668
197,223,76.1,25.7,90.0,0.0016666666666666668
197,224,76.4,25.7,90.0,0.0016666666666666668
197,225,77.3,25.7,90.0,0.0016666666666666668
197,226,74.9,25.7,90.0,0.0016666666666666668
197,227,75.2,25.7,90.0,0.0016666666666666668
197,228,75.5,25.7,90.0,0.0016666666666666668
197,229,68.9,5.6,90.0,0.0016666666666666668
197,249,69.19787282179651,22.4,70.12312592992117,0.0033035804591888336
197,250,68.9,9.8,90.0,0.0016666666666666668
197,251,68.9,17.9,90.0,0.0016666666666666668
197,252,68.9,18.2,90.0,0.0016666666666666668
197,253,68.9,18.5,90.0,0.0016666666666666668
197,254,68.9,18.8,90.0,0.0016666666666666668
198,249,86.3,22.4,90.0,0.0016666666666666668
198,251,86.3,17.9,90.0,0.0016666666666666668
198,252,86.3,18.2,90.0,0.0016666666666666668
198,253,86.3,18.5,90.0,0.0016666666666666668
198,254,86.3,18.8,90.0,0.0016666666666666668
199,206,56.6,51.2,90.0,0.0016666666666666668
199,210,53.9,51.2,90.0,0.0016666666666666668
199,212,45.8,73.95038463814562,40.53580211131651,0.005833333333333334
199,212,67.1,51.2,90.0,0.0016666666666666668
199,222,54.2,51.2,90.0,0.0016666666666666668
199,223,54.5,51.2,90.0,0.0016666666666666668
199,224,54.8,51.2,90.0,0.0016666666666666668
199,225,77.3,51.2,90.0,0.0016666666666666668
199,246,84.8,35.9,90.0,0.0016666666666666668
199,247,84.8,35.6,90.0,0.0016666666666666668
199,249,84.8,22.4,90.0,0.0016666666666666668
199,251,84.8,17.9,90.0,0.0016666666666666668
199,252,84.8,18.2,90.0,0.0016666666666666668
199,253,84.8,18.5,90.0,0.0016666666666666668
199,254,84.8,18.8,90.0,0.0016666666666666668
200,206,56.6,53.0,90.0,0.0016666666666666668
200,210,53.9,53.0,90.0,0.0016666666666666668
200,212,46.1,73.62928578572858,45.57299599919425,0.005714293741501186
200,212,67.1,53.0,90.0,0.0016666666666666668
200,222,54.2,53.0,90.0,0.0016666666666666668
200,223,54.5,53.0,90.0,0.0016666666666666668
200,224,54.8,53.0,90.0,0.0016666666666666668
200,225,77.3,53.0,90.0,0.0016666666666666668
200,246,85.1,35.9,90.0,0.0016666666666666668
200,247,85.1,35.6,90.0,0.0016666666666666668
200,249,85.1,22.4,90.0,0.0016666666666666668
200,251,85.1,17.9,90.0,0.0016666666666666668
200,252,85.1,18.2,90.0,0.0016666666666666668
200,253,85.1,18.5,90.0,0.0016666666666666668
200,254,85.1,18.8,90.0,0.0016666666666666668
201,206,56.6,10.1,90.0,0.0016666666666666668
201,210,68.3,10.1,90.0,0.0016666666666666668
201,212,67.1,10.1,90.0,0.0016666666666666668
201,213,67.4,10.1,90.0,0.0016666666666666668
201,214,67.7,10.1,90.0,0.0016666666666666668
201,215,68.0,10.1,90.0,0.0016666666666666668
201,222,75.8,10.1,90.0,0.0016666666666666668
201,223,76.1,10.1,90.0,0.0016666666666666668
201,224,76.4,10.1,90.0,0.0016666666666666668
201,225,77.3,10.1,90.0,0.0016666666666666668
201,226,74.9,10.1,90.0,0.0016666666666666668
201,227,75.2,10.1,90.0,0.0016666666666666668
201,228,75.5,10.1,90.0,0.0016666666666666668
201,246,30.799999999999997,10.1,90.0,0.0016666666666666668
201,247,31.1,10.1,90.0,0.0016666666666666668
201,249,31.4,10.1,90.0,0.0016666666666666668
201,251,41.6,10.1,90.0,0.0016666666666666668
201,252,41.3,10.1,90.0,0.0016666666666666668
201,253,41.0,10.1,90.0,0.0016666666666666668
201,254,40.7,10.1,90.0,0.0016666666666666668
202,206,56.6,9.5,90.0,0.0016666666666666668
202,210,68.3,9.5,90.0,0.0016666666666666668
202,212,67.1,9.5,90.0,0.0016666666666666668
202,213,67.4,9.5,90.0,0.0016666666666666668
202,214,67.7,9.5,90.0,0.0016666666666666668
202,215,68.0,9.5,90.0,0.0016666666666666668
202,222,75.8,9.5,90.0,0.0016666666666666668
202,223,76.1,9.5,90.0,0.0016666666666666668
202,224,76.4,9.5,90.0,0.0016666666666666668
202,225,77.3,9.5,90.0,0.0016666666666666668
202,226,74.9,9.5,90.0,0.0016666666666666668
202,227,75.2,9.5,90.0,0.0016666666666666668
202,228,75.5,9.5,90.0,0.0016666666666666668
202,229,33.02250064069712,5.6,77.29096700560457,0.0017857062584988146
202,251,41.6,9.5,90.0,0.0016666666666666668
202,252,41.3,9.5,90.0,0.0016666666666666668
202,253,41.0,9.5,90.0,0.0016666666666666668
202,254,40.7,9.5,90.0,0.0016666666666666668
203,206,56.6,8.6,90.0,0.0016666666666666668
203,210,68.3,8.6,90.0,0.0016666666666666668
203,212,67.1,8.6,90.0,0.0016666666666666668
203,213,67.4,8.6,90.0,0.0016666666666666668
203,214,67.7,8.6,90.0,0.0016666666666666668
203,215,68.0,8.6,90.0,0.0016666666666666668
203,220,42.7,5.0,73.73979529168803,0.0018452401020419631
203,221,42.7978728217965,5.3,70.12312592992117,0.0033035804591888336
203,222,75.8,8.6,90.0,0.0016666666666666668
203,223,76.1,8.6,90.0,0.0016666666666666668
203,224,76.4,8.6,90.0,0.0016666666666666668
203,225,77.3,8.6,90.0,0.0016666666666666668
203,226,74.9,8.6,90.0,0.0016666666666666668
203,227,75.2,8.6,90.0,0.0016666666666666668
203,228,75.5,8.6,90.0,0.0016666666666666668
203,229,42.917424305044165,5.6,66.42182152179815,0.002916680714293742
204,206,56.6,8.9,90.0,0.0016666666666666668
204,210,68.3,8.9,90.0,0.0016666666666666668
204,212,67.1,8.9,90.0,0.0016666666666666668
204,213,67.4,8.9,90.0,0.0016666666666666668
204,214,67.7,8.9,90.0,0.0016666666666666668
204,215,68.0,8.9,90.0,0.0016666666666666668
204,220,42.32250064069712,5.0,77.29096700560457,0.0017857062584988146
204,221,42.400000000000006,5.3,73.73979529168804,0.0018452401020419631
204,222,75.8,8.9,90.0,0.0016666666666666668
204,223,76.1,8.9,90.0,0.0016666666666666668
204,224,76.4,8.9,90.0,0.0016666666666666668
204,225,77.3,8.9,90.0,0.0016666666666666668
204,226,74.9,8.9,90.0,0.0016666666666666668
204,227,75.2,8.9,90.0,0.0016666666666666668
204,228,75.5,8.9,90.0,0.0016666666666666668
204,229,42.497872821796506,5.6,70.12312592992117,0.0033035804591888336
205,206,56.6,9.2,90.0,0.0016666666666666668
205,210,68.3,9.2,90.0,0.0016666666666666668
205,212,67.1,9.2,90.0,0.0016666666666666668
205,213,67.4,9.2,90.0,0.0016666666666666668
205,214,67.7,9.2,90.0,0.0016666666666666668
205,215,68.0,9.2,90.0,0.0016666666666666668
205,220,41.96441492829877,5.0,80.79310377865409,0.0018749929761864628
205,221,42.02250064069712,5.3,77.29096700560457,0.0017857062584988146
205,222,75.8,9.2,90.0,0.0016666666666666668
205,223,76.1,9.2,90.0,0.0016666666666666668
205,224,76.4,9.2,90.0,0.0016666666666666668
205,225,77.3,9.2,90.0,0.0016666666666666668
205,226,74.9,9.2,90.0,0.0016666666666666668
205,227,75.2,9.2,90.0,0.0016666666666666668
205,228,75.5,9.2,90.0,0.0016666666666666668
205,229,42.099999999999994,5.6,73.73979529168805,0.0018452401020419631
206,208,56.6,8.299999999999997,90.0,0.0016666666666666668
206,209,56.6,8.0,90.0,0.0016666666666666668
206,210,56.6,35.86040542391537,62.61289249734616,0.002113100255104908
206,212,56.6,72.2,90.0,0.0016666666666666668
206,213,56.6,34.39999999999999,90.0,0.0016666666666666668
206,214,56.6,34.7,90.0,0.0016666666666666668
206,215,56.6,35.0,90.0,0.0016666666666666668
206,220,56.6,5.0,90.0,0.0016666666666666668
206,221,56.6,5.299999999999997,90.0,0.0016666666666666668
206,222,56.6,42.629168699187474,58.66774850240573,0.00199406066327276
206,223,56.6,44.62691762911675,54.549457360824576,0.002261892721081555
206,224,56.6,46.658125457540294,50.20818050044279,0.0038393007653147234
206,225,91.1,116.3,90.0,0.0016666666666666668
206,226,56.6,37.7,90.0,0.0016666666666666668
206,227,56.6,38.0,90.0,0.0016666666666666668
206,228,56.6,39.8,90.0,0.0016666666666666668
206,229,56.6,5.599999999999994,90.0,0.0016666666666666668
206,246,56.6,35.89999999999999,90.0,0.0016666666666666668
206,246,116.3,116.3,90.0,0.0016666666666666668
206,247,56.6,35.60000000000001,90.0,0.0016666666666666668
206,247,116.6,116.3,90.0,0.0016666666666666668
206,249,56.6,22.39999999999999,90.0,0.0016666666666666668
206,250,56.6,9.799999999999997,90.0,0.0016666666666666668
206,251,56.6,17.89999999999999,90.0,0.0016666666666666668
206,252,56.6,18.200000000000003,90.0,0.0016666666666666668
206,253,56.6,18.5,90.0,0.0016666666666666668
206,254,56.6,18.799999999999997,90.0,0.0016666666666666668
208,210,68.3,8.3,90.0,0.0016666666666666668
208,212,67.1,8.3,90.0,0.0016666666666666668
208,213,67.4,8.3,90.0,0.0016666666666666668
208,214,67.7,8.3,90.0,0.0016666666666666668
208,215,68.0,8.3,90.0,0.0016666666666666668
208,220,51.497872821796506,5.0,70.12312592992117,0.0033035804591888336
208,221,51.61742430504416,5.3,66.4218215217982,0.002916680714293742
208,229,51.76040542391538,5.6,62.6128924973461,0.002113100255104908
209,210,68.3,8.0,90.0,0.0016666666666666668
209,212,67.1,8.0,90.0,0.0016666666666666668
209,213,67.4,8.0,90.0,0.0016666666666666668
209,214,67.7,8.0,90.0,0.0016666666666666668
209,215,68.0,8.0,90.0,0.0016666666666666668
209,220,51.917424305044165,5.0,66.42182152179815,0.002916680714293742
209,221,52.06040542391538,5.3,62.6128924973461,0.002113100255104908
209,229,52.229168699187476,5.6,58.667748502405736,0.00199406066327276
210,212,53.9,72.2,90.0,0.0016666666666666668
210,212,67.1,33.549615361854386,40.53580211131662,0.005833333333333334
210,226,54.629168699187474,37.7,58.667748502405786,0.00199406066327276
210,227,54.460405423915375,38.0,62.61289249734613,0.002113100255104908
210,228,53.9250628144669,39.8,84.26082952273322,0.0018452401020419631
210,229,68.3,5.6,90.0,0.0016666666666666668
210,246,56.525131582592415,35.9,28.357636576327984,0.002291673690480204
210,247,57.19412778907679,35.6,19.94844358880285,0.006815487227897463
210,249,68.3,22.4,90.0,0.0016666666666666668
210,250,68.3,9.8,90.0,0.0016666666666666668
210,251,68.3,17.9,90.0,0.0016666666666666668
210,252,68.3,18.2,90.0,0.0016666666666666668
210,253,68.3,18.5,90.0,0.0016666666666666668
210,254,68.3,18.8,90.0,0.0016666666666666668
212,213,44.9,75.49412778907681,19.94844358880259,0.006815487227897463
212,213,67.1,31.105872210923227,19.948443588803066,0.006815487227897463
212,214,45.2,74.82513158259242,28.357636576327984,0.002291673690480204
212,214,67.1,32.0748684174076,28.357636576328165,0.002291673690480204
212,215,45.5,74.33818239574916,34.91520624744425,0.004583347380960408
212,215,67.1,32.861817604250845,34.9152062474443,0.004583347380960408
212,222,54.2,72.2,90.0,0.0016666666666666668
212,222,67.1,41.9,90.0,0.0016666666666666668
212,223,54.5,72.2,90.0,0.0016666666666666668
212,223,67.1,43.7,90.0,0.0016666666666666668
212,224,54.8,72.2,90.0,0.0016666666666666668
212,224,67.1,45.5,90.0,0.0016666666666666668
212,226,67.1,37.7,90.0,0.0016666666666666668
212,227,67.1,38.0,90.0,0.0016666666666666668
212,228,67.1,39.8,90.0,0.0016666666666666668
212,229,67.1,5.6,90.0,0.0016666666666666668
212,246,67.1,35.9,90.0,0.0016666666666666668
212,247,67.1,35.6,90.0,0.0016666666666666668
212,249,67.1,22.4,90.0,0.0016666666666666668
212,250,67.1,9.8,90.0,0.0016666666666666668
212,251,67.1,17.9,90.0,0.0016666666666666668
212,252,67.1,18.2,90.0,0.0016666666666666668
212,253,67.1,18.5,90.0,0.0016666666666666668
212,254,67.1,18.8,90.0,0.0016666666666666668
213,226,45.197872821796494,37.7,70.12312592992124,0.0033035804591888336
213,227,45.099999999999994,38.0,73.73979529168807,0.0018452401020419631
213,228,44.9,39.8,90.0,0.0016666666666666668
213,229,67.4,5.6,90.0,0.0016666666666666668
213,246,46.32928578572857,35.9,45.572995999194305,0.005714293741501186
213,247,46.65038463814561,35.6,40.53580211131662,0.005833333333333334
213,249,67.4,22.4,90.0,0.0016666666666666668
213,250,67.4,9.8,90.0,0.0016666666666666668
213,251,67.4,17.9,90.0,0.0016666666666666668
213,252,67.4,18.2,90.0,0.0016666666666666668
213,253,67.4,18.5,90.0,0.0016666666666666668
213,254,67.4,18.8,90.0,0.0016666666666666668
214,226,45.61742430504417,37.7,66.42182152179815,0.002916680714293742
214,227,45.497872821796506,38.0,70.12312592992113,0.0033035804591888336
214,228,45.2,39.8,90.0,0.0016666666666666668
214,229,67.7,5.6,90.0,0.0016666666666666668
214,246,46.95038463814562,35.9,40.53580211131651,0.005833333333333334
214,247,47.33818239574917,35.6,34.91520624744412,0.004583347380960408
214,249,67.7,22.4,90.0,0.0016666666666666668
214,250,67.7,9.8,90.0,0.0016666666666666668
214,251,67.7,17.9,90.0,0.0016666666666666668
214,252,67.7,18.2,90.0,0.0016666666666666668
214,253,67.7,18.5,90.0,0.0016666666666666668
214,254,67.7,18.8,90.0,0.0016666666666666668
215,226,46.06040542391538,37.7,62.61289249734613,0.002113100255104908
215,227,45.917424305044165,38.0,66.42182152179815,0.002916680714293742
215,228,45.50400160128128,39.8,87.70755722404408,0.0018749929761864628
215,229,68.0,5.6,90.0,0.0016666666666666668
215,246,47.63818239574916,35.9,34.91520624744419,0.004583347380960408
215,247,48.12513158259242,35.6,28.357636576327984,0.002291673690480204
215,249,68.0,22.4,90.0,0.0016666666666666668
215,250,68.0,9.8,90.0,0.0016666666666666668
215,251,68.0,17.9,90.0,0.0016666666666666668
215,252,68.0,18.2,90.0,0.0016666666666666668
215,253,68.0,18.5,90.0,0.0016666666666666668
215,254,68.0,18.8,90.0,0.0016666666666666668
220,251,41.6,5.0,90.0,0.0016666666666666668
220,252,41.3,5.0,90.0,0.0016666666666666668
220,253,41.0,5.0,90.0,0.0016666666666666668
220,254,40.7,5.0,90.0,0.0016666666666666668
221,251,41.6,5.3,90.0,0.0016666666666666668
221,252,41.3,5.3,90.0,0.0016666666666666668
221,253,41.0,5.3,90.0,0.0016666666666666668
221,254,40.7,5.3,90.0,0.0016666666666666668
222,246,75.8,35.9,90.0,0.0016666666666666668
222,247,75.8,35.6,90.0,0.0016666666666666668
222,249,75.8,22.4,90.0,0.0016666666666666668
222,250,75.8,9.8,90.0,0.0016666666666666668
222,251,75.8,17.9,90.0,0.0016666666666666668
222,252,75.8,18.2,90.0,0.0016666666666666668
222,253,75.8,18.5,90.0,0.0016666666666666668
222,254,75.8,18.8,90.0,0.0016666666666666668
223,246,76.1,35.9,90.0,0.0016666666666666668
223,247,76.1,35.6,90.0,0.0016666666666666668
223,249,76.1,22.4,90.0,0.0016666666666666668
223,250,76.1,9.8,90.0,0.0016666666666666668
223,251,76.1,17.9,90.0,0.0016666666666666668
223,252,76.1,18.2,90.0,0.0016666666666666668
223,253,76.1,18.5,90.0,0.0016666666666666668
223,254,76.1,18.8,90.0,0.0016666666666666668
224,246,76.4,35.9,90.0,0.0016666666666666668
224,247,76.4,35.6,90.0,0.0016666666666666668
224,249,76.4,22.4,90.0,0.0016666666666666668
224,250,76.4,9.8,90.0,0.0016666666666666668
224,251,76.4,17.9,90.0,0.0016666666666666668
224,252,76.4,18.2,90.0,0.0016666666666666668
224,253,76.4,18.5,90.0,0.0016666666666666668
224,254,76.4,18.8,90.0,0.0016666666666666668
225,246,77.3,35.9,90.0,0.0016666666666666668
225,247,77.3,35.6,90.0,0.0016666666666666668
225,249,77.3,22.4,90.0,0.0016666666666666668
225,250,77.3,9.799999999999997,90.0,0.0016666666666666668
225,251,77.3,17.9,90.0,0.0016666666666666668
225,252,77.3,18.200000000000003,90.0,0.0016666666666666668
225,253,77.3,18.5,90.0,0.0016666666666666668
225,254,77.3,18.799999999999997,90.0,0.0016666666666666668
226,246,73.74187454245973,35.9,50.20818050044289,0.0038393007653147234
226,247,73.97308237088328,35.6,54.54945736082467,0.002261892721081555
226,249,74.9,22.4,90.0,0.0016666666666666668
226,250,74.9,9.8,90.0,0.0016666666666666668
226,251,74.9,17.9,90.0,0.0016666666666666668
226,252,74.9,18.2,90.0,0.0016666666666666668
226,253,74.9,18.5,90.0,0.0016666666666666668
226,254,74.9,18.8,90.0,0.0016666666666666668
227,246,74.27308237088326,35.9,54.549457360824576,0.002261892721081555
227,247,74.47083130081253,35.6,58.667748502405765,0.00199406066327276
227,249,75.2,22.4,90.0,0.0016666666666666668
227,250,75.2,9.8,90.0,0.0016666666666666668
227,251,75.2,17.9,90.0,0.0016666666666666668
227,252,75.2,18.2,90.0,0.0016666666666666668
227,253,75.2,18.5,90.0,0.0016666666666666668
227,254,75.2,18.8,90.0,0.0016666666666666668
228,246,75.37749935930287,35.9,77.29096700560454,0.0017857062584988146
228,247,75.43558507170123,35.6,80.79310377865406,0.0018749929761864628
228,249,75.5,22.4,90.0,0.0016666666666666668
228,250,75.5,9.8,90.0,0.0016666666666666668
228,251,75.5,17.9,90.0,0.0016666666666666668
228,252,75.5,18.2,90.0,0.0016666666666666668
228,253,75.5,18.5,90.0,0.0016666666666666668
228,254,75.5,18.8,90.0,0.0016666666666666668
229,246,30.799999999999997,5.6,90.0,0.0016666666666666668
229,247,31.1,5.6,90.0,0.0016666666666666668
229,249,31.4,5.6,90.0,0.0016666666666666668
229,250,32.664414928298775,5.6,80.79310377865411,0.0018749929761864628
229,251,41.6,5.6,90.0,0.0016666666666666668
229,252,41.3,5.6,90.0,0.0016666666666666668
229,253,41.0,5.6,90.0,0.0016666666666666668
229,254,40.7,5.6,90.0,0.0016666666666666668
250,251,41.6,9.8,90.0,0.0016666666666666668
250,252,41.3,9.8,90.0,0.0016666666666666668
250,253,41.0,9.8,90.0,0.0016666666666666668
250,254,40.7,9.8,90.0,0.0016666666666666668
