route_id,port1,port2,index1,index2,geometry,alpha_deg,t0_fraction,sx_mm,sy_mm,lx_mm,ly_mm,track_y_mm,radius_mm,dx_mm,straight_length_mm,arc_length_mm,total_length_mm,bend_count,bend_total_deg,crossing_count,min_crossing_angle_deg,straight_loss_db,bend_loss_db,crossing_loss_db,total_loss_db,geometry_valid,geometry_issue_kinds
0,8,1,28,58,u,0.0,0.5,132.1,150.0,121.1,0.0,40.35,5.0,11.0,141.0,15.707963267948966,156.70796326794897,2,180.0,94,45.17045594982257,0.705,4.76514595344064,0.19360127777215883,5.663747231212799,True,
1,8,1,28,58,u,0.0,0.5,132.275,150.0,121.275,0.0,39.65,5.0,11.0,141.0,15.707963267948966,156.70796326794897,2,180.0,94,34.41150866976943,0.705,4.76514595344064,0.2110715810885227,5.6812175345291624,True,
2,9,1,30,58,u,0.0,0.5,141.1,150.0,121.45,0.0,36.15,5.0,19.64999999999999,149.64999999999998,15.707963267948966,165.35796326794895,2,180.0,78,43.94551956230884,0.7482499999999999,4.76514595344064,0.1761905644898464,5.689586517930485,True,
3,9,1,30,58,u,0.0,0.5,141.275,150.0,121.625,0.0,35.975,5.0,19.650000000000006,149.65,15.707963267948966,165.35796326794897,2,180.0,78,40.974630229445424,0.7482500000000001,4.76514595344064,0.17934535248305858,5.692741305923698,True,
4,1,26,58,4,u,0.0,0.5,119.875,0.0,23.75,150.0,103.7,5.0,96.125,226.125,15.707963267948966,241.83296326794897,2,180.0,235,26.491570200356207,1.130625,4.76514595344064,0.4388393007653143,6.334610254205955,True,
5,1,26,58,4,u,0.0,0.5,120.05,0.0,23.925,150.0,103.875,5.0,96.125,226.125,15.707963267948966,241.83296326794897,2,180.0,235,30.683417108975878,1.130625,4.76514595344064,0.43994049425171056,6.335711447692351,True,
6,1,26,58,4,u,0.0,0.5,120.225,0.0,24.1,150.0,104.05,5.0,96.125,226.125,15.707963267948966,241.83296326794897,2,180.0,235,34.41150866976943,1.130625,4.76514595344064,0.43892861557825597,6.334699569018896,True,
7,1,26,58,4,u,0.0,0.5,120.4,0.0,24.275,150.0,104.225,5.0,96.125,226.125,15.707963267948966,241.83296326794897,2,180.0,235,37.81448850601411,1.130625,4.76514595344064,0.4357738275850439,6.331544781025684,True,
8,1,26,58,4,u,0.0,0.5,120.575,0.0,24.45,150.0,104.4,5.0,96.125,226.125,15.707963267948966,241.83296326794897,2,180.0,235,40.974630229445474,1.130625,4.76514595344064,0.4327381353741722,6.328509088814812,True,
9,1,54,58,34,u,0.0,0.5,119.7,0.0,13.275,0.0,26.875,5.0,106.425,140.175,15.707963267948966,155.88296326794898,2,180.0,230,30.68341710897572,0.700875,4.76514595344064,0.4248512075340226,5.890872160974662,True,
10,1,58,58,40,u,0.0,0.5,119.175,0.0,39.4,0.0,26.35,5.0,79.775,112.475,15.707963267948966,128.18296326794896,2,180.0,208,40.974630229445275,0.562375,4.76514595344064,0.3842856781632441,5.711806631603884,True,
11,1,58,58,40,u,0.0,0.5,119.35,0.0,39.225,0.0,26.525,5.0,80.125,113.17500000000001,15.707963267948966,128.88296326794898,2,180.0,208,37.81448850601413,0.565875,4.76514595344064,0.3849701909353467,5.7159911443759865,True,
12,1,58,58,40,u,0.0,0.5,119.525,0.0,39.05,0.0,26.7,5.0,80.47500000000001,113.87500000000001,15.707963267948966,129.58296326794897,2,180.0,208,34.41150866976943,0.5693750000000001,4.76514595344064,0.3857142375509923,5.720235190991632,True,
13,2,11,20,52,u,0.0,0.5,96.1,150.0,93.225,0.0,52.25,5.0,2.875,142.9832788996569,7.7774161416899545,150.76069504134688,2,89.12262408715102,213,41.840901071389254,0.7149163944982846,2.3593461751605496,0.38839283908162164,3.4626554087404555,True,
14,2,11,20,52,u,0.0,0.5,96.275,150.0,93.4,0.0,52.075,5.0,2.875,142.9832788996569,7.7774161416899545,150.76069504134688,2,89.12262408715102,213,38.73942459785555,0.7149163944982846,2.3593461751605496,0.39193447062922065,3.4661970402880544,True,
15,2,11,20,52,u,0.0,0.5,96.45,150.0,93.575,0.0,51.9,5.0,2.875,142.9832788996569,7.7774161416899545,150.76069504134688,2,89.12262408715102,213,35.412638111059486,0.7149163944982846,2.3593461751605496,0.3989285593877476,3.4731911290465813,True,
16,2,11,20,52,u,0.0,0.5,96.625,150.0,93.75,0.0,51.725,5.0,2.875,142.9832788996569,7.7774161416899545,150.76069504134688,2,89.12262408715102,213,31.78833061705162,0.7149163944982846,2.3593461751605496,0.40336311430273125,3.4776256839615654,True,
17,2,56,20,36,u,0.0,0.5,94.875,150.0,20.525,0.0,53.475,5.0,74.35,204.35,15.707963267948966,220.05796326794896,2,180.0,232,34.41150866976943,1.02175,4.76514595344064,0.43526791634357065,6.22216386978421,True,
18,2,56,20,36,u,0.0,0.5,95.05,150.0,20.7,0.0,53.3,5.0,74.35,204.35000000000002,15.707963267948966,220.057963267949,2,180.0,232,37.81448850601428,1.0217500000000002,4.76514595344064,0.4330059674319809,6.219901920872621,True,
19,2,56,20,36,u,0.0,0.5,95.225,150.0,20.875,0.0,53.125,5.0,74.35,204.35,15.707963267948966,220.05796326794896,2,180.0,232,40.9746302294453,1.02175,4.76514595344064,0.4301488767517386,6.217044830192378,True,
20,6,8,62,28,u,0.0,0.5,139.1,0.0,132.45,150.0,111.225,5.0,6.650000000000006,140.57781872388352,12.291910966930892,152.8697296908144,2,140.8549241111422,54,36.65755694672517,0.7028890936194176,3.728857064724431,0.14568465324837326,4.5774308115922215,True,
21,6,8,62,28,u,0.0,0.5,139.275,0.0,132.625,150.0,111.4,5.0,6.650000000000006,140.57781872388352,12.291910966930892,152.8697296908144,2,140.8549241111422,54,33.15248379692644,0.7028890936194176,3.728857064724431,0.14818456896261084,4.57993072730646,True,
22,9,6,30,62,u,0.0,0.5,141.45,150.0,139.45,0.0,35.45,5.0,2.0,144.0,6.435011087932843,150.43501108793285,2,73.73979529168804,28,44.76508467132871,0.72,1.9521160396762685,0.079821482755133,2.7519375224314016,True,
23,9,6,30,62,u,0.0,0.5,141.625,150.0,139.625,0.0,35.275,5.0,2.0,144.0,6.435011087932843,150.43501108793285,2,73.73979529168804,28,41.840901071389375,0.72,1.9521160396762685,0.08193458301023791,2.7540506226865062,True,
24,6,10,62,18,u,0.0,0.5,138.4,0.0,86.4,150.0,110.525,5.0,52.0,182.0,15.707963267948966,197.70796326794897,2,180.0,174,47.54584979559903,0.91,4.76514595344064,0.32407735185372477,5.999223305294365,True,
25,6,10,62,18,u,0.0,0.5,138.575,0.0,86.575,150.0,110.7,5.0,51.999999999999986,182.0,15.707963267948966,197.70796326794897,2,180.0,174,50.208180500442495,0.91,4.76514595344064,0.32244046615645683,5.997586419597097,True,
26,6,10,62,18,u,0.0,0.5,138.75,0.0,86.75,150.0,110.875,5.0,52.0,182.0,15.707963267948966,197.70796326794897,2,180.0,174,47.93293519750492,0.91,4.76514595344064,0.3257142937415011,6.000860247182141,True,
27,6,10,62,18,u,0.0,0.5,138.925,0.0,86.925,150.0,111.05,5.0,52.000000000000014,182.0,15.707963267948966,197.70796326794897,2,180.0,174,45.17045594982257,0.91,4.76514595344064,0.33193458301023776,6.007080536450878,True,
28,6,11,62,52,u,0.0,0.5,137.35,0.0,94.45,0.0,31.25,5.0,42.89999999999999,85.39999999999999,15.707963267948966,101.10796326794896,2,180.0,145,30.68341710897572,0.427,4.76514595344064,0.2903869278401492,5.482532881280789,True,
29,6,11,62,52,u,0.0,0.5,137.175,0.0,94.625,0.0,17.25,5.0,42.55000000000001,57.05000000000001,15.707963267948966,72.75796326794898,2,180.0,145,52.04807971075358,0.28525000000000006,4.76514595344064,0.26767848914961306,5.3180744425902535,True,
30,6,11,62,52,u,0.0,0.5,137.525,0.0,94.275,0.0,31.425,5.0,43.25,86.1,15.707963267948966,101.80796326794896,2,180.0,145,34.41150866976943,0.4305,4.76514595344064,0.28958334738096037,5.485229300821601,True,
31,6,29,62,2,u,0.0,0.5,138.225,0.0,15.45,150.0,110.35,5.0,122.77499999999999,252.775,15.707963267948966,268.48296326794895,2,180.0,257,34.41150866976943,1.263875,4.76514595344064,0.4697620051020975,6.498782958542737,True,
32,6,41,62,50,u,0.0,0.5,137.0,0.0,85.45,0.0,15.325,5.0,51.55,62.2,15.707963267948966,77.90796326794897,2,180.0,171,7.235206769313383,0.311,4.76514595344064,0.33565478799321147,5.411800741433851,True,
33,6,51,62,48,u,0.0,0.5,137.7,0.0,76.45,0.0,31.6,5.0,61.249999999999986,104.44999999999999,15.707963267948966,120.15796326794896,2,180.0,177,37.81448850601411,0.52225,4.76514595344064,0.3433035523639343,5.630699505804573,True,
34,6,53,62,32,u,0.0,0.5,138.05,0.0,4.1,0.0,31.95,5.0,133.95000000000002,177.85,15.707963267948966,193.55796326794896,2,180.0,267,30.68341710897586,0.88925,4.76514595344064,0.46627971073126223,6.120675664171902,True,
35,6,58,62,40,u,0.0,0.5,137.875,0.0,38.875,0.0,31.775,5.0,99.0,142.55,15.707963267948966,158.25796326794898,2,180.0,223,34.41150866976943,0.7127500000000001,4.76514595344064,0.39011901149657713,5.868014964937217,True,
36,8,12,28,21,u,0.0,0.5,130.0,150.0,101.125,150.0,144.825,5.0,28.875,19.225000000000023,15.707963267948966,34.93296326794899,2,180.0,96,43.94551956230842,0.09612500000000011,4.76514595344064,0.1888987784183497,5.050169731858989,True,
37,8,12,28,21,u,0.0,0.5,130.7,150.0,100.6,150.0,141.325,5.0,30.099999999999994,27.450000000000017,15.707963267948966,43.157963267948986,2,180.0,97,21.565185015242644,0.1372500000000001,4.76514595344064,0.18389880651360382,5.086294759954243,True,
38,8,12,28,21,u,0.0,0.5,130.525,150.0,100.775,150.0,141.5,5.0,29.75,26.75,15.707963267948966,42.45796326794897,2,180.0,97,15.203604093293423,0.13375,4.76514595344064,0.19619048020408408,5.095086433644724,True,
39,8,12,28,21,u,0.0,0.5,130.175,150.0,100.95,150.0,141.675,5.0,29.22500000000001,25.874999999999986,15.707963267948966,41.582963267948955,2,180.0,96,46.76439285101774,0.12937499999999993,4.76514595344064,0.18657737994897913,5.081098333389618,True,
40,8,16,28,14,u,0.0,0.5,131.05,150.0,69.1,150.0,117.35,5.0,61.95000000000002,107.25000000000003,15.707963267948966,122.957963267949,2,180.0,173,49.45839812649543,0.5362500000000001,4.76514595344064,0.3166368576020138,5.618032811042654,True,
41,8,16,28,14,u,0.0,0.5,131.225,150.0,68.925,150.0,117.175,5.0,62.3,107.95,15.707963267948966,123.65796326794897,2,180.0,173,52.048079710753555,0.5397500000000001,4.76514595344064,0.3139880089455289,5.618883962386168,True,
42,8,16,28,14,u,0.0,0.5,130.35,150.0,69.625,150.0,117.875,5.0,60.724999999999994,104.975,15.707963267948966,120.68296326794896,2,180.0,178,15.203604093292912,0.524875,4.76514595344064,0.3724405785374735,5.662461531978113,True,
43,8,17,28,16,u,0.0,0.5,130.875,150.0,78.275,150.0,117.525,5.0,52.599999999999994,97.54999999999998,15.707963267948966,113.25796326794895,2,180.0,153,21.565185015242495,0.4877499999999999,4.76514595344064,0.2911011934863961,5.543997146927036,True,
44,8,53,28,32,u,0.0,0.5,131.4,150.0,3.925,0.0,41.05,5.0,127.47500000000001,257.475,15.707963267948966,273.182963267949,2,180.0,261,26.491570200356207,1.2873750000000002,4.76514595344064,0.48925598147960736,6.541776934920247,True,
45,8,56,28,36,u,0.0,0.5,131.575,150.0,22.275,0.0,40.875,5.0,109.29999999999998,239.29999999999998,15.707963267948966,255.00796326794895,2,180.0,236,30.683417108975878,1.1965,4.76514595344064,0.4453869278401484,6.407032881280788,True,
46,8,56,28,36,u,0.0,0.5,131.75,150.0,22.45,0.0,40.7,5.0,109.3,239.3,15.707963267948966,255.00796326794898,2,180.0,236,34.41150866976943,1.1965000000000001,4.76514595344064,0.4460119910544702,6.40765794449511,True,
47,8,56,28,36,u,0.0,0.5,131.925,150.0,22.625,0.0,40.525,5.0,109.30000000000001,239.3,15.707963267948966,255.00796326794898,2,180.0,236,37.81448850601428,1.1965000000000001,4.76514595344064,0.44550607981299717,6.407152033253637,True,
48,9,13,30,22,u,0.0,0.5,139.35,150.0,105.275,150.0,143.425,5.0,34.07499999999999,27.224999999999966,15.707963267948966,42.932963267948935,2,180.0,116,15.203604093292396,0.13612499999999983,4.76514595344064,0.25491074137756686,5.156181694818207,True,
49,9,13,30,22,u,0.0,0.5,139.525,150.0,105.1,150.0,143.25,5.0,34.42500000000001,27.92500000000001,15.707963267948966,43.63296326794898,2,180.0,116,21.565185015242644,0.13962500000000005,4.76514595344064,0.23267860153062978,5.137449554971269,True,
50,9,13,30,22,u,0.0,0.5,139.0,150.0,105.625,150.0,115.25,5.0,33.375,82.875,15.707963267948966,98.58296326794897,2,180.0,116,21.565185015242342,0.414375,4.76514595344064,0.24348218198981847,5.4230031354304575,True,
51,9,13,30,22,u,0.0,0.5,139.175,150.0,105.45,150.0,115.075,5.0,33.72500000000001,83.575,15.707963267948966,99.28296326794897,2,180.0,116,15.203604093292396,0.417875,4.76514595344064,0.2710119629592169,5.454032916399856,True,
52,9,17,30,16,u,0.0,0.5,139.7,150.0,78.1,150.0,114.9,5.0,61.599999999999994,111.79999999999998,15.707963267948966,127.50796326794895,2,180.0,173,37.81448850601411,0.5589999999999999,4.76514595344064,0.33514879246597634,5.6592947459066165,True,
53,9,19,30,12,u,0.0,0.5,139.875,150.0,60.275,150.0,114.725,5.0,79.6,130.15,15.707963267948966,145.85796326794897,2,180.0,209,37.81448850601411,0.65075,4.76514595344064,0.391577351853724,5.807473305294364,True,
54,9,19,30,12,u,0.0,0.5,140.05,150.0,60.1,150.0,114.55,5.0,79.95000000000002,130.85000000000002,15.707963267948966,146.557963267949,2,180.0,209,34.41150866976943,0.6542500000000001,4.76514595344064,0.38663685760201316,5.806032811042654,True,
55,9,19,30,12,u,0.0,0.5,140.225,150.0,59.925,150.0,114.375,5.0,80.3,131.55,15.707963267948966,147.25796326794898,2,180.0,209,30.683417108975878,0.6577500000000001,4.76514595344064,0.3821427688434864,5.805038722284126,True,
56,9,39,30,56,u,0.0,0.5,140.575,150.0,112.275,0.0,36.675,5.0,28.299999999999983,158.29999999999998,15.707963267948966,174.00796326794895,2,180.0,100,37.81448850601416,0.7915,4.76514595344064,0.2111310306463034,5.767776984086943,True,
57,9,39,30,56,u,0.0,0.5,140.75,150.0,112.45,0.0,36.5,5.0,28.299999999999997,158.3,15.707963267948966,174.00796326794898,2,180.0,100,40.974630229445424,0.7915000000000001,4.76514595344064,0.2111905363945924,5.767836489835232,True,
58,9,39,30,56,u,0.0,0.5,140.925,150.0,112.625,0.0,36.325,5.0,28.30000000000001,158.3,15.707963267948966,174.00796326794898,2,180.0,100,43.94551956230884,0.7915000000000001,4.76514595344064,0.21261912387759482,5.769265077318234,True,
59,9,51,30,48,u,0.0,0.5,140.4,150.0,76.275,0.0,36.85,5.0,64.125,194.125,15.707963267948966,209.83296326794897,2,180.0,181,34.41150866976943,0.9706250000000001,4.76514595344064,0.3468155153231514,6.082586468763791,True,
60,12,10,21,18,u,0.0,0.5,98.675,150.0,87.45,150.0,144.65,5.0,11.224999999999994,1.924999999999983,15.707963267948966,17.63296326794895,2,180.0,32,53.8429917990011,0.009624999999999915,4.76514595344064,0.07276780396255467,4.8475387574031945,True,
61,12,10,21,18,u,0.0,0.5,98.5,150.0,87.625,150.0,144.825,5.0,10.875,1.2250000000000227,15.707963267948966,16.93296326794899,2,180.0,32,51.31781254651063,0.006125000000000114,4.76514595344064,0.07226186462582741,4.843532818066467,True,
62,13,10,22,18,u,0.0,0.5,103.175,150.0,87.1,150.0,143.25,5.0,16.075000000000003,9.575000000000003,15.707963267948966,25.28296326794897,2,180.0,46,58.66774850240575,0.047875000000000015,4.76514595344064,0.0938392445748064,4.906860198015447,True,
63,13,10,22,18,u,0.0,0.5,103.0,150.0,87.275,150.0,143.425,5.0,15.724999999999994,8.874999999999972,15.707963267948966,24.582963267948937,2,180.0,46,56.28928521857397,0.04437499999999986,4.76514595344064,0.09532733780609778,4.904848291246737,True,
64,10,19,18,12,u,0.0,0.5,85.175,150.0,60.45,150.0,143.25,5.0,24.724999999999994,18.224999999999994,15.707963267948966,33.93296326794896,2,180.0,82,15.203604093292752,0.09112499999999997,4.76514595344064,0.1944345268197297,5.050705480260369,True,
65,10,19,18,12,u,0.0,0.5,85.0,150.0,60.625,150.0,133.1,5.0,24.375,38.17500000000001,15.707963267948966,53.88296326794898,2,180.0,82,15.203604093292752,0.19087500000000007,4.76514595344064,0.19568451277210264,5.151705466212743,True,
66,10,24,18,8,u,0.0,0.5,85.35,150.0,42.625,150.0,132.925,5.0,42.724999999999994,56.87499999999997,15.707963267948966,72.58296326794894,2,180.0,136,30.683417108976244,0.2843749999999999,4.76514595344064,0.25026780396255494,5.299788757403195,True,
67,33,10,60,18,u,0.0,0.5,130.275,0.0,86.225,150.0,107.725,5.0,44.05000000000001,174.05,15.707963267948966,189.75796326794898,2,180.0,188,39.19496742598291,0.8702500000000001,4.76514595344064,0.39000008428576227,6.025396037726402,True,
68,10,51,18,48,u,0.0,0.5,85.875,150.0,75.75,0.0,56.1,5.0,10.125,140.125,15.707963267948966,155.83296326794897,2,180.0,227,30.683417108975878,0.700625,4.76514595344064,0.4271429093197572,5.8929138627603965,True,
69,10,51,18,48,u,0.0,0.5,86.05,150.0,75.925,0.0,55.925,5.0,10.125,140.125,15.707963267948966,155.83296326794897,2,180.0,227,26.49157020035603,0.700625,4.76514595344064,0.42142858748300194,5.887199540923641,True,
70,10,53,18,32,u,0.0,0.5,85.525,150.0,3.225,0.0,56.45,5.0,82.30000000000001,212.3,15.707963267948966,228.00796326794898,2,180.0,222,26.49157020035603,1.0615,4.76514595344064,0.411964279693874,6.238610233134513,True,
71,10,58,18,40,u,0.0,0.5,85.7,150.0,38.525,0.0,56.275,5.0,47.175000000000004,177.175,15.707963267948966,192.88296326794898,2,180.0,243,30.683417108975878,0.8858750000000001,4.76514595344064,0.4705655574660319,6.121586510906672,True,
72,13,11,22,52,u,0.0,0.5,104.05,150.0,93.925,0.0,48.575,5.0,10.125,140.125,15.707963267948966,155.83296326794897,2,180.0,201,30.683417108975878,0.700625,4.76514595344064,0.37744046615645693,5.843211419597096,True,
73,13,11,22,52,u,0.0,0.5,104.225,150.0,94.1,0.0,48.4,5.0,10.125,140.125,15.707963267948966,155.83296326794897,2,180.0,201,26.49157020035603,0.700625,4.76514595344064,0.37616069923468526,5.841931652675324,True,
74,11,26,52,4,u,0.0,0.5,93.05,0.0,23.575,150.0,95.3,5.0,69.475,199.47499999999997,15.707963267948966,215.18296326794894,2,180.0,237,30.683417108975842,0.9973749999999999,4.76514595344064,0.46824421518717,6.230765168627809,True,
75,11,48,52,44,u,0.0,0.5,92.175,0.0,58.275,0.0,17.95,5.0,33.9,49.8,15.707963267948966,65.50796326794897,2,180.0,115,30.683417108975785,0.249,4.76514595344064,0.21958337547621473,5.233729328916854,True,
76,11,51,52,48,u,0.0,0.5,92.0,0.0,76.625,0.0,5.0,5.0,15.375,5.375,15.707963267948966,21.082963267948966,2,180.0,48,46.76439285101783,0.026875,4.76514595344064,0.10663688569726805,4.8986578391379085,True,
77,33,12,60,21,u,0.0,0.5,130.45,0.0,100.425,150.0,107.9,5.0,30.02499999999999,160.02499999999998,15.707963267948966,175.73296326794895,2,180.0,159,35.90406858331748,0.8001249999999999,4.76514595344064,0.34678587483002327,5.9120568282706625,True,
78,12,48,21,44,u,0.0,0.5,99.9,150.0,57.575,0.0,50.15,5.0,42.325,172.325,15.707963267948966,188.03296326794896,2,180.0,241,34.41150866976943,0.861625,4.76514595344064,0.4400297247788897,6.066800678219529,True,
79,12,48,21,44,u,0.0,0.5,100.075,150.0,57.75,0.0,49.975,5.0,42.325,172.32500000000002,15.707963267948966,188.032963267949,2,180.0,241,30.683417108975878,0.8616250000000001,4.76514595344064,0.43145834035714614,6.058229293797786,True,
80,12,48,21,44,u,0.0,0.5,100.25,150.0,57.925,0.0,49.8,5.0,42.325,172.325,15.707963267948966,188.03296326794896,2,180.0,241,26.49157020035603,0.861625,4.76514595344064,0.42556552937077796,6.052336482811418,True,
81,12,53,21,32,u,0.0,0.5,98.85,150.0,3.4,0.0,51.2,5.0,95.44999999999999,225.45,15.707963267948966,241.15796326794896,2,180.0,248,23.794272950536584,1.1272499999999999,4.76514595344064,0.47217263409864685,6.364568587539287,True,
82,12,56,21,36,u,0.0,0.5,99.025,150.0,21.75,0.0,51.025,5.0,77.275,207.275,15.707963267948966,222.98296326794897,2,180.0,233,28.357636576328165,1.036375,4.76514595344064,0.4289286436735099,6.23044959711415,True,
83,12,56,21,36,u,0.0,0.5,99.2,150.0,21.925,0.0,50.85,5.0,77.275,207.275,15.707963267948966,222.98296326794897,2,180.0,233,32.328064122162395,1.036375,4.76514595344064,0.4280357764966335,6.229556729937274,True,
84,12,56,21,36,u,0.0,0.5,99.375,150.0,22.1,0.0,50.675,5.0,77.275,207.27500000000003,15.707963267948966,222.982963267949,2,180.0,233,35.904068583317255,1.0363750000000003,4.76514595344064,0.42854174392861494,6.230062697369255,True,
85,1,13,58,22,u,0.0,0.5,120.925,0.0,104.925,150.0,104.75,5.0,16.0,146.0,15.707963267948966,161.70796326794897,2,180.0,158,26.491570200356207,0.73,4.76514595344064,0.30386913792522185,5.799015091365861,True,
86,39,13,56,22,u,0.0,0.5,111.75,0.0,104.4,150.0,100.725,5.0,7.349999999999994,140.35751588023086,13.025924044751207,153.38343992498207,2,149.26609440444452,172,37.88467019869185,0.7017875794011543,3.9515262540957075,0.3438988627041119,4.9972126962009735,True,
87,39,13,56,22,u,0.0,0.5,111.925,0.0,104.575,150.0,100.9,5.0,7.349999999999994,140.35751588023086,13.025924044751207,153.38343992498207,2,149.26609440444452,172,34.4876343484699,0.7017875794011543,3.9515262540957075,0.34544651787420055,4.998760351371062,True,
88,39,13,56,22,u,0.0,0.5,112.1,0.0,104.75,150.0,101.075,5.0,7.349999999999994,140.35751588023086,13.025924044751207,153.38343992498207,2,149.26609440444452,172,30.767700916511465,0.7017875794011543,3.9515262540957075,0.34690491442185567,5.0002187479187175,True,
89,13,48,22,44,u,0.0,0.5,103.7,150.0,58.1,0.0,48.925,5.0,45.6,175.60000000000002,15.707963267948966,191.307963267949,2,180.0,242,32.328064122162395,0.8780000000000001,4.76514595344064,0.43922614431970086,6.082372097760341,True,
90,13,51,22,48,u,0.0,0.5,103.875,150.0,76.1,0.0,48.75,5.0,27.775000000000006,157.775,15.707963267948966,173.48296326794897,2,180.0,219,34.41150866976943,0.788875,4.76514595344064,0.40982139846937055,5.96384235191001,True,
91,13,53,22,32,u,0.0,0.5,103.35,150.0,3.575,0.0,49.275,5.0,99.77499999999999,229.775,15.707963267948966,245.48296326794897,2,180.0,259,23.794272950536584,1.148875,4.76514595344064,0.47916669476191964,6.393187648202559,True,
92,13,57,22,38,u,0.0,0.5,103.525,150.0,30.225,0.0,49.1,5.0,73.30000000000001,203.3,15.707963267948966,219.00796326794898,2,180.0,244,28.357636576328165,1.0165000000000002,4.76514595344064,0.4467559533843539,6.228401906824994,True,
93,14,16,26,14,u,0.0,0.5,121.35,150.0,69.45,150.0,122.6,5.0,51.89999999999999,86.7,15.707963267948966,102.40796326794897,2,180.0,151,15.203604093292912,0.4335,4.76514595344064,0.30044643358843826,5.499092387029077,True,
94,14,16,26,14,u,0.0,0.5,121.525,150.0,69.275,150.0,122.425,5.0,52.25,87.4,15.707963267948966,103.10796326794897,2,180.0,151,21.565185015242495,0.43700000000000006,4.76514595344064,0.2886904802040839,5.4908364336447235,True,
95,14,17,26,16,u,0.0,0.5,121.0,150.0,78.625,150.0,122.95,5.0,42.375,76.475,15.707963267948966,92.18296326794896,2,180.0,126,30.683417108975878,0.38237499999999996,4.76514595344064,0.24535720306125897,5.392878156501898,True,
96,14,17,26,16,u,0.0,0.5,121.175,150.0,78.45,150.0,122.775,5.0,42.724999999999994,77.17499999999998,15.707963267948966,92.88296326794895,2,180.0,126,34.41150866976943,0.3858749999999999,4.76514595344064,0.24800596743198147,5.399026920872621,True,
97,14,18,26,10,u,0.0,0.5,121.7,150.0,51.625,150.0,122.075,5.0,70.075,105.925,15.707963267948966,121.63296326794897,2,180.0,196,40.974630229445474,0.529625,4.76514595344064,0.3829762145578368,5.677747167998477,True,
98,14,18,26,10,u,0.0,0.5,121.875,150.0,51.45,150.0,121.9,5.0,70.425,106.62499999999999,15.707963267948966,122.33296326794895,2,180.0,196,37.8144885060144,0.533125,4.76514595344064,0.38214288122450346,5.680413834665143,True,
99,14,18,26,10,u,0.0,0.5,122.05,150.0,51.275,150.0,121.725,5.0,70.775,107.32500000000002,15.707963267948966,123.03296326794899,2,180.0,196,34.41150866976943,0.5366250000000001,4.76514595344064,0.3791964476360652,5.680967401076705,True,
100,14,18,26,10,u,0.0,0.5,122.225,150.0,51.1,150.0,121.55,5.0,71.125,108.02499999999999,15.707963267948966,123.73296326794896,2,180.0,196,30.683417108975878,0.540125,4.76514595344064,0.3747917298809883,5.680062683321628,True,
101,33,14,60,26,u,0.0,0.5,130.625,0.0,123.625,150.0,108.425,5.0,7.0,140.46060798583053,12.661036727794997,153.12164471362553,2,145.08479375255584,104,31.903522134603627,0.7023030399291527,3.840834543643119,0.23133938505107707,4.7744769686233495,True,
102,14,38,26,54,u,0.0,0.5,122.925,150.0,103.1,0.0,43.325,5.0,19.825000000000003,149.825,15.707963267948966,165.53296326794896,2,180.0,163,35.412638111059486,0.7491249999999999,4.76514595344064,0.33157746423474194,5.8458484176753815,True,
103,14,38,26,54,u,0.0,0.5,123.1,150.0,103.275,0.0,43.15,5.0,19.82499999999999,149.825,15.707963267948966,165.53296326794896,2,180.0,163,31.78833061705162,0.7491249999999999,4.76514595344064,0.3320536226020704,5.8463245760427105,True,
104,14,38,26,54,u,0.0,0.5,123.275,150.0,103.45,0.0,42.975,5.0,19.825000000000003,149.82500000000002,15.707963267948966,165.532963267949,2,180.0,163,27.748478700653035,0.7491250000000002,4.76514595344064,0.3313095478911704,5.845580501331811,True,
105,14,53,26,32,u,0.0,0.5,122.4,150.0,3.75,0.0,43.85,5.0,118.65,248.65,15.707963267948966,264.35796326794895,2,180.0,268,26.49157020035603,1.24325,4.76514595344064,0.5012202611734822,6.509616214614121,True,
106,14,58,26,40,u,0.0,0.5,122.575,150.0,38.7,0.0,43.675,5.0,83.875,213.875,15.707963267948966,229.58296326794897,2,180.0,247,30.683417108975878,1.069375,4.76514595344064,0.4677976973129694,6.302318650753609,True,
107,16,20,14,6,u,0.0,0.5,67.0,150.0,32.575,150.0,139.75,5.0,34.425,34.925,15.707963267948966,50.632963267948966,2,180.0,106,30.683417108975586,0.174625,4.76514595344064,0.20583330523807927,5.145604258678719,True,
108,16,20,14,6,u,0.0,0.5,67.175,150.0,32.4,150.0,139.575,5.0,34.775,35.62500000000002,15.707963267948966,51.33296326794898,2,180.0,106,34.41150866976943,0.17812500000000012,4.76514595344064,0.2092856781632448,5.152556631603885,True,
109,16,20,14,6,u,0.0,0.5,67.35,150.0,32.225,150.0,139.4,5.0,35.12499999999999,36.32499999999998,15.707963267948966,52.032963267948944,2,180.0,106,37.81448850601381,0.1816249999999999,4.76514595344064,0.21205353831630774,5.158824491756947,True,
110,16,20,14,6,u,0.0,0.5,67.525,150.0,32.05,150.0,139.225,5.0,35.47500000000001,37.02500000000002,15.707963267948966,52.73296326794899,2,180.0,106,40.974630229445246,0.1851250000000001,4.76514595344064,0.21000000000000016,5.16027095344064,True,
111,33,16,60,14,u,0.0,0.5,129.925,0.0,68.575,150.0,107.375,5.0,61.35000000000001,191.35000000000002,15.707963267948966,207.057963267949,2,180.0,212,33.152483796926674,0.9567500000000001,4.76514595344064,0.41589289527213025,6.137788848712771,True,
112,33,16,60,14,u,0.0,0.5,130.1,0.0,68.75,150.0,107.55,5.0,61.349999999999994,191.34999999999997,15.707963267948966,207.05796326794894,2,180.0,212,36.65755694672504,0.9567499999999999,4.76514595344064,0.42494060663272726,6.146836560073367,True,
113,16,48,14,44,u,0.0,0.5,68.225,150.0,56.7,0.0,62.4,5.0,11.524999999999991,141.52499999999998,15.707963267948966,157.23296326794895,2,180.0,247,30.683417108975696,0.707625,4.76514595344064,0.47690485823134704,5.949675811671987,True,
114,16,48,14,44,u,0.0,0.5,68.4,150.0,56.875,0.0,62.225,5.0,11.525000000000006,141.525,15.707963267948966,157.23296326794897,2,180.0,247,26.49157020035603,0.7076250000000001,4.76514595344064,0.4734524572109275,5.946223410651568,True,
115,16,53,14,32,u,0.0,0.5,67.7,150.0,2.875,0.0,62.925,5.0,64.825,194.825,15.707963267948966,210.53296326794896,2,180.0,191,30.684820587933682,0.974125,4.76514595344064,0.3746131564456129,6.113884109886253,True,
116,16,56,14,36,u,0.0,0.5,67.875,150.0,20.175,0.0,62.75,5.0,47.7,177.7,15.707963267948966,193.40796326794896,2,180.0,188,34.41277596526028,0.8885,4.76514595344064,0.3733631143027314,6.0270090677433705,True,
117,16,56,14,36,u,0.0,0.5,68.05,150.0,20.35,0.0,62.575,5.0,47.699999999999996,177.7,15.707963267948966,193.40796326794896,2,180.0,188,37.81565664224044,0.8885,4.76514595344064,0.3672916736904797,6.0209376271311195,True,
118,17,21,16,0,u,0.0,0.5,76.0,150.0,5.925,150.0,136.775,5.0,70.075,76.52499999999999,15.707963267948966,92.23296326794896,2,180.0,208,40.97463022944518,0.382625,4.76514595344064,0.37639875032309544,5.524169703763735,True,
119,17,21,16,0,u,0.0,0.5,76.175,150.0,5.75,150.0,136.6,5.0,70.425,77.22500000000001,15.707963267948966,92.93296326794898,2,180.0,208,37.81448850601381,0.38612500000000005,4.76514595344064,0.3779166245237855,5.529187577964425,True,
120,17,21,16,0,u,0.0,0.5,76.35,150.0,5.575,150.0,136.425,5.0,70.77499999999999,77.92499999999997,15.707963267948966,93.63296326794894,2,180.0,208,34.41150866976943,0.38962499999999983,4.76514595344064,0.3795237854421632,5.534294738882803,True,
121,17,21,16,0,u,0.0,0.5,76.525,150.0,5.4,150.0,136.25,5.0,71.125,78.625,15.707963267948966,94.33296326794897,2,180.0,208,30.683417108975586,0.393125,4.76514595344064,0.3772618927210816,5.535532846161722,True,
122,17,48,16,44,u,0.0,0.5,76.875,150.0,57.05,0.0,59.25,5.0,19.825000000000003,149.825,15.707963267948966,165.53296326794896,2,180.0,241,46.76439285101786,0.7491249999999999,4.76514595344064,0.4325893429081955,5.946860296348835,True,
123,17,48,16,44,u,0.0,0.5,77.05,150.0,57.225,0.0,59.075,5.0,19.824999999999996,149.825,15.707963267948966,165.53296326794896,2,180.0,241,43.94551956230895,0.7491249999999999,4.76514595344064,0.4326190395918316,5.946889993032472,True,
124,17,48,16,44,u,0.0,0.5,77.225,150.0,57.4,0.0,58.9,5.0,19.824999999999996,149.825,15.707963267948966,165.53296326794896,2,180.0,241,40.97463022944536,0.7491249999999999,4.76514595344064,0.4327082982142652,5.946979251654906,True,
125,17,53,16,32,u,0.0,0.5,76.7,150.0,3.05,0.0,59.425,5.0,73.65,203.65000000000003,15.707963267948966,219.357963267949,2,180.0,210,30.683417108975878,1.01825,4.76514595344064,0.39863103064630323,6.182026984086943,True,
126,18,20,10,6,u,0.0,0.5,49.0,150.0,33.625,150.0,143.25,5.0,15.375,8.875,15.707963267948966,24.582963267948966,2,180.0,48,46.764392851017625,0.044375,4.76514595344064,0.10407735185372485,4.913598305294364,True,
127,18,20,10,6,u,0.0,0.5,49.175,150.0,33.45,150.0,143.075,5.0,15.724999999999994,9.575000000000017,15.707963267948966,25.282963267948983,2,180.0,48,49.45839812649548,0.047875000000000084,4.76514595344064,0.1013987784183496,4.91441973185899,True,
128,18,21,10,0,u,0.0,0.5,49.35,150.0,6.625,150.0,142.9,5.0,42.725,36.92499999999999,15.707963267948966,52.63296326794895,2,180.0,140,43.94551956230895,0.18462499999999996,4.76514595344064,0.26767854534012137,5.217449498780761,True,
129,18,21,10,0,u,0.0,0.5,49.525,150.0,6.45,150.0,142.725,5.0,43.074999999999996,37.625000000000014,15.707963267948966,53.33296326794898,2,180.0,140,40.974630229445246,0.18812500000000007,4.76514595344064,0.2720833754762147,5.225354328916855,True,
130,39,18,56,10,u,0.0,0.5,111.4,0.0,50.75,150.0,100.2,5.0,60.650000000000006,190.65000000000003,15.707963267948966,206.357963267949,2,180.0,226,30.683417108975878,0.9532500000000002,4.76514595344064,0.4243750772619486,6.142771030702588,True,
131,39,18,56,10,u,0.0,0.5,111.575,0.0,50.925,150.0,100.55,5.0,60.650000000000006,190.64999999999998,15.707963267948966,206.35796326794895,2,180.0,226,36.21191254777843,0.9532499999999999,4.76514595344064,0.4331250913095757,6.151521044750215,True,
132,41,18,50,10,u,0.0,0.5,84.4,0.0,50.225,150.0,93.55,5.0,34.175000000000004,164.175,15.707963267948966,179.88296326794898,2,180.0,239,34.41150866976943,0.820875,4.76514595344064,0.4667857062584983,6.052806659699138,True,
133,41,18,50,10,u,0.0,0.5,84.575,0.0,50.4,150.0,93.725,5.0,34.175000000000004,164.175,15.707963267948966,179.88296326794898,2,180.0,239,30.683417108975878,0.820875,4.76514595344064,0.4635119067687082,6.049532860209348,True,
134,18,53,10,32,u,0.0,0.5,49.7,150.0,2.7,0.0,65.375,5.0,47.0,177.0,15.707963267948966,192.70796326794897,2,180.0,150,30.683417108975878,0.885,4.76514595344064,0.2752084105952824,5.925354364035922,True,
135,18,58,10,40,u,0.0,0.5,49.875,150.0,38.35,0.0,65.2,5.0,11.524999999999999,141.52499999999998,15.707963267948966,157.23296326794895,2,180.0,189,40.97463022944536,0.707625,4.76514595344064,0.34056547318027036,5.813336426620911,True,
136,19,20,12,6,u,0.0,0.5,58.0,150.0,33.275,150.0,141.5,5.0,24.725,21.725,15.707963267948966,37.43296326794896,2,180.0,78,40.974630229445246,0.10862500000000001,4.76514595344064,0.1620237854421631,5.035794738882803,True,
137,19,20,12,6,u,0.0,0.5,58.175,150.0,33.1,150.0,141.325,5.0,25.074999999999996,22.42500000000002,15.707963267948966,38.13296326794898,2,180.0,78,43.94551956230895,0.1121250000000001,4.76514595344064,0.15958329119045206,5.036854244631091,True,
138,19,20,12,6,u,0.0,0.5,58.35,150.0,32.925,150.0,141.15,5.0,25.425000000000004,23.124999999999993,15.707963267948966,38.832963267948955,2,180.0,78,46.764392851017625,0.11562499999999996,4.76514595344064,0.15639877841834957,5.037169731858989,True,
139,19,20,12,6,u,0.0,0.5,58.525,150.0,32.75,150.0,140.975,5.0,25.775,23.82500000000001,15.707963267948966,39.53296326794897,2,180.0,78,49.45839812649548,0.11912500000000005,4.76514595344064,0.15276783205780875,5.037038785498449,True,
140,19,21,12,0,u,0.0,0.5,58.875,150.0,6.275,150.0,140.625,5.0,52.6,51.35,15.707963267948966,67.05796326794896,2,180.0,163,34.41150866976943,0.25675000000000003,4.76514595344064,0.3065476270748343,5.328443580515474,True,
141,19,21,12,0,u,0.0,0.5,59.05,150.0,6.1,150.0,140.45,5.0,52.949999999999996,52.05000000000002,15.707963267948966,67.75796326794898,2,180.0,163,30.683417108975586,0.2602500000000001,4.76514595344064,0.30041665261903944,5.325812606059679,True,
142,19,26,12,4,u,0.0,0.5,58.7,150.0,24.625,150.0,140.8,5.0,34.075,32.47499999999998,15.707963267948966,48.18296326794895,2,180.0,104,37.81448850601433,0.1623749999999999,4.76514595344064,0.21223213984693712,5.139753093287577,True,
143,19,48,12,44,u,0.0,0.5,59.225,150.0,56.35,0.0,64.675,5.0,2.875,142.9832788996569,7.7774161416899545,150.76069504134688,2,89.12262408715102,237,50.74612265122765,0.7149163944982846,2.3593461751605496,0.4154761583673283,3.489738728026162,True,
144,19,48,12,44,u,0.0,0.5,59.4,150.0,56.525,0.0,64.5,5.0,2.875,142.9832788996569,7.7774161416899545,150.76069504134688,2,89.12262408715102,237,50.20818050044279,0.7149163944982846,2.3593461751605496,0.41639877841834927,3.4906613480771833,True,
145,49,19,46,12,u,0.0,0.5,66.925,0.0,59.575,150.0,88.65,5.0,7.349999999999994,140.35751588023086,13.025924044751207,153.38343992498207,2,149.26609440444452,242,32.328064122162395,0.7017875794011543,3.9515262540957075,0.4485416596428527,5.101855493139714,True,
146,1,20,58,6,u,0.0,0.5,120.75,0.0,31.875,150.0,104.575,5.0,88.875,218.875,15.707963267948966,234.58296326794897,2,180.0,227,30.683417108975878,1.094375,4.76514595344064,0.4152976692177154,6.274818622658356,True,
147,48,20,44,6,u,0.0,0.5,56.0,0.0,31.7,150.0,85.5,5.0,24.3,154.3,15.707963267948966,170.00796326794898,2,180.0,196,34.41150866976943,0.7715000000000001,4.76514595344064,0.3667560095748625,5.903401963015503,True,
148,20,53,6,32,u,0.0,0.5,31.0,150.0,2.35,0.0,69.75,5.0,28.65,158.65,15.707963267948966,174.35796326794897,2,180.0,94,26.491570200356207,0.79325,4.76514595344064,0.19440483013609344,5.752800783576733,True,
149,20,53,6,32,u,0.0,0.5,31.175,150.0,2.525,0.0,69.575,5.0,28.650000000000002,158.64999999999998,15.707963267948966,174.35796326794895,2,180.0,94,30.683417108975878,0.7932499999999999,4.76514595344064,0.19104177202386977,5.749437725464509,True,
150,20,57,6,38,u,0.0,0.5,31.525,150.0,29.525,0.0,69.225,5.0,2.0,144.0,6.435011087932843,150.43501108793285,2,73.73979529168804,134,52.77115812492646,0.72,1.9521160396762685,0.24437502107144074,2.9164910607477093,True,
151,2,21,20,0,u,0.0,0.5,94.175,150.0,5.225,150.0,129.95,5.0,88.95,109.05000000000003,15.707963267948966,124.757963267949,2,180.0,243,43.94551956230842,0.5452500000000001,4.76514595344064,0.4327380510884096,5.7431340045290495,True,
152,2,21,20,0,u,0.0,0.5,94.35,150.0,5.05,150.0,129.775,5.0,89.3,109.74999999999999,15.707963267948966,125.45796326794895,2,180.0,243,40.974630229445246,0.54875,4.76514595344064,0.437053538316307,5.750949491756947,True,
153,2,21,20,0,u,0.0,0.5,94.525,150.0,4.875,150.0,129.6,5.0,89.65,110.45000000000002,15.707963267948966,126.15796326794899,2,180.0,243,37.81448850601388,0.5522500000000001,4.76514595344064,0.4409226200510204,5.75831857349166,True,
154,2,21,20,0,u,0.0,0.5,94.7,150.0,4.7,150.0,129.425,5.0,90.0,111.14999999999998,15.707963267948966,126.85796326794895,2,180.0,243,34.41150866976943,0.5557499999999999,4.76514595344064,0.44473216794219067,5.76562812138283,True,
155,2,24,20,8,u,0.0,0.5,94.0,150.0,42.45,150.0,130.125,5.0,51.55,71.3,15.707963267948966,87.00796326794897,2,180.0,161,43.94551956230895,0.3565,4.76514595344064,0.3039880932312916,5.425634046671931,True,
156,47,24,42,8,u,0.0,0.5,47.0,0.0,40.7,150.0,84.625,5.0,6.299999999999997,140.7096824596788,11.917873060989452,152.62755552066824,2,136.56876543347104,192,41.05916165039269,0.7035484122983939,3.6153894442871577,0.3493750210714407,4.668312877656993,True,
157,47,24,42,8,u,0.0,0.5,47.175,0.0,40.875,150.0,84.8,5.0,6.299999999999997,140.7096824596788,11.917873060989452,152.62755552066824,2,136.56876543347104,192,37.9048807460956,0.7035484122983939,3.6153894442871577,0.3460714406122519,4.665009297197804,True,
158,24,54,8,34,u,0.0,0.5,40.175,150.0,12.925,0.0,67.3,5.0,27.249999999999996,157.25,15.707963267948966,172.95796326794897,2,180.0,116,34.41150866976943,0.78625,4.76514595344064,0.21586311430273203,5.767259067743372,True,
159,24,54,8,34,u,0.0,0.5,40.35,150.0,13.1,0.0,67.125,5.0,27.25,157.25,15.707963267948966,172.95796326794897,2,180.0,116,36.21191254777826,0.78625,4.76514595344064,0.21919653192182784,5.770592485362467,True,
160,26,54,4,34,u,0.0,0.5,22.0,150.0,12.4,0.0,71.85,5.0,9.6,140.00800320256258,15.307856524409067,155.31585972697164,2,175.41511444808822,68,37.889216896095476,0.7000400160128128,4.643770126581298,0.13499999999999998,5.478810142594111,True,
161,26,54,4,34,u,0.0,0.5,22.175,150.0,12.575,0.0,71.675,5.0,9.600000000000001,140.00800320256255,15.30785652440909,155.31585972697164,2,175.41511444808825,68,34.49256517957411,0.7000400160128127,4.643770126581305,0.1336904802040839,5.477500622798202,True,
162,57,26,38,4,u,0.0,0.5,29.35,0.0,22.525,150.0,81.125,5.0,6.825000000000003,140.51741728219574,12.477044197570956,152.9944614797667,2,142.97639466380173,117,36.07389274528816,0.7025870864109787,3.785018824831926,0.23136913792522174,4.718975049168126,True,
163,58,26,40,4,u,0.0,0.5,38.175,0.0,22.7,150.0,83.05,5.0,15.474999999999998,145.475,15.707963267948966,161.18296326794896,2,180.0,139,30.683417108975878,0.727375,4.76514595344064,0.250773883775553,5.743294837216193,True,
164,24,29,8,2,u,0.0,0.5,40.0,150.0,15.625,150.0,144.825,5.0,24.375,14.725000000000023,15.707963267948966,30.43296326794899,2,180.0,80,46.764392851017625,0.07362500000000012,4.76514595344064,0.16211307215985069,5.00088402560049,True,
165,57,29,38,2,u,0.0,0.5,29.0,0.0,14.75,150.0,80.775,5.0,14.25,144.25,15.707963267948966,159.95796326794897,2,180.0,116,51.31781254651057,0.7212500000000001,4.76514595344064,0.21526786015306296,5.7016638135937034,True,
166,57,29,38,2,u,0.0,0.5,29.175,0.0,14.925,150.0,80.95,5.0,14.25,144.25,15.707963267948966,159.95796326794897,2,180.0,116,50.580015532940955,0.7212500000000001,4.76514595344064,0.21616072732993946,5.70255668077058,True,
167,33,47,60,42,u,0.0,0.5,128.0,0.0,49.1,0.0,27.75,5.0,78.9,114.4,15.707963267948966,130.10796326794897,2,180.0,217,34.41150866976943,0.5720000000000001,4.76514595344064,0.39735117943876874,5.734497132879408,True,
168,33,47,60,42,u,0.0,0.5,128.175,0.0,48.925,0.0,27.925,5.0,79.25000000000001,115.10000000000001,15.707963267948966,130.80796326794896,2,180.0,217,37.81448850601413,0.5755,4.76514595344064,0.39904757088432574,5.739693524324966,True,
169,33,47,60,42,u,0.0,0.5,128.35,0.0,48.75,0.0,28.1,5.0,79.6,115.79999999999998,15.707963267948966,131.50796326794895,2,180.0,217,40.9746302294453,0.579,4.76514595344064,0.3992558971938455,5.743401850634485,True,
170,33,47,60,42,u,0.0,0.5,128.525,0.0,48.575,0.0,28.275,5.0,79.95,116.5,15.707963267948966,132.20796326794897,2,180.0,217,43.94551956230884,0.5825,4.76514595344064,0.3970832911904517,5.744729244631092,True,
171,33,47,60,42,u,0.0,0.5,128.7,0.0,48.4,0.0,28.45,5.0,80.29999999999998,117.19999999999999,15.707963267948966,132.90796326794896,2,180.0,217,46.764392851017774,0.586,4.76514595344064,0.3947023588775379,5.745848312318178,True,
172,33,47,60,42,u,0.0,0.5,128.875,0.0,48.225,0.0,28.625,5.0,80.65,117.9,15.707963267948966,133.60796326794897,2,180.0,217,46.764392851017824,0.5895,4.76514595344064,0.3888095197959156,5.743455473236556,True,
173,33,47,60,42,u,0.0,0.5,129.05,0.0,48.05,0.0,28.8,5.0,81.00000000000001,118.60000000000001,15.707963267948966,134.30796326794896,2,180.0,217,43.94551956230884,0.5930000000000001,4.76514595344064,0.3877678320578083,5.745913785498448,True,
174,33,47,60,42,u,0.0,0.5,129.225,0.0,47.875,0.0,28.975,5.0,81.35,119.29999999999998,15.707963267948966,135.00796326794895,2,180.0,217,40.974630229445275,0.5964999999999999,4.76514595344064,0.3884820696088011,5.750128023049441,True,
175,33,47,60,42,u,0.0,0.5,129.4,0.0,47.7,0.0,29.15,5.0,81.7,120.0,15.707963267948966,135.70796326794897,2,180.0,217,37.81448850601413,0.6,4.76514595344064,0.3887201768877194,5.753866130328359,True,
176,33,47,60,42,u,0.0,0.5,129.575,0.0,47.525,0.0,29.325,5.0,82.04999999999998,120.69999999999999,15.707963267948966,136.40796326794896,2,180.0,217,34.41150866976943,0.6034999999999999,4.76514595344064,0.38675595338435365,5.755401906824993,True,
177,33,53,60,32,u,0.0,0.5,129.75,0.0,4.275,0.0,29.5,5.0,125.475,164.475,15.707963267948966,180.18296326794896,2,180.0,268,30.68341710897586,0.822375,4.76514595344064,0.47565473180270285,6.063175685243342,True,
178,14,38,26,54,u,0.0,0.5,123.45,150.0,103.625,0.0,42.8,5.0,19.825000000000003,149.825,15.707963267948966,165.53296326794896,2,180.0,163,23.073918065630764,0.7491249999999999,4.76514595344064,0.3352381072789187,5.849509060719559,True,
179,38,18,54,10,u,0.0,0.5,102.925,0.0,50.575,150.0,98.275,5.0,52.349999999999994,182.35,15.707963267948966,198.05796326794896,2,180.0,234,23.794272950536584,0.91175,4.76514595344064,0.4386606992346847,6.115556652675324,True,
180,38,29,54,2,u,0.0,0.5,102.575,0.0,15.1,150.0,97.925,5.0,87.47500000000001,217.47499999999997,15.707963267948966,233.18296326794894,2,180.0,245,32.3280641221621,1.0873749999999998,4.76514595344064,0.45592259195576634,6.308443545396406,True,
181,38,29,54,2,u,0.0,0.5,102.75,0.0,15.275,150.0,98.1,5.0,87.475,217.475,15.707963267948966,233.18296326794896,2,180.0,245,28.357636576327877,1.087375,4.76514595344064,0.45205353831630707,6.304574491756947,True,
182,38,41,54,50,u,0.0,0.5,101.0,0.0,85.625,0.0,8.85,5.0,15.375,13.075,15.707963267948966,28.782963267948965,2,180.0,54,46.764392851017824,0.065375,4.76514595344064,0.12690474585033096,4.957425699290971,True,
183,38,49,54,46,u,0.0,0.5,101.35,0.0,67.625,0.0,21.625,5.0,33.724999999999994,56.974999999999994,15.707963267948966,72.68296326794896,2,180.0,122,30.68341710897586,0.284875,4.76514595344064,0.2526190676870865,5.3026400211277265,True,
184,38,49,54,46,u,0.0,0.5,101.525,0.0,67.45,0.0,21.8,5.0,34.075,57.675,15.707963267948966,73.38296326794897,2,180.0,122,34.41150866976943,0.288375,4.76514595344064,0.2539286155782567,5.307449569018897,True,
185,38,53,54,32,u,0.0,0.5,101.175,0.0,4.625,0.0,20.925,5.0,96.55,118.39999999999999,15.707963267948966,134.10796326794895,2,180.0,245,30.68341710897586,0.592,4.76514595344064,0.45187499297618533,5.809020946416824,True,
186,38,53,54,32,u,0.0,0.5,102.4,0.0,4.45,0.0,22.675,5.0,97.95,123.3,15.707963267948966,139.00796326794895,2,180.0,239,30.68341710897586,0.6165,4.76514595344064,0.43110113729588745,5.8127470907365275,True,
187,38,57,54,38,u,0.0,0.5,101.7,0.0,30.925,0.0,21.975,5.0,70.775,94.725,15.707963267948966,110.43296326794896,2,180.0,202,37.81448850601413,0.47362499999999996,4.76514595344064,0.38883927267006035,5.627610226110701,True,
188,38,57,54,38,u,0.0,0.5,101.875,0.0,30.75,0.0,22.15,5.0,71.125,95.42500000000001,15.707963267948966,111.13296326794898,2,180.0,202,40.974630229445275,0.4771250000000001,4.76514595344064,0.3879167088095477,5.630187662250187,True,
189,38,57,54,38,u,0.0,0.5,102.05,0.0,30.575,0.0,22.325,5.0,71.475,96.125,15.707963267948966,111.83296326794897,2,180.0,202,37.81448850601413,0.480625,4.76514595344064,0.38699397637751015,5.6327649298181495,True,
190,39,24,56,8,u,0.0,0.5,111.225,0.0,42.275,150.0,100.025,5.0,68.94999999999999,198.95,15.707963267948966,214.65796326794896,2,180.0,228,26.491570200356207,0.9947499999999999,4.76514595344064,0.4247322522279534,6.184628205668593,True,
191,39,41,56,50,u,0.0,0.5,110.0,0.0,85.275,0.0,24.775,5.0,24.724999999999994,54.27499999999999,15.707963267948966,69.98296326794896,2,180.0,96,15.203604093292872,0.271375,4.76514595344064,0.2363691098299677,5.272890063270608,True,
192,39,41,56,50,u,0.0,0.5,110.175,0.0,85.1,0.0,14.8,5.0,25.075000000000003,34.675000000000004,15.707963267948966,50.382963267948966,2,180.0,92,7.235206769313383,0.17337500000000003,4.76514595344064,0.21684524010204204,5.155366193542682,True,
193,39,41,56,50,u,0.0,0.5,110.35,0.0,84.925,0.0,14.975,5.0,25.424999999999997,35.375,15.707963267948966,51.08296326794897,2,180.0,92,7.235206769313383,0.176875,4.76514595344064,0.19407735185372488,5.1360983052943645,True,
194,39,47,56,42,u,0.0,0.5,110.7,0.0,49.625,0.0,25.125,5.0,61.075,91.325,15.707963267948966,107.03296326794897,2,180.0,170,37.81448850601413,0.456625,4.76514595344064,0.3083928109863684,5.530163764427008,True,
195,39,47,56,42,u,0.0,0.5,110.875,0.0,49.45,0.0,25.3,5.0,61.425,92.02499999999999,15.707963267948966,107.73296326794896,2,180.0,170,34.41150866976943,0.46012499999999995,4.76514595344064,0.30857144061225206,5.533842394052892,True,
196,39,47,56,42,u,0.0,0.5,111.05,0.0,49.275,0.0,25.475,5.0,61.775,92.725,15.707963267948966,108.43296326794896,2,180.0,170,30.68341710897586,0.46362499999999995,4.76514595344064,0.30699403256801894,5.535764986008658,True,
197,39,49,56,46,u,0.0,0.5,110.525,0.0,67.275,0.0,24.95,5.0,43.25,73.15,15.707963267948966,88.85796326794897,2,180.0,133,34.41150866976943,0.36575,4.76514595344064,0.24931548722789756,5.380211440668537,True,
198,1,41,58,50,u,0.0,0.5,119.0,0.0,84.75,0.0,15.15,5.0,34.25,44.55,15.707963267948966,60.257963267948966,2,180.0,119,8.275470594718055,0.22275,4.76514595344064,0.23616067113943132,5.224056624580071,True,
199,41,24,50,8,u,0.0,0.5,84.05,0.0,41.925,150.0,93.2,5.0,42.125,172.125,15.707963267948966,187.83296326794897,2,180.0,233,30.683417108975878,0.860625,4.76514595344064,0.43744055044221897,6.063211503882858,True,
200,41,24,50,8,u,0.0,0.5,84.225,0.0,42.1,150.0,93.375,5.0,42.12499999999999,172.125,15.707963267948966,187.83296326794897,2,180.0,233,34.41150866976943,0.860625,4.76514595344064,0.44327388377555216,6.069044837216191,True,
201,41,54,50,34,u,0.0,0.5,83.875,0.0,13.45,0.0,15.675,5.0,70.425,81.77499999999999,15.707963267948966,97.48296326794896,2,180.0,188,46.764392851017824,0.408875,4.76514595344064,0.33154759897958025,5.50556855242022,True,
202,41,57,50,38,u,0.0,0.5,83.525,0.0,31.275,0.0,15.325,5.0,52.25000000000001,62.900000000000006,15.707963267948966,78.60796326794897,2,180.0,165,52.04807971075357,0.31450000000000006,4.76514595344064,0.30223211175168285,5.381878065192322,True,
203,41,58,50,40,u,0.0,0.5,83.0,0.0,40.625,0.0,14.8,5.0,42.375,51.974999999999994,15.707963267948966,67.68296326794896,2,180.0,140,43.945519562308846,0.25987499999999997,4.76514595344064,0.2716666666666668,5.296687620107306,True,
204,41,58,50,40,u,0.0,0.5,83.175,0.0,40.45,0.0,14.975,5.0,42.724999999999994,52.675,15.707963267948966,68.38296326794897,2,180.0,140,46.764392851017824,0.26337499999999997,4.76514595344064,0.26616072732993956,5.294681680770579,True,
205,41,58,50,40,u,0.0,0.5,83.35,0.0,40.275,0.0,15.15,5.0,43.074999999999996,53.37499999999999,15.707963267948966,69.08296326794895,2,180.0,140,49.45839812649548,0.266875,4.76514595344064,0.26002969668363624,5.292050650124276,True,
206,14,47,26,42,u,0.0,0.5,122.75,150.0,47.35,0.0,43.5,5.0,75.4,205.4,15.707963267948966,221.10796326794897,2,180.0,244,34.41150866976943,1.0270000000000001,4.76514595344064,0.45339297955789276,6.2455389329985325,True,
207,48,18,44,10,u,0.0,0.5,56.175,0.0,50.05,150.0,85.675,5.0,6.125,140.78130296625386,11.728781648352854,152.5100846146067,2,134.4019374562223,223,38.56791611491987,0.7039065148312693,3.5580269355783303,0.4043155434184053,4.666248993828004,True,
208,51,48,48,44,u,0.0,0.5,74.175,0.0,58.45,0.0,6.4,5.0,15.724999999999994,8.524999999999995,15.707963267948966,24.23296326794896,2,180.0,48,53.84299179900111,0.042624999999999975,4.76514595344064,0.1016963633503029,4.909467316790943,True,
209,51,48,48,44,u,0.0,0.5,74.0,0.0,58.625,0.0,5.0,5.0,15.375,5.375,15.707963267948966,21.082963267948966,2,180.0,48,51.31781254651057,0.026875,4.76514595344064,0.10044637739792996,4.89246733083857,True,
210,17,49,16,46,u,0.0,0.5,77.4,150.0,67.1,0.0,58.725,5.0,10.300000000000011,140.3,15.707963267948966,156.00796326794898,2,180.0,238,37.81448850601428,0.7015000000000001,4.76514595344064,0.4365178742006899,5.90316382764133,True,
211,49,24,46,8,u,0.0,0.5,66.05,0.0,41.05,150.0,87.775,5.0,25.0,155.0,15.707963267948966,170.70796326794897,2,180.0,222,40.974630229445474,0.775,4.76514595344064,0.41011901149657815,5.950264964937218,True,
212,49,24,46,8,u,0.0,0.5,66.225,0.0,41.225,150.0,87.95,5.0,24.999999999999993,155.0,15.707963267948966,170.70796326794897,2,180.0,222,43.94551956230895,0.775,4.76514595344064,0.41672620051020987,5.95687215395085,True,
213,49,24,46,8,u,0.0,0.5,66.4,0.0,41.4,150.0,88.125,5.0,25.000000000000007,155.0,15.707963267948966,170.70796326794897,2,180.0,222,42.2685844295724,0.775,4.76514595344064,0.42178567816324475,5.961931631603885,True,
214,49,24,46,8,u,0.0,0.5,66.575,0.0,41.575,150.0,88.3,5.0,25.0,155.0,15.707963267948966,170.70796326794897,2,180.0,222,39.19496742598291,0.775,4.76514595344064,0.4220833473809605,5.9622293008216,True,
215,49,24,46,8,u,0.0,0.5,66.75,0.0,41.75,150.0,88.475,5.0,25.0,155.0,15.707963267948966,170.70796326794897,2,180.0,222,35.90406858331719,0.775,4.76514595344064,0.4211607554251936,5.961306708865834,True,
216,49,26,46,4,u,0.0,0.5,65.35,0.0,22.875,150.0,87.075,5.0,42.474999999999994,172.475,15.707963267948966,188.18296326794896,2,180.0,203,26.491570200356207,0.862375,4.76514595344064,0.3695238416326714,5.997044795073311,True,
217,49,26,46,4,u,0.0,0.5,65.525,0.0,23.05,150.0,87.25,5.0,42.47500000000001,172.47500000000002,15.707963267948966,188.182963267949,2,180.0,203,30.683417108975878,0.8623750000000001,4.76514595344064,0.37008934290819573,5.997610296348835,True,
218,49,26,46,4,u,0.0,0.5,65.7,0.0,23.225,150.0,87.425,5.0,42.475,172.47500000000002,15.707963267948966,188.182963267949,2,180.0,203,34.41150866976943,0.8623750000000001,4.76514595344064,0.37398812132654535,6.001509074767185,True,
219,49,26,46,4,u,0.0,0.5,65.875,0.0,23.4,150.0,87.6,5.0,42.475,172.475,15.707963267948966,188.18296326794896,2,180.0,203,37.81448850601411,0.862375,4.76514595344064,0.379404773945585,6.006925727386225,True,
220,49,57,46,38,u,0.0,0.5,65.0,0.0,31.625,0.0,10.95,5.0,33.375,35.275,15.707963267948966,50.98296326794896,2,180.0,110,46.764392851017824,0.176375,4.76514595344064,0.214523757346909,5.156044710787549,True,
221,49,57,46,38,u,0.0,0.5,65.175,0.0,31.45,0.0,11.125,5.0,33.724999999999994,35.974999999999994,15.707963267948966,51.68296326794896,2,180.0,110,49.45839812649548,0.17987499999999998,4.76514595344064,0.20824399042513747,5.153264943865778,True,
222,17,51,16,48,u,0.0,0.5,77.575,150.0,75.225,0.0,58.55,5.0,2.3500000000000085,143.559697212087,6.997549963688929,150.55724717577593,2,80.18601597025966,232,47.54584979559903,0.7177984860604351,2.1227670529067173,0.4141368576020136,3.254702396569166,True,
223,17,51,16,48,u,0.0,0.5,77.75,150.0,75.4,0.0,58.375,5.0,2.3499999999999943,143.559697212087,6.997549963688915,150.55724717577593,2,80.18601597025946,232,44.765084671328474,0.7177984860604351,2.122767052906713,0.4169642235033656,3.2575297624705137,True,
224,17,51,16,48,u,0.0,0.5,77.925,150.0,75.575,0.0,58.2,5.0,2.3499999999999943,143.559697212087,6.997549963688915,150.55724717577593,2,80.18601597025946,232,41.840901071389254,0.7177984860604351,2.122767052906713,0.4212202049829741,3.261785743950122,True,
225,51,19,48,12,u,0.0,0.5,75.05,0.0,59.75,150.0,91.275,5.0,15.299999999999997,145.3,15.707963267948966,161.00796326794898,2,180.0,242,30.683417108975586,0.7265,4.76514595344064,0.452767944438825,5.944413897879464,True,
226,51,21,48,0,u,0.0,0.5,74.525,0.0,4.175,150.0,90.75,5.0,70.35000000000001,200.35000000000002,15.707963267948966,216.057963267949,2,180.0,216,30.244041195075233,1.0017500000000001,4.76514595344064,0.4136311149320654,6.180527068372705,True,
227,51,21,48,0,u,0.0,0.5,74.7,0.0,4.35,150.0,90.925,5.0,70.35000000000001,200.35000000000002,15.707963267948966,216.057963267949,2,180.0,216,34.015333317496975,1.0017500000000001,4.76514595344064,0.4150000842857622,6.1818960377264025,True,
228,51,21,48,0,u,0.0,0.5,74.875,0.0,4.525,150.0,91.1,5.0,70.35,200.35,15.707963267948966,216.05796326794896,2,180.0,216,37.44965977663809,1.00175,4.76514595344064,0.41488107278918424,6.181777026229824,True,
229,51,54,48,34,u,0.0,0.5,74.35,0.0,13.625,0.0,12.0,5.0,60.724999999999994,64.725,15.707963267948966,80.43296326794896,2,180.0,172,34.41150866976947,0.323625,4.76514595344064,0.3222917579762422,5.411062711416882,True,
230,29,53,2,32,u,0.0,0.5,13.0,150.0,2.0,0.0,75.7,5.0,11.0,141.0,15.707963267948966,156.70796326794897,2,180.0,32,51.31781254651052,0.705,4.76514595344064,0.06342259195576684,5.533568545396407,True,
231,29,53,2,32,u,0.0,0.5,13.175,150.0,2.175,0.0,75.525,5.0,11.0,141.0,15.707963267948966,156.70796326794897,2,180.0,32,53.842991799001226,0.705,4.76514595344064,0.06407735185372489,5.534223305294365,True,
232,26,54,4,34,u,0.0,0.5,22.35,150.0,12.75,0.0,71.5,5.0,9.600000000000001,140.00800320256258,15.307856524409067,155.31585972697164,2,175.41511444808822,68,30.77315860626104,0.7000400160128128,4.643770126581298,0.13208337547621452,5.475893518070325,True,
233,29,54,2,34,u,0.0,0.5,13.35,150.0,11.0,0.0,75.35,5.0,2.3499999999999996,143.559697212087,6.9975499636889165,150.55724717577593,2,80.18601597025949,62,51.31781254651052,0.7177984860604351,2.1227670529067133,0.12369045210882977,2.9642559910759783,True,
234,29,54,2,34,u,0.0,0.5,13.525,150.0,11.175,0.0,75.175,5.0,2.3499999999999996,143.559697212087,6.9975499636889165,150.55724717577593,2,80.18601597025949,62,52.77115812492644,0.7177984860604351,2.1227670529067133,0.12291665261903957,2.963482191586188,True,
235,29,54,2,34,u,0.0,0.5,13.7,150.0,11.35,0.0,75.0,5.0,2.3499999999999996,143.559697212087,6.9975499636889165,150.55724717577593,2,80.18601597025948,62,50.20818050044275,0.7177984860604351,2.1227670529067133,0.12413688569726797,2.9647024246644165,True,
236,29,54,2,34,u,0.0,0.5,13.875,150.0,11.525,0.0,74.825,5.0,2.3499999999999996,143.559697212087,6.997549963688917,150.55724717577593,2,80.18601597025949,62,47.54584979559903,0.7177984860604351,2.1227670529067137,0.12669639144555697,2.9672619304127057,True,
237,29,54,2,34,u,0.0,0.5,14.05,150.0,11.7,0.0,74.475,5.0,2.3500000000000014,143.559697212087,6.997549963688917,150.55724717577593,2,80.18601597025949,62,44.765084671328445,0.7177984860604351,2.1227670529067137,0.13235115134351502,2.972916690310664,True,
238,29,54,2,34,u,0.0,0.5,14.225,150.0,11.875,0.0,74.3,5.0,2.3499999999999996,143.559697212087,6.9975499636889165,150.55724717577593,2,80.18601597025949,62,41.84090107138922,0.7177984860604351,2.1227670529067133,0.1303273659013519,2.9708929048685,True,
239,29,54,2,34,u,0.0,0.5,14.4,150.0,12.05,0.0,74.125,5.0,2.3499999999999996,143.559697212087,6.9975499636889165,150.55724717577593,2,80.18601597025949,62,38.739424597855596,0.7177984860604351,2.1227670529067133,0.1256547318027038,2.966220270769852,True,
240,29,54,2,34,u,0.0,0.5,14.575,150.0,12.225,0.0,73.95,5.0,2.3499999999999996,143.559697212087,6.9975499636889165,150.55724717577593,2,80.18601597025948,62,35.41263811105964,0.7177984860604351,2.1227670529067133,0.12339283908162228,2.963958378048771,True,
241,2,56,20,36,u,0.0,0.5,95.4,150.0,21.05,0.0,52.95,5.0,74.35000000000001,204.35000000000002,15.707963267948966,220.057963267949,2,180.0,232,43.94551956230884,1.0217500000000002,4.76514595344064,0.42818456896261026,6.21508052240325,True,
242,2,56,20,36,u,0.0,0.5,95.575,150.0,21.225,0.0,52.775,5.0,74.35,204.35,15.707963267948966,220.05796326794896,2,180.0,232,46.76439285101785,1.02175,4.76514595344064,0.42449408875852634,6.211390042199166,True,
243,2,56,20,36,u,0.0,0.5,95.75,150.0,21.4,0.0,52.6,5.0,74.35,204.35,15.707963267948966,220.05796326794896,2,180.0,232,43.94551956230878,1.02175,4.76514595344064,0.42241074137756585,6.209306694818205,True,
244,2,56,20,36,u,0.0,0.5,95.925,150.0,21.575,0.0,52.425,5.0,74.35,204.35000000000002,15.707963267948966,220.057963267949,2,180.0,232,40.97463022944522,1.0217500000000002,4.76514595344064,0.42151784610543513,6.208413799546075,True,
245,20,56,6,36,u,0.0,0.5,31.35,150.0,20.0,0.0,69.4,5.0,11.350000000000001,141.35,15.707963267948966,157.05796326794896,2,180.0,106,34.41150866976943,0.70675,4.76514595344064,0.2086905082993381,5.680586461739979,True,
246,12,57,21,38,u,0.0,0.5,99.55,150.0,29.875,0.0,50.5,5.0,69.675,199.675,15.707963267948966,215.38296326794898,2,180.0,239,39.19496742598291,0.9983750000000001,4.76514595344064,0.44226189272108124,6.205782846161721,True,
247,12,57,21,38,u,0.0,0.5,99.725,150.0,30.05,0.0,50.325,5.0,69.675,199.675,15.707963267948966,215.38296326794898,2,180.0,239,37.81448850601428,0.9983750000000001,4.76514595344064,0.44098212579930973,6.20450307923995,True,
248,24,57,8,38,u,0.0,0.5,40.525,150.0,29.7,0.0,66.95,5.0,10.825,140.825,15.707963267948966,156.53296326794896,2,180.0,153,30.683417108975878,0.704125,4.76514595344064,0.2806548160884666,5.749925769529106,True,
249,38,57,54,38,u,0.0,0.5,102.225,0.0,30.4,0.0,22.5,5.0,71.82499999999999,96.82499999999999,15.707963267948966,112.53296326794896,2,180.0,202,34.41150866976943,0.48412499999999997,4.76514595344064,0.3815475427890718,5.630818496229711,True,
250,41,57,50,38,u,0.0,0.5,83.7,0.0,31.1,0.0,15.5,5.0,52.6,63.6,15.707963267948966,79.30796326794896,2,180.0,165,49.45839812649548,0.318,4.76514595344064,0.30095234482991123,5.38409829827055,True,
251,11,58,52,40,u,0.0,0.5,92.35,0.0,40.1,0.0,18.125,5.0,52.24999999999999,68.5,15.707963267948966,84.20796326794897,2,180.0,161,52.04807971075358,0.3425,4.76514595344064,0.2930059674319817,5.400651920872622,True,
252,11,58,52,40,u,0.0,0.5,92.525,0.0,39.925,0.0,18.3,5.0,52.60000000000001,69.2,15.707963267948966,84.90796326794897,2,180.0,161,49.45839812649548,0.34600000000000003,4.76514595344064,0.2966369418877767,5.407782895328417,True,
253,11,58,52,40,u,0.0,0.5,92.7,0.0,39.75,0.0,18.475,5.0,52.95,69.9,15.707963267948966,85.60796326794897,2,180.0,161,46.764392851017824,0.34950000000000003,4.76514595344064,0.29860119348639663,5.413247146927036,True,
254,11,58,52,40,u,0.0,0.5,92.875,0.0,39.575,0.0,18.65,5.0,53.3,70.6,15.707963267948966,86.30796326794896,2,180.0,161,43.94551956230885,0.353,4.76514595344064,0.29851187867345486,5.416657832114094,True,
255,58,21,40,0,u,0.0,0.5,38.0,0.0,4.0,150.0,82.875,5.0,34.0,164.0,15.707963267948966,179.70796326794897,2,180.0,128,30.683417108975878,0.8200000000000001,4.76514595344064,0.23627982311228024,5.82142577655292,True,
256,61,68,29,61,u,0.0,0.5,136.6,150.0,134.6,0.0,37.55,5.0,2.0,144.0,6.435011087932843,150.43501108793285,2,73.73979529168804,52,47.54584979559903,0.72,1.9521160396762685,0.11491074137756643,2.787026781053835,True,
257,61,68,29,61,u,0.0,0.5,136.775,150.0,134.775,0.0,37.375,5.0,2.0,144.0,6.435011087932843,150.43501108793285,2,73.73979529168804,52,44.76508467132824,0.72,1.9521160396762685,0.11913691379252207,2.7912529534687907,True,
258,69,61,63,29,u,0.0,0.5,143.6,0.0,136.95,150.0,112.625,5.0,6.650000000000006,140.57781872388352,12.291910966930892,152.8697296908144,2,140.8549241111422,30,29.28256764970116,0.7028890936194176,3.728857064724431,0.0904763269388535,4.522222485282702,True,
259,69,61,63,29,u,0.0,0.5,143.775,0.0,137.125,150.0,112.8,5.0,6.650000000000006,140.57781872388352,12.291910966930892,152.8697296908144,2,140.8549241111422,30,30.33544572899343,0.7028890936194176,3.728857064724431,0.09377990739804233,4.525526065741891,True,
260,61,86,29,39,u,0.0,0.5,135.55,150.0,35.25,0.0,38.6,5.0,100.30000000000001,230.3,15.707963267948966,246.00796326794898,2,180.0,232,37.81448850601411,1.1515000000000002,4.76514595344064,0.43345237292516414,6.350098326365805,True,
261,61,86,29,39,u,0.0,0.5,135.725,150.0,35.425,0.0,38.425,5.0,100.3,230.3,15.707963267948966,246.00796326794898,2,180.0,232,40.9746302294453,1.1515000000000002,4.76514595344064,0.42872023307822715,6.345366186518867,True,
262,61,86,29,39,u,0.0,0.5,135.9,150.0,35.6,0.0,38.25,5.0,100.30000000000001,230.3,15.707963267948966,246.00796326794898,2,180.0,232,43.94551956230884,1.1515000000000002,4.76514595344064,0.4236012215816492,6.34024717502229,True,
263,61,86,29,39,u,0.0,0.5,136.075,150.0,35.775,0.0,38.075,5.0,100.29999999999998,230.29999999999995,15.707963267948966,246.00796326794892,2,180.0,232,46.764392851017796,1.1514999999999997,4.76514595344064,0.41747030331636276,6.334116256757002,True,
264,61,86,29,39,u,0.0,0.5,136.25,150.0,35.95,0.0,37.9,5.0,100.3,230.29999999999998,15.707963267948966,246.00796326794895,2,180.0,232,49.45839812649543,1.1515,4.76514595344064,0.4107739118708058,6.327419865311445,True,
265,61,114,29,3,u,0.0,0.5,135.2,150.0,19.775,150.0,115.95,5.0,115.42499999999998,163.52499999999998,15.707963267948966,179.23296326794895,2,180.0,240,30.683417108975878,0.8176249999999999,4.76514595344064,0.4406845127721014,6.023455466212741,True,
266,61,118,29,9,u,0.0,0.5,134.675,150.0,45.9,150.0,116.475,5.0,88.775,135.82500000000002,15.707963267948966,151.532963267949,2,180.0,204,40.974630229445246,0.6791250000000001,4.76514595344064,0.3756547598979572,5.819925713338597,True,
267,61,118,29,9,u,0.0,0.5,134.85,150.0,45.725,150.0,116.3,5.0,89.125,136.525,15.707963267948966,152.23296326794897,2,180.0,204,37.81448850601411,0.682625,4.76514595344064,0.37806547318026956,5.825836426620909,True,
268,61,118,29,9,u,0.0,0.5,135.025,150.0,45.55,150.0,116.125,5.0,89.47500000000001,137.22500000000002,15.707963267948966,152.932963267949,2,180.0,204,34.41150866976943,0.6861250000000001,4.76514595344064,0.3780357203061251,5.829306673746764,True,
269,71,62,24,53,u,0.0,0.5,113.225,150.0,98.6,0.0,46.125,5.0,14.625,144.625,15.707963267948966,160.33296326794897,2,180.0,185,37.81448850601411,0.723125,4.76514595344064,0.3652381353741727,5.853509088814813,True,
270,71,62,24,53,u,0.0,0.5,113.4,150.0,98.775,0.0,45.95,5.0,14.625,144.625,15.707963267948966,160.33296326794897,2,180.0,185,34.41150866976943,0.723125,4.76514595344064,0.3696726621939023,5.857943615634542,True,
271,71,62,24,53,u,0.0,0.5,113.575,150.0,98.95,0.0,45.775,5.0,14.625,144.625,15.707963267948966,160.33296326794897,2,180.0,185,30.683417108975696,0.723125,4.76514595344064,0.3698214546598789,5.858092408100519,True,
272,71,62,24,53,u,0.0,0.5,113.75,150.0,99.125,0.0,45.6,5.0,14.625,144.625,15.707963267948966,160.33296326794897,2,180.0,185,26.49157020035603,0.723125,4.76514595344064,0.3721429093197577,5.860413862760398,True,
273,62,116,53,1,u,0.0,0.5,97.375,0.0,9.025,150.0,96.0,5.0,88.35,218.35,15.707963267948966,234.05796326794896,2,180.0,256,30.683417108975842,1.09175,4.76514595344064,0.49502986525515985,6.3519258186958,True,
274,62,116,53,1,u,0.0,0.5,97.55,0.0,9.2,150.0,96.175,5.0,88.35,218.34999999999997,15.707963267948966,234.05796326794894,2,180.0,256,34.411508669769404,1.0917499999999998,4.76514595344064,0.49758939909870287,6.354485352539343,True,
275,62,116,53,1,u,0.0,0.5,97.725,0.0,9.375,150.0,96.35,5.0,88.35,218.35,15.707963267948966,234.05796326794896,2,180.0,256,37.81448850601407,1.09175,4.76514595344064,0.4972024431632995,6.3540983966039395,True,
276,66,68,31,61,u,0.0,0.5,145.6,150.0,134.95,0.0,33.875,5.0,10.650000000000006,140.65,15.707963267948966,156.35796326794897,2,180.0,30,37.81448850601411,0.70325,4.76514595344064,0.07190480204083925,5.5403007554814785,True,
277,66,68,31,61,u,0.0,0.5,145.775,150.0,135.125,0.0,33.7,5.0,10.650000000000006,140.65,15.707963267948966,156.35796326794897,2,180.0,30,34.41150866976957,0.70325,4.76514595344064,0.07229170178573434,5.540687655226374,True,
278,66,69,31,63,u,0.0,0.5,145.95,150.0,143.95,0.0,33.525,5.0,2.0,144.0,6.435011087932843,150.43501108793285,2,73.73979529168804,0,,0.72,1.9521160396762685,0.0,2.6721160396762684,True,
279,66,69,31,63,u,0.0,0.5,146.125,150.0,144.125,0.0,33.35,5.0,2.0,144.0,6.435011087932843,150.43501108793285,2,73.73979529168804,0,,0.72,1.9521160396762685,0.0,2.6721160396762684,True,
280,66,70,31,51,u,0.0,0.5,144.9,150.0,88.9,0.0,34.575,5.0,56.0,186.0,15.707963267948966,201.70796326794897,2,180.0,162,39.19496742598291,0.93,4.76514595344064,0.31625001404762665,6.011395967488266,True,
281,66,70,31,51,u,0.0,0.5,145.075,150.0,89.075,0.0,34.4,5.0,55.999999999999986,185.99999999999997,15.707963267948966,201.70796326794894,2,180.0,162,42.268584429572165,0.9299999999999998,4.76514595344064,0.3089285874830021,6.004074540923641,True,
282,66,70,31,51,u,0.0,0.5,145.25,150.0,89.25,0.0,34.225,5.0,56.0,186.0,15.707963267948966,201.70796326794897,2,180.0,162,45.17045594982257,0.93,4.76514595344064,0.30035711877549626,5.9955030722161355,True,
283,66,70,31,51,u,0.0,0.5,145.425,150.0,89.425,0.0,34.05,5.0,56.000000000000014,186.0,15.707963267948966,201.70796326794897,2,180.0,162,47.93293519750492,0.93,4.76514595344064,0.2942558690985918,5.989401822539231,True,
284,66,71,31,24,u,0.0,0.5,143.85,150.0,114.45,150.0,132.925,5.0,29.39999999999999,43.54999999999997,15.707963267948966,59.25796326794894,2,180.0,97,15.203604093292396,0.21774999999999986,4.76514595344064,0.1931845127721026,5.176080466212742,True,
285,66,71,31,24,u,0.0,0.5,144.025,150.0,114.275,150.0,132.75,5.0,29.75,44.25,15.707963267948966,59.95796326794897,2,180.0,97,21.565185015242342,0.22125,4.76514595344064,0.18255950574828905,5.168955459188929,True,
286,66,71,31,24,u,0.0,0.5,143.5,150.0,114.625,150.0,133.1,5.0,28.875,42.67500000000001,15.707963267948966,58.38296326794898,2,180.0,96,51.31781254651063,0.21337500000000006,4.76514595344064,0.17907732375847074,5.157598277199111,True,
287,66,89,31,33,u,0.0,0.5,144.725,150.0,8.95,0.0,34.75,5.0,135.775,265.775,15.707963267948966,281.48296326794895,2,180.0,257,35.90406858331696,1.3288749999999998,4.76514595344064,0.48398814942179835,6.578009102862438,True,
288,66,101,31,17,u,0.0,0.5,143.675,150.0,82.6,150.0,113.675,5.0,61.07500000000002,113.72500000000002,15.707963267948966,129.432963267949,2,180.0,178,15.203604093292396,0.5686250000000002,4.76514595344064,0.3928572592517665,5.726628212692406,True,
289,66,111,31,19,u,0.0,0.5,144.2,150.0,91.95,150.0,113.325,5.0,52.249999999999986,105.59999999999998,15.707963267948966,121.30796326794895,2,180.0,157,21.565185015242495,0.5279999999999999,4.76514595344064,0.3239881213265451,5.6171340747671845,True,
290,66,113,31,5,u,0.0,0.5,144.55,150.0,28.6,150.0,112.975,5.0,115.95000000000002,170.00000000000003,15.707963267948966,185.707963267949,2,180.0,221,26.49157020035585,0.8500000000000002,4.76514595344064,0.3963690536394584,6.0115150070800984,True,
291,66,118,31,9,u,0.0,0.5,144.375,150.0,45.375,150.0,113.15,5.0,99.0,152.7,15.707963267948966,168.40796326794896,2,180.0,211,30.683417108975878,0.7635,4.76514595344064,0.3812202049829734,5.909866158423613,True,
292,68,72,61,57,u,0.0,0.5,132.5,0.0,117.125,0.0,5.0,5.0,15.375,5.375,15.707963267948966,21.082963267948966,2,180.0,48,51.31781254651057,0.026875,4.76514595344064,0.0994047177550768,4.891425671195717,True,
293,68,72,61,57,u,0.0,0.5,132.675,0.0,116.95,0.0,6.4,5.0,15.725000000000009,8.52500000000001,15.707963267948966,24.232963267948975,2,180.0,48,53.842991799001126,0.042625000000000045,4.76514595344064,0.09869042401357558,4.906461377454216,True,
294,68,72,61,57,u,0.0,0.5,132.85,0.0,116.775,0.0,6.575,5.0,16.07499999999999,9.224999999999989,15.707963267948966,24.932963267948956,2,180.0,48,56.289285218573994,0.046124999999999944,4.76514595344064,0.09770829821426559,4.908979251654905,True,
295,68,72,61,57,u,0.0,0.5,133.025,0.0,116.6,0.0,8.675,5.0,16.42500000000001,13.775000000000013,15.707963267948966,29.48296326794898,2,180.0,54,43.94551956230873,0.06887500000000006,4.76514595344064,0.13020835440477396,4.964229307845414,True,
296,68,76,61,47,u,0.0,0.5,133.375,0.0,71.775,0.0,30.2,5.0,61.599999999999994,102.0,15.707963267948966,117.70796326794897,2,180.0,183,30.68341710897586,0.51,4.76514595344064,0.36264876437072163,5.637794717811361,True,
297,68,76,61,47,u,0.0,0.5,133.55,0.0,71.6,0.0,30.375,5.0,61.95000000000002,102.70000000000002,15.707963267948966,118.40796326794899,2,180.0,183,34.41150866976943,0.5135000000000001,4.76514595344064,0.3585118505781995,5.637157804018839,True,
298,68,76,61,47,u,0.0,0.5,133.725,0.0,71.425,0.0,30.55,5.0,62.3,103.39999999999999,15.707963267948966,119.10796326794896,2,180.0,183,30.68341710897572,0.517,4.76514595344064,0.35357135632648856,5.635717309767129,True,
299,68,77,61,49,u,0.0,0.5,133.2,0.0,80.6,0.0,13.05,5.0,52.599999999999994,58.69999999999999,15.707963267948966,74.40796326794896,2,180.0,173,15.203604093293503,0.2934999999999999,4.76514595344064,0.32351187867345443,5.382157832114094,True,
300,68,113,61,5,u,0.0,0.5,134.425,0.0,28.425,150.0,109.475,5.0,106.00000000000001,236.00000000000003,15.707963267948966,251.707963267949,2,180.0,226,34.41150866976943,1.1800000000000002,4.76514595344064,0.4399405504422184,6.385086503882858,True,
301,68,116,61,1,u,0.0,0.5,133.9,0.0,10.775,150.0,108.95,5.0,123.125,253.125,15.707963267948966,268.83296326794897,2,180.0,273,31.903522134603627,1.265625,4.76514595344064,0.5140477113605957,6.544818664801236,True,
302,68,116,61,1,u,0.0,0.5,134.075,0.0,10.95,150.0,109.125,5.0,123.12499999999999,253.125,15.707963267948966,268.83296326794897,2,180.0,273,35.517392829420224,1.265625,4.76514595344064,0.5184227324320366,6.549193685872677,True,
303,68,116,61,1,u,0.0,0.5,134.25,0.0,11.125,150.0,109.3,5.0,123.125,253.125,15.707963267948966,268.83296326794897,2,180.0,273,38.836447963940856,1.265625,4.76514595344064,0.5169048863266008,6.5476758397672405,True,
304,69,73,63,59,u,0.0,0.5,142.725,0.0,125.6,0.0,32.825,5.0,17.125,62.775000000000006,15.707963267948966,78.48296326794897,2,180.0,52,34.41150866976957,0.313875,4.76514595344064,0.12583338952384157,5.204854342964482,True,
305,69,73,63,59,u,0.0,0.5,142.025,0.0,126.125,0.0,10.95,5.0,15.900000000000006,17.800000000000004,15.707963267948966,33.507963267948966,2,180.0,51,51.31781254651057,0.08900000000000002,4.76514595344064,0.10511898340132379,4.959264936841964,True,
306,69,73,63,59,u,0.0,0.5,142.375,0.0,125.95,0.0,20.05,5.0,16.424999999999997,36.52500000000001,15.707963267948966,52.232963267948975,2,180.0,52,53.84299179900132,0.18262500000000007,4.76514595344064,0.10479161749997186,5.052562570940611,True,
307,69,73,63,59,u,0.0,0.5,142.55,0.0,125.775,0.0,32.65,5.0,16.775000000000006,62.075,15.707963267948966,77.78296326794897,2,180.0,52,30.68341710897586,0.310375,4.76514595344064,0.12514876437072242,5.200669717811362,True,
308,69,77,63,49,u,0.0,0.5,142.2,0.0,80.95,0.0,11.125,5.0,61.249999999999986,63.499999999999986,15.707963267948966,79.20796326794895,2,180.0,197,49.45839812649543,0.31749999999999995,4.76514595344064,0.360565445085016,5.443211398525656,True,
309,69,79,63,43,u,0.0,0.5,141.5,0.0,53.775,0.0,6.925,5.0,87.725,81.57499999999999,15.707963267948966,97.28296326794896,2,180.0,288,49.45839812649544,0.40787499999999993,4.76514595344064,0.5111309182652857,5.684151871705925,True,
310,69,79,63,43,u,0.0,0.5,141.675,0.0,53.6,0.0,7.1,5.0,88.07500000000002,82.275,15.707963267948966,97.98296326794897,2,180.0,288,46.76439285101784,0.41137500000000005,4.76514595344064,0.5202380510884095,5.696759004529049,True,
311,69,79,63,43,u,0.0,0.5,141.85,0.0,53.425,0.0,7.275,5.0,88.425,82.97500000000001,15.707963267948966,98.68296326794898,2,180.0,288,43.94551956230873,0.41487500000000005,4.76514595344064,0.5315178180101814,5.7115387714508215,True,
312,69,99,63,25,u,0.0,0.5,143.075,0.0,118.775,150.0,112.1,5.0,24.299999999999983,154.29999999999998,15.707963267948966,170.00796326794895,2,180.0,92,34.41150866976943,0.7715,4.76514595344064,0.2117857905442614,5.7484317439849,True,
313,69,99,63,25,u,0.0,0.5,143.25,0.0,118.95,150.0,112.275,5.0,24.299999999999997,154.3,15.707963267948966,170.00796326794898,2,180.0,92,30.683417108975657,0.7715000000000001,4.76514595344064,0.20928581863951556,5.745931772080156,True,
314,69,99,63,25,u,0.0,0.5,143.425,0.0,119.125,150.0,112.45,5.0,24.30000000000001,154.3,15.707963267948966,170.00796326794898,2,180.0,92,26.49157020035585,0.7715000000000001,4.76514595344064,0.20886919411573013,5.74551514755637,True,
315,69,111,63,19,u,0.0,0.5,142.9,0.0,91.775,150.0,111.925,5.0,51.125,181.125,15.707963267948966,196.83296326794897,2,180.0,161,33.15248379692644,0.905625,4.76514595344064,0.32125012642864326,5.992021079869283,True,
316,72,70,57,51,u,0.0,0.5,114.675,0.0,89.775,0.0,26.175,5.0,24.89999999999999,57.249999999999986,15.707963267948966,72.95796326794895,2,180.0,97,15.203604093292872,0.28624999999999995,4.76514595344064,0.22711307215985113,5.278509025600491,True,
317,72,70,57,51,u,0.0,0.5,114.5,0.0,90.125,0.0,6.4,5.0,24.375,17.175,15.707963267948966,32.882963267948966,2,180.0,80,51.31781254651057,0.085875,4.76514595344064,0.15624998595237305,5.007270939393012,True,
318,73,70,59,51,u,0.0,0.5,123.5,0.0,89.95,0.0,27.575,5.0,33.55,68.7,15.707963267948966,84.40796326794897,2,180.0,125,15.203604093292872,0.3435,4.76514595344064,0.2758035804591889,5.384449533899828,True,
319,73,70,59,51,u,0.0,0.5,123.675,0.0,89.6,0.0,12.875,5.0,34.075,39.825,15.707963267948966,55.53296326794897,2,180.0,122,15.203604093292872,0.19912500000000002,4.76514595344064,0.2623214265646249,5.226592380005265,True,
320,70,79,51,43,u,0.0,0.5,87.5,0.0,54.125,0.0,6.575,5.0,33.375,26.525,15.707963267948966,42.23296326794896,2,180.0,108,46.76439285101783,0.132625,4.76514595344064,0.2077678320578091,5.105538785498449,True,
321,70,79,51,43,u,0.0,0.5,87.675,0.0,53.95,0.0,6.75,5.0,33.724999999999994,27.224999999999994,15.707963267948966,42.93296326794896,2,180.0,108,49.45839812649543,0.13612499999999997,4.76514595344064,0.20559514176865268,5.106866095209292,True,
322,70,84,51,41,u,0.0,0.5,87.85,0.0,45.125,0.0,17.25,5.0,42.724999999999994,57.224999999999994,15.707963267948966,72.93296326794896,2,180.0,138,30.683417108975785,0.28612499999999996,4.76514595344064,0.25505942146252714,5.306330374903167,True,
323,93,70,27,51,u,0.0,0.5,127.775,150.0,88.725,0.0,41.925,5.0,39.05000000000001,169.05,15.707963267948966,184.75796326794898,2,180.0,184,34.41150866976943,0.8452500000000001,4.76514595344064,0.36848215389456346,5.978878107335203,True,
324,111,70,19,51,u,0.0,0.5,91.25,150.0,88.375,0.0,54.175,5.0,2.875,142.9832788996569,7.7774161416899545,150.76069504134688,2,89.12262408715102,219,50.20818050044273,0.7149163944982846,2.3593461751605496,0.3889582841666376,3.4632208538254714,True,
325,111,70,19,51,u,0.0,0.5,91.425,150.0,88.55,0.0,54.0,5.0,2.875,142.9832788996569,7.7774161416899545,150.76069504134688,2,89.12262408715102,219,47.54584979559903,0.7149163944982846,2.3593461751605496,0.388988037040782,3.463250606699616,True,
326,70,113,51,5,u,0.0,0.5,88.025,0.0,27.725,150.0,94.425,5.0,60.300000000000004,190.3,15.707963267948966,206.00796326794898,2,180.0,230,30.683417108975878,0.9515000000000001,4.76514595344064,0.43297624265309026,6.1496221960937305,True,
327,70,118,51,9,u,0.0,0.5,88.2,0.0,45.025,150.0,94.6,5.0,43.175000000000004,173.175,15.707963267948966,188.88296326794898,2,180.0,237,30.683417108975878,0.8658750000000001,4.76514595344064,0.43997035950687113,6.070991312947511,True,
328,73,71,59,24,u,0.0,0.5,124.55,0.0,113.925,150.0,106.15,5.0,10.625,140.625,15.707963267948966,156.33296326794897,2,180.0,133,38.73942459785555,0.703125,4.76514595344064,0.28321432183675543,5.751485275277395,True,
329,73,71,59,24,u,0.0,0.5,124.725,0.0,114.1,150.0,106.325,5.0,10.625,140.625,15.707963267948966,156.33296326794897,2,180.0,133,37.81448850601411,0.703125,4.76514595344064,0.2812202611734827,5.749491214614123,True,
330,71,86,24,39,u,0.0,0.5,113.05,150.0,35.075,0.0,46.3,5.0,77.975,207.97500000000002,15.707963267948966,223.682963267949,2,180.0,243,35.904068583317255,1.039875,4.76514595344064,0.4562797669217706,6.261300720362411,True,
331,71,108,24,13,u,0.0,0.5,112.0,150.0,65.125,150.0,126.45,5.0,46.875,73.97500000000002,15.707963267948944,89.68296326794896,2,180.0,146,15.203604093292752,0.3698750000000001,4.765145953440633,0.3247620051020979,5.459782958542731,True,
332,71,111,24,19,u,0.0,0.5,112.175,150.0,92.125,150.0,133.1,5.0,20.049999999999997,33.85000000000001,15.707963267948966,49.55796326794898,2,180.0,67,15.203604093292752,0.16925000000000004,4.76514595344064,0.14729170178573428,5.081687655226374,True,
333,93,72,27,57,u,0.0,0.5,128.125,150.0,116.425,0.0,41.575,5.0,11.700000000000003,141.7,15.707963267948966,157.40796326794896,2,180.0,114,26.491570200356207,0.7084999999999999,4.76514595344064,0.23011915197284902,5.703765105413488,True,
334,72,108,57,13,u,0.0,0.5,115.9,0.0,64.075,150.0,102.825,5.0,51.825,181.825,15.707963267948966,197.53296326794896,2,180.0,223,34.41150866976943,0.909125,4.76514595344064,0.41761903959183105,6.0918899930324715,True,
335,72,108,57,13,u,0.0,0.5,116.075,0.0,64.25,150.0,103.0,5.0,51.825,181.825,15.707963267948966,197.53296326794896,2,180.0,223,30.683417108975878,0.909125,4.76514595344064,0.4194642515986189,6.093735205039259,True,
336,72,108,57,13,u,0.0,0.5,116.25,0.0,64.425,150.0,103.175,5.0,51.825,181.825,15.707963267948966,197.53296326794896,2,180.0,223,26.491570200356207,0.909125,4.76514595344064,0.4215476551700875,6.0958186086107276,True,
337,72,113,57,5,u,0.0,0.5,115.375,0.0,28.075,150.0,102.125,5.0,87.3,217.3,15.707963267948966,233.00796326794898,2,180.0,226,41.040259062778546,1.0865,4.76514595344064,0.425684597057864,6.277330550498504,True,
338,72,116,57,1,u,0.0,0.5,114.85,0.0,10.25,150.0,101.6,5.0,104.6,234.6,15.707963267948966,250.30796326794896,2,180.0,258,30.767700916511465,1.173,4.76514595344064,0.4877083263095186,6.425854279750158,True,
339,72,116,57,1,u,0.0,0.5,115.025,0.0,10.425,150.0,101.775,5.0,104.60000000000001,234.6,15.707963267948966,250.30796326794896,2,180.0,258,34.48763434847013,1.173,4.76514595344064,0.4836607554251924,6.421806708865832,True,
340,72,116,57,1,u,0.0,0.5,115.2,0.0,10.6,150.0,101.95,5.0,104.60000000000001,234.60000000000002,15.707963267948966,250.307963267949,2,180.0,258,37.88467019869185,1.173,4.76514595344064,0.4784821819898169,6.416628135430456,True,
341,61,73,29,59,u,0.0,0.5,136.425,150.0,125.425,0.0,37.725,5.0,11.000000000000014,141.0,15.707963267948966,156.70796326794897,2,180.0,76,34.41150866976943,0.705,4.76514595344064,0.1763393850510774,5.6464853384917175,True,
342,73,99,59,25,u,0.0,0.5,124.9,0.0,118.25,150.0,106.5,5.0,6.650000000000006,140.57781872388352,12.291910966930889,152.8697296908144,2,140.8549241111422,126,39.895267844395924,0.7028890936194176,3.72885706472443,0.26482139846937064,4.696567556813219,True,
343,73,99,59,25,u,0.0,0.5,125.075,0.0,118.425,150.0,106.675,5.0,6.650000000000006,140.57781872388352,12.291910966930889,152.8697296908144,2,140.8549241111422,126,36.65755694672504,0.7028890936194176,3.72885706472443,0.25848215389456436,4.690228312238412,True,
344,73,99,59,25,u,0.0,0.5,125.25,0.0,118.6,150.0,106.85,5.0,6.650000000000006,140.57781872388352,12.291910966930889,152.8697296908144,2,140.8549241111422,126,33.152483796926674,0.7028890936194176,3.72885706472443,0.252291757976243,4.684037916320091,True,
345,73,108,59,13,u,0.0,0.5,124.2,0.0,64.6,150.0,105.625,5.0,59.60000000000001,189.60000000000002,15.707963267948966,205.307963267949,2,180.0,218,31.78833061705162,0.9480000000000002,4.76514595344064,0.4091964476360643,6.122342401076704,True,
346,73,111,59,19,u,0.0,0.5,124.375,0.0,91.6,150.0,105.8,5.0,32.775000000000006,162.775,15.707963267948966,178.48296326794897,2,180.0,187,35.412638111059486,0.813875,4.76514595344064,0.3705357764966332,5.949556729937274,True,
347,73,113,59,5,u,0.0,0.5,123.85,0.0,28.25,150.0,105.275,5.0,95.6,225.6,15.707963267948966,241.30796326794896,2,180.0,230,23.073918065630764,1.128,4.76514595344064,0.4220238416326704,6.31516979507331,True,
348,73,117,59,7,u,0.0,0.5,124.025,0.0,36.725,150.0,105.45,5.0,87.30000000000001,217.3,15.707963267948966,233.00796326794898,2,180.0,232,27.74847870065354,1.0865,4.76514595344064,0.428154787993211,6.279800741433851,True,
349,74,76,55,47,u,0.0,0.5,105.85,0.0,72.125,0.0,23.725,5.0,33.724999999999994,61.175,15.707963267948966,76.88296326794897,2,180.0,118,26.491570200356218,0.305875,4.76514595344064,0.24934526819729666,5.320366221637936,True,
350,74,76,55,47,u,0.0,0.5,106.025,0.0,71.95,0.0,23.9,5.0,34.075,61.875,15.707963267948966,77.58296326794897,2,180.0,118,21.565185015242502,0.309375,4.76514595344064,0.2456845408673572,5.320205494307997,True,
351,74,77,55,49,u,0.0,0.5,105.675,0.0,80.775,0.0,23.375,5.0,24.89999999999999,51.64999999999999,15.707963267948966,67.35796326794896,2,180.0,93,15.203604093293503,0.25825,4.76514595344064,0.22517868581639225,5.248574639257033,True,
352,74,77,55,49,u,0.0,0.5,105.5,0.0,81.125,0.0,10.95,5.0,24.375,26.275,15.707963267948966,41.98296326794896,2,180.0,90,23.019033919048937,0.131375,4.76514595344064,0.19172614431970164,5.088247097760342,True,
353,74,78,55,45,u,0.0,0.5,106.2,0.0,63.125,0.0,24.075,5.0,43.075,71.22500000000001,15.707963267948966,86.93296326794898,2,180.0,144,15.203604093292872,0.356125,4.76514595344064,0.31747030331636383,5.4387412567570035,True,
354,74,78,55,45,u,0.0,0.5,106.375,0.0,62.95,0.0,9.025,5.0,43.425,41.474999999999994,15.707963267948966,57.18296326794896,2,180.0,152,15.203604093292872,0.20737499999999998,4.76514595344064,0.3233035804591888,5.295824533899828,True,
355,74,78,55,45,u,0.0,0.5,106.55,0.0,62.775,0.0,9.2,5.0,43.775,42.175,15.707963267948966,57.882963267948966,2,180.0,152,21.565185015242495,0.21087499999999998,4.76514595344064,0.29747016284009303,5.2734911162807325,True,
356,74,78,55,45,u,0.0,0.5,106.725,0.0,62.6,0.0,9.375,5.0,44.12499999999999,42.875,15.707963267948966,58.58296326794897,2,180.0,152,23.019033919048937,0.214375,4.76514595344064,0.2976487362754683,5.277169689716109,True,
357,93,74,27,55,u,0.0,0.5,127.95,150.0,108.125,0.0,41.75,5.0,19.825000000000003,149.825,15.707963267948966,165.53296326794896,2,180.0,135,30.683417108975878,0.7491249999999999,4.76514595344064,0.2670536506973246,5.781324604137964,True,
358,98,74,23,55,u,0.0,0.5,109.6,150.0,107.425,0.0,47.35,5.0,2.174999999999997,143.77349415803695,6.721254849107022,150.49474900714398,2,77.01990717713423,173,47.54584979559903,0.7188674707901848,2.038950550108306,0.31598212579930984,3.0738001466978,True,
359,98,74,23,55,u,0.0,0.5,109.775,150.0,107.6,0.0,47.175,5.0,2.1750000000000114,143.77349415803693,6.721254849107038,150.49474900714395,2,77.01990717713446,173,44.76508467132824,0.7188674707901846,2.0389505501083103,0.31976194891158977,3.0775799698100847,True,
360,98,74,23,55,u,0.0,0.5,109.95,150.0,107.775,0.0,47.0,5.0,2.174999999999997,143.77349415803695,6.721254849107014,150.49474900714398,2,77.01990717713423,173,41.840901071389155,0.7188674707901848,2.038950550108303,0.32205359450681575,3.0798716154053034,True,
361,74,113,55,5,u,0.0,0.5,106.9,0.0,27.9,150.0,99.15,5.0,79.0,209.0,15.707963267948966,224.70796326794897,2,180.0,222,34.41150866976943,1.045,4.76514595344064,0.39642850319723894,6.206574456637878,True,
362,74,118,55,9,u,0.0,0.5,107.075,0.0,45.2,150.0,99.325,5.0,61.875,191.875,15.707963267948966,207.58296326794897,2,180.0,227,30.683417108975878,0.959375,4.76514595344064,0.4057441028061529,6.130265056246793,True,
363,76,80,47,35,u,0.0,0.5,69.5,0.0,17.075,0.0,11.3,5.0,52.425,55.02499999999999,15.707963267948966,70.73296326794896,2,180.0,156,46.76439285101785,0.27512499999999995,4.76514595344064,0.28830349617342627,5.328574449614066,True,
364,76,80,47,35,u,0.0,0.5,69.675,0.0,16.9,0.0,11.475,5.0,52.775,55.725,15.707963267948966,71.43296326794896,2,180.0,156,43.945519562308874,0.278625,4.76514595344064,0.29166661047615816,5.3354375639167975,True,
365,76,80,47,35,u,0.0,0.5,69.85,0.0,16.725,0.0,11.65,5.0,53.12499999999999,56.42499999999999,15.707963267948966,72.13296326794895,2,180.0,156,40.974630229445374,0.28212499999999996,4.76514595344064,0.29413685760201363,5.341407811042653,True,
366,76,80,47,35,u,0.0,0.5,70.025,0.0,16.55,0.0,11.825,5.0,53.47500000000001,57.125000000000014,15.707963267948966,72.83296326794898,2,180.0,156,37.814488506014165,0.2856250000000001,4.76514595344064,0.2947023869727924,5.345473340413433,True,
367,93,76,27,47,u,0.0,0.5,127.425,150.0,71.075,0.0,42.275,5.0,56.349999999999994,186.35,15.707963267948966,202.05796326794896,2,180.0,208,26.49157020035603,0.93175,4.76514595344064,0.40244046615645596,6.099336419597096,True,
368,93,76,27,47,u,0.0,0.5,127.6,150.0,71.25,0.0,42.1,5.0,56.349999999999994,186.35,15.707963267948966,202.05796326794896,2,180.0,208,30.683417108975696,0.93175,4.76514595344064,0.40511909578233957,6.102015049222979,True,
369,76,108,47,13,u,0.0,0.5,70.725,0.0,63.2,150.0,90.05,5.0,7.5249999999999915,140.31112106588176,13.206972033252088,153.51809309913386,2,151.34075153053118,241,34.015333317496975,0.7015556053294089,4.006448720813201,0.45794646168369113,5.165950787826301,True,
370,76,108,47,13,u,0.0,0.5,70.9,0.0,63.375,150.0,90.225,5.0,7.525000000000006,140.31112106588176,13.206972033252102,153.51809309913386,2,151.34075153053135,241,30.244041195075233,0.7015556053294089,4.006448720813205,0.4608928952721294,5.168897221414744,True,
371,76,113,47,5,u,0.0,0.5,70.55,0.0,27.375,150.0,89.875,5.0,43.175,173.175,15.707963267948966,188.88296326794898,2,180.0,209,34.41150866976943,0.8658750000000001,4.76514595344064,0.41351196295921594,6.044532916399856,True,
372,76,116,47,1,u,0.0,0.5,70.2,0.0,8.675,150.0,89.525,5.0,61.525000000000006,191.525,15.707963267948966,207.23296326794897,2,180.0,221,37.81448850601433,0.9576250000000001,4.76514595344064,0.4398215670408941,6.162592520481534,True,
373,76,116,47,1,u,0.0,0.5,70.375,0.0,8.85,150.0,89.7,5.0,61.525,191.52499999999998,15.707963267948966,207.23296326794895,2,180.0,221,37.81448850601409,0.957625,4.76514595344064,0.43839295146263757,6.161163904903278,True,
374,77,81,49,37,u,0.0,0.5,78.5,0.0,26.425,0.0,12.875,5.0,52.075,57.825,15.707963267948966,73.53296326794897,2,180.0,162,34.41150866976947,0.289125,4.76514595344064,0.3101189834013234,5.364389936841963,True,
375,77,81,49,37,u,0.0,0.5,78.675,0.0,26.25,0.0,13.05,5.0,52.425,58.52499999999999,15.707963267948966,74.23296326794896,2,180.0,162,37.81448850601413,0.29262499999999997,4.76514595344064,0.3114582841666381,5.369229237607278,True,
376,77,81,49,37,u,0.0,0.5,78.85,0.0,26.075,0.0,13.225,5.0,52.77499999999999,59.224999999999994,15.707963267948966,74.93296326794896,2,180.0,162,40.97463022944531,0.29612499999999997,4.76514595344064,0.3111011934863959,5.372372146927035,True,
377,77,81,49,37,u,0.0,0.5,79.025,0.0,25.9,0.0,13.4,5.0,53.12500000000001,59.925000000000004,15.707963267948966,75.63296326794897,2,180.0,162,43.945519562308846,0.29962500000000003,4.76514595344064,0.3103868997448947,5.375157853185534,True,
378,77,108,49,13,u,0.0,0.5,79.375,0.0,63.55,150.0,92.15,5.0,15.825000000000003,145.825,15.707963267948966,161.53296326794896,2,180.0,245,37.81448850601411,0.7291249999999999,4.76514595344064,0.4586309463605394,5.952901899801179,True,
379,77,108,49,13,u,0.0,0.5,79.55,0.0,63.725,150.0,92.325,5.0,15.824999999999996,145.825,15.707963267948966,161.53296326794896,2,180.0,245,34.41150866976943,0.7291249999999999,4.76514595344064,0.45491065709180273,5.949181610532443,True,
380,77,108,49,13,u,0.0,0.5,79.725,0.0,63.9,150.0,92.5,5.0,15.824999999999996,145.825,15.707963267948966,161.53296326794896,2,180.0,245,30.683417108975878,0.7291249999999999,4.76514595344064,0.4509821538945629,5.945253107335202,True,
381,77,113,49,5,u,0.0,0.5,79.2,0.0,27.55,150.0,91.975,5.0,51.650000000000006,181.65,15.707963267948966,197.35796326794897,2,180.0,218,30.683417108975586,0.90825,4.76514595344064,0.40321426564624613,6.076610219086886,True,
382,78,80,45,35,u,0.0,0.5,60.85,0.0,17.425,0.0,9.2,5.0,43.425,41.825,15.707963267948966,57.53296326794897,2,180.0,132,49.45839812649548,0.209125,4.76514595344064,0.24357135632648974,5.217842309767129,True,
383,78,80,45,35,u,0.0,0.5,61.025,0.0,17.25,0.0,9.375,5.0,43.775,42.525,15.707963267948966,58.23296326794896,2,180.0,132,46.764392851017824,0.212625,4.76514595344064,0.24633924457480683,5.224110198015446,True,
384,78,81,45,37,u,0.0,0.5,60.5,0.0,26.775,0.0,8.85,5.0,33.725,31.425000000000004,15.707963267948966,47.132963267948966,2,180.0,108,40.97463022944531,0.15712500000000001,4.76514595344064,0.2238987784183499,5.146169731858989,True,
385,78,81,45,37,u,0.0,0.5,60.675,0.0,26.6,0.0,9.025,5.0,34.074999999999996,32.12499999999999,15.707963267948966,47.832963267948955,2,180.0,108,43.945519562308846,0.16062499999999996,4.76514595344064,0.2165475989795807,5.14231855242022,True,
386,99,78,25,45,u,0.0,0.5,117.9,150.0,62.25,0.0,44.55,5.0,55.650000000000006,185.65000000000003,15.707963267948966,201.357963267949,2,180.0,234,30.683417108975696,0.9282500000000002,4.76514595344064,0.44901787420068917,6.142413827641329,True,
387,99,78,25,45,u,0.0,0.5,118.075,150.0,62.425,0.0,44.375,5.0,55.650000000000006,185.65,15.707963267948966,201.35796326794897,2,180.0,234,26.49157020035603,0.92825,4.76514595344064,0.44577385568029765,6.139169809120937,True,
388,101,78,17,45,u,0.0,0.5,81.9,150.0,61.725,0.0,57.15,5.0,20.175000000000004,150.175,15.707963267948966,165.88296326794898,2,180.0,241,30.683417108975696,0.7508750000000001,4.76514595344064,0.43898809323129,5.95500904667193,True,
389,101,78,17,45,u,0.0,0.5,82.075,150.0,61.9,0.0,56.975,5.0,20.175000000000004,150.175,15.707963267948966,165.88296326794898,2,180.0,241,26.49157020035603,0.7508750000000001,4.76514595344064,0.4406547879932108,5.95667574143385,True,
390,78,113,45,5,u,0.0,0.5,61.2,0.0,27.2,150.0,86.375,5.0,34.0,164.0,15.707963267948966,179.70796326794897,2,180.0,200,30.683417108975878,0.8200000000000001,4.76514595344064,0.3865476551700879,5.971693608610728,True,
391,78,118,45,9,u,0.0,0.5,61.375,0.0,44.85,150.0,86.55,5.0,16.525,146.52499999999998,15.707963267948966,162.23296326794895,2,180.0,225,26.491570200356207,0.7326249999999999,4.76514595344064,0.44151793039119686,5.9392888838318365,True,
392,79,80,43,35,u,0.0,0.5,52.025,0.0,18.125,0.0,7.1,5.0,33.9,28.1,15.707963267948966,43.80796326794896,2,180.0,109,49.45839812649548,0.1405,4.76514595344064,0.20386902554420544,5.109514978984845,True,
393,79,80,43,35,u,0.0,0.5,52.2,0.0,17.95,0.0,7.275,5.0,34.25,28.800000000000004,15.707963267948966,44.507963267948966,2,180.0,109,46.7643928510178,0.14400000000000002,4.76514595344064,0.2062797107312637,5.115425664171903,True,
394,79,80,43,35,u,0.0,0.5,52.375,0.0,17.775,0.0,7.45,5.0,34.6,29.5,15.707963267948966,45.20796326794897,2,180.0,109,43.945519562308846,0.1475,4.76514595344064,0.2078273378060982,5.1204732912467374,True,
395,79,80,43,35,u,0.0,0.5,52.55,0.0,17.6,0.0,7.625,5.0,34.949999999999996,30.199999999999996,15.707963267948966,45.90796326794896,2,180.0,109,40.97463022944531,0.151,4.76514595344064,0.20815473180270425,5.124300685243344,True,
396,79,81,43,37,u,0.0,0.5,51.675,0.0,27.125,0.0,6.75,5.0,24.549999999999997,18.049999999999997,15.707963267948966,33.757963267948966,2,180.0,79,49.45839812649548,0.09024999999999998,4.76514595344064,0.15345237292516556,5.008848326365806,True,
397,79,81,43,37,u,0.0,0.5,51.85,0.0,26.95,0.0,6.925,5.0,24.900000000000002,18.750000000000004,15.707963267948966,34.45796326794897,2,180.0,79,52.048079710753555,0.09375000000000001,4.76514595344064,0.15017854534012123,5.009074498780761,True,
398,79,86,43,39,u,0.0,0.5,51.5,0.0,36.125,0.0,6.575,5.0,15.375,8.525,15.707963267948966,24.232963267948968,2,180.0,48,46.76439285101783,0.042625,4.76514595344064,0.10336305811222365,4.911134011552863,True,
399,108,79,13,43,u,0.0,0.5,62.675,150.0,52.725,0.0,63.8,5.0,9.949999999999996,140.00012500078125,15.65796305961329,155.65808806039453,2,179.4270398175181,238,34.41277596526028,0.7000006250039063,4.749977959579329,0.4451190957823391,5.895097680365575,True,
400,108,79,13,43,u,0.0,0.5,62.85,150.0,52.9,0.0,63.625,5.0,9.950000000000003,140.00012500078125,15.657963059613298,155.65808806039456,2,179.4270398175182,238,30.684820587933682,0.7000006250039063,4.749977959579332,0.44306550127552324,5.893044085858762,True,
401,109,79,15,43,u,0.0,0.5,73.425,150.0,53.075,0.0,60.125,5.0,20.349999999999994,150.35,15.707963267948966,166.05796326794896,2,180.0,242,30.683417108975878,0.75175,4.76514595344064,0.4419047458503296,5.95880069929097,True,
402,61,80,29,35,u,0.0,0.5,135.375,150.0,16.375,0.0,38.775,5.0,119.0,249.0,15.707963267948966,264.70796326794897,2,180.0,240,34.41150866976943,1.245,4.76514595344064,0.44815487227897355,6.458300825719613,True,
403,108,80,13,35,u,0.0,0.5,62.5,150.0,16.2,0.0,63.975,5.0,46.3,176.3,15.707963267948966,192.00796326794898,2,180.0,168,34.41150866976932,0.8815000000000001,4.76514595344064,0.32020843869053606,5.966854392131176,True,
404,113,80,5,35,u,0.0,0.5,26.85,150.0,15.675,0.0,70.45,5.0,11.175,141.175,15.707963267948966,156.88296326794898,2,180.0,83,30.683417108975878,0.705875,4.76514595344064,0.15949411685378115,5.630515070294421,True,
405,113,80,5,35,u,0.0,0.5,27.025,150.0,15.85,0.0,70.275,5.0,11.174999999999999,141.175,15.707963267948966,156.88296326794898,2,180.0,83,26.491570200356207,0.705875,4.76514595344064,0.16023819156468097,5.631259145005321,True,
406,117,80,7,35,u,0.0,0.5,35.85,150.0,16.025,0.0,68.175,5.0,19.825000000000003,149.825,15.707963267948966,165.53296326794896,2,180.0,105,34.41150866976943,0.7491249999999999,4.76514595344064,0.20092270433678372,5.715193657777424,True,
407,62,81,53,37,u,0.0,0.5,96.675,0.0,25.725,0.0,20.225,5.0,70.94999999999999,91.4,15.707963267948966,107.10796326794897,2,180.0,193,43.94551956230884,0.457,4.76514595344064,0.35023807918366373,5.572384032624304,True,
408,62,81,53,37,u,0.0,0.5,96.85,0.0,25.55,0.0,20.4,5.0,71.3,92.1,15.707963267948966,107.80796326794896,2,180.0,193,40.974630229445424,0.46049999999999996,4.76514595344064,0.3539880651360366,5.579634018576676,True,
409,62,81,53,37,u,0.0,0.5,97.025,0.0,25.375,0.0,20.575,5.0,71.65,92.80000000000001,15.707963267948966,108.50796326794898,2,180.0,193,37.81448850601413,0.4640000000000001,4.76514595344064,0.3573809885034213,5.5865269419440615,True,
410,62,81,53,37,u,0.0,0.5,97.2,0.0,25.2,0.0,20.75,5.0,72.0,93.5,15.707963267948966,109.20796326794897,2,180.0,193,34.41150866976943,0.4675,4.76514595344064,0.3598512075340227,5.592497160974663,True,
411,62,84,53,41,u,0.0,0.5,96.5,0.0,44.95,0.0,20.05,5.0,51.55,71.64999999999999,15.707963267948966,87.35796326794896,2,180.0,163,43.94551956230885,0.35824999999999996,4.76514595344064,0.3119940606632726,5.435390014103913,True,
412,107,84,11,41,u,0.0,0.5,53.5,150.0,43.2,0.0,65.025,5.0,10.299999999999997,140.3,15.707963267948966,156.00796326794898,2,180.0,208,37.81448850601422,0.7015000000000001,4.76514595344064,0.37119042401357516,5.837836377454215,True,
413,107,84,11,41,u,0.0,0.5,53.675,150.0,43.375,0.0,64.85,5.0,10.299999999999997,140.3,15.707963267948966,156.00796326794898,2,180.0,208,34.41150866976932,0.7015000000000001,4.76514595344064,0.37238093231291314,5.839026885753553,True,
414,84,114,41,3,u,0.0,0.5,42.675,0.0,19.425,150.0,83.75,5.0,23.249999999999996,153.25,15.707963267948966,168.95796326794897,2,180.0,152,30.683417108975878,0.76625,4.76514595344064,0.27261909578234084,5.804015049222981,True,
415,84,114,41,3,u,0.0,0.5,42.85,0.0,19.6,150.0,83.925,5.0,23.25,153.25,15.707963267948966,168.95796326794897,2,180.0,152,34.41150866976947,0.76625,4.76514595344064,0.27616078352044804,5.807556736961088,True,
416,86,114,39,3,u,0.0,0.5,33.5,0.0,18.9,150.0,81.825,5.0,14.600000000000001,144.60000000000002,15.707963267948966,160.307963267949,2,180.0,126,36.07389274528816,0.7230000000000001,4.76514595344064,0.23752975287414502,5.725675706314784,True,
417,86,114,39,3,u,0.0,0.5,33.675,0.0,19.075,150.0,82.0,5.0,14.599999999999998,144.6,15.707963267948966,160.30796326794896,2,180.0,126,34.41150866976947,0.723,4.76514595344064,0.23580360855444346,5.723949561995083,True,
418,117,86,7,39,u,0.0,0.5,36.025,150.0,34.025,0.0,68.0,5.0,2.0,144.0,6.435011087932843,150.43501108793285,2,73.73979529168804,152,52.77115812492646,0.72,1.9521160396762685,0.2729464616836928,2.945062501359961,True,
419,118,86,9,39,u,0.0,0.5,44.675,150.0,34.2,0.0,66.075,5.0,10.474999999999994,140.475,15.707963267948966,156.18296326794896,2,180.0,171,30.683417108975878,0.702375,4.76514595344064,0.3141666666666666,5.781687620107307,True,
420,84,89,41,33,u,0.0,0.5,42.5,0.0,9.125,0.0,5.0,5.0,33.375,23.375,15.707963267948966,39.08296326794897,2,180.0,112,46.76439285101783,0.116875,4.76514595344064,0.21553566411561795,5.097556617556258,True,
421,117,89,7,33,u,0.0,0.5,35.5,150.0,8.25,0.0,68.525,5.0,27.25,157.25,15.707963267948966,172.95796326794897,2,180.0,110,34.41150866976943,0.78625,4.76514595344064,0.21994049425171128,5.7713364476923505,True,
422,117,89,7,33,u,0.0,0.5,35.675,150.0,8.425,0.0,68.35,5.0,27.249999999999996,157.25,15.707963267948966,172.95796326794897,2,180.0,110,37.814488506014364,0.78625,4.76514595344064,0.21508931481294208,5.766485268253581,True,
423,93,107,27,11,u,0.0,0.5,125.5,150.0,55.6,150.0,120.85,5.0,69.9,108.20000000000002,15.707963267948966,123.90796326794899,2,180.0,195,30.683417108975878,0.5410000000000001,4.76514595344064,0.35508931481294126,5.661235268253582,True,
424,93,107,27,11,u,0.0,0.5,125.675,150.0,55.425,150.0,120.675,5.0,70.25,108.9,15.707963267948966,124.60796326794897,2,180.0,195,34.41150866976943,0.5445000000000001,4.76514595344064,0.3607440747108992,5.670390028151539,True,
425,93,107,27,11,u,0.0,0.5,125.85,150.0,55.25,150.0,120.5,5.0,70.6,109.6,15.707963267948966,125.30796326794896,2,180.0,195,37.81448850601411,0.5479999999999999,4.76514595344064,0.3622023869727919,5.675348340413431,True,
426,93,107,27,11,u,0.0,0.5,126.025,150.0,55.075,150.0,120.325,5.0,70.95,110.3,15.707963267948966,126.00796326794897,2,180.0,195,40.974630229445246,0.5515,4.76514595344064,0.3604464335884376,5.677092387029077,True,
427,93,107,27,11,u,0.0,0.5,126.2,150.0,54.9,150.0,120.15,5.0,71.30000000000001,111.0,15.707963267948966,126.70796326794897,2,180.0,195,43.94551956230872,0.555,4.76514595344064,0.3583630862074772,5.678509039648117,True,
428,93,107,27,11,u,0.0,0.5,126.375,150.0,54.725,150.0,119.975,5.0,71.65,111.70000000000002,15.707963267948966,127.40796326794899,2,180.0,195,43.978534433815476,0.5585000000000001,4.76514595344064,0.35630946360540716,5.679955417046047,True,
429,93,107,27,11,u,0.0,0.5,126.55,150.0,54.55,150.0,119.8,5.0,72.0,112.4,15.707963267948966,128.10796326794897,2,180.0,195,43.499947645646735,0.562,4.76514595344064,0.35541662452378486,5.682562577964425,True,
430,93,107,27,11,u,0.0,0.5,126.725,150.0,54.375,150.0,119.625,5.0,72.35,113.1,15.707963267948966,128.80796326794896,2,180.0,195,43.22247910080269,0.5655,4.76514595344064,0.35824399042513677,5.688889943865776,True,
431,93,107,27,11,u,0.0,0.5,126.9,150.0,54.2,150.0,119.45,5.0,72.7,113.8,15.707963267948966,129.50796326794895,2,180.0,195,43.14922336924879,0.569,4.76514595344064,0.3590475708843256,5.693193524324966,True,
432,93,107,27,11,u,0.0,0.5,127.075,150.0,54.025,150.0,119.275,5.0,73.05000000000001,114.5,15.707963267948966,130.20796326794897,2,180.0,195,43.149223369248716,0.5725,4.76514595344064,0.36139880651360307,5.699044759954242,True,
433,93,113,27,5,u,0.0,0.5,127.25,150.0,28.775,150.0,119.1,5.0,98.475,140.275,15.707963267948966,155.98296326794897,2,180.0,214,40.974630229445246,0.7013750000000001,4.76514595344064,0.38279764112246073,5.8493185945631,True,
434,98,74,23,55,u,0.0,0.5,110.125,150.0,107.95,0.0,46.825,5.0,2.174999999999997,143.77349415803695,6.721254849107022,150.49474900714398,2,77.01990717713423,173,38.73942459785555,0.7188674707901848,2.038950550108306,0.32345245721092786,3.0812704781094182,True,
435,98,78,23,45,u,0.0,0.5,109.425,150.0,62.075,0.0,47.525,5.0,47.349999999999994,177.35,15.707963267948966,193.05796326794896,2,180.0,236,34.41150866976943,0.88675,4.76514595344064,0.43032739399660497,6.082223347437245,True,
436,98,89,23,33,u,0.0,0.5,109.075,150.0,8.6,0.0,47.875,5.0,100.47500000000001,230.47500000000002,15.707963267948966,246.182963267949,2,180.0,257,26.49157020035603,1.1523750000000001,4.76514595344064,0.4722917298809871,6.389812683321627,True,
437,98,89,23,33,u,0.0,0.5,109.25,150.0,8.775,0.0,47.7,5.0,100.475,230.47499999999997,15.707963267948966,246.18296326794894,2,180.0,257,30.683417108975696,1.152375,4.76514595344064,0.4738988627041105,6.391419816144751,True,
438,98,101,23,17,u,0.0,0.5,107.5,150.0,82.425,150.0,138.35,5.0,25.075000000000003,28.375000000000014,15.707963267948966,44.08296326794898,2,180.0,76,15.203604093292752,0.14187500000000008,4.76514595344064,0.16982145465987897,5.076842408100519,True,
439,98,109,23,15,u,0.0,0.5,107.675,150.0,74.125,150.0,128.55,5.0,33.55,56.449999999999974,15.707963267948966,72.15796326794894,2,180.0,103,34.41150866976943,0.2822499999999999,4.76514595344064,0.2125297528741448,5.259925706314785,True,
440,98,109,23,15,u,0.0,0.5,107.85,150.0,73.95,150.0,128.375,5.0,33.89999999999999,57.14999999999999,15.707963267948966,72.85796326794896,2,180.0,103,37.81448850601433,0.28574999999999995,4.76514595344064,0.21154759897958064,5.262443552420221,True,
441,98,113,23,5,u,0.0,0.5,108.725,150.0,29.125,150.0,127.5,5.0,79.6,104.6,15.707963267948966,120.30796326794896,2,180.0,211,37.81448850601421,0.523,4.76514595344064,0.38973216794219073,5.67787812138283,True,
442,98,113,23,5,u,0.0,0.5,108.9,150.0,28.95,150.0,127.325,5.0,79.95,105.30000000000003,15.707963267948944,121.00796326794897,2,180.0,211,34.411508669769525,0.5265000000000002,4.765145953440633,0.3899107132823118,5.681556666722945,True,
443,98,117,23,7,u,0.0,0.5,108.025,150.0,37.425,150.0,128.2,5.0,70.60000000000001,94.20000000000003,15.707963267948966,109.907963267949,2,180.0,207,40.97463022944571,0.47100000000000014,4.76514595344064,0.3861011653911414,5.6222471188317815,True,
444,98,117,23,7,u,0.0,0.5,108.2,150.0,37.25,150.0,128.025,5.0,70.95,94.89999999999999,15.707963267948966,110.60796326794896,2,180.0,207,43.94551956230895,0.4745,4.76514595344064,0.38636902554420444,5.626014978984844,True,
445,98,117,23,7,u,0.0,0.5,108.375,150.0,37.075,150.0,127.85,5.0,71.3,95.60000000000001,15.707963267948966,111.30796326794898,2,180.0,207,43.945519562308775,0.47800000000000004,4.76514595344064,0.3872916174999713,5.630437570940611,True,
446,99,84,25,41,u,0.0,0.5,117.725,150.0,44.775,0.0,45.075,5.0,72.94999999999999,202.95,15.707963267948966,218.65796326794896,2,180.0,246,26.49157020035603,1.01475,4.76514595344064,0.4621131564456124,6.2420091098862525,True,
447,99,101,25,17,u,0.0,0.5,116.5,150.0,83.125,150.0,124.7,5.0,33.375,63.97500000000002,15.707963267948944,79.68296326794896,2,180.0,104,30.683417108975878,0.31987500000000013,4.765145953440633,0.2208631423979863,5.3058840958386195,True,
448,99,101,25,17,u,0.0,0.5,116.675,150.0,82.95,150.0,124.525,5.0,33.724999999999994,64.67499999999998,15.707963267948966,80.38296326794895,2,180.0,104,26.491570200356065,0.3233749999999999,4.76514595344064,0.21523816346942687,5.303759116910066,True,
449,99,101,25,17,u,0.0,0.5,116.85,150.0,82.775,150.0,124.35,5.0,34.07499999999999,65.375,15.707963267948966,81.08296326794897,2,180.0,104,21.565185015243006,0.326875,4.76514595344064,0.2129166807142938,5.304937634154934,True,
450,99,107,25,11,u,0.0,0.5,117.2,150.0,56.125,150.0,124.0,5.0,61.075,93.075,15.707963267948966,108.78296326794897,2,180.0,178,37.81448850601411,0.46537500000000004,4.76514595344064,0.3372321117516827,5.567753065192322,True,
451,99,107,25,11,u,0.0,0.5,117.375,150.0,55.95,150.0,123.825,5.0,61.425,93.77500000000002,15.707963267948944,109.48296326794896,2,180.0,178,34.41150866976943,0.4688750000000001,4.765145953440633,0.33181540294213485,5.565836356382767,True,
452,99,107,25,11,u,0.0,0.5,117.55,150.0,55.775,150.0,123.65,5.0,61.775,94.475,15.707963267948966,110.18296326794896,2,180.0,178,30.683417108975878,0.472375,4.76514595344064,0.32607135632648915,5.563592309767129,True,
453,99,109,25,15,u,0.0,0.5,117.025,150.0,73.775,150.0,124.175,5.0,43.25,74.89999999999998,15.707963267948987,90.60796326794896,2,180.0,127,40.974630229445246,0.3744999999999999,4.765145953440646,0.2487797669217719,5.388425720362418,True,
454,61,101,29,17,u,0.0,0.5,134.5,150.0,82.25,150.0,136.95,5.0,52.25,58.35000000000002,15.707963267948966,74.05796326794899,2,180.0,163,21.565185015242342,0.2917500000000001,4.76514595344064,0.2989582841666388,5.355854237607279,True,
455,101,84,17,41,u,0.0,0.5,81.55,150.0,44.425,0.0,57.675,5.0,37.125,167.125,15.707963267948966,182.83296326794897,2,180.0,239,37.81448850601428,0.8356250000000001,4.76514595344064,0.44758931481294045,6.048360268253581,True,
456,101,84,17,41,u,0.0,0.5,81.725,150.0,44.6,0.0,57.5,5.0,37.12499999999999,167.125,15.707963267948966,182.83296326794897,2,180.0,239,37.81448850601411,0.8356250000000001,4.76514595344064,0.44217266219390083,6.042943615634541,True,
457,101,114,17,3,u,0.0,0.5,81.375,150.0,20.125,150.0,134.675,5.0,61.25,71.89999999999998,15.707963267948966,87.60796326794895,2,180.0,177,46.764392851017625,0.3594999999999999,4.76514595344064,0.3273511513435147,5.451997104784154,True,
458,101,117,17,7,u,0.0,0.5,81.025,150.0,37.775,150.0,135.2,5.0,43.25000000000001,52.85000000000003,15.707963267948966,68.55796326794899,2,180.0,139,37.8144885060144,0.26425000000000015,4.76514595344064,0.26913685760201406,5.298532811042654,True,
459,101,118,17,9,u,0.0,0.5,80.5,150.0,47.125,150.0,144.825,5.0,33.375,23.725000000000023,15.707963267948966,39.43296326794899,2,180.0,112,46.764392851017625,0.11862500000000012,4.76514595344064,0.2155654450850167,5.099336398525656,True,
460,101,118,17,9,u,0.0,0.5,80.675,150.0,46.95,150.0,144.65,5.0,33.724999999999994,24.424999999999983,15.707963267948966,40.13296326794895,2,180.0,112,43.94551956230895,0.12212499999999991,4.76514595344064,0.21544640549318458,5.102717358933824,True,
461,101,118,17,9,u,0.0,0.5,80.85,150.0,46.775,150.0,135.55,5.0,34.074999999999996,42.97499999999997,15.707963267948966,58.682963267948935,2,180.0,112,30.683417108975586,0.21487499999999987,4.76514595344064,0.21934521200678825,5.199366165447428,True,
462,74,107,55,11,u,0.0,0.5,107.25,0.0,53.85,150.0,99.5,5.0,53.4,183.4,15.707963267948966,199.10796326794897,2,180.0,232,26.491570200356207,0.917,4.76514595344064,0.4165774080442321,6.098723361484872,True,
463,108,78,13,45,u,0.0,0.5,63.025,150.0,61.55,0.0,63.45,5.0,1.4750000000000014,144.77272776679845,5.500469135651383,150.27319690244983,2,63.03073336295921,247,57.656088586766515,0.7238636388339923,1.6686146890383393,0.440565445085015,2.8330437729573466,True,
464,111,108,19,13,u,0.0,0.5,89.675,150.0,64.775,150.0,141.5,5.0,24.89999999999999,21.89999999999999,15.707963267948966,37.60796326794896,2,180.0,83,15.203604093292752,0.10949999999999996,4.76514595344064,0.19479164559522616,5.069437599035866,True,
465,111,108,19,13,u,0.0,0.5,89.5,150.0,64.95,150.0,132.225,5.0,24.549999999999997,40.10000000000001,15.707963267948966,55.80796326794898,2,180.0,83,15.203604093292752,0.20050000000000004,4.76514595344064,0.20702384163267157,5.172669795073311,True,
466,77,109,49,15,u,0.0,0.5,79.9,0.0,73.6,150.0,92.675,5.0,6.300000000000011,140.7096824596788,11.917873060989464,152.62755552066824,2,136.5687654334712,238,34.509551532076294,0.7035484122983939,3.6153894442871612,0.4411607835204467,4.760098640106002,True,
467,109,84,15,41,u,0.0,0.5,72.55,150.0,43.55,0.0,61.0,5.0,29.0,159.0,15.707963267948966,174.70796326794897,2,180.0,234,40.97463022944536,0.795,4.76514595344064,0.42949406066327167,5.9896400141039114,True,
468,109,84,15,41,u,0.0,0.5,72.725,150.0,43.725,0.0,60.825,5.0,28.999999999999993,159.0,15.707963267948966,174.70796326794897,2,180.0,234,43.94551956230884,0.795,4.76514595344064,0.42973216794219,5.98987812138283,True,
469,109,84,15,41,u,0.0,0.5,72.9,150.0,43.9,0.0,60.65,5.0,29.000000000000007,159.0,15.707963267948966,174.70796326794897,2,180.0,234,40.97463022944536,0.795,4.76514595344064,0.42827379948978894,5.988419752930429,True,
470,109,84,15,41,u,0.0,0.5,73.075,150.0,44.075,0.0,60.475,5.0,29.0,159.0,15.707963267948966,174.70796326794897,2,180.0,234,37.81448850601422,0.795,4.76514595344064,0.4275297809693974,5.987675734410037,True,
471,109,84,15,41,u,0.0,0.5,73.25,150.0,44.25,0.0,60.3,5.0,29.0,159.0,15.707963267948966,174.70796326794897,2,180.0,234,34.41150866976943,0.795,4.76514595344064,0.4257143218367542,5.9858602752773935,True,
472,109,86,15,39,u,0.0,0.5,71.85,150.0,34.375,0.0,61.7,5.0,37.474999999999994,167.475,15.707963267948966,183.18296326794896,2,180.0,223,26.49157020035603,0.837375,4.76514595344064,0.4196428812245027,6.022163834665142,True,
473,109,86,15,39,u,0.0,0.5,72.025,150.0,34.55,0.0,61.525,5.0,37.47500000000001,167.475,15.707963267948966,183.18296326794896,2,180.0,223,30.683417108975878,0.837375,4.76514595344064,0.4174702190306005,6.01999117247124,True,
474,109,86,15,39,u,0.0,0.5,72.2,150.0,34.725,0.0,61.35,5.0,37.475,167.475,15.707963267948966,183.18296326794896,2,180.0,223,34.41150866976943,0.837375,4.76514595344064,0.4150595057482881,6.0175804591889275,True,
475,109,86,15,39,u,0.0,0.5,72.375,150.0,34.9,0.0,61.175,5.0,37.475,167.47500000000002,15.707963267948966,183.182963267949,2,180.0,223,37.81448850601422,0.8373750000000001,4.76514595344064,0.4123809042176587,6.014901857658298,True,
476,109,117,15,7,u,0.0,0.5,71.5,150.0,38.125,150.0,137.825,5.0,33.375,37.72500000000002,15.707963267948966,53.43296326794899,2,180.0,112,43.94551956230895,0.18862500000000013,4.76514595344064,0.22464285312924992,5.17841380656989,True,
477,109,117,15,7,u,0.0,0.5,71.675,150.0,37.95,150.0,137.65,5.0,33.724999999999994,38.42499999999998,15.707963267948966,54.13296326794895,2,180.0,112,46.764392851017625,0.1921249999999999,4.76514595344064,0.2194344987244759,5.176705452165115,True,
478,111,77,19,49,u,0.0,0.5,90.725,150.0,80.075,0.0,54.7,5.0,10.649999999999991,140.64999999999998,15.707963267948966,156.35796326794895,2,180.0,224,40.9746302294453,0.7032499999999999,4.76514595344064,0.410089202431924,5.878485155872563,True,
479,111,77,19,49,u,0.0,0.5,90.9,150.0,80.25,0.0,54.525,5.0,10.650000000000006,140.65,15.707963267948966,156.35796326794897,2,180.0,224,37.81448850601411,0.70325,4.76514595344064,0.41595228863940176,5.8843482420800415,True,
480,111,77,19,49,u,0.0,0.5,91.075,150.0,80.425,0.0,54.35,5.0,10.650000000000006,140.65,15.707963267948966,156.35796326794897,2,180.0,224,34.41150866976943,0.70325,4.76514595344064,0.42020829821426425,5.888604251654904,True,
481,111,79,19,43,u,0.0,0.5,90.55,150.0,53.25,0.0,54.875,5.0,37.3,167.3,15.707963267948966,183.00796326794898,2,180.0,252,37.81448850601411,0.8365,4.76514595344064,0.4653570625849865,6.067003016025626,True,
482,111,81,19,37,u,0.0,0.5,90.025,150.0,24.675,0.0,55.4,5.0,65.35000000000001,195.35,15.707963267948966,211.05796326794896,2,180.0,236,26.49157020035603,0.97675,4.76514595344064,0.432500056190507,6.174396009631147,True,
483,111,81,19,37,u,0.0,0.5,90.2,150.0,24.85,0.0,55.225,5.0,65.35,195.35,15.707963267948966,211.05796326794896,2,180.0,236,30.683417108975696,0.97675,4.76514595344064,0.42779769731296863,6.169693650753608,True,
484,111,81,19,37,u,0.0,0.5,90.375,150.0,25.025,0.0,55.05,5.0,65.35,195.35000000000002,15.707963267948966,211.057963267949,2,180.0,236,34.41150866976943,0.9767500000000001,4.76514595344064,0.430059561938796,6.171955515379436,True,
485,111,114,19,3,u,0.0,0.5,89.85,150.0,19.95,150.0,131.525,5.0,69.89999999999999,86.84999999999998,15.707963267948966,102.55796326794895,2,180.0,195,43.94551956230895,0.4342499999999999,4.76514595344064,0.35321426564624675,5.552610219086886,True,
486,113,89,5,33,u,0.0,0.5,26.5,150.0,7.9,0.0,70.8,5.0,18.6,148.6,15.707963267948966,164.30796326794896,2,180.0,84,30.77315860626104,0.743,4.76514595344064,0.17586305811222386,5.684009011552864,True,
487,113,89,5,33,u,0.0,0.5,26.675,150.0,8.075,0.0,70.625,5.0,18.6,148.6,15.707963267948966,164.30796326794896,2,180.0,84,34.411508669769454,0.743,4.76514595344064,0.17613094636054097,5.684276899801181,True,
488,86,114,39,3,u,0.0,0.5,33.85,0.0,19.25,150.0,82.175,5.0,14.600000000000001,144.60000000000002,15.707963267948966,160.307963267949,2,180.0,126,30.683417108975878,0.7230000000000001,4.76514595344064,0.23663694188777679,5.724782895328416,True,
489,114,89,3,33,u,0.0,0.5,17.5,150.0,6.5,0.0,73.25,5.0,11.0,141.0,15.707963267948966,156.70796326794897,2,180.0,60,51.317812546510545,0.705,4.76514595344064,0.12175595338435427,5.591901906824994,True,
490,114,89,3,33,u,0.0,0.5,17.675,150.0,6.675,0.0,73.075,5.0,11.0,141.0,15.707963267948966,156.70796326794897,2,180.0,60,53.84299179900112,0.705,4.76514595344064,0.12157743613948722,5.591723389580127,True,
491,114,89,3,33,u,0.0,0.5,17.85,150.0,6.85,0.0,72.9,5.0,11.000000000000002,141.0,15.707963267948966,156.70796326794897,2,180.0,60,56.28928521857405,0.705,4.76514595344064,0.12309531034017727,5.593241263780817,True,
492,114,89,3,33,u,0.0,0.5,18.025,150.0,7.025,0.0,72.725,5.0,10.999999999999998,141.0,15.707963267948966,156.70796326794897,2,180.0,60,58.667748502405686,0.705,4.76514595344064,0.12386908173471331,5.594015035175353,True,
493,114,89,3,33,u,0.0,0.5,18.2,150.0,7.2,0.0,72.55,5.0,11.0,141.0,15.707963267948966,156.70796326794897,2,180.0,60,60.98752759110243,0.705,4.76514595344064,0.12374998595237288,5.593895939393013,True,
494,114,89,3,33,u,0.0,0.5,18.375,150.0,7.375,0.0,72.375,5.0,11.0,141.0,15.707963267948966,156.70796326794897,2,180.0,60,61.64064997184252,0.705,4.76514595344064,0.12267851724486695,5.592824470685507,True,
495,114,89,3,33,u,0.0,0.5,18.55,150.0,7.55,0.0,72.2,5.0,11.0,141.0,15.707963267948966,156.70796326794897,2,180.0,60,59.33617025761407,0.705,4.76514595344064,0.12098204151354748,5.591127994954188,True,
496,114,89,3,33,u,0.0,0.5,18.725,150.0,7.725,0.0,72.025,5.0,11.000000000000002,141.0,15.707963267948966,156.70796326794897,2,180.0,60,56.97533636833422,0.705,4.76514595344064,0.12083324904757081,5.590979202488211,True,
497,62,116,53,1,u,0.0,0.5,97.9,0.0,9.55,150.0,96.525,5.0,88.35000000000001,218.35,15.707963267948966,234.05796326794896,2,180.0,256,35.90406858331696,1.09175,4.76514595344064,0.4991667228571736,6.356062676297814,True,
498,62,116,53,1,u,0.0,0.5,98.075,0.0,9.725,150.0,96.7,5.0,88.35000000000001,218.35000000000002,15.707963267948966,234.057963267949,2,180.0,256,32.3280641221621,1.0917500000000002,4.76514595344064,0.49752975287414314,6.3544257063147835,True,
499,62,116,53,1,u,0.0,0.5,98.25,0.0,9.9,150.0,96.875,5.0,88.35,218.35,15.707963267948966,234.05796326794896,2,180.0,256,28.357636576327877,1.09175,4.76514595344064,0.49148809323129,6.34838404667193,True,
500,62,116,53,1,u,0.0,0.5,98.425,0.0,10.075,150.0,97.05,5.0,88.35,218.34999999999997,15.707963267948966,234.05796326794894,2,180.0,256,23.794272950536584,1.0917499999999998,4.76514595344064,0.48723216794218993,6.3441281213828296,True,
501,80,116,35,1,u,0.0,0.5,15.5,0.0,8.5,150.0,80.075,5.0,7.0,140.46060798583053,12.661036727794997,153.12164471362553,2,145.08479375255584,64,35.41263811105964,0.7023030399291527,3.840834543643119,0.15544648977894662,4.698584073351219,True,
502,72,117,57,7,u,0.0,0.5,115.55,0.0,36.375,150.0,102.475,5.0,79.175,209.17499999999998,15.707963267948966,224.88296326794895,2,180.0,233,40.974630229445474,1.0458749999999999,4.76514595344064,0.4372917298809872,6.248312683321626,True,
503,72,117,57,7,u,0.0,0.5,115.725,0.0,36.55,150.0,102.65,5.0,79.175,209.17499999999998,15.707963267948966,224.88296326794895,2,180.0,233,37.81448850601411,1.0458749999999999,4.76514595344064,0.43687499297618515,6.247895946416825,True,
504,84,117,41,7,u,0.0,0.5,43.025,0.0,36.2,150.0,84.1,5.0,6.824999999999996,140.51741728219574,12.477044197570951,152.9944614797667,2,142.9763946638016,173,45.17045594982263,0.7025870864109787,3.785018824831924,0.32074401852039147,4.808349929763295,True,
505,98,117,23,7,u,0.0,0.5,108.55,150.0,36.9,150.0,127.675,5.0,71.65,96.29999999999998,15.707963267948987,112.00796326794897,2,180.0,207,40.97463022944523,0.48149999999999993,4.765145953440646,0.3880356641156171,5.634681617556263,True,
506,101,117,17,7,u,0.0,0.5,81.2,150.0,37.6,150.0,135.025,5.0,43.6,53.54999999999999,15.707963267948966,69.25796326794895,2,180.0,139,40.974630229445246,0.26774999999999993,4.76514595344064,0.26749997190474606,5.300395925345386,True,
507,71,118,24,9,u,0.0,0.5,112.35,150.0,46.6,150.0,126.275,5.0,65.75,93.19999999999999,15.707963267948966,108.90796326794896,2,180.0,197,37.81448850601411,0.46599999999999997,4.76514595344064,0.3802381634694265,5.611384116910067,True,
508,71,118,24,9,u,0.0,0.5,112.525,150.0,46.425,150.0,126.1,5.0,66.10000000000001,93.90000000000002,15.707963267948966,109.60796326794899,2,180.0,197,40.974630229445474,0.4695000000000001,4.76514595344064,0.38175598147960815,5.616401934920248,True,
509,71,118,24,9,u,0.0,0.5,112.7,150.0,46.25,150.0,125.925,5.0,66.45,94.59999999999998,15.707963267948987,110.30796326794896,2,180.0,197,40.97463022944523,0.4729999999999999,4.765145953440646,0.38136905363945894,5.619515007080105,True,
510,71,118,24,9,u,0.0,0.5,112.875,150.0,46.075,150.0,125.75,5.0,66.8,95.3,15.707963267948966,111.00796326794897,2,180.0,197,37.81448850601421,0.4765,4.76514595344064,0.38047615836732834,5.622122111807967,True,
511,118,81,9,37,u,0.0,0.5,44.5,150.0,24.5,0.0,66.25,5.0,20.0,150.0,15.707963267948966,165.70796326794897,2,180.0,154,30.683417108975878,0.75,4.76514595344064,0.29508934290819605,5.810235296348836,True,
