route_id,port1,port2,index1,index2,geometry,alpha_deg,t0_fraction,sx_mm,sy_mm,lx_mm,ly_mm,track_y_mm,radius_mm,dx_mm,straight_length_mm,arc_length_mm,total_length_mm,bend_count,bend_total_deg,crossing_count,min_crossing_angle_deg,straight_loss_db,bend_loss_db,crossing_loss_db,total_loss_db,geometry_valid,geometry_issue_kinds
0,8,1,28,58,u,0.0,0.5,132.1,150.0,121.1,0.0,41.225,6.0,11.0,138.0417392568986,17.848394882211384,155.89013413911,2,170.4396163056017,94,34.76258398715183,0.6902086962844931,3.6051981702377214,0.226399031275637,4.521805897797852,True,
1,8,1,28,58,u,0.0,0.5,132.275,150.0,121.275,0.0,41.05,6.0,11.0,138.0417392568986,17.848394882211373,155.89013413911,2,170.43961630560167,94,31.713377838836593,0.6902086962844931,3.6051981702377196,0.22258951147972098,4.517996378001934,True,
2,9,1,30,58,u,0.0,0.5,141.1,150.0,121.45,0.0,37.55,6.0,19.64999999999999,145.64999999999998,18.84955592153876,164.49955592153873,2,180.0,78,39.94450518981488,0.72825,3.807422738380465,0.19648823370756216,4.732160972088027,True,
3,9,1,30,58,u,0.0,0.5,141.275,150.0,121.625,0.0,37.375,6.0,19.650000000000006,145.65,18.84955592153876,164.49955592153876,2,180.0,78,37.265962926494275,0.7282500000000001,3.807422738380465,0.19997035950687211,4.735643097887337,True,
4,1,26,58,4,u,0.0,0.5,119.875,0.0,23.75,150.0,103.0,6.0,96.125,222.125,18.84955592153876,240.97455592153875,2,180.0,235,24.146847996502586,1.110625,3.807422738380465,0.4443454367688204,5.362393175149285,True,
5,1,26,58,4,u,0.0,0.5,120.05,0.0,23.925,150.0,103.175,6.0,96.125,222.125,18.84955592153876,240.97455592153875,2,180.0,235,27.95288658913517,1.110625,3.807422738380465,0.44080377712596736,5.358851515506432,True,
6,1,26,58,4,u,0.0,0.5,120.225,0.0,24.1,150.0,103.35,6.0,96.125,222.125,18.84955592153876,240.97455592153875,2,180.0,235,31.33220670723324,1.110625,3.807422738380465,0.44166686333344524,5.35971460171391,True,
7,1,26,58,4,u,0.0,0.5,120.4,0.0,24.275,150.0,103.525,6.0,96.125,222.125,18.84955592153876,240.97455592153875,2,180.0,235,34.411508669769695,1.110625,3.807422738380465,0.4465179865817062,5.364565724962171,True,
8,1,26,58,4,u,0.0,0.5,120.575,0.0,24.45,150.0,103.7,6.0,96.125,222.125,18.84955592153876,240.97455592153875,2,180.0,235,37.26596292649432,1.110625,3.807422738380465,0.4533334457143495,5.3713811840948145,True,
9,1,54,58,34,u,0.0,0.5,119.7,0.0,13.275,0.0,28.1,6.0,106.425,138.625,18.84955592153876,157.47455592153875,2,180.0,230,27.95288658913515,0.693125,3.807422738380465,0.4330061079082513,4.933553846288716,True,
10,1,58,58,40,u,0.0,0.5,119.175,0.0,39.4,0.0,27.575,6.0,79.775,110.92500000000001,18.84955592153876,129.77455592153876,2,180.0,208,37.26596292649417,0.554625,3.807422738380465,0.40294654596945434,4.764994284349919,True,
11,1,58,58,40,u,0.0,0.5,119.35,0.0,39.225,0.0,27.75,6.0,80.125,111.625,18.84955592153876,130.47455592153875,2,180.0,208,34.41150866976941,0.558125,3.807422738380465,0.4023810727891839,4.767928811169649,True,
12,1,58,58,40,u,0.0,0.5,119.525,0.0,39.05,0.0,27.925,6.0,80.47500000000001,112.325,18.84955592153876,131.17455592153877,2,180.0,208,31.332206707233127,0.561625,3.807422738380465,0.4022322803232073,4.771280018703672,True,
13,2,11,20,52,u,0.0,0.5,96.1,150.0,93.225,0.0,53.825,6.0,2.875,142.20677377461683,8.482102436731477,150.68887621134832,2,80.99811183705751,213,38.04750745361992,0.7110338688730842,1.7133002931905368,0.4036906487756081,2.828024810839229,True,
14,2,11,20,52,u,0.0,0.5,96.275,150.0,93.4,0.0,53.65,6.0,2.875,142.20677377461683,8.482102436731477,150.68887621134832,2,80.99811183705751,213,35.24750699205245,0.7110338688730842,1.7133002931905368,0.4091668352381909,2.833500997301812,True,
15,2,11,20,52,u,0.0,0.5,96.45,150.0,93.575,0.0,53.475,6.0,2.875,142.20677377461683,8.482102436731477,150.68887621134832,2,80.99811183705751,213,32.23866912636972,0.7110338688730842,1.7133002931905368,0.41122037355449864,2.8355545356181198,True,
16,2,11,20,52,u,0.0,0.5,96.625,150.0,93.75,0.0,53.3,6.0,2.875,142.20677377461683,8.482102436731477,150.68887621134832,2,80.99811183705751,213,28.22813719432198,0.7110338688730842,1.7133002931905368,0.40657752042524914,2.8309116824888703,True,
17,2,56,20,36,u,0.0,0.5,94.875,150.0,20.525,0.0,55.05,6.0,74.35,200.35000000000002,18.84955592153876,219.19955592153877,2,180.0,232,32.02482746807539,1.0017500000000001,3.807422738380465,0.43392864367351,5.243101382053975,True,
18,2,56,20,36,u,0.0,0.5,95.05,150.0,20.7,0.0,54.875,6.0,74.35,200.35,18.84955592153876,219.19955592153875,2,180.0,232,35.04994691109176,1.00175,3.807422738380465,0.4335715529932677,5.242744291373732,True,
19,2,56,20,36,u,0.0,0.5,95.225,150.0,20.875,0.0,54.7,6.0,74.35,200.34999999999997,18.84955592153876,219.19955592153872,2,180.0,232,37.862584621125144,1.00175,3.807422738380465,0.43077391187080616,5.23994665025127,True,
20,6,8,62,28,u,0.0,0.5,139.1,0.0,132.45,150.0,110.35,6.0,6.650000000000006,139.25860809764396,13.304295642347707,152.56290373999167,2,127.04666495013598,54,38.433206340850994,0.6962930404882198,2.6873353387030687,0.15303597316341325,3.536664352354702,True,
21,6,8,62,28,u,0.0,0.5,139.275,0.0,132.625,150.0,110.525,6.0,6.650000000000006,139.25860809764396,13.304295642347707,152.56290373999167,2,127.04666495013598,54,35.65908769613878,0.6962930404882198,2.6873353387030687,0.15973236460897028,3.5433607438002586,True,
22,9,6,30,62,u,0.0,0.5,141.45,150.0,139.45,0.0,36.85,6.0,2.0,143.3667504192892,7.0282265214858075,150.394976940775,2,67.11461952384141,28,40.68251227204401,0.716833752096446,1.419631824737929,0.08684535248305857,2.2233109293174333,True,
23,9,6,30,62,u,0.0,0.5,141.625,150.0,139.625,0.0,36.675,6.0,2.0,143.36675041928922,7.0282265214858075,150.39497694077502,2,67.11461952384141,28,38.04750745361992,0.7168337520964461,1.419631824737929,0.09979181416675097,2.2362573910011263,True,
24,6,10,62,18,u,0.0,0.5,138.4,0.0,86.4,150.0,109.65,6.0,52.0,178.0,18.84955592153876,196.84955592153875,2,180.0,174,43.18342179617398,0.89,3.807422738380465,0.35142875605452656,5.048851494434992,True,
25,6,10,62,18,u,0.0,0.5,138.575,0.0,86.575,150.0,109.825,6.0,51.999999999999986,178.0,18.84955592153876,196.84955592153875,2,180.0,174,45.572995999194056,0.89,3.807422738380465,0.3517561500511327,5.049178888431597,True,
26,6,10,62,18,u,0.0,0.5,138.75,0.0,86.75,150.0,110.0,6.0,52.0,178.0,18.84955592153876,196.84955592153875,2,180.0,174,43.53115216737253,0.89,3.807422738380465,0.3545836002382472,5.052006338618712,True,
27,6,10,62,18,u,0.0,0.5,138.925,0.0,86.925,150.0,110.175,6.0,52.000000000000014,178.0,18.84955592153876,196.84955592153875,2,180.0,174,41.04739187375178,0.89,3.807422738380465,0.35666700380971583,5.054089742190181,True,
28,6,11,62,52,u,0.0,0.5,137.35,0.0,94.45,0.0,18.475,6.0,42.89999999999999,55.849999999999994,18.84955592153876,74.69955592153875,2,180.0,145,49.458398126495496,0.27925,3.807422738380465,0.2730061079082523,4.359678846288718,True,
29,6,11,62,52,u,0.0,0.5,137.175,0.0,94.625,0.0,18.3,6.0,42.55000000000001,55.150000000000006,18.84955592153876,73.99955592153876,2,180.0,145,47.22144229110671,0.27575000000000005,3.807422738380465,0.27758942719395857,4.360762165574424,True,
30,6,11,62,52,u,0.0,0.5,137.525,0.0,94.275,0.0,32.825,6.0,43.25,84.9,18.84955592153876,103.74955592153876,2,180.0,145,27.95288658913517,0.42450000000000004,3.807422738380465,0.29502994954092343,4.526952687921389,True,
31,6,29,62,2,u,0.0,0.5,138.225,0.0,15.45,150.0,109.475,6.0,122.77499999999999,248.775,18.84955592153876,267.6245559215388,2,180.0,257,31.332206707233127,1.243875,3.807422738380465,0.482559702415067,5.533857440795532,True,
32,6,41,62,50,u,0.0,0.5,137.0,0.0,85.45,0.0,16.375,6.0,51.55,60.3,18.84955592153876,79.14955592153876,2,180.0,173,6.028113625157536,0.3015,3.807422738380465,0.36122040164975266,4.470143140030218,True,
33,6,51,62,48,u,0.0,0.5,137.7,0.0,76.45,0.0,33.0,6.0,61.249999999999986,103.24999999999999,18.84955592153876,122.09955592153875,2,180.0,177,31.33220670723324,0.51625,3.807422738380465,0.3470537911735946,4.67072652955406,True,
34,6,53,62,32,u,0.0,0.5,138.05,0.0,4.1,0.0,33.35,6.0,133.95000000000002,176.65,18.84955592153876,195.49955592153876,2,180.0,267,27.952886589135016,0.8832500000000001,3.807422738380465,0.47845259768719745,5.169125336067663,True,
35,6,58,62,40,u,0.0,0.5,137.875,0.0,38.875,0.0,33.175,6.0,99.0,141.35,18.84955592153876,160.19955592153875,2,180.0,223,31.332206707233127,0.70675,3.807422738380465,0.4000597024150672,4.914232440795532,True,
36,8,12,28,21,u,0.0,0.5,130.0,150.0,101.125,150.0,140.625,6.0,28.875,23.625,18.84955592153876,42.47455592153876,2,180.0,96,44.90052796068889,0.11812500000000001,3.807422738380465,0.19625015452389796,4.121797892904363,True,
37,8,12,28,21,u,0.0,0.5,130.7,150.0,100.6,150.0,140.1,6.0,30.099999999999994,25.900000000000006,18.84955592153876,44.749555921538764,2,180.0,97,19.666638215041374,0.12950000000000003,3.807422738380465,0.18803586078239673,4.124958599162862,True,
38,8,12,28,21,u,0.0,0.5,130.525,150.0,100.775,150.0,140.275,6.0,29.75,25.19999999999999,18.84955592153876,44.04955592153875,2,180.0,97,13.872102735011566,0.12599999999999995,3.807422738380465,0.1971728026701731,4.130595541050638,True,
39,8,12,28,21,u,0.0,0.5,130.175,150.0,100.95,150.0,140.45,6.0,29.22500000000001,24.32500000000003,18.84955592153876,43.17455592153879,2,180.0,96,47.22144229110688,0.12162500000000016,3.807422738380465,0.19160730139464854,4.120655039775114,True,
40,8,16,28,14,u,0.0,0.5,131.05,150.0,69.1,150.0,116.3,6.0,61.95000000000002,105.35000000000002,18.84955592153876,124.19955592153877,2,180.0,173,47.22144229110668,0.5267500000000002,3.807422738380465,0.3258632266837483,4.660035965064213,True,
41,8,16,28,14,u,0.0,0.5,131.225,150.0,68.925,150.0,116.125,6.0,62.3,106.05,18.84955592153876,124.89955592153876,2,180.0,173,47.22144229110668,0.53025,3.807422738380465,0.3279763550341074,4.665649093414572,True,
42,8,16,28,14,u,0.0,0.5,130.35,150.0,69.625,150.0,117.0,6.0,60.724999999999994,102.725,18.84955592153876,121.57455592153875,2,180.0,178,13.872102735011007,0.513625,3.807422738380465,0.38488112897969273,4.705928867360158,True,
43,8,17,28,16,u,0.0,0.5,130.875,150.0,78.275,150.0,116.475,6.0,52.599999999999994,95.65,18.84955592153876,114.49955592153876,2,180.0,153,24.146847996502466,0.47825000000000006,3.807422738380465,0.2922025274490632,4.577875265829529,True,
44,8,53,28,32,u,0.0,0.5,131.4,150.0,3.925,0.0,42.275,6.0,127.47500000000001,253.475,18.84955592153876,272.3245559215388,2,180.0,261,24.19058673110459,1.267375,3.807422738380465,0.48955376307833964,5.5643515014588045,True,
45,8,56,28,36,u,0.0,0.5,131.575,150.0,22.275,0.0,42.1,6.0,109.29999999999998,235.29999999999998,18.84955592153876,254.14955592153873,2,180.0,236,27.991066154204194,1.1764999999999999,3.807422738380465,0.4473810446939296,5.431303783074394,True,
46,8,56,28,36,u,0.0,0.5,131.75,150.0,22.45,0.0,41.925,6.0,109.3,235.3,18.84955592153876,254.14955592153876,2,180.0,236,31.36662771132225,1.1765,3.807422738380465,0.4552977254082233,5.439220463788688,True,
47,8,56,28,36,u,0.0,0.5,131.925,150.0,22.625,0.0,41.75,6.0,109.30000000000001,235.3,18.84955592153876,254.14955592153876,2,180.0,236,34.44318354263777,1.1765,3.807422738380465,0.46258942719395757,5.446512165574423,True,
48,9,13,30,22,u,0.0,0.5,139.35,150.0,105.275,150.0,142.55,6.0,34.07499999999999,24.974999999999966,18.84955592153876,43.824555921538725,2,180.0,116,13.872102735010447,0.12487499999999983,3.807422738380465,0.25357163727903115,4.185869375659496,True,
49,9,13,30,22,u,0.0,0.5,139.525,150.0,105.1,150.0,142.375,6.0,34.42500000000001,25.67500000000001,18.84955592153876,44.52455592153877,2,180.0,116,19.666638215041374,0.12837500000000007,3.807422738380465,0.24110136205792151,4.176899100438387,True,
50,9,13,30,22,u,0.0,0.5,139.0,150.0,105.625,150.0,114.2,6.0,33.375,80.975,18.84955592153876,99.82455592153875,2,180.0,116,19.666638215041374,0.404875,3.807422738380465,0.257857399728038,4.4701551381085025,True,
51,9,13,30,22,u,0.0,0.5,139.175,150.0,105.45,150.0,114.025,6.0,33.72500000000001,81.675,18.84955592153876,100.52455592153876,2,180.0,116,13.872102735010447,0.408375,3.807422738380465,0.26916691952395394,4.48496465790442,True,
52,9,17,30,16,u,0.0,0.5,139.7,150.0,78.1,150.0,113.85,6.0,61.599999999999994,109.9,18.84955592153876,128.74955592153876,2,180.0,173,34.41150866976958,0.5495,3.807422738380465,0.345029893350415,4.70195263173088,True,
53,9,19,30,12,u,0.0,0.5,139.875,150.0,60.275,150.0,113.675,6.0,79.6,128.25,18.84955592153876,147.09955592153875,2,180.0,209,34.41150866976939,0.64125,3.807422738380465,0.4087203735544985,4.857393111934964,True,
54,9,19,30,12,u,0.0,0.5,140.05,150.0,60.1,150.0,113.5,6.0,79.95000000000002,128.95000000000002,18.84955592153876,147.79955592153877,2,180.0,209,31.332206707233127,0.64475,3.807422738380465,0.41035731544227483,4.86253005382274,True,
55,9,19,30,12,u,0.0,0.5,140.225,150.0,59.925,150.0,113.325,6.0,80.3,129.64999999999998,18.84955592153876,148.49955592153873,2,180.0,209,27.95288658913517,0.6482499999999999,3.807422738380465,0.4095835159524846,4.86525625433295,True,
56,9,39,30,56,u,0.0,0.5,140.575,150.0,112.275,0.0,38.075,6.0,28.299999999999983,154.29999999999998,18.84955592153876,173.14955592153873,2,180.0,100,34.76258398715183,0.7715,3.807422738380465,0.2213097726532036,4.800232511033668,True,
57,9,39,30,56,u,0.0,0.5,140.75,150.0,112.45,0.0,37.9,6.0,28.299999999999997,154.29999999999998,18.84955592153876,173.14955592153873,2,180.0,100,37.59385643098269,0.7715,3.807422738380465,0.22812520369059275,4.8070479420710575,True,
58,9,39,30,56,u,0.0,0.5,140.925,150.0,112.625,0.0,37.725,6.0,28.30000000000001,154.3,18.84955592153876,173.14955592153876,2,180.0,100,40.25390820115515,0.7715000000000001,3.807422738380465,0.23613111493206587,4.815053853312531,True,
59,9,51,30,48,u,0.0,0.5,140.4,150.0,76.275,0.0,38.25,6.0,64.125,190.125,18.84955592153876,208.97455592153875,2,180.0,181,31.713377838836593,0.950625,3.807422738380465,0.3563098007484572,5.114357539128923,True,
60,12,10,21,18,u,0.0,0.5,98.675,150.0,87.45,150.0,144.65,5.0,11.224999999999994,1.924999999999983,15.707963267948966,17.63296326794895,2,180.0,32,53.8429917990011,0.009624999999999915,4.76514595344064,0.07276780396255467,4.8475387574031945,True,
61,12,10,21,18,u,0.0,0.5,98.5,150.0,87.625,150.0,144.825,5.0,10.875,1.2250000000000227,15.707963267948966,16.93296326794899,2,180.0,32,51.31781254651063,0.006125000000000114,4.76514595344064,0.07226186462582741,4.843532818066467,True,
62,13,10,22,18,u,0.0,0.5,103.175,150.0,87.1,150.0,142.375,6.0,16.075000000000003,7.325000000000003,18.84955592153876,26.17455592153876,2,180.0,46,53.13010235415609,0.03662500000000001,3.807422738380465,0.09863105874155734,3.9426787971220225,True,
63,13,10,22,18,u,0.0,0.5,103.0,150.0,87.275,150.0,142.55,6.0,15.724999999999994,6.624999999999972,18.84955592153876,25.47455592153873,2,180.0,46,51.011332559848334,0.033124999999999856,3.807422738380465,0.09997041569738037,3.9405181540778456,True,
64,10,19,18,12,u,0.0,0.5,85.175,150.0,60.45,150.0,142.375,6.0,24.724999999999994,15.974999999999994,18.84955592153876,34.82455592153875,2,180.0,82,13.872102735011007,0.07987499999999997,3.807422738380465,0.20467280267017302,4.091970541050638,True,
65,10,19,18,12,u,0.0,0.5,85.0,150.0,60.625,150.0,132.225,6.0,24.375,35.92500000000001,18.84955592153876,54.77455592153877,2,180.0,82,13.872102735011007,0.17962500000000006,3.807422738380465,0.20452398210894224,4.191571720489407,True,
66,10,24,18,8,u,0.0,0.5,85.35,150.0,42.625,150.0,132.05,6.0,42.724999999999994,54.62499999999997,18.84955592153876,73.47455592153872,2,180.0,136,27.95288658913547,0.27312499999999984,3.807422738380465,0.2677679725340798,4.348315710914545,True,
67,33,10,60,18,u,0.0,0.5,130.275,0.0,86.225,150.0,106.85,6.0,44.05000000000001,170.05,18.84955592153876,188.89955592153876,2,180.0,188,35.659087696138734,0.8502500000000001,3.807422738380465,0.40675623433689534,5.06442897271736,True,
68,10,51,18,48,u,0.0,0.5,85.875,150.0,75.75,0.0,58.9,6.0,10.125,138.14738952804066,16.966841469293215,155.1142309973339,2,162.02140130967436,227,29.419011747226214,0.6907369476402033,3.427133152504002,0.43217283076542645,4.5500429309096315,True,
69,10,51,18,48,u,0.0,0.5,86.05,150.0,75.925,0.0,58.725,6.0,10.125,138.14738952804066,16.966841469293215,155.1142309973339,2,162.02140130967436,227,25.8133234409622,0.6907369476402033,3.427133152504002,0.4353275625681302,4.553197662712335,True,
70,10,53,18,32,u,0.0,0.5,85.525,150.0,3.225,0.0,59.25,6.0,82.30000000000001,208.3,18.84955592153876,227.14955592153876,2,180.0,222,24.146847996502316,1.0415,3.807422738380465,0.41812511940482977,5.267047857785295,True,
71,10,58,18,40,u,0.0,0.5,85.7,150.0,38.525,0.0,59.075,6.0,47.175000000000004,173.175,18.84955592153876,192.02455592153876,2,180.0,243,27.952886589135016,0.8658750000000001,3.807422738380465,0.46970261173482475,5.143000350115289,True,
72,13,11,22,52,u,0.0,0.5,104.05,150.0,93.925,0.0,50.15,6.0,10.125,138.14738952804066,16.966841469293215,155.1142309973339,2,162.02140130967436,201,29.419011747226214,0.6907369476402033,3.427133152504002,0.38026808491509595,4.498138185059301,True,
73,13,11,22,52,u,0.0,0.5,104.225,150.0,94.1,0.0,49.975,6.0,10.125,138.14738952804066,16.966841469293215,155.1142309973339,2,162.02140130967436,201,25.8133234409622,0.6907369476402033,3.427133152504002,0.38244069091848965,4.500310791062694,True,
74,11,26,52,4,u,0.0,0.5,93.05,0.0,23.575,150.0,94.775,6.0,69.475,195.475,18.84955592153876,214.32455592153875,2,180.0,237,24.146847996502526,0.977375,3.807422738380465,0.4952086072620608,5.280006345642526,True,
75,11,48,52,44,u,0.0,0.5,92.175,0.0,58.275,0.0,19.175,6.0,33.9,48.249999999999986,18.84955592153876,67.09955592153875,2,180.0,115,27.95288658913515,0.24124999999999994,3.807422738380465,0.225595422721194,4.274268161101659,True,
76,11,51,52,48,u,0.0,0.5,92.0,0.0,76.625,0.0,6.05,6.0,15.375,3.4749999999999996,18.84955592153876,22.32455592153876,2,180.0,48,42.48111287543236,0.017374999999999998,3.807422738380465,0.1219346953912545,3.9467324337717193,True,
77,33,12,60,21,u,0.0,0.5,130.45,0.0,100.425,150.0,107.025,6.0,30.02499999999999,156.02499999999998,18.84955592153876,174.87455592153873,2,180.0,159,32.683463757723445,0.780125,3.807422738380465,0.34732170751716557,4.934869445897631,True,
78,12,48,21,44,u,0.0,0.5,99.9,150.0,57.575,0.0,51.725,6.0,42.325,168.32500000000002,18.84955592153876,187.17455592153877,2,180.0,241,31.332206707233183,0.8416250000000001,3.807422738380465,0.450327534472876,5.099375272853342,True,
79,12,48,21,44,u,0.0,0.5,100.075,150.0,57.75,0.0,51.55,6.0,42.325,168.325,18.84955592153876,187.17455592153874,2,180.0,241,27.95288658913508,0.841625,3.807422738380465,0.44407749232999477,5.093125230710459,True,
80,12,48,21,44,u,0.0,0.5,100.25,150.0,57.925,0.0,51.375,6.0,42.325,168.325,18.84955592153876,187.17455592153874,2,180.0,241,24.146847996502377,0.841625,3.807422738380465,0.44285728734702057,5.091905025727486,True,
81,12,53,21,32,u,0.0,0.5,98.85,150.0,3.4,0.0,52.775,6.0,95.44999999999999,221.45,18.84955592153876,240.29955592153874,2,180.0,248,21.69471602238685,1.10725,3.807422738380465,0.48648823370756067,5.401160972088026,True,
82,12,56,21,36,u,0.0,0.5,99.025,150.0,21.75,0.0,52.6,6.0,77.275,203.275,18.84955592153876,222.12455592153876,2,180.0,233,25.841932763167332,1.016375,3.807422738380465,0.4452084105952814,5.2690061489757465,True,
83,12,56,21,36,u,0.0,0.5,99.2,150.0,21.925,0.0,52.425,6.0,77.275,203.27500000000003,18.84955592153876,222.12455592153879,2,180.0,233,29.44437692963055,1.0163750000000003,3.807422738380465,0.44098221008507166,5.264779948465537,True,
84,12,56,21,36,u,0.0,0.5,99.375,150.0,22.1,0.0,52.25,6.0,77.275,203.275,18.84955592153876,222.12455592153876,2,180.0,233,32.6834637577232,1.016375,3.807422738380465,0.4381845970578643,5.261982335438329,True,
85,1,13,58,22,u,0.0,0.5,120.925,0.0,104.925,150.0,104.05,6.0,16.0,142.0,18.84955592153876,160.84955592153875,2,180.0,158,24.146847996502586,0.71,3.807422738380465,0.31663713855455533,4.8340598769350205,True,
86,39,13,56,22,u,0.0,0.5,111.75,0.0,104.4,150.0,100.2,6.0,7.349999999999994,138.93756355950464,14.074537978023422,153.01210153752805,2,134.4019374562223,172,38.4332063408508,0.6946878177975232,2.8429166264067205,0.3701788543879167,3.90778329859216,True,
87,39,13,56,22,u,0.0,0.5,111.925,0.0,104.575,150.0,100.375,6.0,7.349999999999994,138.93756355950464,14.074537978023422,153.01210153752805,2,134.4019374562223,172,35.65908769613878,0.6946878177975232,2.8429166264067205,0.36982170751716603,3.9074261517214097,True,
88,39,13,56,22,u,0.0,0.5,112.1,0.0,104.75,150.0,100.55,6.0,7.349999999999994,138.93756355950464,14.074537978023422,153.01210153752805,2,134.4019374562223,172,32.6834637577232,0.6946878177975232,2.8429166264067205,0.3632442713776788,3.9008487155819225,True,
89,13,48,22,44,u,0.0,0.5,103.7,150.0,58.1,0.0,50.5,6.0,45.6,171.60000000000002,18.84955592153876,190.44955592153877,2,180.0,242,29.44437692963055,0.8580000000000001,3.807422738380465,0.44032753447287626,5.105750272853342,True,
90,13,51,22,48,u,0.0,0.5,103.875,150.0,76.1,0.0,50.325,6.0,27.775000000000006,153.775,18.84955592153876,172.62455592153876,2,180.0,219,31.332206707233127,0.7688750000000001,3.807422738380465,0.40955373498308656,4.985851473363552,True,
91,13,53,22,32,u,0.0,0.5,103.35,150.0,3.575,0.0,50.85,6.0,99.77499999999999,225.775,18.84955592153876,244.62455592153876,2,180.0,259,21.69471602238685,1.128875,3.807422738380465,0.4910120191497242,5.427309757530189,True,
92,13,57,22,38,u,0.0,0.5,103.525,150.0,30.225,0.0,50.675,6.0,73.30000000000001,199.3,18.84955592153876,218.14955592153876,2,180.0,244,25.841932763167332,0.9965,3.807422738380465,0.45119062068035426,5.25511335906082,True,
93,14,16,26,14,u,0.0,0.5,121.35,150.0,69.45,150.0,121.725,6.0,51.89999999999999,84.45,18.84955592153876,103.29955592153877,2,180.0,151,13.872102735011007,0.42225,3.807422738380465,0.2977680287245878,4.527440767105053,True,
94,14,16,26,14,u,0.0,0.5,121.525,150.0,69.275,150.0,121.55,6.0,52.25,85.15,18.84955592153876,103.99955592153876,2,180.0,151,19.666638215041246,0.42575,3.807422738380465,0.2924704156973804,4.525643154077845,True,
95,14,17,26,16,u,0.0,0.5,121.0,150.0,78.625,150.0,122.075,6.0,42.375,74.22500000000002,18.849555921538737,93.07455592153876,2,180.0,126,27.952886589135232,0.3711250000000001,3.8074227383804606,0.2485120472449795,4.42705978562544,True,
96,14,17,26,16,u,0.0,0.5,121.175,150.0,78.45,150.0,121.9,6.0,42.724999999999994,74.92499999999998,18.84955592153876,93.77455592153873,2,180.0,126,31.332206707233127,0.37462499999999993,3.807422738380465,0.2452382196599351,4.4272859580404,True,
97,14,18,26,10,u,0.0,0.5,121.7,150.0,51.625,150.0,121.2,6.0,70.075,103.675,18.84955592153876,122.52455592153876,2,180.0,196,35.68808491209399,0.518375,3.807422738380465,0.3894942292347976,4.715291967615262,True,
98,14,18,26,10,u,0.0,0.5,121.875,150.0,51.45,150.0,121.025,6.0,70.425,104.37499999999999,18.84955592153876,123.22455592153875,2,180.0,196,34.41150866976964,0.521875,3.807422738380465,0.38580372093545945,4.715101459315925,True,
99,14,18,26,10,u,0.0,0.5,122.05,150.0,51.275,150.0,120.85,6.0,70.775,105.07500000000002,18.84955592153876,123.92455592153877,2,180.0,196,31.332206707233183,0.5253750000000001,3.807422738380465,0.38000008428576226,4.712797822666228,True,
100,14,18,26,10,u,0.0,0.5,122.225,150.0,51.1,150.0,120.675,6.0,71.125,105.77499999999999,18.84955592153876,124.62455592153876,2,180.0,196,27.95288658913517,0.528875,3.807422738380465,0.3784227324320374,4.714720470812503,True,
101,33,14,60,26,u,0.0,0.5,130.625,0.0,123.625,150.0,107.55,6.0,7.0,139.0912878853643,13.692250745884422,152.78353863124872,2,130.75136329567187,104,29.44437692963055,0.6954564394268214,2.765698409367699,0.24315495656473698,3.7043098053592574,True,
102,14,38,26,54,u,0.0,0.5,122.925,150.0,103.1,0.0,44.725,6.0,19.825000000000003,145.82500000000002,18.84955592153876,164.67455592153877,2,180.0,163,32.238669126369835,0.7291250000000001,3.807422738380465,0.34392884034029,4.880476578720755,True,
103,14,38,26,54,u,0.0,0.5,123.1,150.0,103.275,0.0,44.55,6.0,19.82499999999999,145.825,18.84955592153876,164.67455592153874,2,180.0,163,28.955024371859835,0.7291249999999999,3.807422738380465,0.3394049987076184,4.875952737088083,True,
104,14,38,26,54,u,0.0,0.5,123.275,150.0,103.45,0.0,44.375,6.0,19.825000000000003,145.825,18.84955592153876,164.67455592153874,2,180.0,163,25.288720101558926,0.7291249999999999,3.807422738380465,0.3413692784014925,4.877917016781957,True,
105,14,53,26,32,u,0.0,0.5,122.4,150.0,3.75,0.0,45.25,6.0,118.65,244.65,18.84955592153876,263.4995559215388,2,180.0,268,24.146847996502316,1.22325,3.807422738380465,0.5287204859355155,5.559393224315981,True,
106,14,58,26,40,u,0.0,0.5,122.575,150.0,38.7,0.0,45.075,6.0,83.875,209.875,18.84955592153876,228.72455592153875,2,180.0,247,27.952886589135137,1.049375,3.807422738380465,0.48610144634368313,5.342899184724148,True,
107,16,20,14,6,u,0.0,0.5,67.0,150.0,32.575,150.0,138.875,6.0,34.425,32.675,18.84955592153876,51.524555921538756,2,180.0,106,27.952886589134927,0.163375,3.807422738380465,0.2211907049661172,4.191988443346582,True,
108,16,20,14,6,u,0.0,0.5,67.175,150.0,32.4,150.0,138.7,6.0,34.775,33.37500000000002,18.84955592153876,52.22455592153878,2,180.0,106,31.332206707233183,0.1668750000000001,3.807422738380465,0.22366089590146437,4.19795863428193,True,
109,16,20,14,6,u,0.0,0.5,67.35,150.0,32.225,150.0,138.525,6.0,35.12499999999999,34.07499999999998,18.84955592153876,52.92455592153874,2,180.0,106,34.41150866976915,0.17037499999999992,3.807422738380465,0.2234822662755808,4.201280004656046,True,
110,16,20,14,6,u,0.0,0.5,67.525,150.0,32.05,150.0,138.35,6.0,35.47500000000001,34.77500000000002,18.84955592153876,53.62455592153878,2,180.0,106,37.26596292649413,0.1738750000000001,3.807422738380465,0.22258939909870432,4.203887137479169,True,
111,33,16,60,14,u,0.0,0.5,129.925,0.0,68.575,150.0,106.5,6.0,61.35000000000001,187.35000000000002,18.84955592153876,206.19955592153877,2,180.0,212,35.07369314595631,0.9367500000000001,3.807422738380465,0.44654787993212125,5.190720618312587,True,
112,33,16,60,14,u,0.0,0.5,130.1,0.0,68.75,150.0,106.675,6.0,61.349999999999994,187.34999999999997,18.84955592153876,206.19955592153872,2,180.0,212,37.8848044497193,0.9367499999999999,3.807422738380465,0.4464288684355432,5.190601606816008,True,
113,16,48,14,44,u,0.0,0.5,68.225,150.0,56.7,0.0,65.2,6.0,11.524999999999991,138.00940472703712,18.374431792476145,156.38383651951327,2,175.46289877664717,247,28.048532899893555,0.6900470236351857,3.7114523919130913,0.4944049987076178,4.895904414255895,True,
114,16,48,14,44,u,0.0,0.5,68.4,150.0,56.875,0.0,65.025,6.0,11.525000000000006,138.00940472703712,18.37443179247616,156.3838365195133,2,175.46289877664728,247,24.256384296890555,0.6900470236351857,3.711452391913094,0.49669667239809784,4.898196087946378,True,
115,16,53,14,32,u,0.0,0.5,67.7,150.0,2.875,0.0,65.725,6.0,64.825,190.82500000000002,18.84955592153876,209.67455592153877,2,180.0,191,29.444376929630494,0.9541250000000001,3.807422738380465,0.3857739961565689,5.147321734537035,True,
116,16,56,14,36,u,0.0,0.5,67.875,150.0,20.175,0.0,65.55,6.0,47.7,173.7,18.84955592153876,192.54955592153874,2,180.0,188,32.683463757723146,0.8684999999999999,3.807422738380465,0.38226214557836824,5.058184883958833,True,
117,16,56,14,36,u,0.0,0.5,68.05,150.0,20.35,0.0,65.375,6.0,47.699999999999996,173.7,18.84955592153876,192.54955592153874,2,180.0,188,35.65908769613878,0.8684999999999999,3.807422738380465,0.37875026690491376,5.0546730052853786,True,
118,17,21,16,0,u,0.0,0.5,76.0,150.0,5.925,150.0,135.9,6.0,70.075,74.27499999999999,18.84955592153876,93.12455592153876,2,180.0,208,37.26596292649413,0.37137499999999996,3.807422738380465,0.39226203319735214,4.571059771577817,True,
119,17,21,16,0,u,0.0,0.5,76.175,150.0,5.75,150.0,135.725,6.0,70.425,74.97500000000001,18.84955592153876,93.82455592153877,2,180.0,208,34.41150866976915,0.37487500000000007,3.807422738380465,0.38711326882662955,4.569411007207095,True,
120,17,21,16,0,u,0.0,0.5,76.35,150.0,5.575,150.0,135.55,6.0,70.77499999999999,75.67499999999997,18.84955592153876,94.52455592153873,2,180.0,208,31.332206707233183,0.37837499999999985,3.807422738380465,0.38261918006810264,4.568416918448568,True,
121,17,21,16,0,u,0.0,0.5,76.525,150.0,5.4,150.0,135.375,6.0,71.125,76.375,18.84955592153876,95.22455592153875,2,180.0,208,27.952886589134927,0.381875,3.807422738380465,0.38205370688783236,4.571351445268298,True,
122,17,48,16,44,u,0.0,0.5,76.875,150.0,57.05,0.0,62.05,6.0,19.825000000000003,145.825,18.84955592153876,164.67455592153874,2,180.0,241,42.48111287543228,0.7291249999999999,3.807422738380465,0.4449406628232351,4.9814884012037,True,
123,17,48,16,44,u,0.0,0.5,77.05,150.0,57.225,0.0,61.875,6.0,19.824999999999996,145.825,18.84955592153876,164.67455592153874,2,180.0,241,39.94450518981484,0.7291249999999999,3.807422738380465,0.4457442432824239,4.982291981662889,True,
124,17,48,16,44,u,0.0,0.5,77.225,150.0,57.4,0.0,61.7,6.0,19.824999999999996,145.825,18.84955592153876,164.67455592153874,2,180.0,241,37.265962926494225,0.7291249999999999,3.807422738380465,0.4483334738096034,4.984881212190068,True,
125,17,53,16,32,u,0.0,0.5,76.7,150.0,3.05,0.0,62.225,6.0,73.65,199.65,18.84955592153876,218.49955592153876,2,180.0,210,27.952886589135016,0.9982500000000001,3.807422738380465,0.4116370823640468,5.2173098207445125,True,
126,18,20,10,6,u,0.0,0.5,49.0,150.0,33.625,150.0,142.375,6.0,15.375,6.625,18.84955592153876,25.47455592153876,2,180.0,48,46.56746344221026,0.033125,3.807422738380465,0.11035731544227548,3.9509050538227406,True,
127,18,20,10,6,u,0.0,0.5,49.175,150.0,33.45,150.0,142.2,6.0,15.724999999999994,7.325000000000017,18.84955592153876,26.174555921538776,2,180.0,48,48.82711314820602,0.03662500000000009,3.807422738380465,0.10782750637762269,3.951875244758088,True,
128,18,21,10,0,u,0.0,0.5,49.35,150.0,6.625,150.0,142.025,6.0,42.725,34.67499999999999,18.84955592153876,53.52455592153875,2,180.0,140,39.94450518981498,0.17337499999999995,3.807422738380465,0.285208522976299,4.266006261356764,True,
129,18,21,10,0,u,0.0,0.5,49.525,150.0,6.45,150.0,141.85,6.0,43.074999999999996,35.375000000000014,18.84955592153876,54.22455592153877,2,180.0,140,37.26596292649413,0.1768750000000001,3.807422738380465,0.28062517559533856,4.264922913975804,True,
130,39,18,56,10,u,0.0,0.5,111.4,0.0,50.75,150.0,99.85,6.0,60.650000000000006,186.65,18.84955592153876,205.49955592153876,2,180.0,226,31.141348404544082,0.93325,3.807422738380465,0.45431565579942196,5.194988394179887,True,
131,39,18,56,10,u,0.0,0.5,111.575,0.0,50.925,150.0,100.025,6.0,60.650000000000006,186.65,18.84955592153876,205.49955592153876,2,180.0,226,30.01902002957799,0.93325,3.807422738380465,0.4536905925851001,5.194363330965565,True,
132,41,18,50,10,u,0.0,0.5,84.4,0.0,50.225,150.0,93.2,6.0,34.175000000000004,160.175,18.84955592153876,179.02455592153876,2,180.0,239,31.332206707233183,0.8008750000000001,3.807422738380465,0.4667561781463868,5.075053916526852,True,
133,41,18,50,10,u,0.0,0.5,84.575,0.0,50.4,150.0,93.375,6.0,34.175000000000004,160.175,18.84955592153876,179.02455592153876,2,180.0,239,27.95288658913523,0.8008750000000001,3.807422738380465,0.4626192081633564,5.0709169465438215,True,
134,18,53,10,32,u,0.0,0.5,49.7,150.0,2.7,0.0,68.175,6.0,47.0,173.0,18.84955592153876,191.84955592153875,2,180.0,150,28.92833984413736,0.865,3.807422738380465,0.28273821965993506,4.9551609580404,True,
135,18,58,10,40,u,0.0,0.5,49.875,150.0,38.35,0.0,68.0,6.0,11.524999999999999,138.00940472703712,18.37443179247615,156.38383651951327,2,175.46289877664722,189,37.340058684420576,0.6900470236351857,3.7114523919130926,0.3366370261735388,4.738136441721816,True,
136,19,20,12,6,u,0.0,0.5,58.0,150.0,33.275,150.0,140.625,6.0,24.725,19.475,18.84955592153876,38.32455592153876,2,180.0,78,37.26596292649413,0.097375,3.807422738380465,0.1669644763606531,4.071762214741118,True,
137,19,20,12,6,u,0.0,0.5,58.175,150.0,33.1,150.0,140.45,6.0,25.074999999999996,20.17500000000002,18.84955592153876,39.02455592153878,2,180.0,78,39.94450518981498,0.10087500000000009,3.807422738380465,0.16485134801029402,4.073149086390759,True,
138,19,20,12,6,u,0.0,0.5,58.35,150.0,32.925,150.0,140.275,6.0,25.425000000000004,20.874999999999993,18.84955592153876,39.72455592153875,2,180.0,78,42.48111287543219,0.10437499999999997,3.807422738380465,0.16247038760212618,4.0742681259825915,True,
139,19,20,12,6,u,0.0,0.5,58.525,150.0,32.75,150.0,140.1,6.0,25.775,21.57500000000001,18.84955592153876,40.42455592153877,2,180.0,78,44.90052796068899,0.10787500000000005,3.807422738380465,0.16190488632660166,4.077202624707066,True,
140,19,21,12,0,u,0.0,0.5,58.875,150.0,6.275,150.0,139.75,6.0,52.6,49.1,18.84955592153876,67.94955592153876,2,180.0,163,31.332206707233127,0.24550000000000002,3.807422738380465,0.30610136205792093,4.359024100438386,True,
141,19,21,12,0,u,0.0,0.5,59.05,150.0,6.1,150.0,139.575,6.0,52.949999999999996,49.80000000000002,18.84955592153876,68.64955592153878,2,180.0,163,27.952886589134927,0.2490000000000001,3.807422738380465,0.3018453805783124,4.358268118958778,True,
142,19,26,12,4,u,0.0,0.5,58.7,150.0,24.625,150.0,139.925,6.0,34.075,30.22499999999998,18.84955592153876,49.07455592153874,2,180.0,104,34.41150866976964,0.1511249999999999,3.807422738380465,0.2271132688266298,4.185661007207095,True,
143,19,48,12,44,u,0.0,0.5,59.225,150.0,56.35,0.0,67.475,6.0,2.875,142.20677377461683,8.482102436731477,150.68887621134832,2,80.99811183705751,237,45.2353514375114,0.7110338688730842,1.7133002931905368,0.42937510535720275,2.853709267420824,True,
144,19,48,12,44,u,0.0,0.5,59.4,150.0,56.525,0.0,67.3,6.0,2.875,142.20677377461683,8.482102436731477,150.68887621134832,2,80.99811183705751,237,43.614556872087334,0.7110338688730842,1.7133002931905368,0.4365477394558508,2.860881901519472,True,
145,49,19,46,12,u,0.0,0.5,66.925,0.0,59.575,150.0,88.3,6.0,7.349999999999994,138.93756355950464,14.074537978023422,153.01210153752805,2,134.4019374562223,242,29.444376929630494,0.6946878177975232,2.8429166264067205,0.4505953665306855,3.9881998107349292,True,
146,1,20,58,6,u,0.0,0.5,120.75,0.0,31.875,150.0,103.875,6.0,88.875,214.875,18.84955592153876,233.72455592153875,2,180.0,227,27.95288658913517,1.074375,3.807422738380465,0.4388989750851281,5.320696713465593,True,
147,48,20,44,6,u,0.0,0.5,56.0,0.0,31.7,150.0,85.15,6.0,24.3,150.3,18.84955592153876,169.14955592153876,2,180.0,196,31.332206707233127,0.7515000000000001,3.807422738380465,0.3832442151871701,4.942166953567635,True,
148,20,53,6,32,u,0.0,0.5,31.0,150.0,2.35,0.0,72.55,6.0,28.65,154.64999999999998,18.84955592153876,173.49955592153873,2,180.0,94,24.476135215181273,0.7732499999999999,3.807422738380465,0.20782753447287686,4.788500272853342,True,
149,20,53,6,32,u,0.0,0.5,31.175,150.0,2.525,0.0,72.375,6.0,28.650000000000002,154.65,18.84955592153876,173.49955592153876,2,180.0,94,28.240736430519988,0.77325,3.807422738380465,0.20053586078239663,4.781208599162862,True,
150,20,57,6,38,u,0.0,0.5,31.525,150.0,29.525,0.0,72.025,6.0,2.0,143.3667504192892,7.028226521485822,150.39497694077502,2,67.11461952384151,134,47.86858551078456,0.716833752096446,1.4196318247379318,0.2509823505613433,2.387447927395721,True,
151,2,21,20,0,u,0.0,0.5,94.175,150.0,5.225,150.0,129.075,6.0,88.95,106.80000000000003,18.84955592153876,125.64955592153879,2,180.0,243,39.944505189814656,0.5340000000000001,3.807422738380465,0.4517857905442606,4.793208528924725,True,
152,2,21,20,0,u,0.0,0.5,94.35,150.0,5.05,150.0,128.9,6.0,89.3,107.49999999999999,18.84955592153876,126.34955592153875,2,180.0,243,37.26596292649434,0.5375,3.807422738380465,0.45491079756807407,4.7998335359485385,True,
153,2,21,20,0,u,0.0,0.5,94.525,150.0,4.875,150.0,128.725,6.0,89.65,108.20000000000002,18.84955592153876,127.04955592153877,2,180.0,243,34.41150866976932,0.5410000000000001,3.807422738380465,0.45500014047627013,4.803422878856735,True,
154,2,21,20,0,u,0.0,0.5,94.7,150.0,4.7,150.0,128.55,6.0,90.0,108.89999999999998,18.84955592153876,127.74955592153873,2,180.0,243,31.332206707233354,0.5444999999999999,3.807422738380465,0.45303580459188775,4.804958542972353,True,
155,2,24,20,8,u,0.0,0.5,94.0,150.0,42.45,150.0,129.25,6.0,51.55,69.05,18.84955592153876,87.89955592153876,2,180.0,161,39.94450518981498,0.34525,3.807422738380465,0.3099108256633289,4.462583564043794,True,
156,47,24,42,8,u,0.0,0.5,47.0,0.0,40.7,150.0,84.275,6.0,6.299999999999997,139.4401704559212,12.909987540936008,152.3501579968572,2,123.28129994368496,192,42.76435131051854,0.6972008522796059,2.607689025681601,0.3555061079082522,3.6603959858694592,True,
157,47,24,42,8,u,0.0,0.5,47.175,0.0,40.875,150.0,84.45,6.0,6.299999999999997,139.44017045592116,12.909987540936035,152.3501579968572,2,123.28129994368507,192,40.2423148153503,0.6972008522796058,2.6076890256816063,0.3519346392007462,3.6568245171619584,True,
158,24,54,8,34,u,0.0,0.5,40.175,150.0,12.925,0.0,70.1,6.0,27.249999999999996,153.25,18.84955592153876,172.09955592153875,2,180.0,116,31.141348404544058,0.76625,3.807422738380465,0.23241082566332913,4.806083564043795,True,
159,24,54,8,34,u,0.0,0.5,40.35,150.0,13.1,0.0,69.925,6.0,27.25,153.25,18.84955592153876,172.09955592153875,2,180.0,116,30.01902002957787,0.76625,3.807422738380465,0.22654773945585124,4.800220477836317,True,
160,26,54,4,34,u,0.0,0.5,22.0,150.0,12.4,0.0,74.65,6.0,9.6,138.24244923464073,16.433260872054802,154.67571010669553,2,156.92608193436905,68,36.40945140678746,0.6912122461732036,3.3193551811215167,0.14035723115651302,4.150924658451234,True,
161,26,54,4,34,u,0.0,0.5,22.175,150.0,12.575,0.0,74.475,6.0,9.600000000000001,138.24244923464073,16.433260872054802,154.67571010669553,2,156.92608193436905,68,33.49203271693382,0.6912122461732036,3.3193551811215167,0.13943461110549202,4.1500020384002125,True,
162,57,26,38,4,u,0.0,0.5,29.35,0.0,22.525,150.0,80.775,6.0,6.825000000000003,139.17321030960701,13.499022667351456,152.67223297695847,2,128.90617106511164,117,35.52797156502559,0.695866051548035,2.7266682601714876,0.2436311149320658,3.6661654266515886,True,
163,58,26,40,4,u,0.0,0.5,38.175,0.0,22.7,150.0,82.7,6.0,15.474999999999998,141.475,18.84955592153876,160.32455592153875,2,180.0,139,27.952886589135197,0.707375,3.807422738380465,0.2620537349830868,4.776851473363552,True,
164,24,29,8,2,u,0.0,0.5,40.0,150.0,15.625,150.0,143.95,6.0,24.375,12.475000000000023,18.84955592153876,31.32455592153878,2,180.0,80,46.56746344221026,0.06237500000000012,3.807422738380465,0.17675615005113327,4.046553888431599,True,
165,57,29,38,2,u,0.0,0.5,29.0,0.0,14.75,150.0,80.425,6.0,14.25,140.25,18.84955592153876,159.09955592153875,2,180.0,116,46.56746344221023,0.70125,3.807422738380465,0.24154782374161365,4.750220562122078,True,
166,57,29,38,2,u,0.0,0.5,29.175,0.0,14.925,150.0,80.6,6.0,14.25,140.25,18.84955592153876,159.09955592153875,2,180.0,116,45.90633964430702,0.70125,3.807422738380465,0.23592278862254595,4.744595527003011,True,
167,33,47,60,42,u,0.0,0.5,128.0,0.0,49.1,0.0,29.15,6.0,78.9,113.20000000000002,18.84955592153876,132.04955592153877,2,180.0,217,34.41150866976939,0.5660000000000001,3.807422738380465,0.4107442151871697,4.7841669535676346,True,
168,33,47,60,42,u,0.0,0.5,128.175,0.0,48.925,0.0,29.325,6.0,79.25000000000001,113.90000000000002,18.84955592153876,132.74955592153879,2,180.0,217,37.265962926494204,0.5695000000000001,3.807422738380465,0.40901804277221415,4.785940781152679,True,
169,33,47,60,42,u,0.0,0.5,128.35,0.0,48.75,0.0,29.5,6.0,79.6,114.6,18.84955592153876,133.44955592153875,2,180.0,217,39.94450518981488,0.573,3.807422738380465,0.4063989750851279,4.786821713465593,True,
170,33,47,60,42,u,0.0,0.5,128.525,0.0,48.575,0.0,29.675,6.0,79.95,115.3,18.84955592153876,134.14955592153876,2,180.0,217,42.48111287543235,0.5765,3.807422738380465,0.4096430217007735,4.793565760081239,True,
171,33,47,60,42,u,0.0,0.5,128.7,0.0,48.4,0.0,29.85,6.0,80.29999999999998,115.99999999999997,18.84955592153876,134.84955592153872,2,180.0,217,44.90052796068899,0.5799999999999998,3.807422738380465,0.41068468134362673,4.798107419724092,True,
172,33,47,60,42,u,0.0,0.5,128.875,0.0,48.225,0.0,30.025,6.0,80.65,116.70000000000002,18.84955592153876,135.54955592153877,2,180.0,217,42.48111287543237,0.5835000000000001,3.807422738380465,0.409077520425249,4.800000258805714,True,
173,33,47,60,42,u,0.0,0.5,129.05,0.0,48.05,0.0,30.2,6.0,81.00000000000001,117.40000000000002,18.84955592153876,136.24955592153879,2,180.0,217,39.94450518981492,0.5870000000000001,3.807422738380465,0.4044346392007455,4.798857377581211,True,
174,33,47,60,42,u,0.0,0.5,129.225,0.0,47.875,0.0,30.375,6.0,81.35,118.1,18.84955592153876,136.94955592153875,2,180.0,217,37.265962926494275,0.5905,3.807422738380465,0.4000001685715243,4.79792290695199,True,
175,33,47,60,42,u,0.0,0.5,129.4,0.0,47.7,0.0,30.55,6.0,81.7,118.8,18.84955592153876,137.64955592153876,2,180.0,217,34.411508669769525,0.594,3.807422738380465,0.39580372093545896,4.797226459315924,True,
176,33,47,60,42,u,0.0,0.5,129.575,0.0,47.525,0.0,30.725,6.0,82.04999999999998,119.49999999999997,18.84955592153876,138.34955592153872,2,180.0,217,31.332206707233127,0.5974999999999999,3.807422738380465,0.3915774642347409,4.796500202615206,True,
177,33,53,60,32,u,0.0,0.5,129.75,0.0,4.275,0.0,30.9,6.0,125.475,163.275,18.84955592153876,182.12455592153876,2,180.0,268,27.95288658913517,0.8163750000000001,3.807422738380465,0.4810120472449784,5.104809785625443,True,
178,14,38,26,54,u,0.0,0.5,123.45,150.0,103.625,0.0,44.2,6.0,19.825000000000003,145.825,18.84955592153876,164.67455592153874,2,180.0,163,21.03946978131697,0.7291249999999999,3.807422738380465,0.3496133250171382,4.886161063397603,True,
179,38,18,54,10,u,0.0,0.5,102.925,0.0,50.575,150.0,97.75,6.0,52.349999999999994,178.35,18.84955592153876,197.19955592153875,2,180.0,234,21.69471602238685,0.89175,3.807422738380465,0.44839295146263813,5.147565689843104,True,
180,38,29,54,2,u,0.0,0.5,102.575,0.0,15.1,150.0,97.4,6.0,87.47500000000001,213.475,18.84955592153876,232.32455592153875,2,180.0,245,29.444376929630245,1.067375,3.807422738380465,0.46312520369059185,5.337922942071057,True,
181,38,29,54,2,u,0.0,0.5,102.75,0.0,15.275,150.0,97.575,6.0,87.475,213.47500000000002,18.84955592153876,232.32455592153877,2,180.0,245,25.84193276316703,1.0673750000000002,3.807422738380465,0.4595239540136873,5.334321692394153,True,
182,38,41,54,50,u,0.0,0.5,101.0,0.0,85.625,0.0,9.9,6.0,15.375,11.175,18.84955592153876,30.02455592153876,2,180.0,52,44.90052796068899,0.05587500000000001,3.807422738380465,0.13428584673476962,3.9975835851152346,True,
183,38,49,54,46,u,0.0,0.5,101.35,0.0,67.625,0.0,22.85,6.0,33.724999999999994,55.425,18.84955592153876,74.27455592153876,2,180.0,122,27.95288658913517,0.277125,3.807422738380465,0.2647025274490633,4.349250265829529,True,
184,38,49,54,46,u,0.0,0.5,101.525,0.0,67.45,0.0,23.025,6.0,34.075,56.125,18.84955592153876,74.97455592153875,2,180.0,122,31.332206707233127,0.280625,3.807422738380465,0.2669942011395435,4.355041939520008,True,
185,38,53,54,32,u,0.0,0.5,101.175,0.0,4.625,0.0,22.15,6.0,96.55,116.85,18.84955592153876,135.69955592153875,2,180.0,245,27.95288658913517,0.5842499999999999,3.807422738380465,0.46413702617353775,4.855809764554003,True,
186,38,53,54,32,u,0.0,0.5,102.4,0.0,4.45,0.0,23.9,6.0,97.95,121.75,18.84955592153876,140.59955592153875,2,180.0,239,27.95288658913517,0.60875,3.807422738380465,0.44696447636065234,4.863137214741117,True,
187,38,57,54,38,u,0.0,0.5,101.7,0.0,30.925,0.0,23.2,6.0,70.775,93.17500000000001,18.84955592153876,112.02455592153876,2,180.0,202,34.411508669769475,0.46587500000000004,3.807422738380465,0.39952398210894163,4.672821720489408,True,
188,38,57,54,38,u,0.0,0.5,101.875,0.0,30.75,0.0,23.375,6.0,71.125,93.875,18.84955592153876,112.72455592153875,2,180.0,202,37.265962926494225,0.469375,3.807422738380465,0.40369070496611653,4.680488443346582,True,
189,38,57,54,38,u,0.0,0.5,102.05,0.0,30.575,0.0,23.55,6.0,71.475,94.57499999999999,18.84955592153876,113.42455592153874,2,180.0,202,34.41150866976941,0.47287499999999993,3.807422738380465,0.4030656417517946,4.68336338013226,True,
190,39,24,56,8,u,0.0,0.5,111.225,0.0,42.275,150.0,99.675,6.0,68.94999999999999,194.95,18.84955592153876,213.79955592153874,2,180.0,228,27.95288658913517,0.97475,3.807422738380465,0.45657752042524946,5.238750258805715,True,
191,39,41,56,50,u,0.0,0.5,110.0,0.0,85.275,0.0,26.0,6.0,24.724999999999994,52.724999999999994,18.84955592153876,71.57455592153875,2,180.0,94,13.872102735011056,0.263625,3.807422738380465,0.23613114302731983,4.307178881407785,True,
192,39,41,56,50,u,0.0,0.5,110.175,0.0,85.1,0.0,15.85,6.0,25.075000000000003,32.775000000000006,18.84955592153876,51.624555921538764,2,180.0,90,6.028113625157536,0.16387500000000002,3.807422738380465,0.21250014047627064,4.183797878856736,True,
193,39,41,56,50,u,0.0,0.5,110.35,0.0,84.925,0.0,16.025,6.0,25.424999999999997,33.474999999999994,18.84955592153876,52.32455592153875,2,180.0,90,6.0281136251575465,0.16737499999999997,3.807422738380465,0.19639886270411192,4.171196601084577,True,
194,39,47,56,42,u,0.0,0.5,110.7,0.0,49.625,0.0,26.35,6.0,61.075,89.775,18.84955592153876,108.62455592153876,2,180.0,170,34.41150866976939,0.448875,3.807422738380465,0.31389897508512893,4.570196713465594,True,
195,39,47,56,42,u,0.0,0.5,110.875,0.0,49.45,0.0,26.525,6.0,61.425,90.475,18.84955592153876,109.32455592153875,2,180.0,170,31.332206707233127,0.45237499999999997,3.807422738380465,0.3109823224660893,4.5707800608465545,True,
196,39,47,56,42,u,0.0,0.5,111.05,0.0,49.275,0.0,26.7,6.0,61.775,91.175,18.84955592153876,110.02455592153876,2,180.0,170,27.95288658913515,0.455875,3.807422738380465,0.3123513480102942,4.575649086390759,True,
197,39,49,56,46,u,0.0,0.5,110.525,0.0,67.275,0.0,26.175,6.0,43.25,71.6,18.84955592153876,90.44955592153875,2,180.0,133,31.332206707233127,0.358,3.807422738380465,0.25035731544227563,4.415780053822741,True,
198,1,41,58,50,u,0.0,0.5,119.0,0.0,84.75,0.0,16.2,6.0,34.25,42.650000000000006,18.84955592153876,61.499555921538764,2,180.0,117,6.894391385750718,0.21325000000000002,3.807422738380465,0.24574415899666233,4.266416897377128,True,
199,41,24,50,8,u,0.0,0.5,84.05,0.0,41.925,150.0,92.85,6.0,42.125,168.125,18.84955592153876,186.97455592153875,2,180.0,233,27.952886589134867,0.8406250000000001,3.807422738380465,0.4583335019048579,5.106381240285323,True,
200,41,24,50,8,u,0.0,0.5,84.225,0.0,42.1,150.0,93.025,6.0,42.12499999999999,168.125,18.84955592153876,186.97455592153875,2,180.0,233,31.332206707233127,0.8406250000000001,3.807422738380465,0.45440497061236385,5.102452708992829,True,
201,41,54,50,34,u,0.0,0.5,83.875,0.0,13.45,0.0,16.725,6.0,70.425,79.875,18.84955592153876,98.72455592153875,2,180.0,188,44.90052796068899,0.39937500000000004,3.807422738380465,0.3389286998640188,4.5457264382444835,True,
202,41,57,50,38,u,0.0,0.5,83.525,0.0,31.275,0.0,16.375,6.0,52.25000000000001,61.00000000000001,18.84955592153876,79.84955592153877,2,180.0,165,47.22144229110671,0.30500000000000005,3.807422738380465,0.3178870683164198,4.430309806696885,True,
203,41,58,50,40,u,0.0,0.5,83.0,0.0,40.625,0.0,15.85,6.0,42.375,50.075,18.84955592153876,68.92455592153877,2,180.0,140,39.9445051898149,0.250375,3.807422738380465,0.2878573154422755,4.345655053822741,True,
204,41,58,50,40,u,0.0,0.5,83.175,0.0,40.45,0.0,16.025,6.0,42.724999999999994,50.77499999999999,18.84955592153876,69.62455592153876,2,180.0,140,42.48111287543235,0.25387499999999996,3.807422738380465,0.28276802872458784,4.344065767105053,True,
205,41,58,50,40,u,0.0,0.5,83.35,0.0,40.275,0.0,16.2,6.0,43.074999999999996,51.474999999999994,18.84955592153876,70.32455592153875,2,180.0,140,44.90052796068899,0.25737499999999996,3.807422738380465,0.27598226627558087,4.340780004656046,True,
206,14,47,26,42,u,0.0,0.5,122.75,150.0,47.35,0.0,44.9,6.0,75.4,201.4,18.84955592153876,220.24955592153876,2,180.0,244,31.33220670723324,1.0070000000000001,3.807422738380465,0.47247047188788815,5.286893210268353,True,
207,48,18,44,10,u,0.0,0.5,56.175,0.0,50.05,150.0,85.325,6.0,6.125,139.53652184978628,12.710213886935609,152.2467357367219,2,121.3736020716633,223,40.9492976921653,0.6976826092489314,2.5673367353710725,0.4065477675511048,3.671567112171109,True,
208,51,48,48,44,u,0.0,0.5,74.175,0.0,58.45,0.0,7.45,6.0,15.724999999999994,6.624999999999995,18.84955592153876,25.47455592153875,2,180.0,48,48.82711314820599,0.033124999999999974,3.807422738380465,0.11580369284020539,3.9563514312206705,True,
209,51,48,48,44,u,0.0,0.5,74.0,0.0,58.625,0.0,6.05,6.0,15.375,3.4749999999999996,18.84955592153876,22.32455592153876,2,180.0,48,46.56746344221023,0.017374999999999998,3.807422738380465,0.1082144904082802,3.933012228788745,True,
210,17,49,16,46,u,0.0,0.5,77.4,150.0,67.1,0.0,61.525,6.0,10.300000000000011,138.1210269804162,17.143817602170337,155.26484458258653,2,163.7113988910752,238,35.42109935606989,0.690605134902081,3.4628805703886347,0.4497323365137158,4.603218041804431,True,
211,49,24,46,8,u,0.0,0.5,66.05,0.0,41.05,150.0,87.425,6.0,25.0,151.0,18.84955592153876,169.84955592153875,2,180.0,222,37.26596292649413,0.755,3.807422738380465,0.4289287841497812,4.9913515225302465,True,
212,49,24,46,8,u,0.0,0.5,66.225,0.0,41.225,150.0,87.6,6.0,24.999999999999993,151.0,18.84955592153876,169.84955592153875,2,180.0,222,37.78933383996712,0.755,3.807422738380465,0.4342264252722429,4.996649163652708,True,
213,49,24,46,8,u,0.0,0.5,66.4,0.0,41.4,150.0,87.775,6.0,25.000000000000007,151.0,18.84955592153876,169.84955592153875,2,180.0,222,36.847510649936225,0.755,3.807422738380465,0.4349704437926345,4.9973931821730995,True,
214,49,24,46,8,u,0.0,0.5,66.575,0.0,41.575,150.0,87.95,6.0,25.0,151.0,18.84955592153876,169.84955592153875,2,180.0,222,35.65908769613878,0.755,3.807422738380465,0.4336608678062102,4.996083606186676,True,
215,49,24,46,8,u,0.0,0.5,66.75,0.0,41.75,150.0,88.125,6.0,25.0,151.0,18.84955592153876,169.84955592153875,2,180.0,222,32.683463757723146,0.755,3.807422738380465,0.42622040164975333,4.988643140030218,True,
216,49,26,46,4,u,0.0,0.5,65.35,0.0,22.875,150.0,86.725,6.0,42.474999999999994,168.475,18.84955592153876,187.32455592153875,2,180.0,203,24.146847996502224,0.842375,3.807422738380465,0.37333347380960386,5.023131212190068,True,
217,49,26,46,4,u,0.0,0.5,65.525,0.0,23.05,150.0,86.9,6.0,42.47500000000001,168.47500000000002,18.84955592153876,187.32455592153877,2,180.0,203,27.95288658913523,0.8423750000000001,3.807422738380465,0.3754167930953102,5.0252145314757755,True,
218,49,26,46,4,u,0.0,0.5,65.7,0.0,23.225,150.0,87.075,6.0,42.475,168.47500000000002,18.84955592153876,187.32455592153877,2,180.0,203,31.332206707233183,0.8423750000000001,3.807422738380465,0.38452398210894195,5.034321720489408,True,
219,49,26,46,4,u,0.0,0.5,65.875,0.0,23.4,150.0,87.25,6.0,42.475,168.475,18.84955592153876,187.32455592153875,2,180.0,203,34.41150866976939,0.842375,3.807422738380465,0.39303591697290474,5.04283365535337,True,
220,49,57,46,38,u,0.0,0.5,65.0,0.0,31.625,0.0,12.0,6.0,33.375,33.375,18.84955592153876,52.22455592153876,2,180.0,110,39.9445051898149,0.166875,3.807422738380465,0.24693466729600055,4.221232405676465,True,
221,49,57,46,38,u,0.0,0.5,65.175,0.0,31.45,0.0,12.175,6.0,33.724999999999994,34.074999999999996,18.84955592153876,52.924555921538754,2,180.0,110,42.481112875432366,0.17037499999999997,3.807422738380465,0.2402680006293338,4.218065739009798,True,
222,17,51,16,48,u,0.0,0.5,77.575,150.0,75.225,0.0,61.35,6.0,2.3500000000000085,142.8671534434,7.638289871554627,150.50544331495465,2,72.94029538960068,232,43.18342179617398,0.7143357672170001,1.5428585511697404,0.42750016857152445,2.6846944869582647,True,
223,17,51,16,48,u,0.0,0.5,77.75,150.0,75.4,0.0,61.175,6.0,2.3499999999999943,142.86715344340004,7.63828987155461,150.50544331495465,2,72.94029538960046,232,40.682512272043816,0.7143357672170002,1.5428585511697368,0.42824421518717026,2.6854385335739073,True,
224,17,51,16,48,u,0.0,0.5,77.925,150.0,75.575,0.0,61.0,6.0,2.3499999999999943,142.86715344340004,7.63828987155461,150.50544331495465,2,72.94029538960046,232,38.04750745361992,0.7143357672170002,1.5428585511697368,0.427797753503478,2.684992071890215,True,
225,51,19,48,12,u,0.0,0.5,75.05,0.0,59.75,150.0,90.925,6.0,15.299999999999997,141.3,18.84955592153876,160.14955592153876,2,180.0,242,27.95288658913517,0.7065,3.807422738380465,0.47633949743209325,4.990262235812558,True,
226,51,21,48,0,u,0.0,0.5,74.525,0.0,4.175,150.0,90.4,6.0,70.35000000000001,196.35,18.84955592153876,215.19955592153875,2,180.0,216,31.332206707233183,0.98175,3.807422738380465,0.4200299214456689,5.209202659826134,True,
227,51,21,48,0,u,0.0,0.5,74.7,0.0,4.35,150.0,90.575,6.0,70.35000000000001,196.35000000000002,18.84955592153876,215.19955592153877,2,180.0,216,34.41150866976939,0.9817500000000001,3.807422738380465,0.42598232246608864,5.215155060846554,True,
228,51,21,48,0,u,0.0,0.5,74.875,0.0,4.525,150.0,90.75,6.0,70.35,196.35,18.84955592153876,215.19955592153875,2,180.0,216,37.26596292649413,0.98175,3.807422738380465,0.43211326882662937,5.221286007207095,True,
229,51,54,48,34,u,0.0,0.5,74.35,0.0,13.625,0.0,13.05,6.0,60.724999999999994,62.82499999999999,18.84955592153876,81.67455592153874,2,180.0,172,31.332206707233183,0.31412499999999993,3.807422738380465,0.32407757661575776,4.445625314996223,True,
230,29,53,2,32,u,0.0,0.5,13.0,150.0,2.0,0.0,78.325,6.0,11.0,138.0417392568986,17.848394882211373,155.89013413911,2,170.43961630560167,32,46.56746344221017,0.6902086962844931,3.6051981702377196,0.07116078352044773,4.3665676500426605,True,
231,29,53,2,32,u,0.0,0.5,13.175,150.0,2.175,0.0,78.15,6.0,11.0,138.0417392568986,17.848394882211373,155.89013413911,2,170.43961630560167,32,48.827113148206045,0.6902086962844931,3.6051981702377196,0.06699411685378105,4.362400983375994,True,
232,26,54,4,34,u,0.0,0.5,22.35,150.0,12.75,0.0,74.3,6.0,9.600000000000001,138.24244923464076,16.43326087205478,154.67571010669553,2,156.92608193436902,68,30.330230527440595,0.6912122461732038,3.3193551811215123,0.13500008428576243,4.145567511580478,True,
233,29,54,2,34,u,0.0,0.5,13.35,150.0,11.0,0.0,77.975,6.0,2.3499999999999996,142.86715344340004,7.638289871554612,150.50544331495465,2,72.94029538960051,62,46.56746344221025,0.7143357672170002,1.5428585511697372,0.12952398210894214,2.3867183004956796,True,
234,29,54,2,34,u,0.0,0.5,13.525,150.0,11.175,0.0,77.8,6.0,2.3499999999999996,142.86715344340004,7.638289871554612,150.50544331495465,2,72.94029538960051,62,48.827113148206024,0.7143357672170002,1.5428585511697372,0.1255954227211939,2.3827897411079313,True,
235,29,54,2,34,u,0.0,0.5,13.7,150.0,11.35,0.0,77.625,6.0,2.3499999999999996,142.86715344340004,7.638289871554612,150.50544331495465,2,72.9402953896005,62,51.01133255984844,0.7143357672170002,1.5428585511697372,0.12232159513614954,2.379515913522887,True,
236,29,54,2,34,u,0.0,0.5,13.875,150.0,11.525,0.0,77.45,6.0,2.3499999999999996,142.86715344340004,7.638289871554613,150.50544331495465,2,72.94029538960052,62,53.13010235415595,0.7143357672170002,1.5428585511697375,0.12407754852050387,2.3812718669072415,True,
237,29,54,2,34,u,0.0,0.5,14.05,150.0,11.7,0.0,77.275,6.0,2.3500000000000014,142.86715344340004,7.638289871554613,150.50544331495465,2,72.94029538960052,62,55.19164291459176,0.7143357672170002,1.5428585511697375,0.12366086780621009,2.3808551861929477,True,
238,29,54,2,34,u,0.0,0.5,14.225,150.0,11.875,0.0,77.1,6.0,2.3499999999999996,142.86715344340004,7.638289871554612,150.50544331495465,2,72.94029538960051,62,55.467348895022795,0.7143357672170002,1.5428585511697372,0.12434538057831267,2.3815396989650504,True,
239,29,54,2,34,u,0.0,0.5,14.4,150.0,12.05,0.0,76.925,6.0,2.3499999999999996,142.86715344340004,7.638289871554612,150.50544331495465,2,72.94029538960051,62,50.20714421705858,0.7143357672170002,1.5428585511697372,0.12565490037422872,2.3828492187609664,True,
240,29,54,2,34,u,0.0,0.5,14.575,150.0,12.225,0.0,76.75,6.0,2.3499999999999996,142.86715344340004,7.638289871554612,150.50544331495465,2,72.9402953896005,62,44.368814437631606,0.7143357672170002,1.5428585511697372,0.12913702617353873,2.3863313445602765,True,
241,2,56,20,36,u,0.0,0.5,95.4,150.0,21.05,0.0,54.525,6.0,74.35000000000001,200.35,18.84955592153876,219.19955592153875,2,180.0,232,40.507725387640185,1.00175,3.807422738380465,0.4339882056123072,5.2431609439927715,True,
242,2,56,20,36,u,0.0,0.5,95.575,150.0,21.225,0.0,54.35,6.0,74.35,200.35,18.84955592153876,219.19955592153875,2,180.0,232,42.48111287543243,1.00175,3.807422738380465,0.43854182821437726,5.2477145665948415,True,
243,2,56,20,36,u,0.0,0.5,95.75,150.0,21.4,0.0,54.175,6.0,74.35,200.35000000000002,18.84955592153876,219.19955592153877,2,180.0,232,39.94450518981484,1.0017500000000001,3.807422738380465,0.43937513345245655,5.248547871832922,True,
244,2,56,20,36,u,0.0,0.5,95.925,150.0,21.575,0.0,54.0,6.0,74.35,200.35,18.84955592153876,219.19955592153875,2,180.0,232,37.265962926494254,1.00175,3.807422738380465,0.43705365069732344,5.246226389077788,True,
245,20,56,6,36,u,0.0,0.5,31.35,150.0,20.0,0.0,72.2,6.0,11.350000000000001,138.0176170984232,18.199237648129824,156.216854746553,2,173.78991793223878,106,31.493594247774954,0.690088085492116,3.676064917980451,0.2235121034354877,4.589665106908055,True,
246,12,57,21,38,u,0.0,0.5,99.55,150.0,29.875,0.0,52.075,6.0,69.675,195.675,18.84955592153876,214.52455592153876,2,180.0,239,35.65908769613878,0.9783750000000001,3.807422738380465,0.4549406909184894,5.240738429298954,True,
247,12,57,21,38,u,0.0,0.5,99.725,150.0,30.05,0.0,51.9,6.0,69.675,195.67499999999998,18.84955592153876,214.52455592153873,2,180.0,239,34.41150866976939,0.9783749999999999,3.807422738380465,0.44952406639470394,5.235321804775169,True,
248,24,57,8,38,u,0.0,0.5,40.525,150.0,29.7,0.0,69.75,6.0,10.825,138.05766459188155,17.67267018816504,155.73033478004658,2,168.7615690847545,153,28.534702342673814,0.6902883229594078,3.5697035305447784,0.28812514750008456,4.54811700100427,True,
249,38,57,54,38,u,0.0,0.5,102.225,0.0,30.4,0.0,23.725,6.0,71.82499999999999,95.275,18.84955592153876,114.12455592153876,2,180.0,202,31.332206707233127,0.47637500000000005,3.807422738380465,0.3997323365137154,4.683530074894181,True,
250,41,57,50,38,u,0.0,0.5,83.7,0.0,31.1,0.0,16.55,6.0,52.6,61.7,18.84955592153876,80.54955592153877,2,180.0,165,47.22144229110671,0.3085,3.807422738380465,0.3160121034354874,4.431934841815953,True,
251,11,58,52,40,u,0.0,0.5,92.35,0.0,40.1,0.0,19.35,6.0,52.24999999999999,66.94999999999999,18.84955592153876,85.79955592153874,2,180.0,161,47.22144229110668,0.33474999999999994,3.807422738380465,0.30080372093545976,4.442976459315925,True,
252,11,58,52,40,u,0.0,0.5,92.525,0.0,39.925,0.0,19.525,6.0,52.60000000000001,67.65,18.84955592153876,86.49955592153876,2,180.0,161,44.90052796068899,0.33825000000000005,3.807422738380465,0.30116089590146455,4.44683363428193,True,
253,11,58,52,40,u,0.0,0.5,92.7,0.0,39.75,0.0,19.7,6.0,52.95,68.35000000000001,18.84955592153876,87.19955592153877,2,180.0,161,42.48111287543235,0.34175000000000005,3.807422738380465,0.3002680006293339,4.449440739009799,True,
254,11,58,52,40,u,0.0,0.5,92.875,0.0,39.575,0.0,19.875,6.0,53.3,69.05,18.84955592153876,87.89955592153876,2,180.0,161,39.94450518981488,0.34525,3.807422738380465,0.3000596181293058,4.452732356509771,True,
255,58,21,40,0,u,0.0,0.5,38.0,0.0,4.0,150.0,82.525,6.0,34.0,160.0,18.84955592153876,178.84955592153875,2,180.0,128,27.952886589135197,0.8,3.807422738380465,0.2525001404762711,4.859922878856736,True,
256,61,68,29,61,u,0.0,0.5,136.6,150.0,134.6,0.0,38.95,6.0,2.0,143.36675041928922,7.0282265214858075,150.39497694077502,2,67.11461952384141,52,43.18342179617398,0.7168337520964461,1.419631824737929,0.11735129181978572,2.253816868654161,True,
257,61,68,29,61,u,0.0,0.5,136.775,150.0,134.775,0.0,38.775,6.0,2.0,143.3667504192892,7.0282265214858075,150.394976940775,2,67.11461952384141,52,40.68251227204353,0.716833752096446,1.419631824737929,0.12193461110549197,2.2584001879398667,True,
258,69,61,63,29,u,0.0,0.5,143.6,0.0,136.95,150.0,111.75,6.0,6.650000000000006,139.25860809764396,13.304295642347707,152.56290373999167,2,127.04666495013598,30,35.659087696138734,0.6962930404882198,2.6873353387030687,0.10053583268714249,3.484164211878431,True,
259,69,61,63,29,u,0.0,0.5,143.775,0.0,137.125,150.0,111.925,6.0,6.650000000000006,139.25860809764396,13.304295642347707,152.56290373999167,2,127.04666495013598,30,32.68346375772296,0.6962930404882198,2.6873353387030687,0.0952381915646809,3.478866570755969,True,
260,61,86,29,39,u,0.0,0.5,135.55,150.0,35.25,0.0,40.0,6.0,100.30000000000001,226.3,18.84955592153876,245.14955592153876,2,180.0,232,34.76258398715183,1.1315000000000002,3.807422738380465,0.4341668352381903,5.373089573618655,True,
261,61,86,29,39,u,0.0,0.5,135.725,150.0,35.425,0.0,39.825,6.0,100.3,226.3,18.84955592153876,245.14955592153876,2,180.0,232,37.59385643098254,1.1315000000000002,3.807422738380465,0.43446444826539776,5.3733871866458625,True,
262,61,86,29,39,u,0.0,0.5,135.9,150.0,35.6,0.0,39.65,6.0,100.30000000000001,226.3,18.84955592153876,245.14955592153876,2,180.0,232,40.25390820115515,1.1315000000000002,3.807422738380465,0.43604180011912264,5.374964538499587,True,
263,61,86,29,39,u,0.0,0.5,136.075,150.0,35.775,0.0,39.475,6.0,100.29999999999998,226.29999999999998,18.84955592153876,245.14955592153873,2,180.0,232,42.77538203609819,1.1315,3.807422738380465,0.43544660215996184,5.374369340540427,True,
264,61,86,29,39,u,0.0,0.5,136.25,150.0,35.95,0.0,39.3,6.0,100.3,226.3,18.84955592153876,245.14955592153876,2,180.0,232,45.18216408739348,1.1315000000000002,3.807422738380465,0.43604182821437676,5.374964566594842,True,
265,61,114,29,3,u,0.0,0.5,135.2,150.0,19.775,150.0,114.9,6.0,115.42499999999998,161.62499999999997,18.84955592153876,180.47455592153872,2,180.0,240,27.95288658913517,0.8081249999999999,3.807422738380465,0.4427382758504421,5.058286014230907,True,
266,61,118,29,9,u,0.0,0.5,134.675,150.0,45.9,150.0,115.425,6.0,88.775,133.925,18.84955592153876,152.77455592153876,2,180.0,204,37.26596292649413,0.669625,3.807422738380465,0.3856548722789738,4.862702610659439,True,
267,61,118,29,9,u,0.0,0.5,134.85,150.0,45.725,150.0,115.25,6.0,89.125,134.625,18.84955592153876,153.47455592153875,2,180.0,204,34.41150866976939,0.673125,3.807422738380465,0.38369059258509974,4.864238330965565,True,
268,61,118,29,9,u,0.0,0.5,135.025,150.0,45.55,150.0,115.075,6.0,89.47500000000001,135.325,18.84955592153876,154.17455592153874,2,180.0,204,31.332206707233127,0.6766249999999999,3.807422738380465,0.3823811008844377,4.866428839264902,True,
269,71,62,24,53,u,0.0,0.5,113.225,150.0,98.6,0.0,47.7,6.0,14.625,140.625,18.84955592153876,159.47455592153875,2,180.0,185,35.65908769613878,0.703125,3.807422738380465,0.3881847375341357,4.898732475914601,True,
270,71,62,24,53,u,0.0,0.5,113.4,150.0,98.775,0.0,47.525,6.0,14.625,140.625,18.84955592153876,159.47455592153875,2,180.0,185,34.41150866976939,0.703125,3.807422738380465,0.38788715260218243,4.898434890982648,True,
271,71,62,24,53,u,0.0,0.5,113.575,150.0,98.95,0.0,47.35,6.0,14.625,140.625,18.84955592153876,159.47455592153875,2,180.0,185,31.332206707233127,0.703125,3.807422738380465,0.3926193205443736,4.903167058924839,True,
272,71,62,24,53,u,0.0,0.5,113.75,150.0,99.125,0.0,47.175,6.0,14.625,140.625,18.84955592153876,159.47455592153875,2,180.0,185,27.952886589135016,0.703125,3.807422738380465,0.3967264533674971,4.9072741917479625,True,
273,62,116,53,1,u,0.0,0.5,97.375,0.0,9.025,150.0,95.475,6.0,88.35,214.35,18.84955592153876,233.19955592153875,2,180.0,256,27.952886589134838,1.07175,3.807422738380465,0.5189883179933238,5.398161056373788,True,
274,62,116,53,1,u,0.0,0.5,97.55,0.0,9.2,150.0,95.65,6.0,88.35,214.35,18.84955592153876,233.19955592153875,2,180.0,256,31.332206707233095,1.07175,3.807422738380465,0.5233931481294174,5.4025658865098825,True,
275,62,116,53,1,u,0.0,0.5,97.725,0.0,9.375,150.0,95.825,6.0,88.35,214.35000000000002,18.84955592153876,233.19955592153877,2,180.0,256,34.41150866976937,1.0717500000000002,3.807422738380465,0.5285419967859023,5.407714735166367,True,
276,66,68,31,61,u,0.0,0.5,145.6,150.0,134.95,0.0,35.275,6.0,10.650000000000006,138.07617930359567,17.496691923754035,155.5728712273497,2,167.0811004452899,30,42.6394337043259,0.6903808965179783,3.534157672161262,0.08458343166672283,4.309122000345964,True,
277,66,68,31,61,u,0.0,0.5,145.775,150.0,135.125,0.0,35.1,6.0,10.650000000000006,138.07617930359567,17.496691923754035,155.5728712273497,2,167.0811004452899,30,43.98418706945575,0.6903808965179783,3.534157672161262,0.08458343166672284,4.309122000345964,True,
278,66,69,31,63,u,0.0,0.5,145.95,150.0,143.95,0.0,34.925,6.0,2.0,143.36675041928922,7.0282265214858075,150.39497694077502,2,67.11461952384141,0,,0.7168337520964461,1.419631824737929,0.0,2.136465576834375,True,
279,66,69,31,63,u,0.0,0.5,146.125,150.0,144.125,0.0,34.75,6.0,2.0,143.3667504192892,7.0282265214858075,150.394976940775,2,67.11461952384141,0,,0.716833752096446,1.419631824737929,0.0,2.1364655768343748,True,
280,66,70,31,51,u,0.0,0.5,144.9,150.0,88.9,0.0,35.975,6.0,56.0,182.0,18.84955592153876,200.84955592153875,2,180.0,162,35.659087696138734,0.91,3.807422738380465,0.339821595136149,5.057244333516614,True,
281,66,70,31,51,u,0.0,0.5,145.075,150.0,89.075,0.0,35.8,6.0,55.999999999999986,182.0,18.84955592153876,200.84955592153875,2,180.0,162,38.43320634085055,0.91,3.807422738380465,0.3335418563096316,5.050964594690097,True,
282,66,70,31,51,u,0.0,0.5,145.25,150.0,89.25,0.0,35.625,6.0,56.0,182.0,18.84955592153876,200.84955592153875,2,180.0,162,41.04739187375178,0.91,3.807422738380465,0.32821446231302553,5.04563720069349,True,
283,66,70,31,51,u,0.0,0.5,145.425,150.0,89.425,0.0,35.45,6.0,56.000000000000014,182.0,18.84955592153876,200.84955592153875,2,180.0,162,43.53115216737253,0.91,3.807422738380465,0.32184538057831225,5.039268118958778,True,
284,66,71,31,24,u,0.0,0.5,143.85,150.0,114.45,150.0,132.05,6.0,29.39999999999999,41.29999999999997,18.84955592153876,60.14955592153873,2,180.0,97,13.872102735010447,0.20649999999999985,3.807422738380465,0.19586325477900282,4.209785993159468,True,
285,66,71,31,24,u,0.0,0.5,144.025,150.0,114.275,150.0,131.875,6.0,29.75,42.0,18.84955592153876,60.84955592153876,2,180.0,97,19.666638215041374,0.21,3.807422738380465,0.1862501545238979,4.203672892904363,True,
286,66,71,31,24,u,0.0,0.5,143.5,150.0,114.625,150.0,132.225,6.0,28.875,40.42500000000001,18.84955592153876,59.27455592153877,2,180.0,96,46.56746344221026,0.20212500000000005,3.807422738380465,0.19255970241506812,4.202107440795533,True,
287,66,89,31,33,u,0.0,0.5,144.725,150.0,8.95,0.0,36.15,6.0,135.775,261.775,18.84955592153876,280.62455592153873,2,180.0,257,32.68346375772296,1.308875,3.807422738380465,0.5053573154422742,5.62165505382274,True,
288,66,101,31,17,u,0.0,0.5,143.675,150.0,82.6,150.0,112.625,6.0,61.07500000000002,111.82500000000002,18.84955592153876,130.67455592153877,2,180.0,178,13.872102735010447,0.5591250000000001,3.807422738380465,0.4013097726532029,4.767857511033668,True,
289,66,111,31,19,u,0.0,0.5,144.2,150.0,91.95,150.0,112.45,6.0,52.249999999999986,103.34999999999998,18.84955592153876,122.19955592153875,2,180.0,157,13.87210273501114,0.5167499999999999,3.807422738380465,0.3273811570749464,4.651553895455412,True,
290,66,113,31,5,u,0.0,0.5,144.55,150.0,28.6,150.0,112.1,6.0,115.95000000000002,167.75000000000003,18.84955592153876,186.59955592153878,2,180.0,221,24.146847996502164,0.8387500000000001,3.807422738380465,0.40913705426879193,5.055309792649257,True,
291,66,118,31,9,u,0.0,0.5,144.375,150.0,45.375,150.0,112.275,6.0,99.0,150.45,18.84955592153876,169.29955592153874,2,180.0,211,27.95288658913517,0.75225,3.807422738380465,0.3901786858163909,4.949851424196856,True,
292,68,72,61,57,u,0.0,0.5,132.5,0.0,117.125,0.0,6.05,6.0,15.375,3.4749999999999996,18.84955592153876,22.32455592153876,2,180.0,48,46.56746344221023,0.017374999999999998,3.807422738380465,0.11485137610554819,3.9396491144860133,True,
293,68,72,61,57,u,0.0,0.5,132.675,0.0,116.95,0.0,7.45,6.0,15.725000000000009,6.625000000000009,18.84955592153876,25.474555921538766,2,180.0,48,48.827113148206,0.03312500000000004,3.807422738380465,0.10720252744906325,3.9477502658295283,True,
294,68,72,61,57,u,0.0,0.5,132.85,0.0,116.775,0.0,7.625,6.0,16.07499999999999,7.324999999999989,18.84955592153876,26.174555921538747,2,180.0,48,51.011332559848384,0.03662499999999994,3.807422738380465,0.1003572873470213,3.944405025727486,True,
295,68,72,61,57,u,0.0,0.5,133.025,0.0,116.6,0.0,9.725,6.0,16.42500000000001,11.87500000000001,18.84955592153876,30.72455592153877,2,180.0,52,42.48111287543225,0.05937500000000005,3.807422738380465,0.12443469539125446,3.9912324337717195,True,
296,68,76,61,47,u,0.0,0.5,133.375,0.0,71.775,0.0,31.775,6.0,61.599999999999994,101.15,18.84955592153876,119.99955592153876,2,180.0,183,31.332206707233127,0.50575,3.807422738380465,0.3714287279592721,4.684601466339737,True,
297,68,76,61,47,u,0.0,0.5,133.55,0.0,71.6,0.0,31.95,6.0,61.95000000000002,101.85000000000002,18.84955592153876,120.69955592153877,2,180.0,183,31.332206707233258,0.5092500000000001,3.807422738380465,0.37113111493206474,4.68780385331253,True,
298,68,76,61,47,u,0.0,0.5,133.725,0.0,71.425,0.0,32.125,6.0,62.3,102.55,18.84955592153876,121.39955592153876,2,180.0,183,27.95288658913517,0.51275,3.807422738380465,0.3688394412415846,4.6890121796220505,True,
299,68,77,61,49,u,0.0,0.5,133.2,0.0,80.6,0.0,31.6,6.0,52.599999999999994,91.79999999999998,18.84955592153876,110.64955592153873,2,180.0,159,27.95288658913517,0.4589999999999999,3.807422738380465,0.32633944124158504,4.59276217962205,True,
300,68,113,61,5,u,0.0,0.5,134.425,0.0,28.425,150.0,108.6,6.0,106.00000000000001,232.00000000000003,18.84955592153876,250.84955592153878,2,180.0,226,31.332206707233127,1.1600000000000001,3.807422738380465,0.444553791173594,5.411976529554059,True,
301,68,116,61,1,u,0.0,0.5,133.9,0.0,10.775,150.0,108.075,6.0,123.125,249.125,18.84955592153876,267.97455592153875,2,180.0,273,34.41150866976939,1.245625,3.807422738380465,0.5360418844048858,5.589089622785352,True,
302,68,116,61,1,u,0.0,0.5,134.075,0.0,10.95,150.0,108.25,6.0,123.12499999999999,249.125,18.84955592153876,267.97455592153875,2,180.0,273,37.26596292649413,1.245625,3.807422738380465,0.5383633109695105,5.591411049349976,True,
303,68,116,61,1,u,0.0,0.5,134.25,0.0,11.125,150.0,108.425,6.0,123.125,249.125,18.84955592153876,267.97455592153875,2,180.0,273,35.65908769613878,1.245625,3.807422738380465,0.5427085510715527,5.5957562894520185,True,
304,69,73,63,59,u,0.0,0.5,142.725,0.0,125.6,0.0,34.225,6.0,17.125,61.575,18.84955592153876,80.42455592153877,2,180.0,52,31.332206707233127,0.307875,3.807422738380465,0.12636919411572994,4.241666932496195,True,
305,69,73,63,59,u,0.0,0.5,142.025,0.0,126.125,0.0,12.0,6.0,15.900000000000006,15.900000000000006,18.84955592153876,34.749555921538764,2,180.0,51,39.9445051898148,0.07950000000000003,3.807422738380465,0.12083350190485818,4.007756240285323,True,
306,69,73,63,59,u,0.0,0.5,142.375,0.0,125.95,0.0,21.275,6.0,16.424999999999997,34.97500000000001,18.84955592153876,53.82455592153877,2,180.0,52,48.82711314820619,0.17487500000000006,3.807422738380465,0.10946444826539894,4.091762186645864,True,
307,69,73,63,59,u,0.0,0.5,142.55,0.0,125.775,0.0,34.05,6.0,16.775000000000006,60.875,18.84955592153876,79.72455592153875,2,180.0,52,27.952886589135016,0.304375,3.807422738380465,0.12648820561230795,4.238285943992773,True,
308,69,77,63,49,u,0.0,0.5,142.2,0.0,80.95,0.0,12.175,6.0,61.249999999999986,61.59999999999998,18.84955592153876,80.44955592153875,2,180.0,197,42.481112875432366,0.3079999999999999,3.807422738380465,0.3697620331973519,4.485184771577817,True,
309,69,79,63,43,u,0.0,0.5,141.5,0.0,53.775,0.0,7.975,6.0,87.725,79.67499999999998,18.84955592153876,98.52455592153873,2,180.0,288,44.90052796068889,0.3983749999999999,3.807422738380465,0.5432442432824244,4.749041981662889,True,
310,69,79,63,43,u,0.0,0.5,141.675,0.0,53.6,0.0,8.15,6.0,88.07500000000002,80.37500000000003,18.84955592153876,99.22455592153878,2,180.0,288,42.48111287543225,0.40187500000000015,3.807422738380465,0.5491072732993941,4.7584050116798595,True,
311,69,79,63,43,u,0.0,0.5,141.85,0.0,53.425,0.0,10.6,6.0,88.425,85.62499999999999,18.84955592153876,104.47455592153875,2,180.0,278,39.9445051898148,0.4281249999999999,3.807422738380465,0.5419644201701447,4.77751215855061,True,
312,69,99,63,25,u,0.0,0.5,143.075,0.0,118.775,150.0,111.225,6.0,24.299999999999983,150.29999999999998,18.84955592153876,169.14955592153873,2,180.0,92,31.332206707233127,0.7515,3.807422738380465,0.232916877381073,4.791839615761538,True,
313,69,99,63,25,u,0.0,0.5,143.25,0.0,118.95,150.0,111.4,6.0,24.299999999999997,150.3,18.84955592153876,169.14955592153876,2,180.0,92,27.952886589134867,0.7515000000000001,3.807422738380465,0.23973239270422467,4.79865513108469,True,
314,69,99,63,25,u,0.0,0.5,143.425,0.0,119.125,150.0,111.575,6.0,24.30000000000001,150.3,18.84955592153876,169.14955592153876,2,180.0,92,24.146847996502164,0.7515000000000001,3.807422738380465,0.24345262578245305,4.802375364162918,True,
315,69,111,63,19,u,0.0,0.5,142.9,0.0,91.775,150.0,111.05,6.0,51.125,177.125,18.84955592153876,195.97455592153875,2,180.0,161,34.41150866976939,0.885625,3.807422738380465,0.3439585651191795,5.037006303499645,True,
316,72,70,57,51,u,0.0,0.5,114.675,0.0,89.775,0.0,27.4,6.0,24.89999999999999,55.69999999999999,18.84955592153876,74.54955592153874,2,180.0,93,13.504291958559998,0.27849999999999997,3.807422738380465,0.21127987930278844,4.297202617683253,True,
317,72,70,57,51,u,0.0,0.5,114.5,0.0,90.125,0.0,7.45,6.0,24.375,15.274999999999999,18.84955592153876,34.12455592153876,2,180.0,80,46.56746344221023,0.076375,3.807422738380465,0.16702401020419647,4.050821748584662,True,
318,73,70,59,51,u,0.0,0.5,123.5,0.0,89.95,0.0,28.8,6.0,33.55,67.14999999999999,18.84955592153876,85.99955592153876,2,180.0,121,13.504291958559998,0.33574999999999994,3.807422738380465,0.2612799635885509,4.404452701969016,True,
319,73,70,59,51,u,0.0,0.5,123.675,0.0,89.6,0.0,28.975,6.0,34.075,68.025,18.84955592153876,86.87455592153876,2,180.0,120,31.332206707233127,0.340125,3.807422738380465,0.24354185630963263,4.391089594690098,True,
320,70,79,51,43,u,0.0,0.5,87.5,0.0,54.125,0.0,7.625,6.0,33.375,24.625,18.84955592153876,43.47455592153876,2,180.0,108,42.48111287543236,0.123125,3.807422738380465,0.21913711045930157,4.149684848839766,True,
321,70,79,51,43,u,0.0,0.5,87.675,0.0,53.95,0.0,7.8,6.0,33.724999999999994,25.324999999999996,18.84955592153876,44.174555921538754,2,180.0,108,44.90052796068899,0.126625,3.807422738380465,0.21500016857152518,4.14904790695199,True,
322,70,84,51,41,u,0.0,0.5,87.85,0.0,45.125,0.0,18.475,6.0,42.724999999999994,55.675,18.84955592153876,74.52455592153876,2,180.0,138,27.95288658913515,0.278375,3.807422738380465,0.27327391187080713,4.359071650251272,True,
323,93,70,27,51,u,0.0,0.5,127.775,150.0,88.725,0.0,43.15,6.0,39.05000000000001,165.05,18.84955592153876,183.89955592153876,2,180.0,184,31.332206707233127,0.82525,3.807422738380465,0.371726369081734,5.004399107462199,True,
324,111,70,19,51,u,0.0,0.5,91.25,150.0,88.375,0.0,55.75,6.0,2.875,142.20677377461683,8.482102436731477,150.68887621134832,2,80.99811183705751,219,45.57299599919425,0.7110338688730842,1.7133002931905368,0.3919643920748896,2.816298554138511,True,
325,111,70,19,51,u,0.0,0.5,91.425,150.0,88.55,0.0,55.575,6.0,2.875,142.20677377461683,8.482102436731477,150.68887621134832,2,80.99811183705751,219,43.18342179617398,0.7110338688730842,1.7133002931905368,0.394910853758582,2.819245015822203,True,
326,70,113,51,5,u,0.0,0.5,88.025,0.0,27.725,150.0,94.075,6.0,60.300000000000004,186.3,18.84955592153876,205.14955592153876,2,180.0,230,27.95288658913517,0.9315000000000001,3.807422738380465,0.4579466583504707,5.196869396730936,True,
327,70,118,51,9,u,0.0,0.5,88.2,0.0,45.025,150.0,94.25,6.0,43.175000000000004,169.175,18.84955592153876,188.02455592153876,2,180.0,237,24.146847996502526,0.845875,3.807422738380465,0.46083353000011157,5.114131268380577,True,
328,73,71,59,24,u,0.0,0.5,124.55,0.0,113.925,150.0,105.275,6.0,10.625,138.0790363225115,17.471529197568557,155.55056552008006,2,166.84081411004473,133,35.24750699205245,0.6903951816125575,3.5290750518471805,0.2889883460885787,4.508458579548317,True,
329,73,71,59,24,u,0.0,0.5,124.725,0.0,114.1,150.0,105.45,6.0,10.625,138.0790363225115,17.471529197568557,155.55056552008006,2,166.84081411004473,133,35.07369314595631,0.6903951816125575,3.5290750518471805,0.28651807086746917,4.505988304327207,True,
330,71,86,24,39,u,0.0,0.5,113.05,150.0,35.075,0.0,47.875,6.0,77.975,203.975,18.84955592153876,222.82455592153875,2,180.0,243,32.6834637577232,1.019875,3.807422738380465,0.4769049706123629,5.304202708992828,True,
331,71,108,24,13,u,0.0,0.5,112.0,150.0,65.125,150.0,125.575,6.0,46.875,71.72500000000002,18.849555921538737,90.57455592153876,2,180.0,146,13.872102735011007,0.35862500000000014,3.8074227383804606,0.3380657260375576,4.504113464418018,True,
332,71,111,24,19,u,0.0,0.5,112.175,150.0,92.125,150.0,132.225,6.0,20.049999999999997,31.60000000000001,18.84955592153876,50.44955592153877,2,180.0,67,13.872102735011007,0.15800000000000006,3.807422738380465,0.1507739399660609,4.116196678346526,True,
333,93,72,27,57,u,0.0,0.5,128.125,150.0,116.425,0.0,42.8,6.0,11.700000000000003,138.00375058612067,18.549524662746432,156.5532752488671,2,177.13491252486705,114,24.19058673110459,0.6900187529306033,3.7468194094900746,0.24306569794230404,4.679903860362982,True,
334,72,108,57,13,u,0.0,0.5,115.9,0.0,64.075,150.0,102.125,6.0,51.825,177.825,18.84955592153876,196.67455592153874,2,180.0,223,31.33220670723324,0.8891249999999999,3.807422738380465,0.43532761875863824,5.131875357139103,True,
335,72,108,57,13,u,0.0,0.5,116.075,0.0,64.25,150.0,102.3,6.0,51.825,177.825,18.84955592153876,196.67455592153874,2,180.0,223,27.95288658913517,0.8891249999999999,3.807422738380465,0.42848235056134215,5.1250300889418074,True,
336,72,108,57,13,u,0.0,0.5,116.25,0.0,64.425,150.0,102.475,6.0,51.825,177.82500000000002,18.84955592153876,196.67455592153877,2,180.0,223,24.146847996502586,0.889125,3.807422738380465,0.4269645044559064,5.123512242836371,True,
337,72,113,57,5,u,0.0,0.5,115.375,0.0,28.075,150.0,101.6,6.0,87.3,213.29999999999998,18.84955592153876,232.14955592153873,2,180.0,226,39.944505189814926,1.0665,3.807422738380465,0.45416680714293634,5.328089545523401,True,
338,72,116,57,1,u,0.0,0.5,114.85,0.0,10.25,150.0,101.075,6.0,104.6,230.60000000000002,18.84955592153876,249.44955592153877,2,180.0,258,33.44973566470459,1.1530000000000002,3.807422738380465,0.4957442432824234,5.456166981662889,True,
339,72,116,57,1,u,0.0,0.5,115.025,0.0,10.425,150.0,101.25,6.0,104.60000000000001,230.60000000000002,18.84955592153876,249.44955592153877,2,180.0,258,36.37013176164959,1.1530000000000002,3.807422738380465,0.4981252036905911,5.458547942071057,True,
340,72,116,57,1,u,0.0,0.5,115.2,0.0,10.6,150.0,101.425,6.0,104.60000000000001,230.59999999999997,18.84955592153876,249.44955592153872,2,180.0,258,39.10091183703107,1.1529999999999998,3.807422738380465,0.4981251755953369,5.458547913975802,True,
341,61,73,29,59,u,0.0,0.5,136.425,150.0,125.425,0.0,39.125,6.0,11.000000000000014,138.0417392568986,17.848394882211373,155.89013413911,2,170.43961630560167,76,31.713377838836593,0.6902086962844931,3.6051981702377196,0.18571449040828042,4.481121356930493,True,
342,73,99,59,25,u,0.0,0.5,124.9,0.0,118.25,150.0,105.625,6.0,6.650000000000006,139.25860809764396,13.304295642347697,152.56290373999167,2,127.04666495013595,126,40.682512272043816,0.6962930404882198,2.6873353387030665,0.2763693064967466,3.6599976856880327,True,
343,73,99,59,25,u,0.0,0.5,125.075,0.0,118.425,150.0,105.8,6.0,6.650000000000006,139.25860809764396,13.304295642347697,152.56290373999167,2,127.04666495013595,126,38.88118447024886,0.6962930404882198,2.6873353387030665,0.27074429947293305,3.6543726786642194,True,
344,73,99,59,25,u,0.0,0.5,125.25,0.0,118.6,150.0,105.975,6.0,6.650000000000006,139.25860809764396,13.304295642347697,152.56290373999167,2,127.04666495013595,126,36.13634293337248,0.6962930404882198,2.6873353387030665,0.26633952552734796,3.6499679047186344,True,
345,73,108,59,13,u,0.0,0.5,124.2,0.0,64.6,150.0,104.925,6.0,59.60000000000001,185.60000000000002,18.84955592153876,204.44955592153877,2,180.0,218,28.955024371859835,0.9280000000000002,3.807422738380465,0.41339300765314607,5.148815746033611,True,
346,73,111,59,19,u,0.0,0.5,124.375,0.0,91.6,150.0,105.1,6.0,32.775000000000006,158.775,18.84955592153876,177.62455592153876,2,180.0,187,32.23866912636972,0.793875,3.807422738380465,0.3850299776361766,4.986327716016642,True,
347,73,113,59,5,u,0.0,0.5,123.85,0.0,28.25,150.0,104.575,6.0,95.6,221.60000000000002,18.84955592153876,240.44955592153877,2,180.0,230,21.03946978131697,1.108,3.807422738380465,0.4331250913095748,5.34854782969004,True,
348,73,117,59,7,u,0.0,0.5,124.025,0.0,36.725,150.0,104.75,6.0,87.30000000000001,213.3,18.84955592153876,232.14955592153876,2,180.0,232,25.288720101559232,1.0665,3.807422738380465,0.44491082566332735,5.318833564043792,True,
349,74,76,55,47,u,0.0,0.5,105.85,0.0,72.125,0.0,24.95,6.0,33.724999999999994,59.625,18.84955592153876,78.47455592153875,2,180.0,118,24.14684799650252,0.29812500000000003,3.807422738380465,0.26238112897969296,4.367928867360158,True,
350,74,76,55,47,u,0.0,0.5,106.025,0.0,71.95,0.0,25.125,6.0,34.075,60.325,18.84955592153876,79.17455592153877,2,180.0,118,19.66663821504126,0.30162500000000003,3.807422738380465,0.263214406122518,4.372262144502983,True,
351,74,77,55,49,u,0.0,0.5,105.675,0.0,80.775,0.0,24.6,6.0,24.89999999999999,50.099999999999994,18.84955592153876,68.94955592153875,2,180.0,91,27.95288658913517,0.2505,3.807422738380465,0.20214304979602876,4.260065788176494,True,
352,74,77,55,49,u,0.0,0.5,105.5,0.0,81.125,0.0,12.0,6.0,24.375,24.375,18.84955592153876,43.22455592153876,2,180.0,90,19.14268736490624,0.121875,3.807422738380465,0.21717274647966478,4.14647048486013,True,
353,74,78,55,45,u,0.0,0.5,106.2,0.0,63.125,0.0,25.3,6.0,43.075,69.675,18.84955592153876,88.52455592153876,2,180.0,144,13.872102735011056,0.348375,3.807422738380465,0.33690499870761825,4.492702737088083,True,
354,74,78,55,45,u,0.0,0.5,106.375,0.0,62.95,0.0,10.075,6.0,43.425,39.575,18.84955592153876,58.42455592153876,2,180.0,150,13.872102735011056,0.19787500000000002,3.807422738380465,0.3344049987076182,4.339702737088083,True,
355,74,78,55,45,u,0.0,0.5,106.55,0.0,62.775,0.0,10.25,6.0,43.775,40.27499999999999,18.84955592153876,59.12455592153875,2,180.0,150,19.58371180438978,0.20137499999999997,3.807422738380465,0.3196728588606812,4.328470597241146,True,
356,74,78,55,45,u,0.0,0.5,106.725,0.0,62.6,0.0,10.425,6.0,44.12499999999999,40.974999999999994,18.84955592153876,59.82455592153875,2,180.0,150,19.14268736490624,0.20487499999999997,3.807422738380465,0.31047632693885346,4.322774065319319,True,
357,93,74,27,55,u,0.0,0.5,127.95,150.0,108.125,0.0,42.975,6.0,19.825000000000003,145.82500000000002,18.84955592153876,164.67455592153877,2,180.0,135,27.95288658913517,0.7291250000000001,3.807422738380465,0.2778870683164203,4.814434806696886,True,
358,98,74,23,55,u,0.0,0.5,109.6,150.0,107.425,0.0,48.925,6.0,2.174999999999997,143.11019775320077,7.338789967127394,150.44898772032815,2,70.08028197489193,173,43.18342179617398,0.7155509887660039,1.4823625505739908,0.32300607981299806,2.5209196191529926,True,
359,98,74,23,55,u,0.0,0.5,109.775,150.0,107.6,0.0,48.75,6.0,2.1750000000000114,143.11019775320074,7.3387899671274095,150.44898772032815,2,70.08028197489213,173,40.68251227204353,0.7155509887660036,1.482362550573994,0.3243156277041682,2.5222291670441654,True,
360,98,74,23,55,u,0.0,0.5,109.95,150.0,107.775,0.0,48.575,6.0,2.174999999999997,143.11019775320077,7.338789967127387,150.44898772032815,2,70.08028197489193,173,38.04750745361973,0.7155509887660039,1.4823625505739895,0.330446574064709,2.5283601134047022,True,
361,74,113,55,5,u,0.0,0.5,106.9,0.0,27.9,150.0,98.625,6.0,79.0,205.0,18.84955592153876,223.84955592153875,2,180.0,222,31.332206707233183,1.025,3.807422738380465,0.3985715810885216,5.230994319468987,True,
362,74,118,55,9,u,0.0,0.5,107.075,0.0,45.2,150.0,98.8,6.0,61.875,187.875,18.84955592153876,206.72455592153875,2,180.0,227,29.478758487261377,0.9393750000000001,3.807422738380465,0.415654956564736,5.162452694945201,True,
363,76,80,47,35,u,0.0,0.5,69.5,0.0,17.075,0.0,12.35,6.0,52.425,53.125,18.84955592153876,71.97455592153875,2,180.0,156,42.481112875432366,0.265625,3.807422738380465,0.31633938505107656,4.389387123431542,True,
364,76,80,47,35,u,0.0,0.5,69.675,0.0,16.9,0.0,12.525,6.0,52.775,53.824999999999996,18.84955592153876,72.67455592153875,2,180.0,156,39.9445051898149,0.269125,3.807422738380465,0.31267871391164553,4.38922645229211,True,
365,76,80,47,35,u,0.0,0.5,69.85,0.0,16.725,0.0,12.7,6.0,53.12499999999999,54.52499999999999,18.84955592153876,73.37455592153876,2,180.0,156,37.265962926494225,0.27262499999999995,3.807422738380465,0.30776797253407906,4.387815710914544,True,
366,76,80,47,35,u,0.0,0.5,70.025,0.0,16.55,0.0,12.875,6.0,53.47500000000001,55.22500000000001,18.84955592153876,74.07455592153877,2,180.0,156,34.411508669769475,0.27612500000000006,3.807422738380465,0.30267871391164564,4.386226452292111,True,
367,93,76,27,47,u,0.0,0.5,127.425,150.0,71.075,0.0,43.5,6.0,56.349999999999994,182.35,18.84955592153876,201.19955592153875,2,180.0,208,27.95288658913517,0.91175,3.807422738380465,0.4122323365137151,5.13140507489418,True,
368,93,76,27,47,u,0.0,0.5,127.6,150.0,71.25,0.0,43.325,6.0,56.349999999999994,182.34999999999997,18.84955592153876,201.19955592153872,2,180.0,208,31.332206707233127,0.9117499999999998,3.807422738380465,0.41032759066338426,5.129500329043849,True,
369,76,108,47,13,u,0.0,0.5,70.725,0.0,63.2,150.0,89.7,6.0,7.5249999999999915,138.86562193025583,14.263750397695482,153.1293723279513,2,136.20878296933347,241,35.65908769613878,0.6943281096512791,2.881135652469833,0.46541687738107157,4.040880639502183,True,
370,76,108,47,13,u,0.0,0.5,70.9,0.0,63.375,150.0,89.875,6.0,7.525000000000006,138.86562193025583,14.263750397695494,153.12937232795133,2,136.20878296933358,241,32.68346375772296,0.6943281096512791,2.8811356524698355,0.4666668914286987,4.042130653549814,True,
371,76,113,47,5,u,0.0,0.5,70.55,0.0,27.375,150.0,89.525,6.0,43.175,169.175,18.84955592153876,188.02455592153876,2,180.0,209,31.332206707233183,0.845875,3.807422738380465,0.42619070496611605,5.079488443346581,True,
372,76,116,47,1,u,0.0,0.5,70.2,0.0,8.675,150.0,89.175,6.0,61.525000000000006,187.52499999999998,18.84955592153876,206.37455592153873,2,180.0,221,34.41150866976939,0.9376249999999999,3.807422738380465,0.4614287560545263,5.206476494434991,True,
373,76,116,47,1,u,0.0,0.5,70.375,0.0,8.85,150.0,89.35,6.0,61.525,187.525,18.84955592153876,206.37455592153876,2,180.0,221,34.411508669769624,0.937625,3.807422738380465,0.4563990312756359,5.2014467696561,True,
374,77,81,49,37,u,0.0,0.5,78.5,0.0,26.425,0.0,13.925,6.0,52.075,55.925,18.84955592153876,74.77455592153876,2,180.0,162,31.332206707233183,0.279625,3.807422738380465,0.3294941730442889,4.416541911424754,True,
375,77,81,49,37,u,0.0,0.5,78.675,0.0,26.25,0.0,14.1,6.0,52.425,56.625,18.84955592153876,75.47455592153875,2,180.0,162,34.41150866976941,0.283125,3.807422738380465,0.33392867176876423,4.4244764101492295,True,
376,77,81,49,37,u,0.0,0.5,78.85,0.0,26.075,0.0,14.275,6.0,52.77499999999999,57.32499999999999,18.84955592153876,76.17455592153874,2,180.0,162,37.26596292649422,0.28662499999999996,3.807422738380465,0.33443463920074556,4.4284823775812105,True,
377,77,81,49,37,u,0.0,0.5,79.025,0.0,25.9,0.0,14.45,6.0,53.12500000000001,58.025000000000006,18.84955592153876,76.87455592153876,2,180.0,162,39.94450518981484,0.290125,3.807422738380465,0.33416683523819085,4.431714573618656,True,
378,77,108,49,13,u,0.0,0.5,79.375,0.0,63.55,150.0,91.8,6.0,15.825000000000003,141.825,18.84955592153876,160.67455592153874,2,180.0,245,34.41150866976939,0.709125,3.807422738380465,0.47455370688783083,4.9911014452682965,True,
379,77,108,49,13,u,0.0,0.5,79.55,0.0,63.725,150.0,91.975,6.0,15.824999999999996,141.825,18.84955592153876,160.67455592153874,2,180.0,245,31.332206707233127,0.709125,3.807422738380465,0.47815495656473556,4.994702694945201,True,
380,77,108,49,13,u,0.0,0.5,79.725,0.0,63.9,150.0,92.15,6.0,15.824999999999996,141.825,18.84955592153876,160.67455592153874,2,180.0,245,27.952886589134867,0.709125,3.807422738380465,0.4819645606464141,4.9985122990268795,True,
381,77,113,49,5,u,0.0,0.5,79.2,0.0,27.55,150.0,91.625,6.0,51.650000000000006,177.65,18.84955592153876,196.49955592153876,2,180.0,218,27.95288658913517,0.8882500000000001,3.807422738380465,0.42622040164975217,5.121893140030218,True,
382,78,80,45,35,u,0.0,0.5,60.85,0.0,17.425,0.0,10.25,6.0,43.425,39.925,18.84955592153876,58.774555921538756,2,180.0,132,44.90052796068899,0.199625,3.807422738380465,0.2613394131463316,4.268387151526797,True,
383,78,80,45,35,u,0.0,0.5,61.025,0.0,17.25,0.0,10.425,6.0,43.775,40.625,18.84955592153876,59.47455592153876,2,180.0,132,42.48111287543235,0.203125,3.807422738380465,0.26232153894564153,4.272869277326107,True,
384,78,81,45,37,u,0.0,0.5,60.5,0.0,26.775,0.0,9.9,6.0,33.725,29.525,18.84955592153876,48.37455592153876,2,180.0,108,37.26596292649422,0.147625,3.807422738380465,0.22901807086746942,4.184065809247935,True,
385,78,81,45,37,u,0.0,0.5,60.675,0.0,26.6,0.0,10.075,6.0,34.074999999999996,30.224999999999994,18.84955592153876,49.07455592153875,2,180.0,108,39.94450518981486,0.15112499999999998,3.807422738380465,0.23095254149669078,4.189500279877156,True,
386,99,78,25,45,u,0.0,0.5,117.9,150.0,62.25,0.0,45.95,6.0,55.650000000000006,181.64999999999998,18.84955592153876,200.49955592153873,2,180.0,234,27.95288658913517,0.9082499999999999,3.807422738380465,0.4703573716327829,5.186030110013248,True,
387,99,78,25,45,u,0.0,0.5,118.075,150.0,62.425,0.0,45.775,6.0,55.650000000000006,181.65,18.84955592153876,200.49955592153876,2,180.0,234,24.146847996502316,0.90825,3.807422738380465,0.47005970241506706,5.185732440795532,True,
388,101,78,17,45,u,0.0,0.5,81.9,150.0,61.725,0.0,59.95,6.0,20.175000000000004,146.175,18.84955592153876,165.02455592153876,2,180.0,241,27.95288658913517,0.730875,3.807422738380465,0.45729184226200376,4.995589580642469,True,
389,101,78,17,45,u,0.0,0.5,82.075,150.0,61.9,0.0,59.775,6.0,20.175000000000004,146.17499999999998,18.84955592153876,165.02455592153873,2,180.0,241,24.146847996502316,0.7308749999999999,3.807422738380465,0.461607329489901,4.999905067870366,True,
390,78,113,45,5,u,0.0,0.5,61.2,0.0,27.2,150.0,86.025,6.0,34.0,160.0,18.84955592153876,178.84955592153875,2,180.0,200,27.952886589134927,0.8,3.807422738380465,0.3911311711225732,4.9985539095030385,True,
391,78,118,45,9,u,0.0,0.5,61.375,0.0,44.85,150.0,86.2,6.0,16.525,142.52499999999998,18.84955592153876,161.37455592153873,2,180.0,225,24.146847996502224,0.712625,3.807422738380465,0.4435120753402322,4.963559813720697,True,
392,79,80,43,35,u,0.0,0.5,52.025,0.0,18.125,0.0,8.15,6.0,33.9,26.199999999999996,18.84955592153876,45.049555921538754,2,180.0,109,44.90052796068899,0.13099999999999998,3.807422738380465,0.22354182821437846,4.161964566594843,True,
393,79,80,43,35,u,0.0,0.5,52.2,0.0,17.95,0.0,8.325,6.0,34.25,26.900000000000002,18.84955592153876,45.74955592153876,2,180.0,109,42.481112875432366,0.1345,3.807422738380465,0.21755964622456012,4.159482384605025,True,
394,79,80,43,35,u,0.0,0.5,52.375,0.0,17.775,0.0,8.5,6.0,34.6,27.6,18.84955592153876,46.44955592153876,2,180.0,109,39.9445051898149,0.138,3.807422738380465,0.2125596462245601,4.157982384605025,True,
395,79,80,43,35,u,0.0,0.5,52.55,0.0,17.6,0.0,8.675,6.0,34.949999999999996,28.299999999999997,18.84955592153876,47.149555921538756,2,180.0,109,37.26596292649422,0.1415,3.807422738380465,0.21095248530618244,4.159875223686647,True,
396,79,81,43,37,u,0.0,0.5,51.675,0.0,27.125,0.0,7.8,6.0,24.549999999999997,16.15,18.84955592153876,34.99955592153876,2,180.0,79,44.90052796068899,0.08074999999999999,3.807422738380465,0.16717277457491897,4.055345512955384,True,
397,79,81,43,37,u,0.0,0.5,51.85,0.0,26.95,0.0,7.975,6.0,24.900000000000002,16.849999999999998,18.84955592153876,35.69955592153876,2,180.0,79,47.221442291106705,0.08424999999999999,3.807422738380465,0.15913705426879304,4.050809792649258,True,
398,79,86,43,39,u,0.0,0.5,51.5,0.0,36.125,0.0,7.625,6.0,15.375,6.625,18.84955592153876,25.47455592153876,2,180.0,48,46.56746344221023,0.033125,3.807422738380465,0.11508948338446665,3.9556372217649316,True,
399,108,79,13,43,u,0.0,0.5,62.675,150.0,52.725,0.0,66.6,6.0,9.949999999999996,138.17640071720967,16.78945144105834,154.965852158268,2,160.32745131874685,238,32.91616258229926,0.6908820035860483,3.391302131875465,0.4535418844048849,4.535726019866398,True,
400,108,79,13,43,u,0.0,0.5,62.85,150.0,52.9,0.0,66.425,6.0,9.950000000000003,138.17640071720967,16.789451441058347,154.96585215826804,2,160.3274513187469,238,29.699796570508973,0.6908820035860483,3.3913021318754666,0.4508334738096027,4.533017609271117,True,
401,109,79,15,43,u,0.0,0.5,73.425,150.0,53.075,0.0,62.925,6.0,20.349999999999994,146.35,18.84955592153876,165.19955592153875,2,180.0,242,27.952886589135016,0.73175,3.807422738380465,0.45235134801029253,4.991524086390758,True,
402,61,80,29,35,u,0.0,0.5,135.375,150.0,16.375,0.0,40.175,6.0,119.0,245.0,18.84955592153876,263.84955592153875,2,180.0,240,31.713377838836593,1.225,3.807422738380465,0.45577399615656794,5.488196734537032,True,
403,108,80,13,35,u,0.0,0.5,62.5,150.0,16.2,0.0,66.775,6.0,46.3,172.3,18.84955592153876,191.14955592153876,2,180.0,168,32.42638500374308,0.8615,3.807422738380465,0.3315179865817062,5.000440724962171,True,
404,113,80,5,35,u,0.0,0.5,26.85,150.0,15.675,0.0,73.25,6.0,11.175,138.02839296501926,18.023904632981605,156.05229759800088,2,172.1156109693561,83,28.240736430519988,0.6901419648250964,3.6406493935276267,0.17166677904768343,4.5024581374004065,True,
405,113,80,5,35,u,0.0,0.5,27.025,150.0,15.85,0.0,73.075,6.0,11.174999999999999,138.02839296501926,18.0239046329816,156.05229759800088,2,172.11561096935606,83,24.476135215181273,0.6901419648250964,3.6406493935276263,0.17467274647966483,4.505464104832388,True,
406,117,80,7,35,u,0.0,0.5,35.85,150.0,16.025,0.0,70.975,6.0,19.825000000000003,145.825,18.84955592153876,164.67455592153874,2,180.0,105,30.01902002957787,0.7291249999999999,3.807422738380465,0.20386922221098444,4.74041696059145,True,
407,62,81,53,37,u,0.0,0.5,96.675,0.0,25.725,0.0,21.45,6.0,70.94999999999999,89.85,18.84955592153876,108.69955592153875,2,180.0,193,39.94450518981492,0.44925,3.807422738380465,0.36142867176876403,4.6181014101492295,True,
408,62,81,53,37,u,0.0,0.5,96.85,0.0,25.55,0.0,21.625,6.0,71.3,90.55,18.84955592153876,109.39955592153876,2,180.0,193,37.265962926494275,0.45275,3.807422738380465,0.3653572311565123,4.625529969536977,True,
409,62,81,53,37,u,0.0,0.5,97.025,0.0,25.375,0.0,21.8,6.0,71.65,91.25,18.84955592153876,110.09955592153875,2,180.0,193,34.411508669769525,0.45625,3.807422738380465,0.3669048863266009,4.630577624707065,True,
410,62,81,53,37,u,0.0,0.5,97.2,0.0,25.2,0.0,21.975,6.0,72.0,91.94999999999999,18.84955592153876,110.79955592153874,2,180.0,193,31.332206707233127,0.45974999999999994,3.807422738380465,0.36404768326534204,4.631220421645807,True,
411,62,84,53,41,u,0.0,0.5,96.5,0.0,44.95,0.0,21.275,6.0,51.55,70.1,18.84955592153876,88.94955592153875,2,180.0,163,39.94450518981488,0.3505,3.807422738380465,0.3323811570749465,4.490303895455412,True,
412,107,84,11,41,u,0.0,0.5,53.5,150.0,43.2,0.0,67.825,6.0,10.299999999999997,138.1210269804162,17.143817602170326,155.2648445825865,2,163.71139889107508,208,35.421099356069945,0.690605134902081,3.4628805703886325,0.38467274647966404,4.538158451770378,True,
413,107,84,11,41,u,0.0,0.5,53.675,150.0,43.375,0.0,67.65,6.0,10.299999999999997,138.1210269804162,17.143817602170326,155.2648445825865,2,163.71139889107508,208,32.42638500374308,0.690605134902081,3.4628805703886325,0.3806549284694823,4.534140633760196,True,
414,84,114,41,3,u,0.0,0.5,42.675,0.0,19.425,150.0,83.4,6.0,23.249999999999996,149.25,18.84955592153876,168.09955592153875,2,180.0,152,27.952886589135197,0.74625,3.807422738380465,0.2888691941157302,4.842541932496195,True,
415,84,114,41,3,u,0.0,0.5,42.85,0.0,19.6,150.0,83.575,6.0,23.25,149.25,18.84955592153876,168.09955592153875,2,180.0,152,31.141348404544058,0.74625,3.807422738380465,0.284404886326602,4.838077624707067,True,
416,86,114,39,3,u,0.0,0.5,33.5,0.0,18.9,150.0,81.475,6.0,14.600000000000001,140.6,18.84955592153876,159.44955592153875,2,180.0,126,34.41150866976964,0.703,3.807422738380465,0.2513989750851291,4.7618217134655945,True,
417,86,114,39,3,u,0.0,0.5,33.675,0.0,19.075,150.0,81.65,6.0,14.599999999999998,140.6,18.84955592153876,159.44955592153875,2,180.0,126,31.33220670723316,0.703,3.807422738380465,0.24827396806131558,4.758696706441781,True,
418,117,86,7,39,u,0.0,0.5,36.025,150.0,34.025,0.0,70.8,6.0,2.0,143.3667504192892,7.028226521485822,150.39497694077502,2,67.11461952384151,152,47.86858551078456,0.716833752096446,1.4196318247379318,0.280714406122518,2.417179982956896,True,
419,118,86,9,39,u,0.0,0.5,44.675,150.0,34.2,0.0,68.875,6.0,10.474999999999994,138.0972954753972,17.320420963558085,155.4177164389553,2,165.39783676696553,171,28.92833984413736,0.690486477376986,3.498552692141583,0.3259823505613431,4.515021520079912,True,
420,84,89,41,33,u,0.0,0.5,42.5,0.0,9.125,0.0,6.05,6.0,33.375,21.475,18.84955592153876,40.32455592153876,2,180.0,112,44.90052796068899,0.10737500000000001,3.807422738380465,0.23886925030623862,4.1536669886867035,True,
421,117,89,7,33,u,0.0,0.5,35.5,150.0,8.25,0.0,71.325,6.0,27.25,153.25,18.84955592153876,172.09955592153875,2,180.0,110,31.493594247774954,0.76625,3.807422738380465,0.2369942292347979,4.810666967615263,True,
422,117,89,7,33,u,0.0,0.5,35.675,150.0,8.425,0.0,71.15,6.0,27.249999999999996,153.25,18.84955592153876,172.09955592153875,2,180.0,110,34.56006960743448,0.76625,3.807422738380465,0.23011923625861153,4.803791974639077,True,
423,93,107,27,11,u,0.0,0.5,125.5,150.0,55.6,150.0,119.975,6.0,69.9,105.95000000000002,18.84955592153876,124.79955592153877,2,180.0,195,27.95288658913517,0.52975,3.807422738380465,0.3605655855612865,4.697738323941752,True,
424,93,107,27,11,u,0.0,0.5,125.675,150.0,55.425,150.0,119.8,6.0,70.25,106.65,18.84955592153876,125.49955592153876,2,180.0,195,31.332206707233183,0.53325,3.807422738380465,0.35872040164975283,4.699393140030217,True,
425,93,107,27,11,u,0.0,0.5,125.85,150.0,55.25,150.0,119.625,6.0,70.6,107.35,18.84955592153876,126.19955592153875,2,180.0,195,34.41150866976939,0.53675,3.807422738380465,0.3568453524830581,4.701018090863522,True,
426,93,107,27,11,u,0.0,0.5,126.025,150.0,55.075,150.0,119.45,6.0,70.95,108.05,18.84955592153876,126.89955592153876,2,180.0,195,37.26596292649413,0.54025,3.807422738380465,0.3584227043367829,4.706095442717248,True,
427,93,107,27,11,u,0.0,0.5,126.2,150.0,54.9,150.0,119.275,6.0,71.30000000000001,108.75,18.84955592153876,127.59955592153875,2,180.0,195,36.91132428071886,0.5437500000000001,3.807422738380465,0.3601787139116455,4.711351452292111,True,
428,93,107,27,11,u,0.0,0.5,126.375,150.0,54.725,150.0,119.1,6.0,71.65,109.45000000000002,18.84955592153876,128.29955592153877,2,180.0,195,36.36290963679041,0.5472500000000001,3.807422738380465,0.3643751615477107,4.719047899928176,True,
429,93,107,27,11,u,0.0,0.5,126.55,150.0,54.55,150.0,118.925,6.0,72.0,110.15,18.84955592153876,128.99955592153876,2,180.0,195,35.97355572134952,0.5507500000000001,3.807422738380465,0.3676489329422466,4.725821671322712,True,
430,93,107,27,11,u,0.0,0.5,126.725,150.0,54.375,150.0,118.75,6.0,72.35,110.85,18.84955592153876,129.69955592153875,2,180.0,195,35.74772082806101,0.55425,3.807422738380465,0.3674405785374727,4.729113316917937,True,
431,93,107,27,11,u,0.0,0.5,126.9,150.0,54.2,150.0,118.575,6.0,72.7,111.55,18.84955592153876,130.39955592153876,2,180.0,195,35.68808491209399,0.55775,3.807422738380465,0.3665774923299948,4.73175023071046,True,
432,93,107,27,11,u,0.0,0.5,127.075,150.0,54.025,150.0,118.4,6.0,73.05000000000001,112.25,18.84955592153876,131.09955592153875,2,180.0,195,35.6880849120939,0.56125,3.807422738380465,0.36720244316330003,4.735875181543765,True,
433,93,113,27,5,u,0.0,0.5,127.25,150.0,28.775,150.0,118.225,6.0,98.475,138.025,18.84955592153876,156.87455592153876,2,180.0,214,37.26596292649413,0.690125,3.807422738380465,0.3873512637245309,4.884899002104996,True,
434,98,74,23,55,u,0.0,0.5,110.125,150.0,107.95,0.0,48.4,6.0,2.174999999999997,143.11019775320074,7.338789967127394,150.44898772032812,2,70.08028197489193,173,35.24750699205257,0.7155509887660036,1.4823625505739908,0.34178587483002376,2.5396994141700184,True,
435,98,78,23,45,u,0.0,0.5,109.425,150.0,62.075,0.0,49.1,6.0,47.349999999999994,173.35,18.84955592153876,192.19955592153875,2,180.0,236,32.66037475623779,0.86675,3.807422738380465,0.4459227605272904,5.120095498907755,True,
436,98,89,23,33,u,0.0,0.5,109.075,150.0,8.6,0.0,49.45,6.0,100.47500000000001,226.47500000000002,18.84955592153876,245.32455592153877,2,180.0,257,25.8133234409622,1.1323750000000001,3.807422738380465,0.4889585651191787,5.428756303499643,True,
437,98,89,23,33,u,0.0,0.5,109.25,150.0,8.775,0.0,49.275,6.0,100.475,226.475,18.84955592153876,245.32455592153875,2,180.0,257,29.419011747226367,1.132375,3.807422738380465,0.4846430778912813,5.424440816271746,True,
438,98,101,23,17,u,0.0,0.5,107.5,150.0,82.425,150.0,137.475,6.0,25.075000000000003,26.125000000000014,18.84955592153876,44.97455592153877,2,180.0,78,13.504291958560026,0.13062500000000007,3.807422738380465,0.19297641122461598,4.131024149605081,True,
439,98,109,23,15,u,0.0,0.5,107.675,150.0,74.125,150.0,127.675,6.0,33.55,54.199999999999974,18.84955592153878,73.04955592153875,2,180.0,103,31.332206707233354,0.27099999999999985,3.807422738380469,0.22511920816335734,4.303541946543826,True,
440,98,109,23,15,u,0.0,0.5,107.85,150.0,73.95,150.0,127.5,6.0,33.89999999999999,54.89999999999999,18.84955592153876,73.74955592153876,2,180.0,103,34.411508669769695,0.27449999999999997,3.807422738380465,0.2222918141667512,4.304214552547216,True,
441,98,113,23,5,u,0.0,0.5,108.725,150.0,29.125,150.0,126.625,6.0,79.6,102.35,18.84955592153876,121.19955592153875,2,180.0,211,34.41150866976936,0.5117499999999999,3.807422738380465,0.4077680006293331,4.726940739009798,True,
442,98,113,23,5,u,0.0,0.5,108.9,150.0,28.95,150.0,126.45,6.0,79.95,103.05000000000003,18.849555921538737,121.89955592153876,2,180.0,211,31.332206707233194,0.5152500000000001,3.8074227383804606,0.3942263128912258,4.716899051271686,True,
443,98,117,23,7,u,0.0,0.5,108.025,150.0,37.425,150.0,127.325,6.0,70.60000000000001,91.95000000000003,18.849555921538737,110.79955592153877,2,180.0,207,37.265962926494396,0.45975000000000016,3.8074227383804606,0.4067560938606242,4.673928832241085,True,
444,98,117,23,7,u,0.0,0.5,108.2,150.0,37.25,150.0,127.15,6.0,70.95,92.64999999999999,18.84955592153876,111.49955592153876,2,180.0,207,39.94450518981498,0.46324999999999994,3.807422738380465,0.4121728026701721,4.6828455410506376,True,
445,98,117,23,7,u,0.0,0.5,108.375,150.0,37.075,150.0,126.975,6.0,71.3,93.35000000000001,18.84955592153876,112.19955592153877,2,180.0,207,39.944505189814834,0.46675000000000005,3.807422738380465,0.41505970241506723,4.689232440795532,True,
446,99,84,25,41,u,0.0,0.5,117.725,150.0,44.775,0.0,46.475,6.0,72.94999999999999,198.95,18.84955592153876,217.79955592153874,2,180.0,246,27.952886589135016,0.9947499999999999,3.807422738380465,0.4772025836395706,5.2793753220200355,True,
447,99,101,25,17,u,0.0,0.5,116.5,150.0,83.125,150.0,123.825,6.0,33.375,61.72500000000002,18.849555921538737,80.57455592153876,2,180.0,104,27.95288658913529,0.3086250000000001,3.8074227383804606,0.22976208938786083,4.3458098277683215,True,
448,99,101,25,17,u,0.0,0.5,116.675,150.0,82.95,150.0,123.65,6.0,33.724999999999994,62.42499999999998,18.84955592153876,81.27455592153873,2,180.0,104,24.146847996502466,0.31212499999999993,3.807422738380465,0.22863111493206584,4.348178853312531,True,
449,99,101,25,17,u,0.0,0.5,116.85,150.0,82.775,150.0,123.475,6.0,34.07499999999999,63.125,18.84955592153876,81.97455592153875,2,180.0,104,19.666638215041676,0.315625,3.807422738380465,0.22616083971095613,4.349208578091421,True,
450,99,107,25,11,u,0.0,0.5,117.2,150.0,56.125,150.0,123.125,6.0,61.075,90.825,18.84955592153876,109.67455592153877,2,180.0,178,34.411508669769475,0.454125,3.807422738380465,0.356339441241585,4.61788717962205,True,
451,99,107,25,11,u,0.0,0.5,117.375,150.0,55.95,150.0,122.95,6.0,61.425,91.52500000000002,18.849555921538737,110.37455592153876,2,180.0,178,31.332206707233194,0.4576250000000001,3.8074227383804606,0.34443463920074585,4.609482377581207,True,
452,99,107,25,11,u,0.0,0.5,117.55,150.0,55.775,150.0,122.775,6.0,61.775,92.225,18.84955592153876,111.07455592153875,2,180.0,178,27.952886589135232,0.461125,3.807422738380465,0.3337501264286434,4.602297864809109,True,
453,99,109,25,15,u,0.0,0.5,117.025,150.0,73.775,150.0,123.3,6.0,43.25,72.64999999999998,18.84955592153878,91.49955592153876,2,180.0,127,37.2659629264941,0.3632499999999999,3.807422738380469,0.26113108683681185,4.431803825217282,True,
454,61,101,29,17,u,0.0,0.5,134.5,150.0,82.25,150.0,138.875,6.0,52.25,50.5,18.84955592153876,69.34955592153875,2,180.0,165,13.504291958560026,0.2525,3.807422738380465,0.32711326882662994,4.3870360072070955,True,
455,101,84,17,41,u,0.0,0.5,81.55,150.0,44.425,0.0,60.475,6.0,37.125,163.125,18.84955592153876,181.97455592153875,2,180.0,239,35.42109935606989,0.815625,3.807422738380465,0.45711324073137427,5.080160979111839,True,
456,101,84,17,41,u,0.0,0.5,81.725,150.0,44.6,0.0,60.3,6.0,37.12499999999999,163.125,18.84955592153876,181.97455592153875,2,180.0,239,34.41150866976939,0.815625,3.807422738380465,0.452797781598731,5.075845519979196,True,
457,101,114,17,3,u,0.0,0.5,81.375,150.0,20.125,150.0,133.8,6.0,61.25,69.64999999999998,18.84955592153876,88.49955592153873,2,180.0,177,42.48111287543219,0.3482499999999999,3.807422738380465,0.34744063472798126,4.503113373108446,True,
458,101,117,17,7,u,0.0,0.5,81.025,150.0,37.775,150.0,134.325,6.0,43.25000000000001,50.60000000000003,18.84955592153876,69.44955592153879,2,180.0,139,34.41150866976964,0.25300000000000017,3.807422738380465,0.2794645044559075,4.339887242836372,True,
459,101,118,17,9,u,0.0,0.5,80.5,150.0,47.125,150.0,143.95,6.0,33.375,21.475000000000023,18.84955592153876,40.32455592153878,2,180.0,112,42.48111287543219,0.10737500000000011,3.807422738380465,0.2310418563096327,4.145839594690098,True,
460,101,118,17,9,u,0.0,0.5,80.675,150.0,46.95,150.0,143.775,6.0,33.724999999999994,22.174999999999983,18.84955592153876,41.02455592153874,2,180.0,112,39.94450518981498,0.11087499999999992,3.807422738380465,0.22452398210894267,4.142821720489408,True,
461,101,118,17,9,u,0.0,0.5,80.85,150.0,46.775,150.0,134.675,6.0,34.074999999999996,40.72499999999997,18.84955592153876,59.57455592153873,2,180.0,112,27.952886589134927,0.20362499999999986,3.807422738380465,0.2273811289796932,4.238428867360158,True,
462,74,107,55,11,u,0.0,0.5,107.25,0.0,53.85,150.0,98.975,6.0,53.4,179.4,18.84955592153876,198.24955592153876,2,180.0,232,27.95288658913517,0.897,3.807422738380465,0.43011920816335597,5.134541946543822,True,
463,108,78,13,45,u,0.0,0.5,63.025,150.0,61.55,0.0,66.25,6.0,1.4750000000000014,144.23594110023154,6.012483784588346,150.24842488481988,2,57.414990874626085,247,52.22951041136422,0.7211797055011577,1.2144618987775462,0.44232156704089426,2.3779631713195983,True,
464,111,108,19,13,u,0.0,0.5,89.675,150.0,64.775,150.0,140.625,6.0,24.89999999999999,19.64999999999999,18.84955592153876,38.49955592153875,2,180.0,83,13.872102735011007,0.09824999999999996,3.807422738380465,0.20172636908173486,4.1073991074622,True,
465,111,108,19,13,u,0.0,0.5,89.5,150.0,64.95,150.0,131.35,6.0,24.549999999999997,37.85000000000001,18.84955592153876,56.69955592153877,2,180.0,83,13.872102735011007,0.18925000000000006,3.807422738380465,0.2057144904082804,4.202387228788745,True,
466,77,109,49,15,u,0.0,0.5,79.9,0.0,73.6,150.0,92.325,6.0,6.300000000000011,139.44017045592116,12.90998754093604,152.3501579968572,2,123.28129994368518,238,37.58157646977933,0.6972008522796058,2.6076890256816077,0.4603870964116728,3.765276974372886,True,
467,109,84,15,41,u,0.0,0.5,72.55,150.0,43.55,0.0,63.8,6.0,29.0,155.0,18.84955592153876,173.84955592153875,2,180.0,234,37.340058684420825,0.775,3.807422738380465,0.45125018261915073,5.033672920999616,True,
468,109,84,15,41,u,0.0,0.5,72.725,150.0,43.725,0.0,63.625,6.0,28.999999999999993,155.0,18.84955592153876,173.84955592153875,2,180.0,234,39.94450518981484,0.775,3.807422738380465,0.447946630255216,5.030369368635681,True,
469,109,84,15,41,u,0.0,0.5,72.9,150.0,43.9,0.0,63.45,6.0,29.000000000000007,155.0,18.84955592153876,173.84955592153875,2,180.0,234,37.265962926494225,0.775,3.807422738380465,0.4472323084184606,5.029655046798926,True,
470,109,84,15,41,u,0.0,0.5,73.075,150.0,44.075,0.0,63.275,6.0,29.0,155.0,18.84955592153876,173.84955592153875,2,180.0,234,34.41150866976939,0.775,3.807422738380465,0.44467277457491744,5.027095512955383,True,
471,109,84,15,41,u,0.0,0.5,73.25,150.0,44.25,0.0,63.1,6.0,29.0,155.0,18.84955592153876,173.84955592153875,2,180.0,234,31.332206707233127,0.775,3.807422738380465,0.4368454086735655,5.019268147054031,True,
472,109,86,15,39,u,0.0,0.5,71.85,150.0,34.375,0.0,64.5,6.0,37.474999999999994,163.475,18.84955592153876,182.32455592153875,2,180.0,223,24.256384296890555,0.817375,3.807422738380465,0.4206252598811,5.045422998261565,True,
473,109,86,15,39,u,0.0,0.5,72.025,150.0,34.55,0.0,64.325,6.0,37.47500000000001,163.47500000000002,18.84955592153876,182.32455592153877,2,180.0,223,28.048532899893555,0.8173750000000002,3.807422738380465,0.42267882629266174,5.047476564673127,True,
474,109,86,15,39,u,0.0,0.5,72.2,150.0,34.725,0.0,64.15,6.0,37.475,163.475,18.84955592153876,182.32455592153875,2,180.0,223,31.418454573243583,0.817375,3.807422738380465,0.4250299776361767,5.049827716016642,True,
475,109,86,15,39,u,0.0,0.5,72.375,150.0,34.9,0.0,63.975,6.0,37.475,163.475,18.84955592153876,182.32455592153875,2,180.0,223,34.49088633353491,0.817375,3.807422738380465,0.43059539462593877,5.055393133006404,True,
476,109,117,15,7,u,0.0,0.5,71.5,150.0,38.125,150.0,136.95,6.0,33.375,35.47500000000002,18.84955592153876,54.32455592153878,2,180.0,112,39.944505189814926,0.17737500000000012,3.807422738380465,0.2432144623130265,4.228012200693492,True,
477,109,117,15,7,u,0.0,0.5,71.675,150.0,37.95,150.0,136.775,6.0,33.724999999999994,36.17499999999998,18.84955592153876,55.02455592153874,2,180.0,112,42.48111287543219,0.18087499999999992,3.807422738380465,0.23803588887765123,4.226333627258116,True,
478,111,77,19,49,u,0.0,0.5,90.725,150.0,80.075,0.0,56.8,6.0,10.649999999999991,138.0761793035957,17.49669192375402,155.5728712273497,2,167.08110044528976,224,45.41351675674638,0.6903808965179785,3.534157672161259,0.4192561219558779,4.643794690635116,True,
479,111,77,19,49,u,0.0,0.5,90.9,150.0,80.25,0.0,56.1,6.0,10.650000000000006,138.07617930359567,17.496691923754035,155.5728712273497,2,167.0811004452899,224,35.04994691109191,0.6903808965179783,3.534157672161262,0.43711324073137414,4.661651809410615,True,
480,111,77,19,49,u,0.0,0.5,91.075,150.0,80.425,0.0,55.925,6.0,10.650000000000006,138.0761793035957,17.496691923754035,155.57287122734974,2,167.0811004452899,224,32.02482746807539,0.6903808965179785,3.534157672161262,0.4333631985884929,4.657901767267734,True,
481,111,79,19,43,u,0.0,0.5,90.55,150.0,53.25,0.0,56.975,6.0,37.3,163.3,18.84955592153876,182.14955592153876,2,180.0,252,45.88898256009502,0.8165000000000001,3.807422738380465,0.46997041569737863,5.093893154077844,True,
482,111,81,19,37,u,0.0,0.5,90.025,150.0,24.675,0.0,58.2,6.0,65.35000000000001,191.35000000000002,18.84955592153876,210.19955592153877,2,180.0,236,25.8133234409622,0.9567500000000001,3.807422738380465,0.4485418001191227,5.212714538499588,True,
483,111,81,19,37,u,0.0,0.5,90.2,150.0,24.85,0.0,58.025,6.0,65.35,191.35,18.84955592153876,210.19955592153875,2,180.0,236,29.419011747226246,0.95675,3.807422738380465,0.44479181416674973,5.208964552547214,True,
484,111,81,19,37,u,0.0,0.5,90.375,150.0,25.025,0.0,57.85,6.0,65.35,191.35,18.84955592153876,210.19955592153875,2,180.0,236,32.66037475623779,0.95675,3.807422738380465,0.44660730139464705,5.210780039775112,True,
485,111,114,19,3,u,0.0,0.5,89.85,150.0,19.95,150.0,130.65,6.0,69.89999999999999,84.59999999999998,18.84955592153876,103.44955592153875,2,180.0,195,39.94450518981498,0.42299999999999993,3.807422738380465,0.3610418282143777,4.591464566594842,True,
486,113,89,5,33,u,0.0,0.5,26.5,150.0,7.9,0.0,73.6,6.0,18.6,144.6,18.84955592153876,163.44955592153875,2,180.0,84,30.330230527440595,0.723,3.807422738380465,0.18529780969398665,4.715720548074452,True,
487,113,89,5,33,u,0.0,0.5,26.675,150.0,8.075,0.0,73.425,6.0,18.6,144.60000000000002,18.84955592153876,163.44955592153877,2,180.0,84,31.33220670723316,0.7230000000000001,3.807422738380465,0.18273821965993525,4.7131609580404,True,
488,86,114,39,3,u,0.0,0.5,33.85,0.0,19.25,150.0,81.825,6.0,14.600000000000001,140.60000000000002,18.84955592153876,159.44955592153877,2,180.0,126,27.952886589135197,0.7030000000000002,3.807422738380465,0.2448215670408959,4.755244305421361,True,
489,114,89,3,33,u,0.0,0.5,17.5,150.0,6.5,0.0,76.05,6.0,11.0,138.0417392568986,17.848394882211373,155.89013413911,2,170.43961630560167,60,44.368814437631606,0.6902086962844931,3.6051981702377196,0.1360715810885225,4.431478447610735,True,
490,114,89,3,33,u,0.0,0.5,17.675,150.0,6.675,0.0,75.875,6.0,11.0,138.0417392568986,17.848394882211373,155.89013413911,2,170.43961630560167,60,48.82711314820604,0.6902086962844931,3.6051981702377196,0.12684538057831266,4.422252247100525,True,
491,114,89,3,33,u,0.0,0.5,17.85,150.0,6.85,0.0,75.7,6.0,11.000000000000002,138.0417392568986,17.848394882211373,155.89013413911,2,170.4396163056017,60,51.011332559848455,0.6902086962844931,3.6051981702377196,0.11889891889462025,4.4143057854168335,True,
492,114,89,3,33,u,0.0,0.5,18.025,150.0,7.025,0.0,75.525,6.0,10.999999999999998,138.0417392568986,17.848394882211373,155.89013413911,2,170.43961630560165,60,53.13010235415601,0.6902086962844931,3.6051981702377196,0.1184227886225458,4.413829655144759,True,
493,114,89,3,33,u,0.0,0.5,18.2,150.0,7.2,0.0,75.35,6.0,11.0,138.0417392568986,17.848394882211373,155.89013413911,2,170.43961630560167,60,55.12460518437908,0.6902086962844931,3.6051981702377196,0.11866092399671839,4.414067790518931,True,
494,114,89,3,33,u,0.0,0.5,18.375,150.0,7.375,0.0,75.175,6.0,11.0,138.0417392568986,17.848394882211373,155.89013413911,2,170.43961630560167,60,55.75169461588708,0.6902086962844931,3.6051981702377196,0.11860133396266695,4.41400820048488,True,
495,114,89,3,33,u,0.0,0.5,18.55,150.0,7.55,0.0,75.0,6.0,11.0,138.0417392568986,17.848394882211373,155.89013413911,2,170.43961630560167,60,53.971443647722616,0.6902086962844931,3.6051981702377196,0.119970359506872,4.415377226029085,True,
496,114,89,3,33,u,0.0,0.5,18.725,150.0,7.725,0.0,74.825,6.0,11.000000000000002,138.0417392568986,17.848394882211373,155.89013413911,2,170.4396163056017,60,51.87675670204549,0.6902086962844931,3.6051981702377196,0.12122037355449909,4.416627240076712,True,
497,62,116,53,1,u,0.0,0.5,97.9,0.0,9.55,150.0,96.0,6.0,88.35000000000001,214.35000000000002,18.84955592153876,233.19955592153877,2,180.0,256,32.68346375772296,1.0717500000000002,3.807422738380465,0.5265479361226295,5.405720674503094,True,
498,62,116,53,1,u,0.0,0.5,98.075,0.0,9.725,150.0,96.175,6.0,88.35000000000001,214.35000000000002,18.84955592153876,233.19955592153877,2,180.0,256,29.444376929630245,1.0717500000000002,3.807422738380465,0.520893120034163,5.400065858414628,True,
499,62,116,53,1,u,0.0,0.5,98.25,0.0,9.9,150.0,96.35,6.0,88.35,214.35,18.84955592153876,233.19955592153875,2,180.0,256,25.84193276316703,1.07175,3.807422738380465,0.5145835721429924,5.393756310523457,True,
500,62,116,53,1,u,0.0,0.5,98.425,0.0,10.075,150.0,96.525,6.0,88.35,214.35,18.84955592153876,233.19955592153875,2,180.0,256,21.69471602238685,1.07175,3.807422738380465,0.5094347796770156,5.38860751805748,True,
501,80,116,35,1,u,0.0,0.5,15.5,0.0,8.5,150.0,79.725,6.0,7.0,139.0912878853643,13.692250745884422,152.78353863124872,2,130.75136329567187,64,46.56746344221023,0.6954564394268214,2.765698409367699,0.14258945528921246,3.603744304083733,True,
502,72,117,57,7,u,0.0,0.5,115.55,0.0,36.375,150.0,101.775,6.0,79.175,205.17499999999998,18.84955592153876,224.02455592153873,2,180.0,233,37.26596292649413,1.0258749999999999,3.807422738380465,0.475059702415067,5.3083574407955325,True,
503,72,117,57,7,u,0.0,0.5,115.725,0.0,36.55,150.0,101.95,6.0,79.175,205.175,18.84955592153876,224.02455592153876,2,180.0,233,34.41150866976939,1.025875,3.807422738380465,0.4675299776361766,5.3008277160166415,True,
504,84,117,41,7,u,0.0,0.5,43.025,0.0,36.2,150.0,83.75,6.0,6.824999999999996,139.17321030960701,13.49902266735145,152.67223297695847,2,128.90617106511152,173,41.04739187375188,0.695866051548035,2.7266682601714867,0.327023982108942,3.749558293828464,True,
505,98,117,23,7,u,0.0,0.5,108.55,150.0,36.9,150.0,126.8,6.0,71.65,94.04999999999998,18.84955592153878,112.89955592153876,2,180.0,207,37.2659629264941,0.47024999999999995,3.807422738380469,0.4126489329422466,4.690321671322716,True,
506,101,117,17,7,u,0.0,0.5,81.2,150.0,37.6,150.0,134.15,6.0,43.6,51.29999999999999,18.84955592153876,70.14955592153875,2,180.0,139,37.26596292649413,0.25649999999999995,3.807422738380465,0.2861609520919727,4.350083690472438,True,
507,71,118,24,9,u,0.0,0.5,112.35,150.0,46.6,150.0,125.4,6.0,65.75,90.94999999999999,18.84955592153876,109.79955592153874,2,180.0,197,34.41150866976939,0.45474999999999993,3.807422738380465,0.3983036928402053,4.66047643122067,True,
508,71,118,24,9,u,0.0,0.5,112.525,150.0,46.425,150.0,125.225,6.0,66.10000000000001,91.65000000000002,18.84955592153876,110.49955592153879,2,180.0,197,37.26596292649432,0.4582500000000001,3.807422738380465,0.40119062068035455,4.66686335906082,True,
509,71,118,24,9,u,0.0,0.5,112.7,150.0,46.25,150.0,125.05,6.0,66.45,92.34999999999998,18.84955592153878,111.19955592153876,2,180.0,197,37.2659629264941,0.4617499999999999,3.807422738380469,0.4010418282143779,4.670214566594847,True,
510,71,118,24,9,u,0.0,0.5,112.875,150.0,46.075,150.0,124.875,6.0,66.8,93.05,18.84955592153876,111.89955592153876,2,180.0,197,34.411508669769475,0.46525,3.807422738380465,0.39958351595248515,4.67225625433295,True,
511,118,81,9,37,u,0.0,0.5,44.5,150.0,24.5,0.0,69.05,6.0,20.0,146.0,18.84955592153876,164.84955592153875,2,180.0,154,28.534702342673814,0.73,3.807422738380465,0.30565498465999125,4.843077723040457,True,
