route_id,port1,port2,index1,index2,sx_mm,sy_mm,lx_mm,ly_mm,track_y_mm,radius_mm,dx_mm,straight_length_mm,arc_length_mm,total_length_mm,bend_count,bend_total_deg,crossing_count,min_crossing_angle_deg,straight_loss_db,bend_loss_db,crossing_loss_db,total_loss_db,geometry_valid,geometry_issue_kinds,legacy_length_mm,legacy_crossing_count,legacy_loss_db
0,8,1,28,58,132.1,150.0,121.1,0.0,58.55,5.0,11.0,141.0,15.707963267948966,156.70796326794897,2,180.0,102,45.17045594982257,0.705,4.76514595344064,0.20309531034017742,5.673241263780818,True,,,,
1,8,1,28,58,132.275,150.0,121.275,0.0,58.2,5.0,11.0,141.0,15.707963267948966,156.70796326794897,2,180.0,102,47.54584979559903,0.705,4.76514595344064,0.20529764112246168,5.675443594563101,True,,,,
2,9,1,30,58,141.1,150.0,121.45,0.0,52.425,5.0,19.64999999999999,149.64999999999998,15.707963267948966,165.35796326794895,2,180.0,80,30.68341710897551,0.7482499999999999,4.76514595344064,0.16068462515311904,5.674080578593759,True,,,,
3,9,1,30,58,141.275,150.0,121.625,0.0,51.2,5.0,19.650000000000006,149.65,15.707963267948966,165.35796326794897,2,180.0,80,32.12661339001157,0.7482500000000001,4.76514595344064,0.16425600957486253,5.677651963015502,True,,,,
4,1,26,58,4,119.875,0.0,23.75,150.0,86.025,5.0,96.125,226.125,15.707963267948966,241.83296326794897,2,180.0,212,35.4126381110595,1.130625,4.76514595344064,0.4244643358843822,6.320235289325022,True,,,,
5,1,26,58,4,120.05,0.0,23.925,150.0,86.2,5.0,96.125,226.125,15.707963267948966,241.83296326794897,2,180.0,212,31.78833061705162,1.130625,4.76514595344064,0.416755953384354,6.312526906824994,True,,,,
6,1,26,58,4,120.225,0.0,24.1,150.0,86.375,5.0,96.125,226.125,15.707963267948966,241.83296326794897,2,180.0,212,27.748478700653376,1.130625,4.76514595344064,0.40851190676870824,6.304282860209348,True,,,,
7,1,26,58,4,120.4,0.0,24.275,150.0,86.55,5.0,96.125,226.125,15.707963267948966,241.83296326794897,2,180.0,212,23.07391806563096,1.130625,4.76514595344064,0.3980059955272352,6.293776948967875,True,,,,
8,1,26,58,4,120.575,0.0,24.45,150.0,86.725,5.0,96.125,226.125,15.707963267948966,241.83296326794897,2,180.0,212,17.25385311735743,1.130625,4.76514595344064,0.39964293741501167,6.295413890855651,True,,,,
9,1,54,58,34,119.7,0.0,13.275,0.0,33.525,5.0,106.425,153.47500000000002,15.707963267948966,169.182963267949,2,180.0,217,52.04807971075362,0.7673750000000001,4.76514595344064,0.3783928109863679,5.910913764427008,True,,,,
10,1,58,58,40,119.175,0.0,39.4,0.0,31.25,5.0,79.775,122.275,15.707963267948966,137.98296326794897,2,180.0,207,49.45839812649543,0.611375,4.76514595344064,0.36803566411561706,5.744556617556256,True,,,,
11,1,58,58,40,119.35,0.0,39.225,0.0,33.175,5.0,80.125,126.475,15.707963267948966,142.18296326794896,2,180.0,205,56.289285218573994,0.632375,4.76514595344064,0.3621428250339949,5.759663778474635,True,,,,
12,1,58,58,40,119.525,0.0,39.05,0.0,33.35,5.0,80.47500000000001,127.17500000000001,15.707963267948966,142.88296326794898,2,180.0,205,54.54945736082467,0.6358750000000001,4.76514595344064,0.35919639144555665,5.760217344886197,True,,,,
13,2,11,20,52,96.1,150.0,93.225,0.0,65.725,5.0,2.875,142.9832788996569,7.7774161416899545,150.76069504134688,2,89.12262408715102,213,41.840901071389254,0.7149163944982846,2.3593461751605496,0.3886011653911414,3.462863735049975,True,,,,
14,2,11,20,52,96.275,150.0,93.4,0.0,65.55,5.0,2.875,142.9832788996569,7.7774161416899545,150.76069504134688,2,89.12262408715102,213,38.73942459785555,0.7149163944982846,2.3593461751605496,0.3912797107312626,3.4655422803900966,True,,,,
15,2,11,20,52,96.45,150.0,93.575,0.0,65.375,5.0,2.875,142.9832788996569,7.7774161416899545,150.76069504134688,2,89.12262408715102,213,35.412638111059486,0.7149163944982846,2.3593461751605496,0.39470235887753774,3.4689649285363715,True,,,,
16,2,11,20,52,96.625,150.0,93.75,0.0,65.2,5.0,2.875,142.9832788996569,7.7774161416899545,150.76069504134688,2,89.12262408715102,213,31.78833061705162,0.7149163944982846,2.3593461751605496,0.3955952541496683,3.469857823808502,True,,,,
17,2,56,20,36,94.875,150.0,20.525,0.0,121.375,5.0,74.35,204.35,15.707963267948966,220.05796326794896,2,180.0,235,21.56518501524266,1.02175,4.76514595344064,0.4797619770068438,6.266657930447484,True,,,,
18,2,56,20,36,95.05,150.0,20.7,0.0,121.2,5.0,74.35,204.35,15.707963267948966,220.05796326794896,2,180.0,235,26.49157020035603,1.02175,4.76514595344064,0.47702389782317933,6.263919851263819,True,,,,
19,2,56,20,36,95.225,150.0,20.875,0.0,121.025,5.0,74.35,204.35,15.707963267948966,220.05796326794896,2,180.0,235,21.565185015243006,1.02175,4.76514595344064,0.4753571749660043,6.262253128406644,True,,,,
20,6,8,62,28,139.1,0.0,132.45,150.0,96.35,5.0,6.650000000000006,140.57781872388352,12.291910966930892,152.8697296908144,2,140.8549241111422,54,42.26858442957263,0.7028890936194176,3.728857064724431,0.1274405785374734,4.559186736881322,True,,,,
21,6,8,62,28,139.275,0.0,132.625,150.0,96.7,5.0,6.650000000000006,140.57781872388352,12.291910966930892,152.8697296908144,2,140.8549241111422,54,39.19496742598291,0.7028890936194176,3.728857064724431,0.13166672285717493,4.563412881201024,True,,,,
22,9,6,30,62,141.45,150.0,139.45,0.0,47.875,5.0,2.0,144.0,6.435011087932843,150.43501108793285,2,73.73979529168804,28,44.76508467132871,0.72,1.9521160396762685,0.07455365069732421,2.7466696903735928,True,,,,
23,9,6,30,62,141.625,150.0,139.625,0.0,48.05,5.0,2.0,144.0,6.435011087932843,150.43501108793285,2,73.73979529168804,28,41.840901071389254,0.72,1.9521160396762685,0.07619053639459222,2.7483065760708607,True,,,,
24,6,10,62,18,138.4,0.0,86.4,150.0,95.65,5.0,52.0,182.0,15.707963267948966,197.70796326794897,2,180.0,174,47.54584979559903,0.91,4.76514595344064,0.3245833192857063,5.999729272726346,True,,,,
25,6,10,62,18,138.575,0.0,86.575,150.0,95.825,5.0,51.999999999999986,182.0,15.707963267948966,197.70796326794897,2,180.0,174,50.208180500442495,0.91,4.76514595344064,0.3234821819898183,5.998628135430458,True,,,,
26,6,10,62,18,138.75,0.0,86.75,150.0,96.0,5.0,52.0,182.0,15.707963267948966,197.70796326794897,2,180.0,174,47.93293519750492,0.91,4.76514595344064,0.328125091309576,6.003271044750216,True,,,,
27,6,10,62,18,138.925,0.0,86.925,150.0,96.175,5.0,52.000000000000014,182.0,15.707963267948966,197.70796326794897,2,180.0,174,45.17045594982257,0.91,4.76514595344064,0.33205362260206994,6.0071995760427095,True,,,,
28,6,11,62,52,137.0,0.0,94.625,0.0,20.4,5.0,42.375,63.175,15.707963267948966,78.88296326794897,2,180.0,142,49.45839812649543,0.315875,4.76514595344064,0.2662202330782286,5.347241186518868,True,,,,
29,6,11,62,52,137.525,0.0,94.45,0.0,42.1,5.0,43.075,107.275,15.707963267948966,122.98296326794897,2,180.0,144,49.45839812649554,0.536375,4.76514595344064,0.26633921647955244,5.567860169920193,True,,,,
30,6,11,62,52,137.7,0.0,94.275,0.0,42.275,5.0,43.42499999999998,107.975,15.707963267948966,123.68296326794896,2,180.0,144,52.048079710753456,0.539875,4.76514595344064,0.25937490869042423,5.5643958621310645,True,,,,
31,6,29,62,2,138.225,0.0,15.45,150.0,95.475,5.0,122.77499999999999,252.775,15.707963267948966,268.48296326794895,2,180.0,223,34.41150866976943,1.263875,4.76514595344064,0.40604171583336096,6.435062669274,True,,,,
32,6,41,62,50,137.875,0.0,84.75,0.0,42.45,5.0,53.125,118.025,15.707963267948966,133.73296326794897,2,180.0,160,54.54945736082467,0.590125,4.76514595344064,0.28249988761898315,5.637770841059623,True,,,,
33,6,51,62,48,138.05,0.0,76.45,0.0,42.625,5.0,61.60000000000001,126.85000000000001,15.707963267948966,142.55796326794896,2,180.0,179,30.683417108975878,0.6342500000000001,4.76514595344064,0.31663682950675953,5.716032782947399,True,,,,
34,6,53,62,32,137.175,0.0,4.1,0.0,26.7,5.0,133.07500000000002,166.475,15.707963267948966,182.18296326794896,2,180.0,288,46.764392851017824,0.832375,4.76514595344064,0.5022916736904789,6.099812627131119,True,,,,
35,6,58,62,40,137.35,0.0,38.875,0.0,40.35,5.0,98.475,159.17499999999998,15.707963267948966,174.88296326794895,2,180.0,221,49.45839812649554,0.7958749999999999,4.76514595344064,0.3842559533843536,5.945276906824993,True,,,,
36,8,12,28,21,130.0,150.0,101.125,150.0,144.825,5.0,28.875,19.225000000000023,15.707963267948966,34.93296326794899,2,180.0,96,46.764392851017625,0.09612500000000011,4.76514595344064,0.18779761302720757,5.049068566467847,True,,,,
37,8,12,28,21,130.175,150.0,100.95,150.0,144.65,5.0,29.22500000000001,19.924999999999997,15.707963267948966,35.632963267948966,2,180.0,96,43.94551956230901,0.09962499999999999,4.76514595344064,0.18723211175168306,5.052003065192323,True,,,,
38,8,12,28,21,130.35,150.0,100.775,150.0,134.15,5.0,29.57499999999999,41.27499999999998,15.707963267948966,56.982963267948946,2,180.0,96,43.94551956230889,0.2063749999999999,4.76514595344064,0.18598215389456424,5.157503107335203,True,,,,
39,8,12,28,21,130.525,150.0,100.6,150.0,133.975,5.0,29.92500000000001,41.97500000000002,15.707963267948966,57.68296326794899,2,180.0,96,46.76439285101808,0.20987500000000012,4.76514595344064,0.1839285593877483,5.158949512828388,True,,,,
40,8,16,28,14,130.875,150.0,69.275,150.0,108.6,5.0,61.599999999999994,124.4,15.707963267948966,140.10796326794897,2,180.0,173,21.565185015243006,0.622,4.76514595344064,0.32979167369048007,5.71693762713112,True,,,,
41,8,16,28,14,131.05,150.0,69.1,150.0,108.425,5.0,61.95000000000002,125.10000000000002,15.707963267948966,140.807963267949,2,180.0,173,26.491570200356207,0.6255000000000002,4.76514595344064,0.3322618927210814,5.722907846161721,True,,,,
42,8,16,28,14,131.225,150.0,68.925,150.0,108.25,5.0,62.3,125.8,15.707963267948966,141.50796326794895,2,180.0,173,30.683417108975878,0.629,4.76514595344064,0.3368750210714405,5.731020974512081,True,,,,
43,8,17,28,16,130.7,150.0,78.275,150.0,108.775,5.0,52.42499999999998,114.87499999999997,15.707963267948966,130.58296326794894,2,180.0,152,15.203604093292912,0.5743749999999999,4.76514595344064,0.3011012496769045,5.640622203117544,True,,,,
44,8,53,28,32,131.4,150.0,3.925,0.0,69.05,5.0,127.47500000000001,257.475,15.707963267948966,273.182963267949,2,180.0,235,9.936367072140655,1.2873750000000002,4.76514595344064,0.48467266219390165,6.537193615634541,True,,,,
45,8,56,28,36,131.575,150.0,22.275,0.0,93.025,5.0,109.29999999999998,239.29999999999998,15.707963267948966,255.00796326794895,2,180.0,227,15.20360409329224,1.1965,4.76514595344064,0.4739286436735097,6.435574597114149,True,,,,
46,8,56,28,36,131.75,150.0,22.45,0.0,92.85,5.0,109.3,239.29999999999998,15.707963267948966,255.00796326794895,2,180.0,227,9.936367072140655,1.1965,4.76514595344064,0.46336319858849345,6.425009152029133,True,,,,
47,8,56,28,36,131.925,150.0,22.625,0.0,92.675,5.0,109.30000000000001,239.3,15.707963267948966,255.00796326794898,2,180.0,227,9.936367072140655,1.1965000000000001,4.76514595344064,0.46577391187080586,6.427419865311446,True,,,,
48,9,13,30,22,139.35,150.0,105.275,150.0,129.6,5.0,34.07499999999999,54.875,15.707963267948966,70.58296326794897,2,180.0,112,52.048079710753676,0.274375,4.76514595344064,0.20726186462582752,5.2467828180664675,True,,,,
49,9,13,30,22,139.525,150.0,105.1,150.0,129.425,5.0,34.42500000000001,55.57499999999999,15.707963267948966,71.28296326794896,2,180.0,112,54.549457360824505,0.2778749999999999,4.76514595344064,0.20607141251699773,5.249092365957638,True,,,,
50,9,13,30,22,139.0,150.0,105.625,150.0,143.25,5.0,33.375,26.875,15.707963267948966,42.58296326794897,2,180.0,112,43.94551956230901,0.134375,4.76514595344064,0.2163094917006621,5.115830445141302,True,,,,
51,9,13,30,22,139.175,150.0,105.45,150.0,143.075,5.0,33.72500000000001,27.57500000000003,15.707963267948966,43.282963267949,2,180.0,112,46.76439285101808,0.13787500000000016,4.76514595344064,0.21321423755099303,5.116235190991633,True,,,,
52,9,17,30,16,139.7,150.0,78.1,150.0,103.7,5.0,61.599999999999994,134.2,15.707963267948966,149.90796326794896,2,180.0,173,21.565185015242495,0.6709999999999999,4.76514595344064,0.32166663857141237,5.757812592012052,True,,,,
53,9,19,30,12,139.875,150.0,60.275,150.0,103.525,5.0,79.6,152.54999999999998,15.707963267948966,168.25796326794895,2,180.0,206,26.49157020035585,0.7627499999999999,4.76514595344064,0.386309435510153,5.914205388950792,True,,,,
54,9,19,30,12,140.05,150.0,60.1,150.0,103.35,5.0,79.95000000000002,153.25000000000003,15.707963267948966,168.957963267949,2,180.0,206,30.683417108975878,0.7662500000000002,4.76514595344064,0.3841666666666661,5.915562620107306,True,,,,
55,9,19,30,12,140.225,150.0,59.925,150.0,103.175,5.0,80.3,153.95,15.707963267948966,169.65796326794896,2,180.0,206,34.41150866976943,0.7697499999999999,4.76514595344064,0.3816666666666662,5.916562620107306,True,,,,
56,9,39,30,56,140.575,150.0,112.275,0.0,52.95,5.0,28.299999999999983,158.29999999999998,15.707963267948966,174.00796326794895,2,180.0,102,15.20360409329224,0.7915,4.76514595344064,0.21946433588438255,5.776110289325023,True,,,,
57,9,39,30,56,140.75,150.0,112.45,0.0,52.775,5.0,28.299999999999997,158.29999999999998,15.707963267948966,174.00796326794895,2,180.0,102,21.565185015242417,0.7915,4.76514595344064,0.20583341761909593,5.762479371059736,True,,,,
58,9,39,30,56,140.925,150.0,112.625,0.0,52.6,5.0,28.30000000000001,158.3,15.707963267948966,174.00796326794898,2,180.0,102,26.491570200356282,0.7915000000000001,4.76514595344064,0.1995834035714689,5.756229357012109,True,,,,
59,9,51,30,48,140.4,150.0,76.275,0.0,48.575,5.0,64.125,194.125,15.707963267948966,209.83296326794897,2,180.0,191,15.20360409329224,0.9706250000000001,4.76514595344064,0.3844643077891279,6.120235261229768,True,,,,
60,12,10,21,18,98.675,150.0,87.45,150.0,144.65,5.0,11.224999999999994,1.924999999999983,15.707963267948966,17.63296326794895,2,180.0,32,53.8429917990011,0.009624999999999915,4.76514595344064,0.07163688569726805,4.846407839137908,True,,,,
61,12,10,21,18,98.5,150.0,87.625,150.0,144.825,5.0,10.875,1.2250000000000227,15.707963267948966,16.93296326794899,2,180.0,32,51.31781254651063,0.006125000000000114,4.76514595344064,0.07267851724486703,4.843949470685507,True,,,,
62,13,10,22,18,103.175,150.0,87.1,150.0,143.075,5.0,16.075000000000003,9.925000000000026,15.707963267948966,25.63296326794899,2,180.0,46,56.975336368333856,0.04962500000000013,4.76514595344064,0.09428567816324462,4.909056631603884,True,,,,
63,13,10,22,18,103.0,150.0,87.275,150.0,143.25,5.0,15.724999999999994,9.224999999999994,15.707963267948966,24.93296326794896,2,180.0,46,56.28928521857397,0.04612499999999997,4.76514595344064,0.09690471775507681,4.908175671195717,True,,,,
64,10,19,18,12,85.0,150.0,60.625,150.0,142.9,5.0,24.375,18.57499999999999,15.707963267948966,34.28296326794896,2,180.0,77,26.491570200356207,0.09287499999999994,4.76514595344064,0.15964282503399532,5.017663778474636,True,,,,
65,10,19,18,12,85.175,150.0,60.45,150.0,142.725,5.0,24.724999999999994,19.275000000000006,15.707963267948966,34.982963267948975,2,180.0,77,30.683417108976244,0.09637500000000003,4.76514595344064,0.1564583122618928,5.017979265702532,True,,,,
66,10,24,18,8,85.35,150.0,42.625,150.0,129.425,5.0,42.724999999999994,63.87499999999997,15.707963267948966,79.58296326794894,2,180.0,126,29.12911236814674,0.31937499999999985,4.76514595344064,0.23895825607138468,5.3234792095120245,True,,,,
67,33,10,60,18,130.275,0.0,86.225,150.0,91.8,5.0,44.05000000000001,174.05,15.707963267948966,189.75796326794898,2,180.0,188,34.41150866976943,0.8702500000000001,4.76514595344064,0.35467260600339373,5.990068559444034,True,,,,
68,10,51,18,48,85.875,150.0,75.75,0.0,124.0,5.0,10.125,140.125,15.707963267948966,155.83296326794897,2,180.0,231,21.565185015242495,0.700625,4.76514595344064,0.45535723115651255,5.921128184597152,True,,,,
69,10,51,18,48,86.05,150.0,75.925,0.0,63.45,5.0,10.125,140.125,15.707963267948966,155.83296326794897,2,180.0,233,49.45839812649554,0.700625,4.76514595344064,0.41142858748300204,5.877199540923641,True,,,,
70,10,53,18,32,85.525,150.0,3.2249999999999996,0.0,116.3,5.0,82.30000000000001,212.3,15.707963267948966,228.00796326794898,2,180.0,212,15.203604093292752,1.0615,4.76514595344064,0.44800602362248915,6.274651977063129,True,,,,
71,10,58,18,40,85.7,150.0,38.525,0.0,128.375,5.0,47.175000000000004,177.175,15.707963267948966,192.88296326794898,2,180.0,254,15.203604093292752,0.8858750000000001,4.76514595344064,0.48708348785723005,6.1381044412978705,True,,,,
72,13,11,22,52,104.05,150.0,93.925,0.0,63.275,5.0,10.125,140.125,15.707963267948966,155.83296326794897,2,180.0,203,15.203604093292912,0.700625,4.76514595344064,0.38886902554420466,5.854639978984844,True,,,,
73,13,11,22,52,104.225,150.0,94.1,0.0,63.1,5.0,10.125,140.125,15.707963267948966,155.83296326794897,2,180.0,203,21.565185015242495,0.700625,4.76514595344064,0.37982139846937035,5.8455923519100095,True,,,,
74,11,26,52,4,93.05,0.0,23.575,150.0,70.8,5.0,69.475,199.475,15.707963267948966,215.18296326794896,2,180.0,214,26.49157020035585,0.997375,4.76514595344064,0.440119067687086,6.202640021127726,True,,,,
75,11,48,52,44,92.175,0.0,58.275,0.0,21.1,5.0,33.9,56.1,15.707963267948966,71.80796326794896,2,180.0,120,30.683417108975878,0.2805,4.76514595344064,0.22285714687075084,5.26850310031139,True,,,,
76,11,51,52,48,92.0,0.0,76.625,0.0,5.0,5.0,15.375,5.375,15.707963267948966,21.082963267948966,2,180.0,48,46.76439285101783,0.026875,4.76514595344064,0.1067261724149557,4.8987471258555955,True,,,,
77,33,12,60,21,130.45,0.0,100.425,150.0,91.975,5.0,30.02499999999999,160.02499999999998,15.707963267948966,175.73296326794895,2,180.0,159,30.683417108975878,0.8001249999999999,4.76514595344064,0.30636905363945893,5.8716400070800985,True,,,,
78,12,48,21,44,99.9,150.0,57.575,0.0,109.3,5.0,42.325,172.325,15.707963267948966,188.03296326794896,2,180.0,260,26.49157020035585,0.861625,4.76514595344064,0.4859524010204187,6.112723354461059,True,,,,
79,12,48,21,44,100.075,150.0,57.75,0.0,109.125,5.0,42.325,172.325,15.707963267948966,188.03296326794896,2,180.0,260,21.565185015242495,0.861625,4.76514595344064,0.4854762426530902,6.11224719609373,True,,,,
80,12,48,21,44,100.25,150.0,57.925,0.0,108.95,5.0,42.325,172.325,15.707963267948966,188.03296326794896,2,180.0,260,15.203604093292912,0.861625,4.76514595344064,0.49500014047626983,6.12177109391691,True,,,,
81,12,53,21,32,98.85,150.0,3.4,0.0,109.65,5.0,95.44999999999999,225.45,15.707963267948966,241.15796326794896,2,180.0,220,15.203604093293423,1.1272499999999999,4.76514595344064,0.4448215108503862,6.337217464291026,True,,,,
82,12,56,21,36,99.025,150.0,21.75,0.0,118.225,5.0,77.275,207.275,15.707963267948966,222.98296326794897,2,180.0,236,15.203604093292912,1.036375,4.76514595344064,0.48392878414978063,6.285449737590421,True,,,,
83,12,56,21,36,99.2,150.0,21.925,0.0,116.125,5.0,77.275,207.275,15.707963267948966,222.98296326794897,2,180.0,232,21.565185015243006,1.036375,4.76514595344064,0.4703573435375291,6.271878296978169,True,,,,
84,12,56,21,36,99.375,150.0,22.1,0.0,115.95,5.0,77.275,207.275,15.707963267948966,222.98296326794897,2,180.0,232,21.565185015243006,1.036375,4.76514595344064,0.46931559960891345,6.270836553049554,True,,,,
85,1,13,58,22,120.925,0.0,104.925,150.0,87.075,5.0,16.0,146.0,15.707963267948966,161.70796326794897,2,180.0,158,26.49157020035585,0.73,4.76514595344064,0.29125004214288136,5.78639599558352,True,,,,
86,39,13,56,22,111.75,0.0,104.4,150.0,79.2,5.0,7.349999999999994,140.35751588023086,13.025924044751207,153.38343992498207,2,149.26609440444452,172,37.88467019869185,0.7017875794011543,3.9515262540957075,0.32595240102041967,4.979266234517281,True,,,,
87,39,13,56,22,111.925,0.0,104.575,150.0,79.375,5.0,7.349999999999994,140.35751588023086,13.025924044751207,153.38343992498207,2,149.26609440444452,172,34.487634348470266,0.7017875794011543,3.9515262540957075,0.32321434993200954,4.976528183428871,True,,,,
88,39,13,56,22,112.1,0.0,104.75,150.0,79.9,5.0,7.349999999999994,140.35751588023086,13.025924044751207,153.38343992498207,2,149.26609440444452,172,21.68204234881225,0.7017875794011543,3.9515262540957075,0.3281548441837205,4.981468677680582,True,,,,
89,13,48,22,44,103.7,150.0,58.1,0.0,84.975,5.0,45.6,175.6,15.707963267948966,191.30796326794896,2,180.0,259,21.565185015242495,0.878,4.76514595344064,0.502291786071496,6.145437739512136,True,,,,
90,13,51,22,48,103.875,150.0,76.1,0.0,59.425,5.0,27.775000000000006,157.775,15.707963267948966,173.48296326794897,2,180.0,231,15.203604093292912,0.788875,4.76514595344064,0.44681557151365936,6.000836524954299,True,,,,
91,13,53,22,32,103.35,150.0,3.575,0.0,106.85,5.0,99.77499999999999,229.77499999999998,15.707963267948966,245.48296326794895,2,180.0,219,23.794272950536676,1.1488749999999999,4.76514595344064,0.41175598147960785,6.325776934920247,True,,,,
92,13,57,22,38,103.525,150.0,30.225,0.0,106.675,5.0,73.30000000000001,203.3,15.707963267948966,219.00796326794898,2,180.0,240,21.565185015242495,1.0165000000000002,4.76514595344064,0.46735131991503953,6.248997273355679,True,,,,
93,14,16,26,14,121.35,150.0,69.625,150.0,115.25,5.0,51.724999999999994,101.225,15.707963267948966,116.93296326794896,2,180.0,150,30.683417108975878,0.5061249999999999,4.76514595344064,0.2861012215816505,5.55737217502229,True,,,,
94,14,16,26,14,121.525,150.0,69.45,150.0,115.075,5.0,52.075,101.925,15.707963267948966,117.63296326794897,2,180.0,150,34.41150866976943,0.509625,4.76514595344064,0.2910416877381073,5.565812641178747,True,,,,
95,14,17,26,16,121.0,150.0,78.625,150.0,115.6,5.0,42.375,91.17500000000001,15.707963267948966,106.88296326794898,2,180.0,126,21.565185015243006,0.4558750000000001,4.76514595344064,0.24553572030612608,5.466556673746766,True,,,,
96,14,17,26,16,121.175,150.0,78.45,150.0,115.425,5.0,42.724999999999994,91.875,15.707963267948966,107.58296326794897,2,180.0,126,26.491570200356207,0.45937500000000003,4.76514595344064,0.2420535945068161,5.466574547947456,True,,,,
97,14,18,26,10,121.7,150.0,51.625,150.0,114.9,5.0,70.075,120.27499999999999,15.707963267948966,135.98296326794895,2,180.0,189,37.81448850601411,0.601375,4.76514595344064,0.3526487924659764,5.719169745906616,True,,,,
98,14,18,26,10,121.875,150.0,51.45,150.0,114.725,5.0,70.425,120.97500000000001,15.707963267948966,136.68296326794896,2,180.0,189,40.974630229445474,0.604875,4.76514595344064,0.3508928390816223,5.7209137925222615,True,,,,
99,14,18,26,10,122.05,150.0,51.275,150.0,114.55,5.0,70.775,121.675,15.707963267948966,137.38296326794895,2,180.0,189,40.974630229445246,0.608375,4.76514595344064,0.3480951698639066,5.721616123304546,True,,,,
100,14,18,26,10,122.225,150.0,51.1,150.0,114.375,5.0,71.125,122.375,15.707963267948966,138.08296326794897,2,180.0,189,37.81448850601411,0.6118750000000001,4.76514595344064,0.34479161749997184,5.721812570940612,True,,,,
101,33,14,60,26,130.625,0.0,123.625,150.0,92.5,5.0,7.0,140.46060798583053,12.661036727794997,153.12164471362553,2,145.08479375255584,104,23.228510170773863,0.7023030399291527,3.840834543643119,0.2159227043367834,4.7590602879090556,True,,,,
102,14,38,26,54,122.925,150.0,103.1,0.0,62.225,5.0,19.825000000000003,149.82500000000002,15.707963267948966,165.532963267949,2,180.0,167,26.49157020035603,0.7491250000000002,4.76514595344064,0.3252084667857909,5.839479420226431,True,,,,
103,14,38,26,54,123.1,150.0,103.275,0.0,59.25,5.0,19.82499999999999,149.825,15.707963267948966,165.53296326794896,2,180.0,167,31.78833061705162,0.7491249999999999,4.76514595344064,0.3305953384354317,5.844866291876071,True,,,,
104,14,38,26,54,123.275,150.0,103.45,0.0,59.075,5.0,19.825000000000003,149.825,15.707963267948966,165.53296326794896,2,180.0,167,27.748478700653177,0.7491249999999999,4.76514595344064,0.3305059955272357,5.844776948967875,True,,,,
105,14,53,26,32,122.4,150.0,3.75,0.0,101.6,5.0,118.65,248.65,15.707963267948966,264.35796326794895,2,180.0,228,18.194872338766753,1.24325,4.76514595344064,0.42279758493195274,6.431193538372592,True,,,,
106,14,58,26,40,122.575,150.0,38.7,0.0,99.325,5.0,83.875,213.875,15.707963267948966,229.58296326794897,2,180.0,246,37.81448850601411,1.069375,4.76514595344064,0.45306550127552375,6.2875864547161635,True,,,,
107,16,20,14,6,67.0,150.0,32.575,150.0,138.7,5.0,34.425,37.02500000000002,15.707963267948966,52.73296326794899,2,180.0,97,17.1982293753624,0.1851250000000001,4.76514595344064,0.20092259195576692,5.151193545396407,True,,,,
108,16,20,14,6,67.175,150.0,32.4,150.0,137.475,5.0,34.775,39.82500000000001,15.707963267948966,55.53296326794897,2,180.0,99,15.203604093293503,0.19912500000000005,4.76514595344064,0.2148214265646248,5.179092380005265,True,,,,
109,16,20,14,6,67.35,150.0,32.225,150.0,137.3,5.0,35.12499999999999,40.52499999999997,15.707963267948966,56.23296326794893,2,180.0,99,21.565185015242495,0.20262499999999986,4.76514595344064,0.1922916455952261,5.160062599035866,True,,,,
110,16,20,14,6,67.525,150.0,32.05,150.0,137.125,5.0,35.47500000000001,41.22500000000001,15.707963267948966,56.93296326794898,2,180.0,99,26.29986168212798,0.20612500000000006,4.76514595344064,0.18627968263600916,5.157550636076649,True,,,,
111,33,16,60,14,129.925,0.0,68.575,150.0,90.575,5.0,61.35000000000001,191.35000000000002,15.707963267948966,207.057963267949,2,180.0,212,33.152483796926674,0.9567500000000001,4.76514595344064,0.3998809323129132,6.121776885753554,True,,,,
112,33,16,60,14,130.1,0.0,68.75,150.0,91.625,5.0,61.349999999999994,191.35,15.707963267948966,207.05796326794896,2,180.0,212,37.81448850601411,0.95675,4.76514595344064,0.4007440747108994,6.122640028151539,True,,,,
113,16,48,14,44,68.225,150.0,56.7,0.0,44.2,5.0,11.524999999999991,141.52499999999998,15.707963267948966,157.23296326794895,2,180.0,274,15.203604093292912,0.707625,4.76514595344064,0.5513988907993655,6.024169844240006,True,,,,
114,16,48,14,44,68.4,150.0,56.875,0.0,139.225,5.0,11.525000000000006,141.525,15.707963267948966,157.23296326794897,2,180.0,264,15.203604093292912,0.7076250000000001,4.76514595344064,0.5486905644898465,6.0214615179304865,True,,,,
115,16,53,14,32,67.7,150.0,2.875,0.0,107.025,5.0,64.825,194.825,15.707963267948966,210.53296326794896,2,180.0,225,15.203604093292912,0.974125,4.76514595344064,0.4606250070238128,6.199895960464453,True,,,,
116,16,56,14,36,67.875,150.0,20.175,0.0,118.925,5.0,47.7,177.7,15.707963267948966,193.40796326794896,2,180.0,227,15.203604093292912,0.8885,4.76514595344064,0.5104166807142932,6.1640626341549325,True,,,,
117,16,56,14,36,68.05,150.0,20.35,0.0,121.55,5.0,47.699999999999996,177.7,15.707963267948966,193.40796326794896,2,180.0,219,15.203604093292912,0.8885,4.76514595344064,0.4911013058674126,6.144747259308052,True,,,,
118,17,21,16,0,76.0,150.0,5.925,150.0,134.15,5.0,70.075,81.77499999999999,15.707963267948966,97.48296326794896,2,180.0,170,23.019033919048834,0.408875,4.76514595344064,0.31857141251699794,5.492592365957638,True,,,,
119,17,21,16,0,76.175,150.0,5.75,150.0,133.975,5.0,70.425,82.47500000000001,15.707963267948966,98.18296326794898,2,180.0,170,23.551685053548514,0.41237500000000005,4.76514595344064,0.31190468965982304,5.489425643100462,True,,,,
120,17,21,16,0,76.35,150.0,5.575,150.0,133.8,5.0,70.77499999999999,83.17499999999997,15.707963267948966,98.88296326794894,2,180.0,170,24.415066412322687,0.41587499999999983,4.76514595344064,0.3076784329591048,5.488699386399745,True,,,,
121,17,21,16,0,76.525,150.0,5.4,150.0,133.625,5.0,71.125,83.875,15.707963267948966,99.58296326794897,2,180.0,170,21.565185015242342,0.419375,4.76514595344064,0.3079761302720749,5.492497083712714,True,,,,
122,17,48,16,44,76.875,150.0,57.05,0.0,136.075,5.0,19.825000000000003,149.825,15.707963267948966,165.53296326794896,2,180.0,278,15.203604093292752,0.7491249999999999,4.76514595344064,0.5555357484013803,6.069806701842021,True,,,,
123,17,48,16,44,77.05,150.0,57.225,0.0,135.9,5.0,19.824999999999996,149.825,15.707963267948966,165.53296326794896,2,180.0,278,21.565185015242644,0.7491249999999999,4.76514595344064,0.5352678882483172,6.049538841688957,True,,,,
124,17,48,16,44,77.225,150.0,57.4,0.0,135.725,5.0,19.824999999999996,149.825,15.707963267948966,165.53296326794896,2,180.0,278,23.019033919048834,0.7491249999999999,4.76514595344064,0.5308333614285876,6.045104314869228,True,,,,
125,17,53,16,32,76.7,150.0,3.05,0.0,116.475,5.0,73.65,203.65,15.707963267948966,219.35796326794897,2,180.0,222,15.203604093292752,1.01825,4.76514595344064,0.5034822662755801,6.28687821971622,True,,,,
126,18,20,10,6,49.0,150.0,33.625,150.0,142.9,5.0,15.375,9.574999999999989,15.707963267948966,25.282963267948954,2,180.0,43,26.491570200356207,0.047874999999999945,4.76514595344064,0.09583333333333335,4.908854286773973,True,,,,
127,18,20,10,6,49.175,150.0,33.45,150.0,142.725,5.0,15.724999999999994,10.275000000000006,15.707963267948966,25.98296326794897,2,180.0,43,30.683417108976244,0.05137500000000003,4.76514595344064,0.09556538889450797,4.912086342335148,True,,,,
128,18,21,10,0,49.35,150.0,6.625,150.0,142.55,5.0,42.725,37.62499999999998,15.707963267948966,53.33296326794894,2,180.0,106,34.41150866976943,0.1881249999999999,4.76514595344064,0.20360116539114226,5.1568721188317825,True,,,,
129,18,21,10,0,49.525,150.0,6.449999999999999,150.0,142.375,5.0,43.075,38.325,15.707963267948966,54.03296326794897,2,180.0,106,37.8144885060144,0.19162500000000002,4.76514595344064,0.20339278289111415,5.160163736331754,True,,,,
130,39,18,56,10,111.4,0.0,50.75,150.0,78.85,5.0,60.650000000000006,190.65,15.707963267948966,206.35796326794897,2,180.0,219,37.81448850601411,0.95325,4.76514595344064,0.41226197700684375,6.130657930447483,True,,,,
131,39,18,56,10,111.575,0.0,50.925,150.0,79.025,5.0,60.650000000000006,190.65,15.707963267948966,206.35796326794897,2,180.0,219,37.81448850601411,0.95325,4.76514595344064,0.4081845408673564,6.126580494307996,True,,,,
132,41,18,50,10,84.4,0.0,50.225,150.0,68.175,5.0,34.175000000000004,164.175,15.707963267948966,179.88296326794898,2,180.0,232,30.68341710897595,0.820875,4.76514595344064,0.4225296966836356,6.008550650124276,True,,,,
133,41,18,50,10,84.575,0.0,50.4,150.0,68.525,5.0,34.175000000000004,164.175,15.707963267948966,179.88296326794898,2,180.0,232,21.565185015242417,0.820875,4.76514595344064,0.42672614431970113,6.012747097760341,True,,,,
134,18,53,10,32,49.7,150.0,2.7,0.0,107.2,5.0,47.0,177.0,15.707963267948966,192.70796326794897,2,180.0,170,21.565185015242665,0.885,4.76514595344064,0.31889883460885765,5.969044788049497,True,,,,
136,19,20,12,6,58.0,150.0,33.275,150.0,140.45,5.0,24.725,23.825000000000024,15.707963267948966,39.532963267948986,2,180.0,72,34.41150866976943,0.11912500000000012,4.76514595344064,0.14794640549318405,5.032217358933824,True,,,,
137,19,20,12,6,58.175,150.0,33.1,150.0,140.275,5.0,25.074999999999996,24.524999999999984,15.707963267948966,40.232963267948946,2,180.0,72,37.81448850601381,0.12262499999999993,4.76514595344064,0.14580352426868048,5.033574477709321,True,,,,
138,19,20,12,6,58.35,150.0,32.925,150.0,140.1,5.0,25.425000000000004,25.225000000000016,15.707963267948966,40.93296326794898,2,180.0,72,40.974630229445246,0.12612500000000007,4.76514595344064,0.1419344706292213,5.033205424069861,True,,,,
139,19,20,12,6,58.525,150.0,32.75,150.0,139.925,5.0,25.775,25.924999999999976,15.707963267948966,41.63296326794894,2,180.0,72,43.94551956230848,0.12962499999999988,4.76514595344064,0.14038689974489504,5.0351578531855345,True,,,,
140,19,21,12,0,58.875,150.0,6.275,150.0,139.575,5.0,52.6,53.450000000000024,15.707963267948966,69.15796326794899,2,180.0,128,34.41150866976943,0.26725000000000015,4.76514595344064,0.2402975849319534,5.272693538372593,True,,,,
141,19,21,12,0,59.05,150.0,6.1,150.0,139.4,5.0,52.949999999999996,54.149999999999984,15.707963267948966,69.85796326794895,2,180.0,128,30.683417108976244,0.27074999999999994,4.76514595344064,0.23303569221087192,5.268931645651511,True,,,,
142,19,26,12,4,58.7,150.0,24.625,150.0,139.75,5.0,34.075,34.575,15.707963267948966,50.28296326794897,2,180.0,90,37.81448850601433,0.17287500000000003,4.76514595344064,0.18026780396255465,5.118288757403195,True,,,,
145,49,19,46,12,66.925,0.0,59.575,150.0,61.525,5.0,7.349999999999994,140.35751588023086,13.0259240447512,153.38343992498207,2,149.26609440444452,239,21.682042348812455,0.7017875794011543,3.9515262540957052,0.4309822100850719,5.084296043581932,True,,,,
146,1,20,58,6,120.75,0.0,31.875,150.0,86.9,5.0,88.875,218.875,15.707963267948966,234.58296326794897,2,180.0,212,30.68341710897551,1.094375,4.76514595344064,0.3843750772619486,6.243896030702588,True,,,,
147,48,20,44,6,56.0,0.0,31.7,150.0,56.8,5.0,24.3,154.3,15.707963267948966,170.00796326794898,2,180.0,184,32.51419845876725,0.7715000000000001,4.76514595344064,0.33982148275513274,5.876467436195773,True,,,,
151,2,21,20,0,94.175,150.0,5.225,150.0,125.925,5.0,88.95,117.09999999999998,15.707963267948987,132.80796326794896,2,180.0,199,30.683417108975878,0.5854999999999999,4.765145953440646,0.36592264814627495,5.71656860158692,True,,,,
152,2,21,20,0,94.35,150.0,5.05,150.0,125.75,5.0,89.3,117.8,15.707963267948966,133.50796326794895,2,180.0,199,34.41150866976943,0.589,4.76514595344064,0.3697321398469368,5.723878093287576,True,,,,
153,2,21,20,0,94.525,150.0,4.875,150.0,125.575,5.0,89.65,118.50000000000003,15.707963267948944,134.20796326794897,2,180.0,199,37.81448850601411,0.5925000000000001,4.765145953440633,0.3718750210714404,5.729520974512074,True,,,,
154,2,21,20,0,94.7,150.0,4.7,150.0,125.4,5.0,90.0,119.19999999999999,15.707963267948966,134.90796326794896,2,180.0,199,37.81448850601433,0.596,4.76514595344064,0.3705952541496688,5.731741207590309,True,,,,
155,2,24,20,8,94.0,150.0,42.45,150.0,126.1,5.0,51.55,79.35000000000001,15.707963267948966,95.05796326794898,2,180.0,151,26.491570200356207,0.39675000000000005,4.76514595344064,0.2831250632143223,5.445021016654962,True,,,,
156,47,24,42,8,47.0,0.0,40.7,150.0,55.05,5.0,6.299999999999997,140.7096824596788,11.917873060989452,152.62755552066824,2,136.56876543347104,187,51.317812546510574,0.7035484122983939,3.6153894442871577,0.32857141251699773,4.6475092691025495,True,,,,
157,47,24,42,8,47.175,0.0,40.875,150.0,55.225,5.0,6.299999999999997,140.7096824596788,11.917873060989452,152.62755552066824,2,136.56876543347104,187,52.118400542455674,0.7035484122983939,3.6153894442871577,0.3275297809693987,4.6464676375549505,True,,,,
162,57,26,38,4,29.35,0.0,22.525,150.0,49.975,5.0,6.825000000000003,140.51741728219574,12.477044197570956,152.9944614797667,2,142.97639466380173,106,9.936367072140655,0.7025870864109787,3.785018824831926,0.24622037355449947,4.733826284797404,True,,,,
163,58,26,40,4,38.175,0.0,22.7,150.0,53.475,5.0,15.474999999999998,145.47500000000002,15.707963267948966,161.182963267949,2,180.0,124,9.936367072140655,0.7273750000000001,4.76514595344064,0.2655953665306859,5.758116319971326,True,,,,
164,24,29,8,2,40.0,150.0,15.625,150.0,144.825,5.0,24.375,14.725000000000023,15.707963267948966,30.43296326794899,2,180.0,59,51.31781254651063,0.07362500000000012,4.76514595344064,0.11327374329928185,4.952044696739922,True,,,,
165,57,29,38,2,29.0,0.0,14.75,150.0,49.625,5.0,14.25,144.25,15.707963267948966,159.95796326794897,2,180.0,94,44.765084671328445,0.7212500000000001,4.76514595344064,0.1766666104761583,5.663062563916799,True,,,,
166,57,29,38,2,29.175,0.0,14.925,150.0,49.8,5.0,14.25,144.25,15.707963267948966,159.95796326794897,2,180.0,94,41.840901071389204,0.7212500000000001,4.76514595344064,0.17675592528910014,5.663151878729741,True,,,,
167,33,47,60,42,128.175,0.0,49.1,0.0,35.8,5.0,79.07500000000002,130.675,15.707963267948966,146.38296326794898,2,180.0,215,53.84299179900132,0.653375,4.76514595344064,0.37749997190474543,5.796020925345385,True,,,,
168,33,47,60,42,128.35,0.0,48.925,0.0,35.975,5.0,79.425,131.375,15.707963267948966,147.08296326794897,2,180.0,215,56.289285218573994,0.656875,4.76514595344064,0.37711301596934205,5.799133969409982,True,,,,
169,33,47,60,42,128.525,0.0,48.75,0.0,36.15,5.0,79.775,132.07500000000002,15.707963267948966,147.782963267949,2,180.0,215,58.667748502405814,0.660375,4.76514595344064,0.37800591124147265,5.803526864682112,True,,,,
170,33,47,60,42,128.7,0.0,48.575,0.0,36.325,5.0,80.12499999999999,132.77499999999998,15.707963267948966,148.48296326794895,2,180.0,215,60.987527591102314,0.6638749999999999,4.76514595344064,0.3805654169897617,5.809586370430401,True,,,,
171,33,47,60,42,128.875,0.0,48.4,0.0,36.5,5.0,80.475,133.475,15.707963267948966,149.18296326794896,2,180.0,215,63.256316049597,0.6673749999999999,4.76514595344064,0.3827380510884097,5.815259004529049,True,,,,
172,33,47,60,42,129.05,0.0,48.225,0.0,37.025,5.0,80.82500000000002,134.87500000000003,15.707963267948966,150.582963267949,2,180.0,215,61.64064997184254,0.6743750000000002,4.76514595344064,0.37809516986390623,5.817616123304546,True,,,,
173,33,47,60,42,129.225,0.0,48.05,0.0,37.2,5.0,81.175,135.575,15.707963267948966,151.28296326794896,2,180.0,215,59.336170257613915,0.677875,4.76514595344064,0.3747618365305728,5.817782789971213,True,,,,
174,33,47,60,42,129.4,0.0,47.875,0.0,37.375,5.0,81.525,136.275,15.707963267948966,151.98296326794897,2,180.0,215,56.97533636833415,0.6813750000000001,4.76514595344064,0.37291659642853087,5.81943754986917,True,,,,
175,33,47,60,42,129.575,0.0,47.7,0.0,37.55,5.0,81.87499999999999,136.97499999999997,15.707963267948966,152.68296326794894,2,180.0,215,54.54945736082467,0.6848749999999998,4.76514595344064,0.37127971073126287,5.821300664171902,True,,,,
176,33,47,60,42,129.75,0.0,47.525,0.0,37.725,5.0,82.225,137.67499999999998,15.707963267948966,153.38296326794895,2,180.0,215,52.048079710753456,0.688375,4.76514595344064,0.3699106851870578,5.823431638627698,True,,,,
177,33,53,60,32,128.0,0.0,4.275,0.0,26.525,5.0,123.725,156.775,15.707963267948966,172.48296326794897,2,180.0,266,49.45839812649543,0.7838750000000001,4.76514595344064,0.4653868716496401,6.01440782509028,True,,,,
178,14,38,26,54,123.45,150.0,103.625,0.0,58.9,5.0,19.825000000000003,149.825,15.707963267948966,165.53296326794896,2,180.0,167,23.073918065630764,0.7491249999999999,4.76514595344064,0.33404759897958053,5.848318552420221,True,,,,
179,38,18,54,10,102.925,0.0,50.575,150.0,74.65,5.0,52.349999999999994,182.35,15.707963267948966,198.05796326794896,2,180.0,227,30.68341710897551,0.91175,4.76514595344064,0.410029780969398,6.086925734410038,True,,,,
180,38,29,54,2,102.575,0.0,15.1,150.0,74.3,5.0,87.47500000000001,217.47499999999997,15.707963267948966,233.18296326794894,2,180.0,211,37.81448850601411,1.0873749999999998,4.76514595344064,0.3877976130272073,6.240318566467847,True,,,,
181,38,29,54,2,102.75,0.0,15.275,150.0,74.475,5.0,87.475,217.475,15.707963267948966,233.18296326794896,2,180.0,211,34.41150866976943,1.087375,4.76514595344064,0.38479164559522583,6.2373125990358655,True,,,,
182,38,41,54,50,101.0,0.0,85.625,0.0,9.2,5.0,15.375,13.774999999999999,15.707963267948966,29.482963267948964,2,180.0,54,51.317812546510545,0.06887499999999999,4.76514595344064,0.11398803704078309,4.948008990481423,True,,,,
183,38,49,54,46,101.175,0.0,67.625,0.0,9.55,5.0,33.55,32.65,15.707963267948966,48.35796326794896,2,180.0,115,53.84299179900117,0.16325,4.76514595344064,0.21845237292516556,5.146848326365805,True,,,,
184,38,49,54,46,101.35,0.0,67.45,0.0,9.725,5.0,33.89999999999999,33.349999999999994,15.707963267948966,49.05796326794896,2,180.0,115,56.289285218573994,0.16674999999999998,4.76514595344064,0.223154731802704,5.155050685243344,True,,,,
185,38,53,54,32,101.525,0.0,4.625,0.0,16.025,5.0,96.9,108.95000000000002,15.707963267948966,124.65796326794899,2,180.0,235,40.974630229445424,0.5447500000000001,4.76514595344064,0.42059516986390594,5.730491123304545,True,,,,
186,38,53,54,32,101.7,0.0,4.449999999999999,0.0,18.65,5.0,97.25,114.55000000000001,15.707963267948966,130.25796326794898,2,180.0,225,43.94551956230884,0.5727500000000001,4.76514595344064,0.40800599552723504,5.745901948967875,True,,,,
187,38,57,54,38,101.875,0.0,30.925,0.0,25.125,5.0,70.95,101.2,15.707963267948966,116.90796326794897,2,180.0,193,34.41150866976943,0.506,4.76514595344064,0.3477975849319531,5.618943538372593,True,,,,
188,38,57,54,38,102.05,0.0,30.75,0.0,26.0,5.0,71.3,103.3,15.707963267948966,119.00796326794897,2,180.0,193,49.45839812649548,0.5165,4.76514595344064,0.3431249227380511,5.62477087617869,True,,,,
189,38,57,54,38,102.225,0.0,30.575,0.0,26.175,5.0,71.64999999999999,103.99999999999999,15.707963267948966,119.70796326794895,2,180.0,193,52.04807971075358,0.5199999999999999,4.76514595344064,0.3430951136733983,5.628241067114038,True,,,,
190,39,24,56,8,111.225,0.0,42.275,150.0,77.625,5.0,68.94999999999999,198.95,15.707963267948966,214.65796326794896,2,180.0,218,15.203604093292832,0.9947499999999999,4.76514595344064,0.410208438690536,6.170104392131176,True,,,,
191,39,41,56,50,110.175,0.0,85.45,0.0,14.625,5.0,24.724999999999994,33.974999999999994,15.707963267948966,49.68296326794896,2,180.0,86,43.94551956230884,0.16987499999999997,4.76514595344064,0.16729164559522605,5.102312599035866,True,,,,
192,39,41,56,50,110.35,0.0,85.1,0.0,29.325,5.0,25.25,63.900000000000006,15.707963267948966,79.60796326794897,2,180.0,91,30.68341710897586,0.31950000000000006,4.76514595344064,0.17946430778912834,5.264110261229768,True,,,,
193,39,41,56,50,110.525,0.0,84.925,0.0,30.55,5.0,25.60000000000001,66.7,15.707963267948966,82.40796326794897,2,180.0,91,52.04807971075358,0.3335,4.76514595344064,0.16976186462582743,5.268407818066467,True,,,,
194,39,47,56,42,110.0,0.0,49.625,0.0,10.6,5.0,60.375,61.575,15.707963267948966,77.28296326794897,2,180.0,179,15.203604093292919,0.307875,4.76514595344064,0.36044648977894633,5.433467443219586,True,,,,
195,39,47,56,42,110.875,0.0,49.45,0.0,30.9,5.0,61.425,103.225,15.707963267948966,118.93296326794896,2,180.0,169,53.842991799001126,0.516125,4.76514595344064,0.2968154029421352,5.578086356382775,True,,,,
196,39,47,56,42,111.05,0.0,49.275,0.0,31.075,5.0,61.775,103.925,15.707963267948966,119.63296326794897,2,180.0,169,52.04807971075358,0.519625,4.76514595344064,0.29794637739793023,5.5827173308385705,True,,,,
197,39,49,56,46,110.7,0.0,67.275,0.0,30.725,5.0,43.425,84.875,15.707963267948966,100.58296326794897,2,180.0,138,56.289285218573994,0.424375,4.76514595344064,0.24839278289111424,5.437913736331755,True,,,,
198,1,41,58,50,119.0,0.0,85.275,0.0,17.25,5.0,33.724999999999994,48.224999999999994,15.707963267948966,63.93296326794896,2,180.0,114,40.974630229445424,0.24112499999999998,4.76514595344064,0.22047613027207452,5.226747083712715,True,,,,
199,41,24,50,8,84.05,0.0,41.925,150.0,67.825,5.0,42.125,172.125,15.707963267948966,187.83296326794897,2,180.0,223,26.491570200356207,0.860625,4.76514595344064,0.4092261724149553,6.034997125855595,True,,,,
200,41,24,50,8,84.225,0.0,42.1,150.0,68.0,5.0,42.12499999999999,172.125,15.707963267948966,187.83296326794897,2,180.0,223,30.683417108975878,0.860625,4.76514595344064,0.4084227043367831,6.034193657777423,True,,,,
201,41,54,50,34,83.0,0.0,13.45,0.0,13.575,5.0,69.55,76.7,15.707963267948966,92.40796326794897,2,180.0,184,49.45839812649543,0.3835,4.76514595344064,0.3349404661564565,5.483586419597096,True,,,,
202,41,57,50,38,83.7,0.0,31.275,0.0,18.3,5.0,52.425000000000004,69.025,15.707963267948966,84.73296326794897,2,180.0,158,54.54945736082454,0.345125,4.76514595344064,0.28818448467684843,5.398455438117488,True,,,,
203,41,58,50,40,83.175,0.0,40.625,0.0,17.775,5.0,42.55,58.099999999999994,15.707963267948966,73.80796326794896,2,180.0,136,49.45839812649548,0.2905,4.76514595344064,0.2541963914455571,5.309842344886197,True,,,,
204,41,58,50,40,83.35,0.0,40.45,0.0,17.95,5.0,42.89999999999999,58.8,15.707963267948966,74.50796326794897,2,180.0,136,52.04807971075358,0.294,4.76514595344064,0.24699397637751044,5.3061399298181495,True,,,,
205,41,58,50,40,83.525,0.0,40.275,0.0,18.125,5.0,43.25000000000001,59.50000000000001,15.707963267948966,75.20796326794897,2,180.0,136,54.549457360824576,0.29750000000000004,4.76514595344064,0.2461606711394313,5.308806624580072,True,,,,
206,14,47,26,42,122.75,150.0,47.35,0.0,71.325,5.0,75.4,205.39999999999998,15.707963267948966,221.10796326794895,2,180.0,251,26.491570200356207,1.027,4.76514595344064,0.4975298652551607,6.289675818695801,True,,,,
207,48,18,44,10,56.175,0.0,50.05,150.0,57.15,5.0,6.125,140.78130296625386,11.72878164835287,152.51008461460674,2,134.4019374562224,219,52.636495324054636,0.7039065148312693,3.558026935578335,0.3822619489115894,4.644195399321194,True,,,,
208,51,48,48,44,74.175,0.0,58.45,0.0,6.4,5.0,15.724999999999994,8.524999999999995,15.707963267948966,24.23296326794896,2,180.0,47,53.84299179900111,0.042624999999999975,4.76514595344064,0.10410713282312355,4.911878086263763,True,,,,
209,51,48,48,44,74.0,0.0,58.625,0.0,5.0,5.0,15.375,5.375,15.707963267948966,21.082963267948966,2,180.0,47,51.31781254651057,0.026875,4.76514595344064,0.09666661047615839,4.888687563916799,True,,,,
210,17,49,16,46,77.4,150.0,67.1,0.0,132.575,5.0,10.300000000000011,140.3,15.707963267948966,156.00796326794898,2,180.0,262,28.357636576328026,0.7015000000000001,4.76514595344064,0.5049107975680742,5.971556751008714,True,,,,
211,49,24,46,8,66.05,0.0,41.05,150.0,60.65,5.0,25.0,155.0,15.707963267948976,170.70796326794897,2,180.0,212,37.814488506014236,0.775,4.765145953440642,0.37982139846937063,5.919967351910014,True,,,,
212,49,24,46,8,66.225,0.0,41.225,150.0,60.825,5.0,24.999999999999993,155.0,15.707963267948966,170.70796326794897,2,180.0,212,34.4115086697695,0.775,4.76514595344064,0.37869045210882984,5.91883640554947,True,,,,
213,49,24,46,8,66.4,0.0,41.4,150.0,61.0,5.0,25.000000000000007,155.0,15.707963267948966,170.70796326794897,2,180.0,212,30.68341710897581,0.775,4.76514595344064,0.3808333333333333,5.9209792867739734,True,,,,
214,49,24,46,8,66.575,0.0,41.575,150.0,61.175,5.0,25.0,155.0,15.707963267948966,170.70796326794897,2,180.0,212,26.491570200356207,0.775,4.76514595344064,0.3819642235033659,5.922110176944006,True,,,,
215,49,24,46,8,66.75,0.0,41.75,150.0,61.35,5.0,25.0,155.0,15.707963267948955,170.70796326794897,2,180.0,212,21.565185015242704,0.775,4.765145953440636,0.3826190114965781,5.9227649649372145,True,,,,
216,49,26,46,4,65.35,0.0,22.875,150.0,59.425,5.0,42.474999999999994,172.475,15.707963267948966,188.18296326794896,2,180.0,180,18.194872338766753,0.862375,4.76514595344064,0.35556555746603286,5.983086510906673,True,,,,
217,49,26,46,4,65.525,0.0,23.05,150.0,59.6,5.0,42.47500000000001,172.47500000000002,15.707963267948955,188.182963267949,2,180.0,180,23.794272950536676,0.8623750000000001,4.765145953440636,0.3547322522279537,5.98225320566859,True,,,,
218,49,26,46,4,65.7,0.0,23.225,150.0,59.775,5.0,42.475,172.475,15.707963267948976,188.18296326794896,2,180.0,180,28.357636576327984,0.862375,4.765145953440642,0.3581250913095762,5.985646044750219,True,,,,
219,49,26,46,4,65.875,0.0,23.4,150.0,60.475,5.0,42.475,172.47500000000002,15.707963267948955,188.182963267949,2,180.0,180,32.32806412216221,0.8623750000000001,4.765145953440636,0.3632441028061541,5.99076505624679,True,,,,
220,49,57,46,38,65.0,0.0,31.625,0.0,12.35,5.0,33.375,38.075,15.707963267948966,53.78296326794897,2,180.0,100,49.45839812649548,0.19037500000000002,4.76514595344064,0.19011898340132385,5.145639936841964,True,,,,
221,49,57,46,38,65.175,0.0,31.45,0.0,12.525,5.0,33.724999999999994,38.77499999999999,15.707963267948966,54.48296326794896,2,180.0,100,52.04807971075358,0.19387499999999996,4.76514595344064,0.1876190395918322,5.146639993032472,True,,,,
222,17,51,16,48,77.575,150.0,75.225,0.0,132.4,5.0,2.3500000000000085,143.55969721208697,6.997549963688945,150.55724717577593,2,80.1860159702598,234,34.41150866976957,0.7177984860604348,2.122767052906722,0.4221130159693421,3.262678554936499,True,,,,
223,17,51,16,48,77.75,150.0,75.4,0.0,132.05,5.0,2.3499999999999943,143.55969721208703,6.997549963688886,150.55724717577593,2,80.1860159702592,234,37.81448850601411,0.7177984860604352,2.1227670529067044,0.4187796826360088,3.2593452216031484,True,,,,
224,17,51,16,48,77.925,150.0,75.575,0.0,132.225,5.0,2.3499999999999943,143.55969721208703,6.997549963688886,150.55724717577593,2,80.1860159702592,234,39.19496742598291,0.7177984860604352,2.1227670529067044,0.4126785453401209,3.2532440843072603,True,,,,
225,51,19,48,12,75.05,0.0,59.75,150.0,66.075,5.0,15.299999999999997,145.3,15.707963267948966,161.00796326794898,2,180.0,239,30.683417108975878,0.7265,4.76514595344064,0.4444644201701445,5.936110373610784,True,,,,
226,51,21,48,0,74.525,0.0,4.175,150.0,65.55,5.0,70.35000000000001,200.35000000000002,15.707963267948966,216.057963267949,2,180.0,172,23.794272950536673,1.0017500000000001,4.76514595344064,0.3434524853061821,6.110348438746822,True,,,,
227,51,21,48,0,74.7,0.0,4.35,150.0,65.725,5.0,70.35000000000001,200.35,15.707963267948966,216.05796326794896,2,180.0,172,28.357636576327977,1.00175,4.76514595344064,0.3422024431633009,6.109098396603941,True,,,,
228,51,21,48,0,74.875,0.0,4.525,150.0,65.9,5.0,70.35,200.35,15.707963267948966,216.05796326794896,2,180.0,172,32.32806412216222,1.00175,4.76514595344064,0.3427084386905364,6.1096043921311765,True,,,,
229,51,54,48,34,74.35,0.0,13.625,0.0,13.4,5.0,60.724999999999994,67.52499999999999,15.707963267948966,83.23296326794896,2,180.0,155,51.31781254651057,0.33762499999999995,4.76514595344064,0.27684524010204203,5.379616193542682,True,,,,
241,2,56,20,36,95.4,150.0,21.05,0.0,120.85,5.0,74.35000000000001,204.35000000000002,15.707963267948966,220.057963267949,2,180.0,235,15.203604093292912,1.0217500000000002,4.76514595344064,0.4812798512075334,6.268175804648173,True,,,,
242,2,56,20,36,95.575,150.0,21.225,0.0,118.75,5.0,74.35,204.35,15.707963267948966,220.05796326794896,2,180.0,233,30.683417108975878,1.02175,4.76514595344064,0.46860122158165,6.25549717502229,True,,,,
243,2,56,20,36,95.75,150.0,21.4,0.0,118.575,5.0,74.35,204.35,15.707963267948966,220.05796326794896,2,180.0,233,26.491570200356207,1.02175,4.76514595344064,0.46065484418372,6.24755079762436,True,,,,
244,2,56,20,36,95.925,150.0,21.575,0.0,118.4,5.0,74.35,204.35,15.707963267948966,220.05796326794896,2,180.0,233,21.565185015243006,1.02175,4.76514595344064,0.4545834878572306,6.24147944129787,True,,,,
246,12,57,21,38,99.55,150.0,29.875,0.0,112.8,5.0,69.675,199.675,15.707963267948966,215.38296326794898,2,180.0,241,21.565185015242495,0.9983750000000001,4.76514595344064,0.4813393850510767,6.2448603384917165,True,,,,
247,12,57,21,38,99.725,150.0,30.05,0.0,109.475,5.0,69.675,199.675,15.707963267948966,215.38296326794898,2,180.0,239,30.68341710897551,0.9983750000000001,4.76514595344064,0.4715774080442326,6.235098361484873,True,,,,
249,38,57,54,38,102.4,0.0,30.4,0.0,26.35,5.0,72.0,104.70000000000002,15.707963267948966,120.40796326794899,2,180.0,193,52.048079710753555,0.5235000000000001,4.76514595344064,0.34404751469381784,5.632693468134458,True,,,,
250,41,57,50,38,83.875,0.0,31.1,0.0,18.475,5.0,52.775,69.725,15.707963267948966,85.43296326794896,2,180.0,158,52.048079710753505,0.34862499999999996,4.76514595344064,0.28681548722789757,5.400586440668538,True,,,,
251,11,58,52,40,92.35,0.0,40.1,0.0,21.275,5.0,52.24999999999999,74.79999999999998,15.707963267948966,90.50796326794895,2,180.0,158,56.289285218573994,0.37399999999999994,4.76514595344064,0.27982145465987923,5.418967408100519,True,,,,
252,11,58,52,40,92.525,0.0,39.925,0.0,21.45,5.0,52.60000000000001,75.50000000000001,15.707963267948966,91.20796326794898,2,180.0,158,58.667748502405814,0.37750000000000006,4.76514595344064,0.28148809323129176,5.424134046671932,True,,,,
253,11,58,52,40,92.7,0.0,39.75,0.0,21.625,5.0,52.95,76.2,15.707963267948966,91.90796326794897,2,180.0,158,56.97533636833415,0.381,4.76514595344064,0.28413688569726836,5.4302828391379085,True,,,,
254,11,58,52,40,92.875,0.0,39.575,0.0,21.975,5.0,53.3,77.25,15.707963267948966,92.95796326794897,2,180.0,158,52.048079710753505,0.38625,4.76514595344064,0.2834820977040562,5.434878051144695,True,,,,
255,58,21,40,0,38.0,0.0,4.0,150.0,53.3,5.0,34.0,164.0,15.707963267948966,179.70796326794897,2,180.0,92,9.936367072140655,0.8200000000000001,4.76514595344064,0.1984226481462753,5.783568601586915,True,,,,
256,61,68,29,61,136.6,150.0,134.6,0.0,55.75,5.0,2.0,144.0,6.435011087932843,150.43501108793285,2,73.73979529168804,52,47.54584979559903,0.72,1.9521160396762685,0.10895836845240095,2.7810744081286694,True,,,,
257,61,68,29,61,136.775,150.0,134.775,0.0,54.875,5.0,2.0,144.0,6.435011087932843,150.43501108793285,2,73.73979529168804,52,44.76508467132824,0.72,1.9521160396762685,0.11342267624152921,2.785538715917798,True,,,,
258,69,61,63,29,143.6,0.0,136.95,150.0,100.55,5.0,6.650000000000006,140.57781872388352,12.291910966930892,152.8697296908144,2,140.8549241111422,30,29.282567649701523,0.7028890936194176,3.728857064724431,0.08470249935380915,4.516448657697658,True,,,,
259,69,61,63,29,143.775,0.0,137.125,150.0,100.725,5.0,6.650000000000006,140.57781872388352,12.291910966930892,152.8697296908144,2,140.8549241111422,30,30.33544572899339,0.7028890936194176,3.728857064724431,0.0902381915646809,4.5219843499085295,True,,,,
260,61,86,29,39,135.55,150.0,35.25,0.0,68.875,5.0,100.30000000000001,230.3,15.707963267948966,246.00796326794898,2,180.0,234,15.20360409329224,1.1515000000000002,4.76514595344064,0.5120537068878315,6.428699660328472,True,,,,
261,61,86,29,39,135.725,150.0,35.425,0.0,77.8,5.0,100.3,230.3,15.707963267948966,246.00796326794898,2,180.0,232,15.20360409329224,1.1515000000000002,4.76514595344064,0.5006250913095747,6.417271044750215,True,,,,
262,61,86,29,39,135.9,150.0,35.6,0.0,75.525,5.0,100.30000000000001,230.3,15.707963267948966,246.00796326794898,2,180.0,232,21.565185015242495,1.1515000000000002,4.76514595344064,0.46351193486396164,6.380157888304602,True,,,,
263,61,86,29,39,136.075,150.0,35.775,0.0,75.35,5.0,100.29999999999998,230.29999999999998,15.707963267948966,246.00796326794895,2,180.0,232,23.79427295053669,1.1515,4.76514595344064,0.45333344571434886,6.369979399154988,True,,,,
264,61,86,29,39,136.25,150.0,35.95,0.0,61.7,5.0,100.3,230.3,15.707963267948966,246.00796326794898,2,180.0,228,21.565185015242704,1.1515000000000002,4.76514595344064,0.4761013901531739,6.392747343593814,True,,,,
265,61,114,29,3,135.2,150.0,19.775,150.0,105.625,5.0,115.42499999999998,184.17499999999998,15.707963267948966,199.88296326794895,2,180.0,214,23.073918065631112,0.9208749999999999,4.76514595344064,0.44116072732993866,6.127181680770578,True,,,,
266,61,118,29,9,134.675,150.0,45.9,150.0,106.15,5.0,88.775,156.475,15.707963267948966,172.18296326794896,2,180.0,196,26.49157020035585,0.782375,4.76514595344064,0.3703572030612584,5.9178781565018985,True,,,,
267,61,118,29,9,134.85,150.0,45.725,150.0,105.975,5.0,89.125,157.175,15.707963267948966,172.88296326794898,2,180.0,196,30.683417108975878,0.7858750000000001,4.76514595344064,0.3722321398469366,5.923253093287576,True,,,,
268,61,118,29,9,135.025,150.0,45.55,150.0,105.8,5.0,89.47500000000001,157.875,15.707963267948966,173.58296326794897,2,180.0,196,34.41150866976943,0.789375,4.76514595344064,0.3749702471258551,5.929491200566495,True,,,,
269,71,62,24,53,113.225,150.0,98.6,0.0,62.925,5.0,14.625,144.625,15.707963267948966,160.33296326794897,2,180.0,187,39.19496742598291,0.723125,4.76514595344064,0.35940480204083924,5.84767575548148,True,,,,
270,71,62,24,53,113.4,150.0,98.775,0.0,62.75,5.0,14.625,144.625,15.707963267948966,160.33296326794897,2,180.0,187,37.81448850601411,0.723125,4.76514595344064,0.36229170178573444,5.8505626552263745,True,,,,
271,71,62,24,53,113.575,150.0,98.95,0.0,62.575,5.0,14.625,144.625,15.707963267948966,160.33296326794897,2,180.0,187,34.41150866976943,0.723125,4.76514595344064,0.36113103064630336,5.849401984086944,True,,,,
272,71,62,24,53,113.75,150.0,99.125,0.0,62.4,5.0,14.625,144.625,15.707963267948966,160.33296326794897,2,180.0,187,30.683417108975696,0.723125,4.76514595344064,0.3583036928402054,5.846574646280845,True,,,,
273,62,116,53,1,97.375,0.0,9.025,150.0,72.375,5.0,88.35,218.35,15.707963267948966,234.05796326794896,2,180.0,212,18.194872338766753,1.09175,4.76514595344064,0.40931545913264233,6.266211412573282,True,,,,
274,62,116,53,1,97.55,0.0,9.2,150.0,72.55,5.0,88.35,218.34999999999997,15.707963267948966,234.05796326794894,2,180.0,212,23.79427295053652,1.0917499999999998,4.76514595344064,0.4057737713945351,6.262669724835175,True,,,,
275,62,116,53,1,97.725,0.0,9.375,150.0,72.725,5.0,88.35,218.35,15.707963267948966,234.05796326794896,2,180.0,212,28.357636576327977,1.09175,4.76514595344064,0.40258920243192425,6.259485155872564,True,,,,
276,66,68,31,61,145.6,150.0,134.95,0.0,45.6,5.0,10.650000000000006,140.65,15.707963267948966,156.35796326794897,2,180.0,30,50.580015532940855,0.70325,4.76514595344064,0.06261903959183213,5.531014993032471,True,,,,
277,66,68,31,61,145.775,150.0,135.125,0.0,45.25,5.0,10.650000000000006,140.65,15.707963267948966,156.35796326794897,2,180.0,30,51.317812546510574,0.70325,4.76514595344064,0.06327379948979016,5.53166975293043,True,,,,
278,66,69,31,63,145.95,150.0,143.95,0.0,44.025,5.0,2.0,144.0,6.435011087932843,150.43501108793285,2,73.73979529168804,0,,0.72,1.9521160396762685,0.0,2.6721160396762684,True,,,,
279,66,69,31,63,146.125,150.0,144.125,0.0,43.85,5.0,2.0,144.0,6.435011087932843,150.43501108793285,2,73.73979529168804,0,,0.72,1.9521160396762685,0.0,2.6721160396762684,True,,,,
280,66,70,31,51,144.9,150.0,88.9,0.0,47.175,5.0,56.0,186.0,15.707963267948966,201.70796326794897,2,180.0,162,39.19496742598291,0.93,4.76514595344064,0.2984821257993098,5.993628079239949,True,,,,
281,66,70,31,51,145.075,150.0,89.075,0.0,47.0,5.0,55.999999999999986,186.0,15.707963267948966,201.70796326794897,2,180.0,162,42.268584429572165,0.93,4.76514595344064,0.2973511513435149,5.992497104784154,True,,,,
282,66,70,31,51,145.25,150.0,89.25,0.0,46.475,5.0,56.0,186.0,15.707963267948966,201.70796326794897,2,180.0,162,45.17045594982257,0.93,4.76514595344064,0.29348212579930993,5.988628079239949,True,,,,
283,66,70,31,51,145.425,150.0,89.425,0.0,46.3,5.0,56.000000000000014,186.0,15.707963267948966,201.70796326794897,2,180.0,162,47.93293519750492,0.93,4.76514595344064,0.28863097445579494,5.983776927896434,True,,,,
284,66,71,31,24,143.5,150.0,114.625,150.0,140.8,5.0,28.875,27.274999999999977,15.707963267948966,42.982963267948946,2,180.0,96,51.31781254651063,0.13637499999999989,4.76514595344064,0.1800594776530349,5.081580431093675,True,,,,
285,66,71,31,24,143.675,150.0,114.45,150.0,140.625,5.0,29.22500000000001,27.97500000000001,15.707963267948966,43.68296326794898,2,180.0,96,53.8429917990011,0.13987500000000005,4.76514595344064,0.17895828416663864,5.083979237607278,True,,,,
286,66,71,31,24,143.85,150.0,114.275,150.0,140.45,5.0,29.57499999999999,28.67500000000001,15.707963267948966,44.38296326794898,2,180.0,96,56.28928521857397,0.14337500000000006,4.76514595344064,0.1786309182652867,5.0871518717059265,True,,,,
287,66,89,31,33,144.725,150.0,8.95,0.0,47.35,5.0,135.775,265.77500000000003,15.707963267948966,281.482963267949,2,180.0,227,35.90406858331696,1.3288750000000003,4.76514595344064,0.4140774642347407,6.508098417675381,True,,,,
288,66,101,31,17,144.2,150.0,82.25,150.0,101.25,5.0,61.94999999999999,139.45,15.707963267948966,155.15796326794896,2,180.0,173,21.565185015242495,0.6972499999999999,4.76514595344064,0.3298809885034217,5.792276941944061,True,,,,
289,66,111,31,19,144.025,150.0,91.95,150.0,128.025,5.0,52.075,76.02499999999999,15.707963267948966,91.73296326794896,2,180.0,156,58.66774850240575,0.380125,4.76514595344064,0.27934518391153407,5.4246161373521735,True,,,,
290,66,113,31,5,144.55,150.0,28.6,150.0,100.9,5.0,115.95000000000002,194.15,15.707963267948966,209.85796326794897,2,180.0,202,29.282567649701523,0.97075,4.76514595344064,0.3806547879932116,6.116550741433851,True,,,,
291,66,118,31,9,144.375,150.0,45.375,150.0,101.075,5.0,99.0,176.85000000000002,15.707963267948966,192.557963267949,2,180.0,203,26.49157020035585,0.8842500000000001,4.76514595344064,0.3754166807142932,6.024812634154933,True,,,,
292,68,72,61,57,132.5,0.0,117.125,0.0,5.0,5.0,15.375,5.375,15.707963267948966,21.082963267948966,2,180.0,48,51.31781254651057,0.026875,4.76514595344064,0.0994047177550768,4.891425671195717,True,,,,
293,68,72,61,57,132.675,0.0,116.95,0.0,6.4,5.0,15.725000000000009,8.52500000000001,15.707963267948966,24.232963267948975,2,180.0,48,53.842991799001126,0.042625000000000045,4.76514595344064,0.09851185057820029,4.90628280401884,True,,,,
294,68,72,61,57,132.85,0.0,116.775,0.0,6.575,5.0,16.07499999999999,9.224999999999989,15.707963267948966,24.932963267948956,2,180.0,48,56.289285218573994,0.046124999999999944,4.76514595344064,0.09749997190474581,4.908770925345386,True,,,,
295,68,72,61,57,133.025,0.0,116.6,0.0,9.025,5.0,16.42500000000001,14.475000000000012,15.707963267948966,30.182963267948978,2,180.0,54,49.45839812649543,0.07237500000000006,4.76514595344064,0.11553572030612586,4.953056673746766,True,,,,
296,68,76,61,47,133.375,0.0,71.775,0.0,39.825,5.0,61.599999999999994,121.25,15.707963267948966,136.95796326794897,2,180.0,185,54.54945736082467,0.6062500000000001,4.76514595344064,0.3312499297618643,5.702645883202504,True,,,,
297,68,76,61,47,133.55,0.0,71.6,0.0,40.0,5.0,61.95000000000002,121.95000000000002,15.707963267948966,137.657963267949,2,180.0,185,54.549457360824576,0.6097500000000001,4.76514595344064,0.33119039591832117,5.706086349358961,True,,,,
298,68,76,61,47,133.725,0.0,71.425,0.0,40.175,5.0,62.3,122.64999999999999,15.707963267948966,138.35796326794895,2,180.0,185,52.04807971075362,0.61325,4.76514595344064,0.33202372925165446,5.710419682692294,True,,,,
299,68,77,61,49,133.2,0.0,80.775,0.0,39.65,5.0,52.42499999999998,111.725,15.707963267948966,127.43296326794896,2,180.0,160,52.048079710753456,0.558625,4.76514595344064,0.28687496488093256,5.6106459183215724,True,,,,
300,68,113,61,5,134.425,0.0,28.425,150.0,94.6,5.0,106.00000000000001,236.00000000000003,15.707963267948966,251.707963267949,2,180.0,207,34.41150866976943,1.1800000000000002,4.76514595344064,0.40053583268714155,6.345681786127782,True,,,,
301,68,116,61,1,133.9,0.0,10.775,150.0,94.075,5.0,123.125,253.125,15.707963267948966,268.83296326794897,2,180.0,229,44.751861687181474,1.265625,4.76514595344064,0.42038695593540243,6.451157909376042,True,,,,
302,68,116,61,1,134.075,0.0,10.95,150.0,94.25,5.0,123.12499999999999,253.125,15.707963267948966,268.83296326794897,2,180.0,229,42.26858442957263,1.265625,4.76514595344064,0.4164881775170528,6.4472591309576925,True,,,,
303,68,116,61,1,134.25,0.0,11.125,150.0,94.425,5.0,123.125,253.125,15.707963267948966,268.83296326794897,2,180.0,229,39.19496742598291,1.265625,4.76514595344064,0.4172024712585539,6.447973424699193,True,,,,
304,69,73,63,59,142.55,0.0,125.6,0.0,23.9,5.0,16.950000000000017,44.750000000000014,15.707963267948966,60.45796326794898,2,180.0,51,60.98752759110269,0.2237500000000001,4.76514595344064,0.10184518391153359,5.090741137352174,True,,,,
305,69,73,63,59,142.025,0.0,126.125,0.0,12.0,5.0,15.900000000000006,19.900000000000006,15.707963267948966,35.607963267948975,2,180.0,51,51.31781254651057,0.09950000000000003,4.76514595344064,0.10458331928570623,4.969229272726346,True,,,,
306,69,73,63,59,142.375,0.0,125.775,0.0,17.25,5.0,16.599999999999994,31.099999999999994,15.707963267948966,46.80796326794896,2,180.0,51,56.289285218573994,0.15549999999999997,4.76514595344064,0.10297615836732854,5.023622111807969,True,,,,
307,69,73,63,59,142.2,0.0,125.95,0.0,14.625,5.0,16.249999999999986,25.5,15.707963267948966,41.20796326794897,2,180.0,51,53.84299179900132,0.1275,4.76514595344064,0.10220233078228422,4.9948482842229245,True,,,,
308,69,77,63,49,142.725,0.0,80.6,0.0,43.325,5.0,62.125,128.775,15.707963267948966,144.48296326794897,2,180.0,170,30.683417108975878,0.6438750000000001,4.76514595344064,0.30586311430273183,5.714884067743372,True,,,,
309,69,79,63,43,141.5,0.0,53.775,0.0,6.925,5.0,87.725,81.57499999999999,15.707963267948966,97.28296326794896,2,180.0,285,51.31781254651055,0.40787499999999993,4.76514595344064,0.511160727329938,5.684181680770577,True,,,,
310,69,79,63,43,141.675,0.0,53.6,0.0,7.1,5.0,88.07500000000002,82.275,15.707963267948966,97.98296326794897,2,180.0,285,52.04807971075348,0.41137500000000005,4.76514595344064,0.5098512637245302,5.686372217165171,True,,,,
311,69,79,63,43,141.85,0.0,53.425,0.0,7.275,5.0,88.425,82.97500000000001,15.707963267948966,98.68296326794898,2,180.0,285,49.45839812649543,0.41487500000000005,4.76514595344064,0.5108036647449501,5.69082461818559,True,,,,
312,69,99,63,25,143.075,0.0,118.775,150.0,98.45,5.0,24.299999999999983,154.29999999999998,15.707963267948966,170.00796326794895,2,180.0,92,44.76508467132824,0.7715,4.76514595344064,0.1863393850510773,5.722985338491717,True,,,,
313,69,99,63,25,143.25,0.0,118.95,150.0,98.625,5.0,24.299999999999997,154.3,15.707963267948966,170.00796326794898,2,180.0,92,45.17045594982257,0.7715000000000001,4.76514595344064,0.1858631704932404,5.722509123933881,True,,,,
314,69,99,63,25,143.425,0.0,119.125,150.0,99.15,5.0,24.30000000000001,154.3,15.707963267948966,170.00796326794898,2,180.0,92,42.268584429572165,0.7715000000000001,4.76514595344064,0.1911311149320658,5.727777068372706,True,,,,
315,69,111,63,19,142.9,0.0,91.775,150.0,98.275,5.0,51.125,181.125,15.707963267948966,196.83296326794897,2,180.0,161,37.81448850601411,0.905625,4.76514595344064,0.3137500983333892,5.984521051774029,True,,,,
316,72,70,57,51,114.675,0.0,89.95,0.0,33.0,5.0,24.724999999999994,70.725,15.707963267948966,86.43296326794896,2,180.0,94,49.45839812649543,0.35362499999999997,4.76514595344064,0.18232137037411666,5.301092323814757,True,,,,
317,72,70,57,51,114.5,0.0,90.125,0.0,6.4,5.0,24.375,17.175,15.707963267948966,32.882963267948966,2,180.0,80,51.31781254651057,0.085875,4.76514595344064,0.15863094636054087,5.00965189980118,True,,,,
318,73,70,59,51,123.675,0.0,89.6,0.0,35.625,5.0,34.075,85.325,15.707963267948966,101.03296326794897,2,180.0,120,53.8429917990011,0.42662500000000003,4.76514595344064,0.2197618365305737,5.411532789971214,True,,,,
319,73,70,59,51,123.5,0.0,89.775,0.0,35.45,5.0,33.724999999999994,84.625,15.707963267948966,100.33296326794897,2,180.0,120,51.317812546510574,0.42312500000000003,4.76514595344064,0.2209522886394035,5.409223242080043,True,,,,
320,70,79,51,43,87.5,0.0,54.125,0.0,6.575,5.0,33.375,26.525,15.707963267948966,42.23296326794896,2,180.0,105,46.76439285101783,0.132625,4.76514595344064,0.20455353831630782,5.1023244917569475,True,,,,
321,70,79,51,43,87.675,0.0,53.95,0.0,6.75,5.0,33.724999999999994,27.224999999999994,15.707963267948966,42.93296326794896,2,180.0,105,49.45839812649543,0.13612499999999997,4.76514595344064,0.20571426564624729,5.106985219086887,True,,,,
322,70,84,51,41,87.85,0.0,45.125,0.0,20.4,5.0,42.724999999999994,63.52499999999999,15.707963267948966,79.23296326794896,2,180.0,137,30.683417108975878,0.317625,4.76514595344064,0.25541662452378605,5.338187577964425,True,,,,
323,93,70,27,51,127.775,150.0,88.725,0.0,56.1,5.0,39.05000000000001,169.05,15.707963267948966,184.75796326794898,2,180.0,192,15.203604093293503,0.8452500000000001,4.76514595344064,0.3700892867176874,5.980485240158327,True,,,,
324,111,70,19,51,91.25,150.0,88.375,0.0,60.65,5.0,2.875,142.9832788996569,7.777416141689959,150.76069504134688,2,89.12262408715108,219,50.20818050044273,0.7149163944982846,2.359346175160551,0.3843749367856772,3.458637506444513,True,,,,
325,111,70,19,51,91.425,150.0,88.55,0.0,60.475,5.0,2.875,142.9832788996569,7.7774161416899545,150.76069504134688,2,89.12262408715102,219,47.54584979559903,0.7149163944982846,2.3593461751605496,0.385952288639402,3.4602148582982357,True,,,,
326,70,113,51,5,88.025,0.0,27.725,150.0,70.1,5.0,60.300000000000004,190.3,15.707963267948966,206.00796326794898,2,180.0,211,30.683417108975878,0.9515000000000001,4.76514595344064,0.397946545969454,6.114592499410094,True,,,,
327,70,118,51,9,88.2,0.0,45.025,150.0,70.275,5.0,43.175000000000004,173.175,15.707963267948966,188.88296326794898,2,180.0,229,18.194872338766753,0.8658750000000001,4.76514595344064,0.43482148275513205,6.065842436195772,True,,,,
328,73,71,59,24,124.55,0.0,113.925,150.0,88.3,5.0,10.625,140.625,15.707963267948966,156.33296326794897,2,180.0,133,38.73942459785555,0.703125,4.76514595344064,0.2637201768877205,5.73199113032836,True,,,,
329,73,71,59,24,124.725,0.0,114.1,150.0,89.35,5.0,10.625,140.625,15.707963267948966,156.33296326794897,2,180.0,133,40.974630229445474,0.703125,4.76514595344064,0.2662797107312636,5.734550664171904,True,,,,
330,71,86,24,39,113.05,150.0,35.075,0.0,99.5,5.0,77.975,207.975,15.707963267948966,223.68296326794896,2,180.0,243,26.491570200356207,1.0398749999999999,4.76514595344064,0.46038684355438575,6.265407796995025,True,,,,
331,71,108,24,13,112.175,150.0,64.775,150.0,120.675,5.0,47.39999999999999,86.05,15.707963267948966,101.75796326794897,2,180.0,143,15.203604093292912,0.43025,4.76514595344064,0.2794345268197296,5.474830480260369,True,,,,
332,71,111,24,19,112.0,150.0,92.125,150.0,140.8,5.0,19.875,18.274999999999977,15.707963267948966,33.982963267948946,2,180.0,64,51.31781254651063,0.09137499999999989,4.76514595344064,0.1304165964285313,4.986937549869171,True,,,,
333,93,72,27,57,128.125,150.0,116.425,0.0,58.725,5.0,11.700000000000003,141.70000000000002,15.707963267948966,157.407963267949,2,180.0,122,15.203604093292991,0.7085000000000001,4.76514595344064,0.25342267624152953,5.72706862968217,True,,,,
334,72,108,57,13,115.9,0.0,64.075,150.0,83.925,5.0,51.825,181.825,15.707963267948966,197.53296326794896,2,180.0,223,37.81448850601411,0.909125,4.76514595344064,0.4046725779081388,6.078943531348779,True,,,,
335,72,108,57,13,116.075,0.0,64.25,150.0,84.1,5.0,51.825,181.825,15.707963267948966,197.53296326794896,2,180.0,223,34.41150866976943,0.909125,4.76514595344064,0.40363094636053987,6.07790189980118,True,,,,
336,72,108,57,13,116.25,0.0,64.425,150.0,84.625,5.0,51.825,181.825,15.707963267948966,197.53296326794896,2,180.0,223,15.203604093292912,0.909125,4.76514595344064,0.43047627074834416,6.104747224188984,True,,,,
337,72,113,57,5,115.375,0.0,28.075,150.0,81.825,5.0,87.3,217.3,15.707963267948966,233.00796326794898,2,180.0,207,46.76439285101786,1.0865,4.76514595344064,0.3799703033163632,6.231616256757003,True,,,,
338,72,116,57,1,114.85,0.0,10.25,150.0,81.3,5.0,104.6,234.59999999999997,15.707963267948966,250.30796326794894,2,180.0,214,37.81448850601411,1.1729999999999998,4.76514595344064,0.4062499859523724,6.344395939393012,True,,,,
339,72,116,57,1,115.025,0.0,10.425,150.0,81.475,5.0,104.60000000000001,234.6,15.707963267948966,250.30796326794896,2,180.0,214,40.974630229445246,1.173,4.76514595344064,0.4017560376701161,6.3399019911107555,True,,,,
340,72,116,57,1,115.2,0.0,10.6,150.0,81.65,5.0,104.60000000000001,234.6,15.707963267948966,250.30796326794896,2,180.0,214,43.94551956230895,1.173,4.76514595344064,0.39336319858849367,6.331509152029134,True,,,,
341,61,73,29,59,136.425,150.0,125.425,0.0,57.675,5.0,11.000000000000014,141.0,15.707963267948966,156.70796326794897,2,180.0,78,30.971320109677016,0.705,4.76514595344064,0.15485126372453173,5.624997217165172,True,,,,
342,73,99,59,25,124.9,0.0,118.25,150.0,89.525,5.0,6.650000000000006,140.57781872388352,12.291910966930889,152.8697296908144,2,140.8549241111422,126,42.92732874048841,0.7028890936194176,3.72885706472443,0.2500595057482894,4.6818056640921375,True,,,,
343,73,99,59,25,125.075,0.0,118.425,150.0,89.7,5.0,6.650000000000006,140.57781872388352,12.291910966930889,152.8697296908144,2,140.8549241111422,126,39.895267844395924,0.7028890936194176,3.72885706472443,0.24502975287414488,4.676775911217993,True,,,,
344,73,99,59,25,125.25,0.0,118.6,150.0,90.05,5.0,6.650000000000006,140.57781872388352,12.291910966930889,152.8697296908144,2,140.8549241111422,126,33.152483796926674,0.7028890936194176,3.72885706472443,0.24178573435375336,4.673531892697601,True,,,,
345,73,108,59,13,124.2,0.0,64.6,150.0,87.95,5.0,59.60000000000001,189.60000000000002,15.707963267948966,205.307963267949,2,180.0,218,31.78833061705162,0.9480000000000002,4.76514595344064,0.4051786296258825,6.1183245830665225,True,,,,
346,73,111,59,19,124.375,0.0,91.6,150.0,88.125,5.0,32.775000000000006,162.775,15.707963267948966,178.48296326794897,2,180.0,187,35.412638111059486,0.813875,4.76514595344064,0.3606547598979572,5.939675713338597,True,,,,
347,73,113,59,5,123.85,0.0,28.25,150.0,87.6,5.0,95.6,225.6,15.707963267948966,241.30796326794896,2,180.0,211,23.073918065630764,1.128,4.76514595344064,0.38517865772113713,6.278324611161777,True,,,,
348,73,117,59,7,124.025,0.0,36.725,150.0,87.775,5.0,87.30000000000001,217.3,15.707963267948966,233.00796326794898,2,180.0,219,27.74847870065354,1.0865,4.76514595344064,0.4073512918197849,6.258997245260424,True,,,,
349,74,76,55,47,106.55,0.0,72.125,0.0,28.275,5.0,34.425,70.975,15.707963267948966,86.68296326794896,2,180.0,122,37.81448850601413,0.354875,4.76514595344064,0.24202375734690953,5.362044710787549,True,,,,
350,74,76,55,47,106.725,0.0,71.95,0.0,28.625,5.0,34.77499999999999,72.02499999999999,15.707963267948966,87.73296326794896,2,180.0,122,30.68341710897586,0.360125,4.76514595344064,0.22624990166661102,5.351520855107251,True,,,,
351,74,77,55,49,106.2,0.0,81.125,0.0,12.0,5.0,25.075000000000003,29.075000000000003,15.707963267948966,44.78296326794897,2,180.0,90,43.945519562308846,0.145375,4.76514595344064,0.18699403256801886,5.097514986008658,True,,,,
352,74,77,55,49,106.375,0.0,80.95,0.0,12.175,5.0,25.424999999999997,29.775,15.707963267948966,45.48296326794896,2,180.0,90,46.561545670209306,0.148875,4.76514595344064,0.17988090421765976,5.0939018576583,True,,,,
353,74,78,55,45,105.5,0.0,63.125,0.0,9.9,5.0,42.375,42.175,15.707963267948966,57.882963267948966,2,180.0,142,51.31781254651057,0.21087499999999998,4.76514595344064,0.27258934290819614,5.2486102963488355,True,,,,
354,74,78,55,45,105.675,0.0,62.95,0.0,10.075,5.0,42.724999999999994,42.875,15.707963267948966,58.58296326794897,2,180.0,142,52.04807971075358,0.214375,4.76514595344064,0.2742262567007183,5.253747210141358,True,,,,
355,74,78,55,45,105.85,0.0,62.775,0.0,10.25,5.0,43.074999999999996,43.57499999999999,15.707963267948966,59.28296326794896,2,180.0,142,49.45839812649543,0.21787499999999996,4.76514595344064,0.2737202892687369,5.256741242709377,True,,,,
356,74,78,55,45,106.025,0.0,62.6,0.0,10.425,5.0,43.425000000000004,44.275000000000006,15.707963267948966,59.982963267948975,2,180.0,142,46.764392851017824,0.22137500000000004,4.76514595344064,0.27375004214288134,5.260270995583522,True,,,,
357,93,74,27,55,127.95,150.0,108.125,0.0,55.925,5.0,19.825000000000003,149.825,15.707963267948966,165.53296326794896,2,180.0,143,15.203604093292991,0.7491249999999999,4.76514595344064,0.28488101659867654,5.799151970039317,True,,,,
358,98,74,23,55,109.6,150.0,107.425,0.0,65.025,5.0,2.174999999999997,143.77349415803695,6.721254849107022,150.49474900714398,2,77.01990717713423,173,47.54584979559903,0.7188674707901848,2.038950550108306,0.3122024150680465,3.070020435966537,True,,,,
359,98,74,23,55,109.775,150.0,107.6,0.0,64.85,5.0,2.1750000000000114,143.77349415803693,6.721254849107044,150.49474900714398,2,77.01990717713453,173,44.76508467132824,0.7188674707901846,2.0389505501083125,0.31625004214288105,3.074068063041378,True,,,,
360,98,74,23,55,109.95,150.0,107.775,0.0,64.675,5.0,2.174999999999997,143.77349415803695,6.721254849107014,150.49474900714398,2,77.01990717713423,173,41.840901071389034,0.7188674707901848,2.038950550108303,0.31839292336738456,3.0762109442658723,True,,,,
361,74,113,55,5,106.9,0.0,27.9,150.0,76.575,5.0,79.0,209.0,15.707963267948966,224.70796326794897,2,180.0,203,37.81448850601411,1.045,4.76514595344064,0.3722023307822836,6.182348284222924,True,,,,
362,74,118,55,9,107.075,0.0,45.2,150.0,76.75,5.0,61.875,191.875,15.707963267948966,207.58296326794897,2,180.0,219,23.79427295053669,0.959375,4.76514595344064,0.4071726340986471,6.131693587539287,True,,,,
363,76,80,47,35,69.5,0.0,17.075,0.0,12.7,5.0,52.425,57.825,15.707963267948966,73.53296326794897,2,180.0,142,54.549457360824555,0.289125,4.76514595344064,0.2578868997448954,5.312157853185536,True,,,,
364,76,80,47,35,69.675,0.0,16.9,0.0,12.875,5.0,52.775,58.525,15.707963267948966,74.23296326794896,2,180.0,142,56.97533636833416,0.292625,4.76514595344064,0.2562202330782288,5.3139911865188685,True,,,,
365,76,80,47,35,69.85,0.0,16.725,0.0,13.05,5.0,53.12499999999999,59.224999999999994,15.707963267948966,74.93296326794896,2,180.0,142,56.97533636833417,0.29612499999999997,4.76514595344064,0.25499997190474627,5.316270925345386,True,,,,
366,76,80,47,35,70.025,0.0,16.55,0.0,13.225,5.0,53.47500000000001,59.92500000000001,15.707963267948966,75.63296326794898,2,180.0,142,54.54945736082458,0.2996250000000001,4.76514595344064,0.25654759897958074,5.3213185524202204,True,,,,
367,93,76,27,47,127.425,150.0,71.075,0.0,56.275,5.0,56.349999999999994,186.35,15.707963267948966,202.05796326794896,2,180.0,222,24.237727053948,0.93175,4.76514595344064,0.4290178742006892,6.125913827641329,True,,,,
368,93,76,27,47,127.6,150.0,71.25,0.0,53.3,5.0,56.349999999999994,186.35000000000002,15.707963267948966,202.057963267949,2,180.0,220,15.203604093293503,0.9317500000000001,4.76514595344064,0.41625007023813465,6.113146023678775,True,,,,
369,76,108,47,13,70.725,0.0,63.2,150.0,64.85,5.0,7.5249999999999915,140.31112106588176,13.206972033252086,153.51809309913386,2,151.34075153053118,241,34.015333317496975,0.7015556053294089,4.0064487208132,0.4618750210714393,5.169879347214048,True,,,,
370,76,108,47,13,70.9,0.0,63.375,150.0,65.025,5.0,7.525000000000006,140.31112106588176,13.206972033252102,153.51809309913386,2,151.34075153053135,241,30.24404119507487,0.7015556053294089,4.006448720813205,0.4621726340986468,5.170176960241261,True,,,,
371,76,113,47,5,70.55,0.0,27.375,150.0,63.8,5.0,43.175,173.175,15.707963267948966,188.88296326794898,2,180.0,190,37.81448850601411,0.8658750000000001,4.76514595344064,0.3580655012755241,5.989086454716164,True,,,,
372,76,116,47,1,70.2,0.0,8.675,150.0,63.275,5.0,61.525000000000006,191.525,15.707963267948976,207.23296326794897,2,180.0,177,9.936367072140818,0.9576250000000001,4.765145953440642,0.3536607554251935,6.076431708865836,True,,,,
373,76,116,47,1,70.375,0.0,8.85,150.0,63.625,5.0,61.525,191.525,15.707963267948966,207.23296326794897,2,180.0,177,9.936367072140655,0.9576250000000001,4.76514595344064,0.348184625153119,6.070955578593759,True,,,,
374,77,81,49,37,78.5,0.0,26.425,0.0,15.325,5.0,52.075,62.72500000000001,15.707963267948966,78.43296326794898,2,180.0,152,49.45839812649543,0.31362500000000004,4.76514595344064,0.2789881213265456,5.357759074767185,True,,,,
375,77,81,49,37,78.675,0.0,26.25,0.0,15.5,5.0,52.425,63.425,15.707963267948966,79.13296326794897,2,180.0,152,52.04807971075358,0.317125,4.76514595344064,0.2736011934863964,5.355872146927036,True,,,,
376,77,81,49,37,78.85,0.0,26.075,0.0,15.675,5.0,52.77499999999999,64.12499999999999,15.707963267948966,79.83296326794895,2,180.0,152,54.54945736082454,0.32062499999999994,4.76514595344064,0.2740177899149277,5.359788743355567,True,,,,
377,77,81,49,37,79.025,0.0,25.9,0.0,15.85,5.0,53.12500000000001,64.825,15.707963267948966,80.53296326794897,2,180.0,152,52.04807971075357,0.324125,4.76514595344064,0.2737202049829744,5.362991158423614,True,,,,
378,77,108,49,13,79.375,0.0,63.55,150.0,66.95,5.0,15.825000000000003,145.825,15.707963267948966,161.53296326794896,2,180.0,245,34.41150866976943,0.7291249999999999,4.76514595344064,0.45330352426867904,5.947574477709319,True,,,,
379,77,108,49,13,79.55,0.0,63.725,150.0,67.125,5.0,15.824999999999996,145.825,15.707963267948966,161.53296326794896,2,180.0,245,30.683417108975878,0.7291249999999999,4.76514595344064,0.45157729566321514,5.945848249103855,True,,,,
380,77,108,49,13,79.725,0.0,63.9,150.0,67.3,5.0,15.824999999999996,145.825,15.707963267948966,161.53296326794896,2,180.0,245,26.491570200356207,0.7291249999999999,4.76514595344064,0.44955356641156025,5.9438245198522,True,,,,
381,77,113,49,5,79.2,0.0,27.55,150.0,66.775,5.0,51.650000000000006,181.65,15.707963267948966,197.35796326794897,2,180.0,199,30.683417108975878,0.90825,4.76514595344064,0.35252972477888994,6.025925678219529,True,,,,
382,78,80,45,35,60.85,0.0,17.425,0.0,10.25,5.0,43.425,43.925,15.707963267948966,59.632963267948966,2,180.0,119,21.565185015242665,0.219625,4.76514595344064,0.22517854534012155,5.209949498780761,True,,,,
383,78,80,45,35,61.025,0.0,17.25,0.0,10.425,5.0,43.775,44.625,15.707963267948966,60.33296326794897,2,180.0,119,15.203604093292919,0.22312500000000002,4.76514595344064,0.23303569221087211,5.221306645651512,True,,,,
384,78,81,45,37,60.5,0.0,26.775,0.0,9.9,5.0,33.725,33.525,15.707963267948966,49.23296326794896,2,180.0,97,30.683417108975785,0.167625,4.76514595344064,0.1853273659013521,5.118098319341992,True,,,,
385,78,81,45,37,60.675,0.0,26.6,0.0,10.075,5.0,34.074999999999996,34.224999999999994,15.707963267948966,49.93296326794896,2,180.0,97,26.491570200356108,0.17112499999999997,4.76514595344064,0.18532736590135207,5.121598319341992,True,,,,
386,99,78,25,45,117.9,150.0,62.25,0.0,56.625,5.0,55.650000000000006,185.65,15.707963267948966,201.35796326794897,2,180.0,258,47.93293519750492,0.92825,4.76514595344064,0.4663690817347119,6.159765035175352,True,,,,
387,99,78,25,45,118.075,150.0,62.425,0.0,56.45,5.0,55.650000000000006,185.64999999999998,15.707963267948966,201.35796326794895,2,180.0,258,50.20818050044273,0.9282499999999999,4.76514595344064,0.4639882337075608,6.1573841871482005,True,,,,
388,101,78,17,45,81.9,150.0,61.725,0.0,124.35,5.0,20.175000000000004,150.175,15.707963267948966,165.88296326794898,2,180.0,267,32.32806412216221,0.7508750000000001,4.76514595344064,0.5411012215816493,6.057122175022289,True,,,,
389,101,78,17,45,82.075,150.0,61.9,0.0,124.175,5.0,20.175000000000004,150.17499999999998,15.707963267948966,165.88296326794895,2,180.0,267,28.357636576327803,0.750875,4.76514595344064,0.5314286998640176,6.047449653304657,True,,,,
390,78,113,45,5,61.2,0.0,27.2,150.0,58.725,5.0,34.0,164.0,15.707963267948966,179.70796326794897,2,180.0,182,30.683417108975732,0.8200000000000001,4.76514595344064,0.33672628479597205,5.921872238236612,True,,,,
391,78,118,45,9,61.375,0.0,44.85,150.0,62.75,5.0,16.525,146.525,15.707963267948966,162.23296326794897,2,180.0,218,9.936367072140982,0.7326250000000001,4.76514595344064,0.4240774361394864,5.921848389580126,True,,,,
392,79,80,43,35,52.025,0.0,18.125,0.0,7.45,5.0,33.9,28.799999999999997,15.707963267948966,44.507963267948966,2,180.0,100,53.84299179900114,0.144,4.76514595344064,0.18610113729588823,5.095247090736528,True,,,,
393,79,80,43,35,52.2,0.0,17.95,0.0,7.625,5.0,34.25,29.500000000000004,15.707963267948966,45.20796326794897,2,180.0,100,56.28928521857405,0.14750000000000002,4.76514595344064,0.1844344706292216,5.097080424069861,True,,,,
394,79,80,43,35,52.375,0.0,17.775,0.0,7.8,5.0,34.6,30.200000000000003,15.707963267948966,45.90796326794897,2,180.0,100,54.54945736082459,0.15100000000000002,4.76514595344064,0.18428565006799077,5.10043160350863,True,,,,
395,79,80,43,35,52.55,0.0,17.6,0.0,7.975,5.0,34.949999999999996,30.9,15.707963267948966,46.60796326794896,2,180.0,100,52.04807971075358,0.1545,4.76514595344064,0.18306541698976234,5.102711370430402,True,,,,
396,79,81,43,37,51.675,0.0,27.125,0.0,7.1,5.0,24.549999999999997,18.75,15.707963267948966,34.45796326794897,2,180.0,72,51.31781254651057,0.09375,4.76514595344064,0.13860110920063384,4.997497062641274,True,,,,
397,79,81,43,37,51.85,0.0,26.95,0.0,7.275,5.0,24.900000000000002,19.450000000000003,15.707963267948966,35.15796326794897,2,180.0,72,53.84299179900117,0.09725000000000002,4.76514595344064,0.13821423755099288,5.000610190991632,True,,,,
398,79,86,43,39,51.5,0.0,36.125,0.0,6.925,5.0,15.375,9.225,15.707963267948966,24.932963267948963,2,180.0,45,51.31781254651057,0.046125,4.76514595344064,0.09446425159861994,4.905735205039259,True,,,,
401,109,79,15,43,73.425,150.0,53.075,0.0,53.475,5.0,20.349999999999994,150.35,15.707963267948966,166.05796326794896,2,180.0,277,15.203604093292912,0.75175,4.76514595344064,0.5327678882483162,6.0496638416889565,True,,,,
402,61,80,29,35,135.375,150.0,16.375,0.0,80.075,5.0,119.0,249.0,15.707963267948966,264.70796326794897,2,180.0,228,21.68204234881225,1.245,4.76514595344064,0.4675000842857615,6.477646037726402,True,,,,
403,108,80,13,35,62.5,150.0,16.2,0.0,80.25,5.0,46.3,176.3,15.707963267948966,192.00796326794898,2,180.0,239,28.357636576327803,0.8815000000000001,4.76514595344064,0.46005956193879616,6.106705515379436,True,,,,
407,62,81,53,37,96.5,0.0,25.725,0.0,22.15,5.0,70.775,95.07499999999999,15.707963267948966,110.78296326794896,2,180.0,186,49.45839812649548,0.47537499999999994,4.76514595344064,0.3290178461054358,5.569538799546075,True,,,,
408,62,81,53,37,96.675,0.0,25.55,0.0,22.325,5.0,71.125,95.775,15.707963267948966,111.48296326794897,2,180.0,186,46.764392851017824,0.47887500000000005,4.76514595344064,0.32726186462582735,5.571282818066467,True,,,,
409,62,81,53,37,97.025,0.0,25.375,0.0,24.075,5.0,71.65,99.80000000000001,15.707963267948966,115.50796326794898,2,180.0,185,37.81448850601413,0.49900000000000005,4.76514595344064,0.32455353831630745,5.588699491756947,True,,,,
410,62,81,53,37,97.2,0.0,25.2,0.0,24.25,5.0,72.0,100.5,15.707963267948966,116.20796326794897,2,180.0,185,34.41150866976943,0.5025000000000001,4.76514595344064,0.32571429374150096,5.593360247182141,True,,,,
411,62,84,53,41,96.85,0.0,44.95,0.0,23.9,5.0,51.89999999999999,79.69999999999999,15.707963267948966,95.40796326794896,2,180.0,164,46.764392851017824,0.39849999999999997,4.76514595344064,0.29997019093534744,5.463616144375988,True,,,,
414,84,114,41,3,42.675,0.0,19.425,150.0,54.175,5.0,23.249999999999996,153.25,15.707963267948966,168.95796326794897,2,180.0,133,30.683417108975732,0.76625,4.76514595344064,0.2665774642347419,5.797973417675382,True,,,,
415,84,114,41,3,42.85,0.0,19.6,150.0,54.35,5.0,23.25,153.25,15.707963267948966,168.95796326794897,2,180.0,133,27.748478700653376,0.76625,4.76514595344064,0.26755959003405183,5.798955543474692,True,,,,
416,86,114,39,3,33.5,0.0,18.9,150.0,51.375,5.0,14.600000000000001,144.6,15.707963267948966,160.30796326794896,2,180.0,110,41.840901071389226,0.723,4.76514595344064,0.22300602362249014,5.71115197706313,True,,,,
417,86,114,39,3,33.675,0.0,19.075,150.0,52.425,5.0,14.599999999999998,144.6,15.707963267948966,160.30796326794896,2,180.0,110,34.41150866976947,0.723,4.76514595344064,0.22369056448984678,5.711836517930486,True,,,,
420,84,89,41,33,42.5,0.0,9.125,0.0,5.0,5.0,33.375,23.375,15.707963267948966,39.08296326794897,2,180.0,89,51.31781254651057,0.116875,4.76514595344064,0.1627083263095199,5.04472927975016,True,,,,
421,117,89,7,33,35.5,150.0,8.25,0.0,104.575,5.0,27.25,157.25,15.707963267948966,172.95796326794897,2,180.0,135,18.194872338766753,0.78625,4.76514595344064,0.29339292336738493,5.844788876808025,True,,,,
422,117,89,7,33,35.675,150.0,8.425,0.0,104.4,5.0,27.249999999999996,157.25,15.707963267948966,172.95796326794897,2,180.0,135,9.936367072140655,0.78625,4.76514595344064,0.2975000842857625,5.848896037726402,True,,,,
423,93,107,27,11,125.5,150.0,55.6,150.0,112.45,5.0,69.9,124.99999999999999,15.707963267948966,140.70796326794894,2,180.0,190,21.565185015242495,0.6249999999999999,4.76514595344064,0.36312506321432114,5.753271016654961,True,,,,
424,93,107,27,11,125.675,150.0,55.425,150.0,112.275,5.0,70.25,125.69999999999999,15.707963267948966,141.40796326794896,2,180.0,190,26.49157020035585,0.6285,4.76514595344064,0.358125035119067,5.751770988559707,True,,,,
425,93,107,27,11,125.85,150.0,55.25,150.0,112.1,5.0,70.6,126.4,15.707963267948966,142.10796326794897,2,180.0,190,30.683417108975878,0.632,4.76514595344064,0.35005953384354255,5.747205487284182,True,,,,
426,93,107,27,11,126.025,150.0,55.075,150.0,111.925,5.0,70.95,127.10000000000001,15.707963267948966,142.80796326794896,2,180.0,190,34.41150866976943,0.6355000000000001,4.76514595344064,0.3480060236224891,5.74865197706313,True,,,,
427,93,107,27,11,126.2,150.0,54.9,150.0,111.75,5.0,71.30000000000001,127.80000000000001,15.707963267948966,143.50796326794898,2,180.0,190,37.81448850601411,0.6390000000000001,4.76514595344064,0.34580352426868005,5.74994947770932,True,,,,
428,93,107,27,11,126.375,150.0,54.725,150.0,111.575,5.0,71.65,128.5,15.707963267948966,144.20796326794897,2,180.0,190,40.974630229445246,0.6425,4.76514595344064,0.3458928390816218,5.753538792522262,True,,,,
429,93,107,27,11,126.55,150.0,54.55,150.0,111.4,5.0,72.0,129.2,15.707963267948966,144.90796326794896,2,180.0,190,43.94551956230872,0.6459999999999999,4.76514595344064,0.3471130440645961,5.758258997505235,True,,,,
430,93,107,27,11,126.725,150.0,54.375,150.0,111.225,5.0,72.35,129.9,15.707963267948966,145.60796326794897,2,180.0,190,46.764392851017625,0.6495000000000001,4.76514595344064,0.3474106289965494,5.7620565824371885,True,,,,
431,93,107,27,11,126.9,150.0,54.2,150.0,111.05,5.0,72.7,130.60000000000002,15.707963267948966,146.307963267949,2,180.0,190,43.94551956230866,0.6530000000000001,4.76514595344064,0.3509225919557663,5.769068545396406,True,,,,
432,93,107,27,11,127.075,150.0,54.025,150.0,110.875,5.0,73.05000000000001,131.3,15.707963267948966,147.00796326794898,2,180.0,190,40.974630229445246,0.6565000000000001,4.76514595344064,0.35211310025510434,5.773759053695745,True,,,,
433,93,113,27,5,127.25,150.0,28.775,150.0,110.7,5.0,98.475,157.075,15.707963267948966,172.78296326794896,2,180.0,195,37.81448850601411,0.7853749999999999,4.76514595344064,0.3586904521088293,5.9092114055494696,True,,,,
434,98,74,23,55,110.125,150.0,107.95,0.0,64.5,5.0,2.174999999999997,143.77349415803695,6.721254849107022,150.49474900714398,2,77.01990717713423,173,38.73942459785555,0.7188674707901848,2.038950550108306,0.3197024431633006,3.077520464061791,True,,,,
435,98,78,23,45,109.425,150.0,62.075,0.0,84.8,5.0,47.349999999999994,177.35,15.707963267948966,193.05796326794896,2,180.0,252,15.203604093292912,0.88675,4.76514595344064,0.5070536226020688,6.158949576042708,True,,,,
436,98,89,23,33,109.075,150.0,8.6,0.0,104.225,5.0,100.47500000000001,230.475,15.707963267948966,246.18296326794896,2,180.0,227,9.936367072140818,1.152375,4.76514595344064,0.4662203454592441,6.383741298899884,True,,,,
437,98,89,23,33,109.25,150.0,8.775,0.0,104.05,5.0,100.475,230.47500000000002,15.707963267948966,246.182963267949,2,180.0,227,9.936367072140655,1.1523750000000001,4.76514595344064,0.4656548722789736,6.383175825719613,True,,,,
438,98,101,23,17,107.5,150.0,83.125,150.0,137.475,5.0,24.375,29.42500000000001,15.707963267948966,45.13296326794898,2,180.0,72,51.31781254651063,0.14712500000000006,4.76514595344064,0.1449404661564569,5.057211419597096,True,,,,
439,98,109,23,15,107.85,150.0,73.95,150.0,135.55,5.0,33.89999999999999,42.79999999999997,15.707963267948966,58.50796326794894,2,180.0,103,43.94551956230889,0.21399999999999986,4.76514595344064,0.19407735185372504,5.173223305294364,True,,,,
440,98,109,23,15,107.675,150.0,74.125,150.0,137.3,5.0,33.55,38.949999999999974,15.707963267948966,54.657963267948944,2,180.0,103,53.8429917990011,0.19474999999999987,4.76514595344064,0.1938690255442053,5.153764978984845,True,,,,
441,98,113,23,5,108.725,150.0,29.125,150.0,122.775,5.0,79.6,114.04999999999998,15.707963267948966,129.75796326794895,2,180.0,192,40.974630229445246,0.5702499999999999,4.76514595344064,0.3655655012755241,5.700961454716164,True,,,,
442,98,113,23,5,108.9,150.0,28.95,150.0,122.6,5.0,79.95,114.75000000000001,15.707963267948966,130.45796326794897,2,180.0,192,37.81448850601411,0.5737500000000001,4.76514595344064,0.3680059955272351,5.706901948967875,True,,,,
443,98,117,23,7,108.025,150.0,37.425,150.0,123.475,5.0,70.60000000000001,103.65000000000002,15.707963267948966,119.35796326794899,2,180.0,194,26.491570200356207,0.5182500000000001,4.76514595344064,0.3582440747108992,5.641640028151539,True,,,,
444,98,117,23,7,108.2,150.0,37.25,150.0,123.3,5.0,70.95,104.34999999999998,15.707963267948987,120.05796326794896,2,180.0,194,30.683417108975878,0.5217499999999999,4.765145953440646,0.35976189272108094,5.646657846161727,True,,,,
445,98,117,23,7,108.375,150.0,37.075,150.0,123.125,5.0,71.3,105.05,15.707963267948966,120.75796326794897,2,180.0,194,34.41150866976943,0.52525,4.76514595344064,0.36482142656462413,5.655217380005263,True,,,,
446,99,84,25,41,117.725,150.0,44.775,0.0,102.125,5.0,72.94999999999999,202.95,15.707963267948966,218.65796326794896,2,180.0,257,9.936367072140982,1.01475,4.76514595344064,0.5027083544047729,6.282604307845413,True,,,,
447,99,101,25,17,116.5,150.0,82.95,150.0,131.875,5.0,33.55,49.8,15.707963267948966,65.50796326794897,2,180.0,101,51.31781254651063,0.249,4.76514595344064,0.18803560792510943,5.202181561365749,True,,,,
448,99,101,25,17,116.675,150.0,82.775,150.0,131.7,5.0,33.89999999999999,50.500000000000014,15.707963267948966,66.20796326794898,2,180.0,101,53.8429917990011,0.25250000000000006,4.76514595344064,0.1866368295067598,5.2042827829474,True,,,,
449,99,101,25,17,116.85,150.0,82.6,150.0,131.525,5.0,34.25,51.19999999999999,15.707963267948966,66.90796326794896,2,180.0,101,52.048079710753676,0.25599999999999995,4.76514595344064,0.18654759897958045,5.207693552420221,True,,,,
450,99,107,25,11,117.2,150.0,56.125,150.0,117.875,5.0,61.075,105.325,15.707963267948966,121.03296326794897,2,180.0,173,21.565185015242495,0.526625,4.76514595344064,0.3490774642347408,5.640848417675381,True,,,,
451,99,107,25,11,117.375,150.0,55.95,150.0,117.7,5.0,61.425,106.02499999999999,15.707963267948966,121.73296326794896,2,180.0,173,26.49157020035585,0.530125,4.76514595344064,0.3547917017857336,5.650062655226373,True,,,,
452,99,107,25,11,117.55,150.0,55.775,150.0,117.525,5.0,61.775,106.725,15.707963267948966,122.43296326794896,2,180.0,173,30.683417108975586,0.533625,4.76514595344064,0.358958340357146,5.657729293797786,True,,,,
453,99,109,25,15,117.025,150.0,73.775,150.0,118.05,5.0,43.25,87.15,15.707963267948966,102.85796326794897,2,180.0,127,15.203604093292912,0.43575,4.76514595344064,0.2695833754762148,5.470479328916854,True,,,,
454,61,101,29,17,134.5,150.0,82.425,150.0,106.325,5.0,52.075,119.425,15.707963267948966,135.13296326794895,2,180.0,154,21.565185015242495,0.597125,4.76514595344064,0.28660716091837796,5.648878114359018,True,,,,
455,101,84,17,41,81.55,150.0,44.425,0.0,130.3,5.0,37.125,167.125,15.707963267948966,182.83296326794897,2,180.0,258,21.565185015242495,0.8356250000000001,4.76514595344064,0.4943751053572015,6.095146058797842,True,,,,
456,101,84,17,41,81.725,150.0,44.6,0.0,129.95,5.0,37.12499999999999,167.125,15.707963267948966,182.83296326794897,2,180.0,258,18.194872338766753,0.8356250000000001,4.76514595344064,0.5017858467347681,6.1025568001754085,True,,,,
457,101,114,17,3,81.375,150.0,20.125,150.0,131.35,5.0,61.25,78.55000000000001,15.707963267948966,94.25796326794898,2,180.0,151,40.974630229445246,0.39275000000000004,4.76514595344064,0.27452375734690926,5.432419710787549,True,,,,
458,101,117,17,7,81.025,150.0,37.775,150.0,131.7,5.0,43.25000000000001,59.85000000000003,15.707963267948966,75.55796326794899,2,180.0,126,34.41150866976943,0.2992500000000002,4.76514595344064,0.23169636335030322,5.296092316790943,True,,,,
459,101,118,17,9,80.5,150.0,47.125,150.0,144.825,5.0,33.375,23.725000000000023,15.707963267948966,39.43296326794899,2,180.0,104,43.94551956230842,0.11862500000000012,4.76514595344064,0.20151778991492791,5.085288743355568,True,,,,
460,101,118,17,9,80.675,150.0,46.95,150.0,144.65,5.0,33.724999999999994,24.424999999999983,15.707963267948966,40.13296326794895,2,180.0,104,40.974630229445246,0.12212499999999991,4.76514595344064,0.20089283908162264,5.088163792522262,True,,,,
461,101,118,17,9,80.85,150.0,46.775,150.0,144.475,5.0,34.074999999999996,25.125000000000007,15.707963267948966,40.83296326794897,2,180.0,104,37.81448850601388,0.12562500000000004,4.76514595344064,0.2020535664115621,5.092824519852202,True,,,,
462,74,107,55,11,107.25,0.0,53.85,150.0,76.925,5.0,53.4,183.39999999999998,15.707963267948966,199.10796326794895,2,180.0,227,28.357636576327984,0.9169999999999999,4.76514595344064,0.4227679725340783,6.104913925974718,True,,,,
464,111,108,19,13,89.675,150.0,64.95,150.0,140.625,5.0,24.724999999999994,23.474999999999994,15.707963267948966,39.18296326794896,2,180.0,80,30.9532228438899,0.11737499999999998,4.76514595344064,0.16360116539114222,5.046122118831782,True,,,,
465,111,108,19,13,89.5,150.0,65.125,150.0,140.8,5.0,24.375,22.774999999999977,15.707963267948966,38.482963267948946,2,180.0,80,32.51641256156179,0.11387499999999989,4.76514595344064,0.16029761302720752,5.0393185664678475,True,,,,
466,77,109,49,15,79.9,0.0,73.6,150.0,97.75,5.0,6.300000000000011,140.7096824596788,11.917873060989464,152.62755552066824,2,136.5687654334712,238,47.54584979559903,0.7035484122983939,3.6153894442871612,0.42380943551015254,4.742747292095708,True,,,,
467,109,84,15,41,72.55,150.0,43.55,0.0,49.8,5.0,29.0,159.0,15.707963267948966,174.70796326794897,2,180.0,275,18.56960180922744,0.795,4.76514595344064,0.5274702471258549,6.087616200566495,True,,,,
468,109,84,15,41,72.725,150.0,43.725,0.0,49.625,5.0,28.999999999999993,159.0,15.707963267948966,174.70796326794897,2,180.0,275,15.203604093292912,0.795,4.76514595344064,0.5392559814796078,6.099401934920247,True,,,,
469,109,84,15,41,72.9,150.0,43.9,0.0,51.375,5.0,29.000000000000007,159.0,15.707963267948966,174.70796326794897,2,180.0,281,15.203604093292912,0.795,4.76514595344064,0.6036905644898458,6.163836517930486,True,,,,
470,109,84,15,41,73.075,150.0,44.075,0.0,53.825,5.0,29.0,159.0,15.707963267948966,174.70796326794897,2,180.0,277,15.203604093292752,0.795,4.76514595344064,0.573928671768764,6.134074625209403,True,,,,
471,109,84,15,41,73.25,150.0,44.25,0.0,137.65,5.0,29.0,159.0,15.707963267948966,174.70796326794897,2,180.0,261,15.203604093292752,0.795,4.76514595344064,0.5828573997280374,6.143003353168677,True,,,,
472,109,86,15,39,71.85,150.0,34.375,0.0,50.15,5.0,37.474999999999994,167.475,15.707963267948966,183.18296326794896,2,180.0,279,18.56960180922754,0.837375,4.76514595344064,0.5654465178742001,6.16796747131484,True,,,,
473,109,86,15,39,72.025,150.0,34.55,0.0,49.975,5.0,37.47500000000001,167.47500000000002,15.707963267948966,183.182963267949,2,180.0,281,15.203604093292752,0.8373750000000001,4.76514595344064,0.5889881775170532,6.191509130957693,True,,,,
474,109,86,15,39,72.2,150.0,34.725,0.0,143.425,5.0,37.475,167.475,15.707963267948966,183.18296326794896,2,180.0,267,15.203604093292752,0.837375,4.76514595344064,0.5816668071429364,6.184187760583576,True,,,,
475,109,86,15,39,72.375,150.0,34.9,0.0,141.325,5.0,37.475,167.475,15.707963267948966,183.18296326794896,2,180.0,259,21.565185015242598,0.837375,4.76514595344064,0.546577548520503,6.149098501961142,True,,,,
476,109,117,15,7,71.5,150.0,38.125,150.0,135.2,5.0,33.375,42.97500000000002,15.707963267948966,58.68296326794899,2,180.0,111,26.491570200356207,0.21487500000000012,4.76514595344064,0.22690477394558553,5.206925727386225,True,,,,
477,109,117,15,7,71.675,150.0,37.95,150.0,135.025,5.0,33.724999999999994,43.67499999999998,15.707963267948966,59.38296326794895,2,180.0,111,26.491570200356353,0.21837499999999993,4.76514595344064,0.22869045210883018,5.2122114055494695,True,,,,
478,111,77,19,49,90.725,150.0,80.075,0.0,66.25,5.0,10.649999999999991,140.64999999999998,15.707963267948966,156.35796326794895,2,180.0,226,60.08266493360391,0.7032499999999999,4.76514595344064,0.39714276884348587,5.865538722284125,True,,,,
479,111,77,19,49,90.9,150.0,80.25,0.0,66.075,5.0,10.650000000000006,140.65,15.707963267948966,156.35796326794897,2,180.0,226,60.78586474829689,0.70325,4.76514595344064,0.3987499016666094,5.867145855107249,True,,,,
480,111,77,19,49,91.075,150.0,80.425,0.0,65.9,5.0,10.650000000000006,140.65,15.707963267948966,156.35796326794897,2,180.0,226,58.47554104876857,0.70325,4.76514595344064,0.3995833473809593,5.867979300821599,True,,,,
481,111,79,19,43,90.55,150.0,53.25,0.0,113.325,5.0,37.3,167.3,15.707963267948966,183.00796326794898,2,180.0,267,15.203604093292912,0.8365,4.76514595344064,0.5145535945068148,6.1161995479474545,True,,,,
482,111,81,19,37,90.025,150.0,24.675,0.0,126.975,5.0,65.35000000000001,195.35000000000002,15.707963267948966,211.057963267949,2,180.0,242,17.25385311735743,0.9767500000000001,4.76514595344064,0.49773821965993387,6.2396341731005736,True,,,,
483,111,81,19,37,90.2,150.0,24.85,0.0,126.8,5.0,65.35,195.34999999999997,15.707963267948966,211.05796326794894,2,180.0,242,23.073918065631112,0.9767499999999999,4.76514595344064,0.48288695593540215,6.224782909376042,True,,,,
484,111,81,19,37,90.375,150.0,25.025,0.0,126.625,5.0,65.35,195.35,15.707963267948966,211.05796326794896,2,180.0,242,26.491570200356207,0.97675,4.76514595344064,0.476547767551104,6.218443720991743,True,,,,
485,111,114,19,3,89.85,150.0,19.95,150.0,128.025,5.0,69.89999999999999,93.84999999999998,15.707963267948966,109.55796326794895,2,180.0,169,21.565185015242495,0.4692499999999999,4.76514595344064,0.306041603452345,5.540437556892984,True,,,,
488,86,114,39,3,33.85,0.0,19.25,150.0,52.6,5.0,14.600000000000001,144.60000000000002,15.707963267948966,160.307963267949,2,180.0,110,30.683417108975732,0.7230000000000001,4.76514595344064,0.22535723115651352,5.713503184597153,True,,,,
497,62,116,53,1,97.9,0.0,9.55,150.0,72.9,5.0,88.35000000000001,218.35,15.707963267948966,234.05796326794896,2,180.0,212,32.32806412216236,1.09175,4.76514595344064,0.40395828416663765,6.260854237607278,True,,,,
498,62,116,53,1,98.075,0.0,9.725,150.0,73.075,5.0,88.35000000000001,218.35000000000002,15.707963267948966,234.057963267949,2,180.0,212,35.90406858331716,1.0917500000000002,4.76514595344064,0.4009821257993091,6.257878079239949,True,,,,
499,62,116,53,1,98.25,0.0,9.9,150.0,73.25,5.0,88.35,218.35,15.707963267948966,234.05796326794896,2,180.0,212,39.19496742598291,1.09175,4.76514595344064,0.39360116539114137,6.250497118831781,True,,,,
500,62,116,53,1,98.425,0.0,10.075,150.0,73.425,5.0,88.35,218.34999999999997,15.707963267948966,234.05796326794894,2,180.0,212,42.268584429572414,1.0917499999999998,4.76514595344064,0.38791670880954715,6.244812662250187,True,,,,
501,80,116,35,1,15.5,0.0,8.5,150.0,48.925,5.0,7.0,140.46060798583053,12.661036727794986,153.12164471362553,2,145.0847937525558,37,9.936367072140655,0.7023030399291527,3.840834543643116,0.1015476270748345,4.644685210647103,True,,,,
502,72,117,57,7,115.55,0.0,36.375,150.0,82.7,5.0,79.175,209.175,15.707963267948966,224.88296326794898,2,180.0,220,42.2685844295724,1.045875,4.76514595344064,0.4053274220918595,6.216348375532499,True,,,,
503,72,117,57,7,115.725,0.0,36.55,150.0,83.75,5.0,79.175,209.175,15.707963267948966,224.88296326794898,2,180.0,220,37.81448850601411,1.045875,4.76514595344064,0.4105655012755237,6.221586454716163,True,,,,
504,84,117,41,7,43.025,0.0,36.2,150.0,56.275,5.0,6.824999999999996,140.51741728219574,12.477044197570951,152.9944614797667,2,142.9763946638016,167,23.79427295053669,0.7025870864109787,3.785018824831924,0.3196130721598506,4.807218983402754,True,,,,
505,98,117,23,7,108.55,150.0,36.9,150.0,122.95,5.0,71.65,105.74999999999999,15.707963267948966,121.45796326794895,2,180.0,194,37.81448850601411,0.5287499999999999,4.76514595344064,0.37220238697279195,5.6660983404134315,True,,,,
506,101,117,17,7,81.2,150.0,37.6,150.0,131.525,5.0,43.6,60.54999999999999,15.707963267948966,76.25796326794895,2,180.0,126,37.81448850601388,0.30274999999999996,4.76514595344064,0.2309821257993104,5.29887807923995,True,,,,
507,71,118,24,9,112.35,150.0,46.6,150.0,120.5,5.0,65.75,104.75,15.707963267948966,120.45796326794897,2,180.0,189,21.565185015242495,0.52375,4.76514595344064,0.36053580459188794,5.649431758032527,True,,,,
508,71,118,24,9,112.525,150.0,46.425,150.0,120.325,5.0,66.10000000000001,105.45,15.707963267948966,121.15796326794897,2,180.0,189,26.49157020035585,0.52725,4.76514595344064,0.36726197700684354,5.659657930447483,True,,,,
509,71,118,24,9,112.7,150.0,46.25,150.0,120.15,5.0,66.45,106.14999999999999,15.707963267948966,121.85796326794896,2,180.0,189,30.683417108975586,0.5307499999999999,4.76514595344064,0.3785416877381069,5.674437641178747,True,,,,
510,71,118,24,9,112.875,150.0,46.075,150.0,119.975,5.0,66.8,106.85000000000001,15.707963267948966,122.55796326794898,2,180.0,189,34.41150866976943,0.53425,4.76514595344064,0.38952381353741683,5.6889197669780565,True,,,,
