route_a,route_b,x_mm,y_mm,angle_deg,loss_db
0,22,140.6,35.3250628144669,84.26082952273322,0.0018452401020419631
0,23,140.9,35.36441492829877,80.79310377865397,0.0018749929761864628
0,24,139.4,35.3,90.0,0.0016666666666666668
0,25,139.7,35.3,90.0,0.0016666666666666668
0,26,140.0,35.3,90.0,0.0016666666666666668
0,27,140.3,35.30400160128128,87.70755722404392,0.0018749929761864628
0,28,132.2,4.995998398718719,87.70755722404425,0.0018749929761864628
0,29,132.2,5.300000000000001,90.0,0.0016666666666666668
0,30,132.2,12.2,90.0,0.0016666666666666668
0,31,139.1,35.3,90.0,0.0016666666666666668
0,32,132.2250628144669,30.8,84.26082952273316,0.0018452401020419631
0,33,132.26441492829878,31.1,80.79310377865403,0.0018749929761864628
0,34,132.39999999999998,31.7,73.73979529168805,0.0018452401020419631
0,35,132.32250064069711,31.4,77.29096700560454,0.0017857062584988146
1,22,140.6,33.80400160128128,87.70755722404425,0.0018749929761864628
1,23,140.9,33.8250628144669,84.26082952273322,0.0018452401020419631
1,24,139.4,33.8,90.0,0.0016666666666666668
1,25,139.7,33.8,90.0,0.0016666666666666668
1,26,140.0,33.8,90.0,0.0016666666666666668
1,27,140.3,33.8,90.0,0.0016666666666666668
1,28,132.5,4.974937185533101,84.26082952273322,0.0018452401020419631
1,29,132.5,5.295998398718719,87.70755722404425,0.0018749929761864628
1,30,132.5,12.2,90.0,0.0016666666666666668
1,31,139.1,33.8,90.0,0.0016666666666666668
1,32,132.91741107476804,30.799969685355645,66.62171716757946,0.002916680714293742
1,33,133.06040542391537,31.1,62.612892497346095,0.002113100255104908
1,34,133.42691762911673,31.7,54.54945736082463,0.002261892721081555
1,35,133.22916869918748,31.4,58.667748502405686,0.00199406066327276
2,24,136.1,113.9021271782035,70.12312592992129,0.0033035804591888336
2,25,136.1,114.89999999999999,73.73979529168798,0.0018452401020419631
2,26,136.1,115.27749935930288,77.29096700560461,0.0017857062584988146
2,27,136.1,115.63558507170123,80.7931037786543,0.0018749929761864628
2,28,131.6,5.0,90.0,0.0016666666666666668
2,29,131.6,5.300000000000001,90.0,0.0016666666666666668
2,30,131.6,12.2,90.0,0.0016666666666666668
2,31,136.1,113.48257569495584,66.42182152179815,0.002916680714293742
2,32,131.6,30.8,90.0,0.0016666666666666668
2,33,131.6,31.1,90.0,0.0016666666666666668
2,34,131.6,31.7,90.0,0.0016666666666666668
2,35,131.6,31.4,90.0,0.0016666666666666668
2,36,136.1,119.0,90.0,0.0016666666666666668
2,37,136.1,130.1,90.0,0.0016666666666666668
2,38,136.1,134.0,90.0,0.0016666666666666668
2,39,136.1,133.7,90.0,0.0016666666666666668
2,40,136.1,118.7,90.0,0.0016666666666666668
2,41,136.1,118.4,90.0,0.0016666666666666668
2,42,136.1,118.1,90.0,0.0016666666666666668
2,43,136.1,117.8,90.0,0.0016666666666666668
2,44,131.82276799082757,36.5,72.8325889687031,0.002232139846937056
2,45,131.74022226508916,36.2,76.39867121599247,0.0017857062584988146
2,46,131.67730423487205,35.9,79.91175988293536,0.0019047739455851117
2,47,131.6332679195187,35.6,83.38687784849668,0.0017857062584988146
3,24,136.4,113.78257569495585,66.42182152179822,0.002916680714293742
3,25,136.4,114.80212717820348,70.12312592992093,0.0033035804591888336
3,26,136.4,115.2,73.73979529168798,0.0018452401020419631
3,27,136.4,115.57749935930289,77.29096700560466,0.0017857062584988146
3,28,131.9,5.0,90.0,0.0016666666666666668
3,29,131.9,5.300000000000001,90.0,0.0016666666666666668
3,30,131.9,12.2,90.0,0.0016666666666666668
3,31,136.4,113.33959457608462,62.61289249734594,0.002113100255104908
3,32,131.9,30.8,90.0,0.0016666666666666668
3,33,131.9,31.1,90.0,0.0016666666666666668
3,34,131.9,31.7,90.0,0.0016666666666666668
3,35,131.9,31.4,90.0,0.0016666666666666668
3,36,136.4,119.0,90.0,0.0016666666666666668
3,37,136.4,130.1,90.0,0.0016666666666666668
3,38,136.4,134.0,90.0,0.0016666666666666668
3,39,136.4,133.7,90.0,0.0016666666666666668
3,40,136.4,118.7,90.0,0.0016666666666666668
3,41,136.4,118.4,90.0,0.0016666666666666668
3,42,136.4,118.1,90.0,0.0016666666666666668
3,43,136.4,117.8,90.0,0.0016666666666666668
3,44,132.8819811034424,36.5,53.47562917057842,0.002321426564624704
3,45,132.676261156704,36.2,57.64492144124121,0.0021726340986480564
3,46,132.50051550978515,35.9,61.629928798652905,0.0018452401020419631
3,47,132.35126855673866,35.6,65.47031401667955,0.003065473180270389
4,13,100.1,109.1,90.0,0.0016666666666666668
4,14,100.4,109.1,90.0,0.0016666666666666668
4,15,100.7,109.1,90.0,0.0016666666666666668
4,16,101.0,109.1,90.0,0.0016666666666666668
4,17,98.0,109.1,90.0,0.0016666666666666668
4,18,98.3,109.1,90.0,0.0016666666666666668
4,19,98.6,109.1,90.0,0.0016666666666666668
4,28,129.5,5.0,90.0,0.0016666666666666668
4,29,129.5,5.3,90.0,0.0016666666666666668
4,30,129.5,12.2,90.0,0.0016666666666666668
4,31,18.50400160128129,113.9,87.70755722404424,0.0018749929761864628
4,32,129.5,30.8,90.0,0.0016666666666666668
4,33,129.5,31.1,90.0,0.0016666666666666668
4,34,129.5,31.7,90.0,0.0016666666666666668
4,35,129.5,31.4,90.0,0.0016666666666666668
4,44,129.5,36.5,90.0,0.0016666666666666668
4,45,129.5,36.2,90.0,0.0016666666666666668
4,46,129.5,35.9,90.0,0.0016666666666666668
4,47,129.5,35.6,90.0,0.0016666666666666668
4,56,129.5,40.7,90.0,0.0016666666666666668
4,57,129.5,40.4,90.0,0.0016666666666666668
4,58,129.5,40.1,90.0,0.0016666666666666668
4,59,129.5,41.0,90.0,0.0016666666666666668
4,67,62.0,109.1,90.0,0.0016666666666666668
4,68,61.4,109.1,90.0,0.0016666666666666668
4,69,61.7,109.1,90.0,0.0016666666666666668
4,70,60.8,109.1,90.0,0.0016666666666666668
4,71,61.1,109.1,90.0,0.0016666666666666668
4,72,107.3,109.1,90.0,0.0016666666666666668
4,73,107.6,109.1,90.0,0.0016666666666666668
4,77,117.8,109.1,90.0,0.0016666666666666668
4,78,116.9,109.1,90.0,0.0016666666666666668
4,79,117.2,109.1,90.0,0.0016666666666666668
4,80,117.5,109.1,90.0,0.0016666666666666668
4,81,115.1,109.1,90.0,0.0016666666666666668
4,82,115.4,109.1,90.0,0.0016666666666666668
4,83,115.7,109.1,90.0,0.0016666666666666668
4,84,116.0,109.1,90.0,0.0016666666666666668
4,86,107.96441492829878,109.1,80.79310377865397,0.0018749929761864628
4,87,108.32250064069713,109.1,77.29096700560446,0.0017857062584988146
4,88,108.7,109.1,73.73979529168798,0.0018452401020419631
4,89,106.7,109.1,90.0,0.0016666666666666668
4,90,107.0,109.1,90.0,0.0016666666666666668
4,91,106.1,109.1,90.0,0.0016666666666666668
4,92,106.4,109.1,90.0,0.0016666666666666668
4,101,126.8,108.53959457608462,62.61289249734616,0.002113100255104908
4,102,127.1,108.37083130081253,58.66774850240584,0.00199406066327276
4,103,127.4,108.17308237088325,54.549457360824505,0.002261892721081555
4,104,127.7,107.9418745424597,50.20818050044273,0.0038393007653147234
4,105,125.9,108.89999999999999,73.73979529168798,0.0018452401020419631
4,106,126.2,108.80212717820349,70.12312592992113,0.0033035804591888336
4,111,72.2,109.1,90.0,0.0016666666666666668
4,112,72.5,109.1,90.0,0.0016666666666666668
4,113,71.6,109.1,90.0,0.0016666666666666668
4,114,71.9,109.1,90.0,0.0016666666666666668
4,115,70.7,109.1,90.0,0.0016666666666666668
4,116,71.0,109.1,90.0,0.0016666666666666668
4,117,71.3,109.1,90.0,0.0016666666666666668
4,122,53.0,109.1,90.0,0.0016666666666666668
4,123,53.3,109.1,90.0,0.0016666666666666668
4,124,53.599999999999994,109.1,90.0,0.0016666666666666668
4,125,52.28257569495584,109.1,66.42182152179815,0.002916680714293742
4,130,81.50400160128129,109.1,87.70755722404408,0.0018749929761864628
4,131,81.82506281446689,109.1,84.26082952273323,0.0018452401020419631
4,132,80.6,109.1,90.0,0.0016666666666666668
4,133,80.9,109.1,90.0,0.0016666666666666668
4,134,79.7,109.1,90.0,0.0016666666666666668
4,135,80.0,109.1,90.0,0.0016666666666666668
4,143,90.2,109.1,90.0,0.0016666666666666668
4,144,90.5,109.1,90.0,0.0016666666666666668
4,145,90.8,109.1,90.0,0.0016666666666666668
4,147,34.7,109.1,90.0,0.0016666666666666668
4,148,32.77083130081252,109.1,58.66774850240561,0.00199406066327276
4,149,33.23959457608461,109.1,62.61289249734594,0.002113100255104908
4,150,34.400000000000006,109.1,90.0,0.0016666666666666668
4,156,43.7,109.1,90.0,0.0016666666666666668
4,157,44.0,109.1,90.0,0.0016666666666666668
4,158,42.8,109.1,90.0,0.0016666666666666668
4,159,43.099999999999994,109.1,90.0,0.0016666666666666668
4,164,18.5,144.8,90.0,0.0016666666666666668
4,178,128.0,107.67071421427141,45.57299599919425,0.005714293741501186
4,179,81.2,109.1,90.0,0.0016666666666666668
4,190,46.400000000000006,109.1,90.0,0.0016666666666666668
4,199,45.8,109.1,90.0,0.0016666666666666668
4,200,46.099999999999994,109.1,90.0,0.0016666666666666668
4,206,126.5,108.68257569495583,66.42182152179815,0.002916680714293742
4,207,80.3,109.1,90.0,0.0016666666666666668
4,210,53.900000000000006,109.1,90.0,0.0016666666666666668
4,211,44.3,109.1,90.0,0.0016666666666666668
4,212,44.599999999999994,109.1,90.0,0.0016666666666666668
4,213,44.900000000000006,109.1,90.0,0.0016666666666666668
4,214,45.2,109.1,90.0,0.0016666666666666668
4,215,45.5,109.1,90.0,0.0016666666666666668
4,222,54.2,109.1,90.0,0.0016666666666666668
4,223,54.5,109.1,90.0,0.0016666666666666668
4,224,54.8,109.1,90.0,0.0016666666666666668
4,225,91.1,109.1,90.0,0.0016666666666666668
4,226,24.799999999999997,109.1,90.0,0.0016666666666666668
4,227,25.099999999999994,109.1,90.0,0.0016666666666666668
4,228,25.400000000000006,109.1,90.0,0.0016666666666666668
4,241,98.9,109.1,90.0,0.0016666666666666668
4,242,99.2,109.1,90.0,0.0016666666666666668
4,243,99.5,109.1,90.0,0.0016666666666666668
4,244,99.8,109.1,90.0,0.0016666666666666668
4,245,34.099999999999994,109.1,90.0,0.0016666666666666668
4,246,116.3,109.1,90.0,0.0016666666666666668
4,247,116.6,109.1,90.0,0.0016666666666666668
4,248,43.400000000000006,109.1,90.0,0.0016666666666666668
4,255,24.5,109.1,90.0,0.0016666666666666668
5,13,100.1,109.4,90.0,0.0016666666666666668
5,14,100.4,109.4,90.0,0.0016666666666666668
5,15,100.7,109.4,90.0,0.0016666666666666668
5,16,101.0,109.4,90.0,0.0016666666666666668
5,17,98.0,109.4,90.0,0.0016666666666666668
5,18,98.3,109.4,90.0,0.0016666666666666668
5,19,98.6,109.4,90.0,0.0016666666666666668
5,28,129.8,5.0,90.0,0.0016666666666666668
5,29,129.8,5.3,90.0,0.0016666666666666668
5,30,129.8,12.2,90.0,0.0016666666666666668
5,31,18.825062814466904,113.9,84.26082952273322,0.0018452401020419631
5,32,129.8,30.8,90.0,0.0016666666666666668
5,33,129.8,31.1,90.0,0.0016666666666666668
5,34,129.8,31.7,90.0,0.0016666666666666668
5,35,129.8,31.4,90.0,0.0016666666666666668
5,44,129.8,36.5,90.0,0.0016666666666666668
5,45,129.8,36.2,90.0,0.0016666666666666668
5,46,129.8,35.9,90.0,0.0016666666666666668
5,47,129.8,35.6,90.0,0.0016666666666666668
5,56,129.8,40.7,90.0,0.0016666666666666668
5,57,129.8,40.4,90.0,0.0016666666666666668
5,58,129.8,40.1,90.0,0.0016666666666666668
5,59,129.8,41.0,90.0,0.0016666666666666668
5,67,62.0,109.4,90.0,0.0016666666666666668
5,68,61.4,109.4,90.0,0.0016666666666666668
5,69,61.7,109.4,90.0,0.0016666666666666668
5,70,60.8,109.4,90.0,0.0016666666666666668
5,71,61.1,109.4,90.0,0.0016666666666666668
5,72,107.3,109.4,90.0,0.0016666666666666668
5,73,107.6,109.4,90.0,0.0016666666666666668
5,77,117.8,109.4,90.0,0.0016666666666666668
5,78,116.9,109.4,90.0,0.0016666666666666668
5,79,117.2,109.4,90.0,0.0016666666666666668
5,80,117.5,109.4,90.0,0.0016666666666666668
5,81,115.1,109.4,90.0,0.0016666666666666668
5,82,115.4,109.4,90.0,0.0016666666666666668
5,83,115.7,109.4,90.0,0.0016666666666666668
5,84,116.0,109.4,90.0,0.0016666666666666668
5,86,107.92506281446691,109.4,84.2608295227332,0.0018452401020419631
5,87,108.26441492829878,109.4,80.79310377865414,0.0018749929761864628
5,88,108.62250064069713,109.4,77.29096700560461,0.0017857062584988146
5,89,106.7,109.4,90.0,0.0016666666666666668
5,90,107.0,109.4,90.0,0.0016666666666666668
5,91,106.1,109.4,90.0,0.0016666666666666668
5,92,106.4,109.4,90.0,0.0016666666666666668
5,101,126.8,108.98257569495586,66.42182152179836,0.002916680714293742
5,102,127.1,108.83959457608464,62.61289249734631,0.002113100255104908
5,103,127.4,108.67083130081254,58.66774850240584,0.00199406066327276
5,104,127.7,108.47308237088328,54.54945736082474,0.002261892721081555
5,105,125.9,109.27749935930288,77.29096700560461,0.0017857062584988146
5,106,126.2,109.20000000000002,73.73979529168817,0.0018452401020419631
5,111,72.2,109.4,90.0,0.0016666666666666668
5,112,72.5,109.4,90.0,0.0016666666666666668
5,113,71.6,109.4,90.0,0.0016666666666666668
5,114,71.9,109.4,90.0,0.0016666666666666668
5,115,70.7,109.4,90.0,0.0016666666666666668
5,116,71.0,109.4,90.0,0.0016666666666666668
5,117,71.3,109.4,90.0,0.0016666666666666668
5,122,53.0,109.4,90.0,0.0016666666666666668
5,123,53.3,109.4,90.0,0.0016666666666666668
5,124,53.599999999999994,109.4,90.0,0.0016666666666666668
5,125,52.4021271782035,109.4,70.12312592992129,0.0033035804591888336
5,130,81.5,109.4,90.0,0.0016666666666666668
5,131,81.80400160128127,109.4,87.70755722404425,0.0018749929761864628
5,132,80.6,109.4,90.0,0.0016666666666666668
5,133,80.9,109.4,90.0,0.0016666666666666668
5,134,79.7,109.4,90.0,0.0016666666666666668
5,135,80.0,109.4,90.0,0.0016666666666666668
5,143,90.2,109.4,90.0,0.0016666666666666668
5,144,90.5,109.4,90.0,0.0016666666666666668
5,145,90.8,109.4,90.0,0.0016666666666666668
5,147,34.7,109.4,90.0,0.0016666666666666668
5,148,32.93959457608463,109.4,62.61289249734616,0.002113100255104908
5,149,33.38257569495583,109.4,66.42182152179815,0.002916680714293742
5,150,34.400000000000006,109.4,90.0,0.0016666666666666668
5,156,43.7,109.4,90.0,0.0016666666666666668
5,157,44.0,109.4,90.0,0.0016666666666666668
5,158,42.8,109.4,90.0,0.0016666666666666668
5,159,43.099999999999994,109.4,90.0,0.0016666666666666668
5,164,18.8,144.8,90.0,0.0016666666666666668
5,178,128.0,108.24187454245973,50.20818050044296,0.0038393007653147234
5,179,81.2,109.4,90.0,0.0016666666666666668
5,190,46.400000000000006,109.4,90.0,0.0016666666666666668
5,199,45.8,109.4,90.0,0.0016666666666666668
5,200,46.099999999999994,109.4,90.0,0.0016666666666666668
5,206,126.5,109.10212717820352,70.12312592992134,0.0033035804591888336
5,207,80.3,109.4,90.0,0.0016666666666666668
5,210,53.900000000000006,109.4,90.0,0.0016666666666666668
5,211,44.3,109.4,90.0,0.0016666666666666668
5,212,44.599999999999994,109.4,90.0,0.0016666666666666668
5,213,44.900000000000006,109.4,90.0,0.0016666666666666668
5,214,45.2,109.4,90.0,0.0016666666666666668
5,215,45.5,109.4,90.0,0.0016666666666666668
5,222,54.2,109.4,90.0,0.0016666666666666668
5,223,54.5,109.4,90.0,0.0016666666666666668
5,224,54.8,109.4,90.0,0.0016666666666666668
5,225,91.1,109.4,90.0,0.0016666666666666668
5,226,24.799999999999997,109.4,90.0,0.0016666666666666668
5,227,25.099999999999994,109.4,90.0,0.0016666666666666668
5,228,25.400000000000006,109.4,90.0,0.0016666666666666668
5,241,98.9,109.4,90.0,0.0016666666666666668
5,242,99.2,109.4,90.0,0.0016666666666666668
5,243,99.5,109.4,90.0,0.0016666666666666668
5,244,99.8,109.4,90.0,0.0016666666666666668
5,245,34.099999999999994,109.4,90.0,0.0016666666666666668
5,246,116.3,109.4,90.0,0.0016666666666666668
5,247,116.6,109.4,90.0,0.0016666666666666668
5,248,43.400000000000006,109.4,90.0,0.0016666666666666668
5,255,24.5,109.4,90.0,0.0016666666666666668
6,13,100.1,109.7,90.0,0.0016666666666666668
6,14,100.4,109.7,90.0,0.0016666666666666668
6,15,100.7,109.7,90.0,0.0016666666666666668
6,16,101.0,109.7,90.0,0.0016666666666666668
6,17,98.0,109.7,90.0,0.0016666666666666668
6,18,98.3,109.7,90.0,0.0016666666666666668
6,19,98.6,109.7,90.0,0.0016666666666666668
6,28,130.1,5.0,90.0,0.0016666666666666668
6,29,130.1,5.3,90.0,0.0016666666666666668
6,30,130.1,12.2,90.0,0.0016666666666666668
6,31,19.16441492829877,113.9,80.79310377865414,0.0018749929761864628
6,32,130.1,30.8,90.0,0.0016666666666666668
6,33,130.1,31.1,90.0,0.0016666666666666668
6,34,130.1,31.7,90.0,0.0016666666666666668
6,35,130.1,31.4,90.0,0.0016666666666666668
6,44,130.1,36.5,90.0,0.0016666666666666668
6,45,130.1,36.2,90.0,0.0016666666666666668
6,46,130.1,35.9,90.0,0.0016666666666666668
6,47,130.1,35.6,90.0,0.0016666666666666668
6,56,130.1,40.7,90.0,0.0016666666666666668
6,57,130.1,40.4,90.0,0.0016666666666666668
6,58,130.1,40.1,90.0,0.0016666666666666668
6,59,130.1,41.00400160128128,87.70755722404425,0.0018749929761864628
6,67,62.0,109.7,90.0,0.0016666666666666668
6,68,61.4,109.7,90.0,0.0016666666666666668
6,69,61.7,109.7,90.0,0.0016666666666666668
6,70,60.8,109.7,90.0,0.0016666666666666668
6,71,61.1,109.7,90.0,0.0016666666666666668
6,72,107.3,109.7,90.0,0.0016666666666666668
6,73,107.6,109.7,90.0,0.0016666666666666668
6,77,117.8,109.7,90.0,0.0016666666666666668
6,78,116.9,109.7,90.0,0.0016666666666666668
6,79,117.2,109.7,90.0,0.0016666666666666668
6,80,117.5,109.7,90.0,0.0016666666666666668
6,81,115.1,109.7,90.0,0.0016666666666666668
6,82,115.4,109.7,90.0,0.0016666666666666668
6,83,115.7,109.7,90.0,0.0016666666666666668
6,84,116.0,109.7,90.0,0.0016666666666666668
6,86,107.9040016012813,109.7,87.70755722404408,0.0018749929761864628
6,87,108.2250628144669,109.7,84.26082952273323,0.0018452401020419631
6,88,108.56441492829877,109.7,80.79310377865414,0.0018749929761864628
6,89,106.7,109.7,90.0,0.0016666666666666668
6,90,107.0,109.7,90.0,0.0016666666666666668
6,91,106.1,109.7,90.0,0.0016666666666666668
6,92,106.4,109.7,90.0,0.0016666666666666668
6,101,126.8,109.4021271782035,70.12312592992113,0.0033035804591888336
6,102,127.1,109.28257569495585,66.42182152179822,0.002916680714293742
6,103,127.4,109.13959457608462,62.61289249734594,0.002113100255104908
6,104,127.7,108.97083130081252,58.66774850240561,0.00199406066327276
6,105,125.9,109.63558507170123,80.79310377865397,0.0018749929761864628
6,106,126.2,109.57749935930288,77.29096700560446,0.0017857062584988146
6,111,72.2,109.7,90.0,0.0016666666666666668
6,112,72.5,109.7,90.0,0.0016666666666666668
6,113,71.6,109.7,90.0,0.0016666666666666668
6,114,71.9,109.7,90.0,0.0016666666666666668
6,115,70.7,109.7,90.0,0.0016666666666666668
6,116,71.0,109.7,90.0,0.0016666666666666668
6,117,71.3,109.7,90.0,0.0016666666666666668
6,122,53.0,109.7,90.0,0.0016666666666666668
6,123,53.3,109.7,90.0,0.0016666666666666668
6,124,53.599999999999994,109.7,90.0,0.0016666666666666668
6,125,52.5,109.7,73.73979529168814,0.0018452401020419631
6,130,81.5,109.7,90.0,0.0016666666666666668
6,131,81.8,109.7,90.0,0.0016666666666666668
6,132,80.6,109.7,90.0,0.0016666666666666668
6,133,80.9,109.7,90.0,0.0016666666666666668
6,134,79.7,109.7,90.0,0.0016666666666666668
6,135,80.0,109.7,90.0,0.0016666666666666668
6,143,90.2,109.7,90.0,0.0016666666666666668
6,144,90.5,109.7,90.0,0.0016666666666666668
6,145,90.8,109.7,90.0,0.0016666666666666668
6,147,34.7,109.7,90.0,0.0016666666666666668
6,148,33.082575694955835,109.7,66.42182152179815,0.002916680714293742
6,149,33.502127178203494,109.7,70.12312592992113,0.0033035804591888336
6,150,34.400000000000006,109.7,90.0,0.0016666666666666668
6,156,43.7,109.7,90.0,0.0016666666666666668
6,157,44.0,109.7,90.0,0.0016666666666666668
6,158,42.8,109.7,90.0,0.0016666666666666668
6,159,43.099999999999994,109.7,90.0,0.0016666666666666668
6,164,19.1,144.8,90.0,0.0016666666666666668
6,178,128.0,108.77308237088326,54.549457360824505,0.002261892721081555
6,179,81.2,109.7,90.0,0.0016666666666666668
6,190,46.400000000000006,109.7,90.0,0.0016666666666666668
6,199,45.8,109.7,90.0,0.0016666666666666668
6,200,46.099999999999994,109.7,90.0,0.0016666666666666668
6,206,126.5,109.5,73.73979529168798,0.0018452401020419631
6,207,80.3,109.7,90.0,0.0016666666666666668
6,210,53.900000000000006,109.7,90.0,0.0016666666666666668
6,211,44.3,109.7,90.0,0.0016666666666666668
6,212,44.599999999999994,109.7,90.0,0.0016666666666666668
6,213,44.900000000000006,109.7,90.0,0.0016666666666666668
6,214,45.2,109.7,90.0,0.0016666666666666668
6,215,45.5,109.7,90.0,0.0016666666666666668
6,222,54.2,109.7,90.0,0.0016666666666666668
6,223,54.5,109.7,90.0,0.0016666666666666668
6,224,54.8,109.7,90.0,0.0016666666666666668
6,225,91.1,109.7,90.0,0.0016666666666666668
6,226,24.799999999999997,109.7,90.0,0.0016666666666666668
6,227,25.099999999999994,109.7,90.0,0.0016666666666666668
6,228,25.400000000000006,109.7,90.0,0.0016666666666666668
6,241,98.9,109.7,90.0,0.0016666666666666668
6,242,99.2,109.7,90.0,0.0016666666666666668
6,243,99.5,109.7,90.0,0.0016666666666666668
6,244,99.8,109.7,90.0,0.0016666666666666668
6,245,34.099999999999994,109.7,90.0,0.0016666666666666668
6,246,116.3,109.7,90.0,0.0016666666666666668
6,247,116.6,109.7,90.0,0.0016666666666666668
6,248,43.400000000000006,109.7,90.0,0.0016666666666666668
6,255,24.5,109.7,90.0,0.0016666666666666668
7,13,100.1,110.0,90.0,0.0016666666666666668
7,14,100.4,110.0,90.0,0.0016666666666666668
7,15,100.7,110.0,90.0,0.0016666666666666668
7,16,101.0,110.0,90.0,0.0016666666666666668
7,17,98.0,110.0,90.0,0.0016666666666666668
7,18,98.3,110.0,90.0,0.0016666666666666668
7,19,98.6,110.0,90.0,0.0016666666666666668
7,28,130.4,5.0,90.0,0.0016666666666666668
7,29,130.4,5.3,90.0,0.0016666666666666668
7,30,130.4,12.2,90.0,0.0016666666666666668
7,31,19.52250064069713,113.9,77.2909670056046,0.0017857062584988146
7,32,130.4,30.8,90.0,0.0016666666666666668
7,33,130.4,31.1,90.0,0.0016666666666666668
7,34,130.4,31.7,90.0,0.0016666666666666668
7,35,130.4,31.4,90.0,0.0016666666666666668
7,44,130.4,36.5,90.0,0.0016666666666666668
7,45,130.4,36.2,90.0,0.0016666666666666668
7,46,130.4,35.9,90.0,0.0016666666666666668
7,47,130.4,35.6,90.0,0.0016666666666666668
7,56,130.4,40.704001601281284,87.70755722404392,0.0018749929761864628
7,57,130.4,40.4,90.0,0.0016666666666666668
7,58,130.4,40.1,90.0,0.0016666666666666668
7,59,130.4,41.0250628144669,84.26082952273322,0.0018452401020419631
7,67,62.0,110.0,90.0,0.0016666666666666668
7,68,61.400000000000006,110.0,90.0,0.0016666666666666668
7,69,61.7,110.0,90.0,0.0016666666666666668
7,70,60.8,110.0,90.0,0.0016666666666666668
7,71,61.099999999999994,110.0,90.0,0.0016666666666666668
7,72,107.3,110.0,90.0,0.0016666666666666668
7,73,107.6,110.0,90.0,0.0016666666666666668
7,77,117.8,110.0,90.0,0.0016666666666666668
7,78,116.9,110.0,90.0,0.0016666666666666668
7,79,117.2,110.0,90.0,0.0016666666666666668
7,80,117.5,110.0,90.0,0.0016666666666666668
7,81,115.1,110.0,90.0,0.0016666666666666668
7,82,115.4,110.0,90.0,0.0016666666666666668
7,83,115.7,110.0,90.0,0.0016666666666666668
7,84,116.0,110.0,90.0,0.0016666666666666668
7,86,107.9,110.0,90.0,0.0016666666666666668
7,87,108.20400160128128,110.0,87.70755722404408,0.0018749929761864628
7,88,108.5250628144669,110.0,84.2608295227332,0.0018452401020419631
7,89,106.7,110.0,90.0,0.0016666666666666668
7,90,107.0,110.0,90.0,0.0016666666666666668
7,91,106.1,110.0,90.0,0.0016666666666666668
7,92,106.4,110.0,90.0,0.0016666666666666668
7,101,126.8,109.80000000000001,73.73979529168817,0.0018452401020419631
7,102,127.1,109.70212717820351,70.12312592992134,0.0033035804591888336
7,103,127.4,109.58257569495584,66.42182152179815,0.002916680714293742
7,104,127.7,109.43959457608463,62.61289249734616,0.002113100255104908
7,105,125.9,109.9749371855331,84.2608295227332,0.0018452401020419631
7,106,126.2,109.93558507170123,80.79310377865414,0.0018749929761864628
7,111,72.2,110.0,90.0,0.0016666666666666668
7,112,72.5,110.0,90.0,0.0016666666666666668
7,113,71.6,110.0,90.0,0.0016666666666666668
7,114,71.9,110.0,90.0,0.0016666666666666668
7,115,70.7,110.0,90.0,0.0016666666666666668
7,116,71.0,110.0,90.0,0.0016666666666666668
7,117,71.3,110.0,90.0,0.0016666666666666668
7,122,53.0,110.0,90.0,0.0016666666666666668
7,123,53.3,110.0,90.0,0.0016666666666666668
7,124,53.599999999999994,110.0,90.0,0.0016666666666666668
7,125,52.57749935930289,110.0,77.29096700560466,0.0017857062584988146
7,130,81.5,110.0,90.0,0.0016666666666666668
7,131,81.8,110.0,90.0,0.0016666666666666668
7,132,80.6,110.0,90.0,0.0016666666666666668
7,133,80.9,110.0,90.0,0.0016666666666666668
7,134,79.7,110.0,90.0,0.0016666666666666668
7,135,80.0,110.0,90.0,0.0016666666666666668
7,143,90.2,110.0,90.0,0.0016666666666666668
7,144,90.5,110.0,90.0,0.0016666666666666668
7,145,90.8,110.0,90.0,0.0016666666666666668
7,147,34.7,110.0,90.0,0.0016666666666666668
7,148,33.2021271782035,110.0,70.12312592992113,0.0033035804591888336
7,149,33.599999999999994,110.0,73.73979529168798,0.0018452401020419631
7,150,34.400000000000006,110.0,90.0,0.0016666666666666668
7,156,43.7,110.0,90.0,0.0016666666666666668
7,157,44.0,110.0,90.0,0.0016666666666666668
7,158,42.8,110.0,90.0,0.0016666666666666668
7,159,43.099999999999994,110.0,90.0,0.0016666666666666668
7,164,19.4,144.8,90.0,0.0016666666666666668
7,178,128.0,109.27083130081253,58.66774850240584,0.00199406066327276
7,179,81.2,110.0,90.0,0.0016666666666666668
7,190,46.400000000000006,110.0,90.0,0.0016666666666666668
7,199,45.8,110.0,90.0,0.0016666666666666668
7,200,46.099999999999994,110.0,90.0,0.0016666666666666668
7,206,126.5,109.87749935930287,77.29096700560461,0.0017857062584988146
7,207,80.3,110.0,90.0,0.0016666666666666668
7,210,53.900000000000006,110.0,90.0,0.0016666666666666668
7,211,44.3,110.0,90.0,0.0016666666666666668
7,212,44.599999999999994,110.0,90.0,0.0016666666666666668
7,213,44.900000000000006,110.0,90.0,0.0016666666666666668
7,214,45.2,110.0,90.0,0.0016666666666666668
7,215,45.5,110.0,90.0,0.0016666666666666668
7,222,54.2,110.0,90.0,0.0016666666666666668
7,223,54.5,110.0,90.0,0.0016666666666666668
7,224,54.8,110.0,90.0,0.0016666666666666668
7,225,91.1,110.0,90.0,0.0016666666666666668
7,226,24.799999999999997,110.0,90.0,0.0016666666666666668
7,227,25.099999999999994,110.0,90.0,0.0016666666666666668
7,228,25.400000000000006,110.0,90.0,0.0016666666666666668
7,241,98.9,110.0,90.0,0.0016666666666666668
7,242,99.2,110.0,90.0,0.0016666666666666668
7,243,99.5,110.0,90.0,0.0016666666666666668
7,244,99.8,110.0,90.0,0.0016666666666666668
7,245,34.099999999999994,110.0,90.0,0.0016666666666666668
7,246,116.3,110.0,90.0,0.0016666666666666668
7,247,116.6,110.0,90.0,0.0016666666666666668
7,248,43.400000000000006,110.0,90.0,0.0016666666666666668
7,255,24.5,110.0,90.0,0.0016666666666666668
8,13,100.1,110.3,90.0,0.0016666666666666668
8,14,100.4,110.3,90.0,0.0016666666666666668
8,15,100.7,110.3,90.0,0.0016666666666666668
8,16,101.0,110.3,90.0,0.0016666666666666668
8,17,98.0,110.3,90.0,0.0016666666666666668
8,18,98.3,110.3,90.0,0.0016666666666666668
8,19,98.6,110.3,90.0,0.0016666666666666668
8,28,130.7,5.0,90.0,0.0016666666666666668
8,29,130.7,5.3,90.0,0.0016666666666666668
8,30,130.7,12.2,90.0,0.0016666666666666668
8,31,19.900000000000006,113.9,73.73979529168813,0.0018452401020419631
8,32,130.7,30.8,90.0,0.0016666666666666668
8,33,130.7,31.1,90.0,0.0016666666666666668
8,34,130.7,31.7,90.0,0.0016666666666666668
8,35,130.7,31.4,90.0,0.0016666666666666668
8,44,130.7,36.5,90.0,0.0016666666666666668
8,45,130.7,36.2,90.0,0.0016666666666666668
8,46,130.7,35.9,90.0,0.0016666666666666668
8,47,130.7,35.6,90.0,0.0016666666666666668
8,56,130.7,40.7250628144669,84.26082952273322,0.0018452401020419631
8,57,130.7,40.40400160128128,87.70755722404425,0.0018749929761864628
8,58,130.7,40.1,90.0,0.0016666666666666668
8,59,130.7,41.064414928298774,80.7931037786543,0.0018749929761864628
8,67,62.0,110.3,90.0,0.0016666666666666668
8,68,61.400000000000006,110.3,90.0,0.0016666666666666668
8,69,61.7,110.3,90.0,0.0016666666666666668
8,70,60.8,110.3,90.0,0.0016666666666666668
8,71,61.099999999999994,110.3,90.0,0.0016666666666666668
8,72,107.3,110.3,90.0,0.0016666666666666668
8,73,107.6,110.3,90.0,0.0016666666666666668
8,77,117.8,110.3,90.0,0.0016666666666666668
8,78,116.9,110.3,90.0,0.0016666666666666668
8,79,117.2,110.3,90.0,0.0016666666666666668
8,80,117.5,110.3,90.0,0.0016666666666666668
8,81,115.1,110.3,90.0,0.0016666666666666668
8,82,115.4,110.3,90.0,0.0016666666666666668
8,83,115.7,110.3,90.0,0.0016666666666666668
8,84,116.0,110.3,90.0,0.0016666666666666668
8,86,107.9,110.3,90.0,0.0016666666666666668
8,87,108.2,110.3,90.0,0.0016666666666666668
8,88,108.50400160128129,110.3,87.70755722404408,0.0018749929761864628
8,89,106.7,110.3,90.0,0.0016666666666666668
8,90,107.0,110.3,90.0,0.0016666666666666668
8,91,106.1,110.3,90.0,0.0016666666666666668
8,92,106.4,110.3,90.0,0.0016666666666666668
8,101,126.8,110.17749935930287,77.29096700560446,0.0017857062584988146
8,102,127.1,110.1,73.73979529168798,0.0018452401020419631
8,103,127.4,110.0021271782035,70.12312592992097,0.0033035804591888336
8,104,127.7,109.88257569495583,66.421821521798,0.002916680714293742
8,105,125.9,110.29599839871872,87.70755722404392,0.0018749929761864628
8,106,126.2,110.2749371855331,84.26082952273306,0.0018452401020419631
8,111,72.2,110.3,90.0,0.0016666666666666668
8,112,72.5,110.3,90.0,0.0016666666666666668
8,113,71.6,110.3,90.0,0.0016666666666666668
8,114,71.9,110.3,90.0,0.0016666666666666668
8,115,70.7,110.3,90.0,0.0016666666666666668
8,116,71.0,110.3,90.0,0.0016666666666666668
8,117,71.3,110.3,90.0,0.0016666666666666668
8,122,53.0,110.3,90.0,0.0016666666666666668
8,123,53.3,110.3,90.0,0.0016666666666666668
8,124,53.599999999999994,110.3,90.0,0.0016666666666666668
8,125,52.63558507170123,110.3,80.79310377865414,0.0018749929761864628
8,130,81.5,110.3,90.0,0.0016666666666666668
8,131,81.8,110.3,90.0,0.0016666666666666668
8,132,80.6,110.3,90.0,0.0016666666666666668
8,133,80.9,110.3,90.0,0.0016666666666666668
8,134,79.7,110.3,90.0,0.0016666666666666668
8,135,80.0,110.3,90.0,0.0016666666666666668
8,143,90.2,110.3,90.0,0.0016666666666666668
8,144,90.5,110.3,90.0,0.0016666666666666668
8,145,90.8,110.3,90.0,0.0016666666666666668
8,147,34.7,110.3,90.0,0.0016666666666666668
8,148,33.3,110.3,73.73979529168798,0.0018452401020419631
8,149,33.67749935930287,110.3,77.29096700560446,0.0017857062584988146
8,150,34.400000000000006,110.3,90.0,0.0016666666666666668
8,156,43.7,110.3,90.0,0.0016666666666666668
8,157,44.0,110.3,90.0,0.0016666666666666668
8,158,42.8,110.3,90.0,0.0016666666666666668
8,159,43.099999999999994,110.3,90.0,0.0016666666666666668
8,164,19.7,144.8,90.0,0.0016666666666666668
8,178,128.0,109.73959457608461,62.61289249734594,0.002113100255104908
8,179,81.2,110.3,90.0,0.0016666666666666668
8,190,46.400000000000006,110.3,90.0,0.0016666666666666668
8,199,45.8,110.3,90.0,0.0016666666666666668
8,200,46.099999999999994,110.3,90.0,0.0016666666666666668
8,206,126.5,110.23558507170122,80.79310377865397,0.0018749929761864628
8,207,80.3,110.3,90.0,0.0016666666666666668
8,210,53.900000000000006,110.3,90.0,0.0016666666666666668
8,211,44.3,110.3,90.0,0.0016666666666666668
8,212,44.599999999999994,110.3,90.0,0.0016666666666666668
8,213,44.900000000000006,110.3,90.0,0.0016666666666666668
8,214,45.2,110.3,90.0,0.0016666666666666668
8,215,45.5,110.3,90.0,0.0016666666666666668
8,222,54.2,110.3,90.0,0.0016666666666666668
8,223,54.5,110.3,90.0,0.0016666666666666668
8,224,54.8,110.3,90.0,0.0016666666666666668
8,225,91.1,110.3,90.0,0.0016666666666666668
8,226,24.799999999999997,110.3,90.0,0.0016666666666666668
8,227,25.099999999999994,110.3,90.0,0.0016666666666666668
8,228,25.400000000000006,110.3,90.0,0.0016666666666666668
8,241,98.9,110.3,90.0,0.0016666666666666668
8,242,99.2,110.3,90.0,0.0016666666666666668
8,243,99.5,110.3,90.0,0.0016666666666666668
8,244,99.8,110.3,90.0,0.0016666666666666668
8,245,34.099999999999994,110.3,90.0,0.0016666666666666668
8,246,116.3,110.3,90.0,0.0016666666666666668
8,247,116.6,110.3,90.0,0.0016666666666666668
8,248,43.400000000000006,110.3,90.0,0.0016666666666666668
8,255,24.5,110.30400160128127,87.70755722404412,0.0018749929761864628
9,13,103.1,29.0,90.0,0.0016666666666666668
9,14,103.4,29.0,90.0,0.0016666666666666668
9,15,103.7,29.0,90.0,0.0016666666666666668
9,16,104.0,29.0,90.0,0.0016666666666666668
9,17,20.900000000000006,29.0,90.0,0.0016666666666666668
9,18,21.200000000000003,29.0,90.0,0.0016666666666666668
9,19,21.5,29.0,90.0,0.0016666666666666668
9,28,129.2,5.0,90.0,0.0016666666666666668
9,29,129.2,5.3,90.0,0.0016666666666666668
9,30,129.2,12.2,90.0,0.0016666666666666668
9,32,87.1581254575403,29.0,50.20818050044275,0.0038393007653147234
9,33,79.12691762911675,29.0,54.549457360824576,0.002261892721081555
9,35,40.22916869918748,29.0,58.667748502405686,0.00199406066327276
9,45,23.900000000000006,29.0,90.0,0.0016666666666666668
9,46,24.200000000000003,29.0,90.0,0.0016666666666666668
9,47,24.5,29.0,90.0,0.0016666666666666668
9,56,122.9,29.0,90.0,0.0016666666666666668
9,57,123.2,29.0,90.0,0.0016666666666666668
9,58,123.5,29.0,90.0,0.0016666666666666668
9,59,77.9,29.0,90.0,0.0016666666666666668
9,67,95.3,29.0,90.0,0.0016666666666666668
9,68,76.7,29.0,90.0,0.0016666666666666668
9,69,77.0,29.0,90.0,0.0016666666666666668
9,71,38.599999999999994,29.0,90.0,0.0016666666666666668
9,72,104.3,29.0,90.0,0.0016666666666666668
9,73,104.6,29.0,90.0,0.0016666666666666668
9,74,102.8,29.0,90.0,0.0016666666666666668
9,77,96.2,29.0,90.0,0.0016666666666666668
9,78,50.0,29.0,90.0,0.0016666666666666668
9,79,50.3,29.0,90.0,0.0016666666666666668
9,80,50.599999999999994,29.0,90.0,0.0016666666666666668
9,82,23.0,29.0,90.0,0.0016666666666666668
9,83,23.299999999999997,29.0,90.0,0.0016666666666666668
9,84,23.599999999999994,29.0,90.0,0.0016666666666666668
9,86,122.0,29.0,90.0,0.0016666666666666668
9,87,122.3,29.0,90.0,0.0016666666666666668
9,88,122.6,29.0,90.0,0.0016666666666666668
9,89,49.7,29.0,90.0,0.0016666666666666668
9,90,77.6,29.0,90.0,0.0016666666666666668
9,92,30.5,29.0,90.0,0.0016666666666666668
9,101,96.5,29.0,90.0,0.0016666666666666668
9,102,113.6,29.0,90.0,0.0016666666666666668
9,103,113.9,29.0,90.0,0.0016666666666666668
9,104,114.2,29.0,90.0,0.0016666666666666668
9,106,39.2,29.0,90.0,0.0016666666666666668
9,111,95.6,29.0,90.0,0.0016666666666666668
9,112,95.9,29.0,90.0,0.0016666666666666668
9,113,48.2,29.0,90.0,0.0016666666666666668
9,114,48.5,29.0,90.0,0.0016666666666666668
9,116,20.299999999999997,29.0,90.0,0.0016666666666666668
9,117,20.599999999999994,29.0,90.0,0.0016666666666666668
9,122,47.3,29.0,90.0,0.0016666666666666668
9,123,47.599999999999994,29.0,90.0,0.0016666666666666668
9,124,47.900000000000006,29.0,90.0,0.0016666666666666668
9,130,121.4,29.0,90.0,0.0016666666666666668
9,131,121.7,29.0,90.0,0.0016666666666666668
9,132,85.4,29.0,90.0,0.0016666666666666668
9,133,85.7,29.0,90.0,0.0016666666666666668
9,135,38.900000000000006,29.0,90.0,0.0016666666666666668
9,143,49.099999999999994,29.0,90.0,0.0016666666666666668
9,144,49.400000000000006,29.0,90.0,0.0016666666666666668
9,145,68.6,29.0,90.0,0.0016666666666666668
9,147,47.0,29.0,90.0,0.0016666666666666668
9,150,29.900000000000006,29.0,90.0,0.0016666666666666668
9,156,56.0,29.0,90.0,0.0016666666666666668
9,157,56.3,29.0,90.0,0.0016666666666666668
9,162,29.599999999999994,29.0,90.0,0.0016666666666666668
9,163,38.0,29.0,90.0,0.0016666666666666668
9,165,29.0,29.0,90.0,0.0016666666666666668
9,166,29.299999999999997,29.0,90.0,0.0016666666666666668
9,177,14.9,15.2,90.0,0.0016666666666666668
9,178,114.5,29.0,90.0,0.0016666666666666668
9,179,113.3,29.0,90.0,0.0016666666666666668
9,180,112.7,29.0,90.0,0.0016666666666666668
9,181,113.0,29.0,90.0,0.0016666666666666668
9,185,14.9,22.4,90.0,0.0016666666666666668
9,186,14.9,22.7,90.0,0.0016666666666666668
9,190,121.1,29.0,90.0,0.0016666666666666668
9,199,84.8,29.0,90.0,0.0016666666666666668
9,200,85.1,29.0,90.0,0.0016666666666666668
9,206,56.599999999999994,29.0,90.0,0.0016666666666666668
9,207,48.8,29.0,90.0,0.0016666666666666668
9,210,68.3,29.0,90.0,0.0016666666666666668
9,211,66.8,29.0,90.0,0.0016666666666666668
9,212,67.1,29.0,90.0,0.0016666666666666668
9,213,67.4,29.0,90.0,0.0016666666666666668
9,214,67.7,29.0,90.0,0.0016666666666666668
9,215,68.0,29.0,90.0,0.0016666666666666668
9,216,65.6,29.0,90.0,0.0016666666666666668
9,217,65.9,29.0,90.0,0.0016666666666666668
9,218,66.2,29.0,90.0,0.0016666666666666668
9,219,66.5,29.0,90.0,0.0016666666666666668
9,222,75.8,29.0,90.0,0.0016666666666666668
9,223,76.1,29.0,90.0,0.0016666666666666668
9,224,76.4,29.0,90.0,0.0016666666666666668
9,225,77.3,29.0,90.0,0.0016666666666666668
9,226,74.9,29.0,90.0,0.0016666666666666668
9,227,75.2,29.0,90.0,0.0016666666666666668
9,228,75.5,29.0,90.0,0.0016666666666666668
9,241,21.799999999999997,29.0,90.0,0.0016666666666666668
9,242,22.099999999999994,29.0,90.0,0.0016666666666666668
9,243,22.400000000000006,29.0,90.0,0.0016666666666666668
9,244,22.700000000000003,29.0,90.0,0.0016666666666666668
9,245,20.0,29.0,90.0,0.0016666666666666668
9,246,30.799999999999997,29.0,90.0,0.0016666666666666668
9,247,31.099999999999994,29.0,90.0,0.0016666666666666668
9,248,30.200000000000003,29.0,90.0,0.0016666666666666668
9,255,38.3,29.0,90.0,0.0016666666666666668
10,13,103.1,28.1,90.0,0.0016666666666666668
10,14,103.4,28.1,90.0,0.0016666666666666668
10,15,103.7,28.1,90.0,0.0016666666666666668
10,16,104.0,28.1,90.0,0.0016666666666666668
10,28,128.3,5.0,90.0,0.0016666666666666668
10,29,128.3,5.3,90.0,0.0016666666666666668
10,30,128.3,12.2,90.0,0.0016666666666666668
10,32,86.56040542391537,28.1,62.61289249734613,0.002113100255104908
10,33,78.61742430504415,28.1,66.42182152179822,0.002916680714293742
10,56,122.9,28.1,90.0,0.0016666666666666668
10,57,123.2,28.1,90.0,0.0016666666666666668
10,58,123.5,28.09599839871872,87.70755722404425,0.0018749929761864628
10,59,77.9,28.1,90.0,0.0016666666666666668
10,67,95.3,28.1,90.0,0.0016666666666666668
10,68,76.7,28.1,90.0,0.0016666666666666668
10,69,77.0,28.1,90.0,0.0016666666666666668
10,72,104.3,28.1,90.0,0.0016666666666666668
10,73,104.6,28.1,90.0,0.0016666666666666668
10,74,102.8,28.1,90.0,0.0016666666666666668
10,77,96.2,28.1,90.0,0.0016666666666666668
10,78,50.0,28.1,90.0,0.0016666666666666668
10,79,50.3,28.1,90.0,0.0016666666666666668
10,80,50.599999999999994,28.1,90.0,0.0016666666666666668
10,86,122.0,28.1,90.0,0.0016666666666666668
10,87,122.3,28.1,90.0,0.0016666666666666668
10,88,122.6,28.1,90.0,0.0016666666666666668
10,89,49.7,28.1,90.0,0.0016666666666666668
10,90,77.6,28.1,90.0,0.0016666666666666668
10,101,96.5,28.1,90.0,0.0016666666666666668
10,102,113.6,28.1,90.0,0.0016666666666666668
10,103,113.9,28.1,90.0,0.0016666666666666668
10,104,114.2,28.1,90.0,0.0016666666666666668
10,111,95.6,28.1,90.0,0.0016666666666666668
10,112,95.9,28.1,90.0,0.0016666666666666668
10,113,48.2,28.1,90.0,0.0016666666666666668
10,114,48.5,28.1,90.0,0.0016666666666666668
10,122,47.3,28.1,90.0,0.0016666666666666668
10,123,47.599999999999994,28.1,90.0,0.0016666666666666668
10,124,47.900000000000006,28.1,90.0,0.0016666666666666668
10,130,121.4,28.1,90.0,0.0016666666666666668
10,131,121.7,28.1,90.0,0.0016666666666666668
10,132,85.4,28.1,90.0,0.0016666666666666668
10,133,85.7,28.1,90.0,0.0016666666666666668
10,143,49.099999999999994,28.1,90.0,0.0016666666666666668
10,144,49.400000000000006,28.1,90.0,0.0016666666666666668
10,145,68.6,28.1,90.0,0.0016666666666666668
10,147,47.0,28.1,90.0,0.0016666666666666668
10,156,56.0,28.1,90.0,0.0016666666666666668
10,157,56.3,28.1,90.0,0.0016666666666666668
10,177,40.4,15.2,90.0,0.0016666666666666668
10,178,114.5,28.1,90.0,0.0016666666666666668
10,179,113.3,28.1,90.0,0.0016666666666666668
10,180,112.7,28.1,90.0,0.0016666666666666668
10,181,113.0,28.1,90.0,0.0016666666666666668
10,185,40.4,22.4,90.0,0.0016666666666666668
10,186,40.4,22.7,90.0,0.0016666666666666668
10,187,40.4,21.2,90.0,0.0016666666666666668
10,188,40.4,21.5,90.0,0.0016666666666666668
10,189,40.4,21.8,90.0,0.0016666666666666668
10,190,121.1,28.1,90.0,0.0016666666666666668
10,199,84.8,28.1,90.0,0.0016666666666666668
10,200,85.1,28.1,90.0,0.0016666666666666668
10,201,40.4,10.1,90.0,0.0016666666666666668
10,202,40.4,9.5,90.0,0.0016666666666666668
10,206,56.599999999999994,28.1,90.0,0.0016666666666666668
10,207,48.8,28.1,90.0,0.0016666666666666668
10,210,68.3,28.1,90.0,0.0016666666666666668
10,211,66.8,28.1,90.0,0.0016666666666666668
10,212,67.1,28.1,90.0,0.0016666666666666668
10,213,67.4,28.1,90.0,0.0016666666666666668
10,214,67.7,28.1,90.0,0.0016666666666666668
10,215,68.0,28.1,90.0,0.0016666666666666668
10,216,65.6,28.1,90.0,0.0016666666666666668
10,217,65.9,28.1,90.0,0.0016666666666666668
10,218,66.2,28.1,90.0,0.0016666666666666668
10,219,66.5,28.1,90.0,0.0016666666666666668
10,220,40.4,5.0,90.0,0.0016666666666666668
10,221,40.4,5.300000000000001,90.0,0.0016666666666666668
10,222,75.8,28.1,90.0,0.0016666666666666668
10,223,76.1,28.1,90.0,0.0016666666666666668
10,224,76.4,28.1,90.0,0.0016666666666666668
10,225,77.3,28.1,90.0,0.0016666666666666668
10,226,74.9,28.1,90.0,0.0016666666666666668
10,227,75.2,28.1,90.0,0.0016666666666666668
10,228,75.5,28.1,90.0,0.0016666666666666668
10,229,40.4,5.600000000000001,90.0,0.0016666666666666668
10,249,40.4,22.1,90.0,0.0016666666666666668
10,250,40.4,9.8,90.0,0.0016666666666666668
11,13,103.1,28.4,90.0,0.0016666666666666668
11,14,103.4,28.4,90.0,0.0016666666666666668
11,15,103.7,28.4,90.0,0.0016666666666666668
11,16,104.0,28.4,90.0,0.0016666666666666668
11,28,128.6,5.0,90.0,0.0016666666666666668
11,29,128.6,5.3,90.0,0.0016666666666666668
11,30,128.6,12.2,90.0,0.0016666666666666668
11,32,86.72916869918748,28.4,58.667748502405715,0.00199406066327276
11,33,78.76040542391539,28.4,62.612892497346095,0.002113100255104908
11,56,122.9,28.4,90.0,0.0016666666666666668
11,57,123.2,28.4,90.0,0.0016666666666666668
11,58,123.5,28.4,90.0,0.0016666666666666668
11,59,77.9,28.4,90.0,0.0016666666666666668
11,67,95.3,28.4,90.0,0.0016666666666666668
11,68,76.7,28.4,90.0,0.0016666666666666668
11,69,77.0,28.4,90.0,0.0016666666666666668
11,72,104.3,28.4,90.0,0.0016666666666666668
11,73,104.6,28.4,90.0,0.0016666666666666668
11,74,102.8,28.4,90.0,0.0016666666666666668
11,77,96.2,28.4,90.0,0.0016666666666666668
11,78,50.0,28.4,90.0,0.0016666666666666668
11,79,50.3,28.4,90.0,0.0016666666666666668
11,80,50.599999999999994,28.4,90.0,0.0016666666666666668
11,86,122.0,28.4,90.0,0.0016666666666666668
11,87,122.3,28.4,90.0,0.0016666666666666668
11,88,122.6,28.4,90.0,0.0016666666666666668
11,89,49.7,28.4,90.0,0.0016666666666666668
11,90,77.6,28.4,90.0,0.0016666666666666668
11,101,96.5,28.4,90.0,0.0016666666666666668
11,102,113.6,28.4,90.0,0.0016666666666666668
11,103,113.9,28.4,90.0,0.0016666666666666668
11,104,114.2,28.4,90.0,0.0016666666666666668
11,111,95.6,28.4,90.0,0.0016666666666666668
11,112,95.9,28.4,90.0,0.0016666666666666668
11,113,48.2,28.4,90.0,0.0016666666666666668
11,114,48.5,28.4,90.0,0.0016666666666666668
11,122,47.3,28.4,90.0,0.0016666666666666668
11,123,47.599999999999994,28.4,90.0,0.0016666666666666668
11,124,47.900000000000006,28.4,90.0,0.0016666666666666668
11,130,121.4,28.4,90.0,0.0016666666666666668
11,131,121.7,28.4,90.0,0.0016666666666666668
11,132,85.4,28.4,90.0,0.0016666666666666668
11,133,85.7,28.4,90.0,0.0016666666666666668
11,143,49.099999999999994,28.4,90.0,0.0016666666666666668
11,144,49.400000000000006,28.4,90.0,0.0016666666666666668
11,145,68.6,28.4,90.0,0.0016666666666666668
11,147,47.0,28.4,90.0,0.0016666666666666668
11,156,56.0,28.4,90.0,0.0016666666666666668
11,157,56.3,28.4,90.0,0.0016666666666666668
11,177,40.1,15.2,90.0,0.0016666666666666668
11,178,114.5,28.4,90.0,0.0016666666666666668
11,179,113.3,28.4,90.0,0.0016666666666666668
11,180,112.7,28.4,90.0,0.0016666666666666668
11,181,113.0,28.4,90.0,0.0016666666666666668
11,185,40.1,22.4,90.0,0.0016666666666666668
11,186,40.1,22.7,90.0,0.0016666666666666668
11,187,40.1,21.2,90.0,0.0016666666666666668
11,188,40.1,21.5,90.0,0.0016666666666666668
11,189,40.1,21.8,90.0,0.0016666666666666668
11,190,121.1,28.4,90.0,0.0016666666666666668
11,199,84.8,28.4,90.0,0.0016666666666666668
11,200,85.1,28.4,90.0,0.0016666666666666668
11,201,40.1,10.1,90.0,0.0016666666666666668
11,202,40.1,9.5,90.0,0.0016666666666666668
11,206,56.599999999999994,28.4,90.0,0.0016666666666666668
11,207,48.8,28.4,90.0,0.0016666666666666668
11,210,68.3,28.4,90.0,0.0016666666666666668
11,211,66.8,28.4,90.0,0.0016666666666666668
11,212,67.1,28.4,90.0,0.0016666666666666668
11,213,67.4,28.4,90.0,0.0016666666666666668
11,214,67.7,28.4,90.0,0.0016666666666666668
11,215,68.0,28.4,90.0,0.0016666666666666668
11,216,65.6,28.4,90.0,0.0016666666666666668
11,217,65.9,28.4,90.0,0.0016666666666666668
11,218,66.2,28.4,90.0,0.0016666666666666668
11,219,66.5,28.4,90.0,0.0016666666666666668
11,220,40.1,5.0,90.0,0.0016666666666666668
11,221,40.1,5.300000000000001,90.0,0.0016666666666666668
11,222,75.8,28.4,90.0,0.0016666666666666668
11,223,76.1,28.4,90.0,0.0016666666666666668
11,224,76.4,28.4,90.0,0.0016666666666666668
11,225,77.3,28.4,90.0,0.0016666666666666668
11,226,74.9,28.4,90.0,0.0016666666666666668
11,227,75.2,28.4,90.0,0.0016666666666666668
11,228,75.5,28.4,90.0,0.0016666666666666668
11,229,40.1,5.600000000000001,90.0,0.0016666666666666668
11,249,40.1,22.1,90.0,0.0016666666666666668
11,250,40.1,9.8,90.0,0.0016666666666666668
12,13,103.1,28.7,90.0,0.0016666666666666668
12,14,103.4,28.7,90.0,0.0016666666666666668
12,15,103.7,28.7,90.0,0.0016666666666666668
12,16,104.0,28.7,90.0,0.0016666666666666668
12,28,128.9,5.0,90.0,0.0016666666666666668
12,29,128.9,5.3,90.0,0.0016666666666666668
12,30,128.9,12.2,90.0,0.0016666666666666668
12,32,86.92691762911673,28.7,54.54945736082467,0.002261892721081555
12,33,78.92916869918747,28.7,58.6677485024058,0.00199406066327276
12,56,122.9,28.7,90.0,0.0016666666666666668
12,57,123.2,28.7,90.0,0.0016666666666666668
12,58,123.5,28.7,90.0,0.0016666666666666668
12,59,77.9,28.7,90.0,0.0016666666666666668
12,67,95.3,28.7,90.0,0.0016666666666666668
12,68,76.7,28.7,90.0,0.0016666666666666668
12,69,77.0,28.7,90.0,0.0016666666666666668
12,72,104.3,28.7,90.0,0.0016666666666666668
12,73,104.6,28.7,90.0,0.0016666666666666668
12,74,102.8,28.7,90.0,0.0016666666666666668
12,77,96.2,28.7,90.0,0.0016666666666666668
12,78,50.0,28.7,90.0,0.0016666666666666668
12,79,50.3,28.7,90.0,0.0016666666666666668
12,80,50.599999999999994,28.7,90.0,0.0016666666666666668
12,86,122.0,28.7,90.0,0.0016666666666666668
12,87,122.3,28.7,90.0,0.0016666666666666668
12,88,122.6,28.7,90.0,0.0016666666666666668
12,89,49.7,28.7,90.0,0.0016666666666666668
12,90,77.6,28.7,90.0,0.0016666666666666668
12,101,96.5,28.7,90.0,0.0016666666666666668
12,102,113.6,28.7,90.0,0.0016666666666666668
12,103,113.9,28.7,90.0,0.0016666666666666668
12,104,114.2,28.7,90.0,0.0016666666666666668
12,111,95.6,28.7,90.0,0.0016666666666666668
12,112,95.9,28.7,90.0,0.0016666666666666668
12,113,48.2,28.7,90.0,0.0016666666666666668
12,114,48.5,28.7,90.0,0.0016666666666666668
12,122,47.3,28.7,90.0,0.0016666666666666668
12,123,47.599999999999994,28.7,90.0,0.0016666666666666668
12,124,47.900000000000006,28.7,90.0,0.0016666666666666668
12,130,121.4,28.7,90.0,0.0016666666666666668
12,131,121.7,28.7,90.0,0.0016666666666666668
12,132,85.4,28.7,90.0,0.0016666666666666668
12,133,85.7,28.7,90.0,0.0016666666666666668
12,143,49.099999999999994,28.7,90.0,0.0016666666666666668
12,144,49.400000000000006,28.7,90.0,0.0016666666666666668
12,145,68.6,28.7,90.0,0.0016666666666666668
12,147,47.0,28.7,90.0,0.0016666666666666668
12,156,56.0,28.7,90.0,0.0016666666666666668
12,157,56.3,28.7,90.0,0.0016666666666666668
12,177,39.8,15.2,90.0,0.0016666666666666668
12,178,114.5,28.7,90.0,0.0016666666666666668
12,179,113.3,28.7,90.0,0.0016666666666666668
12,180,112.7,28.7,90.0,0.0016666666666666668
12,181,113.0,28.7,90.0,0.0016666666666666668
12,185,39.8,22.4,90.0,0.0016666666666666668
12,186,39.8,22.7,90.0,0.0016666666666666668
12,187,39.8,21.2,90.0,0.0016666666666666668
12,188,39.8,21.5,90.0,0.0016666666666666668
12,189,39.8,21.8,90.0,0.0016666666666666668
12,190,121.1,28.7,90.0,0.0016666666666666668
12,199,84.8,28.7,90.0,0.0016666666666666668
12,200,85.1,28.7,90.0,0.0016666666666666668
12,201,39.8,10.1,90.0,0.0016666666666666668
12,202,39.8,9.5,90.0,0.0016666666666666668
12,206,56.599999999999994,28.7,90.0,0.0016666666666666668
12,207,48.8,28.7,90.0,0.0016666666666666668
12,210,68.3,28.7,90.0,0.0016666666666666668
12,211,66.8,28.7,90.0,0.0016666666666666668
12,212,67.1,28.7,90.0,0.0016666666666666668
12,213,67.4,28.7,90.0,0.0016666666666666668
12,214,67.7,28.7,90.0,0.0016666666666666668
12,215,68.0,28.7,90.0,0.0016666666666666668
12,216,65.6,28.7,90.0,0.0016666666666666668
12,217,65.9,28.7,90.0,0.0016666666666666668
12,218,66.2,28.7,90.0,0.0016666666666666668
12,219,66.5,28.7,90.0,0.0016666666666666668
12,220,39.8,5.0,90.0,0.0016666666666666668
12,221,39.8,5.300000000000001,90.0,0.0016666666666666668
12,222,75.8,28.7,90.0,0.0016666666666666668
12,223,76.1,28.7,90.0,0.0016666666666666668
12,224,76.4,28.7,90.0,0.0016666666666666668
12,225,77.3,28.7,90.0,0.0016666666666666668
12,226,74.9,28.7,90.0,0.0016666666666666668
12,227,75.2,28.7,90.0,0.0016666666666666668
12,228,75.5,28.7,90.0,0.0016666666666666668
12,229,39.8,5.599999999999998,90.0,0.0016666666666666668
12,249,39.8,22.1,90.0,0.0016666666666666668
12,250,39.8,9.8,90.0,0.0016666666666666668
13,24,100.1,114.2,90.0,0.0016666666666666668
13,25,100.1,115.1,90.0,0.0016666666666666668
13,26,100.1,115.4,90.0,0.0016666666666666668
13,27,100.1,115.7,90.0,0.0016666666666666668
13,31,100.1,113.9,90.0,0.0016666666666666668
13,32,103.1,30.8,90.0,0.0016666666666666668
13,33,103.1,31.1,90.0,0.0016666666666666668
13,34,103.1,31.7,90.0,0.0016666666666666668
13,35,103.1,31.4,90.0,0.0016666666666666668
13,40,100.1,118.7,90.0,0.0016666666666666668
13,41,100.1,118.4,90.0,0.0016666666666666668
13,42,100.1,118.1,90.0,0.0016666666666666668
13,43,100.1,117.8,90.0,0.0016666666666666668
13,44,103.1,36.5,90.0,0.0016666666666666668
13,45,103.1,36.2,90.0,0.0016666666666666668
13,46,103.1,35.9,90.0,0.0016666666666666668
13,47,103.1,35.6,90.0,0.0016666666666666668
13,52,100.1,120.8,90.0,0.0016666666666666668
13,53,100.1,121.7,90.0,0.0016666666666666668
13,54,100.1,121.4,90.0,0.0016666666666666668
13,55,100.1,121.1,90.0,0.0016666666666666668
13,59,103.1,41.0,90.0,0.0016666666666666668
13,60,100.1,126.8,90.0,0.0016666666666666668
13,61,100.1,127.1,90.0,0.0016666666666666668
13,62,100.1,142.1,90.0,0.0016666666666666668
13,63,100.1,142.4,90.0,0.0016666666666666668
13,77,103.1,47.9,90.0,0.0016666666666666668
13,78,103.1,49.4,90.0,0.0016666666666666668
13,79,103.1,48.5,90.0,0.0016666666666666668
13,80,103.1,48.2,90.0,0.0016666666666666668
13,81,103.1,51.2,90.0,0.0016666666666666668
13,82,103.1,50.9,90.0,0.0016666666666666668
13,83,103.1,50.6,90.0,0.0016666666666666668
13,84,103.1,50.3,90.0,0.0016666666666666668
13,89,103.1,55.3,73.73979529168815,0.0018452401020419631
13,90,103.1,54.922500640697116,77.29096700560463,0.0017857062584988146
13,91,103.1,56.11742430504416,66.42182152179818,0.002916680714293742
13,92,103.1,55.697872821796494,70.12312592992131,0.0033035804591888336
13,93,100.1,124.4,90.0,0.0016666666666666668
13,94,100.1,124.1,90.0,0.0016666666666666668
13,95,100.1,123.8,90.0,0.0016666666666666668
13,96,100.1,123.5,90.0,0.0016666666666666668
13,97,100.1,139.1,90.0,0.0016666666666666668
13,98,100.1,125.0,90.0,0.0016666666666666668
13,99,100.1,124.7,90.0,0.0016666666666666668
13,100,100.1,138.8,90.0,0.0016666666666666668
13,101,103.1,44.9,90.0,0.0016666666666666668
13,105,103.1,45.8,90.0,0.0016666666666666668
13,106,103.1,45.5,90.0,0.0016666666666666668
13,130,100.1,104.3,90.0,0.0016666666666666668
13,131,100.1,104.6,90.0,0.0016666666666666668
13,146,100.1,111.2,90.0,0.0016666666666666668
13,179,100.10733399733255,101.9,86.89632597603342,0.0018749929761864628
13,180,100.17639798957453,101.3,79.97121927215099,0.0019047739455851117
13,181,100.13267825829365,101.6,83.44581198184977,0.0017857062584988146
13,182,103.1,20.3,90.0,0.0016666666666666668
13,183,103.1,20.6,90.0,0.0016666666666666668
13,184,103.1,20.9,90.0,0.0016666666666666668
13,185,103.1,22.4,90.0,0.0016666666666666668
13,186,103.1,22.7,90.0,0.0016666666666666668
13,187,103.1,21.2,90.0,0.0016666666666666668
13,188,103.1,21.5,90.0,0.0016666666666666668
13,189,103.1,21.8,90.0,0.0016666666666666668
13,190,100.1,104.0,90.0,0.0016666666666666668
13,191,103.1,8.0,90.0,0.0016666666666666668
13,192,103.1,24.5,90.0,0.0016666666666666668
13,193,103.1,24.8,90.0,0.0016666666666666668
13,194,103.1,25.4,90.0,0.0016666666666666668
13,195,103.1,25.7,90.0,0.0016666666666666668
13,196,103.1,26.0,90.0,0.0016666666666666668
13,197,103.1,25.1,90.0,0.0016666666666666668
13,198,103.1,27.8,90.0,0.0016666666666666668
13,206,103.1,45.2,90.0,0.0016666666666666668
13,246,103.1,50.0,90.0,0.0016666666666666668
13,247,103.1,49.7,90.0,0.0016666666666666668
13,249,103.1,22.1,90.0,0.0016666666666666668
14,24,100.4,114.2,90.0,0.0016666666666666668
14,25,100.4,115.1,90.0,0.0016666666666666668
14,26,100.4,115.4,90.0,0.0016666666666666668
14,27,100.4,115.7,90.0,0.0016666666666666668
14,31,100.4,113.9,90.0,0.0016666666666666668
14,32,103.4,30.8,90.0,0.0016666666666666668
14,33,103.4,31.1,90.0,0.0016666666666666668
14,34,103.4,31.7,90.0,0.0016666666666666668
14,35,103.4,31.4,90.0,0.0016666666666666668
14,40,100.4,118.7,90.0,0.0016666666666666668
14,41,100.4,118.4,90.0,0.0016666666666666668
14,42,100.4,118.1,90.0,0.0016666666666666668
14,43,100.4,117.8,90.0,0.0016666666666666668
14,44,103.4,36.5,90.0,0.0016666666666666668
14,45,103.4,36.2,90.0,0.0016666666666666668
14,46,103.4,35.9,90.0,0.0016666666666666668
14,47,103.4,35.6,90.0,0.0016666666666666668
14,52,100.4,120.8,90.0,0.0016666666666666668
14,53,100.4,121.7,90.0,0.0016666666666666668
14,54,100.4,121.4,90.0,0.0016666666666666668
14,55,100.4,121.1,90.0,0.0016666666666666668
14,59,103.4,41.0,90.0,0.0016666666666666668
14,60,100.4,126.8,90.0,0.0016666666666666668
14,61,100.4,127.1,90.0,0.0016666666666666668
14,62,100.4,142.1,90.0,0.0016666666666666668
14,63,100.4,142.4,90.0,0.0016666666666666668
14,77,103.4,47.9,90.0,0.0016666666666666668
14,78,103.4,49.4,90.0,0.0016666666666666668
14,79,103.4,48.5,90.0,0.0016666666666666668
14,80,103.4,48.2,90.0,0.0016666666666666668
14,81,103.4,51.2,90.0,0.0016666666666666668
14,82,103.4,50.9,90.0,0.0016666666666666668
14,83,103.4,50.6,90.0,0.0016666666666666668
14,84,103.4,50.3,90.0,0.0016666666666666668
14,89,103.4,55.397872821796504,70.12312592992113,0.0033035804591888336
14,90,103.4,55.0,73.73979529168798,0.0018452401020419631
14,91,103.4,56.26040542391539,62.61289249734594,0.002113100255104908
14,92,103.4,55.817424305044156,66.42182152179818,0.002916680714293742
14,93,100.4,124.4,90.0,0.0016666666666666668
14,94,100.4,124.1,90.0,0.0016666666666666668
14,95,100.4,123.8,90.0,0.0016666666666666668
14,96,100.4,123.5,90.0,0.0016666666666666668
14,97,100.4,139.1,90.0,0.0016666666666666668
14,98,100.4,125.0,90.0,0.0016666666666666668
14,99,100.4,124.7,90.0,0.0016666666666666668
14,100,100.4,138.8,90.0,0.0016666666666666668
14,101,103.4,44.9,90.0,0.0016666666666666668
14,105,103.4,45.8,90.0,0.0016666666666666668
14,106,103.4,45.5,90.0,0.0016666666666666668
14,130,100.4,104.3,90.0,0.0016666666666666668
14,131,100.4,104.6,90.0,0.0016666666666666668
14,146,100.4,111.2,90.0,0.0016666666666666668
14,179,100.43267825829366,101.9,83.44581198184977,0.0017857062584988146
14,180,100.53898897054299,101.3,76.45889830914247,0.0017857062584988146
14,181,100.47639798957455,101.6,79.9712192721508,0.0019047739455851117
14,182,103.4,20.3,90.0,0.0016666666666666668
14,183,103.4,20.6,90.0,0.0016666666666666668
14,184,103.4,20.9,90.0,0.0016666666666666668
14,185,103.4,22.4,90.0,0.0016666666666666668
14,186,103.4,22.7,90.0,0.0016666666666666668
14,187,103.4,21.2,90.0,0.0016666666666666668
14,188,103.4,21.5,90.0,0.0016666666666666668
14,189,103.4,21.8,90.0,0.0016666666666666668
14,190,100.4,104.0,90.0,0.0016666666666666668
14,191,103.4,8.0,90.0,0.0016666666666666668
14,192,103.4,24.5,90.0,0.0016666666666666668
14,193,103.4,24.8,90.0,0.0016666666666666668
14,194,103.4,25.4,90.0,0.0016666666666666668
14,195,103.4,25.7,90.0,0.0016666666666666668
14,196,103.4,26.0,90.0,0.0016666666666666668
14,197,103.4,25.1,90.0,0.0016666666666666668
14,198,103.4,27.8,90.0,0.0016666666666666668
14,206,103.4,45.2,90.0,0.0016666666666666668
14,246,103.4,50.0,90.0,0.0016666666666666668
14,247,103.4,49.7,90.0,0.0016666666666666668
14,249,103.4,22.1,90.0,0.0016666666666666668
15,24,100.7,114.2,90.0,0.0016666666666666668
15,25,100.7,115.1,90.0,0.0016666666666666668
15,26,100.7,115.4,90.0,0.0016666666666666668
15,27,100.7,115.7,90.0,0.0016666666666666668
15,31,100.7,113.9,90.0,0.0016666666666666668
15,32,103.7,30.8,90.0,0.0016666666666666668
15,33,103.7,31.1,90.0,0.0016666666666666668
15,34,103.7,31.7,90.0,0.0016666666666666668
15,35,103.7,31.4,90.0,0.0016666666666666668
15,40,100.7,118.7,90.0,0.0016666666666666668
15,41,100.7,118.4,90.0,0.0016666666666666668
15,42,100.7,118.1,90.0,0.0016666666666666668
15,43,100.7,117.8,90.0,0.0016666666666666668
15,44,103.7,36.5,90.0,0.0016666666666666668
15,45,103.7,36.2,90.0,0.0016666666666666668
15,46,103.7,35.9,90.0,0.0016666666666666668
15,47,103.7,35.6,90.0,0.0016666666666666668
15,52,100.7,120.8,90.0,0.0016666666666666668
15,53,100.7,121.7,90.0,0.0016666666666666668
15,54,100.7,121.4,90.0,0.0016666666666666668
15,55,100.7,121.1,90.0,0.0016666666666666668
15,59,103.7,41.0,90.0,0.0016666666666666668
15,60,100.7,126.8,90.0,0.0016666666666666668
15,61,100.7,127.1,90.0,0.0016666666666666668
15,62,100.7,142.1,90.0,0.0016666666666666668
15,63,100.7,142.4040016012813,87.70755722404408,0.0018749929761864628
15,77,103.7,47.9,90.0,0.0016666666666666668
15,78,103.7,49.4,90.0,0.0016666666666666668
15,79,103.7,48.5,90.0,0.0016666666666666668
15,80,103.7,48.2,90.0,0.0016666666666666668
15,81,103.7,51.2,90.0,0.0016666666666666668
15,82,103.7,50.9,90.0,0.0016666666666666668
15,83,103.7,50.6,90.0,0.0016666666666666668
15,84,103.7,50.3,90.0,0.0016666666666666668
15,89,103.7,55.51742430504416,66.42182152179818,0.002916680714293742
15,90,103.7,55.0978728217965,70.12312592992113,0.0033035804591888336
15,91,103.7,56.429168699187485,58.66774850240561,0.00199406066327276
15,92,103.7,55.960405423915375,62.61289249734613,0.002113100255104908
15,93,100.7,124.4,90.0,0.0016666666666666668
15,94,100.7,124.1,90.0,0.0016666666666666668
15,95,100.7,123.8,90.0,0.0016666666666666668
15,96,100.7,123.5,90.0,0.0016666666666666668
15,97,100.7,139.1,90.0,0.0016666666666666668
15,98,100.7,125.0,90.0,0.0016666666666666668
15,99,100.7,124.7,90.0,0.0016666666666666668
15,100,100.7,138.8,90.0,0.0016666666666666668
15,101,103.7,44.9,90.0,0.0016666666666666668
15,105,103.7,45.8,90.0,0.0016666666666666668
15,106,103.7,45.5,90.0,0.0016666666666666668
15,130,100.7,104.3,90.0,0.0016666666666666668
15,131,100.7,104.6,90.0,0.0016666666666666668
15,146,100.7,111.2,90.0,0.0016666666666666668
15,179,100.77639798957453,101.9,79.97121927215099,0.0019047739455851117
15,180,100.92119264879406,101.3,72.89385439744922,0.002232139846937056
15,181,100.83898897054299,101.6,76.45889830914247,0.0017857062584988146
15,182,103.7,20.3,90.0,0.0016666666666666668
15,183,103.7,20.6,90.0,0.0016666666666666668
15,184,103.7,20.9,90.0,0.0016666666666666668
15,185,103.7,22.4,90.0,0.0016666666666666668
15,186,103.7,22.7,90.0,0.0016666666666666668
15,187,103.7,21.2,90.0,0.0016666666666666668
15,188,103.7,21.5,90.0,0.0016666666666666668
15,189,103.7,21.8,90.0,0.0016666666666666668
15,190,100.7,104.0,90.0,0.0016666666666666668
15,191,103.7,8.0,90.0,0.0016666666666666668
15,192,103.7,24.5,90.0,0.0016666666666666668
15,193,103.7,24.8,90.0,0.0016666666666666668
15,194,103.7,25.4,90.0,0.0016666666666666668
15,195,103.7,25.7,90.0,0.0016666666666666668
15,196,103.7,26.0,90.0,0.0016666666666666668
15,197,103.7,25.1,90.0,0.0016666666666666668
15,198,103.7,27.8,90.0,0.0016666666666666668
15,206,103.7,45.2,90.0,0.0016666666666666668
15,246,103.7,50.0,90.0,0.0016666666666666668
15,247,103.7,49.7,90.0,0.0016666666666666668
15,249,103.7,22.1,90.0,0.0016666666666666668
16,24,101.0,114.2,90.0,0.0016666666666666668
16,25,101.0,115.1,90.0,0.0016666666666666668
16,26,101.0,115.4,90.0,0.0016666666666666668
16,27,101.0,115.7,90.0,0.0016666666666666668
16,31,101.0,113.9,90.0,0.0016666666666666668
16,32,104.0,30.8,90.0,0.0016666666666666668
16,33,104.0,31.1,90.0,0.0016666666666666668
16,34,104.0,31.7,90.0,0.0016666666666666668
16,35,104.0,31.4,90.0,0.0016666666666666668
16,40,101.0,118.7,90.0,0.0016666666666666668
16,41,101.0,118.4,90.0,0.0016666666666666668
16,42,101.0,118.1,90.0,0.0016666666666666668
16,43,101.0,117.8,90.0,0.0016666666666666668
16,44,104.0,36.5,90.0,0.0016666666666666668
16,45,104.0,36.2,90.0,0.0016666666666666668
16,46,104.0,35.9,90.0,0.0016666666666666668
16,47,104.0,35.6,90.0,0.0016666666666666668
16,52,101.0,120.8,90.0,0.0016666666666666668
16,53,101.0,121.7,90.0,0.0016666666666666668
16,54,101.0,121.4,90.0,0.0016666666666666668
16,55,101.0,121.1,90.0,0.0016666666666666668
16,59,104.0,41.0,90.0,0.0016666666666666668
16,60,101.0,126.8,90.0,0.0016666666666666668
16,61,101.0,127.1,90.0,0.0016666666666666668
16,62,101.0,142.10400160128128,87.70755722404408,0.0018749929761864628
16,63,101.0,142.4250628144669,84.2608295227332,0.0018452401020419631
16,77,104.0,47.9,90.0,0.0016666666666666668
16,78,104.0,49.4,90.0,0.0016666666666666668
16,79,104.0,48.5,90.0,0.0016666666666666668
16,80,104.0,48.2,90.0,0.0016666666666666668
16,81,104.0,51.2,90.0,0.0016666666666666668
16,82,104.0,50.9,90.0,0.0016666666666666668
16,83,104.0,50.6,90.0,0.0016666666666666668
16,84,104.0,50.3,90.0,0.0016666666666666668
16,89,104.0,55.66040542391538,62.61289249734613,0.002113100255104908
16,90,104.0,55.217424305044155,66.42182152179818,0.002916680714293742
16,91,104.0,56.62691762911675,54.549457360824505,0.002261892721081555
16,92,104.0,56.129168699187474,58.667748502405786,0.00199406066327276
16,93,101.0,124.4,90.0,0.0016666666666666668
16,94,101.0,124.1,90.0,0.0016666666666666668
16,95,101.0,123.8,90.0,0.0016666666666666668
16,96,101.0,123.5,90.0,0.0016666666666666668
16,97,101.0,139.1,90.0,0.0016666666666666668
16,98,101.0,125.0,90.0,0.0016666666666666668
16,99,101.0,124.7,90.0,0.0016666666666666668
16,100,101.0,138.8,90.0,0.0016666666666666668
16,101,104.0,44.9,90.0,0.0016666666666666668
16,105,104.0,45.8,90.0,0.0016666666666666668
16,106,104.0,45.5,90.0,0.0016666666666666668
16,130,101.0,104.3,90.0,0.0016666666666666668
16,131,101.0,104.6,90.0,0.0016666666666666668
16,146,101.0,111.2,90.0,0.0016666666666666668
16,179,101.44894049227938,101.9,65.53465119167066,0.003065473180270389
16,180,101.77302879289573,101.3,57.71420021539032,0.0021726340986480564
16,181,101.59776032975812,101.6,61.69644472529222,0.0018452401020419631
16,182,104.0,20.3,90.0,0.0016666666666666668
16,183,104.0,20.6,90.0,0.0016666666666666668
16,184,104.0,20.9,90.0,0.0016666666666666668
16,185,104.0,22.4,90.0,0.0016666666666666668
16,186,104.0,22.7,90.0,0.0016666666666666668
16,187,104.0,21.2,90.0,0.0016666666666666668
16,188,104.0,21.5,90.0,0.0016666666666666668
16,189,104.0,21.8,90.0,0.0016666666666666668
16,190,101.0,104.0,90.0,0.0016666666666666668
16,191,104.0,8.0,90.0,0.0016666666666666668
16,192,104.0,24.5,90.0,0.0016666666666666668
16,193,104.0,24.8,90.0,0.0016666666666666668
16,194,104.0,25.4,90.0,0.0016666666666666668
16,195,104.0,25.7,90.0,0.0016666666666666668
16,196,104.0,26.0,90.0,0.0016666666666666668
16,197,104.0,25.1,90.0,0.0016666666666666668
16,198,104.0,27.8,90.0,0.0016666666666666668
16,206,104.0,45.2,90.0,0.0016666666666666668
16,246,104.0,50.0,90.0,0.0016666666666666668
16,247,104.0,49.7,90.0,0.0016666666666666668
16,249,104.0,22.1,90.0,0.0016666666666666668
17,24,98.0,114.2,90.0,0.0016666666666666668
17,25,98.0,115.1,90.0,0.0016666666666666668
17,26,98.0,115.4,90.0,0.0016666666666666668
17,27,98.0,115.7,90.0,0.0016666666666666668
17,31,98.0,113.9,90.0,0.0016666666666666668
17,34,20.9,31.7,90.0,0.0016666666666666668
17,40,98.0,118.7,90.0,0.0016666666666666668
17,41,98.0,118.4,90.0,0.0016666666666666668
17,42,98.0,118.1,90.0,0.0016666666666666668
17,43,98.0,117.8,90.0,0.0016666666666666668
17,44,20.9,36.5,90.0,0.0016666666666666668
17,52,98.0,120.8,90.0,0.0016666666666666668
17,53,98.0,121.7,90.0,0.0016666666666666668
17,54,98.0,121.4,90.0,0.0016666666666666668
17,55,98.0,121.1,90.0,0.0016666666666666668
17,60,98.0,126.8,90.0,0.0016666666666666668
17,61,98.0,127.1,90.0,0.0016666666666666668
17,62,98.0,142.1,90.0,0.0016666666666666668
17,63,98.0,142.4,90.0,0.0016666666666666668
17,67,95.3,60.76040542391538,62.61289249734613,0.002113100255104908
17,68,76.7,60.2,90.0,0.0016666666666666668
17,69,77.0,60.2,90.0,0.0016666666666666668
17,71,38.6,60.2,90.0,0.0016666666666666668
17,74,98.0,97.69599839871873,87.70755722404408,0.0018749929761864628
17,81,20.9,51.2,90.0,0.0016666666666666668
17,91,20.925062814466912,55.7,84.2608295227332,0.0018452401020419631
17,93,98.0,124.4,90.0,0.0016666666666666668
17,94,98.0,124.1,90.0,0.0016666666666666668
17,95,98.0,123.8,90.0,0.0016666666666666668
17,96,98.0,123.5,90.0,0.0016666666666666668
17,97,98.0,139.1,90.0,0.0016666666666666668
17,98,98.0,125.0,90.0,0.0016666666666666668
17,99,98.0,124.7,90.0,0.0016666666666666668
17,100,98.0,138.8,90.0,0.0016666666666666668
17,105,20.9,45.8,90.0,0.0016666666666666668
17,111,95.6,60.92916869918747,58.66774850240584,0.00199406066327276
17,112,95.9,61.12691762911675,54.549457360824505,0.002261892721081555
17,113,48.2,60.2,90.0,0.0016666666666666668
17,114,48.5,60.2,90.0,0.0016666666666666668
17,122,47.3,60.2,90.0,0.0016666666666666668
17,123,47.6,60.2,90.0,0.0016666666666666668
17,124,47.9,60.2,90.0,0.0016666666666666668
17,130,98.0,104.3,90.0,0.0016666666666666668
17,131,98.0,104.6,90.0,0.0016666666666666668
17,132,85.4,60.2,90.0,0.0016666666666666668
17,133,85.7,60.2,90.0,0.0016666666666666668
17,135,38.90400160128128,60.2,87.70755722404408,0.0018749929761864628
17,143,49.164414928298775,60.2,80.79310377865414,0.0018749929761864628
17,144,49.52250064069712,60.2,77.29096700560447,0.0017857062584988146
17,145,68.8,60.2,73.73979529168798,0.0018452401020419631
17,146,98.0,111.2,90.0,0.0016666666666666668
17,147,47.0,60.2,90.0,0.0016666666666666668
17,150,29.9,60.2,90.0,0.0016666666666666668
17,156,56.0,60.2,90.0,0.0016666666666666668
17,157,56.3,60.2,90.0,0.0016666666666666668
17,162,29.6,60.2,90.0,0.0016666666666666668
17,163,38.0,60.2,90.0,0.0016666666666666668
17,165,29.0,60.2,90.0,0.0016666666666666668
17,166,29.299999999999997,60.2,90.0,0.0016666666666666668
17,177,20.9,15.200000000000003,90.0,0.0016666666666666668
17,179,98.0,101.9,90.0,0.0016666666666666668
17,180,98.0,101.3,90.0,0.0016666666666666668
17,181,98.0,101.6,90.0,0.0016666666666666668
17,185,20.9,22.4,90.0,0.0016666666666666668
17,186,20.9,22.700000000000003,90.0,0.0016666666666666668
17,190,98.0,104.0,90.0,0.0016666666666666668
17,199,84.8,60.2,90.0,0.0016666666666666668
17,200,85.1,60.2,90.0,0.0016666666666666668
17,201,20.9,10.100000000000001,90.0,0.0016666666666666668
17,207,48.8250628144669,60.2,84.26082952273322,0.0018452401020419631
17,210,68.3,60.2,90.0,0.0016666666666666668
17,211,66.8,60.2,90.0,0.0016666666666666668
17,212,67.1,60.2,90.0,0.0016666666666666668
17,213,67.4,60.2,90.0,0.0016666666666666668
17,214,67.7,60.2,90.0,0.0016666666666666668
17,215,68.0,60.2,90.0,0.0016666666666666668
17,216,65.6,60.2,90.0,0.0016666666666666668
17,217,65.9,60.2,90.0,0.0016666666666666668
17,218,66.2,60.2,90.0,0.0016666666666666668
17,219,66.5,60.2,90.0,0.0016666666666666668
17,222,75.8,60.2,90.0,0.0016666666666666668
17,223,76.1,60.2,90.0,0.0016666666666666668
17,224,76.4,60.2,90.0,0.0016666666666666668
17,225,78.22691762911674,60.2,54.549457360824505,0.002261892721081555
17,226,74.9,60.2,90.0,0.0016666666666666668
17,227,75.2,60.2,90.0,0.0016666666666666668
17,228,75.5,60.2,90.0,0.0016666666666666668
17,229,20.9,5.600000000000001,90.0,0.0016666666666666668
17,248,30.200000000000003,60.2,90.0,0.0016666666666666668
17,255,38.3,60.2,90.0,0.0016666666666666668
18,24,98.3,114.2,90.0,0.0016666666666666668
18,25,98.3,115.1,90.0,0.0016666666666666668
18,26,98.3,115.4,90.0,0.0016666666666666668
18,27,98.3,115.7,90.0,0.0016666666666666668
18,31,98.3,113.9,90.0,0.0016666666666666668
18,34,21.2,31.7,90.0,0.0016666666666666668
18,40,98.3,118.7,90.0,0.0016666666666666668
18,41,98.3,118.4,90.0,0.0016666666666666668
18,42,98.3,118.1,90.0,0.0016666666666666668
18,43,98.3,117.8,90.0,0.0016666666666666668
18,44,21.2,36.5,90.0,0.0016666666666666668
18,52,98.3,120.8,90.0,0.0016666666666666668
18,53,98.3,121.7,90.0,0.0016666666666666668
18,54,98.3,121.4,90.0,0.0016666666666666668
18,55,98.3,121.1,90.0,0.0016666666666666668
18,60,98.3,126.8,90.0,0.0016666666666666668
18,61,98.3,127.1,90.0,0.0016666666666666668
18,62,98.3,142.1,90.0,0.0016666666666666668
18,63,98.3,142.4,90.0,0.0016666666666666668
18,67,95.3,60.31742430504416,66.42182152179818,0.002916680714293742
18,68,76.7,59.9,90.0,0.0016666666666666668
18,69,77.0,59.9,90.0,0.0016666666666666668
18,71,38.6,59.9,90.0,0.0016666666666666668
18,74,98.3,97.67493718553311,84.26082952273323,0.0018452401020419631
18,81,21.2,51.2,90.0,0.0016666666666666668
18,91,21.264414928298777,55.7,80.79310377865406,0.0018749929761864628
18,93,98.3,124.4,90.0,0.0016666666666666668
18,94,98.3,124.1,90.0,0.0016666666666666668
18,95,98.3,123.8,90.0,0.0016666666666666668
18,96,98.3,123.5,90.0,0.0016666666666666668
18,97,98.3,139.1,90.0,0.0016666666666666668
18,98,98.3,125.0,90.0,0.0016666666666666668
18,99,98.3,124.7,90.0,0.0016666666666666668
18,100,98.3,138.8,90.0,0.0016666666666666668
18,105,21.2,45.8,90.0,0.0016666666666666668
18,111,95.6,60.46040542391538,62.61289249734613,0.002113100255104908
18,112,95.9,60.62916869918749,58.66774850240561,0.00199406066327276
18,113,48.2,59.9,90.0,0.0016666666666666668
18,114,48.5,59.9,90.0,0.0016666666666666668
18,122,47.3,59.9,90.0,0.0016666666666666668
18,123,47.6,59.9,90.0,0.0016666666666666668
18,124,47.9,59.9,90.0,0.0016666666666666668
18,130,98.3,104.3,90.0,0.0016666666666666668
18,131,98.3,104.6,90.0,0.0016666666666666668
18,132,85.4,59.9,90.0,0.0016666666666666668
18,133,85.7,59.9,90.0,0.0016666666666666668
18,135,38.9,59.9,90.0,0.0016666666666666668
18,143,49.1250628144669,59.9,84.26082952273329,0.0018452401020419631
18,144,49.46441492829877,59.9,80.79310377865406,0.0018749929761864628
18,145,68.72250064069712,59.9,77.29096700560454,0.0017857062584988146
18,146,98.3,111.2,90.0,0.0016666666666666668
18,147,47.0,59.9,90.0,0.0016666666666666668
18,150,29.9,59.9,90.0,0.0016666666666666668
18,156,56.0,59.9,90.0,0.0016666666666666668
18,157,56.3,59.9,90.0,0.0016666666666666668
18,162,29.6,59.9,90.0,0.0016666666666666668
18,163,38.0,59.9,90.0,0.0016666666666666668
18,165,29.0,59.9,90.0,0.0016666666666666668
18,166,29.299999999999997,59.9,90.0,0.0016666666666666668
18,177,21.2,15.199999999999996,90.0,0.0016666666666666668
18,179,98.3,101.9,90.0,0.0016666666666666668
18,180,98.3,101.3,90.0,0.0016666666666666668
18,181,98.3,101.6,90.0,0.0016666666666666668
18,185,21.2,22.4,90.0,0.0016666666666666668
18,186,21.2,22.699999999999996,90.0,0.0016666666666666668
18,190,98.3,104.0,90.0,0.0016666666666666668
18,199,84.8,59.9,90.0,0.0016666666666666668
18,200,85.1,59.9,90.0,0.0016666666666666668
18,201,21.2,10.100000000000001,90.0,0.0016666666666666668
18,207,48.80400160128128,59.9,87.70755722404417,0.0018749929761864628
18,210,68.3,59.9,90.0,0.0016666666666666668
18,211,66.8,59.9,90.0,0.0016666666666666668
18,212,67.1,59.9,90.0,0.0016666666666666668
18,213,67.4,59.9,90.0,0.0016666666666666668
18,214,67.7,59.9,90.0,0.0016666666666666668
18,215,68.0,59.9,90.0,0.0016666666666666668
18,216,65.6,59.9,90.0,0.0016666666666666668
18,217,65.9,59.9,90.0,0.0016666666666666668
18,218,66.2,59.9,90.0,0.0016666666666666668
18,219,66.5,59.9,90.0,0.0016666666666666668
18,222,75.8,59.9,90.0,0.0016666666666666668
18,223,76.1,59.9,90.0,0.0016666666666666668
18,224,76.4,59.9,90.0,0.0016666666666666668
18,225,78.02916869918747,59.9,58.667748502405765,0.00199406066327276
18,226,74.9,59.9,90.0,0.0016666666666666668
18,227,75.2,59.9,90.0,0.0016666666666666668
18,228,75.5,59.9,90.0,0.0016666666666666668
18,229,21.2,5.600000000000001,90.0,0.0016666666666666668
18,248,30.200000000000003,59.9,90.0,0.0016666666666666668
18,255,38.3,59.9,90.0,0.0016666666666666668
19,24,98.6,114.2,90.0,0.0016666666666666668
19,25,98.6,115.1,90.0,0.0016666666666666668
19,26,98.6,115.4,90.0,0.0016666666666666668
19,27,98.6,115.7,90.0,0.0016666666666666668
19,31,98.6,113.9,90.0,0.0016666666666666668
19,34,21.5,31.7,90.0,0.0016666666666666668
19,40,98.6,118.7,90.0,0.0016666666666666668
19,41,98.6,118.4,90.0,0.0016666666666666668
19,42,98.6,118.1,90.0,0.0016666666666666668
19,43,98.6,117.8,90.0,0.0016666666666666668
19,44,21.5,36.5,90.0,0.0016666666666666668
19,52,98.6,120.8,90.0,0.0016666666666666668
19,53,98.6,121.7,90.0,0.0016666666666666668
19,54,98.6,121.4,90.0,0.0016666666666666668
19,55,98.6,121.1,90.0,0.0016666666666666668
19,60,98.6,126.8,90.0,0.0016666666666666668
19,61,98.6,127.1,90.0,0.0016666666666666668
19,62,98.6,142.1,90.0,0.0016666666666666668
19,63,98.6,142.4,90.0,0.0016666666666666668
19,67,95.3,59.8978728217965,70.12312592992113,0.0033035804591888336
19,68,76.7,59.6,90.0,0.0016666666666666668
19,69,77.0,59.6,90.0,0.0016666666666666668
19,71,38.6,59.6,90.0,0.0016666666666666668
19,74,98.6,97.63558507170123,80.79310377865414,0.0018749929761864628
19,81,21.5,51.2,90.0,0.0016666666666666668
19,91,21.622500640697126,55.7,77.29096700560454,0.0017857062584988146
19,93,98.6,124.4,90.0,0.0016666666666666668
19,94,98.6,124.1,90.0,0.0016666666666666668
19,95,98.6,123.8,90.0,0.0016666666666666668
19,96,98.6,123.5,90.0,0.0016666666666666668
19,97,98.6,139.1,90.0,0.0016666666666666668
19,98,98.6,125.0,90.0,0.0016666666666666668
19,99,98.6,124.7,90.0,0.0016666666666666668
19,100,98.6,138.8,90.0,0.0016666666666666668
19,105,21.5,45.8,90.0,0.0016666666666666668
19,111,95.6,60.01742430504415,66.42182152179818,0.002916680714293742
19,112,95.9,60.16040542391538,62.61289249734594,0.002113100255104908
19,113,48.2,59.6,90.0,0.0016666666666666668
19,114,48.5,59.6,90.0,0.0016666666666666668
19,122,47.3,59.6,90.0,0.0016666666666666668
19,123,47.6,59.6,90.0,0.0016666666666666668
19,124,47.9,59.6,90.0,0.0016666666666666668
19,130,98.6,104.3,90.0,0.0016666666666666668
19,131,98.6,104.6,90.0,0.0016666666666666668
19,132,85.4,59.6,90.0,0.0016666666666666668
19,133,85.7,59.6,90.0,0.0016666666666666668
19,135,38.9,59.6,90.0,0.0016666666666666668
19,143,49.10400160128128,59.6,87.70755722404417,0.0018749929761864628
19,144,49.4250628144669,59.6,84.26082952273315,0.0018452401020419631
19,145,68.66441492829877,59.6,80.79310377865406,0.0018749929761864628
19,146,98.6,111.2,90.0,0.0016666666666666668
19,147,47.0,59.6,90.0,0.0016666666666666668
19,150,29.9,59.6,90.0,0.0016666666666666668
19,156,56.0,59.6,90.0,0.0016666666666666668
19,157,56.3,59.6,90.0,0.0016666666666666668
19,162,29.6,59.6,90.0,0.0016666666666666668
19,163,38.0,59.6,90.0,0.0016666666666666668
19,165,29.0,59.6,90.0,0.0016666666666666668
19,166,29.299999999999997,59.6,90.0,0.0016666666666666668
19,177,21.5,15.199999999999996,90.0,0.0016666666666666668
19,179,98.6,101.9,90.0,0.0016666666666666668
19,180,98.6,101.3,90.0,0.0016666666666666668
19,181,98.6,101.6,90.0,0.0016666666666666668
19,185,21.5,22.4,90.0,0.0016666666666666668
19,186,21.5,22.7,90.0,0.0016666666666666668
19,190,98.6,104.0,90.0,0.0016666666666666668
19,199,84.8,59.6,90.0,0.0016666666666666668
19,200,85.1,59.6,90.0,0.0016666666666666668
19,201,21.5,10.100000000000001,90.0,0.0016666666666666668
19,207,48.8,59.6,90.0,0.0016666666666666668
19,210,68.3,59.6,90.0,0.0016666666666666668
19,211,66.8,59.6,90.0,0.0016666666666666668
19,212,67.1,59.6,90.0,0.0016666666666666668
19,213,67.4,59.6,90.0,0.0016666666666666668
19,214,67.7,59.6,90.0,0.0016666666666666668
19,215,68.0,59.6,90.0,0.0016666666666666668
19,216,65.6,59.6,90.0,0.0016666666666666668
19,217,65.9,59.6,90.0,0.0016666666666666668
19,218,66.2,59.6,90.0,0.0016666666666666668
19,219,66.5,59.6,90.0,0.0016666666666666668
19,222,75.8,59.6,90.0,0.0016666666666666668
19,223,76.1,59.6,90.0,0.0016666666666666668
19,224,76.4,59.6,90.0,0.0016666666666666668
19,225,77.86040542391538,59.6,62.61289249734602,0.002113100255104908
19,226,74.9,59.6,90.0,0.0016666666666666668
19,227,75.2,59.6,90.0,0.0016666666666666668
19,228,75.5,59.6,90.0,0.0016666666666666668
19,229,21.5,5.600000000000001,90.0,0.0016666666666666668
19,248,30.200000000000003,59.6,90.0,0.0016666666666666668
19,255,38.3,59.6,90.0,0.0016666666666666668
22,36,136.9502490673477,119.0,71.79598943803352,0.002708326309519796
22,37,136.7,130.1,90.0,0.0016666666666666668
22,38,136.7,134.0040016012813,87.70755722404424,0.0018749929761864628
22,39,136.7,133.7,90.0,0.0016666666666666668
22,40,137.0596412119371,118.7,68.13620489396811,0.0031250070238135375
22,41,137.19159391340202,118.4,64.37994331832168,0.002946433588438241
22,42,137.34815887222493,118.1,60.50145791198257,0.0018452401020419631
22,43,137.53210881126728,117.8,56.46808354580292,0.0021428531292494077
22,44,140.6,36.797872821796496,70.12312592992131,0.0033035804591888336
22,45,140.6,36.400000000000006,73.73979529168798,0.0018452401020419631
22,46,140.6,36.02250064069712,77.29096700560463,0.0017857062584988146
22,47,140.6,35.66441492829877,80.7931037786543,0.0018749929761864628
23,36,137.35964121193712,119.0,68.13620489396796,0.0031250070238135375
23,37,137.0,130.1,90.0,0.0016666666666666668
23,38,137.0,134.0250628144669,84.2608295227332,0.0018452401020419631
23,39,137.0,133.70400160128128,87.70755722404424,0.0018749929761864628
23,40,137.49159391340206,118.7,64.3799433183214,0.002946433588438241
23,41,137.64815887222494,118.4,60.50145791198257,0.0018452401020419631
23,42,137.83210881126732,118.1,56.4680835458026,0.0021428531292494077
23,43,138.04726515930594,117.8,52.236655929213015,0.002202386972792556
23,44,140.9,36.91742430504416,66.42182152179818,0.002916680714293742
23,45,140.9,36.49787282179651,70.12312592992095,0.0033035804591888336
23,46,140.9,36.1,73.73979529168798,0.0018452401020419631
23,47,140.9,35.72250064069712,77.29096700560463,0.0017857062584988146
24,43,62.5,117.8,73.73979529168798,0.0018452401020419631
24,44,139.4,36.5250628144669,84.26082952273322,0.0018452401020419631
24,45,139.4,36.204001601281284,87.70755722404392,0.0018749929761864628
24,46,139.4,35.9,90.0,0.0016666666666666668
24,47,139.4,35.6,90.0,0.0016666666666666668
24,52,62.3,120.8,90.0,0.0016666666666666668
24,56,135.2,114.13558507170123,80.7931037786543,0.0018749929761864628
24,57,135.5,114.07749935930289,77.29096700560466,0.0017857062584988146
24,58,135.8,114.0,73.73979529168798,0.0018452401020419631
24,59,134.9,114.17493718553311,84.26082952273323,0.0018452401020419631
24,72,107.3,114.2,90.0,0.0016666666666666668
24,73,107.6,114.2,90.0,0.0016666666666666668
24,77,117.8,114.2,90.0,0.0016666666666666668
24,78,116.9,114.2,90.0,0.0016666666666666668
24,79,117.2,114.2,90.0,0.0016666666666666668
24,80,117.5,114.2,90.0,0.0016666666666666668
24,81,115.1,114.2,90.0,0.0016666666666666668
24,82,115.4,114.2,90.0,0.0016666666666666668
24,83,115.7,114.2,90.0,0.0016666666666666668
24,84,116.0,114.2,90.0,0.0016666666666666668
24,85,109.36040542391538,114.2,62.612892497346095,0.002113100255104908
24,86,107.9,114.2,90.0,0.0016666666666666668
24,87,108.2,114.2,90.0,0.0016666666666666668
24,88,108.5,114.2,90.0,0.0016666666666666668
24,89,106.7,114.2,90.0,0.0016666666666666668
24,90,107.0,114.2,90.0,0.0016666666666666668
24,91,106.1,114.2,90.0,0.0016666666666666668
24,92,106.4,114.2,90.0,0.0016666666666666668
24,95,62.3,123.8,90.0,0.0016666666666666668
24,96,62.3,123.5,90.0,0.0016666666666666668
24,101,126.8,114.2,90.0,0.0016666666666666668
24,102,127.1,114.2,90.0,0.0016666666666666668
24,103,127.4,114.2,90.0,0.0016666666666666668
24,104,127.7,114.2,90.0,0.0016666666666666668
24,105,125.9,114.2,90.0,0.0016666666666666668
24,106,126.2,114.2,90.0,0.0016666666666666668
24,107,62.3,138.8,90.0,0.0016666666666666668
24,108,62.3,138.5,90.0,0.0016666666666666668
24,109,62.3,138.2,90.0,0.0016666666666666668
24,110,62.3,137.9,90.0,0.0016666666666666668
24,111,72.2,114.2,90.0,0.0016666666666666668
24,112,72.5,114.2,90.0,0.0016666666666666668
24,113,71.6,114.2,90.0,0.0016666666666666668
24,114,71.9,114.2,90.0,0.0016666666666666668
24,115,70.7,114.2,90.0,0.0016666666666666668
24,116,71.0,114.2,90.0,0.0016666666666666668
24,117,71.3,114.2,90.0,0.0016666666666666668
24,126,62.3,136.7,90.0,0.0016666666666666668
24,127,62.3,136.4,90.0,0.0016666666666666668
24,128,62.3,136.1,90.0,0.0016666666666666668
24,129,62.3,135.8,90.0,0.0016666666666666668
24,130,81.5,114.2,90.0,0.0016666666666666668
24,131,81.8,114.2,90.0,0.0016666666666666668
24,132,80.6,114.2,90.0,0.0016666666666666668
24,133,80.9,114.2,90.0,0.0016666666666666668
24,134,79.7,114.2,90.0,0.0016666666666666668
24,135,80.0,114.2,90.0,0.0016666666666666668
24,136,62.3,134.0,90.0,0.0016666666666666668
24,137,62.3,133.7,90.0,0.0016666666666666668
24,138,62.3,133.4,90.0,0.0016666666666666668
24,139,62.3,133.1,90.0,0.0016666666666666668
24,140,62.3,132.8,90.0,0.0016666666666666668
24,141,62.3,132.5,90.0,0.0016666666666666668
24,142,62.3,132.2,90.0,0.0016666666666666668
24,143,90.2,114.2,90.0,0.0016666666666666668
24,144,90.5,114.2,90.0,0.0016666666666666668
24,145,90.8,114.2,90.0,0.0016666666666666668
24,151,62.3,129.8,90.0,0.0016666666666666668
24,152,62.3,129.5,90.0,0.0016666666666666668
24,153,62.3,129.2,90.0,0.0016666666666666668
24,154,62.3,128.9,90.0,0.0016666666666666668
24,155,62.3,130.1,90.0,0.0016666666666666668
24,178,128.0,114.2,90.0,0.0016666666666666668
24,179,81.2,114.2,90.0,0.0016666666666666668
24,206,126.5,114.2,90.0,0.0016666666666666668
24,207,80.3,114.2,90.0,0.0016666666666666668
24,225,91.1,114.2,90.0,0.0016666666666666668
24,241,98.9,114.2,90.0,0.0016666666666666668
24,242,99.2,114.2,90.0,0.0016666666666666668
24,243,99.5,114.2,90.0,0.0016666666666666668
24,244,99.8,114.2,90.0,0.0016666666666666668
24,246,116.3,114.2,90.0,0.0016666666666666668
24,247,116.6,114.2,90.0,0.0016666666666666668
25,43,63.160405423915364,117.8,62.61289249734616,0.002113100255104908
25,44,139.7,36.564414928298774,80.7931037786543,0.0018749929761864628
25,45,139.7,36.2250628144669,84.26082952273322,0.0018452401020419631
25,46,139.7,35.90400160128128,87.70755722404425,0.0018749929761864628
25,47,139.7,35.6,90.0,0.0016666666666666668
25,52,62.6,120.8,90.0,0.0016666666666666668
25,56,135.2,115.07493718553309,84.2608295227332,0.0018452401020419631
25,57,135.5,115.03558507170122,80.79310377865397,0.0018749929761864628
25,58,135.8,114.97749935930287,77.2909670056043,0.0017857062584988146
25,59,134.9,115.0959983987187,87.70755722404392,0.0018749929761864628
25,72,107.3,115.1,90.0,0.0016666666666666668
25,73,107.6,115.1,90.0,0.0016666666666666668
25,77,117.8,115.1,90.0,0.0016666666666666668
25,78,116.9,115.1,90.0,0.0016666666666666668
25,79,117.2,115.1,90.0,0.0016666666666666668
25,80,117.5,115.1,90.0,0.0016666666666666668
25,81,115.1,115.1,90.0,0.0016666666666666668
25,82,115.4,115.1,90.0,0.0016666666666666668
25,83,115.7,115.1,90.0,0.0016666666666666668
25,84,116.0,115.1,90.0,0.0016666666666666668
25,85,109.0,115.1,73.73979529168798,0.0018452401020419631
25,86,107.9,115.1,90.0,0.0016666666666666668
25,87,108.2,115.1,90.0,0.0016666666666666668
25,88,108.5,115.1,90.0,0.0016666666666666668
25,89,106.7,115.1,90.0,0.0016666666666666668
25,90,107.0,115.1,90.0,0.0016666666666666668
25,91,106.1,115.1,90.0,0.0016666666666666668
25,92,106.4,115.1,90.0,0.0016666666666666668
25,95,62.6,123.8,90.0,0.0016666666666666668
25,96,62.6,123.5,90.0,0.0016666666666666668
25,101,126.8,115.1,90.0,0.0016666666666666668
25,102,127.1,115.1,90.0,0.0016666666666666668
25,103,127.4,115.1,90.0,0.0016666666666666668
25,104,127.7,115.1,90.0,0.0016666666666666668
25,105,125.9,115.1,90.0,0.0016666666666666668
25,106,126.2,115.1,90.0,0.0016666666666666668
25,107,62.6,138.8,90.0,0.0016666666666666668
25,108,62.6,138.5,90.0,0.0016666666666666668
25,109,62.6,138.2,90.0,0.0016666666666666668
25,110,62.6,137.9,90.0,0.0016666666666666668
25,111,72.2,115.1,90.0,0.0016666666666666668
25,112,72.5,115.1,90.0,0.0016666666666666668
25,113,71.6,115.1,90.0,0.0016666666666666668
25,114,71.9,115.1,90.0,0.0016666666666666668
25,115,70.7,115.1,90.0,0.0016666666666666668
25,116,71.0,115.1,90.0,0.0016666666666666668
25,117,71.3,115.1,90.0,0.0016666666666666668
25,126,62.6,136.7,90.0,0.0016666666666666668
25,127,62.6,136.4,90.0,0.0016666666666666668
25,128,62.6,136.1,90.0,0.0016666666666666668
25,129,62.6,135.8,90.0,0.0016666666666666668
25,130,81.5,115.1,90.0,0.0016666666666666668
25,131,81.8,115.1,90.0,0.0016666666666666668
25,132,80.6,115.1,90.0,0.0016666666666666668
25,133,80.9,115.1,90.0,0.0016666666666666668
25,134,79.7,115.1,90.0,0.0016666666666666668
25,135,80.0,115.1,90.0,0.0016666666666666668
25,136,62.6,134.0,90.0,0.0016666666666666668
25,137,62.6,133.7,90.0,0.0016666666666666668
25,138,62.6,133.4,90.0,0.0016666666666666668
25,139,62.6,133.1,90.0,0.0016666666666666668
25,140,62.6,132.8,90.0,0.0016666666666666668
25,141,62.6,132.5,90.0,0.0016666666666666668
25,142,62.6,132.2,90.0,0.0016666666666666668
25,143,90.2,115.1,90.0,0.0016666666666666668
25,144,90.5,115.1,90.0,0.0016666666666666668
25,145,90.8,115.1,90.0,0.0016666666666666668
25,151,62.6,129.8,90.0,0.0016666666666666668
25,152,62.6,129.5,90.0,0.0016666666666666668
25,153,62.6,129.2,90.0,0.0016666666666666668
25,154,62.6,128.9,90.0,0.0016666666666666668
25,155,62.6,130.1,90.0,0.0016666666666666668
25,178,128.0,115.1,90.0,0.0016666666666666668
25,179,81.2,115.1,90.0,0.0016666666666666668
25,206,126.5,115.1,90.0,0.0016666666666666668
25,207,80.3,115.1,90.0,0.0016666666666666668
25,225,91.1,115.1,90.0,0.0016666666666666668
25,241,98.9,115.1,90.0,0.0016666666666666668
25,242,99.2,115.1,90.0,0.0016666666666666668
25,243,99.5,115.1,90.0,0.0016666666666666668
25,244,99.8,115.1,90.0,0.0016666666666666668
25,246,116.3,115.1,90.0,0.0016666666666666668
25,247,116.6,115.1,90.0,0.0016666666666666668
26,43,63.62916869918749,117.8,58.66774850240561,0.00199406066327276
26,44,140.0,36.62250064069712,77.29096700560463,0.0017857062584988146
26,45,140.0,36.26441492829878,80.79310377865397,0.0018749929761864628
26,46,140.0,35.9250628144669,84.26082952273322,0.0018452401020419631
26,47,140.0,35.60400160128128,87.70755722404425,0.0018749929761864628
26,52,62.9,120.8,90.0,0.0016666666666666668
26,56,135.2,115.39599839871872,87.70755722404424,0.0018749929761864628
26,57,135.5,115.3749371855331,84.2608295227332,0.0018452401020419631
26,58,135.8,115.33558507170123,80.79310377865397,0.0018749929761864628
26,59,134.9,115.4,90.0,0.0016666666666666668
26,72,107.3,115.4,90.0,0.0016666666666666668
26,73,107.6,115.4,90.0,0.0016666666666666668
26,77,117.8,115.4,90.0,0.0016666666666666668
26,78,116.9,115.4,90.0,0.0016666666666666668
26,79,117.2,115.4,90.0,0.0016666666666666668
26,80,117.5,115.4,90.0,0.0016666666666666668
26,81,115.1,115.4,90.0,0.0016666666666666668
26,82,115.4,115.4,90.0,0.0016666666666666668
26,83,115.7,115.4,90.0,0.0016666666666666668
26,84,116.0,115.4,90.0,0.0016666666666666668
26,85,108.92250064069711,115.4,77.29096700560466,0.0017857062584988146
26,86,107.9,115.4,90.0,0.0016666666666666668
26,87,108.2,115.4,90.0,0.0016666666666666668
26,88,108.5,115.4,90.0,0.0016666666666666668
26,89,106.7,115.4,90.0,0.0016666666666666668
26,90,107.0,115.4,90.0,0.0016666666666666668
26,91,106.1,115.4,90.0,0.0016666666666666668
26,92,106.4,115.4,90.0,0.0016666666666666668
26,95,62.9,123.8,90.0,0.0016666666666666668
26,96,62.9,123.5,90.0,0.0016666666666666668
26,101,126.8,115.4,90.0,0.0016666666666666668
26,102,127.1,115.4,90.0,0.0016666666666666668
26,103,127.4,115.4,90.0,0.0016666666666666668
26,104,127.7,115.4,90.0,0.0016666666666666668
26,105,125.9,115.4,90.0,0.0016666666666666668
26,106,126.2,115.4,90.0,0.0016666666666666668
26,107,62.9,138.8,90.0,0.0016666666666666668
26,108,62.9,138.5,90.0,0.0016666666666666668
26,109,62.9,138.2,90.0,0.0016666666666666668
26,110,62.9,137.9,90.0,0.0016666666666666668
26,111,72.2,115.4,90.0,0.0016666666666666668
26,112,72.5,115.4,90.0,0.0016666666666666668
26,113,71.6,115.4,90.0,0.0016666666666666668
26,114,71.9,115.4,90.0,0.0016666666666666668
26,115,70.7,115.4,90.0,0.0016666666666666668
26,116,71.0,115.4,90.0,0.0016666666666666668
26,117,71.3,115.4,90.0,0.0016666666666666668
26,126,62.9,136.7,90.0,0.0016666666666666668
26,127,62.9,136.4,90.0,0.0016666666666666668
26,128,62.9,136.1,90.0,0.0016666666666666668
26,129,62.9,135.8,90.0,0.0016666666666666668
26,130,81.5,115.4,90.0,0.0016666666666666668
26,131,81.8,115.4,90.0,0.0016666666666666668
26,132,80.6,115.4,90.0,0.0016666666666666668
26,133,80.9,115.4,90.0,0.0016666666666666668
26,134,79.7,115.4,90.0,0.0016666666666666668
26,135,80.0,115.4,90.0,0.0016666666666666668
26,136,62.9,134.0,90.0,0.0016666666666666668
26,137,62.9,133.7,90.0,0.0016666666666666668
26,138,62.9,133.4,90.0,0.0016666666666666668
26,139,62.9,133.1,90.0,0.0016666666666666668
26,140,62.9,132.8,90.0,0.0016666666666666668
26,141,62.9,132.5,90.0,0.0016666666666666668
26,142,62.9,132.2,90.0,0.0016666666666666668
26,143,90.2,115.4,90.0,0.0016666666666666668
26,144,90.5,115.4,90.0,0.0016666666666666668
26,145,90.8,115.4,90.0,0.0016666666666666668
26,151,62.9,129.8,90.0,0.0016666666666666668
26,152,62.9,129.5,90.0,0.0016666666666666668
26,153,62.9,129.2,90.0,0.0016666666666666668
26,154,62.9,128.9,90.0,0.0016666666666666668
26,155,62.9,130.1,90.0,0.0016666666666666668
26,178,128.0,115.4,90.0,0.0016666666666666668
26,179,81.2,115.4,90.0,0.0016666666666666668
26,206,126.5,115.4,90.0,0.0016666666666666668
26,207,80.3,115.4,90.0,0.0016666666666666668
26,225,91.1,115.4,90.0,0.0016666666666666668
26,241,98.9,115.4,90.0,0.0016666666666666668
26,242,99.2,115.4,90.0,0.0016666666666666668
26,243,99.5,115.4,90.0,0.0016666666666666668
26,244,99.8,115.4,90.0,0.0016666666666666668
26,246,116.3,115.4,90.0,0.0016666666666666668
26,247,116.6,115.4,90.0,0.0016666666666666668
27,43,64.12691762911675,117.8,54.549457360824505,0.002261892721081555
27,44,140.3,36.7,73.73979529168798,0.0018452401020419631
27,45,140.3,36.32250064069713,77.2909670056043,0.0017857062584988146
27,46,140.3,35.96441492829877,80.79310377865397,0.0018749929761864628
27,47,140.3,35.6250628144669,84.26082952273322,0.0018452401020419631
27,52,63.2,120.8,90.0,0.0016666666666666668
27,56,135.2,115.7,90.0,0.0016666666666666668
27,57,135.5,115.69599839871873,87.70755722404425,0.0018749929761864628
27,58,135.8,115.67493718553311,84.26082952273323,0.0018452401020419631
27,59,134.9,115.7,90.0,0.0016666666666666668
27,72,107.3,115.7,90.0,0.0016666666666666668
27,73,107.6,115.7,90.0,0.0016666666666666668
27,77,117.8,115.7,90.0,0.0016666666666666668
27,78,116.9,115.7,90.0,0.0016666666666666668
27,79,117.2,115.7,90.0,0.0016666666666666668
27,80,117.5,115.7,90.0,0.0016666666666666668
27,81,115.1,115.7,90.0,0.0016666666666666668
27,82,115.4,115.7,90.0,0.0016666666666666668
27,83,115.7,115.7,90.0,0.0016666666666666668
27,84,116.0,115.7,90.0,0.0016666666666666668
27,85,108.86441492829877,115.7,80.79310377865414,0.0018749929761864628
27,86,107.9,115.7,90.0,0.0016666666666666668
27,87,108.2,115.7,90.0,0.0016666666666666668
27,88,108.5,115.7,90.0,0.0016666666666666668
27,89,106.7,115.7,90.0,0.0016666666666666668
27,90,107.0,115.7,90.0,0.0016666666666666668
27,91,106.1,115.7,90.0,0.0016666666666666668
27,92,106.4,115.7,90.0,0.0016666666666666668
27,95,63.2,123.8,90.0,0.0016666666666666668
27,96,63.2,123.5,90.0,0.0016666666666666668
27,101,126.8,115.7,90.0,0.0016666666666666668
27,102,127.1,115.7,90.0,0.0016666666666666668
27,103,127.4,115.7,90.0,0.0016666666666666668
27,104,127.7,115.7,90.0,0.0016666666666666668
27,105,125.9,115.7,90.0,0.0016666666666666668
27,106,126.2,115.7,90.0,0.0016666666666666668
27,107,63.2,138.8,90.0,0.0016666666666666668
27,108,63.2,138.5,90.0,0.0016666666666666668
27,109,63.2,138.2,90.0,0.0016666666666666668
27,110,63.2,137.9,90.0,0.0016666666666666668
27,111,72.2,115.7,90.0,0.0016666666666666668
27,112,72.5,115.7,90.0,0.0016666666666666668
27,113,71.6,115.7,90.0,0.0016666666666666668
27,114,71.9,115.7,90.0,0.0016666666666666668
27,115,70.7,115.7,90.0,0.0016666666666666668
27,116,71.0,115.7,90.0,0.0016666666666666668
27,117,71.3,115.7,90.0,0.0016666666666666668
27,126,63.2,136.7,90.0,0.0016666666666666668
27,127,63.2,136.4,90.0,0.0016666666666666668
27,128,63.2,136.1,90.0,0.0016666666666666668
27,129,63.2,135.8,90.0,0.0016666666666666668
27,130,81.5,115.7,90.0,0.0016666666666666668
27,131,81.8,115.7,90.0,0.0016666666666666668
27,132,80.6,115.7,90.0,0.0016666666666666668
27,133,80.9,115.7,90.0,0.0016666666666666668
27,134,79.7,115.7,90.0,0.0016666666666666668
27,135,80.0,115.7,90.0,0.0016666666666666668
27,136,63.2,134.0,90.0,0.0016666666666666668
27,137,63.2,133.7,90.0,0.0016666666666666668
27,138,63.2,133.4,90.0,0.0016666666666666668
27,139,63.2,133.1,90.0,0.0016666666666666668
27,140,63.2,132.8,90.0,0.0016666666666666668
27,141,63.2,132.5,90.0,0.0016666666666666668
27,142,63.2,132.2,90.0,0.0016666666666666668
27,143,90.2,115.7,90.0,0.0016666666666666668
27,144,90.5,115.7,90.0,0.0016666666666666668
27,145,90.8,115.7,90.0,0.0016666666666666668
27,151,63.2,129.8,90.0,0.0016666666666666668
27,152,63.2,129.5,90.0,0.0016666666666666668
27,153,63.2,129.2,90.0,0.0016666666666666668
27,154,63.2,128.9,90.0,0.0016666666666666668
27,155,63.2,130.1,90.0,0.0016666666666666668
27,178,128.0,115.7,90.0,0.0016666666666666668
27,179,81.2,115.7,90.0,0.0016666666666666668
27,206,126.5,115.7,90.0,0.0016666666666666668
27,207,80.3,115.7,90.0,0.0016666666666666668
27,225,91.1,115.7,90.0,0.0016666666666666668
27,241,98.9,115.7,90.0,0.0016666666666666668
27,242,99.2,115.7,90.0,0.0016666666666666668
27,243,99.5,115.7,90.0,0.0016666666666666668
27,244,99.8,115.7,90.0,0.0016666666666666668
27,246,116.3,115.7,90.0,0.0016666666666666668
27,247,116.6,115.7,90.0,0.0016666666666666668
28,56,122.9,5.0,90.0,0.0016666666666666668
28,57,123.2,5.0,90.0,0.0016666666666666668
28,58,123.5,5.0,90.0,0.0016666666666666668
28,85,131.3,5.0,90.0,0.0016666666666666668
28,86,122.0,5.0,90.0,0.0016666666666666668
28,87,122.3,5.0,90.0,0.0016666666666666668
28,88,122.6,5.0,90.0,0.0016666666666666668
28,102,113.6,5.0,90.0,0.0016666666666666668
28,103,113.9,5.0,90.0,0.0016666666666666668
28,104,114.2,5.0,90.0,0.0016666666666666668
28,130,121.4,5.0,90.0,0.0016666666666666668
28,131,121.7,5.0,90.0,0.0016666666666666668
28,146,131.0,5.0,90.0,0.0016666666666666668
28,178,114.5,5.0,90.0,0.0016666666666666668
28,179,113.3,5.0,90.0,0.0016666666666666668
28,180,112.7,5.0,90.0,0.0016666666666666668
28,181,113.0,5.0,90.0,0.0016666666666666668
28,182,110.0,4.9749371855331,84.26082952273322,0.0018452401020419631
28,183,110.3,4.995998398718719,87.70755722404408,0.0018749929761864628
28,184,110.6,5.0,90.0,0.0016666666666666668
28,185,112.1,5.0,90.0,0.0016666666666666668
28,186,112.4,5.0,90.0,0.0016666666666666668
28,187,110.9,5.0,90.0,0.0016666666666666668
28,188,111.2,5.0,90.0,0.0016666666666666668
28,189,111.5,5.0,90.0,0.0016666666666666668
28,190,121.1,5.0,90.0,0.0016666666666666668
28,191,118.58257569495584,5.0,66.42182152179815,0.002916680714293742
28,192,119.3,5.0,90.0,0.0016666666666666668
28,193,119.6,5.0,90.0,0.0016666666666666668
28,194,120.2,5.0,90.0,0.0016666666666666668
28,195,120.5,5.0,90.0,0.0016666666666666668
28,196,120.8,5.0,90.0,0.0016666666666666668
28,197,119.9,5.0,90.0,0.0016666666666666668
28,198,128.0,5.0,90.0,0.0016666666666666668
28,249,111.8,5.0,90.0,0.0016666666666666668
29,56,122.9,5.3,90.0,0.0016666666666666668
29,57,123.2,5.3,90.0,0.0016666666666666668
29,58,123.5,5.3,90.0,0.0016666666666666668
29,85,131.3,5.3,90.0,0.0016666666666666668
29,86,122.0,5.3,90.0,0.0016666666666666668
29,87,122.3,5.3,90.0,0.0016666666666666668
29,88,122.6,5.3,90.0,0.0016666666666666668
29,102,113.6,5.3,90.0,0.0016666666666666668
29,103,113.9,5.3,90.0,0.0016666666666666668
29,104,114.2,5.3,90.0,0.0016666666666666668
29,130,121.4,5.3,90.0,0.0016666666666666668
29,131,121.7,5.3,90.0,0.0016666666666666668
29,146,131.0,5.3,90.0,0.0016666666666666668
29,178,114.5,5.3,90.0,0.0016666666666666668
29,179,113.3,5.3,90.0,0.0016666666666666668
29,180,112.7,5.3,90.0,0.0016666666666666668
29,181,113.0,5.3,90.0,0.0016666666666666668
29,182,110.0,5.2959983987187185,87.70755722404408,0.0018749929761864628
29,183,110.3,5.3,90.0,0.0016666666666666668
29,184,110.6,5.3,90.0,0.0016666666666666668
29,185,112.1,5.3,90.0,0.0016666666666666668
29,186,112.4,5.3,90.0,0.0016666666666666668
29,187,110.9,5.3,90.0,0.0016666666666666668
29,188,111.2,5.3,90.0,0.0016666666666666668
29,189,111.5,5.3,90.0,0.0016666666666666668
29,190,121.1,5.3,90.0,0.0016666666666666668
29,191,118.43959457608463,5.3,62.61289249734613,0.002113100255104908
29,192,119.3,5.3,90.0,0.0016666666666666668
29,193,119.6,5.3,90.0,0.0016666666666666668
29,194,120.2,5.3,90.0,0.0016666666666666668
29,195,120.5,5.3,90.0,0.0016666666666666668
29,196,120.8,5.3,90.0,0.0016666666666666668
29,197,119.9,5.3,90.0,0.0016666666666666668
29,198,128.0,5.3,90.0,0.0016666666666666668
29,249,111.8,5.3,90.0,0.0016666666666666668
30,56,122.9,12.2,90.0,0.0016666666666666668
30,57,123.2,12.2,90.0,0.0016666666666666668
30,58,123.5,12.2,90.0,0.0016666666666666668
30,85,131.3,12.2,90.0,0.0016666666666666668
30,86,122.0,12.2,90.0,0.0016666666666666668
30,87,122.3,12.2,90.0,0.0016666666666666668
30,88,122.6,12.2,90.0,0.0016666666666666668
30,102,113.6,12.2,90.0,0.0016666666666666668
30,103,113.9,12.2,90.0,0.0016666666666666668
30,104,114.2,12.2,90.0,0.0016666666666666668
30,130,121.4,12.2,90.0,0.0016666666666666668
30,131,121.7,12.2,90.0,0.0016666666666666668
30,146,131.0,12.2,90.0,0.0016666666666666668
30,178,114.5,12.2,90.0,0.0016666666666666668
30,179,113.3,12.2,90.0,0.0016666666666666668
30,180,112.7,12.2,90.0,0.0016666666666666668
30,181,113.0,12.2,90.0,0.0016666666666666668
30,182,110.0,12.2,90.0,0.0016666666666666668
30,183,110.3,12.2,90.0,0.0016666666666666668
30,184,110.6,12.2,90.0,0.0016666666666666668
30,185,112.1,12.2,90.0,0.0016666666666666668
30,186,112.4,12.2,90.0,0.0016666666666666668
30,187,110.9,12.2,90.0,0.0016666666666666668
30,188,111.2,12.2,90.0,0.0016666666666666668
30,189,111.5,12.2,90.0,0.0016666666666666668
30,190,121.1,12.2,90.0,0.0016666666666666668
30,191,104.96441492829878,8.0,80.79310377865409,0.0018749929761864628
30,192,119.3,12.2,90.0,0.0016666666666666668
30,193,119.6,12.2,90.0,0.0016666666666666668
30,194,120.2,12.2,90.0,0.0016666666666666668
30,195,120.5,12.2,90.0,0.0016666666666666668
30,196,120.8,12.2,90.0,0.0016666666666666668
30,197,119.9,12.2,90.0,0.0016666666666666668
30,198,128.0,12.2,90.0,0.0016666666666666668
30,249,111.8,12.2,90.0,0.0016666666666666668
31,44,139.1,36.50400160128128,87.70755722404425,0.0018749929761864628
31,45,139.1,36.2,90.0,0.0016666666666666668
31,46,139.1,35.9,90.0,0.0016666666666666668
31,47,139.1,35.6,90.0,0.0016666666666666668
31,56,135.2,113.77749935930288,77.29096700560461,0.0017857062584988146
31,57,135.5,113.7,73.73979529168798,0.0018452401020419631
31,58,135.8,113.60212717820349,70.12312592992093,0.0033035804591888336
31,59,134.9,113.83558507170123,80.79310377865397,0.0018749929761864628
31,67,62.0,113.9,90.0,0.0016666666666666668
31,68,61.400000000000006,113.9,90.0,0.0016666666666666668
31,69,61.7,113.9,90.0,0.0016666666666666668
31,70,60.8,113.9,90.0,0.0016666666666666668
31,71,61.099999999999994,113.9,90.0,0.0016666666666666668
31,72,107.3,113.9,90.0,0.0016666666666666668
31,73,107.6,113.9,90.0,0.0016666666666666668
31,74,18.200000000000003,113.9,90.0,0.0016666666666666668
31,77,117.8,113.9,90.0,0.0016666666666666668
31,78,116.9,113.9,90.0,0.0016666666666666668
31,79,117.2,113.9,90.0,0.0016666666666666668
31,80,117.5,113.9,90.0,0.0016666666666666668
31,81,115.1,113.9,90.0,0.0016666666666666668
31,82,115.4,113.9,90.0,0.0016666666666666668
31,83,115.7,113.9,90.0,0.0016666666666666668
31,84,116.0,113.9,90.0,0.0016666666666666668
31,85,109.52916869918747,113.9,58.66774850240584,0.00199406066327276
31,86,107.9,113.9,90.0,0.0016666666666666668
31,87,108.2,113.9,90.0,0.0016666666666666668
31,88,108.5,113.9,90.0,0.0016666666666666668
31,89,106.7,113.9,90.0,0.0016666666666666668
31,90,107.0,113.9,90.0,0.0016666666666666668
31,91,106.1,113.9,90.0,0.0016666666666666668
31,92,106.4,113.9,90.0,0.0016666666666666668
31,101,126.8,113.9,90.0,0.0016666666666666668
31,102,127.1,113.9,90.0,0.0016666666666666668
31,103,127.4,113.9,90.0,0.0016666666666666668
31,104,127.7,113.9,90.0,0.0016666666666666668
31,105,125.9,113.9,90.0,0.0016666666666666668
31,106,126.2,113.9,90.0,0.0016666666666666668
31,111,72.2,113.9,90.0,0.0016666666666666668
31,112,72.5,113.9,90.0,0.0016666666666666668
31,113,71.6,113.9,90.0,0.0016666666666666668
31,114,71.9,113.9,90.0,0.0016666666666666668
31,115,70.7,113.9,90.0,0.0016666666666666668
31,116,71.0,113.9,90.0,0.0016666666666666668
31,117,71.3,113.9,90.0,0.0016666666666666668
31,122,53.0,113.9,90.0,0.0016666666666666668
31,123,53.3,113.9,90.0,0.0016666666666666668
31,124,53.599999999999994,113.9,90.0,0.0016666666666666668
31,125,52.7,113.9,90.0,0.0016666666666666668
31,130,81.5,113.9,90.0,0.0016666666666666668
31,131,81.8,113.9,90.0,0.0016666666666666668
31,132,80.6,113.9,90.0,0.0016666666666666668
31,133,80.9,113.9,90.0,0.0016666666666666668
31,134,79.7,113.9,90.0,0.0016666666666666668
31,135,80.0,113.9,90.0,0.0016666666666666668
31,143,90.2,113.9,90.0,0.0016666666666666668
31,144,90.5,113.9,90.0,0.0016666666666666668
31,145,90.8,113.9,90.0,0.0016666666666666668
31,146,35.56040542391537,113.9,62.61289249734616,0.002113100255104908
31,147,34.7,113.9,90.0,0.0016666666666666668
31,148,33.5,113.9,90.0,0.0016666666666666668
31,149,33.8,113.9,90.0,0.0016666666666666668
31,150,34.400000000000006,113.9,90.0,0.0016666666666666668
31,156,43.7,113.9,90.0,0.0016666666666666668
31,157,44.0,113.9,90.0,0.0016666666666666668
31,158,42.8,113.9,90.0,0.0016666666666666668
31,159,43.099999999999994,113.9,90.0,0.0016666666666666668
31,160,15.340557741393344,113.91293660931328,79.61420402530977,0.0019047739455851117
31,161,15.705888674543502,113.9,78.86584824014324,0.0019047739455851117
31,162,16.400000000000006,113.9,90.0,0.0016666666666666668
31,163,16.700000000000003,113.9,90.0,0.0016666666666666668
31,178,128.0,113.9,90.0,0.0016666666666666668
31,179,81.2,113.9,90.0,0.0016666666666666668
31,190,46.400000000000006,113.9,90.0,0.0016666666666666668
31,199,45.8,113.9,90.0,0.0016666666666666668
31,200,46.099999999999994,113.9,90.0,0.0016666666666666668
31,206,126.5,113.9,90.0,0.0016666666666666668
31,207,80.3,113.9,90.0,0.0016666666666666668
31,210,53.900000000000006,113.9,90.0,0.0016666666666666668
31,211,44.3,113.9,90.0,0.0016666666666666668
31,212,44.599999999999994,113.9,90.0,0.0016666666666666668
31,213,44.900000000000006,113.9,90.0,0.0016666666666666668
31,214,45.2,113.9,90.0,0.0016666666666666668
31,215,45.5,113.9,90.0,0.0016666666666666668
31,216,17.0,113.9,90.0,0.0016666666666666668
31,217,17.299999999999997,113.9,90.0,0.0016666666666666668
31,218,17.599999999999994,113.9,90.0,0.0016666666666666668
31,219,17.900000000000006,113.9,90.0,0.0016666666666666668
31,222,54.2,113.9,90.0,0.0016666666666666668
31,223,54.5,113.9,90.0,0.0016666666666666668
31,224,54.8,113.9,90.0,0.0016666666666666668
31,225,91.1,113.9,90.0,0.0016666666666666668
31,226,24.799999999999997,113.9,90.0,0.0016666666666666668
31,227,25.099999999999994,113.9,90.0,0.0016666666666666668
31,228,25.400000000000006,113.9,90.0,0.0016666666666666668
31,232,16.099999999999994,113.9,90.0,0.0016666666666666668
31,241,98.9,113.9,90.0,0.0016666666666666668
31,242,99.2,113.9,90.0,0.0016666666666666668
31,243,99.5,113.9,90.0,0.0016666666666666668
31,244,99.8,113.9,90.0,0.0016666666666666668
31,245,34.099999999999994,113.9,90.0,0.0016666666666666668
31,246,116.3,113.9,90.0,0.0016666666666666668
31,247,116.6,113.9,90.0,0.0016666666666666668
31,248,43.400000000000006,113.9,90.0,0.0016666666666666668
31,255,24.5,113.9,90.0,0.0016666666666666668
32,56,122.9,30.8,90.0,0.0016666666666666668
32,57,123.2,30.8,90.0,0.0016666666666666668
32,58,123.5,30.8,90.0,0.0016666666666666668
32,67,95.3,30.8,90.0,0.0016666666666666668
32,72,104.3,30.8,90.0,0.0016666666666666668
32,73,104.6,30.8,90.0,0.0016666666666666668
32,74,102.8,30.8,90.0,0.0016666666666666668
32,75,86.0,17.3,90.0,0.0016666666666666668
32,76,86.0,5.0,90.0,0.0016666666666666668
32,77,96.2,30.8,90.0,0.0016666666666666668
32,85,131.3,30.8,90.0,0.0016666666666666668
32,86,122.0,30.8,90.0,0.0016666666666666668
32,87,122.3,30.8,90.0,0.0016666666666666668
32,88,122.6,30.8,90.0,0.0016666666666666668
32,101,96.5,30.8,90.0,0.0016666666666666668
32,102,113.6,30.8,90.0,0.0016666666666666668
32,103,113.9,30.8,90.0,0.0016666666666666668
32,104,114.2,30.8,90.0,0.0016666666666666668
32,111,95.6,30.8,90.0,0.0016666666666666668
32,112,95.9,30.8,90.0,0.0016666666666666668
32,130,121.4,30.8,90.0,0.0016666666666666668
32,131,121.7,30.8,90.0,0.0016666666666666668
32,146,131.0,30.8,90.0,0.0016666666666666668
32,167,86.0,12.2,90.0,0.0016666666666666668
32,168,86.0,12.5,90.0,0.0016666666666666668
32,169,86.0,12.8,90.0,0.0016666666666666668
32,170,86.0,13.1,90.0,0.0016666666666666668
32,171,86.0,13.4,90.0,0.0016666666666666668
32,172,86.0,13.7,90.0,0.0016666666666666668
32,173,86.0,14.0,90.0,0.0016666666666666668
32,174,86.0,14.3,90.0,0.0016666666666666668
32,175,86.0,14.6,90.0,0.0016666666666666668
32,176,86.0,14.9,90.0,0.0016666666666666668
32,177,86.0,15.2,90.0,0.0016666666666666668
32,178,114.5,30.8,90.0,0.0016666666666666668
32,179,113.3,30.8,90.0,0.0016666666666666668
32,180,112.7,30.8,90.0,0.0016666666666666668
32,181,113.0,30.8,90.0,0.0016666666666666668
32,183,86.0,20.6,90.0,0.0016666666666666668
32,184,86.0,20.9,90.0,0.0016666666666666668
32,185,86.0,22.4,90.0,0.0016666666666666668
32,186,86.0,22.7,90.0,0.0016666666666666668
32,187,86.0,21.2,90.0,0.0016666666666666668
32,188,86.0,21.5,90.0,0.0016666666666666668
32,189,86.0,21.8,90.0,0.0016666666666666668
32,190,121.1,30.8,90.0,0.0016666666666666668
32,194,86.0,25.4,90.0,0.0016666666666666668
32,195,86.0,25.7,90.0,0.0016666666666666668
32,196,86.00400160128129,26.0,87.70755722404412,0.0018749929761864628
32,197,86.0,25.1,90.0,0.0016666666666666668
32,249,86.0,22.1,90.0,0.0016666666666666668
32,251,86.0,17.6,90.0,0.0016666666666666668
32,252,86.0,17.9,90.0,0.0016666666666666668
32,253,86.0,18.2,90.0,0.0016666666666666668
32,254,86.0,18.5,90.0,0.0016666666666666668
33,56,122.9,31.1,90.0,0.0016666666666666668
33,57,123.2,31.1,90.0,0.0016666666666666668
33,58,123.5,31.1,90.0,0.0016666666666666668
33,67,95.3,31.1,90.0,0.0016666666666666668
33,72,104.3,31.1,90.0,0.0016666666666666668
33,73,104.6,31.1,90.0,0.0016666666666666668
33,74,102.8,31.1,90.0,0.0016666666666666668
33,75,78.2,17.3,90.0,0.0016666666666666668
33,77,96.2,31.1,90.0,0.0016666666666666668
33,85,131.3,31.1,90.0,0.0016666666666666668
33,86,122.0,31.1,90.0,0.0016666666666666668
33,87,122.3,31.1,90.0,0.0016666666666666668
33,88,122.6,31.1,90.0,0.0016666666666666668
33,101,96.5,31.1,90.0,0.0016666666666666668
33,102,113.6,31.1,90.0,0.0016666666666666668
33,103,113.9,31.1,90.0,0.0016666666666666668
33,104,114.2,31.1,90.0,0.0016666666666666668
33,111,95.6,31.1,90.0,0.0016666666666666668
33,112,95.9,31.1,90.0,0.0016666666666666668
33,130,121.4,31.1,90.0,0.0016666666666666668
33,131,121.7,31.1,90.0,0.0016666666666666668
33,132,85.4,31.1,90.0,0.0016666666666666668
33,133,85.7,31.1,90.0,0.0016666666666666668
33,146,131.0,31.1,90.0,0.0016666666666666668
33,167,78.2,12.2,90.0,0.0016666666666666668
33,168,78.2,12.5,90.0,0.0016666666666666668
33,169,78.2,12.8,90.0,0.0016666666666666668
33,170,78.2,13.1,90.0,0.0016666666666666668
33,171,78.2,13.4,90.0,0.0016666666666666668
33,172,78.2,13.7,90.0,0.0016666666666666668
33,173,78.2,14.0,90.0,0.0016666666666666668
33,174,78.2,14.3,90.0,0.0016666666666666668
33,175,78.2,14.6,90.0,0.0016666666666666668
33,176,78.2,14.9,90.0,0.0016666666666666668
33,177,78.2,15.2,90.0,0.0016666666666666668
33,178,114.5,31.1,90.0,0.0016666666666666668
33,179,113.3,31.1,90.0,0.0016666666666666668
33,180,112.7,31.1,90.0,0.0016666666666666668
33,181,113.0,31.1,90.0,0.0016666666666666668
33,183,78.2,20.6,90.0,0.0016666666666666668
33,184,78.2,20.9,90.0,0.0016666666666666668
33,185,78.2,22.4,90.0,0.0016666666666666668
33,186,78.2,22.7,90.0,0.0016666666666666668
33,187,78.2,21.2,90.0,0.0016666666666666668
33,188,78.2,21.5,90.0,0.0016666666666666668
33,189,78.2,21.8,90.0,0.0016666666666666668
33,190,121.1,31.1,90.0,0.0016666666666666668
33,194,78.2,25.4,90.0,0.0016666666666666668
33,195,78.2,25.7,90.0,0.0016666666666666668
33,196,78.2,26.0,90.0,0.0016666666666666668
33,197,78.2,25.1,90.0,0.0016666666666666668
33,199,84.8,31.1,90.0,0.0016666666666666668
33,200,85.1,31.1,90.0,0.0016666666666666668
33,201,78.2,10.100000000000001,90.0,0.0016666666666666668
33,202,78.2,9.5,90.0,0.0016666666666666668
33,203,78.2,8.59599839871872,87.70755722404408,0.0018749929761864628
33,204,78.2,8.899999999999999,90.0,0.0016666666666666668
33,205,78.2,9.2,90.0,0.0016666666666666668
33,249,78.2,22.1,90.0,0.0016666666666666668
33,250,78.2,9.8,90.0,0.0016666666666666668
33,251,78.2,17.6,90.0,0.0016666666666666668
33,252,78.2,17.9,90.0,0.0016666666666666668
33,253,78.2,18.2,90.0,0.0016666666666666668
33,254,78.2,18.5,90.0,0.0016666666666666668
34,45,23.925062814466912,31.7,84.26082952273325,0.0018452401020419631
34,46,24.264414928298777,31.7,80.79310377865409,0.0018749929761864628
34,47,24.622500640697126,31.7,77.29096700560457,0.0017857062584988146
34,56,122.9,31.7,90.0,0.0016666666666666668
34,57,123.2,31.7,90.0,0.0016666666666666668
34,58,123.5,31.7,90.0,0.0016666666666666668
34,59,77.9,31.7,90.0,0.0016666666666666668
34,67,95.3,31.7,90.0,0.0016666666666666668
34,68,76.7,31.7,90.0,0.0016666666666666668
34,69,77.0,31.7,90.0,0.0016666666666666668
34,71,38.599999999999994,31.7,90.0,0.0016666666666666668
34,72,104.3,31.7,90.0,0.0016666666666666668
34,73,104.6,31.7,90.0,0.0016666666666666668
34,74,102.8,31.7,90.0,0.0016666666666666668
34,77,96.2,31.7,90.0,0.0016666666666666668
34,78,50.0,31.7,90.0,0.0016666666666666668
34,79,50.3,31.7,90.0,0.0016666666666666668
34,80,50.599999999999994,31.7,90.0,0.0016666666666666668
34,82,23.0,31.7,90.0,0.0016666666666666668
34,83,23.299999999999997,31.7,90.0,0.0016666666666666668
34,84,23.599999999999994,31.7,90.0,0.0016666666666666668
34,85,131.3,31.7,90.0,0.0016666666666666668
34,86,122.0,31.7,90.0,0.0016666666666666668
34,87,122.3,31.7,90.0,0.0016666666666666668
34,88,122.6,31.7,90.0,0.0016666666666666668
34,89,49.7,31.7,90.0,0.0016666666666666668
34,90,77.6,31.7,90.0,0.0016666666666666668
34,92,30.5,31.7,90.0,0.0016666666666666668
34,101,96.5,31.7,90.0,0.0016666666666666668
34,102,113.6,31.7,90.0,0.0016666666666666668
34,103,113.9,31.7,90.0,0.0016666666666666668
34,104,114.2,31.7,90.0,0.0016666666666666668
34,106,39.2,31.7,90.0,0.0016666666666666668
34,111,95.6,31.7,90.0,0.0016666666666666668
34,112,95.9,31.7,90.0,0.0016666666666666668
34,113,48.2,31.7,90.0,0.0016666666666666668
34,114,48.5,31.7,90.0,0.0016666666666666668
34,116,20.299999999999997,31.7,90.0,0.0016666666666666668
34,117,20.599999999999994,31.7,90.0,0.0016666666666666668
34,122,47.3,31.7,90.0,0.0016666666666666668
34,123,47.599999999999994,31.7,90.0,0.0016666666666666668
34,124,47.900000000000006,31.7,90.0,0.0016666666666666668
34,130,121.4,31.7,90.0,0.0016666666666666668
34,131,121.7,31.7,90.0,0.0016666666666666668
34,132,85.4,31.7,90.0,0.0016666666666666668
34,133,85.7,31.7,90.0,0.0016666666666666668
34,135,38.900000000000006,31.7,90.0,0.0016666666666666668
34,143,49.099999999999994,31.7,90.0,0.0016666666666666668
34,144,49.400000000000006,31.7,90.0,0.0016666666666666668
34,145,68.6,31.7,90.0,0.0016666666666666668
34,146,131.0,31.7,90.0,0.0016666666666666668
34,147,47.0,31.7,90.0,0.0016666666666666668
34,150,29.900000000000006,31.7,90.0,0.0016666666666666668
34,156,56.0,31.7,90.0,0.0016666666666666668
34,157,56.3,31.7,90.0,0.0016666666666666668
34,158,14.299999999999997,31.7,90.0,0.0016666666666666668
34,159,14.599999999999994,31.7,90.0,0.0016666666666666668
34,160,13.400000000000006,31.7,90.0,0.0016666666666666668
34,161,13.700000000000003,31.7,90.0,0.0016666666666666668
34,162,29.599999999999994,31.7,90.0,0.0016666666666666668
34,163,38.0,31.7,90.0,0.0016666666666666668
34,165,29.0,31.7,90.0,0.0016666666666666668
34,166,29.299999999999997,31.7,90.0,0.0016666666666666668
34,178,114.5,31.7,90.0,0.0016666666666666668
34,179,113.3,31.7,90.0,0.0016666666666666668
34,180,112.7,31.7,90.0,0.0016666666666666668
34,181,113.0,31.7,90.0,0.0016666666666666668
34,190,121.1,31.7,90.0,0.0016666666666666668
34,199,84.8,31.7,90.0,0.0016666666666666668
34,200,85.1,31.7,90.0,0.0016666666666666668
34,206,56.599999999999994,31.7,90.0,0.0016666666666666668
34,207,48.8,31.7,90.0,0.0016666666666666668
34,210,68.3,31.7,90.0,0.0016666666666666668
34,211,66.8,31.7,90.0,0.0016666666666666668
34,212,67.1,31.7,90.0,0.0016666666666666668
34,213,67.4,31.7,90.0,0.0016666666666666668
34,214,67.7,31.7,90.0,0.0016666666666666668
34,215,68.0,31.7,90.0,0.0016666666666666668
34,216,65.6,31.7,90.0,0.0016666666666666668
34,217,65.9,31.7,90.0,0.0016666666666666668
34,218,66.2,31.7,90.0,0.0016666666666666668
34,219,66.5,31.7,90.0,0.0016666666666666668
34,222,75.8,31.7,90.0,0.0016666666666666668
34,223,76.1,31.7,90.0,0.0016666666666666668
34,224,76.4,31.7,90.0,0.0016666666666666668
34,225,77.3,31.7,90.0,0.0016666666666666668
34,226,74.9,31.7,90.0,0.0016666666666666668
34,227,75.2,31.7,90.0,0.0016666666666666668
34,228,75.5,31.7,90.0,0.0016666666666666668
34,232,14.0,31.7,90.0,0.0016666666666666668
34,233,11.0,31.7,90.0,0.0016666666666666668
34,234,11.299999999999997,31.7,90.0,0.0016666666666666668
34,235,11.599999999999994,31.7,90.0,0.0016666666666666668
34,236,11.900000000000006,31.7,90.0,0.0016666666666666668
34,237,12.200000000000003,31.7,90.0,0.0016666666666666668
34,238,12.5,31.7,90.0,0.0016666666666666668
34,239,12.799999999999997,31.7,90.0,0.0016666666666666668
34,240,13.099999999999994,31.7,90.0,0.0016666666666666668
34,241,21.799999999999997,31.7,90.0,0.0016666666666666668
34,242,22.099999999999994,31.7,90.0,0.0016666666666666668
34,243,22.400000000000006,31.7,90.0,0.0016666666666666668
34,244,22.700000000000003,31.7,90.0,0.0016666666666666668
34,245,20.0,31.7,90.0,0.0016666666666666668
34,246,30.799999999999997,31.7,90.0,0.0016666666666666668
34,247,31.099999999999994,31.7,90.0,0.0016666666666666668
34,248,30.200000000000003,31.7,90.0,0.0016666666666666668
34,255,38.3,31.7,90.0,0.0016666666666666668
35,56,122.9,31.4,90.0,0.0016666666666666668
35,57,123.2,31.4,90.0,0.0016666666666666668
35,58,123.5,31.4,90.0,0.0016666666666666668
35,59,77.9,31.4,90.0,0.0016666666666666668
35,67,95.3,31.4,90.0,0.0016666666666666668
35,68,76.7,31.4,90.0,0.0016666666666666668
35,69,77.0,31.4,90.0,0.0016666666666666668
35,72,104.3,31.4,90.0,0.0016666666666666668
35,73,104.6,31.4,90.0,0.0016666666666666668
35,74,102.8,31.4,90.0,0.0016666666666666668
35,77,96.2,31.4,90.0,0.0016666666666666668
35,78,50.0,31.4,90.0,0.0016666666666666668
35,79,50.3,31.4,90.0,0.0016666666666666668
35,80,50.599999999999994,31.4,90.0,0.0016666666666666668
35,85,131.3,31.4,90.0,0.0016666666666666668
35,86,122.0,31.4,90.0,0.0016666666666666668
35,87,122.3,31.4,90.0,0.0016666666666666668
35,88,122.6,31.4,90.0,0.0016666666666666668
35,89,49.7,31.4,90.0,0.0016666666666666668
35,90,77.6,31.4,90.0,0.0016666666666666668
35,101,96.5,31.4,90.0,0.0016666666666666668
35,102,113.6,31.4,90.0,0.0016666666666666668
35,103,113.9,31.4,90.0,0.0016666666666666668
35,104,114.2,31.4,90.0,0.0016666666666666668
35,111,95.6,31.4,90.0,0.0016666666666666668
35,112,95.9,31.4,90.0,0.0016666666666666668
35,113,48.2,31.4,90.0,0.0016666666666666668
35,114,48.5,31.4,90.0,0.0016666666666666668
35,122,47.3,31.4,90.0,0.0016666666666666668
35,123,47.599999999999994,31.4,90.0,0.0016666666666666668
35,124,47.900000000000006,31.4,90.0,0.0016666666666666668
35,130,121.4,31.4,90.0,0.0016666666666666668
35,131,121.7,31.4,90.0,0.0016666666666666668
35,132,85.4,31.4,90.0,0.0016666666666666668
35,133,85.7,31.4,90.0,0.0016666666666666668
35,143,49.099999999999994,31.4,90.0,0.0016666666666666668
35,144,49.400000000000006,31.4,90.0,0.0016666666666666668
35,145,68.6,31.4,90.0,0.0016666666666666668
35,146,131.0,31.4,90.0,0.0016666666666666668
35,147,47.0,31.4,90.0,0.0016666666666666668
35,156,56.0,31.4,90.0,0.0016666666666666668
35,157,56.3,31.4,90.0,0.0016666666666666668
35,177,39.5,15.2,90.0,0.0016666666666666668
35,178,114.5,31.4,90.0,0.0016666666666666668
35,179,113.3,31.4,90.0,0.0016666666666666668
35,180,112.7,31.4,90.0,0.0016666666666666668
35,181,113.0,31.4,90.0,0.0016666666666666668
35,185,39.5,22.4,90.0,0.0016666666666666668
35,186,39.5,22.7,90.0,0.0016666666666666668
35,187,39.5,21.2,90.0,0.0016666666666666668
35,188,39.5,21.5,90.0,0.0016666666666666668
35,189,39.5,21.8,90.0,0.0016666666666666668
35,190,121.1,31.4,90.0,0.0016666666666666668
35,199,84.8,31.4,90.0,0.0016666666666666668
35,200,85.1,31.4,90.0,0.0016666666666666668
35,201,39.5,10.100000000000001,90.0,0.0016666666666666668
35,202,39.5,9.5,90.0,0.0016666666666666668
35,206,56.599999999999994,31.4,90.0,0.0016666666666666668
35,207,48.8,31.4,90.0,0.0016666666666666668
35,210,68.3,31.4,90.0,0.0016666666666666668
35,211,66.8,31.4,90.0,0.0016666666666666668
35,212,67.1,31.4,90.0,0.0016666666666666668
35,213,67.4,31.4,90.0,0.0016666666666666668
35,214,67.7,31.4,90.0,0.0016666666666666668
35,215,68.0,31.4,90.0,0.0016666666666666668
35,216,65.6,31.4,90.0,0.0016666666666666668
35,217,65.9,31.4,90.0,0.0016666666666666668
35,218,66.2,31.4,90.0,0.0016666666666666668
35,219,66.5,31.4,90.0,0.0016666666666666668
35,220,39.5,5.0,90.0,0.0016666666666666668
35,221,39.5,5.300000000000001,90.0,0.0016666666666666668
35,222,75.8,31.4,90.0,0.0016666666666666668
35,223,76.1,31.4,90.0,0.0016666666666666668
35,224,76.4,31.4,90.0,0.0016666666666666668
35,225,77.3,31.4,90.0,0.0016666666666666668
35,226,74.9,31.4,90.0,0.0016666666666666668
35,227,75.2,31.4,90.0,0.0016666666666666668
35,228,75.5,31.4,90.0,0.0016666666666666668
35,229,39.5,5.600000000000001,90.0,0.0016666666666666668
35,249,39.5,22.1,90.0,0.0016666666666666668
35,250,39.5,9.8,90.0,0.0016666666666666668
36,48,118.1,144.8,90.0,0.0016666666666666668
36,49,118.1,144.5,90.0,0.0016666666666666668
36,50,118.1,144.2,90.0,0.0016666666666666668
36,51,118.1,143.9,90.0,0.0016666666666666668
36,52,119.25812545754029,120.8,50.20818050044273,0.0038393007653147234
36,53,118.66040542391536,121.7,62.61289249734616,0.002113100255104908
36,54,118.82916869918746,121.4,58.66774850240584,0.00199406066327276
36,55,119.02691762911674,121.1,54.549457360824505,0.002261892721081555
36,56,135.2,119.0,90.0,0.0016666666666666668
36,57,135.5,119.0,90.0,0.0016666666666666668
36,58,135.8,119.0,90.0,0.0016666666666666668
36,59,134.9,119.0,90.0,0.0016666666666666668
36,93,118.1,124.4,90.0,0.0016666666666666668
36,94,118.1,124.1,90.0,0.0016666666666666668
36,95,118.10400160128128,123.8,87.70755722404408,0.0018749929761864628
36,96,118.1250628144669,123.5,84.2608295227332,0.0018452401020419631
36,97,118.1,139.1,90.0,0.0016666666666666668
36,98,118.1,125.0,90.0,0.0016666666666666668
36,99,118.1,124.7,90.0,0.0016666666666666668
36,100,118.1,138.8,90.0,0.0016666666666666668
36,101,126.8,119.0,90.0,0.0016666666666666668
36,102,127.1,119.0,90.0,0.0016666666666666668
36,103,127.4,119.0,90.0,0.0016666666666666668
36,104,127.7,119.0,90.0,0.0016666666666666668
36,105,125.9,119.0,90.0,0.0016666666666666668
36,106,126.2,119.0,90.0,0.0016666666666666668
36,178,128.0,119.0,90.0,0.0016666666666666668
36,206,126.5,119.0,90.0,0.0016666666666666668
37,48,118.4,144.8,90.0,0.0016666666666666668
37,49,118.4,144.5,90.0,0.0016666666666666668
37,50,118.4,144.2,90.0,0.0016666666666666668
37,51,118.4,143.9,90.0,0.0016666666666666668
37,52,134.6,130.1,90.0,0.0016666666666666668
37,53,133.7,130.1,90.0,0.0016666666666666668
37,54,134.0,130.1,90.0,0.0016666666666666668
37,55,134.3,130.1,90.0,0.0016666666666666668
37,56,135.2,130.1,90.0,0.0016666666666666668
37,57,135.5,130.1,90.0,0.0016666666666666668
37,58,135.8,130.1,90.0,0.0016666666666666668
37,59,134.9,130.1,90.0,0.0016666666666666668
37,93,124.7,130.1,90.0,0.0016666666666666668
37,94,125.0,130.1,90.0,0.0016666666666666668
37,95,125.3,130.1,90.0,0.0016666666666666668
37,96,125.6,130.1,90.0,0.0016666666666666668
37,97,118.4,139.1,90.0,0.0016666666666666668
37,98,124.1,130.1,90.0,0.0016666666666666668
37,99,124.4,130.1,90.0,0.0016666666666666668
37,100,118.4,138.8,90.0,0.0016666666666666668
37,101,126.8,130.1,90.0,0.0016666666666666668
37,102,127.1,130.1,90.0,0.0016666666666666668
37,103,127.4,130.1,90.0,0.0016666666666666668
37,104,127.7,130.1,90.0,0.0016666666666666668
37,105,125.9,130.1,90.0,0.0016666666666666668
37,106,126.2,130.1,90.0,0.0016666666666666668
37,178,128.0,130.1,90.0,0.0016666666666666668
37,206,126.5,130.1,90.0,0.0016666666666666668
38,48,119.0,144.8,90.0,0.0016666666666666668
38,49,119.0,144.5,90.0,0.0016666666666666668
38,50,119.0,144.2,90.0,0.0016666666666666668
38,51,119.0,143.9,90.0,0.0016666666666666668
38,52,134.6,134.0,90.0,0.0016666666666666668
38,53,133.7,134.0,90.0,0.0016666666666666668
38,54,134.0,134.0,90.0,0.0016666666666666668
38,55,134.3,134.0,90.0,0.0016666666666666668
38,56,135.2,134.0,90.0,0.0016666666666666668
38,57,135.5,134.0,90.0,0.0016666666666666668
38,58,135.8,134.0,90.0,0.0016666666666666668
38,59,134.9,134.0,90.0,0.0016666666666666668
38,93,124.7,134.0,90.0,0.0016666666666666668
38,94,125.0,134.0,90.0,0.0016666666666666668
38,95,125.3,134.0,90.0,0.0016666666666666668
38,96,125.6,134.0,90.0,0.0016666666666666668
38,97,119.0,139.1250628144669,84.2608295227332,0.0018452401020419631
38,98,124.1,134.0,90.0,0.0016666666666666668
38,99,124.4,134.0,90.0,0.0016666666666666668
38,100,119.00383693290932,138.80415667731845,89.90832671366465,0.0017559533843543149
38,101,126.8,134.0,90.0,0.0016666666666666668
38,102,127.1,134.0,90.0,0.0016666666666666668
38,103,127.4,134.0,90.0,0.0016666666666666668
38,104,127.7,134.0,90.0,0.0016666666666666668
38,105,125.9,134.0,90.0,0.0016666666666666668
38,106,126.2,134.0,90.0,0.0016666666666666668
38,178,128.0,134.0,90.0,0.0016666666666666668
38,206,126.5,134.0,90.0,0.0016666666666666668
39,48,118.7,144.8,90.0,0.0016666666666666668
39,49,118.7,144.5,90.0,0.0016666666666666668
39,50,118.7,144.2,90.0,0.0016666666666666668
39,51,118.7,143.9,90.0,0.0016666666666666668
39,52,134.6,133.7,90.0,0.0016666666666666668
39,53,133.7,133.7,90.0,0.0016666666666666668
39,54,134.0,133.7,90.0,0.0016666666666666668
39,55,134.3,133.7,90.0,0.0016666666666666668
39,56,135.2,133.7,90.0,0.0016666666666666668
39,57,135.5,133.7,90.0,0.0016666666666666668
39,58,135.8,133.7,90.0,0.0016666666666666668
39,59,134.9,133.7,90.0,0.0016666666666666668
39,93,124.7,133.7,90.0,0.0016666666666666668
39,94,125.0,133.7,90.0,0.0016666666666666668
39,95,125.3,133.7,90.0,0.0016666666666666668
39,96,125.6,133.7,90.0,0.0016666666666666668
39,97,118.7,139.10400160128128,87.70755722404408,0.0018749929761864628
39,98,124.1,133.7,90.0,0.0016666666666666668
39,99,124.4,133.7,90.0,0.0016666666666666668
39,100,118.7,138.8,90.0,0.0016666666666666668
39,101,126.8,133.7,90.0,0.0016666666666666668
39,102,127.1,133.7,90.0,0.0016666666666666668
39,103,127.4,133.7,90.0,0.0016666666666666668
39,104,127.7,133.7,90.0,0.0016666666666666668
39,105,125.9,133.7,90.0,0.0016666666666666668
39,106,126.2,133.7,90.0,0.0016666666666666668
39,178,128.0,133.7,90.0,0.0016666666666666668
39,206,126.5,133.7,90.0,0.0016666666666666668
40,52,74.32691762911675,120.8,54.549457360824505,0.002261892721081555
40,56,135.2,118.7,90.0,0.0016666666666666668
40,57,135.5,118.7,90.0,0.0016666666666666668
40,58,135.8,118.7,90.0,0.0016666666666666668
40,59,134.9,118.7,90.0,0.0016666666666666668
40,60,73.4,126.8,90.0,0.0016666666666666668
40,61,73.4,127.1,90.0,0.0016666666666666668
40,62,73.4,142.1,90.0,0.0016666666666666668
40,63,73.4,142.4,90.0,0.0016666666666666668
40,64,73.4,144.5,90.0,0.0016666666666666668
40,65,73.4,144.8,90.0,0.0016666666666666668
40,72,107.3,118.7,90.0,0.0016666666666666668
40,73,107.6,118.7,90.0,0.0016666666666666668
40,77,117.8,118.7,90.0,0.0016666666666666668
40,78,116.9,118.7,90.0,0.0016666666666666668
40,79,117.2,118.7,90.0,0.0016666666666666668
40,80,117.5,118.7,90.0,0.0016666666666666668
40,81,115.1,118.7,90.0,0.0016666666666666668
40,82,115.4,118.7,90.0,0.0016666666666666668
40,83,115.7,118.7,90.0,0.0016666666666666668
40,84,116.0,118.7,90.0,0.0016666666666666668
40,85,108.8,118.7,90.0,0.0016666666666666668
40,86,107.9,118.7,90.0,0.0016666666666666668
40,87,108.2,118.7,90.0,0.0016666666666666668
40,88,108.5,118.7,90.0,0.0016666666666666668
40,89,106.7,118.7,90.0,0.0016666666666666668
40,90,107.0,118.7,90.0,0.0016666666666666668
40,91,106.1,118.7,90.0,0.0016666666666666668
40,92,106.4,118.7,90.0,0.0016666666666666668
40,95,73.4,123.8,90.0,0.0016666666666666668
40,96,73.4040016012813,123.5,87.70755722404408,0.0018749929761864628
40,101,126.8,118.7,90.0,0.0016666666666666668
40,102,127.1,118.7,90.0,0.0016666666666666668
40,103,127.4,118.7,90.0,0.0016666666666666668
40,104,127.7,118.7,90.0,0.0016666666666666668
40,105,125.9,118.7,90.0,0.0016666666666666668
40,106,126.2,118.7,90.0,0.0016666666666666668
40,126,73.4,136.7,90.0,0.0016666666666666668
40,127,73.4,136.4,90.0,0.0016666666666666668
40,128,73.4,136.1,90.0,0.0016666666666666668
40,129,73.4,135.8,90.0,0.0016666666666666668
40,130,81.5,118.7,90.0,0.0016666666666666668
40,131,81.8,118.7,90.0,0.0016666666666666668
40,132,80.6,118.7,90.0,0.0016666666666666668
40,133,80.9,118.7,90.0,0.0016666666666666668
40,134,79.7,118.7,90.0,0.0016666666666666668
40,135,80.0,118.7,90.0,0.0016666666666666668
40,136,73.4,134.0,90.0,0.0016666666666666668
40,137,73.4,133.7,90.0,0.0016666666666666668
40,138,73.4,133.4,90.0,0.0016666666666666668
40,139,73.4,133.1,90.0,0.0016666666666666668
40,140,73.4,132.8,90.0,0.0016666666666666668
40,141,73.4,132.5,90.0,0.0016666666666666668
40,142,73.4,132.2,90.0,0.0016666666666666668
40,143,90.2,118.7,90.0,0.0016666666666666668
40,144,90.5,118.7,90.0,0.0016666666666666668
40,145,90.8,118.7,90.0,0.0016666666666666668
40,151,73.4,129.8,90.0,0.0016666666666666668
40,152,73.4,129.5,90.0,0.0016666666666666668
40,153,73.4,129.2,90.0,0.0016666666666666668
40,154,73.4,128.9,90.0,0.0016666666666666668
40,155,73.4,130.1,90.0,0.0016666666666666668
40,178,128.0,118.7,90.0,0.0016666666666666668
40,179,81.2,118.7,90.0,0.0016666666666666668
40,206,126.5,118.7,90.0,0.0016666666666666668
40,207,80.3,118.7,90.0,0.0016666666666666668
40,225,91.1,118.7,90.0,0.0016666666666666668
40,241,98.9,118.7,90.0,0.0016666666666666668
40,242,99.2,118.7,90.0,0.0016666666666666668
40,243,99.5,118.7,90.0,0.0016666666666666668
40,244,99.8,118.7,90.0,0.0016666666666666668
40,246,116.3,118.7,90.0,0.0016666666666666668
40,247,116.6,118.7,90.0,0.0016666666666666668
41,52,73.82916869918748,120.8,58.66774850240561,0.00199406066327276
41,56,135.2,118.4,90.0,0.0016666666666666668
41,57,135.5,118.4,90.0,0.0016666666666666668
41,58,135.8,118.4,90.0,0.0016666666666666668
41,59,134.9,118.4,90.0,0.0016666666666666668
41,60,73.1,126.8,90.0,0.0016666666666666668
41,61,73.1,127.1,90.0,0.0016666666666666668
41,62,73.1,142.1,90.0,0.0016666666666666668
41,63,73.1,142.4,90.0,0.0016666666666666668
41,64,73.1,144.5,90.0,0.0016666666666666668
41,65,73.1,144.8,90.0,0.0016666666666666668
41,72,107.3,118.4,90.0,0.0016666666666666668
41,73,107.6,118.4,90.0,0.0016666666666666668
41,77,117.8,118.4,90.0,0.0016666666666666668
41,78,116.9,118.4,90.0,0.0016666666666666668
41,79,117.2,118.4,90.0,0.0016666666666666668
41,80,117.5,118.4,90.0,0.0016666666666666668
41,81,115.1,118.4,90.0,0.0016666666666666668
41,82,115.4,118.4,90.0,0.0016666666666666668
41,83,115.7,118.4,90.0,0.0016666666666666668
41,84,116.0,118.4,90.0,0.0016666666666666668
41,85,108.8,118.4,90.0,0.0016666666666666668
41,86,107.9,118.4,90.0,0.0016666666666666668
41,87,108.2,118.4,90.0,0.0016666666666666668
41,88,108.5,118.4,90.0,0.0016666666666666668
41,89,106.7,118.4,90.0,0.0016666666666666668
41,90,107.0,118.4,90.0,0.0016666666666666668
41,91,106.1,118.4,90.0,0.0016666666666666668
41,92,106.4,118.4,90.0,0.0016666666666666668
41,95,73.1,123.8,90.0,0.0016666666666666668
41,96,73.1,123.5,90.0,0.0016666666666666668
41,101,126.8,118.4,90.0,0.0016666666666666668
41,102,127.1,118.4,90.0,0.0016666666666666668
41,103,127.4,118.4,90.0,0.0016666666666666668
41,104,127.7,118.4,90.0,0.0016666666666666668
41,105,125.9,118.4,90.0,0.0016666666666666668
41,106,126.2,118.4,90.0,0.0016666666666666668
41,126,73.1,136.7,90.0,0.0016666666666666668
41,127,73.1,136.4,90.0,0.0016666666666666668
41,128,73.1,136.1,90.0,0.0016666666666666668
41,129,73.1,135.8,90.0,0.0016666666666666668
41,130,81.5,118.4,90.0,0.0016666666666666668
41,131,81.8,118.4,90.0,0.0016666666666666668
41,132,80.6,118.4,90.0,0.0016666666666666668
41,133,80.9,118.4,90.0,0.0016666666666666668
41,134,79.7,118.4,90.0,0.0016666666666666668
41,135,80.0,118.4,90.0,0.0016666666666666668
41,136,73.1,134.0,90.0,0.0016666666666666668
41,137,73.1,133.7,90.0,0.0016666666666666668
41,138,73.1,133.4,90.0,0.0016666666666666668
41,139,73.1,133.1,90.0,0.0016666666666666668
41,140,73.1,132.8,90.0,0.0016666666666666668
41,141,73.1,132.5,90.0,0.0016666666666666668
41,142,73.1,132.2,90.0,0.0016666666666666668
41,143,90.2,118.4,90.0,0.0016666666666666668
41,144,90.5,118.4,90.0,0.0016666666666666668
41,145,90.8,118.4,90.0,0.0016666666666666668
41,151,73.1,129.8,90.0,0.0016666666666666668
41,152,73.1,129.5,90.0,0.0016666666666666668
41,153,73.1,129.2,90.0,0.0016666666666666668
41,154,73.1,128.9,90.0,0.0016666666666666668
41,155,73.1,130.1,90.0,0.0016666666666666668
41,178,128.0,118.4,90.0,0.0016666666666666668
41,179,81.2,118.4,90.0,0.0016666666666666668
41,206,126.5,118.4,90.0,0.0016666666666666668
41,207,80.3,118.4,90.0,0.0016666666666666668
41,225,91.1,118.4,90.0,0.0016666666666666668
41,241,98.9,118.4,90.0,0.0016666666666666668
41,242,99.2,118.4,90.0,0.0016666666666666668
41,243,99.5,118.4,90.0,0.0016666666666666668
41,244,99.8,118.4,90.0,0.0016666666666666668
41,246,116.3,118.4,90.0,0.0016666666666666668
41,247,116.6,118.4,90.0,0.0016666666666666668
42,52,73.36040542391538,120.8,62.612892497346095,0.002113100255104908
42,56,135.2,118.1,90.0,0.0016666666666666668
42,57,135.5,118.1,90.0,0.0016666666666666668
42,58,135.8,118.1,90.0,0.0016666666666666668
42,59,134.9,118.1,90.0,0.0016666666666666668
42,60,72.8,126.8,90.0,0.0016666666666666668
42,61,72.8,127.1,90.0,0.0016666666666666668
42,62,72.8,142.1,90.0,0.0016666666666666668
42,63,72.8,142.4,90.0,0.0016666666666666668
42,64,72.8,144.5,90.0,0.0016666666666666668
42,65,72.8,144.8,90.0,0.0016666666666666668
42,72,107.3,118.1,90.0,0.0016666666666666668
42,73,107.6,118.1,90.0,0.0016666666666666668
42,77,117.8,118.1,90.0,0.0016666666666666668
42,78,116.9,118.1,90.0,0.0016666666666666668
42,79,117.2,118.1,90.0,0.0016666666666666668
42,80,117.5,118.1,90.0,0.0016666666666666668
42,81,115.1,118.1,90.0,0.0016666666666666668
42,82,115.4,118.1,90.0,0.0016666666666666668
42,83,115.7,118.1,90.0,0.0016666666666666668
42,84,116.0,118.1,90.0,0.0016666666666666668
42,85,108.8,118.1,90.0,0.0016666666666666668
42,86,107.9,118.1,90.0,0.0016666666666666668
42,87,108.2,118.1,90.0,0.0016666666666666668
42,88,108.5,118.1,90.0,0.0016666666666666668
42,89,106.7,118.1,90.0,0.0016666666666666668
42,90,107.0,118.1,90.0,0.0016666666666666668
42,91,106.1,118.1,90.0,0.0016666666666666668
42,92,106.4,118.1,90.0,0.0016666666666666668
42,95,72.8,123.8,90.0,0.0016666666666666668
42,96,72.8,123.5,90.0,0.0016666666666666668
42,101,126.8,118.1,90.0,0.0016666666666666668
42,102,127.1,118.1,90.0,0.0016666666666666668
42,103,127.4,118.1,90.0,0.0016666666666666668
42,104,127.7,118.1,90.0,0.0016666666666666668
42,105,125.9,118.1,90.0,0.0016666666666666668
42,106,126.2,118.1,90.0,0.0016666666666666668
42,126,72.8,136.7,90.0,0.0016666666666666668
42,127,72.8,136.4,90.0,0.0016666666666666668
42,128,72.8,136.1,90.0,0.0016666666666666668
42,129,72.8,135.8,90.0,0.0016666666666666668
42,130,81.5,118.1,90.0,0.0016666666666666668
42,131,81.8,118.1,90.0,0.0016666666666666668
42,132,80.6,118.1,90.0,0.0016666666666666668
42,133,80.9,118.1,90.0,0.0016666666666666668
42,134,79.7,118.1,90.0,0.0016666666666666668
42,135,80.0,118.1,90.0,0.0016666666666666668
42,136,72.8,134.0,90.0,0.0016666666666666668
42,137,72.8,133.7,90.0,0.0016666666666666668
42,138,72.8,133.4,90.0,0.0016666666666666668
42,139,72.8,133.1,90.0,0.0016666666666666668
42,140,72.8,132.8,90.0,0.0016666666666666668
42,141,72.8,132.5,90.0,0.0016666666666666668
42,142,72.8,132.2,90.0,0.0016666666666666668
42,143,90.2,118.1,90.0,0.0016666666666666668
42,144,90.5,118.1,90.0,0.0016666666666666668
42,145,90.8,118.1,90.0,0.0016666666666666668
42,151,72.8,129.8,90.0,0.0016666666666666668
42,152,72.8,129.5,90.0,0.0016666666666666668
42,153,72.8,129.2,90.0,0.0016666666666666668
42,154,72.8,128.9,90.0,0.0016666666666666668
42,155,72.8,130.1,90.0,0.0016666666666666668
42,178,128.0,118.1,90.0,0.0016666666666666668
42,179,81.2,118.1,90.0,0.0016666666666666668
42,206,126.5,118.1,90.0,0.0016666666666666668
42,207,80.3,118.1,90.0,0.0016666666666666668
42,225,91.1,118.1,90.0,0.0016666666666666668
42,241,98.9,118.1,90.0,0.0016666666666666668
42,242,99.2,118.1,90.0,0.0016666666666666668
42,243,99.5,118.1,90.0,0.0016666666666666668
42,244,99.8,118.1,90.0,0.0016666666666666668
42,246,116.3,118.1,90.0,0.0016666666666666668
42,247,116.6,118.1,90.0,0.0016666666666666668
43,56,135.2,117.8,90.0,0.0016666666666666668
43,57,135.5,117.8,90.0,0.0016666666666666668
43,58,135.8,117.8,90.0,0.0016666666666666668
43,59,134.9,117.8,90.0,0.0016666666666666668
43,66,55.1,144.8,90.0,0.0016666666666666668
43,67,62.0,117.8,90.0,0.0016666666666666668
43,68,61.400000000000006,117.8,90.0,0.0016666666666666668
43,69,61.7,117.8,90.0,0.0016666666666666668
43,70,60.8,117.8,90.0,0.0016666666666666668
43,71,61.099999999999994,117.8,90.0,0.0016666666666666668
43,72,107.3,117.8,90.0,0.0016666666666666668
43,73,107.6,117.8,90.0,0.0016666666666666668
43,77,117.8,117.8,90.0,0.0016666666666666668
43,78,116.9,117.8,90.0,0.0016666666666666668
43,79,117.2,117.8,90.0,0.0016666666666666668
43,80,117.5,117.8,90.0,0.0016666666666666668
43,81,115.1,117.8,90.0,0.0016666666666666668
43,82,115.4,117.8,90.0,0.0016666666666666668
43,83,115.7,117.8,90.0,0.0016666666666666668
43,84,116.0,117.8,90.0,0.0016666666666666668
43,85,108.8,117.8,90.0,0.0016666666666666668
43,86,107.9,117.8,90.0,0.0016666666666666668
43,87,108.2,117.8,90.0,0.0016666666666666668
43,88,108.5,117.8,90.0,0.0016666666666666668
43,89,106.7,117.8,90.0,0.0016666666666666668
43,90,107.0,117.8,90.0,0.0016666666666666668
43,91,106.1,117.8,90.0,0.0016666666666666668
43,92,106.4,117.8,90.0,0.0016666666666666668
43,101,126.8,117.8,90.0,0.0016666666666666668
43,102,127.1,117.8,90.0,0.0016666666666666668
43,103,127.4,117.8,90.0,0.0016666666666666668
43,104,127.7,117.8,90.0,0.0016666666666666668
43,105,125.9,117.8,90.0,0.0016666666666666668
43,106,126.2,117.8,90.0,0.0016666666666666668
43,107,55.1,138.8,90.0,0.0016666666666666668
43,108,55.1,138.5,90.0,0.0016666666666666668
43,109,55.1,138.2,90.0,0.0016666666666666668
43,110,55.1,137.9,90.0,0.0016666666666666668
43,111,72.2,117.8,90.0,0.0016666666666666668
43,112,72.5,117.8,90.0,0.0016666666666666668
43,113,71.6,117.8,90.0,0.0016666666666666668
43,114,71.9,117.8,90.0,0.0016666666666666668
43,115,70.7,117.8,90.0,0.0016666666666666668
43,116,71.0,117.8,90.0,0.0016666666666666668
43,117,71.3,117.8,90.0,0.0016666666666666668
43,126,55.1,136.7,90.0,0.0016666666666666668
43,127,55.1,136.4,90.0,0.0016666666666666668
43,128,55.1,136.1,90.0,0.0016666666666666668
43,129,55.1,135.8,90.0,0.0016666666666666668
43,130,81.5,117.8,90.0,0.0016666666666666668
43,131,81.8,117.8,90.0,0.0016666666666666668
43,132,80.6,117.8,90.0,0.0016666666666666668
43,133,80.9,117.8,90.0,0.0016666666666666668
43,134,79.7,117.8,90.0,0.0016666666666666668
43,135,80.0,117.8,90.0,0.0016666666666666668
43,136,55.1,134.0,90.0,0.0016666666666666668
43,137,55.1,133.7,90.0,0.0016666666666666668
43,138,55.1,133.4,90.0,0.0016666666666666668
43,139,55.1,133.1,90.0,0.0016666666666666668
43,140,55.1,132.8,90.0,0.0016666666666666668
43,141,55.1,132.5,90.0,0.0016666666666666668
43,142,55.1,132.2,90.0,0.0016666666666666668
43,143,90.2,117.8,90.0,0.0016666666666666668
43,144,90.5,117.8,90.0,0.0016666666666666668
43,145,90.8,117.8,90.0,0.0016666666666666668
43,151,55.1,129.8,90.0,0.0016666666666666668
43,152,55.1,129.5,90.0,0.0016666666666666668
43,153,55.1,129.2,90.0,0.0016666666666666668
43,154,55.1,128.9,90.0,0.0016666666666666668
43,155,55.1,130.1,90.0,0.0016666666666666668
43,178,128.0,117.8,90.0,0.0016666666666666668
43,179,81.2,117.8,90.0,0.0016666666666666668
43,206,126.5,117.8,90.0,0.0016666666666666668
43,207,80.3,117.8,90.0,0.0016666666666666668
43,225,91.1,117.8,90.0,0.0016666666666666668
43,241,98.9,117.8,90.0,0.0016666666666666668
43,242,99.2,117.8,90.0,0.0016666666666666668
43,243,99.5,117.8,90.0,0.0016666666666666668
43,244,99.8,117.8,90.0,0.0016666666666666668
43,246,116.3,117.8,90.0,0.0016666666666666668
43,247,116.6,117.8,90.0,0.0016666666666666668
44,56,122.96441492829878,36.5,80.79310377865414,0.0018749929761864628
44,57,123.32250064069711,36.5,77.29096700560454,0.0017857062584988146
44,58,123.7,36.5,73.73979529168805,0.0018452401020419631
44,59,77.92506281446691,36.5,84.2608295227332,0.0018452401020419631
44,67,95.3,36.5,90.0,0.0016666666666666668
44,68,76.7,36.5,90.0,0.0016666666666666668
44,69,77.0,36.5,90.0,0.0016666666666666668
44,71,38.599999999999994,36.5,90.0,0.0016666666666666668
44,72,104.3,36.5,90.0,0.0016666666666666668
44,73,104.6,36.5,90.0,0.0016666666666666668
44,74,102.8,36.5,90.0,0.0016666666666666668
44,77,96.2,36.5,90.0,0.0016666666666666668
44,78,50.0,36.5,90.0,0.0016666666666666668
44,79,50.3,36.5,90.0,0.0016666666666666668
44,80,50.599999999999994,36.5,90.0,0.0016666666666666668
44,82,23.0,36.5,90.0,0.0016666666666666668
44,83,23.299999999999997,36.5,90.0,0.0016666666666666668
44,84,23.599999999999994,36.5,90.0,0.0016666666666666668
44,85,131.3,36.5,90.0,0.0016666666666666668
44,86,122.0,36.5,90.0,0.0016666666666666668
44,87,122.3,36.5,90.0,0.0016666666666666668
44,88,122.6,36.5,90.0,0.0016666666666666668
44,89,49.7,36.5,90.0,0.0016666666666666668
44,90,77.6,36.5,90.0,0.0016666666666666668
44,92,30.5,36.5,90.0,0.0016666666666666668
44,101,96.5,36.5,90.0,0.0016666666666666668
44,102,113.6,36.5,90.0,0.0016666666666666668
44,103,113.9,36.5,90.0,0.0016666666666666668
44,104,114.2,36.5,90.0,0.0016666666666666668
44,106,39.2,36.5,90.0,0.0016666666666666668
44,111,95.6,36.5,90.0,0.0016666666666666668
44,112,95.9,36.5,90.0,0.0016666666666666668
44,113,48.2,36.5,90.0,0.0016666666666666668
44,114,48.5,36.5,90.0,0.0016666666666666668
44,116,20.299999999999997,36.5,90.0,0.0016666666666666668
44,117,20.599999999999994,36.5,90.0,0.0016666666666666668
44,122,47.3,36.5,90.0,0.0016666666666666668
44,123,47.599999999999994,36.5,90.0,0.0016666666666666668
44,124,47.900000000000006,36.5,90.0,0.0016666666666666668
44,130,121.4,36.5,90.0,0.0016666666666666668
44,131,121.7,36.5,90.0,0.0016666666666666668
44,132,85.4,36.5,90.0,0.0016666666666666668
44,133,85.7,36.5,90.0,0.0016666666666666668
44,135,38.900000000000006,36.5,90.0,0.0016666666666666668
44,143,49.099999999999994,36.5,90.0,0.0016666666666666668
44,144,49.400000000000006,36.5,90.0,0.0016666666666666668
44,145,68.6,36.5,90.0,0.0016666666666666668
44,146,131.0,36.5,90.0,0.0016666666666666668
44,147,47.0,36.5,90.0,0.0016666666666666668
44,150,29.900000000000006,36.5,90.0,0.0016666666666666668
44,156,56.0,36.5,90.0,0.0016666666666666668
44,157,56.3,36.5,90.0,0.0016666666666666668
44,158,14.299999999999997,36.5,90.0,0.0016666666666666668
44,159,14.599999999999994,36.5,90.0,0.0016666666666666668
44,160,13.400000000000006,36.5,90.0,0.0016666666666666668
44,161,13.700000000000003,36.5,90.0,0.0016666666666666668
44,162,29.599999999999994,36.5,90.0,0.0016666666666666668
44,163,38.0,36.5,90.0,0.0016666666666666668
44,165,29.0,36.5,90.0,0.0016666666666666668
44,166,29.299999999999997,36.5,90.0,0.0016666666666666668
44,178,114.5,36.5,90.0,0.0016666666666666668
44,179,113.3,36.5,90.0,0.0016666666666666668
44,180,112.7,36.5,90.0,0.0016666666666666668
44,181,113.0,36.5,90.0,0.0016666666666666668
44,190,121.1,36.5,90.0,0.0016666666666666668
44,199,84.8,36.5,90.0,0.0016666666666666668
44,200,85.1,36.5,90.0,0.0016666666666666668
44,206,56.599999999999994,36.5,90.0,0.0016666666666666668
44,207,48.8,36.5,90.0,0.0016666666666666668
44,210,68.3,36.5,90.0,0.0016666666666666668
44,211,66.8,36.5,90.0,0.0016666666666666668
44,212,67.1,36.5,90.0,0.0016666666666666668
44,213,67.4,36.5,90.0,0.0016666666666666668
44,214,67.7,36.5,90.0,0.0016666666666666668
44,215,68.0,36.5,90.0,0.0016666666666666668
44,216,65.6,36.5,90.0,0.0016666666666666668
44,217,65.9,36.5,90.0,0.0016666666666666668
44,218,66.2,36.5,90.0,0.0016666666666666668
44,219,66.5,36.5,90.0,0.0016666666666666668
44,222,75.8,36.5,90.0,0.0016666666666666668
44,223,76.1,36.5,90.0,0.0016666666666666668
44,224,76.4,36.5,90.0,0.0016666666666666668
44,225,77.3,36.5,90.0,0.0016666666666666668
44,226,74.9,36.5,90.0,0.0016666666666666668
44,227,75.2,36.5,90.0,0.0016666666666666668
44,228,75.5,36.5,90.0,0.0016666666666666668
44,232,14.0,36.5,90.0,0.0016666666666666668
44,233,11.0,36.5,90.0,0.0016666666666666668
44,234,11.299999999999997,36.5,90.0,0.0016666666666666668
44,235,11.599999999999994,36.5,90.0,0.0016666666666666668
44,236,11.900000000000006,36.5,90.0,0.0016666666666666668
44,237,12.200000000000003,36.5,90.0,0.0016666666666666668
44,238,12.5,36.5,90.0,0.0016666666666666668
44,239,12.799999999999997,36.5,90.0,0.0016666666666666668
44,240,13.099999999999994,36.5,90.0,0.0016666666666666668
44,241,21.799999999999997,36.5,90.0,0.0016666666666666668
44,242,22.099999999999994,36.5,90.0,0.0016666666666666668
44,243,22.400000000000006,36.5,90.0,0.0016666666666666668
44,244,22.700000000000003,36.5,90.0,0.0016666666666666668
44,245,20.0,36.5,90.0,0.0016666666666666668
44,246,30.799999999999997,36.5,90.0,0.0016666666666666668
44,247,31.099999999999994,36.5,90.0,0.0016666666666666668
44,248,30.200000000000003,36.5,90.0,0.0016666666666666668
44,255,38.3,36.5,90.0,0.0016666666666666668
45,56,122.92506281446691,36.2,84.2608295227332,0.0018452401020419631
45,57,123.26441492829876,36.2,80.79310377865406,0.0018749929761864628
45,58,123.62250064069713,36.2,77.29096700560454,0.0017857062584988146
45,59,77.9040016012813,36.2,87.70755722404408,0.0018749929761864628
45,67,95.3,36.2,90.0,0.0016666666666666668
45,68,76.7,36.2,90.0,0.0016666666666666668
45,69,77.0,36.2,90.0,0.0016666666666666668
45,71,38.599999999999994,36.2,90.0,0.0016666666666666668
45,72,104.3,36.2,90.0,0.0016666666666666668
45,73,104.6,36.2,90.0,0.0016666666666666668
45,74,102.8,36.2,90.0,0.0016666666666666668
45,77,96.2,36.2,90.0,0.0016666666666666668
45,78,50.0,36.2,90.0,0.0016666666666666668
45,79,50.3,36.2,90.0,0.0016666666666666668
45,80,50.599999999999994,36.2,90.0,0.0016666666666666668
45,85,131.3,36.2,90.0,0.0016666666666666668
45,86,122.0,36.2,90.0,0.0016666666666666668
45,87,122.3,36.2,90.0,0.0016666666666666668
45,88,122.6,36.2,90.0,0.0016666666666666668
45,89,49.7,36.2,90.0,0.0016666666666666668
45,90,77.6,36.2,90.0,0.0016666666666666668
45,92,30.5,36.2,90.0,0.0016666666666666668
45,101,96.5,36.2,90.0,0.0016666666666666668
45,102,113.6,36.2,90.0,0.0016666666666666668
45,103,113.9,36.2,90.0,0.0016666666666666668
45,104,114.2,36.2,90.0,0.0016666666666666668
45,106,39.2,36.2,90.0,0.0016666666666666668
45,111,95.6,36.2,90.0,0.0016666666666666668
45,112,95.9,36.2,90.0,0.0016666666666666668
45,113,48.2,36.2,90.0,0.0016666666666666668
45,114,48.5,36.2,90.0,0.0016666666666666668
45,122,47.3,36.2,90.0,0.0016666666666666668
45,123,47.599999999999994,36.2,90.0,0.0016666666666666668
45,124,47.900000000000006,36.2,90.0,0.0016666666666666668
45,130,121.4,36.2,90.0,0.0016666666666666668
45,131,121.7,36.2,90.0,0.0016666666666666668
45,132,85.4,36.2,90.0,0.0016666666666666668
45,133,85.7,36.2,90.0,0.0016666666666666668
45,135,38.900000000000006,36.2,90.0,0.0016666666666666668
45,143,49.099999999999994,36.2,90.0,0.0016666666666666668
45,144,49.400000000000006,36.2,90.0,0.0016666666666666668
45,145,68.6,36.2,90.0,0.0016666666666666668
45,146,131.0,36.2,90.0,0.0016666666666666668
45,147,47.0,36.2,90.0,0.0016666666666666668
45,150,29.900000000000006,36.2,90.0,0.0016666666666666668
45,156,56.0,36.2,90.0,0.0016666666666666668
45,157,56.3,36.2,90.0,0.0016666666666666668
45,162,29.599999999999994,36.2,90.0,0.0016666666666666668
45,163,38.0,36.2,90.0,0.0016666666666666668
45,165,29.0,36.2,90.0,0.0016666666666666668
45,166,29.299999999999997,36.2,90.0,0.0016666666666666668
45,177,23.9,15.2,90.0,0.0016666666666666668
45,178,114.5,36.2,90.0,0.0016666666666666668
45,179,113.3,36.2,90.0,0.0016666666666666668
45,180,112.7,36.2,90.0,0.0016666666666666668
45,181,113.0,36.2,90.0,0.0016666666666666668
45,185,23.9,22.4,90.0,0.0016666666666666668
45,186,23.9,22.7,90.0,0.0016666666666666668
45,190,121.1,36.2,90.0,0.0016666666666666668
45,199,84.8,36.2,90.0,0.0016666666666666668
45,200,85.1,36.2,90.0,0.0016666666666666668
45,201,23.9,10.100000000000001,90.0,0.0016666666666666668
45,206,56.599999999999994,36.2,90.0,0.0016666666666666668
45,207,48.8,36.2,90.0,0.0016666666666666668
45,210,68.3,36.2,90.0,0.0016666666666666668
45,211,66.8,36.2,90.0,0.0016666666666666668
45,212,67.1,36.2,90.0,0.0016666666666666668
45,213,67.4,36.2,90.0,0.0016666666666666668
45,214,67.7,36.2,90.0,0.0016666666666666668
45,215,68.0,36.2,90.0,0.0016666666666666668
45,216,65.6,36.2,90.0,0.0016666666666666668
45,217,65.9,36.2,90.0,0.0016666666666666668
45,218,66.2,36.2,90.0,0.0016666666666666668
45,219,66.5,36.2,90.0,0.0016666666666666668
45,222,75.8,36.2,90.0,0.0016666666666666668
45,223,76.1,36.2,90.0,0.0016666666666666668
45,224,76.4,36.2,90.0,0.0016666666666666668
45,225,77.3,36.2,90.0,0.0016666666666666668
45,226,74.9,36.2,90.0,0.0016666666666666668
45,227,75.2,36.2,90.0,0.0016666666666666668
45,228,75.5,36.2,90.0,0.0016666666666666668
45,229,23.9,5.600000000000001,90.0,0.0016666666666666668
45,246,30.799999999999997,36.2,90.0,0.0016666666666666668
45,247,31.099999999999994,36.2,90.0,0.0016666666666666668
45,248,30.200000000000003,36.2,90.0,0.0016666666666666668
45,255,38.3,36.2,90.0,0.0016666666666666668
46,56,122.9040016012813,35.9,87.70755722404417,0.0018749929761864628
46,57,123.2250628144669,35.9,84.2608295227332,0.0018452401020419631
46,58,123.56441492829877,35.9,80.79310377865414,0.0018749929761864628
46,59,77.9,35.9,90.0,0.0016666666666666668
46,67,95.3,35.9,90.0,0.0016666666666666668
46,68,76.7,35.9,90.0,0.0016666666666666668
46,69,77.0,35.9,90.0,0.0016666666666666668
46,71,38.599999999999994,35.9,90.0,0.0016666666666666668
46,72,104.3,35.9,90.0,0.0016666666666666668
46,73,104.6,35.9,90.0,0.0016666666666666668
46,74,102.8,35.9,90.0,0.0016666666666666668
46,77,96.2,35.9,90.0,0.0016666666666666668
46,78,50.0,35.9,90.0,0.0016666666666666668
46,79,50.3,35.9,90.0,0.0016666666666666668
46,80,50.599999999999994,35.9,90.0,0.0016666666666666668
46,85,131.3,35.9,90.0,0.0016666666666666668
46,86,122.0,35.9,90.0,0.0016666666666666668
46,87,122.3,35.9,90.0,0.0016666666666666668
46,88,122.6,35.9,90.0,0.0016666666666666668
46,89,49.7,35.9,90.0,0.0016666666666666668
46,90,77.6,35.9,90.0,0.0016666666666666668
46,92,30.5,35.9,90.0,0.0016666666666666668
46,101,96.5,35.9,90.0,0.0016666666666666668
46,102,113.6,35.9,90.0,0.0016666666666666668
46,103,113.9,35.9,90.0,0.0016666666666666668
46,104,114.2,35.9,90.0,0.0016666666666666668
46,106,39.2,35.9,90.0,0.0016666666666666668
46,111,95.6,35.9,90.0,0.0016666666666666668
46,112,95.9,35.9,90.0,0.0016666666666666668
46,113,48.2,35.9,90.0,0.0016666666666666668
46,114,48.5,35.9,90.0,0.0016666666666666668
46,122,47.3,35.9,90.0,0.0016666666666666668
46,123,47.599999999999994,35.9,90.0,0.0016666666666666668
46,124,47.900000000000006,35.9,90.0,0.0016666666666666668
46,130,121.4,35.9,90.0,0.0016666666666666668
46,131,121.7,35.9,90.0,0.0016666666666666668
46,132,85.4,35.9,90.0,0.0016666666666666668
46,133,85.7,35.9,90.0,0.0016666666666666668
46,135,38.900000000000006,35.9,90.0,0.0016666666666666668
46,143,49.099999999999994,35.9,90.0,0.0016666666666666668
46,144,49.400000000000006,35.9,90.0,0.0016666666666666668
46,145,68.6,35.9,90.0,0.0016666666666666668
46,146,131.0,35.9,90.0,0.0016666666666666668
46,147,47.0,35.9,90.0,0.0016666666666666668
46,150,29.900000000000006,35.9,90.0,0.0016666666666666668
46,156,56.0,35.9,90.0,0.0016666666666666668
46,157,56.3,35.9,90.0,0.0016666666666666668
46,162,29.599999999999994,35.9,90.0,0.0016666666666666668
46,163,38.0,35.9,90.0,0.0016666666666666668
46,165,29.0,35.89599839871872,87.70755722404412,0.0018749929761864628
46,166,29.299999999999997,35.9,90.0,0.0016666666666666668
46,177,24.2,15.2,90.0,0.0016666666666666668
46,178,114.5,35.9,90.0,0.0016666666666666668
46,179,113.3,35.9,90.0,0.0016666666666666668
46,180,112.7,35.9,90.0,0.0016666666666666668
46,181,113.0,35.9,90.0,0.0016666666666666668
46,185,24.2,22.4,90.0,0.0016666666666666668
46,186,24.2,22.7,90.0,0.0016666666666666668
46,190,121.1,35.9,90.0,0.0016666666666666668
46,199,84.8,35.9,90.0,0.0016666666666666668
46,200,85.1,35.9,90.0,0.0016666666666666668
46,201,24.2,10.100000000000001,90.0,0.0016666666666666668
46,206,56.599999999999994,35.9,90.0,0.0016666666666666668
46,207,48.8,35.9,90.0,0.0016666666666666668
46,210,68.3,35.9,90.0,0.0016666666666666668
46,211,66.8,35.9,90.0,0.0016666666666666668
46,212,67.1,35.9,90.0,0.0016666666666666668
46,213,67.4,35.9,90.0,0.0016666666666666668
46,214,67.7,35.9,90.0,0.0016666666666666668
46,215,68.0,35.9,90.0,0.0016666666666666668
46,216,65.6,35.9,90.0,0.0016666666666666668
46,217,65.9,35.9,90.0,0.0016666666666666668
46,218,66.2,35.9,90.0,0.0016666666666666668
46,219,66.5,35.9,90.0,0.0016666666666666668
46,222,75.8,35.9,90.0,0.0016666666666666668
46,223,76.1,35.9,90.0,0.0016666666666666668
46,224,76.4,35.9,90.0,0.0016666666666666668
46,225,77.3,35.9,90.0,0.0016666666666666668
46,226,74.9,35.9,90.0,0.0016666666666666668
46,227,75.2,35.9,90.0,0.0016666666666666668
46,228,75.5,35.9,90.0,0.0016666666666666668
46,229,24.2,5.600000000000001,90.0,0.0016666666666666668
46,246,30.799999999999997,35.9,90.0,0.0016666666666666668
46,247,31.099999999999994,35.9,90.0,0.0016666666666666668
46,248,30.200000000000003,35.9,90.0,0.0016666666666666668
46,255,38.3,35.9,90.0,0.0016666666666666668
47,56,122.9,35.6,90.0,0.0016666666666666668
47,57,123.20400160128128,35.6,87.70755722404408,0.0018749929761864628
47,58,123.5250628144669,35.6,84.2608295227332,0.0018452401020419631
47,59,77.9,35.6,90.0,0.0016666666666666668
47,67,95.3,35.6,90.0,0.0016666666666666668
47,68,76.7,35.6,90.0,0.0016666666666666668
47,69,77.0,35.6,90.0,0.0016666666666666668
47,71,38.599999999999994,35.6,90.0,0.0016666666666666668
47,72,104.3,35.6,90.0,0.0016666666666666668
47,73,104.6,35.6,90.0,0.0016666666666666668
47,74,102.8,35.6,90.0,0.0016666666666666668
47,77,96.2,35.6,90.0,0.0016666666666666668
47,78,50.0,35.6,90.0,0.0016666666666666668
47,79,50.3,35.6,90.0,0.0016666666666666668
47,80,50.599999999999994,35.6,90.0,0.0016666666666666668
47,85,131.3,35.6,90.0,0.0016666666666666668
47,86,122.0,35.6,90.0,0.0016666666666666668
47,87,122.3,35.6,90.0,0.0016666666666666668
47,88,122.6,35.6,90.0,0.0016666666666666668
47,89,49.7,35.6,90.0,0.0016666666666666668
47,90,77.6,35.6,90.0,0.0016666666666666668
47,92,30.5,35.6,90.0,0.0016666666666666668
47,101,96.5,35.6,90.0,0.0016666666666666668
47,102,113.6,35.6,90.0,0.0016666666666666668
47,103,113.9,35.6,90.0,0.0016666666666666668
47,104,114.2,35.6,90.0,0.0016666666666666668
47,106,39.2,35.6,90.0,0.0016666666666666668
47,111,95.6,35.6,90.0,0.0016666666666666668
47,112,95.9,35.6,90.0,0.0016666666666666668
47,113,48.2,35.6,90.0,0.0016666666666666668
47,114,48.5,35.6,90.0,0.0016666666666666668
47,122,47.3,35.6,90.0,0.0016666666666666668
47,123,47.599999999999994,35.6,90.0,0.0016666666666666668
47,124,47.900000000000006,35.6,90.0,0.0016666666666666668
47,130,121.4,35.6,90.0,0.0016666666666666668
47,131,121.7,35.6,90.0,0.0016666666666666668
47,132,85.4,35.6,90.0,0.0016666666666666668
47,133,85.7,35.6,90.0,0.0016666666666666668
47,135,38.900000000000006,35.6,90.0,0.0016666666666666668
47,143,49.099999999999994,35.6,90.0,0.0016666666666666668
47,144,49.400000000000006,35.6,90.0,0.0016666666666666668
47,145,68.6,35.6,90.0,0.0016666666666666668
47,146,131.0,35.6,90.0,0.0016666666666666668
47,147,47.0,35.6,90.0,0.0016666666666666668
47,150,29.900000000000006,35.6,90.0,0.0016666666666666668
47,156,56.0,35.6,90.0,0.0016666666666666668
47,157,56.3,35.6,90.0,0.0016666666666666668
47,162,29.599999999999994,35.6,90.0,0.0016666666666666668
47,163,38.0,35.6,90.0,0.0016666666666666668
47,165,29.0,35.5749371855331,84.26082952273322,0.0018452401020419631
47,166,29.3,35.59599839871872,87.70755722404412,0.0018749929761864628
47,177,24.5,15.2,90.0,0.0016666666666666668
47,178,114.5,35.6,90.0,0.0016666666666666668
47,179,113.3,35.6,90.0,0.0016666666666666668
47,180,112.7,35.6,90.0,0.0016666666666666668
47,181,113.0,35.6,90.0,0.0016666666666666668
47,185,24.5,22.4,90.0,0.0016666666666666668
47,186,24.5,22.7,90.0,0.0016666666666666668
47,190,121.1,35.6,90.0,0.0016666666666666668
47,199,84.8,35.6,90.0,0.0016666666666666668
47,200,85.1,35.6,90.0,0.0016666666666666668
47,201,24.5,10.100000000000001,90.0,0.0016666666666666668
47,206,56.599999999999994,35.6,90.0,0.0016666666666666668
47,207,48.8,35.6,90.0,0.0016666666666666668
47,210,68.3,35.6,90.0,0.0016666666666666668
47,211,66.8,35.6,90.0,0.0016666666666666668
47,212,67.1,35.6,90.0,0.0016666666666666668
47,213,67.4,35.6,90.0,0.0016666666666666668
47,214,67.7,35.6,90.0,0.0016666666666666668
47,215,68.0,35.6,90.0,0.0016666666666666668
47,216,65.6,35.6,90.0,0.0016666666666666668
47,217,65.9,35.6,90.0,0.0016666666666666668
47,218,66.2,35.6,90.0,0.0016666666666666668
47,219,66.5,35.6,90.0,0.0016666666666666668
47,222,75.8,35.6,90.0,0.0016666666666666668
47,223,76.1,35.6,90.0,0.0016666666666666668
47,224,76.4,35.6,90.0,0.0016666666666666668
47,225,77.3,35.6,90.0,0.0016666666666666668
47,226,74.9,35.6,90.0,0.0016666666666666668
47,227,75.2,35.6,90.0,0.0016666666666666668
47,228,75.5,35.6,90.0,0.0016666666666666668
47,229,24.5,5.600000000000001,90.0,0.0016666666666666668
47,246,30.799999999999997,35.6,90.0,0.0016666666666666668
47,247,31.099999999999994,35.6,90.0,0.0016666666666666668
47,248,30.200000000000003,35.6,90.0,0.0016666666666666668
47,255,38.3,35.6,90.0,0.0016666666666666668
48,60,114.8,144.8040016012813,87.70755722404408,0.0018749929761864628
48,61,114.5,144.82506281446692,84.2608295227332,0.0018452401020419631
48,77,117.8,144.8,90.0,0.0016666666666666668
48,78,116.9,144.8,90.0,0.0016666666666666668
48,79,117.2,144.8,90.0,0.0016666666666666668
48,80,117.5,144.8,90.0,0.0016666666666666668
48,81,115.1,144.8,90.0,0.0016666666666666668
48,82,115.4,144.8,90.0,0.0016666666666666668
48,83,115.7,144.8,90.0,0.0016666666666666668
48,84,116.0,144.8,90.0,0.0016666666666666668
48,93,124.7,144.8,90.0,0.0016666666666666668
48,94,125.0,144.8,90.0,0.0016666666666666668
48,95,125.3,144.8,90.0,0.0016666666666666668
48,96,125.6,144.8,90.0,0.0016666666666666668
48,97,123.5,144.8,90.0,0.0016666666666666668
48,98,124.1,144.8,90.0,0.0016666666666666668
48,99,124.4,144.8,90.0,0.0016666666666666668
48,100,123.8,144.8,90.0,0.0016666666666666668
48,101,126.8,144.8,90.0,0.0016666666666666668
48,102,127.1,144.8,90.0,0.0016666666666666668
48,103,127.4,144.8,90.0,0.0016666666666666668
48,104,127.7,144.8040016012813,87.70755722404408,0.0018749929761864628
48,105,125.9,144.8,90.0,0.0016666666666666668
48,106,126.2,144.8,90.0,0.0016666666666666668
48,178,128.0,144.82506281446692,84.2608295227332,0.0018452401020419631
48,206,126.5,144.8,90.0,0.0016666666666666668
48,246,116.3,144.8,90.0,0.0016666666666666668
48,247,116.6,144.8,90.0,0.0016666666666666668
49,60,114.8,144.5,90.0,0.0016666666666666668
49,61,114.5,144.5040016012813,87.70755722404408,0.0018749929761864628
49,77,117.8,144.5,90.0,0.0016666666666666668
49,78,116.9,144.5,90.0,0.0016666666666666668
49,79,117.2,144.5,90.0,0.0016666666666666668
49,80,117.5,144.5,90.0,0.0016666666666666668
49,81,115.1,144.5,90.0,0.0016666666666666668
49,82,115.4,144.5,90.0,0.0016666666666666668
49,83,115.7,144.5,90.0,0.0016666666666666668
49,84,116.0,144.5,90.0,0.0016666666666666668
49,93,124.7,144.5,90.0,0.0016666666666666668
49,94,125.0,144.5,90.0,0.0016666666666666668
49,95,125.3,144.5,90.0,0.0016666666666666668
49,96,125.6,144.5,90.0,0.0016666666666666668
49,97,123.5,144.5,90.0,0.0016666666666666668
49,98,124.1,144.5,90.0,0.0016666666666666668
49,99,124.4,144.5,90.0,0.0016666666666666668
49,100,123.8,144.5,90.0,0.0016666666666666668
49,101,126.8,144.5,90.0,0.0016666666666666668
49,102,127.1,144.5,90.0,0.0016666666666666668
49,103,127.4,144.5,90.0,0.0016666666666666668
49,104,127.7,144.5,90.0,0.0016666666666666668
49,105,125.9,144.5,90.0,0.0016666666666666668
49,106,126.2,144.5,90.0,0.0016666666666666668
49,178,128.0,144.5040016012813,87.70755722404424,0.0018749929761864628
49,206,126.5,144.5,90.0,0.0016666666666666668
49,246,116.3,144.5,90.0,0.0016666666666666668
49,247,116.6,144.5,90.0,0.0016666666666666668
50,60,114.8,144.2,90.0,0.0016666666666666668
50,61,114.5,144.2,90.0,0.0016666666666666668
50,77,117.8,144.2,90.0,0.0016666666666666668
50,78,116.9,144.2,90.0,0.0016666666666666668
50,79,117.2,144.2,90.0,0.0016666666666666668
50,80,117.5,144.2,90.0,0.0016666666666666668
50,81,115.1,144.2,90.0,0.0016666666666666668
50,82,115.4,144.2,90.0,0.0016666666666666668
50,83,115.7,144.2,90.0,0.0016666666666666668
50,84,116.0,144.2,90.0,0.0016666666666666668
50,93,124.7,144.2,90.0,0.0016666666666666668
50,94,125.0,144.2,90.0,0.0016666666666666668
50,95,125.3,144.2,90.0,0.0016666666666666668
50,96,125.6,144.2,90.0,0.0016666666666666668
50,97,123.5,144.2,90.0,0.0016666666666666668
50,98,124.1,144.2,90.0,0.0016666666666666668
50,99,124.4,144.2,90.0,0.0016666666666666668
50,100,123.8,144.2,90.0,0.0016666666666666668
50,101,126.8,144.2,90.0,0.0016666666666666668
50,102,127.1,144.2,90.0,0.0016666666666666668
50,103,127.4,144.2,90.0,0.0016666666666666668
50,104,127.7,144.2,90.0,0.0016666666666666668
50,105,125.9,144.2,90.0,0.0016666666666666668
50,106,126.2,144.2,90.0,0.0016666666666666668
50,178,128.0,144.2,90.0,0.0016666666666666668
50,206,126.5,144.2,90.0,0.0016666666666666668
50,246,116.3,144.2,90.0,0.0016666666666666668
50,247,116.6,144.2,90.0,0.0016666666666666668
51,60,114.8,143.9,90.0,0.0016666666666666668
51,61,114.5,143.9,90.0,0.0016666666666666668
51,77,117.8,143.9,90.0,0.0016666666666666668
51,78,116.9,143.9,90.0,0.0016666666666666668
51,79,117.2,143.9,90.0,0.0016666666666666668
51,80,117.5,143.9,90.0,0.0016666666666666668
51,81,115.1,143.9,90.0,0.0016666666666666668
51,82,115.4,143.9,90.0,0.0016666666666666668
51,83,115.7,143.9,90.0,0.0016666666666666668
51,84,116.0,143.9,90.0,0.0016666666666666668
51,93,124.7,143.9,90.0,0.0016666666666666668
51,94,125.0,143.9,90.0,0.0016666666666666668
51,95,125.3,143.9,90.0,0.0016666666666666668
51,96,125.6,143.9,90.0,0.0016666666666666668
51,97,123.49599839871871,143.9,87.70755722404424,0.0018749929761864628
51,98,124.1,143.9,90.0,0.0016666666666666668
51,99,124.4,143.9,90.0,0.0016666666666666668
51,100,123.8,143.9,90.0,0.0016666666666666668
51,101,126.8,143.9,90.0,0.0016666666666666668
51,102,127.1,143.9,90.0,0.0016666666666666668
51,103,127.4,143.9,90.0,0.0016666666666666668
51,104,127.7,143.9,90.0,0.0016666666666666668
51,105,125.9,143.9,90.0,0.0016666666666666668
51,106,126.2,143.9,90.0,0.0016666666666666668
51,178,128.0,143.9,90.0,0.0016666666666666668
51,206,126.5,143.9,90.0,0.0016666666666666668
51,246,116.3,143.9,90.0,0.0016666666666666668
51,247,116.6,143.9,90.0,0.0016666666666666668
52,66,55.4,144.8,90.0,0.0016666666666666668
52,67,62.0,120.8,90.0,0.0016666666666666668
52,68,61.400000000000006,120.8,90.0,0.0016666666666666668
52,69,61.7,120.8,90.0,0.0016666666666666668
52,70,60.8,120.8,90.0,0.0016666666666666668
52,71,61.099999999999994,120.8,90.0,0.0016666666666666668
52,72,107.3,120.8,90.0,0.0016666666666666668
52,73,107.6,120.8,90.0,0.0016666666666666668
52,77,117.8,120.8,90.0,0.0016666666666666668
52,78,116.9,120.8,90.0,0.0016666666666666668
52,79,117.2,120.8,90.0,0.0016666666666666668
52,80,117.5,120.8,90.0,0.0016666666666666668
52,81,115.1,120.8,90.0,0.0016666666666666668
52,82,115.4,120.8,90.0,0.0016666666666666668
52,83,115.7,120.8,90.0,0.0016666666666666668
52,84,116.0,120.8,90.0,0.0016666666666666668
52,85,108.8,120.8,90.0,0.0016666666666666668
52,86,107.9,120.8,90.0,0.0016666666666666668
52,87,108.2,120.8,90.0,0.0016666666666666668
52,88,108.5,120.8,90.0,0.0016666666666666668
52,89,106.7,120.8,90.0,0.0016666666666666668
52,90,107.0,120.8,90.0,0.0016666666666666668
52,91,106.1,120.8,90.0,0.0016666666666666668
52,92,106.4,120.8,90.0,0.0016666666666666668
52,101,126.8,120.8,90.0,0.0016666666666666668
52,102,127.1,120.8,90.0,0.0016666666666666668
52,103,127.4,120.8,90.0,0.0016666666666666668
52,104,127.7,120.8,90.0,0.0016666666666666668
52,105,125.9,120.8,90.0,0.0016666666666666668
52,106,126.2,120.8,90.0,0.0016666666666666668
52,107,55.4,138.8,90.0,0.0016666666666666668
52,108,55.4,138.5,90.0,0.0016666666666666668
52,109,55.4,138.2,90.0,0.0016666666666666668
52,110,55.4,137.9,90.0,0.0016666666666666668
52,111,72.2,120.8,90.0,0.0016666666666666668
52,112,72.5,120.8,90.0,0.0016666666666666668
52,113,71.6,120.8,90.0,0.0016666666666666668
52,114,71.9,120.8,90.0,0.0016666666666666668
52,115,70.7,120.8,90.0,0.0016666666666666668
52,116,71.0,120.8,90.0,0.0016666666666666668
52,117,71.3,120.8,90.0,0.0016666666666666668
52,126,55.4,136.7,90.0,0.0016666666666666668
52,127,55.4,136.4,90.0,0.0016666666666666668
52,128,55.4,136.1,90.0,0.0016666666666666668
52,129,55.4,135.8,90.0,0.0016666666666666668
52,130,81.5,120.8,90.0,0.0016666666666666668
52,131,81.8,120.8,90.0,0.0016666666666666668
52,132,80.6,120.8,90.0,0.0016666666666666668
52,133,80.9,120.8,90.0,0.0016666666666666668
52,134,79.7,120.8,90.0,0.0016666666666666668
52,135,80.0,120.8,90.0,0.0016666666666666668
52,136,55.4,134.0,90.0,0.0016666666666666668
52,137,55.4,133.7,90.0,0.0016666666666666668
52,138,55.4,133.4,90.0,0.0016666666666666668
52,139,55.4,133.1,90.0,0.0016666666666666668
52,140,55.4,132.8,90.0,0.0016666666666666668
52,141,55.4,132.5,90.0,0.0016666666666666668
52,142,55.4,132.2,90.0,0.0016666666666666668
52,143,90.2,120.8,90.0,0.0016666666666666668
52,144,90.5,120.8,90.0,0.0016666666666666668
52,145,90.8,120.8,90.0,0.0016666666666666668
52,151,55.4,129.8,90.0,0.0016666666666666668
52,152,55.4,129.5,90.0,0.0016666666666666668
52,153,55.4,129.2,90.0,0.0016666666666666668
52,154,55.4,128.9,90.0,0.0016666666666666668
52,155,55.4,130.1,90.0,0.0016666666666666668
52,178,128.0,120.8,90.0,0.0016666666666666668
52,179,81.2,120.8,90.0,0.0016666666666666668
52,206,126.5,120.8,90.0,0.0016666666666666668
52,207,80.3,120.8,90.0,0.0016666666666666668
52,225,91.1,120.8,90.0,0.0016666666666666668
52,241,98.9,120.8,90.0,0.0016666666666666668
52,242,99.2,120.8,90.0,0.0016666666666666668
52,243,99.5,120.8,90.0,0.0016666666666666668
52,244,99.8,120.8,90.0,0.0016666666666666668
52,246,116.3,120.8,90.0,0.0016666666666666668
52,247,116.6,120.8,90.0,0.0016666666666666668
53,60,92.0,126.8,90.0,0.0016666666666666668
53,61,92.0,127.1,90.0,0.0016666666666666668
53,62,92.0,142.1,90.0,0.0016666666666666668
53,63,92.0,142.4,90.0,0.0016666666666666668
53,72,107.3,121.7,90.0,0.0016666666666666668
53,73,107.6,121.7,90.0,0.0016666666666666668
53,77,117.8,121.7,90.0,0.0016666666666666668
53,78,116.9,121.7,90.0,0.0016666666666666668
53,79,117.2,121.7,90.0,0.0016666666666666668
53,80,117.5,121.7,90.0,0.0016666666666666668
53,81,115.1,121.7,90.0,0.0016666666666666668
53,82,115.4,121.7,90.0,0.0016666666666666668
53,83,115.7,121.7,90.0,0.0016666666666666668
53,84,116.0,121.7,90.0,0.0016666666666666668
53,85,108.8,121.7,90.0,0.0016666666666666668
53,86,107.9,121.7,90.0,0.0016666666666666668
53,87,108.2,121.7,90.0,0.0016666666666666668
53,88,108.5,121.7,90.0,0.0016666666666666668
53,89,106.7,121.7,90.0,0.0016666666666666668
53,90,107.0,121.7,90.0,0.0016666666666666668
53,91,106.1,121.7,90.0,0.0016666666666666668
53,92,106.4,121.7,90.0,0.0016666666666666668
53,93,92.56040542391537,124.4,62.61289249734616,0.002113100255104908
53,94,92.72916869918748,124.1,58.66774850240561,0.00199406066327276
53,95,92.92691762911674,123.8,54.549457360824505,0.002261892721081555
53,96,93.1581254575403,123.5,50.20818050044273,0.0038393007653147234
53,97,92.0,139.1,90.0,0.0016666666666666668
53,98,92.2978728217965,125.0,70.12312592992113,0.0033035804591888336
53,99,92.41742430504416,124.7,66.42182152179815,0.002916680714293742
53,100,92.0,138.8,90.0,0.0016666666666666668
53,101,126.8,121.7,90.0,0.0016666666666666668
53,102,127.1,121.7,90.0,0.0016666666666666668
53,103,127.4,121.7,90.0,0.0016666666666666668
53,104,127.7,121.7,90.0,0.0016666666666666668
53,105,125.9,121.7,90.0,0.0016666666666666668
53,106,126.2,121.7,90.0,0.0016666666666666668
53,151,92.0,129.8040016012813,87.70755722404408,0.0018749929761864628
53,152,92.0,129.5,90.0,0.0016666666666666668
53,153,92.0,129.2,90.0,0.0016666666666666668
53,154,92.0,128.9,90.0,0.0016666666666666668
53,155,92.0,130.1250628144669,84.2608295227332,0.0018452401020419631
53,178,128.0,121.7,90.0,0.0016666666666666668
53,206,126.5,121.7,90.0,0.0016666666666666668
53,241,98.9,121.7,90.0,0.0016666666666666668
53,242,99.2,121.7,90.0,0.0016666666666666668
53,243,99.5,121.7,90.0,0.0016666666666666668
53,244,99.8,121.7,90.0,0.0016666666666666668
53,246,116.3,121.7,90.0,0.0016666666666666668
53,247,116.6,121.7,90.0,0.0016666666666666668
54,60,91.7,126.8,90.0,0.0016666666666666668
54,61,91.7,127.1,90.0,0.0016666666666666668
54,62,91.7,142.1,90.0,0.0016666666666666668
54,63,91.7,142.4,90.0,0.0016666666666666668
54,72,107.3,121.4,90.0,0.0016666666666666668
54,73,107.6,121.4,90.0,0.0016666666666666668
54,77,117.8,121.4,90.0,0.0016666666666666668
54,78,116.9,121.4,90.0,0.0016666666666666668
54,79,117.2,121.4,90.0,0.0016666666666666668
54,80,117.5,121.4,90.0,0.0016666666666666668
54,81,115.1,121.4,90.0,0.0016666666666666668
54,82,115.4,121.4,90.0,0.0016666666666666668
54,83,115.7,121.4,90.0,0.0016666666666666668
54,84,116.0,121.4,90.0,0.0016666666666666668
54,85,108.8,121.4,90.0,0.0016666666666666668
54,86,107.9,121.4,90.0,0.0016666666666666668
54,87,108.2,121.4,90.0,0.0016666666666666668
54,88,108.5,121.4,90.0,0.0016666666666666668
54,89,106.7,121.4,90.0,0.0016666666666666668
54,90,107.0,121.4,90.0,0.0016666666666666668
54,91,106.1,121.4,90.0,0.0016666666666666668
54,92,106.4,121.4,90.0,0.0016666666666666668
54,93,92.11742430504417,124.4,66.42182152179815,0.002916680714293742
54,94,92.26040542391539,124.1,62.61289249734594,0.002113100255104908
54,95,92.42916869918749,123.8,58.66774850240561,0.00199406066327276
54,96,92.62691762911675,123.5,54.549457360824505,0.002261892721081555
54,97,91.7,139.1,90.0,0.0016666666666666668
54,98,91.9,125.0,73.73979529168798,0.0018452401020419631
54,99,91.9978728217965,124.7,70.12312592992113,0.0033035804591888336
54,100,91.7,138.8,90.0,0.0016666666666666668
54,101,126.8,121.4,90.0,0.0016666666666666668
54,102,127.1,121.4,90.0,0.0016666666666666668
54,103,127.4,121.4,90.0,0.0016666666666666668
54,104,127.7,121.4,90.0,0.0016666666666666668
54,105,125.9,121.4,90.0,0.0016666666666666668
54,106,126.2,121.4,90.0,0.0016666666666666668
54,151,91.7,129.8,90.0,0.0016666666666666668
54,152,91.7,129.5,90.0,0.0016666666666666668
54,153,91.7,129.2,90.0,0.0016666666666666668
54,154,91.7,128.9,90.0,0.0016666666666666668
54,155,91.7,130.10400160128128,87.70755722404408,0.0018749929761864628
54,178,128.0,121.4,90.0,0.0016666666666666668
54,206,126.5,121.4,90.0,0.0016666666666666668
54,241,98.9,121.4,90.0,0.0016666666666666668
54,242,99.2,121.4,90.0,0.0016666666666666668
54,243,99.5,121.4,90.0,0.0016666666666666668
54,244,99.8,121.4,90.0,0.0016666666666666668
54,246,116.3,121.4,90.0,0.0016666666666666668
54,247,116.6,121.4,90.0,0.0016666666666666668
55,60,91.4,126.8,90.0,0.0016666666666666668
55,61,91.4,127.1,90.0,0.0016666666666666668
55,62,91.4,142.1,90.0,0.0016666666666666668
55,63,91.4,142.4,90.0,0.0016666666666666668
55,72,107.3,121.1,90.0,0.0016666666666666668
55,73,107.6,121.1,90.0,0.0016666666666666668
55,77,117.8,121.1,90.0,0.0016666666666666668
55,78,116.9,121.1,90.0,0.0016666666666666668
55,79,117.2,121.1,90.0,0.0016666666666666668
55,80,117.5,121.1,90.0,0.0016666666666666668
55,81,115.1,121.1,90.0,0.0016666666666666668
55,82,115.4,121.1,90.0,0.0016666666666666668
55,83,115.7,121.1,90.0,0.0016666666666666668
55,84,116.0,121.1,90.0,0.0016666666666666668
55,85,108.8,121.1,90.0,0.0016666666666666668
55,86,107.9,121.1,90.0,0.0016666666666666668
55,87,108.2,121.1,90.0,0.0016666666666666668
55,88,108.5,121.1,90.0,0.0016666666666666668
55,89,106.7,121.1,90.0,0.0016666666666666668
55,90,107.0,121.1,90.0,0.0016666666666666668
55,91,106.1,121.1,90.0,0.0016666666666666668
55,92,106.4,121.1,90.0,0.0016666666666666668
55,93,91.6978728217965,124.4,70.12312592992134,0.0033035804591888336
55,94,91.81742430504417,124.1,66.42182152179815,0.002916680714293742
55,95,91.96040542391538,123.8,62.61289249734616,0.002113100255104908
55,96,92.12916869918747,123.5,58.66774850240584,0.00199406066327276
55,97,91.4,139.1,90.0,0.0016666666666666668
55,98,91.52250064069713,125.0,77.29096700560461,0.0017857062584988146
55,99,91.6,124.7,73.73979529168817,0.0018452401020419631
55,100,91.4,138.8,90.0,0.0016666666666666668
55,101,126.8,121.1,90.0,0.0016666666666666668
55,102,127.1,121.1,90.0,0.0016666666666666668
55,103,127.4,121.1,90.0,0.0016666666666666668
55,104,127.7,121.1,90.0,0.0016666666666666668
55,105,125.9,121.1,90.0,0.0016666666666666668
55,106,126.2,121.1,90.0,0.0016666666666666668
55,151,91.4,129.8,90.0,0.0016666666666666668
55,152,91.4,129.5,90.0,0.0016666666666666668
55,153,91.4,129.2,90.0,0.0016666666666666668
55,154,91.4,128.9,90.0,0.0016666666666666668
55,155,91.4,130.1,90.0,0.0016666666666666668
55,178,128.0,121.1,90.0,0.0016666666666666668
55,206,126.5,121.1,90.0,0.0016666666666666668
55,241,98.9,121.1,90.0,0.0016666666666666668
55,242,99.2,121.1,90.0,0.0016666666666666668
55,243,99.5,121.1,90.0,0.0016666666666666668
55,244,99.8,121.1,90.0,0.0016666666666666668
55,246,116.3,121.1,90.0,0.0016666666666666668
55,247,116.6,121.1,90.0,0.0016666666666666668
56,85,131.3,40.82250064069713,77.2909670056043,0.0017857062584988146
56,146,131.0,40.76441492829878,80.79310377865397,0.0018749929761864628
56,198,122.9,27.8,90.0,0.0016666666666666668
57,85,131.3,40.46441492829877,80.79310377865397,0.0018749929761864628
57,146,131.0,40.4250628144669,84.26082952273322,0.0018452401020419631
57,198,123.2,27.79599839871872,87.70755722404408,0.0018749929761864628
58,85,131.3,40.1250628144669,84.26082952273322,0.0018452401020419631
58,146,131.0,40.10400160128128,87.70755722404425,0.0018749929761864628
58,198,123.5,27.7749371855331,84.26082952273322,0.0018452401020419631
59,67,95.3,41.0,90.0,0.0016666666666666668
59,72,104.3,41.0,90.0,0.0016666666666666668
59,73,104.6,41.0,90.0,0.0016666666666666668
59,74,102.8,41.0,90.0,0.0016666666666666668
59,75,77.9,17.3,90.0,0.0016666666666666668
59,77,96.2,41.0,90.0,0.0016666666666666668
59,85,131.3,41.2,73.73979529168798,0.0018452401020419631
59,86,122.0,41.0,90.0,0.0016666666666666668
59,87,122.3,41.0,90.0,0.0016666666666666668
59,88,122.6,41.0,90.0,0.0016666666666666668
59,101,96.62250064069713,41.0,77.29096700560454,0.0017857062584988146
59,102,113.8,41.0,73.73979529168805,0.0018452401020419631
59,103,114.46040542391538,41.0,62.61289249734616,0.002113100255104908
59,104,114.92916869918747,41.0,58.667748502405765,0.00199406066327276
59,111,95.6,41.0,90.0,0.0016666666666666668
59,112,95.9,41.0,90.0,0.0016666666666666668
59,130,121.4,41.0,90.0,0.0016666666666666668
59,131,121.7,41.0,90.0,0.0016666666666666668
59,132,85.4,41.0,90.0,0.0016666666666666668
59,133,85.7,41.0,90.0,0.0016666666666666668
59,146,131.0,41.12250064069712,77.29096700560463,0.0017857062584988146
59,167,77.9,12.2,90.0,0.0016666666666666668
59,168,77.9,12.5,90.0,0.0016666666666666668
59,169,77.9,12.8,90.0,0.0016666666666666668
59,170,77.9,13.100000000000001,90.0,0.0016666666666666668
59,171,77.9,13.399999999999999,90.0,0.0016666666666666668
59,172,77.9,13.7,90.0,0.0016666666666666668
59,173,77.9,14.0,90.0,0.0016666666666666668
59,174,77.9,14.3,90.0,0.0016666666666666668
59,175,77.9,14.600000000000001,90.0,0.0016666666666666668
59,176,77.9,14.899999999999999,90.0,0.0016666666666666668
59,177,77.9,15.2,90.0,0.0016666666666666668
59,178,115.42691762911674,41.0,54.549457360824576,0.002261892721081555
59,179,113.3,41.0,90.0,0.0016666666666666668
59,180,112.7,41.0,90.0,0.0016666666666666668
59,181,113.0,41.0,90.0,0.0016666666666666668
59,183,77.9,20.6,90.0,0.0016666666666666668
59,184,77.9,20.9,90.0,0.0016666666666666668
59,185,77.9,22.4,90.0,0.0016666666666666668
59,186,77.9,22.7,90.0,0.0016666666666666668
59,187,77.9,21.2,90.0,0.0016666666666666668
59,188,77.9,21.5,90.0,0.0016666666666666668
59,189,77.9,21.8,90.0,0.0016666666666666668
59,190,121.1,41.0,90.0,0.0016666666666666668
59,194,77.9,25.4,90.0,0.0016666666666666668
59,195,77.9,25.7,90.0,0.0016666666666666668
59,196,77.9,26.0,90.0,0.0016666666666666668
59,197,77.9,25.1,90.0,0.0016666666666666668
59,199,84.8,41.0,90.0,0.0016666666666666668
59,200,85.1,41.0,90.0,0.0016666666666666668
59,201,77.9,10.100000000000001,90.0,0.0016666666666666668
59,202,77.9,9.5,90.0,0.0016666666666666668
59,203,77.9,8.600000000000001,90.0,0.0016666666666666668
59,204,77.9,8.899999999999999,90.0,0.0016666666666666668
59,205,77.9,9.2,90.0,0.0016666666666666668
59,249,77.9,22.1,90.0,0.0016666666666666668
59,250,77.9,9.8,90.0,0.0016666666666666668
59,251,77.9,17.6,90.0,0.0016666666666666668
59,252,77.9,17.9,90.0,0.0016666666666666668
59,253,77.9,18.2,90.0,0.0016666666666666668
59,254,77.9,18.5,90.0,0.0016666666666666668
60,72,107.3,126.8,90.0,0.0016666666666666668
60,73,107.6,126.8,90.0,0.0016666666666666668
60,85,108.8,126.8,90.0,0.0016666666666666668
60,86,107.9,126.8,90.0,0.0016666666666666668
60,87,108.2,126.8,90.0,0.0016666666666666668
60,88,108.5,126.8,90.0,0.0016666666666666668
60,89,106.7,126.8,90.0,0.0016666666666666668
60,90,107.0,126.8,90.0,0.0016666666666666668
60,91,106.1,126.8,90.0,0.0016666666666666668
60,92,106.4,126.8,90.0,0.0016666666666666668
60,93,74.72916869918748,126.8,58.66774850240561,0.00199406066327276
60,94,74.26040542391539,126.8,62.612892497346095,0.002113100255104908
60,97,114.8,139.1,90.0,0.0016666666666666668
60,98,83.5581254575403,126.8,50.20818050044273,0.0038393007653147234
60,99,83.02691762911675,126.8,54.54945736082455,0.002261892721081555
60,100,114.8,138.8,90.0,0.0016666666666666668
60,107,63.5,138.8,90.0,0.0016666666666666668
60,108,63.5,138.5,90.0,0.0016666666666666668
60,109,63.5,138.2,90.0,0.0016666666666666668
60,110,63.5,137.9,90.0,0.0016666666666666668
60,111,72.2,126.8,90.0,0.0016666666666666668
60,112,72.5,126.8,90.0,0.0016666666666666668
60,113,71.6,126.8,90.0,0.0016666666666666668
60,114,71.9,126.8,90.0,0.0016666666666666668
60,115,70.7,126.8,90.0,0.0016666666666666668
60,116,71.0,126.8,90.0,0.0016666666666666668
60,117,71.3,126.8,90.0,0.0016666666666666668
60,126,63.5,136.7,90.0,0.0016666666666666668
60,127,63.5,136.4,90.0,0.0016666666666666668
60,128,63.5,136.1,90.0,0.0016666666666666668
60,129,63.5,135.8,90.0,0.0016666666666666668
60,130,81.5,126.8,90.0,0.0016666666666666668
60,131,81.8,126.8,90.0,0.0016666666666666668
60,132,80.6,126.8,90.0,0.0016666666666666668
60,133,80.9,126.8,90.0,0.0016666666666666668
60,134,79.7,126.8,90.0,0.0016666666666666668
60,135,80.0,126.8,90.0,0.0016666666666666668
60,136,63.5,134.0,90.0,0.0016666666666666668
60,137,63.5,133.7,90.0,0.0016666666666666668
60,138,63.5,133.4,90.0,0.0016666666666666668
60,139,63.5,133.1,90.0,0.0016666666666666668
60,140,63.5,132.8,90.0,0.0016666666666666668
60,141,63.5,132.5,90.0,0.0016666666666666668
60,142,63.5,132.2,90.0,0.0016666666666666668
60,143,90.2,126.8,90.0,0.0016666666666666668
60,144,90.5,126.8,90.0,0.0016666666666666668
60,145,90.8,126.8,90.0,0.0016666666666666668
60,151,63.91742430504414,129.8,66.42182152179824,0.002916680714293742
60,152,64.06040542391537,129.5,62.61289249734602,0.002113100255104908
60,153,64.22916869918747,129.2,58.66774850240556,0.00199406066327276
60,154,64.42691762911673,128.9,54.549457360824604,0.002261892721081555
60,155,63.79787282179649,130.1,70.12312592992104,0.0033035804591888336
60,179,81.2,126.8,90.0,0.0016666666666666668
60,207,80.3,126.8,90.0,0.0016666666666666668
60,225,91.1,126.8,90.0,0.0016666666666666668
60,241,98.9,126.8,90.0,0.0016666666666666668
60,242,99.2,126.8,90.0,0.0016666666666666668
60,243,99.5,126.8,90.0,0.0016666666666666668
60,244,99.8,126.8,90.0,0.0016666666666666668
61,72,107.3,127.1,90.0,0.0016666666666666668
61,73,107.6,127.1,90.0,0.0016666666666666668
61,85,108.8,127.1,90.0,0.0016666666666666668
61,86,107.9,127.1,90.0,0.0016666666666666668
61,87,108.2,127.1,90.0,0.0016666666666666668
61,88,108.5,127.1,90.0,0.0016666666666666668
61,89,106.7,127.1,90.0,0.0016666666666666668
61,90,107.0,127.1,90.0,0.0016666666666666668
61,91,106.1,127.1,90.0,0.0016666666666666668
61,92,106.4,127.1,90.0,0.0016666666666666668
61,93,74.56040542391538,127.1,62.61289249734594,0.002113100255104908
61,94,74.11742430504415,127.1,66.42182152179822,0.002916680714293742
61,97,114.5,139.1,90.0,0.0016666666666666668
61,98,83.32691762911675,127.1,54.549457360824505,0.002261892721081555
61,99,82.82916869918748,127.1,58.66774850240575,0.00199406066327276
61,100,114.5,138.8,90.0,0.0016666666666666668
61,107,63.8,138.8,90.0,0.0016666666666666668
61,108,63.8,138.5,90.0,0.0016666666666666668
61,109,63.8,138.2,90.0,0.0016666666666666668
61,110,63.8,137.9,90.0,0.0016666666666666668
61,111,72.2,127.1,90.0,0.0016666666666666668
61,112,72.5,127.1,90.0,0.0016666666666666668
61,113,71.6,127.1,90.0,0.0016666666666666668
61,114,71.9,127.1,90.0,0.0016666666666666668
61,115,70.7,127.1,90.0,0.0016666666666666668
61,116,71.0,127.1,90.0,0.0016666666666666668
61,117,71.3,127.1,90.0,0.0016666666666666668
61,126,63.8,136.7,90.0,0.0016666666666666668
61,127,63.8,136.4,90.0,0.0016666666666666668
61,128,63.8,136.1,90.0,0.0016666666666666668
61,129,63.8,135.8,90.0,0.0016666666666666668
61,130,81.5,127.1,90.0,0.0016666666666666668
61,131,81.8,127.1,90.0,0.0016666666666666668
61,132,80.6,127.1,90.0,0.0016666666666666668
61,133,80.9,127.1,90.0,0.0016666666666666668
61,134,79.7,127.1,90.0,0.0016666666666666668
61,135,80.0,127.1,90.0,0.0016666666666666668
61,136,63.8,134.0,90.0,0.0016666666666666668
61,137,63.8,133.7,90.0,0.0016666666666666668
61,138,63.8,133.4,90.0,0.0016666666666666668
61,139,63.8,133.1,90.0,0.0016666666666666668
61,140,63.8,132.8,90.0,0.0016666666666666668
61,141,63.8,132.5,90.0,0.0016666666666666668
61,142,63.8,132.2,90.0,0.0016666666666666668
61,143,90.2,127.1,90.0,0.0016666666666666668
61,144,90.5,127.1,90.0,0.0016666666666666668
61,145,90.8,127.1,90.0,0.0016666666666666668
61,151,64.36040542391537,129.8,62.61289249734631,0.002113100255104908
61,152,64.52916869918747,129.5,58.66774850240584,0.00199406066327276
61,153,64.72691762911674,129.2,54.549457360824505,0.002261892721081555
61,154,64.95812545754028,128.9,50.20818050044296,0.0038393007653147234
61,155,64.21742430504416,130.1,66.42182152179815,0.002916680714293742
61,179,81.2,127.1,90.0,0.0016666666666666668
61,207,80.3,127.1,90.0,0.0016666666666666668
61,225,91.1,127.1,90.0,0.0016666666666666668
61,241,98.9,127.1,90.0,0.0016666666666666668
61,242,99.2,127.1,90.0,0.0016666666666666668
61,243,99.5,127.1,90.0,0.0016666666666666668
61,244,99.8,127.1,90.0,0.0016666666666666668
62,93,74.0,142.1,90.0,0.0016666666666666668
62,94,73.7,142.1,90.0,0.0016666666666666668
62,97,83.41742430504416,142.1,66.42182152179815,0.002916680714293742
62,98,82.4,142.1,90.0,0.0016666666666666668
62,99,82.1,142.1,90.0,0.0016666666666666668
62,100,82.9978728217965,142.1,70.12312592992097,0.0033035804591888336
62,107,69.2021271782035,142.1,70.12312592992097,0.0033035804591888336
62,108,69.6,142.1,73.73979529168798,0.0018452401020419631
62,109,69.97749935930287,142.1,77.29096700560461,0.0017857062584988146
62,110,70.33558507170123,142.1,80.79310377865397,0.0018749929761864628
62,111,72.2,142.1,90.0,0.0016666666666666668
62,112,72.5,142.1,90.0,0.0016666666666666668
62,113,71.6,142.1,90.0,0.0016666666666666668
62,114,71.9,142.1,90.0,0.0016666666666666668
62,115,70.7,142.1,90.0,0.0016666666666666668
62,116,71.0,142.1,90.0,0.0016666666666666668
62,117,71.3,142.1,90.0,0.0016666666666666668
62,126,78.5,142.1,90.0,0.0016666666666666668
62,127,78.8,142.1,90.0,0.0016666666666666668
62,128,79.1,142.1,90.0,0.0016666666666666668
62,129,79.4,142.1,90.0,0.0016666666666666668
62,130,81.5,142.1,90.0,0.0016666666666666668
62,131,81.8,142.1,90.0,0.0016666666666666668
62,132,80.6,142.1,90.0,0.0016666666666666668
62,133,80.9,142.1,90.0,0.0016666666666666668
62,134,79.7,142.1,90.0,0.0016666666666666668
62,135,80.0,142.1,90.0,0.0016666666666666668
62,136,88.1,142.1,90.0,0.0016666666666666668
62,137,88.4,142.1,90.0,0.0016666666666666668
62,138,88.7,142.1,90.0,0.0016666666666666668
62,139,89.0,142.1,90.0,0.0016666666666666668
62,140,89.3,142.1,90.0,0.0016666666666666668
62,141,89.6,142.1,90.0,0.0016666666666666668
62,142,89.9,142.1,90.0,0.0016666666666666668
62,143,90.2,142.1,90.0,0.0016666666666666668
62,144,90.5,142.1,90.0,0.0016666666666666668
62,145,90.8,142.1,90.0,0.0016666666666666668
62,151,96.8,142.1,90.0,0.0016666666666666668
62,152,97.1,142.1,90.0,0.0016666666666666668
62,153,97.4,142.1,90.0,0.0016666666666666668
62,154,97.7,142.1,90.0,0.0016666666666666668
62,155,96.5,142.1,90.0,0.0016666666666666668
62,179,81.2,142.1,90.0,0.0016666666666666668
62,207,80.3,142.1,90.0,0.0016666666666666668
62,225,91.1,142.1,90.0,0.0016666666666666668
62,241,98.9,142.1,90.0,0.0016666666666666668
62,242,99.2,142.1,90.0,0.0016666666666666668
62,243,99.5,142.1,90.0,0.0016666666666666668
62,244,99.8,142.1,90.0,0.0016666666666666668
63,93,74.0,142.4,90.0,0.0016666666666666668
63,94,73.7,142.4,90.0,0.0016666666666666668
63,97,83.29787282179649,142.4,70.12312592992134,0.0033035804591888336
63,98,82.4,142.4,90.0,0.0016666666666666668
63,99,82.1,142.4,90.0,0.0016666666666666668
63,100,82.9,142.4,73.73979529168798,0.0018452401020419631
63,107,69.30028989515979,142.40099430936584,74.89433300893504,0.0017857062584988146
63,108,69.67749935930289,142.4,77.29096700560466,0.0017857062584988146
63,109,70.03558507170122,142.4,80.7931037786543,0.0018749929761864628
63,110,70.3749371855331,142.4,84.2608295227332,0.0018452401020419631
63,111,72.2,142.4,90.0,0.0016666666666666668
63,112,72.5,142.4,90.0,0.0016666666666666668
63,113,71.6,142.4,90.0,0.0016666666666666668
63,114,71.9,142.4,90.0,0.0016666666666666668
63,115,70.7,142.4,90.0,0.0016666666666666668
63,116,71.0,142.4,90.0,0.0016666666666666668
63,117,71.3,142.4,90.0,0.0016666666666666668
63,126,78.5,142.4,90.0,0.0016666666666666668
63,127,78.8,142.4,90.0,0.0016666666666666668
63,128,79.1,142.4,90.0,0.0016666666666666668
63,129,79.4,142.4,90.0,0.0016666666666666668
63,130,81.5,142.4,90.0,0.0016666666666666668
63,131,81.8,142.4,90.0,0.0016666666666666668
63,132,80.6,142.4,90.0,0.0016666666666666668
63,133,80.9,142.4,90.0,0.0016666666666666668
63,134,79.7,142.4,90.0,0.0016666666666666668
63,135,80.0,142.4,90.0,0.0016666666666666668
63,136,88.1,142.4,90.0,0.0016666666666666668
63,137,88.4,142.4,90.0,0.0016666666666666668
63,138,88.7,142.4,90.0,0.0016666666666666668
63,139,89.0,142.4,90.0,0.0016666666666666668
63,140,89.3,142.4,90.0,0.0016666666666666668
63,141,89.6,142.4,90.0,0.0016666666666666668
63,142,89.9,142.4,90.0,0.0016666666666666668
63,143,90.2,142.4,90.0,0.0016666666666666668
63,144,90.5,142.4,90.0,0.0016666666666666668
63,145,90.8,142.4,90.0,0.0016666666666666668
63,151,96.8,142.4,90.0,0.0016666666666666668
63,152,97.1,142.4,90.0,0.0016666666666666668
63,153,97.4,142.4,90.0,0.0016666666666666668
63,154,97.7,142.4,90.0,0.0016666666666666668
63,155,96.5,142.4,90.0,0.0016666666666666668
63,179,81.2,142.4,90.0,0.0016666666666666668
63,207,80.3,142.4,90.0,0.0016666666666666668
63,225,91.1,142.4,90.0,0.0016666666666666668
63,241,98.9,142.4,90.0,0.0016666666666666668
63,242,99.2,142.4,90.0,0.0016666666666666668
63,243,99.5,142.4,90.0,0.0016666666666666668
63,244,99.8,142.4,90.0,0.0016666666666666668
64,93,74.0,144.5,90.0,0.0016666666666666668
64,94,73.7,144.5,90.0,0.0016666666666666668
64,97,83.0,144.5040016012813,87.70755722404408,0.0018749929761864628
64,98,82.4,144.5,90.0,0.0016666666666666668
64,99,82.1,144.5,90.0,0.0016666666666666668
64,100,82.7,144.5,90.0,0.0016666666666666668
64,107,69.5,144.5040016012813,87.70755722404408,0.0018749929761864628
64,108,69.8,144.5,90.0,0.0016666666666666668
64,109,70.1,144.5,90.0,0.0016666666666666668
64,110,70.4,144.5,90.0,0.0016666666666666668
64,111,72.2,144.5,90.0,0.0016666666666666668
64,112,72.5,144.5,90.0,0.0016666666666666668
64,113,71.6,144.5,90.0,0.0016666666666666668
64,114,71.9,144.5,90.0,0.0016666666666666668
64,115,70.7,144.5,90.0,0.0016666666666666668
64,116,71.0,144.5,90.0,0.0016666666666666668
64,117,71.3,144.5,90.0,0.0016666666666666668
64,126,78.5,144.5,90.0,0.0016666666666666668
64,127,78.8,144.5,90.0,0.0016666666666666668
64,128,79.1,144.5,90.0,0.0016666666666666668
64,129,79.4,144.5,90.0,0.0016666666666666668
64,130,81.5,144.5,90.0,0.0016666666666666668
64,131,81.8,144.5,90.0,0.0016666666666666668
64,132,80.6,144.5,90.0,0.0016666666666666668
64,133,80.9,144.5,90.0,0.0016666666666666668
64,134,79.7,144.5,90.0,0.0016666666666666668
64,135,80.0,144.5,90.0,0.0016666666666666668
64,179,81.2,144.5,90.0,0.0016666666666666668
64,207,80.3,144.5,90.0,0.0016666666666666668
65,93,74.0,144.8,90.0,0.0016666666666666668
65,94,73.7,144.8,90.0,0.0016666666666666668
65,97,83.0,144.82506281446692,84.2608295227332,0.0018452401020419631
65,98,82.4,144.8,90.0,0.0016666666666666668
65,99,82.1,144.8,90.0,0.0016666666666666668
65,100,82.7,144.8040016012813,87.70755722404408,0.0018749929761864628
65,107,69.5,144.82506281446692,84.2608295227332,0.0018452401020419631
65,108,69.8,144.8040016012813,87.70755722404408,0.0018749929761864628
65,109,70.1,144.8,90.0,0.0016666666666666668
65,110,70.4,144.8,90.0,0.0016666666666666668
65,111,72.2,144.8,90.0,0.0016666666666666668
65,112,72.5,144.8,90.0,0.0016666666666666668
65,113,71.6,144.8,90.0,0.0016666666666666668
65,114,71.9,144.8,90.0,0.0016666666666666668
65,115,70.7,144.8,90.0,0.0016666666666666668
65,116,71.0,144.8,90.0,0.0016666666666666668
65,117,71.3,144.8,90.0,0.0016666666666666668
65,126,78.5,144.8,90.0,0.0016666666666666668
65,127,78.8,144.8,90.0,0.0016666666666666668
65,128,79.1,144.8,90.0,0.0016666666666666668
65,129,79.4,144.8,90.0,0.0016666666666666668
65,130,81.5,144.8,90.0,0.0016666666666666668
65,131,81.8,144.8,90.0,0.0016666666666666668
65,132,80.6,144.8,90.0,0.0016666666666666668
65,133,80.9,144.8,90.0,0.0016666666666666668
65,134,79.7,144.8,90.0,0.0016666666666666668
65,135,80.0,144.8,90.0,0.0016666666666666668
65,179,81.2,144.8,90.0,0.0016666666666666668
65,207,80.3,144.8,90.0,0.0016666666666666668
66,95,56.0,144.82506281446692,84.2608295227332,0.0018452401020419631
66,96,55.7,144.8040016012813,87.70755722404408,0.0018749929761864628
66,118,50.99135623113367,144.9027928625055,75.56982263224936,0.0019047739455851117
66,119,51.39826506325889,144.83634055701793,73.78753597902481,0.0018452401020419631
66,120,51.803521599375934,144.80386186759333,72.42223256675352,0.002232139846937056
66,121,52.2,144.8,73.73979529168831,0.0018452401020419631
66,122,53.0,144.8,90.0,0.0016666666666666668
66,123,53.3,144.8,90.0,0.0016666666666666668
66,124,53.6,144.8,90.0,0.0016666666666666668
66,125,52.7,144.8,90.0,0.0016666666666666668
66,210,53.9,144.8,90.0,0.0016666666666666668
66,222,54.2,144.8,90.0,0.0016666666666666668
66,223,54.5,144.8,90.0,0.0016666666666666668
66,224,54.8,144.8,90.0,0.0016666666666666668
67,74,62.56040542391538,97.7,62.61289249734613,0.002113100255104908
67,75,95.3,17.3,90.0,0.0016666666666666668
67,76,95.3,5.0,90.0,0.0016666666666666668
67,78,95.3,49.4,90.0,0.0016666666666666668
67,79,95.3,48.5,90.0,0.0016666666666666668
67,80,95.3,48.2,90.0,0.0016666666666666668
67,81,95.3,51.2,90.0,0.0016666666666666668
67,82,95.3,50.9,90.0,0.0016666666666666668
67,83,95.3,50.6,90.0,0.0016666666666666668
67,84,95.3,50.3,90.0,0.0016666666666666668
67,89,95.3,55.1,90.0,0.0016666666666666668
67,90,95.3,54.8,90.0,0.0016666666666666668
67,91,95.3,55.7,90.0,0.0016666666666666668
67,92,95.3,55.4,90.0,0.0016666666666666668
67,95,62.0,123.8,90.0,0.0016666666666666668
67,96,62.0,123.5,90.0,0.0016666666666666668
67,105,95.3,45.8,90.0,0.0016666666666666668
67,106,95.3,45.5,90.0,0.0016666666666666668
67,107,62.0,138.8,90.0,0.0016666666666666668
67,108,62.0,138.5,90.0,0.0016666666666666668
67,109,62.0,138.2,90.0,0.0016666666666666668
67,110,62.0,137.9,90.0,0.0016666666666666668
67,113,71.6,95.0,90.0,0.0016666666666666668
67,114,71.9,95.0,90.0,0.0016666666666666668
67,115,70.7,95.0,90.0,0.0016666666666666668
67,116,71.0,95.0,90.0,0.0016666666666666668
67,117,71.3,95.0,90.0,0.0016666666666666668
67,126,62.0,136.7,90.0,0.0016666666666666668
67,127,62.0,136.4,90.0,0.0016666666666666668
67,128,62.0,136.1,90.0,0.0016666666666666668
67,129,62.0,135.8,90.0,0.0016666666666666668
67,132,81.43796997819122,95.0,56.346691963468395,0.0021428531292494077
67,133,81.95411668672907,95.0,52.10863578007801,0.002202386972792556
67,134,79.7,95.0,90.0,0.0016666666666666668
67,135,80.0,95.0,90.0,0.0016666666666666668
67,136,62.0,134.0,90.0,0.0016666666666666668
67,137,62.0,133.7,90.0,0.0016666666666666668
67,138,62.0,133.4,90.0,0.0016666666666666668
67,139,62.0,133.1,90.0,0.0016666666666666668
67,140,62.0,132.8,90.0,0.0016666666666666668
67,141,62.0,132.5,90.0,0.0016666666666666668
67,142,62.0,132.2,90.0,0.0016666666666666668
67,143,90.2,95.0,90.0,0.0016666666666666668
67,144,90.5,94.99599839871871,87.70755722404408,0.0018749929761864628
67,145,90.8,94.9749371855331,84.2608295227332,0.0018452401020419631
67,146,62.0,111.2,90.0,0.0016666666666666668
67,151,62.0,129.8,90.0,0.0016666666666666668
67,152,62.0,129.5,90.0,0.0016666666666666668
67,153,62.0,129.2,90.0,0.0016666666666666668
67,154,62.0,128.9,90.0,0.0016666666666666668
67,155,62.0,130.1,90.0,0.0016666666666666668
67,180,62.0,101.3,90.0,0.0016666666666666668
67,181,62.0,101.6,90.0,0.0016666666666666668
67,182,95.3,20.3,90.0,0.0016666666666666668
67,183,95.3,20.6,90.0,0.0016666666666666668
67,184,95.3,20.9,90.0,0.0016666666666666668
67,185,95.3,22.4,90.0,0.0016666666666666668
67,186,95.3,22.7,90.0,0.0016666666666666668
67,187,95.3,21.2,90.0,0.0016666666666666668
67,188,95.3,21.5,90.0,0.0016666666666666668
67,189,95.3,21.8,90.0,0.0016666666666666668
67,190,62.0,104.0,90.0,0.0016666666666666668
67,191,95.3,8.0,90.0,0.0016666666666666668
67,192,95.3,24.5,90.0,0.0016666666666666668
67,193,95.3,24.8,90.0,0.0016666666666666668
67,194,95.3,25.4,90.0,0.0016666666666666668
67,195,95.3,25.7,90.0,0.0016666666666666668
67,196,95.3,26.0,90.0,0.0016666666666666668
67,197,95.3,25.1,90.0,0.0016666666666666668
67,198,95.3,27.8,90.0,0.0016666666666666668
67,206,95.3,45.2,90.0,0.0016666666666666668
67,207,80.3,95.0,90.0,0.0016666666666666668
67,225,91.1,94.93558507170123,80.79310377865414,0.0018749929761864628
67,241,95.3,59.49999999999999,73.73979529168815,0.0018452401020419631
67,242,95.3,58.52250064069712,77.29096700560463,0.0017857062584988146
67,243,95.3,58.164414928298775,80.79310377865414,0.0018749929761864628
67,244,95.3,57.8250628144669,84.26082952273322,0.0018452401020419631
67,246,95.3,50.0,90.0,0.0016666666666666668
67,247,95.3,49.7,90.0,0.0016666666666666668
67,249,95.3,22.1,90.0,0.0016666666666666668
67,251,95.3,17.6,90.0,0.0016666666666666668
67,252,95.3,17.9,90.0,0.0016666666666666668
67,253,95.3,18.2,90.0,0.0016666666666666668
67,254,95.3,18.5,90.0,0.0016666666666666668
68,74,61.4,97.7,90.0,0.0016666666666666668
68,75,76.7,17.3,90.0,0.0016666666666666668
68,78,76.7,49.4,90.0,0.0016666666666666668
68,79,76.7,48.5,90.0,0.0016666666666666668
68,80,76.7,48.2,90.0,0.0016666666666666668
68,81,76.7,51.2,90.0,0.0016666666666666668
68,82,76.7,50.9,90.0,0.0016666666666666668
68,83,76.7,50.6,90.0,0.0016666666666666668
68,84,76.7,50.3,90.0,0.0016666666666666668
68,89,76.7,55.1,90.0,0.0016666666666666668
68,91,76.7,55.7,90.0,0.0016666666666666668
68,92,76.7,55.4,90.0,0.0016666666666666668
68,95,61.4,123.8,90.0,0.0016666666666666668
68,96,61.4,123.5,90.0,0.0016666666666666668
68,105,76.7,45.8,90.0,0.0016666666666666668
68,106,76.7,45.5,90.0,0.0016666666666666668
68,107,61.4,138.8,90.0,0.0016666666666666668
68,108,61.4,138.5,90.0,0.0016666666666666668
68,109,61.4,138.2,90.0,0.0016666666666666668
68,110,61.4,137.9,90.0,0.0016666666666666668
68,113,71.6,90.5,90.0,0.0016666666666666668
68,114,71.9,90.49599839871871,87.70755722404408,0.0018749929761864628
68,115,70.7,90.5,90.0,0.0016666666666666668
68,116,71.0,90.5,90.0,0.0016666666666666668
68,117,71.3,90.5,90.0,0.0016666666666666668
68,126,61.4,136.7,90.0,0.0016666666666666668
68,127,61.4,136.4,90.0,0.0016666666666666668
68,128,61.4,136.1,90.0,0.0016666666666666668
68,129,61.4,135.8,90.0,0.0016666666666666668
68,134,76.7,65.71742430504416,66.42182152179815,0.002916680714293742
68,135,76.7,65.2978728217965,70.12312592992113,0.0033035804591888336
68,136,61.4,134.0,90.0,0.0016666666666666668
68,137,61.4,133.7,90.0,0.0016666666666666668
68,138,61.4,133.4,90.0,0.0016666666666666668
68,139,61.4,133.1,90.0,0.0016666666666666668
68,140,61.4,132.8,90.0,0.0016666666666666668
68,141,61.4,132.5,90.0,0.0016666666666666668
68,142,61.4,132.2,90.0,0.0016666666666666668
68,143,76.7,64.4,90.0,0.0016666666666666668
68,144,76.7,64.1,90.0,0.0016666666666666668
68,145,76.7,63.8,90.0,0.0016666666666666668
68,146,61.4,111.2,90.0,0.0016666666666666668
68,151,61.4,129.8,90.0,0.0016666666666666668
68,152,61.4,129.5,90.0,0.0016666666666666668
68,153,61.4,129.2,90.0,0.0016666666666666668
68,154,61.4,128.9,90.0,0.0016666666666666668
68,155,61.4,130.1,90.0,0.0016666666666666668
68,167,76.7,12.2,90.0,0.0016666666666666668
68,168,76.7,12.5,90.0,0.0016666666666666668
68,169,76.7,12.8,90.0,0.0016666666666666668
68,170,76.7,13.1,90.0,0.0016666666666666668
68,171,76.7,13.4,90.0,0.0016666666666666668
68,172,76.7,13.7,90.0,0.0016666666666666668
68,173,76.7,14.0,90.0,0.0016666666666666668
68,174,76.7,14.3,90.0,0.0016666666666666668
68,175,76.7,14.6,90.0,0.0016666666666666668
68,176,76.7,14.9,90.0,0.0016666666666666668
68,177,76.7,15.2,90.0,0.0016666666666666668
68,180,61.4,101.3,90.0,0.0016666666666666668
68,181,61.4,101.6,90.0,0.0016666666666666668
68,183,76.7,20.6,90.0,0.0016666666666666668
68,184,76.7,20.9,90.0,0.0016666666666666668
68,185,76.7,22.4,90.0,0.0016666666666666668
68,186,76.7,22.7,90.0,0.0016666666666666668
68,187,76.7,21.2,90.0,0.0016666666666666668
68,188,76.7,21.5,90.0,0.0016666666666666668
68,189,76.7,21.8,90.0,0.0016666666666666668
68,190,61.4,104.0,90.0,0.0016666666666666668
68,194,76.7,25.4,90.0,0.0016666666666666668
68,195,76.7,25.7,90.0,0.0016666666666666668
68,196,76.7,26.0,90.0,0.0016666666666666668
68,197,76.7,25.1,90.0,0.0016666666666666668
68,199,62.129168699187474,92.9,58.66774850240584,0.00199406066327276
68,200,61.96040542391538,93.2,62.61289249734613,0.002113100255104908
68,201,76.7,10.1,90.0,0.0016666666666666668
68,202,76.7,9.5,90.0,0.0016666666666666668
68,203,76.7,8.6,90.0,0.0016666666666666668
68,204,76.7,8.9,90.0,0.0016666666666666668
68,205,76.7,9.2,90.0,0.0016666666666666668
68,206,76.7,45.2,90.0,0.0016666666666666668
68,207,76.7,64.9,73.73979529168798,0.0018452401020419631
68,241,76.7,59.3,90.0,0.0016666666666666668
68,242,76.7,58.4,90.0,0.0016666666666666668
68,243,76.7,58.1,90.0,0.0016666666666666668
68,244,76.7,57.8,90.0,0.0016666666666666668
68,246,76.7,50.0,90.0,0.0016666666666666668
68,247,76.7,49.7,90.0,0.0016666666666666668
68,249,76.7,22.1,90.0,0.0016666666666666668
68,250,76.7,9.8,90.0,0.0016666666666666668
68,251,76.7,17.6,90.0,0.0016666666666666668
68,252,76.7,17.9,90.0,0.0016666666666666668
68,253,76.7,18.2,90.0,0.0016666666666666668
68,254,76.7,18.5,90.0,0.0016666666666666668
69,74,61.7,97.7,90.0,0.0016666666666666668
69,75,77.0,17.3,90.0,0.0016666666666666668
69,78,77.0,49.4,90.0,0.0016666666666666668
69,79,77.0,48.5,90.0,0.0016666666666666668
69,80,77.0,48.2,90.0,0.0016666666666666668
69,81,77.0,51.2,90.0,0.0016666666666666668
69,82,77.0,50.9,90.0,0.0016666666666666668
69,83,77.0,50.6,90.0,0.0016666666666666668
69,84,77.0,50.3,90.0,0.0016666666666666668
69,89,77.0,55.1,90.0,0.0016666666666666668
69,91,77.0,55.7,90.0,0.0016666666666666668
69,92,77.0,55.4,90.0,0.0016666666666666668
69,95,61.7,123.8,90.0,0.0016666666666666668
69,96,61.7,123.5,90.0,0.0016666666666666668
69,105,77.0,45.8,90.0,0.0016666666666666668
69,106,77.0,45.5,90.0,0.0016666666666666668
69,107,61.7,138.8,90.0,0.0016666666666666668
69,108,61.7,138.5,90.0,0.0016666666666666668
69,109,61.7,138.2,90.0,0.0016666666666666668
69,110,61.7,137.9,90.0,0.0016666666666666668
69,113,71.6,90.8,90.0,0.0016666666666666668
69,114,71.9,90.8,90.0,0.0016666666666666668
69,115,70.7,90.8,90.0,0.0016666666666666668
69,116,71.0,90.8,90.0,0.0016666666666666668
69,117,71.3,90.8,90.0,0.0016666666666666668
69,126,61.7,136.7,90.0,0.0016666666666666668
69,127,61.7,136.4,90.0,0.0016666666666666668
69,128,61.7,136.1,90.0,0.0016666666666666668
69,129,61.7,135.8,90.0,0.0016666666666666668
69,134,77.0,65.86040542391537,62.61289249734616,0.002113100255104908
69,135,77.0,65.41742430504416,66.42182152179815,0.002916680714293742
69,136,61.7,134.0,90.0,0.0016666666666666668
69,137,61.7,133.7,90.0,0.0016666666666666668
69,138,61.7,133.4,90.0,0.0016666666666666668
69,139,61.7,133.1,90.0,0.0016666666666666668
69,140,61.7,132.8,90.0,0.0016666666666666668
69,141,61.7,132.5,90.0,0.0016666666666666668
69,142,61.7,132.2,90.0,0.0016666666666666668
69,143,77.0,64.4,90.0,0.0016666666666666668
69,144,77.0,64.1,90.0,0.0016666666666666668
69,145,77.0,63.8,90.0,0.0016666666666666668
69,146,61.7,111.2,90.0,0.0016666666666666668
69,151,61.7,129.8,90.0,0.0016666666666666668
69,152,61.7,129.5,90.0,0.0016666666666666668
69,153,61.7,129.2,90.0,0.0016666666666666668
69,154,61.7,128.9,90.0,0.0016666666666666668
69,155,61.7,130.1,90.0,0.0016666666666666668
69,167,77.0,12.2,90.0,0.0016666666666666668
69,168,77.0,12.5,90.0,0.0016666666666666668
69,169,77.0,12.8,90.0,0.0016666666666666668
69,170,77.0,13.1,90.0,0.0016666666666666668
69,171,77.0,13.4,90.0,0.0016666666666666668
69,172,77.0,13.7,90.0,0.0016666666666666668
69,173,77.0,14.0,90.0,0.0016666666666666668
69,174,77.0,14.3,90.0,0.0016666666666666668
69,175,77.0,14.6,90.0,0.0016666666666666668
69,176,77.0,14.9,90.0,0.0016666666666666668
69,177,77.0,15.2,90.0,0.0016666666666666668
69,180,61.7,101.3,90.0,0.0016666666666666668
69,181,61.7,101.6,90.0,0.0016666666666666668
69,183,77.0,20.6,90.0,0.0016666666666666668
69,184,77.0,20.9,90.0,0.0016666666666666668
69,185,77.0,22.4,90.0,0.0016666666666666668
69,186,77.0,22.7,90.0,0.0016666666666666668
69,187,77.0,21.2,90.0,0.0016666666666666668
69,188,77.0,21.5,90.0,0.0016666666666666668
69,189,77.0,21.8,90.0,0.0016666666666666668
69,190,61.7,104.0,90.0,0.0016666666666666668
69,194,77.0,25.4,90.0,0.0016666666666666668
69,195,77.0,25.7,90.0,0.0016666666666666668
69,196,77.0,26.0,90.0,0.0016666666666666668
69,197,77.0,25.1,90.0,0.0016666666666666668
69,199,62.62691762911673,92.9,54.54945736082474,0.002261892721081555
69,200,62.42916869918747,93.2,58.66774850240584,0.00199406066327276
69,201,77.0,10.1,90.0,0.0016666666666666668
69,202,77.0,9.5,90.0,0.0016666666666666668
69,203,77.0,8.6,90.0,0.0016666666666666668
69,204,77.0,8.9,90.0,0.0016666666666666668
69,205,77.0,9.2,90.0,0.0016666666666666668
69,206,77.0,45.2,90.0,0.0016666666666666668
69,207,77.0,64.9978728217965,70.12312592992113,0.0033035804591888336
69,241,77.0,59.3,90.0,0.0016666666666666668
69,242,77.0,58.4,90.0,0.0016666666666666668
69,243,77.0,58.1,90.0,0.0016666666666666668
69,244,77.0,57.8,90.0,0.0016666666666666668
69,246,77.0,50.0,90.0,0.0016666666666666668
69,247,77.0,49.7,90.0,0.0016666666666666668
69,249,77.0,22.1,90.0,0.0016666666666666668
69,250,77.0,9.8,90.0,0.0016666666666666668
69,251,77.0,17.6,90.0,0.0016666666666666668
69,252,77.0,17.9,90.0,0.0016666666666666668
69,253,77.0,18.2,90.0,0.0016666666666666668
69,254,77.0,18.5,90.0,0.0016666666666666668
70,74,59.6418745424597,97.7,50.20818050044273,0.0038393007653147234
70,95,60.8,123.80400160128127,87.7075572240441,0.0018749929761864628
70,96,60.8,123.5,90.0,0.0016666666666666668
70,107,60.8,138.8,90.0,0.0016666666666666668
70,108,60.8,138.5,90.0,0.0016666666666666668
70,109,60.8,138.2,90.0,0.0016666666666666668
70,110,60.8,137.9,90.0,0.0016666666666666668
70,122,53.0,95.9,90.0,0.0016666666666666668
70,123,53.3,95.9,90.0,0.0016666666666666668
70,124,53.6,95.9,90.0,0.0016666666666666668
70,126,60.8,136.7,90.0,0.0016666666666666668
70,127,60.8,136.4,90.0,0.0016666666666666668
70,128,60.8,136.1,90.0,0.0016666666666666668
70,129,60.8,135.8,90.0,0.0016666666666666668
70,136,60.8,134.0,90.0,0.0016666666666666668
70,137,60.8,133.7,90.0,0.0016666666666666668
70,138,60.8,133.4,90.0,0.0016666666666666668
70,139,60.8,133.1,90.0,0.0016666666666666668
70,140,60.8,132.8,90.0,0.0016666666666666668
70,141,60.8,132.5,90.0,0.0016666666666666668
70,142,60.8,132.2,90.0,0.0016666666666666668
70,146,60.8,111.2,90.0,0.0016666666666666668
70,147,34.7,95.9,90.0,0.0016666666666666668
70,150,34.4,95.9,90.0,0.0016666666666666668
70,151,60.8,129.8,90.0,0.0016666666666666668
70,152,60.8,129.5,90.0,0.0016666666666666668
70,153,60.8,129.2,90.0,0.0016666666666666668
70,154,60.8,128.9,90.0,0.0016666666666666668
70,155,60.8,130.1,90.0,0.0016666666666666668
70,156,43.7,95.9,90.0,0.0016666666666666668
70,157,44.0,95.9,90.0,0.0016666666666666668
70,158,42.8,95.9,90.0,0.0016666666666666668
70,159,43.1,95.9,90.0,0.0016666666666666668
70,160,13.399999999999999,95.9,90.0,0.0016666666666666668
70,161,13.700000000000003,95.9,90.0,0.0016666666666666668
70,162,16.4,95.9,90.0,0.0016666666666666668
70,163,16.700000000000003,95.9,90.0,0.0016666666666666668
70,165,9.5,95.9,90.0,0.0016666666666666668
70,166,9.799999999999997,95.9,90.0,0.0016666666666666668
70,180,60.8,101.3,90.0,0.0016666666666666668
70,181,60.8,101.6,90.0,0.0016666666666666668
70,190,60.8,104.0,90.0,0.0016666666666666668
70,199,46.21742430504416,95.9,66.42182152179815,0.002916680714293742
70,200,46.66040542391538,95.9,62.61289249734613,0.002113100255104908
70,210,53.9,95.9,90.0,0.0016666666666666668
70,211,44.3,95.9,90.0,0.0016666666666666668
70,212,44.6,95.9,90.0,0.0016666666666666668
70,213,44.9,95.9,90.0,0.0016666666666666668
70,214,45.2,95.9,90.0,0.0016666666666666668
70,215,45.5,95.9,90.0,0.0016666666666666668
70,216,17.0,95.9,90.0,0.0016666666666666668
70,217,17.299999999999997,95.9,90.0,0.0016666666666666668
70,218,17.6,95.9,90.0,0.0016666666666666668
70,219,17.9,95.9,90.0,0.0016666666666666668
70,222,54.2,95.9,90.0,0.0016666666666666668
70,223,54.5,95.9,90.0,0.0016666666666666668
70,224,54.8,95.9,90.0,0.0016666666666666668
70,226,24.8,95.9,90.0,0.0016666666666666668
70,227,25.1,95.9,90.0,0.0016666666666666668
70,228,25.4,95.9,90.0,0.0016666666666666668
70,232,16.1,95.9,90.0,0.0016666666666666668
70,233,7.1,95.7,73.73979529168803,0.0018452401020419631
70,234,7.4,95.77749935930288,77.29096700560456,0.0017857062584988146
70,235,7.7,95.83558507170123,80.7931037786541,0.0018749929761864628
70,236,8.0,95.8749371855331,84.2608295227332,0.0018452401020419631
70,237,8.3,95.89599839871872,87.70755722404412,0.0018749929761864628
70,238,8.600000000000001,95.9,90.0,0.0016666666666666668
70,239,8.899999999999999,95.9,90.0,0.0016666666666666668
70,240,9.200000000000003,95.9,90.0,0.0016666666666666668
70,245,34.1,95.9,90.0,0.0016666666666666668
70,248,43.4,95.9,90.0,0.0016666666666666668
70,255,24.5,95.9,90.0,0.0016666666666666668
71,74,61.1,97.7,90.0,0.0016666666666666668
71,81,38.6,51.2,90.0,0.0016666666666666668
71,82,38.6,50.9,90.0,0.0016666666666666668
71,83,38.6,50.6,90.0,0.0016666666666666668
71,84,38.6,50.3,90.0,0.0016666666666666668
71,91,38.6,55.7,90.0,0.0016666666666666668
71,92,38.6,55.4,90.0,0.0016666666666666668
71,95,61.1,123.8,90.0,0.0016666666666666668
71,96,61.1,123.5,90.0,0.0016666666666666668
71,105,38.6,45.8,90.0,0.0016666666666666668
71,107,61.1,138.8,90.0,0.0016666666666666668
71,108,61.1,138.5,90.0,0.0016666666666666668
71,109,61.1,138.2,90.0,0.0016666666666666668
71,110,61.1,137.9,90.0,0.0016666666666666668
71,115,39.329168699187484,69.2,58.66774850240561,0.00199406066327276
71,116,39.160405423915385,68.9,62.61289249734594,0.002113100255104908
71,117,38.800000000000004,68.0,73.73979529168798,0.0018452401020419631
71,122,47.3378606821006,71.6,82.94460600605133,0.0018749929761864628
71,123,47.68427625390556,71.6,79.46542194837295,0.0019047739455851117
71,124,48.04965431277415,71.6,75.94643605250467,0.0019047739455851117
71,126,61.1,136.7,90.0,0.0016666666666666668
71,127,61.1,136.4,90.0,0.0016666666666666668
71,128,61.1,136.1,90.0,0.0016666666666666668
71,129,61.1,135.8,90.0,0.0016666666666666668
71,134,38.6,65.3,90.0,0.0016666666666666668
71,136,61.1,134.0,90.0,0.0016666666666666668
71,137,61.1,133.7,90.0,0.0016666666666666668
71,138,61.1,133.4,90.0,0.0016666666666666668
71,139,61.1,133.1,90.0,0.0016666666666666668
71,140,61.1,132.8,90.0,0.0016666666666666668
71,141,61.1,132.5,90.0,0.0016666666666666668
71,142,61.1,132.2,90.0,0.0016666666666666668
71,146,61.1,111.2,90.0,0.0016666666666666668
71,147,47.0,71.6,90.0,0.0016666666666666668
71,151,61.1,129.8,90.0,0.0016666666666666668
71,152,61.1,129.5,90.0,0.0016666666666666668
71,153,61.1,129.2,90.0,0.0016666666666666668
71,154,61.1,128.9,90.0,0.0016666666666666668
71,155,61.1,130.1,90.0,0.0016666666666666668
71,156,56.0,71.6,90.0,0.0016666666666666668
71,157,56.3,71.60400160128127,87.70755722404418,0.0018749929761864628
71,177,38.6,15.200000000000003,90.0,0.0016666666666666668
71,180,61.1,101.3,90.0,0.0016666666666666668
71,181,61.1,101.6,90.0,0.0016666666666666668
71,185,38.6,22.4,90.0,0.0016666666666666668
71,186,38.6,22.700000000000003,90.0,0.0016666666666666668
71,187,38.6,21.200000000000003,90.0,0.0016666666666666668
71,188,38.6,21.5,90.0,0.0016666666666666668
71,189,38.6,21.799999999999997,90.0,0.0016666666666666668
71,190,61.1,104.0,90.0,0.0016666666666666668
71,199,61.1,92.9,90.0,0.0016666666666666668
71,200,61.1,93.2,90.0,0.0016666666666666668
71,201,38.6,10.100000000000001,90.0,0.0016666666666666668
71,202,38.6,9.5,90.0,0.0016666666666666668
71,210,61.1,86.0,90.0,0.0016666666666666668
71,211,61.1,83.6,90.0,0.0016666666666666668
71,212,61.1,83.9,90.0,0.0016666666666666668
71,213,61.1,84.2,90.0,0.0016666666666666668
71,214,61.1,84.5,90.0,0.0016666666666666668
71,215,61.1,85.7,90.0,0.0016666666666666668
71,216,61.1,82.3749371855331,84.26082952273313,0.0018452401020419631
71,217,61.1,82.69599839871873,87.70755722404418,0.0018749929761864628
71,218,61.1,83.0,90.0,0.0016666666666666668
71,219,61.1,83.3,90.0,0.0016666666666666668
71,220,38.6,5.0,90.0,0.0016666666666666668
71,221,38.6,5.299999999999997,90.0,0.0016666666666666668
71,222,61.1,89.0,90.0,0.0016666666666666668
71,223,61.1,89.3,90.0,0.0016666666666666668
71,224,61.1,90.2,90.0,0.0016666666666666668
71,226,61.1,88.1,90.0,0.0016666666666666668
71,227,61.1,88.4,90.0,0.0016666666666666668
71,228,61.1,88.7,90.0,0.0016666666666666668
71,229,38.6,5.600000000000001,90.0,0.0016666666666666668
71,241,38.6,59.3,90.0,0.0016666666666666668
71,242,38.6,58.4,90.0,0.0016666666666666668
71,243,38.6,58.1,90.0,0.0016666666666666668
71,244,38.6,57.8,90.0,0.0016666666666666668
71,246,38.6,50.0,90.0,0.0016666666666666668
71,247,38.6,49.7,90.0,0.0016666666666666668
71,249,38.6,22.1,90.0,0.0016666666666666668
71,250,38.6,9.799999999999997,90.0,0.0016666666666666668
72,77,104.3,47.9,90.0,0.0016666666666666668
72,78,104.3,49.4,90.0,0.0016666666666666668
72,79,104.3,48.5,90.0,0.0016666666666666668
72,80,104.3,48.2,90.0,0.0016666666666666668
72,81,104.37639798957453,51.2,79.97121927215083,0.0019047739455851117
72,82,104.33267825829365,50.9,83.4458119818497,0.0017857062584988146
72,83,104.30733399733255,50.6,86.89632597603318,0.0018749929761864628
72,84,104.3,50.3,90.0,0.0016666666666666668
72,93,107.3,124.4,90.0,0.0016666666666666668
72,94,107.3,124.1,90.0,0.0016666666666666668
72,95,107.3,123.8,90.0,0.0016666666666666668
72,96,107.3,123.5,90.0,0.0016666666666666668
72,97,107.3,139.1,90.0,0.0016666666666666668
72,98,107.3,125.0,90.0,0.0016666666666666668
72,99,107.3,124.7,90.0,0.0016666666666666668
72,100,107.3,138.8,90.0,0.0016666666666666668
72,101,104.3,44.9,90.0,0.0016666666666666668
72,105,104.3,45.8,90.0,0.0016666666666666668
72,106,104.3,45.5,90.0,0.0016666666666666668
72,130,107.3,104.3,90.0,0.0016666666666666668
72,131,107.3,104.6,90.0,0.0016666666666666668
72,146,107.3,111.2,90.0,0.0016666666666666668
72,179,107.3,101.9,90.0,0.0016666666666666668
72,180,107.3,101.3,90.0,0.0016666666666666668
72,181,107.3,101.6,90.0,0.0016666666666666668
72,182,104.3,20.3,90.0,0.0016666666666666668
72,183,104.3,20.6,90.0,0.0016666666666666668
72,184,104.3,20.9,90.0,0.0016666666666666668
72,185,104.3,22.4,90.0,0.0016666666666666668
72,186,104.3,22.7,90.0,0.0016666666666666668
72,187,104.3,21.2,90.0,0.0016666666666666668
72,188,104.3,21.5,90.0,0.0016666666666666668
72,189,104.3,21.8,90.0,0.0016666666666666668
72,190,107.3,104.0,90.0,0.0016666666666666668
72,191,104.3,8.0,90.0,0.0016666666666666668
72,192,104.3,24.5,90.0,0.0016666666666666668
72,193,104.3,24.8,90.0,0.0016666666666666668
72,194,104.3,25.4,90.0,0.0016666666666666668
72,195,104.3,25.7,90.0,0.0016666666666666668
72,196,104.3,26.0,90.0,0.0016666666666666668
72,197,104.3,25.1,90.0,0.0016666666666666668
72,198,104.3,27.8,90.0,0.0016666666666666668
72,206,104.3,45.2,90.0,0.0016666666666666668
72,246,104.3,50.0,90.0,0.0016666666666666668
72,247,104.3,49.7,90.0,0.0016666666666666668
72,249,104.3,22.1,90.0,0.0016666666666666668
73,77,104.6,47.9,90.0,0.0016666666666666668
73,78,104.6,49.4,90.0,0.0016666666666666668
73,79,104.6,48.5,90.0,0.0016666666666666668
73,80,104.6,48.2,90.0,0.0016666666666666668
73,81,104.73898897054298,51.2,76.45889830914247,0.0017857062584988146
73,82,104.67639798957453,50.9,79.9712192721509,0.0019047739455851117
73,83,104.63267825829365,50.6,83.4458119818497,0.0017857062584988146
73,84,104.60733399733255,50.3,86.89632597603327,0.0018749929761864628
73,93,107.6,124.4,90.0,0.0016666666666666668
73,94,107.6,124.1,90.0,0.0016666666666666668
73,95,107.6,123.8,90.0,0.0016666666666666668
73,96,107.6,123.5,90.0,0.0016666666666666668
73,97,107.6,139.1,90.0,0.0016666666666666668
73,98,107.6,125.0,90.0,0.0016666666666666668
73,99,107.6,124.7,90.0,0.0016666666666666668
73,100,107.6,138.8,90.0,0.0016666666666666668
73,101,104.6,44.9,90.0,0.0016666666666666668
73,105,104.6,45.8,90.0,0.0016666666666666668
73,106,104.6,45.5,90.0,0.0016666666666666668
73,130,107.6,104.3,90.0,0.0016666666666666668
73,131,107.6,104.6,90.0,0.0016666666666666668
73,146,107.6,111.2,90.0,0.0016666666666666668
73,179,107.6,101.9,90.0,0.0016666666666666668
73,180,107.6,101.3,90.0,0.0016666666666666668
73,181,107.6,101.6,90.0,0.0016666666666666668
73,182,104.6,20.3,90.0,0.0016666666666666668
73,183,104.6,20.6,90.0,0.0016666666666666668
73,184,104.6,20.9,90.0,0.0016666666666666668
73,185,104.6,22.4,90.0,0.0016666666666666668
73,186,104.6,22.7,90.0,0.0016666666666666668
73,187,104.6,21.2,90.0,0.0016666666666666668
73,188,104.6,21.5,90.0,0.0016666666666666668
73,189,104.6,21.8,90.0,0.0016666666666666668
73,190,107.6,104.0,90.0,0.0016666666666666668
73,191,104.6,8.0,90.0,0.0016666666666666668
73,192,104.6,24.5,90.0,0.0016666666666666668
73,193,104.6,24.8,90.0,0.0016666666666666668
73,194,104.6,25.4,90.0,0.0016666666666666668
73,195,104.6,25.7,90.0,0.0016666666666666668
73,196,104.6,26.0,90.0,0.0016666666666666668
73,197,104.6,25.1,90.0,0.0016666666666666668
73,198,104.6,27.8,90.0,0.0016666666666666668
73,206,104.6,45.2,90.0,0.0016666666666666668
73,246,104.6,50.0,90.0,0.0016666666666666668
73,247,104.6,49.7,90.0,0.0016666666666666668
73,249,104.6,22.1,90.0,0.0016666666666666668
74,77,102.8,47.9,90.0,0.0016666666666666668
74,78,102.8,49.4,90.0,0.0016666666666666668
74,79,102.8,48.5,90.0,0.0016666666666666668
74,80,102.8,48.2,90.0,0.0016666666666666668
74,81,102.8,51.2,90.0,0.0016666666666666668
74,82,102.8,50.9,90.0,0.0016666666666666668
74,83,102.8,50.6,90.0,0.0016666666666666668
74,84,102.8,50.3,90.0,0.0016666666666666668
74,89,102.8,55.22250064069712,77.29096700560463,0.0017857062584988146
74,90,102.8,54.86441492829877,80.79310377865414,0.0018749929761864628
74,91,102.8,55.997872821796506,70.12312592992113,0.0033035804591888336
74,92,102.8,55.599999999999994,73.73979529168815,0.0018452401020419631
74,101,102.8,44.9,90.0,0.0016666666666666668
74,105,102.8,45.8,90.0,0.0016666666666666668
74,106,102.8,45.5,90.0,0.0016666666666666668
74,111,72.92916869918747,97.7,58.66774850240584,0.00199406066327276
74,112,73.42691762911673,97.7,54.54945736082474,0.002261892721081555
74,113,71.6,97.7,90.0,0.0016666666666666668
74,114,71.9,97.7,90.0,0.0016666666666666668
74,115,70.7,97.7,90.0,0.0016666666666666668
74,116,71.0,97.7,90.0,0.0016666666666666668
74,117,71.3,97.7,90.0,0.0016666666666666668
74,122,53.0,97.7,90.0,0.0016666666666666668
74,123,53.3,97.7,90.0,0.0016666666666666668
74,124,53.6,97.7,90.0,0.0016666666666666668
74,125,18.2,106.1,90.0,0.0016666666666666668
74,132,80.60050173249101,97.7,89.18830593080332,0.0017559533843543149
74,133,80.91377054816591,97.7,85.74668089063942,0.0018749929761864628
74,134,79.7,97.7,90.0,0.0016666666666666668
74,135,80.0,97.7,90.0,0.0016666666666666668
74,143,90.2,97.7,90.0,0.0016666666666666668
74,144,90.5,97.7,90.0,0.0016666666666666668
74,145,90.8,97.7,90.0,0.0016666666666666668
74,147,34.7,97.7,90.0,0.0016666666666666668
74,148,18.2,106.7,90.0,0.0016666666666666668
74,149,18.2,106.4,90.0,0.0016666666666666668
74,150,34.4,97.7,90.0,0.0016666666666666668
74,156,43.7,97.7,90.0,0.0016666666666666668
74,157,44.0,97.7,90.0,0.0016666666666666668
74,158,42.8,97.7,90.0,0.0016666666666666668
74,159,43.1,97.7,90.0,0.0016666666666666668
74,164,18.2,144.8,90.0,0.0016666666666666668
74,180,18.400000000000006,101.3,73.73979529168797,0.0018452401020419631
74,181,18.32250064069713,101.6,77.29096700560446,0.0017857062584988146
74,182,102.8,20.3,90.0,0.0016666666666666668
74,183,102.8,20.6,90.0,0.0016666666666666668
74,184,102.8,20.9,90.0,0.0016666666666666668
74,185,102.8,22.4,90.0,0.0016666666666666668
74,186,102.8,22.7,90.0,0.0016666666666666668
74,187,102.8,21.2,90.0,0.0016666666666666668
74,188,102.8,21.5,90.0,0.0016666666666666668
74,189,102.8,21.8,90.0,0.0016666666666666668
74,191,102.8,8.0,90.0,0.0016666666666666668
74,192,102.8,24.5,90.0,0.0016666666666666668
74,193,102.8,24.8,90.0,0.0016666666666666668
74,194,102.8,25.4,90.0,0.0016666666666666668
74,195,102.8,25.7,90.0,0.0016666666666666668
74,196,102.8,26.0,90.0,0.0016666666666666668
74,197,102.8,25.1,90.0,0.0016666666666666668
74,198,102.8,27.8,90.0,0.0016666666666666668
74,199,45.80400160128128,97.7,87.70755722404408,0.0018749929761864628
74,200,46.1250628144669,97.7,84.26082952273322,0.0018452401020419631
74,206,102.8,45.2,90.0,0.0016666666666666668
74,207,80.3,97.7,90.0,0.0016666666666666668
74,210,53.9,97.7,90.0,0.0016666666666666668
74,211,44.3,97.7,90.0,0.0016666666666666668
74,212,44.6,97.7,90.0,0.0016666666666666668
74,213,44.9,97.7,90.0,0.0016666666666666668
74,214,45.2,97.7,90.0,0.0016666666666666668
74,215,45.5,97.7,90.0,0.0016666666666666668
74,222,54.2,97.7,90.0,0.0016666666666666668
74,223,54.5,97.7,90.0,0.0016666666666666668
74,224,54.8,97.7,90.0,0.0016666666666666668
74,225,91.1,97.7,90.0,0.0016666666666666668
74,226,24.799999999999997,97.7,90.0,0.0016666666666666668
74,227,25.10000000000001,97.7,90.0,0.0016666666666666668
74,228,25.39999999999999,97.7,90.0,0.0016666666666666668
74,241,98.9,97.57749935930288,77.29096700560446,0.0017857062584988146
74,242,99.2,97.5,73.73979529168798,0.0018452401020419631
74,243,99.5,97.4021271782035,70.12312592992113,0.0033035804591888336
74,244,99.8,97.28257569495585,66.42182152179822,0.002916680714293742
74,245,34.1,97.7,90.0,0.0016666666666666668
74,246,102.8,50.0,90.0,0.0016666666666666668
74,247,102.8,49.7,90.0,0.0016666666666666668
74,248,43.4,97.7,90.0,0.0016666666666666668
74,249,102.8,22.1,90.0,0.0016666666666666668
74,255,24.5,97.7,90.0,0.0016666666666666668
75,77,96.2,17.3,90.0,0.0016666666666666668
75,90,77.6,17.3,90.0,0.0016666666666666668
75,101,96.5,17.29599839871872,87.70755722404408,0.0018749929761864628
75,111,95.6,17.3,90.0,0.0016666666666666668
75,112,95.9,17.3,90.0,0.0016666666666666668
75,132,85.4,17.3,90.0,0.0016666666666666668
75,133,85.7,17.3,90.0,0.0016666666666666668
75,145,68.6,17.3,90.0,0.0016666666666666668
75,156,56.0,17.3,90.0,0.0016666666666666668
75,157,56.3,17.3,90.0,0.0016666666666666668
75,177,51.826917629116735,15.2,54.549457360824626,0.002261892721081555
75,182,87.61742430504417,17.3,66.42182152179815,0.002916680714293742
75,183,69.7978728217965,17.3,70.12312592992117,0.0033035804591888336
75,184,69.4,17.3,73.73979529168801,0.0018452401020419631
75,191,101.3,8.0,90.0,0.0016666666666666668
75,192,86.9,17.3,90.0,0.0016666666666666668
75,193,86.6,17.3,90.0,0.0016666666666666668
75,194,57.5,17.3,90.0,0.0016666666666666668
75,195,57.2,17.3,90.0,0.0016666666666666668
75,196,56.9,17.3,90.0,0.0016666666666666668
75,197,68.9,17.3,90.0,0.0016666666666666668
75,198,86.3,17.3,90.0,0.0016666666666666668
75,199,84.8,17.3,90.0,0.0016666666666666668
75,200,85.1,17.3,90.0,0.0016666666666666668
75,201,50.9,10.1,90.0,0.0016666666666666668
75,202,50.9,9.5,90.0,0.0016666666666666668
75,203,50.9,8.6,90.0,0.0016666666666666668
75,204,50.9,8.9,90.0,0.0016666666666666668
75,205,50.9,9.2,90.0,0.0016666666666666668
75,206,56.6,17.3,90.0,0.0016666666666666668
75,210,68.3,17.3,90.0,0.0016666666666666668
75,211,66.8,17.3,90.0,0.0016666666666666668
75,212,67.1,17.3,90.0,0.0016666666666666668
75,213,67.4,17.3,90.0,0.0016666666666666668
75,214,67.7,17.3,90.0,0.0016666666666666668
75,215,68.0,17.3,90.0,0.0016666666666666668
75,216,65.6,17.3,90.0,0.0016666666666666668
75,217,65.9,17.3,90.0,0.0016666666666666668
75,218,66.2,17.3,90.0,0.0016666666666666668
75,219,66.5,17.3,90.0,0.0016666666666666668
75,220,50.9,5.0,90.0,0.0016666666666666668
75,221,50.9,5.3,90.0,0.0016666666666666668
75,222,75.8,17.3,90.0,0.0016666666666666668
75,223,76.1,17.3,90.0,0.0016666666666666668
75,224,76.4,17.3,90.0,0.0016666666666666668
75,225,77.3,17.3,90.0,0.0016666666666666668
75,226,74.9,17.3,90.0,0.0016666666666666668
75,227,75.2,17.3,90.0,0.0016666666666666668
75,228,75.5,17.3,90.0,0.0016666666666666668
75,229,50.9,5.6,90.0,0.0016666666666666668
75,250,50.9,9.8,90.0,0.0016666666666666668
76,77,96.2,4.995998398718719,87.70755722404408,0.0018749929761864628
76,101,96.5,4.974937185533101,84.26082952273322,0.0018452401020419631
76,111,95.6,5.0,90.0,0.0016666666666666668
76,112,95.9,5.0,90.0,0.0016666666666666668
76,132,85.4,5.0,90.0,0.0016666666666666668
76,133,85.7,5.0,90.0,0.0016666666666666668
76,167,92.0,5.0,90.0,0.0016666666666666668
76,168,92.3,5.0,90.0,0.0016666666666666668
76,169,92.6,5.0,90.0,0.0016666666666666668
76,170,92.9,5.0,90.0,0.0016666666666666668
76,171,93.2,5.0,90.0,0.0016666666666666668
76,172,93.5,5.0,90.0,0.0016666666666666668
76,173,93.8,5.0,90.0,0.0016666666666666668
76,174,94.1,5.0,90.0,0.0016666666666666668
76,175,94.4,5.0,90.0,0.0016666666666666668
76,176,94.7,5.0,90.0,0.0016666666666666668
76,177,95.0,5.0,90.0,0.0016666666666666668
76,182,87.2,5.0,90.0,0.0016666666666666668
76,191,87.91742430504416,5.0,66.42182152179815,0.002916680714293742
76,192,86.9,5.0,90.0,0.0016666666666666668
76,193,86.6,5.0,90.0,0.0016666666666666668
76,198,86.3,5.0,90.0,0.0016666666666666668
76,199,84.8,5.0,90.0,0.0016666666666666668
76,200,85.1,5.0,90.0,0.0016666666666666668
76,201,84.5,5.0,90.0,0.0016666666666666668
76,202,83.8749371855331,5.0,84.2608295227332,0.0018452401020419631
76,203,82.81355622425788,4.952655342616211,82.1951174544814,0.0018749929761864628
76,204,83.1798026230356,4.989736830714133,81.08320374700907,0.00199406066327276
76,205,83.53558507170122,5.0,80.79310377865409,0.0018749929761864628
76,250,84.19599839871873,5.0,87.70755722404412,0.0018749929761864628
77,85,117.8,111.5,90.0,0.0016666666666666668
77,86,117.8,104.83558507170123,80.79310377865414,0.0018749929761864628
77,87,117.8,105.17493718553311,84.26082952273323,0.0018452401020419631
77,88,117.8,105.49599839871871,87.70755722404408,0.0018749929761864628
77,93,117.8,124.4,90.0,0.0016666666666666668
77,94,117.8,124.1,90.0,0.0016666666666666668
77,95,117.8,123.8,90.0,0.0016666666666666668
77,96,117.8,123.5,90.0,0.0016666666666666668
77,97,117.8,139.1,90.0,0.0016666666666666668
77,98,117.8,125.0,90.0,0.0016666666666666668
77,99,117.8,124.7,90.0,0.0016666666666666668
77,100,117.8,138.8,90.0,0.0016666666666666668
77,105,97.12691762911675,45.8,54.549457360824576,0.002261892721081555
77,106,96.92916869918747,45.5,58.667748502405765,0.00199406066327276
77,130,117.8,104.1,73.73979529168814,0.0018452401020419631
77,131,117.8,104.47749935930287,77.29096700560461,0.0017857062584988146
77,146,117.8,111.2,90.0,0.0016666666666666668
77,179,113.3,47.9250628144669,84.26082952273322,0.0018452401020419631
77,180,112.7,47.9,90.0,0.0016666666666666668
77,181,113.0,47.90400160128128,87.70755722404408,0.0018749929761864628
77,182,96.2,20.3,90.0,0.0016666666666666668
77,183,96.2,20.6,90.0,0.0016666666666666668
77,184,96.2,20.9,90.0,0.0016666666666666668
77,185,96.2,22.4,90.0,0.0016666666666666668
77,186,96.2,22.7,90.0,0.0016666666666666668
77,187,96.2,21.2,90.0,0.0016666666666666668
77,188,96.2,21.5,90.0,0.0016666666666666668
77,189,96.2,21.8,90.0,0.0016666666666666668
77,190,117.8,103.7021271782035,70.12312592992113,0.0033035804591888336
77,191,96.2,8.0,90.0,0.0016666666666666668
77,192,96.2,24.5,90.0,0.0016666666666666668
77,193,96.2,24.8,90.0,0.0016666666666666668
77,194,96.2,25.4,90.0,0.0016666666666666668
77,195,96.2,25.7,90.0,0.0016666666666666668
77,196,96.2,26.0,90.0,0.0016666666666666668
77,197,96.2,25.1,90.0,0.0016666666666666668
77,198,96.2,27.8,90.0,0.0016666666666666668
77,206,96.76040542391539,45.2,62.61289249734602,0.002113100255104908
77,249,96.2,22.1,90.0,0.0016666666666666668
77,251,96.2,17.6,90.0,0.0016666666666666668
77,252,96.2,17.9,90.0,0.0016666666666666668
77,253,96.2,18.2,90.0,0.0016666666666666668
77,254,96.2,18.5,90.0,0.0016666666666666668
78,85,116.9,111.5,90.0,0.0016666666666666668
78,86,116.9,104.9,90.0,0.0016666666666666668
78,87,116.9,105.2,90.0,0.0016666666666666668
78,88,116.9,105.5,90.0,0.0016666666666666668
78,90,77.6,49.4,90.0,0.0016666666666666668
78,93,116.9,124.4,90.0,0.0016666666666666668
78,94,116.9,124.1,90.0,0.0016666666666666668
78,95,116.9,123.8,90.0,0.0016666666666666668
78,96,116.9,123.5,90.0,0.0016666666666666668
78,97,116.9,139.1,90.0,0.0016666666666666668
78,98,116.9,125.0,90.0,0.0016666666666666668
78,99,116.9,124.7,90.0,0.0016666666666666668
78,100,116.9,138.8,90.0,0.0016666666666666668
78,105,50.2,45.8,73.73979529168805,0.0018452401020419631
78,106,50.122500640697126,45.5,77.29096700560454,0.0017857062584988146
78,111,95.6,49.4,90.0,0.0016666666666666668
78,112,95.9,49.4,90.0,0.0016666666666666668
78,130,116.9,104.2749371855331,84.26082952273323,0.0018452401020419631
78,131,116.9,104.5959983987187,87.70755722404408,0.0018749929761864628
78,132,85.4,49.4,90.0,0.0016666666666666668
78,133,85.7,49.4,90.0,0.0016666666666666668
78,145,68.6,49.4,90.0,0.0016666666666666668
78,146,116.9,111.2,90.0,0.0016666666666666668
78,156,56.0,49.4,90.0,0.0016666666666666668
78,157,56.3,49.4,90.0,0.0016666666666666668
78,177,50.0,15.2,90.0,0.0016666666666666668
78,179,113.3,49.599999999999994,73.73979529168815,0.0018452401020419631
78,180,112.7,49.46441492829877,80.79310377865414,0.0018749929761864628
78,181,113.0,49.52250064069712,77.29096700560463,0.0017857062584988146
78,185,50.0,22.4,90.0,0.0016666666666666668
78,186,50.0,22.7,90.0,0.0016666666666666668
78,187,50.0,21.2,90.0,0.0016666666666666668
78,188,50.0,21.5,90.0,0.0016666666666666668
78,189,50.0,21.8,90.0,0.0016666666666666668
78,190,116.9,103.93558507170123,80.79310377865397,0.0018749929761864628
78,199,84.8,49.4,90.0,0.0016666666666666668
78,200,85.1,49.4,90.0,0.0016666666666666668
78,201,50.0,10.100000000000001,90.0,0.0016666666666666668
78,202,50.0,9.5,90.0,0.0016666666666666668
78,203,50.0,8.600000000000001,90.0,0.0016666666666666668
78,204,50.0,8.899999999999999,90.0,0.0016666666666666668
78,205,50.0,9.199999999999996,90.0,0.0016666666666666668
78,210,68.3,49.4,90.0,0.0016666666666666668
78,211,66.8,49.4,90.0,0.0016666666666666668
78,212,67.1,49.4,90.0,0.0016666666666666668
78,213,67.4,49.4,90.0,0.0016666666666666668
78,214,67.7,49.4,90.0,0.0016666666666666668
78,215,68.0,49.4,90.0,0.0016666666666666668
78,216,65.6,49.4,90.0,0.0016666666666666668
78,217,65.9,49.4,90.0,0.0016666666666666668
78,218,66.2,49.4,90.0,0.0016666666666666668
78,219,66.5,49.4,90.0,0.0016666666666666668
78,220,50.0,5.0,90.0,0.0016666666666666668
78,221,50.0,5.299999999999997,90.0,0.0016666666666666668
78,222,75.8,49.4,90.0,0.0016666666666666668
78,223,76.1,49.4,90.0,0.0016666666666666668
78,224,76.4,49.4,90.0,0.0016666666666666668
78,225,77.3,49.4,90.0,0.0016666666666666668
78,226,74.9,49.4,90.0,0.0016666666666666668
78,227,75.2,49.4,90.0,0.0016666666666666668
78,228,75.5,49.4,90.0,0.0016666666666666668
78,229,50.0,5.600000000000001,90.0,0.0016666666666666668
78,249,50.0,22.1,90.0,0.0016666666666666668
78,250,50.0,9.800000000000004,90.0,0.0016666666666666668
78,251,50.0,17.6,90.0,0.0016666666666666668
78,252,50.0,17.9,90.0,0.0016666666666666668
78,253,50.0,18.2,90.0,0.0016666666666666668
78,254,50.0,18.5,90.0,0.0016666666666666668
79,85,117.2,111.5,90.0,0.0016666666666666668
79,86,117.2,104.89599839871872,87.70755722404408,0.0018749929761864628
79,87,117.2,105.2,90.0,0.0016666666666666668
79,88,117.2,105.5,90.0,0.0016666666666666668
79,90,77.6,48.5,90.0,0.0016666666666666668
79,93,117.2,124.4,90.0,0.0016666666666666668
79,94,117.2,124.1,90.0,0.0016666666666666668
79,95,117.2,123.8,90.0,0.0016666666666666668
79,96,117.2,123.5,90.0,0.0016666666666666668
79,97,117.2,139.1,90.0,0.0016666666666666668
79,98,117.2,125.0,90.0,0.0016666666666666668
79,99,117.2,124.7,90.0,0.0016666666666666668
79,100,117.2,138.8,90.0,0.0016666666666666668
79,105,50.86040542391537,45.8,62.61289249734616,0.002113100255104908
79,106,50.71742430504416,45.5,66.42182152179815,0.002916680714293742
79,111,95.6,48.5,90.0,0.0016666666666666668
79,112,95.9,48.5,90.0,0.0016666666666666668
79,130,117.2,104.23558507170122,80.79310377865414,0.0018749929761864628
79,131,117.2,104.57493718553309,84.2608295227332,0.0018452401020419631
79,132,85.4,48.5,90.0,0.0016666666666666668
79,133,85.7,48.5,90.0,0.0016666666666666668
79,145,68.6,48.5,90.0,0.0016666666666666668
79,146,117.2,111.2,90.0,0.0016666666666666668
79,156,56.0,48.5,90.0,0.0016666666666666668
79,157,56.3,48.5,90.0,0.0016666666666666668
79,177,50.3,15.2,90.0,0.0016666666666666668
79,179,113.3,48.62250064069712,77.29096700560463,0.0017857062584988146
79,180,112.7,48.5250628144669,84.26082952273322,0.0018452401020419631
79,181,113.0,48.564414928298774,80.79310377865414,0.0018749929761864628
79,185,50.3,22.4,90.0,0.0016666666666666668
79,186,50.3,22.7,90.0,0.0016666666666666668
79,187,50.3,21.2,90.0,0.0016666666666666668
79,188,50.3,21.5,90.0,0.0016666666666666668
79,189,50.3,21.8,90.0,0.0016666666666666668
79,190,117.2,103.87749935930287,77.29096700560446,0.0017857062584988146
79,199,84.8,48.5,90.0,0.0016666666666666668
79,200,85.1,48.5,90.0,0.0016666666666666668
79,201,50.3,10.100000000000001,90.0,0.0016666666666666668
79,202,50.3,9.5,90.0,0.0016666666666666668
79,203,50.3,8.600000000000001,90.0,0.0016666666666666668
79,204,50.3,8.899999999999999,90.0,0.0016666666666666668
79,205,50.3,9.200000000000003,90.0,0.0016666666666666668
79,210,68.3,48.5,90.0,0.0016666666666666668
79,211,66.8,48.5,90.0,0.0016666666666666668
79,212,67.1,48.5,90.0,0.0016666666666666668
79,213,67.4,48.5,90.0,0.0016666666666666668
79,214,67.7,48.5,90.0,0.0016666666666666668
79,215,68.0,48.5,90.0,0.0016666666666666668
79,216,65.6,48.5,90.0,0.0016666666666666668
79,217,65.9,48.5,90.0,0.0016666666666666668
79,218,66.2,48.5,90.0,0.0016666666666666668
79,219,66.5,48.5,90.0,0.0016666666666666668
79,220,50.3,5.0,90.0,0.0016666666666666668
79,221,50.3,5.299999999999997,90.0,0.0016666666666666668
79,222,75.8,48.5,90.0,0.0016666666666666668
79,223,76.1,48.5,90.0,0.0016666666666666668
79,224,76.4,48.5,90.0,0.0016666666666666668
79,225,77.3,48.5,90.0,0.0016666666666666668
79,226,74.9,48.5,90.0,0.0016666666666666668
79,227,75.2,48.5,90.0,0.0016666666666666668
79,228,75.5,48.5,90.0,0.0016666666666666668
79,229,50.3,5.600000000000001,90.0,0.0016666666666666668
79,249,50.3,22.1,90.0,0.0016666666666666668
79,250,50.3,9.799999999999997,90.0,0.0016666666666666668
79,251,50.3,17.6,90.0,0.0016666666666666668
79,252,50.3,17.9,90.0,0.0016666666666666668
79,253,50.3,18.2,90.0,0.0016666666666666668
79,254,50.3,18.5,90.0,0.0016666666666666668
80,85,117.5,111.5,90.0,0.0016666666666666668
80,86,117.5,104.8749371855331,84.2608295227332,0.0018452401020419631
80,87,117.5,105.19599839871873,87.70755722404408,0.0018749929761864628
80,88,117.5,105.5,90.0,0.0016666666666666668
80,90,77.6,48.2,90.0,0.0016666666666666668
80,93,117.5,124.4,90.0,0.0016666666666666668
80,94,117.5,124.1,90.0,0.0016666666666666668
80,95,117.5,123.8,90.0,0.0016666666666666668
80,96,117.5,123.5,90.0,0.0016666666666666668
80,97,117.5,139.1,90.0,0.0016666666666666668
80,98,117.5,125.0,90.0,0.0016666666666666668
80,99,117.5,124.7,90.0,0.0016666666666666668
80,100,117.5,138.8,90.0,0.0016666666666666668
80,105,51.32916869918746,45.8,58.66774850240588,0.00199406066327276
80,106,51.16040542391538,45.5,62.61289249734613,0.002113100255104908
80,111,95.6,48.2,90.0,0.0016666666666666668
80,112,95.9,48.2,90.0,0.0016666666666666668
80,130,117.5,104.17749935930289,77.29096700560466,0.0017857062584988146
80,131,117.5,104.53558507170122,80.79310377865414,0.0018749929761864628
80,132,85.4,48.2,90.0,0.0016666666666666668
80,133,85.7,48.2,90.0,0.0016666666666666668
80,145,68.6,48.2,90.0,0.0016666666666666668
80,146,117.5,111.2,90.0,0.0016666666666666668
80,156,56.0,48.2,90.0,0.0016666666666666668
80,157,56.3,48.2,90.0,0.0016666666666666668
80,177,50.6,15.2,90.0,0.0016666666666666668
80,179,113.3,48.26441492829878,80.79310377865414,0.0018749929761864628
80,180,112.7,48.204001601281284,87.70755722404408,0.0018749929761864628
80,181,113.0,48.2250628144669,84.26082952273322,0.0018452401020419631
80,185,50.6,22.4,90.0,0.0016666666666666668
80,186,50.6,22.7,90.0,0.0016666666666666668
80,187,50.6,21.2,90.0,0.0016666666666666668
80,188,50.6,21.5,90.0,0.0016666666666666668
80,189,50.6,21.8,90.0,0.0016666666666666668
80,190,117.5,103.8,73.73979529168798,0.0018452401020419631
80,199,84.8,48.2,90.0,0.0016666666666666668
80,200,85.1,48.2,90.0,0.0016666666666666668
80,201,50.6,10.100000000000001,90.0,0.0016666666666666668
80,202,50.6,9.5,90.0,0.0016666666666666668
80,203,50.6,8.600000000000001,90.0,0.0016666666666666668
80,204,50.6,8.899999999999999,90.0,0.0016666666666666668
80,205,50.6,9.200000000000003,90.0,0.0016666666666666668
80,210,68.3,48.2,90.0,0.0016666666666666668
80,211,66.8,48.2,90.0,0.0016666666666666668
80,212,67.1,48.2,90.0,0.0016666666666666668
80,213,67.4,48.2,90.0,0.0016666666666666668
80,214,67.7,48.2,90.0,0.0016666666666666668
80,215,68.0,48.2,90.0,0.0016666666666666668
80,216,65.6,48.2,90.0,0.0016666666666666668
80,217,65.9,48.2,90.0,0.0016666666666666668
80,218,66.2,48.2,90.0,0.0016666666666666668
80,219,66.5,48.2,90.0,0.0016666666666666668
80,220,50.6,5.0,90.0,0.0016666666666666668
80,221,50.6,5.299999999999997,90.0,0.0016666666666666668
80,222,75.8,48.2,90.0,0.0016666666666666668
80,223,76.1,48.2,90.0,0.0016666666666666668
80,224,76.4,48.2,90.0,0.0016666666666666668
80,225,77.3,48.2,90.0,0.0016666666666666668
80,226,74.9,48.2,90.0,0.0016666666666666668
80,227,75.2,48.2,90.0,0.0016666666666666668
80,228,75.5,48.2,90.0,0.0016666666666666668
80,229,50.6,5.600000000000001,90.0,0.0016666666666666668
80,249,50.6,22.1,90.0,0.0016666666666666668
80,250,50.6,9.799999999999997,90.0,0.0016666666666666668
80,251,50.6,17.6,90.0,0.0016666666666666668
80,252,50.6,17.9,90.0,0.0016666666666666668
80,253,50.6,18.2,90.0,0.0016666666666666668
80,254,50.6,18.5,90.0,0.0016666666666666668
81,85,115.1,111.5,90.0,0.0016666666666666668
81,86,115.1,104.9,90.0,0.0016666666666666668
81,87,115.1,105.2,90.0,0.0016666666666666668
81,88,115.1,105.5,90.0,0.0016666666666666668
81,89,49.82250064069712,51.2,77.29096700560456,0.0017857062584988146
81,90,77.8,51.2,73.73979529168798,0.0018452401020419631
81,92,30.564414928298774,51.2,80.79310377865406,0.0018749929761864628
81,93,115.1,124.4,90.0,0.0016666666666666668
81,94,115.1,124.1,90.0,0.0016666666666666668
81,95,115.1,123.8,90.0,0.0016666666666666668
81,96,115.1,123.5,90.0,0.0016666666666666668
81,97,115.1,139.1,90.0,0.0016666666666666668
81,98,115.1,125.0,90.0,0.0016666666666666668
81,99,115.1,124.7,90.0,0.0016666666666666668
81,100,115.1,138.8,90.0,0.0016666666666666668
81,111,95.6,51.2,90.0,0.0016666666666666668
81,112,95.9,51.2,90.0,0.0016666666666666668
81,113,48.2,51.2,90.0,0.0016666666666666668
81,114,48.5,51.2,90.0,0.0016666666666666668
81,116,20.299999999999997,51.2,90.0,0.0016666666666666668
81,117,20.599999999999994,51.2,90.0,0.0016666666666666668
81,122,47.3,51.2,90.0,0.0016666666666666668
81,123,47.6,51.2,90.0,0.0016666666666666668
81,124,47.9,51.2,90.0,0.0016666666666666668
81,130,115.1,104.3,90.0,0.0016666666666666668
81,131,115.1,104.6,90.0,0.0016666666666666668
81,132,85.4,51.2,90.0,0.0016666666666666668
81,133,85.7,51.2,90.0,0.0016666666666666668
81,135,38.900000000000006,51.2,90.0,0.0016666666666666668
81,143,49.1,51.2,90.0,0.0016666666666666668
81,144,49.4,51.2,90.0,0.0016666666666666668
81,145,68.6,51.2,90.0,0.0016666666666666668
81,146,115.1,111.2,90.0,0.0016666666666666668
81,147,47.0,51.2,90.0,0.0016666666666666668
81,150,29.900000000000006,51.2,90.0,0.0016666666666666668
81,156,56.0,51.2,90.0,0.0016666666666666668
81,157,56.3,51.2,90.0,0.0016666666666666668
81,158,14.299999999999997,51.2,90.0,0.0016666666666666668
81,159,14.599999999999994,51.2,90.0,0.0016666666666666668
81,160,13.400000000000006,51.2,90.0,0.0016666666666666668
81,161,13.700000000000003,51.2,90.0,0.0016666666666666668
81,162,29.599999999999994,51.2,90.0,0.0016666666666666668
81,163,38.0,51.2,90.0,0.0016666666666666668
81,165,29.0,51.2,90.0,0.0016666666666666668
81,166,29.299999999999997,51.2,90.0,0.0016666666666666668
81,179,113.3,52.3581254575403,50.20818050044273,0.0038393007653147234
81,180,112.7,51.929168699187485,58.66774850240561,0.00199406066327276
81,181,113.0,52.12691762911675,54.549457360824505,0.002261892721081555
81,190,115.1,104.0,90.0,0.0016666666666666668
81,199,84.8,51.2,90.0,0.0016666666666666668
81,200,85.1,51.2,90.0,0.0016666666666666668
81,207,48.8,51.2,90.0,0.0016666666666666668
81,210,68.3,51.2,90.0,0.0016666666666666668
81,211,66.8,51.2,90.0,0.0016666666666666668
81,212,67.1,51.2,90.0,0.0016666666666666668
81,213,67.4,51.2,90.0,0.0016666666666666668
81,214,67.7,51.2,90.0,0.0016666666666666668
81,215,68.0,51.2,90.0,0.0016666666666666668
81,216,65.6,51.2,90.0,0.0016666666666666668
81,217,65.9,51.2,90.0,0.0016666666666666668
81,218,66.2,51.2,90.0,0.0016666666666666668
81,219,66.5,51.2,90.0,0.0016666666666666668
81,222,75.8,51.2,90.0,0.0016666666666666668
81,223,76.1,51.2,90.0,0.0016666666666666668
81,224,76.4,51.2,90.0,0.0016666666666666668
81,225,77.3,51.2,90.0,0.0016666666666666668
81,226,74.9,51.2,90.0,0.0016666666666666668
81,227,75.2,51.2,90.0,0.0016666666666666668
81,228,75.5,51.2,90.0,0.0016666666666666668
81,232,14.0,51.2,90.0,0.0016666666666666668
81,233,11.0,51.2,90.0,0.0016666666666666668
81,234,11.299999999999997,51.2,90.0,0.0016666666666666668
81,235,11.599999999999994,51.2,90.0,0.0016666666666666668
81,236,11.900000000000006,51.2,90.0,0.0016666666666666668
81,237,12.200000000000003,51.2,90.0,0.0016666666666666668
81,238,12.5,51.2,90.0,0.0016666666666666668
81,239,12.799999999999997,51.2,90.0,0.0016666666666666668
81,240,13.099999999999994,51.2,90.0,0.0016666666666666668
81,241,21.799999999999997,51.2,90.0,0.0016666666666666668
81,242,22.099999999999994,51.2,90.0,0.0016666666666666668
81,243,22.400000000000006,51.2,90.0,0.0016666666666666668
81,244,22.700000000000003,51.2,90.0,0.0016666666666666668
81,245,20.0,51.2,90.0,0.0016666666666666668
81,248,30.200000000000003,51.2,90.0,0.0016666666666666668
81,255,38.3,51.2,90.0,0.0016666666666666668
82,85,115.4,111.5,90.0,0.0016666666666666668
82,86,115.4,104.9,90.0,0.0016666666666666668
82,87,115.4,105.2,90.0,0.0016666666666666668
82,88,115.4,105.5,90.0,0.0016666666666666668
82,89,49.76441492829878,50.9,80.79310377865414,0.0018749929761864628
82,90,77.72250064069712,50.9,77.29096700560454,0.0017857062584988146
82,92,30.525062814466907,50.9,84.2608295227332,0.0018452401020419631
82,93,115.4,124.4,90.0,0.0016666666666666668
82,94,115.4,124.1,90.0,0.0016666666666666668
82,95,115.4,123.8,90.0,0.0016666666666666668
82,96,115.4,123.5,90.0,0.0016666666666666668
82,97,115.4,139.1,90.0,0.0016666666666666668
82,98,115.4,125.0,90.0,0.0016666666666666668
82,99,115.4,124.7,90.0,0.0016666666666666668
82,100,115.4,138.8,90.0,0.0016666666666666668
82,105,23.0,45.8,90.0,0.0016666666666666668
82,111,95.6,50.9,90.0,0.0016666666666666668
82,112,95.9,50.9,90.0,0.0016666666666666668
82,113,48.2,50.9,90.0,0.0016666666666666668
82,114,48.5,50.9,90.0,0.0016666666666666668
82,122,47.3,50.9,90.0,0.0016666666666666668
82,123,47.6,50.9,90.0,0.0016666666666666668
82,124,47.9,50.9,90.0,0.0016666666666666668
82,130,115.4,104.3,90.0,0.0016666666666666668
82,131,115.4,104.6,90.0,0.0016666666666666668
82,132,85.4,50.9,90.0,0.0016666666666666668
82,133,85.7,50.9,90.0,0.0016666666666666668
82,135,38.900000000000006,50.9,90.0,0.0016666666666666668
82,143,49.1,50.9,90.0,0.0016666666666666668
82,144,49.4,50.9,90.0,0.0016666666666666668
82,145,68.6,50.9,90.0,0.0016666666666666668
82,146,115.4,111.2,90.0,0.0016666666666666668
82,147,47.0,50.9,90.0,0.0016666666666666668
82,150,29.900000000000006,50.9,90.0,0.0016666666666666668
82,156,56.0,50.9,90.0,0.0016666666666666668
82,157,56.3,50.9,90.0,0.0016666666666666668
82,162,29.599999999999994,50.9,90.0,0.0016666666666666668
82,163,38.0,50.9,90.0,0.0016666666666666668
82,165,29.0,50.9,90.0,0.0016666666666666668
82,166,29.299999999999997,50.9,90.0,0.0016666666666666668
82,177,23.0,15.2,90.0,0.0016666666666666668
82,179,113.3,51.826917629116735,54.54945736082469,0.002261892721081555
82,180,112.7,51.460405423915375,62.61289249734613,0.002113100255104908
82,181,113.0,51.629168699187474,58.667748502405786,0.00199406066327276
82,185,23.0,22.4,90.0,0.0016666666666666668
82,186,23.0,22.7,90.0,0.0016666666666666668
82,190,115.4,104.0,90.0,0.0016666666666666668
82,199,84.8,50.9,90.0,0.0016666666666666668
82,200,85.1,50.9,90.0,0.0016666666666666668
82,201,23.0,10.100000000000001,90.0,0.0016666666666666668
82,207,48.8,50.9,90.0,0.0016666666666666668
82,210,68.3,50.9,90.0,0.0016666666666666668
82,211,66.8,50.9,90.0,0.0016666666666666668
82,212,67.1,50.9,90.0,0.0016666666666666668
82,213,67.4,50.9,90.0,0.0016666666666666668
82,214,67.7,50.9,90.0,0.0016666666666666668
82,215,68.0,50.9,90.0,0.0016666666666666668
82,216,65.6,50.9,90.0,0.0016666666666666668
82,217,65.9,50.9,90.0,0.0016666666666666668
82,218,66.2,50.9,90.0,0.0016666666666666668
82,219,66.5,50.9,90.0,0.0016666666666666668
82,222,75.8,50.9,90.0,0.0016666666666666668
82,223,76.1,50.9,90.0,0.0016666666666666668
82,224,76.4,50.9,90.0,0.0016666666666666668
82,225,77.3,50.9,90.0,0.0016666666666666668
82,226,74.9,50.9,90.0,0.0016666666666666668
82,227,75.2,50.9,90.0,0.0016666666666666668
82,228,75.5,50.9,90.0,0.0016666666666666668
82,229,23.0,5.600000000000001,90.0,0.0016666666666666668
82,248,30.200000000000003,50.9,90.0,0.0016666666666666668
82,255,38.3,50.9,90.0,0.0016666666666666668
83,85,115.7,111.5,90.0,0.0016666666666666668
83,86,115.7,104.9,90.0,0.0016666666666666668
83,87,115.7,105.2,90.0,0.0016666666666666668
83,88,115.7,105.5,90.0,0.0016666666666666668
83,89,49.7250628144669,50.6,84.26082952273322,0.0018452401020419631
83,90,77.66441492829877,50.6,80.79310377865406,0.0018749929761864628
83,92,30.504001601281274,50.6,87.70755722404408,0.0018749929761864628
83,93,115.7,124.4,90.0,0.0016666666666666668
83,94,115.7,124.1,90.0,0.0016666666666666668
83,95,115.7,123.8,90.0,0.0016666666666666668
83,96,115.7,123.5,90.0,0.0016666666666666668
83,97,115.7,139.1,90.0,0.0016666666666666668
83,98,115.7,125.0,90.0,0.0016666666666666668
83,99,115.7,124.7,90.0,0.0016666666666666668
83,100,115.7,138.8,90.0,0.0016666666666666668
83,105,23.30400160128127,45.8,87.70755722404418,0.0018749929761864628
83,111,95.6,50.6,90.0,0.0016666666666666668
83,112,95.9,50.6,90.0,0.0016666666666666668
83,113,48.2,50.6,90.0,0.0016666666666666668
83,114,48.5,50.6,90.0,0.0016666666666666668
83,122,47.3,50.6,90.0,0.0016666666666666668
83,123,47.6,50.6,90.0,0.0016666666666666668
83,124,47.9,50.6,90.0,0.0016666666666666668
83,130,115.7,104.3,90.0,0.0016666666666666668
83,131,115.7,104.6,90.0,0.0016666666666666668
83,132,85.4,50.6,90.0,0.0016666666666666668
83,133,85.7,50.6,90.0,0.0016666666666666668
83,135,38.89999999999999,50.6,90.0,0.0016666666666666668
83,143,49.1,50.6,90.0,0.0016666666666666668
83,144,49.4,50.6,90.0,0.0016666666666666668
83,145,68.6,50.6,90.0,0.0016666666666666668
83,146,115.7,111.2,90.0,0.0016666666666666668
83,147,47.0,50.6,90.0,0.0016666666666666668
83,150,29.89999999999999,50.6,90.0,0.0016666666666666668
83,156,56.0,50.6,90.0,0.0016666666666666668
83,157,56.3,50.6,90.0,0.0016666666666666668
83,162,29.60000000000001,50.6,90.0,0.0016666666666666668
83,163,38.0,50.6,90.0,0.0016666666666666668
83,165,29.0,50.6,90.0,0.0016666666666666668
83,166,29.299999999999997,50.6,90.0,0.0016666666666666668
83,177,23.3,15.2,90.0,0.0016666666666666668
83,179,113.3,51.32916869918748,58.667748502405786,0.00199406066327276
83,180,112.7,51.01742430504416,66.42182152179818,0.002916680714293742
83,181,113.0,51.16040542391538,62.61289249734613,0.002113100255104908
83,185,23.3,22.4,90.0,0.0016666666666666668
83,186,23.3,22.7,90.0,0.0016666666666666668
83,190,115.7,104.0,90.0,0.0016666666666666668
83,199,84.8,50.6,90.0,0.0016666666666666668
83,200,85.1,50.6,90.0,0.0016666666666666668
83,201,23.3,10.100000000000001,90.0,0.0016666666666666668
83,207,48.8,50.6,90.0,0.0016666666666666668
83,210,68.3,50.6,90.0,0.0016666666666666668
83,211,66.8,50.6,90.0,0.0016666666666666668
83,212,67.1,50.6,90.0,0.0016666666666666668
83,213,67.4,50.6,90.0,0.0016666666666666668
83,214,67.7,50.6,90.0,0.0016666666666666668
83,215,68.0,50.6,90.0,0.0016666666666666668
83,216,65.6,50.6,90.0,0.0016666666666666668
83,217,65.9,50.6,90.0,0.0016666666666666668
83,218,66.2,50.6,90.0,0.0016666666666666668
83,219,66.5,50.6,90.0,0.0016666666666666668
83,222,75.8,50.6,90.0,0.0016666666666666668
83,223,76.1,50.6,90.0,0.0016666666666666668
83,224,76.4,50.6,90.0,0.0016666666666666668
83,225,77.3,50.6,90.0,0.0016666666666666668
83,226,74.9,50.6,90.0,0.0016666666666666668
83,227,75.2,50.6,90.0,0.0016666666666666668
83,228,75.5,50.6,90.0,0.0016666666666666668
83,229,23.3,5.600000000000001,90.0,0.0016666666666666668
83,248,30.200000000000003,50.6,90.0,0.0016666666666666668
83,255,38.3,50.6,90.0,0.0016666666666666668
84,85,116.0,111.5,90.0,0.0016666666666666668
84,86,116.0,104.9,90.0,0.0016666666666666668
84,87,116.0,105.2,90.0,0.0016666666666666668
84,88,116.0,105.5,90.0,0.0016666666666666668
84,89,49.704001601281284,50.3,87.70755722404417,0.0018749929761864628
84,90,77.6250628144669,50.3,84.2608295227332,0.0018452401020419631
84,92,30.5,50.3,90.0,0.0016666666666666668
84,93,116.0,124.4,90.0,0.0016666666666666668
84,94,116.0,124.1,90.0,0.0016666666666666668
84,95,116.0,123.8,90.0,0.0016666666666666668
84,96,116.0,123.5,90.0,0.0016666666666666668
84,97,116.0,139.1,90.0,0.0016666666666666668
84,98,116.0,125.0,90.0,0.0016666666666666668
84,99,116.0,124.7,90.0,0.0016666666666666668
84,100,116.0,138.8,90.0,0.0016666666666666668
84,105,23.6250628144669,45.8,84.26082952273322,0.0018452401020419631
84,111,95.6,50.3,90.0,0.0016666666666666668
84,112,95.9,50.3,90.0,0.0016666666666666668
84,113,48.2,50.3,90.0,0.0016666666666666668
84,114,48.5,50.3,90.0,0.0016666666666666668
84,122,47.3,50.3,90.0,0.0016666666666666668
84,123,47.6,50.3,90.0,0.0016666666666666668
84,124,47.9,50.3,90.0,0.0016666666666666668
84,130,116.0,104.3,90.0,0.0016666666666666668
84,131,116.0,104.6,90.0,0.0016666666666666668
84,132,85.4,50.3,90.0,0.0016666666666666668
84,133,85.7,50.3,90.0,0.0016666666666666668
84,135,38.900000000000006,50.3,90.0,0.0016666666666666668
84,143,49.1,50.3,90.0,0.0016666666666666668
84,144,49.4,50.3,90.0,0.0016666666666666668
84,145,68.6,50.3,90.0,0.0016666666666666668
84,146,116.0,111.2,90.0,0.0016666666666666668
84,147,47.0,50.3,90.0,0.0016666666666666668
84,150,29.900000000000006,50.3,90.0,0.0016666666666666668
84,156,56.0,50.3,90.0,0.0016666666666666668
84,157,56.3,50.3,90.0,0.0016666666666666668
84,162,29.599999999999994,50.3,90.0,0.0016666666666666668
84,163,38.0,50.3,90.0,0.0016666666666666668
84,165,29.0,50.3,90.0,0.0016666666666666668
84,166,29.299999999999997,50.3,90.0,0.0016666666666666668
84,177,23.6,15.2,90.0,0.0016666666666666668
84,179,113.3,50.860405423915374,62.61289249734613,0.002113100255104908
84,180,112.7,50.5978728217965,70.12312592992113,0.0033035804591888336
84,181,113.0,50.717424305044155,66.42182152179818,0.002916680714293742
84,185,23.6,22.4,90.0,0.0016666666666666668
84,186,23.6,22.7,90.0,0.0016666666666666668
84,190,116.0,104.0,90.0,0.0016666666666666668
84,199,84.8,50.3,90.0,0.0016666666666666668
84,200,85.1,50.3,90.0,0.0016666666666666668
84,201,23.6,10.100000000000001,90.0,0.0016666666666666668
84,207,48.8,50.3,90.0,0.0016666666666666668
84,210,68.3,50.3,90.0,0.0016666666666666668
84,211,66.8,50.3,90.0,0.0016666666666666668
84,212,67.1,50.3,90.0,0.0016666666666666668
84,213,67.4,50.3,90.0,0.0016666666666666668
84,214,67.7,50.3,90.0,0.0016666666666666668
84,215,68.0,50.3,90.0,0.0016666666666666668
84,216,65.6,50.3,90.0,0.0016666666666666668
84,217,65.9,50.3,90.0,0.0016666666666666668
84,218,66.2,50.3,90.0,0.0016666666666666668
84,219,66.5,50.3,90.0,0.0016666666666666668
84,222,75.8,50.3,90.0,0.0016666666666666668
84,223,76.1,50.3,90.0,0.0016666666666666668
84,224,76.4,50.3,90.0,0.0016666666666666668
84,225,77.3,50.3,90.0,0.0016666666666666668
84,226,74.9,50.3,90.0,0.0016666666666666668
84,227,75.2,50.3,90.0,0.0016666666666666668
84,228,75.5,50.3,90.0,0.0016666666666666668
84,229,23.6,5.600000000000001,90.0,0.0016666666666666668
84,248,30.200000000000003,50.3,90.0,0.0016666666666666668
84,255,38.3,50.3,90.0,0.0016666666666666668
85,93,108.8,124.4,90.0,0.0016666666666666668
85,94,108.8,124.1,90.0,0.0016666666666666668
85,95,108.8,123.8,90.0,0.0016666666666666668
85,96,108.8,123.5,90.0,0.0016666666666666668
85,97,108.8,139.1,90.0,0.0016666666666666668
85,98,108.8,125.0,90.0,0.0016666666666666668
85,99,108.8,124.7,90.0,0.0016666666666666668
85,100,108.8,138.8,90.0,0.0016666666666666668
85,101,126.8,111.4749371855331,84.26082952273337,0.0018452401020419631
85,102,127.1,111.43558507170123,80.7931037786543,0.0018749929761864628
85,103,127.4,111.37749935930287,77.29096700560461,0.0017857062584988146
85,104,127.7,111.30000000000001,73.73979529168817,0.0018452401020419631
85,105,125.9,111.5,90.0,0.0016666666666666668
85,106,126.2,111.5,90.0,0.0016666666666666668
85,178,128.0,111.20212717820351,70.12312592992134,0.0033035804591888336
85,206,126.5,111.49599839871871,87.70755722404424,0.0018749929761864628
85,246,116.3,111.5,90.0,0.0016666666666666668
85,247,116.6,111.5,90.0,0.0016666666666666668
86,93,107.9,124.4,90.0,0.0016666666666666668
86,94,107.9,124.1,90.0,0.0016666666666666668
86,95,107.9,123.8,90.0,0.0016666666666666668
86,96,107.9,123.5,90.0,0.0016666666666666668
86,97,107.9,139.1,90.0,0.0016666666666666668
86,98,107.9,125.0,90.0,0.0016666666666666668
86,99,107.9,124.7,90.0,0.0016666666666666668
86,100,107.9,138.8,90.0,0.0016666666666666668
86,101,122.0,44.90400160128128,87.70755722404408,0.0018749929761864628
86,102,122.0,44.6,90.0,0.0016666666666666668
86,103,122.0,43.7,90.0,0.0016666666666666668
86,104,122.0,43.4,90.0,0.0016666666666666668
86,105,122.0,45.922500640697116,77.29096700560463,0.0017857062584988146
86,106,122.0,45.564414928298774,80.79310377865414,0.0018749929761864628
86,146,107.9,111.2,90.0,0.0016666666666666668
86,178,122.0,43.1,90.0,0.0016666666666666668
86,198,122.0,27.8,90.0,0.0016666666666666668
86,206,122.0,45.2250628144669,84.26082952273322,0.0018452401020419631
86,246,116.3,104.9,90.0,0.0016666666666666668
86,247,116.6,104.9,90.0,0.0016666666666666668
87,93,108.2,124.4,90.0,0.0016666666666666668
87,94,108.2,124.1,90.0,0.0016666666666666668
87,95,108.2,123.8,90.0,0.0016666666666666668
87,96,108.2,123.5,90.0,0.0016666666666666668
87,97,108.2,139.1,90.0,0.0016666666666666668
87,98,108.2,125.0,90.0,0.0016666666666666668
87,99,108.2,124.7,90.0,0.0016666666666666668
87,100,108.2,138.8,90.0,0.0016666666666666668
87,101,122.3,44.9250628144669,84.26082952273322,0.0018452401020419631
87,102,122.3,44.60400160128128,87.70755722404408,0.0018749929761864628
87,103,122.3,43.7,90.0,0.0016666666666666668
87,104,122.3,43.4,90.0,0.0016666666666666668
87,105,122.3,45.99999999999999,73.73979529168815,0.0018452401020419631
87,106,122.3,45.62250064069712,77.29096700560463,0.0017857062584988146
87,146,108.2,111.2,90.0,0.0016666666666666668
87,178,122.3,43.1,90.0,0.0016666666666666668
87,198,122.3,27.8,90.0,0.0016666666666666668
87,206,122.3,45.26441492829878,80.79310377865414,0.0018749929761864628
87,246,116.3,105.2,90.0,0.0016666666666666668
87,247,116.6,105.2,90.0,0.0016666666666666668
88,93,108.5,124.4,90.0,0.0016666666666666668
88,94,108.5,124.1,90.0,0.0016666666666666668
88,95,108.5,123.8,90.0,0.0016666666666666668
88,96,108.5,123.5,90.0,0.0016666666666666668
88,97,108.5,139.1,90.0,0.0016666666666666668
88,98,108.5,125.0,90.0,0.0016666666666666668
88,99,108.5,124.7,90.0,0.0016666666666666668
88,100,108.5,138.8,90.0,0.0016666666666666668
88,101,122.6,44.96441492829877,80.79310377865414,0.0018749929761864628
88,102,122.6,44.6250628144669,84.26082952273322,0.0018452401020419631
88,103,122.6,43.704001601281284,87.70755722404425,0.0018749929761864628
88,104,122.6,43.4,90.0,0.0016666666666666668
88,105,122.6,46.09787282179649,70.12312592992131,0.0033035804591888336
88,106,122.6,45.699999999999996,73.73979529168815,0.0018452401020419631
88,146,108.5,111.2,90.0,0.0016666666666666668
88,178,122.6,43.1,90.0,0.0016666666666666668
88,198,122.6,27.8,90.0,0.0016666666666666668
88,206,122.6,45.32250064069712,77.29096700560463,0.0017857062584988146
88,246,116.3,105.5,90.0,0.0016666666666666668
88,247,116.6,105.5,90.0,0.0016666666666666668
89,93,106.7,124.4,90.0,0.0016666666666666668
89,94,106.7,124.1,90.0,0.0016666666666666668
89,95,106.7,123.8,90.0,0.0016666666666666668
89,96,106.7,123.5,90.0,0.0016666666666666668
89,97,106.7,139.1,90.0,0.0016666666666666668
89,98,106.7,125.0,90.0,0.0016666666666666668
89,99,106.7,124.7,90.0,0.0016666666666666668
89,100,106.7,138.8,90.0,0.0016666666666666668
89,105,49.7,45.8,90.0,0.0016666666666666668
89,106,49.7,45.5,90.0,0.0016666666666666668
89,111,95.6,55.1,90.0,0.0016666666666666668
89,112,95.9,55.1,90.0,0.0016666666666666668
89,130,106.7,104.3,90.0,0.0016666666666666668
89,131,106.7,104.6,90.0,0.0016666666666666668
89,132,85.4,55.1,90.0,0.0016666666666666668
89,133,85.7,55.1,90.0,0.0016666666666666668
89,145,68.6,55.1,90.0,0.0016666666666666668
89,146,106.7,111.2,90.0,0.0016666666666666668
89,156,56.0,55.1,90.0,0.0016666666666666668
89,157,56.3,55.1,90.0,0.0016666666666666668
89,177,49.7,15.199999999999996,90.0,0.0016666666666666668
89,179,106.7,101.9,90.0,0.0016666666666666668
89,180,106.7,101.3,90.0,0.0016666666666666668
89,181,106.7,101.6,90.0,0.0016666666666666668
89,185,49.7,22.4,90.0,0.0016666666666666668
89,186,49.7,22.7,90.0,0.0016666666666666668
89,187,49.7,21.2,90.0,0.0016666666666666668
89,188,49.7,21.5,90.0,0.0016666666666666668
89,189,49.7,21.8,90.0,0.0016666666666666668
89,190,106.7,104.0,90.0,0.0016666666666666668
89,199,84.8,55.1,90.0,0.0016666666666666668
89,200,85.1,55.1,90.0,0.0016666666666666668
89,201,49.7,10.100000000000001,90.0,0.0016666666666666668
89,202,49.7,9.5,90.0,0.0016666666666666668
89,203,49.7,8.600000000000001,90.0,0.0016666666666666668
89,204,49.7,8.899999999999999,90.0,0.0016666666666666668
89,205,49.7,9.199999999999996,90.0,0.0016666666666666668
89,210,68.3,55.1,90.0,0.0016666666666666668
89,211,66.8,55.1,90.0,0.0016666666666666668
89,212,67.1,55.1,90.0,0.0016666666666666668
89,213,67.4,55.1,90.0,0.0016666666666666668
89,214,67.7,55.1,90.0,0.0016666666666666668
89,215,68.0,55.1,90.0,0.0016666666666666668
89,216,65.6,55.1,90.0,0.0016666666666666668
89,217,65.9,55.1,90.0,0.0016666666666666668
89,218,66.2,55.1,90.0,0.0016666666666666668
89,219,66.5,55.1,90.0,0.0016666666666666668
89,220,49.7,5.0,90.0,0.0016666666666666668
89,221,49.7,5.299999999999997,90.0,0.0016666666666666668
89,222,75.8,55.1,90.0,0.0016666666666666668
89,223,76.1,55.1,90.0,0.0016666666666666668
89,224,76.4,55.1,90.0,0.0016666666666666668
89,225,77.3,55.1,90.0,0.0016666666666666668
89,226,74.9,55.1,90.0,0.0016666666666666668
89,227,75.2,55.1,90.0,0.0016666666666666668
89,228,75.5,55.1,90.0,0.0016666666666666668
89,229,49.7,5.600000000000001,90.0,0.0016666666666666668
89,246,49.7,50.0,90.0,0.0016666666666666668
89,247,49.7,49.7,90.0,0.0016666666666666668
89,249,49.7,22.1,90.0,0.0016666666666666668
89,250,49.7,9.800000000000004,90.0,0.0016666666666666668
89,251,49.7,17.6,90.0,0.0016666666666666668
89,252,49.7,17.9,90.0,0.0016666666666666668
89,253,49.7,18.2,90.0,0.0016666666666666668
89,254,49.7,18.5,90.0,0.0016666666666666668
90,93,107.0,124.4,90.0,0.0016666666666666668
90,94,107.0,124.1,90.0,0.0016666666666666668
90,95,107.0,123.8,90.0,0.0016666666666666668
90,96,107.0,123.5,90.0,0.0016666666666666668
90,97,107.0,139.1,90.0,0.0016666666666666668
90,98,107.0,125.0,90.0,0.0016666666666666668
90,99,107.0,124.7,90.0,0.0016666666666666668
90,100,107.0,138.8,90.0,0.0016666666666666668
90,105,77.6,45.8,90.0,0.0016666666666666668
90,106,77.6,45.5,90.0,0.0016666666666666668
90,111,95.6,54.8,90.0,0.0016666666666666668
90,112,95.9,54.8,90.0,0.0016666666666666668
90,130,107.0,104.3,90.0,0.0016666666666666668
90,131,107.0,104.6,90.0,0.0016666666666666668
90,132,85.4,54.8,90.0,0.0016666666666666668
90,133,85.7,54.8,90.0,0.0016666666666666668
90,146,107.0,111.2,90.0,0.0016666666666666668
90,167,77.6,12.200000000000003,90.0,0.0016666666666666668
90,168,77.6,12.5,90.0,0.0016666666666666668
90,169,77.6,12.799999999999997,90.0,0.0016666666666666668
90,170,77.6,13.100000000000001,90.0,0.0016666666666666668
90,171,77.6,13.399999999999999,90.0,0.0016666666666666668
90,172,77.6,13.700000000000003,90.0,0.0016666666666666668
90,173,77.6,14.0,90.0,0.0016666666666666668
90,174,77.6,14.299999999999997,90.0,0.0016666666666666668
90,175,77.6,14.600000000000001,90.0,0.0016666666666666668
90,176,77.6,14.899999999999999,90.0,0.0016666666666666668
90,177,77.6,15.200000000000003,90.0,0.0016666666666666668
90,179,107.0,101.9,90.0,0.0016666666666666668
90,180,107.0,101.3,90.0,0.0016666666666666668
90,181,107.0,101.6,90.0,0.0016666666666666668
90,183,77.6,20.6,90.0,0.0016666666666666668
90,184,77.6,20.9,90.0,0.0016666666666666668
90,185,77.6,22.4,90.0,0.0016666666666666668
90,186,77.6,22.7,90.0,0.0016666666666666668
90,187,77.6,21.2,90.0,0.0016666666666666668
90,188,77.6,21.5,90.0,0.0016666666666666668
90,189,77.6,21.8,90.0,0.0016666666666666668
90,190,107.0,104.0,90.0,0.0016666666666666668
90,194,77.6,25.4,90.0,0.0016666666666666668
90,195,77.6,25.7,90.0,0.0016666666666666668
90,196,77.6,26.0,90.0,0.0016666666666666668
90,197,77.6,25.1,90.0,0.0016666666666666668
90,199,84.8,54.8,90.0,0.0016666666666666668
90,200,85.1,54.8,90.0,0.0016666666666666668
90,201,77.6,10.100000000000001,90.0,0.0016666666666666668
90,202,77.6,9.5,90.0,0.0016666666666666668
90,203,77.6,8.600000000000001,90.0,0.0016666666666666668
90,204,77.6,8.899999999999999,90.0,0.0016666666666666668
90,205,77.6,9.200000000000003,90.0,0.0016666666666666668
90,206,77.6,45.2,90.0,0.0016666666666666668
90,246,77.60400160128128,50.0,87.70755722404408,0.0018749929761864628
90,247,77.6,49.7,90.0,0.0016666666666666668
90,249,77.6,22.1,90.0,0.0016666666666666668
90,250,77.6,9.799999999999997,90.0,0.0016666666666666668
90,251,77.6,17.6,90.0,0.0016666666666666668
90,252,77.6,17.9,90.0,0.0016666666666666668
90,253,77.6,18.2,90.0,0.0016666666666666668
90,254,77.6,18.5,90.0,0.0016666666666666668
91,93,106.1,124.4,90.0,0.0016666666666666668
91,94,106.1,124.1,90.0,0.0016666666666666668
91,95,106.1,123.8,90.0,0.0016666666666666668
91,96,106.1,123.5,90.0,0.0016666666666666668
91,97,106.1,139.1,90.0,0.0016666666666666668
91,98,106.1,125.0,90.0,0.0016666666666666668
91,99,106.1,124.7,90.0,0.0016666666666666668
91,100,106.1,138.8,90.0,0.0016666666666666668
91,111,95.6,55.7,90.0,0.0016666666666666668
91,112,95.9,55.7,90.0,0.0016666666666666668
91,113,48.2,55.7,90.0,0.0016666666666666668
91,114,48.5,55.7,90.0,0.0016666666666666668
91,116,20.299999999999997,55.7,90.0,0.0016666666666666668
91,117,20.599999999999994,55.7,90.0,0.0016666666666666668
91,122,47.3,55.7,90.0,0.0016666666666666668
91,123,47.6,55.7,90.0,0.0016666666666666668
91,124,47.9,55.7,90.0,0.0016666666666666668
91,130,106.1,104.3,90.0,0.0016666666666666668
91,131,106.1,104.6,90.0,0.0016666666666666668
91,132,85.4,55.7,90.0,0.0016666666666666668
91,133,85.7,55.7,90.0,0.0016666666666666668
91,135,38.9,55.7,90.0,0.0016666666666666668
91,143,49.1,55.7,90.0,0.0016666666666666668
91,144,49.4,55.7,90.0,0.0016666666666666668
91,145,68.6,55.7,90.0,0.0016666666666666668
91,146,106.1,111.2,90.0,0.0016666666666666668
91,147,47.0,55.7,90.0,0.0016666666666666668
91,150,29.900000000000006,55.7,90.0,0.0016666666666666668
91,156,56.0,55.7,90.0,0.0016666666666666668
91,157,56.3,55.7,90.0,0.0016666666666666668
91,158,14.299999999999997,55.7,90.0,0.0016666666666666668
91,159,14.599999999999994,55.7,90.0,0.0016666666666666668
91,160,13.400000000000006,55.7,90.0,0.0016666666666666668
91,161,13.700000000000003,55.7,90.0,0.0016666666666666668
91,162,29.599999999999994,55.7,90.0,0.0016666666666666668
91,163,38.0,55.7,90.0,0.0016666666666666668
91,165,29.0,55.7,90.0,0.0016666666666666668
91,166,29.299999999999997,55.7,90.0,0.0016666666666666668
91,179,106.1,101.9,90.0,0.0016666666666666668
91,180,106.1,101.3,90.0,0.0016666666666666668
91,181,106.1,101.6,90.0,0.0016666666666666668
91,190,106.1,104.0,90.0,0.0016666666666666668
91,199,84.8,55.7,90.0,0.0016666666666666668
91,200,85.1,55.7,90.0,0.0016666666666666668
91,207,48.8,55.7,90.0,0.0016666666666666668
91,210,68.3,55.7,90.0,0.0016666666666666668
91,211,66.8,55.7,90.0,0.0016666666666666668
91,212,67.1,55.7,90.0,0.0016666666666666668
91,213,67.4,55.7,90.0,0.0016666666666666668
91,214,67.7,55.7,90.0,0.0016666666666666668
91,215,68.0,55.7,90.0,0.0016666666666666668
91,216,65.6,55.7,90.0,0.0016666666666666668
91,217,65.9,55.7,90.0,0.0016666666666666668
91,218,66.2,55.7,90.0,0.0016666666666666668
91,219,66.5,55.7,90.0,0.0016666666666666668
91,222,75.8,55.7,90.0,0.0016666666666666668
91,223,76.1,55.7,90.0,0.0016666666666666668
91,224,76.4,55.7,90.0,0.0016666666666666668
91,225,77.3,55.7,90.0,0.0016666666666666668
91,226,74.9,55.7,90.0,0.0016666666666666668
91,227,75.2,55.7,90.0,0.0016666666666666668
91,228,75.5,55.7,90.0,0.0016666666666666668
91,232,14.0,55.7,90.0,0.0016666666666666668
91,233,11.0,55.7,90.0,0.0016666666666666668
91,234,11.299999999999997,55.7,90.0,0.0016666666666666668
91,235,11.599999999999994,55.7,90.0,0.0016666666666666668
91,236,11.900000000000006,55.7,90.0,0.0016666666666666668
91,237,12.200000000000003,55.7,90.0,0.0016666666666666668
91,238,12.5,55.7,90.0,0.0016666666666666668
91,239,12.799999999999997,55.7,90.0,0.0016666666666666668
91,240,13.099999999999994,55.7,90.0,0.0016666666666666668
91,241,22.0,55.7,73.73979529168798,0.0018452401020419631
91,242,22.66040542391538,55.7,62.61289249734605,0.002113100255104908
91,243,23.12916869918749,55.7,58.66774850240564,0.00199406066327276
91,244,23.626917629116747,55.7,54.54945736082449,0.002261892721081555
91,245,20.0,55.7,90.0,0.0016666666666666668
91,248,30.200000000000003,55.7,90.0,0.0016666666666666668
91,255,38.3,55.7,90.0,0.0016666666666666668
92,93,106.4,124.4,90.0,0.0016666666666666668
92,94,106.4,124.1,90.0,0.0016666666666666668
92,95,106.4,123.8,90.0,0.0016666666666666668
92,96,106.4,123.5,90.0,0.0016666666666666668
92,97,106.4,139.1,90.0,0.0016666666666666668
92,98,106.4,125.0,90.0,0.0016666666666666668
92,99,106.4,124.7,90.0,0.0016666666666666668
92,100,106.4,138.8,90.0,0.0016666666666666668
92,105,30.5,45.8,90.0,0.0016666666666666668
92,111,95.6,55.4,90.0,0.0016666666666666668
92,112,95.9,55.4,90.0,0.0016666666666666668
92,113,48.2,55.4,90.0,0.0016666666666666668
92,114,48.5,55.4,90.0,0.0016666666666666668
92,122,47.3,55.4,90.0,0.0016666666666666668
92,123,47.6,55.4,90.0,0.0016666666666666668
92,124,47.9,55.4,90.0,0.0016666666666666668
92,130,106.4,104.3,90.0,0.0016666666666666668
92,131,106.4,104.6,90.0,0.0016666666666666668
92,132,85.4,55.4,90.0,0.0016666666666666668
92,133,85.7,55.4,90.0,0.0016666666666666668
92,135,38.9,55.4,90.0,0.0016666666666666668
92,143,49.1,55.4,90.0,0.0016666666666666668
92,144,49.4,55.4,90.0,0.0016666666666666668
92,145,68.6,55.4,90.0,0.0016666666666666668
92,146,106.4,111.2,90.0,0.0016666666666666668
92,147,47.0,55.4,90.0,0.0016666666666666668
92,156,56.0,55.4,90.0,0.0016666666666666668
92,157,56.3,55.4,90.0,0.0016666666666666668
92,163,38.0,55.4,90.0,0.0016666666666666668
92,177,30.5,15.199999999999996,90.0,0.0016666666666666668
92,179,106.4,101.9,90.0,0.0016666666666666668
92,180,106.4,101.3,90.0,0.0016666666666666668
92,181,106.4,101.6,90.0,0.0016666666666666668
92,185,30.5,22.4,90.0,0.0016666666666666668
92,186,30.5,22.7,90.0,0.0016666666666666668
92,190,106.4,104.0,90.0,0.0016666666666666668
92,199,84.8,55.4,90.0,0.0016666666666666668
92,200,85.1,55.4,90.0,0.0016666666666666668
92,201,30.5,10.100000000000001,90.0,0.0016666666666666668
92,207,48.8,55.4,90.0,0.0016666666666666668
92,210,68.3,55.4,90.0,0.0016666666666666668
92,211,66.8,55.4,90.0,0.0016666666666666668
92,212,67.1,55.4,90.0,0.0016666666666666668
92,213,67.4,55.4,90.0,0.0016666666666666668
92,214,67.7,55.4,90.0,0.0016666666666666668
92,215,68.0,55.4,90.0,0.0016666666666666668
92,216,65.6,55.4,90.0,0.0016666666666666668
92,217,65.9,55.4,90.0,0.0016666666666666668
92,218,66.2,55.4,90.0,0.0016666666666666668
92,219,66.5,55.4,90.0,0.0016666666666666668
92,222,75.8,55.4,90.0,0.0016666666666666668
92,223,76.1,55.4,90.0,0.0016666666666666668
92,224,76.4,55.4,90.0,0.0016666666666666668
92,225,77.3,55.4,90.0,0.0016666666666666668
92,226,74.9,55.4,90.0,0.0016666666666666668
92,227,75.2,55.4,90.0,0.0016666666666666668
92,228,75.5,55.4,90.0,0.0016666666666666668
92,229,30.5,5.600000000000001,90.0,0.0016666666666666668
92,255,38.3,55.4,90.0,0.0016666666666666668
93,126,74.0,136.7250628144669,84.2608295227332,0.0018452401020419631
93,127,74.0,136.4040016012813,87.70755722404408,0.0018749929761864628
93,128,74.0,136.1,90.0,0.0016666666666666668
93,129,74.0,135.8,90.0,0.0016666666666666668
93,130,81.5,124.4,90.0,0.0016666666666666668
93,131,81.8,124.4,90.0,0.0016666666666666668
93,132,80.6,124.4,90.0,0.0016666666666666668
93,133,80.9,124.4,90.0,0.0016666666666666668
93,134,79.7,124.4,90.0,0.0016666666666666668
93,135,80.0,124.4,90.0,0.0016666666666666668
93,136,74.0,134.0,90.0,0.0016666666666666668
93,137,74.0,133.7,90.0,0.0016666666666666668
93,138,74.0,133.4,90.0,0.0016666666666666668
93,139,74.0,133.1,90.0,0.0016666666666666668
93,140,74.0,132.8,90.0,0.0016666666666666668
93,141,74.0,132.5,90.0,0.0016666666666666668
93,142,74.0,132.2,90.0,0.0016666666666666668
93,143,90.2,124.4,90.0,0.0016666666666666668
93,144,90.5,124.4,90.0,0.0016666666666666668
93,145,90.8,124.4,90.0,0.0016666666666666668
93,151,74.0,129.8,90.0,0.0016666666666666668
93,152,74.0,129.5,90.0,0.0016666666666666668
93,153,74.00400160128129,129.2,87.70755722404392,0.0018749929761864628
93,154,74.0250628144669,128.9,84.2608295227332,0.0018452401020419631
93,155,74.0,130.1,90.0,0.0016666666666666668
93,179,81.2,124.4,90.0,0.0016666666666666668
93,207,80.3,124.4,90.0,0.0016666666666666668
93,225,91.1,124.4,90.0,0.0016666666666666668
93,241,98.9,124.4,90.0,0.0016666666666666668
93,242,99.2,124.4,90.0,0.0016666666666666668
93,243,99.5,124.4,90.0,0.0016666666666666668
93,244,99.8,124.4,90.0,0.0016666666666666668
93,246,116.3,124.4,90.0,0.0016666666666666668
93,247,116.6,124.4,90.0,0.0016666666666666668
94,126,73.7,136.70400160128128,87.70755722404408,0.0018749929761864628
94,127,73.7,136.4,90.0,0.0016666666666666668
94,128,73.7,136.1,90.0,0.0016666666666666668
94,129,73.7,135.8,90.0,0.0016666666666666668
94,130,81.5,124.1,90.0,0.0016666666666666668
94,131,81.8,124.1,90.0,0.0016666666666666668
94,132,80.6,124.1,90.0,0.0016666666666666668
94,133,80.9,124.1,90.0,0.0016666666666666668
94,134,79.7,124.1,90.0,0.0016666666666666668
94,135,80.0,124.1,90.0,0.0016666666666666668
94,136,73.7,134.0,90.0,0.0016666666666666668
94,137,73.7,133.7,90.0,0.0016666666666666668
94,138,73.7,133.4,90.0,0.0016666666666666668
94,139,73.7,133.1,90.0,0.0016666666666666668
94,140,73.7,132.8,90.0,0.0016666666666666668
94,141,73.7,132.5,90.0,0.0016666666666666668
94,142,73.7,132.2,90.0,0.0016666666666666668
94,143,90.2,124.1,90.0,0.0016666666666666668
94,144,90.5,124.1,90.0,0.0016666666666666668
94,145,90.8,124.1,90.0,0.0016666666666666668
94,151,73.7,129.8,90.0,0.0016666666666666668
94,152,73.7,129.5,90.0,0.0016666666666666668
94,153,73.7,129.2,90.0,0.0016666666666666668
94,154,73.70400160128128,128.9,87.70755722404425,0.0018749929761864628
94,155,73.7,130.1,90.0,0.0016666666666666668
94,179,81.2,124.1,90.0,0.0016666666666666668
94,207,80.3,124.1,90.0,0.0016666666666666668
94,225,91.1,124.1,90.0,0.0016666666666666668
94,241,98.9,124.1,90.0,0.0016666666666666668
94,242,99.2,124.1,90.0,0.0016666666666666668
94,243,99.5,124.1,90.0,0.0016666666666666668
94,244,99.8,124.1,90.0,0.0016666666666666668
94,246,116.3,124.1,90.0,0.0016666666666666668
94,247,116.6,124.1,90.0,0.0016666666666666668
95,107,56.0,138.8,90.0,0.0016666666666666668
95,108,56.0,138.5,90.0,0.0016666666666666668
95,109,56.0,138.2,90.0,0.0016666666666666668
95,110,56.0,137.9,90.0,0.0016666666666666668
95,111,72.2,123.8,90.0,0.0016666666666666668
95,112,72.5,123.8,90.0,0.0016666666666666668
95,113,71.6,123.8,90.0,0.0016666666666666668
95,114,71.9,123.8,90.0,0.0016666666666666668
95,115,70.7,123.8,90.0,0.0016666666666666668
95,116,71.0,123.8,90.0,0.0016666666666666668
95,117,71.3,123.8,90.0,0.0016666666666666668
95,126,56.0,136.7,90.0,0.0016666666666666668
95,127,56.0,136.4,90.0,0.0016666666666666668
95,128,56.0,136.1,90.0,0.0016666666666666668
95,129,56.0,135.8,90.0,0.0016666666666666668
95,130,81.5,123.8,90.0,0.0016666666666666668
95,131,81.8,123.8,90.0,0.0016666666666666668
95,132,80.6,123.8,90.0,0.0016666666666666668
95,133,80.9,123.8,90.0,0.0016666666666666668
95,134,79.7,123.8,90.0,0.0016666666666666668
95,135,80.0,123.8,90.0,0.0016666666666666668
95,136,56.0,134.0,90.0,0.0016666666666666668
95,137,56.0,133.7,90.0,0.0016666666666666668
95,138,56.0,133.4,90.0,0.0016666666666666668
95,139,56.0,133.1,90.0,0.0016666666666666668
95,140,56.0,132.8,90.0,0.0016666666666666668
95,141,56.0,132.5,90.0,0.0016666666666666668
95,142,56.0,132.2,90.0,0.0016666666666666668
95,143,90.2,123.8,90.0,0.0016666666666666668
95,144,90.5,123.8,90.0,0.0016666666666666668
95,145,90.8,123.8,90.0,0.0016666666666666668
95,151,56.0,129.8,90.0,0.0016666666666666668
95,152,56.0,129.5,90.0,0.0016666666666666668
95,153,56.0,129.2,90.0,0.0016666666666666668
95,154,56.0,128.9,90.0,0.0016666666666666668
95,155,56.0,130.1,90.0,0.0016666666666666668
95,179,81.2,123.8,90.0,0.0016666666666666668
95,207,80.3,123.8,90.0,0.0016666666666666668
95,225,91.1,123.8,90.0,0.0016666666666666668
95,241,98.9,123.8,90.0,0.0016666666666666668
95,242,99.2,123.8,90.0,0.0016666666666666668
95,243,99.5,123.8,90.0,0.0016666666666666668
95,244,99.8,123.8,90.0,0.0016666666666666668
95,246,116.3,123.8,90.0,0.0016666666666666668
95,247,116.6,123.8,90.0,0.0016666666666666668
96,107,55.7,138.8,90.0,0.0016666666666666668
96,108,55.7,138.5,90.0,0.0016666666666666668
96,109,55.7,138.2,90.0,0.0016666666666666668
96,110,55.7,137.9,90.0,0.0016666666666666668
96,111,72.2,123.5,90.0,0.0016666666666666668
96,112,72.5,123.5,90.0,0.0016666666666666668
96,113,71.6,123.5,90.0,0.0016666666666666668
96,114,71.9,123.5,90.0,0.0016666666666666668
96,115,70.7,123.5,90.0,0.0016666666666666668
96,116,71.0,123.5,90.0,0.0016666666666666668
96,117,71.3,123.5,90.0,0.0016666666666666668
96,126,55.7,136.7,90.0,0.0016666666666666668
96,127,55.7,136.4,90.0,0.0016666666666666668
96,128,55.7,136.1,90.0,0.0016666666666666668
96,129,55.7,135.8,90.0,0.0016666666666666668
96,130,81.5,123.5,90.0,0.0016666666666666668
96,131,81.8,123.5,90.0,0.0016666666666666668
96,132,80.6,123.5,90.0,0.0016666666666666668
96,133,80.9,123.5,90.0,0.0016666666666666668
96,134,79.7,123.5,90.0,0.0016666666666666668
96,135,80.0,123.5,90.0,0.0016666666666666668
96,136,55.7,134.0,90.0,0.0016666666666666668
96,137,55.7,133.7,90.0,0.0016666666666666668
96,138,55.7,133.4,90.0,0.0016666666666666668
96,139,55.7,133.1,90.0,0.0016666666666666668
96,140,55.7,132.8,90.0,0.0016666666666666668
96,141,55.7,132.5,90.0,0.0016666666666666668
96,142,55.7,132.2,90.0,0.0016666666666666668
96,143,90.2,123.5,90.0,0.0016666666666666668
96,144,90.5,123.5,90.0,0.0016666666666666668
96,145,90.8,123.5,90.0,0.0016666666666666668
96,151,55.7,129.8,90.0,0.0016666666666666668
96,152,55.7,129.5,90.0,0.0016666666666666668
96,153,55.7,129.2,90.0,0.0016666666666666668
96,154,55.7,128.9,90.0,0.0016666666666666668
96,155,55.7,130.1,90.0,0.0016666666666666668
96,179,81.2,123.5,90.0,0.0016666666666666668
96,207,80.3,123.5,90.0,0.0016666666666666668
96,225,91.1,123.5,90.0,0.0016666666666666668
96,241,98.9,123.5,90.0,0.0016666666666666668
96,242,99.2,123.5,90.0,0.0016666666666666668
96,243,99.5,123.5,90.0,0.0016666666666666668
96,244,99.8,123.5,90.0,0.0016666666666666668
96,246,116.3,123.5,90.0,0.0016666666666666668
96,247,116.6,123.5,90.0,0.0016666666666666668
97,136,88.1,139.1,90.0,0.0016666666666666668
97,137,88.4,139.1,90.0,0.0016666666666666668
97,138,88.7,139.1,90.0,0.0016666666666666668
97,139,89.0,139.1,90.0,0.0016666666666666668
97,140,89.3,139.1,90.0,0.0016666666666666668
97,141,89.6,139.1,90.0,0.0016666666666666668
97,142,89.9,139.1,90.0,0.0016666666666666668
97,143,90.2,139.1,90.0,0.0016666666666666668
97,144,90.5,139.1,90.0,0.0016666666666666668
97,145,90.8,139.1,90.0,0.0016666666666666668
97,151,96.8,139.1,90.0,0.0016666666666666668
97,152,97.1,139.1,90.0,0.0016666666666666668
97,153,97.4,139.1,90.0,0.0016666666666666668
97,154,97.7,139.1,90.0,0.0016666666666666668
97,155,96.5,139.1,90.0,0.0016666666666666668
97,225,91.1,139.1,90.0,0.0016666666666666668
97,241,98.9,139.1,90.0,0.0016666666666666668
97,242,99.2,139.1,90.0,0.0016666666666666668
97,243,99.5,139.1,90.0,0.0016666666666666668
97,244,99.8,139.1,90.0,0.0016666666666666668
97,246,116.3,139.1,90.0,0.0016666666666666668
97,247,116.6,139.1,90.0,0.0016666666666666668
98,136,82.4,134.0,90.0,0.0016666666666666668
98,137,82.4,133.7,90.0,0.0016666666666666668
98,138,82.4,133.4,90.0,0.0016666666666666668
98,139,82.4,133.1,90.0,0.0016666666666666668
98,140,82.4,132.8,90.0,0.0016666666666666668
98,141,82.4,132.5,90.0,0.0016666666666666668
98,142,82.4,132.2,90.0,0.0016666666666666668
98,143,90.2,125.0,90.0,0.0016666666666666668
98,144,90.5,125.0,90.0,0.0016666666666666668
98,145,90.8,125.0,90.0,0.0016666666666666668
98,151,82.4040016012813,129.8,87.70755722404424,0.0018749929761864628
98,152,82.42506281446691,129.5,84.2608295227332,0.0018452401020419631
98,153,82.46441492829878,129.2,80.79310377865397,0.0018749929761864628
98,154,82.52250064069713,128.9,77.29096700560461,0.0017857062584988146
98,155,82.4,130.1,90.0,0.0016666666666666668
98,225,91.1,125.0,90.0,0.0016666666666666668
98,241,98.9,125.0,90.0,0.0016666666666666668
98,242,99.2,125.0,90.0,0.0016666666666666668
98,243,99.5,125.0,90.0,0.0016666666666666668
98,244,99.8,125.0,90.0,0.0016666666666666668
98,246,116.3,125.0,90.0,0.0016666666666666668
98,247,116.6,125.0,90.0,0.0016666666666666668
99,136,82.1,134.0,90.0,0.0016666666666666668
99,137,82.1,133.7,90.0,0.0016666666666666668
99,138,82.1,133.4,90.0,0.0016666666666666668
99,139,82.1,133.1,90.0,0.0016666666666666668
99,140,82.1,132.8,90.0,0.0016666666666666668
99,141,82.1,132.5,90.0,0.0016666666666666668
99,142,82.1,132.2,90.0,0.0016666666666666668
99,143,90.2,124.7,90.0,0.0016666666666666668
99,144,90.5,124.7,90.0,0.0016666666666666668
99,145,90.8,124.7,90.0,0.0016666666666666668
99,151,82.1,129.8,90.0,0.0016666666666666668
99,152,82.10400160128128,129.5,87.70755722404424,0.0018749929761864628
99,153,82.1250628144669,129.2,84.2608295227332,0.0018452401020419631
99,154,82.16441492829878,128.9,80.79310377865427,0.0018749929761864628
99,155,82.1,130.1,90.0,0.0016666666666666668
99,225,91.1,124.7,90.0,0.0016666666666666668
99,241,98.9,124.7,90.0,0.0016666666666666668
99,242,99.2,124.7,90.0,0.0016666666666666668
99,243,99.5,124.7,90.0,0.0016666666666666668
99,244,99.8,124.7,90.0,0.0016666666666666668
99,246,116.3,124.7,90.0,0.0016666666666666668
99,247,116.6,124.7,90.0,0.0016666666666666668
100,136,88.0959983987187,138.8,87.70755722404424,0.0018749929761864628
100,137,88.4,138.8,90.0,0.0016666666666666668
100,138,88.7,138.8,90.0,0.0016666666666666668
100,139,89.0,138.8,90.0,0.0016666666666666668
100,140,89.3,138.8,90.0,0.0016666666666666668
100,141,89.6,138.8,90.0,0.0016666666666666668
100,142,89.9,138.8,90.0,0.0016666666666666668
100,143,90.2,138.8,90.0,0.0016666666666666668
100,144,90.5,138.8,90.0,0.0016666666666666668
100,145,90.8,138.8,90.0,0.0016666666666666668
100,151,96.8,138.8,90.0,0.0016666666666666668
100,152,97.1,138.8,90.0,0.0016666666666666668
100,153,97.4,138.8,90.0,0.0016666666666666668
100,154,97.7,138.8,90.0,0.0016666666666666668
100,155,96.5,138.8,90.0,0.0016666666666666668
100,225,91.1,138.8,90.0,0.0016666666666666668
100,241,98.9,138.8,90.0,0.0016666666666666668
100,242,99.2,138.8,90.0,0.0016666666666666668
100,243,99.5,138.8,90.0,0.0016666666666666668
100,244,99.8,138.8,90.0,0.0016666666666666668
100,246,116.3,138.8,90.0,0.0016666666666666668
100,247,116.6,138.8,90.0,0.0016666666666666668
101,130,121.4,44.9,90.0,0.0016666666666666668
101,131,121.7,44.9,90.0,0.0016666666666666668
101,146,126.8,111.13558507170123,80.79310377865414,0.0018749929761864628
101,179,113.3,44.9,90.0,0.0016666666666666668
101,180,112.7,44.9,90.0,0.0016666666666666668
101,181,113.0,44.9,90.0,0.0016666666666666668
101,182,96.5,20.3,90.0,0.0016666666666666668
101,183,96.5,20.6,90.0,0.0016666666666666668
101,184,96.5,20.9,90.0,0.0016666666666666668
101,185,96.5,22.4,90.0,0.0016666666666666668
101,186,96.5,22.7,90.0,0.0016666666666666668
101,187,96.5,21.2,90.0,0.0016666666666666668
101,188,96.5,21.5,90.0,0.0016666666666666668
101,189,96.5,21.8,90.0,0.0016666666666666668
101,190,121.1,44.9,90.0,0.0016666666666666668
101,191,96.5,8.0,90.0,0.0016666666666666668
101,192,96.5,24.5,90.0,0.0016666666666666668
101,193,96.5,24.8,90.0,0.0016666666666666668
101,194,96.5,25.4,90.0,0.0016666666666666668
101,195,96.5,25.7,90.0,0.0016666666666666668
101,196,96.5,26.0,90.0,0.0016666666666666668
101,197,96.5,25.1,90.0,0.0016666666666666668
101,198,96.5,27.8,90.0,0.0016666666666666668
101,249,96.5,22.1,90.0,0.0016666666666666668
101,251,96.5,17.6,90.0,0.0016666666666666668
101,252,96.5,17.9,90.0,0.0016666666666666668
101,253,96.5,18.2,90.0,0.0016666666666666668
101,254,96.5,18.5,90.0,0.0016666666666666668
102,130,121.4,44.6,90.0,0.0016666666666666668
102,131,121.7,44.6,90.0,0.0016666666666666668
102,146,127.1,111.07749935930289,77.29096700560466,0.0017857062584988146
102,190,121.1,44.6,90.0,0.0016666666666666668
102,191,113.6,8.0,90.0,0.0016666666666666668
102,192,113.6,24.5,90.0,0.0016666666666666668
102,193,113.6,24.8,90.0,0.0016666666666666668
102,194,113.6,25.4,90.0,0.0016666666666666668
102,195,113.6,25.7,90.0,0.0016666666666666668
102,196,113.6,26.0,90.0,0.0016666666666666668
102,197,113.6,25.1,90.0,0.0016666666666666668
102,198,113.6,27.8,90.0,0.0016666666666666668
103,130,121.4,43.7,90.0,0.0016666666666666668
103,131,121.7,43.7,90.0,0.0016666666666666668
103,146,127.4,111.0,73.73979529168798,0.0018452401020419631
103,190,121.1,43.7,90.0,0.0016666666666666668
103,191,113.9,8.0,90.0,0.0016666666666666668
103,192,113.9,24.5,90.0,0.0016666666666666668
103,193,113.9,24.8,90.0,0.0016666666666666668
103,194,113.9,25.4,90.0,0.0016666666666666668
103,195,113.9,25.7,90.0,0.0016666666666666668
103,196,113.9,26.0,90.0,0.0016666666666666668
103,197,113.9,25.1,90.0,0.0016666666666666668
103,198,113.9,27.8,90.0,0.0016666666666666668
104,130,121.4,43.4,90.0,0.0016666666666666668
104,131,121.7,43.4,90.0,0.0016666666666666668
104,146,127.7,110.9021271782035,70.12312592992113,0.0033035804591888336
104,190,121.1,43.4,90.0,0.0016666666666666668
104,191,114.2,7.995998398718719,87.70755722404408,0.0018749929761864628
104,192,114.2,24.5,90.0,0.0016666666666666668
104,193,114.2,24.8,90.0,0.0016666666666666668
104,194,114.2,25.4,90.0,0.0016666666666666668
104,195,114.2,25.7,90.0,0.0016666666666666668
104,196,114.2,26.0,90.0,0.0016666666666666668
104,197,114.2,25.1,90.0,0.0016666666666666668
104,198,114.2,27.8,90.0,0.0016666666666666668
105,111,95.6,45.8,90.0,0.0016666666666666668
105,112,95.9,45.8,90.0,0.0016666666666666668
105,113,48.2,45.8,90.0,0.0016666666666666668
105,114,48.5,45.8,90.0,0.0016666666666666668
105,116,20.299999999999997,45.8,90.0,0.0016666666666666668
105,117,20.599999999999994,45.8,90.0,0.0016666666666666668
105,122,47.3,45.8,90.0,0.0016666666666666668
105,123,47.599999999999994,45.8,90.0,0.0016666666666666668
105,124,47.900000000000006,45.8,90.0,0.0016666666666666668
105,130,121.4,45.8250628144669,84.26082952273322,0.0018452401020419631
105,131,121.7,45.86441492829877,80.79310377865414,0.0018749929761864628
105,132,85.4,45.8,90.0,0.0016666666666666668
105,133,85.7,45.8,90.0,0.0016666666666666668
105,135,38.900000000000006,45.8,90.0,0.0016666666666666668
105,143,49.099999999999994,45.8,90.0,0.0016666666666666668
105,144,49.400000000000006,45.8,90.0,0.0016666666666666668
105,145,68.6,45.8,90.0,0.0016666666666666668
105,146,125.9,111.2,90.0,0.0016666666666666668
105,147,47.0,45.8,90.0,0.0016666666666666668
105,150,29.900000000000006,45.8,90.0,0.0016666666666666668
105,156,56.0,45.8,90.0,0.0016666666666666668
105,157,56.3,45.8,90.0,0.0016666666666666668
105,158,14.299999999999997,45.8,90.0,0.0016666666666666668
105,159,14.599999999999994,45.8,90.0,0.0016666666666666668
105,160,13.400000000000006,45.8,90.0,0.0016666666666666668
105,161,13.700000000000003,45.8,90.0,0.0016666666666666668
105,162,29.599999999999994,45.8,90.0,0.0016666666666666668
105,163,38.0,45.8,90.0,0.0016666666666666668
105,165,29.0,45.8,90.0,0.0016666666666666668
105,166,29.299999999999997,45.8,90.0,0.0016666666666666668
105,179,113.3,45.8,90.0,0.0016666666666666668
105,180,112.7,45.8,90.0,0.0016666666666666668
105,181,113.0,45.8,90.0,0.0016666666666666668
105,190,121.1,45.80400160128128,87.70755722404425,0.0018749929761864628
105,199,84.8,45.8,90.0,0.0016666666666666668
105,200,85.1,45.8,90.0,0.0016666666666666668
105,207,48.8,45.8,90.0,0.0016666666666666668
105,210,68.3,45.8,90.0,0.0016666666666666668
105,211,66.8,45.8,90.0,0.0016666666666666668
105,212,67.1,45.8,90.0,0.0016666666666666668
105,213,67.4,45.8,90.0,0.0016666666666666668
105,214,67.7,45.8,90.0,0.0016666666666666668
105,215,68.0,45.8,90.0,0.0016666666666666668
105,216,65.6,45.8,90.0,0.0016666666666666668
105,217,65.9,45.8,90.0,0.0016666666666666668
105,218,66.2,45.8,90.0,0.0016666666666666668
105,219,66.5,45.8,90.0,0.0016666666666666668
105,222,75.8,45.8,90.0,0.0016666666666666668
105,223,76.1,45.8,90.0,0.0016666666666666668
105,224,76.4,45.8,90.0,0.0016666666666666668
105,225,77.3,45.8,90.0,0.0016666666666666668
105,226,74.9,45.8,90.0,0.0016666666666666668
105,227,75.2,45.8,90.0,0.0016666666666666668
105,228,75.5,45.8,90.0,0.0016666666666666668
105,232,14.0,45.8,90.0,0.0016666666666666668
105,233,11.0,45.8,90.0,0.0016666666666666668
105,234,11.299999999999997,45.8,90.0,0.0016666666666666668
105,235,11.599999999999994,45.8,90.0,0.0016666666666666668
105,236,11.900000000000006,45.8,90.0,0.0016666666666666668
105,237,12.200000000000003,45.8,90.0,0.0016666666666666668
105,238,12.5,45.8,90.0,0.0016666666666666668
105,239,12.799999999999997,45.8,90.0,0.0016666666666666668
105,240,13.099999999999994,45.8,90.0,0.0016666666666666668
105,241,21.799999999999997,45.8,90.0,0.0016666666666666668
105,242,22.099999999999994,45.8,90.0,0.0016666666666666668
105,243,22.400000000000006,45.8,90.0,0.0016666666666666668
105,244,22.700000000000003,45.8,90.0,0.0016666666666666668
105,245,20.0,45.8,90.0,0.0016666666666666668
105,246,30.86441492829877,45.8,80.79310377865414,0.0018749929761864628
105,247,31.22250064069712,45.8,77.29096700560463,0.0017857062584988146
105,248,30.200000000000003,45.8,90.0,0.0016666666666666668
105,255,38.3,45.8,90.0,0.0016666666666666668
106,111,95.6,45.5,90.0,0.0016666666666666668
106,112,95.9,45.5,90.0,0.0016666666666666668
106,113,48.2,45.5,90.0,0.0016666666666666668
106,114,48.5,45.5,90.0,0.0016666666666666668
106,122,47.3,45.5,90.0,0.0016666666666666668
106,123,47.60000000000001,45.5,90.0,0.0016666666666666668
106,124,47.89999999999999,45.5,90.0,0.0016666666666666668
106,130,121.4,45.50400160128128,87.70755722404408,0.0018749929761864628
106,131,121.7,45.5250628144669,84.26082952273322,0.0018452401020419631
106,132,85.4,45.5,90.0,0.0016666666666666668
106,133,85.7,45.5,90.0,0.0016666666666666668
106,143,49.10000000000001,45.5,90.0,0.0016666666666666668
106,144,49.39999999999999,45.5,90.0,0.0016666666666666668
106,145,68.6,45.5,90.0,0.0016666666666666668
106,146,126.2,111.19599839871873,87.70755722404408,0.0018749929761864628
106,147,47.0,45.5,90.0,0.0016666666666666668
106,156,56.0,45.5,90.0,0.0016666666666666668
106,157,56.3,45.5,90.0,0.0016666666666666668
106,177,39.2,15.2,90.0,0.0016666666666666668
106,179,113.3,45.5,90.0,0.0016666666666666668
106,180,112.7,45.5,90.0,0.0016666666666666668
106,181,113.0,45.5,90.0,0.0016666666666666668
106,185,39.2,22.4,90.0,0.0016666666666666668
106,186,39.2,22.7,90.0,0.0016666666666666668
106,187,39.2,21.2,90.0,0.0016666666666666668
106,188,39.2,21.5,90.0,0.0016666666666666668
106,189,39.2,21.8,90.0,0.0016666666666666668
106,190,121.1,45.5,90.0,0.0016666666666666668
106,199,84.8,45.5,90.0,0.0016666666666666668
106,200,85.1,45.5,90.0,0.0016666666666666668
106,201,39.2,10.100000000000001,90.0,0.0016666666666666668
106,202,39.2,9.5,90.0,0.0016666666666666668
106,207,48.8,45.5,90.0,0.0016666666666666668
106,210,68.3,45.5,90.0,0.0016666666666666668
106,211,66.8,45.5,90.0,0.0016666666666666668
106,212,67.1,45.5,90.0,0.0016666666666666668
106,213,67.4,45.5,90.0,0.0016666666666666668
106,214,67.7,45.5,90.0,0.0016666666666666668
106,215,68.0,45.5,90.0,0.0016666666666666668
106,216,65.6,45.5,90.0,0.0016666666666666668
106,217,65.9,45.5,90.0,0.0016666666666666668
106,218,66.2,45.5,90.0,0.0016666666666666668
106,219,66.5,45.5,90.0,0.0016666666666666668
106,220,39.2,5.0,90.0,0.0016666666666666668
106,221,39.2,5.299999999999997,90.0,0.0016666666666666668
106,222,75.8,45.5,90.0,0.0016666666666666668
106,223,76.1,45.5,90.0,0.0016666666666666668
106,224,76.4,45.5,90.0,0.0016666666666666668
106,225,77.3,45.5,90.0,0.0016666666666666668
106,226,74.9,45.5,90.0,0.0016666666666666668
106,227,75.2,45.5,90.0,0.0016666666666666668
106,228,75.5,45.5,90.0,0.0016666666666666668
106,229,39.2,5.600000000000001,90.0,0.0016666666666666668
106,249,39.2,22.1,90.0,0.0016666666666666668
106,250,39.2,9.8,90.0,0.0016666666666666668
107,118,38.2978728217965,142.1,70.12312592992097,0.0033035804591888336
107,119,38.417424305044165,141.8,66.42182152179815,0.002916680714293742
107,120,38.560405423915384,141.5,62.61289249734594,0.002113100255104908
107,121,38.72916869918749,141.2,58.66774850240543,0.00199406066327276
107,122,53.0,138.8,90.0,0.0016666666666666668
107,123,53.3,138.8,90.0,0.0016666666666666668
107,124,53.6,138.8,90.0,0.0016666666666666668
107,125,52.7,138.8,90.0,0.0016666666666666668
107,155,46.7,138.8,90.0,0.0016666666666666668
107,156,43.7,138.8,90.0,0.0016666666666666668
107,157,44.0,138.8,90.0,0.0016666666666666668
107,158,42.8,138.8040016012813,87.70755722404408,0.0018749929761864628
107,159,43.1,138.8,90.0,0.0016666666666666668
107,164,38.0,144.82506281446692,84.2608295227332,0.0018452401020419631
107,190,46.4,138.8,90.0,0.0016666666666666668
107,199,45.8,138.8,90.0,0.0016666666666666668
107,200,46.1,138.8,90.0,0.0016666666666666668
107,210,53.9,138.8,90.0,0.0016666666666666668
107,211,44.3,138.8,90.0,0.0016666666666666668
107,212,44.6,138.8,90.0,0.0016666666666666668
107,213,44.9,138.8,90.0,0.0016666666666666668
107,214,45.2,138.8,90.0,0.0016666666666666668
107,215,45.5,138.8,90.0,0.0016666666666666668
107,222,54.2,138.8,90.0,0.0016666666666666668
107,223,54.5,138.8,90.0,0.0016666666666666668
107,224,54.8,138.8,90.0,0.0016666666666666668
107,248,43.4,138.8,90.0,0.0016666666666666668
108,118,37.900000000000006,142.1,73.73979529168798,0.0018452401020419631
108,119,37.9978728217965,141.8,70.12312592992131,0.0033035804591888336
108,120,38.11742430504417,141.5,66.42182152179815,0.002916680714293742
108,121,38.26040542391539,141.2,62.61289249734594,0.002113100255104908
108,122,53.0,138.5,90.0,0.0016666666666666668
108,123,53.3,138.5,90.0,0.0016666666666666668
108,124,53.6,138.5,90.0,0.0016666666666666668
108,125,52.7,138.5,90.0,0.0016666666666666668
108,155,46.7,138.5,90.0,0.0016666666666666668
108,156,43.7,138.5,90.0,0.0016666666666666668
108,157,44.0,138.5,90.0,0.0016666666666666668
108,158,42.8,138.5,90.0,0.0016666666666666668
108,159,43.1,138.5,90.0,0.0016666666666666668
108,164,37.7,144.8040016012813,87.70755722404408,0.0018749929761864628
108,190,46.4,138.5,90.0,0.0016666666666666668
108,199,45.8,138.5,90.0,0.0016666666666666668
108,200,46.1,138.5,90.0,0.0016666666666666668
108,210,53.9,138.5,90.0,0.0016666666666666668
108,211,44.3,138.5,90.0,0.0016666666666666668
108,212,44.6,138.5,90.0,0.0016666666666666668
108,213,44.9,138.5,90.0,0.0016666666666666668
108,214,45.2,138.5,90.0,0.0016666666666666668
108,215,45.5,138.5,90.0,0.0016666666666666668
108,222,54.2,138.5,90.0,0.0016666666666666668
108,223,54.5,138.5,90.0,0.0016666666666666668
108,224,54.8,138.5,90.0,0.0016666666666666668
108,248,43.4,138.5,90.0,0.0016666666666666668
109,118,37.52250064069712,142.1,77.29096700560463,0.0017857062584988146
109,119,37.599999999999994,141.8,73.73979529168831,0.0018452401020419631
109,120,37.697872821796494,141.5,70.12312592992131,0.0033035804591888336
109,121,37.817424305044156,141.2,66.42182152179818,0.002916680714293742
109,122,53.0,138.2,90.0,0.0016666666666666668
109,123,53.3,138.2,90.0,0.0016666666666666668
109,124,53.6,138.2,90.0,0.0016666666666666668
109,125,52.7,138.2,90.0,0.0016666666666666668
109,155,46.7,138.2,90.0,0.0016666666666666668
109,156,43.7,138.2,90.0,0.0016666666666666668
109,157,44.0,138.2,90.0,0.0016666666666666668
109,158,42.8,138.2,90.0,0.0016666666666666668
109,159,43.1,138.2,90.0,0.0016666666666666668
109,164,37.4,144.8,90.0,0.0016666666666666668
109,190,46.4,138.2,90.0,0.0016666666666666668
109,199,45.8,138.2,90.0,0.0016666666666666668
109,200,46.1,138.2,90.0,0.0016666666666666668
109,210,53.9,138.2,90.0,0.0016666666666666668
109,211,44.3,138.2,90.0,0.0016666666666666668
109,212,44.6,138.2,90.0,0.0016666666666666668
109,213,44.9,138.2,90.0,0.0016666666666666668
109,214,45.2,138.2,90.0,0.0016666666666666668
109,215,45.5,138.2,90.0,0.0016666666666666668
109,222,54.2,138.2,90.0,0.0016666666666666668
109,223,54.5,138.2,90.0,0.0016666666666666668
109,224,54.8,138.2,90.0,0.0016666666666666668
109,248,43.4,138.2,90.0,0.0016666666666666668
110,118,37.164414928298775,142.1,80.79310377865397,0.0018749929761864628
110,119,37.22250064069712,141.8,77.29096700560463,0.0017857062584988146
110,120,37.300000000000004,141.5,73.73979529168798,0.0018452401020419631
110,121,37.39787282179651,141.2,70.12312592992095,0.0033035804591888336
110,122,53.0,137.9,90.0,0.0016666666666666668
110,123,53.3,137.9,90.0,0.0016666666666666668
110,124,53.6,137.9,90.0,0.0016666666666666668
110,125,52.7,137.9,90.0,0.0016666666666666668
110,155,46.7,137.9,90.0,0.0016666666666666668
110,156,43.7,137.9,90.0,0.0016666666666666668
110,157,44.0,137.9,90.0,0.0016666666666666668
110,158,42.8,137.9,90.0,0.0016666666666666668
110,159,43.1,137.9,90.0,0.0016666666666666668
110,164,37.1,144.8,90.0,0.0016666666666666668
110,190,46.4,137.9,90.0,0.0016666666666666668
110,199,45.8,137.9,90.0,0.0016666666666666668
110,200,46.1,137.9,90.0,0.0016666666666666668
110,210,53.9,137.9,90.0,0.0016666666666666668
110,211,44.3,137.9,90.0,0.0016666666666666668
110,212,44.6,137.9,90.0,0.0016666666666666668
110,213,44.9,137.9,90.0,0.0016666666666666668
110,214,45.2,137.9,90.0,0.0016666666666666668
110,215,45.5,137.9,90.0,0.0016666666666666668
110,222,54.2,137.9,90.0,0.0016666666666666668
110,223,54.5,137.9,90.0,0.0016666666666666668
110,224,54.8,137.9,90.0,0.0016666666666666668
110,248,43.4,137.9,90.0,0.0016666666666666668
111,126,72.2,136.7,90.0,0.0016666666666666668
111,127,72.2,136.4,90.0,0.0016666666666666668
111,128,72.2,136.1,90.0,0.0016666666666666668
111,129,72.2,135.8,90.0,0.0016666666666666668
111,132,81.25316291046867,95.3,60.38521239483646,0.0018452401020419631
111,133,81.73796997819123,95.3,56.346691963468395,0.0021428531292494077
111,134,79.7,95.3,90.0,0.0016666666666666668
111,135,80.0,95.3,90.0,0.0016666666666666668
111,136,72.2,134.0,90.0,0.0016666666666666668
111,137,72.2,133.7,90.0,0.0016666666666666668
111,138,72.2,133.4,90.0,0.0016666666666666668
111,139,72.2,133.1,90.0,0.0016666666666666668
111,140,72.2,132.8,90.0,0.0016666666666666668
111,141,72.2,132.5,90.0,0.0016666666666666668
111,142,72.2,132.2,90.0,0.0016666666666666668
111,143,90.2,95.3,90.0,0.0016666666666666668
111,144,90.5,95.3,90.0,0.0016666666666666668
111,145,90.8,95.29599839871872,87.70755722404408,0.0018749929761864628
111,146,72.2,111.2,90.0,0.0016666666666666668
111,151,72.2,129.8,90.0,0.0016666666666666668
111,152,72.2,129.5,90.0,0.0016666666666666668
111,153,72.2,129.2,90.0,0.0016666666666666668
111,154,72.2,128.9,90.0,0.0016666666666666668
111,155,72.2,130.1,90.0,0.0016666666666666668
111,180,72.2,101.3,90.0,0.0016666666666666668
111,181,72.2,101.6,90.0,0.0016666666666666668
111,182,95.6,20.3,90.0,0.0016666666666666668
111,183,95.6,20.6,90.0,0.0016666666666666668
111,184,95.6,20.9,90.0,0.0016666666666666668
111,185,95.6,22.4,90.0,0.0016666666666666668
111,186,95.6,22.7,90.0,0.0016666666666666668
111,187,95.6,21.2,90.0,0.0016666666666666668
111,188,95.6,21.5,90.0,0.0016666666666666668
111,189,95.6,21.8,90.0,0.0016666666666666668
111,190,72.2,104.0,90.0,0.0016666666666666668
111,191,95.6,8.0,90.0,0.0016666666666666668
111,192,95.6,24.5,90.0,0.0016666666666666668
111,193,95.6,24.8,90.0,0.0016666666666666668
111,194,95.6,25.4,90.0,0.0016666666666666668
111,195,95.6,25.7,90.0,0.0016666666666666668
111,196,95.6,26.0,90.0,0.0016666666666666668
111,197,95.6,25.1,90.0,0.0016666666666666668
111,198,95.6,27.8,90.0,0.0016666666666666668
111,206,95.6,45.2,90.0,0.0016666666666666668
111,207,80.3,95.3,90.0,0.0016666666666666668
111,225,91.1,95.2749371855331,84.26082952273323,0.0018452401020419631
111,241,95.6,59.59787282179649,70.12312592992131,0.0033035804591888336
111,242,95.6,58.599999999999994,73.73979529168815,0.0018452401020419631
111,243,95.6,58.22250064069712,77.29096700560463,0.0017857062584988146
111,244,95.6,57.86441492829877,80.79310377865414,0.0018749929761864628
111,246,95.6,50.0,90.0,0.0016666666666666668
111,247,95.6,49.7,90.0,0.0016666666666666668
111,249,95.6,22.1,90.0,0.0016666666666666668
111,251,95.6,17.6,90.0,0.0016666666666666668
111,252,95.6,17.9,90.0,0.0016666666666666668
111,253,95.6,18.2,90.0,0.0016666666666666668
111,254,95.6,18.5,90.0,0.0016666666666666668
112,126,72.5,136.7,90.0,0.0016666666666666668
112,127,72.5,136.4,90.0,0.0016666666666666668
112,128,72.5,136.1,90.0,0.0016666666666666668
112,129,72.5,135.8,90.0,0.0016666666666666668
112,132,81.0958362081944,95.6,64.26774642162691,0.002946433588438241
112,133,81.55316291046869,95.6,60.38521239483646,0.0018452401020419631
112,134,79.7,95.6,90.0,0.0016666666666666668
112,135,80.0,95.6,90.0,0.0016666666666666668
112,136,72.5,134.0,90.0,0.0016666666666666668
112,137,72.5,133.7,90.0,0.0016666666666666668
112,138,72.5,133.4,90.0,0.0016666666666666668
112,139,72.5,133.1,90.0,0.0016666666666666668
112,140,72.5,132.8,90.0,0.0016666666666666668
112,141,72.5,132.5,90.0,0.0016666666666666668
112,142,72.5,132.2,90.0,0.0016666666666666668
112,143,90.2,95.6,90.0,0.0016666666666666668
112,144,90.5,95.6,90.0,0.0016666666666666668
112,145,90.8,95.6,90.0,0.0016666666666666668
112,146,72.5,111.2,90.0,0.0016666666666666668
112,151,72.5,129.8,90.0,0.0016666666666666668
112,152,72.5,129.5,90.0,0.0016666666666666668
112,153,72.5,129.2,90.0,0.0016666666666666668
112,154,72.5,128.9,90.0,0.0016666666666666668
112,155,72.5,130.1,90.0,0.0016666666666666668
112,180,72.5,101.3,90.0,0.0016666666666666668
112,181,72.5,101.6,90.0,0.0016666666666666668
112,182,95.9,20.3,90.0,0.0016666666666666668
112,183,95.9,20.6,90.0,0.0016666666666666668
112,184,95.9,20.9,90.0,0.0016666666666666668
112,185,95.9,22.4,90.0,0.0016666666666666668
112,186,95.9,22.7,90.0,0.0016666666666666668
112,187,95.9,21.2,90.0,0.0016666666666666668
112,188,95.9,21.5,90.0,0.0016666666666666668
112,189,95.9,21.8,90.0,0.0016666666666666668
112,190,72.5,104.0,90.0,0.0016666666666666668
112,191,95.9,8.0,90.0,0.0016666666666666668
112,192,95.9,24.5,90.0,0.0016666666666666668
112,193,95.9,24.8,90.0,0.0016666666666666668
112,194,95.9,25.4,90.0,0.0016666666666666668
112,195,95.9,25.7,90.0,0.0016666666666666668
112,196,95.9,26.0,90.0,0.0016666666666666668
112,197,95.9,25.1,90.0,0.0016666666666666668
112,198,95.9,27.8,90.0,0.0016666666666666668
112,206,95.9,45.2,90.0,0.0016666666666666668
112,207,80.3,95.6,90.0,0.0016666666666666668
112,225,91.1,95.5959983987187,87.70755722404424,0.0018749929761864628
112,241,95.9,59.717424305044155,66.42182152179818,0.002916680714293742
112,242,95.9,58.6978728217965,70.12312592992113,0.0033035804591888336
112,243,95.9,58.300000000000004,73.73979529168798,0.0018452401020419631
112,244,95.9,57.92250064069712,77.29096700560446,0.0017857062584988146
112,246,95.9,50.0,90.0,0.0016666666666666668
112,247,95.9,49.7,90.0,0.0016666666666666668
112,249,95.9,22.1,90.0,0.0016666666666666668
112,251,95.9,17.6,90.0,0.0016666666666666668
112,252,95.9,17.9,90.0,0.0016666666666666668
112,253,95.9,18.2,90.0,0.0016666666666666668
112,254,95.9,18.5,90.0,0.0016666666666666668
113,126,71.6,136.7,90.0,0.0016666666666666668
113,127,71.6,136.4,90.0,0.0016666666666666668
113,128,71.6,136.1,90.0,0.0016666666666666668
113,129,71.6,135.8,90.0,0.0016666666666666668
113,134,48.92916869918747,65.3,58.66774850240584,0.00199406066327276
113,135,48.76040542391538,65.0,62.61289249734613,0.002113100255104908
113,136,71.6,134.0,90.0,0.0016666666666666668
113,137,71.6,133.7,90.0,0.0016666666666666668
113,138,71.6,133.4,90.0,0.0016666666666666668
113,139,71.6,133.1,90.0,0.0016666666666666668
113,140,71.6,132.8,90.0,0.0016666666666666668
113,141,71.6,132.5,90.0,0.0016666666666666668
113,142,71.6,132.2,90.0,0.0016666666666666668
113,146,71.6,111.2,90.0,0.0016666666666666668
113,151,71.6,129.8,90.0,0.0016666666666666668
113,152,71.6,129.5,90.0,0.0016666666666666668
113,153,71.6,129.2,90.0,0.0016666666666666668
113,154,71.6,128.9,90.0,0.0016666666666666668
113,155,71.6,130.1,90.0,0.0016666666666666668
113,156,56.0,67.7,90.0,0.0016666666666666668
113,157,56.3,67.7,90.0,0.0016666666666666668
113,177,48.2,15.200000000000003,90.0,0.0016666666666666668
113,180,71.6,101.3,90.0,0.0016666666666666668
113,181,71.6,101.6,90.0,0.0016666666666666668
113,185,48.2,22.4,90.0,0.0016666666666666668
113,186,48.2,22.700000000000003,90.0,0.0016666666666666668
113,187,48.2,21.200000000000003,90.0,0.0016666666666666668
113,188,48.2,21.5,90.0,0.0016666666666666668
113,189,48.2,21.799999999999997,90.0,0.0016666666666666668
113,190,71.6,104.0,90.0,0.0016666666666666668
113,199,71.6,92.9,90.0,0.0016666666666666668
113,200,71.6,93.2,90.0,0.0016666666666666668
113,201,48.2,10.100000000000001,90.0,0.0016666666666666668
113,202,48.2,9.5,90.0,0.0016666666666666668
113,203,48.2,8.600000000000001,90.0,0.0016666666666666668
113,204,48.2,8.899999999999999,90.0,0.0016666666666666668
113,205,48.2,9.200000000000003,90.0,0.0016666666666666668
113,210,68.3,67.9978728217965,70.12312592992113,0.0033035804591888336
113,211,66.8,67.70400160128128,87.70755722404408,0.0018749929761864628
113,212,67.1,67.72506281446691,84.2608295227332,0.0018452401020419631
113,213,67.4,67.76441492829878,80.79310377865397,0.0018749929761864628
113,214,67.7,67.82250064069713,77.29096700560446,0.0017857062584988146
113,215,68.0,67.9,73.73979529168798,0.0018452401020419631
113,216,65.6,67.7,90.0,0.0016666666666666668
113,217,65.9,67.7,90.0,0.0016666666666666668
113,218,66.2,67.7,90.0,0.0016666666666666668
113,219,66.5,67.7,90.0,0.0016666666666666668
113,220,48.2,5.0,90.0,0.0016666666666666668
113,221,48.2,5.299999999999997,90.0,0.0016666666666666668
113,222,71.6,88.93558507170123,80.79310377865414,0.0018749929761864628
113,223,71.6,89.2749371855331,84.26082952273323,0.0018452401020419631
113,224,71.6,90.19599839871873,87.70755722404425,0.0018749929761864628
113,226,71.6,87.8021271782035,70.12312592992134,0.0033035804591888336
113,227,71.6,88.20000000000002,73.73979529168817,0.0018452401020419631
113,228,71.6,88.57749935930289,77.29096700560466,0.0017857062584988146
113,229,48.2,5.600000000000001,90.0,0.0016666666666666668
113,241,48.2,59.3,90.0,0.0016666666666666668
113,242,48.2,58.4,90.0,0.0016666666666666668
113,243,48.2,58.1,90.0,0.0016666666666666668
113,244,48.2,57.8,90.0,0.0016666666666666668
113,246,48.2,50.0,90.0,0.0016666666666666668
113,247,48.2,49.7,90.0,0.0016666666666666668
113,249,48.2,22.1,90.0,0.0016666666666666668
113,250,48.2,9.799999999999997,90.0,0.0016666666666666668
113,251,48.2,17.6,90.0,0.0016666666666666668
113,252,48.2,17.9,90.0,0.0016666666666666668
113,253,48.2,18.200000000000003,90.0,0.0016666666666666668
113,254,48.2,18.5,90.0,0.0016666666666666668
114,126,71.9,136.7,90.0,0.0016666666666666668
114,127,71.9,136.4,90.0,0.0016666666666666668
114,128,71.9,136.1,90.0,0.0016666666666666668
114,129,71.9,135.8,90.0,0.0016666666666666668
114,134,49.42691762911673,65.3,54.54945736082474,0.002261892721081555
114,135,49.22916869918747,65.0,58.66774850240584,0.00199406066327276
114,136,71.9,134.0,90.0,0.0016666666666666668
114,137,71.9,133.7,90.0,0.0016666666666666668
114,138,71.9,133.4,90.0,0.0016666666666666668
114,139,71.9,133.1,90.0,0.0016666666666666668
114,140,71.9,132.8,90.0,0.0016666666666666668
114,141,71.9,132.5,90.0,0.0016666666666666668
114,142,71.9,132.2,90.0,0.0016666666666666668
114,146,71.9,111.2,90.0,0.0016666666666666668
114,151,71.9,129.8,90.0,0.0016666666666666668
114,152,71.9,129.5,90.0,0.0016666666666666668
114,153,71.9,129.2,90.0,0.0016666666666666668
114,154,71.9,128.9,90.0,0.0016666666666666668
114,155,71.9,130.1,90.0,0.0016666666666666668
114,156,56.0,67.4,90.0,0.0016666666666666668
114,157,56.3,67.4,90.0,0.0016666666666666668
114,177,48.5,15.200000000000003,90.0,0.0016666666666666668
114,180,71.9,101.3,90.0,0.0016666666666666668
114,181,71.9,101.6,90.0,0.0016666666666666668
114,185,48.5,22.4,90.0,0.0016666666666666668
114,186,48.5,22.700000000000003,90.0,0.0016666666666666668
114,187,48.5,21.200000000000003,90.0,0.0016666666666666668
114,188,48.5,21.5,90.0,0.0016666666666666668
114,189,48.5,21.799999999999997,90.0,0.0016666666666666668
114,190,71.9,104.0,90.0,0.0016666666666666668
114,199,71.9,92.9,90.0,0.0016666666666666668
114,200,71.9,93.2,90.0,0.0016666666666666668
114,201,48.5,10.100000000000001,90.0,0.0016666666666666668
114,202,48.5,9.5,90.0,0.0016666666666666668
114,203,48.5,8.600000000000001,90.0,0.0016666666666666668
114,204,48.5,8.899999999999999,90.0,0.0016666666666666668
114,205,48.5,9.200000000000003,90.0,0.0016666666666666668
114,210,68.3,67.60000000000001,73.73979529168814,0.0018452401020419631
114,211,66.8,67.4,90.0,0.0016666666666666668
114,212,67.1,67.4040016012813,87.70755722404424,0.0018749929761864628
114,213,67.4,67.42506281446691,84.2608295227332,0.0018452401020419631
114,214,67.7,67.46441492829878,80.79310377865414,0.0018749929761864628
114,215,68.0,67.52250064069713,77.29096700560461,0.0017857062584988146
114,216,65.6,67.4,90.0,0.0016666666666666668
114,217,65.9,67.4,90.0,0.0016666666666666668
114,218,66.2,67.4,90.0,0.0016666666666666668
114,219,66.5,67.4,90.0,0.0016666666666666668
114,220,48.5,5.0,90.0,0.0016666666666666668
114,221,48.5,5.299999999999997,90.0,0.0016666666666666668
114,222,71.9,88.87749935930287,77.29096700560446,0.0017857062584988146
114,223,71.9,89.23558507170122,80.79310377865397,0.0018749929761864628
114,224,71.9,90.17493718553311,84.26082952273323,0.0018452401020419631
114,226,71.9,87.68257569495583,66.42182152179815,0.002916680714293742
114,227,71.9,88.1021271782035,70.12312592992113,0.0033035804591888336
114,228,71.9,88.5,73.73979529168798,0.0018452401020419631
114,229,48.5,5.600000000000001,90.0,0.0016666666666666668
114,241,48.5,59.3,90.0,0.0016666666666666668
114,242,48.5,58.4,90.0,0.0016666666666666668
114,243,48.5,58.1,90.0,0.0016666666666666668
114,244,48.5,57.8,90.0,0.0016666666666666668
114,246,48.5,50.0,90.0,0.0016666666666666668
114,247,48.5,49.7,90.0,0.0016666666666666668
114,249,48.5,22.1,90.0,0.0016666666666666668
114,250,48.5,9.799999999999997,90.0,0.0016666666666666668
114,251,48.5,17.6,90.0,0.0016666666666666668
114,252,48.5,17.9,90.0,0.0016666666666666668
114,253,48.5,18.200000000000003,90.0,0.0016666666666666668
114,254,48.5,18.5,90.0,0.0016666666666666668
115,122,47.3,69.2,90.0,0.0016666666666666668
115,123,47.6,69.2,90.0,0.0016666666666666668
115,124,47.9,69.2,90.0,0.0016666666666666668
115,126,70.7,136.7,90.0,0.0016666666666666668
115,127,70.7,136.4,90.0,0.0016666666666666668
115,128,70.7,136.1,90.0,0.0016666666666666668
115,129,70.7,135.8,90.0,0.0016666666666666668
115,136,70.7,134.0,90.0,0.0016666666666666668
115,137,70.7,133.7,90.0,0.0016666666666666668
115,138,70.7,133.4,90.0,0.0016666666666666668
115,139,70.7,133.1,90.0,0.0016666666666666668
115,140,70.7,132.8,90.0,0.0016666666666666668
115,141,70.7,132.5,90.0,0.0016666666666666668
115,142,70.7,132.2,90.0,0.0016666666666666668
115,146,70.7,111.2,90.0,0.0016666666666666668
115,147,47.0,69.2,90.0,0.0016666666666666668
115,150,30.040222265089163,69.2,76.39867121599247,0.0017857062584988146
115,151,70.7,129.8,90.0,0.0016666666666666668
115,152,70.7,129.5,90.0,0.0016666666666666668
115,153,70.7,129.2,90.0,0.0016666666666666668
115,154,70.7,128.9,90.0,0.0016666666666666668
115,155,70.7,130.1,90.0,0.0016666666666666668
115,156,56.0,69.2,90.0,0.0016666666666666668
115,157,56.3,69.2,90.0,0.0016666666666666668
115,158,14.299999999999997,69.2,90.0,0.0016666666666666668
115,159,14.600000000000001,69.2,90.0,0.0016666666666666668
115,160,13.399999999999999,69.2,90.0,0.0016666666666666668
115,161,13.700000000000003,69.2,90.0,0.0016666666666666668
115,162,29.6,69.2,90.0,0.0016666666666666668
115,163,38.0,69.2,90.0,0.0016666666666666668
115,165,29.0,69.2,90.0,0.0016666666666666668
115,166,29.299999999999997,69.2,90.0,0.0016666666666666668
115,180,70.7,101.3,90.0,0.0016666666666666668
115,181,70.7,101.6,90.0,0.0016666666666666668
115,190,70.7,104.0,90.0,0.0016666666666666668
115,199,70.7,92.9,90.0,0.0016666666666666668
115,200,70.7,93.2,90.0,0.0016666666666666668
115,210,68.3,69.92916869918747,58.66774850240584,0.00199406066327276
115,211,66.8,69.32250064069711,77.29096700560466,0.0017857062584988146
115,212,67.1,69.4,73.73979529168814,0.0018452401020419631
115,213,67.4,69.4978728217965,70.12312592992113,0.0033035804591888336
115,214,67.7,69.61742430504417,66.42182152179815,0.002916680714293742
115,215,68.0,69.76040542391537,62.61289249734616,0.002113100255104908
115,216,65.6,69.2,90.0,0.0016666666666666668
115,217,65.9,69.20400160128128,87.70755722404408,0.0018749929761864628
115,218,66.2,69.22506281446691,84.2608295227332,0.0018452401020419631
115,219,66.5,69.26441492829878,80.79310377865414,0.0018749929761864628
115,222,70.7,89.0,90.0,0.0016666666666666668
115,223,70.7,89.3,90.0,0.0016666666666666668
115,224,70.7,90.2,90.0,0.0016666666666666668
115,226,70.7,88.03558507170122,80.79310377865414,0.0018749929761864628
115,227,70.7,88.3749371855331,84.2608295227332,0.0018452401020419631
115,228,70.7,88.69599839871873,87.70755722404408,0.0018749929761864628
115,232,14.0,69.2,90.0,0.0016666666666666668
115,233,10.749750932652276,69.2,71.79598943803332,0.002708326309519796
115,234,11.138113078722952,69.2,75.38033891603412,0.0019047739455851117
115,235,11.506581539400834,69.2,78.9070387773672,0.0019047739455851117
115,236,11.855980896156474,69.2,82.39161706377223,0.0018749929761864628
115,237,12.186877869303288,69.2,85.84807180104288,0.0018749929761864628
115,238,12.499615497578361,69.2,89.28943313627056,0.0017559533843543149
115,239,12.799999999999997,69.2,90.0,0.0016666666666666668
115,240,13.100000000000001,69.2,90.0,0.0016666666666666668
115,245,20.297872821796503,69.2,70.12312592992113,0.0033035804591888336
115,248,30.76040542391538,69.2,62.61289249734613,0.002113100255104908
115,255,38.3,69.2,90.0,0.0016666666666666668
116,122,47.3,68.9,90.0,0.0016666666666666668
116,123,47.6,68.9,90.0,0.0016666666666666668
116,124,47.9,68.9,90.0,0.0016666666666666668
116,126,71.0,136.7,90.0,0.0016666666666666668
116,127,71.0,136.4,90.0,0.0016666666666666668
116,128,71.0,136.1,90.0,0.0016666666666666668
116,129,71.0,135.8,90.0,0.0016666666666666668
116,134,20.499999999999993,65.3,73.73979529168817,0.0018452401020419631
116,136,71.0,134.0,90.0,0.0016666666666666668
116,137,71.0,133.7,90.0,0.0016666666666666668
116,138,71.0,133.4,90.0,0.0016666666666666668
116,139,71.0,133.1,90.0,0.0016666666666666668
116,140,71.0,132.8,90.0,0.0016666666666666668
116,141,71.0,132.5,90.0,0.0016666666666666668
116,142,71.0,132.2,90.0,0.0016666666666666668
116,146,71.0,111.2,90.0,0.0016666666666666668
116,147,47.0,68.9,90.0,0.0016666666666666668
116,150,29.977304234872058,68.9,79.91175988293527,0.0019047739455851117
116,151,71.0,129.8,90.0,0.0016666666666666668
116,152,71.0,129.5,90.0,0.0016666666666666668
116,153,71.0,129.2,90.0,0.0016666666666666668
116,154,71.0,128.9,90.0,0.0016666666666666668
116,155,71.0,130.1,90.0,0.0016666666666666668
116,156,56.0,68.9,90.0,0.0016666666666666668
116,157,56.3,68.9,90.0,0.0016666666666666668
116,162,29.6,68.9,90.0,0.0016666666666666668
116,163,38.0,68.9,90.0,0.0016666666666666668
116,165,29.0,68.9,90.0,0.0016666666666666668
116,166,29.299999999999997,68.9,90.0,0.0016666666666666668
116,177,20.3,15.200000000000003,90.0,0.0016666666666666668
116,180,71.0,101.3,90.0,0.0016666666666666668
116,181,71.0,101.6,90.0,0.0016666666666666668
116,185,20.3,22.4,90.0,0.0016666666666666668
116,186,20.3,22.700000000000003,90.0,0.0016666666666666668
116,190,71.0,104.0,90.0,0.0016666666666666668
116,199,71.0,92.9,90.0,0.0016666666666666668
116,200,71.0,93.2,90.0,0.0016666666666666668
116,201,20.3,10.100000000000001,90.0,0.0016666666666666668
116,210,68.3,69.46040542391538,62.61289249734616,0.002113100255104908
116,211,66.8,68.96441492829878,80.79310377865414,0.0018749929761864628
116,212,67.1,69.02250064069713,77.29096700560461,0.0017857062584988146
116,213,67.4,69.10000000000001,73.73979529168798,0.0018452401020419631
116,214,67.7,69.19787282179651,70.12312592992113,0.0033035804591888336
116,215,68.0,69.31742430504417,66.42182152179815,0.002916680714293742
116,216,65.6,68.9,90.0,0.0016666666666666668
116,217,65.9,68.9,90.0,0.0016666666666666668
116,218,66.2,68.9040016012813,87.70755722404408,0.0018749929761864628
116,219,66.5,68.92506281446691,84.2608295227332,0.0018452401020419631
116,222,71.0,88.99599839871871,87.70755722404408,0.0018749929761864628
116,223,71.0,89.3,90.0,0.0016666666666666668
116,224,71.0,90.2,90.0,0.0016666666666666668
116,226,71.0,87.97749935930287,77.29096700560461,0.0017857062584988146
116,227,71.0,88.33558507170123,80.79310377865414,0.0018749929761864628
116,228,71.0,88.67493718553311,84.26082952273323,0.0018452401020419631
116,229,20.3,5.59599839871872,87.70755722404412,0.0018749929761864628
116,248,30.61742430504416,68.9,66.42182152179818,0.002916680714293742
116,255,38.3,68.9,90.0,0.0016666666666666668
117,122,47.3,68.0,90.0,0.0016666666666666668
117,123,47.6,68.0,90.0,0.0016666666666666668
117,124,47.9,68.0,90.0,0.0016666666666666668
117,126,71.3,136.7,90.0,0.0016666666666666668
117,127,71.3,136.4,90.0,0.0016666666666666668
117,128,71.3,136.1,90.0,0.0016666666666666668
117,129,71.3,135.8,90.0,0.0016666666666666668
117,134,21.16040542391538,65.3,62.61289249734613,0.002113100255104908
117,136,71.3,134.0,90.0,0.0016666666666666668
117,137,71.3,133.7,90.0,0.0016666666666666668
117,138,71.3,133.4,90.0,0.0016666666666666668
117,139,71.3,133.1,90.0,0.0016666666666666668
117,140,71.3,132.8,90.0,0.0016666666666666668
117,141,71.3,132.5,90.0,0.0016666666666666668
117,142,71.3,132.2,90.0,0.0016666666666666668
117,146,71.3,111.2,90.0,0.0016666666666666668
117,147,47.0,68.0,90.0,0.0016666666666666668
117,150,29.9,68.0,90.0,0.0016666666666666668
117,151,71.3,129.8,90.0,0.0016666666666666668
117,152,71.3,129.5,90.0,0.0016666666666666668
117,153,71.3,129.2,90.0,0.0016666666666666668
117,154,71.3,128.9,90.0,0.0016666666666666668
117,155,71.3,130.1,90.0,0.0016666666666666668
117,156,56.0,68.0,90.0,0.0016666666666666668
117,157,56.3,68.0,90.0,0.0016666666666666668
117,162,29.6,68.0,90.0,0.0016666666666666668
117,163,38.0,68.0,90.0,0.0016666666666666668
117,165,29.0,68.0,90.0,0.0016666666666666668
117,166,29.299999999999997,68.0,90.0,0.0016666666666666668
117,177,20.6,15.200000000000003,90.0,0.0016666666666666668
117,180,71.3,101.3,90.0,0.0016666666666666668
117,181,71.3,101.6,90.0,0.0016666666666666668
117,185,20.6,22.4,90.0,0.0016666666666666668
117,186,20.6,22.700000000000003,90.0,0.0016666666666666668
117,190,71.3,104.0,90.0,0.0016666666666666668
117,199,71.3,92.9,90.0,0.0016666666666666668
117,200,71.3,93.2,90.0,0.0016666666666666668
117,201,20.6,10.100000000000001,90.0,0.0016666666666666668
117,210,68.3,68.41742430504416,66.42182152179815,0.002916680714293742
117,211,66.8,68.0250628144669,84.2608295227332,0.0018452401020419631
117,212,67.1,68.06441492829877,80.79310377865414,0.0018749929761864628
117,213,67.4,68.12250064069713,77.29096700560446,0.0017857062584988146
117,214,67.7,68.2,73.73979529168798,0.0018452401020419631
117,215,68.0,68.2978728217965,70.12312592992113,0.0033035804591888336
117,216,65.6,68.0,90.0,0.0016666666666666668
117,217,65.9,68.0,90.0,0.0016666666666666668
117,218,66.2,68.0,90.0,0.0016666666666666668
117,219,66.5,68.00400160128129,87.70755722404408,0.0018749929761864628
117,222,71.3,88.9749371855331,84.2608295227332,0.0018452401020419631
117,223,71.3,89.29599839871872,87.70755722404408,0.0018749929761864628
117,224,71.3,90.2,90.0,0.0016666666666666668
117,226,71.3,87.9,73.73979529168817,0.0018452401020419631
117,227,71.3,88.27749935930288,77.29096700560461,0.0017857062584988146
117,228,71.3,88.63558507170123,80.79310377865414,0.0018749929761864628
117,229,20.6,5.600000000000001,90.0,0.0016666666666666668
117,248,30.322500640697122,68.0,77.29096700560463,0.0017857062584988146
117,255,38.3,68.0,90.0,0.0016666666666666668
118,126,36.8,142.1,90.0,0.0016666666666666668
118,127,36.5,142.1,90.0,0.0016666666666666668
118,136,36.2,142.1,90.0,0.0016666666666666668
118,137,35.9,142.1,90.0,0.0016666666666666668
118,138,35.6,142.1,90.0,0.0016666666666666668
118,139,35.3,142.1,90.0,0.0016666666666666668
118,146,35.0,142.1,90.0,0.0016666666666666668
118,147,34.7,142.1,90.0,0.0016666666666666668
118,148,33.5,142.1250628144669,84.2608295227332,0.0018452401020419631
118,149,33.8,142.10400160128128,87.70755722404408,0.0018749929761864628
118,150,34.4,142.1,90.0,0.0016666666666666668
118,155,46.7,142.10400160128128,87.70755722404408,0.0018749929761864628
118,156,43.7,142.1,90.0,0.0016666666666666668
118,157,44.0,142.1,90.0,0.0016666666666666668
118,158,42.8,142.1,90.0,0.0016666666666666668
118,159,43.1,142.1,90.0,0.0016666666666666668
118,164,29.56040542391537,144.8,62.61289249734631,0.002113100255104908
118,190,46.4,142.1,90.0,0.0016666666666666668
118,199,45.8,142.1,90.0,0.0016666666666666668
118,200,46.1,142.1,90.0,0.0016666666666666668
118,211,44.3,142.1,90.0,0.0016666666666666668
118,212,44.6,142.1,90.0,0.0016666666666666668
118,213,44.9,142.1,90.0,0.0016666666666666668
118,214,45.2,142.1,90.0,0.0016666666666666668
118,215,45.5,142.1,90.0,0.0016666666666666668
118,245,34.1,142.1,90.0,0.0016666666666666668
118,248,43.4,142.1,90.0,0.0016666666666666668
119,126,36.8,141.8,90.0,0.0016666666666666668
119,127,36.5,141.8,90.0,0.0016666666666666668
119,136,36.2,141.8,90.0,0.0016666666666666668
119,137,35.9,141.8,90.0,0.0016666666666666668
119,138,35.6,141.8,90.0,0.0016666666666666668
119,139,35.3,141.8,90.0,0.0016666666666666668
119,146,35.0,141.8,90.0,0.0016666666666666668
119,147,34.7,141.8,90.0,0.0016666666666666668
119,148,33.5,141.8040016012813,87.70755722404408,0.0018749929761864628
119,149,33.8,141.8,90.0,0.0016666666666666668
119,150,34.4,141.8,90.0,0.0016666666666666668
119,155,46.7,141.8,90.0,0.0016666666666666668
119,156,43.7,141.8,90.0,0.0016666666666666668
119,157,44.0,141.8,90.0,0.0016666666666666668
119,158,42.8,141.8,90.0,0.0016666666666666668
119,159,43.1,141.8,90.0,0.0016666666666666668
119,164,29.117424305044164,144.8,66.42182152179817,0.002916680714293742
119,190,46.4,141.8,90.0,0.0016666666666666668
119,199,45.8,141.8,90.0,0.0016666666666666668
119,200,46.1,141.8,90.0,0.0016666666666666668
119,211,44.3,141.8,90.0,0.0016666666666666668
119,212,44.6,141.8,90.0,0.0016666666666666668
119,213,44.9,141.8,90.0,0.0016666666666666668
119,214,45.2,141.8,90.0,0.0016666666666666668
119,215,45.5,141.8,90.0,0.0016666666666666668
119,245,34.1,141.8,90.0,0.0016666666666666668
119,248,43.4,141.8,90.0,0.0016666666666666668
120,126,36.80400160128128,141.5,87.70755722404425,0.0018749929761864628
120,127,36.5,141.5,90.0,0.0016666666666666668
120,136,36.2,141.5,90.0,0.0016666666666666668
120,137,35.9,141.5,90.0,0.0016666666666666668
120,138,35.6,141.5,90.0,0.0016666666666666668
120,139,35.3,141.5,90.0,0.0016666666666666668
120,146,35.0,141.5,90.0,0.0016666666666666668
120,147,34.7,141.5,90.0,0.0016666666666666668
120,148,33.5,141.5,90.0,0.0016666666666666668
120,149,33.8,141.5,90.0,0.0016666666666666668
120,150,34.4,141.5,90.0,0.0016666666666666668
120,155,46.7,141.5,90.0,0.0016666666666666668
120,156,43.7,141.5,90.0,0.0016666666666666668
120,157,44.0,141.5,90.0,0.0016666666666666668
120,158,42.8,141.5,90.0,0.0016666666666666668
120,159,43.1,141.5,90.0,0.0016666666666666668
120,164,28.697872821796494,144.8,70.12312592992131,0.0033035804591888336
120,190,46.4,141.5,90.0,0.0016666666666666668
120,199,45.8,141.5,90.0,0.0016666666666666668
120,200,46.1,141.5,90.0,0.0016666666666666668
120,211,44.3,141.5,90.0,0.0016666666666666668
120,212,44.6,141.5,90.0,0.0016666666666666668
120,213,44.9,141.5,90.0,0.0016666666666666668
120,214,45.2,141.5,90.0,0.0016666666666666668
120,215,45.5,141.5,90.0,0.0016666666666666668
120,245,34.1,141.5,90.0,0.0016666666666666668
120,248,43.4,141.5,90.0,0.0016666666666666668
121,126,36.8250628144669,141.2,84.26082952273322,0.0018452401020419631
121,127,36.50400160128128,141.2,87.70755722404392,0.0018749929761864628
121,136,36.2,141.2,90.0,0.0016666666666666668
121,137,35.9,141.2,90.0,0.0016666666666666668
121,138,35.6,141.2,90.0,0.0016666666666666668
121,139,35.3,141.2,90.0,0.0016666666666666668
121,146,35.0,141.2,90.0,0.0016666666666666668
121,147,34.7,141.2,90.0,0.0016666666666666668
121,148,33.5,141.2,90.0,0.0016666666666666668
121,149,33.8,141.2,90.0,0.0016666666666666668
121,150,34.4,141.2,90.0,0.0016666666666666668
121,155,46.7,141.2,90.0,0.0016666666666666668
121,156,43.7,141.2,90.0,0.0016666666666666668
121,157,44.0,141.2,90.0,0.0016666666666666668
121,158,42.8,141.2,90.0,0.0016666666666666668
121,159,43.1,141.2,90.0,0.0016666666666666668
121,164,28.299999999999994,144.8,73.73979529168832,0.0018452401020419631
121,190,46.4,141.2,90.0,0.0016666666666666668
121,199,45.8,141.2,90.0,0.0016666666666666668
121,200,46.1,141.2,90.0,0.0016666666666666668
121,211,44.3,141.2,90.0,0.0016666666666666668
121,212,44.6,141.2,90.0,0.0016666666666666668
121,213,44.9,141.2,90.0,0.0016666666666666668
121,214,45.2,141.2,90.0,0.0016666666666666668
121,215,45.5,141.2,90.0,0.0016666666666666668
121,245,34.1,141.2,90.0,0.0016666666666666668
121,248,43.4,141.2,90.0,0.0016666666666666668
122,126,53.0,136.7,90.0,0.0016666666666666668
122,127,53.0,136.4,90.0,0.0016666666666666668
122,128,53.0,136.1,90.0,0.0016666666666666668
122,129,53.0,135.8,90.0,0.0016666666666666668
122,134,47.3,65.3,90.0,0.0016666666666666668
122,135,47.3,65.0,90.0,0.0016666666666666668
122,136,53.0,134.0,90.0,0.0016666666666666668
122,137,53.0,133.7,90.0,0.0016666666666666668
122,138,53.0,133.4,90.0,0.0016666666666666668
122,139,53.0,133.1,90.0,0.0016666666666666668
122,140,53.0,132.8,90.0,0.0016666666666666668
122,141,53.0,132.5,90.0,0.0016666666666666668
122,142,53.0,132.2,90.0,0.0016666666666666668
122,146,53.0,111.2,90.0,0.0016666666666666668
122,151,53.0,129.8,90.0,0.0016666666666666668
122,152,53.0,129.5,90.0,0.0016666666666666668
122,153,53.0,129.2,90.0,0.0016666666666666668
122,154,53.0,128.9,90.0,0.0016666666666666668
122,155,53.0,130.1,90.0,0.0016666666666666668
122,156,52.758950633107716,78.4803944994295,87.26663196369842,0.0018749929761864628
122,157,52.99998557106288,80.00213239479471,70.26094974668743,0.0033035804591888336
122,177,47.3,15.200000000000003,90.0,0.0016666666666666668
122,180,53.0,101.3,90.0,0.0016666666666666668
122,181,53.0,101.6,90.0,0.0016666666666666668
122,185,47.3,22.4,90.0,0.0016666666666666668
122,186,47.3,22.700000000000003,90.0,0.0016666666666666668
122,187,47.3,21.200000000000003,90.0,0.0016666666666666668
122,188,47.3,21.5,90.0,0.0016666666666666668
122,189,47.3,21.799999999999997,90.0,0.0016666666666666668
122,190,53.0,104.0,90.0,0.0016666666666666668
122,199,53.0,92.9,90.0,0.0016666666666666668
122,200,53.0,93.2,90.0,0.0016666666666666668
122,201,47.3,10.100000000000001,90.0,0.0016666666666666668
122,202,47.3,9.5,90.0,0.0016666666666666668
122,203,47.3,8.595998398718713,87.70755722404408,0.0018749929761864628
122,204,47.3,8.899999999999999,90.0,0.0016666666666666668
122,205,47.3,9.200000000000003,90.0,0.0016666666666666668
122,211,53.0,83.6,90.0,0.0016666666666666668
122,212,53.0,83.9,90.0,0.0016666666666666668
122,213,53.0,84.2,90.0,0.0016666666666666668
122,214,53.0,84.5,90.0,0.0016666666666666668
122,215,53.0,85.7,90.0,0.0016666666666666668
122,216,53.0,82.4,90.0,0.0016666666666666668
122,217,53.0,82.7,90.0,0.0016666666666666668
122,218,53.0,83.0,90.0,0.0016666666666666668
122,219,53.0,83.3,90.0,0.0016666666666666668
122,220,47.3,5.0,90.0,0.0016666666666666668
122,221,47.3,5.299999999999997,90.0,0.0016666666666666668
122,226,53.0,88.1,90.0,0.0016666666666666668
122,227,53.0,88.4,90.0,0.0016666666666666668
122,228,53.0,88.7,90.0,0.0016666666666666668
122,229,47.3,5.599999999999994,90.0,0.0016666666666666668
122,241,47.3,59.3,90.0,0.0016666666666666668
122,242,47.3,58.4,90.0,0.0016666666666666668
122,243,47.3,58.1,90.0,0.0016666666666666668
122,244,47.3,57.8,90.0,0.0016666666666666668
122,246,47.3,50.0,90.0,0.0016666666666666668
122,247,47.3,49.7,90.0,0.0016666666666666668
122,249,47.3,22.1,90.0,0.0016666666666666668
122,250,47.3,9.799999999999997,90.0,0.0016666666666666668
122,251,47.3,17.6,90.0,0.0016666666666666668
122,252,47.3,17.9,90.0,0.0016666666666666668
122,253,47.3,18.200000000000003,90.0,0.0016666666666666668
122,254,47.3,18.5,90.0,0.0016666666666666668
123,126,53.3,136.7,90.0,0.0016666666666666668
123,127,53.3,136.4,90.0,0.0016666666666666668
123,128,53.3,136.1,90.0,0.0016666666666666668
123,129,53.3,135.8,90.0,0.0016666666666666668
123,134,47.6,65.3,90.0,0.0016666666666666668
123,135,47.6,65.0,90.0,0.0016666666666666668
123,136,53.3,134.0,90.0,0.0016666666666666668
123,137,53.3,133.7,90.0,0.0016666666666666668
123,138,53.3,133.4,90.0,0.0016666666666666668
123,139,53.3,133.1,90.0,0.0016666666666666668
123,140,53.3,132.8,90.0,0.0016666666666666668
123,141,53.3,132.5,90.0,0.0016666666666666668
123,142,53.3,132.2,90.0,0.0016666666666666668
123,146,53.3,111.2,90.0,0.0016666666666666668
123,151,53.3,129.8,90.0,0.0016666666666666668
123,152,53.3,129.5,90.0,0.0016666666666666668
123,153,53.3,129.2,90.0,0.0016666666666666668
123,154,53.3,128.9,90.0,0.0016666666666666668
123,155,53.3,130.1,90.0,0.0016666666666666668
123,156,53.10598900963897,78.33484402061194,81.10304321178835,0.00199406066327276
123,157,53.3,79.88257569495583,66.42182152179815,0.002916680714293742
123,177,47.6,15.200000000000003,90.0,0.0016666666666666668
123,180,53.3,101.3,90.0,0.0016666666666666668
123,181,53.3,101.6,90.0,0.0016666666666666668
123,185,47.6,22.4,90.0,0.0016666666666666668
123,186,47.6,22.700000000000003,90.0,0.0016666666666666668
123,187,47.6,21.200000000000003,90.0,0.0016666666666666668
123,188,47.6,21.5,90.0,0.0016666666666666668
123,189,47.6,21.799999999999997,90.0,0.0016666666666666668
123,190,53.3,104.0,90.0,0.0016666666666666668
123,199,53.3,92.9,90.0,0.0016666666666666668
123,200,53.3,93.2,90.0,0.0016666666666666668
123,201,47.6,10.100000000000001,90.0,0.0016666666666666668
123,202,47.6,9.5,90.0,0.0016666666666666668
123,203,47.6,8.600000000000001,90.0,0.0016666666666666668
123,204,47.6,8.899999999999999,90.0,0.0016666666666666668
123,205,47.6,9.200000000000003,90.0,0.0016666666666666668
123,211,53.3,83.6,90.0,0.0016666666666666668
123,212,53.3,83.9,90.0,0.0016666666666666668
123,213,53.3,84.2,90.0,0.0016666666666666668
123,214,53.3,84.5,90.0,0.0016666666666666668
123,215,53.3,85.7,90.0,0.0016666666666666668
123,216,53.3,82.4,90.0,0.0016666666666666668
123,217,53.3,82.7,90.0,0.0016666666666666668
123,218,53.3,83.0,90.0,0.0016666666666666668
123,219,53.3,83.3,90.0,0.0016666666666666668
123,220,47.6,5.0,90.0,0.0016666666666666668
123,221,47.6,5.299999999999997,90.0,0.0016666666666666668
123,226,53.3,88.1,90.0,0.0016666666666666668
123,227,53.3,88.4,90.0,0.0016666666666666668
123,228,53.3,88.7,90.0,0.0016666666666666668
123,229,47.6,5.599999999999994,90.0,0.0016666666666666668
123,241,47.6,59.3,90.0,0.0016666666666666668
123,242,47.6,58.4,90.0,0.0016666666666666668
123,243,47.6,58.1,90.0,0.0016666666666666668
123,244,47.6,57.8,90.0,0.0016666666666666668
123,246,47.6,50.0,90.0,0.0016666666666666668
123,247,47.6,49.7,90.0,0.0016666666666666668
123,249,47.6,22.1,90.0,0.0016666666666666668
123,250,47.6,9.799999999999997,90.0,0.0016666666666666668
123,251,47.6,17.6,90.0,0.0016666666666666668
123,252,47.6,17.9,90.0,0.0016666666666666668
123,253,47.6,18.200000000000003,90.0,0.0016666666666666668
123,254,47.6,18.5,90.0,0.0016666666666666668
124,126,53.6,136.7,90.0,0.0016666666666666668
124,127,53.6,136.4,90.0,0.0016666666666666668
124,128,53.6,136.1,90.0,0.0016666666666666668
124,129,53.6,135.8,90.0,0.0016666666666666668
124,134,47.9,65.3,90.0,0.0016666666666666668
124,135,47.9,65.0,90.0,0.0016666666666666668
124,136,53.6,134.0,90.0,0.0016666666666666668
124,137,53.6,133.7,90.0,0.0016666666666666668
124,138,53.6,133.4,90.0,0.0016666666666666668
124,139,53.6,133.1,90.0,0.0016666666666666668
124,140,53.6,132.8,90.0,0.0016666666666666668
124,141,53.6,132.5,90.0,0.0016666666666666668
124,142,53.6,132.2,90.0,0.0016666666666666668
124,146,53.6,111.2,90.0,0.0016666666666666668
124,151,53.6,129.8,90.0,0.0016666666666666668
124,152,53.6,129.5,90.0,0.0016666666666666668
124,153,53.6,129.2,90.0,0.0016666666666666668
124,154,53.6,128.9,90.0,0.0016666666666666668
124,155,53.6,130.1,90.0,0.0016666666666666668
124,156,53.44109068732887,78.16360816942084,75.26032692898234,0.0019047739455851117
124,157,53.6,79.73959457608461,62.61289249734602,0.002113100255104908
124,177,47.9,15.200000000000003,90.0,0.0016666666666666668
124,180,53.6,101.3,90.0,0.0016666666666666668
124,181,53.6,101.6,90.0,0.0016666666666666668
124,185,47.9,22.4,90.0,0.0016666666666666668
124,186,47.9,22.700000000000003,90.0,0.0016666666666666668
124,187,47.9,21.200000000000003,90.0,0.0016666666666666668
124,188,47.9,21.5,90.0,0.0016666666666666668
124,189,47.9,21.799999999999997,90.0,0.0016666666666666668
124,190,53.6,104.0,90.0,0.0016666666666666668
124,199,53.6,92.9,90.0,0.0016666666666666668
124,200,53.6,93.2,90.0,0.0016666666666666668
124,201,47.9,10.100000000000001,90.0,0.0016666666666666668
124,202,47.9,9.5,90.0,0.0016666666666666668
124,203,47.9,8.600000000000001,90.0,0.0016666666666666668
124,204,47.9,8.899999999999999,90.0,0.0016666666666666668
124,205,47.9,9.200000000000003,90.0,0.0016666666666666668
124,211,53.6,83.6,90.0,0.0016666666666666668
124,212,53.6,83.9,90.0,0.0016666666666666668
124,213,53.6,84.2,90.0,0.0016666666666666668
124,214,53.6,84.5,90.0,0.0016666666666666668
124,215,53.6,85.7,90.0,0.0016666666666666668
124,216,53.6,82.4,90.0,0.0016666666666666668
124,217,53.6,82.7,90.0,0.0016666666666666668
124,218,53.6,83.0,90.0,0.0016666666666666668
124,219,53.6,83.3,90.0,0.0016666666666666668
124,220,47.9,5.0,90.0,0.0016666666666666668
124,221,47.9,5.299999999999997,90.0,0.0016666666666666668
124,226,53.6,88.1,90.0,0.0016666666666666668
124,227,53.6,88.4,90.0,0.0016666666666666668
124,228,53.6,88.7,90.0,0.0016666666666666668
124,229,47.9,5.599999999999994,90.0,0.0016666666666666668
124,241,47.9,59.3,90.0,0.0016666666666666668
124,242,47.9,58.4,90.0,0.0016666666666666668
124,243,47.9,58.1,90.0,0.0016666666666666668
124,244,47.9,57.8,90.0,0.0016666666666666668
124,246,47.9,50.0,90.0,0.0016666666666666668
124,247,47.9,49.7,90.0,0.0016666666666666668
124,249,47.9,22.1,90.0,0.0016666666666666668
124,250,47.9,9.799999999999997,90.0,0.0016666666666666668
124,251,47.9,17.6,90.0,0.0016666666666666668
124,252,47.9,17.9,90.0,0.0016666666666666668
124,253,47.9,18.200000000000003,90.0,0.0016666666666666668
124,254,47.9,18.5,90.0,0.0016666666666666668
125,126,52.7,136.7,90.0,0.0016666666666666668
125,127,52.7,136.4,90.0,0.0016666666666666668
125,128,52.7,136.1,90.0,0.0016666666666666668
125,129,52.7,135.8,90.0,0.0016666666666666668
125,136,52.7,134.0,90.0,0.0016666666666666668
125,137,52.7,133.7,90.0,0.0016666666666666668
125,138,52.7,133.4,90.0,0.0016666666666666668
125,139,52.7,133.1,90.0,0.0016666666666666668
125,140,52.7,132.8,90.0,0.0016666666666666668
125,141,52.7,132.5,90.0,0.0016666666666666668
125,142,52.7,132.2,90.0,0.0016666666666666668
125,146,52.7,111.2,90.0,0.0016666666666666668
125,147,34.7,106.1,90.0,0.0016666666666666668
125,150,34.4,106.1,90.0,0.0016666666666666668
125,151,52.7,129.8,90.0,0.0016666666666666668
125,152,52.7,129.5,90.0,0.0016666666666666668
125,153,52.7,129.2,90.0,0.0016666666666666668
125,154,52.7,128.9,90.0,0.0016666666666666668
125,155,52.7,130.1,90.0,0.0016666666666666668
125,156,43.7,106.1,90.0,0.0016666666666666668
125,157,44.0,106.1,90.0,0.0016666666666666668
125,158,42.8,106.1,90.0,0.0016666666666666668
125,159,43.1,106.1,90.0,0.0016666666666666668
125,160,13.399999999999999,106.1,90.0,0.0016666666666666668
125,161,13.700000000000003,106.1,90.0,0.0016666666666666668
125,162,16.4,106.1,90.0,0.0016666666666666668
125,163,16.7,106.1,90.0,0.0016666666666666668
125,165,9.5,106.1,90.0,0.0016666666666666668
125,166,9.799999999999997,106.1,90.0,0.0016666666666666668
125,180,10.104001601281283,106.1,87.70755722404408,0.0018749929761864628
125,181,10.425062814466898,106.1,84.26082952273322,0.0018452401020419631
125,190,47.32691762911674,106.1,54.549457360824505,0.002261892721081555
125,199,45.8,106.1,90.0,0.0016666666666666668
125,200,46.1,106.1,90.0,0.0016666666666666668
125,211,44.3,106.1,90.0,0.0016666666666666668
125,212,44.6,106.1,90.0,0.0016666666666666668
125,213,44.9,106.1,90.0,0.0016666666666666668
125,214,45.2,106.1,90.0,0.0016666666666666668
125,215,45.5,106.1,90.0,0.0016666666666666668
125,216,17.0,106.1,90.0,0.0016666666666666668
125,217,17.3,106.1,90.0,0.0016666666666666668
125,218,17.6,106.1,90.0,0.0016666666666666668
125,219,17.9,106.1,90.0,0.0016666666666666668
125,226,24.8,106.1,90.0,0.0016666666666666668
125,227,25.1,106.1,90.0,0.0016666666666666668
125,228,25.4,106.1,90.0,0.0016666666666666668
125,232,16.1,106.1,90.0,0.0016666666666666668
125,233,7.1,105.97749935930287,77.29096700560456,0.0017857062584988146
125,234,7.4,106.03558507170122,80.79310377865411,0.0018749929761864628
125,235,7.7,106.07493718553309,84.26082952273322,0.0018452401020419631
125,236,8.0,106.0959983987187,87.70755722404412,0.0018749929761864628
125,237,8.299999999999997,106.1,90.0,0.0016666666666666668
125,238,8.600000000000001,106.1,90.0,0.0016666666666666668
125,239,8.899999999999999,106.1,90.0,0.0016666666666666668
125,240,9.200000000000003,106.1,90.0,0.0016666666666666668
125,245,34.1,106.1,90.0,0.0016666666666666668
125,248,43.4,106.1,90.0,0.0016666666666666668
125,255,24.5,106.1,90.0,0.0016666666666666668
126,155,46.7,136.7,90.0,0.0016666666666666668
126,156,43.7,136.7,90.0,0.0016666666666666668
126,157,44.0,136.7,90.0,0.0016666666666666668
126,158,42.8,136.7,90.0,0.0016666666666666668
126,159,43.1,136.7,90.0,0.0016666666666666668
126,164,36.8,144.8,90.0,0.0016666666666666668
126,190,46.4,136.7,90.0,0.0016666666666666668
126,199,45.8,136.7,90.0,0.0016666666666666668
126,200,46.1,136.7,90.0,0.0016666666666666668
126,210,53.9,136.7,90.0,0.0016666666666666668
126,211,44.3,136.7,90.0,0.0016666666666666668
126,212,44.6,136.7,90.0,0.0016666666666666668
126,213,44.9,136.7,90.0,0.0016666666666666668
126,214,45.2,136.7,90.0,0.0016666666666666668
126,215,45.5,136.7,90.0,0.0016666666666666668
126,222,54.2,136.7,90.0,0.0016666666666666668
126,223,54.5,136.7,90.0,0.0016666666666666668
126,224,54.8,136.7,90.0,0.0016666666666666668
126,248,43.4,136.7,90.0,0.0016666666666666668
127,155,46.7,136.4,90.0,0.0016666666666666668
127,156,43.7,136.4,90.0,0.0016666666666666668
127,157,44.0,136.4,90.0,0.0016666666666666668
127,158,42.8,136.4,90.0,0.0016666666666666668
127,159,43.1,136.4,90.0,0.0016666666666666668
127,164,36.5,144.8,90.0,0.0016666666666666668
127,190,46.4,136.4,90.0,0.0016666666666666668
127,199,45.8,136.4,90.0,0.0016666666666666668
127,200,46.1,136.4,90.0,0.0016666666666666668
127,210,53.9,136.4,90.0,0.0016666666666666668
127,211,44.3,136.4,90.0,0.0016666666666666668
127,212,44.6,136.4,90.0,0.0016666666666666668
127,213,44.9,136.4,90.0,0.0016666666666666668
127,214,45.2,136.4,90.0,0.0016666666666666668
127,215,45.5,136.4,90.0,0.0016666666666666668
127,222,54.2,136.4,90.0,0.0016666666666666668
127,223,54.5,136.4,90.0,0.0016666666666666668
127,224,54.8,136.4,90.0,0.0016666666666666668
127,248,43.4,136.4,90.0,0.0016666666666666668
128,136,37.12691762911675,136.1,54.549457360824505,0.002261892721081555
128,137,36.629168699187474,136.1,58.667748502405786,0.00199406066327276
128,138,36.160405423915385,136.1,62.61289249734594,0.002113100255104908
128,139,35.717424305044155,136.1,66.42182152179818,0.002916680714293742
128,146,35.0,136.1,90.0,0.0016666666666666668
128,147,34.7,136.1,90.0,0.0016666666666666668
128,148,33.5,136.1,90.0,0.0016666666666666668
128,149,33.8,136.1,90.0,0.0016666666666666668
128,150,34.4,136.1,90.0,0.0016666666666666668
128,155,46.7,136.1,90.0,0.0016666666666666668
128,156,43.7,136.1,90.0,0.0016666666666666668
128,157,44.0,136.1,90.0,0.0016666666666666668
128,158,42.8,136.1,90.0,0.0016666666666666668
128,159,43.1,136.1,90.0,0.0016666666666666668
128,164,27.8,144.8,90.0,0.0016666666666666668
128,190,46.4,136.1,90.0,0.0016666666666666668
128,199,45.8,136.1,90.0,0.0016666666666666668
128,200,46.1,136.1,90.0,0.0016666666666666668
128,210,53.9,136.1,90.0,0.0016666666666666668
128,211,44.3,136.1,90.0,0.0016666666666666668
128,212,44.6,136.1,90.0,0.0016666666666666668
128,213,44.9,136.1,90.0,0.0016666666666666668
128,214,45.2,136.1,90.0,0.0016666666666666668
128,215,45.5,136.1,90.0,0.0016666666666666668
128,222,54.2,136.1,90.0,0.0016666666666666668
128,223,54.5,136.1,90.0,0.0016666666666666668
128,224,54.8,136.1,90.0,0.0016666666666666668
128,245,34.1,136.1,90.0,0.0016666666666666668
128,248,43.4,136.1,90.0,0.0016666666666666668
129,136,37.35812545754028,135.8,50.20818050044296,0.0038393007653147234
129,137,36.82691762911672,135.8,54.54945736082492,0.002261892721081555
129,138,36.32916869918748,135.8,58.667748502405786,0.00199406066327276
129,139,35.86040542391537,135.8,62.61289249734631,0.002113100255104908
129,146,35.0,135.8,90.0,0.0016666666666666668
129,147,34.7,135.8,90.0,0.0016666666666666668
129,148,33.5,135.8,90.0,0.0016666666666666668
129,149,33.8,135.8,90.0,0.0016666666666666668
129,150,34.4,135.8,90.0,0.0016666666666666668
129,155,46.7,135.8,90.0,0.0016666666666666668
129,156,43.7,135.8,90.0,0.0016666666666666668
129,157,44.0,135.8,90.0,0.0016666666666666668
129,158,42.8,135.8,90.0,0.0016666666666666668
129,159,43.1,135.8,90.0,0.0016666666666666668
129,164,27.5,144.8,90.0,0.0016666666666666668
129,190,46.4,135.8,90.0,0.0016666666666666668
129,199,45.8,135.8,90.0,0.0016666666666666668
129,200,46.1,135.8,90.0,0.0016666666666666668
129,210,53.9,135.8,90.0,0.0016666666666666668
129,211,44.3,135.8,90.0,0.0016666666666666668
129,212,44.6,135.8,90.0,0.0016666666666666668
129,213,44.9,135.8,90.0,0.0016666666666666668
129,214,45.2,135.8,90.0,0.0016666666666666668
129,215,45.5,135.8,90.0,0.0016666666666666668
129,222,54.2,135.8,90.0,0.0016666666666666668
129,223,54.5,135.8,90.0,0.0016666666666666668
129,224,54.8,135.8,90.0,0.0016666666666666668
129,245,34.1,135.8,90.0,0.0016666666666666668
129,248,43.4,135.8,90.0,0.0016666666666666668
130,136,81.5,134.0,90.0,0.0016666666666666668
130,137,81.5,133.7,90.0,0.0016666666666666668
130,138,81.5,133.4,90.0,0.0016666666666666668
130,139,81.5,133.1,90.0,0.0016666666666666668
130,140,81.5,132.8,90.0,0.0016666666666666668
130,141,81.5,132.5,90.0,0.0016666666666666668
130,142,81.5,132.2,90.0,0.0016666666666666668
130,143,90.2,104.3,90.0,0.0016666666666666668
130,144,90.5,104.3,90.0,0.0016666666666666668
130,145,90.8,104.3,90.0,0.0016666666666666668
130,146,81.5,111.2,90.0,0.0016666666666666668
130,151,81.5,129.8,90.0,0.0016666666666666668
130,152,81.5,129.5,90.0,0.0016666666666666668
130,153,81.5,129.2,90.0,0.0016666666666666668
130,154,81.5,128.9,90.0,0.0016666666666666668
130,155,81.5,130.1,90.0,0.0016666666666666668
130,178,121.4,43.1,90.0,0.0016666666666666668
130,198,121.4,27.8,90.0,0.0016666666666666668
130,206,121.4,45.2,90.0,0.0016666666666666668
130,225,91.1,104.3,90.0,0.0016666666666666668
130,241,98.9,104.3,90.0,0.0016666666666666668
130,242,99.2,104.3,90.0,0.0016666666666666668
130,243,99.5,104.3,90.0,0.0016666666666666668
130,244,99.8,104.3,90.0,0.0016666666666666668
130,246,116.3,104.3,90.0,0.0016666666666666668
130,247,116.6,104.29599839871872,87.70755722404425,0.0018749929761864628
131,136,81.8,134.0,90.0,0.0016666666666666668
131,137,81.8,133.7,90.0,0.0016666666666666668
131,138,81.8,133.4,90.0,0.0016666666666666668
131,139,81.8,133.1,90.0,0.0016666666666666668
131,140,81.8,132.8,90.0,0.0016666666666666668
131,141,81.8,132.5,90.0,0.0016666666666666668
131,142,81.8,132.2,90.0,0.0016666666666666668
131,143,90.2,104.6,90.0,0.0016666666666666668
131,144,90.5,104.6,90.0,0.0016666666666666668
131,145,90.8,104.6,90.0,0.0016666666666666668
131,146,81.8,111.2,90.0,0.0016666666666666668
131,151,81.8,129.8,90.0,0.0016666666666666668
131,152,81.8,129.5,90.0,0.0016666666666666668
131,153,81.8,129.2,90.0,0.0016666666666666668
131,154,81.8,128.9,90.0,0.0016666666666666668
131,155,81.8,130.1,90.0,0.0016666666666666668
131,178,121.7,43.1,90.0,0.0016666666666666668
131,198,121.7,27.8,90.0,0.0016666666666666668
131,206,121.7,45.204001601281284,87.70755722404408,0.0018749929761864628
131,225,91.1,104.6,90.0,0.0016666666666666668
131,241,98.9,104.6,90.0,0.0016666666666666668
131,242,99.2,104.6,90.0,0.0016666666666666668
131,243,99.5,104.6,90.0,0.0016666666666666668
131,244,99.8,104.6,90.0,0.0016666666666666668
131,246,116.3,104.6,90.0,0.0016666666666666668
131,247,116.6,104.6,90.0,0.0016666666666666668
132,136,80.6,134.0,90.0,0.0016666666666666668
132,137,80.6,133.7,90.0,0.0016666666666666668
132,138,80.6,133.4,90.0,0.0016666666666666668
132,139,80.6,133.1,90.0,0.0016666666666666668
132,140,80.6,132.8,90.0,0.0016666666666666668
132,141,80.6,132.5,90.0,0.0016666666666666668
132,142,80.6,132.2,90.0,0.0016666666666666668
132,143,85.4,64.4040016012813,87.70755722404408,0.0018749929761864628
132,144,85.4,64.1,90.0,0.0016666666666666668
132,145,85.4,63.8,90.0,0.0016666666666666668
132,146,80.6,111.2,90.0,0.0016666666666666668
132,151,80.6,129.8,90.0,0.0016666666666666668
132,152,80.6,129.5,90.0,0.0016666666666666668
132,153,80.6,129.2,90.0,0.0016666666666666668
132,154,80.6,128.9,90.0,0.0016666666666666668
132,155,80.6,130.1,90.0,0.0016666666666666668
132,167,85.4,12.2,90.0,0.0016666666666666668
132,168,85.4,12.5,90.0,0.0016666666666666668
132,169,85.4,12.8,90.0,0.0016666666666666668
132,170,85.4,13.1,90.0,0.0016666666666666668
132,171,85.4,13.4,90.0,0.0016666666666666668
132,172,85.4,13.7,90.0,0.0016666666666666668
132,173,85.4,14.0,90.0,0.0016666666666666668
132,174,85.4,14.3,90.0,0.0016666666666666668
132,175,85.4,14.6,90.0,0.0016666666666666668
132,176,85.4,14.9,90.0,0.0016666666666666668
132,177,85.4,15.2,90.0,0.0016666666666666668
132,180,80.6,101.3,90.0,0.0016666666666666668
132,181,80.6,101.6,90.0,0.0016666666666666668
132,183,85.4,20.6,90.0,0.0016666666666666668
132,184,85.4,20.9,90.0,0.0016666666666666668
132,185,85.4,22.4,90.0,0.0016666666666666668
132,186,85.4,22.7,90.0,0.0016666666666666668
132,187,85.4,21.2,90.0,0.0016666666666666668
132,188,85.4,21.5,90.0,0.0016666666666666668
132,189,85.4,21.8,90.0,0.0016666666666666668
132,190,80.6,104.0,90.0,0.0016666666666666668
132,194,85.4,25.4,90.0,0.0016666666666666668
132,195,85.4,25.7,90.0,0.0016666666666666668
132,196,85.4,26.0,90.0,0.0016666666666666668
132,197,85.4,25.1,90.0,0.0016666666666666668
132,206,85.4,45.2,90.0,0.0016666666666666668
132,225,85.4,62.3,90.0,0.0016666666666666668
132,241,85.4,59.3,90.0,0.0016666666666666668
132,242,85.4,58.4,90.0,0.0016666666666666668
132,243,85.4,58.1,90.0,0.0016666666666666668
132,244,85.4,57.8,90.0,0.0016666666666666668
132,246,85.4,50.0,90.0,0.0016666666666666668
132,247,85.4,49.7,90.0,0.0016666666666666668
132,249,85.4,22.1,90.0,0.0016666666666666668
132,251,85.4,17.6,90.0,0.0016666666666666668
132,252,85.4,17.9,90.0,0.0016666666666666668
132,253,85.4,18.2,90.0,0.0016666666666666668
132,254,85.4,18.5,90.0,0.0016666666666666668
133,136,80.9,134.0,90.0,0.0016666666666666668
133,137,80.9,133.7,90.0,0.0016666666666666668
133,138,80.9,133.4,90.0,0.0016666666666666668
133,139,80.9,133.1,90.0,0.0016666666666666668
133,140,80.9,132.8,90.0,0.0016666666666666668
133,141,80.9,132.5,90.0,0.0016666666666666668
133,142,80.9,132.2,90.0,0.0016666666666666668
133,143,85.7,64.42506281446691,84.2608295227332,0.0018452401020419631
133,144,85.7,64.10400160128128,87.70755722404408,0.0018749929761864628
133,145,85.7,63.8,90.0,0.0016666666666666668
133,146,80.9,111.2,90.0,0.0016666666666666668
133,151,80.9,129.8,90.0,0.0016666666666666668
133,152,80.9,129.5,90.0,0.0016666666666666668
133,153,80.9,129.2,90.0,0.0016666666666666668
133,154,80.9,128.9,90.0,0.0016666666666666668
133,155,80.9,130.1,90.0,0.0016666666666666668
133,167,85.7,12.2,90.0,0.0016666666666666668
133,168,85.7,12.5,90.0,0.0016666666666666668
133,169,85.7,12.8,90.0,0.0016666666666666668
133,170,85.7,13.1,90.0,0.0016666666666666668
133,171,85.7,13.4,90.0,0.0016666666666666668
133,172,85.7,13.7,90.0,0.0016666666666666668
133,173,85.7,14.0,90.0,0.0016666666666666668
133,174,85.7,14.3,90.0,0.0016666666666666668
133,175,85.7,14.6,90.0,0.0016666666666666668
133,176,85.7,14.9,90.0,0.0016666666666666668
133,177,85.7,15.2,90.0,0.0016666666666666668
133,180,80.9,101.3,90.0,0.0016666666666666668
133,181,80.9,101.6,90.0,0.0016666666666666668
133,183,85.7,20.6,90.0,0.0016666666666666668
133,184,85.7,20.9,90.0,0.0016666666666666668
133,185,85.7,22.4,90.0,0.0016666666666666668
133,186,85.7,22.7,90.0,0.0016666666666666668
133,187,85.7,21.2,90.0,0.0016666666666666668
133,188,85.7,21.5,90.0,0.0016666666666666668
133,189,85.7,21.8,90.0,0.0016666666666666668
133,190,80.9,104.0,90.0,0.0016666666666666668
133,194,85.7,25.4,90.0,0.0016666666666666668
133,195,85.7,25.7,90.0,0.0016666666666666668
133,196,85.7,26.0,90.0,0.0016666666666666668
133,197,85.7,25.1,90.0,0.0016666666666666668
133,206,85.7,45.2,90.0,0.0016666666666666668
133,225,85.7,62.3,90.0,0.0016666666666666668
133,241,85.7,59.3,90.0,0.0016666666666666668
133,242,85.7,58.4,90.0,0.0016666666666666668
133,243,85.7,58.1,90.0,0.0016666666666666668
133,244,85.7,57.8,90.0,0.0016666666666666668
133,246,85.7,50.0,90.0,0.0016666666666666668
133,247,85.7,49.7,90.0,0.0016666666666666668
133,249,85.7,22.1,90.0,0.0016666666666666668
133,251,85.7,17.6,90.0,0.0016666666666666668
133,252,85.7,17.9,90.0,0.0016666666666666668
133,253,85.7,18.2,90.0,0.0016666666666666668
133,254,85.7,18.5,90.0,0.0016666666666666668
134,136,79.7,134.0,90.0,0.0016666666666666668
134,137,79.7,133.7,90.0,0.0016666666666666668
134,138,79.7,133.4,90.0,0.0016666666666666668
134,139,79.7,133.1,90.0,0.0016666666666666668
134,140,79.7,132.8,90.0,0.0016666666666666668
134,141,79.7,132.5,90.0,0.0016666666666666668
134,142,79.7,132.2,90.0,0.0016666666666666668
134,146,79.7,111.2,90.0,0.0016666666666666668
134,147,47.0,65.3,90.0,0.0016666666666666668
134,150,29.9,65.3,90.0,0.0016666666666666668
134,151,79.7,129.8,90.0,0.0016666666666666668
134,152,79.7,129.5,90.0,0.0016666666666666668
134,153,79.7,129.2,90.0,0.0016666666666666668
134,154,79.7,128.9,90.0,0.0016666666666666668
134,155,79.7,130.1,90.0,0.0016666666666666668
134,156,56.0,65.3,90.0,0.0016666666666666668
134,157,56.3,65.3,90.0,0.0016666666666666668
134,158,14.299999999999997,65.3,90.0,0.0016666666666666668
134,159,14.600000000000001,65.3,90.0,0.0016666666666666668
134,160,13.399999999999999,65.3,90.0,0.0016666666666666668
134,161,13.700000000000003,65.3,90.0,0.0016666666666666668
134,162,29.6,65.3,90.0,0.0016666666666666668
134,163,38.0,65.3,90.0,0.0016666666666666668
134,165,29.0,65.3,90.0,0.0016666666666666668
134,166,29.299999999999997,65.3,90.0,0.0016666666666666668
134,180,79.7,101.3,90.0,0.0016666666666666668
134,181,79.7,101.6,90.0,0.0016666666666666668
134,190,79.7,104.0,90.0,0.0016666666666666668
134,199,79.7,92.9,90.0,0.0016666666666666668
134,200,79.7,93.2,90.0,0.0016666666666666668
134,210,68.3,65.3,90.0,0.0016666666666666668
134,211,66.8,65.3,90.0,0.0016666666666666668
134,212,67.1,65.3,90.0,0.0016666666666666668
134,213,67.4,65.3,90.0,0.0016666666666666668
134,214,67.7,65.3,90.0,0.0016666666666666668
134,215,68.0,65.3,90.0,0.0016666666666666668
134,216,65.6,65.3,90.0,0.0016666666666666668
134,217,65.9,65.3,90.0,0.0016666666666666668
134,218,66.2,65.3,90.0,0.0016666666666666668
134,219,66.5,65.3,90.0,0.0016666666666666668
134,222,75.8,65.42250064069711,77.29096700560466,0.0017857062584988146
134,223,76.1,65.5,73.73979529168814,0.0018452401020419631
134,224,76.4,65.5978728217965,70.12312592992113,0.0033035804591888336
134,226,74.9,65.30400160128127,87.70755722404408,0.0018749929761864628
134,227,75.2,65.3250628144669,84.2608295227332,0.0018452401020419631
134,228,75.5,65.36441492829877,80.79310377865414,0.0018749929761864628
134,232,14.0,65.3,90.0,0.0016666666666666668
134,233,11.0,65.3,90.0,0.0016666666666666668
134,234,11.299999999999997,65.3,90.0,0.0016666666666666668
134,235,11.600000000000001,65.3,90.0,0.0016666666666666668
134,236,11.899999999999999,65.3,90.0,0.0016666666666666668
134,237,12.200000000000003,65.3,90.0,0.0016666666666666668
134,238,12.5,65.3,90.0,0.0016666666666666668
134,239,12.799999999999997,65.3,90.0,0.0016666666666666668
134,240,13.100000000000001,65.3,90.0,0.0016666666666666668
134,245,20.0,65.3,90.0,0.0016666666666666668
134,248,30.200000000000003,65.3,90.0,0.0016666666666666668
134,255,38.3,65.3,90.0,0.0016666666666666668
135,136,80.0,134.0,90.0,0.0016666666666666668
135,137,80.0,133.7,90.0,0.0016666666666666668
135,138,80.0,133.4,90.0,0.0016666666666666668
135,139,80.0,133.1,90.0,0.0016666666666666668
135,140,80.0,132.8,90.0,0.0016666666666666668
135,141,80.0,132.5,90.0,0.0016666666666666668
135,142,80.0,132.2,90.0,0.0016666666666666668
135,146,80.0,111.2,90.0,0.0016666666666666668
135,147,47.0,65.0,90.0,0.0016666666666666668
135,151,80.0,129.8,90.0,0.0016666666666666668
135,152,80.0,129.5,90.0,0.0016666666666666668
135,153,80.0,129.2,90.0,0.0016666666666666668
135,154,80.0,128.9,90.0,0.0016666666666666668
135,155,80.0,130.1,90.0,0.0016666666666666668
135,156,56.0,65.0,90.0,0.0016666666666666668
135,157,56.3,65.0,90.0,0.0016666666666666668
135,177,38.9,15.200000000000003,90.0,0.0016666666666666668
135,180,80.0,101.3,90.0,0.0016666666666666668
135,181,80.0,101.6,90.0,0.0016666666666666668
135,185,38.9,22.4,90.0,0.0016666666666666668
135,186,38.9,22.700000000000003,90.0,0.0016666666666666668
135,187,38.9,21.200000000000003,90.0,0.0016666666666666668
135,188,38.9,21.5,90.0,0.0016666666666666668
135,189,38.9,21.799999999999997,90.0,0.0016666666666666668
135,190,80.0,104.0,90.0,0.0016666666666666668
135,199,80.0,92.89599839871872,87.70755722404408,0.0018749929761864628
135,200,80.0,93.2,90.0,0.0016666666666666668
135,201,38.9,10.100000000000001,90.0,0.0016666666666666668
135,202,38.9,9.5,90.0,0.0016666666666666668
135,210,68.3,65.0,90.0,0.0016666666666666668
135,211,66.8,65.0,90.0,0.0016666666666666668
135,212,67.1,65.0,90.0,0.0016666666666666668
135,213,67.4,65.0,90.0,0.0016666666666666668
135,214,67.7,65.0,90.0,0.0016666666666666668
135,215,68.0,65.0,90.0,0.0016666666666666668
135,216,65.6,65.0,90.0,0.0016666666666666668
135,217,65.9,65.0,90.0,0.0016666666666666668
135,218,66.2,65.0,90.0,0.0016666666666666668
135,219,66.5,65.0,90.0,0.0016666666666666668
135,220,38.9,5.0,90.0,0.0016666666666666668
135,221,38.9,5.299999999999997,90.0,0.0016666666666666668
135,222,75.8,65.06441492829877,80.79310377865414,0.0018749929761864628
135,223,76.1,65.12250064069713,77.29096700560461,0.0017857062584988146
135,224,76.4,65.2,73.73979529168798,0.0018452401020419631
135,226,74.9,65.0,90.0,0.0016666666666666668
135,227,75.2,65.00400160128129,87.70755722404408,0.0018749929761864628
135,228,75.5,65.0250628144669,84.2608295227332,0.0018452401020419631
135,229,38.9,5.600000000000001,90.0,0.0016666666666666668
135,241,38.9,59.3,90.0,0.0016666666666666668
135,242,38.9,58.4,90.0,0.0016666666666666668
135,243,38.9,58.1,90.0,0.0016666666666666668
135,244,38.9,57.8,90.0,0.0016666666666666668
135,246,38.9,50.0,90.0,0.0016666666666666668
135,247,38.9,49.7,90.0,0.0016666666666666668
135,249,38.9,22.1,90.0,0.0016666666666666668
135,250,38.9,9.799999999999997,90.0,0.0016666666666666668
136,155,46.82250064069712,134.0,77.29096700560463,0.0017857062584988146
136,156,43.7,134.0,90.0,0.0016666666666666668
136,157,44.0,134.0,90.0,0.0016666666666666668
136,158,42.8,134.0,90.0,0.0016666666666666668
136,159,43.1,134.0,90.0,0.0016666666666666668
136,164,36.2,144.8,90.0,0.0016666666666666668
136,179,81.2,134.0,90.0,0.0016666666666666668
136,190,46.4,134.0,90.0,0.0016666666666666668
136,199,45.8,134.0,90.0,0.0016666666666666668
136,200,46.1,134.0,90.0,0.0016666666666666668
136,207,80.3,134.0,90.0,0.0016666666666666668
136,210,53.9,134.0,90.0,0.0016666666666666668
136,211,44.3,134.0,90.0,0.0016666666666666668
136,212,44.6,134.0,90.0,0.0016666666666666668
136,213,44.9,134.0,90.0,0.0016666666666666668
136,214,45.2,134.0,90.0,0.0016666666666666668
136,215,45.5,134.0,90.0,0.0016666666666666668
136,222,54.2,134.0,90.0,0.0016666666666666668
136,223,54.5,134.0,90.0,0.0016666666666666668
136,224,54.8,134.0,90.0,0.0016666666666666668
136,248,43.4,134.0,90.0,0.0016666666666666668
137,155,46.900000000000006,133.7,73.73979529168798,0.0018452401020419631
137,156,43.7,133.7,90.0,0.0016666666666666668
137,157,44.0,133.7,90.0,0.0016666666666666668
137,158,42.8,133.7,90.0,0.0016666666666666668
137,159,43.1,133.7,90.0,0.0016666666666666668
137,164,35.9,144.8,90.0,0.0016666666666666668
137,179,81.2,133.7,90.0,0.0016666666666666668
137,190,46.4,133.7,90.0,0.0016666666666666668
137,199,45.8,133.7,90.0,0.0016666666666666668
137,200,46.1,133.7,90.0,0.0016666666666666668
137,207,80.3,133.7,90.0,0.0016666666666666668
137,210,53.9,133.7,90.0,0.0016666666666666668
137,211,44.3,133.7,90.0,0.0016666666666666668
137,212,44.6,133.7,90.0,0.0016666666666666668
137,213,44.9,133.7,90.0,0.0016666666666666668
137,214,45.2,133.7,90.0,0.0016666666666666668
137,215,45.5,133.7,90.0,0.0016666666666666668
137,222,54.2,133.7,90.0,0.0016666666666666668
137,223,54.5,133.7,90.0,0.0016666666666666668
137,224,54.8,133.7,90.0,0.0016666666666666668
137,248,43.4,133.7,90.0,0.0016666666666666668
138,155,46.9978728217965,133.4,70.12312592992131,0.0033035804591888336
138,156,43.7,133.4,90.0,0.0016666666666666668
138,157,44.0,133.4,90.0,0.0016666666666666668
138,158,42.8,133.4,90.0,0.0016666666666666668
138,159,43.1,133.4,90.0,0.0016666666666666668
138,164,35.6,144.8,90.0,0.0016666666666666668
138,179,81.2,133.4,90.0,0.0016666666666666668
138,190,46.4,133.4,90.0,0.0016666666666666668
138,199,45.8,133.4,90.0,0.0016666666666666668
138,200,46.1,133.4,90.0,0.0016666666666666668
138,207,80.3,133.4,90.0,0.0016666666666666668
138,210,53.9,133.4,90.0,0.0016666666666666668
138,211,44.3,133.4,90.0,0.0016666666666666668
138,212,44.6,133.4,90.0,0.0016666666666666668
138,213,44.9,133.4,90.0,0.0016666666666666668
138,214,45.2,133.4,90.0,0.0016666666666666668
138,215,45.5,133.4,90.0,0.0016666666666666668
138,222,54.2,133.4,90.0,0.0016666666666666668
138,223,54.5,133.4,90.0,0.0016666666666666668
138,224,54.8,133.4,90.0,0.0016666666666666668
138,248,43.4,133.4,90.0,0.0016666666666666668
139,155,47.11742430504416,133.1,66.42182152179818,0.002916680714293742
139,156,43.7,133.1,90.0,0.0016666666666666668
139,157,44.0,133.1,90.0,0.0016666666666666668
139,158,42.8,133.1,90.0,0.0016666666666666668
139,159,43.1,133.1,90.0,0.0016666666666666668
139,164,35.3,144.8,90.0,0.0016666666666666668
139,179,81.2,133.1,90.0,0.0016666666666666668
139,190,46.4,133.1,90.0,0.0016666666666666668
139,199,45.8,133.1,90.0,0.0016666666666666668
139,200,46.1,133.1,90.0,0.0016666666666666668
139,207,80.3,133.1,90.0,0.0016666666666666668
139,210,53.9,133.1,90.0,0.0016666666666666668
139,211,44.3,133.1,90.0,0.0016666666666666668
139,212,44.6,133.1,90.0,0.0016666666666666668
139,213,44.9,133.1,90.0,0.0016666666666666668
139,214,45.2,133.1,90.0,0.0016666666666666668
139,215,45.5,133.1,90.0,0.0016666666666666668
139,222,54.2,133.1,90.0,0.0016666666666666668
139,223,54.5,133.1,90.0,0.0016666666666666668
139,224,54.8,133.1,90.0,0.0016666666666666668
139,248,43.4,133.1,90.0,0.0016666666666666668
140,146,35.0,132.8,90.0,0.0016666666666666668
140,147,34.7,132.8,90.0,0.0016666666666666668
140,148,33.5,132.8,90.0,0.0016666666666666668
140,149,33.8,132.8,90.0,0.0016666666666666668
140,150,34.4,132.8,90.0,0.0016666666666666668
140,155,47.26040542391537,132.8,62.61289249734631,0.002113100255104908
140,156,43.7,132.8,90.0,0.0016666666666666668
140,157,44.0,132.8,90.0,0.0016666666666666668
140,158,42.8,132.8,90.0,0.0016666666666666668
140,159,43.1,132.8,90.0,0.0016666666666666668
140,164,27.2,144.8,90.0,0.0016666666666666668
140,179,81.2,132.8,90.0,0.0016666666666666668
140,190,46.4,132.8,90.0,0.0016666666666666668
140,199,45.8,132.8,90.0,0.0016666666666666668
140,200,46.1,132.8,90.0,0.0016666666666666668
140,207,80.3,132.8,90.0,0.0016666666666666668
140,210,53.9,132.8,90.0,0.0016666666666666668
140,211,44.3,132.8,90.0,0.0016666666666666668
140,212,44.6,132.8,90.0,0.0016666666666666668
140,213,44.9,132.8,90.0,0.0016666666666666668
140,214,45.2,132.8,90.0,0.0016666666666666668
140,215,45.5,132.8,90.0,0.0016666666666666668
140,222,54.2,132.8,90.0,0.0016666666666666668
140,223,54.5,132.8,90.0,0.0016666666666666668
140,224,54.8,132.8,90.0,0.0016666666666666668
140,245,34.1,132.8,90.0,0.0016666666666666668
140,248,43.4,132.8,90.0,0.0016666666666666668
141,146,35.0,132.5,90.0,0.0016666666666666668
141,147,34.7,132.5,90.0,0.0016666666666666668
141,148,33.5,132.5,90.0,0.0016666666666666668
141,149,33.8,132.5,90.0,0.0016666666666666668
141,150,34.4,132.5,90.0,0.0016666666666666668
141,155,47.42916869918747,132.5,58.66774850240584,0.00199406066327276
141,156,43.7,132.5,90.0,0.0016666666666666668
141,157,44.0,132.5,90.0,0.0016666666666666668
141,158,42.8,132.5,90.0,0.0016666666666666668
141,159,43.1,132.5,90.0,0.0016666666666666668
141,164,26.9,144.8,90.0,0.0016666666666666668
141,179,81.2,132.5,90.0,0.0016666666666666668
141,190,46.4,132.5,90.0,0.0016666666666666668
141,199,45.8,132.5,90.0,0.0016666666666666668
141,200,46.1,132.5,90.0,0.0016666666666666668
141,207,80.3,132.5,90.0,0.0016666666666666668
141,210,53.9,132.5,90.0,0.0016666666666666668
141,211,44.3,132.5,90.0,0.0016666666666666668
141,212,44.6,132.5,90.0,0.0016666666666666668
141,213,44.9,132.5,90.0,0.0016666666666666668
141,214,45.2,132.5,90.0,0.0016666666666666668
141,215,45.5,132.5,90.0,0.0016666666666666668
141,222,54.2,132.5,90.0,0.0016666666666666668
141,223,54.5,132.5,90.0,0.0016666666666666668
141,224,54.8,132.5,90.0,0.0016666666666666668
141,245,34.1,132.5,90.0,0.0016666666666666668
141,248,43.4,132.5,90.0,0.0016666666666666668
142,146,35.0,132.2,90.0,0.0016666666666666668
142,147,34.7,132.2,90.0,0.0016666666666666668
142,148,33.5,132.2,90.0,0.0016666666666666668
142,149,33.8,132.2,90.0,0.0016666666666666668
142,150,34.4,132.2,90.0,0.0016666666666666668
142,151,27.32916869918749,132.2,58.66774850240543,0.00199406066327276
142,152,26.86040542391538,132.2,62.61289249734597,0.002113100255104908
142,153,26.417424305044158,132.2,66.42182152179818,0.002916680714293742
142,154,25.997872821796513,132.2,70.12312592992095,0.0033035804591888336
142,155,47.62691762911675,132.2,54.549457360824505,0.002261892721081555
142,156,43.7,132.2,90.0,0.0016666666666666668
142,157,44.0,132.2,90.0,0.0016666666666666668
142,158,42.8,132.2,90.0,0.0016666666666666668
142,159,43.1,132.2,90.0,0.0016666666666666668
142,164,20.0,144.8,90.0,0.0016666666666666668
142,179,81.2,132.2,90.0,0.0016666666666666668
142,190,46.4,132.2,90.0,0.0016666666666666668
142,199,45.8,132.2,90.0,0.0016666666666666668
142,200,46.1,132.2,90.0,0.0016666666666666668
142,207,80.3,132.2,90.0,0.0016666666666666668
142,210,53.9,132.2,90.0,0.0016666666666666668
142,211,44.3,132.2,90.0,0.0016666666666666668
142,212,44.6,132.2,90.0,0.0016666666666666668
142,213,44.9,132.2,90.0,0.0016666666666666668
142,214,45.2,132.2,90.0,0.0016666666666666668
142,215,45.5,132.2,90.0,0.0016666666666666668
142,222,54.2,132.2,90.0,0.0016666666666666668
142,223,54.5,132.2,90.0,0.0016666666666666668
142,224,54.8,132.2,90.0,0.0016666666666666668
142,226,24.8,132.20400160128128,87.70755722404412,0.0018749929761864628
142,227,25.1,132.2,90.0,0.0016666666666666668
142,228,25.4,132.2,90.0,0.0016666666666666668
142,245,34.1,132.2,90.0,0.0016666666666666668
142,248,43.4,132.2,90.0,0.0016666666666666668
142,255,24.5,132.2250628144669,84.2608295227332,0.0018452401020419631
143,146,90.2,111.2,90.0,0.0016666666666666668
143,151,90.2,129.8,90.0,0.0016666666666666668
143,152,90.2,129.5,90.0,0.0016666666666666668
143,153,90.2,129.2,90.0,0.0016666666666666668
143,154,90.2,128.9,90.0,0.0016666666666666668
143,155,90.2,130.1,90.0,0.0016666666666666668
143,156,56.0,64.4,90.0,0.0016666666666666668
143,157,56.3,64.4,90.0,0.0016666666666666668
143,177,49.1,15.200000000000003,90.0,0.0016666666666666668
143,179,90.2,101.9,90.0,0.0016666666666666668
143,180,90.2,101.3,90.0,0.0016666666666666668
143,181,90.2,101.6,90.0,0.0016666666666666668
143,185,49.1,22.4,90.0,0.0016666666666666668
143,186,49.1,22.700000000000003,90.0,0.0016666666666666668
143,187,49.1,21.200000000000003,90.0,0.0016666666666666668
143,188,49.1,21.5,90.0,0.0016666666666666668
143,189,49.1,21.799999999999997,90.0,0.0016666666666666668
143,190,90.2,104.0,90.0,0.0016666666666666668
143,199,84.8,64.4,90.0,0.0016666666666666668
143,200,85.1,64.4,90.0,0.0016666666666666668
143,201,49.1,10.100000000000001,90.0,0.0016666666666666668
143,202,49.1,9.5,90.0,0.0016666666666666668
143,203,49.1,8.600000000000001,90.0,0.0016666666666666668
143,204,49.1,8.899999999999999,90.0,0.0016666666666666668
143,205,49.1,9.200000000000003,90.0,0.0016666666666666668
143,210,68.3,64.4,90.0,0.0016666666666666668
143,211,66.8,64.4,90.0,0.0016666666666666668
143,212,67.1,64.4,90.0,0.0016666666666666668
143,213,67.4,64.4,90.0,0.0016666666666666668
143,214,67.7,64.4,90.0,0.0016666666666666668
143,215,68.0,64.4,90.0,0.0016666666666666668
143,216,65.6,64.4,90.0,0.0016666666666666668
143,217,65.9,64.4,90.0,0.0016666666666666668
143,218,66.2,64.4,90.0,0.0016666666666666668
143,219,66.5,64.4,90.0,0.0016666666666666668
143,220,49.1,5.0,90.0,0.0016666666666666668
143,221,49.1,5.299999999999997,90.0,0.0016666666666666668
143,222,75.8,64.4,90.0,0.0016666666666666668
143,223,76.1,64.4,90.0,0.0016666666666666668
143,224,76.4,64.4,90.0,0.0016666666666666668
143,226,74.9,64.4,90.0,0.0016666666666666668
143,227,75.2,64.4,90.0,0.0016666666666666668
143,228,75.5,64.4,90.0,0.0016666666666666668
143,229,49.1,5.600000000000001,90.0,0.0016666666666666668
143,241,49.1,59.3,90.0,0.0016666666666666668
143,242,49.1,58.4,90.0,0.0016666666666666668
143,243,49.1,58.1,90.0,0.0016666666666666668
143,244,49.1,57.8,90.0,0.0016666666666666668
143,246,49.1,50.0,90.0,0.0016666666666666668
143,247,49.1,49.7,90.0,0.0016666666666666668
143,249,49.1,22.1,90.0,0.0016666666666666668
143,250,49.1,9.799999999999997,90.0,0.0016666666666666668
143,251,49.1,17.6,90.0,0.0016666666666666668
143,252,49.1,17.9,90.0,0.0016666666666666668
143,253,49.1,18.200000000000003,90.0,0.0016666666666666668
143,254,49.1,18.5,90.0,0.0016666666666666668
144,146,90.5,111.2,90.0,0.0016666666666666668
144,151,90.5,129.8,90.0,0.0016666666666666668
144,152,90.5,129.5,90.0,0.0016666666666666668
144,153,90.5,129.2,90.0,0.0016666666666666668
144,154,90.5,128.9,90.0,0.0016666666666666668
144,155,90.5,130.1,90.0,0.0016666666666666668
144,156,56.0,64.1,90.0,0.0016666666666666668
144,157,56.3,64.1,90.0,0.0016666666666666668
144,177,49.4,15.200000000000003,90.0,0.0016666666666666668
144,179,90.5,101.9,90.0,0.0016666666666666668
144,180,90.5,101.3,90.0,0.0016666666666666668
144,181,90.5,101.6,90.0,0.0016666666666666668
144,185,49.4,22.4,90.0,0.0016666666666666668
144,186,49.4,22.700000000000003,90.0,0.0016666666666666668
144,187,49.4,21.200000000000003,90.0,0.0016666666666666668
144,188,49.4,21.5,90.0,0.0016666666666666668
144,189,49.4,21.799999999999997,90.0,0.0016666666666666668
144,190,90.5,104.0,90.0,0.0016666666666666668
144,199,84.8,64.1,90.0,0.0016666666666666668
144,200,85.1,64.1,90.0,0.0016666666666666668
144,201,49.4,10.100000000000001,90.0,0.0016666666666666668
144,202,49.4,9.5,90.0,0.0016666666666666668
144,203,49.4,8.600000000000001,90.0,0.0016666666666666668
144,204,49.4,8.899999999999999,90.0,0.0016666666666666668
144,205,49.4,9.200000000000003,90.0,0.0016666666666666668
144,210,68.3,64.1,90.0,0.0016666666666666668
144,211,66.8,64.1,90.0,0.0016666666666666668
144,212,67.1,64.1,90.0,0.0016666666666666668
144,213,67.4,64.1,90.0,0.0016666666666666668
144,214,67.7,64.1,90.0,0.0016666666666666668
144,215,68.0,64.1,90.0,0.0016666666666666668
144,216,65.6,64.1,90.0,0.0016666666666666668
144,217,65.9,64.1,90.0,0.0016666666666666668
144,218,66.2,64.1,90.0,0.0016666666666666668
144,219,66.5,64.1,90.0,0.0016666666666666668
144,220,49.4,5.0,90.0,0.0016666666666666668
144,221,49.4,5.299999999999997,90.0,0.0016666666666666668
144,222,75.8,64.1,90.0,0.0016666666666666668
144,223,76.1,64.1,90.0,0.0016666666666666668
144,224,76.4,64.1,90.0,0.0016666666666666668
144,226,74.9,64.1,90.0,0.0016666666666666668
144,227,75.2,64.1,90.0,0.0016666666666666668
144,228,75.5,64.1,90.0,0.0016666666666666668
144,229,49.4,5.600000000000001,90.0,0.0016666666666666668
144,241,49.40400160128128,59.3,87.70755722404408,0.0018749929761864628
144,242,49.4,58.4,90.0,0.0016666666666666668
144,243,49.4,58.1,90.0,0.0016666666666666668
144,244,49.4,57.8,90.0,0.0016666666666666668
144,246,49.4,50.0,90.0,0.0016666666666666668
144,247,49.4,49.7,90.0,0.0016666666666666668
144,249,49.4,22.1,90.0,0.0016666666666666668
144,250,49.4,9.799999999999997,90.0,0.0016666666666666668
144,251,49.4,17.6,90.0,0.0016666666666666668
144,252,49.4,17.9,90.0,0.0016666666666666668
144,253,49.4,18.200000000000003,90.0,0.0016666666666666668
144,254,49.4,18.5,90.0,0.0016666666666666668
145,146,90.8,111.2,90.0,0.0016666666666666668
145,151,90.8,129.8,90.0,0.0016666666666666668
145,152,90.8,129.5,90.0,0.0016666666666666668
145,153,90.8,129.2,90.0,0.0016666666666666668
145,154,90.8,128.9,90.0,0.0016666666666666668
145,155,90.8,130.1,90.0,0.0016666666666666668
145,167,68.6,12.200000000000003,90.0,0.0016666666666666668
145,168,68.6,12.5,90.0,0.0016666666666666668
145,169,68.6,12.799999999999997,90.0,0.0016666666666666668
145,170,68.6,13.100000000000001,90.0,0.0016666666666666668
145,171,68.6,13.399999999999999,90.0,0.0016666666666666668
145,172,68.6,13.700000000000003,90.0,0.0016666666666666668
145,173,68.6,14.0,90.0,0.0016666666666666668
145,174,68.6,14.299999999999997,90.0,0.0016666666666666668
145,175,68.6,14.600000000000001,90.0,0.0016666666666666668
145,176,68.6,14.899999999999999,90.0,0.0016666666666666668
145,177,68.6,15.200000000000003,90.0,0.0016666666666666668
145,179,90.8,101.9,90.0,0.0016666666666666668
145,180,90.8,101.3,90.0,0.0016666666666666668
145,181,90.8,101.6,90.0,0.0016666666666666668
145,185,68.6,22.4,90.0,0.0016666666666666668
145,186,68.6,22.700000000000003,90.0,0.0016666666666666668
145,187,68.6,21.200000000000003,90.0,0.0016666666666666668
145,188,68.6,21.5,90.0,0.0016666666666666668
145,189,68.6,21.799999999999997,90.0,0.0016666666666666668
145,190,90.8,104.0,90.0,0.0016666666666666668
145,194,68.6,25.4,90.0,0.0016666666666666668
145,195,68.6,25.700000000000003,90.0,0.0016666666666666668
145,196,68.6,26.0,90.0,0.0016666666666666668
145,199,84.8,63.8,90.0,0.0016666666666666668
145,200,85.1,63.8,90.0,0.0016666666666666668
145,201,68.6,10.100000000000001,90.0,0.0016666666666666668
145,202,68.6,9.5,90.0,0.0016666666666666668
145,203,68.6,8.600000000000001,90.0,0.0016666666666666668
145,204,68.6,8.899999999999999,90.0,0.0016666666666666668
145,205,68.6,9.200000000000003,90.0,0.0016666666666666668
145,206,68.6,45.2,90.0,0.0016666666666666668
145,208,68.6,8.299999999999997,90.0,0.0016666666666666668
145,209,68.6,8.0,90.0,0.0016666666666666668
145,222,75.8,63.8,90.0,0.0016666666666666668
145,223,76.1,63.8,90.0,0.0016666666666666668
145,224,76.4,63.8,90.0,0.0016666666666666668
145,226,74.9,63.8,90.0,0.0016666666666666668
145,227,75.2,63.8,90.0,0.0016666666666666668
145,228,75.5,63.8,90.0,0.0016666666666666668
145,229,68.6,5.600000000000001,90.0,0.0016666666666666668
145,241,68.6250628144669,59.3,84.2608295227332,0.0018452401020419631
145,242,68.6,58.4,90.0,0.0016666666666666668
145,243,68.6,58.1,90.0,0.0016666666666666668
145,244,68.6,57.8,90.0,0.0016666666666666668
145,246,68.6,50.0,90.0,0.0016666666666666668
145,247,68.6,49.7,90.0,0.0016666666666666668
145,249,68.6,22.1,90.0,0.0016666666666666668
145,250,68.6,9.799999999999997,90.0,0.0016666666666666668
145,251,68.6,17.6,90.0,0.0016666666666666668
145,252,68.6,17.9,90.0,0.0016666666666666668
145,253,68.6,18.200000000000003,90.0,0.0016666666666666668
145,254,68.6,18.5,90.0,0.0016666666666666668
146,151,35.0,129.8,90.0,0.0016666666666666668
146,152,35.0,129.5,90.0,0.0016666666666666668
146,153,35.0,129.2,90.0,0.0016666666666666668
146,154,35.0,128.9,90.0,0.0016666666666666668
146,156,43.7,111.2,90.0,0.0016666666666666668
146,157,44.0,111.2,90.0,0.0016666666666666668
146,158,42.8,111.2,90.0,0.0016666666666666668
146,159,43.099999999999994,111.2,90.0,0.0016666666666666668
146,164,35.0,144.8,90.0,0.0016666666666666668
146,178,128.0,110.78257569495585,66.42182152179822,0.002916680714293742
146,179,81.2,111.2,90.0,0.0016666666666666668
146,190,46.400000000000006,111.2,90.0,0.0016666666666666668
146,199,45.8,111.2,90.0,0.0016666666666666668
146,200,46.099999999999994,111.2,90.0,0.0016666666666666668
146,206,126.5,111.17493718553311,84.26082952273323,0.0018452401020419631
146,207,80.3,111.2,90.0,0.0016666666666666668
146,210,53.900000000000006,111.2,90.0,0.0016666666666666668
146,211,44.3,111.2,90.0,0.0016666666666666668
146,212,44.599999999999994,111.2,90.0,0.0016666666666666668
146,213,44.900000000000006,111.2,90.0,0.0016666666666666668
146,214,45.2,111.2,90.0,0.0016666666666666668
146,215,45.5,111.2,90.0,0.0016666666666666668
146,222,54.2,111.2,90.0,0.0016666666666666668
146,223,54.5,111.2,90.0,0.0016666666666666668
146,224,54.8,111.2,90.0,0.0016666666666666668
146,225,91.1,111.2,90.0,0.0016666666666666668
146,241,98.9,111.2,90.0,0.0016666666666666668
146,242,99.2,111.2,90.0,0.0016666666666666668
146,243,99.5,111.2,90.0,0.0016666666666666668
146,244,99.8,111.2,90.0,0.0016666666666666668
146,246,116.3,111.2,90.0,0.0016666666666666668
146,247,116.6,111.2,90.0,0.0016666666666666668
146,248,43.400000000000006,111.2,90.0,0.0016666666666666668
147,151,34.7,129.8,90.0,0.0016666666666666668
147,152,34.7,129.5,90.0,0.0016666666666666668
147,153,34.7,129.2,90.0,0.0016666666666666668
147,154,34.7,128.9,90.0,0.0016666666666666668
147,158,34.7,86.3,90.0,0.0016666666666666668
147,159,35.26040542391539,80.6,62.61289249734594,0.002113100255104908
147,164,34.7,144.8,90.0,0.0016666666666666668
147,177,47.0,15.2,90.0,0.0016666666666666668
147,180,34.7,101.3,90.0,0.0016666666666666668
147,181,34.7,101.6,90.0,0.0016666666666666668
147,185,47.0,22.4,90.0,0.0016666666666666668
147,186,47.0,22.7,90.0,0.0016666666666666668
147,187,47.0,21.2,90.0,0.0016666666666666668
147,188,47.0,21.5,90.0,0.0016666666666666668
147,189,47.0,21.8,90.0,0.0016666666666666668
147,201,47.0,10.1,90.0,0.0016666666666666668
147,202,47.0,9.5,90.0,0.0016666666666666668
147,203,47.0,8.574937185533098,84.26082952273322,0.0018452401020419631
147,204,47.0,8.895998398718719,87.70755722404408,0.0018749929761864628
147,205,47.0,9.2,90.0,0.0016666666666666668
147,216,34.7250628144669,82.4,84.26082952273322,0.0018452401020419631
147,217,34.704001601281284,82.7,87.70755722404408,0.0018749929761864628
147,218,34.7,83.0,90.0,0.0016666666666666668
147,219,34.7,83.3,90.0,0.0016666666666666668
147,220,47.0,5.0,90.0,0.0016666666666666668
147,221,47.0,5.3,90.0,0.0016666666666666668
147,226,34.7,88.1,90.0,0.0016666666666666668
147,227,34.7,88.4,90.0,0.0016666666666666668
147,228,34.7,88.7,90.0,0.0016666666666666668
147,229,47.0,5.6,90.0,0.0016666666666666668
147,241,47.0,59.3,90.0,0.0016666666666666668
147,242,47.0,58.4,90.0,0.0016666666666666668
147,243,47.0,58.1,90.0,0.0016666666666666668
147,244,47.0,57.8,90.0,0.0016666666666666668
147,246,47.0,50.0,90.0,0.0016666666666666668
147,247,47.0,49.7,90.0,0.0016666666666666668
147,248,43.4,77.7,73.73979529168805,0.0018452401020419631
147,249,47.0,22.1,90.0,0.0016666666666666668
147,250,47.0,9.8,90.0,0.0016666666666666668
147,251,47.0,17.6,90.0,0.0016666666666666668
147,252,47.0,17.9,90.0,0.0016666666666666668
147,253,47.0,18.2,90.0,0.0016666666666666668
147,254,47.0,18.5,90.0,0.0016666666666666668
148,151,33.5,129.8,90.0,0.0016666666666666668
148,152,33.5,129.5,90.0,0.0016666666666666668
148,153,33.5,129.2,90.0,0.0016666666666666668
148,154,33.5,128.9,90.0,0.0016666666666666668
148,160,13.4,106.7,90.0,0.0016666666666666668
148,161,13.7,106.7,90.0,0.0016666666666666668
148,162,16.4,106.7,90.0,0.0016666666666666668
148,163,16.7,106.7,90.0,0.0016666666666666668
148,164,33.5,144.8,90.0,0.0016666666666666668
148,165,9.5,106.7,90.0,0.0016666666666666668
148,166,9.8,106.7,90.0,0.0016666666666666668
148,180,10.100000000000001,106.7,90.0,0.0016666666666666668
148,181,10.399999999999999,106.7,90.0,0.0016666666666666668
148,216,17.0,106.7,90.0,0.0016666666666666668
148,217,17.3,106.7,90.0,0.0016666666666666668
148,218,17.6,106.7,90.0,0.0016666666666666668
148,219,17.9,106.7,90.0,0.0016666666666666668
148,226,24.8,106.7,90.0,0.0016666666666666668
148,227,25.1,106.7,90.0,0.0016666666666666668
148,228,25.4,106.7,90.0,0.0016666666666666668
148,232,16.1,106.7,90.0,0.0016666666666666668
148,233,7.1,106.67493718553311,84.26082952273323,0.0018452401020419631
148,234,7.4,106.69599839871873,87.70755722404412,0.0018749929761864628
148,235,7.699999999999999,106.7,90.0,0.0016666666666666668
148,236,8.0,106.7,90.0,0.0016666666666666668
148,237,8.3,106.7,90.0,0.0016666666666666668
148,238,8.600000000000001,106.7,90.0,0.0016666666666666668
148,239,8.899999999999999,106.7,90.0,0.0016666666666666668
148,240,9.2,106.7,90.0,0.0016666666666666668
148,255,24.5,106.7,90.0,0.0016666666666666668
149,151,33.8,129.8,90.0,0.0016666666666666668
149,152,33.8,129.5,90.0,0.0016666666666666668
149,153,33.8,129.2,90.0,0.0016666666666666668
149,154,33.8,128.9,90.0,0.0016666666666666668
149,160,13.4,106.4,90.0,0.0016666666666666668
149,161,13.7,106.4,90.0,0.0016666666666666668
149,162,16.4,106.4,90.0,0.0016666666666666668
149,163,16.7,106.4,90.0,0.0016666666666666668
149,164,33.8,144.8,90.0,0.0016666666666666668
149,165,9.5,106.4,90.0,0.0016666666666666668
149,166,9.8,106.4,90.0,0.0016666666666666668
149,180,10.100000000000001,106.4,90.0,0.0016666666666666668
149,181,10.40400160128128,106.4,87.70755722404425,0.0018749929761864628
149,216,17.0,106.4,90.0,0.0016666666666666668
149,217,17.3,106.4,90.0,0.0016666666666666668
149,218,17.6,106.4,90.0,0.0016666666666666668
149,219,17.9,106.4,90.0,0.0016666666666666668
149,226,24.8,106.4,90.0,0.0016666666666666668
149,227,25.1,106.4,90.0,0.0016666666666666668
149,228,25.4,106.4,90.0,0.0016666666666666668
149,232,16.1,106.4,90.0,0.0016666666666666668
149,233,7.1,106.33558507170123,80.79310377865409,0.0018749929761864628
149,234,7.4,106.3749371855331,84.2608295227332,0.0018452401020419631
149,235,7.7,106.39599839871872,87.70755722404411,0.0018749929761864628
149,236,8.0,106.4,90.0,0.0016666666666666668
149,237,8.3,106.4,90.0,0.0016666666666666668
149,238,8.600000000000001,106.4,90.0,0.0016666666666666668
149,239,8.899999999999999,106.4,90.0,0.0016666666666666668
149,240,9.2,106.4,90.0,0.0016666666666666668
149,255,24.5,106.4,90.0,0.0016666666666666668
150,151,34.4,129.8,90.0,0.0016666666666666668
150,152,34.4,129.5,90.0,0.0016666666666666668
150,153,34.4,129.2,90.0,0.0016666666666666668
150,154,34.4,128.9,90.0,0.0016666666666666668
150,158,34.4,86.3,90.0,0.0016666666666666668
150,159,34.4,80.6,90.0,0.0016666666666666668
150,163,34.39693895907526,76.20089174473011,75.7813071970459,0.0019047739455851117
150,164,34.4,144.8,90.0,0.0016666666666666668
150,177,29.9,15.200000000000003,90.0,0.0016666666666666668
150,180,34.4,101.3,90.0,0.0016666666666666668
150,181,34.4,101.6,90.0,0.0016666666666666668
150,185,29.9,22.4,90.0,0.0016666666666666668
150,186,29.9,22.700000000000003,90.0,0.0016666666666666668
150,201,29.9,10.100000000000001,90.0,0.0016666666666666668
150,216,34.4,82.4,90.0,0.0016666666666666668
150,217,34.4,82.7,90.0,0.0016666666666666668
150,218,34.4,83.0,90.0,0.0016666666666666668
150,219,34.4,83.3,90.0,0.0016666666666666668
150,226,34.4,88.1,90.0,0.0016666666666666668
150,227,34.4,88.4,90.0,0.0016666666666666668
150,228,34.4,88.7,90.0,0.0016666666666666668
150,229,29.9,5.600000000000001,90.0,0.0016666666666666668
150,241,29.9,59.3,90.0,0.0016666666666666668
150,242,29.9,58.4,90.0,0.0016666666666666668
150,243,29.9,58.1,90.0,0.0016666666666666668
150,244,29.9,57.8,90.0,0.0016666666666666668
150,255,34.4,76.57749935930288,77.29096700560454,0.0017857062584988146
151,156,43.7,129.8,90.0,0.0016666666666666668
151,157,44.0,129.8,90.0,0.0016666666666666668
151,158,42.8,129.8,90.0,0.0016666666666666668
151,159,43.1,129.8,90.0,0.0016666666666666668
151,164,26.6,144.8,90.0,0.0016666666666666668
151,179,81.2,129.8,90.0,0.0016666666666666668
151,190,46.4,129.8,90.0,0.0016666666666666668
151,199,45.8,129.8,90.0,0.0016666666666666668
151,200,46.1,129.8,90.0,0.0016666666666666668
151,207,80.3,129.8,90.0,0.0016666666666666668
151,210,53.9,129.8,90.0,0.0016666666666666668
151,211,44.3,129.8,90.0,0.0016666666666666668
151,212,44.6,129.8,90.0,0.0016666666666666668
151,213,44.9,129.8,90.0,0.0016666666666666668
151,214,45.2,129.8,90.0,0.0016666666666666668
151,215,45.5,129.8,90.0,0.0016666666666666668
151,222,54.2,129.8,90.0,0.0016666666666666668
151,223,54.5,129.8,90.0,0.0016666666666666668
151,224,54.8,129.8,90.0,0.0016666666666666668
151,225,91.1,129.8,90.0,0.0016666666666666668
151,245,34.1,129.8,90.0,0.0016666666666666668
151,248,43.4,129.8,90.0,0.0016666666666666668
152,156,43.7,129.5,90.0,0.0016666666666666668
152,157,44.0,129.5,90.0,0.0016666666666666668
152,158,42.8,129.5,90.0,0.0016666666666666668
152,159,43.1,129.5,90.0,0.0016666666666666668
152,164,26.3,144.8,90.0,0.0016666666666666668
152,179,81.2,129.5,90.0,0.0016666666666666668
152,190,46.4,129.5,90.0,0.0016666666666666668
152,199,45.8,129.5,90.0,0.0016666666666666668
152,200,46.1,129.5,90.0,0.0016666666666666668
152,207,80.3,129.5,90.0,0.0016666666666666668
152,210,53.9,129.5,90.0,0.0016666666666666668
152,211,44.3,129.5,90.0,0.0016666666666666668
152,212,44.6,129.5,90.0,0.0016666666666666668
152,213,44.9,129.5,90.0,0.0016666666666666668
152,214,45.2,129.5,90.0,0.0016666666666666668
152,215,45.5,129.5,90.0,0.0016666666666666668
152,222,54.2,129.5,90.0,0.0016666666666666668
152,223,54.5,129.5,90.0,0.0016666666666666668
152,224,54.8,129.5,90.0,0.0016666666666666668
152,225,91.1,129.5,90.0,0.0016666666666666668
152,245,34.1,129.5,90.0,0.0016666666666666668
152,248,43.4,129.5,90.0,0.0016666666666666668
153,156,43.7,129.2,90.0,0.0016666666666666668
153,157,44.0,129.2,90.0,0.0016666666666666668
153,158,42.8,129.2,90.0,0.0016666666666666668
153,159,43.1,129.2,90.0,0.0016666666666666668
153,164,26.0,144.8,90.0,0.0016666666666666668
153,179,81.2,129.2,90.0,0.0016666666666666668
153,190,46.4,129.2,90.0,0.0016666666666666668
153,199,45.8,129.2,90.0,0.0016666666666666668
153,200,46.1,129.2,90.0,0.0016666666666666668
153,207,80.3,129.2,90.0,0.0016666666666666668
153,210,53.9,129.2,90.0,0.0016666666666666668
153,211,44.3,129.2,90.0,0.0016666666666666668
153,212,44.6,129.2,90.0,0.0016666666666666668
153,213,44.9,129.2,90.0,0.0016666666666666668
153,214,45.2,129.2,90.0,0.0016666666666666668
153,215,45.5,129.2,90.0,0.0016666666666666668
153,222,54.2,129.2,90.0,0.0016666666666666668
153,223,54.5,129.2,90.0,0.0016666666666666668
153,224,54.8,129.2,90.0,0.0016666666666666668
153,225,91.1,129.2,90.0,0.0016666666666666668
153,245,34.1,129.2,90.0,0.0016666666666666668
153,248,43.4,129.2,90.0,0.0016666666666666668
154,156,43.7,128.9,90.0,0.0016666666666666668
154,157,44.0,128.9,90.0,0.0016666666666666668
154,158,42.8,128.9,90.0,0.0016666666666666668
154,159,43.1,128.9,90.0,0.0016666666666666668
154,164,25.7,144.8,90.0,0.0016666666666666668
154,179,81.2,128.9,90.0,0.0016666666666666668
154,190,46.4,128.9,90.0,0.0016666666666666668
154,199,45.8,128.9,90.0,0.0016666666666666668
154,200,46.1,128.9,90.0,0.0016666666666666668
154,207,80.3,128.9,90.0,0.0016666666666666668
154,210,53.9,128.9,90.0,0.0016666666666666668
154,211,44.3,128.9,90.0,0.0016666666666666668
154,212,44.6,128.9,90.0,0.0016666666666666668
154,213,44.9,128.9,90.0,0.0016666666666666668
154,214,45.2,128.9,90.0,0.0016666666666666668
154,215,45.5,128.9,90.0,0.0016666666666666668
154,222,54.2,128.9,90.0,0.0016666666666666668
154,223,54.5,128.9,90.0,0.0016666666666666668
154,224,54.8,128.9,90.0,0.0016666666666666668
154,225,91.1,128.9,90.0,0.0016666666666666668
154,245,34.1,128.9,90.0,0.0016666666666666668
154,248,43.4,128.9,90.0,0.0016666666666666668
155,179,81.2,130.1,90.0,0.0016666666666666668
155,207,80.3,130.1,90.0,0.0016666666666666668
155,210,53.9,130.1,90.0,0.0016666666666666668
155,222,54.2,130.1,90.0,0.0016666666666666668
155,223,54.5,130.1,90.0,0.0016666666666666668
155,224,54.8,130.1,90.0,0.0016666666666666668
155,225,91.1,130.1,90.0,0.0016666666666666668
156,177,56.0,15.2,90.0,0.0016666666666666668
156,180,43.7,101.3,90.0,0.0016666666666666668
156,181,43.7,101.6,90.0,0.0016666666666666668
156,185,56.0,22.4,90.0,0.0016666666666666668
156,186,56.0,22.7,90.0,0.0016666666666666668
156,187,56.0,21.2,90.0,0.0016666666666666668
156,188,56.0,21.5,90.0,0.0016666666666666668
156,189,56.0,21.8,90.0,0.0016666666666666668
156,201,56.0,10.1,90.0,0.0016666666666666668
156,202,56.0,9.5,90.0,0.0016666666666666668
156,203,56.0,8.6,90.0,0.0016666666666666668
156,204,56.0,8.9,90.0,0.0016666666666666668
156,205,56.0,9.2,90.0,0.0016666666666666668
156,207,56.0,64.7,90.0,0.0016666666666666668
156,208,56.0,8.29599839871872,87.70755722404408,0.0018749929761864628
156,209,56.0,7.9749371855331,84.26082952273322,0.0018452401020419631
156,216,43.9,82.4,73.73979529168815,0.0018452401020419631
156,217,43.82250064069712,82.7,77.29096700560463,0.0017857062584988146
156,218,43.76441492829878,83.0,80.79310377865414,0.0018749929761864628
156,219,43.7250628144669,83.3,84.26082952273322,0.0018452401020419631
156,220,56.0,5.0,90.0,0.0016666666666666668
156,221,56.0,5.3,90.0,0.0016666666666666668
156,226,43.7,88.1,90.0,0.0016666666666666668
156,227,43.7,88.4,90.0,0.0016666666666666668
156,228,43.7,88.7,90.0,0.0016666666666666668
156,229,56.0,5.6,90.0,0.0016666666666666668
156,241,56.0,59.3,90.0,0.0016666666666666668
156,242,56.0,58.4,90.0,0.0016666666666666668
156,243,56.0,58.1,90.0,0.0016666666666666668
156,244,56.0,57.8,90.0,0.0016666666666666668
156,246,56.0,50.0,90.0,0.0016666666666666668
156,247,56.0,49.7,90.0,0.0016666666666666668
156,249,56.0,22.1,90.0,0.0016666666666666668
156,250,56.0,9.8,90.0,0.0016666666666666668
156,251,56.0,17.6,90.0,0.0016666666666666668
156,252,56.0,17.9,90.0,0.0016666666666666668
156,253,56.0,18.2,90.0,0.0016666666666666668
156,254,56.0,18.5,90.0,0.0016666666666666668
157,177,56.3,15.2,90.0,0.0016666666666666668
157,180,44.0,101.3,90.0,0.0016666666666666668
157,181,44.0,101.6,90.0,0.0016666666666666668
157,185,56.3,22.4,90.0,0.0016666666666666668
157,186,56.3,22.7,90.0,0.0016666666666666668
157,187,56.3,21.2,90.0,0.0016666666666666668
157,188,56.3,21.5,90.0,0.0016666666666666668
157,189,56.3,21.8,90.0,0.0016666666666666668
157,201,56.3,10.1,90.0,0.0016666666666666668
157,202,56.3,9.5,90.0,0.0016666666666666668
157,203,56.3,8.6,90.0,0.0016666666666666668
157,204,56.3,8.9,90.0,0.0016666666666666668
157,205,56.3,9.2,90.0,0.0016666666666666668
157,207,56.3,64.7,90.0,0.0016666666666666668
157,208,56.3,8.3,90.0,0.0016666666666666668
157,209,56.3,7.995998398718719,87.70755722404408,0.0018749929761864628
157,216,44.92691762911673,82.4,54.54945736082474,0.002261892721081555
157,217,44.72916869918747,82.7,58.66774850240584,0.00199406066327276
157,218,44.56040542391538,83.0,62.61289249734613,0.002113100255104908
157,219,44.417424305044165,83.3,66.42182152179815,0.002916680714293742
157,220,56.3,5.0,90.0,0.0016666666666666668
157,221,56.3,5.3,90.0,0.0016666666666666668
157,226,44.0,88.1,90.0,0.0016666666666666668
157,227,44.0,88.4,90.0,0.0016666666666666668
157,228,44.0,88.7,90.0,0.0016666666666666668
157,229,56.3,5.6,90.0,0.0016666666666666668
157,241,56.3,59.3,90.0,0.0016666666666666668
157,242,56.3,58.4,90.0,0.0016666666666666668
157,243,56.3,58.1,90.0,0.0016666666666666668
157,244,56.3,57.8,90.0,0.0016666666666666668
157,246,56.3,50.0,90.0,0.0016666666666666668
157,247,56.3,49.7,90.0,0.0016666666666666668
157,249,56.3,22.1,90.0,0.0016666666666666668
157,250,56.3,9.8,90.0,0.0016666666666666668
157,251,56.3,17.6,90.0,0.0016666666666666668
157,252,56.3,17.9,90.0,0.0016666666666666668
157,253,56.3,18.2,90.0,0.0016666666666666668
157,254,56.3,18.5,90.0,0.0016666666666666668
158,162,16.4,85.37308237088325,54.54945736082454,0.002261892721081555
158,163,16.7,85.57083130081251,58.667748502405686,0.00199406066327276
158,165,14.3,74.9040016012813,87.70755722404412,0.0018749929761864628
158,166,14.3,75.22506281446691,84.2608295227332,0.0018452401020419631
158,177,14.3,15.200000000000003,90.0,0.0016666666666666668
158,180,42.8,101.3,90.0,0.0016666666666666668
158,181,42.8,101.6,90.0,0.0016666666666666668
158,185,14.3,22.4,90.0,0.0016666666666666668
158,186,14.3,22.700000000000003,90.0,0.0016666666666666668
158,216,17.24382995403599,85.85764903673817,83.68468443064273,0.0017857062584988146
158,217,17.59743897518031,86.00120048038423,89.95416337150037,0.0017559533843543149
158,218,17.967263277150607,86.1191091321497,83.36176667053805,0.0017857062584988146
158,219,18.357588673485324,86.21038296792183,76.16067146317496,0.0017857062584988146
158,226,41.6418745424597,88.1,50.20818050044273,0.0038393007653147234
158,227,41.87308237088327,88.4,54.54945736082474,0.002261892721081555
158,228,42.07083130081253,88.7,58.66774850240584,0.00199406066327276
158,245,34.1,86.3,90.0,0.0016666666666666668
158,255,24.5,86.3,90.0,0.0016666666666666668
159,162,16.49687335501613,79.52053631856549,62.93506577116672,0.002113100255104908
159,163,16.94966262148316,79.83977732670436,76.17247292099357,0.0017857062584988146
159,165,14.6,74.9,90.0,0.0016666666666666668
159,166,14.6,75.20400160128128,87.70755722404411,0.0018749929761864628
159,177,14.6,15.200000000000003,90.0,0.0016666666666666668
159,180,43.1,101.3,90.0,0.0016666666666666668
159,181,43.1,101.6,90.0,0.0016666666666666668
159,185,14.6,22.4,90.0,0.0016666666666666668
159,186,14.6,22.700000000000003,90.0,0.0016666666666666668
159,216,41.94187454245972,82.4,50.20818050044296,0.0038393007653147234
159,217,42.173082370883265,82.7,54.54945736082469,0.002261892721081555
159,218,42.370831300812526,83.0,58.667748502405786,0.00199406066327276
159,219,42.539594576084625,83.3,62.61289249734613,0.002113100255104908
159,226,43.1,88.1,90.0,0.0016666666666666668
159,227,43.1,88.4,90.0,0.0016666666666666668
159,228,43.1,88.7,90.0,0.0016666666666666668
159,245,34.1,80.6,90.0,0.0016666666666666668
159,255,24.622500640697123,80.6,77.29096700560446,0.0017857062584988146
160,164,15.5,144.82506281446692,84.2608295227332,0.0018452401020419631
160,165,13.4,75.02250064069713,77.29096700560456,0.0017857062584988146
160,166,13.4,75.4,73.73979529168803,0.0018452401020419631
160,177,13.4,15.200000000000003,90.0,0.0016666666666666668
160,180,13.4,101.5978728217965,70.12312592992117,0.0033035804591888336
160,181,13.4,102.01742430504416,66.42182152179815,0.002916680714293742
160,185,13.4,22.400000000000006,90.0,0.0016666666666666668
160,186,13.4,22.700000000000003,90.0,0.0016666666666666668
161,164,15.8,144.8040016012813,87.70755722404412,0.0018749929761864628
161,165,13.7,74.96441492829878,80.79310377865409,0.0018749929761864628
161,166,13.7,75.32250064069711,77.29096700560457,0.0017857062584988146
161,177,13.7,15.200000000000003,90.0,0.0016666666666666668
161,180,13.7,101.5,73.73979529168803,0.0018452401020419631
161,181,13.7,101.8978728217965,70.12312592992116,0.0033035804591888336
161,185,13.7,22.39999999999999,90.0,0.0016666666666666668
161,186,13.7,22.700000000000003,90.0,0.0016666666666666668
162,164,16.4,144.8,90.0,0.0016666666666666668
162,177,29.6,15.2,90.0,0.0016666666666666668
162,180,16.4,101.3,90.0,0.0016666666666666668
162,181,16.4,101.6,90.0,0.0016666666666666668
162,185,29.6,22.4,90.0,0.0016666666666666668
162,186,29.6,22.7,90.0,0.0016666666666666668
162,201,29.6,10.1,90.0,0.0016666666666666668
162,229,29.6,5.6,90.0,0.0016666666666666668
162,241,29.6,59.3,90.0,0.0016666666666666668
162,242,29.6,58.4,90.0,0.0016666666666666668
162,243,29.6,58.1,90.0,0.0016666666666666668
162,244,29.6,57.8,90.0,0.0016666666666666668
162,245,29.182280147392373,72.5006770481049,67.35625973711491,0.002976186462582741
163,164,16.7,144.8,90.0,0.0016666666666666668
163,177,38.0,15.2,90.0,0.0016666666666666668
163,180,16.7,101.3,90.0,0.0016666666666666668
163,181,16.7,101.6,90.0,0.0016666666666666668
163,185,38.0,22.4,90.0,0.0016666666666666668
163,186,38.0,22.7,90.0,0.0016666666666666668
163,187,38.0,21.2,90.0,0.0016666666666666668
163,188,38.0,21.5,90.0,0.0016666666666666668
163,189,38.0,21.8,90.0,0.0016666666666666668
163,201,38.0,10.1,90.0,0.0016666666666666668
163,202,38.0,9.5,90.0,0.0016666666666666668
163,220,38.0,4.9749371855331,84.26082952273322,0.0018452401020419631
163,221,38.0,5.2959983987187185,87.70755722404408,0.0018749929761864628
163,229,38.0,5.6,90.0,0.0016666666666666668
163,241,38.0,59.3,90.0,0.0016666666666666668
163,242,38.0,58.4,90.0,0.0016666666666666668
163,243,38.0,58.1,90.0,0.0016666666666666668
163,244,38.0,57.8,90.0,0.0016666666666666668
163,245,33.95578548397868,76.3077972766421,87.22580043031418,0.0018749929761864628
163,246,38.0,50.0,90.0,0.0016666666666666668
163,247,38.0,49.7,90.0,0.0016666666666666668
163,248,37.9749371855331,71.9,84.26082952273322,0.0018452401020419631
163,249,38.0,22.1,90.0,0.0016666666666666668
163,250,38.0,9.8,90.0,0.0016666666666666668
164,216,17.0,144.8,90.0,0.0016666666666666668
164,217,17.3,144.8,90.0,0.0016666666666666668
164,218,17.6,144.8,90.0,0.0016666666666666668
164,219,17.9,144.8,90.0,0.0016666666666666668
164,226,24.8,144.8,90.0,0.0016666666666666668
164,227,25.1,144.8,90.0,0.0016666666666666668
164,228,25.4,144.8,90.0,0.0016666666666666668
164,232,16.1,144.8,90.0,0.0016666666666666668
164,245,34.1,144.8,90.0,0.0016666666666666668
164,255,24.5,144.8,90.0,0.0016666666666666668
165,177,29.0,15.2,90.0,0.0016666666666666668
165,185,29.0,22.4,90.0,0.0016666666666666668
165,186,29.0,22.7,90.0,0.0016666666666666668
165,201,29.0,10.1,90.0,0.0016666666666666668
165,229,29.0,5.6,90.0,0.0016666666666666668
165,232,14.0,74.92506281446691,84.2608295227332,0.0018452401020419631
165,241,29.0,59.3,90.0,0.0016666666666666668
165,242,29.0,58.4,90.0,0.0016666666666666668
165,243,29.0,58.1,90.0,0.0016666666666666668
165,244,29.0,57.8,90.0,0.0016666666666666668
165,245,28.270831300812528,72.5,58.667748502405814,0.00199406066327276
166,177,29.3,15.2,90.0,0.0016666666666666668
166,185,29.3,22.4,90.0,0.0016666666666666668
166,186,29.3,22.7,90.0,0.0016666666666666668
166,201,29.3,10.1,90.0,0.0016666666666666668
166,229,29.3,5.6,90.0,0.0016666666666666668
166,232,14.0,75.26441492829878,80.79310377865409,0.0018749929761864628
166,241,29.3,59.3,90.0,0.0016666666666666668
166,242,29.3,58.4,90.0,0.0016666666666666668
166,243,29.3,58.1,90.0,0.0016666666666666668
166,244,29.3,57.8,90.0,0.0016666666666666668
166,245,28.739594576084624,72.5,62.61289249734613,0.002113100255104908
167,182,87.2,12.195998398718718,87.70755722404408,0.0018749929761864628
167,183,69.5,12.2,90.0,0.0016666666666666668
167,184,69.2,12.2,90.0,0.0016666666666666668
167,191,91.94057139775292,7.968605401819294,87.58139988536806,0.0018749929761864628
167,192,86.9,12.2,90.0,0.0016666666666666668
167,193,86.6,12.2,90.0,0.0016666666666666668
167,197,68.9,12.2,90.0,0.0016666666666666668
167,198,86.3,12.2,90.0,0.0016666666666666668
167,199,84.8,12.2,90.0,0.0016666666666666668
167,200,85.1,12.2,90.0,0.0016666666666666668
167,201,61.426917629116744,10.1,54.549457360824555,0.002261892721081555
167,202,61.06040542391538,9.5,62.612892497346095,0.002113100255104908
167,203,60.7,8.6,73.73979529168803,0.0018452401020419631
167,204,60.7978728217965,8.9,70.12312592992116,0.0033035804591888336
167,205,60.917424305044165,9.2,66.42182152179815,0.002916680714293742
167,208,60.62250064069712,8.3,77.29096700560456,0.0017857062584988146
167,209,60.564414928298774,8.0,80.79310377865409,0.0018749929761864628
167,210,68.3,12.2,90.0,0.0016666666666666668
167,211,66.8,12.2,90.0,0.0016666666666666668
167,212,67.1,12.2,90.0,0.0016666666666666668
167,213,67.4,12.2,90.0,0.0016666666666666668
167,214,67.7,12.2,90.0,0.0016666666666666668
167,215,68.0,12.2,90.0,0.0016666666666666668
167,216,65.6,12.2,90.0,0.0016666666666666668
167,217,65.9,12.2,90.0,0.0016666666666666668
167,218,66.2,12.2,90.0,0.0016666666666666668
167,219,66.5,12.2,90.0,0.0016666666666666668
167,220,60.5,4.9749371855331,84.26082952273322,0.0018452401020419631
167,221,60.5,5.2959983987187185,87.70755722404408,0.0018749929761864628
167,222,75.8,12.2,90.0,0.0016666666666666668
167,223,76.1,12.2,90.0,0.0016666666666666668
167,224,76.4,12.2,90.0,0.0016666666666666668
167,225,77.3,12.2,90.0,0.0016666666666666668
167,226,74.9,12.2,90.0,0.0016666666666666668
167,227,75.2,12.2,90.0,0.0016666666666666668
167,228,75.5,12.2,90.0,0.0016666666666666668
167,229,60.5,5.6,90.0,0.0016666666666666668
167,250,61.229168699187476,9.8,58.66774850240573,0.00199406066327276
168,182,87.2,12.5,90.0,0.0016666666666666668
168,183,69.5,12.5,90.0,0.0016666666666666668
168,184,69.2,12.5,90.0,0.0016666666666666668
168,191,92.27544166242042,7.994954809908043,86.89304629709949,0.0018749929761864628
168,192,86.9,12.5,90.0,0.0016666666666666668
168,193,86.6,12.5,90.0,0.0016666666666666668
168,197,68.9,12.5,90.0,0.0016666666666666668
168,198,86.3,12.5,90.0,0.0016666666666666668
168,199,84.8,12.5,90.0,0.0016666666666666668
168,200,85.1,12.5,90.0,0.0016666666666666668
168,201,60.92916869918748,10.1,58.667748502405736,0.00199406066327276
168,202,60.61742430504417,9.5,66.42182152179815,0.002916680714293742
168,203,60.32250064069712,8.6,77.29096700560457,0.0017857062584988146
168,204,60.400000000000006,8.9,73.73979529168803,0.0018452401020419631
168,205,60.497872821796506,9.2,70.12312592992117,0.0033035804591888336
168,208,60.26441492829878,8.3,80.79310377865409,0.0018749929761864628
168,209,60.2250628144669,8.0,84.26082952273322,0.0018452401020419631
168,210,68.3,12.5,90.0,0.0016666666666666668
168,211,66.8,12.5,90.0,0.0016666666666666668
168,212,67.1,12.5,90.0,0.0016666666666666668
168,213,67.4,12.5,90.0,0.0016666666666666668
168,214,67.7,12.5,90.0,0.0016666666666666668
168,215,68.0,12.5,90.0,0.0016666666666666668
168,216,65.6,12.5,90.0,0.0016666666666666668
168,217,65.9,12.5,90.0,0.0016666666666666668
168,218,66.2,12.5,90.0,0.0016666666666666668
168,219,66.5,12.5,90.0,0.0016666666666666668
168,220,60.2,4.995998398718719,87.70755722404408,0.0018749929761864628
168,221,60.2,5.3,90.0,0.0016666666666666668
168,222,75.8,12.5,90.0,0.0016666666666666668
168,223,76.1,12.5,90.0,0.0016666666666666668
168,224,76.4,12.5,90.0,0.0016666666666666668
168,225,77.3,12.5,90.0,0.0016666666666666668
168,226,74.9,12.5,90.0,0.0016666666666666668
168,227,75.2,12.5,90.0,0.0016666666666666668
168,228,75.5,12.5,90.0,0.0016666666666666668
168,229,60.2,5.6,90.0,0.0016666666666666668
168,250,60.76040542391538,9.8,62.612892497346095,0.002113100255104908
169,182,87.2,12.8,90.0,0.0016666666666666668
169,183,69.5,12.8,90.0,0.0016666666666666668
169,184,69.2,12.8,90.0,0.0016666666666666668
169,191,92.5959983987187,8.0,87.70755722404412,0.0018749929761864628
169,192,86.9,12.8,90.0,0.0016666666666666668
169,193,86.6,12.8,90.0,0.0016666666666666668
169,197,68.9,12.8,90.0,0.0016666666666666668
169,198,86.3,12.8,90.0,0.0016666666666666668
169,199,84.8,12.8,90.0,0.0016666666666666668
169,200,85.1,12.8,90.0,0.0016666666666666668
169,201,60.46040542391538,10.1,62.6128924973461,0.002113100255104908
169,202,60.19787282179651,9.5,70.12312592992117,0.0033035804591888336
169,203,59.96441492829878,8.6,80.79310377865411,0.0018749929761864628
169,204,60.022500640697125,8.9,77.29096700560457,0.0017857062584988146
169,205,60.10000000000001,9.2,73.73979529168805,0.0018452401020419631
169,208,59.925062814466905,8.3,84.26082952273322,0.0018452401020419631
169,209,59.90400160128129,8.0,87.70755722404412,0.0018749929761864628
169,210,68.3,12.8,90.0,0.0016666666666666668
169,211,66.8,12.8,90.0,0.0016666666666666668
169,212,67.1,12.8,90.0,0.0016666666666666668
169,213,67.4,12.8,90.0,0.0016666666666666668
169,214,67.7,12.8,90.0,0.0016666666666666668
169,215,68.0,12.8,90.0,0.0016666666666666668
169,216,65.6,12.8,90.0,0.0016666666666666668
169,217,65.9,12.8,90.0,0.0016666666666666668
169,218,66.2,12.8,90.0,0.0016666666666666668
169,219,66.5,12.8,90.0,0.0016666666666666668
169,220,59.9,5.0,90.0,0.0016666666666666668
169,221,59.9,5.3,90.0,0.0016666666666666668
169,222,75.8,12.8,90.0,0.0016666666666666668
169,223,76.1,12.8,90.0,0.0016666666666666668
169,224,76.4,12.8,90.0,0.0016666666666666668
169,225,77.3,12.8,90.0,0.0016666666666666668
169,226,74.9,12.8,90.0,0.0016666666666666668
169,227,75.2,12.8,90.0,0.0016666666666666668
169,228,75.5,12.8,90.0,0.0016666666666666668
169,229,59.9,5.6,90.0,0.0016666666666666668
169,250,60.31742430504417,9.8,66.42182152179815,0.002916680714293742
170,182,87.2,13.1,90.0,0.0016666666666666668
170,183,69.5,13.1,90.0,0.0016666666666666668
170,184,69.2,13.1,90.0,0.0016666666666666668
170,191,92.9,8.0,90.0,0.0016666666666666668
170,192,86.9,13.1,90.0,0.0016666666666666668
170,193,86.6,13.1,90.0,0.0016666666666666668
170,197,68.9,13.1,90.0,0.0016666666666666668
170,198,86.3,13.1,90.0,0.0016666666666666668
170,199,84.8,13.1,90.0,0.0016666666666666668
170,200,85.1,13.1,90.0,0.0016666666666666668
170,201,60.01742430504416,10.1,66.42182152179815,0.002916680714293742
170,202,59.8,9.5,73.73979529168803,0.0018452401020419631
170,203,59.625062814466894,8.6,84.26082952273322,0.0018452401020419631
170,204,59.66441492829877,8.9,80.79310377865409,0.0018749929761864628
170,205,59.72250064069711,9.2,77.29096700560457,0.0017857062584988146
170,208,59.604001601281276,8.3,87.7075572240441,0.0018749929761864628
170,209,59.6,8.0,90.0,0.0016666666666666668
170,210,68.3,13.1,90.0,0.0016666666666666668
170,211,66.8,13.1,90.0,0.0016666666666666668
170,212,67.1,13.1,90.0,0.0016666666666666668
170,213,67.4,13.1,90.0,0.0016666666666666668
170,214,67.7,13.1,90.0,0.0016666666666666668
170,215,68.0,13.1,90.0,0.0016666666666666668
170,216,65.6,13.1,90.0,0.0016666666666666668
170,217,65.9,13.1,90.0,0.0016666666666666668
170,218,66.2,13.1,90.0,0.0016666666666666668
170,219,66.5,13.1,90.0,0.0016666666666666668
170,220,59.6,5.0,90.0,0.0016666666666666668
170,221,59.6,5.3,90.0,0.0016666666666666668
170,222,75.8,13.1,90.0,0.0016666666666666668
170,223,76.1,13.1,90.0,0.0016666666666666668
170,224,76.4,13.1,90.0,0.0016666666666666668
170,225,77.3,13.1,90.0,0.0016666666666666668
170,226,74.9,13.1,90.0,0.0016666666666666668
170,227,75.2,13.1,90.0,0.0016666666666666668
170,228,75.5,13.1,90.0,0.0016666666666666668
170,229,59.6,5.6,90.0,0.0016666666666666668
170,250,59.8978728217965,9.8,70.12312592992116,0.0033035804591888336
171,182,87.2,13.4,90.0,0.0016666666666666668
171,183,69.5,13.4,90.0,0.0016666666666666668
171,184,69.2,13.4,90.0,0.0016666666666666668
171,191,93.2,8.0,90.0,0.0016666666666666668
171,192,86.9,13.4,90.0,0.0016666666666666668
171,193,86.6,13.4,90.0,0.0016666666666666668
171,197,68.9,13.4,90.0,0.0016666666666666668
171,198,86.3,13.4,90.0,0.0016666666666666668
171,199,84.8,13.4,90.0,0.0016666666666666668
171,200,85.1,13.4,90.0,0.0016666666666666668
171,201,59.5978728217965,10.1,70.12312592992117,0.0033035804591888336
171,202,59.422500640697116,9.5,77.29096700560457,0.0017857062584988146
171,203,59.30400160128128,8.6,87.70755722404412,0.0018749929761864628
171,204,59.3250628144669,8.9,84.26082952273322,0.0018452401020419631
171,205,59.36441492829877,9.2,80.79310377865411,0.0018749929761864628
171,208,59.3,8.3,90.0,0.0016666666666666668
171,209,59.3,8.0,90.0,0.0016666666666666668
171,210,68.3,13.4,90.0,0.0016666666666666668
171,211,66.8,13.4,90.0,0.0016666666666666668
171,212,67.1,13.4,90.0,0.0016666666666666668
171,213,67.4,13.4,90.0,0.0016666666666666668
171,214,67.7,13.4,90.0,0.0016666666666666668
171,215,68.0,13.4,90.0,0.0016666666666666668
171,216,65.6,13.4,90.0,0.0016666666666666668
171,217,65.9,13.4,90.0,0.0016666666666666668
171,218,66.2,13.4,90.0,0.0016666666666666668
171,219,66.5,13.4,90.0,0.0016666666666666668
171,220,59.3,5.0,90.0,0.0016666666666666668
171,221,59.3,5.3,90.0,0.0016666666666666668
171,222,75.8,13.4,90.0,0.0016666666666666668
171,223,76.1,13.4,90.0,0.0016666666666666668
171,224,76.4,13.4,90.0,0.0016666666666666668
171,225,77.3,13.4,90.0,0.0016666666666666668
171,226,74.9,13.4,90.0,0.0016666666666666668
171,227,75.2,13.4,90.0,0.0016666666666666668
171,228,75.5,13.4,90.0,0.0016666666666666668
171,229,59.3,5.6,90.0,0.0016666666666666668
171,250,59.5,9.8,73.73979529168803,0.0018452401020419631
172,182,87.2,13.7,90.0,0.0016666666666666668
172,183,69.5,13.7,90.0,0.0016666666666666668
172,184,69.2,13.7,90.0,0.0016666666666666668
172,191,93.5,8.0,90.0,0.0016666666666666668
172,192,86.9,13.7,90.0,0.0016666666666666668
172,193,86.6,13.7,90.0,0.0016666666666666668
172,197,68.9,13.7,90.0,0.0016666666666666668
172,198,86.3,13.7,90.0,0.0016666666666666668
172,199,84.8,13.7,90.0,0.0016666666666666668
172,200,85.1,13.7,90.0,0.0016666666666666668
172,201,59.2,10.1,73.73979529168803,0.0018452401020419631
172,202,59.064414928298774,9.5,80.79310377865409,0.0018749929761864628
172,203,59.0,8.6,90.0,0.0016666666666666668
172,204,59.00400160128128,8.9,87.7075572240441,0.0018749929761864628
172,205,59.0250628144669,9.2,84.26082952273322,0.0018452401020419631
172,208,59.0,8.3,90.0,0.0016666666666666668
172,209,59.0,8.0,90.0,0.0016666666666666668
172,210,68.3,13.7,90.0,0.0016666666666666668
172,211,66.8,13.7,90.0,0.0016666666666666668
172,212,67.1,13.7,90.0,0.0016666666666666668
172,213,67.4,13.7,90.0,0.0016666666666666668
172,214,67.7,13.7,90.0,0.0016666666666666668
172,215,68.0,13.7,90.0,0.0016666666666666668
172,216,65.6,13.7,90.0,0.0016666666666666668
172,217,65.9,13.7,90.0,0.0016666666666666668
172,218,66.2,13.7,90.0,0.0016666666666666668
172,219,66.5,13.7,90.0,0.0016666666666666668
172,220,59.0,5.0,90.0,0.0016666666666666668
172,221,59.0,5.3,90.0,0.0016666666666666668
172,222,75.8,13.7,90.0,0.0016666666666666668
172,223,76.1,13.7,90.0,0.0016666666666666668
172,224,76.4,13.7,90.0,0.0016666666666666668
172,225,77.3,13.7,90.0,0.0016666666666666668
172,226,74.9,13.7,90.0,0.0016666666666666668
172,227,75.2,13.7,90.0,0.0016666666666666668
172,228,75.5,13.7,90.0,0.0016666666666666668
172,229,59.0,5.6,90.0,0.0016666666666666668
172,250,59.12250064069712,9.8,77.29096700560456,0.0017857062584988146
173,182,87.2,14.0,90.0,0.0016666666666666668
173,183,69.5,14.0,90.0,0.0016666666666666668
173,184,69.2,14.0,90.0,0.0016666666666666668
173,191,93.8,8.0,90.0,0.0016666666666666668
173,192,86.9,14.0,90.0,0.0016666666666666668
173,193,86.6,14.0,90.0,0.0016666666666666668
173,197,68.9,14.0,90.0,0.0016666666666666668
173,198,86.3,14.0,90.0,0.0016666666666666668
173,199,84.8,14.0,90.0,0.0016666666666666668
173,200,85.1,14.0,90.0,0.0016666666666666668
173,201,58.82250064069712,10.1,77.29096700560457,0.0017857062584988146
173,202,58.7250628144669,9.5,84.26082952273322,0.0018452401020419631
173,203,58.7,8.6,90.0,0.0016666666666666668
173,204,58.7,8.9,90.0,0.0016666666666666668
173,205,58.704001601281284,9.2,87.70755722404412,0.0018749929761864628
173,208,58.7,8.3,90.0,0.0016666666666666668
173,209,58.7,8.0,90.0,0.0016666666666666668
173,210,68.3,14.0,90.0,0.0016666666666666668
173,211,66.8,14.0,90.0,0.0016666666666666668
173,212,67.1,14.0,90.0,0.0016666666666666668
173,213,67.4,14.0,90.0,0.0016666666666666668
173,214,67.7,14.0,90.0,0.0016666666666666668
173,215,68.0,14.0,90.0,0.0016666666666666668
173,216,65.6,14.0,90.0,0.0016666666666666668
173,217,65.9,14.0,90.0,0.0016666666666666668
173,218,66.2,14.0,90.0,0.0016666666666666668
173,219,66.5,14.0,90.0,0.0016666666666666668
173,220,58.7,5.0,90.0,0.0016666666666666668
173,221,58.7,5.3,90.0,0.0016666666666666668
173,222,75.8,14.0,90.0,0.0016666666666666668
173,223,76.1,14.0,90.0,0.0016666666666666668
173,224,76.4,14.0,90.0,0.0016666666666666668
173,225,77.3,14.0,90.0,0.0016666666666666668
173,226,74.9,14.0,90.0,0.0016666666666666668
173,227,75.2,14.0,90.0,0.0016666666666666668
173,228,75.5,14.0,90.0,0.0016666666666666668
173,229,58.7,5.6,90.0,0.0016666666666666668
173,250,58.76441492829878,9.8,80.79310377865409,0.0018749929761864628
174,182,87.2,14.3,90.0,0.0016666666666666668
174,183,69.5,14.3,90.0,0.0016666666666666668
174,184,69.2,14.3,90.0,0.0016666666666666668
174,191,94.1,8.0,90.0,0.0016666666666666668
174,192,86.9,14.3,90.0,0.0016666666666666668
174,193,86.6,14.3,90.0,0.0016666666666666668
174,197,68.9,14.3,90.0,0.0016666666666666668
174,198,86.3,14.3,90.0,0.0016666666666666668
174,199,84.8,14.3,90.0,0.0016666666666666668
174,200,85.1,14.3,90.0,0.0016666666666666668
174,201,58.46441492829877,10.1,80.79310377865411,0.0018749929761864628
174,202,58.40400160128128,9.5,87.70755722404412,0.0018749929761864628
174,203,58.4,8.6,90.0,0.0016666666666666668
174,204,58.4,8.9,90.0,0.0016666666666666668
174,205,58.4,9.2,90.0,0.0016666666666666668
174,208,58.4,8.3,90.0,0.0016666666666666668
174,209,58.4,8.0,90.0,0.0016666666666666668
174,210,68.3,14.3,90.0,0.0016666666666666668
174,211,66.8,14.3,90.0,0.0016666666666666668
174,212,67.1,14.3,90.0,0.0016666666666666668
174,213,67.4,14.3,90.0,0.0016666666666666668
174,214,67.7,14.3,90.0,0.0016666666666666668
174,215,68.0,14.3,90.0,0.0016666666666666668
174,216,65.6,14.3,90.0,0.0016666666666666668
174,217,65.9,14.3,90.0,0.0016666666666666668
174,218,66.2,14.3,90.0,0.0016666666666666668
174,219,66.5,14.3,90.0,0.0016666666666666668
174,220,58.4,5.0,90.0,0.0016666666666666668
174,221,58.4,5.3,90.0,0.0016666666666666668
174,222,75.8,14.3,90.0,0.0016666666666666668
174,223,76.1,14.3,90.0,0.0016666666666666668
174,224,76.4,14.3,90.0,0.0016666666666666668
174,225,77.3,14.3,90.0,0.0016666666666666668
174,226,74.9,14.3,90.0,0.0016666666666666668
174,227,75.2,14.3,90.0,0.0016666666666666668
174,228,75.5,14.3,90.0,0.0016666666666666668
174,229,58.4,5.6,90.0,0.0016666666666666668
174,250,58.4250628144669,9.8,84.26082952273322,0.0018452401020419631
175,182,87.2,14.6,90.0,0.0016666666666666668
175,183,69.5,14.6,90.0,0.0016666666666666668
175,184,69.2,14.6,90.0,0.0016666666666666668
175,191,94.4,8.0,90.0,0.0016666666666666668
175,192,86.9,14.6,90.0,0.0016666666666666668
175,193,86.6,14.6,90.0,0.0016666666666666668
175,197,68.9,14.6,90.0,0.0016666666666666668
175,198,86.3,14.6,90.0,0.0016666666666666668
175,199,84.8,14.6,90.0,0.0016666666666666668
175,200,85.1,14.6,90.0,0.0016666666666666668
175,201,58.1250628144669,10.1,84.26082952273322,0.0018452401020419631
175,202,58.1,9.5,90.0,0.0016666666666666668
175,203,58.1,8.6,90.0,0.0016666666666666668
175,204,58.1,8.9,90.0,0.0016666666666666668
175,205,58.1,9.2,90.0,0.0016666666666666668
175,208,58.1,8.3,90.0,0.0016666666666666668
175,209,58.1,8.0,90.0,0.0016666666666666668
175,210,68.3,14.6,90.0,0.0016666666666666668
175,211,66.8,14.6,90.0,0.0016666666666666668
175,212,67.1,14.6,90.0,0.0016666666666666668
175,213,67.4,14.6,90.0,0.0016666666666666668
175,214,67.7,14.6,90.0,0.0016666666666666668
175,215,68.0,14.6,90.0,0.0016666666666666668
175,216,65.6,14.6,90.0,0.0016666666666666668
175,217,65.9,14.6,90.0,0.0016666666666666668
175,218,66.2,14.6,90.0,0.0016666666666666668
175,219,66.5,14.6,90.0,0.0016666666666666668
175,220,58.1,5.0,90.0,0.0016666666666666668
175,221,58.1,5.3,90.0,0.0016666666666666668
175,222,75.8,14.6,90.0,0.0016666666666666668
175,223,76.1,14.6,90.0,0.0016666666666666668
175,224,76.4,14.6,90.0,0.0016666666666666668
175,225,77.3,14.6,90.0,0.0016666666666666668
175,226,74.9,14.6,90.0,0.0016666666666666668
175,227,75.2,14.6,90.0,0.0016666666666666668
175,228,75.5,14.6,90.0,0.0016666666666666668
175,229,58.1,5.6,90.0,0.0016666666666666668
175,250,58.10400160128128,9.8,87.7075572240441,0.0018749929761864628
176,182,87.2,14.9,90.0,0.0016666666666666668
176,183,69.5,14.9,90.0,0.0016666666666666668
176,184,69.2,14.9,90.0,0.0016666666666666668
176,191,94.7,8.0,90.0,0.0016666666666666668
176,192,86.9,14.9,90.0,0.0016666666666666668
176,193,86.6,14.9,90.0,0.0016666666666666668
176,197,68.9,14.9,90.0,0.0016666666666666668
176,198,86.3,14.9,90.0,0.0016666666666666668
176,199,84.8,14.9,90.0,0.0016666666666666668
176,200,85.1,14.9,90.0,0.0016666666666666668
176,201,57.80400160128128,10.1,87.70755722404412,0.0018749929761864628
176,202,57.8,9.5,90.0,0.0016666666666666668
176,203,57.8,8.6,90.0,0.0016666666666666668
176,204,57.8,8.9,90.0,0.0016666666666666668
176,205,57.8,9.2,90.0,0.0016666666666666668
176,208,57.8,8.3,90.0,0.0016666666666666668
176,209,57.8,8.0,90.0,0.0016666666666666668
176,210,68.3,14.9,90.0,0.0016666666666666668
176,211,66.8,14.9,90.0,0.0016666666666666668
176,212,67.1,14.9,90.0,0.0016666666666666668
176,213,67.4,14.9,90.0,0.0016666666666666668
176,214,67.7,14.9,90.0,0.0016666666666666668
176,215,68.0,14.9,90.0,0.0016666666666666668
176,216,65.6,14.9,90.0,0.0016666666666666668
176,217,65.9,14.9,90.0,0.0016666666666666668
176,218,66.2,14.9,90.0,0.0016666666666666668
176,219,66.5,14.9,90.0,0.0016666666666666668
176,220,57.8,5.0,90.0,0.0016666666666666668
176,221,57.8,5.3,90.0,0.0016666666666666668
176,222,75.8,14.9,90.0,0.0016666666666666668
176,223,76.1,14.9,90.0,0.0016666666666666668
176,224,76.4,14.9,90.0,0.0016666666666666668
176,225,77.3,14.9,90.0,0.0016666666666666668
176,226,74.9,14.9,90.0,0.0016666666666666668
176,227,75.2,14.9,90.0,0.0016666666666666668
176,228,75.5,14.9,90.0,0.0016666666666666668
176,229,57.8,5.6,90.0,0.0016666666666666668
176,250,57.8,9.8,90.0,0.0016666666666666668
177,182,87.2,15.2,90.0,0.0016666666666666668
177,183,69.5,15.2,90.0,0.0016666666666666668
177,184,69.2,15.2,90.0,0.0016666666666666668
177,187,32.3,15.2,90.0,0.0016666666666666668
177,188,32.0,15.2,90.0,0.0016666666666666668
177,189,31.700000000000003,15.2,90.0,0.0016666666666666668
177,191,95.0,8.0,90.0,0.0016666666666666668
177,192,86.9,15.2,90.0,0.0016666666666666668
177,193,86.6,15.2,90.0,0.0016666666666666668
177,194,57.5,15.2,90.0,0.0016666666666666668
177,195,57.2,15.2,90.0,0.0016666666666666668
177,196,56.9,15.2,90.0,0.0016666666666666668
177,197,68.9,15.2,90.0,0.0016666666666666668
177,198,86.3,15.2,90.0,0.0016666666666666668
177,199,84.8,15.2,90.0,0.0016666666666666668
177,200,85.1,15.2,90.0,0.0016666666666666668
177,206,56.6,15.2,90.0,0.0016666666666666668
177,207,48.8,15.2,90.0,0.0016666666666666668
177,210,68.3,15.2,90.0,0.0016666666666666668
177,211,66.8,15.2,90.0,0.0016666666666666668
177,212,67.1,15.2,90.0,0.0016666666666666668
177,213,67.4,15.2,90.0,0.0016666666666666668
177,214,67.7,15.2,90.0,0.0016666666666666668
177,215,68.0,15.2,90.0,0.0016666666666666668
177,216,65.6,15.2,90.0,0.0016666666666666668
177,217,65.9,15.2,90.0,0.0016666666666666668
177,218,66.2,15.2,90.0,0.0016666666666666668
177,219,66.5,15.2,90.0,0.0016666666666666668
177,222,75.8,15.2,90.0,0.0016666666666666668
177,223,76.1,15.2,90.0,0.0016666666666666668
177,224,76.4,15.2,90.0,0.0016666666666666668
177,225,77.3,15.2,90.0,0.0016666666666666668
177,226,74.9,15.2,90.0,0.0016666666666666668
177,227,75.2,15.2,90.0,0.0016666666666666668
177,228,75.5,15.2,90.0,0.0016666666666666668
177,232,14.0,15.2,90.0,0.0016666666666666668
177,233,11.0,15.1749371855331,84.26082952273322,0.0018452401020419631
177,234,11.3,15.195998398718718,87.70755722404412,0.0018749929761864628
177,235,11.599999999999994,15.2,90.0,0.0016666666666666668
177,236,11.900000000000006,15.2,90.0,0.0016666666666666668
177,237,12.200000000000003,15.2,90.0,0.0016666666666666668
177,238,12.5,15.2,90.0,0.0016666666666666668
177,239,12.799999999999997,15.2,90.0,0.0016666666666666668
177,240,13.099999999999994,15.2,90.0,0.0016666666666666668
177,241,21.799999999999997,15.2,90.0,0.0016666666666666668
177,242,22.099999999999994,15.2,90.0,0.0016666666666666668
177,243,22.400000000000006,15.2,90.0,0.0016666666666666668
177,244,22.700000000000003,15.2,90.0,0.0016666666666666668
177,245,20.0,15.2,90.0,0.0016666666666666668
177,246,30.799999999999997,15.2,90.0,0.0016666666666666668
177,247,31.1,15.2,90.0,0.0016666666666666668
177,248,30.200000000000003,15.2,90.0,0.0016666666666666668
177,249,31.4,15.2,90.0,0.0016666666666666668
177,251,42.32916869918748,15.2,58.667748502405765,0.00199406066327276
177,252,41.860405423915374,15.2,62.612892497346095,0.002113100255104908
177,253,41.41742430504416,15.2,66.42182152179818,0.002916680714293742
177,254,40.997872821796506,15.2,70.12312592992117,0.0033035804591888336
177,255,38.3,15.2,90.0,0.0016666666666666668
178,190,121.1,43.1,90.0,0.0016666666666666668
178,191,114.5,7.974937185533101,84.26082952273322,0.0018452401020419631
178,192,114.5,24.49599839871872,87.70755722404408,0.0018749929761864628
178,193,114.5,24.8,90.0,0.0016666666666666668
178,194,114.5,25.4,90.0,0.0016666666666666668
178,195,114.5,25.7,90.0,0.0016666666666666668
178,196,114.5,26.0,90.0,0.0016666666666666668
178,197,114.5,25.1,90.0,0.0016666666666666668
178,198,114.5,27.8,90.0,0.0016666666666666668
179,190,82.12691762911675,104.0,54.549457360824505,0.002261892721081555
179,191,113.3,8.0,90.0,0.0016666666666666668
179,192,113.3,24.5,90.0,0.0016666666666666668
179,193,113.3,24.8,90.0,0.0016666666666666668
179,194,113.3,25.4,90.0,0.0016666666666666668
179,195,113.3,25.7,90.0,0.0016666666666666668
179,196,113.3,26.0,90.0,0.0016666666666666668
179,197,113.3,25.1,90.0,0.0016666666666666668
179,198,113.3,27.8,90.0,0.0016666666666666668
179,206,113.3,45.2,90.0,0.0016666666666666668
179,225,91.1,101.9,90.0,0.0016666666666666668
179,241,98.9,101.9,90.0,0.0016666666666666668
179,242,99.2,101.9,90.0,0.0016666666666666668
179,243,99.5,101.9,90.0,0.0016666666666666668
179,244,99.8,101.9,90.0,0.0016666666666666668
179,246,113.3,50.41742430504416,66.42182152179818,0.002916680714293742
179,247,113.3,49.997872821796506,70.12312592992113,0.0033035804591888336
180,191,112.7,8.0,90.0,0.0016666666666666668
180,192,112.7,24.5,90.0,0.0016666666666666668
180,193,112.7,24.8,90.0,0.0016666666666666668
180,194,112.7,25.4,90.0,0.0016666666666666668
180,195,112.7,25.7,90.0,0.0016666666666666668
180,196,112.7,26.0,90.0,0.0016666666666666668
180,197,112.7,25.1,90.0,0.0016666666666666668
180,198,112.7,27.8,90.0,0.0016666666666666668
180,199,45.8,101.3,90.0,0.0016666666666666668
180,200,46.1,101.3,90.0,0.0016666666666666668
180,206,112.7,45.2,90.0,0.0016666666666666668
180,207,80.3,101.3,90.0,0.0016666666666666668
180,210,53.9,101.3,90.0,0.0016666666666666668
180,211,44.3,101.3,90.0,0.0016666666666666668
180,212,44.6,101.3,90.0,0.0016666666666666668
180,213,44.9,101.3,90.0,0.0016666666666666668
180,214,45.2,101.3,90.0,0.0016666666666666668
180,215,45.5,101.3,90.0,0.0016666666666666668
180,216,17.0,101.3,90.0,0.0016666666666666668
180,217,17.299999999999997,101.3,90.0,0.0016666666666666668
180,218,17.60000000000001,101.3,90.0,0.0016666666666666668
180,219,17.89999999999999,101.3,90.0,0.0016666666666666668
180,222,54.2,101.3,90.0,0.0016666666666666668
180,223,54.5,101.3,90.0,0.0016666666666666668
180,224,54.8,101.3,90.0,0.0016666666666666668
180,225,91.1,101.3,90.0,0.0016666666666666668
180,226,24.799999999999997,101.3,90.0,0.0016666666666666668
180,227,25.10000000000001,101.3,90.0,0.0016666666666666668
180,228,25.39999999999999,101.3,90.0,0.0016666666666666668
180,232,16.10000000000001,101.3,90.0,0.0016666666666666668
180,241,98.9,101.3,90.0,0.0016666666666666668
180,242,99.2,101.3,90.0,0.0016666666666666668
180,243,99.5,101.3,90.0,0.0016666666666666668
180,244,99.8,101.3,90.0,0.0016666666666666668
180,245,34.10000000000001,101.3,90.0,0.0016666666666666668
180,246,112.7,50.2,73.73979529168798,0.0018452401020419631
180,247,112.7,49.82250064069713,77.29096700560446,0.0017857062584988146
180,248,43.39999999999999,101.3,90.0,0.0016666666666666668
180,255,24.5,101.3,90.0,0.0016666666666666668
181,191,113.0,8.0,90.0,0.0016666666666666668
181,192,113.0,24.5,90.0,0.0016666666666666668
181,193,113.0,24.8,90.0,0.0016666666666666668
181,194,113.0,25.4,90.0,0.0016666666666666668
181,195,113.0,25.7,90.0,0.0016666666666666668
181,196,113.0,26.0,90.0,0.0016666666666666668
181,197,113.0,25.1,90.0,0.0016666666666666668
181,198,113.0,27.8,90.0,0.0016666666666666668
181,199,45.8,101.6,90.0,0.0016666666666666668
181,200,46.1,101.6,90.0,0.0016666666666666668
181,206,113.0,45.2,90.0,0.0016666666666666668
181,207,80.3,101.6,90.0,0.0016666666666666668
181,210,53.9,101.6,90.0,0.0016666666666666668
181,211,44.3,101.6,90.0,0.0016666666666666668
181,212,44.6,101.6,90.0,0.0016666666666666668
181,213,44.9,101.6,90.0,0.0016666666666666668
181,214,45.2,101.6,90.0,0.0016666666666666668
181,215,45.5,101.6,90.0,0.0016666666666666668
181,216,17.0,101.6,90.0,0.0016666666666666668
181,217,17.299999999999997,101.6,90.0,0.0016666666666666668
181,218,17.599999999999994,101.6,90.0,0.0016666666666666668
181,219,17.900000000000006,101.6,90.0,0.0016666666666666668
181,222,54.2,101.6,90.0,0.0016666666666666668
181,223,54.5,101.6,90.0,0.0016666666666666668
181,224,54.8,101.6,90.0,0.0016666666666666668
181,225,91.1,101.6,90.0,0.0016666666666666668
181,226,24.799999999999997,101.6,90.0,0.0016666666666666668
181,227,25.099999999999994,101.6,90.0,0.0016666666666666668
181,228,25.400000000000006,101.6,90.0,0.0016666666666666668
181,232,16.099999999999994,101.6,90.0,0.0016666666666666668
181,241,98.9,101.6,90.0,0.0016666666666666668
181,242,99.2,101.6,90.0,0.0016666666666666668
181,243,99.5,101.6,90.0,0.0016666666666666668
181,244,99.8,101.6,90.0,0.0016666666666666668
181,245,34.099999999999994,101.6,90.0,0.0016666666666666668
181,246,113.0,50.2978728217965,70.12312592992113,0.0033035804591888336
181,247,113.0,49.900000000000006,73.73979529168798,0.0018452401020419631
181,248,43.400000000000006,101.6,90.0,0.0016666666666666668
181,255,24.5,101.6,90.0,0.0016666666666666668
182,191,110.0,8.0,90.0,0.0016666666666666668
182,251,87.76040542391539,17.6,62.61289249734605,0.002113100255104908
182,252,87.92916869918747,17.9,58.6677485024058,0.00199406066327276
182,253,88.12691762911675,18.2,54.549457360824576,0.002261892721081555
182,254,88.3581254575403,18.5,50.20818050044275,0.0038393007653147234
183,191,110.3,8.0,90.0,0.0016666666666666668
183,192,87.02250064069713,20.6,77.29096700560454,0.0017857062584988146
183,193,86.66441492829877,20.6,80.79310377865409,0.0018749929761864628
183,198,86.3,20.6,90.0,0.0016666666666666668
183,199,84.8,20.6,90.0,0.0016666666666666668
183,200,85.1,20.6,90.0,0.0016666666666666668
183,201,69.5,10.1,90.0,0.0016666666666666668
183,202,69.5,9.5,90.0,0.0016666666666666668
183,203,69.5,8.6,90.0,0.0016666666666666668
183,204,69.5,8.9,90.0,0.0016666666666666668
183,205,69.5,9.2,90.0,0.0016666666666666668
183,208,69.5,8.3,90.0,0.0016666666666666668
183,209,69.5,7.995998398718719,87.70755722404408,0.0018749929761864628
183,222,75.8,20.6,90.0,0.0016666666666666668
183,223,76.1,20.6,90.0,0.0016666666666666668
183,224,76.4,20.6,90.0,0.0016666666666666668
183,225,77.3,20.6,90.0,0.0016666666666666668
183,226,74.9,20.6,90.0,0.0016666666666666668
183,227,75.2,20.6,90.0,0.0016666666666666668
183,228,75.5,20.6,90.0,0.0016666666666666668
183,229,69.5,5.5749371855330985,84.26082952273322,0.0018452401020419631
183,250,69.5,9.8,90.0,0.0016666666666666668
183,251,69.91742430504416,17.6,66.42182152179815,0.002916680714293742
183,252,70.06040542391537,17.9,62.61289249734616,0.002113100255104908
183,253,70.22916869918748,18.2,58.667748502405715,0.00199406066327276
183,254,70.42691762911673,18.5,54.54945736082467,0.002261892721081555
184,191,110.6,8.0,90.0,0.0016666666666666668
184,192,87.10000000000001,20.9,73.73979529168805,0.0018452401020419631
184,193,86.72250064069712,20.9,77.29096700560457,0.0017857062584988146
184,198,86.3,20.9,90.0,0.0016666666666666668
184,199,84.8,20.9,90.0,0.0016666666666666668
184,200,85.1,20.9,90.0,0.0016666666666666668
184,201,69.2,10.1,90.0,0.0016666666666666668
184,202,69.2,9.5,90.0,0.0016666666666666668
184,203,69.2,8.6,90.0,0.0016666666666666668
184,204,69.2,8.9,90.0,0.0016666666666666668
184,205,69.2,9.2,90.0,0.0016666666666666668
184,208,69.2,8.3,90.0,0.0016666666666666668
184,209,69.2,8.0,90.0,0.0016666666666666668
184,222,75.8,20.9,90.0,0.0016666666666666668
184,223,76.1,20.9,90.0,0.0016666666666666668
184,224,76.4,20.9,90.0,0.0016666666666666668
184,225,77.3,20.9,90.0,0.0016666666666666668
184,226,74.9,20.9,90.0,0.0016666666666666668
184,227,75.2,20.9,90.0,0.0016666666666666668
184,228,75.5,20.9,90.0,0.0016666666666666668
184,229,69.2,5.595998398718718,87.70755722404408,0.0018749929761864628
184,250,69.2,9.8,90.0,0.0016666666666666668
184,251,69.4978728217965,17.6,70.12312592992113,0.0033035804591888336
184,252,69.61742430504417,17.9,66.42182152179815,0.002916680714293742
184,253,69.76040542391539,18.2,62.61289249734605,0.002113100255104908
184,254,69.92916869918747,18.5,58.667748502405765,0.00199406066327276
185,191,112.1,8.0,90.0,0.0016666666666666668
185,192,87.82691762911674,22.4,54.54945736082467,0.002261892721081555
185,193,87.32916869918748,22.4,58.667748502405715,0.00199406066327276
185,194,57.91742430504416,22.4,66.42182152179818,0.002916680714293742
185,195,57.497872821796506,22.4,70.12312592992117,0.0033035804591888336
185,196,57.1,22.4,73.73979529168805,0.0018452401020419631
185,197,69.46040542391538,22.4,62.61289249734616,0.002113100255104908
185,198,86.3,22.4,90.0,0.0016666666666666668
185,199,84.8,22.4,90.0,0.0016666666666666668
185,200,85.1,22.4,90.0,0.0016666666666666668
185,206,56.6,22.4,90.0,0.0016666666666666668
185,207,48.8,22.4,90.0,0.0016666666666666668
185,210,68.3,22.4,90.0,0.0016666666666666668
185,211,66.8,22.4,90.0,0.0016666666666666668
185,212,67.1,22.4,90.0,0.0016666666666666668
185,213,67.4,22.4,90.0,0.0016666666666666668
185,214,67.7,22.4,90.0,0.0016666666666666668
185,215,68.0,22.4,90.0,0.0016666666666666668
185,216,65.6,22.4,90.0,0.0016666666666666668
185,217,65.9,22.4,90.0,0.0016666666666666668
185,218,66.2,22.4,90.0,0.0016666666666666668
185,219,66.5,22.4,90.0,0.0016666666666666668
185,222,75.8,22.4,90.0,0.0016666666666666668
185,223,76.1,22.4,90.0,0.0016666666666666668
185,224,76.4,22.4,90.0,0.0016666666666666668
185,225,77.3,22.4,90.0,0.0016666666666666668
185,226,74.9,22.4,90.0,0.0016666666666666668
185,227,75.2,22.4,90.0,0.0016666666666666668
185,228,75.5,22.4,90.0,0.0016666666666666668
185,232,14.0,22.4,90.0,0.0016666666666666668
185,233,11.0,22.395998398718717,87.70755722404412,0.0018749929761864628
185,234,11.299999999999997,22.4,90.0,0.0016666666666666668
185,235,11.599999999999994,22.4,90.0,0.0016666666666666668
185,236,11.900000000000006,22.4,90.0,0.0016666666666666668
185,237,12.200000000000003,22.4,90.0,0.0016666666666666668
185,238,12.5,22.4,90.0,0.0016666666666666668
185,239,12.799999999999997,22.4,90.0,0.0016666666666666668
185,240,13.099999999999994,22.4,90.0,0.0016666666666666668
185,241,21.799999999999997,22.4,90.0,0.0016666666666666668
185,242,22.099999999999994,22.4,90.0,0.0016666666666666668
185,243,22.400000000000006,22.4,90.0,0.0016666666666666668
185,244,22.700000000000003,22.4,90.0,0.0016666666666666668
185,245,20.0,22.4,90.0,0.0016666666666666668
185,246,30.799999999999997,22.4,90.0,0.0016666666666666668
185,247,31.099999999999994,22.4,90.0,0.0016666666666666668
185,248,30.200000000000003,22.4,90.0,0.0016666666666666668
185,255,38.3,22.4,90.0,0.0016666666666666668
186,191,112.4,8.0,90.0,0.0016666666666666668
186,192,88.0581254575403,22.7,50.20818050044275,0.0038393007653147234
186,193,87.52691762911672,22.7,54.54945736082467,0.002261892721081555
186,194,58.06040542391538,22.7,62.612892497346095,0.002113100255104908
186,195,57.61742430504416,22.7,66.42182152179818,0.002916680714293742
186,196,57.1978728217965,22.7,70.12312592992117,0.0033035804591888336
186,197,69.62916869918749,22.7,58.667748502405715,0.00199406066327276
186,198,86.3,22.7,90.0,0.0016666666666666668
186,199,84.8,22.7,90.0,0.0016666666666666668
186,200,85.1,22.7,90.0,0.0016666666666666668
186,206,56.6,22.7,90.0,0.0016666666666666668
186,207,48.8,22.7,90.0,0.0016666666666666668
186,210,68.3,22.7,90.0,0.0016666666666666668
186,211,66.8,22.7,90.0,0.0016666666666666668
186,212,67.1,22.7,90.0,0.0016666666666666668
186,213,67.4,22.7,90.0,0.0016666666666666668
186,214,67.7,22.7,90.0,0.0016666666666666668
186,215,68.0,22.7,90.0,0.0016666666666666668
186,216,65.6,22.7,90.0,0.0016666666666666668
186,217,65.9,22.7,90.0,0.0016666666666666668
186,218,66.2,22.7,90.0,0.0016666666666666668
186,219,66.5,22.7,90.0,0.0016666666666666668
186,222,75.8,22.7,90.0,0.0016666666666666668
186,223,76.1,22.7,90.0,0.0016666666666666668
186,224,76.4,22.7,90.0,0.0016666666666666668
186,225,77.3,22.7,90.0,0.0016666666666666668
186,226,74.9,22.7,90.0,0.0016666666666666668
186,227,75.2,22.7,90.0,0.0016666666666666668
186,228,75.5,22.7,90.0,0.0016666666666666668
186,232,14.0,22.7,90.0,0.0016666666666666668
186,233,11.0,22.7,90.0,0.0016666666666666668
186,234,11.299999999999997,22.7,90.0,0.0016666666666666668
186,235,11.599999999999994,22.7,90.0,0.0016666666666666668
186,236,11.900000000000006,22.7,90.0,0.0016666666666666668
186,237,12.200000000000003,22.7,90.0,0.0016666666666666668
186,238,12.5,22.7,90.0,0.0016666666666666668
186,239,12.799999999999997,22.7,90.0,0.0016666666666666668
186,240,13.099999999999994,22.7,90.0,0.0016666666666666668
186,241,21.799999999999997,22.7,90.0,0.0016666666666666668
186,242,22.099999999999994,22.7,90.0,0.0016666666666666668
186,243,22.400000000000006,22.7,90.0,0.0016666666666666668
186,244,22.700000000000003,22.7,90.0,0.0016666666666666668
186,245,20.0,22.7,90.0,0.0016666666666666668
186,246,30.799999999999997,22.7,90.0,0.0016666666666666668
186,247,31.099999999999994,22.7,90.0,0.0016666666666666668
186,248,30.200000000000003,22.7,90.0,0.0016666666666666668
186,255,38.3,22.7,90.0,0.0016666666666666668
187,191,110.9,8.0,90.0,0.0016666666666666668
187,192,87.19787282179651,21.2,70.12312592992117,0.0033035804591888336
187,193,86.8,21.2,73.73979529168805,0.0018452401020419631
187,194,57.564414928298774,21.2,80.79310377865409,0.0018749929761864628
187,195,57.2250628144669,21.2,84.26082952273322,0.0018452401020419631
187,196,56.90400160128128,21.2,87.70755722404412,0.0018749929761864628
187,197,69.02250064069713,21.2,77.29096700560457,0.0017857062584988146
187,198,86.3,21.2,90.0,0.0016666666666666668
187,199,84.8,21.2,90.0,0.0016666666666666668
187,200,85.1,21.2,90.0,0.0016666666666666668
187,201,32.3,10.1,90.0,0.0016666666666666668
187,206,56.6,21.2,90.0,0.0016666666666666668
187,207,48.8,21.2,90.0,0.0016666666666666668
187,210,68.3,21.2,90.0,0.0016666666666666668
187,211,66.8,21.2,90.0,0.0016666666666666668
187,212,67.1,21.2,90.0,0.0016666666666666668
187,213,67.4,21.2,90.0,0.0016666666666666668
187,214,67.7,21.2,90.0,0.0016666666666666668
187,215,68.0,21.2,90.0,0.0016666666666666668
187,216,65.6,21.2,90.0,0.0016666666666666668
187,217,65.9,21.2,90.0,0.0016666666666666668
187,218,66.2,21.2,90.0,0.0016666666666666668
187,219,66.5,21.2,90.0,0.0016666666666666668
187,222,75.8,21.2,90.0,0.0016666666666666668
187,223,76.1,21.2,90.0,0.0016666666666666668
187,224,76.4,21.2,90.0,0.0016666666666666668
187,225,77.3,21.2,90.0,0.0016666666666666668
187,226,74.9,21.2,90.0,0.0016666666666666668
187,227,75.2,21.2,90.0,0.0016666666666666668
187,228,75.5,21.2,90.0,0.0016666666666666668
187,229,32.3,5.6,90.0,0.0016666666666666668
187,255,38.3,21.2,90.0,0.0016666666666666668
188,191,111.2,8.0,90.0,0.0016666666666666668
188,192,87.31742430504417,21.5,66.42182152179815,0.002916680714293742
188,193,86.8978728217965,21.5,70.12312592992117,0.0033035804591888336
188,194,57.62250064069712,21.5,77.29096700560456,0.0017857062584988146
188,195,57.26441492829878,21.5,80.79310377865409,0.0018749929761864628
188,196,56.9250628144669,21.5,84.26082952273322,0.0018452401020419631
188,197,69.10000000000001,21.5,73.73979529168805,0.0018452401020419631
188,198,86.3,21.5,90.0,0.0016666666666666668
188,199,84.8,21.5,90.0,0.0016666666666666668
188,200,85.1,21.5,90.0,0.0016666666666666668
188,201,32.0,10.1,90.0,0.0016666666666666668
188,206,56.6,21.5,90.0,0.0016666666666666668
188,207,48.8,21.5,90.0,0.0016666666666666668
188,210,68.3,21.5,90.0,0.0016666666666666668
188,211,66.8,21.5,90.0,0.0016666666666666668
188,212,67.1,21.5,90.0,0.0016666666666666668
188,213,67.4,21.5,90.0,0.0016666666666666668
188,214,67.7,21.5,90.0,0.0016666666666666668
188,215,68.0,21.5,90.0,0.0016666666666666668
188,216,65.6,21.5,90.0,0.0016666666666666668
188,217,65.9,21.5,90.0,0.0016666666666666668
188,218,66.2,21.5,90.0,0.0016666666666666668
188,219,66.5,21.5,90.0,0.0016666666666666668
188,222,75.8,21.5,90.0,0.0016666666666666668
188,223,76.1,21.5,90.0,0.0016666666666666668
188,224,76.4,21.5,90.0,0.0016666666666666668
188,225,77.3,21.5,90.0,0.0016666666666666668
188,226,74.9,21.5,90.0,0.0016666666666666668
188,227,75.2,21.5,90.0,0.0016666666666666668
188,228,75.5,21.5,90.0,0.0016666666666666668
188,229,32.0,5.6,90.0,0.0016666666666666668
188,255,38.3,21.5,90.0,0.0016666666666666668
189,191,111.5,8.0,90.0,0.0016666666666666668
189,192,87.46040542391538,21.8,62.61289249734613,0.002113100255104908
189,193,87.01742430504416,21.8,66.42182152179815,0.002916680714293742
189,194,57.7,21.8,73.73979529168801,0.0018452401020419631
189,195,57.32250064069712,21.8,77.29096700560456,0.0017857062584988146
189,196,56.96441492829877,21.8,80.79310377865409,0.0018749929761864628
189,197,69.19787282179651,21.8,70.12312592992117,0.0033035804591888336
189,198,86.3,21.8,90.0,0.0016666666666666668
189,199,84.8,21.8,90.0,0.0016666666666666668
189,200,85.1,21.8,90.0,0.0016666666666666668
189,201,31.7,10.1,90.0,0.0016666666666666668
189,206,56.6,21.8,90.0,0.0016666666666666668
189,207,48.8,21.8,90.0,0.0016666666666666668
189,210,68.3,21.8,90.0,0.0016666666666666668
189,211,66.8,21.8,90.0,0.0016666666666666668
189,212,67.1,21.8,90.0,0.0016666666666666668
189,213,67.4,21.8,90.0,0.0016666666666666668
189,214,67.7,21.8,90.0,0.0016666666666666668
189,215,68.0,21.8,90.0,0.0016666666666666668
189,216,65.6,21.8,90.0,0.0016666666666666668
189,217,65.9,21.8,90.0,0.0016666666666666668
189,218,66.2,21.8,90.0,0.0016666666666666668
189,219,66.5,21.8,90.0,0.0016666666666666668
189,222,75.8,21.8,90.0,0.0016666666666666668
189,223,76.1,21.8,90.0,0.0016666666666666668
189,224,76.4,21.8,90.0,0.0016666666666666668
189,225,77.3,21.8,90.0,0.0016666666666666668
189,226,74.9,21.8,90.0,0.0016666666666666668
189,227,75.2,21.8,90.0,0.0016666666666666668
189,228,75.5,21.8,90.0,0.0016666666666666668
189,229,31.7,5.6,90.0,0.0016666666666666668
189,255,38.3,21.8,90.0,0.0016666666666666668
190,198,121.1,27.8,90.0,0.0016666666666666668
190,206,121.1,45.2,90.0,0.0016666666666666668
190,207,80.3,104.0,90.0,0.0016666666666666668
190,210,53.9,104.0,90.0,0.0016666666666666668
190,222,54.2,104.0,90.0,0.0016666666666666668
190,223,54.5,104.0,90.0,0.0016666666666666668
190,224,54.8,104.0,90.0,0.0016666666666666668
190,225,91.1,104.0,90.0,0.0016666666666666668
190,241,98.9,104.0,90.0,0.0016666666666666668
190,242,99.2,104.0,90.0,0.0016666666666666668
190,243,99.5,104.0,90.0,0.0016666666666666668
190,244,99.8,104.0,90.0,0.0016666666666666668
190,246,116.3,103.99599839871871,87.70755722404408,0.0018749929761864628
190,247,116.6,103.9749371855331,84.2608295227332,0.0018452401020419631
191,249,111.8,8.0,90.0,0.0016666666666666668
191,251,101.6,8.0,90.0,0.0016666666666666668
191,252,101.9,8.0,90.0,0.0016666666666666668
191,253,102.2,8.0,90.0,0.0016666666666666668
191,254,102.5,8.0,90.0,0.0016666666666666668
192,249,87.62916869918749,22.1,58.667748502405686,0.00199406066327276
192,251,86.9,17.6,90.0,0.0016666666666666668
192,252,86.9,17.9,90.0,0.0016666666666666668
192,253,86.9,18.2,90.0,0.0016666666666666668
192,254,86.9,18.5,90.0,0.0016666666666666668
193,249,87.16040542391536,22.1,62.61289249734613,0.002113100255104908
193,251,86.6,17.6,90.0,0.0016666666666666668
193,252,86.6,17.9,90.0,0.0016666666666666668
193,253,86.6,18.2,90.0,0.0016666666666666668
193,254,86.6,18.5,90.0,0.0016666666666666668
194,198,87.02916869918747,25.4,58.6677485024058,0.00199406066327276
194,199,84.8,25.4,90.0,0.0016666666666666668
194,200,85.1,25.4,90.0,0.0016666666666666668
194,201,57.5,10.1,90.0,0.0016666666666666668
194,202,57.5,9.5,90.0,0.0016666666666666668
194,203,57.5,8.6,90.0,0.0016666666666666668
194,204,57.5,8.9,90.0,0.0016666666666666668
194,205,57.5,9.2,90.0,0.0016666666666666668
194,208,57.5,8.3,90.0,0.0016666666666666668
194,209,57.5,8.0,90.0,0.0016666666666666668
194,210,68.3,25.4,90.0,0.0016666666666666668
194,211,66.8,25.4,90.0,0.0016666666666666668
194,212,67.1,25.4,90.0,0.0016666666666666668
194,213,67.4,25.4,90.0,0.0016666666666666668
194,214,67.7,25.4,90.0,0.0016666666666666668
194,215,68.0,25.4,90.0,0.0016666666666666668
194,216,65.6,25.4,90.0,0.0016666666666666668
194,217,65.9,25.4,90.0,0.0016666666666666668
194,218,66.2,25.4,90.0,0.0016666666666666668
194,219,66.5,25.4,90.0,0.0016666666666666668
194,220,57.5,5.0,90.0,0.0016666666666666668
194,221,57.5,5.300000000000001,90.0,0.0016666666666666668
194,222,75.8,25.4,90.0,0.0016666666666666668
194,223,76.1,25.4,90.0,0.0016666666666666668
194,224,76.4,25.4,90.0,0.0016666666666666668
194,225,77.3,25.4,90.0,0.0016666666666666668
194,226,74.9,25.4,90.0,0.0016666666666666668
194,227,75.2,25.4,90.0,0.0016666666666666668
194,228,75.5,25.4,90.0,0.0016666666666666668
194,229,57.5,5.6,90.0,0.0016666666666666668
194,249,57.7978728217965,22.1,70.12312592992113,0.0033035804591888336
194,250,57.5,9.8,90.0,0.0016666666666666668
194,251,57.5,17.6,90.0,0.0016666666666666668
194,252,57.5,17.9,90.0,0.0016666666666666668
194,253,57.5,18.2,90.0,0.0016666666666666668
194,254,57.5,18.5,90.0,0.0016666666666666668
195,198,87.22691762911674,25.7,54.549457360824576,0.002261892721081555
195,199,84.8,25.7,90.0,0.0016666666666666668
195,200,85.1,25.7,90.0,0.0016666666666666668
195,201,57.2,10.1,90.0,0.0016666666666666668
195,202,57.2,9.5,90.0,0.0016666666666666668
195,203,57.2,8.6,90.0,0.0016666666666666668
195,204,57.2,8.9,90.0,0.0016666666666666668
195,205,57.2,9.2,90.0,0.0016666666666666668
195,208,57.2,8.3,90.0,0.0016666666666666668
195,209,57.2,8.0,90.0,0.0016666666666666668
195,210,68.3,25.7,90.0,0.0016666666666666668
195,211,66.8,25.7,90.0,0.0016666666666666668
195,212,67.1,25.7,90.0,0.0016666666666666668
195,213,67.4,25.7,90.0,0.0016666666666666668
195,214,67.7,25.7,90.0,0.0016666666666666668
195,215,68.0,25.7,90.0,0.0016666666666666668
195,216,65.6,25.7,90.0,0.0016666666666666668
195,217,65.9,25.7,90.0,0.0016666666666666668
195,218,66.2,25.7,90.0,0.0016666666666666668
195,219,66.5,25.7,90.0,0.0016666666666666668
195,220,57.2,5.0,90.0,0.0016666666666666668
195,221,57.2,5.300000000000001,90.0,0.0016666666666666668
195,222,75.8,25.7,90.0,0.0016666666666666668
195,223,76.1,25.7,90.0,0.0016666666666666668
195,224,76.4,25.7,90.0,0.0016666666666666668
195,225,77.3,25.7,90.0,0.0016666666666666668
195,226,74.9,25.7,90.0,0.0016666666666666668
195,227,75.2,25.7,90.0,0.0016666666666666668
195,228,75.5,25.7,90.0,0.0016666666666666668
195,229,57.2,5.6,90.0,0.0016666666666666668
195,249,57.400000000000006,22.1,73.73979529168801,0.0018452401020419631
195,250,57.2,9.8,90.0,0.0016666666666666668
195,251,57.2,17.6,90.0,0.0016666666666666668
195,252,57.2,17.9,90.0,0.0016666666666666668
195,253,57.2,18.2,90.0,0.0016666666666666668
195,254,57.2,18.5,90.0,0.0016666666666666668
196,198,87.45812545754029,26.0,50.20818050044275,0.0038393007653147234
196,199,84.8,26.0,90.0,0.0016666666666666668
196,200,85.1,26.0,90.0,0.0016666666666666668
196,201,56.9,10.1,90.0,0.0016666666666666668
196,202,56.9,9.5,90.0,0.0016666666666666668
196,203,56.9,8.6,90.0,0.0016666666666666668
196,204,56.9,8.9,90.0,0.0016666666666666668
196,205,56.9,9.2,90.0,0.0016666666666666668
196,208,56.9,8.3,90.0,0.0016666666666666668
196,209,56.9,8.0,90.0,0.0016666666666666668
196,210,68.3,26.0,90.0,0.0016666666666666668
196,211,66.8,26.0,90.0,0.0016666666666666668
196,212,67.1,26.0,90.0,0.0016666666666666668
196,213,67.4,26.0,90.0,0.0016666666666666668
196,214,67.7,26.0,90.0,0.0016666666666666668
196,215,68.0,26.0,90.0,0.0016666666666666668
196,216,65.6,26.0,90.0,0.0016666666666666668
196,217,65.9,26.0,90.0,0.0016666666666666668
196,218,66.2,26.0,90.0,0.0016666666666666668
196,219,66.5,26.0,90.0,0.0016666666666666668
196,220,56.9,5.0,90.0,0.0016666666666666668
196,221,56.9,5.300000000000001,90.0,0.0016666666666666668
196,222,75.8,26.0,90.0,0.0016666666666666668
196,223,76.1,26.0,90.0,0.0016666666666666668
196,224,76.4,26.0,90.0,0.0016666666666666668
196,225,77.3,26.0,90.0,0.0016666666666666668
196,226,74.9,26.0,90.0,0.0016666666666666668
196,227,75.2,26.0,90.0,0.0016666666666666668
196,228,75.5,26.0,90.0,0.0016666666666666668
196,229,56.9,5.6,90.0,0.0016666666666666668
196,249,57.02250064069712,22.1,77.29096700560456,0.0017857062584988146
196,250,56.9,9.8,90.0,0.0016666666666666668
196,251,56.9,17.6,90.0,0.0016666666666666668
196,252,56.9,17.9,90.0,0.0016666666666666668
196,253,56.9,18.2,90.0,0.0016666666666666668
196,254,56.9,18.5,90.0,0.0016666666666666668
197,198,86.86040542391538,25.1,62.61289249734605,0.002113100255104908
197,199,84.8,25.1,90.0,0.0016666666666666668
197,200,85.1,25.1,90.0,0.0016666666666666668
197,201,68.9,10.1,90.0,0.0016666666666666668
197,202,68.9,9.5,90.0,0.0016666666666666668
197,203,68.9,8.6,90.0,0.0016666666666666668
197,204,68.9,8.9,90.0,0.0016666666666666668
197,205,68.9,9.2,90.0,0.0016666666666666668
197,208,68.9,8.3,90.0,0.0016666666666666668
197,209,68.9,8.0,90.0,0.0016666666666666668
197,222,75.8,25.1,90.0,0.0016666666666666668
197,223,76.1,25.1,90.0,0.0016666666666666668
197,224,76.4,25.1,90.0,0.0016666666666666668
197,225,77.3,25.1,90.0,0.0016666666666666668
197,226,74.9,25.1,90.0,0.0016666666666666668
197,227,75.2,25.1,90.0,0.0016666666666666668
197,228,75.5,25.1,90.0,0.0016666666666666668
197,229,68.9,5.6,90.0,0.0016666666666666668
197,249,69.31742430504417,22.1,66.42182152179815,0.002916680714293742
197,250,68.9,9.8,90.0,0.0016666666666666668
197,251,68.9,17.6,90.0,0.0016666666666666668
197,252,68.9,17.9,90.0,0.0016666666666666668
197,253,68.9,18.2,90.0,0.0016666666666666668
197,254,68.9,18.5,90.0,0.0016666666666666668
198,249,86.3,22.1,90.0,0.0016666666666666668
198,251,86.3,17.6,90.0,0.0016666666666666668
198,252,86.3,17.9,90.0,0.0016666666666666668
198,253,86.3,18.2,90.0,0.0016666666666666668
198,254,86.3,18.5,90.0,0.0016666666666666668
199,206,84.8,45.2,90.0,0.0016666666666666668
199,207,80.3,92.8749371855331,84.2608295227332,0.0018452401020419631
199,210,53.9,92.9,90.0,0.0016666666666666668
199,222,54.32250064069712,92.9,77.29096700560463,0.0017857062584988146
199,223,54.699999999999996,92.9,73.73979529168815,0.0018452401020419631
199,224,55.360405423915374,92.9,62.61289249734613,0.002113100255104908
199,225,84.8,62.3,90.0,0.0016666666666666668
199,241,84.8,59.3,90.0,0.0016666666666666668
199,242,84.8,58.4,90.0,0.0016666666666666668
199,243,84.8,58.1,90.0,0.0016666666666666668
199,244,84.8,57.8,90.0,0.0016666666666666668
199,246,84.8,50.0,90.0,0.0016666666666666668
199,247,84.8,49.7,90.0,0.0016666666666666668
199,249,84.8,22.1,90.0,0.0016666666666666668
199,251,84.8,17.6,90.0,0.0016666666666666668
199,252,84.8,17.9,90.0,0.0016666666666666668
199,253,84.8,18.2,90.0,0.0016666666666666668
199,254,84.8,18.5,90.0,0.0016666666666666668
200,206,85.1,45.2,90.0,0.0016666666666666668
200,207,80.3,93.19599839871873,87.70755722404408,0.0018749929761864628
200,210,53.9,93.2,90.0,0.0016666666666666668
200,222,54.26441492829878,93.2,80.79310377865414,0.0018749929761864628
200,223,54.62250064069712,93.2,77.29096700560463,0.0017857062584988146
200,224,55.21742430504416,93.2,66.42182152179815,0.002916680714293742
200,225,85.1,62.3,90.0,0.0016666666666666668
200,241,85.1,59.3,90.0,0.0016666666666666668
200,242,85.1,58.4,90.0,0.0016666666666666668
200,243,85.1,58.1,90.0,0.0016666666666666668
200,244,85.1,57.8,90.0,0.0016666666666666668
200,246,85.1,50.0,90.0,0.0016666666666666668
200,247,85.1,49.7,90.0,0.0016666666666666668
200,249,85.1,22.1,90.0,0.0016666666666666668
200,251,85.1,17.6,90.0,0.0016666666666666668
200,252,85.1,17.9,90.0,0.0016666666666666668
200,253,85.1,18.2,90.0,0.0016666666666666668
200,254,85.1,18.5,90.0,0.0016666666666666668
201,206,56.6,10.1,90.0,0.0016666666666666668
201,207,48.8,10.1,90.0,0.0016666666666666668
201,210,68.3,10.1,90.0,0.0016666666666666668
201,211,66.8,10.1,90.0,0.0016666666666666668
201,212,67.1,10.1,90.0,0.0016666666666666668
201,213,67.4,10.1,90.0,0.0016666666666666668
201,214,67.7,10.1,90.0,0.0016666666666666668
201,215,68.0,10.1,90.0,0.0016666666666666668
201,216,65.6,10.1,90.0,0.0016666666666666668
201,217,65.9,10.1,90.0,0.0016666666666666668
201,218,66.2,10.1,90.0,0.0016666666666666668
201,219,66.5,10.1,90.0,0.0016666666666666668
201,222,75.8,10.1,90.0,0.0016666666666666668
201,223,76.1,10.1,90.0,0.0016666666666666668
201,224,76.4,10.1,90.0,0.0016666666666666668
201,225,77.3,10.1,90.0,0.0016666666666666668
201,226,74.9,10.1,90.0,0.0016666666666666668
201,227,75.2,10.1,90.0,0.0016666666666666668
201,228,75.5,10.1,90.0,0.0016666666666666668
201,241,21.799999999999997,10.1,90.0,0.0016666666666666668
201,242,22.1,10.1,90.0,0.0016666666666666668
201,243,22.4,10.1,90.0,0.0016666666666666668
201,244,22.700000000000003,10.1,90.0,0.0016666666666666668
201,245,20.0,10.09599839871872,87.70755722404412,0.0018749929761864628
201,246,30.799999999999997,10.1,90.0,0.0016666666666666668
201,247,31.1,10.1,90.0,0.0016666666666666668
201,248,30.200000000000003,10.1,90.0,0.0016666666666666668
201,249,31.4,10.1,90.0,0.0016666666666666668
201,251,41.6,10.1,90.0,0.0016666666666666668
201,252,41.3,10.1,90.0,0.0016666666666666668
201,253,41.0,10.1,90.0,0.0016666666666666668
201,254,40.7,10.1,90.0,0.0016666666666666668
201,255,38.3,10.1,90.0,0.0016666666666666668
202,206,56.6,9.5,90.0,0.0016666666666666668
202,207,48.8,9.5,90.0,0.0016666666666666668
202,210,68.3,9.5,90.0,0.0016666666666666668
202,211,66.8,9.5,90.0,0.0016666666666666668
202,212,67.1,9.5,90.0,0.0016666666666666668
202,213,67.4,9.5,90.0,0.0016666666666666668
202,214,67.7,9.5,90.0,0.0016666666666666668
202,215,68.0,9.5,90.0,0.0016666666666666668
202,216,65.6,9.5,90.0,0.0016666666666666668
202,217,65.9,9.5,90.0,0.0016666666666666668
202,218,66.2,9.5,90.0,0.0016666666666666668
202,219,66.5,9.5,90.0,0.0016666666666666668
202,222,75.8,9.5,90.0,0.0016666666666666668
202,223,76.1,9.5,90.0,0.0016666666666666668
202,224,76.4,9.5,90.0,0.0016666666666666668
202,225,77.3,9.5,90.0,0.0016666666666666668
202,226,74.9,9.5,90.0,0.0016666666666666668
202,227,75.2,9.5,90.0,0.0016666666666666668
202,228,75.5,9.5,90.0,0.0016666666666666668
202,229,33.02250064069712,5.6,77.29096700560457,0.0017857062584988146
202,251,41.6,9.5,90.0,0.0016666666666666668
202,252,41.3,9.5,90.0,0.0016666666666666668
202,253,41.0,9.5,90.0,0.0016666666666666668
202,254,40.7,9.5,90.0,0.0016666666666666668
202,255,38.3,9.5,90.0,0.0016666666666666668
203,206,56.6,8.6,90.0,0.0016666666666666668
203,207,48.8,8.6,90.0,0.0016666666666666668
203,210,68.3,8.6,90.0,0.0016666666666666668
203,211,66.8,8.6,90.0,0.0016666666666666668
203,212,67.1,8.6,90.0,0.0016666666666666668
203,213,67.4,8.6,90.0,0.0016666666666666668
203,214,67.7,8.6,90.0,0.0016666666666666668
203,215,68.0,8.6,90.0,0.0016666666666666668
203,216,65.6,8.6,90.0,0.0016666666666666668
203,217,65.9,8.6,90.0,0.0016666666666666668
203,218,66.2,8.6,90.0,0.0016666666666666668
203,219,66.5,8.6,90.0,0.0016666666666666668
203,220,42.7,5.0,73.73979529168803,0.0018452401020419631
203,221,42.7978728217965,5.3,70.12312592992117,0.0033035804591888336
203,222,75.8,8.6,90.0,0.0016666666666666668
203,223,76.1,8.6,90.0,0.0016666666666666668
203,224,76.4,8.6,90.0,0.0016666666666666668
203,225,77.3,8.6,90.0,0.0016666666666666668
203,226,74.9,8.6,90.0,0.0016666666666666668
203,227,75.2,8.6,90.0,0.0016666666666666668
203,228,75.5,8.6,90.0,0.0016666666666666668
203,229,42.917424305044165,5.6,66.42182152179815,0.002916680714293742
204,206,56.6,8.9,90.0,0.0016666666666666668
204,207,48.8,8.9,90.0,0.0016666666666666668
204,210,68.3,8.9,90.0,0.0016666666666666668
204,211,66.8,8.9,90.0,0.0016666666666666668
204,212,67.1,8.9,90.0,0.0016666666666666668
204,213,67.4,8.9,90.0,0.0016666666666666668
204,214,67.7,8.9,90.0,0.0016666666666666668
204,215,68.0,8.9,90.0,0.0016666666666666668
204,216,65.6,8.9,90.0,0.0016666666666666668
204,217,65.9,8.9,90.0,0.0016666666666666668
204,218,66.2,8.9,90.0,0.0016666666666666668
204,219,66.5,8.9,90.0,0.0016666666666666668
204,220,42.32250064069712,5.0,77.29096700560457,0.0017857062584988146
204,221,42.400000000000006,5.3,73.73979529168804,0.0018452401020419631
204,222,75.8,8.9,90.0,0.0016666666666666668
204,223,76.1,8.9,90.0,0.0016666666666666668
204,224,76.4,8.9,90.0,0.0016666666666666668
204,225,77.3,8.9,90.0,0.0016666666666666668
204,226,74.9,8.9,90.0,0.0016666666666666668
204,227,75.2,8.9,90.0,0.0016666666666666668
204,228,75.5,8.9,90.0,0.0016666666666666668
204,229,42.497872821796506,5.6,70.12312592992117,0.0033035804591888336
205,206,56.6,9.2,90.0,0.0016666666666666668
205,207,48.8,9.2,90.0,0.0016666666666666668
205,210,68.3,9.2,90.0,0.0016666666666666668
205,211,66.8,9.2,90.0,0.0016666666666666668
205,212,67.1,9.2,90.0,0.0016666666666666668
205,213,67.4,9.2,90.0,0.0016666666666666668
205,214,67.7,9.2,90.0,0.0016666666666666668
205,215,68.0,9.2,90.0,0.0016666666666666668
205,216,65.6,9.2,90.0,0.0016666666666666668
205,217,65.9,9.2,90.0,0.0016666666666666668
205,218,66.2,9.2,90.0,0.0016666666666666668
205,219,66.5,9.2,90.0,0.0016666666666666668
205,220,41.96441492829877,5.0,80.79310377865409,0.0018749929761864628
205,221,42.02250064069712,5.3,77.29096700560457,0.0017857062584988146
205,222,75.8,9.2,90.0,0.0016666666666666668
205,223,76.1,9.2,90.0,0.0016666666666666668
205,224,76.4,9.2,90.0,0.0016666666666666668
205,225,77.3,9.2,90.0,0.0016666666666666668
205,226,74.9,9.2,90.0,0.0016666666666666668
205,227,75.2,9.2,90.0,0.0016666666666666668
205,228,75.5,9.2,90.0,0.0016666666666666668
205,229,42.099999999999994,5.6,73.73979529168805,0.0018452401020419631
206,208,56.6,8.3,90.0,0.0016666666666666668
206,209,56.6,8.0,90.0,0.0016666666666666668
206,210,68.3,45.2,90.0,0.0016666666666666668
206,211,66.8,45.2,90.0,0.0016666666666666668
206,212,67.1,45.2,90.0,0.0016666666666666668
206,213,67.4,45.2,90.0,0.0016666666666666668
206,214,67.7,45.2,90.0,0.0016666666666666668
206,215,68.0,45.2,90.0,0.0016666666666666668
206,216,65.6,45.2,90.0,0.0016666666666666668
206,217,65.9,45.2,90.0,0.0016666666666666668
206,218,66.2,45.2,90.0,0.0016666666666666668
206,219,66.5,45.2,90.0,0.0016666666666666668
206,220,56.6,5.0,90.0,0.0016666666666666668
206,221,56.6,5.299999999999997,90.0,0.0016666666666666668
206,222,75.8,45.2,90.0,0.0016666666666666668
206,223,76.1,45.2,90.0,0.0016666666666666668
206,224,76.4,45.2,90.0,0.0016666666666666668
206,225,77.3,45.2,90.0,0.0016666666666666668
206,226,74.9,45.2,90.0,0.0016666666666666668
206,227,75.2,45.2,90.0,0.0016666666666666668
206,228,75.5,45.2,90.0,0.0016666666666666668
206,229,56.6,5.600000000000001,90.0,0.0016666666666666668
206,249,56.6,22.1,90.0,0.0016666666666666668
206,250,56.6,9.8,90.0,0.0016666666666666668
206,251,56.6,17.6,90.0,0.0016666666666666668
206,252,56.6,17.9,90.0,0.0016666666666666668
206,253,56.6,18.2,90.0,0.0016666666666666668
206,254,56.6,18.5,90.0,0.0016666666666666668
207,210,68.3,64.7,90.0,0.0016666666666666668
207,211,66.8,64.7,90.0,0.0016666666666666668
207,212,67.1,64.7,90.0,0.0016666666666666668
207,213,67.4,64.7,90.0,0.0016666666666666668
207,214,67.7,64.7,90.0,0.0016666666666666668
207,215,68.0,64.7,90.0,0.0016666666666666668
207,216,65.6,64.7,90.0,0.0016666666666666668
207,217,65.9,64.7,90.0,0.0016666666666666668
207,218,66.2,64.7,90.0,0.0016666666666666668
207,219,66.5,64.7,90.0,0.0016666666666666668
207,220,48.8,5.0,90.0,0.0016666666666666668
207,221,48.8,5.299999999999997,90.0,0.0016666666666666668
207,222,75.8,64.72506281446691,84.2608295227332,0.0018452401020419631
207,223,76.1,64.76441492829878,80.79310377865414,0.0018749929761864628
207,224,76.4,64.82250064069713,77.29096700560446,0.0017857062584988146
207,226,74.9,64.7,90.0,0.0016666666666666668
207,227,75.2,64.7,90.0,0.0016666666666666668
207,228,75.5,64.70400160128128,87.70755722404408,0.0018749929761864628
207,229,48.8,5.600000000000001,90.0,0.0016666666666666668
207,241,48.8,59.3,90.0,0.0016666666666666668
207,242,48.8,58.4,90.0,0.0016666666666666668
207,243,48.8,58.1,90.0,0.0016666666666666668
207,244,48.8,57.8,90.0,0.0016666666666666668
207,246,48.8,50.0,90.0,0.0016666666666666668
207,247,48.8,49.7,90.0,0.0016666666666666668
207,249,48.8,22.1,90.0,0.0016666666666666668
207,250,48.8,9.799999999999997,90.0,0.0016666666666666668
207,251,48.8,17.6,90.0,0.0016666666666666668
207,252,48.8,17.9,90.0,0.0016666666666666668
207,253,48.8,18.200000000000003,90.0,0.0016666666666666668
207,254,48.8,18.5,90.0,0.0016666666666666668
208,210,68.3,8.3,90.0,0.0016666666666666668
208,211,66.8,8.3,90.0,0.0016666666666666668
208,212,67.1,8.3,90.0,0.0016666666666666668
208,213,67.4,8.3,90.0,0.0016666666666666668
208,214,67.7,8.3,90.0,0.0016666666666666668
208,215,68.0,8.3,90.0,0.0016666666666666668
208,216,65.6,8.3,90.0,0.0016666666666666668
208,217,65.9,8.3,90.0,0.0016666666666666668
208,218,66.2,8.3,90.0,0.0016666666666666668
208,219,66.5,8.3,90.0,0.0016666666666666668
208,220,51.497872821796506,5.0,70.12312592992117,0.0033035804591888336
208,221,51.61742430504416,5.3,66.4218215217982,0.002916680714293742
208,229,51.76040542391538,5.6,62.6128924973461,0.002113100255104908
209,210,68.3,8.0,90.0,0.0016666666666666668
209,211,66.8,8.0,90.0,0.0016666666666666668
209,212,67.1,8.0,90.0,0.0016666666666666668
209,213,67.4,8.0,90.0,0.0016666666666666668
209,214,67.7,8.0,90.0,0.0016666666666666668
209,215,68.0,8.0,90.0,0.0016666666666666668
209,216,65.6,8.0,90.0,0.0016666666666666668
209,217,65.9,8.0,90.0,0.0016666666666666668
209,218,66.2,8.0,90.0,0.0016666666666666668
209,219,66.5,8.0,90.0,0.0016666666666666668
209,220,51.917424305044165,5.0,66.42182152179815,0.002916680714293742
209,221,52.06040542391538,5.3,62.6128924973461,0.002113100255104908
209,229,52.229168699187476,5.6,58.667748502405736,0.00199406066327276
210,226,54.82691762911674,88.1,54.549457360824505,0.002261892721081555
210,227,54.629168699187474,88.4,58.667748502405786,0.00199406066327276
210,228,54.460405423915375,88.7,62.61289249734613,0.002113100255104908
210,229,68.3,5.6,90.0,0.0016666666666666668
210,241,68.3,59.3,90.0,0.0016666666666666668
210,242,68.3,58.4,90.0,0.0016666666666666668
210,243,68.3,58.1,90.0,0.0016666666666666668
210,244,68.3,57.8,90.0,0.0016666666666666668
210,246,68.3,50.0,90.0,0.0016666666666666668
210,247,68.3,49.7,90.0,0.0016666666666666668
210,249,68.3,22.1,90.0,0.0016666666666666668
210,250,68.3,9.8,90.0,0.0016666666666666668
210,251,68.3,17.6,90.0,0.0016666666666666668
210,252,68.3,17.9,90.0,0.0016666666666666668
210,253,68.3,18.2,90.0,0.0016666666666666668
210,254,68.3,18.5,90.0,0.0016666666666666668
211,226,44.3250628144669,88.1,84.26082952273322,0.0018452401020419631
211,227,44.30400160128128,88.4,87.70755722404425,0.0018749929761864628
211,228,44.3,88.7,90.0,0.0016666666666666668
211,229,66.8,5.6,90.0,0.0016666666666666668
211,241,66.8,59.3,90.0,0.0016666666666666668
211,242,66.8,58.4,90.0,0.0016666666666666668
211,243,66.8,58.1,90.0,0.0016666666666666668
211,244,66.8,57.8,90.0,0.0016666666666666668
211,246,66.8,50.0,90.0,0.0016666666666666668
211,247,66.8,49.7,90.0,0.0016666666666666668
211,249,66.8,22.1,90.0,0.0016666666666666668
211,250,66.8,9.8,90.0,0.0016666666666666668
211,251,66.8,17.6,90.0,0.0016666666666666668
211,252,66.8,17.9,90.0,0.0016666666666666668
211,253,66.8,18.2,90.0,0.0016666666666666668
211,254,66.8,18.5,90.0,0.0016666666666666668
212,226,44.664414928298775,88.1,80.79310377865397,0.0018749929761864628
212,227,44.6250628144669,88.4,84.26082952273322,0.0018452401020419631
212,228,44.60400160128128,88.7,87.70755722404408,0.0018749929761864628
212,229,67.1,5.6,90.0,0.0016666666666666668
212,241,67.1,59.3,90.0,0.0016666666666666668
212,242,67.1,58.4,90.0,0.0016666666666666668
212,243,67.1,58.1,90.0,0.0016666666666666668
212,244,67.1,57.8,90.0,0.0016666666666666668
212,246,67.1,50.0,90.0,0.0016666666666666668
212,247,67.1,49.7,90.0,0.0016666666666666668
212,249,67.1,22.1,90.0,0.0016666666666666668
212,250,67.1,9.8,90.0,0.0016666666666666668
212,251,67.1,17.6,90.0,0.0016666666666666668
212,252,67.1,17.9,90.0,0.0016666666666666668
212,253,67.1,18.2,90.0,0.0016666666666666668
212,254,67.1,18.5,90.0,0.0016666666666666668
213,226,45.02250064069712,88.1,77.29096700560447,0.0017857062584988146
213,227,44.96441492829877,88.4,80.79310377865414,0.0018749929761864628
213,228,44.9250628144669,88.7,84.26082952273322,0.0018452401020419631
213,229,67.4,5.6,90.0,0.0016666666666666668
213,241,67.4,59.3,90.0,0.0016666666666666668
213,242,67.4,58.4,90.0,0.0016666666666666668
213,243,67.4,58.1,90.0,0.0016666666666666668
213,244,67.4,57.8,90.0,0.0016666666666666668
213,246,67.4,50.0,90.0,0.0016666666666666668
213,247,67.4,49.7,90.0,0.0016666666666666668
213,249,67.4,22.1,90.0,0.0016666666666666668
213,250,67.4,9.8,90.0,0.0016666666666666668
213,251,67.4,17.6,90.0,0.0016666666666666668
213,252,67.4,17.9,90.0,0.0016666666666666668
213,253,67.4,18.2,90.0,0.0016666666666666668
213,254,67.4,18.5,90.0,0.0016666666666666668
214,226,45.400000000000006,88.1,73.73979529168798,0.0018452401020419631
214,227,45.32250064069712,88.4,77.29096700560463,0.0017857062584988146
214,228,45.26441492829878,88.7,80.79310377865414,0.0018749929761864628
214,229,67.7,5.6,90.0,0.0016666666666666668
214,241,67.7,59.3,90.0,0.0016666666666666668
214,242,67.7,58.4,90.0,0.0016666666666666668
214,243,67.7,58.1,90.0,0.0016666666666666668
214,244,67.7,57.8,90.0,0.0016666666666666668
214,246,67.7,50.0,90.0,0.0016666666666666668
214,247,67.7,49.7,90.0,0.0016666666666666668
214,249,67.7,22.1,90.0,0.0016666666666666668
214,250,67.7,9.8,90.0,0.0016666666666666668
214,251,67.7,17.6,90.0,0.0016666666666666668
214,252,67.7,17.9,90.0,0.0016666666666666668
214,253,67.7,18.2,90.0,0.0016666666666666668
214,254,67.7,18.5,90.0,0.0016666666666666668
215,226,46.22916869918748,88.1,58.66774850240561,0.00199406066327276
215,227,46.06040542391538,88.4,62.61289249734613,0.002113100255104908
215,228,45.917424305044165,88.7,66.42182152179815,0.002916680714293742
215,229,68.0,5.6,90.0,0.0016666666666666668
215,241,68.0,59.3,90.0,0.0016666666666666668
215,242,68.0,58.4,90.0,0.0016666666666666668
215,243,68.0,58.1,90.0,0.0016666666666666668
215,244,68.0,57.8,90.0,0.0016666666666666668
215,246,68.0,50.0,90.0,0.0016666666666666668
215,247,68.0,49.7,90.0,0.0016666666666666668
215,249,68.0,22.1,90.0,0.0016666666666666668
215,250,68.0,9.8,90.0,0.0016666666666666668
215,251,68.0,17.6,90.0,0.0016666666666666668
215,252,68.0,17.9,90.0,0.0016666666666666668
215,253,68.0,18.2,90.0,0.0016666666666666668
215,254,68.0,18.5,90.0,0.0016666666666666668
216,229,65.6,5.6,90.0,0.0016666666666666668
216,241,65.6,59.3,90.0,0.0016666666666666668
216,242,65.6,58.4,90.0,0.0016666666666666668
216,243,65.6,58.1,90.0,0.0016666666666666668
216,244,65.6,57.8,90.0,0.0016666666666666668
216,245,34.1,82.4,90.0,0.0016666666666666668
216,246,65.6,50.0,90.0,0.0016666666666666668
216,247,65.6,49.7,90.0,0.0016666666666666668
216,248,43.4,82.4,90.0,0.0016666666666666668
216,249,65.6,22.1,90.0,0.0016666666666666668
216,250,65.6,9.8,90.0,0.0016666666666666668
216,251,65.6,17.6,90.0,0.0016666666666666668
216,252,65.6,17.9,90.0,0.0016666666666666668
216,253,65.6,18.2,90.0,0.0016666666666666668
216,254,65.6,18.5,90.0,0.0016666666666666668
216,255,24.5,82.4,90.0,0.0016666666666666668
217,229,65.9,5.6,90.0,0.0016666666666666668
217,241,65.9,59.3,90.0,0.0016666666666666668
217,242,65.9,58.4,90.0,0.0016666666666666668
217,243,65.9,58.1,90.0,0.0016666666666666668
217,244,65.9,57.8,90.0,0.0016666666666666668
217,245,34.1,82.7,90.0,0.0016666666666666668
217,246,65.9,50.0,90.0,0.0016666666666666668
217,247,65.9,49.7,90.0,0.0016666666666666668
217,248,43.4,82.7,90.0,0.0016666666666666668
217,249,65.9,22.1,90.0,0.0016666666666666668
217,250,65.9,9.8,90.0,0.0016666666666666668
217,251,65.9,17.6,90.0,0.0016666666666666668
217,252,65.9,17.9,90.0,0.0016666666666666668
217,253,65.9,18.2,90.0,0.0016666666666666668
217,254,65.9,18.5,90.0,0.0016666666666666668
217,255,24.5,82.7,90.0,0.0016666666666666668
218,229,66.2,5.6,90.0,0.0016666666666666668
218,241,66.2,59.3,90.0,0.0016666666666666668
218,242,66.2,58.4,90.0,0.0016666666666666668
218,243,66.2,58.1,90.0,0.0016666666666666668
218,244,66.2,57.8,90.0,0.0016666666666666668
218,245,34.1,83.0,90.0,0.0016666666666666668
218,246,66.2,50.0,90.0,0.0016666666666666668
218,247,66.2,49.7,90.0,0.0016666666666666668
218,248,43.4,83.0,90.0,0.0016666666666666668
218,249,66.2,22.1,90.0,0.0016666666666666668
218,250,66.2,9.8,90.0,0.0016666666666666668
218,251,66.2,17.6,90.0,0.0016666666666666668
218,252,66.2,17.9,90.0,0.0016666666666666668
218,253,66.2,18.2,90.0,0.0016666666666666668
218,254,66.2,18.5,90.0,0.0016666666666666668
218,255,24.5,83.0,90.0,0.0016666666666666668
219,229,66.5,5.6,90.0,0.0016666666666666668
219,241,66.5,59.3,90.0,0.0016666666666666668
219,242,66.5,58.4,90.0,0.0016666666666666668
219,243,66.5,58.1,90.0,0.0016666666666666668
219,244,66.5,57.8,90.0,0.0016666666666666668
219,245,34.1,83.3,90.0,0.0016666666666666668
219,246,66.5,50.0,90.0,0.0016666666666666668
219,247,66.5,49.7,90.0,0.0016666666666666668
219,248,43.4,83.3,90.0,0.0016666666666666668
219,249,66.5,22.1,90.0,0.0016666666666666668
219,250,66.5,9.8,90.0,0.0016666666666666668
219,251,66.5,17.6,90.0,0.0016666666666666668
219,252,66.5,17.9,90.0,0.0016666666666666668
219,253,66.5,18.2,90.0,0.0016666666666666668
219,254,66.5,18.5,90.0,0.0016666666666666668
219,255,24.5,83.3,90.0,0.0016666666666666668
220,251,41.6,5.0,90.0,0.0016666666666666668
220,252,41.3,5.0,90.0,0.0016666666666666668
220,253,41.0,5.0,90.0,0.0016666666666666668
220,254,40.7,5.0,90.0,0.0016666666666666668
220,255,38.3,4.995998398718719,87.70755722404408,0.0018749929761864628
221,251,41.6,5.3,90.0,0.0016666666666666668
221,252,41.3,5.3,90.0,0.0016666666666666668
221,253,41.0,5.3,90.0,0.0016666666666666668
221,254,40.7,5.3,90.0,0.0016666666666666668
221,255,38.3,5.3,90.0,0.0016666666666666668
222,241,75.8,59.3,90.0,0.0016666666666666668
222,242,75.8,58.4,90.0,0.0016666666666666668
222,243,75.8,58.1,90.0,0.0016666666666666668
222,244,75.8,57.8,90.0,0.0016666666666666668
222,246,75.8,50.0,90.0,0.0016666666666666668
222,247,75.8,49.7,90.0,0.0016666666666666668
222,249,75.8,22.1,90.0,0.0016666666666666668
222,250,75.8,9.8,90.0,0.0016666666666666668
222,251,75.8,17.6,90.0,0.0016666666666666668
222,252,75.8,17.9,90.0,0.0016666666666666668
222,253,75.8,18.2,90.0,0.0016666666666666668
222,254,75.8,18.5,90.0,0.0016666666666666668
223,241,76.1,59.3,90.0,0.0016666666666666668
223,242,76.1,58.4,90.0,0.0016666666666666668
223,243,76.1,58.1,90.0,0.0016666666666666668
223,244,76.1,57.8,90.0,0.0016666666666666668
223,246,76.1,50.0,90.0,0.0016666666666666668
223,247,76.1,49.7,90.0,0.0016666666666666668
223,249,76.1,22.1,90.0,0.0016666666666666668
223,250,76.1,9.8,90.0,0.0016666666666666668
223,251,76.1,17.6,90.0,0.0016666666666666668
223,252,76.1,17.9,90.0,0.0016666666666666668
223,253,76.1,18.2,90.0,0.0016666666666666668
223,254,76.1,18.5,90.0,0.0016666666666666668
224,241,76.4,59.3,90.0,0.0016666666666666668
224,242,76.4,58.4,90.0,0.0016666666666666668
224,243,76.4,58.1,90.0,0.0016666666666666668
224,244,76.4,57.8,90.0,0.0016666666666666668
224,246,76.4,50.0,90.0,0.0016666666666666668
224,247,76.4,49.7,90.0,0.0016666666666666668
224,249,76.4,22.1,90.0,0.0016666666666666668
224,250,76.4,9.8,90.0,0.0016666666666666668
224,251,76.4,17.6,90.0,0.0016666666666666668
224,252,76.4,17.9,90.0,0.0016666666666666668
224,253,76.4,18.2,90.0,0.0016666666666666668
224,254,76.4,18.5,90.0,0.0016666666666666668
225,241,77.71742430504416,59.3,66.42182152179815,0.002916680714293742
225,242,77.42250064069711,58.4,77.29096700560457,0.0017857062584988146
225,243,77.36441492829877,58.1,80.79310377865406,0.0018749929761864628
225,244,77.32506281446689,57.8,84.26082952273323,0.0018452401020419631
225,246,77.3,50.0,90.0,0.0016666666666666668
225,247,77.3,49.7,90.0,0.0016666666666666668
225,249,77.3,22.1,90.0,0.0016666666666666668
225,250,77.3,9.799999999999997,90.0,0.0016666666666666668
225,251,77.3,17.6,90.0,0.0016666666666666668
225,252,77.3,17.9,90.0,0.0016666666666666668
225,253,77.3,18.200000000000003,90.0,0.0016666666666666668
225,254,77.3,18.5,90.0,0.0016666666666666668
226,241,74.9,59.3,90.0,0.0016666666666666668
226,242,74.9,58.4,90.0,0.0016666666666666668
226,243,74.9,58.1,90.0,0.0016666666666666668
226,244,74.9,57.8,90.0,0.0016666666666666668
226,245,34.1,88.1,90.0,0.0016666666666666668
226,246,74.9,50.0,90.0,0.0016666666666666668
226,247,74.9,49.7,90.0,0.0016666666666666668
226,248,43.4,88.1,90.0,0.0016666666666666668
226,249,74.9,22.1,90.0,0.0016666666666666668
226,250,74.9,9.8,90.0,0.0016666666666666668
226,251,74.9,17.6,90.0,0.0016666666666666668
226,252,74.9,17.9,90.0,0.0016666666666666668
226,253,74.9,18.2,90.0,0.0016666666666666668
226,254,74.9,18.5,90.0,0.0016666666666666668
227,241,75.2,59.3,90.0,0.0016666666666666668
227,242,75.2,58.4,90.0,0.0016666666666666668
227,243,75.2,58.1,90.0,0.0016666666666666668
227,244,75.2,57.8,90.0,0.0016666666666666668
227,245,34.1,88.4,90.0,0.0016666666666666668
227,246,75.2,50.0,90.0,0.0016666666666666668
227,247,75.2,49.7,90.0,0.0016666666666666668
227,248,43.4,88.4,90.0,0.0016666666666666668
227,249,75.2,22.1,90.0,0.0016666666666666668
227,250,75.2,9.8,90.0,0.0016666666666666668
227,251,75.2,17.6,90.0,0.0016666666666666668
227,252,75.2,17.9,90.0,0.0016666666666666668
227,253,75.2,18.2,90.0,0.0016666666666666668
227,254,75.2,18.5,90.0,0.0016666666666666668
228,241,75.5,59.3,90.0,0.0016666666666666668
228,242,75.5,58.4,90.0,0.0016666666666666668
228,243,75.5,58.1,90.0,0.0016666666666666668
228,244,75.5,57.8,90.0,0.0016666666666666668
228,245,34.1,88.7,90.0,0.0016666666666666668
228,246,75.5,50.0,90.0,0.0016666666666666668
228,247,75.5,49.7,90.0,0.0016666666666666668
228,248,43.4,88.7,90.0,0.0016666666666666668
228,249,75.5,22.1,90.0,0.0016666666666666668
228,250,75.5,9.8,90.0,0.0016666666666666668
228,251,75.5,17.6,90.0,0.0016666666666666668
228,252,75.5,17.9,90.0,0.0016666666666666668
228,253,75.5,18.2,90.0,0.0016666666666666668
228,254,75.5,18.5,90.0,0.0016666666666666668
229,241,21.799999999999997,5.6,90.0,0.0016666666666666668
229,242,22.1,5.6,90.0,0.0016666666666666668
229,243,22.4,5.6,90.0,0.0016666666666666668
229,244,22.700000000000003,5.6,90.0,0.0016666666666666668
229,245,20.0,5.574937185533095,84.26082952273322,0.0018452401020419631
229,246,30.799999999999997,5.6,90.0,0.0016666666666666668
229,247,31.1,5.6,90.0,0.0016666666666666668
229,248,30.200000000000003,5.6,90.0,0.0016666666666666668
229,249,31.4,5.6,90.0,0.0016666666666666668
229,250,32.664414928298775,5.6,80.79310377865411,0.0018749929761864628
229,251,41.6,5.6,90.0,0.0016666666666666668
229,252,41.3,5.6,90.0,0.0016666666666666668
229,253,41.0,5.6,90.0,0.0016666666666666668
229,254,40.7,5.6,90.0,0.0016666666666666668
229,255,38.3,5.6,90.0,0.0016666666666666668
241,248,30.200000000000003,59.3,90.0,0.0016666666666666668
241,255,38.3,59.3,90.0,0.0016666666666666668
242,248,30.200000000000003,58.4,90.0,0.0016666666666666668
242,255,38.3,58.4,90.0,0.0016666666666666668
243,248,30.200000000000003,58.1,90.0,0.0016666666666666668
243,255,38.3,58.1,90.0,0.0016666666666666668
244,248,30.200000000000003,57.8,90.0,0.0016666666666666668
244,255,38.3,57.8,90.0,0.0016666666666666668
245,255,34.02668640040601,76.6469108416733,88.53306778658714,0.0018154872278974634
246,255,38.3,50.0,90.0,0.0016666666666666668
247,255,38.3,49.7,90.0,0.0016666666666666668
248,255,38.295998398718716,71.9,87.70755722404408,0.0018749929761864628
249,255,38.3,22.1,90.0,0.0016666666666666668
250,251,41.6,9.8,90.0,0.0016666666666666668
250,252,41.3,9.8,90.0,0.0016666666666666668
250,253,41.0,9.8,90.0,0.0016666666666666668
250,254,40.7,9.8,90.0,0.0016666666666666668
250,255,38.3,9.8,90.0,0.0016666666666666668
