scheme,route_id,old_total_loss_db,new_total_loss_db,delta_loss_db,old_geometry,new_geometry,old_radius_mm,new_radius_mm,old_crossing_count,new_crossing_count,changed
A,0,5.679193720991745,5.679193720991745,0.0,u,u,5.0,5.0,94,94,False
A,1,5.681217534529162,5.6812175345291624,8.881784197001252e-16,u,u,5.0,5.0,94,94,False
A,2,5.689646051774029,5.689646051774029,0.0,u,u,5.0,5.0,78,78,False
A,3,5.692681772080155,5.692681772080155,0.0,u,u,5.0,5.0,78,78,False
A,4,6.336753163525712,6.336753163525712,0.0,u,u,5.0,5.0,235,235,False
A,5,6.3386281565018985,6.3386281565018985,0.0,u,u,5.0,5.0,235,235,False
A,6,6.339699569018896,6.3396995690188955,-8.881784197001252e-16,u,u,5.0,5.0,235,235,False
A,7,6.334878142454271,6.334878142454271,0.0,u,u,5.0,5.0,235,235,False
A,8,6.330830515379437,6.330830515379437,0.0,u,u,5.0,5.0,235,235,False
A,9,5.900955480260369,5.900955480260369,0.0,u,u,5.0,5.0,230,230,False
A,10,5.721651871705926,5.721651871705926,0.0,u,u,5.0,5.0,208,208,False
A,11,5.725538771450821,5.725538771450821,0.0,u,u,5.0,5.0,208,208,False
A,12,5.729782846161721,5.729782846161721,0.0,u,u,5.0,5.0,208,208,False
A,13,3.4626554087404555,3.4626554087404555,0.0,u,u,5.0,5.0,213,213,False
A,14,3.4661970402880544,3.4661970402880544,0.0,u,u,5.0,5.0,213,213,False
A,15,3.4731911290465813,3.4731911290465813,0.0,u,u,5.0,5.0,213,213,False
A,16,3.4776256839615654,3.4776256839615654,0.0,u,u,5.0,5.0,213,213,False
A,17,6.222134116910066,6.222134116910066,0.0,u,u,5.0,5.0,232,232,False
A,18,6.219931673746765,6.219931673746765,0.0,u,u,5.0,5.0,232,232,False
A,19,6.2170150773182336,6.2170150773182336,0.0,u,u,5.0,5.0,232,232,False
A,20,4.579127231133033,4.579127231133033,0.0,u,u,5.0,5.0,54,54,False
A,21,4.581984293718021,4.581984293718021,0.0,u,u,5.0,5.0,54,54,False
A,22,2.7519375224314016,2.7519375224314016,0.0,u,u,5.0,5.0,28,28,False
A,23,2.7540506226865062,2.7540506226865062,0.0,u,u,5.0,5.0,28,28,False
A,24,5.999342372981451,5.999342372981451,0.0,u,u,5.0,5.0,174,174,False
A,25,5.999610233134514,5.999610233134514,0.0,u,u,5.0,5.0,174,174,False
A,26,6.004015007080099,6.004015007080099,0.0,u,u,5.0,5.0,174,174,False
A,27,6.009997217165171,6.009997217165171,0.0,u,u,5.0,5.0,174,174,False
A,28,5.490407832114094,5.490407832114094,0.0,u,u,5.0,5.0,145,145,False
A,29,5.320312620107306,5.320312620107306,0.0,u,u,5.0,5.0,145,145,False
A,30,5.495693566467847,5.495693566467847,0.0,u,u,5.0,5.0,145,145,False
A,31,6.498991284852257,6.498991284852257,0.0,u,u,5.0,5.0,257,257,False
A,32,5.382163799546076,5.382163799546076,0.0,u,u,5.0,5.0,171,171,False
A,33,5.637800713338597,5.6378007133385974,8.881784197001252e-16,u,u,5.0,5.0,177,177,False
A,34,6.129741095209291,6.129741095209291,0.0,u,u,5.0,5.0,267,267,False
A,35,5.876038736331752,5.876038736331752,0.0,u,u,5.0,5.0,223,223,False
A,36,5.053503093287577,5.053503093287577,0.0,u,u,5.0,5.0,96,96,False
A,37,5.202919738882803,5.202919738882803,0.0,u,u,5.0,5.0,99,99,False
A,38,5.189556624580071,5.189556624580071,0.0,u,u,5.0,5.0,99,99,False
A,39,5.099485219086887,5.099485219086887,0.0,u,u,5.0,5.0,96,96,False
A,40,5.617526871705926,5.617526871705926,0.0,u,u,5.0,5.0,173,173,False
A,41,5.614776829563045,5.614776829563045,0.0,u,u,5.0,5.0,173,173,False
A,42,5.439181708865833,5.439181708865833,0.0,u,u,5.0,5.0,198,198,False
A,43,5.538967394052891,5.538967394052891,0.0,u,u,5.0,5.0,153,153,False
A,44,6.541806687794392,6.5418066877943915,-8.881784197001252e-16,u,u,5.0,5.0,261,261,False
A,45,6.406943622658354,6.406943622658354,0.0,u,u,5.0,5.0,236,236,False
A,46,6.409890084342047,6.409890084342047,0.0,u,u,5.0,5.0,236,236,False
A,47,6.408372266331866,6.408372266331866,0.0,u,u,5.0,5.0,236,236,False
A,48,5.400723298270551,5.400723298270551,0.0,u,u,5.0,5.0,114,114,False
A,49,5.403598319341992,5.403598319341992,0.0,u,u,5.0,5.0,114,114,False
A,50,5.10994353134878,5.1099435313487795,-8.881784197001252e-16,u,u,5.0,5.0,112,112,False
A,51,5.116568538372593,5.116568538372593,0.0,u,u,5.0,5.0,112,112,False
A,52,5.639467309767128,5.639467309767128,0.0,u,u,5.0,5.0,173,173,False
A,53,5.791752973882746,5.791752973882746,0.0,u,u,5.0,5.0,209,209,False
A,54,5.794360219086886,5.794360219086886,0.0,u,u,5.0,5.0,209,209,False
A,55,5.795776871705926,5.795776871705926,0.0,u,u,5.0,5.0,209,209,False
A,56,5.7691757906005465,5.7691757906005465,0.0,u,u,5.0,5.0,100,100,False
A,57,5.769532937471298,5.769532937471298,0.0,u,u,5.0,5.0,100,100,False
A,58,5.769830522403251,5.769830522403251,0.0,u,u,5.0,5.0,100,100,False
A,59,6.083687662250187,6.083687662250187,0.0,u,u,5.0,5.0,181,181,False
A,60,4.846616137352173,4.846616137352173,0.0,u,u,5.0,5.0,32,32,False
A,61,4.84400900452905,4.84400900452905,0.0,u,u,5.0,5.0,32,32,False
A,62,4.907187592012052,4.907187592012052,0.0,u,u,5.0,5.0,46,46,False
A,63,4.904907853185534,4.904907853185534,0.0,u,u,5.0,5.0,46,46,False
A,64,5.126818552420221,5.126818552420221,0.0,u,u,5.0,5.0,80,80,False
A,65,5.01934235191001,5.01934235191001,0.0,u,u,5.0,5.0,80,80,False
A,66,5.307318510277339,5.307318510277339,0.0,u,u,5.0,5.0,136,136,False
A,67,6.027241277828445,6.027241277828445,0.0,u,u,5.0,5.0,188,188,False
A,68,5.8929138627603965,5.8929138627603965,0.0,u,u,5.0,5.0,227,227,False
A,69,5.887199540923641,5.887199540923641,0.0,u,u,5.0,5.0,227,227,False
A,70,6.238610233134513,6.238610233134513,0.0,u,u,5.0,5.0,222,222,False
A,71,6.121586510906672,6.121586510906672,0.0,u,u,5.0,5.0,243,243,False
A,72,5.843211419597096,5.843211419597096,0.0,u,u,5.0,5.0,201,201,False
A,73,5.841931652675324,5.841931652675324,0.0,u,u,5.0,5.0,201,201,False
A,74,6.231806800175408,6.231806800175408,0.0,u,u,5.0,5.0,237,237,False
A,75,5.233735198015446,5.233735198015446,0.0,u,u,5.0,5.0,117,117,False
A,76,4.8986578391379085,4.8986578391379085,0.0,u,u,5.0,5.0,48,48,False
A,77,5.912205620736639,5.912205620736639,0.0,u,u,5.0,5.0,159,159,False
A,78,6.066800678219529,6.066800678219529,0.0,u,u,5.0,5.0,241,241,False
A,79,6.058259046671931,6.058259046671931,0.0,u,u,5.0,5.0,241,241,False
A,80,6.052306729937273,6.052306729937273,0.0,u,u,5.0,5.0,241,241,False
A,81,6.364568587539287,6.364568587539287,0.0,u,u,5.0,5.0,248,248,False
A,82,6.23044959711415,6.23044959711415,0.0,u,u,5.0,5.0,233,233,False
A,83,6.229556729937274,6.229556729937274,0.0,u,u,5.0,5.0,233,233,False
A,84,6.230062697369255,6.230062697369255,0.0,u,u,5.0,5.0,233,233,False
A,85,5.798151977063129,5.798151977063129,0.0,u,u,5.0,5.0,158,158,False
A,86,5.000962710248601,5.000962710248601,0.0,u,u,5.0,5.0,172,172,False
A,87,5.003522272187398,5.003522272187398,0.0,u,u,5.0,5.0,172,172,False
A,88,5.004444920333673,5.004444920333673,0.0,u,u,5.0,5.0,172,172,False
A,89,6.082372097760341,6.082372097760341,0.0,u,u,5.0,5.0,242,242,False
A,90,5.96384235191001,5.96384235191001,0.0,u,u,5.0,5.0,219,219,False
A,91,6.393187648202559,6.393187648202559,0.0,u,u,5.0,5.0,259,259,False
A,92,6.228401906824994,6.228401906824994,0.0,u,u,5.0,5.0,244,244,False
A,93,5.476764993032478,5.476764993032478,0.0,u,u,5.0,5.0,151,151,False
A,94,5.479401906824994,5.479401906824994,0.0,u,u,5.0,5.0,151,151,False
A,95,5.386598319341984,5.386598319341984,0.0,u,u,5.0,5.0,128,128,False
A,96,5.3921518576583,5.3921518576583,0.0,u,u,5.0,5.0,128,128,False
A,97,5.674681736961087,5.674681736961087,0.0,u,u,5.0,5.0,196,196,False
A,98,5.676782874256976,5.6767828742569755,-8.881784197001252e-16,u,u,5.0,5.0,196,196,False
A,99,5.677901913848808,5.677901913848808,0.0,u,u,5.0,5.0,196,196,False
A,100,5.6770864828114185,5.6770864828114185,0.0,u,u,5.0,5.0,196,196,False
A,101,4.774447215749205,4.774447215749205,0.0,u,u,5.0,5.0,104,104,False
A,102,5.846056743984902,5.846056743984902,0.0,u,u,5.0,5.0,163,163,False
A,103,5.84653290235223,5.84653290235223,0.0,u,u,5.0,5.0,163,163,False
A,104,5.845818608610728,5.845818608610728,0.0,u,u,5.0,5.0,163,163,False
A,105,6.5095864617399775,6.5095864617399775,0.0,u,u,5.0,5.0,268,268,False
A,106,6.302407909376043,6.302407909376043,0.0,u,u,5.0,5.0,247,247,False
A,107,5.146616165447427,5.146616165447427,0.0,u,u,5.0,5.0,106,106,False
A,108,5.153747139903223,5.153747139903223,0.0,u,u,5.0,5.0,106,106,False
A,109,5.158854244631091,5.158854244631091,0.0,u,u,5.0,5.0,106,106,False
A,110,5.160747139903223,5.160747139903223,0.0,u,u,5.0,5.0,106,106,False
A,111,6.138651934920248,6.138651934920248,0.0,u,u,5.0,5.0,212,212,False
A,112,6.14737225228424,6.14737225228424,0.0,u,u,5.0,5.0,212,212,False
A,113,5.949675811671987,5.949675811671987,0.0,u,u,5.0,5.0,247,247,False
A,114,5.946223410651568,5.946223410651568,0.0,u,u,5.0,5.0,247,247,False
A,115,6.113884109886253,6.113884109886253,0.0,u,u,5.0,5.0,191,191,False
A,116,6.0270090677433705,6.0270090677433705,0.0,u,u,5.0,5.0,188,188,False
A,117,6.02093762713112,6.0209376271311195,-8.881784197001252e-16,u,u,5.0,5.0,188,188,False
A,118,5.525241144375987,5.525241144375987,0.0,u,u,5.0,5.0,208,208,False
A,119,5.530616165447428,5.5306161654474275,-8.881784197001252e-16,u,u,5.0,5.0,208,208,False
A,120,5.535931652675325,5.535931652675325,0.0,u,u,5.0,5.0,208,208,False
A,121,5.5373483052943655,5.5373483052943655,0.0,u,u,5.0,5.0,208,208,False
A,122,5.946860296348835,5.946860296348835,0.0,u,u,5.0,5.0,241,241,False
A,123,5.946889993032472,5.946889993032472,0.0,u,u,5.0,5.0,241,241,False
A,124,5.946979251654906,5.946979251654906,0.0,u,u,5.0,5.0,241,241,False
A,125,6.182026984086943,6.182026984086943,0.0,u,u,5.0,5.0,210,210,False
A,126,4.913598305294364,4.913598305294364,0.0,u,u,5.0,5.0,48,48,False
A,127,4.91441973185899,4.91441973185899,0.0,u,u,5.0,5.0,48,48,False
A,128,5.217449498780761,5.217449498780761,0.0,u,u,5.0,5.0,140,140,False
A,129,5.225354328916855,5.225354328916855,0.0,u,u,5.0,5.0,140,140,False
A,130,6.149884159052947,6.149884159052947,0.0,u,u,5.0,5.0,226,226,False
A,131,6.153277026229824,6.153277026229824,0.0,u,u,5.0,5.0,226,226,False
A,132,6.053967358933823,6.053967358933823,0.0,u,u,5.0,5.0,239,239,False
A,133,6.049354286773973,6.049354286773973,0.0,u,u,5.0,5.0,239,239,False
A,134,5.925354364035922,5.925354364035922,0.0,u,u,5.0,5.0,150,150,False
A,135,5.813336426620911,5.813336426620911,0.0,u,u,5.0,5.0,189,189,False
A,136,5.035794738882803,5.035794738882803,0.0,u,u,5.0,5.0,78,78,False
A,137,5.036854244631091,5.036854244631091,0.0,u,u,5.0,5.0,78,78,False
A,138,5.037169731858989,5.037169731858989,0.0,u,u,5.0,5.0,78,78,False
A,139,5.037038785498449,5.037038785498449,0.0,u,u,5.0,5.0,78,78,False
A,140,5.328443580515474,5.328443580515474,0.0,u,u,5.0,5.0,163,163,False
A,141,5.325812606059679,5.325812606059679,0.0,u,u,5.0,5.0,163,163,False
A,142,5.139753093287577,5.139753093287577,0.0,u,u,5.0,5.0,104,104,False
A,143,3.489738728026162,3.489738728026162,0.0,u,u,5.0,5.0,237,237,False
A,144,3.4906613480771838,3.4906613480771833,-4.440892098500626e-16,u,u,5.0,5.0,237,237,False
A,145,5.101855493139714,5.101855493139714,0.0,u,u,5.0,5.0,242,242,False
A,146,6.275443601586915,6.275443601586915,0.0,u,u,5.0,5.0,227,227,False
A,147,5.903431715889647,5.903431715889647,0.0,u,u,5.0,5.0,196,196,False
A,148,5.752800783576733,5.752800783576733,0.0,u,u,5.0,5.0,94,94,False
A,149,5.749437725464509,5.749437725464509,0.0,u,u,5.0,5.0,94,94,False
A,150,2.9164910607477093,2.9164910607477093,0.0,u,u,5.0,5.0,134,134,False
A,151,5.740068559444033,5.740068559444033,0.0,u,u,5.0,5.0,243,243,False
A,152,5.7465744987807605,5.7465744987807605,0.0,u,u,5.0,5.0,243,243,False
A,153,5.7537352261107,5.7537352261107,0.0,u,u,5.0,5.0,243,243,False
A,154,5.762532839137907,5.762532839137907,0.0,u,u,5.0,5.0,243,243,False
A,155,5.422687613083493,5.422687613083493,0.0,u,u,5.0,5.0,161,161,False
A,156,4.6683426305311375,4.6683426305311375,0.0,u,u,5.0,5.0,192,192,False
A,157,4.665009297197804,4.665009297197804,0.0,u,u,5.0,5.0,192,192,False
A,158,5.767259067743372,5.767259067743372,0.0,u,u,5.0,5.0,116,116,False
A,159,5.770592485362467,5.770592485362467,0.0,u,u,5.0,5.0,116,116,False
A,160,5.478810142594111,5.478810142594111,0.0,u,u,5.0,5.0,68,68,False
A,161,5.477500622798202,5.477500622798202,0.0,u,u,5.0,5.0,68,68,False
A,162,4.718975049168126,4.718975049168126,0.0,u,u,5.0,5.0,117,117,False
A,163,5.743294837216193,5.743294837216193,0.0,u,u,5.0,5.0,139,139,False
A,164,5.00088402560049,5.00088402560049,0.0,u,u,5.0,5.0,80,80,False
A,165,5.701663813593704,5.7016638135937034,-8.881784197001252e-16,u,u,5.0,5.0,116,116,False
A,166,5.70255668077058,5.70255668077058,0.0,u,u,5.0,5.0,116,116,False
A,167,5.745919781025684,5.745919781025684,0.0,u,u,5.0,5.0,217,217,False
A,168,5.749568517301152,5.749568517301152,0.0,u,u,5.0,5.0,217,217,False
A,169,5.752592302743315,5.752592302743315,0.0,u,u,5.0,5.0,217,217,False
A,170,5.754157804018839,5.754157804018839,0.0,u,u,5.0,5.0,217,217,False
A,171,5.757092358933823,5.757092358933823,0.0,u,u,5.0,5.0,217,217,False
A,172,5.756753086263762,5.756753086263762,0.0,u,u,5.0,5.0,217,217,False
A,173,5.759241179495055,5.759241179495055,0.0,u,u,5.0,5.0,217,217,False
A,174,5.764378037097068,5.764378037097068,0.0,u,u,5.0,5.0,217,217,False
A,175,5.767699491756947,5.767699491756947,0.0,u,u,5.0,5.0,217,217,False
A,176,5.770276899801179,5.770276899801179,0.0,u,u,5.0,5.0,217,217,False
A,177,6.0743006922671565,6.0743006922671565,0.0,u,u,5.0,5.0,268,268,False
A,178,5.84947927975016,5.84947927975016,0.0,u,u,5.0,5.0,163,163,False
A,179,6.11683644769235,6.11683644769235,0.0,u,u,5.0,5.0,234,234,False
A,180,6.31073524718214,6.31073524718214,0.0,u,u,5.0,5.0,245,245,False
A,181,6.30808642662091,6.30808642662091,0.0,u,u,5.0,5.0,245,245,False
A,182,4.957634053695745,4.957634053695745,0.0,u,u,5.0,5.0,54,54,False
A,183,5.28847927975016,5.28847927975016,0.0,u,u,5.0,5.0,116,116,False
A,184,5.291116193542682,5.291116193542682,0.0,u,u,5.0,5.0,116,116,False
A,185,5.794586391501842,5.794586391501842,0.0,u,u,5.0,5.0,267,267,False
A,186,5.82040192087262,5.82040192087262,0.0,u,u,5.0,5.0,239,239,False
A,187,5.617497083712713,5.617497083712713,0.0,u,u,5.0,5.0,202,202,False
A,188,5.621860198015446,5.621860198015446,0.0,u,u,5.0,5.0,202,202,False
A,189,5.626967302743315,5.626967302743315,0.0,u,u,5.0,5.0,202,202,False
A,190,6.191473473865889,6.191473473865889,0.0,u,u,5.0,5.0,228,228,False
A,191,5.236384109886253,5.236384109886253,0.0,u,u,5.0,5.0,88,88,False
A,192,5.238574590090337,5.238574590090337,0.0,u,u,5.0,5.0,88,88,False
A,193,5.238592408100518,5.238592408100518,0.0,u,u,5.0,5.0,88,88,False
A,194,5.539360169920192,5.539360169920192,0.0,u,u,5.0,5.0,170,170,False
A,195,5.540806603508631,5.5408066035086305,-8.881784197001252e-16,u,u,5.0,5.0,170,170,False
A,196,5.541717344886197,5.541717344886197,0.0,u,u,5.0,5.0,170,170,False
A,197,5.401461468763792,5.401461468763792,0.0,u,u,5.0,5.0,133,133,False
A,198,5.342634046671931,5.342634046671931,0.0,u,u,5.0,5.0,113,113,False
A,199,6.063241284852257,6.063241284852257,0.0,u,u,5.0,5.0,233,233,False
A,200,6.071336510906672,6.071336510906672,0.0,u,u,5.0,5.0,233,233,False
A,201,5.505217358933823,5.505217358933823,0.0,u,u,5.0,5.0,188,188,False
A,202,5.381883990481423,5.381883990481423,0.0,u,u,5.0,5.0,165,165,False
A,203,5.294729293797786,5.294729293797786,0.0,u,u,5.0,5.0,140,140,False
A,204,5.292455494307996,5.292455494307996,0.0,u,u,5.0,5.0,140,140,False
A,205,5.291401871705927,5.291401871705927,0.0,u,u,5.0,5.0,140,140,False
A,206,6.245717506433908,6.245717506433908,0.0,u,u,5.0,5.0,244,244,False
A,207,4.666248993828004,4.666248993828004,0.0,u,u,5.0,5.0,223,223,False
A,208,4.910449442590253,4.910449442590253,0.0,u,u,5.0,5.0,48,48,False
A,209,4.8914852050392605,4.8914852050392605,0.0,u,u,5.0,5.0,48,48,False
A,210,5.90316382764133,5.90316382764133,0.0,u,u,5.0,5.0,238,238,False
A,211,5.950264964937218,5.950264964937218,0.0,u,u,5.0,5.0,222,222,False
A,212,5.95687215395085,5.95687215395085,0.0,u,u,5.0,5.0,222,222,False
A,213,5.961931631603885,5.961931631603885,0.0,u,u,5.0,5.0,222,222,False
A,214,5.9622293008216,5.9622293008216,0.0,u,u,5.0,5.0,222,222,False
A,215,5.961306708865834,5.961306708865834,0.0,u,u,5.0,5.0,222,222,False
A,216,5.997044795073311,5.997044795073311,0.0,u,u,5.0,5.0,203,203,False
A,217,5.997610296348835,5.997610296348835,0.0,u,u,5.0,5.0,203,203,False
A,218,6.001509074767185,6.001509074767185,0.0,u,u,5.0,5.0,203,203,False
A,219,6.006925727386225,6.006925727386225,0.0,u,u,5.0,5.0,203,203,False
A,220,5.168336384478029,5.168336384478029,0.0,u,u,5.0,5.0,112,112,False
A,221,5.164931638627698,5.164931638627698,0.0,u,u,5.0,5.0,112,112,False
A,222,3.254702396569166,3.254702396569166,0.0,u,u,5.0,5.0,232,232,False
A,223,3.2575297624705137,3.2575297624705137,0.0,u,u,5.0,5.0,232,232,False
A,224,3.261785743950122,3.261785743950122,0.0,u,u,5.0,5.0,232,232,False
A,225,5.944473403627754,5.944473403627754,0.0,u,u,5.0,5.0,242,242,False
A,226,6.180527068372705,6.180527068372705,0.0,u,u,5.0,5.0,216,216,False
A,227,6.1818960377264025,6.1818960377264025,0.0,u,u,5.0,5.0,216,216,False
A,228,6.181777026229824,6.181777026229824,0.0,u,u,5.0,5.0,216,216,False
A,229,5.4071698301923785,5.4071698301923785,0.0,u,u,5.0,5.0,172,172,False
A,230,5.533181645651512,5.533181645651512,0.0,u,u,5.0,5.0,32,32,False
A,231,5.533032853185535,5.533032853185535,0.0,u,u,5.0,5.0,32,32,False
A,232,5.475893518070325,5.475893518070325,0.0,u,u,5.0,5.0,68,68,False
A,233,2.969077417640603,2.969077417640603,0.0,u,u,5.0,5.0,62,62,False
A,234,2.9691667043582908,2.9691667043582908,0.0,u,u,5.0,5.0,62,62,False
A,235,2.9714583780487707,2.9714583780487707,0.0,u,u,5.0,5.0,62,62,False
A,236,2.9729762241542077,2.9729762241542073,-4.440892098500626e-16,u,u,5.0,5.0,62,62,False
A,237,2.972916690310664,2.972916690310664,0.0,u,u,5.0,5.0,62,62,False
A,238,2.9708929048685,2.9708929048685,0.0,u,u,5.0,5.0,62,62,False
A,239,2.966220270769852,2.966220270769852,0.0,u,u,5.0,5.0,62,62,False
A,240,2.963958378048771,2.963958378048771,0.0,u,u,5.0,5.0,62,62,False
A,241,6.21508052240325,6.21508052240325,0.0,u,u,5.0,5.0,232,232,False
A,242,6.211419795073311,6.2114197950733105,-8.881784197001252e-16,u,u,5.0,5.0,232,232,False
A,243,6.209276941944061,6.209276941944061,0.0,u,u,5.0,5.0,232,232,False
A,244,6.20844355242022,6.20844355242022,0.0,u,u,5.0,5.0,232,232,False
A,245,5.680586461739979,5.680586461739979,0.0,u,u,5.0,5.0,106,106,False
A,246,6.205782846161721,6.205782846161721,0.0,u,u,5.0,5.0,239,239,False
A,247,6.20450307923995,6.20450307923995,0.0,u,u,5.0,5.0,239,239,False
A,248,5.749925769529106,5.749925769529106,0.0,u,u,5.0,5.0,153,153,False
A,249,5.630437577964425,5.630437577964425,0.0,u,u,5.0,5.0,202,202,False
A,250,5.383211412573283,5.383211412573283,0.0,u,u,5.0,5.0,165,165,False
A,251,5.39806853134878,5.3980685313487795,-8.881784197001252e-16,u,u,5.0,5.0,163,163,False
A,252,5.404991179495054,5.404991179495054,0.0,u,u,5.0,5.0,163,163,False
A,253,5.411645967488267,5.411645967488267,0.0,u,u,5.0,5.0,163,163,False
A,254,5.417794759954244,5.417794759954244,0.0,u,u,5.0,5.0,163,163,False
A,255,5.82142577655292,5.82142577655292,0.0,u,u,5.0,5.0,128,128,False
A,256,2.787026781053835,2.787026781053835,0.0,u,u,5.0,5.0,52,52,False
A,257,2.791223200594646,2.791223200594646,0.0,u,u,5.0,5.0,52,52,False
A,258,4.516299837136427,4.516299837136427,0.0,u,u,5.0,5.0,30,30,False
A,259,4.521448629602404,4.5214486296024035,-8.881784197001252e-16,u,u,5.0,5.0,30,30,False
A,260,6.3523900000562845,6.3523900000562845,0.0,u,u,5.0,5.0,232,232,False
A,261,6.350961440668535,6.350961440668535,0.0,u,u,5.0,5.0,232,232,False
A,262,6.345009095838625,6.345009095838625,0.0,u,u,5.0,5.0,232,232,False
A,263,6.33801509136586,6.33801509136586,0.0,u,u,5.0,5.0,232,232,False
A,264,6.328282979614178,6.328282979614178,0.0,u,u,5.0,5.0,232,232,False
A,265,6.008836412573282,6.008836412573282,0.0,u,u,5.0,5.0,240,240,False
A,266,5.802955452165115,5.802955452165115,0.0,u,u,5.0,5.0,204,204,False
A,267,5.808985205039259,5.808985205039259,0.0,u,u,5.0,5.0,204,204,False
A,268,5.814062613083492,5.814062613083492,0.0,u,u,5.0,5.0,204,204,False
A,269,5.853509088814813,5.853509088814813,0.0,u,u,5.0,5.0,185,185,False
A,270,5.857943615634542,5.857943615634542,0.0,u,u,5.0,5.0,185,185,False
A,271,5.858092408100519,5.858092408100519,0.0,u,u,5.0,5.0,185,185,False
A,272,5.860443615634543,5.8604436156345425,-8.881784197001252e-16,u,u,5.0,5.0,185,185,False
A,273,6.3536222382366105,6.3536222382366105,0.0,u,u,5.0,5.0,256,256,False
A,274,6.356211496859045,6.356211496859045,0.0,u,u,5.0,5.0,256,256,False
A,275,6.356181715889646,6.356181715889646,0.0,u,u,5.0,5.0,256,256,False
A,276,5.535776941944062,5.535776941944062,0.0,u,u,5.0,5.0,30,30,False
A,277,5.536104307845413,5.536104307845413,0.0,u,u,5.0,5.0,30,30,False
A,278,2.6721160396762684,2.6721160396762684,0.0,u,u,5.0,5.0,0,0,False
A,279,2.6721160396762684,2.6721160396762684,0.0,u,u,5.0,5.0,0,0,False
A,280,6.010473319341991,6.010473319341991,0.0,u,u,5.0,5.0,162,162,False
A,281,6.00377689980118,6.00377689980118,0.0,u,u,5.0,5.0,162,162,False
A,282,5.996485198015446,5.996485198015446,0.0,u,u,5.0,5.0,162,162,False
A,283,5.991366130328361,5.991366130328361,0.0,u,u,5.0,5.0,162,162,False
A,284,5.162681659699139,5.162681659699139,0.0,u,u,5.0,5.0,97,97,False
A,285,5.166598312318178,5.166598312318178,0.0,u,u,5.0,5.0,97,97,False
A,286,5.081604328916854,5.081604328916854,0.0,u,u,5.0,5.0,96,96,False
A,287,6.577294809120937,6.577294809120937,0.0,u,u,5.0,5.0,257,257,False
A,288,5.4400030370970685,5.4400030370970685,0.0,u,u,5.0,5.0,188,188,False
A,289,5.588300727386224,5.588300727386224,0.0,u,u,5.0,5.0,157,157,False
A,290,5.991193566467847,5.991193566467847,0.0,u,u,5.0,5.0,221,221,False
A,291,5.890080438117487,5.890080438117487,0.0,u,u,5.0,5.0,211,211,False
A,292,4.891425671195717,4.891425671195717,0.0,u,u,5.0,5.0,48,48,False
A,293,4.906461377454216,4.906461377454216,0.0,u,u,5.0,5.0,48,48,False
A,294,4.908979251654905,4.908979251654905,0.0,u,u,5.0,5.0,48,48,False
A,295,4.964259088814813,4.964259088814813,0.0,u,u,5.0,5.0,54,54,False
A,296,5.647217323814755,5.647217323814755,0.0,u,u,5.0,5.0,183,183,False
A,297,5.647026843610671,5.647026843610671,0.0,u,u,5.0,5.0,183,183,False
A,298,5.646330424069861,5.646330424069861,0.0,u,u,5.0,5.0,183,183,False
A,299,5.5568067088658335,5.5568067088658335,0.0,u,u,5.0,5.0,159,159,False
A,300,6.385384116910066,6.385384116910066,0.0,u,u,5.0,5.0,226,226,False
A,301,6.546217499410093,6.546217499410093,0.0,u,u,5.0,5.0,273,273,False
A,302,6.550711560073366,6.550711560073366,0.0,u,u,5.0,5.0,273,273,False
A,303,6.5493127254645085,6.5493127254645085,0.0,u,u,5.0,5.0,273,273,False
A,304,5.212973382556314,5.212973382556314,0.0,u,u,5.0,5.0,52,52,False
A,305,4.960098298270552,4.960098298270552,0.0,u,u,5.0,5.0,51,51,False
A,306,5.048139950889591,5.048139950889591,0.0,u,u,5.0,5.0,52,52,False
A,307,5.050955438117488,5.050955438117488,0.0,u,u,5.0,5.0,52,52,False
A,308,5.440949505804574,5.440949505804574,0.0,u,u,5.0,5.0,197,197,False
A,309,5.681770967488266,5.681770967488266,0.0,u,u,5.0,5.0,288,288,False
A,310,5.693604244631091,5.693604244631091,0.0,u,u,5.0,5.0,288,288,False
A,311,5.704068524324965,5.704068524324965,0.0,u,u,5.0,5.0,288,288,False
A,312,5.743521002607334,5.743521002607334,0.0,u,u,5.0,5.0,92,92,False
A,313,5.744443678848865,5.744443678848865,0.0,u,u,5.0,5.0,92,92,False
A,314,5.750038961093788,5.750038961093788,0.0,u,u,5.0,5.0,92,92,False
A,315,5.988300762505292,5.9883007625052915,-8.881784197001252e-16,u,u,5.0,5.0,161,161,False
A,316,5.258895995583521,5.258895995583521,0.0,u,u,5.0,5.0,91,91,False
A,317,5.0049494847331335,5.0049494847331335,0.0,u,u,5.0,5.0,80,80,False
A,318,5.19099717502229,5.19099717502229,0.0,u,u,5.0,5.0,119,119,False
A,319,5.361800734410039,5.361800734410039,0.0,u,u,5.0,5.0,120,120,False
A,320,5.105509032624305,5.105509032624305,0.0,u,u,5.0,5.0,108,108,False
A,321,5.106895876178691,5.106895876178691,0.0,u,u,5.0,5.0,108,108,False
A,322,5.321276850634486,5.321276850634486,0.0,u,u,5.0,5.0,140,140,False
A,323,5.980038834665143,5.980038834665143,0.0,u,u,5.0,5.0,184,184,False
A,324,3.4632208538254714,3.4632208538254714,0.0,u,u,5.0,5.0,219,219,False
A,325,3.463250606699616,3.463250606699616,0.0,u,u,5.0,5.0,219,219,False
A,326,6.153818643729796,6.153818643729796,0.0,u,u,5.0,5.0,230,230,False
A,327,6.0766460728454685,6.0766460728454685,0.0,u,u,5.0,5.0,237,237,False
A,328,5.751485275277395,5.751485275277395,0.0,u,u,5.0,5.0,133,133,False
A,329,5.749491214614123,5.749491214614123,0.0,u,u,5.0,5.0,133,133,False
A,330,6.261270967488266,6.261270967488266,0.0,u,u,5.0,5.0,243,243,False
A,331,5.274015014103913,5.274015014103913,0.0,u,u,5.0,5.0,152,152,False
A,332,5.086687599035866,5.086687599035866,0.0,u,u,5.0,5.0,75,75,False
A,333,5.703646065821657,5.703646065821657,0.0,u,u,5.0,5.0,114,114,False
A,334,6.094122132879408,6.094122132879408,0.0,u,u,5.0,5.0,223,223,False
A,335,6.0940625990358654,6.0940625990358654,0.0,u,u,5.0,5.0,223,223,False
A,336,6.096265014103912,6.096265014103912,0.0,u,u,5.0,5.0,223,223,False
A,337,6.285128191620966,6.285128191620966,0.0,u,u,5.0,5.0,226,226,False
A,338,6.427729300821599,6.427729300821599,0.0,u,u,5.0,5.0,258,258,False
A,339,6.426241235685562,6.426241235685562,0.0,u,u,5.0,5.0,258,258,False
A,340,6.4209733755324985,6.4209733755324985,0.0,u,u,5.0,5.0,258,258,False
A,341,5.6465150913658615,5.6465150913658615,0.0,u,u,5.0,5.0,76,76,False
A,342,4.696537803939074,4.696537803939074,0.0,u,u,5.0,5.0,126,126,False
A,343,4.690258065112556,4.690258065112556,0.0,u,u,5.0,5.0,126,126,False
A,344,4.684037916320091,4.684037916320091,0.0,u,u,5.0,5.0,126,126,False
A,345,6.123830522403249,6.123830522403249,0.0,u,u,5.0,5.0,218,218,False
A,346,5.95527099558352,5.95527099558352,0.0,u,u,5.0,5.0,187,187,False
A,347,6.315973375532499,6.315973375532499,0.0,u,u,5.0,5.0,230,230,False
A,348,6.281526885753552,6.281526885753552,0.0,u,u,5.0,5.0,232,232,False
A,349,5.302009060719559,5.302009060719559,0.0,u,u,5.0,5.0,112,112,False
A,350,5.306074561995083,5.306074561995083,0.0,u,u,5.0,5.0,112,112,False
A,351,5.208699604137964,5.208699604137964,0.0,u,u,5.0,5.0,85,85,False
A,352,5.060866193542682,5.060866193542682,0.0,u,u,5.0,5.0,84,84,False
A,353,5.39642575548148,5.39642575548148,0.0,u,u,5.0,5.0,138,138,False
A,354,5.396949512828389,5.396949512828389,0.0,u,u,5.0,5.0,138,138,False
A,355,5.395866137352174,5.395866137352174,0.0,u,u,5.0,5.0,138,138,False
A,356,5.393324477709321,5.393324477709321,0.0,u,u,5.0,5.0,138,138,False
A,357,5.782157937471298,5.782157937471298,0.0,u,u,5.0,5.0,135,135,False
A,358,3.073770393823656,3.0737703938236556,-4.440892098500626e-16,u,u,5.0,5.0,173,173,False
A,359,3.0775799698100847,3.0775799698100847,0.0,u,u,5.0,5.0,173,173,False
A,360,3.0798716154053034,3.0798716154053034,0.0,u,u,5.0,5.0,173,173,False
A,361,6.207586363406588,6.2075863634065875,-8.881784197001252e-16,u,u,5.0,5.0,222,222,False
A,362,6.129461475787603,6.129461475787603,0.0,u,u,5.0,5.0,227,227,False
A,363,5.331788827641329,5.331788827641329,0.0,u,u,5.0,5.0,160,160,False
A,364,5.332437577964424,5.332437577964424,0.0,u,u,5.0,5.0,156,156,False
A,365,5.339003051144696,5.3390030511446955,-8.881784197001252e-16,u,u,5.0,5.0,156,156,False
A,366,5.34265189980118,5.34265189980118,0.0,u,u,5.0,5.0,156,156,False
A,367,6.100765007080098,6.100765007080098,0.0,u,u,5.0,5.0,208,208,False
A,368,6.103294816144751,6.103294816144751,0.0,u,u,5.0,5.0,208,208,False
A,369,5.165950787826301,5.165950787826301,0.0,u,u,5.0,5.0,241,241,False
A,370,5.168897221414744,5.168897221414744,0.0,u,u,5.0,5.0,241,241,False
A,371,6.044532916399856,6.044532916399856,0.0,u,u,5.0,5.0,209,209,False
A,372,6.162592520481534,6.162592520481534,0.0,u,u,5.0,5.0,221,221,False
A,373,6.161163904903278,6.161163904903278,0.0,u,u,5.0,5.0,221,221,False
A,374,5.360854258678718,5.360854258678718,0.0,u,u,5.0,5.0,162,162,False
A,375,5.366348291246737,5.366348291246737,0.0,u,u,5.0,5.0,162,162,False
A,376,5.369967358933823,5.369967358933823,0.0,u,u,5.0,5.0,162,162,False
A,377,5.372187620107306,5.372187620107306,0.0,u,u,5.0,5.0,162,162,False
A,378,5.9526637925222605,5.9526637925222605,0.0,u,u,5.0,5.0,245,245,False
A,379,5.949181610532442,5.949181610532442,0.0,u,u,5.0,5.0,245,245,False
A,380,5.945997153950848,5.945997153950848,0.0,u,u,5.0,5.0,245,245,False
A,381,6.076461398525655,6.076461398525655,0.0,u,u,5.0,5.0,218,218,False
A,382,5.218199456637881,5.218199456637881,0.0,u,u,5.0,5.0,132,132,False
A,383,5.225509004529051,5.225509004529051,0.0,u,u,5.0,5.0,132,132,False
A,384,5.146169731858989,5.146169731858989,0.0,u,u,5.0,5.0,108,108,False
A,385,5.14231855242022,5.14231855242022,0.0,u,u,5.0,5.0,108,108,False
A,386,6.142384074767184,6.142384074767184,0.0,u,u,5.0,5.0,234,234,False
A,387,6.139169809120937,6.139169809120937,0.0,u,u,5.0,5.0,234,234,False
A,388,5.95500904667193,5.95500904667193,0.0,u,u,5.0,5.0,241,241,False
A,389,5.95667574143385,5.95667574143385,0.0,u,u,5.0,5.0,241,241,False
A,390,5.971693608610728,5.971693608610728,0.0,u,u,5.0,5.0,200,200,False
A,391,5.9392888838318365,5.9392888838318365,0.0,u,u,5.0,5.0,225,225,False
A,392,5.109514978984845,5.109514978984845,0.0,u,u,5.0,5.0,109,109,False
A,393,5.115425664171903,5.115425664171903,0.0,u,u,5.0,5.0,109,109,False
A,394,5.1204732912467374,5.1204732912467374,0.0,u,u,5.0,5.0,109,109,False
A,395,5.124300685243344,5.124300685243344,0.0,u,u,5.0,5.0,109,109,False
A,396,5.008848326365806,5.008848326365806,0.0,u,u,5.0,5.0,79,79,False
A,397,5.009074498780761,5.009074498780761,0.0,u,u,5.0,5.0,79,79,False
A,398,4.911134011552863,4.911134011552863,0.0,u,u,5.0,5.0,48,48,False
A,399,5.895097680365575,5.895097680365575,0.0,u,u,5.0,5.0,238,238,False
A,400,5.893044085858762,5.893044085858762,0.0,u,u,5.0,5.0,238,238,False
A,401,5.95880069929097,5.95880069929097,0.0,u,u,5.0,5.0,242,242,False
A,402,6.461187725464509,6.461187725464509,0.0,u,u,5.0,5.0,240,240,False
A,403,5.966854392131176,5.966854392131176,0.0,u,u,5.0,5.0,168,168,False
A,404,5.630515070294421,5.630515070294421,0.0,u,u,5.0,5.0,83,83,False
A,405,5.631259145005321,5.631259145005321,0.0,u,u,5.0,5.0,83,83,False
A,406,5.715193657777424,5.715193657777424,0.0,u,u,5.0,5.0,105,105,False
A,407,5.574264950889591,5.5742649508895905,-8.881784197001252e-16,u,u,5.0,5.0,195,195,False
A,408,5.581336391501842,5.581336391501842,0.0,u,u,5.0,5.0,195,195,False
A,409,5.588110275277395,5.588110275277395,0.0,u,u,5.0,5.0,195,195,False
A,410,5.594586461739977,5.594586461739977,0.0,u,u,5.0,5.0,195,195,False
A,411,5.437181645651511,5.437181645651511,0.0,u,u,5.0,5.0,165,165,False
A,412,5.83786613032836,5.83786613032836,0.0,u,u,5.0,5.0,208,208,False
A,413,5.839026885753553,5.839026885753553,0.0,u,u,5.0,5.0,208,208,False
A,414,5.804015049222981,5.804015049222981,0.0,u,u,5.0,5.0,152,152,False
A,415,5.807556736961088,5.807556736961088,0.0,u,u,5.0,5.0,152,152,False
A,416,5.725675706314784,5.725675706314784,0.0,u,u,5.0,5.0,126,126,False
A,417,5.723949561995083,5.723949561995083,0.0,u,u,5.0,5.0,126,126,False
A,418,2.945062501359961,2.945062501359961,0.0,u,u,5.0,5.0,152,152,False
A,419,5.781687620107307,5.781687620107307,0.0,u,u,5.0,5.0,171,171,False
A,420,5.097735190991633,5.097735190991633,0.0,u,u,5.0,5.0,112,112,False
A,421,5.771336447692351,5.7713364476923505,-8.881784197001252e-16,u,u,5.0,5.0,110,110,False
A,422,5.766485268253581,5.766485268253581,0.0,u,u,5.0,5.0,110,110,False
A,423,5.651741221637936,5.651741221637936,0.0,u,u,5.0,5.0,195,195,False
A,424,5.660955459188928,5.660955459188928,0.0,u,u,5.0,5.0,195,195,False
A,425,5.666270918321572,5.666270918321572,0.0,u,u,5.0,5.0,195,195,False
A,426,5.668878079239949,5.668878079239949,0.0,u,u,5.0,5.0,195,195,False
A,427,5.673092344886196,5.673092344886196,0.0,u,u,5.0,5.0,195,195,False
A,428,5.67796142662091,5.67796142662091,0.0,u,u,5.0,5.0,195,195,False
A,429,5.6848542376072775,5.6848542376072775,0.0,u,u,5.0,5.0,195,195,False
A,430,5.689961370430401,5.689961370430401,0.0,u,u,5.0,5.0,195,195,False
A,431,5.69387802304944,5.69387802304944,0.0,u,u,5.0,5.0,195,195,False
A,432,5.696693566467847,5.696693566467847,0.0,u,u,5.0,5.0,195,195,False
A,433,5.843634067743372,5.843634067743372,0.0,u,u,5.0,5.0,214,214,False
A,434,3.0812704781094182,3.0812704781094182,0.0,u,u,5.0,5.0,173,173,False
A,435,6.082253100311389,6.082253100311389,0.0,u,u,5.0,5.0,236,236,False
A,436,6.389812683321627,6.389812683321627,0.0,u,u,5.0,5.0,257,257,False
A,437,6.391419816144751,6.391419816144751,0.0,u,u,5.0,5.0,257,257,False
A,438,5.17971733083857,5.17971733083857,0.0,u,u,5.0,5.0,80,80,False
A,439,5.267175664171903,5.267175664171903,0.0,u,u,5.0,5.0,107,107,False
A,440,5.2649911513998005,5.2649911513998005,0.0,u,u,5.0,5.0,107,107,False
A,441,5.679235212063072,5.679235212063072,0.0,u,u,5.0,5.0,211,211,False
A,442,5.67934237298145,5.67934237298145,0.0,u,u,5.0,5.0,211,211,False
A,443,5.624854307845413,5.624854307845413,0.0,u,u,5.0,5.0,207,207,False
A,444,5.628116200566501,5.628116200566501,0.0,u,u,5.0,5.0,207,207,False
A,445,5.6318542235596505,5.6318542235596505,0.0,u,u,5.0,5.0,207,207,False
A,446,6.242038862760396,6.242038862760396,0.0,u,u,5.0,5.0,246,246,False
A,447,5.155199512828388,5.155199512828388,0.0,u,u,5.0,5.0,106,106,False
A,448,5.153223326365805,5.153223326365805,0.0,u,u,5.0,5.0,106,106,False
A,449,5.157884025600491,5.157884025600491,0.0,u,u,5.0,5.0,106,106,False
A,450,5.56962810031139,5.56962810031139,0.0,u,u,5.0,5.0,178,178,False
A,451,5.575241200566488,5.575241200566488,0.0,u,u,5.0,5.0,178,178,False
A,452,5.574634095838626,5.574634095838626,0.0,u,u,5.0,5.0,178,178,False
A,453,5.386372139903229,5.386372139903229,0.0,u,u,5.0,5.0,129,129,False
A,454,5.546675734410038,5.546675734410038,0.0,u,u,5.0,5.0,155,155,False
A,455,6.048360268253581,6.048360268253581,0.0,u,u,5.0,5.0,239,239,False
A,456,6.042943615634541,6.042943615634541,0.0,u,u,5.0,5.0,239,239,False
A,457,5.453009039648117,5.453009039648117,0.0,u,u,5.0,5.0,177,177,False
A,458,5.300616158423614,5.300616158423614,0.0,u,u,5.0,5.0,139,139,False
A,459,5.099336398525656,5.099336398525656,0.0,u,u,5.0,5.0,112,112,False
A,460,5.102717358933824,5.102717358933824,0.0,u,u,5.0,5.0,112,112,False
A,461,5.198651871705927,5.198651871705927,0.0,u,u,5.0,5.0,112,112,False
A,462,6.096223361484872,6.0962233614848715,-8.881784197001252e-16,u,u,5.0,5.0,232,232,False
A,463,2.8330437729573466,2.8330437729573466,0.0,u,u,5.0,5.0,247,247,False
A,464,5.137235198015446,5.137235198015446,0.0,u,u,5.0,5.0,81,81,False
A,465,5.132514964937218,5.132514964937218,0.0,u,u,5.0,5.0,81,81,False
A,466,4.760098640106002,4.760098640106002,0.0,u,u,5.0,5.0,238,238,False
A,467,5.989640014103912,5.9896400141039114,-8.881784197001252e-16,u,u,5.0,5.0,234,234,False
A,468,5.98987812138283,5.98987812138283,0.0,u,u,5.0,5.0,234,234,False
A,469,5.988419752930429,5.988419752930429,0.0,u,u,5.0,5.0,234,234,False
A,470,5.987675734410037,5.987675734410037,0.0,u,u,5.0,5.0,234,234,False
A,471,5.9858602752773935,5.9858602752773935,0.0,u,u,5.0,5.0,234,234,False
A,472,6.022163834665142,6.022163834665142,0.0,u,u,5.0,5.0,223,223,False
A,473,6.01999117247124,6.01999117247124,0.0,u,u,5.0,5.0,223,223,False
A,474,6.017580459188928,6.0175804591889275,-8.881784197001252e-16,u,u,5.0,5.0,223,223,False
A,475,6.014901857658298,6.014901857658298,0.0,u,u,5.0,5.0,223,223,False
A,476,5.179068566467848,5.179068566467848,0.0,u,u,5.0,5.0,112,112,False
A,477,5.17768760605968,5.1776876060596795,-8.881784197001252e-16,u,u,5.0,5.0,112,112,False
A,478,5.878485155872563,5.878485155872563,0.0,u,u,5.0,5.0,224,224,False
A,479,5.8843482420800415,5.8843482420800415,0.0,u,u,5.0,5.0,224,224,False
A,480,5.888604251654904,5.888604251654904,0.0,u,u,5.0,5.0,224,224,False
A,481,6.067032768899771,6.067032768899771,0.0,u,u,5.0,5.0,252,252,False
A,482,6.174396009631147,6.174396009631147,0.0,u,u,5.0,5.0,236,236,False
A,483,6.169693650753608,6.169693650753608,0.0,u,u,5.0,5.0,236,236,False
A,484,6.171955515379436,6.171955515379436,0.0,u,u,5.0,5.0,236,236,False
A,485,5.5517471047841545,5.5517471047841545,0.0,u,u,5.0,5.0,195,195,False
A,486,5.684009011552864,5.684009011552864,0.0,u,u,5.0,5.0,84,84,False
A,487,5.684276899801181,5.684276899801181,0.0,u,u,5.0,5.0,84,84,False
A,488,5.724782895328416,5.724782895328416,0.0,u,u,5.0,5.0,126,126,False
A,489,5.594134046671931,5.594134046671931,0.0,u,u,5.0,5.0,60,60,False
A,490,5.594610289325022,5.594610289325022,0.0,u,u,5.0,5.0,60,60,False
A,491,5.596128163525712,5.596128163525712,0.0,u,u,5.0,5.0,60,60,False
A,492,5.597110289325022,5.597110289325022,0.0,u,u,5.0,5.0,60,60,False
A,493,5.597378093287577,5.597378093287577,0.0,u,u,5.0,5.0,60,60,False
A,494,5.596693524324966,5.596693524324966,0.0,u,u,5.0,5.0,60,60,False
A,495,5.593925607981395,5.593925607981395,0.0,u,u,5.0,5.0,60,60,False
A,496,5.592705374903166,5.592705374903166,0.0,u,u,5.0,5.0,60,60,False
A,497,6.356717464291026,6.356717464291026,0.0,u,u,5.0,5.0,256,256,False
A,498,6.354872167998476,6.354872167998476,0.0,u,u,5.0,5.0,256,256,False
A,499,6.349961426620909,6.349961426620909,0.0,u,u,5.0,5.0,256,256,False
A,500,6.345973361484872,6.345973361484872,0.0,u,u,5.0,5.0,256,256,False
A,501,4.697006721497494,4.697006721497494,0.0,u,u,5.0,5.0,64,64,False
A,502,6.253312683321626,6.253312683321626,0.0,u,u,5.0,5.0,233,233,False
A,503,6.250961475787603,6.250961475787603,0.0,u,u,5.0,5.0,233,233,False
A,504,4.808349929763295,4.808349929763295,0.0,u,u,5.0,5.0,173,173,False
A,505,5.6366041533215085,5.6366041533215085,0.0,u,u,5.0,5.0,207,207,False
A,506,5.302270918321573,5.302270918321573,0.0,u,u,5.0,5.0,139,139,False
A,507,5.623110317420276,5.623110317420276,0.0,u,u,5.0,5.0,197,197,False
A,508,5.629378121382831,5.629378121382831,0.0,u,u,5.0,5.0,197,197,False
A,509,5.627967380005271,5.627967380005271,0.0,u,u,5.0,5.0,197,197,False
A,510,5.6242352120630725,5.6242352120630725,0.0,u,u,5.0,5.0,197,197,False
A,511,5.810265049222981,5.810265049222981,0.0,u,u,5.0,5.0,154,154,False
R5U,0,5.663747231212799,5.663747231212799,0.0,u,u,5.0,5.0,94,94,False
R5U,1,5.681217534529162,5.6812175345291624,8.881784197001252e-16,u,u,5.0,5.0,94,94,False
R5U,2,5.689586517930485,5.689586517930485,0.0,u,u,5.0,5.0,78,78,False
R5U,3,5.692741305923698,5.692741305923698,0.0,u,u,5.0,5.0,78,78,False
R5U,4,6.334610254205955,6.334610254205955,0.0,u,u,5.0,5.0,235,235,False
R5U,5,6.335711447692351,6.335711447692351,0.0,u,u,5.0,5.0,235,235,False
R5U,6,6.334699569018896,6.334699569018896,0.0,u,u,5.0,5.0,235,235,False
R5U,7,6.331544781025684,6.331544781025684,0.0,u,u,5.0,5.0,235,235,False
R5U,8,6.328509088814812,6.328509088814812,0.0,u,u,5.0,5.0,235,235,False
R5U,9,5.890872160974662,5.890872160974662,0.0,u,u,5.0,5.0,230,230,False
R5U,10,5.711806631603884,5.711806631603884,0.0,u,u,5.0,5.0,208,208,False
R5U,11,5.7159911443759865,5.7159911443759865,0.0,u,u,5.0,5.0,208,208,False
R5U,12,5.720235190991632,5.720235190991632,0.0,u,u,5.0,5.0,208,208,False
R5U,13,3.4626554087404555,3.4626554087404555,0.0,u,u,5.0,5.0,213,213,False
R5U,14,3.4661970402880544,3.4661970402880544,0.0,u,u,5.0,5.0,213,213,False
R5U,15,3.4731911290465813,3.4731911290465813,0.0,u,u,5.0,5.0,213,213,False
R5U,16,3.4776256839615654,3.4776256839615654,0.0,u,u,5.0,5.0,213,213,False
R5U,17,6.22216386978421,6.22216386978421,0.0,u,u,5.0,5.0,232,232,False
R5U,18,6.219901920872621,6.219901920872621,0.0,u,u,5.0,5.0,232,232,False
R5U,19,6.217044830192378,6.217044830192378,0.0,u,u,5.0,5.0,232,232,False
R5U,20,4.5774308115922215,4.5774308115922215,0.0,u,u,5.0,5.0,54,54,False
R5U,21,4.57993072730646,4.57993072730646,0.0,u,u,5.0,5.0,54,54,False
R5U,22,2.7519375224314016,2.7519375224314016,0.0,u,u,5.0,5.0,28,28,False
R5U,23,2.7540506226865062,2.7540506226865062,0.0,u,u,5.0,5.0,28,28,False
R5U,24,5.999223305294365,5.999223305294365,0.0,u,u,5.0,5.0,174,174,False
R5U,25,5.997586419597097,5.997586419597097,0.0,u,u,5.0,5.0,174,174,False
R5U,26,6.000860247182141,6.000860247182141,0.0,u,u,5.0,5.0,174,174,False
R5U,27,6.007080536450878,6.007080536450878,0.0,u,u,5.0,5.0,174,174,False
R5U,28,5.482532881280789,5.482532881280789,0.0,u,u,5.0,5.0,145,145,False
R5U,29,5.3180744425902535,5.3180744425902535,0.0,u,u,5.0,5.0,145,145,False
R5U,30,5.485229300821601,5.485229300821601,0.0,u,u,5.0,5.0,145,145,False
R5U,31,6.498782958542737,6.498782958542737,0.0,u,u,5.0,5.0,257,257,False
R5U,32,5.411800741433851,5.411800741433851,0.0,u,u,5.0,5.0,171,171,False
R5U,33,5.630699505804573,5.630699505804573,0.0,u,u,5.0,5.0,177,177,False
R5U,34,6.120675664171902,6.120675664171902,0.0,u,u,5.0,5.0,267,267,False
R5U,35,5.868014964937217,5.868014964937217,0.0,u,u,5.0,5.0,223,223,False
R5U,36,5.050169731858989,5.050169731858989,0.0,u,u,5.0,5.0,96,96,False
R5U,37,5.086294759954243,5.086294759954243,0.0,u,u,5.0,5.0,97,97,False
R5U,38,5.095086433644724,5.095086433644724,0.0,u,u,5.0,5.0,97,97,False
R5U,39,5.081098333389618,5.081098333389618,0.0,u,u,5.0,5.0,96,96,False
R5U,40,5.618032811042654,5.618032811042654,0.0,u,u,5.0,5.0,173,173,False
R5U,41,5.618883962386168,5.618883962386168,0.0,u,u,5.0,5.0,173,173,False
R5U,42,5.662461531978113,5.662461531978113,0.0,u,u,5.0,5.0,178,178,False
R5U,43,5.543997146927036,5.543997146927036,0.0,u,u,5.0,5.0,153,153,False
R5U,44,6.541776934920247,6.541776934920247,0.0,u,u,5.0,5.0,261,261,False
R5U,45,6.407032881280788,6.407032881280788,0.0,u,u,5.0,5.0,236,236,False
R5U,46,6.40765794449511,6.40765794449511,0.0,u,u,5.0,5.0,236,236,False
R5U,47,6.407152033253637,6.407152033253637,0.0,u,u,5.0,5.0,236,236,False
R5U,48,5.156181694818207,5.156181694818207,0.0,u,u,5.0,5.0,116,116,False
R5U,49,5.137449554971269,5.137449554971269,0.0,u,u,5.0,5.0,116,116,False
R5U,50,5.4230031354304575,5.4230031354304575,0.0,u,u,5.0,5.0,116,116,False
R5U,51,5.454032916399856,5.454032916399856,0.0,u,u,5.0,5.0,116,116,False
R5U,52,5.6592947459066165,5.6592947459066165,0.0,u,u,5.0,5.0,173,173,False
R5U,53,5.807473305294364,5.807473305294364,0.0,u,u,5.0,5.0,209,209,False
R5U,54,5.806032811042654,5.806032811042654,0.0,u,u,5.0,5.0,209,209,False
R5U,55,5.805038722284126,5.805038722284126,0.0,u,u,5.0,5.0,209,209,False
R5U,56,5.767776984086943,5.767776984086943,0.0,u,u,5.0,5.0,100,100,False
R5U,57,5.767836489835232,5.767836489835232,0.0,u,u,5.0,5.0,100,100,False
R5U,58,5.769265077318234,5.769265077318234,0.0,u,u,5.0,5.0,100,100,False
R5U,59,6.082586468763791,6.082586468763791,0.0,u,u,5.0,5.0,181,181,False
R5U,60,4.8475387574031945,4.8475387574031945,0.0,u,u,5.0,5.0,32,32,False
R5U,61,4.843532818066467,4.843532818066467,0.0,u,u,5.0,5.0,32,32,False
R5U,62,4.906860198015447,4.906860198015447,0.0,u,u,5.0,5.0,46,46,False
R5U,63,4.904848291246737,4.904848291246737,0.0,u,u,5.0,5.0,46,46,False
R5U,64,5.050705480260369,5.050705480260369,0.0,u,u,5.0,5.0,82,82,False
R5U,65,5.151705466212743,5.151705466212743,0.0,u,u,5.0,5.0,82,82,False
R5U,66,5.299788757403195,5.299788757403195,0.0,u,u,5.0,5.0,136,136,False
R5U,67,6.025396037726402,6.025396037726402,0.0,u,u,5.0,5.0,188,188,False
R5U,68,5.8929138627603965,5.8929138627603965,0.0,u,u,5.0,5.0,227,227,False
R5U,69,5.887199540923641,5.887199540923641,0.0,u,u,5.0,5.0,227,227,False
R5U,70,6.238610233134513,6.238610233134513,0.0,u,u,5.0,5.0,222,222,False
R5U,71,6.121586510906672,6.121586510906672,0.0,u,u,5.0,5.0,243,243,False
R5U,72,5.843211419597096,5.843211419597096,0.0,u,u,5.0,5.0,201,201,False
R5U,73,5.841931652675324,5.841931652675324,0.0,u,u,5.0,5.0,201,201,False
R5U,74,6.230765168627809,6.230765168627809,0.0,u,u,5.0,5.0,237,237,False
R5U,75,5.233729328916854,5.233729328916854,0.0,u,u,5.0,5.0,115,115,False
R5U,76,4.8986578391379085,4.8986578391379085,0.0,u,u,5.0,5.0,48,48,False
R5U,77,5.912056828270663,5.9120568282706625,-8.881784197001252e-16,u,u,5.0,5.0,159,159,False
R5U,78,6.066800678219529,6.066800678219529,0.0,u,u,5.0,5.0,241,241,False
R5U,79,6.058229293797786,6.058229293797786,0.0,u,u,5.0,5.0,241,241,False
R5U,80,6.052336482811418,6.052336482811418,0.0,u,u,5.0,5.0,241,241,False
R5U,81,6.364568587539287,6.364568587539287,0.0,u,u,5.0,5.0,248,248,False
R5U,82,6.23044959711415,6.23044959711415,0.0,u,u,5.0,5.0,233,233,False
R5U,83,6.229556729937274,6.229556729937274,0.0,u,u,5.0,5.0,233,233,False
R5U,84,6.230062697369255,6.230062697369255,0.0,u,u,5.0,5.0,233,233,False
R5U,85,5.799015091365861,5.799015091365861,0.0,u,u,5.0,5.0,158,158,False
R5U,86,4.9972126962009735,4.9972126962009735,0.0,u,u,5.0,5.0,172,172,False
R5U,87,4.998760351371062,4.998760351371062,0.0,u,u,5.0,5.0,172,172,False
R5U,88,5.0002187479187175,5.0002187479187175,0.0,u,u,5.0,5.0,172,172,False
R5U,89,6.082372097760341,6.082372097760341,0.0,u,u,5.0,5.0,242,242,False
R5U,90,5.96384235191001,5.96384235191001,0.0,u,u,5.0,5.0,219,219,False
R5U,91,6.393187648202559,6.393187648202559,0.0,u,u,5.0,5.0,259,259,False
R5U,92,6.228401906824994,6.228401906824994,0.0,u,u,5.0,5.0,244,244,False
R5U,93,5.499092387029077,5.499092387029077,0.0,u,u,5.0,5.0,151,151,False
R5U,94,5.490836433644724,5.4908364336447235,-8.881784197001252e-16,u,u,5.0,5.0,151,151,False
R5U,95,5.392878156501898,5.392878156501898,0.0,u,u,5.0,5.0,126,126,False
R5U,96,5.399026920872621,5.399026920872621,0.0,u,u,5.0,5.0,126,126,False
R5U,97,5.677747167998477,5.677747167998477,0.0,u,u,5.0,5.0,196,196,False
R5U,98,5.680413834665143,5.680413834665143,0.0,u,u,5.0,5.0,196,196,False
R5U,99,5.680967401076705,5.680967401076705,0.0,u,u,5.0,5.0,196,196,False
R5U,100,5.680062683321628,5.680062683321628,0.0,u,u,5.0,5.0,196,196,False
R5U,101,4.7744769686233495,4.7744769686233495,0.0,u,u,5.0,5.0,104,104,False
R5U,102,5.8458484176753815,5.8458484176753815,0.0,u,u,5.0,5.0,163,163,False
R5U,103,5.846324576042711,5.8463245760427105,-8.881784197001252e-16,u,u,5.0,5.0,163,163,False
R5U,104,5.845580501331811,5.845580501331811,0.0,u,u,5.0,5.0,163,163,False
R5U,105,6.509616214614121,6.509616214614121,0.0,u,u,5.0,5.0,268,268,False
R5U,106,6.302318650753609,6.302318650753609,0.0,u,u,5.0,5.0,247,247,False
R5U,107,5.145604258678719,5.145604258678719,0.0,u,u,5.0,5.0,106,106,False
R5U,108,5.152556631603885,5.152556631603885,0.0,u,u,5.0,5.0,106,106,False
R5U,109,5.158824491756947,5.158824491756947,0.0,u,u,5.0,5.0,106,106,False
R5U,110,5.16027095344064,5.16027095344064,0.0,u,u,5.0,5.0,106,106,False
R5U,111,6.137788848712771,6.137788848712771,0.0,u,u,5.0,5.0,212,212,False
R5U,112,6.146836560073367,6.146836560073367,0.0,u,u,5.0,5.0,212,212,False
R5U,113,5.949675811671987,5.949675811671987,0.0,u,u,5.0,5.0,247,247,False
R5U,114,5.946223410651568,5.946223410651568,0.0,u,u,5.0,5.0,247,247,False
R5U,115,6.113884109886253,6.113884109886253,0.0,u,u,5.0,5.0,191,191,False
R5U,116,6.0270090677433705,6.0270090677433705,0.0,u,u,5.0,5.0,188,188,False
R5U,117,6.02093762713112,6.0209376271311195,-8.881784197001252e-16,u,u,5.0,5.0,188,188,False
R5U,118,5.524169703763735,5.524169703763735,0.0,u,u,5.0,5.0,208,208,False
R5U,119,5.529187577964425,5.529187577964425,0.0,u,u,5.0,5.0,208,208,False
R5U,120,5.534294738882803,5.534294738882803,0.0,u,u,5.0,5.0,208,208,False
R5U,121,5.535532846161722,5.535532846161722,0.0,u,u,5.0,5.0,208,208,False
R5U,122,5.946860296348835,5.946860296348835,0.0,u,u,5.0,5.0,241,241,False
R5U,123,5.946889993032472,5.946889993032472,0.0,u,u,5.0,5.0,241,241,False
R5U,124,5.946979251654906,5.946979251654906,0.0,u,u,5.0,5.0,241,241,False
R5U,125,6.182026984086943,6.182026984086943,0.0,u,u,5.0,5.0,210,210,False
R5U,126,4.913598305294364,4.913598305294364,0.0,u,u,5.0,5.0,48,48,False
R5U,127,4.91441973185899,4.91441973185899,0.0,u,u,5.0,5.0,48,48,False
R5U,128,5.217449498780761,5.217449498780761,0.0,u,u,5.0,5.0,140,140,False
R5U,129,5.225354328916855,5.225354328916855,0.0,u,u,5.0,5.0,140,140,False
R5U,130,6.142771030702588,6.142771030702588,0.0,u,u,5.0,5.0,226,226,False
R5U,131,6.151521044750215,6.151521044750215,0.0,u,u,5.0,5.0,226,226,False
R5U,132,6.052806659699138,6.052806659699138,0.0,u,u,5.0,5.0,239,239,False
R5U,133,6.049532860209348,6.049532860209348,0.0,u,u,5.0,5.0,239,239,False
R5U,134,5.925354364035922,5.925354364035922,0.0,u,u,5.0,5.0,150,150,False
R5U,135,5.813336426620911,5.813336426620911,0.0,u,u,5.0,5.0,189,189,False
R5U,136,5.035794738882803,5.035794738882803,0.0,u,u,5.0,5.0,78,78,False
R5U,137,5.036854244631091,5.036854244631091,0.0,u,u,5.0,5.0,78,78,False
R5U,138,5.037169731858989,5.037169731858989,0.0,u,u,5.0,5.0,78,78,False
R5U,139,5.037038785498449,5.037038785498449,0.0,u,u,5.0,5.0,78,78,False
R5U,140,5.328443580515474,5.328443580515474,0.0,u,u,5.0,5.0,163,163,False
R5U,141,5.325812606059679,5.325812606059679,0.0,u,u,5.0,5.0,163,163,False
R5U,142,5.139753093287577,5.139753093287577,0.0,u,u,5.0,5.0,104,104,False
R5U,143,3.489738728026162,3.489738728026162,0.0,u,u,5.0,5.0,237,237,False
R5U,144,3.4906613480771838,3.4906613480771833,-4.440892098500626e-16,u,u,5.0,5.0,237,237,False
R5U,145,5.101855493139714,5.101855493139714,0.0,u,u,5.0,5.0,242,242,False
R5U,146,6.274818622658356,6.274818622658356,0.0,u,u,5.0,5.0,227,227,False
R5U,147,5.903401963015503,5.903401963015503,0.0,u,u,5.0,5.0,196,196,False
R5U,148,5.752800783576733,5.752800783576733,0.0,u,u,5.0,5.0,94,94,False
R5U,149,5.749437725464509,5.749437725464509,0.0,u,u,5.0,5.0,94,94,False
R5U,150,2.9164910607477093,2.9164910607477093,0.0,u,u,5.0,5.0,134,134,False
R5U,151,5.7431340045290495,5.7431340045290495,0.0,u,u,5.0,5.0,243,243,False
R5U,152,5.750949491756947,5.750949491756947,0.0,u,u,5.0,5.0,243,243,False
R5U,153,5.75831857349166,5.75831857349166,0.0,u,u,5.0,5.0,243,243,False
R5U,154,5.76562812138283,5.76562812138283,0.0,u,u,5.0,5.0,243,243,False
R5U,155,5.425634046671931,5.425634046671931,0.0,u,u,5.0,5.0,161,161,False
R5U,156,4.668312877656993,4.668312877656993,0.0,u,u,5.0,5.0,192,192,False
R5U,157,4.665009297197804,4.665009297197804,0.0,u,u,5.0,5.0,192,192,False
R5U,158,5.767259067743372,5.767259067743372,0.0,u,u,5.0,5.0,116,116,False
R5U,159,5.770592485362467,5.770592485362467,0.0,u,u,5.0,5.0,116,116,False
R5U,160,5.478810142594111,5.478810142594111,0.0,u,u,5.0,5.0,68,68,False
R5U,161,5.477500622798202,5.477500622798202,0.0,u,u,5.0,5.0,68,68,False
R5U,162,4.718975049168126,4.718975049168126,0.0,u,u,5.0,5.0,117,117,False
R5U,163,5.743294837216193,5.743294837216193,0.0,u,u,5.0,5.0,139,139,False
R5U,164,5.00088402560049,5.00088402560049,0.0,u,u,5.0,5.0,80,80,False
R5U,165,5.701663813593704,5.7016638135937034,-8.881784197001252e-16,u,u,5.0,5.0,116,116,False
R5U,166,5.70255668077058,5.70255668077058,0.0,u,u,5.0,5.0,116,116,False
R5U,167,5.734497132879408,5.734497132879408,0.0,u,u,5.0,5.0,217,217,False
R5U,168,5.739693524324966,5.739693524324966,0.0,u,u,5.0,5.0,217,217,False
R5U,169,5.743401850634485,5.743401850634485,0.0,u,u,5.0,5.0,217,217,False
R5U,170,5.744729244631092,5.744729244631092,0.0,u,u,5.0,5.0,217,217,False
R5U,171,5.745848312318178,5.745848312318178,0.0,u,u,5.0,5.0,217,217,False
R5U,172,5.743455473236556,5.743455473236556,0.0,u,u,5.0,5.0,217,217,False
R5U,173,5.745913785498448,5.745913785498448,0.0,u,u,5.0,5.0,217,217,False
R5U,174,5.750128023049441,5.750128023049441,0.0,u,u,5.0,5.0,217,217,False
R5U,175,5.753866130328359,5.753866130328359,0.0,u,u,5.0,5.0,217,217,False
R5U,176,5.755401906824993,5.755401906824993,0.0,u,u,5.0,5.0,217,217,False
R5U,177,6.063175685243342,6.063175685243342,0.0,u,u,5.0,5.0,268,268,False
R5U,178,5.849509060719559,5.849509060719559,0.0,u,u,5.0,5.0,163,163,False
R5U,179,6.115556652675324,6.115556652675324,0.0,u,u,5.0,5.0,234,234,False
R5U,180,6.308443545396406,6.308443545396406,0.0,u,u,5.0,5.0,245,245,False
R5U,181,6.304574491756947,6.304574491756947,0.0,u,u,5.0,5.0,245,245,False
R5U,182,4.957425699290971,4.957425699290971,0.0,u,u,5.0,5.0,54,54,False
R5U,183,5.302640021127727,5.3026400211277265,-8.881784197001252e-16,u,u,5.0,5.0,122,122,False
R5U,184,5.307449569018897,5.307449569018897,0.0,u,u,5.0,5.0,122,122,False
R5U,185,5.809020946416824,5.809020946416824,0.0,u,u,5.0,5.0,245,245,False
R5U,186,5.812747090736528,5.8127470907365275,-8.881784197001252e-16,u,u,5.0,5.0,239,239,False
R5U,187,5.627610226110701,5.627610226110701,0.0,u,u,5.0,5.0,202,202,False
R5U,188,5.630187662250187,5.630187662250187,0.0,u,u,5.0,5.0,202,202,False
R5U,189,5.6327649298181495,5.6327649298181495,0.0,u,u,5.0,5.0,202,202,False
R5U,190,6.184628205668593,6.184628205668593,0.0,u,u,5.0,5.0,228,228,False
R5U,191,5.272890063270608,5.272890063270608,0.0,u,u,5.0,5.0,96,96,False
R5U,192,5.155366193542682,5.155366193542682,0.0,u,u,5.0,5.0,92,92,False
R5U,193,5.1360983052943645,5.1360983052943645,0.0,u,u,5.0,5.0,92,92,False
R5U,194,5.530163764427008,5.530163764427008,0.0,u,u,5.0,5.0,170,170,False
R5U,195,5.533842394052892,5.533842394052892,0.0,u,u,5.0,5.0,170,170,False
R5U,196,5.535764986008658,5.535764986008658,0.0,u,u,5.0,5.0,170,170,False
R5U,197,5.380211440668537,5.380211440668537,0.0,u,u,5.0,5.0,133,133,False
R5U,198,5.224056624580071,5.224056624580071,0.0,u,u,5.0,5.0,119,119,False
R5U,199,6.063211503882858,6.063211503882858,0.0,u,u,5.0,5.0,233,233,False
R5U,200,6.069044837216191,6.069044837216191,0.0,u,u,5.0,5.0,233,233,False
R5U,201,5.50556855242022,5.50556855242022,0.0,u,u,5.0,5.0,188,188,False
R5U,202,5.381878065192322,5.381878065192322,0.0,u,u,5.0,5.0,165,165,False
R5U,203,5.296687620107306,5.296687620107306,0.0,u,u,5.0,5.0,140,140,False
R5U,204,5.294681680770579,5.294681680770579,0.0,u,u,5.0,5.0,140,140,False
R5U,205,5.292050650124276,5.292050650124276,0.0,u,u,5.0,5.0,140,140,False
R5U,206,6.2455389329985325,6.2455389329985325,0.0,u,u,5.0,5.0,244,244,False
R5U,207,4.666248993828004,4.666248993828004,0.0,u,u,5.0,5.0,223,223,False
R5U,208,4.909467316790943,4.909467316790943,0.0,u,u,5.0,5.0,48,48,False
R5U,209,4.89246733083857,4.89246733083857,0.0,u,u,5.0,5.0,48,48,False
R5U,210,5.90316382764133,5.90316382764133,0.0,u,u,5.0,5.0,238,238,False
R5U,211,5.950264964937218,5.950264964937218,0.0,u,u,5.0,5.0,222,222,False
R5U,212,5.95687215395085,5.95687215395085,0.0,u,u,5.0,5.0,222,222,False
R5U,213,5.961931631603885,5.961931631603885,0.0,u,u,5.0,5.0,222,222,False
R5U,214,5.9622293008216,5.9622293008216,0.0,u,u,5.0,5.0,222,222,False
R5U,215,5.961306708865834,5.961306708865834,0.0,u,u,5.0,5.0,222,222,False
R5U,216,5.997044795073311,5.997044795073311,0.0,u,u,5.0,5.0,203,203,False
R5U,217,5.997610296348835,5.997610296348835,0.0,u,u,5.0,5.0,203,203,False
R5U,218,6.001509074767185,6.001509074767185,0.0,u,u,5.0,5.0,203,203,False
R5U,219,6.006925727386225,6.006925727386225,0.0,u,u,5.0,5.0,203,203,False
R5U,220,5.156044710787549,5.156044710787549,0.0,u,u,5.0,5.0,110,110,False
R5U,221,5.153264943865778,5.153264943865778,0.0,u,u,5.0,5.0,110,110,False
R5U,222,3.254702396569166,3.254702396569166,0.0,u,u,5.0,5.0,232,232,False
R5U,223,3.2575297624705137,3.2575297624705137,0.0,u,u,5.0,5.0,232,232,False
R5U,224,3.261785743950122,3.261785743950122,0.0,u,u,5.0,5.0,232,232,False
R5U,225,5.944413897879464,5.944413897879464,0.0,u,u,5.0,5.0,242,242,False
R5U,226,6.180527068372705,6.180527068372705,0.0,u,u,5.0,5.0,216,216,False
R5U,227,6.1818960377264025,6.1818960377264025,0.0,u,u,5.0,5.0,216,216,False
R5U,228,6.181777026229824,6.181777026229824,0.0,u,u,5.0,5.0,216,216,False
R5U,229,5.411062711416882,5.411062711416882,0.0,u,u,5.0,5.0,172,172,False
R5U,230,5.533568545396407,5.533568545396407,0.0,u,u,5.0,5.0,32,32,False
R5U,231,5.534223305294365,5.534223305294365,0.0,u,u,5.0,5.0,32,32,False
R5U,232,5.475893518070325,5.475893518070325,0.0,u,u,5.0,5.0,68,68,False
R5U,233,2.9642559910759783,2.9642559910759783,0.0,u,u,5.0,5.0,62,62,False
R5U,234,2.963482191586188,2.963482191586188,0.0,u,u,5.0,5.0,62,62,False
R5U,235,2.9647024246644165,2.9647024246644165,0.0,u,u,5.0,5.0,62,62,False
R5U,236,2.9672619304127057,2.9672619304127057,0.0,u,u,5.0,5.0,62,62,False
R5U,237,2.972916690310664,2.972916690310664,0.0,u,u,5.0,5.0,62,62,False
R5U,238,2.9708929048685,2.9708929048685,0.0,u,u,5.0,5.0,62,62,False
R5U,239,2.966220270769852,2.966220270769852,0.0,u,u,5.0,5.0,62,62,False
R5U,240,2.963958378048771,2.963958378048771,0.0,u,u,5.0,5.0,62,62,False
R5U,241,6.21508052240325,6.21508052240325,0.0,u,u,5.0,5.0,232,232,False
R5U,242,6.211390042199166,6.211390042199166,0.0,u,u,5.0,5.0,232,232,False
R5U,243,6.209306694818205,6.209306694818205,0.0,u,u,5.0,5.0,232,232,False
R5U,244,6.208413799546075,6.208413799546075,0.0,u,u,5.0,5.0,232,232,False
R5U,245,5.680586461739979,5.680586461739979,0.0,u,u,5.0,5.0,106,106,False
R5U,246,6.205782846161721,6.205782846161721,0.0,u,u,5.0,5.0,239,239,False
R5U,247,6.20450307923995,6.20450307923995,0.0,u,u,5.0,5.0,239,239,False
R5U,248,5.749925769529106,5.749925769529106,0.0,u,u,5.0,5.0,153,153,False
R5U,249,5.630818496229711,5.630818496229711,0.0,u,u,5.0,5.0,202,202,False
R5U,250,5.38409829827055,5.38409829827055,0.0,u,u,5.0,5.0,165,165,False
R5U,251,5.400651920872622,5.400651920872622,0.0,u,u,5.0,5.0,161,161,False
R5U,252,5.407782895328417,5.407782895328417,0.0,u,u,5.0,5.0,161,161,False
R5U,253,5.413247146927036,5.413247146927036,0.0,u,u,5.0,5.0,161,161,False
R5U,254,5.416657832114094,5.416657832114094,0.0,u,u,5.0,5.0,161,161,False
R5U,255,5.82142577655292,5.82142577655292,0.0,u,u,5.0,5.0,128,128,False
R5U,256,2.787026781053835,2.787026781053835,0.0,u,u,5.0,5.0,52,52,False
R5U,257,2.7912529534687907,2.7912529534687907,0.0,u,u,5.0,5.0,52,52,False
R5U,258,4.522222485282702,4.522222485282702,0.0,u,u,5.0,5.0,30,30,False
R5U,259,4.525526065741891,4.525526065741891,0.0,u,u,5.0,5.0,30,30,False
R5U,260,6.350098326365805,6.350098326365805,0.0,u,u,5.0,5.0,232,232,False
R5U,261,6.345366186518867,6.345366186518867,0.0,u,u,5.0,5.0,232,232,False
R5U,262,6.34024717502229,6.34024717502229,0.0,u,u,5.0,5.0,232,232,False
R5U,263,6.334116256757002,6.334116256757002,0.0,u,u,5.0,5.0,232,232,False
R5U,264,6.327419865311445,6.327419865311445,0.0,u,u,5.0,5.0,232,232,False
R5U,265,6.023455466212741,6.023455466212741,0.0,u,u,5.0,5.0,240,240,False
R5U,266,5.819925713338597,5.819925713338597,0.0,u,u,5.0,5.0,204,204,False
R5U,267,5.825836426620909,5.825836426620909,0.0,u,u,5.0,5.0,204,204,False
R5U,268,5.829306673746764,5.829306673746764,0.0,u,u,5.0,5.0,204,204,False
R5U,269,5.853509088814813,5.853509088814813,0.0,u,u,5.0,5.0,185,185,False
R5U,270,5.857943615634542,5.857943615634542,0.0,u,u,5.0,5.0,185,185,False
R5U,271,5.858092408100519,5.858092408100519,0.0,u,u,5.0,5.0,185,185,False
R5U,272,5.860413862760398,5.860413862760398,0.0,u,u,5.0,5.0,185,185,False
R5U,273,6.3519258186958,6.3519258186958,0.0,u,u,5.0,5.0,256,256,False
R5U,274,6.354485352539343,6.354485352539343,0.0,u,u,5.0,5.0,256,256,False
R5U,275,6.35409839660394,6.3540983966039395,-8.881784197001252e-16,u,u,5.0,5.0,256,256,False
R5U,276,5.540300755481479,5.5403007554814785,-8.881784197001252e-16,u,u,5.0,5.0,30,30,False
R5U,277,5.540687655226374,5.540687655226374,0.0,u,u,5.0,5.0,30,30,False
R5U,278,2.6721160396762684,2.6721160396762684,0.0,u,u,5.0,5.0,0,0,False
R5U,279,2.6721160396762684,2.6721160396762684,0.0,u,u,5.0,5.0,0,0,False
R5U,280,6.011395967488266,6.011395967488266,0.0,u,u,5.0,5.0,162,162,False
R5U,281,6.004074540923641,6.004074540923641,0.0,u,u,5.0,5.0,162,162,False
R5U,282,5.995503072216136,5.9955030722161355,-8.881784197001252e-16,u,u,5.0,5.0,162,162,False
R5U,283,5.989401822539231,5.989401822539231,0.0,u,u,5.0,5.0,162,162,False
R5U,284,5.176080466212742,5.176080466212742,0.0,u,u,5.0,5.0,97,97,False
R5U,285,5.168955459188929,5.168955459188929,0.0,u,u,5.0,5.0,97,97,False
R5U,286,5.157598277199111,5.157598277199111,0.0,u,u,5.0,5.0,96,96,False
R5U,287,6.578009102862438,6.578009102862438,0.0,u,u,5.0,5.0,257,257,False
R5U,288,5.726628212692406,5.726628212692406,0.0,u,u,5.0,5.0,178,178,False
R5U,289,5.6171340747671845,5.6171340747671845,0.0,u,u,5.0,5.0,157,157,False
R5U,290,6.011515007080098,6.0115150070800984,8.881784197001252e-16,u,u,5.0,5.0,221,221,False
R5U,291,5.909866158423613,5.909866158423613,0.0,u,u,5.0,5.0,211,211,False
R5U,292,4.891425671195717,4.891425671195717,0.0,u,u,5.0,5.0,48,48,False
R5U,293,4.906461377454216,4.906461377454216,0.0,u,u,5.0,5.0,48,48,False
R5U,294,4.908979251654905,4.908979251654905,0.0,u,u,5.0,5.0,48,48,False
R5U,295,4.964229307845414,4.964229307845414,0.0,u,u,5.0,5.0,54,54,False
R5U,296,5.637794717811361,5.637794717811361,0.0,u,u,5.0,5.0,183,183,False
R5U,297,5.637157804018839,5.637157804018839,0.0,u,u,5.0,5.0,183,183,False
R5U,298,5.635717309767129,5.635717309767129,0.0,u,u,5.0,5.0,183,183,False
R5U,299,5.382157832114094,5.382157832114094,0.0,u,u,5.0,5.0,173,173,False
R5U,300,6.385086503882858,6.385086503882858,0.0,u,u,5.0,5.0,226,226,False
R5U,301,6.544818664801236,6.544818664801236,0.0,u,u,5.0,5.0,273,273,False
R5U,302,6.549193685872677,6.549193685872677,0.0,u,u,5.0,5.0,273,273,False
R5U,303,6.5476758397672405,6.5476758397672405,0.0,u,u,5.0,5.0,273,273,False
R5U,304,5.204854342964482,5.204854342964482,0.0,u,u,5.0,5.0,52,52,False
R5U,305,4.959264936841964,4.959264936841964,0.0,u,u,5.0,5.0,51,51,False
R5U,306,5.052562570940611,5.052562570940611,0.0,u,u,5.0,5.0,52,52,False
R5U,307,5.200669717811362,5.200669717811362,0.0,u,u,5.0,5.0,52,52,False
R5U,308,5.443211398525656,5.443211398525656,0.0,u,u,5.0,5.0,197,197,False
R5U,309,5.684151871705925,5.684151871705925,0.0,u,u,5.0,5.0,288,288,False
R5U,310,5.696759004529049,5.696759004529049,0.0,u,u,5.0,5.0,288,288,False
R5U,311,5.7115387714508215,5.7115387714508215,0.0,u,u,5.0,5.0,288,288,False
R5U,312,5.7484317439849,5.7484317439849,0.0,u,u,5.0,5.0,92,92,False
R5U,313,5.745931772080156,5.745931772080156,0.0,u,u,5.0,5.0,92,92,False
R5U,314,5.74551514755637,5.74551514755637,0.0,u,u,5.0,5.0,92,92,False
R5U,315,5.992021079869283,5.992021079869283,0.0,u,u,5.0,5.0,161,161,False
R5U,316,5.278509025600491,5.278509025600491,0.0,u,u,5.0,5.0,97,97,False
R5U,317,5.007270939393012,5.007270939393012,0.0,u,u,5.0,5.0,80,80,False
R5U,318,5.384449533899828,5.384449533899828,0.0,u,u,5.0,5.0,125,125,False
R5U,319,5.226592380005265,5.226592380005265,0.0,u,u,5.0,5.0,122,122,False
R5U,320,5.105538785498449,5.105538785498449,0.0,u,u,5.0,5.0,108,108,False
R5U,321,5.106866095209292,5.106866095209292,0.0,u,u,5.0,5.0,108,108,False
R5U,322,5.306330374903167,5.306330374903167,0.0,u,u,5.0,5.0,138,138,False
R5U,323,5.978878107335203,5.978878107335203,0.0,u,u,5.0,5.0,184,184,False
R5U,324,3.4632208538254714,3.4632208538254714,0.0,u,u,5.0,5.0,219,219,False
R5U,325,3.463250606699616,3.463250606699616,0.0,u,u,5.0,5.0,219,219,False
R5U,326,6.1496221960937305,6.1496221960937305,0.0,u,u,5.0,5.0,230,230,False
R5U,327,6.070991312947511,6.070991312947511,0.0,u,u,5.0,5.0,237,237,False
R5U,328,5.751485275277395,5.751485275277395,0.0,u,u,5.0,5.0,133,133,False
R5U,329,5.749491214614123,5.749491214614123,0.0,u,u,5.0,5.0,133,133,False
R5U,330,6.261300720362411,6.261300720362411,0.0,u,u,5.0,5.0,243,243,False
R5U,331,5.459782958542731,5.459782958542731,0.0,u,u,5.0,5.0,146,146,False
R5U,332,5.081687655226374,5.081687655226374,0.0,u,u,5.0,5.0,67,67,False
R5U,333,5.703765105413488,5.703765105413488,0.0,u,u,5.0,5.0,114,114,False
R5U,334,6.091889993032472,6.0918899930324715,-8.881784197001252e-16,u,u,5.0,5.0,223,223,False
R5U,335,6.093735205039259,6.093735205039259,0.0,u,u,5.0,5.0,223,223,False
R5U,336,6.095818608610728,6.0958186086107276,-8.881784197001252e-16,u,u,5.0,5.0,223,223,False
R5U,337,6.277330550498504,6.277330550498504,0.0,u,u,5.0,5.0,226,226,False
R5U,338,6.425854279750158,6.425854279750158,0.0,u,u,5.0,5.0,258,258,False
R5U,339,6.421806708865832,6.421806708865832,0.0,u,u,5.0,5.0,258,258,False
R5U,340,6.416628135430456,6.416628135430456,0.0,u,u,5.0,5.0,258,258,False
R5U,341,5.6464853384917175,5.6464853384917175,0.0,u,u,5.0,5.0,76,76,False
R5U,342,4.696567556813219,4.696567556813219,0.0,u,u,5.0,5.0,126,126,False
R5U,343,4.690228312238412,4.690228312238412,0.0,u,u,5.0,5.0,126,126,False
R5U,344,4.684037916320091,4.684037916320091,0.0,u,u,5.0,5.0,126,126,False
R5U,345,6.122342401076704,6.122342401076704,0.0,u,u,5.0,5.0,218,218,False
R5U,346,5.949556729937274,5.949556729937274,0.0,u,u,5.0,5.0,187,187,False
R5U,347,6.31516979507331,6.31516979507331,0.0,u,u,5.0,5.0,230,230,False
R5U,348,6.279800741433851,6.279800741433851,0.0,u,u,5.0,5.0,232,232,False
R5U,349,5.320366221637936,5.320366221637936,0.0,u,u,5.0,5.0,118,118,False
R5U,350,5.320205494307997,5.320205494307997,0.0,u,u,5.0,5.0,118,118,False
R5U,351,5.248574639257033,5.248574639257033,0.0,u,u,5.0,5.0,93,93,False
R5U,352,5.088247097760342,5.088247097760342,0.0,u,u,5.0,5.0,90,90,False
R5U,353,5.438741256757004,5.4387412567570035,-8.881784197001252e-16,u,u,5.0,5.0,144,144,False
R5U,354,5.295824533899828,5.295824533899828,0.0,u,u,5.0,5.0,152,152,False
R5U,355,5.2734911162807325,5.2734911162807325,0.0,u,u,5.0,5.0,152,152,False
R5U,356,5.277169689716109,5.277169689716109,0.0,u,u,5.0,5.0,152,152,False
R5U,357,5.781324604137964,5.781324604137964,0.0,u,u,5.0,5.0,135,135,False
R5U,358,3.0738001466978,3.0738001466978,0.0,u,u,5.0,5.0,173,173,False
R5U,359,3.0775799698100847,3.0775799698100847,0.0,u,u,5.0,5.0,173,173,False
R5U,360,3.0798716154053034,3.0798716154053034,0.0,u,u,5.0,5.0,173,173,False
R5U,361,6.206574456637878,6.206574456637878,0.0,u,u,5.0,5.0,222,222,False
R5U,362,6.130265056246793,6.130265056246793,0.0,u,u,5.0,5.0,227,227,False
R5U,363,5.328574449614066,5.328574449614066,0.0,u,u,5.0,5.0,156,156,False
R5U,364,5.3354375639167975,5.3354375639167975,0.0,u,u,5.0,5.0,156,156,False
R5U,365,5.341407811042653,5.341407811042653,0.0,u,u,5.0,5.0,156,156,False
R5U,366,5.345473340413433,5.345473340413433,0.0,u,u,5.0,5.0,156,156,False
R5U,367,6.099336419597096,6.099336419597096,0.0,u,u,5.0,5.0,208,208,False
R5U,368,6.102015049222979,6.102015049222979,0.0,u,u,5.0,5.0,208,208,False
R5U,369,5.165950787826301,5.165950787826301,0.0,u,u,5.0,5.0,241,241,False
R5U,370,5.168897221414744,5.168897221414744,0.0,u,u,5.0,5.0,241,241,False
R5U,371,6.044532916399856,6.044532916399856,0.0,u,u,5.0,5.0,209,209,False
R5U,372,6.162592520481534,6.162592520481534,0.0,u,u,5.0,5.0,221,221,False
R5U,373,6.161163904903278,6.161163904903278,0.0,u,u,5.0,5.0,221,221,False
R5U,374,5.364389936841963,5.364389936841963,0.0,u,u,5.0,5.0,162,162,False
R5U,375,5.369229237607278,5.369229237607278,0.0,u,u,5.0,5.0,162,162,False
R5U,376,5.372372146927035,5.372372146927035,0.0,u,u,5.0,5.0,162,162,False
R5U,377,5.375157853185534,5.375157853185534,0.0,u,u,5.0,5.0,162,162,False
R5U,378,5.952901899801179,5.952901899801179,0.0,u,u,5.0,5.0,245,245,False
R5U,379,5.949181610532443,5.949181610532443,0.0,u,u,5.0,5.0,245,245,False
R5U,380,5.945253107335202,5.945253107335202,0.0,u,u,5.0,5.0,245,245,False
R5U,381,6.076610219086886,6.076610219086886,0.0,u,u,5.0,5.0,218,218,False
R5U,382,5.217842309767129,5.217842309767129,0.0,u,u,5.0,5.0,132,132,False
R5U,383,5.224110198015446,5.224110198015446,0.0,u,u,5.0,5.0,132,132,False
R5U,384,5.146169731858989,5.146169731858989,0.0,u,u,5.0,5.0,108,108,False
R5U,385,5.14231855242022,5.14231855242022,0.0,u,u,5.0,5.0,108,108,False
R5U,386,6.142413827641329,6.142413827641329,0.0,u,u,5.0,5.0,234,234,False
R5U,387,6.139169809120937,6.139169809120937,0.0,u,u,5.0,5.0,234,234,False
R5U,388,5.95500904667193,5.95500904667193,0.0,u,u,5.0,5.0,241,241,False
R5U,389,5.95667574143385,5.95667574143385,0.0,u,u,5.0,5.0,241,241,False
R5U,390,5.971693608610728,5.971693608610728,0.0,u,u,5.0,5.0,200,200,False
R5U,391,5.9392888838318365,5.9392888838318365,0.0,u,u,5.0,5.0,225,225,False
R5U,392,5.109514978984845,5.109514978984845,0.0,u,u,5.0,5.0,109,109,False
R5U,393,5.115425664171903,5.115425664171903,0.0,u,u,5.0,5.0,109,109,False
R5U,394,5.1204732912467374,5.1204732912467374,0.0,u,u,5.0,5.0,109,109,False
R5U,395,5.124300685243344,5.124300685243344,0.0,u,u,5.0,5.0,109,109,False
R5U,396,5.008848326365806,5.008848326365806,0.0,u,u,5.0,5.0,79,79,False
R5U,397,5.009074498780761,5.009074498780761,0.0,u,u,5.0,5.0,79,79,False
R5U,398,4.911134011552863,4.911134011552863,0.0,u,u,5.0,5.0,48,48,False
R5U,399,5.895097680365575,5.895097680365575,0.0,u,u,5.0,5.0,238,238,False
R5U,400,5.893044085858762,5.893044085858762,0.0,u,u,5.0,5.0,238,238,False
R5U,401,5.95880069929097,5.95880069929097,0.0,u,u,5.0,5.0,242,242,False
R5U,402,6.458300825719613,6.458300825719613,0.0,u,u,5.0,5.0,240,240,False
R5U,403,5.966854392131176,5.966854392131176,0.0,u,u,5.0,5.0,168,168,False
R5U,404,5.630515070294421,5.630515070294421,0.0,u,u,5.0,5.0,83,83,False
R5U,405,5.631259145005321,5.631259145005321,0.0,u,u,5.0,5.0,83,83,False
R5U,406,5.715193657777424,5.715193657777424,0.0,u,u,5.0,5.0,105,105,False
R5U,407,5.572384032624304,5.572384032624304,0.0,u,u,5.0,5.0,193,193,False
R5U,408,5.579634018576676,5.579634018576676,0.0,u,u,5.0,5.0,193,193,False
R5U,409,5.5865269419440615,5.5865269419440615,0.0,u,u,5.0,5.0,193,193,False
R5U,410,5.592497160974663,5.592497160974663,0.0,u,u,5.0,5.0,193,193,False
R5U,411,5.435390014103913,5.435390014103913,0.0,u,u,5.0,5.0,163,163,False
R5U,412,5.837836377454215,5.837836377454215,0.0,u,u,5.0,5.0,208,208,False
R5U,413,5.839026885753553,5.839026885753553,0.0,u,u,5.0,5.0,208,208,False
R5U,414,5.804015049222981,5.804015049222981,0.0,u,u,5.0,5.0,152,152,False
R5U,415,5.807556736961088,5.807556736961088,0.0,u,u,5.0,5.0,152,152,False
R5U,416,5.725675706314784,5.725675706314784,0.0,u,u,5.0,5.0,126,126,False
R5U,417,5.723949561995083,5.723949561995083,0.0,u,u,5.0,5.0,126,126,False
R5U,418,2.945062501359961,2.945062501359961,0.0,u,u,5.0,5.0,152,152,False
R5U,419,5.781687620107307,5.781687620107307,0.0,u,u,5.0,5.0,171,171,False
R5U,420,5.097556617556258,5.097556617556258,0.0,u,u,5.0,5.0,112,112,False
R5U,421,5.771336447692351,5.7713364476923505,-8.881784197001252e-16,u,u,5.0,5.0,110,110,False
R5U,422,5.766485268253581,5.766485268253581,0.0,u,u,5.0,5.0,110,110,False
R5U,423,5.661235268253582,5.661235268253582,0.0,u,u,5.0,5.0,195,195,False
R5U,424,5.670390028151539,5.670390028151539,0.0,u,u,5.0,5.0,195,195,False
R5U,425,5.675348340413431,5.675348340413431,0.0,u,u,5.0,5.0,195,195,False
R5U,426,5.677092387029077,5.677092387029077,0.0,u,u,5.0,5.0,195,195,False
R5U,427,5.678509039648117,5.678509039648117,0.0,u,u,5.0,5.0,195,195,False
R5U,428,5.679955417046047,5.679955417046047,0.0,u,u,5.0,5.0,195,195,False
R5U,429,5.682562577964425,5.682562577964425,0.0,u,u,5.0,5.0,195,195,False
R5U,430,5.688889943865776,5.688889943865776,0.0,u,u,5.0,5.0,195,195,False
R5U,431,5.693193524324966,5.693193524324966,0.0,u,u,5.0,5.0,195,195,False
R5U,432,5.699044759954242,5.699044759954242,0.0,u,u,5.0,5.0,195,195,False
R5U,433,5.8493185945631,5.8493185945631,0.0,u,u,5.0,5.0,214,214,False
R5U,434,3.0812704781094182,3.0812704781094182,0.0,u,u,5.0,5.0,173,173,False
R5U,435,6.082223347437245,6.082223347437245,0.0,u,u,5.0,5.0,236,236,False
R5U,436,6.389812683321627,6.389812683321627,0.0,u,u,5.0,5.0,257,257,False
R5U,437,6.391419816144751,6.391419816144751,0.0,u,u,5.0,5.0,257,257,False
R5U,438,5.076842408100519,5.076842408100519,0.0,u,u,5.0,5.0,76,76,False
R5U,439,5.259925706314785,5.259925706314785,0.0,u,u,5.0,5.0,103,103,False
R5U,440,5.262443552420221,5.262443552420221,0.0,u,u,5.0,5.0,103,103,False
R5U,441,5.67787812138283,5.67787812138283,0.0,u,u,5.0,5.0,211,211,False
R5U,442,5.681556666722945,5.681556666722945,0.0,u,u,5.0,5.0,211,211,False
R5U,443,5.6222471188317815,5.6222471188317815,0.0,u,u,5.0,5.0,207,207,False
R5U,444,5.626014978984844,5.626014978984844,0.0,u,u,5.0,5.0,207,207,False
R5U,445,5.630437570940611,5.630437570940611,0.0,u,u,5.0,5.0,207,207,False
R5U,446,6.2420091098862525,6.2420091098862525,0.0,u,u,5.0,5.0,246,246,False
R5U,447,5.30588409583862,5.3058840958386195,-8.881784197001252e-16,u,u,5.0,5.0,104,104,False
R5U,448,5.303759116910066,5.303759116910066,0.0,u,u,5.0,5.0,104,104,False
R5U,449,5.304937634154934,5.304937634154934,0.0,u,u,5.0,5.0,104,104,False
R5U,450,5.567753065192322,5.567753065192322,0.0,u,u,5.0,5.0,178,178,False
R5U,451,5.565836356382767,5.565836356382767,0.0,u,u,5.0,5.0,178,178,False
R5U,452,5.563592309767129,5.563592309767129,0.0,u,u,5.0,5.0,178,178,False
R5U,453,5.388425720362418,5.388425720362418,0.0,u,u,5.0,5.0,127,127,False
R5U,454,5.355854237607279,5.355854237607279,0.0,u,u,5.0,5.0,163,163,False
R5U,455,6.048360268253581,6.048360268253581,0.0,u,u,5.0,5.0,239,239,False
R5U,456,6.042943615634541,6.042943615634541,0.0,u,u,5.0,5.0,239,239,False
R5U,457,5.451997104784154,5.451997104784154,0.0,u,u,5.0,5.0,177,177,False
R5U,458,5.298532811042654,5.298532811042654,0.0,u,u,5.0,5.0,139,139,False
R5U,459,5.099336398525656,5.099336398525656,0.0,u,u,5.0,5.0,112,112,False
R5U,460,5.102717358933824,5.102717358933824,0.0,u,u,5.0,5.0,112,112,False
R5U,461,5.199366165447428,5.199366165447428,0.0,u,u,5.0,5.0,112,112,False
R5U,462,6.098723361484872,6.098723361484872,0.0,u,u,5.0,5.0,232,232,False
R5U,463,2.8330437729573466,2.8330437729573466,0.0,u,u,5.0,5.0,247,247,False
R5U,464,5.069437599035866,5.069437599035866,0.0,u,u,5.0,5.0,83,83,False
R5U,465,5.172669795073311,5.172669795073311,0.0,u,u,5.0,5.0,83,83,False
R5U,466,4.760098640106002,4.760098640106002,0.0,u,u,5.0,5.0,238,238,False
R5U,467,5.989640014103912,5.9896400141039114,-8.881784197001252e-16,u,u,5.0,5.0,234,234,False
R5U,468,5.98987812138283,5.98987812138283,0.0,u,u,5.0,5.0,234,234,False
R5U,469,5.988419752930429,5.988419752930429,0.0,u,u,5.0,5.0,234,234,False
R5U,470,5.987675734410037,5.987675734410037,0.0,u,u,5.0,5.0,234,234,False
R5U,471,5.9858602752773935,5.9858602752773935,0.0,u,u,5.0,5.0,234,234,False
R5U,472,6.022163834665142,6.022163834665142,0.0,u,u,5.0,5.0,223,223,False
R5U,473,6.01999117247124,6.01999117247124,0.0,u,u,5.0,5.0,223,223,False
R5U,474,6.017580459188928,6.0175804591889275,-8.881784197001252e-16,u,u,5.0,5.0,223,223,False
R5U,475,6.014901857658298,6.014901857658298,0.0,u,u,5.0,5.0,223,223,False
R5U,476,5.17841380656989,5.17841380656989,0.0,u,u,5.0,5.0,112,112,False
R5U,477,5.176705452165115,5.176705452165115,0.0,u,u,5.0,5.0,112,112,False
R5U,478,5.878485155872563,5.878485155872563,0.0,u,u,5.0,5.0,224,224,False
R5U,479,5.8843482420800415,5.8843482420800415,0.0,u,u,5.0,5.0,224,224,False
R5U,480,5.888604251654904,5.888604251654904,0.0,u,u,5.0,5.0,224,224,False
R5U,481,6.067003016025626,6.067003016025626,0.0,u,u,5.0,5.0,252,252,False
R5U,482,6.174396009631147,6.174396009631147,0.0,u,u,5.0,5.0,236,236,False
R5U,483,6.169693650753608,6.169693650753608,0.0,u,u,5.0,5.0,236,236,False
R5U,484,6.171955515379436,6.171955515379436,0.0,u,u,5.0,5.0,236,236,False
R5U,485,5.552610219086886,5.552610219086886,0.0,u,u,5.0,5.0,195,195,False
R5U,486,5.684009011552864,5.684009011552864,0.0,u,u,5.0,5.0,84,84,False
R5U,487,5.684276899801181,5.684276899801181,0.0,u,u,5.0,5.0,84,84,False
R5U,488,5.724782895328416,5.724782895328416,0.0,u,u,5.0,5.0,126,126,False
R5U,489,5.591901906824994,5.591901906824994,0.0,u,u,5.0,5.0,60,60,False
R5U,490,5.591723389580127,5.591723389580127,0.0,u,u,5.0,5.0,60,60,False
R5U,491,5.593241263780817,5.593241263780817,0.0,u,u,5.0,5.0,60,60,False
R5U,492,5.594015035175353,5.594015035175353,0.0,u,u,5.0,5.0,60,60,False
R5U,493,5.593895939393013,5.593895939393013,0.0,u,u,5.0,5.0,60,60,False
R5U,494,5.592824470685507,5.592824470685507,0.0,u,u,5.0,5.0,60,60,False
R5U,495,5.591127994954188,5.591127994954188,0.0,u,u,5.0,5.0,60,60,False
R5U,496,5.590979202488211,5.590979202488211,0.0,u,u,5.0,5.0,60,60,False
R5U,497,6.356062676297814,6.356062676297814,0.0,u,u,5.0,5.0,256,256,False
R5U,498,6.354425706314784,6.3544257063147835,-8.881784197001252e-16,u,u,5.0,5.0,256,256,False
R5U,499,6.34838404667193,6.34838404667193,0.0,u,u,5.0,5.0,256,256,False
R5U,500,6.3441281213828296,6.3441281213828296,0.0,u,u,5.0,5.0,256,256,False
R5U,501,4.698584073351219,4.698584073351219,0.0,u,u,5.0,5.0,64,64,False
R5U,502,6.248312683321626,6.248312683321626,0.0,u,u,5.0,5.0,233,233,False
R5U,503,6.247895946416825,6.247895946416825,0.0,u,u,5.0,5.0,233,233,False
R5U,504,4.808349929763295,4.808349929763295,0.0,u,u,5.0,5.0,173,173,False
R5U,505,5.634681617556263,5.634681617556263,0.0,u,u,5.0,5.0,207,207,False
R5U,506,5.300395925345386,5.300395925345386,0.0,u,u,5.0,5.0,139,139,False
R5U,507,5.611384116910067,5.611384116910067,0.0,u,u,5.0,5.0,197,197,False
R5U,508,5.616401934920248,5.616401934920248,0.0,u,u,5.0,5.0,197,197,False
R5U,509,5.619515007080105,5.619515007080105,0.0,u,u,5.0,5.0,197,197,False
R5U,510,5.622122111807967,5.622122111807967,0.0,u,u,5.0,5.0,197,197,False
R5U,511,5.810235296348836,5.810235296348836,0.0,u,u,5.0,5.0,154,154,False
D0,0,4.520407091284248,4.520407091284248,0.0,u,u,6.0,6.0,94,94,False
D0,1,4.517639231131184,4.5176392311311835,-8.881784197001252e-16,u,u,6.0,6.0,94,94,False
D0,2,4.733113373108447,4.733113373108447,0.0,u,u,6.0,6.0,78,78,False
D0,3,4.7348097926492585,4.7348097926492585,0.0,u,u,6.0,6.0,78,78,False
D0,4,5.364178909503038,5.364178909503038,0.0,u,u,6.0,6.0,235,235,False
D0,5,5.361619375659495,5.361619375659495,0.0,u,u,6.0,6.0,235,235,False
D0,6,5.361291981662889,5.361291981662889,0.0,u,u,6.0,6.0,235,235,False
D0,7,5.3658454637886885,5.3658454637886885,0.0,u,u,6.0,6.0,235,235,False
D0,8,5.371172801594787,5.371172801594787,0.0,u,u,6.0,6.0,235,235,False
D0,9,4.926041925472381,4.926041925472381,0.0,u,u,6.0,6.0,230,230,False
D0,10,4.753166904400941,4.753166904400941,0.0,u,u,6.0,6.0,208,208,False
D0,11,4.760446699417966,4.760446699417966,0.0,u,u,6.0,6.0,208,208,False
D0,12,4.76358958064247,4.76358958064247,0.0,u,u,6.0,6.0,208,208,False
D0,13,2.828024810839229,2.828024810839229,0.0,u,u,6.0,6.0,213,213,False
D0,14,2.833500997301812,2.833500997301812,0.0,u,u,6.0,6.0,213,213,False
D0,15,2.83555453561812,2.8355545356181198,-4.440892098500626e-16,u,u,6.0,6.0,213,213,False
D0,16,2.8309116824888703,2.8309116824888703,0.0,u,u,6.0,6.0,213,213,False
D0,17,5.256226360982534,5.256226360982534,0.0,u,u,6.0,6.0,232,232,False
D0,18,5.257803769026767,5.257803769026767,0.0,u,u,6.0,6.0,232,232,False
D0,19,5.260571657275084,5.260571657275084,0.0,u,u,6.0,6.0,232,232,False
D0,20,3.536664352354702,3.536664352354702,0.0,u,u,6.0,6.0,54,54,False
D0,21,3.5433607438002586,3.5433607438002586,0.0,u,u,6.0,6.0,54,54,False
D0,22,2.222864495728995,2.222864495728995,0.0,u,u,6.0,6.0,28,28,False
D0,23,2.2359895308480637,2.2359895308480633,-4.440892098500626e-16,u,u,6.0,6.0,28,28,False
D0,24,5.048851494434992,5.048851494434992,0.0,u,u,6.0,6.0,174,174,False
D0,25,5.049178888431597,5.049178888431597,0.0,u,u,6.0,6.0,174,174,False
D0,26,5.052006338618712,5.052006338618712,0.0,u,u,6.0,6.0,174,174,False
D0,27,5.054089742190182,5.054089742190182,0.0,u,u,6.0,6.0,174,174,False
D0,28,4.367553895455412,4.367553895455412,0.0,u,u,6.0,6.0,145,145,False
D0,29,4.555220632360214,4.555220632360214,0.0,u,u,6.0,6.0,145,145,False
D0,30,4.527018203244539,4.527018203244539,0.0,u,u,6.0,6.0,143,143,False
D0,31,5.533857440795532,5.533857440795532,0.0,u,u,6.0,6.0,257,257,False
D0,32,4.63820277220715,4.63820277220715,0.0,u,u,6.0,6.0,165,165,False
D0,33,4.674839559571029,4.674839559571029,0.0,u,u,6.0,6.0,177,177,False
D0,34,5.164369340540427,5.164369340540427,0.0,u,u,6.0,6.0,267,267,False
D0,35,4.91355385331253,4.91355385331253,0.0,u,u,6.0,6.0,223,223,False
D0,36,5.0492471118079685,5.0492471118079685,0.0,u,u,5.0,5.0,96,96,False
D0,37,4.117440739009799,4.117440739009799,0.0,u,u,6.0,6.0,97,97,False
D0,38,4.122839545523402,4.122839545523402,0.0,u,u,6.0,6.0,97,97,False
D0,39,4.111916946543822,4.111916946543822,0.0,u,u,6.0,6.0,96,96,False
D0,40,4.6558812192138825,4.6558812192138825,0.0,u,u,6.0,6.0,173,173,False
D0,41,4.658964538499588,4.658964538499588,0.0,u,u,6.0,6.0,173,173,False
D0,42,4.707952751135711,4.707952751135711,0.0,u,u,6.0,6.0,178,178,False
D0,43,4.58145865535337,4.58145865535337,0.0,u,u,6.0,6.0,153,153,False
D0,44,5.568994354588053,5.568994354588053,0.0,u,u,6.0,6.0,261,261,False
D0,45,5.434994291373733,5.434994291373733,0.0,u,u,6.0,6.0,236,236,False
D0,46,5.441720491883943,5.441720491883943,0.0,u,u,6.0,6.0,236,236,False
D0,47,5.447851438244483,5.447851438244483,0.0,u,u,6.0,6.0,236,236,False
D0,48,4.183964615761538,4.183964615761538,0.0,u,u,6.0,6.0,116,116,False
D0,49,4.1733872077173055,4.1733872077173055,0.0,u,u,6.0,6.0,116,116,False
D0,50,4.460583683448624,4.460583683448624,0.0,u,u,6.0,6.0,116,116,False
D0,51,4.476077772207151,4.476077772207151,0.0,u,u,6.0,6.0,116,116,False
D0,52,4.691488366084633,4.691488366084633,0.0,u,u,6.0,6.0,173,173,False
D0,53,4.844815689843103,4.844815689843103,0.0,u,u,6.0,6.0,209,209,False
D0,54,4.849506198142442,4.849506198142442,0.0,u,u,6.0,6.0,209,209,False
D0,55,4.852232398652651,4.852232398652651,0.0,u,u,6.0,6.0,209,209,False
D0,56,4.802256324571085,4.802256324571085,0.0,u,u,6.0,6.0,100,100,False
D0,57,4.808922935047244,4.808922935047244,0.0,u,u,6.0,6.0,100,100,False
D0,58,4.816452687921388,4.816452687921388,0.0,u,u,6.0,6.0,100,100,False
D0,59,5.114536084469044,5.114536084469044,0.0,u,u,6.0,6.0,181,181,False
D0,60,4.847836370430402,4.847836370430402,0.0,u,u,5.0,5.0,32,32,False
D0,61,4.844753051144696,4.8447530511446955,-8.881784197001252e-16,u,u,5.0,5.0,32,32,False
D0,62,3.932738316917938,3.932738316917938,0.0,u,u,6.0,6.0,46,46,False
D0,63,3.9334050397751135,3.9334050397751135,0.0,u,u,6.0,6.0,46,46,False
D0,64,4.083220541050638,4.083220541050638,0.0,u,u,6.0,6.0,82,82,False
D0,65,4.182821720489407,4.182821720489407,0.0,u,u,6.0,6.0,82,82,False
D0,66,4.339565710914545,4.339565710914545,0.0,u,u,6.0,6.0,136,136,False
D0,67,5.064250399281985,5.064250399281985,0.0,u,u,6.0,6.0,188,188,False
D0,68,4.55224534597768,4.55224534597768,0.0,u,u,6.0,6.0,227,227,False
D0,69,4.554388171011674,4.554388171011674,0.0,u,u,6.0,6.0,227,227,False
D0,70,5.267047857785295,5.267047857785295,0.0,u,u,6.0,6.0,222,222,False
D0,71,5.145887249860185,5.145887249860185,0.0,u,u,6.0,6.0,243,243,False
D0,72,4.500191779566119,4.500191779566119,0.0,u,u,6.0,6.0,201,201,False
D0,73,4.502780981998044,4.502780981998044,0.0,u,u,6.0,6.0,201,201,False
D0,74,5.280006345642526,5.280006345642526,0.0,u,u,6.0,6.0,237,237,False
D0,75,4.269286035302349,4.269286035302349,0.0,u,u,6.0,6.0,117,117,False
D0,76,4.902526892777368,4.9025268927773675,-8.881784197001252e-16,u,u,5.0,5.0,48,48,False
D0,77,4.931863478465649,4.931863478465649,0.0,u,u,6.0,6.0,159,159,False
D0,78,5.099434806696884,5.099434806696884,0.0,u,u,6.0,6.0,241,241,False
D0,79,5.093155011679858,5.093155011679858,0.0,u,u,6.0,6.0,241,241,False
D0,80,5.09193477860163,5.09193477860163,0.0,u,u,6.0,6.0,241,241,False
D0,81,5.406518118958777,5.406518118958777,0.0,u,u,6.0,6.0,248,248,False
D0,82,5.273172815642413,5.273172815642413,0.0,u,u,6.0,6.0,233,233,False
D0,83,5.269333542972353,5.269333542972353,0.0,u,u,6.0,6.0,233,233,False
D0,84,5.264393020625388,5.264393020625388,0.0,u,u,6.0,6.0,233,233,False
D0,85,4.831381275404391,4.831381275404391,0.0,u,u,6.0,6.0,158,158,False
D0,86,3.909033284544533,3.9090332845445332,4.440892098500626e-16,u,u,6.0,6.0,172,172,False
D0,87,3.907188044442491,3.907188044442491,0.0,u,u,6.0,6.0,172,172,False
D0,88,3.899717741126128,3.8997177411261275,-4.440892098500626e-16,u,u,6.0,6.0,172,172,False
D0,89,5.105750272853341,5.105750272853341,0.0,u,u,6.0,6.0,242,242,False
D0,90,4.986357440795533,4.986357440795533,0.0,u,u,6.0,6.0,219,219,False
D0,91,5.427726410149229,5.427726410149229,0.0,u,u,6.0,6.0,259,259,False
D0,92,5.255232398652652,5.255232398652652,0.0,u,u,6.0,6.0,244,244,False
D0,93,4.518720548074452,4.518720548074452,0.0,u,u,6.0,6.0,151,151,False
D0,94,4.516684799673076,4.516684799673076,0.0,u,u,6.0,6.0,151,151,False
D0,95,4.41200023773427,4.41200023773427,0.0,u,u,6.0,6.0,126,126,False
D0,96,4.415351417173044,4.415351417173044,0.0,u,u,6.0,6.0,126,126,False
D0,97,4.706244298397542,4.706244298397542,0.0,u,u,6.0,6.0,196,196,False
D0,98,4.706649044247877,4.706649044247877,0.0,u,u,6.0,6.0,196,196,False
D0,99,4.70568473645875,4.70568473645875,0.0,u,u,6.0,6.0,196,196,False
D0,100,4.707309771577817,4.707309771577817,0.0,u,u,6.0,6.0,196,196,False
D0,101,3.701006224900069,3.701006224900069,0.0,u,u,6.0,6.0,104,104,False
D0,102,4.879464671952047,4.8794646719520465,-8.881784197001252e-16,u,u,6.0,6.0,163,163,False
D0,103,4.876399170676521,4.876399170676521,0.0,u,u,6.0,6.0,163,163,False
D0,104,4.879911049349976,4.879911049349976,0.0,u,u,6.0,6.0,163,163,False
D0,105,5.562637270931626,5.562637270931626,0.0,u,u,6.0,6.0,268,268,False
D0,106,5.34444672751322,5.34444672751322,0.0,u,u,6.0,6.0,247,247,False
D0,107,4.183238443346582,4.183238443346582,0.0,u,u,6.0,6.0,106,106,False
D0,108,4.18920863428193,4.18920863428193,0.0,u,u,6.0,6.0,106,106,False
D0,109,4.192530004656046,4.192530004656046,0.0,u,u,6.0,6.0,106,106,False
D0,110,4.195137137479169,4.195137137479169,0.0,u,u,6.0,6.0,106,106,False
D0,111,5.19039322431598,5.19039322431598,0.0,u,u,6.0,6.0,212,212,False
D0,112,5.190274240914657,5.190274240914657,0.0,u,u,6.0,6.0,212,212,False
D0,113,4.895904414255895,4.895904414255895,0.0,u,u,6.0,6.0,247,247,False
D0,114,4.898196087946378,4.898196087946378,0.0,u,u,6.0,6.0,247,247,False
D0,115,5.147321734537035,5.147321734537035,0.0,u,u,6.0,6.0,191,191,False
D0,116,5.058184883958833,5.058184883958833,0.0,u,u,6.0,6.0,188,188,False
D0,117,5.0546730052853786,5.0546730052853786,0.0,u,u,6.0,6.0,188,188,False
D0,118,4.562339524451962,4.562339524451962,0.0,u,u,6.0,6.0,208,208,False
D0,119,4.560631226237696,4.560631226237696,0.0,u,u,6.0,6.0,208,208,False
D0,120,4.5593395244519614,4.5593395244519614,0.0,u,u,6.0,6.0,208,208,False
D0,121,4.560845491883943,4.560845491883943,0.0,u,u,6.0,6.0,208,208,False
D0,122,4.978928839264903,4.978928839264903,0.0,u,u,6.0,6.0,241,241,False
D0,123,4.981041939520008,4.981041939520008,0.0,u,u,6.0,6.0,241,241,False
D0,124,4.98619070389073,4.98619070389073,0.0,u,u,6.0,6.0,241,241,False
D0,125,5.214571713465594,5.214571713465594,0.0,u,u,6.0,6.0,210,210,False
D0,126,3.945220498907757,3.945220498907757,0.0,u,u,6.0,6.0,48,48,False
D0,127,3.9453573846050247,3.9453573846050247,0.0,u,u,6.0,6.0,48,48,False
D0,128,4.255202694945202,4.255202694945202,0.0,u,u,6.0,6.0,140,140,False
D0,129,4.2547145736186565,4.2547145736186565,0.0,u,u,6.0,6.0,140,140,False
D0,130,5.192339545523402,5.192339545523402,0.0,u,u,6.0,6.0,226,226,False
D0,131,5.1913871164077285,5.1913871164077285,0.0,u,u,6.0,6.0,226,226,False
D0,132,5.077434848839766,5.077434848839766,0.0,u,u,6.0,6.0,239,239,False
D0,133,5.0719288252172765,5.0719288252172765,0.0,u,u,6.0,6.0,239,239,False
D0,134,4.955220463788689,4.955220463788689,0.0,u,u,6.0,6.0,150,150,False
D0,135,4.739356674800045,4.739356674800045,0.0,u,u,6.0,6.0,189,189,False
D0,136,4.063012214741118,4.063012214741118,0.0,u,u,6.0,6.0,78,78,False
D0,137,4.064399086390759,4.064399086390759,0.0,u,u,6.0,6.0,78,78,False
D0,138,4.065518125982591,4.065518125982591,0.0,u,u,6.0,6.0,78,78,False
D0,139,4.068452624707066,4.068452624707066,0.0,u,u,6.0,6.0,78,78,False
D0,140,4.350274100438385,4.350274100438385,0.0,u,u,6.0,6.0,163,163,False
D0,141,4.349518118958778,4.349518118958778,0.0,u,u,6.0,6.0,163,163,False
D0,142,4.176911007207095,4.176911007207095,0.0,u,u,6.0,6.0,104,104,False
D0,143,2.853709267420824,2.853709267420824,0.0,u,u,6.0,6.0,237,237,False
D0,144,2.860881901519472,2.860881901519472,0.0,u,u,6.0,6.0,237,237,False
D0,145,3.988199810734929,3.9881998107349292,4.440892098500626e-16,u,u,6.0,6.0,242,242,False
D0,146,5.319446671322712,5.319446671322712,0.0,u,u,6.0,6.0,227,227,False
D0,147,4.942166953567635,4.942166953567635,0.0,u,u,6.0,6.0,196,196,False
D0,148,4.788500272853342,4.788500272853342,0.0,u,u,6.0,6.0,94,94,False
D0,149,4.781208599162862,4.781208599162862,0.0,u,u,6.0,6.0,94,94,False
D0,150,2.387447927395721,2.387447927395721,0.0,u,u,6.0,6.0,134,134,False
D0,151,4.784458528924725,4.784458528924725,0.0,u,u,6.0,6.0,243,243,False
D0,152,4.791083535948538,4.791083535948538,0.0,u,u,6.0,6.0,243,243,False
D0,153,4.794672878856735,4.794672878856735,0.0,u,u,6.0,6.0,243,243,False
D0,154,4.796208542972353,4.796208542972353,0.0,u,u,6.0,6.0,243,243,False
D0,155,4.453833564043794,4.453833564043794,0.0,u,u,6.0,6.0,161,161,False
D0,156,3.660395985869465,3.6603959858694646,-4.440892098500626e-16,u,u,6.0,6.0,192,192,False
D0,157,3.656824517161953,3.656824517161953,0.0,u,u,6.0,6.0,192,192,False
D0,158,4.804744263278479,4.804744263278479,0.0,u,u,6.0,6.0,116,116,False
D0,159,4.798821671322713,4.798821671322713,0.0,u,u,6.0,6.0,116,116,False
D0,160,4.152085357685914,4.152085357685914,0.0,u,u,6.0,6.0,68,68,False
D0,161,4.149763931121294,4.149763931121294,0.0,u,u,6.0,6.0,68,68,False
D0,162,3.6661654266515886,3.6661654266515886,0.0,u,u,6.0,6.0,117,117,False
D0,163,4.7768812262376965,4.7768812262376965,0.0,u,u,6.0,6.0,139,139,False
D0,164,5.005913778474635,5.005913778474635,0.0,u,u,5.0,5.0,80,80,False
D0,165,4.749357475914601,4.749357475914601,0.0,u,u,6.0,6.0,116,116,False
D0,166,4.744387200693491,4.744387200693491,0.0,u,u,6.0,6.0,116,116,False
D0,167,4.780345541050638,4.780345541050638,0.0,u,u,6.0,6.0,217,217,False
D0,168,4.783280039775113,4.783280039775113,0.0,u,u,6.0,6.0,217,217,False
D0,169,4.784190781152679,4.784190781152679,0.0,u,u,6.0,6.0,217,217,False
D0,170,4.787720534026824,4.787720534026824,0.0,u,u,6.0,6.0,217,217,False
D0,171,4.790327666849947,4.790327666849947,0.0,u,u,6.0,6.0,217,217,False
D0,172,4.7918335780914205,4.7918335780914205,0.0,u,u,6.0,6.0,217,217,False
D0,173,4.793964524451962,4.793964524451962,0.0,u,u,6.0,6.0,217,217,False
D0,174,4.793595498907757,4.793595498907757,0.0,u,u,6.0,6.0,217,217,False
D0,175,4.793434771577817,4.793434771577817,0.0,u,u,6.0,6.0,217,217,False
D0,176,4.793363302870311,4.793363302870311,0.0,u,u,6.0,6.0,217,217,False
D0,177,5.098577631730879,5.098577631730879,0.0,u,u,6.0,6.0,268,268,False
D0,178,4.891964587666283,4.891964587666283,0.0,u,u,6.0,6.0,163,163,False
D0,179,5.146970435693434,5.146970435693434,0.0,u,u,6.0,6.0,234,234,False
D0,180,5.338012200693491,5.338012200693491,0.0,u,u,6.0,6.0,245,245,False
D0,181,5.334381198142442,5.334381198142442,0.0,u,u,6.0,6.0,245,245,False
D0,182,3.999047892904363,3.999047892904363,0.0,u,u,6.0,6.0,54,54,False
D0,183,4.327125286900969,4.327125286900969,0.0,u,u,6.0,6.0,116,116,False
D0,184,4.331309771577818,4.331309771577818,0.0,u,u,6.0,6.0,116,116,False
D0,185,4.828470590217331,4.828470590217331,0.0,u,u,6.0,6.0,267,267,False
D0,186,4.852678874383971,4.852678874383971,0.0,u,u,6.0,6.0,239,239,False
D0,187,4.661024107462199,4.661024107462199,0.0,u,u,6.0,6.0,202,202,False
D0,188,4.669137235812558,4.669137235812558,0.0,u,u,6.0,6.0,202,202,False
D0,189,4.67353007489418,4.67353007489418,0.0,u,u,6.0,6.0,202,202,False
D0,190,5.24199430542136,5.24199430542136,0.0,u,u,6.0,6.0,228,228,False
D0,191,4.2802443405404285,4.2802443405404285,0.0,u,u,6.0,6.0,90,90,False
D0,192,4.280321720489408,4.2803217204894075,-8.881784197001252e-16,u,u,6.0,6.0,90,90,False
D0,193,4.288494354588055,4.288494354588055,0.0,u,u,6.0,6.0,90,90,False
D0,194,4.567744298397547,4.567744298397547,0.0,u,u,6.0,6.0,170,170,False
D0,195,4.568000251781902,4.568000251781902,0.0,u,u,6.0,6.0,170,170,False
D0,196,4.57039903020025,4.57039903020025,0.0,u,u,6.0,6.0,170,170,False
D0,197,4.42734548486013,4.42734548486013,0.0,u,u,6.0,6.0,133,133,False
D0,198,4.25913123326151,4.25913123326151,0.0,u,u,6.0,6.0,121,121,False
D0,199,5.106381240285323,5.106381240285323,0.0,u,u,6.0,6.0,233,233,False
D0,200,5.102452708992829,5.102452708992829,0.0,u,u,6.0,6.0,233,233,False
D0,201,4.535381184094815,4.535381184094815,0.0,u,u,6.0,6.0,188,188,False
D0,202,4.418149065319319,4.4181490653193185,-8.881784197001252e-16,u,u,6.0,6.0,165,165,False
D0,203,4.333494368635683,4.333494368635683,0.0,u,u,6.0,6.0,140,140,False
D0,204,4.329940717938358,4.329940717938358,0.0,u,u,6.0,6.0,140,140,False
D0,205,4.3310300046560455,4.3310300046560455,0.0,u,u,6.0,6.0,140,140,False
D0,206,5.290821797751355,5.290821797751355,0.0,u,u,6.0,6.0,244,244,False
D0,207,3.6738885387357336,3.6738885387357336,0.0,u,u,6.0,6.0,223,223,False
D0,208,3.939928783074396,3.9399287830743956,-4.440892098500626e-16,u,u,6.0,6.0,48,48,False
D0,209,4.892705438117488,4.892705438117488,0.0,u,u,5.0,5.0,48,48,False
D0,210,4.607860866838426,4.607860866838426,0.0,u,u,6.0,6.0,238,238,False
D0,211,4.991351522530247,4.9913515225302465,-8.881784197001252e-16,u,u,6.0,6.0,222,222,False
D0,212,4.996649163652708,4.996649163652708,0.0,u,u,6.0,6.0,222,222,False
D0,213,4.9973931821731,4.9973931821730995,-8.881784197001252e-16,u,u,6.0,6.0,222,222,False
D0,214,4.996083606186676,4.996083606186676,0.0,u,u,6.0,6.0,222,222,False
D0,215,4.988643140030218,4.988643140030218,0.0,u,u,6.0,6.0,222,222,False
D0,216,5.023131212190068,5.023131212190068,0.0,u,u,6.0,6.0,203,203,False
D0,217,5.025214531475776,5.0252145314757755,-8.881784197001252e-16,u,u,6.0,6.0,203,203,False
D0,218,5.034321720489407,5.034321720489407,0.0,u,u,6.0,6.0,203,203,False
D0,219,5.04283365535337,5.04283365535337,0.0,u,u,6.0,6.0,203,203,False
D0,220,4.2208216923941535,4.2208216923941535,0.0,u,u,6.0,6.0,112,112,False
D0,221,4.215452638754694,4.215452638754694,0.0,u,u,6.0,6.0,112,112,False
D0,222,2.687015913522889,2.6870159135228895,4.440892098500626e-16,u,u,6.0,6.0,232,232,False
D0,223,2.687105200240574,2.687105200240574,0.0,u,u,6.0,6.0,232,232,False
D0,224,2.685259903948024,2.685259903948024,0.0,u,u,6.0,6.0,232,232,False
D0,225,4.990262235812558,4.990262235812558,0.0,u,u,6.0,6.0,242,242,False
D0,226,5.209202659826134,5.209202659826134,0.0,u,u,6.0,6.0,216,216,False
D0,227,5.215155060846554,5.215155060846554,0.0,u,u,6.0,6.0,216,216,False
D0,228,5.221286007207095,5.221286007207095,0.0,u,u,6.0,6.0,216,216,False
D0,229,4.43161930542136,4.43161930542136,0.0,u,u,6.0,6.0,172,172,False
D0,230,4.3660021768623904,4.3660021768623904,0.0,u,u,6.0,6.0,32,32,False
D0,231,4.362281943784162,4.362281943784162,0.0,u,u,6.0,6.0,32,32,False
D0,232,4.144436537124688,4.144436537124688,0.0,u,u,6.0,6.0,68,68,False
D0,233,2.3853492468562205,2.3853492468562205,0.0,u,u,6.0,6.0,62,62,False
D0,234,2.383355186192948,2.3833551861929476,-4.440892098500626e-16,u,u,6.0,6.0,62,62,False
D0,235,2.383206393726971,2.383206393726971,0.0,u,u,6.0,6.0,62,62,False
D0,236,2.3840992609038474,2.3840992609038474,0.0,u,u,6.0,6.0,62,62,False
D0,237,2.3832361185058613,2.3832361185058613,0.0,u,u,6.0,6.0,62,62,False
D0,238,2.38362304634601,2.3836230463460106,4.440892098500626e-16,u,u,6.0,6.0,62,62,False
D0,239,2.387194458863008,2.387194458863008,0.0,u,u,6.0,6.0,62,62,False
D0,240,2.388801563590877,2.3888015635908775,4.440892098500626e-16,u,u,6.0,6.0,62,62,False
D0,241,5.263071685370339,5.263071685370339,0.0,u,u,6.0,6.0,232,232,False
D0,242,5.266315788176493,5.266315788176493,0.0,u,u,6.0,6.0,232,232,False
D0,243,5.264053867360158,5.264053867360158,0.0,u,u,6.0,6.0,232,232,False
D0,244,5.261821643227457,5.261821643227457,0.0,u,u,6.0,6.0,232,232,False
D0,245,4.58966510690805,4.58966510690805,0.0,u,u,6.0,6.0,106,106,False
D0,246,5.241571706441779,5.241571706441779,0.0,u,u,6.0,6.0,239,239,False
D0,247,5.235440816271747,5.235440816271747,0.0,u,u,6.0,6.0,239,239,False
D0,248,4.54811700100427,4.54811700100427,0.0,u,u,6.0,6.0,153,153,False
D0,249,4.674202680897574,4.674202680897574,0.0,u,u,6.0,6.0,202,202,False
D0,250,4.422512235812558,4.422512235812558,0.0,u,u,6.0,6.0,165,165,False
D0,251,4.432309792649258,4.432309792649258,0.0,u,u,6.0,6.0,163,163,False
D0,252,4.435512207717305,4.435512207717305,0.0,u,u,6.0,6.0,163,163,False
D0,253,4.436541988686703,4.436541988686703,0.0,u,u,6.0,6.0,163,163,False
D0,254,4.438226417173043,4.438226417173043,0.0,u,u,6.0,6.0,163,163,False
D0,255,4.85917883224109,4.85917883224109,0.0,u,u,6.0,6.0,128,128,False
D0,256,2.253816868654161,2.253816868654161,0.0,u,u,6.0,6.0,52,52,False
D0,257,2.2584001879398667,2.2584001879398667,0.0,u,u,6.0,6.0,52,52,False
D0,258,3.484164211878431,3.484164211878431,0.0,u,u,6.0,6.0,30,30,False
D0,259,3.478866570755969,3.478866570755969,0.0,u,u,6.0,6.0,30,30,False
D0,260,5.374637172598236,5.374637172598236,0.0,u,u,6.0,6.0,232,232,False
D0,261,5.373565731985984,5.373565731985984,0.0,u,u,6.0,6.0,232,232,False
D0,262,5.374964538499587,5.374964538499587,0.0,u,u,6.0,6.0,232,232,False
D0,263,5.374309806696884,5.374309806696884,0.0,u,u,6.0,6.0,232,232,False
D0,264,5.374785993159467,5.374785993159467,0.0,u,u,6.0,6.0,232,232,False
D0,265,5.045678867360156,5.045678867360156,0.0,u,u,6.0,6.0,240,240,False
D0,266,4.850601403125416,4.850601403125416,0.0,u,u,6.0,6.0,204,204,False
D0,267,4.852285972088026,4.852285972088026,0.0,u,u,6.0,6.0,204,204,False
D0,268,4.8545062332615085,4.8545062332615085,0.0,u,u,6.0,6.0,204,204,False
D0,269,4.901738471441837,4.901738471441837,0.0,u,u,6.0,6.0,185,185,False
D0,270,4.900458732615319,4.900458732615319,0.0,u,u,6.0,6.0,185,185,False
D0,271,4.906202751135711,4.9062027511357105,-8.881784197001252e-16,u,u,6.0,6.0,185,185,False
D0,272,4.911440858414629,4.911440858414629,0.0,u,u,6.0,6.0,185,185,False
D0,273,5.398161056373788,5.398161056373788,0.0,u,u,6.0,6.0,256,256,False
D0,274,5.4025658865098825,5.4025658865098825,0.0,u,u,6.0,6.0,256,256,False
D0,275,5.407714735166367,5.407714735166367,0.0,u,u,6.0,6.0,256,256,False
D0,276,4.307782699580649,4.307782699580649,0.0,u,u,6.0,6.0,30,30,False
D0,277,4.30075894223374,4.30075894223374,0.0,u,u,6.0,6.0,30,30,False
D0,278,2.136465576834375,2.136465576834375,0.0,u,u,6.0,6.0,0,0,False
D0,279,2.1364655768343748,2.1364655768343748,0.0,u,u,6.0,6.0,0,0,False
D0,280,5.059059792649258,5.059059792649258,0.0,u,u,6.0,6.0,162,162,False
D0,281,5.052214552547215,5.052214552547215,0.0,u,u,6.0,6.0,162,162,False
D0,282,5.045547913975804,5.0455479139758035,-8.881784197001252e-16,u,u,6.0,6.0,162,162,False
D0,283,5.037303839264903,5.037303839264903,0.0,u,u,6.0,6.0,162,162,False
D0,284,4.201035993159468,4.201035993159468,0.0,u,u,6.0,6.0,97,97,False
D0,285,4.194922892904363,4.194922892904363,0.0,u,u,6.0,6.0,97,97,False
D0,286,4.193357440795533,4.193357440795533,0.0,u,u,6.0,6.0,96,96,False
D0,287,5.62070265280232,5.62070265280232,0.0,u,u,6.0,6.0,257,257,False
D0,288,4.757512284979253,4.757512284979253,0.0,u,u,6.0,6.0,178,178,False
D0,289,4.6401372287887455,4.6401372287887455,0.0,u,u,6.0,6.0,157,157,False
D0,290,5.043059792649257,5.043059792649257,0.0,u,u,6.0,6.0,221,221,False
D0,291,4.937720463788688,4.937720463788688,0.0,u,u,6.0,6.0,211,211,False
D0,292,4.891425671195717,4.891425671195717,0.0,u,u,5.0,5.0,48,48,False
D0,293,3.937131226237696,3.937131226237696,0.0,u,u,6.0,6.0,48,48,False
D0,294,3.9337859861356543,3.9337859861356543,0.0,u,u,6.0,6.0,48,48,False
D0,295,3.9907919395200087,3.9907919395200087,0.0,u,u,6.0,6.0,54,54,False
D0,296,4.681172878856735,4.681172878856735,0.0,u,u,6.0,6.0,183,183,False
D0,297,4.68288720069349,4.68288720069349,0.0,u,u,6.0,6.0,183,183,False
D0,298,4.68483960171391,4.68483960171391,0.0,u,u,6.0,6.0,183,183,False
D0,299,4.395369312445174,4.395369312445174,0.0,u,u,6.0,6.0,175,175,False
D0,300,5.411976529554059,5.411976529554059,0.0,u,u,6.0,6.0,226,226,False
D0,301,5.589089622785352,5.589089622785352,0.0,u,u,6.0,6.0,273,273,False
D0,302,5.591411049349976,5.591411049349976,0.0,u,u,6.0,6.0,273,273,False
D0,303,5.5957562894520185,5.5957562894520185,0.0,u,u,6.0,6.0,273,273,False
D0,304,4.071869347564242,4.071869347564242,0.0,u,u,6.0,6.0,58,58,False
D0,305,4.262786063397604,4.262786063397604,0.0,u,u,6.0,6.0,55,55,False
D0,306,4.121720583193519,4.121720583193519,0.0,u,u,6.0,6.0,56,56,False
D0,307,4.283905025727486,4.283905025727486,0.0,u,u,6.0,6.0,54,54,False
D0,308,4.729887284979252,4.729887284979252,0.0,u,u,6.0,6.0,175,175,False
D0,309,4.732024079366945,4.732024079366945,0.0,u,u,6.0,6.0,288,288,False
D0,310,4.733410922921332,4.7334109229213315,-8.881784197001252e-16,u,u,6.0,6.0,288,288,False
D0,311,4.738875286900968,4.738875286900968,0.0,u,u,6.0,6.0,288,288,False
D0,312,4.791809862887393,4.791809862887393,0.0,u,u,6.0,6.0,92,92,False
D0,313,4.79865513108469,4.79865513108469,0.0,u,u,6.0,6.0,92,92,False
D0,314,4.802524184724149,4.802524184724149,0.0,u,u,6.0,6.0,92,92,False
D0,315,5.037125343091477,5.037125343091477,0.0,u,u,6.0,6.0,161,161,False
D0,316,4.289452673873762,4.289452673873762,0.0,u,u,6.0,6.0,91,91,False
D0,317,4.0396669605914495,4.0396669605914495,0.0,u,u,6.0,6.0,80,80,False
D0,318,4.392238394179888,4.392238394179888,0.0,u,u,6.0,6.0,119,119,False
D0,319,4.381405095965622,4.381405095965622,0.0,u,u,6.0,6.0,118,118,False
D0,320,4.137994340540429,4.137994340540429,0.0,u,u,6.0,6.0,108,108,False
D0,321,4.138637221764932,4.138637221764932,0.0,u,u,6.0,6.0,108,108,False
D0,322,4.361500237734274,4.361500237734274,0.0,u,u,6.0,6.0,140,140,False
D0,323,5.005291946543822,5.005291946543822,0.0,u,u,6.0,6.0,184,184,False
D0,324,2.815167579682716,2.815167579682716,0.0,u,u,6.0,6.0,219,219,False
D0,325,2.819006908543285,2.819006908543285,0.0,u,u,6.0,6.0,219,219,False
D0,326,5.195470590217332,5.195470590217332,0.0,u,u,6.0,6.0,230,230,False
D0,327,5.112791967615262,5.112791967615262,0.0,u,u,6.0,6.0,237,237,False
D0,328,4.508458579548317,4.508458579548317,0.0,u,u,6.0,6.0,133,133,False
D0,329,4.505988304327207,4.505988304327207,0.0,u,u,6.0,6.0,133,133,False
D0,330,5.304649114486012,5.304649114486012,0.0,u,u,6.0,6.0,243,243,False
D0,331,4.495363464418018,4.495363464418018,0.0,u,u,6.0,6.0,146,146,False
D0,332,4.107446678346526,4.107446678346526,0.0,u,u,6.0,6.0,67,67,False
D0,333,4.676600279903793,4.676600279903793,0.0,u,u,6.0,6.0,114,114,False
D0,334,5.131875357139103,5.131875357139103,0.0,u,u,6.0,6.0,223,223,False
D0,335,5.125030088941808,5.1250300889418074,-8.881784197001252e-16,u,u,6.0,6.0,223,223,False
D0,336,5.123512242836371,5.123512242836371,0.0,u,u,6.0,6.0,223,223,False
D0,337,5.327851438244482,5.327851438244482,0.0,u,u,6.0,6.0,226,226,False
D0,338,5.45863720069349,5.45863720069349,0.0,u,u,6.0,6.0,258,258,False
D0,339,5.460333648329556,5.460333648329556,0.0,u,u,6.0,6.0,258,258,False
D0,340,5.458845498907756,5.458845498907756,0.0,u,u,6.0,6.0,258,258,False
D0,341,4.481299930365869,4.481299930365869,0.0,u,u,6.0,6.0,76,76,False
D0,342,3.6599976856880327,3.6599976856880327,0.0,u,u,6.0,6.0,126,126,False
D0,343,3.654372678664219,3.6543726786642194,4.440892098500626e-16,u,u,6.0,6.0,126,126,False
D0,344,3.6499679047186335,3.6499679047186344,8.881784197001252e-16,u,u,6.0,6.0,126,126,False
D0,345,5.148815746033611,5.148815746033611,0.0,u,u,6.0,6.0,218,218,False
D0,346,4.986327716016642,4.986327716016642,0.0,u,u,6.0,6.0,187,187,False
D0,347,5.348518076815895,5.348518076815895,0.0,u,u,6.0,6.0,230,230,False
D0,348,5.320202589587997,5.320202589587997,0.0,u,u,6.0,6.0,232,232,False
D0,349,4.341101445268298,4.341101445268298,0.0,u,u,6.0,6.0,112,112,False
D0,350,4.342666890353314,4.342666890353314,0.0,u,u,6.0,6.0,112,112,False
D0,351,4.127678846288717,4.127678846288717,0.0,u,u,6.0,6.0,87,87,False
D0,352,4.270911035302349,4.270911035302349,0.0,u,u,6.0,6.0,88,88,False
D0,353,4.436559771577818,4.436559771577818,0.0,u,u,6.0,6.0,138,138,False
D0,354,4.433303818193464,4.433303818193464,0.0,u,u,6.0,6.0,138,138,False
D0,355,4.427934764554005,4.427934764554005,0.0,u,u,6.0,6.0,138,138,False
D0,356,4.425155025727487,4.425155025727487,0.0,u,u,6.0,6.0,138,138,False
D0,357,4.811428839264904,4.811428839264904,0.0,u,u,6.0,6.0,135,135,False
D0,358,2.520860113404704,2.5208601134047037,-4.440892098500626e-16,u,u,6.0,6.0,173,173,False
D0,359,2.52225891991831,2.52225891991831,0.0,u,u,6.0,6.0,173,173,False
D0,360,2.528776794118996,2.5287767941189956,-4.440892098500626e-16,u,u,6.0,6.0,173,173,False
D0,361,5.231410943992772,5.231410943992772,0.0,u,u,6.0,6.0,222,222,False
D0,362,5.166887221764931,5.166887221764931,0.0,u,u,6.0,6.0,227,227,False
D0,363,4.361535972088026,4.361535972088026,0.0,u,u,6.0,6.0,160,160,False
D0,364,4.373583528924726,4.373583528924726,0.0,u,u,6.0,6.0,156,156,False
D0,365,4.3708037620029545,4.3708037620029545,0.0,u,u,6.0,6.0,156,156,False
D0,366,4.369869291373733,4.369869291373733,0.0,u,u,6.0,6.0,156,156,False
D0,367,5.131613401203699,5.131613401203699,0.0,u,u,6.0,6.0,208,208,False
D0,368,5.129262249860185,5.129262249860185,0.0,u,u,6.0,6.0,208,208,False
D0,369,4.042130625454557,4.042130625454557,0.0,u,u,6.0,6.0,241,241,False
D0,370,4.0432615999103545,4.0432615999103545,0.0,u,u,6.0,6.0,241,241,False
D0,371,5.079250336067663,5.079250336067663,0.0,u,u,6.0,6.0,209,209,False
D0,372,5.205137193669677,5.205137193669677,0.0,u,u,6.0,6.0,221,221,False
D0,373,5.200315795200305,5.200315795200305,0.0,u,u,6.0,6.0,221,221,False
D0,374,4.391881226237696,4.391881226237696,0.0,u,u,6.0,6.0,162,162,False
D0,375,4.400143090863524,4.400143090863524,0.0,u,u,6.0,6.0,162,162,False
D0,376,4.409565710914544,4.409565710914544,0.0,u,u,6.0,6.0,162,162,False
D0,377,4.41511930542136,4.41511930542136,0.0,u,u,6.0,6.0,162,162,False
D0,378,4.991488345013191,4.991488345013191,0.0,u,u,6.0,6.0,245,245,False
D0,379,4.995893175149285,4.995893175149285,0.0,u,u,6.0,6.0,245,245,False
D0,380,4.99964324538742,4.99964324538742,0.0,u,u,6.0,6.0,245,245,False
D0,381,5.121565746033611,5.121565746033611,0.0,u,u,6.0,6.0,218,218,False
D0,382,4.258690731985986,4.258690731985986,0.0,u,u,6.0,6.0,132,132,False
D0,383,4.260553818193463,4.260553818193463,0.0,u,u,6.0,6.0,132,132,False
D0,384,4.168803860336345,4.168803860336345,0.0,u,u,6.0,6.0,108,108,False
D0,385,4.177512186645864,4.177512186645864,0.0,u,u,6.0,6.0,108,108,False
D0,386,5.186208683448623,5.186208683448623,0.0,u,u,6.0,6.0,234,234,False
D0,387,5.184720505931569,5.184720505931569,0.0,u,u,6.0,6.0,234,234,False
D0,388,5.001363352037005,5.001363352037005,0.0,u,u,6.0,6.0,241,241,False
D0,389,5.00904192547238,5.00904192547238,0.0,u,u,6.0,6.0,241,241,False
D0,390,4.998226515506432,4.998226515506432,0.0,u,u,6.0,6.0,200,200,False
D0,391,4.963946713465592,4.963946713465592,0.0,u,u,6.0,6.0,225,225,False
D0,392,4.151672892904363,4.151672892904363,0.0,u,u,6.0,6.0,109,109,False
D0,393,4.149160958040401,4.149160958040401,0.0,u,u,6.0,6.0,109,109,False
D0,394,4.147601424196857,4.147601424196857,0.0,u,u,6.0,6.0,109,109,False
D0,395,4.149494291373734,4.149494291373734,0.0,u,u,6.0,6.0,109,109,False
D0,396,4.044845512955384,4.044845512955384,0.0,u,u,6.0,6.0,79,79,False
D0,397,4.040309792649258,4.040309792649258,0.0,u,u,6.0,6.0,79,79,False
D0,398,3.947547935047244,3.947547935047244,0.0,u,u,6.0,6.0,48,48,False
D0,399,4.535726019866398,4.535726019866398,0.0,u,u,6.0,6.0,238,238,False
D0,400,4.533017609271117,4.533017609271117,0.0,u,u,6.0,6.0,238,238,False
D0,401,4.991524086390758,4.991524086390758,0.0,u,u,6.0,6.0,242,242,False
D0,402,5.489625293924781,5.489625293924781,0.0,u,u,6.0,6.0,240,240,False
D0,403,5.000440724962171,5.000440724962171,0.0,u,u,6.0,6.0,168,168,False
D0,404,4.5040950511929285,4.5040950511929285,0.0,u,u,6.0,6.0,83,83,False
D0,405,4.506535517349386,4.506535517349386,0.0,u,u,6.0,6.0,83,83,False
D0,406,4.740059813720698,4.740059813720698,0.0,u,u,6.0,6.0,105,105,False
D0,407,4.613625223686646,4.613625223686646,0.0,u,u,6.0,6.0,195,195,False
D0,408,4.619654976560791,4.619654976560791,0.0,u,u,6.0,6.0,195,195,False
D0,409,4.624375265829528,4.624375265829528,0.0,u,u,6.0,6.0,195,195,False
D0,410,4.622964552547216,4.622964552547216,0.0,u,u,6.0,6.0,195,195,False
D0,411,4.480291876305686,4.480291876305686,0.0,u,u,6.0,6.0,165,165,False
D0,412,4.538158451770378,4.538158451770378,0.0,u,u,6.0,6.0,208,208,False
D0,413,4.534140633760196,4.534140633760196,0.0,u,u,6.0,6.0,208,208,False
D0,414,4.84120263173088,4.84120263173088,0.0,u,u,6.0,6.0,152,152,False
D0,415,4.836678818193463,4.836678818193463,0.0,u,u,6.0,6.0,152,152,False
D0,416,4.763071699417967,4.763071699417967,0.0,u,u,6.0,6.0,126,126,False
D0,417,4.758458599162863,4.7584585991628625,-8.881784197001252e-16,u,u,6.0,6.0,126,126,False
D0,418,2.4157811764432924,2.4157811764432924,0.0,u,u,6.0,6.0,152,152,False
D0,419,4.515021520079912,4.515021520079912,0.0,u,u,6.0,6.0,171,171,False
D0,420,5.10806258498824,5.1080625849882395,-8.881784197001252e-16,u,u,5.0,5.0,112,112,False
D0,421,4.81060743377172,4.81060743377172,0.0,u,u,6.0,6.0,110,110,False
D0,422,4.803821727513221,4.803821727513221,0.0,u,u,6.0,6.0,110,110,False
D0,423,4.68729190440094,4.68729190440094,0.0,u,u,6.0,6.0,195,195,False
D0,424,4.688321685370338,4.688321685370338,0.0,u,u,6.0,6.0,195,195,False
D0,425,4.690244277326107,4.690244277326107,0.0,u,u,6.0,6.0,195,195,False
D0,426,4.695768090863523,4.695768090863523,0.0,u,u,6.0,6.0,195,195,False
D0,427,4.701738366084633,4.701738366084633,0.0,u,u,6.0,6.0,195,195,False
D0,428,4.709196650251271,4.709196650251271,0.0,u,u,6.0,6.0,195,195,False
D0,429,4.718708500829472,4.718708500829472,0.0,u,u,6.0,6.0,195,195,False
D0,430,4.727357321390702,4.727357321390702,0.0,u,u,6.0,6.0,195,195,False
D0,431,4.733268062768269,4.733268062768269,0.0,u,u,6.0,6.0,195,195,False
D0,432,4.736857321390702,4.736857321390702,0.0,u,u,6.0,6.0,195,195,False
D0,433,4.881327575540372,4.8813275755403716,-8.881784197001252e-16,u,u,6.0,6.0,214,214,False
D0,434,2.5398779876053936,2.5398779876053936,0.0,u,u,6.0,6.0,173,173,False
D0,435,5.120750230710459,5.120750230710459,0.0,u,u,6.0,6.0,236,236,False
D0,436,5.428369403754749,5.428369403754749,0.0,u,u,6.0,6.0,257,257,False
D0,437,5.424053916526851,5.424053916526851,0.0,u,u,6.0,6.0,257,257,False
D0,438,4.121500322020037,4.121500322020037,0.0,u,u,6.0,6.0,78,78,False
D0,439,4.294791946543822,4.294791946543822,0.0,u,u,6.0,6.0,103,103,False
D0,440,4.295464552547216,4.295464552547216,0.0,u,u,6.0,6.0,103,103,False
D0,441,4.718190739009798,4.718190739009798,0.0,u,u,6.0,6.0,211,211,False
D0,442,4.708149051271686,4.708149051271686,0.0,u,u,6.0,6.0,211,211,False
D0,443,4.664851438244484,4.664851438244484,0.0,u,u,6.0,6.0,207,207,False
D0,444,4.674482440795533,4.674482440795533,0.0,u,u,6.0,6.0,207,207,False
D0,445,4.681672920999616,4.681672920999616,0.0,u,u,6.0,6.0,207,207,False
D0,446,5.279821755608474,5.279821755608474,0.0,u,u,6.0,6.0,246,246,False
D0,447,4.337059827768321,4.337059827768321,0.0,u,u,6.0,6.0,104,104,False
D0,448,4.339428853312531,4.339428853312531,0.0,u,u,6.0,6.0,104,104,False
D0,449,4.340458578091421,4.340458578091421,0.0,u,u,6.0,6.0,104,104,False
D0,450,4.60913717962205,4.60913717962205,0.0,u,u,6.0,6.0,178,178,False
D0,451,4.600732377581207,4.600732377581207,0.0,u,u,6.0,6.0,178,178,False
D0,452,4.593637151526796,4.593637151526796,0.0,u,u,6.0,6.0,178,178,False
D0,453,4.4230538252172815,4.4230538252172815,0.0,u,u,6.0,6.0,127,127,False
D0,454,4.378286007207096,4.3782860072070955,-8.881784197001252e-16,u,u,6.0,6.0,165,165,False
D0,455,5.081172885880548,5.081172885880548,0.0,u,u,6.0,6.0,239,239,False
D0,456,5.078077687921387,5.078077687921387,0.0,u,u,6.0,6.0,239,239,False
D0,457,4.494303839264903,4.494303839264903,0.0,u,u,6.0,6.0,177,177,False
D0,458,4.330958669400998,4.330958669400998,0.0,u,u,6.0,6.0,139,139,False
D0,459,5.104723298270551,5.104723298270551,0.0,u,u,5.0,5.0,112,112,False
D0,460,5.1046518576583,5.1046518576582995,-8.881784197001252e-16,u,u,5.0,5.0,112,112,False
D0,461,4.229678867360158,4.229678867360158,0.0,u,u,6.0,6.0,112,112,False
D0,462,5.141119298397546,5.1411192983975464,8.881784197001252e-16,u,u,6.0,6.0,232,232,False
D0,463,2.379153651523682,2.379153651523682,0.0,u,u,6.0,6.0,247,247,False
D0,464,4.100166953567636,4.100166953567636,0.0,u,u,6.0,6.0,83,83,False
D0,465,4.193637228788745,4.193637228788745,0.0,u,u,6.0,6.0,83,83,False
D0,466,3.766526960325259,3.766526960325259,0.0,u,u,6.0,6.0,238,238,False
D0,467,5.033672920999616,5.033672920999616,0.0,u,u,6.0,6.0,234,234,False
D0,468,5.030369368635681,5.030369368635681,0.0,u,u,6.0,6.0,234,234,False
D0,469,5.029655046798926,5.029655046798926,0.0,u,u,6.0,6.0,234,234,False
D0,470,5.027095512955383,5.027095512955383,0.0,u,u,6.0,6.0,234,234,False
D0,471,5.019268147054031,5.019268147054031,0.0,u,u,6.0,6.0,234,234,False
D0,472,5.045422998261565,5.045422998261565,0.0,u,u,6.0,6.0,223,223,False
D0,473,5.047476564673127,5.047476564673127,0.0,u,u,6.0,6.0,223,223,False
D0,474,5.049827716016642,5.049827716016642,0.0,u,u,6.0,6.0,223,223,False
D0,475,5.055393133006404,5.055393133006404,0.0,u,u,6.0,6.0,223,223,False
D0,476,4.215958620234303,4.215958620234303,0.0,u,u,6.0,6.0,112,112,False
D0,477,4.214577659826134,4.214577659826134,0.0,u,u,6.0,6.0,112,112,False
D0,478,4.6592410961283,4.6592410961283,0.0,u,u,6.0,6.0,224,224,False
D0,479,4.66052083495482,4.66052083495482,0.0,u,u,6.0,6.0,224,224,False
D0,480,4.656562466502419,4.656562466502419,0.0,u,u,6.0,6.0,224,224,False
D0,481,5.112345498907756,5.1123454989077555,-8.881784197001252e-16,u,u,6.0,6.0,252,252,False
D0,482,5.238845512955383,5.238845512955383,0.0,u,u,6.0,6.0,236,236,False
D0,483,5.236881261356762,5.236881261356762,0.0,u,u,6.0,6.0,236,236,False
D0,484,5.239053839264901,5.239053839264901,0.0,u,u,6.0,6.0,236,236,False
D0,485,4.582744319468987,4.582744319468987,0.0,u,u,6.0,6.0,195,195,False
D0,486,4.715809806696885,4.715809806696885,0.0,u,u,6.0,6.0,84,84,False
D0,487,4.713101452292111,4.713101452292111,0.0,u,u,6.0,6.0,84,84,False
D0,488,4.754113330965566,4.754113330965566,0.0,u,u,6.0,6.0,126,126,False
D0,489,4.428948694736591,4.428948694736591,0.0,u,u,6.0,6.0,60,60,False
D0,490,4.4204367879678825,4.4204367879678825,0.0,u,u,6.0,6.0,60,60,False
D0,491,4.41326412577398,4.41326412577398,0.0,u,u,6.0,6.0,60,60,False
D0,492,4.412787967406652,4.4127879674066515,-8.881784197001252e-16,u,u,6.0,6.0,60,60,False
D0,493,4.413502289243406,4.413502289243406,0.0,u,u,6.0,6.0,60,60,False
D0,494,4.41439512832503,4.41439512832503,0.0,u,u,6.0,6.0,60,60,False
D0,495,4.416270093205961,4.416270093205961,0.0,u,u,6.0,6.0,60,60,False
D0,496,4.418085580433859,4.418085580433859,0.0,u,u,6.0,6.0,60,60,False
D0,497,5.405720674503094,5.405720674503094,0.0,u,u,6.0,6.0,256,256,False
D0,498,5.400065858414628,5.400065858414628,0.0,u,u,6.0,6.0,256,256,False
D0,499,5.393756310523457,5.393756310523457,0.0,u,u,6.0,6.0,256,256,False
D0,500,5.38860751805748,5.38860751805748,0.0,u,u,6.0,6.0,256,256,False
D0,501,3.629071698080339,3.629071698080339,0.0,u,u,6.0,6.0,64,64,False
D0,502,5.307583613210488,5.307583613210488,0.0,u,u,6.0,6.0,233,233,False
D0,503,5.301988443346581,5.301988443346581,0.0,u,u,6.0,6.0,233,233,False
D0,504,3.748218993063149,3.748218993063149,0.0,u,u,6.0,6.0,173,173,False
D0,505,4.6827026176832565,4.6827026176832565,0.0,u,u,6.0,6.0,207,207,False
D0,506,4.341006324571086,4.341006324571086,0.0,u,u,6.0,6.0,139,139,False
D0,507,4.65172643122067,4.65172643122067,0.0,u,u,6.0,6.0,197,197,False
D0,508,4.65811335906082,4.65811335906082,0.0,u,u,6.0,6.0,197,197,False
D0,509,4.661464566594847,4.661464566594847,0.0,u,u,6.0,6.0,197,197,False
D0,510,4.66350625433295,4.66350625433295,0.0,u,u,6.0,6.0,197,197,False
D0,511,4.843077723040457,4.843077723040457,0.0,u,u,6.0,6.0,154,154,False
D56,0,4.521805897797852,4.521805897797852,0.0,u,u,6.0,6.0,94,94,False
D56,1,4.517996378001934,4.517996378001934,0.0,u,u,6.0,6.0,94,94,False
D56,2,4.732160972088027,4.732160972088027,0.0,u,u,6.0,6.0,78,78,False
D56,3,4.735643097887337,4.735643097887337,0.0,u,u,6.0,6.0,78,78,False
D56,4,5.362393175149285,5.362393175149285,0.0,u,u,6.0,6.0,235,235,False
D56,5,5.358851515506432,5.358851515506432,0.0,u,u,6.0,6.0,235,235,False
D56,6,5.35971460171391,5.35971460171391,0.0,u,u,6.0,6.0,235,235,False
D56,7,5.364565724962171,5.364565724962171,0.0,u,u,6.0,6.0,235,235,False
D56,8,5.371381184094815,5.3713811840948145,-8.881784197001252e-16,u,u,6.0,6.0,235,235,False
D56,9,4.933553846288716,4.933553846288716,0.0,u,u,6.0,6.0,230,230,False
D56,10,4.764994284349919,4.764994284349919,0.0,u,u,6.0,6.0,208,208,False
D56,11,4.767928811169649,4.767928811169649,0.0,u,u,6.0,6.0,208,208,False
D56,12,4.771280018703672,4.771280018703672,0.0,u,u,6.0,6.0,208,208,False
D56,13,2.828024810839229,2.828024810839229,0.0,u,u,6.0,6.0,213,213,False
D56,14,2.833500997301812,2.833500997301812,0.0,u,u,6.0,6.0,213,213,False
D56,15,2.83555453561812,2.8355545356181198,-4.440892098500626e-16,u,u,6.0,6.0,213,213,False
D56,16,2.8309116824888703,2.8309116824888703,0.0,u,u,6.0,6.0,213,213,False
D56,17,5.243101382053975,5.243101382053975,0.0,u,u,6.0,6.0,232,232,False
D56,18,5.242744291373732,5.242744291373732,0.0,u,u,6.0,6.0,232,232,False
D56,19,5.23994665025127,5.23994665025127,0.0,u,u,6.0,6.0,232,232,False
D56,20,3.536664352354702,3.536664352354702,0.0,u,u,6.0,6.0,54,54,False
D56,21,3.5433607438002586,3.5433607438002586,0.0,u,u,6.0,6.0,54,54,False
D56,22,2.2233109293174333,2.2233109293174333,0.0,u,u,6.0,6.0,28,28,False
D56,23,2.2362573910011263,2.2362573910011263,0.0,u,u,6.0,6.0,28,28,False
D56,24,5.048851494434992,5.048851494434992,0.0,u,u,6.0,6.0,174,174,False
D56,25,5.049178888431597,5.049178888431597,0.0,u,u,6.0,6.0,174,174,False
D56,26,5.052006338618712,5.052006338618712,0.0,u,u,6.0,6.0,174,174,False
D56,27,5.054089742190181,5.054089742190181,0.0,u,u,6.0,6.0,174,174,False
D56,28,4.359678846288718,4.359678846288718,0.0,u,u,6.0,6.0,145,145,False
D56,29,4.360762165574424,4.360762165574424,0.0,u,u,6.0,6.0,145,145,False
D56,30,4.526952687921389,4.526952687921389,0.0,u,u,6.0,6.0,145,145,False
D56,31,5.533857440795532,5.533857440795532,0.0,u,u,6.0,6.0,257,257,False
D56,32,4.470143140030218,4.470143140030218,0.0,u,u,6.0,6.0,173,173,False
D56,33,4.67072652955406,4.67072652955406,0.0,u,u,6.0,6.0,177,177,False
D56,34,5.169125336067663,5.169125336067663,0.0,u,u,6.0,6.0,267,267,False
D56,35,4.914232440795532,4.914232440795532,0.0,u,u,6.0,6.0,223,223,False
D56,36,4.121797892904363,4.121797892904363,0.0,u,u,6.0,6.0,96,96,False
D56,37,4.124958599162862,4.124958599162862,0.0,u,u,6.0,6.0,97,97,False
D56,38,4.130595541050638,4.130595541050638,0.0,u,u,6.0,6.0,97,97,False
D56,39,4.120655039775114,4.120655039775114,0.0,u,u,6.0,6.0,96,96,False
D56,40,4.660035965064213,4.660035965064213,0.0,u,u,6.0,6.0,173,173,False
D56,41,4.665649093414572,4.665649093414572,0.0,u,u,6.0,6.0,173,173,False
D56,42,4.705928867360158,4.705928867360158,0.0,u,u,6.0,6.0,178,178,False
D56,43,4.577875265829529,4.577875265829529,0.0,u,u,6.0,6.0,153,153,False
D56,44,5.5643515014588045,5.5643515014588045,0.0,u,u,6.0,6.0,261,261,False
D56,45,5.431303783074394,5.431303783074394,0.0,u,u,6.0,6.0,236,236,False
D56,46,5.439220463788688,5.439220463788688,0.0,u,u,6.0,6.0,236,236,False
D56,47,5.446512165574423,5.446512165574423,0.0,u,u,6.0,6.0,236,236,False
D56,48,4.185869375659496,4.185869375659496,0.0,u,u,6.0,6.0,116,116,False
D56,49,4.176899100438387,4.176899100438387,0.0,u,u,6.0,6.0,116,116,False
D56,50,4.470155138108503,4.4701551381085025,-8.881784197001252e-16,u,u,6.0,6.0,116,116,False
D56,51,4.48496465790442,4.48496465790442,0.0,u,u,6.0,6.0,116,116,False
D56,52,4.70195263173088,4.70195263173088,0.0,u,u,6.0,6.0,173,173,False
D56,53,4.857393111934964,4.857393111934964,0.0,u,u,6.0,6.0,209,209,False
D56,54,4.86253005382274,4.86253005382274,0.0,u,u,6.0,6.0,209,209,False
D56,55,4.86525625433295,4.86525625433295,0.0,u,u,6.0,6.0,209,209,False
D56,56,4.800232511033668,4.800232511033668,0.0,u,u,6.0,6.0,100,100,False
D56,57,4.8070479420710575,4.8070479420710575,0.0,u,u,6.0,6.0,100,100,False
D56,58,4.815053853312531,4.815053853312531,0.0,u,u,6.0,6.0,100,100,False
D56,59,5.114357539128923,5.114357539128923,0.0,u,u,6.0,6.0,181,181,False
D56,60,4.8475387574031945,4.8475387574031945,0.0,u,u,5.0,5.0,32,32,False
D56,61,4.843532818066467,4.843532818066467,0.0,u,u,5.0,5.0,32,32,False
D56,62,3.9426787971220234,3.9426787971220225,-8.881784197001252e-16,u,u,6.0,6.0,46,46,False
D56,63,3.9405181540778456,3.9405181540778456,0.0,u,u,6.0,6.0,46,46,False
D56,64,4.091970541050638,4.091970541050638,0.0,u,u,6.0,6.0,82,82,False
D56,65,4.191571720489407,4.191571720489407,0.0,u,u,6.0,6.0,82,82,False
D56,66,4.348315710914545,4.348315710914545,0.0,u,u,6.0,6.0,136,136,False
D56,67,5.06442897271736,5.06442897271736,0.0,u,u,6.0,6.0,188,188,False
D56,68,4.550042930909632,4.5500429309096315,-8.881784197001252e-16,u,u,6.0,6.0,227,227,False
D56,69,4.553197662712335,4.553197662712335,0.0,u,u,6.0,6.0,227,227,False
D56,70,5.267047857785295,5.267047857785295,0.0,u,u,6.0,6.0,222,222,False
D56,71,5.143000350115289,5.143000350115289,0.0,u,u,6.0,6.0,243,243,False
D56,72,4.498138185059301,4.498138185059301,0.0,u,u,6.0,6.0,201,201,False
D56,73,4.500310791062694,4.500310791062694,0.0,u,u,6.0,6.0,201,201,False
D56,74,5.280006345642526,5.280006345642526,0.0,u,u,6.0,6.0,237,237,False
D56,75,4.274268161101659,4.274268161101659,0.0,u,u,6.0,6.0,115,115,False
D56,76,3.9467324337717193,3.9467324337717193,0.0,u,u,6.0,6.0,48,48,False
D56,77,4.934869445897631,4.934869445897631,0.0,u,u,6.0,6.0,159,159,False
D56,78,5.099375272853342,5.099375272853342,0.0,u,u,6.0,6.0,241,241,False
D56,79,5.093125230710459,5.093125230710459,0.0,u,u,6.0,6.0,241,241,False
D56,80,5.091905025727486,5.091905025727486,0.0,u,u,6.0,6.0,241,241,False
D56,81,5.401160972088026,5.401160972088026,0.0,u,u,6.0,6.0,248,248,False
D56,82,5.2690061489757465,5.2690061489757465,0.0,u,u,6.0,6.0,233,233,False
D56,83,5.264779948465537,5.264779948465537,0.0,u,u,6.0,6.0,233,233,False
D56,84,5.261982335438329,5.261982335438329,0.0,u,u,6.0,6.0,233,233,False
D56,85,4.8340598769350205,4.8340598769350205,0.0,u,u,6.0,6.0,158,158,False
D56,86,3.90778329859216,3.90778329859216,0.0,u,u,6.0,6.0,172,172,False
D56,87,3.9074261517214097,3.9074261517214097,0.0,u,u,6.0,6.0,172,172,False
D56,88,3.9008487155819225,3.9008487155819225,0.0,u,u,6.0,6.0,172,172,False
D56,89,5.105750272853342,5.105750272853342,0.0,u,u,6.0,6.0,242,242,False
D56,90,4.985851473363552,4.985851473363552,0.0,u,u,6.0,6.0,219,219,False
D56,91,5.427309757530189,5.427309757530189,0.0,u,u,6.0,6.0,259,259,False
D56,92,5.25511335906082,5.25511335906082,0.0,u,u,6.0,6.0,244,244,False
D56,93,4.527440767105053,4.527440767105053,0.0,u,u,6.0,6.0,151,151,False
D56,94,4.525643154077845,4.525643154077845,0.0,u,u,6.0,6.0,151,151,False
D56,95,4.42705978562544,4.42705978562544,0.0,u,u,6.0,6.0,126,126,False
D56,96,4.4272859580404,4.4272859580404,0.0,u,u,6.0,6.0,126,126,False
D56,97,4.715291967615262,4.715291967615262,0.0,u,u,6.0,6.0,196,196,False
D56,98,4.715101459315925,4.715101459315925,0.0,u,u,6.0,6.0,196,196,False
D56,99,4.712797822666228,4.712797822666228,0.0,u,u,6.0,6.0,196,196,False
D56,100,4.714720470812503,4.714720470812503,0.0,u,u,6.0,6.0,196,196,False
D56,101,3.704309805359258,3.7043098053592574,-4.440892098500626e-16,u,u,6.0,6.0,104,104,False
D56,102,4.880476578720755,4.880476578720755,0.0,u,u,6.0,6.0,163,163,False
D56,103,4.875952737088083,4.875952737088083,0.0,u,u,6.0,6.0,163,163,False
D56,104,4.877917016781957,4.877917016781957,0.0,u,u,6.0,6.0,163,163,False
D56,105,5.559393224315981,5.559393224315981,0.0,u,u,6.0,6.0,268,268,False
D56,106,5.342899184724148,5.342899184724148,0.0,u,u,6.0,6.0,247,247,False
D56,107,4.191988443346582,4.191988443346582,0.0,u,u,6.0,6.0,106,106,False
D56,108,4.19795863428193,4.19795863428193,0.0,u,u,6.0,6.0,106,106,False
D56,109,4.201280004656046,4.201280004656046,0.0,u,u,6.0,6.0,106,106,False
D56,110,4.203887137479169,4.203887137479169,0.0,u,u,6.0,6.0,106,106,False
D56,111,5.190720618312587,5.190720618312587,0.0,u,u,6.0,6.0,212,212,False
D56,112,5.190601606816008,5.190601606816008,0.0,u,u,6.0,6.0,212,212,False
D56,113,4.895904414255895,4.895904414255895,0.0,u,u,6.0,6.0,247,247,False
D56,114,4.898196087946378,4.898196087946378,0.0,u,u,6.0,6.0,247,247,False
D56,115,5.147321734537035,5.147321734537035,0.0,u,u,6.0,6.0,191,191,False
D56,116,5.058184883958833,5.058184883958833,0.0,u,u,6.0,6.0,188,188,False
D56,117,5.0546730052853786,5.0546730052853786,0.0,u,u,6.0,6.0,188,188,False
D56,118,4.571059771577817,4.571059771577817,0.0,u,u,6.0,6.0,208,208,False
D56,119,4.569411007207095,4.569411007207095,0.0,u,u,6.0,6.0,208,208,False
D56,120,4.568416918448568,4.568416918448568,0.0,u,u,6.0,6.0,208,208,False
D56,121,4.571351445268298,4.571351445268298,0.0,u,u,6.0,6.0,208,208,False
D56,122,4.9814884012037,4.9814884012037,0.0,u,u,6.0,6.0,241,241,False
D56,123,4.982291981662889,4.982291981662889,0.0,u,u,6.0,6.0,241,241,False
D56,124,4.984881212190068,4.984881212190068,0.0,u,u,6.0,6.0,241,241,False
D56,125,5.2173098207445125,5.2173098207445125,0.0,u,u,6.0,6.0,210,210,False
D56,126,3.9509050538227406,3.9509050538227406,0.0,u,u,6.0,6.0,48,48,False
D56,127,3.951875244758088,3.951875244758088,0.0,u,u,6.0,6.0,48,48,False
D56,128,4.266006261356764,4.266006261356764,0.0,u,u,6.0,6.0,140,140,False
D56,129,4.264922913975804,4.264922913975804,0.0,u,u,6.0,6.0,140,140,False
D56,130,5.194988394179887,5.194988394179887,0.0,u,u,6.0,6.0,226,226,False
D56,131,5.194363330965565,5.194363330965565,0.0,u,u,6.0,6.0,226,226,False
D56,132,5.075053916526852,5.075053916526852,0.0,u,u,6.0,6.0,239,239,False
D56,133,5.0709169465438215,5.0709169465438215,0.0,u,u,6.0,6.0,239,239,False
D56,134,4.9551609580404,4.9551609580404,0.0,u,u,6.0,6.0,150,150,False
D56,135,4.738136441721816,4.738136441721816,0.0,u,u,6.0,6.0,189,189,False
D56,136,4.071762214741118,4.071762214741118,0.0,u,u,6.0,6.0,78,78,False
D56,137,4.073149086390759,4.073149086390759,0.0,u,u,6.0,6.0,78,78,False
D56,138,4.074268125982592,4.0742681259825915,-8.881784197001252e-16,u,u,6.0,6.0,78,78,False
D56,139,4.077202624707066,4.077202624707066,0.0,u,u,6.0,6.0,78,78,False
D56,140,4.359024100438386,4.359024100438386,0.0,u,u,6.0,6.0,163,163,False
D56,141,4.358268118958778,4.358268118958778,0.0,u,u,6.0,6.0,163,163,False
D56,142,4.185661007207095,4.185661007207095,0.0,u,u,6.0,6.0,104,104,False
D56,143,2.853709267420824,2.853709267420824,0.0,u,u,6.0,6.0,237,237,False
D56,144,2.860881901519472,2.860881901519472,0.0,u,u,6.0,6.0,237,237,False
D56,145,3.988199810734929,3.9881998107349292,4.440892098500626e-16,u,u,6.0,6.0,242,242,False
D56,146,5.320696713465593,5.320696713465593,0.0,u,u,6.0,6.0,227,227,False
D56,147,4.942166953567635,4.942166953567635,0.0,u,u,6.0,6.0,196,196,False
D56,148,4.788500272853342,4.788500272853342,0.0,u,u,6.0,6.0,94,94,False
D56,149,4.781208599162862,4.781208599162862,0.0,u,u,6.0,6.0,94,94,False
D56,150,2.387447927395721,2.387447927395721,0.0,u,u,6.0,6.0,134,134,False
D56,151,4.793208528924725,4.793208528924725,0.0,u,u,6.0,6.0,243,243,False
D56,152,4.7998335359485385,4.7998335359485385,0.0,u,u,6.0,6.0,243,243,False
D56,153,4.803422878856735,4.803422878856735,0.0,u,u,6.0,6.0,243,243,False
D56,154,4.804958542972353,4.804958542972353,0.0,u,u,6.0,6.0,243,243,False
D56,155,4.462583564043794,4.462583564043794,0.0,u,u,6.0,6.0,161,161,False
D56,156,3.6603959858694592,3.6603959858694592,0.0,u,u,6.0,6.0,192,192,False
D56,157,3.6568245171619584,3.6568245171619584,0.0,u,u,6.0,6.0,192,192,False
D56,158,4.806083564043795,4.806083564043795,0.0,u,u,6.0,6.0,116,116,False
D56,159,4.800220477836317,4.800220477836317,0.0,u,u,6.0,6.0,116,116,False
D56,160,4.150924658451234,4.150924658451234,0.0,u,u,6.0,6.0,68,68,False
D56,161,4.1500020384002125,4.1500020384002125,0.0,u,u,6.0,6.0,68,68,False
D56,162,3.6661654266515886,3.6661654266515886,0.0,u,u,6.0,6.0,117,117,False
D56,163,4.776851473363552,4.776851473363552,0.0,u,u,6.0,6.0,139,139,False
D56,164,4.046553888431599,4.046553888431599,0.0,u,u,6.0,6.0,80,80,False
D56,165,4.750220562122078,4.750220562122078,0.0,u,u,6.0,6.0,116,116,False
D56,166,4.744595527003011,4.744595527003011,0.0,u,u,6.0,6.0,116,116,False
D56,167,4.7841669535676346,4.7841669535676346,0.0,u,u,6.0,6.0,217,217,False
D56,168,4.785940781152679,4.785940781152679,0.0,u,u,6.0,6.0,217,217,False
D56,169,4.786821713465593,4.786821713465593,0.0,u,u,6.0,6.0,217,217,False
D56,170,4.793565760081239,4.793565760081239,0.0,u,u,6.0,6.0,217,217,False
D56,171,4.798107419724092,4.798107419724092,0.0,u,u,6.0,6.0,217,217,False
D56,172,4.800000258805714,4.800000258805714,0.0,u,u,6.0,6.0,217,217,False
D56,173,4.798857377581211,4.798857377581211,0.0,u,u,6.0,6.0,217,217,False
D56,174,4.79792290695199,4.79792290695199,0.0,u,u,6.0,6.0,217,217,False
D56,175,4.797226459315924,4.797226459315924,0.0,u,u,6.0,6.0,217,217,False
D56,176,4.796500202615206,4.796500202615206,0.0,u,u,6.0,6.0,217,217,False
D56,177,5.104809785625443,5.104809785625443,0.0,u,u,6.0,6.0,268,268,False
D56,178,4.886161063397603,4.886161063397603,0.0,u,u,6.0,6.0,163,163,False
D56,179,5.147565689843104,5.147565689843104,0.0,u,u,6.0,6.0,234,234,False
D56,180,5.337922942071057,5.337922942071057,0.0,u,u,6.0,6.0,245,245,False
D56,181,5.334321692394153,5.334321692394153,0.0,u,u,6.0,6.0,245,245,False
D56,182,3.9975835851152346,3.9975835851152346,0.0,u,u,6.0,6.0,52,52,False
D56,183,4.349250265829529,4.349250265829529,0.0,u,u,6.0,6.0,122,122,False
D56,184,4.355041939520008,4.355041939520008,0.0,u,u,6.0,6.0,122,122,False
D56,185,4.855809764554003,4.855809764554003,0.0,u,u,6.0,6.0,245,245,False
D56,186,4.863137214741117,4.863137214741117,0.0,u,u,6.0,6.0,239,239,False
D56,187,4.672821720489408,4.672821720489408,0.0,u,u,6.0,6.0,202,202,False
D56,188,4.680488443346582,4.680488443346582,0.0,u,u,6.0,6.0,202,202,False
D56,189,4.68336338013226,4.68336338013226,0.0,u,u,6.0,6.0,202,202,False
D56,190,5.238750258805715,5.238750258805715,0.0,u,u,6.0,6.0,228,228,False
D56,191,4.307178881407785,4.307178881407785,0.0,u,u,6.0,6.0,94,94,False
D56,192,4.183797878856736,4.183797878856736,0.0,u,u,6.0,6.0,90,90,False
D56,193,4.171196601084577,4.171196601084577,0.0,u,u,6.0,6.0,90,90,False
D56,194,4.570196713465594,4.570196713465594,0.0,u,u,6.0,6.0,170,170,False
D56,195,4.5707800608465545,4.5707800608465545,0.0,u,u,6.0,6.0,170,170,False
D56,196,4.575649086390759,4.575649086390759,0.0,u,u,6.0,6.0,170,170,False
D56,197,4.415780053822741,4.415780053822741,0.0,u,u,6.0,6.0,133,133,False
D56,198,4.266416897377128,4.266416897377128,0.0,u,u,6.0,6.0,117,117,False
D56,199,5.106381240285323,5.106381240285323,0.0,u,u,6.0,6.0,233,233,False
D56,200,5.102452708992829,5.102452708992829,0.0,u,u,6.0,6.0,233,233,False
D56,201,4.545726438244484,4.5457264382444835,-8.881784197001252e-16,u,u,6.0,6.0,188,188,False
D56,202,4.430309806696885,4.430309806696885,0.0,u,u,6.0,6.0,165,165,False
D56,203,4.345655053822741,4.345655053822741,0.0,u,u,6.0,6.0,140,140,False
D56,204,4.344065767105053,4.344065767105053,0.0,u,u,6.0,6.0,140,140,False
D56,205,4.340780004656046,4.340780004656046,0.0,u,u,6.0,6.0,140,140,False
D56,206,5.286893210268353,5.286893210268353,0.0,u,u,6.0,6.0,244,244,False
D56,207,3.671567112171109,3.671567112171109,0.0,u,u,6.0,6.0,223,223,False
D56,208,3.9563514312206713,3.9563514312206705,-8.881784197001252e-16,u,u,6.0,6.0,48,48,False
D56,209,3.933012228788745,3.933012228788745,0.0,u,u,6.0,6.0,48,48,False
D56,210,4.603218041804431,4.603218041804431,0.0,u,u,6.0,6.0,238,238,False
D56,211,4.991351522530247,4.9913515225302465,-8.881784197001252e-16,u,u,6.0,6.0,222,222,False
D56,212,4.996649163652708,4.996649163652708,0.0,u,u,6.0,6.0,222,222,False
D56,213,4.9973931821731,4.9973931821730995,-8.881784197001252e-16,u,u,6.0,6.0,222,222,False
D56,214,4.996083606186676,4.996083606186676,0.0,u,u,6.0,6.0,222,222,False
D56,215,4.988643140030218,4.988643140030218,0.0,u,u,6.0,6.0,222,222,False
D56,216,5.023131212190068,5.023131212190068,0.0,u,u,6.0,6.0,203,203,False
D56,217,5.025214531475776,5.0252145314757755,-8.881784197001252e-16,u,u,6.0,6.0,203,203,False
D56,218,5.034321720489408,5.034321720489408,0.0,u,u,6.0,6.0,203,203,False
D56,219,5.04283365535337,5.04283365535337,0.0,u,u,6.0,6.0,203,203,False
D56,220,4.221232405676465,4.221232405676465,0.0,u,u,6.0,6.0,110,110,False
D56,221,4.218065739009798,4.218065739009798,0.0,u,u,6.0,6.0,110,110,False
D56,222,2.6846944869582647,2.6846944869582647,0.0,u,u,6.0,6.0,232,232,False
D56,223,2.6854385335739077,2.6854385335739073,-4.440892098500626e-16,u,u,6.0,6.0,232,232,False
D56,224,2.684992071890215,2.684992071890215,0.0,u,u,6.0,6.0,232,232,False
D56,225,4.990262235812558,4.990262235812558,0.0,u,u,6.0,6.0,242,242,False
D56,226,5.209202659826134,5.209202659826134,0.0,u,u,6.0,6.0,216,216,False
D56,227,5.215155060846554,5.215155060846554,0.0,u,u,6.0,6.0,216,216,False
D56,228,5.221286007207095,5.221286007207095,0.0,u,u,6.0,6.0,216,216,False
D56,229,4.445625314996223,4.445625314996223,0.0,u,u,6.0,6.0,172,172,False
D56,230,4.3665676500426605,4.3665676500426605,0.0,u,u,6.0,6.0,32,32,False
D56,231,4.362400983375994,4.362400983375994,0.0,u,u,6.0,6.0,32,32,False
D56,232,4.145567511580478,4.145567511580478,0.0,u,u,6.0,6.0,68,68,False
D56,233,2.38671830049568,2.3867183004956796,-4.440892098500626e-16,u,u,6.0,6.0,62,62,False
D56,234,2.3827897411079317,2.3827897411079313,-4.440892098500626e-16,u,u,6.0,6.0,62,62,False
D56,235,2.379515913522887,2.379515913522887,0.0,u,u,6.0,6.0,62,62,False
D56,236,2.381271866907241,2.3812718669072415,4.440892098500626e-16,u,u,6.0,6.0,62,62,False
D56,237,2.380855186192948,2.3808551861929477,-4.440892098500626e-16,u,u,6.0,6.0,62,62,False
D56,238,2.3815396989650504,2.3815396989650504,0.0,u,u,6.0,6.0,62,62,False
D56,239,2.3828492187609664,2.3828492187609664,0.0,u,u,6.0,6.0,62,62,False
D56,240,2.3863313445602765,2.3863313445602765,0.0,u,u,6.0,6.0,62,62,False
D56,241,5.243160943992772,5.2431609439927715,-8.881784197001252e-16,u,u,6.0,6.0,232,232,False
D56,242,5.2477145665948415,5.2477145665948415,0.0,u,u,6.0,6.0,232,232,False
D56,243,5.248547871832922,5.248547871832922,0.0,u,u,6.0,6.0,232,232,False
D56,244,5.246226389077788,5.246226389077788,0.0,u,u,6.0,6.0,232,232,False
D56,245,4.589665106908055,4.589665106908055,0.0,u,u,6.0,6.0,106,106,False
D56,246,5.240738429298954,5.240738429298954,0.0,u,u,6.0,6.0,239,239,False
D56,247,5.235321804775169,5.235321804775169,0.0,u,u,6.0,6.0,239,239,False
D56,248,4.54811700100427,4.54811700100427,0.0,u,u,6.0,6.0,153,153,False
D56,249,4.683530074894181,4.683530074894181,0.0,u,u,6.0,6.0,202,202,False
D56,250,4.431934841815953,4.431934841815953,0.0,u,u,6.0,6.0,165,165,False
D56,251,4.442976459315925,4.442976459315925,0.0,u,u,6.0,6.0,161,161,False
D56,252,4.44683363428193,4.44683363428193,0.0,u,u,6.0,6.0,161,161,False
D56,253,4.449440739009799,4.449440739009799,0.0,u,u,6.0,6.0,161,161,False
D56,254,4.452732356509771,4.452732356509771,0.0,u,u,6.0,6.0,161,161,False
D56,255,4.859922878856736,4.859922878856736,0.0,u,u,6.0,6.0,128,128,False
D56,256,2.253816868654161,2.253816868654161,0.0,u,u,6.0,6.0,52,52,False
D56,257,2.2584001879398667,2.2584001879398667,0.0,u,u,6.0,6.0,52,52,False
D56,258,3.484164211878431,3.484164211878431,0.0,u,u,6.0,6.0,30,30,False
D56,259,3.478866570755969,3.478866570755969,0.0,u,u,6.0,6.0,30,30,False
D56,260,5.373089573618655,5.373089573618655,0.0,u,u,6.0,6.0,232,232,False
D56,261,5.373387186645863,5.3733871866458625,-8.881784197001252e-16,u,u,6.0,6.0,232,232,False
D56,262,5.374964538499587,5.374964538499587,0.0,u,u,6.0,6.0,232,232,False
D56,263,5.374369340540427,5.374369340540427,0.0,u,u,6.0,6.0,232,232,False
D56,264,5.374964566594842,5.374964566594842,0.0,u,u,6.0,6.0,232,232,False
D56,265,5.058286014230907,5.058286014230907,0.0,u,u,6.0,6.0,240,240,False
D56,266,4.862702610659439,4.862702610659439,0.0,u,u,6.0,6.0,204,204,False
D56,267,4.864238330965565,4.864238330965565,0.0,u,u,6.0,6.0,204,204,False
D56,268,4.866428839264902,4.866428839264902,0.0,u,u,6.0,6.0,204,204,False
D56,269,4.898732475914601,4.898732475914601,0.0,u,u,6.0,6.0,185,185,False
D56,270,4.898434890982648,4.898434890982648,0.0,u,u,6.0,6.0,185,185,False
D56,271,4.903167058924839,4.903167058924839,0.0,u,u,6.0,6.0,185,185,False
D56,272,4.9072741917479625,4.9072741917479625,0.0,u,u,6.0,6.0,185,185,False
D56,273,5.398161056373788,5.398161056373788,0.0,u,u,6.0,6.0,256,256,False
D56,274,5.4025658865098825,5.4025658865098825,0.0,u,u,6.0,6.0,256,256,False
D56,275,5.407714735166367,5.407714735166367,0.0,u,u,6.0,6.0,256,256,False
D56,276,4.309122000345964,4.309122000345964,0.0,u,u,6.0,6.0,30,30,False
D56,277,4.309122000345964,4.309122000345964,0.0,u,u,6.0,6.0,30,30,False
D56,278,2.136465576834375,2.136465576834375,0.0,u,u,6.0,6.0,0,0,False
D56,279,2.1364655768343748,2.1364655768343748,0.0,u,u,6.0,6.0,0,0,False
D56,280,5.057244333516614,5.057244333516614,0.0,u,u,6.0,6.0,162,162,False
D56,281,5.050964594690097,5.050964594690097,0.0,u,u,6.0,6.0,162,162,False
D56,282,5.04563720069349,5.04563720069349,0.0,u,u,6.0,6.0,162,162,False
D56,283,5.039268118958778,5.039268118958778,0.0,u,u,6.0,6.0,162,162,False
D56,284,4.209785993159468,4.209785993159468,0.0,u,u,6.0,6.0,97,97,False
D56,285,4.203672892904363,4.203672892904363,0.0,u,u,6.0,6.0,97,97,False
D56,286,4.202107440795533,4.202107440795533,0.0,u,u,6.0,6.0,96,96,False
D56,287,5.62165505382274,5.62165505382274,0.0,u,u,6.0,6.0,257,257,False
D56,288,4.767857511033668,4.767857511033668,0.0,u,u,6.0,6.0,178,178,False
D56,289,4.651553895455412,4.651553895455412,0.0,u,u,6.0,6.0,157,157,False
D56,290,5.055309792649257,5.055309792649257,0.0,u,u,6.0,6.0,221,221,False
D56,291,4.949851424196856,4.949851424196856,0.0,u,u,6.0,6.0,211,211,False
D56,292,3.939649114486013,3.9396491144860133,4.440892098500626e-16,u,u,6.0,6.0,48,48,False
D56,293,3.947750265829528,3.9477502658295283,4.440892098500626e-16,u,u,6.0,6.0,48,48,False
D56,294,3.944405025727486,3.944405025727486,0.0,u,u,6.0,6.0,48,48,False
D56,295,3.99123243377172,3.9912324337717195,-4.440892098500626e-16,u,u,6.0,6.0,52,52,False
D56,296,4.684601466339737,4.684601466339737,0.0,u,u,6.0,6.0,183,183,False
D56,297,4.68780385331253,4.68780385331253,0.0,u,u,6.0,6.0,183,183,False
D56,298,4.6890121796220505,4.6890121796220505,0.0,u,u,6.0,6.0,183,183,False
D56,299,4.59276217962205,4.59276217962205,0.0,u,u,6.0,6.0,159,159,False
D56,300,5.411976529554059,5.411976529554059,0.0,u,u,6.0,6.0,226,226,False
D56,301,5.589089622785352,5.589089622785352,0.0,u,u,6.0,6.0,273,273,False
D56,302,5.591411049349976,5.591411049349976,0.0,u,u,6.0,6.0,273,273,False
D56,303,5.5957562894520185,5.5957562894520185,0.0,u,u,6.0,6.0,273,273,False
D56,304,4.241666932496195,4.241666932496195,0.0,u,u,6.0,6.0,52,52,False
D56,305,4.007756240285323,4.007756240285323,0.0,u,u,6.0,6.0,51,51,False
D56,306,4.091762186645864,4.091762186645864,0.0,u,u,6.0,6.0,52,52,False
D56,307,4.238285943992773,4.238285943992773,0.0,u,u,6.0,6.0,52,52,False
D56,308,4.485184771577817,4.485184771577817,0.0,u,u,6.0,6.0,197,197,False
D56,309,4.749041981662889,4.749041981662889,0.0,u,u,6.0,6.0,288,288,False
D56,310,4.75840501167986,4.7584050116798595,-8.881784197001252e-16,u,u,6.0,6.0,288,288,False
D56,311,4.77751215855061,4.77751215855061,0.0,u,u,6.0,6.0,278,278,False
D56,312,4.791839615761538,4.791839615761538,0.0,u,u,6.0,6.0,92,92,False
D56,313,4.79865513108469,4.79865513108469,0.0,u,u,6.0,6.0,92,92,False
D56,314,4.802375364162918,4.802375364162918,0.0,u,u,6.0,6.0,92,92,False
D56,315,5.037006303499645,5.037006303499645,0.0,u,u,6.0,6.0,161,161,False
D56,316,4.297202617683253,4.297202617683253,0.0,u,u,6.0,6.0,93,93,False
D56,317,4.050821748584662,4.050821748584662,0.0,u,u,6.0,6.0,80,80,False
D56,318,4.404452701969016,4.404452701969016,0.0,u,u,6.0,6.0,121,121,False
D56,319,4.391089594690098,4.391089594690098,0.0,u,u,6.0,6.0,120,120,False
D56,320,4.149684848839766,4.149684848839766,0.0,u,u,6.0,6.0,108,108,False
D56,321,4.14904790695199,4.14904790695199,0.0,u,u,6.0,6.0,108,108,False
D56,322,4.359071650251272,4.359071650251272,0.0,u,u,6.0,6.0,138,138,False
D56,323,5.004399107462199,5.004399107462199,0.0,u,u,6.0,6.0,184,184,False
D56,324,2.816298554138511,2.816298554138511,0.0,u,u,6.0,6.0,219,219,False
D56,325,2.819245015822203,2.819245015822203,0.0,u,u,6.0,6.0,219,219,False
D56,326,5.196869396730936,5.196869396730936,0.0,u,u,6.0,6.0,230,230,False
D56,327,5.114131268380577,5.114131268380577,0.0,u,u,6.0,6.0,237,237,False
D56,328,4.508458579548317,4.508458579548317,0.0,u,u,6.0,6.0,133,133,False
D56,329,4.505988304327207,4.505988304327207,0.0,u,u,6.0,6.0,133,133,False
D56,330,5.304202708992828,5.304202708992828,0.0,u,u,6.0,6.0,243,243,False
D56,331,4.504113464418018,4.504113464418018,0.0,u,u,6.0,6.0,146,146,False
D56,332,4.116196678346526,4.116196678346526,0.0,u,u,6.0,6.0,67,67,False
D56,333,4.679903860362982,4.679903860362982,0.0,u,u,6.0,6.0,114,114,False
D56,334,5.131875357139103,5.131875357139103,0.0,u,u,6.0,6.0,223,223,False
D56,335,5.125030088941808,5.1250300889418074,-8.881784197001252e-16,u,u,6.0,6.0,223,223,False
D56,336,5.123512242836371,5.123512242836371,0.0,u,u,6.0,6.0,223,223,False
D56,337,5.328089545523401,5.328089545523401,0.0,u,u,6.0,6.0,226,226,False
D56,338,5.456166981662889,5.456166981662889,0.0,u,u,6.0,6.0,258,258,False
D56,339,5.458547942071057,5.458547942071057,0.0,u,u,6.0,6.0,258,258,False
D56,340,5.458547913975802,5.458547913975802,0.0,u,u,6.0,6.0,258,258,False
D56,341,4.481121356930493,4.481121356930493,0.0,u,u,6.0,6.0,76,76,False
D56,342,3.6599976856880327,3.6599976856880327,0.0,u,u,6.0,6.0,126,126,False
D56,343,3.654372678664219,3.6543726786642194,4.440892098500626e-16,u,u,6.0,6.0,126,126,False
D56,344,3.6499679047186335,3.6499679047186344,8.881784197001252e-16,u,u,6.0,6.0,126,126,False
D56,345,5.148815746033611,5.148815746033611,0.0,u,u,6.0,6.0,218,218,False
D56,346,4.986327716016642,4.986327716016642,0.0,u,u,6.0,6.0,187,187,False
D56,347,5.34854782969004,5.34854782969004,0.0,u,u,6.0,6.0,230,230,False
D56,348,5.318833564043792,5.318833564043792,0.0,u,u,6.0,6.0,232,232,False
D56,349,4.367928867360158,4.367928867360158,0.0,u,u,6.0,6.0,118,118,False
D56,350,4.372262144502983,4.372262144502983,0.0,u,u,6.0,6.0,118,118,False
D56,351,4.260065788176494,4.260065788176494,0.0,u,u,6.0,6.0,91,91,False
D56,352,4.14647048486013,4.14647048486013,0.0,u,u,6.0,6.0,90,90,False
D56,353,4.492702737088083,4.492702737088083,0.0,u,u,6.0,6.0,144,144,False
D56,354,4.339702737088083,4.339702737088083,0.0,u,u,6.0,6.0,150,150,False
D56,355,4.328470597241146,4.328470597241146,0.0,u,u,6.0,6.0,150,150,False
D56,356,4.322774065319319,4.322774065319319,0.0,u,u,6.0,6.0,150,150,False
D56,357,4.814434806696886,4.814434806696886,0.0,u,u,6.0,6.0,135,135,False
D56,358,2.520919619152993,2.5209196191529926,-4.440892098500626e-16,u,u,6.0,6.0,173,173,False
D56,359,2.522229167044165,2.5222291670441654,4.440892098500626e-16,u,u,6.0,6.0,173,173,False
D56,360,2.5283601134047022,2.5283601134047022,0.0,u,u,6.0,6.0,173,173,False
D56,361,5.230994319468987,5.230994319468987,0.0,u,u,6.0,6.0,222,222,False
D56,362,5.162452694945201,5.162452694945201,0.0,u,u,6.0,6.0,227,227,False
D56,363,4.389387123431542,4.389387123431542,0.0,u,u,6.0,6.0,156,156,False
D56,364,4.38922645229211,4.38922645229211,0.0,u,u,6.0,6.0,156,156,False
D56,365,4.387815710914544,4.387815710914544,0.0,u,u,6.0,6.0,156,156,False
D56,366,4.386226452292111,4.386226452292111,0.0,u,u,6.0,6.0,156,156,False
D56,367,5.13140507489418,5.13140507489418,0.0,u,u,6.0,6.0,208,208,False
D56,368,5.129500329043849,5.129500329043849,0.0,u,u,6.0,6.0,208,208,False
D56,369,4.040880639502183,4.040880639502183,0.0,u,u,6.0,6.0,241,241,False
D56,370,4.042130653549814,4.042130653549814,0.0,u,u,6.0,6.0,241,241,False
D56,371,5.079488443346581,5.079488443346581,0.0,u,u,6.0,6.0,209,209,False
D56,372,5.206476494434991,5.206476494434991,0.0,u,u,6.0,6.0,221,221,False
D56,373,5.2014467696561,5.2014467696561,0.0,u,u,6.0,6.0,221,221,False
D56,374,4.416541911424754,4.416541911424754,0.0,u,u,6.0,6.0,162,162,False
D56,375,4.4244764101492295,4.4244764101492295,0.0,u,u,6.0,6.0,162,162,False
D56,376,4.4284823775812105,4.4284823775812105,0.0,u,u,6.0,6.0,162,162,False
D56,377,4.431714573618656,4.431714573618656,0.0,u,u,6.0,6.0,162,162,False
D56,378,4.9911014452682965,4.9911014452682965,0.0,u,u,6.0,6.0,245,245,False
D56,379,4.994702694945201,4.994702694945201,0.0,u,u,6.0,6.0,245,245,False
D56,380,4.99851229902688,4.9985122990268795,-8.881784197001252e-16,u,u,6.0,6.0,245,245,False
D56,381,5.121893140030218,5.121893140030218,0.0,u,u,6.0,6.0,218,218,False
D56,382,4.268387151526797,4.268387151526797,0.0,u,u,6.0,6.0,132,132,False
D56,383,4.272869277326107,4.272869277326107,0.0,u,u,6.0,6.0,132,132,False
D56,384,4.184065809247935,4.184065809247935,0.0,u,u,6.0,6.0,108,108,False
D56,385,4.189500279877156,4.189500279877156,0.0,u,u,6.0,6.0,108,108,False
D56,386,5.186030110013248,5.186030110013248,0.0,u,u,6.0,6.0,234,234,False
D56,387,5.185732440795532,5.185732440795532,0.0,u,u,6.0,6.0,234,234,False
D56,388,4.995589580642469,4.995589580642469,0.0,u,u,6.0,6.0,241,241,False
D56,389,4.999905067870366,4.999905067870366,0.0,u,u,6.0,6.0,241,241,False
D56,390,4.998553909503039,4.9985539095030385,-8.881784197001252e-16,u,u,6.0,6.0,200,200,False
D56,391,4.963559813720697,4.963559813720697,0.0,u,u,6.0,6.0,225,225,False
D56,392,4.161964566594843,4.161964566594843,0.0,u,u,6.0,6.0,109,109,False
D56,393,4.159482384605025,4.159482384605025,0.0,u,u,6.0,6.0,109,109,False
D56,394,4.157982384605025,4.157982384605025,0.0,u,u,6.0,6.0,109,109,False
D56,395,4.159875223686647,4.159875223686647,0.0,u,u,6.0,6.0,109,109,False
D56,396,4.055345512955384,4.055345512955384,0.0,u,u,6.0,6.0,79,79,False
D56,397,4.050809792649258,4.050809792649258,0.0,u,u,6.0,6.0,79,79,False
D56,398,3.955637221764932,3.9556372217649316,-4.440892098500626e-16,u,u,6.0,6.0,48,48,False
D56,399,4.535726019866398,4.535726019866398,0.0,u,u,6.0,6.0,238,238,False
D56,400,4.533017609271117,4.533017609271117,0.0,u,u,6.0,6.0,238,238,False
D56,401,4.991524086390758,4.991524086390758,0.0,u,u,6.0,6.0,242,242,False
D56,402,5.488196734537032,5.488196734537032,0.0,u,u,6.0,6.0,240,240,False
D56,403,5.000440724962171,5.000440724962171,0.0,u,u,6.0,6.0,168,168,False
D56,404,4.502458137400407,4.5024581374004065,-8.881784197001252e-16,u,u,6.0,6.0,83,83,False
D56,405,4.505464104832388,4.505464104832388,0.0,u,u,6.0,6.0,83,83,False
D56,406,4.74041696059145,4.74041696059145,0.0,u,u,6.0,6.0,105,105,False
D56,407,4.6181014101492295,4.6181014101492295,0.0,u,u,6.0,6.0,193,193,False
D56,408,4.625529969536977,4.625529969536977,0.0,u,u,6.0,6.0,193,193,False
D56,409,4.630577624707065,4.630577624707065,0.0,u,u,6.0,6.0,193,193,False
D56,410,4.631220421645807,4.631220421645807,0.0,u,u,6.0,6.0,193,193,False
D56,411,4.490303895455412,4.490303895455412,0.0,u,u,6.0,6.0,163,163,False
D56,412,4.538158451770378,4.538158451770378,0.0,u,u,6.0,6.0,208,208,False
D56,413,4.534140633760196,4.534140633760196,0.0,u,u,6.0,6.0,208,208,False
D56,414,4.842541932496195,4.842541932496195,0.0,u,u,6.0,6.0,152,152,False
D56,415,4.838077624707067,4.838077624707067,0.0,u,u,6.0,6.0,152,152,False
D56,416,4.7618217134655945,4.7618217134655945,0.0,u,u,6.0,6.0,126,126,False
D56,417,4.758696706441781,4.758696706441781,0.0,u,u,6.0,6.0,126,126,False
D56,418,2.417179982956896,2.417179982956896,0.0,u,u,6.0,6.0,152,152,False
D56,419,4.515021520079912,4.515021520079912,0.0,u,u,6.0,6.0,171,171,False
D56,420,4.153666988686704,4.1536669886867035,-8.881784197001252e-16,u,u,6.0,6.0,112,112,False
D56,421,4.810666967615263,4.810666967615263,0.0,u,u,6.0,6.0,110,110,False
D56,422,4.803791974639077,4.803791974639077,0.0,u,u,6.0,6.0,110,110,False
D56,423,4.697738323941752,4.697738323941752,0.0,u,u,6.0,6.0,195,195,False
D56,424,4.699393140030217,4.699393140030217,0.0,u,u,6.0,6.0,195,195,False
D56,425,4.701018090863522,4.701018090863522,0.0,u,u,6.0,6.0,195,195,False
D56,426,4.706095442717248,4.706095442717248,0.0,u,u,6.0,6.0,195,195,False
D56,427,4.711351452292111,4.711351452292111,0.0,u,u,6.0,6.0,195,195,False
D56,428,4.719047899928176,4.719047899928176,0.0,u,u,6.0,6.0,195,195,False
D56,429,4.725821671322712,4.725821671322712,0.0,u,u,6.0,6.0,195,195,False
D56,430,4.729113316917937,4.729113316917937,0.0,u,u,6.0,6.0,195,195,False
D56,431,4.73175023071046,4.73175023071046,0.0,u,u,6.0,6.0,195,195,False
D56,432,4.735875181543765,4.735875181543765,0.0,u,u,6.0,6.0,195,195,False
D56,433,4.884899002104996,4.884899002104996,0.0,u,u,6.0,6.0,214,214,False
D56,434,2.5396994141700184,2.5396994141700184,0.0,u,u,6.0,6.0,173,173,False
D56,435,5.120095498907755,5.120095498907755,0.0,u,u,6.0,6.0,236,236,False
D56,436,5.428756303499643,5.428756303499643,0.0,u,u,6.0,6.0,257,257,False
D56,437,5.424440816271746,5.424440816271746,0.0,u,u,6.0,6.0,257,257,False
D56,438,4.131024149605081,4.131024149605081,0.0,u,u,6.0,6.0,78,78,False
D56,439,4.303541946543826,4.303541946543826,0.0,u,u,6.0,6.0,103,103,False
D56,440,4.304214552547216,4.304214552547216,0.0,u,u,6.0,6.0,103,103,False
D56,441,4.726940739009798,4.726940739009798,0.0,u,u,6.0,6.0,211,211,False
D56,442,4.716899051271686,4.716899051271686,0.0,u,u,6.0,6.0,211,211,False
D56,443,4.673928832241085,4.673928832241085,0.0,u,u,6.0,6.0,207,207,False
D56,444,4.6828455410506376,4.6828455410506376,0.0,u,u,6.0,6.0,207,207,False
D56,445,4.689232440795532,4.689232440795532,0.0,u,u,6.0,6.0,207,207,False
D56,446,5.279375322020036,5.2793753220200355,-8.881784197001252e-16,u,u,6.0,6.0,246,246,False
D56,447,4.3458098277683215,4.3458098277683215,0.0,u,u,6.0,6.0,104,104,False
D56,448,4.348178853312531,4.348178853312531,0.0,u,u,6.0,6.0,104,104,False
D56,449,4.349208578091421,4.349208578091421,0.0,u,u,6.0,6.0,104,104,False
D56,450,4.61788717962205,4.61788717962205,0.0,u,u,6.0,6.0,178,178,False
D56,451,4.609482377581207,4.609482377581207,0.0,u,u,6.0,6.0,178,178,False
D56,452,4.602297864809109,4.602297864809109,0.0,u,u,6.0,6.0,178,178,False
D56,453,4.431803825217282,4.431803825217282,0.0,u,u,6.0,6.0,127,127,False
D56,454,4.387036007207096,4.3870360072070955,-8.881784197001252e-16,u,u,6.0,6.0,165,165,False
D56,455,5.080160979111839,5.080160979111839,0.0,u,u,6.0,6.0,239,239,False
D56,456,5.075845519979196,5.075845519979196,0.0,u,u,6.0,6.0,239,239,False
D56,457,4.503113373108446,4.503113373108446,0.0,u,u,6.0,6.0,177,177,False
D56,458,4.339887242836372,4.339887242836372,0.0,u,u,6.0,6.0,139,139,False
D56,459,4.145839594690098,4.145839594690098,0.0,u,u,6.0,6.0,112,112,False
D56,460,4.142821720489408,4.142821720489408,0.0,u,u,6.0,6.0,112,112,False
D56,461,4.238428867360158,4.238428867360158,0.0,u,u,6.0,6.0,112,112,False
D56,462,5.134541946543822,5.134541946543822,0.0,u,u,6.0,6.0,232,232,False
D56,463,2.3779631713195983,2.3779631713195983,0.0,u,u,6.0,6.0,247,247,False
D56,464,4.1073991074622,4.1073991074622,0.0,u,u,6.0,6.0,83,83,False
D56,465,4.202387228788745,4.202387228788745,0.0,u,u,6.0,6.0,83,83,False
D56,466,3.765276974372886,3.765276974372886,0.0,u,u,6.0,6.0,238,238,False
D56,467,5.033672920999616,5.033672920999616,0.0,u,u,6.0,6.0,234,234,False
D56,468,5.030369368635681,5.030369368635681,0.0,u,u,6.0,6.0,234,234,False
D56,469,5.029655046798926,5.029655046798926,0.0,u,u,6.0,6.0,234,234,False
D56,470,5.027095512955383,5.027095512955383,0.0,u,u,6.0,6.0,234,234,False
D56,471,5.019268147054031,5.019268147054031,0.0,u,u,6.0,6.0,234,234,False
D56,472,5.045422998261565,5.045422998261565,0.0,u,u,6.0,6.0,223,223,False
D56,473,5.047476564673127,5.047476564673127,0.0,u,u,6.0,6.0,223,223,False
D56,474,5.049827716016642,5.049827716016642,0.0,u,u,6.0,6.0,223,223,False
D56,475,5.055393133006404,5.055393133006404,0.0,u,u,6.0,6.0,223,223,False
D56,476,4.228012200693492,4.228012200693492,0.0,u,u,6.0,6.0,112,112,False
D56,477,4.226333627258116,4.226333627258116,0.0,u,u,6.0,6.0,112,112,False
D56,478,4.643794690635116,4.643794690635116,0.0,u,u,6.0,6.0,224,224,False
D56,479,4.661651809410615,4.661651809410615,0.0,u,u,6.0,6.0,224,224,False
D56,480,4.657901767267734,4.657901767267734,0.0,u,u,6.0,6.0,224,224,False
D56,481,5.093893154077844,5.093893154077844,0.0,u,u,6.0,6.0,252,252,False
D56,482,5.212714538499588,5.212714538499588,0.0,u,u,6.0,6.0,236,236,False
D56,483,5.208964552547214,5.208964552547214,0.0,u,u,6.0,6.0,236,236,False
D56,484,5.210780039775112,5.210780039775112,0.0,u,u,6.0,6.0,236,236,False
D56,485,4.591464566594842,4.591464566594842,0.0,u,u,6.0,6.0,195,195,False
D56,486,4.715720548074452,4.715720548074452,0.0,u,u,6.0,6.0,84,84,False
D56,487,4.7131609580404,4.7131609580404,0.0,u,u,6.0,6.0,84,84,False
D56,488,4.755244305421361,4.755244305421361,0.0,u,u,6.0,6.0,126,126,False
D56,489,4.431478447610735,4.431478447610735,0.0,u,u,6.0,6.0,60,60,False
D56,490,4.422252247100525,4.422252247100525,0.0,u,u,6.0,6.0,60,60,False
D56,491,4.4143057854168335,4.4143057854168335,0.0,u,u,6.0,6.0,60,60,False
D56,492,4.413829655144759,4.413829655144759,0.0,u,u,6.0,6.0,60,60,False
D56,493,4.414067790518931,4.414067790518931,0.0,u,u,6.0,6.0,60,60,False
D56,494,4.41400820048488,4.41400820048488,0.0,u,u,6.0,6.0,60,60,False
D56,495,4.415377226029085,4.415377226029085,0.0,u,u,6.0,6.0,60,60,False
D56,496,4.416627240076712,4.416627240076712,0.0,u,u,6.0,6.0,60,60,False
D56,497,5.405720674503094,5.405720674503094,0.0,u,u,6.0,6.0,256,256,False
D56,498,5.400065858414628,5.400065858414628,0.0,u,u,6.0,6.0,256,256,False
D56,499,5.393756310523457,5.393756310523457,0.0,u,u,6.0,6.0,256,256,False
D56,500,5.38860751805748,5.38860751805748,0.0,u,u,6.0,6.0,256,256,False
D56,501,3.603744304083733,3.603744304083733,0.0,u,u,6.0,6.0,64,64,False
D56,502,5.3083574407955325,5.3083574407955325,0.0,u,u,6.0,6.0,233,233,False
D56,503,5.3008277160166415,5.3008277160166415,0.0,u,u,6.0,6.0,233,233,False
D56,504,3.749558293828464,3.749558293828464,0.0,u,u,6.0,6.0,173,173,False
D56,505,4.690321671322716,4.690321671322716,0.0,u,u,6.0,6.0,207,207,False
D56,506,4.350083690472438,4.350083690472438,0.0,u,u,6.0,6.0,139,139,False
D56,507,4.66047643122067,4.66047643122067,0.0,u,u,6.0,6.0,197,197,False
D56,508,4.66686335906082,4.66686335906082,0.0,u,u,6.0,6.0,197,197,False
D56,509,4.670214566594847,4.670214566594847,0.0,u,u,6.0,6.0,197,197,False
D56,510,4.67225625433295,4.67225625433295,0.0,u,u,6.0,6.0,197,197,False
D56,511,4.843077723040457,4.843077723040457,0.0,u,u,6.0,6.0,154,154,False
F5,0,1.3833308929245645,1.3833308929245645,0.0,freeform,freeform,5.0,5.0,94,94,False
F5,1,1.3986582588259164,1.3986582588259164,0.0,freeform,freeform,5.0,5.0,94,94,False
F5,2,1.6474622038491755,1.6474622038491755,0.0,freeform,freeform,5.0,5.0,82,82,False
F5,3,1.65454557932539,1.65454557932539,0.0,freeform,freeform,5.0,5.0,82,82,False
F5,4,4.281662612810733,4.281662612810733,0.0,freeform,freeform,5.0,5.0,245,245,False
F5,5,4.2962757973516,4.2962757973516,0.0,freeform,freeform,5.0,5.0,245,245,False
F5,6,4.2852043567393485,4.2852043567393485,0.0,freeform,freeform,5.0,5.0,245,245,False
F5,7,4.2668113490862005,4.2668113490862005,0.0,freeform,freeform,5.0,5.0,245,245,False
F5,8,4.259043488933138,4.259043488933138,0.0,freeform,freeform,5.0,5.0,245,245,False
F5,9,6.076646241416995,6.076646241416995,0.0,u,u,5.0,5.0,248,248,False
F5,10,5.813235359563157,5.813235359563157,0.0,u,u,5.0,5.0,222,222,False
F5,11,5.81974127080463,5.81974127080463,0.0,u,u,5.0,5.0,222,222,False
F5,12,5.831872301450933,5.831872301450933,0.0,u,u,5.0,5.0,222,222,False
F5,13,1.6476586415578454,1.6476586415578454,0.0,freeform,freeform,5.0,5.0,213,213,False
F5,14,1.6478074059285677,1.6478074059285677,0.0,freeform,freeform,5.0,5.0,213,213,False
F5,15,1.6479264736156538,1.6479264736156538,0.0,freeform,freeform,5.0,5.0,213,213,False
F5,16,1.6480455413027402,1.6480455413027402,0.0,freeform,freeform,5.0,5.0,213,213,False
F5,17,3.267894636588588,3.267894636588588,0.0,freeform,freeform,5.0,5.0,250,250,False
F5,18,3.2246207247177816,3.2246207247177816,0.0,freeform,freeform,5.0,5.0,248,248,False
F5,19,3.1988171442585926,3.1988171442585926,0.0,freeform,freeform,5.0,5.0,246,246,False
F5,20,1.2379470777396246,1.2379470777396246,0.0,freeform,freeform,5.0,5.0,54,54,False
F5,21,1.2380661173314569,1.2380661173314569,0.0,freeform,freeform,5.0,5.0,54,54,False
F5,22,1.1308604078237334,1.1308604078237334,0.0,freeform,freeform,5.0,5.0,28,28,False
F5,23,1.129163988282922,1.129163988282922,0.0,freeform,freeform,5.0,5.0,28,28,False
F5,24,2.8661229974178943,2.8661229974178943,0.0,freeform,freeform,5.0,5.0,212,212,False
F5,25,2.817075257962044,2.8170752579620437,-4.440892098500626e-16,freeform,freeform,5.0,5.0,210,210,False
F5,26,2.803950279033484,2.803950279033484,0.0,freeform,freeform,5.0,5.0,208,208,False
F5,27,2.7436223231317944,2.7436223231317944,0.0,freeform,freeform,5.0,5.0,208,208,False
F5,28,5.629021227369367,5.629021227369367,0.0,u,u,5.0,5.0,157,157,False
F5,29,5.371675692267157,5.371675692267157,0.0,u,u,5.0,5.0,153,153,False
F5,30,5.619753339121051,5.619753339121051,0.0,u,u,5.0,5.0,157,157,False
F5,31,4.581708367531308,4.5817083675313075,-8.881784197001252e-16,freeform,freeform,5.0,5.0,293,293,False
F5,32,5.471324583066523,5.471324583066523,0.0,u,u,5.0,5.0,179,179,False
F5,33,5.797247441927205,5.797247441927205,0.0,u,u,5.0,5.0,195,195,False
F5,34,6.445914389546414,6.445914389546414,0.0,u,u,5.0,5.0,293,293,False
F5,35,6.12274747002246,6.12274747002246,0.0,u,u,5.0,5.0,251,251,False
F5,36,5.055556659699138,5.055556659699138,0.0,u,u,5.0,5.0,96,96,False
F5,37,5.089717436195773,5.089717436195773,0.0,u,u,5.0,5.0,97,97,False
F5,38,5.097378163525712,5.097378163525712,0.0,u,u,5.0,5.0,97,97,False
F5,39,5.084997167998476,5.084997167998476,0.0,u,u,5.0,5.0,96,96,False
F5,40,5.838568924682337,5.838568924682337,0.0,u,u,5.0,5.0,197,197,False
F5,41,5.865045026859158,5.865045026859158,0.0,u,u,5.0,5.0,201,201,False
F5,42,5.826062950226543,5.826062950226543,0.0,u,u,5.0,5.0,196,196,False
F5,43,5.682360514087055,5.682360514087055,0.0,u,u,5.0,5.0,167,167,False
F5,44,4.772305500549807,4.772305500549807,0.0,freeform,freeform,5.0,5.0,303,303,False
F5,45,4.482699310517991,4.482699310517991,0.0,freeform,freeform,5.0,5.0,270,270,False
F5,46,4.467103915892052,4.467103915892052,0.0,freeform,freeform,5.0,5.0,268,268,False
F5,47,4.45174682521181,4.45174682521181,0.0,freeform,freeform,5.0,5.0,268,268,False
F5,48,5.159306729937274,5.159306729937274,0.0,u,u,5.0,5.0,116,116,False
F5,49,5.140306729937274,5.140306729937274,0.0,u,u,5.0,5.0,116,116,False
F5,50,5.4910984176753805,5.4910984176753805,0.0,u,u,5.0,5.0,120,120,False
F5,51,5.523318622658355,5.523318622658355,0.0,u,u,5.0,5.0,120,120,False
F5,52,5.791110373610785,5.791110373610785,0.0,u,u,5.0,5.0,177,177,False
F5,53,5.95271172162108,5.95271172162108,0.0,u,u,5.0,5.0,213,213,False
F5,54,5.953265231842133,5.953265231842133,0.0,u,u,5.0,5.0,213,213,False
F5,55,5.958312774631205,5.958312774631205,0.0,u,u,5.0,5.0,213,213,False
F5,56,2.2073996481114038,2.2073996481114033,-4.440892098500626e-16,freeform,freeform,5.0,5.0,102,102,False
F5,57,2.2110306225671983,2.2110306225671983,0.0,freeform,freeform,5.0,5.0,102,102,False
F5,58,2.207250911835935,2.207250911835935,0.0,freeform,freeform,5.0,5.0,102,102,False
F5,59,3.035683462118532,3.035683462118532,0.0,freeform,freeform,5.0,5.0,207,207,False
F5,60,4.841080445141301,4.841080445141301,0.0,u,u,5.0,5.0,32,32,False
F5,61,4.839425685243343,4.839425685243343,0.0,u,u,5.0,5.0,32,32,False
F5,62,4.934003219716221,4.934003219716221,0.0,u,u,5.0,5.0,50,50,False
F5,63,4.91952095344064,4.91952095344064,0.0,u,u,5.0,5.0,48,48,False
F5,64,5.060973340413432,5.060973340413432,0.0,u,u,5.0,5.0,82,82,False
F5,65,5.211646016654962,5.211646016654962,0.0,u,u,5.0,5.0,90,90,False
F5,66,5.356306631603884,5.356306631603884,0.0,u,u,5.0,5.0,144,144,False
F5,67,2.6861372234718126,2.6861372234718126,0.0,freeform,freeform,5.0,5.0,198,198,False
F5,68,1.8976414144463871,1.8976414144463871,0.0,freeform,freeform,5.0,5.0,227,227,False
F5,69,1.896212826963385,1.8962128269633847,-2.220446049250313e-16,freeform,freeform,5.0,5.0,227,227,False
F5,70,3.1768786412732624,3.1768786412732624,0.0,freeform,freeform,5.0,5.0,242,242,False
F5,71,2.857582868939975,2.857582868939975,0.0,freeform,freeform,5.0,5.0,265,265,False
F5,72,1.6592412664525142,1.6592412664525142,0.0,freeform,freeform,5.0,5.0,205,205,False
F5,73,1.659717452915097,1.659717452915097,0.0,freeform,freeform,5.0,5.0,205,205,False
F5,74,3.320678581298434,3.320678581298434,0.0,freeform,freeform,5.0,5.0,249,249,False
F5,75,5.253550811671987,5.253550811671987,0.0,u,u,5.0,5.0,117,117,False
F5,76,4.904461447692351,4.904461447692351,0.0,u,u,5.0,5.0,48,48,False
F5,77,2.4045456439153523,2.4045456439153523,0.0,freeform,freeform,5.0,5.0,159,159,False
F5,78,2.67943738030376,2.6794373803037597,-4.440892098500626e-16,freeform,freeform,5.0,5.0,247,247,False
F5,79,2.6904493713582305,2.6904493713582305,0.0,freeform,freeform,5.0,5.0,247,247,False
F5,80,2.668901744283396,2.668901744283396,0.0,freeform,freeform,5.0,5.0,245,245,False
F5,81,4.581633976629725,4.581633976629725,0.0,freeform,freeform,5.0,5.0,278,278,False
F5,82,3.3015156681196687,3.3015156681196687,0.0,freeform,freeform,5.0,5.0,251,251,False
F5,83,3.2966347639020093,3.2966347639020093,0.0,freeform,freeform,5.0,5.0,251,251,False
F5,84,3.3138966566230907,3.3138966566230907,0.0,freeform,freeform,5.0,5.0,251,251,False
F5,85,1.7553895178487693,1.7553895178487693,0.0,freeform,freeform,5.0,5.0,158,158,False
F5,86,1.7367012250024711,1.7367012250024711,0.0,freeform,freeform,5.0,5.0,172,172,False
F5,87,1.7336357799174549,1.7336357799174547,-2.220446049250313e-16,freeform,freeform,5.0,5.0,172,172,False
F5,88,1.7329215142712078,1.7329215142712078,0.0,freeform,freeform,5.0,5.0,172,172,False
F5,89,2.7326823310076778,2.7326823310076778,0.0,freeform,freeform,5.0,5.0,248,248,False
F5,90,2.534079755297311,2.534079755297311,0.0,freeform,freeform,5.0,5.0,225,225,False
F5,91,4.443329199337675,4.443329199337675,0.0,freeform,freeform,5.0,5.0,295,295,False
F5,92,3.3845534607943577,3.3845534607943577,0.0,freeform,freeform,5.0,5.0,254,254,False
F5,93,5.598556751008714,5.598556751008714,0.0,u,u,5.0,5.0,163,163,False
F5,94,5.589527110515586,5.589527110515586,0.0,u,u,5.0,5.0,163,163,False
F5,95,5.461985429801293,5.461985429801293,0.0,u,u,5.0,5.0,132,132,False
F5,96,5.462687760583576,5.462687760583576,0.0,u,u,5.0,5.0,132,132,False
F5,97,5.764533099019008,5.764533099019008,0.0,u,u,5.0,5.0,202,202,False
F5,98,5.76636634806658,5.76636634806658,0.0,u,u,5.0,5.0,202,202,False
F5,99,5.7701045115360055,5.7701045115360055,0.0,u,u,5.0,5.0,202,202,False
F5,100,5.822116530685731,5.822116530685731,0.0,u,u,5.0,5.0,206,206,False
F5,101,1.4075472979271315,1.4075472979271317,2.220446049250313e-16,freeform,freeform,5.0,5.0,104,104,False
F5,102,1.8656341510557004,1.8656341510557004,0.0,freeform,freeform,5.0,5.0,167,167,False
F5,103,1.874503260885668,1.874503260885668,0.0,freeform,freeform,5.0,5.0,167,167,False
F5,104,1.8455151395591227,1.8455151395591227,0.0,freeform,freeform,5.0,5.0,165,165,False
F5,105,4.654087608096351,4.654087608096351,0.0,freeform,freeform,5.0,5.0,296,296,False
F5,106,3.56732255211631,3.56732255211631,0.0,freeform,freeform,5.0,5.0,335,335,False
F5,107,5.180038701212686,5.180038701212686,0.0,u,u,5.0,5.0,112,112,False
F5,108,5.188538729307941,5.188538729307941,0.0,u,u,5.0,5.0,112,112,False
F5,109,5.1965923519100095,5.1965923519100095,0.0,u,u,5.0,5.0,112,112,False
F5,110,5.20518158243719,5.20518158243719,0.0,u,u,5.0,5.0,112,112,False
F5,111,3.339644240508928,3.339644240508928,0.0,freeform,freeform,5.0,5.0,268,268,False
F5,112,3.3327990565973926,3.3327990565973926,0.0,freeform,freeform,5.0,5.0,268,268,False
F5,113,2.0805159806694395,2.0805159806694395,0.0,freeform,freeform,5.0,5.0,247,247,False
F5,114,2.0803671601082088,2.0803671601082088,0.0,freeform,freeform,5.0,5.0,247,247,False
F5,115,3.029478318781776,3.029478318781776,0.0,freeform,freeform,5.0,5.0,201,201,False
F5,116,2.6592953760736564,2.6592953760736564,0.0,freeform,freeform,5.0,5.0,204,204,False
F5,117,2.6754858562777404,2.6754858562777404,0.0,freeform,freeform,5.0,5.0,206,206,False
F5,118,5.613693348729627,5.613693348729627,0.0,u,u,5.0,5.0,216,216,False
F5,119,5.609633842981339,5.609633842981339,0.0,u,u,5.0,5.0,216,216,False
F5,120,5.618312444511967,5.618312444511967,0.0,u,u,5.0,5.0,216,216,False
F5,121,5.633032705685451,5.633032705685451,0.0,u,u,5.0,5.0,216,216,False
F5,122,2.1922117557667127,2.1922117557667127,0.0,freeform,freeform,5.0,5.0,259,259,False
F5,123,2.2254561114301543,2.2254561114301543,0.0,freeform,freeform,5.0,5.0,259,259,False
F5,124,2.222896577586611,2.222896577586611,0.0,freeform,freeform,5.0,5.0,259,259,False
F5,125,3.0697243093298376,3.0697243093298376,0.0,freeform,freeform,5.0,5.0,226,226,False
F5,126,4.915294724835175,4.915294724835175,0.0,u,u,5.0,5.0,48,48,False
F5,127,4.913794724835176,4.913794724835176,0.0,u,u,5.0,5.0,48,48,False
F5,128,5.248252966858932,5.248252966858932,0.0,u,u,5.0,5.0,140,140,False
F5,129,5.277586356382775,5.277586356382775,0.0,u,u,5.0,5.0,142,142,False
F5,130,3.44495626381152,3.4449562638115196,-4.440892098500626e-16,freeform,freeform,5.0,5.0,280,280,False
F5,131,3.452396814253739,3.452396814253739,0.0,freeform,freeform,5.0,5.0,278,278,False
F5,132,2.712966237200374,2.712966237200374,0.0,freeform,freeform,5.0,5.0,247,247,False
F5,133,2.721061519445297,2.721061519445297,0.0,freeform,freeform,5.0,5.0,247,247,False
F5,134,2.501415945586537,2.501415945586537,0.0,freeform,freeform,5.0,5.0,170,170,False
F5,135,1.9408130598868152,1.9408130598868152,0.0,freeform,freeform,5.0,5.0,193,193,False
F5,136,5.042818468134458,5.042818468134458,0.0,u,u,5.0,5.0,78,78,False
F5,137,5.041705367879352,5.041705367879352,0.0,u,u,5.0,5.0,78,78,False
F5,138,5.040383997505236,5.040383997505236,0.0,u,u,5.0,5.0,78,78,False
F5,139,5.038467316790943,5.038467316790943,0.0,u,u,5.0,5.0,78,78,False
F5,140,5.386687430464341,5.386687430464341,0.0,u,u,5.0,5.0,165,165,False
F5,141,5.410276717182029,5.410276717182029,0.0,u,u,5.0,5.0,167,167,False
F5,142,5.15909827719911,5.15909827719911,0.0,u,u,5.0,5.0,104,104,False
F5,143,1.885724170928623,1.885724170928623,0.0,freeform,freeform,5.0,5.0,241,241,False
F5,144,1.85423613388784,1.8542361338878401,2.220446049250313e-16,freeform,freeform,5.0,5.0,239,239,False
F5,145,1.955093811226808,1.9550938112268081,2.220446049250313e-16,freeform,freeform,5.0,5.0,242,242,False
F5,146,4.17334379071552,4.17334379071552,0.0,freeform,freeform,5.0,5.0,243,243,False
F5,147,1.9988120834565923,1.9988120834565923,0.0,freeform,freeform,5.0,5.0,198,198,False
F5,148,2.244136667334375,2.244136667334375,0.0,freeform,freeform,5.0,5.0,94,94,False
F5,149,2.2939585715183206,2.2939585715183206,0.0,freeform,freeform,5.0,5.0,104,104,False
F5,150,1.54728902340199,1.54728902340199,0.0,freeform,freeform,5.0,5.0,136,136,False
F5,151,5.847568362777254,5.847568362777254,0.0,u,u,5.0,5.0,267,267,False
F5,152,5.855979047964312,5.855979047964312,0.0,u,u,5.0,5.0,267,267,False
F5,153,5.912544605430346,5.912544605430346,0.0,u,u,5.0,5.0,271,271,False
F5,154,5.94940780401884,5.94940780401884,0.0,u,u,5.0,5.0,275,275,False
F5,155,5.551169823168564,5.551169823168564,0.0,u,u,5.0,5.0,193,193,False
F5,156,1.7832573741676514,1.7832573741676514,0.0,freeform,freeform,5.0,5.0,192,192,False
F5,157,1.7758169080111943,1.7758169080111945,2.220446049250313e-16,freeform,freeform,5.0,5.0,192,192,False
F5,158,2.256741903996764,2.2567419039967636,-4.440892098500626e-16,freeform,freeform,5.0,5.0,122,122,False
F5,159,2.257694333112438,2.257694333112438,0.0,freeform,freeform,5.0,5.0,122,122,False
F5,160,1.5519351769084906,1.5519351769084906,0.0,freeform,freeform,5.0,5.0,68,68,False
F5,161,1.5426792235241362,1.5426792235241362,0.0,freeform,freeform,5.0,5.0,68,68,False
F5,162,1.5145332452825542,1.5145332452825542,0.0,freeform,freeform,5.0,5.0,117,117,False
F5,163,1.7895348249879468,1.7895348249879468,0.0,freeform,freeform,5.0,5.0,139,139,False
F5,164,5.008235261229768,5.008235261229768,0.0,u,u,5.0,5.0,80,80,False
F5,165,1.7358143317707309,1.7358143317707309,0.0,freeform,freeform,5.0,5.0,116,116,False
F5,166,1.727242834967971,1.727242834967971,0.0,freeform,freeform,5.0,5.0,116,116,False
F5,167,5.807532993661805,5.807532993661805,0.0,u,u,5.0,5.0,227,227,False
F5,168,5.814783035804686,5.814783035804686,0.0,u,u,5.0,5.0,227,227,False
F5,169,5.833848480889702,5.833848480889702,0.0,u,u,5.0,5.0,227,227,False
F5,170,5.839193608610729,5.839193608610729,0.0,u,u,5.0,5.0,227,227,False
F5,171,5.845283035804687,5.8452830358046866,-8.881784197001252e-16,u,u,5.0,5.0,227,227,False
F5,172,5.844705683950962,5.844705683950962,0.0,u,u,5.0,5.0,227,227,False
F5,173,5.850140154580183,5.850140154580183,0.0,u,u,5.0,5.0,227,227,False
F5,174,5.854622196093731,5.854622196093731,0.0,u,u,5.0,5.0,227,227,False
F5,175,5.859818615634541,5.859818615634541,0.0,u,u,5.0,5.0,227,227,False
F5,176,5.90257473759042,5.90257473759042,0.0,u,u,5.0,5.0,229,229,False
F5,177,6.322610661587142,6.322610661587142,0.0,u,u,5.0,5.0,288,288,False
F5,178,1.8470330137598123,1.8470330137598125,2.220446049250313e-16,freeform,freeform,5.0,5.0,165,165,False
F5,179,3.401038675012659,3.401038675012659,0.0,freeform,freeform,5.0,5.0,290,290,False
F5,180,4.2316636579042575,4.2316636579042575,0.0,freeform,freeform,5.0,5.0,263,263,False
F5,181,4.229164416476119,4.229164416476119,0.0,freeform,freeform,5.0,5.0,263,263,False
F5,182,4.984062613083493,4.984062613083493,0.0,u,u,5.0,5.0,56,56,False
F5,183,5.327193643729797,5.327193643729797,0.0,u,u,5.0,5.0,130,130,False
F5,184,5.332657979614178,5.332657979614178,0.0,u,u,5.0,5.0,130,130,False
F5,185,5.911818699920303,5.911818699920303,0.0,u,u,5.0,5.0,263,263,False
F5,186,5.951140098389675,5.951140098389675,0.0,u,u,5.0,5.0,263,263,False
F5,187,5.722372118831782,5.722372118831782,0.0,u,u,5.0,5.0,214,214,False
F5,188,5.741318636705982,5.741318636705982,0.0,u,u,5.0,5.0,216,216,False
F5,189,5.714342337862383,5.714342337862383,0.0,u,u,5.0,5.0,216,216,False
F5,190,3.599082544158203,3.599082544158203,0.0,freeform,freeform,5.0,5.0,288,288,False
F5,191,5.323753121382831,5.323753121382831,0.0,u,u,5.0,5.0,110,110,False
F5,192,5.169711461739978,5.169711461739978,0.0,u,u,5.0,5.0,98,98,False
F5,193,5.148360254205954,5.148360254205954,0.0,u,u,5.0,5.0,98,98,False
F5,194,5.611443643729795,5.611443643729795,0.0,u,u,5.0,5.0,190,190,False
F5,195,5.619616305923698,5.619616305923698,0.0,u,u,5.0,5.0,190,190,False
F5,196,5.651032930447482,5.6510329304474824,8.881784197001252e-16,u,u,5.0,5.0,192,192,False
F5,197,5.432354349988295,5.4323543499882945,-8.881784197001252e-16,u,u,5.0,5.0,147,147,False
F5,198,5.237211468763792,5.237211468763792,0.0,u,u,5.0,5.0,121,121,False
F5,199,2.888576933884507,2.888576933884507,0.0,freeform,freeform,5.0,5.0,257,257,False
F5,200,2.8677435443606654,2.8677435443606654,0.0,freeform,freeform,5.0,5.0,257,257,False
F5,201,5.599497167998476,5.599497167998476,0.0,u,u,5.0,5.0,202,202,False
F5,202,5.429943594563101,5.429943594563101,0.0,u,u,5.0,5.0,171,171,False
F5,203,5.352759032624304,5.352759032624304,0.0,u,u,5.0,5.0,150,150,False
F5,204,5.347895918321572,5.347895918321572,0.0,u,u,5.0,5.0,150,150,False
F5,205,5.347883927267101,5.347883927267101,0.0,u,u,5.0,5.0,150,150,False
F5,206,3.4189144139134475,3.4189144139134475,0.0,freeform,freeform,5.0,5.0,290,290,False
F5,207,1.8611953292099352,1.8611953292099352,0.0,freeform,freeform,5.0,5.0,223,223,False
F5,208,4.972622104784155,4.972622104784155,0.0,u,u,5.0,5.0,54,54,False
F5,209,4.898449484733134,4.898449484733134,0.0,u,u,5.0,5.0,48,48,False
F5,210,2.0062002894930626,2.0062002894930626,0.0,freeform,freeform,5.0,5.0,242,242,False
F5,211,2.1184930900883416,2.1184930900883416,0.0,freeform,freeform,5.0,5.0,232,232,False
F5,212,2.1778974987956228,2.1778974987956228,0.0,freeform,freeform,5.0,5.0,238,238,False
F5,213,2.1473920932687243,2.1473920932687243,0.0,freeform,freeform,5.0,5.0,236,236,False
F5,214,2.14402889468023,2.14402889468023,0.0,freeform,freeform,5.0,5.0,236,236,False
F5,215,2.1421836545781883,2.1421836545781883,0.0,freeform,freeform,5.0,5.0,236,236,False
F5,216,2.726653281968048,2.726653281968048,0.0,freeform,freeform,5.0,5.0,207,207,False
F5,217,2.7212366855395165,2.7212366855395165,0.0,freeform,freeform,5.0,5.0,207,207,False
F5,218,2.7137961070020427,2.7137961070020427,0.0,freeform,freeform,5.0,5.0,207,207,False
F5,219,2.7119210859306024,2.7119210859306024,0.0,freeform,freeform,5.0,5.0,207,207,False
F5,220,5.212175685243344,5.212175685243344,0.0,u,u,5.0,5.0,118,118,False
F5,221,5.256628030073255,5.256628030073255,0.0,u,u,5.0,5.0,122,122,False
F5,222,1.7728716503413509,1.7728716503413509,0.0,freeform,freeform,5.0,5.0,234,234,False
F5,223,1.7740621305454345,1.7740621305454345,0.0,freeform,freeform,5.0,5.0,234,234,False
F5,224,1.7529908023141991,1.7529908023141991,0.0,freeform,freeform,5.0,5.0,232,232,False
F5,225,2.0403221733772114,2.0403221733772114,0.0,freeform,freeform,5.0,5.0,242,242,False
F5,226,3.092922131056046,3.0929221310560466,4.440892098500626e-16,freeform,freeform,5.0,5.0,220,220,False
F5,227,3.086106671923403,3.086106671923403,0.0,freeform,freeform,5.0,5.0,220,220,False
F5,228,3.077743585715925,3.077743585715925,0.0,freeform,freeform,5.0,5.0,220,220,False
F5,229,5.472044865311446,5.472044865311446,0.0,u,u,5.0,5.0,180,180,False
F5,230,1.409124808930626,1.4091248089306259,-2.220446049250313e-16,freeform,freeform,5.0,5.0,32,32,False
F5,231,1.4089760164646492,1.4089760164646492,0.0,freeform,freeform,5.0,5.0,32,32,False
F5,232,1.5425303467723968,1.5425303467723968,0.0,freeform,freeform,5.0,5.0,68,68,False
F5,233,1.279032040528238,1.279032040528238,0.0,freeform,freeform,5.0,5.0,62,62,False
F5,234,1.2787344275010306,1.2787344275010306,0.0,freeform,freeform,5.0,5.0,62,62,False
F5,235,1.2922465590317724,1.2922465590317724,0.0,freeform,freeform,5.0,5.0,62,62,False
F5,236,1.2896870532834837,1.2896870532834837,0.0,freeform,freeform,5.0,5.0,62,62,False
F5,237,1.2744785022119305,1.2744785022119305,0.0,freeform,freeform,5.0,5.0,62,62,False
F5,238,1.2737047027221404,1.2737047027221404,0.0,freeform,freeform,5.0,5.0,62,62,False
F5,239,1.2742106420588677,1.2742106420588675,-2.220446049250313e-16,freeform,freeform,5.0,5.0,62,62,False
F5,240,1.2867108668209006,1.2867108668209006,0.0,freeform,freeform,5.0,5.0,62,62,False
F5,241,3.1919123703130072,3.1919123703130072,0.0,freeform,freeform,5.0,5.0,246,246,False
F5,242,3.200840929700756,3.200840929700756,0.0,freeform,freeform,5.0,5.0,246,246,False
F5,243,3.201882617438863,3.201882617438863,0.0,freeform,freeform,5.0,5.0,246,246,False
F5,244,3.203013563799404,3.203013563799404,0.0,freeform,freeform,5.0,5.0,246,246,False
F5,245,1.6677602365578854,1.6677602365578854,0.0,freeform,freeform,5.0,5.0,108,108,False
F5,246,3.2109763957460267,3.2109763957460267,0.0,freeform,freeform,5.0,5.0,251,251,False
F5,247,3.2202025400657286,3.2202025400657286,0.0,freeform,freeform,5.0,5.0,251,251,False
F5,248,1.7732446197003435,1.7732446197003435,0.0,freeform,freeform,5.0,5.0,157,157,False
F5,249,5.712366179495054,5.712366179495054,0.0,u,u,5.0,5.0,216,216,False
F5,250,5.433473235056229,5.433473235056229,0.0,u,u,5.0,5.0,171,171,False
F5,251,5.4403245830665234,5.4403245830665234,0.0,u,u,5.0,5.0,167,167,False
F5,252,5.444538876808025,5.444538876808025,0.0,u,u,5.0,5.0,167,167,False
F5,253,5.4530983825563135,5.4530983825563135,0.0,u,u,5.0,5.0,167,167,False
F5,254,5.468265021127726,5.468265021127726,0.0,u,u,5.0,5.0,167,167,False
F5,255,2.436740960004068,2.4367409600040677,-4.440892098500626e-16,freeform,freeform,5.0,5.0,128,128,False
F5,256,1.2062473356638828,1.2062473356638828,0.0,freeform,freeform,5.0,5.0,52,52,False
F5,257,1.1978842213611507,1.1978842213611507,0.0,freeform,freeform,5.0,5.0,52,52,False
F5,258,1.1491970355967434,1.1491970355967434,0.0,freeform,freeform,5.0,5.0,30,30,False
F5,259,1.1481553759538905,1.1481553759538903,-2.220446049250313e-16,freeform,freeform,5.0,5.0,30,30,False
F5,260,4.296619037387967,4.296619037387967,0.0,freeform,freeform,5.0,5.0,250,250,False
F5,261,4.25718445437773,4.25718445437773,0.0,freeform,freeform,5.0,5.0,248,248,False
F5,262,4.269029722575024,4.269029722575024,0.0,freeform,freeform,5.0,5.0,248,248,False
F5,263,4.247839242370941,4.247839242370941,0.0,freeform,freeform,5.0,5.0,246,246,False
F5,264,4.2540892283233145,4.2540892283233145,0.0,freeform,freeform,5.0,5.0,246,246,False
F5,265,6.336878451502068,6.336878451502068,0.0,u,u,5.0,5.0,268,268,False
F5,266,6.025402208848977,6.025402208848977,0.0,u,u,5.0,5.0,224,224,False
F5,267,6.012503374240119,6.012503374240119,0.0,u,u,5.0,5.0,224,224,False
F5,268,6.013890358270777,6.013890358270777,0.0,u,u,5.0,5.0,224,224,False
F5,269,1.809163391501519,1.809163391501519,0.0,freeform,freeform,5.0,5.0,185,185,False
F5,270,1.8105621980151227,1.8105621980151227,0.0,freeform,freeform,5.0,5.0,185,185,False
F5,271,1.8122883985253329,1.8122883985253326,-2.220446049250313e-16,freeform,freeform,5.0,5.0,185,185,False
F5,272,1.8107110185763535,1.8107110185763537,2.220446049250313e-16,freeform,freeform,5.0,5.0,185,185,False
F5,273,4.208417066967959,4.208417066967959,0.0,freeform,freeform,5.0,5.0,270,270,False
F5,274,4.208059920097209,4.208059920097209,0.0,freeform,freeform,5.0,5.0,270,270,False
F5,275,4.20898254014823,4.20898254014823,0.0,freeform,freeform,5.0,5.0,270,270,False
F5,276,1.2107547110365078,1.2107547110365078,0.0,freeform,freeform,5.0,5.0,30,30,False
F5,277,1.2162904313426337,1.2162904313426337,0.0,freeform,freeform,5.0,5.0,30,30,False
F5,278,1.010800845884936,1.010800845884936,0.0,freeform,freeform,5.0,5.0,0,0,False
F5,279,1.010800845884936,1.010800845884936,0.0,freeform,freeform,5.0,5.0,0,0,False
F5,280,2.8788753499344883,2.8788753499344883,0.0,freeform,freeform,5.0,5.0,170,170,False
F5,281,2.8723574195432904,2.8723574195432904,0.0,freeform,freeform,5.0,5.0,170,170,False
F5,282,2.87417299105695,2.87417299105695,0.0,freeform,freeform,5.0,5.0,170,170,False
F5,283,2.863875378029743,2.863875378029743,0.0,freeform,freeform,5.0,5.0,170,170,False
F5,284,5.191050685243344,5.191050685243344,0.0,u,u,5.0,5.0,99,99,False
F5,285,5.185086377454216,5.1850863774542155,-8.881784197001252e-16,u,u,5.0,5.0,99,99,False
F5,286,5.1751577829474,5.1751577829474,0.0,u,u,5.0,5.0,98,98,False
F5,287,4.792947623932442,4.792947623932442,0.0,freeform,freeform,5.0,5.0,305,305,False
F5,288,5.82609249238628,5.82609249238628,0.0,u,u,5.0,5.0,188,188,False
F5,289,5.767788918950904,5.767788918950904,0.0,u,u,5.0,5.0,179,179,False
F5,290,6.384402243968046,6.384402243968046,0.0,u,u,5.0,5.0,263,263,False
F5,291,6.160789087522432,6.160789087522432,0.0,u,u,5.0,5.0,239,239,False
F5,292,4.893925615005209,4.893925615005209,0.0,u,u,5.0,5.0,48,48,False
F5,293,4.908961377454215,4.908961377454215,0.0,u,u,5.0,5.0,48,48,False
F5,294,4.91013995088959,4.91013995088959,0.0,u,u,5.0,5.0,48,48,False
F5,295,4.990866221637936,4.990866221637936,0.0,u,u,5.0,5.0,56,56,False
F5,296,5.783658084971381,5.783658084971381,0.0,u,u,5.0,5.0,203,203,False
F5,297,5.793705599665199,5.7937055996651985,-8.881784197001252e-16,u,u,5.0,5.0,203,203,False
F5,298,5.833723586246907,5.833723586246907,0.0,u,u,5.0,5.0,205,205,False
F5,299,5.39757459711415,5.39757459711415,0.0,u,u,5.0,5.0,173,173,False
F5,300,4.338335174340962,4.338335174340962,0.0,freeform,freeform,5.0,5.0,256,256,False
F5,301,4.575766967932352,4.575766967932352,0.0,freeform,freeform,5.0,5.0,299,299,False
F5,302,4.571302379190683,4.571302379190683,0.0,freeform,freeform,5.0,5.0,299,299,False
F5,303,4.579874128850729,4.579874128850729,0.0,freeform,freeform,5.0,5.0,299,299,False
F5,304,5.286640021127727,5.2866400211277265,-8.881784197001252e-16,u,u,5.0,5.0,66,66,False
F5,305,4.9784019068249945,4.9784019068249945,0.0,u,u,5.0,5.0,53,53,False
F5,306,5.1045566596991385,5.1045566596991385,0.0,u,u,5.0,5.0,60,60,False
F5,307,5.269598305294364,5.269598305294364,0.0,u,u,5.0,5.0,66,66,False
F5,308,5.495056694818206,5.495056694818206,0.0,u,u,5.0,5.0,201,201,False
F5,309,5.71665189980118,5.71665189980118,0.0,u,u,5.0,5.0,288,288,False
F5,310,5.727711517930486,5.727711517930486,0.0,u,u,5.0,5.0,288,288,False
F5,311,5.741628170549526,5.741628170549526,0.0,u,u,5.0,5.0,288,288,False
F5,312,1.703365397010867,1.703365397010867,0.0,freeform,freeform,5.0,5.0,100,100,False
F5,313,1.700478412980209,1.700478412980209,0.0,freeform,freeform,5.0,5.0,98,98,False
F5,314,1.7022940125891235,1.7022940125891235,0.0,freeform,freeform,5.0,5.0,100,100,False
F5,315,2.706362771264649,2.706362771264649,0.0,freeform,freeform,5.0,5.0,189,189,False
F5,316,5.392318685872677,5.392318685872677,0.0,u,u,5.0,5.0,115,115,False
F5,317,5.004741214614122,5.004741214614122,0.0,u,u,5.0,5.0,80,80,False
F5,318,5.457187753559763,5.457187753559763,0.0,u,u,5.0,5.0,133,133,False
F5,319,5.254092408100519,5.254092408100519,0.0,u,u,5.0,5.0,126,126,False
F5,320,5.131848389580127,5.131848389580127,0.0,u,u,5.0,5.0,110,110,False
F5,321,5.145943531348779,5.145943531348779,0.0,u,u,5.0,5.0,112,112,False
F5,322,5.374098291246738,5.374098291246738,0.0,u,u,5.0,5.0,148,148,False
F5,323,2.668008225875535,2.668008225875535,0.0,freeform,freeform,5.0,5.0,230,230,False
F5,324,1.653670548326554,1.6536705483265541,2.220446049250313e-16,freeform,freeform,5.0,5.0,219,219,False
F5,325,1.655456226489799,1.655456226489799,0.0,freeform,freeform,5.0,5.0,219,219,False
F5,326,3.291124547469829,3.291124547469829,0.0,freeform,freeform,5.0,5.0,254,254,False
F5,327,2.901199126264546,2.901199126264546,0.0,freeform,freeform,5.0,5.0,259,259,False
F5,328,1.6082491972281363,1.6082491972281363,0.0,freeform,freeform,5.0,5.0,137,137,False
F5,329,1.6063444794730597,1.6063444794730595,-2.220446049250313e-16,freeform,freeform,5.0,5.0,137,137,False
F5,330,3.5037037010075838,3.5037037010075833,-4.440892098500626e-16,freeform,freeform,5.0,5.0,297,297,False
F5,331,5.522431891484978,5.522431891484978,0.0,u,u,5.0,5.0,154,154,False
F5,332,5.113503198644779,5.113503198644779,0.0,u,u,5.0,5.0,71,71,False
F5,333,1.5949719961228157,1.5949719961228157,0.0,freeform,freeform,5.0,5.0,124,124,False
F5,334,2.947694968010492,2.947694968010492,0.0,freeform,freeform,5.0,5.0,267,267,False
F5,335,2.9031111992007195,2.9031111992007195,0.0,freeform,freeform,5.0,5.0,267,267,False
F5,336,2.91346882369079,2.9134688236907906,4.440892098500626e-16,freeform,freeform,5.0,5.0,257,257,False
F5,337,4.265497500101722,4.265497500101722,0.0,freeform,freeform,5.0,5.0,252,252,False
F5,338,4.424483278383933,4.424483278383933,0.0,freeform,freeform,5.0,5.0,272,272,False
F5,339,4.431120276462215,4.431120276462215,0.0,freeform,freeform,5.0,5.0,272,272,False
F5,340,4.444602402261525,4.444602402261525,0.0,freeform,freeform,5.0,5.0,272,272,False
F5,341,1.4108012805266912,1.4108012805266912,0.0,freeform,freeform,5.0,5.0,82,82,False
F5,342,1.5397030030287246,1.5397030030287246,0.0,freeform,freeform,5.0,5.0,126,126,False
F5,343,1.540982741855242,1.540982741855242,0.0,freeform,freeform,5.0,5.0,126,126,False
F5,344,1.5373220707158106,1.5373220707158106,0.0,freeform,freeform,5.0,5.0,126,126,False
F5,345,3.415692805109318,3.415692805109318,0.0,freeform,freeform,5.0,5.0,270,270,False
F5,346,2.563547491753821,2.5635474917538215,4.440892098500626e-16,freeform,freeform,5.0,5.0,217,217,False
F5,347,4.332896784964636,4.332896784964636,0.0,freeform,freeform,5.0,5.0,252,252,False
F5,348,4.192492768860922,4.192492768860922,0.0,freeform,freeform,5.0,5.0,250,250,False
F5,349,5.359235275277396,5.3592352752773955,-8.881784197001252e-16,u,u,5.0,5.0,134,134,False
F5,350,5.360205522403251,5.360205522403251,0.0,u,u,5.0,5.0,134,134,False
F5,351,5.297949688423727,5.297949688423727,0.0,u,u,5.0,5.0,109,109,False
F5,352,5.118812599035866,5.118812599035866,0.0,u,u,5.0,5.0,96,96,False
F5,353,5.5333544693931245,5.5333544693931245,0.0,u,u,5.0,5.0,160,160,False
F5,354,5.338413961093787,5.338413961093787,0.0,u,u,5.0,5.0,158,158,False
F5,355,5.3160805434746905,5.3160805434746905,0.0,u,u,5.0,5.0,158,158,False
F5,356,5.339312795702646,5.339312795702646,0.0,u,u,5.0,5.0,160,160,False
F5,357,1.8687296018721489,1.8687296018721489,0.0,freeform,freeform,5.0,5.0,147,147,False
F5,358,1.5601544802473706,1.5601544802473706,0.0,freeform,freeform,5.0,5.0,173,173,False
F5,359,1.5591128206045175,1.5591128206045175,0.0,freeform,freeform,5.0,5.0,173,173,False
F5,360,1.557833081778,1.557833081778,0.0,freeform,freeform,5.0,5.0,173,173,False
F5,361,3.6484101615711055,3.6484101615711064,8.881784197001252e-16,freeform,freeform,5.0,5.0,292,292,False
F5,362,3.5079965400813053,3.5079965400813053,0.0,freeform,freeform,5.0,5.0,291,291,False
F5,363,5.347443475158271,5.347443475158271,0.0,u,u,5.0,5.0,160,160,False
F5,364,5.3556458902263175,5.3556458902263175,0.0,u,u,5.0,5.0,160,160,False
F5,365,5.3646220766889,5.3646220766888995,-8.881784197001252e-16,u,u,5.0,5.0,160,160,False
F5,366,5.381425713338598,5.381425713338598,0.0,u,u,5.0,5.0,160,160,False
F5,367,3.06175514287508,3.06175514287508,0.0,freeform,freeform,5.0,5.0,230,230,False
F5,368,3.0821718797798825,3.0821718797798825,0.0,freeform,freeform,5.0,5.0,230,230,False
F5,369,1.9601919417289548,1.9601919417289548,0.0,freeform,freeform,5.0,5.0,241,241,False
F5,370,1.962215727171118,1.962215727171118,0.0,freeform,freeform,5.0,5.0,241,241,False
F5,371,2.7025381460773192,2.7025381460773192,0.0,freeform,freeform,5.0,5.0,223,223,False
F5,372,3.087765511511436,3.087765511511436,0.0,freeform,freeform,5.0,5.0,229,229,False
F5,373,3.074670285457021,3.074670285457021,0.0,freeform,freeform,5.0,5.0,229,229,False
F5,374,5.394122020498392,5.394122020498392,0.0,u,u,5.0,5.0,164,164,False
F5,375,5.39750298090656,5.39750298090656,0.0,u,u,5.0,5.0,164,164,False
F5,376,5.397461405549469,5.397461405549469,0.0,u,u,5.0,5.0,164,164,False
F5,377,5.408640007080098,5.408640007080098,0.0,u,u,5.0,5.0,164,164,False
F5,378,2.0612657877174185,2.0612657877174185,0.0,freeform,freeform,5.0,5.0,247,247,False
F5,379,2.0627538247582,2.0627538247582,0.0,freeform,freeform,5.0,5.0,247,247,False
F5,380,2.0646288177343863,2.0646288177343863,0.0,freeform,freeform,5.0,5.0,247,247,False
F5,381,2.892926963551676,2.892926963551676,0.0,freeform,freeform,5.0,5.0,246,246,False
F5,382,5.22519343301539,5.22519343301539,0.0,u,u,5.0,5.0,132,132,False
F5,383,5.231758934290915,5.231758934290915,0.0,u,u,5.0,5.0,132,132,False
F5,384,5.157747083712714,5.157747083712714,0.0,u,u,5.0,5.0,108,108,False
F5,385,5.150086356382775,5.150086356382775,0.0,u,u,5.0,5.0,108,108,False
F5,386,3.255638775361451,3.255638775361451,0.0,freeform,freeform,5.0,5.0,240,240,False
F5,387,3.221561395412472,3.221561395412472,0.0,freeform,freeform,5.0,5.0,240,240,False
F5,388,2.0890606904683597,2.0890606904683593,-4.440892098500626e-16,freeform,freeform,5.0,5.0,249,249,False
F5,389,2.1029297722030726,2.1029297722030726,0.0,freeform,freeform,5.0,5.0,251,251,False
F5,390,2.564805983660273,2.564805983660273,0.0,freeform,freeform,5.0,5.0,204,204,False
F5,391,2.0701731634309004,2.0701731634309004,0.0,freeform,freeform,5.0,5.0,231,231,False
F5,392,5.117253001978002,5.117253001978002,0.0,u,u,5.0,5.0,109,109,False
F5,393,5.123877980906561,5.123877980906561,0.0,u,u,5.0,5.0,109,109,False
F5,394,5.1290744285426255,5.1290744285426255,0.0,u,u,5.0,5.0,109,109,False
F5,395,5.133020862131064,5.133020862131064,0.0,u,u,5.0,5.0,109,109,False
F5,396,5.017628065192323,5.017628065192323,0.0,u,u,5.0,5.0,79,79,False
F5,397,5.017139943865777,5.017139943865777,0.0,u,u,5.0,5.0,79,79,False
F5,398,4.914080417046048,4.914080417046048,0.0,u,u,5.0,5.0,48,48,False
F5,399,2.0703026039064163,2.0703026039064163,0.0,freeform,freeform,5.0,5.0,238,238,False
F5,400,2.064796636474435,2.064796636474435,0.0,freeform,freeform,5.0,5.0,238,238,False
F5,401,2.192083845208907,2.192083845208907,0.0,freeform,freeform,5.0,5.0,254,254,False
F5,402,4.663889974160498,4.663889974160498,0.0,freeform,freeform,5.0,5.0,284,284,False
F5,403,2.52222772578011,2.52222772578011,0.0,freeform,freeform,5.0,5.0,168,168,False
F5,404,1.606106135456796,1.606106135456796,0.0,freeform,freeform,5.0,5.0,83,83,False
F5,405,1.6123265652018035,1.6123265652018037,2.220446049250313e-16,freeform,freeform,5.0,5.0,83,83,False
F5,406,1.649057080154517,1.649057080154517,0.0,freeform,freeform,5.0,5.0,107,107,False
F5,407,5.60851509136586,5.60851509136586,0.0,u,u,5.0,5.0,195,195,False
F5,408,5.617253114359016,5.617253114359016,0.0,u,u,5.0,5.0,195,195,False
F5,409,5.62581264820256,5.62581264820256,0.0,u,u,5.0,5.0,195,195,False
F5,410,5.632407930447483,5.632407930447483,0.0,u,u,5.0,5.0,195,195,False
F5,411,5.487384102862439,5.487384102862439,0.0,u,u,5.0,5.0,169,169,False
F5,412,1.9447710839144672,1.9447710839144672,0.0,freeform,freeform,5.0,5.0,208,208,False
F5,413,1.9465865430471103,1.9465865430471105,2.220446049250313e-16,freeform,freeform,5.0,5.0,208,208,False
F5,414,1.848382436561464,1.8483824365614638,-2.220446049250313e-16,freeform,freeform,5.0,5.0,154,154,False
F5,415,1.8477575138234128,1.8477575138234128,0.0,freeform,freeform,5.0,5.0,154,154,False
F5,416,1.7637354375612349,1.7637354375612349,0.0,freeform,freeform,5.0,5.0,126,126,False
F5,417,1.7594794560816267,1.7594794560816267,0.0,freeform,freeform,5.0,5.0,126,126,False
F5,418,1.5355629352727962,1.5355629352727962,0.0,freeform,freeform,5.0,5.0,152,152,False
F5,419,1.8021690349644224,1.8021690349644226,2.220446049250313e-16,freeform,freeform,5.0,5.0,175,175,False
F5,420,5.102407768899773,5.102407768899773,0.0,u,u,5.0,5.0,112,112,False
F5,421,2.317069213707607,2.317069213707607,0.0,freeform,freeform,5.0,5.0,116,116,False
F5,422,2.3043608593028333,2.3043608593028333,0.0,freeform,freeform,5.0,5.0,116,116,False
F5,423,5.744539129665311,5.744539129665311,0.0,u,u,5.0,5.0,199,199,False
F5,424,5.803455726093842,5.803455726093842,0.0,u,u,5.0,5.0,203,203,False
F5,425,5.817431968746933,5.817431968746933,0.0,u,u,5.0,5.0,207,207,False
F5,426,5.785247427879576,5.785247427879576,0.0,u,u,5.0,5.0,207,207,False
F5,427,5.78315225801567,5.78315225801567,0.0,u,u,5.0,5.0,207,207,False
F5,428,5.796949702471353,5.796949702471353,0.0,u,u,5.0,5.0,207,207,False
F5,429,5.808039045379548,5.808039045379548,0.0,u,u,5.0,5.0,207,207,False
F5,430,5.817937823797898,5.817937823797898,0.0,u,u,5.0,5.0,207,207,False
F5,431,5.8250390734748025,5.8250390734748025,0.0,u,u,5.0,5.0,207,207,False
F5,432,5.831991446399968,5.831991446399968,0.0,u,u,5.0,5.0,207,207,False
F5,433,6.124199779733303,6.124199779733303,0.0,u,u,5.0,5.0,246,246,False
F5,434,1.5558390492099814,1.5558390492099814,0.0,freeform,freeform,5.0,5.0,173,173,False
F5,435,2.9027967169868925,2.9027967169868925,0.0,freeform,freeform,5.0,5.0,268,268,False
F5,436,4.556951918047677,4.556951918047677,0.0,freeform,freeform,5.0,5.0,267,267,False
F5,437,4.567249390598614,4.567249390598614,0.0,freeform,freeform,5.0,5.0,267,267,False
F5,438,5.102348487913517,5.102348487913517,0.0,u,u,5.0,5.0,78,78,False
F5,439,5.314866312947512,5.314866312947512,0.0,u,u,5.0,5.0,107,107,False
F5,440,5.311699702471354,5.311699702471354,0.0,u,u,5.0,5.0,107,107,False
F5,441,5.763443678848863,5.763443678848863,0.0,u,u,5.0,5.0,221,221,False
F5,442,5.768491249733183,5.768491249733183,0.0,u,u,5.0,5.0,221,221,False
F5,443,5.683556751008714,5.683556751008714,0.0,u,u,5.0,5.0,215,215,False
F5,444,5.684973403627753,5.684973403627753,0.0,u,u,5.0,5.0,215,215,False
F5,445,5.688949590090336,5.688949590090336,0.0,u,u,5.0,5.0,215,215,False
F5,446,3.3814059200817184,3.3814059200817184,0.0,freeform,freeform,5.0,5.0,280,280,False
F5,447,5.346925924052997,5.346925924052997,0.0,u,u,5.0,5.0,106,106,False
F5,448,5.343312795702644,5.343312795702644,0.0,u,u,5.0,5.0,106,106,False
F5,449,5.342140161603997,5.342140161603997,0.0,u,u,5.0,5.0,106,106,False
F5,450,5.633586679478197,5.633586679478197,0.0,u,u,5.0,5.0,180,180,False
F5,451,5.635568749086991,5.635568749086991,0.0,u,u,5.0,5.0,180,180,False
F5,452,5.659277103491773,5.659277103491773,0.0,u,u,5.0,5.0,182,182,False
F5,453,5.432354504512199,5.432354504512199,0.0,u,u,5.0,5.0,129,129,False
F5,454,5.378116270804631,5.378116270804631,0.0,u,u,5.0,5.0,163,163,False
F5,455,2.6652103909143947,2.6652103909143947,0.0,freeform,freeform,5.0,5.0,239,239,False
F5,456,2.674555631016437,2.674555631016437,0.0,freeform,freeform,5.0,5.0,239,239,False
F5,457,5.524526885753552,5.524526885753552,0.0,u,u,5.0,5.0,185,185,False
F5,458,5.32516975293043,5.32516975293043,0.0,u,u,5.0,5.0,143,143,False
F5,459,5.108562599035865,5.108562599035865,0.0,u,u,5.0,5.0,112,112,False
F5,460,5.11075307923995,5.11075307923995,0.0,u,u,5.0,5.0,112,112,False
F5,461,5.21133050133181,5.21133050133181,0.0,u,u,5.0,5.0,112,112,False
F5,462,3.3826241783750763,3.3826241783750763,0.0,freeform,freeform,5.0,5.0,288,288,False
F5,463,1.826727839362148,1.8267278393621476,-4.440892098500626e-16,freeform,freeform,5.0,5.0,247,247,False
F5,464,5.102592415124332,5.102592415124332,0.0,u,u,5.0,5.0,91,91,False
F5,465,5.285913841688957,5.285913841688957,0.0,u,u,5.0,5.0,109,109,False
F5,466,1.852662541446794,1.852662541446794,0.0,freeform,freeform,5.0,5.0,238,238,False
F5,467,2.6126897918808383,2.6126897918808383,0.0,freeform,freeform,5.0,5.0,242,242,False
F5,468,2.607243217816128,2.607243217816128,0.0,freeform,freeform,5.0,5.0,242,242,False
F5,469,2.6266183231733318,2.6266183231733313,-4.440892098500626e-16,freeform,freeform,5.0,5.0,242,242,False
F5,470,2.6264696149931184,2.6264696149931184,0.0,freeform,freeform,5.0,5.0,242,242,False
F5,471,2.6267970089897243,2.6267970089897243,0.0,freeform,freeform,5.0,5.0,242,242,False
F5,472,2.6257272613449003,2.6257272613449003,0.0,freeform,freeform,5.0,5.0,223,223,False
F5,473,2.626233200681628,2.626233200681628,0.0,freeform,freeform,5.0,5.0,223,223,False
F5,474,2.620637946531959,2.620637946531959,0.0,freeform,freeform,5.0,5.0,223,223,False
F5,475,2.6124831585387467,2.6124831585387467,0.0,freeform,freeform,5.0,5.0,223,223,False
F5,476,5.192372203117545,5.192372203117545,0.0,u,u,5.0,5.0,112,112,False
F5,477,5.191794766978057,5.191794766978057,0.0,u,u,5.0,5.0,112,112,False
F5,478,1.876918586881961,1.8769185868819607,-2.220446049250313e-16,freeform,freeform,5.0,5.0,224,224,False
F5,479,1.8766507267288977,1.8766507267288977,0.0,freeform,freeform,5.0,5.0,224,224,False
F5,480,1.876650782919406,1.876650782919406,0.0,freeform,freeform,5.0,5.0,224,224,False
F5,481,2.693043081886365,2.693043081886365,0.0,freeform,freeform,5.0,5.0,254,254,False
F5,482,3.213425900599079,3.213425900599079,0.0,freeform,freeform,5.0,5.0,250,250,False
F5,483,3.1962830193745755,3.1962830193745755,0.0,freeform,freeform,5.0,5.0,250,250,False
F5,484,3.1899140219256243,3.1899140219256243,0.0,freeform,freeform,5.0,5.0,250,250,False
F5,485,5.722044830192378,5.722044830192378,0.0,u,u,5.0,5.0,223,223,False
F5,486,1.6739078589780287,1.6739078589780287,0.0,freeform,freeform,5.0,5.0,88,88,False
F5,487,1.6722709451855065,1.6722709451855065,0.0,freeform,freeform,5.0,5.0,88,88,False
F5,488,1.7696282766428575,1.7696282766428575,0.0,freeform,freeform,5.0,5.0,126,126,False
F5,489,1.498857117349088,1.4988571173490879,-2.220446049250313e-16,freeform,freeform,5.0,5.0,60,60,False
F5,490,1.50352977954299,1.50352977954299,0.0,freeform,freeform,5.0,5.0,60,60,False
F5,491,1.5019821524681556,1.5019821524681556,0.0,freeform,freeform,5.0,5.0,60,60,False
F5,492,1.51239897365872,1.51239897365872,0.0,freeform,freeform,5.0,5.0,60,60,False
F5,493,1.5038273644749434,1.5038273644749434,0.0,freeform,freeform,5.0,5.0,60,60,False
F5,494,1.5061785439137123,1.5061785439137125,2.220446049250313e-16,freeform,freeform,5.0,5.0,60,60,False
F5,495,1.5080833178592976,1.5080833178592976,0.0,freeform,freeform,5.0,5.0,60,60,False
F5,496,1.505226142893293,1.505226142893293,0.0,freeform,freeform,5.0,5.0,60,60,False
F5,497,4.218624353753076,4.218624353753076,0.0,freeform,freeform,5.0,5.0,270,270,False
F5,498,4.2182672068823255,4.2182672068823255,0.0,freeform,freeform,5.0,5.0,270,270,False
F5,499,4.20746466594754,4.20746466594754,0.0,freeform,freeform,5.0,5.0,270,270,False
F5,500,4.205798055471381,4.205798055471381,0.0,freeform,freeform,5.0,5.0,270,270,False
F5,501,1.419749769185687,1.419749769185687,0.0,freeform,freeform,5.0,5.0,64,64,False
F5,502,3.541382331059846,3.541382331059846,0.0,freeform,freeform,5.0,5.0,283,283,False
F5,503,3.550459767199333,3.5504597671993334,4.440892098500626e-16,freeform,freeform,5.0,5.0,283,283,False
F5,504,1.657151975826591,1.657151975826591,0.0,freeform,freeform,5.0,5.0,173,173,False
F5,505,5.697568629682174,5.697568629682174,0.0,u,u,5.0,5.0,215,215,False
F5,506,5.331288792522262,5.331288792522262,0.0,u,u,5.0,5.0,143,143,False
F5,507,5.651681842318291,5.651681842318291,0.0,u,u,5.0,5.0,199,199,False
F5,508,5.661461749716333,5.661461749716333,0.0,u,u,5.0,5.0,199,199,False
F5,509,5.664693777182259,5.664693777182259,0.0,u,u,5.0,5.0,199,199,False
F5,510,5.7062591660767605,5.7062591660767605,0.0,u,u,5.0,5.0,201,201,False
F5,511,1.8399668255921644,1.8399668255921644,0.0,freeform,freeform,5.0,5.0,158,158,False
F56,0,1.349816470537069,1.349816470537069,0.0,freeform,freeform,6.0,6.0,94,94,False
F56,1,1.3679712023397728,1.3679712023397728,0.0,freeform,freeform,6.0,6.0,94,94,False
F56,2,1.5421563645064864,1.5421563645064864,0.0,freeform,freeform,6.0,6.0,82,82,False
F56,3,1.5480193945234562,1.5480193945234562,0.0,freeform,freeform,6.0,6.0,82,82,False
F56,4,3.7927012749005407,3.7927012749005407,0.0,freeform,freeform,6.0,6.0,245,245,False
F56,5,3.798861946039972,3.798861946039972,0.0,freeform,freeform,6.0,6.0,245,245,False
F56,6,3.7879989160230023,3.7879989160230028,4.440892098500626e-16,freeform,freeform,6.0,6.0,245,245,False
F56,7,3.782998887927748,3.7829988879277483,4.440892098500626e-16,freeform,freeform,6.0,6.0,245,245,False
F56,8,3.7754096012100606,3.7754096012100606,0.0,freeform,freeform,6.0,6.0,245,245,False
F56,9,5.133375609996393,5.133375609996393,0.0,u,u,6.0,6.0,252,252,False
F56,10,4.861631282428204,4.8616312824282035,-8.881784197001252e-16,u,u,6.0,6.0,220,220,False
F56,11,4.865756233261509,4.865756233261509,0.0,u,u,6.0,6.0,220,220,False
F56,12,4.872143189196913,4.872143189196913,0.0,u,u,6.0,6.0,220,220,False
F56,13,1.5791741968065274,1.5791741968065274,0.0,freeform,freeform,6.0,6.0,213,213,False
F56,14,1.5778348960412123,1.5778348960412125,2.220446049250313e-16,freeform,freeform,6.0,6.0,213,213,False
F56,15,1.5777753621976696,1.5777753621976696,0.0,freeform,freeform,6.0,6.0,213,213,False
F56,16,1.576436061432355,1.576436061432355,0.0,freeform,freeform,6.0,6.0,213,213,False
F56,17,2.8617767630430597,2.8617767630430593,-4.440892098500626e-16,freeform,freeform,6.0,6.0,246,246,False
F56,18,2.8518064878219493,2.8518064878219493,0.0,freeform,freeform,6.0,6.0,246,246,False
F56,19,2.850407653213092,2.8504076532130918,-4.440892098500626e-16,freeform,freeform,6.0,6.0,246,246,False
F56,20,1.1954146968656765,1.1954146968656765,0.0,freeform,freeform,6.0,6.0,54,54,False
F56,21,1.198271815641173,1.198271815641173,0.0,freeform,freeform,6.0,6.0,54,54,False
F56,22,1.0792507031913146,1.0792507031913146,0.0,freeform,freeform,6.0,6.0,28,28,False
F56,23,1.0865423768817948,1.0865423768817948,0.0,freeform,freeform,6.0,6.0,28,28,False
F56,24,2.5719113117129,2.5719113117129,0.0,freeform,freeform,6.0,6.0,214,214,False
F56,25,2.5490840862878184,2.5490840862878184,0.0,freeform,freeform,6.0,6.0,212,212,False
F56,26,2.5454529151652445,2.5454529151652445,0.0,freeform,freeform,6.0,6.0,212,212,False
F56,27,2.5297088685495988,2.5297088685495988,0.0,freeform,freeform,6.0,6.0,210,210,False
F56,28,4.406940710914545,4.406940710914545,0.0,u,u,6.0,6.0,153,153,False
F56,29,4.402637130455356,4.402637130455356,0.0,u,u,6.0,6.0,153,153,False
F56,30,4.672577779230965,4.672577779230965,0.0,u,u,6.0,6.0,157,157,False
F56,31,4.0765265436856,4.0765265436856,0.0,freeform,freeform,6.0,6.0,291,291,False
F56,32,4.522404976560791,4.522404976560791,0.0,u,u,6.0,6.0,181,181,False
F56,33,4.910548096594956,4.910548096594956,0.0,u,u,6.0,6.0,199,199,False
F56,34,5.499482735795704,5.499482735795704,0.0,u,u,6.0,6.0,293,293,False
F56,35,5.191464833499759,5.191464833499759,0.0,u,u,6.0,6.0,249,249,False
F56,36,4.129655095965622,4.129655095965622,0.0,u,u,6.0,6.0,96,96,False
F56,37,4.128738394179888,4.128738394179888,0.0,u,u,6.0,6.0,97,97,False
F56,38,4.136131261356764,4.136131261356764,0.0,u,u,6.0,6.0,97,97,False
F56,39,4.128184820744512,4.128184820744512,0.0,u,u,6.0,6.0,96,96,False
F56,40,4.876226613839823,4.8762266138398225,-8.881784197001252e-16,u,u,6.0,6.0,201,201,False
F56,41,4.855440991867085,4.855440991867085,0.0,u,u,6.0,6.0,201,201,False
F56,42,4.852833809877268,4.852833809877268,0.0,u,u,6.0,6.0,196,196,False
F56,43,4.736297970166311,4.736297970166311,0.0,u,u,6.0,6.0,171,171,False
F56,44,4.31108232610904,4.31108232610904,0.0,freeform,freeform,6.0,6.0,305,305,False
F56,45,4.058767444529401,4.058767444529401,0.0,freeform,freeform,6.0,6.0,276,276,False
F56,46,4.041059005838864,4.041059005838864,0.0,freeform,freeform,6.0,6.0,274,274,False
F56,47,4.025672190379732,4.025672190379732,0.0,freeform,freeform,6.0,6.0,274,274,False
F56,48,4.18836940375475,4.18836940375475,0.0,u,u,6.0,6.0,116,116,False
F56,49,4.179845562122079,4.179845562122079,0.0,u,u,6.0,6.0,116,116,False
F56,50,4.536643175149285,4.536643175149285,0.0,u,u,6.0,6.0,118,118,False
F56,51,4.544845562122079,4.544845562122079,0.0,u,u,6.0,6.0,118,118,False
F56,52,4.809393210268354,4.809393210268354,0.0,u,u,6.0,6.0,175,175,False
F56,53,4.967274240914658,4.967274240914658,0.0,u,u,6.0,6.0,211,211,False
F56,54,4.972917065948653,4.972917065948653,0.0,u,u,6.0,6.0,211,211,False
F56,55,4.97754812469021,4.97754812469021,0.0,u,u,6.0,6.0,211,211,False
F56,56,2.007414809107464,2.007414809107464,0.0,freeform,freeform,6.0,6.0,104,104,False
F56,57,1.9774445057911008,1.9774445057911008,0.0,freeform,freeform,6.0,6.0,102,102,False
F56,58,1.9969685440905507,1.9969685440905507,0.0,freeform,freeform,6.0,6.0,102,102,False
F56,59,2.6517681441173204,2.6517681441173204,0.0,freeform,freeform,6.0,6.0,199,199,False
F56,60,4.842122132879409,4.842122132879409,0.0,u,u,5.0,5.0,32,32,False
F56,61,4.839842394052892,4.839842394052892,0.0,u,u,5.0,5.0,32,32,False
F56,62,3.996577687921389,3.9965776879213886,-4.440892098500626e-16,u,u,6.0,6.0,50,50,False
F56,63,3.979863394179888,3.9798633941798878,-4.440892098500626e-16,u,u,6.0,6.0,48,48,False
F56,64,4.091851473363552,4.091851473363552,0.0,u,u,6.0,6.0,82,82,False
F56,65,4.238506247309137,4.238506247309137,0.0,u,u,6.0,6.0,90,90,False
F56,66,4.400339524451962,4.400339524451962,0.0,u,u,6.0,6.0,144,144,False
F56,67,2.4862123116449744,2.4862123116449744,0.0,freeform,freeform,6.0,6.0,198,198,False
F56,68,1.7856090374504383,1.7856090374504385,2.220446049250313e-16,freeform,freeform,6.0,6.0,227,227,False
F56,69,1.785251890579688,1.785251890579688,0.0,freeform,freeform,6.0,6.0,227,227,False
F56,70,2.791058380754941,2.791058380754941,0.0,freeform,freeform,6.0,6.0,238,238,False
F56,71,2.8552202054839797,2.8552202054839793,-4.440892098500626e-16,freeform,freeform,6.0,6.0,245,245,False
F56,72,1.5934946480275736,1.5934946480275736,0.0,freeform,freeform,6.0,6.0,205,205,False
F56,73,1.5942387227384731,1.5942387227384733,2.220446049250313e-16,freeform,freeform,6.0,6.0,205,205,False
F56,74,2.986792791409334,2.986792791409334,0.0,freeform,freeform,6.0,6.0,249,249,False
F56,75,4.320547956118685,4.320547956118685,0.0,u,u,6.0,6.0,123,123,False
F56,76,3.945482419724093,3.9454824197240925,-4.440892098500626e-16,u,u,6.0,6.0,48,48,False
F56,77,2.166227415387573,2.166227415387573,0.0,freeform,freeform,6.0,6.0,159,159,False
F56,78,2.543053931452997,2.543053931452997,0.0,freeform,freeform,6.0,6.0,253,253,False
F56,79,2.5667146306876827,2.5667146306876827,0.0,freeform,freeform,6.0,6.0,253,253,False
F56,80,2.5292146587829367,2.5292146587829367,0.0,freeform,freeform,6.0,6.0,251,251,False
F56,81,4.1176726668147845,4.1176726668147845,0.0,freeform,freeform,6.0,6.0,270,270,False
F56,82,2.9636419816660564,2.9636419816660564,0.0,freeform,freeform,6.0,6.0,249,249,False
F56,83,2.967005095968788,2.967005095968788,0.0,freeform,freeform,6.0,6.0,249,249,False
F56,84,2.9748622428395386,2.9748622428395386,0.0,freeform,freeform,6.0,6.0,249,249,False
F56,85,1.6602319371622285,1.6602319371622283,-2.220446049250313e-16,freeform,freeform,6.0,6.0,158,158,False
F56,86,1.701252303890501,1.701252303890501,0.0,freeform,freeform,6.0,6.0,172,172,False
F56,87,1.7002999309653355,1.7002999309653355,0.0,freeform,freeform,6.0,6.0,172,172,False
F56,88,1.6990499169177085,1.6990499169177085,0.0,freeform,freeform,6.0,6.0,172,172,False
F56,89,2.598560718687488,2.598560718687488,0.0,freeform,freeform,6.0,6.0,254,254,False
F56,90,2.3078745427388725,2.3078745427388725,0.0,freeform,freeform,6.0,6.0,225,225,False
F56,91,4.0073736602879375,4.0073736602879375,0.0,freeform,freeform,6.0,6.0,291,291,False
F56,92,3.051650105752363,3.051650105752363,0.0,freeform,freeform,6.0,6.0,252,252,False
F56,93,4.614732581271804,4.614732581271804,0.0,u,u,6.0,6.0,163,163,False
F56,94,4.614988534656158,4.614988534656158,0.0,u,u,6.0,6.0,163,163,False
F56,95,4.492565837343184,4.492565837343184,0.0,u,u,6.0,6.0,132,132,False
F56,96,4.488357482938414,4.488357482938414,0.0,u,u,6.0,6.0,132,132,False
F56,97,4.783476705149398,4.783476705149398,0.0,u,u,6.0,6.0,202,202,False
F56,98,4.788107651509939,4.788107651509939,0.0,u,u,6.0,6.0,202,202,False
F56,99,4.794256415880661,4.794256415880661,0.0,u,u,6.0,6.0,202,202,False
F56,100,4.856089777309249,4.856089777309249,0.0,u,u,6.0,6.0,206,206,False
F56,101,1.3916816961008664,1.3916816961008664,0.0,freeform,freeform,6.0,6.0,104,104,False
F56,102,1.820833998192452,1.8208339981924522,2.220446049250313e-16,freeform,freeform,6.0,6.0,171,171,False
F56,103,1.82392897138958,1.8239289713895799,-2.220446049250313e-16,freeform,freeform,6.0,6.0,171,171,False
F56,104,1.8063102127502888,1.8063102127502888,0.0,freeform,freeform,6.0,6.0,169,169,False
F56,105,4.251406233774707,4.251406233774707,0.0,freeform,freeform,6.0,6.0,296,296,False
F56,106,3.3044787309178587,3.3044787309178587,0.0,freeform,freeform,6.0,6.0,341,341,False
F56,107,4.195440675795477,4.195440675795477,0.0,u,u,6.0,6.0,106,106,False
F56,108,4.204476368006349,4.204476368006349,0.0,u,u,6.0,6.0,106,106,False
F56,109,4.210059715387309,4.210059715387309,0.0,u,u,6.0,6.0,106,106,False
F56,110,4.212309588958665,4.212309588958665,0.0,u,u,6.0,6.0,106,106,False
F56,111,3.011978767983819,3.011978767983819,0.0,freeform,freeform,6.0,6.0,270,270,False
F56,112,3.0070680827967604,3.0070680827967604,0.0,freeform,freeform,6.0,6.0,270,270,False
F56,113,1.9883044121425244,1.9883044121425244,0.0,freeform,freeform,6.0,6.0,247,247,False
F56,114,1.9901198993704217,1.9901198993704217,0.0,freeform,freeform,6.0,6.0,247,247,False
F56,115,2.6575271961886755,2.6575271961886755,0.0,freeform,freeform,6.0,6.0,199,199,False
F56,116,2.595387627045949,2.595387627045949,0.0,freeform,freeform,6.0,6.0,190,190,False
F56,117,2.5928875708554404,2.5928875708554404,0.0,freeform,freeform,6.0,6.0,190,190,False
F56,118,4.609541728805602,4.609541728805602,0.0,u,u,6.0,6.0,208,208,False
F56,119,4.607892992530134,4.607892992530134,0.0,u,u,6.0,6.0,208,208,False
F56,120,4.606898903771607,4.606898903771607,0.0,u,u,6.0,6.0,208,208,False
F56,121,4.609952470183169,4.609952470183169,0.0,u,u,6.0,6.0,208,208,False
F56,122,2.041161673141602,2.041161673141602,0.0,freeform,freeform,6.0,6.0,253,253,False
F56,123,2.0227388283285475,2.0227388283285475,0.0,freeform,freeform,6.0,6.0,253,253,False
F56,124,2.017024506491792,2.0170245064917918,-4.440892098500626e-16,freeform,freeform,6.0,6.0,253,253,False
F56,125,2.72467787639656,2.72467787639656,0.0,freeform,freeform,6.0,6.0,222,222,False
F56,126,3.9620955059315706,3.9620955059315706,0.0,u,u,6.0,6.0,48,48,False
F56,127,3.9612799906084186,3.9612799906084186,0.0,u,u,6.0,6.0,48,48,False
F56,128,4.295143006577761,4.295143006577761,0.0,u,u,6.0,6.0,140,140,False
F56,129,4.322660852683197,4.322660852683197,0.0,u,u,6.0,6.0,142,142,False
F56,130,3.154910111830784,3.154910111830784,0.0,freeform,freeform,6.0,6.0,280,280,False
F56,131,3.152112498803576,3.152112498803576,0.0,freeform,freeform,6.0,6.0,280,280,False
F56,132,2.52583891030549,2.52583891030549,0.0,freeform,freeform,6.0,6.0,247,247,False
F56,133,2.531582956921136,2.531582956921136,0.0,freeform,freeform,6.0,6.0,247,247,False
F56,134,2.26407987095332,2.26407987095332,0.0,freeform,freeform,6.0,6.0,166,166,False
F56,135,1.803065799149028,1.8030657991490282,2.220446049250313e-16,freeform,freeform,6.0,6.0,193,193,False
F56,136,4.082089496356708,4.082089496356708,0.0,u,u,6.0,6.0,78,78,False
F56,137,4.076779976560792,4.0767799765607915,-8.881784197001252e-16,u,u,6.0,6.0,78,78,False
F56,138,4.075785915897519,4.075785915897519,0.0,u,u,6.0,6.0,78,78,False
F56,139,4.077500125353257,4.077500125353257,0.0,u,u,6.0,6.0,78,78,False
F56,140,4.389261982955271,4.389261982955271,0.0,u,u,6.0,6.0,163,163,False
F56,141,4.414875083210377,4.414875083210377,0.0,u,u,6.0,6.0,165,165,False
F56,142,4.199053818193463,4.199053818193463,0.0,u,u,6.0,6.0,104,104,False
F56,143,1.9061870255401687,1.9061870255401692,4.440892098500626e-16,freeform,freeform,6.0,6.0,239,239,False
F56,144,1.7978346431839245,1.7978346431839245,0.0,freeform,freeform,6.0,6.0,241,241,False
F56,145,1.9066094507612512,1.9066094507612512,0.0,freeform,freeform,6.0,6.0,242,242,False
F56,146,3.706376401087583,3.706376401087583,0.0,freeform,freeform,6.0,6.0,243,243,False
F56,147,1.9112140366135943,1.9112140366135943,0.0,freeform,freeform,6.0,6.0,198,198,False
F56,148,2.021919632292991,2.021919632292991,0.0,freeform,freeform,6.0,6.0,94,94,False
F56,149,2.020431510966445,2.020431510966445,0.0,freeform,freeform,6.0,6.0,94,94,False
F56,150,1.4475245588716126,1.4475245588716126,0.0,freeform,freeform,6.0,6.0,134,134,False
F56,151,4.902107194962058,4.902107194962058,0.0,u,u,6.0,6.0,269,269,False
F56,152,4.911976220506263,4.911976220506263,0.0,u,u,6.0,6.0,269,269,False
F56,153,4.978899009128811,4.978899009128811,0.0,u,u,6.0,6.0,273,273,False
F56,154,5.007964482309082,5.007964482309082,0.0,u,u,6.0,6.0,277,277,False
F56,155,4.59996458064247,4.59996458064247,0.0,u,u,6.0,6.0,195,195,False
F56,156,1.71260046388921,1.71260046388921,0.0,freeform,freeform,6.0,6.0,192,192,False
F56,157,1.7028385711681284,1.7028385711681284,0.0,freeform,freeform,6.0,6.0,192,192,False
F56,158,2.0332749953840232,2.0332749953840232,0.0,freeform,freeform,6.0,6.0,122,122,False
F56,159,2.035685652475827,2.035685652475827,0.0,freeform,freeform,6.0,6.0,122,122,False
F56,160,1.44505153618801,1.4450515361880099,-2.220446049250313e-16,freeform,freeform,6.0,6.0,68,68,False
F56,161,1.4487122916132036,1.4487122916132036,0.0,freeform,freeform,6.0,6.0,68,68,False
F56,162,1.4386078567554588,1.4386078567554588,0.0,freeform,freeform,6.0,6.0,117,117,False
F56,163,1.7466096931961386,1.7466096931961386,0.0,freeform,freeform,6.0,6.0,145,145,False
F56,164,4.05057170644178,4.05057170644178,0.0,u,u,6.0,6.0,80,80,False
F56,165,1.6426809860504197,1.6426809860504195,-2.220446049250313e-16,freeform,freeform,6.0,6.0,116,116,False
F56,166,1.6444369956252818,1.6444369956252818,0.0,freeform,freeform,6.0,6.0,116,116,False
F56,167,4.878036091492857,4.878036091492857,0.0,u,u,6.0,6.0,225,225,False
F56,168,4.880494488040512,4.880494488040512,0.0,u,u,6.0,6.0,225,225,False
F56,169,4.882149276033725,4.882149276033725,0.0,u,u,6.0,6.0,225,225,False
F56,170,4.890262320098321,4.890262320098321,0.0,u,u,6.0,6.0,225,225,False
F56,171,4.897185024435104,4.897185024435104,0.0,u,u,6.0,6.0,225,225,False
F56,172,4.900387327122134,4.900387327122134,0.0,u,u,6.0,6.0,225,225,False
F56,173,4.906833704520064,4.906833704520064,0.0,u,u,6.0,6.0,225,225,False
F56,174,4.912179113193632,4.912179113193632,0.0,u,u,6.0,6.0,225,225,False
F56,175,4.935470730693604,4.935470730693604,0.0,u,u,6.0,6.0,227,227,False
F56,176,4.97450645099973,4.97450645099973,0.0,u,u,6.0,6.0,229,229,False
F56,177,5.413768491220898,5.413768491220898,0.0,u,u,6.0,6.0,294,294,False
F56,178,1.8113102408455437,1.8113102408455433,-4.440892098500626e-16,freeform,freeform,6.0,6.0,169,169,False
F56,179,3.108790304630656,3.1087903046306558,-4.440892098500626e-16,freeform,freeform,6.0,6.0,290,290,False
F56,180,3.734756869739523,3.734756869739523,0.0,freeform,freeform,6.0,6.0,263,263,False
F56,181,3.74621487295362,3.7462148729536198,-4.440892098500626e-16,freeform,freeform,6.0,6.0,263,263,False
F56,182,4.031274065319319,4.031274065319319,0.0,u,u,6.0,6.0,54,54,False
F56,183,4.38225623326151,4.38225623326151,0.0,u,u,6.0,6.0,134,134,False
F56,184,4.405845576169705,4.405845576169705,0.0,u,u,6.0,6.0,136,136,False
F56,185,4.974589615761538,4.974589615761538,0.0,u,u,6.0,6.0,265,265,False
F56,186,5.006173019333007,5.006173019333007,0.0,u,u,6.0,6.0,265,265,False
F56,187,4.788149086390759,4.788149086390759,0.0,u,u,6.0,6.0,216,216,False
F56,188,4.771738373108446,4.771738373108446,0.0,u,u,6.0,6.0,216,216,False
F56,189,4.752678895455412,4.752678895455412,0.0,u,u,6.0,6.0,216,216,False
F56,190,3.278113631650176,3.278113631650176,0.0,freeform,freeform,6.0,6.0,290,290,False
F56,191,4.362625371186732,4.3626253711867315,-8.881784197001252e-16,u,u,6.0,6.0,110,110,False
F56,192,4.201565739009799,4.201565739009799,0.0,u,u,6.0,6.0,96,96,False
F56,193,4.189143034673015,4.189143034673015,0.0,u,u,6.0,6.0,96,96,False
F56,194,4.650315865438442,4.650315865438442,0.0,u,u,6.0,6.0,188,188,False
F56,195,4.665690830319374,4.665690830319374,0.0,u,u,6.0,6.0,190,190,False
F56,196,4.686899156628894,4.686899156628894,0.0,u,u,6.0,6.0,190,190,False
F56,197,4.4846193264928,4.4846193264928,0.0,u,u,6.0,6.0,151,151,False
F56,198,4.287369242207038,4.287369242207038,0.0,u,u,6.0,6.0,119,119,False
F56,199,2.6889794722447835,2.6889794722447835,0.0,freeform,freeform,6.0,6.0,257,257,False
F56,200,2.640258621070964,2.6402586210709638,-4.440892098500626e-16,freeform,freeform,6.0,6.0,257,257,False
F56,201,4.6550122287887445,4.6550122287887445,0.0,u,u,6.0,6.0,206,206,False
F56,202,4.468851466339737,4.468851466339737,0.0,u,u,6.0,6.0,171,171,False
F56,203,4.392440731985985,4.392440731985985,0.0,u,u,6.0,6.0,148,148,False
F56,204,4.387666988686703,4.387666988686703,0.0,u,u,6.0,6.0,148,148,False
F56,205,4.385780004656045,4.385780004656045,0.0,u,u,6.0,6.0,148,148,False
F56,206,3.1245229094496536,3.1245229094496536,0.0,freeform,freeform,6.0,6.0,294,294,False
F56,207,1.7818776916015544,1.7818776916015544,0.0,freeform,freeform,6.0,6.0,223,223,False
F56,208,4.026857398652652,4.026857398652652,0.0,u,u,6.0,6.0,54,54,False
F56,209,3.93211930542136,3.9321193054213603,4.440892098500626e-16,u,u,6.0,6.0,48,48,False
F56,210,1.8816970753709212,1.8816970753709215,2.220446049250313e-16,freeform,freeform,6.0,6.0,238,238,False
F56,211,2.080805897003927,2.080805897003927,0.0,freeform,freeform,6.0,6.0,236,236,False
F56,212,2.069734175439134,2.069734175439134,0.0,freeform,freeform,6.0,6.0,238,238,False
F56,213,2.0391389212894646,2.0391389212894646,0.0,freeform,freeform,6.0,6.0,236,236,False
F56,214,2.063692796748822,2.063692796748822,0.0,freeform,freeform,6.0,6.0,236,236,False
F56,215,2.0755380087556103,2.0755380087556103,0.0,freeform,freeform,6.0,6.0,238,238,False
F56,216,2.494942495311186,2.494942495311186,0.0,freeform,freeform,6.0,6.0,207,207,False
F56,217,2.528038086603904,2.528038086603904,0.0,freeform,freeform,6.0,6.0,207,207,False
F56,218,2.524942804358981,2.5249428043589814,4.440892098500626e-16,freeform,freeform,6.0,6.0,207,207,False
F56,219,2.521639280090301,2.521639280090301,0.0,freeform,freeform,6.0,6.0,207,207,False
F56,220,4.297065710914545,4.297065710914545,0.0,u,u,6.0,6.0,120,120,False
F56,221,4.326101459315924,4.326101459315924,0.0,u,u,6.0,6.0,122,122,False
F56,222,1.6840299182430107,1.6840299182430107,0.0,freeform,freeform,6.0,6.0,232,232,False
F56,223,1.683613265623971,1.683613265623971,0.0,freeform,freeform,6.0,6.0,232,232,False
F56,224,1.6752798761001295,1.6752798761001295,0.0,freeform,freeform,6.0,6.0,232,232,False
F56,225,1.9702832108536892,1.9702832108536894,2.220446049250313e-16,freeform,freeform,6.0,6.0,242,242,False
F56,226,2.7748696464050258,2.7748696464050258,0.0,freeform,freeform,6.0,6.0,220,220,False
F56,227,2.7758815250784803,2.7758815250784803,0.0,freeform,freeform,6.0,6.0,220,220,False
F56,228,2.760316079993464,2.760316079993464,0.0,freeform,freeform,6.0,6.0,220,220,False
F56,229,4.526994368635681,4.526994368635681,0.0,u,u,6.0,6.0,184,184,False
F56,230,1.3002471356421268,1.3002471356421268,0.0,freeform,freeform,6.0,6.0,32,32,False
F56,231,1.2973006458631802,1.2973006458631802,0.0,freeform,freeform,6.0,6.0,32,32,False
F56,232,1.450319396341073,1.450319396341073,0.0,freeform,freeform,6.0,6.0,68,68,False
F56,233,1.2298329929876233,1.2298329929876233,0.0,freeform,freeform,6.0,6.0,62,62,False
F56,234,1.2391486206917914,1.2391486206917914,0.0,freeform,freeform,6.0,6.0,62,62,False
F56,235,1.2373033524944952,1.2373033524944952,0.0,freeform,freeform,6.0,6.0,62,62,False
F56,236,1.226112647528378,1.2261126475283781,2.220446049250313e-16,freeform,freeform,6.0,6.0,62,62,False
F56,237,1.2359938607938332,1.2359938607938332,0.0,freeform,freeform,6.0,6.0,62,62,False
F56,238,1.2280473429196326,1.2280473429196326,0.0,freeform,freeform,6.0,6.0,62,62,False
F56,239,1.230696247766626,1.230696247766626,0.0,freeform,freeform,6.0,6.0,62,62,False
F56,240,1.230964107919689,1.230964107919689,0.0,freeform,freeform,6.0,6.0,62,62,False
F56,241,2.858889807107656,2.858889807107656,0.0,freeform,freeform,6.0,6.0,246,246,False
F56,242,2.867014729845707,2.867014729845707,0.0,freeform,freeform,6.0,6.0,246,246,False
F56,243,2.87454453891036,2.87454453891036,0.0,freeform,freeform,6.0,6.0,246,246,False
F56,244,2.883056501869577,2.883056501869577,0.0,freeform,freeform,6.0,6.0,246,246,False
F56,245,1.5473052395109157,1.5473052395109155,-2.220446049250313e-16,freeform,freeform,6.0,6.0,106,106,False
F56,246,2.8711682386631945,2.8711682386631945,0.0,freeform,freeform,6.0,6.0,249,249,False
F56,247,2.874769375959082,2.874769375959082,0.0,freeform,freeform,6.0,6.0,249,249,False
F56,248,1.6777602912080416,1.6777602912080416,0.0,freeform,freeform,6.0,6.0,161,161,False
F56,249,4.7578158092479335,4.7578158092479335,0.0,u,u,6.0,6.0,216,216,False
F56,250,4.470803867360158,4.470803867360158,0.0,u,u,6.0,6.0,171,171,False
F56,251,4.480655032751299,4.480655032751299,0.0,u,u,6.0,6.0,165,165,False
F56,252,4.484155060846555,4.484155060846555,0.0,u,u,6.0,6.0,165,165,False
F56,253,4.486315788176493,4.486315788176493,0.0,u,u,6.0,6.0,165,165,False
F56,254,4.493149037224065,4.493149037224065,0.0,u,u,6.0,6.0,165,165,False
F56,255,2.115178403908099,2.115178403908099,0.0,freeform,freeform,6.0,6.0,134,134,False
F56,256,1.143149481609664,1.1431494816096641,2.220446049250313e-16,freeform,freeform,6.0,6.0,52,52,False
F56,257,1.1343101808443494,1.1343101808443494,0.0,freeform,freeform,6.0,6.0,52,52,False
F56,258,1.0910692881921096,1.0910692881921096,0.0,freeform,freeform,6.0,6.0,30,30,False
F56,259,1.0945811949608182,1.0945811949608182,0.0,freeform,freeform,6.0,6.0,30,30,False
F56,260,3.777389726943694,3.777389726943694,0.0,freeform,freeform,6.0,6.0,250,250,False
F56,261,3.787330305481168,3.787330305481168,0.0,freeform,freeform,6.0,6.0,250,250,False
F56,262,3.777568216093308,3.777568216093308,0.0,freeform,freeform,6.0,6.0,250,250,False
F56,263,3.777538631790689,3.7775386317906885,-4.440892098500626e-16,freeform,freeform,6.0,6.0,248,248,False
F56,264,3.761139881467592,3.761139881467592,0.0,freeform,freeform,6.0,6.0,248,248,False
F56,265,5.364685101697055,5.364685101697055,0.0,u,u,6.0,6.0,266,266,False
F56,266,5.020411077445231,5.020411077445231,0.0,u,u,6.0,6.0,222,222,False
F56,267,5.019774191747962,5.019774191747962,0.0,u,u,6.0,6.0,222,222,False
F56,268,5.04702420579559,5.04702420579559,0.0,u,u,6.0,6.0,224,224,False
F56,269,1.718648888706261,1.718648888706261,0.0,freeform,freeform,6.0,6.0,185,185,False
F56,270,1.716446501733468,1.716446501733468,0.0,freeform,freeform,6.0,6.0,185,185,False
F56,271,1.7162679002028387,1.7162679002028387,0.0,freeform,freeform,6.0,6.0,185,185,False
F56,272,1.7162679282980928,1.7162679282980928,0.0,freeform,freeform,6.0,6.0,185,185,False
F56,273,3.7306461530713424,3.7306461530713424,0.0,freeform,freeform,6.0,6.0,270,270,False
F56,274,3.729306908496536,3.729306908496536,0.0,freeform,freeform,6.0,6.0,270,270,False
F56,275,3.729455672867258,3.729455672867258,0.0,freeform,freeform,6.0,6.0,270,270,False
F56,276,1.1386388704005828,1.1386388704005828,0.0,freeform,freeform,6.0,6.0,30,30,False
F56,277,1.1394423946692631,1.1394423946692633,2.220446049250313e-16,freeform,freeform,6.0,6.0,30,30,False
F56,278,0.9567207817456452,0.9567207817456451,-1.1102230246251565e-16,freeform,freeform,6.0,6.0,0,0,False
F56,279,0.9567207817456452,0.9567207817456451,-1.1102230246251565e-16,freeform,freeform,6.0,6.0,0,0,False
F56,280,2.5558825676985357,2.5558825676985353,-4.440892098500626e-16,freeform,freeform,6.0,6.0,172,172,False
F56,281,2.5492754348754114,2.5492754348754114,0.0,freeform,freeform,6.0,6.0,172,172,False
F56,282,2.546953980215533,2.546953980215533,0.0,freeform,freeform,6.0,6.0,172,172,False
F56,283,2.54245991955226,2.54245991955226,0.0,freeform,freeform,6.0,6.0,172,172,False
F56,284,4.2257383660846335,4.2257383660846335,0.0,u,u,6.0,6.0,99,99,False
F56,285,4.22111335906082,4.22111335906082,0.0,u,u,6.0,6.0,99,99,False
F56,286,4.215768140030218,4.215768140030218,0.0,u,u,6.0,6.0,98,98,False
F56,287,4.330771907994984,4.330771907994984,0.0,freeform,freeform,6.0,6.0,305,305,False
F56,288,4.871934890982647,4.871934890982647,0.0,u,u,6.0,6.0,188,188,False
F56,289,4.808637074264847,4.808637074264847,0.0,u,u,6.0,6.0,179,179,False
F56,290,5.404000469520122,5.404000469520122,0.0,u,u,6.0,6.0,263,263,False
F56,291,5.205327779230967,5.2053277792309665,-8.881784197001252e-16,u,u,6.0,6.0,241,241,False
F56,292,3.942744340540428,3.942744340540428,0.0,u,u,6.0,6.0,48,48,False
F56,293,3.947244298397547,3.947244298397547,0.0,u,u,6.0,6.0,48,48,False
F56,294,3.9445240653193183,3.9445240653193183,0.0,u,u,6.0,6.0,48,48,False
F56,295,4.014119333516615,4.014119333516615,0.0,u,u,6.0,6.0,54,54,False
F56,296,4.835702884588168,4.8357028845881675,-8.881784197001252e-16,u,u,6.0,6.0,207,207,False
F56,297,4.846494473992885,4.846494473992885,0.0,u,u,6.0,6.0,207,207,False
F56,298,4.875530278584774,4.875530278584774,0.0,u,u,6.0,6.0,207,207,False
F56,299,4.737375448448679,4.737375448448679,0.0,u,u,6.0,6.0,181,181,False
F56,300,3.90827222151556,3.9082722215155594,-4.440892098500626e-16,freeform,freeform,6.0,6.0,264,264,False
F56,301,4.08299608213099,4.08299608213099,0.0,freeform,freeform,6.0,6.0,301,301,False
F56,302,4.070912790940538,4.070912790940538,0.0,freeform,freeform,6.0,6.0,301,301,False
F56,303,4.080287868202487,4.080287868202487,0.0,freeform,freeform,6.0,6.0,301,301,False
F56,304,4.300536070421417,4.300536070421417,0.0,u,u,6.0,6.0,64,64,False
F56,305,4.036774114486013,4.036774114486013,0.0,u,u,6.0,6.0,53,53,False
F56,306,4.137357496986041,4.137357496986041,0.0,u,u,6.0,6.0,60,60,False
F56,307,4.2920360423261625,4.2920360423261625,0.0,u,u,6.0,6.0,64,64,False
F56,308,4.553131261356763,4.553131261356763,0.0,u,u,6.0,6.0,201,201,False
F56,309,4.783833711543879,4.7838337115438785,-8.881784197001252e-16,u,u,6.0,6.0,288,288,False
F56,310,4.792661021254723,4.792661021254723,0.0,u,u,6.0,6.0,288,288,False
F56,311,4.810161007207094,4.810161007207094,0.0,u,u,6.0,6.0,278,278,False
F56,312,1.6486250308484485,1.6486250308484485,0.0,freeform,freeform,6.0,6.0,104,104,False
F56,313,1.62588692356953,1.6258869235695301,2.220446049250313e-16,freeform,freeform,6.0,6.0,102,102,False
F56,314,1.6160060193518706,1.6160060193518706,0.0,freeform,freeform,6.0,6.0,100,100,False
F56,315,2.5727179915978877,2.5727179915978873,-4.440892098500626e-16,freeform,freeform,6.0,6.0,187,187,False
F56,316,4.376845498907757,4.376845498907757,0.0,u,u,6.0,6.0,111,111,False
F56,317,4.052815837343188,4.052815837343188,0.0,u,u,6.0,6.0,80,80,False
F56,318,4.483589615761538,4.483589615761538,0.0,u,u,6.0,6.0,129,129,False
F56,319,4.468649156628895,4.468649156628895,0.0,u,u,6.0,6.0,128,128,False
F56,320,4.184446769656102,4.184446769656102,0.0,u,u,6.0,6.0,110,110,False
F56,321,4.200089594690097,4.200089594690097,0.0,u,u,6.0,6.0,112,112,False
F56,322,4.408238316917938,4.408238316917938,0.0,u,u,6.0,6.0,146,146,False
F56,323,2.494094799388592,2.4940947993885922,4.440892098500626e-16,freeform,freeform,6.0,6.0,234,234,False
F56,324,1.58411463486773,1.58411463486773,0.0,freeform,freeform,6.0,6.0,219,219,False
F56,325,1.5858705882520845,1.5858705882520843,-2.220446049250313e-16,freeform,freeform,6.0,6.0,219,219,False
F56,326,2.960452995131722,2.960452995131722,0.0,freeform,freeform,6.0,6.0,254,254,False
F56,327,2.679755806427189,2.679755806427189,0.0,freeform,freeform,6.0,6.0,259,259,False
F56,328,1.561520368718123,1.561520368718123,0.0,freeform,freeform,6.0,6.0,137,137,False
F56,329,1.5667882850616937,1.5667882850616937,0.0,freeform,freeform,6.0,6.0,137,137,False
F56,330,3.16172282554034,3.1617228255403393,-4.440892098500626e-16,freeform,freeform,6.0,6.0,295,295,False
F56,331,4.572030341799091,4.572030341799091,0.0,u,u,6.0,6.0,156,156,False
F56,332,4.159321657275085,4.159321657275085,0.0,u,u,6.0,6.0,73,73,False
F56,333,1.5543740858780888,1.5543740858780888,0.0,freeform,freeform,6.0,6.0,124,124,False
F56,334,2.7402399942617137,2.7402399942617137,0.0,freeform,freeform,6.0,6.0,267,267,False
F56,335,2.670983254210243,2.670983254210243,0.0,freeform,freeform,6.0,6.0,267,267,False
F56,336,2.731013849942012,2.731013849942012,0.0,freeform,freeform,6.0,6.0,259,259,False
F56,337,3.782787496716102,3.782787496716102,0.0,freeform,freeform,6.0,6.0,252,252,False
F56,338,3.922098898993905,3.922098898993905,0.0,freeform,freeform,6.0,6.0,272,272,False
F56,339,3.930105484521477,3.930105484521477,0.0,freeform,freeform,6.0,6.0,272,272,False
F56,340,3.9322185847765816,3.9322185847765816,0.0,freeform,freeform,6.0,6.0,272,272,False
F56,341,1.4465866611694749,1.4465866611694747,-2.220446049250313e-16,freeform,freeform,6.0,6.0,76,76,False
F56,342,1.4908316866277658,1.4908316866277658,0.0,freeform,freeform,6.0,6.0,126,126,False
F56,343,1.4889864184304695,1.4889864184304695,0.0,freeform,freeform,6.0,6.0,126,126,False
F56,344,1.4872899988896582,1.4872899988896582,0.0,freeform,freeform,6.0,6.0,126,126,False
F56,345,3.072997523519557,3.072997523519557,0.0,freeform,freeform,6.0,6.0,270,270,False
F56,346,2.32668743501166,2.32668743501166,0.0,freeform,freeform,6.0,6.0,217,217,False
F56,347,3.860393815506845,3.8603938155068453,4.440892098500626e-16,freeform,freeform,6.0,6.0,252,252,False
F56,348,3.724543225338423,3.7245432253384227,-4.440892098500626e-16,freeform,freeform,6.0,6.0,250,250,False
F56,349,4.419536028278535,4.419536028278535,0.0,u,u,6.0,6.0,138,138,False
F56,350,4.429285929945145,4.429285929945145,0.0,u,u,6.0,6.0,138,138,False
F56,351,4.3128931540778455,4.3128931540778455,0.0,u,u,6.0,6.0,109,109,False
F56,352,4.18084550593157,4.18084550593157,0.0,u,u,6.0,6.0,96,96,False
F56,353,4.615381338618712,4.615381338618712,0.0,u,u,6.0,6.0,164,164,False
F56,354,4.405089721118741,4.405089721118741,0.0,u,u,6.0,6.0,160,160,False
F56,355,4.402369516135766,4.402369516135766,0.0,u,u,6.0,6.0,160,160,False
F56,356,4.423399240914657,4.423399240914657,0.0,u,u,6.0,6.0,162,162,False
F56,357,1.791072358328658,1.7910723583286579,-2.220446049250313e-16,freeform,freeform,6.0,6.0,147,147,False
F56,358,1.506491630632202,1.506491630632202,0.0,freeform,freeform,6.0,6.0,173,173,False
F56,359,1.5061939895097405,1.5061939895097405,0.0,freeform,freeform,6.0,6.0,173,173,False
F56,360,1.507116609560761,1.5071166095607613,2.220446049250313e-16,freeform,freeform,6.0,6.0,173,173,False
F56,361,3.312649406801075,3.312649406801075,0.0,freeform,freeform,6.0,6.0,292,292,False
F56,362,3.187384690158266,3.187384690158266,0.0,freeform,freeform,6.0,6.0,291,291,False
F56,363,4.40724418601653,4.40724418601653,0.0,u,u,6.0,6.0,160,160,False
F56,364,4.408452568516558,4.408452568516558,0.0,u,u,6.0,6.0,160,160,False
F56,365,4.409065612581154,4.409065612581154,0.0,u,u,6.0,6.0,160,160,False
F56,366,4.414946629179831,4.414946629179831,0.0,u,u,6.0,6.0,160,160,False
F56,367,2.7216789570676587,2.7216789570676587,0.0,freeform,freeform,6.0,6.0,230,230,False
F56,368,2.741292141608526,2.741292141608526,0.0,freeform,freeform,6.0,6.0,230,230,False
F56,369,1.9092370250897464,1.9092370250897464,0.0,freeform,freeform,6.0,6.0,241,241,False
F56,370,1.9140882045285157,1.9140882045285155,-2.220446049250313e-16,freeform,freeform,6.0,6.0,241,241,False
F56,371,2.4734462023455106,2.4734462023455106,0.0,freeform,freeform,6.0,6.0,223,223,False
F56,372,2.803225130295903,2.803225130295903,0.0,freeform,freeform,6.0,6.0,231,231,False
F56,373,2.766588076027109,2.7665880760271095,4.440892098500626e-16,freeform,freeform,6.0,6.0,229,229,False
F56,374,4.4466608386355695,4.4466608386355695,0.0,u,u,6.0,6.0,164,164,False
F56,375,4.453494200064157,4.453494200064157,0.0,u,u,6.0,6.0,164,164,False
F56,376,4.459256120880493,4.459256120880493,0.0,u,u,6.0,6.0,164,164,False
F56,377,4.466803804145835,4.466803804145835,0.0,u,u,6.0,6.0,164,164,False
F56,378,1.9807512287316515,1.9807512287316515,0.0,freeform,freeform,6.0,6.0,247,247,False
F56,379,1.9845607485275665,1.9845607485275665,0.0,freeform,freeform,6.0,6.0,247,247,False
F56,380,1.984650035245254,1.984650035245254,0.0,freeform,freeform,6.0,6.0,247,247,False
F56,381,2.6623765389864493,2.6623765389864493,0.0,freeform,freeform,6.0,6.0,246,246,False
F56,382,4.268476353958722,4.268476353958722,0.0,u,u,6.0,6.0,132,132,False
F56,383,4.272839412070946,4.272839412070946,0.0,u,u,6.0,6.0,132,132,False
F56,384,4.193024065319319,4.193024065319319,0.0,u,u,6.0,6.0,108,108,False
F56,385,4.196375216662834,4.196375216662834,0.0,u,u,6.0,6.0,108,108,False
F56,386,2.856961480353396,2.8569614803533954,-4.440892098500626e-16,freeform,freeform,6.0,6.0,270,270,False
F56,387,2.8613960352683794,2.8613960352683794,0.0,freeform,freeform,6.0,6.0,270,270,False
F56,388,1.9465519865335568,1.9465519865335568,0.0,freeform,freeform,6.0,6.0,245,245,False
F56,389,1.9612544858873664,1.9612544858873662,-2.220446049250313e-16,freeform,freeform,6.0,6.0,247,247,False
F56,390,2.364285424350207,2.364285424350207,0.0,freeform,freeform,6.0,6.0,204,204,False
F56,391,1.966265990125545,1.966265990125545,0.0,freeform,freeform,6.0,6.0,231,231,False
F56,392,4.164404976560792,4.164404976560792,0.0,u,u,6.0,6.0,109,109,False
F56,393,4.161803754979141,4.161803754979141,0.0,u,u,6.0,6.0,109,109,False
F56,394,4.160363288822684,4.160363288822684,0.0,u,u,6.0,6.0,109,109,False
F56,395,4.162404948465538,4.162404948465538,0.0,u,u,6.0,6.0,109,109,False
F56,396,4.059988366084633,4.059988366084633,0.0,u,u,6.0,6.0,79,79,False
F56,397,4.055780011679859,4.055780011679859,0.0,u,u,6.0,6.0,79,79,False
F56,398,3.955637165574424,3.9556371655744234,-4.440892098500626e-16,u,u,6.0,6.0,48,48,False
F56,399,1.953924986808426,1.953924986808426,0.0,freeform,freeform,6.0,6.0,238,238,False
F56,400,1.9466925379136928,1.9466925379136932,4.440892098500626e-16,freeform,freeform,6.0,6.0,238,238,False
F56,401,2.0915697919377148,2.0915697919377148,0.0,freeform,freeform,6.0,6.0,254,254,False
F56,402,4.260523778018957,4.260523778018957,0.0,freeform,freeform,6.0,6.0,288,288,False
F56,403,2.323730839531191,2.323730839531191,0.0,freeform,freeform,6.0,6.0,172,172,False
F56,404,1.4991036799065172,1.4991036799065172,0.0,freeform,freeform,6.0,6.0,83,83,False
F56,405,1.5019312143793937,1.5019312143793937,0.0,freeform,freeform,6.0,6.0,83,83,False
F56,406,1.5581555933286009,1.5581555933286007,-2.220446049250313e-16,freeform,freeform,6.0,6.0,109,109,False
F56,407,4.644470435693434,4.644470435693434,0.0,u,u,6.0,6.0,195,195,False
F56,408,4.653089475285266,4.653089475285266,0.0,u,u,6.0,6.0,195,195,False
F56,409,4.659208542972352,4.659208542972352,0.0,u,u,6.0,6.0,195,195,False
F56,410,4.66258950338052,4.66258950338052,0.0,u,u,6.0,6.0,195,195,False
F56,411,4.51825032904385,4.51825032904385,0.0,u,u,6.0,6.0,167,167,False
F56,412,1.8474112005408965,1.8474112005408965,0.0,freeform,freeform,6.0,6.0,208,208,False
F56,413,1.8451195830409244,1.8451195830409244,0.0,freeform,freeform,6.0,6.0,208,208,False
F56,414,1.7644154484600234,1.7644154484600234,0.0,freeform,freeform,6.0,6.0,156,156,False
F56,415,1.7505762319804712,1.7505762319804712,0.0,freeform,freeform,6.0,6.0,154,154,False
F56,416,1.6560481601910575,1.6560481601910577,2.220446049250313e-16,freeform,freeform,6.0,6.0,126,126,False
F56,417,1.6702448325891557,1.6702448325891555,-2.220446049250313e-16,freeform,freeform,6.0,6.0,128,128,False
F56,418,1.5149055473750344,1.5149055473750344,0.0,freeform,freeform,6.0,6.0,156,156,False
F56,419,1.7077263099244655,1.7077263099244655,0.0,freeform,freeform,6.0,6.0,175,175,False
F56,420,4.15518483479214,4.15518483479214,0.0,u,u,6.0,6.0,112,112,False
F56,421,2.059138222067772,2.0591382220677716,-4.440892098500626e-16,freeform,freeform,6.0,6.0,116,116,False
F56,422,2.0545548746868114,2.0545548746868114,0.0,freeform,freeform,6.0,6.0,116,116,False
F56,423,4.796518259435048,4.7965182594350475,-8.881784197001252e-16,u,u,6.0,6.0,203,203,False
F56,424,4.853976740268465,4.853976740268465,0.0,u,u,6.0,6.0,207,207,False
F56,425,4.82232789161198,4.82232789161198,0.0,u,u,6.0,6.0,207,207,False
F56,426,4.815411126611925,4.815411126611925,0.0,u,u,6.0,6.0,207,207,False
F56,427,4.815577821373845,4.815577821373845,0.0,u,u,6.0,6.0,207,207,False
F56,428,4.833839798380689,4.833839798380689,0.0,u,u,6.0,6.0,207,207,False
F56,429,4.839690949724203,4.839690949724203,0.0,u,u,6.0,6.0,207,207,False
F56,430,4.845184982292222,4.845184982292222,0.0,u,u,6.0,6.0,207,207,False
F56,431,4.844369466969071,4.844369466969071,0.0,u,u,6.0,6.0,207,207,False
F56,432,4.848881345642526,4.848881345642526,0.0,u,u,6.0,6.0,207,207,False
F56,433,5.124303944622108,5.124303944622108,0.0,u,u,6.0,6.0,246,246,False
F56,434,1.514110670224034,1.5141106702240341,2.220446049250313e-16,freeform,freeform,6.0,6.0,173,173,False
F56,435,2.8838172977107672,2.8838172977107672,0.0,freeform,freeform,6.0,6.0,280,280,False
F56,436,3.9198057021270793,3.9198057021270793,0.0,freeform,freeform,6.0,6.0,281,281,False
F56,437,3.923287884116897,3.923287884116897,0.0,freeform,freeform,6.0,6.0,281,281,False
F56,438,4.157214742190182,4.157214742190182,0.0,u,u,6.0,6.0,80,80,False
F56,439,4.328155131084693,4.328155131084693,0.0,u,u,6.0,6.0,107,107,False
F56,440,4.329869340540428,4.329869340540428,0.0,u,u,6.0,6.0,107,107,False
F56,441,4.808458669400997,4.808458669400997,0.0,u,u,6.0,6.0,223,223,False
F56,442,4.808000385234354,4.808000385234354,0.0,u,u,6.0,6.0,223,223,False
F56,443,4.724047899928172,4.724047899928172,0.0,u,u,6.0,6.0,215,215,False
F56,444,4.758559890982648,4.758559890982648,0.0,u,u,6.0,6.0,217,217,False
F56,445,4.754262306050694,4.754262306050694,0.0,u,u,6.0,6.0,217,217,False
F56,446,3.1283536882879845,3.1283536882879845,0.0,freeform,freeform,6.0,6.0,288,288,False
F56,447,4.39670277923096,4.39670277923096,0.0,u,u,6.0,6.0,108,108,False
F56,448,4.394577687921388,4.394577687921388,0.0,u,u,6.0,6.0,108,108,False
F56,449,4.391768196220727,4.391768196220727,0.0,u,u,6.0,6.0,108,108,False
F56,450,4.678423096594956,4.678423096594956,0.0,u,u,6.0,6.0,182,182,False
F56,451,4.671417129162969,4.671417129162969,0.0,u,u,6.0,6.0,182,182,False
F56,452,4.669262369265016,4.669262369265016,0.0,u,u,6.0,6.0,182,182,False
F56,453,4.467250371186736,4.4672503711867355,-8.881784197001252e-16,u,u,6.0,6.0,131,131,False
F56,454,4.412512306050695,4.4125123060506946,-8.881784197001252e-16,u,u,6.0,6.0,165,165,False
F56,455,2.4654933558730106,2.4654933558730106,0.0,freeform,freeform,6.0,6.0,239,239,False
F56,456,2.4643623814172155,2.4643623814172155,0.0,freeform,freeform,6.0,6.0,239,239,False
F56,457,4.557071629179831,4.5570716291798306,-8.881784197001252e-16,u,u,6.0,6.0,185,185,False
F56,458,4.366940753057426,4.366940753057426,0.0,u,u,6.0,6.0,143,143,False
F56,459,4.151047920999617,4.151047920999617,0.0,u,u,6.0,6.0,112,112,False
F56,460,4.148059799673072,4.148059799673072,0.0,u,u,6.0,6.0,112,112,False
F56,461,4.250899114486013,4.250899114486013,0.0,u,u,6.0,6.0,112,112,False
F56,462,3.084185074931702,3.084185074931702,0.0,freeform,freeform,6.0,6.0,288,288,False
F56,463,1.7686599067535986,1.7686599067535986,0.0,freeform,freeform,6.0,6.0,247,247,False
F56,464,4.148292002734331,4.148292002734331,0.0,u,u,6.0,6.0,91,91,False
F56,465,4.323309876935021,4.323309876935021,0.0,u,u,6.0,6.0,111,111,False
F56,466,1.8350411267124456,1.8350411267124458,2.220446049250313e-16,freeform,freeform,6.0,6.0,238,238,False
F56,467,2.3652048685911367,2.3652048685911367,0.0,freeform,freeform,6.0,6.0,236,236,False
F56,468,2.3766930742034447,2.3766930742034447,0.0,freeform,freeform,6.0,6.0,236,236,False
F56,469,2.3751751719075007,2.3751751719075007,0.0,freeform,freeform,6.0,6.0,236,236,False
F56,470,2.382169176380265,2.382169176380265,0.0,freeform,freeform,6.0,6.0,236,236,False
F56,471,2.3815441693564514,2.3815441693564514,0.0,freeform,freeform,6.0,6.0,236,236,False
F56,472,2.406813806762705,2.406813806762705,0.0,freeform,freeform,6.0,6.0,223,223,False
F56,473,2.411724548140272,2.4117245481402714,-4.440892098500626e-16,freeform,freeform,6.0,6.0,223,223,False
F56,474,2.4142840538885606,2.4142840538885606,0.0,freeform,freeform,6.0,6.0,223,223,False
F56,475,2.435325769721922,2.435325769721922,0.0,freeform,freeform,6.0,6.0,225,225,False
F56,476,4.235393133006405,4.235393133006405,0.0,u,u,6.0,6.0,112,112,False
F56,477,4.234547864809109,4.234547864809109,0.0,u,u,6.0,6.0,112,112,False
F56,478,1.7693505457703944,1.7693505457703944,0.0,freeform,freeform,6.0,6.0,224,224,False
F56,479,1.7685465157871392,1.7685465157871392,0.0,freeform,freeform,6.0,6.0,224,224,False
F56,480,1.7657488746646774,1.7657488746646774,0.0,freeform,freeform,6.0,6.0,224,224,False
F56,481,2.5017191106886365,2.5017191106886365,0.0,freeform,freeform,6.0,6.0,256,256,False
F56,482,2.8210879063563388,2.8210879063563388,0.0,freeform,freeform,6.0,6.0,246,246,False
F56,483,2.8136174906589577,2.8136174906589577,0.0,freeform,freeform,6.0,6.0,246,246,False
F56,484,2.8066830481249907,2.8066830481249907,0.0,freeform,freeform,6.0,6.0,246,246,False
F56,485,4.777714664928232,4.777714664928232,0.0,u,u,6.0,6.0,225,225,False
F56,486,1.5414586607915153,1.5414586607915153,0.0,freeform,freeform,6.0,6.0,84,84,False
F56,487,1.5425003204343684,1.5425003204343684,0.0,freeform,freeform,6.0,6.0,84,84,False
F56,488,1.671197233609575,1.671197233609575,0.0,freeform,freeform,6.0,6.0,128,128,False
F56,489,1.4068543808462672,1.4068543808462672,0.0,freeform,freeform,6.0,6.0,60,60,False
F56,490,1.400277000897288,1.400277000897288,0.0,freeform,freeform,6.0,6.0,60,60,False
F56,491,1.389949494519665,1.3899494945196653,2.220446049250313e-16,freeform,freeform,6.0,6.0,60,60,False
F56,492,1.3825683936352269,1.3825683936352267,-2.220446049250313e-16,freeform,freeform,6.0,6.0,60,60,False
F56,493,1.3945626790605328,1.3945626790605328,0.0,freeform,freeform,6.0,6.0,60,60,False
F56,494,1.394354352751013,1.394354352751013,0.0,freeform,freeform,6.0,6.0,60,60,False
F56,495,1.3949793316795724,1.3949793316795724,0.0,freeform,freeform,6.0,6.0,60,60,False
F56,496,1.390693541135311,1.390693541135311,0.0,freeform,freeform,6.0,6.0,60,60,False
F56,497,3.7295753024594287,3.7295753024594287,0.0,freeform,freeform,6.0,6.0,270,270,False
F56,498,3.729724123020659,3.729724123020659,0.0,freeform,freeform,6.0,6.0,270,270,False
F56,499,3.7315092673740735,3.7315092673740744,8.881784197001252e-16,freeform,freeform,6.0,6.0,270,270,False
F56,500,3.7293366332754254,3.7293366332754263,8.881784197001252e-16,freeform,freeform,6.0,6.0,270,270,False
F56,501,1.381651830845706,1.381651830845706,0.0,freeform,freeform,6.0,6.0,64,64,False
F56,502,3.206841781272788,3.2068417812727876,-4.440892098500626e-16,freeform,freeform,6.0,6.0,283,283,False
F56,503,3.2142525788408625,3.2142525788408625,0.0,freeform,freeform,6.0,6.0,283,283,False
F56,504,1.6214353631330811,1.6214353631330813,2.220446049250313e-16,freeform,freeform,6.0,6.0,173,173,False
F56,505,4.7546074056764684,4.7546074056764684,0.0,u,u,6.0,6.0,217,217,False
F56,506,4.376928874383971,4.376928874383971,0.0,u,u,6.0,6.0,143,143,False
F56,507,4.724494473992885,4.724494473992885,0.0,u,u,6.0,6.0,201,201,False
F56,508,4.72975042737724,4.72975042737724,0.0,u,u,6.0,6.0,201,201,False
F56,509,4.756792171305859,4.756792171305859,0.0,u,u,6.0,6.0,203,203,False
F56,510,4.747286231969128,4.747286231969128,0.0,u,u,6.0,6.0,203,203,False
F56,511,1.719302940330592,1.719302940330592,0.0,freeform,freeform,6.0,6.0,158,158,False
