route_a,route_b,x_mm,y_mm,angle_deg,loss_db
0,22,138.6943653695921,74.49290150513089,10.000000000000018,0.005952372925165482
0,23,138.8443653695921,76.20740935054516,10.000000000000018,0.005952372925165482
0,24,133.24971790570365,12.260296222789131,34.99999999999999,0.004583347380960408
0,25,133.28919603757322,12.711533334873746,34.99999999999999,0.004583347380960408
0,26,133.8317659746146,18.91313609316238,34.99999999999999,0.004583347380960408
0,27,133.87124410648417,19.364373205247038,34.99999999999999,0.004583347380960408
0,28,132.69805012744547,5.954704663549876,78.56016493113357,0.0019047739455851117
0,29,132.7306172834901,6.326948960492075,81.20573719115359,0.00199406066327276
0,30,133.30162939946976,12.853647311650263,78.52452521928758,0.0019047739455851117
0,31,133.60289307862968,16.297106921370307,50.0,0.0038393007653147234
0,32,135.10549805503837,33.47196039211127,62.70695942372042,0.002113100255104908
0,33,135.1453377869333,33.92733061139842,65.60092876584957,0.003065473180270389
0,34,135.22080828979594,34.78996240643373,71.20483726788721,0.002708326309519796
0,35,135.18374536394586,34.3663312254742,68.42999708057708,0.0031250070238135375
0,41,142.5121244809459,118.1300878272482,18.265061138052534,0.009345240102041963
0,41,143.0,123.70653052727369,5.000000000000003,0.014107160918377668
0,42,142.41945938820234,117.0709209705495,26.433806892083425,0.0034226200510209816
0,42,143.3,127.13554621810223,5.000000000000003,0.014107160918377668
0,43,142.3457856210876,116.22882595908636,32.7242844403454,0.0031845127721025364
0,43,143.6,130.56456190893044,5.000000000000003,0.014107160918377668
0,45,144.15310719041804,136.88660602444207,2.16800648497094,0.010357146870750594
0,45,144.19267222579273,137.33883644813528,2.168006484971065,0.010357146870750594
1,22,138.8443653695921,72.77839365971661,10.000000000000018,0.005952372925165482
1,23,138.99436536959212,74.49290150513089,10.000000000000018,0.005952372925165482
1,24,133.5102397738341,11.809059110704482,34.99999999999999,0.004583347380960408
1,25,133.54971790570366,12.260296222789082,34.99999999999999,0.004583347380960408
1,26,134.092287842745,18.461898981077713,34.99999999999999,0.004583347380960408
1,27,134.1317659746146,18.913136093162375,34.99999999999999,0.004583347380960408
1,28,132.98980380932795,5.860448816161465,75.63201925069521,0.0019047739455851117
1,29,133.02363093271953,6.247094605778898,78.30530571688499,0.0019047739455851117
1,30,133.59336592571665,12.759195374449632,75.59595906628786,0.0019047739455851117
1,31,133.8787580233063,16.02124197669373,50.0,0.0038393007653147234
1,32,135.3888263996111,33.28140249860395,59.445923721319154,0.0018749929761864628
1,33,135.4303623437447,33.756160512495285,62.42564051868712,0.002113100255104908
1,34,135.50888552982948,34.65368463642386,68.16126188852517,0.0031250070238135375
1,35,135.4703447433354,34.21316143100708,65.32646079737616,0.003065473180270389
1,41,142.95603256975218,119.77496480909464,1.9405375695502647,0.0056250070238135375
1,41,142.9914480915303,120.17976607534794,1.9405375695503542,0.0056250070238135375
1,42,142.77932740271447,117.7552155076853,19.045631641093326,0.006815487227897463
1,42,143.3,123.70653052727369,5.000000000000003,0.014107160918377668
1,43,142.6888834714711,116.72143664310616,26.989278225017383,0.0034226200510209816
1,43,143.6,127.1355462181019,5.000000000000003,0.014107160918377668
2,24,131.6,15.117691453624001,29.999999999999993,0.002410713282312352
2,25,131.6,15.637306695894633,29.999999999999993,0.002410713282312352
2,26,131.6,22.77866815179835,29.999999999999993,0.002410713282312352
2,27,131.6,23.298283394069024,29.999999999999986,0.002410713282312352
2,28,131.6,6.169924622639726,84.26082952273327,0.0018452401020419631
2,29,131.6,6.492495306631454,87.1340160174013,0.0018749929761864628
2,30,131.6,13.100000000000001,90.0,0.0016666666666666668
2,31,131.6,18.299999999999997,45.0,0.005714293741501186
2,32,131.6,34.4,90.0,0.0016666666666666668
2,33,131.6,34.7,90.0,0.0016666666666666668
2,34,131.6,35.3,90.0,0.0016666666666666668
2,35,131.6,35.0,90.0,0.0016666666666666668
2,36,136.1,115.43007537736028,84.26082952273327,0.0018452401020419631
2,37,136.1,115.10750469336854,87.1340160174013,0.0018749929761864628
2,38,136.1,128.9,90.0,0.0016666666666666668
2,39,136.1,128.6,90.0,0.0016666666666666668
2,40,136.1,114.8,90.0,0.0016666666666666668
2,41,136.1,114.5,90.0,0.0016666666666666668
2,42,136.1,114.2,90.0,0.0016666666666666668
2,43,136.1,113.9,90.0,0.0016666666666666668
2,44,136.1,133.28528137423856,45.0,0.005714293741501186
2,45,136.1,127.04999999999998,45.0,0.005714293741501186
2,46,136.1,139.1147186257614,45.0,0.005714293741501186
2,47,136.1,138.8147186257614,45.0,0.005714293741501186
3,24,131.9,14.598076211353318,29.999999999999993,0.002410713282312352
3,25,131.9,15.117691453623955,29.999999999999993,0.002410713282312352
3,26,131.9,22.259052909527668,29.999999999999993,0.002410713282312352
3,27,131.9,22.778668151798342,29.999999999999986,0.002410713282312352
3,28,131.9,6.1321159799855565,81.37307344132131,0.00199406066327276
3,29,131.9,6.469924622639724,84.26082952273327,0.0018452401020419631
3,30,131.9,13.092495306631456,87.13401601740104,0.0018749929761864628
3,31,131.9,17.999999999999986,45.0,0.005714293741501186
3,32,131.9,34.4,90.0,0.0016666666666666668
3,33,131.9,34.7,90.0,0.0016666666666666668
3,34,131.9,35.3,90.0,0.0016666666666666668
3,35,131.9,35.0,90.0,0.0016666666666666668
3,36,136.4,115.46788402001445,81.37307344132131,0.00199406066327276
3,37,136.4,115.13007537736027,84.26082952273327,0.0018452401020419631
3,38,136.4,128.90750469336854,87.13401601740105,0.0018749929761864628
3,39,136.4,128.6,90.0,0.0016666666666666668
3,40,136.4,114.8,90.0,0.0016666666666666668
3,41,136.4,114.5,90.0,0.0016666666666666668
3,42,136.4,114.2,90.0,0.0016666666666666668
3,43,136.4,113.9,90.0,0.0016666666666666668
3,44,136.4,133.58528137423858,45.0,0.005714293741501186
3,45,136.4,127.35,45.0,0.005714293741501186
3,46,136.4,139.41471862576142,45.0,0.005714293741501186
3,47,136.4,139.1147186257614,45.0,0.005714293741501186
4,7,19.400000000000006,129.82458524838273,31.78833061705159,0.003035720306125889
4,7,129.5,3.160696125855831,31.788330617051724,0.003035720306125889
4,9,117.0,32.0,45.0,0.005714293741501186
4,9,129.2,18.888218025280977,18.194872338767105,0.009345240102041963
4,10,117.89999999999999,31.1,45.0,0.005714293741501186
4,10,128.3,20.61471862576141,36.86989764584383,0.006011906768708631
4,11,117.6,31.4,45.0,0.005714293741501186
4,11,128.6,20.175414751617257,31.78833061705173,0.003035720306125889
4,12,117.3,31.7,45.0,0.005714293741501186
4,12,128.9,19.630057991885817,25.841932763166998,0.0040178461054358695
4,13,103.1,45.900000000000006,45.00000000000001,0.005714293741501186
4,14,103.4,45.599999999999994,45.00000000000001,0.005714293741501186
4,15,103.7,45.3,45.00000000000001,0.005714293741501186
4,16,104.0,44.99999999999999,45.00000000000001,0.005714293741501186
4,17,62.35194229346047,86.6480577065395,75.0,0.0019047739455851117
4,18,62.54213467232513,86.45786532767485,75.0,0.0019047739455851117
4,19,62.7323270511898,86.26767294881017,75.0,0.0019047739455851117
4,28,129.5,6.2,90.0,0.0016666666666666668
4,29,129.5,6.5,90.0,0.0016666666666666668
4,30,129.5,13.1,90.0,0.0016666666666666668
4,31,18.805813463208054,131.09418653679194,26.62817013516861,0.0034226200510209816
4,32,114.6,34.4,45.0,0.005714293741501186
4,33,114.3,34.7,45.0,0.005714293741501186
4,34,113.7,35.3,45.0,0.005714293741501186
4,35,114.0,35.0,45.0,0.005714293741501186
4,44,75.90735931288071,73.09264068711929,90.0,0.0016666666666666668
4,45,79.025,69.975,90.0,0.0016666666666666668
4,46,72.99264068711929,76.00735931288071,90.0,0.0016666666666666668
4,47,73.1426406871193,75.8573593128807,90.0,0.0016666666666666668
4,56,124.97867462768512,24.02132537231487,50.00000000000001,0.0038393007653147234
4,57,125.25453957236172,23.74546042763828,50.00000000000001,0.0038393007653147234
4,58,125.5304045170383,23.469595482961694,50.00000000000001,0.0038393007653147234
4,59,103.33594894095368,45.6640510590463,75.0,0.0019047739455851117
4,67,81.31097859018472,67.68902140981527,25.000000000000007,0.0040178461054358695
4,68,67.99033368331328,81.00966631668672,35.000000000000014,0.005714293741501186
4,69,68.35455588432458,80.64544411567539,35.000000000000014,0.005714293741501186
4,70,38.768087314241576,110.2319126857584,75.0,0.0019047739455851117
4,71,51.870129386863034,97.12987061313697,55.00000000000001,0.0021726340986480564
4,72,104.3,44.7,45.000000000000014,0.005714293741501186
4,73,104.6,44.39999999999999,45.000000000000014,0.005714293741501186
4,74,18.5,147.99994491523074,18.19487233876672,0.009345240102041963
4,74,42.0586570489101,106.9413429510899,15.000000000000009,0.015327393996606094
4,77,102.0534243804602,46.946575619539786,55.00000000000001,0.0021726340986480564
4,78,79.99105993423706,69.00894006576294,75.0,0.0019047739455851117
4,79,80.18125231310171,68.81874768689826,75.0,0.0019047739455851117
4,80,80.37144469196639,68.6285553080336,75.0,0.0019047739455851117
4,81,58.29264068711928,90.70735931288071,90.0,0.0016666666666666668
4,82,58.442640687119294,90.5573593128807,90.0,0.0016666666666666668
4,83,58.592640687119285,90.40735931288071,90.0,0.0016666666666666668
4,84,58.74264068711928,90.25735931288071,90.0,0.0016666666666666668
4,86,122.0,27.0,45.00000000000001,0.005714293741501186
4,87,122.3,26.700000000000003,45.00000000000001,0.005714293741501186
4,88,122.6,26.400000000000006,45.00000000000001,0.005714293741501186
4,89,76.66269330410536,72.33730669589463,75.0,0.0019047739455851117
4,90,78.46292661816418,70.5370733818358,65.0,0.003065473180270389
4,91,53.79264068711929,95.2073593128807,90.0,0.0016666666666666668
4,92,73.28555308033607,75.71444691966391,75.0,0.0019047739455851117
4,101,101.60324166476784,47.39675833523215,65.0,0.003065473180270389
4,102,118.8276412482366,30.172358751763404,55.00000000000001,0.0021726340986480564
4,103,119.08267237896806,29.91732762103194,55.00000000000001,0.0021726340986480564
4,104,119.33770350969951,29.662296490300484,55.00000000000001,0.0021726340986480564
4,105,75.75735931288071,73.24264068711928,90.0,0.0016666666666666668
4,106,78.35,70.65,90.0,0.0016666666666666668
4,111,87.75784275605793,61.24215724394206,35.000000000000014,0.005714293741501186
4,112,88.12206495706924,60.87793504293076,35.000000000000014,0.005714293741501186
4,113,60.796218962463996,88.203781037536,55.0,0.0021726340986480564
4,114,61.05125009319546,87.94874990680452,55.0,0.0021726340986480564
4,115,45.044435816775646,103.95556418322434,75.0,0.0019047739455851117
4,116,52.069388771374214,96.93061122862576,65.0,0.003065473180270389
4,117,52.28933492009746,96.71066507990253,65.0,0.003065473180270389
4,122,48.67676522723795,100.32323477276202,50.0,0.0038393007653147234
4,123,48.952630171914535,100.04736982808546,50.0,0.0038393007653147234
4,124,49.228495116591134,99.77150488340885,50.0,0.0038393007653147234
4,125,40.23826617098115,108.76173382901882,65.0,0.003065473180270389
4,130,106.21122684604828,42.78877315395172,25.000000000000004,0.0040178461054358695
4,131,117.63003352207012,31.36996647792988,25.000000000000014,0.0040178461054358695
4,132,80.60000000000001,68.39999999999998,45.0,0.005714293741501186
4,133,80.9,68.09999999999997,45.0,0.005714293741501186
4,134,50.7502071827157,98.24979281728429,75.0,0.0019047739455851117
4,135,63.33261178692237,85.6673882130776,65.0,0.003065473180270389
4,143,70.81078084351287,78.1892191564871,65.0,0.003065473180270389
4,144,71.03072699223611,77.96927300776386,65.0,0.003065473180270389
4,145,80.57297163851813,68.42702836148186,55.00000000000001,0.0021726340986480564
4,147,34.699999999999996,114.29999999999998,45.00000000000001,0.005714293741501186
4,148,24.576120180968008,124.42387981903197,65.0,0.003065473180270389
4,149,24.796066329691257,124.20393367030874,65.0,0.003065473180270389
4,150,31.573138657289228,117.42686134271077,50.00000000000001,0.0038393007653147234
4,156,44.68011281858897,104.31988718141102,35.00000000000001,0.005714293741501186
4,157,45.04433501960028,103.95566498039969,35.00000000000001,0.005714293741501186
4,158,40.67815846842765,108.32184153157235,65.0,0.003065473180270389
4,159,40.898104617150906,108.10189538284908,65.0,0.003065473180270389
4,164,18.500000000000004,143.9,89.99999999999997,0.0017559533843543149
4,178,119.59273464043096,29.407265359569035,55.00000000000001,0.0021726340986480564
4,179,110.5548929509236,38.44510704907639,25.00000000000001,0.0040178461054358695
4,190,97.06874768689826,51.93125231310172,15.000000000000009,0.015327393996606094
4,198,118.2,30.8,45.0,0.005714293741501186
4,198,128.0,20.98334559235831,41.40962210927086,0.005982153894564131
4,199,60.32139489578341,88.67860510421656,25.000000000000007,0.0040178461054358695
4,200,60.79307093385986,88.20692906614013,25.000000000000007,0.0040178461054358695
4,206,80.42021828560397,68.57978171439602,75.0,0.0019047739455851117
4,207,67.07169631521762,81.92830368478236,65.0,0.003065473180270389
4,210,58.33844535651337,90.66155464348662,35.000000000000014,0.005714293741501186
4,211,49.315491213602556,99.68450878639743,35.00000000000001,0.005714293741501186
4,212,49.67971341461387,99.32028658538611,35.00000000000001,0.005714293741501186
4,213,50.0439356156252,98.95606438437478,35.00000000000001,0.005714293741501186
4,214,50.40815781663652,98.59184218336347,35.00000000000001,0.005714293741501186
4,215,50.77238001764783,98.22761998235217,35.00000000000001,0.005714293741501186
4,218,18.623912470661082,131.77218807710614,8.335401817164252,0.010625007023813537
4,218,19.21889446007868,130.1374884961991,8.335401817163989,0.010625007023813537
4,219,18.500199694959115,132.93632936068173,19.532537517970624,0.006815487227897463
4,219,19.872420568716336,129.16618349552945,19.5325375179705,0.006815487227897463
4,222,60.242157243942074,88.75784275605793,35.00000000000001,0.005714293741501186
4,223,60.60637944495339,88.3936205550466,35.00000000000001,0.005714293741501186
4,224,60.97060164596472,88.02939835403528,35.00000000000001,0.005714293741501186
4,225,82.67105844486952,66.32894155513048,55.0,0.0021726340986480564
4,226,33.101440944201045,115.89855905579896,25.000000000000004,0.0040178461054358695
4,227,33.573116982277476,115.4268830177225,25.000000000000004,0.0040178461054358695
4,228,34.04479302035391,114.95520697964608,25.000000000000004,0.0040178461054358695
4,241,62.92251943005447,86.07748056994552,75.0,0.0019047739455851117
4,242,63.112711808919144,85.88728819108084,75.0,0.0019047739455851117
4,243,63.30290418778381,85.69709581221616,75.0,0.0019047739455851117
4,244,63.493096566648475,85.50690343335151,75.0,0.0019047739455851117
4,245,28.91732762103195,120.08267237896803,55.00000000000001,0.0021726340986480564
4,246,58.89264068711928,90.1073593128807,90.0,0.0016666666666666668
4,247,59.04264068711929,89.9573593128807,90.0,0.0016666666666666668
4,248,36.82329267370709,112.1767073262929,55.00000000000001,0.0021726340986480564
4,255,24.5,124.49999999999999,45.00000000000001,0.005714293741501186
5,7,19.400000000000006,130.36994200811415,25.841932763167033,0.0040178461054358695
5,7,129.8,2.615339366124392,25.841932763167005,0.0040178461054358695
5,9,117.30000000000001,32.0,45.0,0.005714293741501186
5,9,129.2,19.630057991885877,25.84193276316764,0.0040178461054358695
5,10,118.2,31.1,45.0,0.005714293741501186
5,10,128.3,20.98334559235831,41.40962210927086,0.005982153894564131
5,11,117.9,31.4,45.0,0.005714293741501186
5,11,128.6,20.614718625761448,36.8698976458443,0.006011906768708631
5,12,117.60000000000001,31.7,45.0,0.005714293741501186
5,12,128.9,20.175414751617257,31.78833061705173,0.003035720306125889
5,13,103.1,46.20000000000002,45.00000000000001,0.005714293741501186
5,14,103.4,45.900000000000006,45.00000000000001,0.005714293741501186
5,15,103.7,45.60000000000001,45.00000000000001,0.005714293741501186
5,16,104.0,45.30000000000001,45.00000000000001,0.005714293741501186
5,17,62.4617499145958,86.83825008540418,75.0,0.0019047739455851117
5,18,62.651942293460465,86.64805770653953,75.0,0.0019047739455851117
5,19,62.84213467232513,86.45786532767485,75.0,0.0019047739455851117
5,24,128.07279581093925,21.226988317746965,14.591301640782001,0.017410713282312352
5,24,129.58433046632038,18.608933497225777,14.591301640781973,0.017410713282312352
5,28,129.8,6.2,90.0,0.0016666666666666668
5,29,129.8,6.5,90.0,0.0016666666666666668
5,30,129.8,13.1,90.0,0.0016666666666666668
5,31,19.29032886892898,130.60967113107102,21.675697088901313,0.005714293741501186
5,32,114.9,34.4,45.0,0.005714293741501186
5,33,114.60000000000001,34.7,45.0,0.005714293741501186
5,34,114.00000000000001,35.3,45.0,0.005714293741501186
5,35,114.30000000000001,35.0,45.0,0.005714293741501186
5,44,76.05735931288072,73.24264068711929,90.0,0.0016666666666666668
5,45,79.17500000000001,70.125,90.0,0.0016666666666666668
5,46,73.1426406871193,76.15735931288071,90.0,0.0016666666666666668
5,47,73.2926406871193,76.00735931288071,90.0,0.0016666666666666668
5,56,125.00280968300854,24.297190316991475,50.00000000000001,0.0038393007653147234
5,57,125.27867462768512,24.021325372314884,50.00000000000001,0.0038393007653147234
5,58,125.5545395723617,23.74546042763829,50.00000000000001,0.0038393007653147234
5,59,103.44575656208903,45.85424343791098,75.0,0.0019047739455851117
5,67,81.13930255210828,68.16069744789172,25.000000000000007,0.0040178461054358695
5,68,67.92611148230196,81.37388851769805,35.000000000000014,0.005714293741501186
5,69,68.29033368331326,81.00966631668675,35.000000000000014,0.005714293741501186
5,70,38.87789493537691,110.42210506462308,75.0,0.0019047739455851117
5,71,51.91509825613157,97.38490174386843,55.00000000000001,0.0021726340986480564
5,72,104.30000000000001,45.0,45.000000000000014,0.005714293741501186
5,73,104.6,44.7,45.000000000000014,0.005714293741501186
5,74,18.800000000000004,147.25810494862586,25.841932763167062,0.0040178461054358695
5,74,41.64884942777475,107.65115057222525,15.000000000000009,0.015327393996606094
5,77,102.09839324972876,47.20160675027125,55.00000000000001,0.0021726340986480564
5,78,80.10086755537239,69.19913244462762,75.0,0.0019047739455851117
5,79,80.29105993423705,69.00894006576294,75.0,0.0019047739455851117
5,80,80.48125231310172,68.81874768689828,75.0,0.0019047739455851117
5,81,58.44264068711928,90.8573593128807,90.0,0.0016666666666666668
5,82,58.59264068711929,90.70735931288071,90.0,0.0016666666666666668
5,83,58.74264068711929,90.55735931288072,90.0,0.0016666666666666668
5,84,58.89264068711928,90.40735931288071,90.0,0.0016666666666666668
5,86,122.0,27.30000000000001,45.00000000000001,0.005714293741501186
5,87,122.3,27.000000000000014,45.00000000000001,0.005714293741501186
5,88,122.6,26.700000000000017,45.00000000000001,0.005714293741501186
5,89,76.77250092524068,72.5274990747593,75.0,0.0019047739455851117
5,90,78.54298046944095,70.75701953055906,65.0,0.003065473180270389
5,91,53.942640687119294,95.3573593128807,90.0,0.0016666666666666668
5,92,73.39536070147142,75.9046392985286,75.0,0.0019047739455851117
5,101,101.68329551604461,47.61670448395542,65.0,0.003065473180270389
5,102,118.87261011750513,30.42738988249487,55.00000000000001,0.0021726340986480564
5,103,119.12764124823661,30.172358751763404,55.00000000000001,0.0021726340986480564
5,104,119.38267237896807,29.91732762103195,55.00000000000001,0.0021726340986480564
5,105,75.90735931288071,73.39264068711928,90.0,0.0016666666666666668
5,106,78.5,70.80000000000001,90.0,0.0016666666666666668
5,111,87.6936205550466,61.6063794449534,35.000000000000014,0.005714293741501186
5,112,88.05784275605792,61.24215724394208,35.000000000000014,0.005714293741501186
5,113,60.84118783173255,88.45881216826746,55.0,0.0021726340986480564
5,114,61.09621896246401,88.203781037536,55.0,0.0021726340986480564
5,115,45.15424343791098,104.14575656208902,75.0,0.0019047739455851117
5,116,52.149442622650966,97.15055737734903,65.0,0.003065473180270389
5,117,52.36938877137422,96.93061122862576,65.0,0.003065473180270389
5,122,48.700900282561356,100.59909971743863,50.0,0.0038393007653147234
5,123,48.976765227237934,100.32323477276205,50.0,0.0038393007653147234
5,124,49.25263017191455,100.04736982808546,50.0,0.0038393007653147234
5,125,40.3183200222579,108.98167997774209,65.0,0.003065473180270389
5,130,106.03955080797184,43.260449192028176,25.000000000000004,0.0040178461054358695
5,131,117.45835748399368,31.84164251600633,25.000000000000014,0.0040178461054358695
5,132,80.60000000000001,68.69999999999999,45.0,0.005714293741501186
5,133,80.90000000000002,68.39999999999998,45.0,0.005714293741501186
5,134,50.86001480385103,98.43998519614897,75.0,0.0019047739455851117
5,135,63.41266563819913,85.88733436180087,65.0,0.003065473180270389
5,143,70.89083469478962,78.40916530521038,65.0,0.003065473180270389
5,144,71.11078084351286,78.18921915648713,65.0,0.003065473180270389
5,145,80.61794050778667,68.68205949221334,55.00000000000001,0.0021726340986480564
5,147,34.70000000000001,114.59999999999998,45.00000000000001,0.005714293741501186
5,148,24.656174032244756,124.64382596775523,65.0,0.003065473180270389
5,149,24.876120180968012,124.423879819032,65.0,0.003065473180270389
5,150,31.597273712612637,117.70272628738735,50.00000000000001,0.0038393007653147234
5,156,44.61589061757765,104.68410938242235,35.00000000000001,0.005714293741501186
5,157,44.98011281858896,104.31988718141105,35.00000000000001,0.005714293741501186
5,158,40.7582123197044,108.54178768029561,65.0,0.003065473180270389
5,159,40.97815846842765,108.32184153157235,65.0,0.003065473180270389
5,164,18.800000000000008,143.9,89.99999999999994,0.0017559533843543149
5,178,119.63770350969952,29.6622964903005,55.00000000000001,0.0021726340986480564
5,179,110.38321691284716,38.91678308715284,25.00000000000001,0.0040178461054358695
5,190,96.65894006576292,52.64105993423709,15.000000000000009,0.015327393996606094
5,198,118.50000000000001,30.8,45.0,0.005714293741501186
5,198,128.0,21.30000000000001,45.00000000000001,0.005714293741501186
5,199,60.14971885770697,89.15028114229301,25.000000000000007,0.0040178461054358695
5,200,60.62139489578341,88.67860510421659,25.000000000000007,0.0040178461054358695
5,206,80.5300259067393,68.76997409326069,75.0,0.0019047739455851117
5,207,67.15175016649437,82.14824983350562,65.0,0.003065473180270389
5,210,58.27422315550204,91.02577684449795,35.000000000000014,0.005714293741501186
5,211,49.251269012591244,100.04873098740876,35.00000000000001,0.005714293741501186
5,212,49.61549121360255,99.68450878639746,35.00000000000001,0.005714293741501186
5,213,49.97971341461388,99.32028658538611,35.00000000000001,0.005714293741501186
5,214,50.3439356156252,98.9560643843748,35.00000000000001,0.005714293741501186
5,215,50.708157816636515,98.59184218336347,35.00000000000001,0.005714293741501186
5,219,18.923912470661122,131.77218807710602,8.335401817163135,0.010625007023813537
5,219,19.51889446007864,130.13748849619918,8.335401817163046,0.010625007023813537
5,222,60.177935042930756,89.12206495706924,35.00000000000001,0.005714293741501186
5,223,60.54215724394207,88.75784275605794,35.00000000000001,0.005714293741501186
5,224,60.9063794449534,88.3936205550466,35.00000000000001,0.005714293741501186
5,225,82.71602731413807,66.58397268586194,55.0,0.0021726340986480564
5,226,32.9297649061246,116.37023509387541,25.000000000000004,0.0040178461054358695
5,227,33.40144094420104,115.89855905579896,25.000000000000004,0.0040178461054358695
5,228,33.87311698227745,115.42688301772255,25.000000000000004,0.0040178461054358695
5,241,63.03232705118981,86.26767294881017,75.0,0.0019047739455851117
5,242,63.222519430054476,86.07748056994552,75.0,0.0019047739455851117
5,243,63.41271180891914,85.88728819108084,75.0,0.0019047739455851117
5,244,63.60290418778381,85.69709581221619,75.0,0.0019047739455851117
5,245,28.962296490300496,120.33770350969951,55.00000000000001,0.0021726340986480564
5,246,59.04264068711929,90.25735931288071,90.0,0.0016666666666666668
5,247,59.192640687119294,90.1073593128807,90.0,0.0016666666666666668
5,248,36.86826154297564,112.43173845702437,55.00000000000001,0.0021726340986480564
5,255,24.5,124.8,45.00000000000001,0.005714293741501186
6,7,19.400000000000006,131.111781974719,18.194872338767,0.009345240102041963
6,7,130.1,1.8734993995195541,18.194872338767127,0.009345240102041963
6,9,117.6,32.0,45.0,0.005714293741501186
6,9,129.2,20.175414751617257,31.78833061705173,0.003035720306125889
6,10,118.49999999999999,31.1,45.0,0.005714293741501186
6,10,128.3,21.299999999999983,45.00000000000001,0.005714293741501186
6,11,118.19999999999999,31.4,45.0,0.005714293741501186
6,11,128.6,20.98334559235831,41.40962210927086,0.005982153894564131
6,12,117.89999999999999,31.7,45.0,0.005714293741501186
6,12,128.9,20.61471862576141,36.86989764584383,0.006011906768708631
6,13,103.1,46.5,45.00000000000001,0.005714293741501186
6,14,103.4,46.19999999999999,45.00000000000001,0.005714293741501186
6,15,103.7,45.89999999999999,45.00000000000001,0.005714293741501186
6,16,104.0,45.599999999999994,45.00000000000001,0.005714293741501186
6,17,62.571557535731124,87.02844246426886,75.0,0.0019047739455851117
6,18,62.761749914595796,86.83825008540418,75.0,0.0019047739455851117
6,19,62.95194229346046,86.6480577065395,75.0,0.0019047739455851117
6,24,127.66269330410539,21.937306695894613,15.000000000000009,0.015327393996606094
6,24,130.04750095354763,17.806698680781736,22.41501215389389,0.0050297528741445
6,25,128.37279581093924,21.226988317746965,14.591301640782001,0.017410713282312352
6,25,129.88433046632036,18.608933497225777,14.591301640781973,0.017410713282312352
6,28,130.1,6.2,90.0,0.0016666666666666668
6,29,130.1,6.5,90.0,0.0016666666666666668
6,30,130.1,13.1,90.0,0.0016666666666666668
6,31,19.88919465321034,130.01080534678965,15.281045239877647,0.015327393996606094
6,32,115.19999999999999,34.4,45.0,0.005714293741501186
6,33,114.89999999999999,34.7,45.0,0.005714293741501186
6,34,114.3,35.3,45.0,0.005714293741501186
6,35,114.6,35.0,45.0,0.005714293741501186
6,44,76.2073593128807,73.39264068711928,90.0,0.0016666666666666668
6,45,79.32499999999999,70.27499999999999,90.0,0.0016666666666666668
6,46,73.29264068711927,76.30735931288069,90.0,0.0016666666666666668
6,47,73.4426406871193,76.15735931288069,90.0,0.0016666666666666668
6,56,125.02694473833193,24.57305526166805,50.00000000000001,0.0038393007653147234
6,57,125.30280968300853,24.29719031699147,50.00000000000001,0.0038393007653147234
6,58,125.57867462768512,24.02132537231487,50.00000000000001,0.0038393007653147234
6,59,103.55556418322435,46.04443581677563,75.0,0.0019047739455851117
6,67,80.96762651403185,68.63237348596815,25.000000000000007,0.0040178461054358695
6,68,67.86188928129064,81.73811071870935,35.000000000000014,0.005714293741501186
6,69,68.22611148230195,81.37388851769802,35.000000000000014,0.005714293741501186
6,70,38.98770255651223,110.61229744348773,75.0,0.0019047739455851117
6,71,51.960067125400116,97.63993287459988,55.00000000000001,0.0021726340986480564
6,72,104.3,45.29999999999999,45.000000000000014,0.005714293741501186
6,73,104.6,44.99999999999999,45.000000000000014,0.005714293741501186
6,74,19.100000000000005,146.70690343335153,29.999999999999993,0.002410713282312352
6,74,41.239041806639435,108.36095819336055,15.000000000000009,0.015327393996606094
6,77,102.14336211899729,47.4566378810027,55.00000000000001,0.0021726340986480564
6,78,80.21067517650772,69.38932482349227,75.0,0.0019047739455851117
6,79,80.40086755537237,69.19913244462761,75.0,0.0019047739455851117
6,80,80.59105993423705,69.00894006576294,75.0,0.0019047739455851117
6,81,58.592640687119285,91.00735931288071,90.0,0.0016666666666666668
6,82,58.74264068711929,90.8573593128807,90.0,0.0016666666666666668
6,83,58.89264068711928,90.7073593128807,90.0,0.0016666666666666668
6,84,59.04264068711929,90.5573593128807,90.0,0.0016666666666666668
6,86,122.0,27.599999999999994,45.00000000000001,0.005714293741501186
6,87,122.3,27.299999999999997,45.00000000000001,0.005714293741501186
6,88,122.6,27.0,45.00000000000001,0.005714293741501186
6,89,76.88230854637601,72.71769145362396,75.0,0.0019047739455851117
6,90,78.6230343207177,70.97696567928229,65.0,0.003065473180270389
6,91,54.092640687119285,95.50735931288071,90.0,0.0016666666666666668
6,92,73.50516832260675,76.09483167739324,75.0,0.0019047739455851117
6,101,101.76334936732135,47.83665063267864,65.0,0.003065473180270389
6,102,118.91757898677368,30.68242101322631,55.00000000000001,0.0021726340986480564
6,103,119.17261011750514,30.42738988249485,55.00000000000001,0.0021726340986480564
6,104,119.4276412482366,30.17235875176339,55.00000000000001,0.0021726340986480564
6,105,76.05735931288069,73.54264068711927,90.0,0.0016666666666666668
6,106,78.64999999999999,70.94999999999999,90.0,0.0016666666666666668
6,111,87.62939835403529,61.97060164596469,35.000000000000014,0.005714293741501186
6,112,87.99362055504662,61.606379444953376,35.000000000000014,0.005714293741501186
6,113,60.886156701001084,88.71384329899891,55.0,0.0021726340986480564
6,114,61.14118783173255,88.45881216826744,55.0,0.0021726340986480564
6,115,45.2640510590463,104.33594894095367,75.0,0.0019047739455851117
6,116,52.229496473927725,97.37050352607227,65.0,0.003065473180270389
6,117,52.44944262265096,97.150557377349,65.0,0.003065473180270389
6,122,48.72503533788476,100.8749646621152,50.0,0.0038393007653147234
6,123,49.000900282561346,100.59909971743863,50.0,0.0038393007653147234
6,124,49.276765227237945,100.32323477276202,50.0,0.0038393007653147234
6,125,40.39837387353465,109.20162612646533,65.0,0.003065473180270389
6,130,105.86787476989541,43.732125230104586,25.000000000000004,0.0040178461054358695
6,131,117.28668144591725,32.31331855408274,25.000000000000014,0.0040178461054358695
6,132,80.60000000000001,68.99999999999997,45.0,0.005714293741501186
6,133,80.90000000000002,68.69999999999996,45.0,0.005714293741501186
6,134,50.96982242498636,98.63017757501362,75.0,0.0019047739455851117
6,135,63.492719489475874,86.1072805105241,65.0,0.003065473180270389
6,143,70.97088854606636,78.62911145393362,65.0,0.003065473180270389
6,144,71.1908346947896,78.40916530521037,65.0,0.003065473180270389
6,145,80.6629093770552,68.93709062294477,55.00000000000001,0.0021726340986480564
6,147,34.7,114.89999999999998,45.00000000000001,0.005714293741501186
6,148,24.736227883521497,124.86377211647849,65.0,0.003065473180270389
6,149,24.956174032244746,124.64382596775523,65.0,0.003065473180270389
6,150,31.621408767936053,117.97859123206393,50.00000000000001,0.0038393007653147234
6,156,44.55166841656633,105.04833158343365,35.00000000000001,0.005714293741501186
6,157,44.91589061757766,104.68410938242232,35.00000000000001,0.005714293741501186
6,158,40.83826617098114,108.76173382901885,65.0,0.003065473180270389
6,159,41.058212319704396,108.54178768029558,65.0,0.003065473180270389
6,164,19.1,143.9,90.0,0.0016666666666666668
6,178,119.68267237896805,29.91732762103194,55.00000000000001,0.0021726340986480564
6,179,110.21154087477075,39.38845912522925,25.00000000000001,0.0040178461054358695
6,190,96.2491324446276,53.350867555372375,15.000000000000009,0.015327393996606094
6,198,118.8,30.8,45.0,0.005714293741501186
6,198,128.0,21.599999999999994,45.00000000000001,0.005714293741501186
6,199,59.97804281963055,89.62195718036944,25.000000000000007,0.0040178461054358695
6,200,60.44971885770699,89.150281142293,25.000000000000007,0.0040178461054358695
6,206,80.63983352787463,68.96016647212535,75.0,0.0019047739455851117
6,207,67.23180401777111,82.36819598222885,65.0,0.003065473180270389
6,210,58.21000095449073,91.38999904550926,35.000000000000014,0.005714293741501186
6,211,49.18704681157993,100.41295318842006,35.00000000000001,0.005714293741501186
6,212,49.55126901259125,100.04873098740873,35.00000000000001,0.005714293741501186
6,213,49.915491213602564,99.6845087863974,35.00000000000001,0.005714293741501186
6,214,50.27971341461388,99.3202865853861,35.00000000000001,0.005714293741501186
6,215,50.643935615625196,98.95606438437478,35.00000000000001,0.005714293741501186
6,222,60.11371284191945,89.48628715808056,35.00000000000001,0.005714293741501186
6,223,60.47793504293075,89.12206495706923,35.00000000000001,0.005714293741501186
6,224,60.84215724394208,88.7578427560579,35.00000000000001,0.005714293741501186
6,225,82.7609961834066,66.83900381659339,55.0,0.0021726340986480564
6,226,32.758088868048176,116.8419111319518,25.000000000000004,0.0040178461054358695
6,227,33.229764906124615,116.37023509387538,25.000000000000004,0.0040178461054358695
6,228,33.70144094420104,115.89855905579896,25.000000000000004,0.0040178461054358695
6,241,63.14213467232514,86.45786532767484,75.0,0.0019047739455851117
6,242,63.33232705118981,86.26767294881017,75.0,0.0019047739455851117
6,243,63.522519430054466,86.07748056994552,75.0,0.0019047739455851117
6,244,63.71271180891914,85.88728819108084,75.0,0.0019047739455851117
6,245,29.007265359569036,120.59273464043093,55.00000000000001,0.0021726340986480564
6,246,59.19264068711928,90.40735931288071,90.0,0.0016666666666666668
6,247,59.34264068711927,90.25735931288071,90.0,0.0016666666666666668
6,248,36.91323041224417,112.68676958775582,55.00000000000001,0.0021726340986480564
6,255,24.500000000000007,125.09999999999997,45.00000000000001,0.005714293741501186
7,9,100.88528137423859,32.0,45.0,0.005714293741501186
7,9,129.2,3.6000000000000227,36.8698976458443,0.006011906768708631
7,10,101.78528137423858,31.1,45.0,0.005714293741501186
7,10,128.3,4.585281374238571,45.0,0.005714293741501186
7,11,101.48528137423858,31.4,45.0,0.005714293741501186
7,11,128.6,4.285281374238588,45.0,0.005714293741501186
7,12,101.18528137423858,31.699999999999996,45.0,0.005714293741501186
7,12,128.9,3.9686269665968856,41.409622109270856,0.005982153894564131
7,13,103.1,29.785281374238586,45.0,0.005714293741501186
7,14,103.4,29.485281374238575,45.0,0.005714293741501186
7,15,103.7,29.18528137423858,45.0,0.005714293741501186
7,16,104.0,28.88528137423858,45.0,0.005714293741501186
7,17,56.45354590159354,76.43173547264504,75.0,0.0019047739455851117
7,18,56.64373828045821,76.24154309378038,75.0,0.0019047739455851117
7,19,56.833930659322874,76.05135071491571,75.0,0.0019047739455851117
7,28,126.68528137423858,6.2,45.0,0.005714293741501186
7,29,126.38528137423859,6.5,45.0,0.005714293741501186
7,30,119.78528137423858,13.1,45.0,0.005714293741501186
7,31,19.4,130.5,44.99999999999997,0.006309519795916074
7,32,98.48528137423858,34.4,45.0,0.005714293741501186
7,33,98.18528137423857,34.7,45.0,0.005714293741501186
7,34,97.58528137423858,35.3,45.0,0.005714293741501186
7,35,97.88528137423859,35.0,45.0,0.005714293741501186
7,44,67.85000000000001,65.03528137423858,90.0,0.0016666666666666668
7,45,70.9676406871193,61.91764068711929,90.0,0.0016666666666666668
7,46,64.93528137423858,67.95,90.0,0.0016666666666666668
7,47,65.08528137423859,67.8,90.0,0.0016666666666666668
7,56,123.68224254250543,9.203038831733132,50.0,0.0038393007653147234
7,57,123.95810748718203,8.927173887056545,50.0,0.0038393007653147234
7,58,124.23397243185862,8.651308942379973,50.0,0.0038393007653147234
7,59,97.43755254908676,35.44772882515183,75.0,0.0019047739455851117
7,67,90.53268208480881,42.35259928942976,25.000000000000004,0.0040178461054358695
7,68,71.44007601272816,61.44520536151042,35.00000000000001,0.005714293741501186
7,69,71.80429821373949,61.0809831604991,35.00000000000001,0.005714293741501186
7,70,32.86969092237466,100.01559045186391,75.0,0.0019047739455851117
7,71,49.4545938029256,83.43068757131297,55.0,0.0021726340986480564
7,72,104.3,28.585281374238594,45.000000000000014,0.005714293741501186
7,73,104.6,28.285281374238597,45.000000000000014,0.005714293741501186
7,74,19.399999999999995,146.18728819108088,29.999999999999964,0.002410713282312352
7,74,64.07177206653843,68.81350930770016,15.000000000000005,0.015327393996606094
7,77,99.63788879652279,33.2473925777158,55.0,0.0021726340986480564
7,78,74.09266354237013,58.792617831868455,75.0,0.0019047739455851117
7,79,74.28285592123478,58.60242545300379,75.0,0.0019047739455851117
7,80,74.47304830009946,58.41223307413913,75.0,0.0019047739455851117
7,81,50.23528137423858,82.65,90.0,0.0016666666666666668
7,82,50.38528137423859,82.5,90.0,0.0016666666666666668
7,83,50.53528137423859,82.35,90.0,0.0016666666666666668
7,84,50.685281374238585,82.2,90.0,0.0016666666666666668
7,86,122.0,10.885281374238584,45.0,0.005714293741501186
7,87,122.3,10.585281374238583,45.0,0.005714293741501186
7,88,122.6,10.285281374238588,45.0,0.005714293741501186
7,89,70.76429691223842,62.12098446200016,75.0,0.0019047739455851117
7,90,77.6,55.28528137423859,44.99999999999999,0.006309519795916074
7,91,45.73528137423858,87.15,90.0,0.0016666666666666668
7,92,67.38715668846915,65.49812468576943,75.0,0.0019047739455851117
7,101,97.30309070398991,35.582190670248664,65.0,0.003065473180270389
7,102,116.41210566429916,16.473175709939415,55.0,0.0021726340986480564
7,103,116.66713679503063,16.218144579207944,55.0,0.0021726340986480564
7,104,116.9221679257621,15.963113448476495,55.0,0.0021726340986480564
7,105,67.70000000000002,65.18528137423857,90.0,0.0016666666666666668
7,106,70.2926406871193,62.592640687119285,90.0,0.0016666666666666668
7,111,91.20758508547281,41.67769628876577,35.00000000000001,0.005714293741501186
7,112,91.57180728648413,41.31347408775446,35.00000000000001,0.005714293741501186
7,113,58.38068337852657,74.50459799571202,54.99999999999999,0.002261892721081555
7,114,58.63571450925804,74.24956686498055,54.99999999999999,0.002261892721081555
7,115,39.146039424908714,93.73924194932988,75.0,0.0019047739455851117
7,116,47.76923781059628,85.11604356364231,65.0,0.003065473180270389
7,117,47.98918395931953,84.89609741491905,65.0,0.003065473180270389
7,122,47.38033314205827,85.50494823218031,50.0,0.0038393007653147234
7,123,47.65619808673485,85.22908328750374,50.0,0.0038393007653147234
7,124,47.932063031411445,84.95321834282714,50.0,0.0038393007653147234
7,125,35.938115210203215,96.94716616403537,65.0,0.003065473180270389
7,130,115.43293034067239,17.452351033566195,25.000000000000004,0.0040178461054358695
7,131,121.7,11.18528137423858,45.0,0.005714293741501186
7,132,80.8723797785477,52.01290159569088,40.00000000000001,0.005833333333333334
7,133,81.20114281743685,51.68413855680175,40.00000000000001,0.005833333333333334
7,134,44.85181079084877,88.03347058338981,75.0,0.0019047739455851117
7,135,59.032460826144444,73.85282054809414,65.0,0.003065473180270389
7,143,66.51062988273495,66.37465149150364,65.0,0.003065473180270389
7,144,66.73057603145818,66.1547053427804,65.0,0.003065473180270389
7,145,78.1574360545807,54.72784531965788,55.0,0.0021726340986480564
7,147,37.20318911766435,95.68209225657424,35.00000000000001,0.005714293741501186
7,148,20.330971654002557,112.76043009896337,52.34541075271246,0.002202386972792556
7,149,20.525850119483916,112.471611056575,55.673010867672694,0.0021726340986480564
7,150,30.276706572109546,102.60857480212903,50.0,0.0038393007653147234
7,156,48.129855148003855,84.75542622623473,35.00000000000001,0.005714293741501186
7,157,48.49407734901517,84.3912040252234,35.00000000000001,0.005714293741501186
7,158,36.37800750764972,96.50727386658887,65.0,0.003065473180270389
7,159,36.597953656372965,96.28732771786562,65.0,0.003065473180270389
7,164,19.400000000000002,143.9,89.99999999999997,0.0017559533843543149
7,178,117.17719905649355,15.708082317745042,55.0,0.0021726340986480564
7,179,113.3,19.585281374238583,45.0,0.005714293741501186
7,180,19.400000000000023,116.99999999999999,44.99999999999997,0.006309519795916074
7,180,112.7,20.185281374238578,45.0,0.005714293741501186
7,181,19.40000000000001,117.30000000000001,44.99999999999997,0.006309519795916074
7,181,113.0,19.88528137423858,45.0,0.005714293741501186
7,186,108.95778168932208,23.927499684916505,19.76721634642054,0.006815487227897463
7,186,111.8274996849165,21.057781689322077,19.767216346420447,0.006815487227897463
7,190,119.0818627045266,13.803418669711977,15.000000000000005,0.015327393996606094
7,191,105.98528137423858,26.9,45.0,0.005714293741501186
7,191,119.0,13.88528137423858,45.0,0.005714293741501186
7,192,105.68528137423858,27.199999999999996,45.0,0.005714293741501186
7,192,119.3,13.585281374238585,45.0,0.005714293741501186
7,193,105.38528137423859,27.5,45.0,0.005714293741501186
7,193,119.6,13.285281374238588,45.0,0.005714293741501186
7,194,104.78528137423858,28.1,45.0,0.005714293741501186
7,194,120.2,12.68528137423858,45.0,0.005714293741501186
7,195,104.48528137423858,28.4,45.0,0.005714293741501186
7,195,120.5,12.385281374238582,45.0,0.005714293741501186
7,196,104.18528137423858,28.699999999999996,45.0,0.005714293741501186
7,196,120.8,12.085281374238585,45.0,0.005714293741501186
7,197,105.08528137423858,27.799999999999997,45.0,0.005714293741501186
7,197,119.9,12.985281374238575,45.0,0.005714293741501186
7,198,102.08528137423858,30.799999999999997,45.0,0.005714293741501186
7,198,128.0,4.885281374238582,45.0,0.005714293741501186
7,199,69.54309839040752,63.342182983831066,25.000000000000004,0.0040178461054358695
7,200,70.01477442848395,62.87050694575464,25.000000000000004,0.0040178461054358695
7,206,74.52182189373704,58.36345948050155,75.0,0.0019047739455851117
7,207,62.77154535443969,70.11373601979889,65.0,0.003065473180270389
7,210,61.78818768592825,71.09709368831034,35.00000000000001,0.005714293741501186
7,211,52.765233543017445,80.12004783122114,35.00000000000001,0.005714293741501186
7,212,53.12945574402876,79.75582563020981,35.00000000000001,0.005714293741501186
7,213,53.4936779450401,79.39160342919848,35.00000000000001,0.005714293741501186
7,214,53.857900146051406,79.02738122818718,35.00000000000001,0.005714293741501186
7,215,54.22212234706272,78.66315902717587,35.00000000000001,0.005714293741501186
7,216,19.400000000000006,127.9914186630543,19.999999999999975,0.006815487227897463
7,216,27.701187258455686,105.1840941157829,25.000000000000004,0.0040178461054358695
7,217,19.40000000000001,128.8156618888907,19.999999999999975,0.006815487227897463
7,217,28.172863296532135,104.71241807770645,25.000000000000004,0.0040178461054358695
7,218,19.400000000000006,129.6399051147271,19.999999999999975,0.006815487227897463
7,218,28.644539334608567,104.24074203963002,25.000000000000004,0.0040178461054358695
7,219,19.40000000000001,130.4641483405635,19.999999999999975,0.006815487227897463
7,219,29.116215372684998,103.7690660015536,25.000000000000004,0.0040178461054358695
7,222,63.69189957335696,69.19338180088162,35.00000000000001,0.005714293741501186
7,223,64.05612177436828,68.82915959987031,35.00000000000001,0.005714293741501186
7,224,64.42034397537961,68.46493739885898,35.00000000000001,0.005714293741501186
7,225,80.2555228609321,52.6297585133065,54.99999999999999,0.002261892721081555
7,226,42.32314443882514,90.56213693541345,25.0,0.0040178461054358695
7,227,42.79482047690156,90.09046089733702,25.0,0.0040178461054358695
7,228,43.266496514978,89.61878485926059,25.0,0.0040178461054358695
7,241,57.024123038187554,75.86115833605103,75.0,0.0019047739455851117
7,242,57.21431541705222,75.67096595718637,75.0,0.0019047739455851117
7,243,57.404507795916885,75.4807735783217,75.0,0.0019047739455851117
7,244,57.59470017478155,75.29058119945704,75.0,0.0019047739455851117
7,245,26.501792037094525,106.38348933714406,55.0,0.0021726340986480564
7,246,50.83528137423859,82.05000000000001,90.0,0.0016666666666666668
7,247,50.98528137423858,81.9,90.0,0.0016666666666666668
7,248,34.40775708976965,98.47752428446893,54.99999999999999,0.002261892721081555
7,255,25.730189785807852,107.15509158843074,35.00000000000001,0.005714293741501186
8,9,118.19999999999999,32.0,45.0,0.005714293741501186
8,9,129.2,20.98334559235832,41.40962210927086,0.005982153894564131
8,10,119.1,31.1,45.0,0.005714293741501186
8,10,128.3,21.899999999999984,45.0,0.005714293741501186
8,11,118.8,31.4,45.0,0.005714293741501186
8,11,128.6,21.6,45.0,0.005714293741501186
8,12,118.5,31.7,45.0,0.005714293741501186
8,12,128.9,21.29999999999999,45.0,0.005714293741501186
8,13,103.1,47.1,45.0,0.005714293741501186
8,14,103.4,46.79999999999998,45.0,0.005714293741501186
8,15,103.7,46.49999999999999,45.0,0.005714293741501186
8,16,104.0,46.199999999999996,45.0,0.005714293741501186
8,17,62.7911727780018,87.4088272219982,75.0,0.0019047739455851117
8,18,62.98136515686646,87.21863484313354,75.0,0.0019047739455851117
8,19,63.171557535731125,87.02844246426886,75.0,0.0019047739455851117
8,24,126.84307806183472,23.35692193816528,15.000000000000005,0.015327393996606094
8,24,130.7,16.676537180436,29.999999999999993,0.002410713282312352
8,25,127.55288568297001,22.64711431702999,15.000000000000005,0.015327393996606094
8,25,130.69710224460943,17.201171482271015,28.21921968331111,0.002291673690480204
8,28,130.7,6.2,90.0,0.0016666666666666668
8,29,130.7,6.5,90.0,0.0016666666666666668
8,30,130.7,13.1,90.0,0.0016666666666666668
8,31,129.91080534678966,19.989194653210337,15.28104523987765,0.015327393996606094
8,32,115.8,34.4,45.0,0.005714293741501186
8,33,115.5,34.7,45.0,0.005714293741501186
8,34,114.9,35.3,45.0,0.005714293741501186
8,35,115.19999999999999,35.0,45.0,0.005714293741501186
8,44,76.50735931288071,73.69264068711928,90.0,0.0016666666666666668
8,45,79.625,70.57499999999999,90.0,0.0016666666666666668
8,46,73.59264068711929,76.6073593128807,90.0,0.0016666666666666668
8,47,73.74264068711929,76.4573593128807,90.0,0.0016666666666666668
8,56,125.07521484897876,25.124785151021236,50.0,0.0038393007653147234
8,57,125.35107979365534,24.848920206344648,50.0,0.0038393007653147234
8,58,125.62694473833193,24.573055261668046,50.0,0.0038393007653147234
8,59,103.77517942549503,46.42482057450498,75.0,0.0019047739455851117
8,67,80.62427443787897,69.57572556212102,25.000000000000004,0.0040178461054358695
8,68,67.733444879268,82.46655512073198,35.00000000000001,0.005714293741501186
8,69,68.09766708027931,82.10233291972068,35.00000000000001,0.005714293741501186
8,70,39.2073177987829,110.9926822012171,75.0,0.0019047739455851117
8,71,52.050004863937204,98.14999513606278,55.0,0.0021726340986480564
8,72,104.30000000000001,45.89999999999999,45.000000000000014,0.005714293741501186
8,73,104.6,45.599999999999994,45.000000000000014,0.005714293741501186
8,74,19.699999999999996,145.66767294881024,29.99999999999996,0.002410713282312352
8,74,40.41942656436876,109.78057343563123,15.000000000000005,0.015327393996606094
8,77,102.23329985753438,47.96670014246561,55.0,0.0021726340986480564
8,78,80.43029041877838,69.7697095812216,75.0,0.0019047739455851117
8,79,80.62048279764305,69.57951720235695,75.0,0.0019047739455851117
8,80,80.81067517650771,69.38932482349227,75.0,0.0019047739455851117
8,81,58.89264068711929,91.30735931288069,90.0,0.0016666666666666668
8,82,59.0426406871193,91.1573593128807,90.0,0.0016666666666666668
8,83,59.192640687119294,91.0073593128807,90.0,0.0016666666666666668
8,84,59.3426406871193,90.8573593128807,90.0,0.0016666666666666668
8,86,122.0,28.199999999999996,45.0,0.005714293741501186
8,87,122.3,27.9,45.0,0.005714293741501186
8,88,122.6,27.6,45.0,0.005714293741501186
8,89,77.10192378864667,73.0980762113533,75.0,0.0019047739455851117
8,90,78.78314202327118,71.4168579767288,65.0,0.003065473180270389
8,91,54.39264068711928,95.80735931288072,90.0,0.0016666666666666668
8,92,73.72478356487741,76.47521643512258,75.0,0.0019047739455851117
8,101,101.92345706987484,48.276542930125146,65.0,0.003065473180270389
8,102,119.00751672531077,31.19248327468923,55.0,0.0021726340986480564
8,103,119.26254785604223,30.937452143957763,55.0,0.0021726340986480564
8,104,119.51757898677369,30.68242101322631,55.0,0.0021726340986480564
8,105,76.35735931288073,73.84264068711929,90.0,0.0016666666666666668
8,106,78.94999999999999,71.25,90.0,0.0016666666666666668
8,111,87.50095395201265,62.69904604798734,35.00000000000001,0.005714293741501186
8,112,87.86517615302397,62.33482384697602,35.00000000000001,0.005714293741501186
8,113,60.97609443953817,89.22390556046182,54.99999999999999,0.002261892721081555
8,114,61.23112557026964,88.96887442973036,54.99999999999999,0.002261892721081555
8,115,45.48366630131697,104.71633369868302,75.0,0.0019047739455851117
8,116,52.38960417648122,97.81039582351877,65.0,0.003065473180270389
8,117,52.60955032520447,97.59044967479552,65.0,0.003065473180270389
8,122,48.77330544853158,101.4266945514684,50.0,0.0038393007653147234
8,123,49.04917039320816,101.15082960679183,50.0,0.0038393007653147234
8,124,49.32503533788477,100.87496466211522,50.0,0.0038393007653147234
8,125,40.55848157608815,109.64151842391185,65.0,0.003065473180270389
8,130,105.52452269374254,44.67547730625745,25.000000000000004,0.0040178461054358695
8,131,116.94332936976438,33.25667063023561,25.000000000000004,0.0040178461054358695
8,132,80.60000000000002,69.6,44.99999999999999,0.006309519795916074
8,133,80.90000000000002,69.29999999999998,44.99999999999999,0.006309519795916074
8,134,51.189437667257025,99.01056233274296,75.0,0.0019047739455851117
8,135,63.65282719202938,86.54717280797061,65.0,0.003065473180270389
8,143,71.13099624861988,79.06900375138011,65.0,0.003065473180270389
8,144,71.35094239734312,78.84905760265687,65.0,0.003065473180270389
8,145,80.75284711559229,69.4471528844077,55.0,0.0021726340986480564
8,147,34.7,115.5,45.0,0.005714293741501186
8,148,24.896335586075008,125.30366441392499,65.0,0.003065473180270389
8,149,25.116281734798257,125.08371826520172,65.0,0.003065473180270389
8,150,31.66967887858286,118.53032112141713,50.0,0.0038393007653147234
8,156,44.423224014543706,105.77677598545628,35.00000000000001,0.005714293741501186
8,157,44.78744621555501,105.41255378444498,35.00000000000001,0.005714293741501186
8,158,40.998373873534646,109.20162612646536,65.0,0.003065473180270389
8,159,41.2183200222579,108.98167997774209,65.0,0.003065473180270389
8,164,19.700000000000003,143.9,89.99999999999996,0.0017559533843543149
8,178,119.77261011750514,30.427389882494857,55.0,0.0021726340986480564
8,179,109.86818879861788,40.33181120138212,25.000000000000007,0.0040178461054358695
8,190,95.42951720235695,54.770482797643055,15.000000000000005,0.015327393996606094
8,198,119.39999999999999,30.8,45.0,0.005714293741501186
8,198,128.0,22.199999999999996,45.0,0.005714293741501186
8,199,59.63469074347768,90.56530925652231,25.000000000000004,0.0040178461054358695
8,200,60.10636678155411,90.09363321844589,25.000000000000004,0.0040178461054358695
8,206,80.85944877014529,69.3405512298547,75.0,0.0019047739455851117
8,207,67.39191172032463,82.80808827967536,65.0,0.003065473180270389
8,210,58.081556552468086,92.1184434475319,35.00000000000001,0.005714293741501186
8,211,49.0586024095573,101.1413975904427,35.00000000000001,0.005714293741501186
8,212,49.42282461056861,100.77717538943139,35.00000000000001,0.005714293741501186
8,213,49.78704681157994,100.41295318842006,35.00000000000001,0.005714293741501186
8,214,50.15126901259126,100.04873098740873,35.00000000000001,0.005714293741501186
8,215,50.51549121360256,99.68450878639743,35.00000000000001,0.005714293741501186
8,222,59.9852684398968,90.21473156010319,35.00000000000001,0.005714293741501186
8,223,60.349490640908115,89.85050935909189,35.00000000000001,0.005714293741501186
8,224,60.71371284191946,89.48628715808054,35.00000000000001,0.005714293741501186
8,225,82.85093392194369,67.3490660780563,54.99999999999999,0.002261892721081555
8,226,32.414736791895294,117.78526320810471,25.0,0.0040178461054358695
8,227,32.88641282997172,117.31358717002828,25.0,0.0040178461054358695
8,228,33.358088868048156,116.84191113195185,25.0,0.0040178461054358695
8,241,63.361749914595805,86.83825008540418,75.0,0.0019047739455851117
8,242,63.55194229346047,86.64805770653952,75.0,0.0019047739455851117
8,243,63.742134672325136,86.45786532767485,75.0,0.0019047739455851117
8,244,63.9323270511898,86.26767294881019,75.0,0.0019047739455851117
8,245,29.097203098106117,121.10279690189387,55.0,0.0021726340986480564
8,246,59.49264068711929,90.7073593128807,90.0,0.0016666666666666668
8,247,59.64264068711928,90.55735931288072,90.0,0.0016666666666666668
8,248,37.00316815078126,113.19683184921874,54.99999999999999,0.002261892721081555
8,255,24.5,125.69999999999999,45.0,0.005714293741501186
9,13,103.1,32.0,90.0,0.0016666666666666668
9,14,103.4,32.0,90.0,0.0016666666666666668
9,15,103.7,32.0,90.0,0.0016666666666666668
9,16,104.0,32.0,90.0,0.0016666666666666668
9,17,30.80087146589969,32.0,60.00000000000001,0.0018452401020419631
9,18,31.100871465899687,32.0,60.00000000000001,0.0018452401020419631
9,19,31.400871465899684,32.0,60.00000000000001,0.0018452401020419631
9,24,121.8529946162075,32.0,60.00000000000001,0.0018452401020419631
9,24,129.2,19.27461339178932,29.999999999999993,0.002410713282312352
9,25,122.15299461620748,32.0,60.00000000000001,0.0018452401020419631
9,25,129.2,19.79422863405995,29.999999999999993,0.002410713282312352
9,26,127.11521089626244,30.546550740703083,19.266984900291703,0.006815487227897463
9,26,129.09503388917506,27.11739672698538,19.26698490029173,0.006815487227897463
9,27,127.8533819896601,29.787616144530347,9.1438356367193,0.0073512075340233535
9,27,128.8068627957774,28.136138944293453,9.143835636719267,0.0073512075340233535
9,28,129.2,6.2,90.0,0.0016666666666666668
9,29,129.2,6.5,90.0,0.0016666666666666668
9,30,129.2,13.1,90.0,0.0016666666666666668
9,31,117.89999999999999,32.0,45.0,0.005714293741501186
9,31,129.2,20.700000000000003,45.0,0.005714293741501186
9,32,87.2,32.0,53.13010235415595,0.002321426564624704
9,33,79.18901207345297,32.0,56.63298703076833,0.0021428531292494077
9,35,40.30384757729337,32.0,60.00000000000001,0.0018452401020419631
9,44,14.90000000000001,12.085281374238583,45.0,0.005714293741501186
9,44,34.81471862576143,32.0,45.0,0.005714293741501186
9,45,41.05000000000001,32.0,45.0,0.005714293741501186
9,46,28.985281374238582,32.0,45.0,0.005714293741501186
9,47,29.285281374238593,32.0,45.0,0.005714293741501186
9,56,125.63167534307132,31.485157702919665,71.0913740750031,0.002708326309519796
9,57,125.9196933020074,31.34820234686535,68.04553659219475,0.0031250070238135375
9,58,126.20608298062021,31.192635661552373,64.93290284222937,0.002946433588438241
9,59,95.44700538379251,32.0,60.00000000000001,0.0018452401020419631
9,67,94.3007200734467,32.0,70.00000000000001,0.0033035804591888336
9,68,76.63055368099494,32.0,81.27417691925038,0.00199406066327276
9,69,76.93055368099493,32.0,81.27417691925059,0.00199406066327276
9,71,40.38597594771559,32.0,80.0,0.0018749929761864628
9,72,104.3,32.0,90.0,0.0016666666666666668
9,73,104.6,32.0,90.0,0.0016666666666666668
9,74,85.3260615751539,32.0,60.00000000000001,0.0018452401020419631
9,77,99.41793982953601,32.0,80.00000000000001,0.0018749929761864628
9,78,58.6239384248461,32.0,60.00000000000001,0.0018452401020419631
9,79,58.923938424846106,32.0,60.00000000000001,0.0018452401020419631
9,80,59.2239384248461,32.0,60.00000000000001,0.0018452401020419631
9,82,23.0,32.0,90.0,0.0016666666666666668
9,83,23.300000000000008,32.0,90.0,0.0016666666666666668
9,84,23.599999999999998,32.0,90.0,0.0016666666666666668
9,86,122.0,32.0,90.0,0.0016666666666666668
9,87,122.3,32.0,90.0,0.0016666666666666668
9,88,122.6,32.0,90.0,0.0016666666666666668
9,89,53.3739384248461,32.0,60.00000000000001,0.0018452401020419631
9,90,77.6,32.0,89.99999999999999,0.0017559533843543149
9,92,48.04700538379251,32.0,60.00000000000001,0.0018452401020419631
9,101,96.5,32.0,90.0,0.0016666666666666668
9,102,119.1499037113564,32.0,80.00000000000001,0.0018749929761864628
9,103,119.44990371135641,32.0,80.00000000000001,0.0018749929761864628
9,104,119.74990371135641,32.0,80.00000000000001,0.0018749929761864628
9,105,14.899999999999995,12.385281374238563,45.0,0.005714293741501186
9,105,34.51471862576143,32.0,45.0,0.005714293741501186
9,106,39.995377524101855,32.0,60.16216379676173,0.0018452401020419631
9,111,92.91402405228439,32.0,80.0,0.0018749929761864628
9,112,93.2140240522844,32.0,80.00000000000001,0.0018749929761864628
9,113,50.88597594771559,32.0,80.0,0.0018749929761864628
9,114,51.185975947715605,32.0,80.00000000000001,0.0018749929761864628
9,116,28.436578991443593,32.0,70.0,0.0033035804591888336
9,117,28.73657899144359,32.0,70.0,0.0033035804591888336
9,122,47.3,32.0,90.0,0.0016666666666666668
9,123,47.599999999999994,32.0,90.0,0.0016666666666666668
9,124,47.900000000000006,32.0,90.0,0.0016666666666666668
9,130,110.138019138337,32.0,70.0,0.0033035804591888336
9,131,117.40072007344669,32.0,70.00000000000001,0.0033035804591888336
9,132,82.62328179243053,32.0,85.0,0.0018749929761864628
9,133,82.92328179243053,32.0,85.0,0.0018749929761864628
9,135,43.79927992655328,32.0,70.0,0.0033035804591888336
9,143,53.9992799265533,32.0,70.0,0.0033035804591888336
9,144,54.29927992655328,32.0,70.0,0.0033035804591888336
9,145,74.1499037113564,32.0,80.00000000000001,0.0018749929761864628
9,147,47.0,32.0,90.0,0.0016666666666666668
9,150,29.900000000000002,32.0,90.0,0.0016666666666666668
9,156,56.0,32.0,90.0,0.0016666666666666668
9,157,56.3,32.0,90.0,0.0016666666666666668
9,162,29.599999999999998,32.0,90.0,0.0016666666666666668
9,163,32.45009628864359,32.0,80.0,0.0018749929761864628
9,165,23.450096288643593,32.0,80.0,0.0018749929761864628
9,166,23.75009628864359,32.0,80.0,0.0018749929761864628
9,177,14.900000000000002,16.7,90.0,0.0016666666666666668
9,178,120.04990371135641,32.0,80.00000000000001,0.0018749929761864628
9,179,112.90072007344669,32.0,70.00000000000001,0.0033035804591888336
9,180,104.4,32.0,45.0,0.005714293741501186
9,181,104.7,32.0,45.0,0.005714293741501186
9,185,14.900000000000002,24.2,90.0,0.0016666666666666668
9,186,14.900000000000002,24.5,90.0,0.0016666666666666668
9,190,108.5760615751539,32.0,60.00000000000001,0.0018452401020419631
9,199,80.95072007344669,32.0,70.00000000000001,0.0033035804591888336
9,200,81.2507200734467,32.0,70.00000000000001,0.0033035804591888336
9,206,59.30087146589969,32.0,60.00000000000001,0.0018452401020419631
9,207,48.94943127848849,32.0,77.18589569248107,0.0017857062584988146
9,210,68.3,32.0,90.0,0.0016666666666666668
9,211,61.25009628864359,32.0,80.0,0.0018749929761864628
9,212,61.55009628864358,32.0,80.0,0.0018749929761864628
9,213,61.85009628864359,32.0,80.0,0.0018749929761864628
9,214,62.150096288643596,32.0,80.0,0.0018749929761864628
9,215,62.45009628864359,32.0,80.0,0.0018749929761864628
9,216,54.33801913833699,32.0,70.00000000000001,0.0033035804591888336
9,217,54.638019138337,32.0,70.00000000000001,0.0033035804591888336
9,218,54.938019138337,32.0,70.00000000000001,0.0033035804591888336
9,219,55.238019138336995,32.0,70.00000000000001,0.0033035804591888336
9,222,70.25009628864359,32.0,80.00000000000001,0.0018749929761864628
9,223,70.55009628864359,32.0,80.00000000000001,0.0018749929761864628
9,224,70.8500962886436,32.0,80.00000000000001,0.0018749929761864628
9,225,77.3,32.0,90.0,0.0016666666666666668
9,226,63.638019138337,32.0,70.0,0.0033035804591888336
9,227,63.938019138337,32.0,70.0,0.0033035804591888336
9,228,64.238019138337,32.0,70.0,0.0033035804591888336
9,241,31.700871465899695,32.0,60.00000000000001,0.0018452401020419631
9,242,32.00087146589969,32.0,60.00000000000001,0.0018452401020419631
9,243,32.30087146589969,32.0,60.00000000000001,0.0018452401020419631
9,244,32.60087146589969,32.0,60.00000000000001,0.0018452401020419631
9,245,20.0,31.932115979985554,81.37307344132138,0.00199406066327276
9,246,30.800000000000008,32.0,90.0,0.0016666666666666668
9,247,31.099999999999998,32.0,90.0,0.0016666666666666668
9,248,30.199999999999996,32.0,90.0,0.0016666666666666668
9,255,38.3,32.0,90.0,0.0016666666666666668
10,13,103.1,31.1,90.0,0.0016666666666666668
10,14,103.4,31.1,90.0,0.0016666666666666668
10,15,103.7,31.1,90.0,0.0016666666666666668
10,16,104.0,31.1,90.0,0.0016666666666666668
10,24,122.37286531431215,31.09955753751643,59.30417039839187,0.0018749929761864628
10,24,128.3,20.83345911860127,29.999999999999993,0.002410713282312352
10,25,122.67954772649043,31.087983260106526,56.37316460474694,0.0021428531292494077
10,25,128.3,21.353074360871904,29.999999999999993,0.002410713282312352
10,28,128.3,6.2,90.0,0.0016666666666666668
10,29,128.3,6.5,90.0,0.0016666666666666668
10,30,128.3,13.1,90.0,0.0016666666666666668
10,31,118.79999999999998,31.1,45.0,0.005714293741501186
10,31,128.3,21.59999999999998,45.0,0.005714293741501186
10,32,86.64182867015248,31.1,63.256316049596954,0.0025595338435431486
10,33,78.700909166053,31.1,66.42182152179818,0.002916680714293742
10,56,125.51619274008947,30.16518551077803,62.58606541762015,0.002113100255104908
10,57,125.79944810761364,29.97379348578899,59.32115353725683,0.0018749929761864628
10,58,126.08065925425576,29.759035909199483,55.941770568123964,0.0021726340986480564
10,59,94.92739014152187,31.100000000000005,60.00000000000001,0.0018452401020419631
10,67,94.62829328428627,31.1,70.00000000000001,0.0033035804591888336
10,68,76.69999126544184,31.1,89.90223519729095,0.0017559533843543149
10,69,76.99999126544185,31.1,89.90223519729116,0.0017559533843543149
10,72,104.3,31.099999999999998,90.0,0.0016666666666666668
10,73,104.6,31.099999999999998,90.0,0.0016666666666666668
10,74,85.84567681742456,31.1,60.00000000000001,0.0018452401020419631
10,77,99.25924554689838,31.099999999999998,80.00000000000001,0.0018749929761864628
10,78,58.10432318257544,31.099999999999998,60.00000000000001,0.0018452401020419631
10,79,58.40432318257544,31.099999999999998,60.00000000000001,0.0018452401020419631
10,80,58.704323182575436,31.099999999999998,60.00000000000001,0.0018452401020419631
10,86,122.0,31.1,90.0,0.0016666666666666668
10,87,122.3,31.1,90.0,0.0016666666666666668
10,88,122.6,31.092495306631456,87.1340160174013,0.0018749929761864628
10,89,52.85432318257544,31.099999999999998,60.00000000000001,0.0018452401020419631
10,90,77.6,31.1,89.99999999999999,0.0017559533843543149
10,92,40.400000000000006,18.75499814951863,29.999999999999993,0.002410713282312352
10,92,47.527390141521856,31.099999999999998,60.00000000000001,0.0018452401020419631
10,101,96.5,31.1,90.0,0.0016666666666666668
10,102,118.99120942871879,31.1,80.00000000000001,0.0018749929761864628
10,103,119.2912094287188,31.1,80.00000000000001,0.0018749929761864628
10,104,119.5912094287188,31.1,80.00000000000001,0.0018749929761864628
10,111,93.07271833492202,31.1,80.0,0.0018749929761864628
10,112,93.37271833492201,31.1,80.00000000000001,0.0018749929761864628
10,113,50.727281665077975,31.099999999999998,80.0,0.0018749929761864628
10,114,51.02728166507799,31.099999999999998,80.00000000000001,0.0018749929761864628
10,122,47.3,31.1,90.0,0.0016666666666666668
10,123,47.599999999999994,31.1,90.0,0.0016666666666666668
10,124,47.900000000000006,31.1,90.0,0.0016666666666666668
10,130,110.46559234917657,31.1,70.0,0.0033035804591888336
10,131,117.72829328428628,31.1,70.00000000000001,0.0033035804591888336
10,132,82.70202158960387,31.1,85.0,0.0018749929761864628
10,133,83.00202158960386,31.1,85.0,0.0018749929761864628
10,135,40.4,22.660555159389464,20.0,0.0050297528741445
10,135,43.11541931698136,30.121108417146644,36.80911394583255,0.006011906768708631
10,143,53.67170671571371,31.099999999999998,70.0,0.0033035804591888336
10,144,53.97170671571371,31.099999999999998,70.0,0.0033035804591888336
10,145,73.99120942871878,31.100000000000005,80.00000000000001,0.0018749929761864628
10,147,47.0,31.1,90.0,0.0016666666666666668
10,156,56.0,31.1,90.0,0.0016666666666666668
10,157,56.3,31.1,90.0,0.0016666666666666668
10,177,40.4,16.7,90.0,0.0016666666666666668
10,178,119.8912094287188,31.1,80.00000000000001,0.0018749929761864628
10,179,113.16728549573304,31.1,77.92672807971147,0.0017857062584988146
10,180,105.30000000000001,31.1,45.0,0.005714293741501186
10,181,105.6,31.1,45.0,0.005714293741501186
10,185,40.400000000000006,24.2,90.0,0.0016666666666666668
10,186,40.400000000000006,24.5,90.0,0.0016666666666666668
10,187,40.400000000000006,23.0,90.0,0.0016666666666666668
10,188,40.39999999999999,23.3,90.0,0.0016666666666666668
10,189,40.400000000000006,23.6,90.0,0.0016666666666666668
10,190,109.09567681742456,31.1,60.00000000000001,0.0018452401020419631
10,199,81.27829328428626,31.1,70.00000000000001,0.0033035804591888336
10,200,81.57829328428627,31.1,70.00000000000001,0.0033035804591888336
10,201,40.4,11.3,90.0,0.0016666666666666668
10,202,40.4,10.7,90.0,0.0016666666666666668
10,206,58.781256223629015,31.09999999999999,60.00000000000001,0.0018452401020419631
10,207,48.81548075462041,31.1,85.88327847180054,0.0018749929761864628
10,210,68.3,31.1,90.0,0.0016666666666666668
10,211,61.4087905712812,31.1,80.0,0.0018749929761864628
10,212,61.7087905712812,31.1,80.0,0.0018749929761864628
10,213,62.00879057128121,31.1,80.0,0.0018749929761864628
10,214,62.30879057128121,31.1,80.0,0.0018749929761864628
10,215,62.608790571281205,31.1,80.0,0.0018749929761864628
10,216,54.66559234917658,31.1,70.00000000000001,0.0033035804591888336
10,217,54.965592349176575,31.1,70.00000000000001,0.0033035804591888336
10,218,55.26559234917657,31.1,70.00000000000001,0.0033035804591888336
10,219,55.56559234917658,31.1,70.00000000000001,0.0033035804591888336
10,220,40.4,6.199999999999999,90.0,0.0016666666666666668
10,221,40.4,6.5,90.0,0.0016666666666666668
10,222,70.4087905712812,31.1,80.00000000000001,0.0018749929761864628
10,223,70.70879057128121,31.1,80.00000000000001,0.0018749929761864628
10,224,71.00879057128122,31.1,80.00000000000001,0.0018749929761864628
10,225,77.3,31.1,90.0,0.0016666666666666668
10,226,63.965592349176575,31.1,70.0,0.0033035804591888336
10,227,64.26559234917659,31.1,70.0,0.0033035804591888336
10,228,64.56559234917657,31.1,70.0,0.0033035804591888336
10,229,40.4,6.800000000000001,90.0,0.0016666666666666668
10,249,40.39999999999999,23.9,90.0,0.0016666666666666668
10,250,40.4,11.0,90.0,0.0016666666666666668
11,13,103.1,31.4,90.0,0.0016666666666666668
11,14,103.4,31.4,90.0,0.0016666666666666668
11,15,103.7,31.4,90.0,0.0016666666666666668
11,16,104.0,31.4,90.0,0.0016666666666666668
11,24,122.19940477772127,31.4,60.00000000000001,0.0018452401020419631
11,24,128.6,20.313843876330637,29.999999999999993,0.002410713282312352
11,25,122.49940477772125,31.4,60.00000000000001,0.0018452401020419631
11,25,128.6,20.83345911860127,29.999999999999993,0.002410713282312352
11,28,128.6,6.2,90.0,0.0016666666666666668
11,29,128.6,6.5,90.0,0.0016666666666666668
11,30,128.6,13.1,90.0,0.0016666666666666668
11,31,118.5,31.4,45.0,0.005714293741501186
11,31,128.6,21.299999999999997,45.0,0.005714293741501186
11,32,86.80384757729337,31.4,60.00000000000001,0.0018452401020419631
11,33,78.84182867015247,31.4,63.25631604959708,0.0025595338435431486
11,56,125.55609370251403,30.621255598221282,65.48296671097907,0.003065473180270389
11,57,125.84105091025549,30.449315695926714,62.3044370228577,0.002113100255104908
11,58,126.12413556859889,30.25597245607264,59.03039951617493,0.0018749929761864628
11,59,95.10059522227874,31.399999999999995,60.00000000000001,0.0018452401020419631
11,67,94.51910221400641,31.4,70.00000000000001,0.0033035804591888336
11,68,76.69197400233344,31.4,87.03612459245832,0.0018749929761864628
11,69,76.99197400233344,31.4,87.03612459245852,0.0018749929761864628
11,72,104.3,31.400000000000002,90.0,0.0016666666666666668
11,73,104.6,31.400000000000002,90.0,0.0016666666666666668
11,74,85.67247173666769,31.4,60.00000000000001,0.0018452401020419631
11,77,99.31214364111092,31.400000000000002,80.00000000000001,0.0018749929761864628
11,78,58.27752826333234,31.400000000000002,60.00000000000001,0.0018452401020419631
11,79,58.57752826333234,31.400000000000002,60.00000000000001,0.0018452401020419631
11,80,58.87752826333233,31.400000000000002,60.00000000000001,0.0018452401020419631
11,86,122.0,31.4,90.0,0.0016666666666666668
11,87,122.3,31.4,90.0,0.0016666666666666668
11,88,122.6,31.4,90.0,0.0016666666666666668
11,89,53.02752826333233,31.400000000000002,60.00000000000001,0.0018452401020419631
11,90,77.6,31.4,89.99999999999999,0.0017559533843543149
11,92,40.099999999999994,18.235382907247935,29.999999999999993,0.002410713282312352
11,92,47.70059522227875,31.400000000000002,60.00000000000001,0.0018452401020419631
11,101,96.5,31.4,90.0,0.0016666666666666668
11,102,119.04410752293133,31.4,80.00000000000001,0.0018749929761864628
11,103,119.34410752293134,31.4,80.00000000000001,0.0018749929761864628
11,104,119.64410752293134,31.4,80.00000000000001,0.0018749929761864628
11,111,93.01982024070948,31.4,80.0,0.0018749929761864628
11,112,93.31982024070948,31.4,80.00000000000001,0.0018749929761864628
11,113,50.780179759290526,31.400000000000002,80.0,0.0018749929761864628
11,114,51.08017975929054,31.400000000000002,80.00000000000001,0.0018749929761864628
11,122,47.3,31.4,90.0,0.0016666666666666668
11,123,47.599999999999994,31.4,90.0,0.0016666666666666668
11,124,47.900000000000006,31.4,90.0,0.0016666666666666668
11,130,110.35640127889673,31.4,70.0,0.0033035804591888336
11,131,117.61910221400642,31.4,70.00000000000001,0.0033035804591888336
11,132,82.67577499054607,31.4,85.0,0.0018749929761864628
11,133,82.97577499054609,31.4,85.0,0.0018749929761864628
11,135,40.1,21.83631193355307,20.0,0.0050297528741445
11,135,43.33523282936846,30.725041078921194,42.561611138049315,0.005982153894564131
11,143,53.780897785993574,31.400000000000002,70.0,0.0033035804591888336
11,144,54.08089778599357,31.400000000000002,70.0,0.0033035804591888336
11,145,74.04410752293133,31.399999999999995,80.00000000000001,0.0018749929761864628
11,147,47.0,31.4,90.0,0.0016666666666666668
11,156,56.0,31.4,90.0,0.0016666666666666668
11,157,56.3,31.4,90.0,0.0016666666666666668
11,177,40.1,16.7,90.0,0.0016666666666666668
11,178,119.94410752293133,31.4,80.00000000000001,0.0018749929761864628
11,179,113.0950025374059,31.4,74.9796316048067,0.0017857062584988146
11,180,105.0,31.4,45.0,0.005714293741501186
11,181,105.30000000000001,31.4,45.0,0.005714293741501186
11,185,40.099999999999994,24.2,90.0,0.0016666666666666668
11,186,40.099999999999994,24.5,90.0,0.0016666666666666668
11,187,40.099999999999994,23.0,90.0,0.0016666666666666668
11,188,40.10000000000001,23.3,90.0,0.0016666666666666668
11,189,40.099999999999994,23.6,90.0,0.0016666666666666668
11,190,108.92247173666767,31.4,60.00000000000001,0.0018452401020419631
11,199,81.16910221400641,31.4,70.00000000000001,0.0033035804591888336
11,200,81.46910221400641,31.4,70.00000000000001,0.0033035804591888336
11,201,40.1,11.3,90.0,0.0016666666666666668
11,202,40.1,10.7,90.0,0.0016666666666666668
11,206,58.954461304385916,31.400000000000002,60.00000000000001,0.0018452401020419631
11,207,48.84466358180143,31.4,83.00466443261193,0.0017857062584988146
11,210,68.3,31.4,90.0,0.0016666666666666668
11,211,61.355892477068664,31.4,80.0,0.0018749929761864628
11,212,61.65589247706866,31.4,80.0,0.0018749929761864628
11,213,61.95589247706867,31.4,80.0,0.0018749929761864628
11,214,62.25589247706867,31.4,80.0,0.0018749929761864628
11,215,62.55589247706867,31.4,80.0,0.0018749929761864628
11,216,54.556401278896715,31.4,70.00000000000001,0.0033035804591888336
11,217,54.856401278896726,31.4,70.00000000000001,0.0033035804591888336
11,218,55.156401278896716,31.4,70.00000000000001,0.0033035804591888336
11,219,55.45640127889672,31.4,70.00000000000001,0.0033035804591888336
11,220,40.1,6.199999999999999,90.0,0.0016666666666666668
11,221,40.1,6.5,90.0,0.0016666666666666668
11,222,70.35589247706866,31.4,80.00000000000001,0.0018749929761864628
11,223,70.65589247706866,31.4,80.00000000000001,0.0018749929761864628
11,224,70.95589247706867,31.4,80.00000000000001,0.0018749929761864628
11,225,77.3,31.4,90.0,0.0016666666666666668
11,226,63.85640127889672,31.4,70.0,0.0033035804591888336
11,227,64.15640127889672,31.4,70.0,0.0033035804591888336
11,228,64.45640127889672,31.4,70.0,0.0033035804591888336
11,229,40.1,6.800000000000001,90.0,0.0016666666666666668
11,249,40.10000000000001,23.9,90.0,0.0016666666666666668
11,250,40.1,11.0,90.0,0.0016666666666666668
12,13,103.1,31.7,90.0,0.0016666666666666668
12,14,103.4,31.7,90.0,0.0016666666666666668
12,15,103.7,31.7,90.0,0.0016666666666666668
12,16,104.0,31.7,90.0,0.0016666666666666668
12,24,122.02619969696438,31.7,60.00000000000001,0.0018452401020419631
12,24,128.9,19.79422863405995,29.999999999999993,0.002410713282312352
12,25,122.32619969696437,31.7,60.00000000000001,0.0018452401020419631
12,25,128.9,20.313843876330587,29.999999999999993,0.002410713282312352
12,28,128.9,6.2,90.0,0.0016666666666666668
12,29,128.9,6.5,90.0,0.0016666666666666668
12,30,128.9,13.1,90.0,0.0016666666666666668
12,31,118.19999999999999,31.699999999999996,45.0,0.005714293741501186
12,31,128.9,20.999999999999986,45.0,0.005714293741501186
12,32,86.98901207345298,31.7,56.632987030768234,0.0021428531292494077
12,33,79.00384757729337,31.7,60.000000000000036,0.0018452401020419631
12,56,125.59455846742149,31.0609098729271,68.314488353389,0.0031250070238135375
12,57,125.88109497792331,30.907021483785186,65.20823967646638,0.003065473180270389
12,58,126.16589477425099,30.733282360797972,62.02208010156911,0.002113100255104908
12,59,95.27380030303564,31.700000000000003,60.00000000000001,0.0018452401020419631
12,67,94.40991114372656,31.7,70.00000000000001,0.0033035804591888336
12,68,76.66888680608882,31.7,84.16256372947107,0.0018452401020419631
12,69,76.96888680608882,31.7,84.16256372947126,0.0018452401020419631
12,72,104.3,31.700000000000003,90.0,0.0016666666666666668
12,73,104.6,31.700000000000003,90.0,0.0016666666666666668
12,74,85.49926665591079,31.7,60.00000000000001,0.0018452401020419631
12,77,99.36504173532346,31.700000000000003,80.00000000000001,0.0018749929761864628
12,78,58.450733344089215,31.700000000000003,60.00000000000001,0.0018452401020419631
12,79,58.75073334408923,31.700000000000003,60.00000000000001,0.0018452401020419631
12,80,59.05073334408922,31.700000000000003,60.00000000000001,0.0018452401020419631
12,86,122.0,31.7,90.0,0.0016666666666666668
12,87,122.3,31.7,90.0,0.0016666666666666668
12,88,122.6,31.7,90.0,0.0016666666666666668
12,89,53.200733344089215,31.700000000000003,60.00000000000001,0.0018452401020419631
12,90,77.6,31.700000000000003,89.99999999999999,0.0017559533843543149
12,92,39.8,17.715767664977275,29.999999999999993,0.002410713282312352
12,92,47.87380030303564,31.700000000000003,60.00000000000001,0.0018452401020419631
12,101,96.5,31.7,90.0,0.0016666666666666668
12,102,119.09700561714386,31.700000000000003,80.00000000000001,0.0018749929761864628
12,103,119.39700561714388,31.700000000000003,80.00000000000001,0.0018749929761864628
12,104,119.69700561714387,31.700000000000003,80.00000000000001,0.0018749929761864628
12,111,92.96692214649693,31.7,80.0,0.0018749929761864628
12,112,93.26692214649694,31.7,80.00000000000001,0.0018749929761864628
12,113,50.83307785350306,31.700000000000003,80.0,0.0018749929761864628
12,114,51.13307785350307,31.700000000000003,80.00000000000001,0.0018749929761864628
12,122,47.3,31.700000000000003,90.0,0.0016666666666666668
12,123,47.599999999999994,31.700000000000003,90.0,0.0016666666666666668
12,124,47.900000000000006,31.700000000000003,90.0,0.0016666666666666668
12,130,110.24721020861686,31.7,70.0,0.0033035804591888336
12,131,117.50991114372655,31.7,70.00000000000001,0.0033035804591888336
12,132,82.6495283914883,31.7,85.0,0.0018749929761864628
12,133,82.94952839148831,31.7,85.0,0.0018749929761864628
12,135,39.8,21.012068707716676,20.0,0.0050297528741445
12,135,43.527373124319176,31.252942200665643,47.742414636160255,0.005476186462582741
12,143,53.89008885627344,31.700000000000003,70.0,0.0033035804591888336
12,144,54.19008885627343,31.700000000000003,70.0,0.0033035804591888336
12,145,74.09700561714386,31.700000000000003,80.00000000000001,0.0018749929761864628
12,147,47.0,31.7,90.0,0.0016666666666666668
12,156,56.0,31.7,90.0,0.0016666666666666668
12,157,56.3,31.7,90.0,0.0016666666666666668
12,177,39.8,16.7,90.0,0.0016666666666666668
12,178,119.99700561714387,31.700000000000003,80.00000000000001,0.0018749929761864628
12,179,113.00605553150706,31.7,71.99123924761642,0.002708326309519796
12,180,104.7,31.7,45.0,0.005714293741501186
12,181,105.0,31.7,45.0,0.005714293741501186
12,185,39.8,24.2,90.0,0.0016666666666666668
12,186,39.8,24.5,90.0,0.0016666666666666668
12,187,39.8,23.0,90.0,0.0016666666666666668
12,188,39.8,23.3,90.0,0.0016666666666666668
12,189,39.8,23.6,90.0,0.0016666666666666668
12,190,108.74926665591079,31.7,60.00000000000001,0.0018452401020419631
12,199,81.05991114372655,31.7,70.00000000000001,0.0033035804591888336
12,200,81.35991114372655,31.7,70.00000000000001,0.0033035804591888336
12,201,39.8,11.3,90.0,0.0016666666666666668
12,202,39.8,10.7,90.0,0.0016666666666666668
12,206,59.1276663851428,31.700000000000003,60.00000000000001,0.0018452401020419631
12,207,48.88919691501016,31.7,80.10817513752446,0.0018749929761864628
12,210,68.3,31.7,90.0,0.0016666666666666668
12,211,61.30299438285613,31.7,80.0,0.0018749929761864628
12,212,61.602994382856124,31.7,80.0,0.0018749929761864628
12,213,61.902994382856136,31.7,80.0,0.0018749929761864628
12,214,62.20299438285613,31.7,80.0,0.0018749929761864628
12,215,62.50299438285613,31.7,80.0,0.0018749929761864628
12,216,54.44721020861685,31.7,70.00000000000001,0.0033035804591888336
12,217,54.74721020861686,31.7,70.00000000000001,0.0033035804591888336
12,218,55.04721020861686,31.7,70.00000000000001,0.0033035804591888336
12,219,55.34721020861686,31.7,70.00000000000001,0.0033035804591888336
12,220,39.8,6.199999999999999,90.0,0.0016666666666666668
12,221,39.8,6.5,90.0,0.0016666666666666668
12,222,70.30299438285613,31.7,80.00000000000001,0.0018749929761864628
12,223,70.60299438285612,31.7,80.00000000000001,0.0018749929761864628
12,224,70.90299438285614,31.7,80.00000000000001,0.0018749929761864628
12,225,77.3,31.7,90.0,0.0016666666666666668
12,226,63.74721020861686,31.7,70.0,0.0033035804591888336
12,227,64.04721020861686,31.7,70.0,0.0033035804591888336
12,228,64.34721020861684,31.7,70.0,0.0033035804591888336
12,229,39.8,6.800000000000001,90.0,0.0016666666666666668
12,249,39.8,23.9,90.0,0.0016666666666666668
12,250,39.8,11.0,90.0,0.0016666666666666668
13,24,103.1,64.48113946933702,29.999999999999993,0.002410713282312352
13,25,103.1,65.00075471160766,29.999999999999993,0.002410713282312352
13,26,103.1,72.14211616751138,29.999999999999993,0.002410713282312352
13,27,103.1,72.66173140978205,29.999999999999986,0.002410713282312352
13,31,103.1,46.8,45.0,0.005714293741501186
13,32,103.1,34.4,90.0,0.0016666666666666668
13,33,103.1,34.7,90.0,0.0016666666666666668
13,34,103.1,35.3,90.0,0.0016666666666666668
13,35,103.1,35.0,90.0,0.0016666666666666668
13,40,103.1,114.8,90.0,0.0016666666666666668
13,41,103.1,114.5,90.0,0.0016666666666666668
13,42,103.1,114.2,90.0,0.0016666666666666668
13,43,103.1,113.9,90.0,0.0016666666666666668
13,44,103.1,100.28528137423856,45.0,0.005714293741501186
13,45,103.1,94.04999999999998,45.0,0.005714293741501186
13,46,103.1,106.11471862576141,45.0,0.005714293741501186
13,47,103.1,105.8147186257614,45.0,0.005714293741501186
13,52,102.89421594027468,117.8,85.0,0.0018749929761864628
13,53,102.81547614310134,118.7,85.0,0.0018749929761864628
13,54,102.8417227421591,118.4,85.0,0.0018749929761864628
13,55,102.86796934121689,118.1,85.0,0.0018749929761864628
13,59,103.1,45.255375505322434,29.999999999999996,0.002410713282312352
13,60,102.23805096383023,125.3,85.0,0.0018749929761864628
13,61,102.21180436477246,125.6,85.0,0.0018749929761864628
13,62,100.83905005230132,141.29065359038643,85.02752764333282,0.0018749929761864628
13,63,100.80810725825926,141.64433134468064,82.40736003696527,0.0018749929761864628
13,77,103.1,52.882000903490926,9.999999999999998,0.0073512075340233535
13,78,103.1,109.03479836872843,29.999999999999993,0.002410713282312352
13,79,103.1,108.51518312645777,29.999999999999993,0.002410713282312352
13,80,103.1,107.99556788418712,29.999999999999993,0.002410713282312352
13,81,101.48561892559063,133.90033755135204,50.0,0.0038393007653147234
13,82,101.50975398091404,133.62447260667545,50.0,0.0038393007653147234
13,83,101.53388903623744,133.34860766199887,50.0,0.0038393007653147234
13,84,101.55802409156085,133.07274271732228,50.0,0.0038393007653147234
13,89,102.8963708647673,117.7753691003407,34.99999999999999,0.004583347380960408
13,90,101.49330269857118,133.81251162430183,24.999999999999993,0.004821426564624704
13,91,100.76156726588839,142.17628589164983,50.0,0.0038393007653147234
13,92,102.1953796479168,125.7877353727183,34.999999999999986,0.004583347380960408
13,93,102.5267635534658,122.0,85.0,0.0018749929761864628
13,94,102.55301015252357,121.7,85.0,0.0018749929761864628
13,95,102.57925675158134,121.4,85.0,0.0018749929761864628
13,96,102.60550335063911,121.1,85.0,0.0018749929761864628
13,97,102.50051695440801,122.3,85.0,0.0018749929761864628
13,98,101.1356938034036,137.9,85.0,0.0018749929761864628
13,99,102.44802375629246,122.9,85.0,0.0018749929761864628
13,100,102.47427035535023,122.6,85.0,0.0018749929761864628
13,101,103.1,51.509068063662966,19.999999999999996,0.006815487227897463
13,105,103.1,100.58528137423856,45.0,0.005714293741501186
13,106,103.1,95.39999999999998,45.0,0.005714293741501186
13,130,103.1,51.33679866027039,20.000000000000004,0.0050297528741445
13,131,103.1,71.29090548373625,19.999999999999996,0.006815487227897463
13,146,103.1,54.900000000000006,45.0,0.005714293741501186
13,179,103.1,58.92725709619046,19.999999999999996,0.006815487227897463
13,180,103.1,33.30000000000001,45.0,0.005714293741501186
13,181,103.1,33.60000000000001,45.0,0.005714293741501186
13,182,103.1,9.2,90.0,0.0016666666666666668
13,183,103.1,22.4,90.0,0.0016666666666666668
13,184,103.1,22.7,90.0,0.0016666666666666668
13,185,103.1,24.2,90.0,0.0016666666666666668
13,186,103.1,24.5,90.0,0.0016666666666666668
13,187,103.1,23.0,90.0,0.0016666666666666668
13,188,103.1,23.3,90.0,0.0016666666666666668
13,189,103.1,23.6,90.0,0.0016666666666666668
13,190,103.1,41.484816873542215,29.999999999999996,0.002410713282312352
13,191,103.1,26.9,90.0,0.0016666666666666668
13,192,103.1,27.2,90.0,0.0016666666666666668
13,193,103.1,27.5,90.0,0.0016666666666666668
13,194,103.1,28.1,90.0,0.0016666666666666668
13,195,103.1,28.4,90.0,0.0016666666666666668
13,196,103.1,28.7,90.0,0.0016666666666666668
13,197,103.1,27.8,90.0,0.0016666666666666668
13,198,103.1,30.8,90.0,0.0016666666666666668
13,206,103.1,107.86231594830153,29.999999999999993,0.002410713282312352
13,246,101.58215914688427,132.79687777264567,50.0,0.0038393007653147234
13,247,101.60629420220766,132.5210128279691,50.0,0.0038393007653147234
13,249,103.1,23.9,90.0,0.0016666666666666668
14,24,103.4,63.961524227066334,29.999999999999993,0.002410713282312352
14,25,103.4,64.48113946933697,29.999999999999993,0.002410713282312352
14,26,103.4,71.62250092524069,29.999999999999993,0.002410713282312352
14,27,103.4,72.14211616751138,29.999999999999986,0.002410713282312352
14,31,103.4,46.499999999999986,45.0,0.005714293741501186
14,32,103.4,34.4,90.0,0.0016666666666666668
14,33,103.4,34.7,90.0,0.0016666666666666668
14,34,103.4,35.3,90.0,0.0016666666666666668
14,35,103.4,35.0,90.0,0.0016666666666666668
14,40,103.4,114.8,90.0,0.0016666666666666668
14,41,103.4,114.5,90.0,0.0016666666666666668
14,42,103.4,114.2,90.0,0.0016666666666666668
14,43,103.4,113.9,90.0,0.0016666666666666668
14,44,103.4,100.58528137423858,45.0,0.005714293741501186
14,45,103.4,94.35,45.0,0.005714293741501186
14,46,103.4,106.41471862576142,45.0,0.005714293741501186
14,47,103.4,106.11471862576141,45.0,0.005714293741501186
14,52,103.19421594027467,117.8,85.0,0.0018749929761864628
14,53,103.11547614310135,118.7,85.0,0.0018749929761864628
14,54,103.14172274215912,118.4,85.0,0.0018749929761864628
14,55,103.1679693412169,118.1,85.0,0.0018749929761864628
14,59,103.4,45.774990747593115,29.999999999999996,0.002410713282312352
14,60,102.53805096383024,125.3,85.0,0.0018749929761864628
14,61,102.51180436477247,125.6,85.0,0.0018749929761864628
14,62,101.13384561978505,141.3501405262536,82.15539411212627,0.0018749929761864628
14,63,101.10168538699335,141.7177336691318,79.51729042407115,0.0019047739455851117
14,77,103.4,54.583385449376294,9.999999999999998,0.0073512075340233535
14,78,103.4,109.55441361099912,29.999999999999993,0.002410713282312352
14,79,103.4,109.03479836872845,29.999999999999993,0.002410713282312352
14,80,103.4,108.5151831264578,29.999999999999993,0.002410713282312352
14,81,101.76148387026723,134.17620249602865,50.0,0.0038393007653147234
14,82,101.78561892559064,133.90033755135204,50.0,0.0038393007653147234
14,83,101.80975398091405,133.62447260667545,50.0,0.0038393007653147234
14,84,101.83388903623745,133.34860766199887,50.0,0.0038393007653147234
14,89,103.15689273289773,118.22660621242535,34.99999999999999,0.004583347380960408
14,90,101.73516540371193,134.47702394528426,24.999999999999993,0.004821426564624704
14,91,101.03743221056499,142.4521508363264,50.0,0.0038393007653147234
14,92,102.45590151604722,126.23897248480296,34.999999999999986,0.004583347380960408
14,93,102.8267635534658,122.0,85.0,0.0018749929761864628
14,94,102.85301015252358,121.7,85.0,0.0018749929761864628
14,95,102.87925675158135,121.4,85.0,0.0018749929761864628
14,96,102.90550335063914,121.1,85.0,0.0018749929761864628
14,97,102.80051695440802,122.3,85.0,0.0018749929761864628
14,98,101.43569380340361,137.9,85.0,0.0018749929761864628
14,99,102.74802375629247,122.9,85.0,0.0018749929761864628
14,100,102.77427035535024,122.6,85.0,0.0018749929761864628
14,101,103.4,52.33331128949938,19.999999999999996,0.006815487227897463
14,105,103.4,100.88528137423856,45.0,0.005714293741501186
14,106,103.4,95.69999999999999,45.0,0.005714293741501186
14,130,103.4,50.51255543443398,20.000000000000004,0.0050297528741445
14,131,103.4,70.46666225789986,19.999999999999996,0.006815487227897463
14,146,103.4,54.599999999999994,45.0,0.005714293741501186
14,179,103.4,58.10301387035405,19.999999999999996,0.006815487227897463
14,180,103.4,33.0,45.0,0.005714293741501186
14,181,103.4,33.3,45.0,0.005714293741501186
14,182,103.4,9.2,90.0,0.0016666666666666668
14,183,103.4,22.4,90.0,0.0016666666666666668
14,184,103.4,22.7,90.0,0.0016666666666666668
14,185,103.4,24.2,90.0,0.0016666666666666668
14,186,103.4,24.5,90.0,0.0016666666666666668
14,187,103.4,23.0,90.0,0.0016666666666666668
14,188,103.4,23.3,90.0,0.0016666666666666668
14,189,103.4,23.6,90.0,0.0016666666666666668
14,190,103.4,40.96520163127154,29.999999999999996,0.002410713282312352
14,191,103.4,26.9,90.0,0.0016666666666666668
14,192,103.4,27.2,90.0,0.0016666666666666668
14,193,103.4,27.5,90.0,0.0016666666666666668
14,194,103.4,28.1,90.0,0.0016666666666666668
14,195,103.4,28.4,90.0,0.0016666666666666668
14,196,103.4,28.7,90.0,0.0016666666666666668
14,197,103.4,27.8,90.0,0.0016666666666666668
14,198,103.4,30.8,90.0,0.0016666666666666668
14,206,103.4,108.3819311905722,29.999999999999993,0.002410713282312352
14,246,101.85802409156086,133.07274271732228,50.0,0.0038393007653147234
14,247,101.88215914688428,132.7968777726457,50.0,0.0038393007653147234
14,249,103.4,23.9,90.0,0.0016666666666666668
15,24,103.7,63.441908984795674,29.999999999999993,0.002410713282312352
15,25,103.7,63.96152422706631,29.999999999999993,0.002410713282312352
15,26,103.7,71.10288568297003,29.999999999999993,0.002410713282312352
15,27,103.7,71.62250092524071,29.999999999999986,0.002410713282312352
15,31,103.7,46.19999999999999,45.0,0.005714293741501186
15,32,103.7,34.4,90.0,0.0016666666666666668
15,33,103.7,34.7,90.0,0.0016666666666666668
15,34,103.7,35.3,90.0,0.0016666666666666668
15,35,103.7,35.0,90.0,0.0016666666666666668
15,40,103.7,114.8,90.0,0.0016666666666666668
15,41,103.7,114.5,90.0,0.0016666666666666668
15,42,103.7,114.2,90.0,0.0016666666666666668
15,43,103.7,113.9,90.0,0.0016666666666666668
15,44,103.7,100.88528137423856,45.0,0.005714293741501186
15,45,103.7,94.64999999999999,45.0,0.005714293741501186
15,46,103.7,106.7147186257614,45.0,0.005714293741501186
15,47,103.7,106.4147186257614,45.0,0.005714293741501186
15,52,103.49421594027467,117.8,85.0,0.0018749929761864628
15,53,103.41547614310134,118.7,85.0,0.0018749929761864628
15,54,103.44172274215913,118.4,85.0,0.0018749929761864628
15,55,103.4679693412169,118.1,85.0,0.0018749929761864628
15,59,103.7,46.29460598986377,29.999999999999996,0.002410713282312352
15,60,102.83805096383024,125.3,85.0,0.0018749929761864628
15,61,102.81180436477247,125.6,85.0,0.0018749929761864628
15,62,101.42730574063151,141.42489168703236,79.26326461392507,0.0019047739455851117
15,63,101.39389789141568,141.80674515089203,76.59996306854354,0.0017857062584988146
15,77,103.7,56.2847699952616,9.999999999999998,0.0073512075340233535
15,78,103.7,110.07402885326977,29.999999999999993,0.002410713282312352
15,79,103.7,109.55441361099912,29.999999999999993,0.002410713282312352
15,80,103.7,109.03479836872845,29.999999999999993,0.002410713282312352
15,81,102.03734881494383,134.45206744070524,50.0,0.0038393007653147234
15,82,102.06148387026724,134.17620249602865,50.0,0.0038393007653147234
15,83,102.08561892559064,133.90033755135204,50.0,0.0038393007653147234
15,84,102.10975398091405,133.62447260667545,50.0,0.0038393007653147234
15,89,103.41741460102814,118.67784332451,34.99999999999999,0.004583347380960408
15,90,101.97702810885266,135.14153626626666,24.999999999999993,0.004821426564624704
15,91,101.31329715524159,142.728015781003,50.0,0.0038393007653147234
15,92,102.71642338417763,126.6902095968876,34.999999999999986,0.004583347380960408
15,93,103.12676355346579,122.0,85.0,0.0018749929761864628
15,94,103.15301015252358,121.7,85.0,0.0018749929761864628
15,95,103.17925675158135,121.4,85.0,0.0018749929761864628
15,96,103.20550335063913,121.1,85.0,0.0018749929761864628
15,97,103.10051695440802,122.3,85.0,0.0018749929761864628
15,98,101.7356938034036,137.9,85.0,0.0018749929761864628
15,99,103.04802375629247,122.9,85.0,0.0018749929761864628
15,100,103.07427035535025,122.6,85.0,0.0018749929761864628
15,101,103.7,53.15755451533576,19.999999999999996,0.006815487227897463
15,105,103.7,101.18528137423857,45.0,0.005714293741501186
15,106,103.7,96.0,45.0,0.005714293741501186
15,130,103.7,49.688312208597594,20.000000000000004,0.0050297528741445
15,131,103.7,69.64241903206347,19.999999999999996,0.006815487227897463
15,146,103.7,54.3,45.0,0.005714293741501186
15,179,103.7,57.278770644517664,19.999999999999996,0.006815487227897463
15,180,103.7,32.7,45.0,0.005714293741501186
15,181,103.7,33.0,45.0,0.005714293741501186
15,182,103.7,9.2,90.0,0.0016666666666666668
15,183,103.7,22.4,90.0,0.0016666666666666668
15,184,103.7,22.7,90.0,0.0016666666666666668
15,185,103.7,24.2,90.0,0.0016666666666666668
15,186,103.7,24.5,90.0,0.0016666666666666668
15,187,103.7,23.0,90.0,0.0016666666666666668
15,188,103.7,23.3,90.0,0.0016666666666666668
15,189,103.7,23.6,90.0,0.0016666666666666668
15,190,103.7,40.44558638900088,29.999999999999996,0.002410713282312352
15,191,103.7,26.9,90.0,0.0016666666666666668
15,192,103.7,27.2,90.0,0.0016666666666666668
15,193,103.7,27.5,90.0,0.0016666666666666668
15,194,103.7,28.1,90.0,0.0016666666666666668
15,195,103.7,28.4,90.0,0.0016666666666666668
15,196,103.7,28.7,90.0,0.0016666666666666668
15,197,103.7,27.8,90.0,0.0016666666666666668
15,198,103.7,30.8,90.0,0.0016666666666666668
15,206,103.7,108.90154643284285,29.999999999999993,0.002410713282312352
15,246,102.13388903623746,133.34860766199887,50.0,0.0038393007653147234
15,247,102.15802409156086,133.07274271732228,50.0,0.0038393007653147234
15,249,103.7,23.9,90.0,0.0016666666666666668
16,24,104.0,62.92229374252502,29.999999999999993,0.002410713282312352
16,25,104.0,63.44190898479565,29.999999999999993,0.002410713282312352
16,26,104.0,70.58327044069937,29.999999999999993,0.002410713282312352
16,27,104.0,71.10288568297005,29.999999999999986,0.002410713282312352
16,31,104.0,45.89999999999999,45.0,0.005714293741501186
16,32,104.0,34.4,90.0,0.0016666666666666668
16,33,104.0,34.7,90.0,0.0016666666666666668
16,34,104.0,35.3,90.0,0.0016666666666666668
16,35,104.0,35.0,90.0,0.0016666666666666668
16,40,104.0,114.8,90.0,0.0016666666666666668
16,41,104.0,114.5,90.0,0.0016666666666666668
16,42,104.0,114.2,90.0,0.0016666666666666668
16,43,104.0,113.9,90.0,0.0016666666666666668
16,44,104.0,101.18528137423857,45.0,0.005714293741501186
16,45,104.0,94.94999999999999,45.0,0.005714293741501186
16,46,104.0,107.01471862576142,45.0,0.005714293741501186
16,47,104.0,106.7147186257614,45.0,0.005714293741501186
16,52,103.79421594027468,117.8,85.0,0.0018749929761864628
16,53,103.71547614310134,118.7,85.0,0.0018749929761864628
16,54,103.74172274215911,118.4,85.0,0.0018749929761864628
16,55,103.7679693412169,118.1,85.0,0.0018749929761864628
16,59,104.0,46.81422123213443,29.999999999999996,0.002410713282312352
16,60,103.13805096383024,125.3,85.0,0.0018749929761864628
16,61,103.11180436477247,125.6,85.0,0.0018749929761864628
16,62,101.71939682115666,141.51529105028817,76.34315462088057,0.0017857062584988146
16,63,101.68469979699238,141.91187985123605,73.64677110835653,0.0018452401020419631
16,77,104.0,57.98615454114689,9.999999999999998,0.0073512075340233535
16,78,104.0,110.59364409554044,29.999999999999993,0.002410713282312352
16,79,104.0,110.07402885326977,29.999999999999993,0.002410713282312352
16,80,104.0,109.55441361099912,29.999999999999993,0.002410713282312352
16,81,102.31321375962041,134.72793238538185,50.0,0.0038393007653147234
16,82,102.33734881494382,134.45206744070524,50.0,0.0038393007653147234
16,83,102.36148387026722,134.17620249602865,50.0,0.0038393007653147234
16,84,102.38561892559063,133.90033755135204,50.0,0.0038393007653147234
16,89,103.67793646915855,119.12908043659462,34.99999999999999,0.004583347380960408
16,90,102.21889081399341,135.80604858724902,24.999999999999993,0.004821426564624704
16,91,101.58916209991817,143.0038807256796,50.0,0.0038393007653147234
16,92,102.97694525230806,127.14144670897224,34.999999999999986,0.004583347380960408
16,93,103.42676355346579,122.0,85.0,0.0018749929761864628
16,94,103.45301015252358,121.7,85.0,0.0018749929761864628
16,95,103.47925675158135,121.4,85.0,0.0018749929761864628
16,96,103.50550335063913,121.1,85.0,0.0018749929761864628
16,97,103.40051695440802,122.3,85.0,0.0018749929761864628
16,98,102.0356938034036,137.9,85.0,0.0018749929761864628
16,99,103.34802375629246,122.9,85.0,0.0018749929761864628
16,100,103.37427035535023,122.6,85.0,0.0018749929761864628
16,101,104.0,53.98179774117214,19.999999999999996,0.006815487227897463
16,105,104.0,101.48528137423857,45.0,0.005714293741501186
16,106,104.0,96.29999999999998,45.0,0.005714293741501186
16,130,104.0,48.864068982761225,20.000000000000004,0.0050297528741445
16,131,104.0,68.8181758062271,19.999999999999996,0.006815487227897463
16,146,104.0,54.0,45.0,0.005714293741501186
16,179,104.0,56.45452741868128,19.999999999999996,0.006815487227897463
16,180,104.0,32.400000000000006,45.0,0.005714293741501186
16,181,104.0,32.7,45.0,0.005714293741501186
16,182,104.0,9.2,90.0,0.0016666666666666668
16,183,104.0,22.4,90.0,0.0016666666666666668
16,184,104.0,22.7,90.0,0.0016666666666666668
16,185,104.0,24.2,90.0,0.0016666666666666668
16,186,104.0,24.5,90.0,0.0016666666666666668
16,187,104.0,23.0,90.0,0.0016666666666666668
16,188,104.0,23.3,90.0,0.0016666666666666668
16,189,104.0,23.6,90.0,0.0016666666666666668
16,190,104.0,39.92597114673022,29.999999999999996,0.002410713282312352
16,191,104.0,26.9,90.0,0.0016666666666666668
16,192,104.0,27.2,90.0,0.0016666666666666668
16,193,104.0,27.5,90.0,0.0016666666666666668
16,194,104.0,28.1,90.0,0.0016666666666666668
16,195,104.0,28.4,90.0,0.0016666666666666668
16,196,104.0,28.7,90.0,0.0016666666666666668
16,197,104.0,27.8,90.0,0.0016666666666666668
16,198,104.0,30.8,90.0,0.0016666666666666668
16,206,104.0,109.42116167511352,29.999999999999993,0.002410713282312352
16,246,102.40975398091405,133.62447260667545,50.0,0.0038393007653147234
16,247,102.43388903623745,133.34860766199887,50.0,0.0038393007653147234
16,249,104.0,23.9,90.0,0.0016666666666666668
17,24,76.32693304105359,110.85345171667578,59.999999999999986,0.0018749929761864628
17,25,76.47693304105357,111.11325933781109,59.999999999999986,0.0018749929761864628
17,26,78.5384665205268,114.68394006576295,59.999999999999986,0.0018749929761864628
17,27,78.68846652052679,114.9437476868983,59.999999999999986,0.0018749929761864628
17,31,62.68136515686648,87.21863484313353,75.0,0.0019047739455851117
17,34,32.70612735422546,35.300000000000004,60.00000000000001,0.0018452401020419631
17,40,78.63383249291341,114.84911877524978,67.33639140454551,0.002976186462582741
17,41,78.45249926934541,114.53504041892975,66.1952414325738,0.002916680714293742
17,42,78.27247827995745,114.22323491888102,65.04397394940668,0.003065473180270389
17,43,78.08585851253002,113.9,60.00000000000001,0.0018452401020419631
17,44,25.31785427862051,22.50313565285908,15.000000000000005,0.015327393996606094
17,46,24.20000000000001,20.566955246830112,29.999999999999964,0.002410713282312352
17,46,33.28101365396806,36.29573227972948,15.000000000000002,0.015327393996606094
17,47,24.500000000000004,21.086570489100744,29.99999999999998,0.002410713282312352
17,47,32.87120603283272,35.58592465859412,15.000000000000005,0.015327393996606094
17,52,80.33752456236957,117.8,60.00000000000001,0.0018452401020419631
17,53,92.0,138.0,29.999999999999993,0.002410713282312352
17,54,91.7,137.48038475772933,29.999999999999993,0.002410713282312352
17,55,91.4,136.96076951545868,29.999999999999993,0.002410713282312352
17,60,84.66765158129175,125.3,60.00000000000001,0.0018452401020419631
17,61,84.84085666204864,125.6,60.00000000000001,0.0018452401020419631
17,62,93.84752086140679,141.2,60.00000000000001,0.0018452401020419631
17,63,94.0207259421637,141.5,60.00000000000001,0.0018452401020419631
17,67,69.74791931248694,99.45826567510518,49.999999999999986,0.004404773945585112
17,68,65.90959889456845,92.81009969554134,39.99999999999999,0.005178573435375297
17,69,66.13941222750414,93.2081480644427,39.99999999999999,0.005178573435375297
17,71,44.600475657832,55.90161558476723,19.999999999999993,0.006815487227897463
17,74,58.06346652052679,79.22019978079017,59.999999999999986,0.0018749929761864628
17,81,73.44216052523055,105.85687915099197,15.000000000000005,0.015327393996606094
17,82,23.0,18.48849427774743,29.999999999999986,0.002410713282312352
17,82,73.0323529040952,105.14707152985662,15.000000000000005,0.015327393996606094
17,83,23.299999999999997,19.0081095200181,29.999999999999993,0.002410713282312352
17,83,72.62254528295986,104.43726390872129,15.000000000000005,0.015327393996606094
17,84,23.599999999999998,19.52772476228875,29.999999999999993,0.002410713282312352
17,84,72.21273766182455,103.72745628758597,15.000000000000005,0.015327393996606094
17,91,85.73638915929048,127.1511077850519,15.000000000000002,0.015327393996606094
17,93,82.762395692966,122.0,60.00000000000001,0.0018452401020419631
17,94,82.58919061220911,121.7,60.00000000000001,0.0018452401020419631
17,95,82.41598553145222,121.4,60.00000000000001,0.0018452401020419631
17,96,82.24278045069532,121.1,60.00000000000001,0.0018452401020419631
17,97,84.02753432711742,124.19128439296858,73.21877443669783,0.0018452401020419631
17,98,91.94226497308104,137.9,60.00000000000001,0.0018452401020419631
17,99,84.47277310766572,124.96246058237823,71.01499852626233,0.002708326309519796
17,100,84.24957079585747,124.5758628379595,72.12030515445268,0.002232139846937056
17,105,25.727661899755844,23.212943273994405,15.000000000000002,0.015327393996606094
17,111,78.38230684930087,114.41346358110638,39.99999999999999,0.005178573435375297
17,112,78.61212018223657,114.81151195000777,39.99999999999999,0.005178573435375297
17,113,59.71724817608403,82.08463363284068,19.999999999999993,0.006815487227897463
17,114,60.149155962319824,82.83271986278567,19.999999999999993,0.006815487227897463
17,116,20.900000000000006,11.293419401072649,19.99999999999997,0.006815487227897463
17,116,24.40371768785242,20.91980463259094,9.999999999999991,0.0073512075340233535
17,117,20.900000000000006,10.46047046466861,18.19487233876691,0.009345240102041963
17,117,25.215438807023876,22.325746852572564,9.999999999999991,0.0073512075340233535
17,122,47.3,60.57732890167116,29.999999999999993,0.002410713282312352
17,123,47.6,61.096944143941826,29.999999999999993,0.002410713282312352
17,124,47.9,61.61655938621248,29.999999999999993,0.002410713282312352
17,130,81.49999999999999,119.81346652052676,29.99999999999997,0.002410713282312352
17,131,83.91609175674753,123.99826019896183,49.999999999999986,0.004404773945585112
17,132,80.6,118.25462079371479,30.000000000000004,0.0026488205612307967
17,133,80.9,118.77423603598547,30.000000000000004,0.0026488205612307967
17,135,65.97114700966502,92.91670415799868,9.999999999999991,0.0073512075340233535
17,143,90.2,134.882308546376,29.999999999999993,0.002410713282312352
17,144,90.5,135.40192378864668,29.999999999999993,0.002410713282312352
17,145,90.8,135.92153903091733,29.999999999999993,0.002410713282312352
17,146,65.64617092752042,92.35382907247958,75.0,0.0019047739455851117
17,147,44.307145598613275,55.3935530188132,39.99999999999999,0.005178573435375297
17,150,29.900000000000002,30.439644849972694,29.999999999999993,0.002410713282312352
17,151,86.57290746961752,128.6,60.00000000000001,0.0018452401020419631
17,151,96.8,146.3138438763306,29.999999999999993,0.002410713282312352
17,152,86.39970238886065,128.3,60.00000000000001,0.0018452401020419631
17,152,97.1,146.83345911860127,29.999999999999993,0.002410713282312352
17,153,86.22649730810375,128.0,60.00000000000001,0.0018452401020419631
17,153,97.4,147.3846606338756,25.841932763167094,0.0040178461054358695
17,154,86.05329222734686,127.7,60.00000000000001,0.0018452401020419631
17,154,97.7,148.12650060048048,18.194872338766743,0.009345240102041963
17,155,86.7461125503744,128.9,60.00000000000001,0.0018452401020419631
17,155,96.5,145.79422863405995,29.999999999999993,0.002410713282312352
17,156,51.20154558668406,67.33500408585408,39.99999999999999,0.005178573435375297
17,157,51.431358919619754,67.73305245475544,39.99999999999999,0.005178573435375297
17,162,29.599999999999998,29.920029607702016,29.999999999999993,0.002410713282312352
17,163,32.06425097681654,34.188237502149505,39.99999999999999,0.005178573435375297
17,165,25.169850988745736,22.24678643510861,39.99999999999999,0.005178573435375297
17,166,25.399664321681428,22.64483480400997,39.99999999999999,0.005178573435375297
17,177,21.967412347298406,16.699999999999996,60.00000000000001,0.0018452401020419631
17,179,81.25016336403618,119.38073677344535,37.4140989059325,0.0055654731802703885
17,180,57.74002220577655,78.65997779422347,75.0,0.0019047739455851117
17,181,57.849829826911886,78.85017017308812,75.0,0.0019047739455851117
17,185,26.29753936622061,24.199999999999996,60.00000000000001,0.0018452401020419631
17,186,26.4707444469775,24.5,60.00000000000001,0.0018452401020419631
17,190,69.68846652052679,99.35529041877837,59.999999999999986,0.0018749929761864628
17,199,61.559819653141545,85.27606104768154,49.999999999999986,0.004404773945585112
17,200,61.7438218926774,85.59476227526409,49.999999999999986,0.004404773945585112
17,201,20.900000000000006,11.292495306631455,87.13401601740117,0.0018749929761864628
17,207,79.77040603557995,116.81772189768677,9.999999999999991,0.0073512075340233535
17,210,59.819545571772565,82.2618179196552,39.99999999999999,0.005178573435375297
17,211,54.1263309386431,72.40088091668036,39.99999999999999,0.005178573435375297
17,212,54.356144271578785,72.79892928558172,39.99999999999999,0.005178573435375297
17,213,54.58595760451449,73.1969776544831,39.99999999999999,0.005178573435375297
17,214,54.81577093745018,73.59502602338446,39.99999999999999,0.005178573435375297
17,215,55.04558427038587,73.99307439228582,39.99999999999999,0.005178573435375297
17,216,45.23716441261475,57.004392856658725,49.999999999999986,0.004404773945585112
17,217,45.42116665215062,57.32309408424128,49.999999999999986,0.004404773945585112
17,218,45.60516889168646,57.641795311823834,49.999999999999986,0.004404773945585112
17,219,45.78917113122231,57.96049653940639,49.999999999999986,0.004404773945585112
17,222,61.0207309267139,84.34233198372127,39.99999999999999,0.005178573435375297
17,223,61.25054425964959,84.74038035262262,39.99999999999999,0.005178573435375297
17,224,61.48035759258529,85.138428721524,39.99999999999999,0.005178573435375297
17,225,91.1,136.441154273188,29.999999999999993,0.002410713282312352
17,226,50.941233838226154,66.8841309117179,49.99999999999999,0.004404773945585112
17,227,51.12523607776201,67.20283213930045,49.99999999999999,0.004404773945585112
17,228,51.309238317297854,67.521533366883,49.99999999999999,0.004404773945585112
17,229,20.900000000000002,6.769924622639721,84.2608295227332,0.0018452401020419631
17,246,30.8,31.998490576784683,29.999999999999993,0.002410713282312352
17,246,71.8029300406892,103.01764866645064,15.000000000000002,0.015327393996606094
17,247,31.099999999999998,32.51810581905533,29.999999999999993,0.002410713282312352
17,247,71.39312241955389,102.30784104531531,15.000000000000002,0.015327393996606094
17,248,30.199999999999996,30.95926009224333,29.999999999999996,0.002410713282312352
17,255,37.06802561113892,42.85502939842026,39.99999999999999,0.005178573435375297
18,24,76.47693304105358,110.59364409554044,59.999999999999986,0.0018749929761864628
18,25,76.62693304105358,110.85345171667578,59.999999999999986,0.0018749929761864628
18,26,78.68846652052679,114.42413244462762,59.999999999999986,0.0018749929761864628
18,27,78.8384665205268,114.68394006576297,59.999999999999986,0.0018749929761864628
18,31,62.87155753573114,87.02844246426886,75.0,0.0019047739455851117
18,34,33.006127354225455,35.300000000000004,60.00000000000001,0.0018452401020419631
18,40,78.91672877045495,114.81949425895317,64.61990481013936,0.002946433588438241
18,41,78.7385597606636,114.51089648166034,63.4535909627367,0.0025595338435431486
18,42,78.56179466021227,114.20473034667359,62.27529140916093,0.002113100255104908
18,43,78.38585851253004,113.9,60.00000000000001,0.0018452401020419631
18,44,26.02766189975584,23.212943273994405,15.000000000000005,0.015327393996606094
18,46,24.200000000000003,20.04734000455943,29.999999999999964,0.002410713282312352
18,46,33.990821275103386,37.0055399008648,15.000000000000002,0.015327393996606094
18,47,24.50000000000001,20.566955246830105,29.99999999999998,0.002410713282312352
18,47,33.58101365396803,36.295732279729435,15.000000000000005,0.015327393996606094
18,52,80.63752456236955,117.8,60.00000000000001,0.0018452401020419631
18,53,92.0,137.48038475772933,29.999999999999993,0.002410713282312352
18,54,91.7,136.96076951545868,29.999999999999993,0.002410713282312352
18,55,91.4,136.44115427318803,29.999999999999993,0.002410713282312352
18,60,84.96765158129175,125.3,60.00000000000001,0.0018452401020419631
18,61,85.14085666204863,125.6,60.00000000000001,0.0018452401020419631
18,62,94.14752086140679,141.2,60.00000000000001,0.0018452401020419631
18,63,94.32072594216369,141.5,60.00000000000001,0.0018452401020419631
18,67,69.8639170729511,99.13956444752262,49.999999999999986,0.004404773945585112
18,68,65.97978556163275,92.41205132663995,39.99999999999999,0.005178573435375297
18,69,66.20959889456844,92.81009969554134,39.99999999999999,0.005178573435375297
18,71,44.468567871596235,55.15352935482229,19.999999999999993,0.006815487227897463
18,74,58.21346652052679,78.96039215965484,59.999999999999986,0.0018749929761864628
18,81,74.15196814636587,106.5666867721273,15.000000000000005,0.015327393996606094
18,82,23.000000000000007,17.968879035476785,29.999999999999986,0.002410713282312352
18,82,73.74216052523053,105.85687915099194,15.000000000000005,0.015327393996606094
18,83,23.29999999999999,18.488494277747417,29.999999999999993,0.002410713282312352
18,83,73.33235290409519,105.14707152985662,15.000000000000005,0.015327393996606094
18,84,23.600000000000005,19.00810952001811,29.999999999999993,0.002410713282312352
18,84,72.92254528295987,104.43726390872129,15.000000000000005,0.015327393996606094
18,91,86.44619678042581,127.86091540618723,15.000000000000002,0.015327393996606094
18,93,83.06239569296599,122.0,60.00000000000001,0.0018452401020419631
18,94,82.8891906122091,121.7,60.00000000000001,0.0018452401020419631
18,95,82.71598553145222,121.4,60.00000000000001,0.0018452401020419631
18,96,82.54278045069532,121.1,60.00000000000001,0.0018452401020419631
18,97,84.2165238356096,123.99900858150386,75.79353212340283,0.0019047739455851117
18,98,92.24226497308103,137.9,60.00000000000001,0.0018452401020419631
18,99,84.65635827175025,124.76082417181784,73.61923646173905,0.0018452401020419631
18,100,84.43588121109835,124.3789467008653,74.70920452831157,0.0017857062584988146
18,105,26.437469520891163,23.922750895129724,15.000000000000002,0.015327393996606094
18,111,78.45249351636517,114.01541521220503,39.99999999999999,0.005178573435375297
18,112,78.68230684930087,114.41346358110638,39.99999999999999,0.005178573435375297
18,113,59.585340389848255,81.33654740289573,19.999999999999993,0.006815487227897463
18,114,60.01724817608405,82.0846336328407,19.999999999999993,0.006815487227897463
18,116,21.2,12.117662626909024,19.999999999999982,0.006815487227897463
18,116,23.891996568680952,19.513862412609285,9.999999999999991,0.0073512075340233535
18,117,21.200000000000003,11.29341940107265,19.999999999999982,0.006815487227897463
18,117,24.703717687852418,20.91980463259094,9.999999999999991,0.0073512075340233535
18,122,47.3,60.05771365940049,29.999999999999993,0.002410713282312352
18,123,47.6,60.577328901671166,29.999999999999993,0.002410713282312352
18,124,47.9,61.096944143941826,29.999999999999993,0.002410713282312352
18,130,81.49999999999999,119.2938512782561,29.99999999999997,0.002410713282312352
18,131,84.03208951721167,123.6795589713793,49.999999999999986,0.004404773945585112
18,132,80.6,117.73500555144415,30.000000000000004,0.0026488205612307967
18,133,80.9,118.25462079371482,30.000000000000004,0.0026488205612307967
18,135,65.45942589049355,91.51076193801705,9.999999999999991,0.0073512075340233535
18,143,90.2,134.36269330410536,29.999999999999993,0.002410713282312352
18,144,90.5,134.882308546376,29.999999999999993,0.002410713282312352
18,145,90.8,135.40192378864668,29.999999999999993,0.002410713282312352
18,146,65.8363633063851,92.1636366936149,75.0,0.0019047739455851117
18,147,44.377332265677566,54.99550464991183,39.99999999999999,0.005178573435375297
18,150,29.899999999999995,29.920029607702013,29.999999999999993,0.002410713282312352
18,151,86.87290746961752,128.6,60.00000000000001,0.0018452401020419631
18,151,96.8,145.79422863405995,29.999999999999993,0.002410713282312352
18,152,86.69970238886063,128.3,60.00000000000001,0.0018452401020419631
18,152,97.1,146.3138438763306,29.999999999999993,0.002410713282312352
18,153,86.52649730810374,128.0,60.00000000000001,0.0018452401020419631
18,153,97.4,146.8334591186013,29.999999999999993,0.002410713282312352
18,154,86.35329222734686,127.7,60.00000000000001,0.0018452401020419631
18,154,97.7,147.3846606338756,25.841932763167094,0.0040178461054358695
18,155,87.0461125503744,128.9,60.00000000000001,0.0018452401020419631
18,155,96.5,145.2746133917893,29.999999999999993,0.002410713282312352
18,156,51.27173225374837,66.93695571695272,39.99999999999999,0.005178573435375297
18,157,51.50154558668406,67.33500408585408,39.99999999999999,0.005178573435375297
18,162,29.600000000000005,29.400414365431377,29.999999999999993,0.002410713282312352
18,163,32.134437643880844,33.79018913324815,39.99999999999999,0.005178573435375297
18,165,25.240037655810035,21.848738066207247,39.99999999999999,0.005178573435375297
18,166,25.469850988745733,22.24678643510861,39.99999999999999,0.005178573435375297
18,177,22.267412347298404,16.699999999999996,60.00000000000001,0.0018452401020419631
18,179,81.31684738921247,118.97662165083324,41.32605978210015,0.005982153894564131
18,180,57.93021458464122,78.46978541535879,75.0,0.0019047739455851117
18,181,58.040022205776545,78.65997779422347,75.0,0.0019047739455851117
18,185,26.5975393662206,24.199999999999996,60.00000000000001,0.0018452401020419631
18,186,26.77074444697749,24.5,60.00000000000001,0.0018452401020419631
18,190,69.8384665205268,99.09548279764304,59.999999999999986,0.0018749929761864628
18,199,61.6758174136057,84.95735982009899,49.999999999999986,0.004404773945585112
18,200,61.85981965314154,85.27606104768154,49.999999999999986,0.004404773945585112
18,201,21.200000000000003,11.3,89.99999999999999,0.0017559533843543149
18,207,79.25868491640848,115.41177967770513,9.999999999999991,0.0073512075340233535
18,210,59.88973223883688,81.86376955075386,39.99999999999999,0.005178573435375297
18,211,54.196517605707406,72.00283254777901,39.99999999999999,0.005178573435375297
18,212,54.4263309386431,72.40088091668036,39.99999999999999,0.005178573435375297
18,213,54.656144271578796,72.79892928558175,39.99999999999999,0.005178573435375297
18,214,54.88595760451449,73.1969776544831,39.99999999999999,0.005178573435375297
18,215,55.11577093745018,73.59502602338446,39.99999999999999,0.005178573435375297
18,216,45.3531621730789,56.68569162907617,49.999999999999986,0.004404773945585112
18,217,45.53716441261476,57.00439285665875,49.999999999999986,0.004404773945585112
18,218,45.721166652150615,57.32309408424128,49.999999999999986,0.004404773945585112
18,219,45.90516889168646,57.641795311823834,49.999999999999986,0.004404773945585112
18,222,61.0909175937782,83.94428361481991,39.99999999999999,0.005178573435375297
18,223,61.3207309267139,84.34233198372127,39.99999999999999,0.005178573435375297
18,224,61.5505442596496,84.74038035262264,39.99999999999999,0.005178573435375297
18,225,91.1,135.92153903091733,29.999999999999993,0.002410713282312352
18,226,51.05723159869031,66.56542968413535,49.99999999999999,0.004404773945585112
18,227,51.24123383822615,66.8841309117179,49.99999999999999,0.004404773945585112
18,228,51.42523607776201,67.20283213930045,49.99999999999999,0.004404773945585112
18,229,21.200000000000003,6.792495306631454,87.13401601740115,0.0018749929761864628
18,246,30.799999999999994,31.478875334514,29.999999999999993,0.002410713282312352
18,246,72.51273766182453,103.72745628758597,15.000000000000002,0.015327393996606094
18,247,31.100000000000005,31.99849057678469,29.999999999999993,0.002410713282312352
18,247,72.10293004068922,103.01764866645064,15.000000000000002,0.015327393996606094
18,248,30.200000000000003,30.439644849972698,29.999999999999996,0.002410713282312352
18,255,37.13821227820323,42.456981029518886,39.99999999999999,0.005178573435375297
19,24,76.62693304105358,110.33383647440513,59.999999999999986,0.0018749929761864628
19,25,76.77693304105358,110.59364409554044,59.999999999999986,0.0018749929761864628
19,26,78.8384665205268,114.16432482349231,59.999999999999986,0.0018749929761864628
19,27,78.9884665205268,114.42413244462765,59.999999999999986,0.0018749929761864628
19,31,63.06174991459582,86.83825008540418,75.0,0.0019047739455851117
19,34,33.30612735422545,35.300000000000004,60.00000000000001,0.0018452401020419631
19,40,79.20726150620465,114.80309647626297,61.840833723700825,0.0018452401020419631
19,41,79.03248797179796,114.5003798348522,60.64470598499278,0.0018452401020419631
19,42,78.8590635932869,114.2,60.00000000000001,0.0018452401020419631
19,43,78.68585851253002,113.9,60.00000000000001,0.0018452401020419631
19,44,26.73746952089116,23.922750895129724,15.000000000000005,0.015327393996606094
19,46,24.20000000000001,19.5277247622888,29.999999999999964,0.002410713282312352
19,46,34.7006288962387,37.7153475220001,15.000000000000002,0.015327393996606094
19,47,24.500000000000004,20.047340004559423,29.99999999999998,0.002410713282312352
19,47,34.290821275103355,37.005539900864754,15.000000000000005,0.015327393996606094
19,52,80.93752456236956,117.8,60.00000000000001,0.0018452401020419631
19,53,92.0,136.96076951545868,29.999999999999993,0.002410713282312352
19,54,91.7,136.44115427318803,29.999999999999993,0.002410713282312352
19,55,91.4,135.92153903091736,29.999999999999993,0.002410713282312352
19,60,85.26765158129174,125.3,60.00000000000001,0.0018452401020419631
19,61,85.44085666204863,125.6,60.00000000000001,0.0018452401020419631
19,62,94.44752086140679,141.2,60.00000000000001,0.0018452401020419631
19,63,94.62072594216369,141.5,60.00000000000001,0.0018452401020419631
19,67,69.97991483341524,98.82086321994007,49.999999999999986,0.004404773945585112
19,68,66.04997222869706,92.01400295773861,39.99999999999999,0.005178573435375297
19,69,66.27978556163275,92.41205132663998,39.99999999999999,0.005178573435375297
19,71,44.336660085360464,54.40544312487734,19.999999999999993,0.006815487227897463
19,74,58.363466520526785,78.70058453851952,59.999999999999986,0.0018749929761864628
19,81,74.8617757675012,107.27649439326262,15.000000000000005,0.015327393996606094
19,82,23.0,17.44926379320611,29.999999999999986,0.002410713282312352
19,82,74.45196814636584,106.56668677212726,15.000000000000005,0.015327393996606094
19,83,23.299999999999997,17.96887903547677,29.999999999999993,0.002410713282312352
19,83,74.04216052523051,105.85687915099194,15.000000000000005,0.015327393996606094
19,84,23.599999999999998,18.488494277747435,29.999999999999993,0.002410713282312352
19,84,73.6323529040952,105.14707152985662,15.000000000000005,0.015327393996606094
19,91,87.15600440156113,128.57072302732257,15.000000000000002,0.015327393996606094
19,93,83.36239569296599,122.0,60.00000000000001,0.0018452401020419631
19,94,83.1891906122091,121.7,60.00000000000001,0.0018452401020419631
19,95,83.01598553145222,121.4,60.00000000000001,0.0018452401020419631
19,96,82.84278045069533,121.1,60.00000000000001,0.0018452401020419631
19,97,84.4116917456428,123.81743407541771,78.33930198903163,0.0019047739455851117
19,98,92.54226497308103,137.9,60.00000000000001,0.0018452401020419631
19,99,84.84631767988549,124.57022827581314,76.18910658732433,0.0017857062584988146
19,100,84.62846327848538,124.19289338393565,77.2664839389408,0.0017857062584988146
19,105,27.147277142026503,24.632558516265064,15.000000000000002,0.015327393996606094
19,111,78.52268018342949,113.61736684330367,39.99999999999999,0.005178573435375297
19,112,78.75249351636518,114.01541521220503,39.99999999999999,0.005178573435375297
19,113,59.453432603612484,80.58846117295079,19.999999999999993,0.006815487227897463
19,114,59.88534038984828,81.33654740289577,19.999999999999993,0.006815487227897463
19,116,21.5,12.941905852745414,20.0,0.0050297528741445
19,116,23.380275449509497,18.10792019262766,9.999999999999991,0.0073512075340233535
19,117,21.5,12.11766262690904,20.0,0.0050297528741445
19,117,24.19199656868095,19.513862412609285,9.999999999999991,0.0073512075340233535
19,122,47.3,59.53809841712983,29.999999999999993,0.002410713282312352
19,123,47.6,60.057713659400505,29.999999999999993,0.002410713282312352
19,124,47.9,60.577328901671166,29.999999999999993,0.002410713282312352
19,130,81.49999999999999,118.77423603598544,29.99999999999997,0.002410713282312352
19,131,84.14808727767581,123.36085774379674,49.999999999999986,0.004404773945585112
19,132,80.6,117.21539030917347,30.000000000000004,0.0026488205612307967
19,133,80.9,117.73500555144415,30.000000000000004,0.0026488205612307967
19,135,64.9477047713221,90.10481971803542,9.999999999999991,0.0073512075340233535
19,143,90.2,133.84307806183472,29.999999999999993,0.002410713282312352
19,144,90.5,134.36269330410536,29.999999999999993,0.002410713282312352
19,145,90.8,134.882308546376,29.999999999999993,0.002410713282312352
19,146,66.02655568524975,91.97344431475025,75.0,0.0019047739455851117
19,147,44.44751893274188,54.59745628101048,39.99999999999999,0.005178573435375297
19,150,29.900000000000002,29.400414365431374,29.999999999999993,0.002410713282312352
19,151,87.17290746961751,128.6,60.00000000000001,0.0018452401020419631
19,151,96.8,145.2746133917893,29.999999999999993,0.002410713282312352
19,152,86.99970238886064,128.3,60.00000000000001,0.0018452401020419631
19,152,97.1,145.79422863405995,29.999999999999993,0.002410713282312352
19,153,86.82649730810374,128.0,60.00000000000001,0.0018452401020419631
19,153,97.4,146.31384387633062,29.999999999999993,0.002410713282312352
19,154,86.65329222734685,127.7,60.00000000000001,0.0018452401020419631
19,154,97.7,146.8334591186013,29.999999999999993,0.002410713282312352
19,155,87.3461125503744,128.9,60.00000000000001,0.0018452401020419631
19,155,96.5,144.75499814951863,29.999999999999993,0.002410713282312352
19,156,51.341918920812674,66.53890734805137,39.99999999999999,0.005178573435375297
19,157,51.571732253748365,66.93695571695272,39.99999999999999,0.005178573435375297
19,162,29.599999999999998,28.880799123160703,29.999999999999993,0.002410713282312352
19,163,32.204624310945135,33.39214076434678,39.99999999999999,0.005178573435375297
19,165,25.310224322874348,21.45068969730589,39.99999999999999,0.005178573435375297
19,166,25.540037655810032,21.848738066207247,39.99999999999999,0.005178573435375297
19,177,22.5674123472984,16.699999999999996,60.00000000000001,0.0018452401020419631
19,179,81.40322569615981,118.60661802486716,44.95494531854249,0.006309519795916074
19,180,58.120406963505886,78.27959303649412,75.0,0.0019047739455851117
19,181,58.23021458464122,78.46978541535879,75.0,0.0019047739455851117
19,185,26.897539366220606,24.199999999999996,60.00000000000001,0.0018452401020419631
19,186,27.070744446977493,24.5,60.00000000000001,0.0018452401020419631
19,190,69.9884665205268,98.83567517650772,59.999999999999986,0.0018749929761864628
19,199,61.79181517406984,84.63865859251644,49.999999999999986,0.004404773945585112
19,200,61.9758174136057,84.95735982009899,49.999999999999986,0.004404773945585112
19,201,21.5,11.3,90.0,0.0016666666666666668
19,207,78.74696379723702,114.00583745772349,9.999999999999991,0.0073512075340233535
19,210,59.959918905901176,81.4657211818525,39.99999999999999,0.005178573435375297
19,211,54.26670427277172,71.60478417887765,39.99999999999999,0.005178573435375297
19,212,54.496517605707396,72.00283254777901,39.99999999999999,0.005178573435375297
19,213,54.7263309386431,72.40088091668039,39.99999999999999,0.005178573435375297
19,214,54.95614427157879,72.79892928558175,39.99999999999999,0.005178573435375297
19,215,55.185957604514485,73.1969776544831,39.99999999999999,0.005178573435375297
19,216,45.469159933543054,56.366990401493624,49.999999999999986,0.004404773945585112
19,217,45.65316217307891,56.68569162907619,49.999999999999986,0.004404773945585112
19,218,45.837164412614754,57.00439285665875,49.999999999999986,0.004404773945585112
19,219,46.02116665215061,57.32309408424128,49.999999999999986,0.004404773945585112
19,222,61.161104260842514,83.54623524591855,39.99999999999999,0.005178573435375297
19,223,61.3909175937782,83.94428361481991,39.99999999999999,0.005178573435375297
19,224,61.620730926713904,84.34233198372128,39.99999999999999,0.005178573435375297
19,225,91.1,135.40192378864668,29.999999999999993,0.002410713282312352
19,226,51.173229359154455,66.2467284565528,49.99999999999999,0.004404773945585112
19,227,51.357231598690305,66.56542968413535,49.99999999999999,0.004404773945585112
19,228,51.54123383822615,66.8841309117179,49.99999999999999,0.004404773945585112
19,229,21.5,6.8,90.0,0.0016666666666666668
19,246,30.8,30.959260092243362,29.999999999999993,0.002410713282312352
19,246,73.22254528295986,104.43726390872129,15.000000000000002,0.015327393996606094
19,247,31.099999999999998,31.478875334514015,29.999999999999993,0.002410713282312352
19,247,72.81273766182454,103.72745628758597,15.000000000000002,0.015327393996606094
19,248,30.199999999999996,29.920029607702016,29.999999999999996,0.002410713282312352
19,255,37.20839894526753,42.05893266061753,39.99999999999999,0.005178573435375297
22,36,136.7,115.52122461732037,78.46304096718464,0.0019047739455851117
22,37,136.7,115.16788402001444,81.37307344132157,0.00199406066327276
22,38,136.7,128.93007537736028,84.26082952273327,0.0018452401020419631
22,39,136.7,128.60750469336853,87.13401601740131,0.0018749929761864628
22,40,136.7,114.8,90.0,0.0016666666666666668
22,41,136.7,114.5,90.0,0.0016666666666666668
22,42,136.7,114.2,90.0,0.0016666666666666668
22,43,136.7,113.9,90.0,0.0016666666666666668
22,44,136.7,133.88528137423856,45.0,0.005714293741501186
22,45,136.7,127.64999999999998,45.0,0.005714293741501186
22,46,136.7,139.7147186257614,45.0,0.005714293741501186
22,47,136.7,139.4147186257614,45.0,0.005714293741501186
23,36,137.0,115.59052498068888,75.52248781407006,0.0019047739455851117
23,37,137.0,115.22122461732036,78.46304096718464,0.0019047739455851117
23,38,137.0,128.96788402001445,81.37307344132131,0.00199406066327276
23,39,137.0,128.63007537736027,84.26082952273327,0.0018452401020419631
23,40,137.0,114.80750469336854,87.13401601740104,0.0018749929761864628
23,41,137.0,114.5,90.0,0.0016666666666666668
23,42,137.0,114.2,90.0,0.0016666666666666668
23,43,137.0,113.9,90.0,0.0016666666666666668
23,44,137.0,134.18528137423857,45.0,0.005714293741501186
23,45,137.0,127.94999999999999,45.0,0.005714293741501186
23,46,137.0,140.01471862576142,45.0,0.005714293741501186
23,47,137.0,139.7147186257614,45.0,0.005714293741501186
24,30,132.8396580784731,12.970540677695402,48.07625557826883,0.005327393996606093
24,30,137.6,4.725386608210735,29.999999999999993,0.002410713282312352
24,31,127.25288568297006,22.64711431702994,15.000000000000002,0.015327393996606094
24,31,139.1,1.8734993995195541,18.194872338767127,0.009345240102041963
24,32,120.4673539701524,34.4,60.00000000000001,0.0018452401020419631
24,32,137.9,4.205771365940052,29.999999999999993,0.002410713282312352
24,33,120.2941488893955,34.7,60.00000000000001,0.0018452401020419631
24,33,138.2,3.6861561236694187,29.999999999999993,0.002410713282312352
24,34,119.94773872788173,35.3,60.00000000000001,0.0018452401020419631
24,34,138.8,2.615339366124392,25.841932763167005,0.0040178461054358695
24,35,120.12094380863861,35.0,60.00000000000001,0.0018452401020419631
24,35,138.5,3.1665408813987357,29.999999999999993,0.002410713282312352
24,43,74.56800756957716,113.9,60.00000000000001,0.0018452401020419631
24,44,89.99477450210307,87.18005587634164,75.0,0.0019047739455851117
24,45,92.27704588481834,83.22704588481832,75.0,0.0019047739455851117
24,46,87.86105237827837,90.87577100403979,75.0,0.0019047739455851117
24,47,87.9708599994137,90.68557862517511,75.0,0.0019047739455851117
24,52,72.31634151973762,117.8,60.00000000000001,0.0018452401020419631
24,56,125.17353999366075,26.248646697412983,34.99999999999999,0.004583347380960408
24,57,125.43406186179116,25.797409585328353,34.99999999999999,0.004583347380960408
24,58,125.69458372992158,25.346172473243705,34.99999999999999,0.004583347380960408
24,59,108.65,54.86825748732972,59.99999999999999,0.0018749929761864628
24,60,63.5,133.07035144906456,29.999999999999993,0.002410713282312352
24,60,67.85317757542934,125.53042671405144,44.06954380058526,0.006309519795916074
24,61,63.8,132.5507362067939,29.999999999999993,0.002410713282312352
24,61,67.56331495702743,126.03248349633851,38.11277852245806,0.004761920816335705
24,72,104.30000000000001,62.40267850025435,30.000000000000004,0.0026488205612307967
24,73,104.6,61.88306325798369,30.000000000000004,0.0026488205612307967
24,77,104.66674556580796,61.76745654682436,39.99999999999999,0.005178573435375297
24,78,90.2384665205268,86.75796891903272,59.999999999999986,0.0018749929761864628
24,79,90.3884665205268,86.4981612978974,59.999999999999986,0.0018749929761864628
24,80,90.53846652052681,86.23835367676207,59.999999999999986,0.0018749929761864628
24,81,77.09990550701588,109.5146241327773,75.0,0.0019047739455851117
24,82,77.20971312815121,109.32443175391262,75.0,0.0019047739455851117
24,83,77.31952074928654,109.13423937504794,75.0,0.0019047739455851117
24,84,77.42932837042187,108.94404699618329,75.0,0.0019047739455851117
24,85,131.3,15.637306695894637,29.999999999999993,0.002410713282312352
24,86,122.0,31.74537920628522,29.999999999999993,0.002410713282312352
24,87,122.3,31.22576396401456,29.999999999999993,0.002410713282312352
24,88,122.6,30.706148721743904,29.999999999999993,0.002410713282312352
24,89,87.6134665205268,91.30460228890104,59.99999999999999,0.0018749929761864628
24,90,86.63716441261477,92.99560714334126,49.99999999999999,0.004404773945585112
24,91,73.80567687295593,115.22039549871735,75.0,0.0019047739455851117
24,92,84.95000000000002,95.91786162671212,59.999999999999986,0.0018749929761864628
24,95,70.23788055065498,121.4,60.00000000000001,0.0018452401020419631
24,96,70.41108563141185,121.1,60.00000000000001,0.0018452401020419631
24,101,105.99585660548311,59.46536869720633,49.99999999999999,0.004404773945585112
24,102,119.78230684930087,35.58653641889362,39.99999999999999,0.005178573435375297
24,103,120.01212018223657,35.188488049992245,39.99999999999999,0.005178573435375297
24,104,120.24193351517226,34.79043968109089,39.99999999999999,0.005178573435375297
24,105,89.88496688096774,87.37024825520629,75.0,0.0019047739455851117
24,106,91.78291158970933,84.08291158970934,75.0,0.0019047739455851117
24,107,62.3,137.9,90.0,0.0016666666666666668
24,108,62.3,137.6,90.0,0.0016666666666666668
24,109,62.3,137.3,90.0,0.0016666666666666668
24,110,62.3,137.0,90.0,0.0016666666666666668
24,111,80.18977224218679,104.16281795884431,19.999999999999993,0.006815487227897463
24,112,80.62168002842256,103.41473172889935,19.999999999999993,0.006815487227897463
24,113,67.48910432048851,126.16102008928596,39.99999999999999,0.005178573435375297
24,114,67.7189176534242,125.76297172038457,39.99999999999999,0.005178573435375297
24,115,62.715459172147035,134.56267445646387,51.4469040746796,0.002321426564624704
24,116,64.55689566831256,131.23975445324774,49.99999999999999,0.004404773945585112
24,117,64.74089790784842,130.92105322566516,49.99999999999999,0.004404773945585112
24,126,62.37673288941798,135.8,80.82688764783052,0.0018749929761864628
24,127,62.43304263526125,135.5,77.91175642496722,0.0017857062584988146
24,128,62.50540905878406,135.2,74.96447308927355,0.0017857062584988146
24,129,62.59444309182868,134.9,71.97584431253053,0.002708326309519796
24,130,90.15535126299642,86.90192876795953,9.999999999999991,0.0073512075340233535
24,131,109.80631036717942,52.86546918205636,9.999999999999996,0.0073512075340233535
24,132,80.6,103.45228263963676,29.999999999999986,0.002410713282312352
24,133,80.9,102.93266739736609,29.999999999999986,0.002410713282312352
24,134,67.17693304105359,126.70171660593101,59.999999999999986,0.0018749929761864628
24,135,73.97946692624492,114.9193822965707,49.99999999999999,0.004404773945585112
24,136,63.13647223962258,133.7,60.00000000000001,0.0018452401020419631
24,137,63.829292562650124,132.5,60.00000000000001,0.0018452401020419631
24,138,64.00249764340701,132.2,60.00000000000001,0.0018452401020419631
24,139,64.1757027241639,131.9,60.00000000000001,0.0018452401020419631
24,140,64.3489078049208,131.6,60.00000000000001,0.0018452401020419631
24,141,64.52211288567767,131.3,60.00000000000001,0.0018452401020419631
24,142,64.69531796643456,131.0,60.00000000000001,0.0018452401020419631
24,143,80.23554307046388,104.08354055876387,49.99999999999999,0.004404773945585112
24,144,80.41954530999973,103.76483933118132,49.99999999999999,0.004404773945585112
24,145,85.31030690894684,95.2937917540981,39.99999999999999,0.005178573435375297
24,146,116.1880799123161,41.8119200876839,15.000000000000005,0.015327393996606094
24,146,131.0,16.15692193816532,29.999999999999993,0.002410713282312352
24,151,66.08095861248967,128.6,60.00000000000001,0.0018452401020419631
24,152,66.25416369324654,128.3,60.00000000000001,0.0018452401020419631
24,153,66.42736877400344,128.0,60.00000000000001,0.0018452401020419631
24,154,66.60057385476031,127.69999999999999,60.00000000000001,0.0018452401020419631
24,155,65.90775353173277,128.9,60.00000000000001,0.0018452401020419631
24,178,120.47174684810795,34.392391312189524,39.99999999999999,0.005178573435375297
24,179,97.63049357960742,73.95460248178112,10.0,0.005952372925165482
24,198,122.56098963786643,30.7737166509809,54.63510753530814,0.002261892721081555
24,198,128.0,21.35307436087195,29.999999999999993,0.002410713282312352
24,206,90.57693304105359,86.17172770881926,59.999999999999986,0.0018749929761864628
24,207,77.10750499835439,109.5014614276673,49.99999999999999,0.004404773945585112
24,225,87.20093226269529,92.01913258332794,39.99999999999999,0.005178573435375297
24,241,76.7769330410536,110.07402885326977,59.999999999999986,0.0018749929761864628
24,242,76.92693304105359,109.81422123213444,59.999999999999986,0.0018749929761864628
24,243,77.07693304105359,109.55441361099912,59.999999999999986,0.0018749929761864628
24,244,77.22693304105358,109.29460598986378,59.999999999999986,0.0018749929761864628
24,246,77.5391359915572,108.75385461731861,75.0,0.0019047739455851117
24,247,77.64894361269253,108.56366223845396,75.0,0.0019047739455851117
25,30,133.1885284645769,12.885894685978037,44.64761983420066,0.006309519795916074
25,30,137.6,5.245001850481369,29.999999999999993,0.002410713282312352
25,31,127.96269330410534,21.937306695894648,15.000000000000002,0.015327393996606094
25,31,139.1,2.615339366124392,25.841932763167005,0.0040178461054358695
25,32,120.76735397015239,34.4,60.00000000000001,0.0018452401020419631
25,32,137.9,4.725386608210686,29.999999999999993,0.002410713282312352
25,33,120.59414888939548,34.7,60.00000000000001,0.0018452401020419631
25,33,138.2,4.205771365940052,29.999999999999993,0.002410713282312352
25,34,120.24773872788171,35.3,60.00000000000001,0.0018452401020419631
25,34,138.8,3.166540881398687,29.999999999999993,0.002410713282312352
25,35,120.4209438086386,35.0,60.00000000000001,0.0018452401020419631
25,35,138.5,3.6861561236693694,29.999999999999993,0.002410713282312352
25,43,74.86800756957714,113.9,60.00000000000001,0.0018452401020419631
25,44,90.18496688096772,87.37024825520629,75.0,0.0019047739455851117
25,45,92.46723826368299,83.41723826368298,75.0,0.0019047739455851117
25,46,88.05124475714302,91.06596338290444,75.0,0.0019047739455851117
25,47,88.16105237827836,90.87577100403976,75.0,0.0019047739455851117
25,52,72.6163415197376,117.8,60.00000000000001,0.0018452401020419631
25,56,125.21301812553033,26.699883809497607,34.99999999999999,0.004583347380960408
25,57,125.47353999366075,26.24864669741296,34.99999999999999,0.004583347380960408
25,58,125.73406186179116,25.797409585328325,34.99999999999999,0.004583347380960408
25,59,108.8,55.12806510846504,59.99999999999999,0.0018749929761864628
25,60,63.5,133.5899666913352,29.999999999999993,0.002410713282312352
25,60,68.2045029359779,125.44152858186453,47.53071704396839,0.005476186462582741
25,61,63.8,133.07035144906453,29.999999999999993,0.002410713282312352
25,61,67.9429016103837,125.89463536912105,41.96991116967666,0.005982153894564131
25,72,104.30000000000001,62.922293742524985,30.000000000000004,0.0026488205612307967
25,73,104.6,62.402678500254325,30.000000000000004,0.0026488205612307967
25,77,104.73693223287228,62.165504915725705,39.99999999999999,0.005178573435375297
25,78,90.38846652052679,87.01777654016803,59.999999999999986,0.0018749929761864628
25,79,90.53846652052678,86.75796891903272,59.999999999999986,0.0018749929761864628
25,80,90.68846652052679,86.49816129789738,59.999999999999986,0.0018749929761864628
25,81,77.29009788588053,109.70481651164195,75.0,0.0019047739455851117
25,82,77.39990550701586,109.51462413277727,75.0,0.0019047739455851117
25,83,77.50971312815119,109.32443175391262,75.0,0.0019047739455851117
25,84,77.61952074928652,109.13423937504794,75.0,0.0019047739455851117
25,85,131.3,16.15692193816527,29.999999999999993,0.002410713282312352
25,86,122.0,32.26499444855585,29.999999999999993,0.002410713282312352
25,87,122.3,31.745379206285193,29.999999999999993,0.002410713282312352
25,88,122.6,31.225763964014536,29.999999999999993,0.002410713282312352
25,89,87.7634665205268,91.56440991003635,59.99999999999999,0.0018749929761864628
25,90,86.7531621730789,93.31430837092381,49.99999999999999,0.004404773945585112
25,91,73.99586925182058,115.410587877582,75.0,0.0019047739455851117
25,92,85.1,96.17766924784746,59.999999999999986,0.0018749929761864628
25,95,70.53788055065493,121.4,60.00000000000001,0.0018452401020419631
25,96,70.71108563141183,121.1,60.00000000000001,0.0018452401020419631
25,101,106.11185436594725,59.78406992478887,49.99999999999999,0.004404773945585112
25,102,119.85249351636517,35.984584787794965,39.99999999999999,0.005178573435375297
25,103,120.08230684930086,35.58653641889359,39.99999999999999,0.005178573435375297
25,104,120.31212018223655,35.18848804999222,39.99999999999999,0.005178573435375297
25,105,90.07515925983239,87.56044063407097,75.0,0.0019047739455851117
25,106,91.97310396857398,84.27310396857399,75.0,0.0019047739455851117
25,107,62.599999999999994,137.9,89.99999999999997,0.0017559533843543149
25,108,62.599999999999994,137.6,89.99999999999997,0.0017559533843543149
25,109,62.599999999999994,137.3,89.99999999999997,0.0017559533843543149
25,110,62.599999999999994,137.0,89.99999999999997,0.0017559533843543149
25,111,80.05786445595102,104.91090418878923,19.999999999999993,0.006815487227897463
25,112,80.48977224218677,104.1628179588443,19.999999999999993,0.006815487227897463
25,113,67.5592909875528,126.55906845818731,39.99999999999999,0.005178573435375297
25,114,67.7891043204885,126.16102008928593,39.99999999999999,0.005178573435375297
25,115,62.90014654680079,134.88256237288067,48.199353532796344,0.005327393996606093
25,116,64.67289342877672,131.55845568083026,49.99999999999999,0.004404773945585112
25,117,64.85689566831256,131.2397544532477,49.99999999999999,0.004404773945585112
25,126,62.67673288941798,135.8,80.82688764783079,0.0018749929761864628
25,127,62.73304263526124,135.5,77.9117564249675,0.0017857062584988146
25,128,62.80540905878405,135.2,74.96447308927382,0.0017857062584988146
25,129,62.89444309182866,134.9,71.97584431253084,0.002708326309519796
25,130,89.64363014382496,88.30787098794112,9.999999999999991,0.0073512075340233535
25,131,109.29458924800798,54.27141140203794,9.999999999999996,0.0073512075340233535
25,132,80.6,103.97189788190738,29.999999999999986,0.002410713282312352
25,133,80.9,103.4522826396367,29.999999999999986,0.002410713282312352
25,134,67.32693304105358,126.96152422706632,59.999999999999986,0.0018749929761864628
25,135,74.09546468670906,115.23808352415324,49.99999999999999,0.004404773945585112
25,136,63.43647223962256,133.7,60.00000000000001,0.0018452401020419631
25,137,64.12929256265011,132.5,60.00000000000001,0.0018452401020419631
25,138,64.30249764340701,132.2,60.00000000000001,0.0018452401020419631
25,139,64.47570272416388,131.9,60.00000000000001,0.0018452401020419631
25,140,64.64890780492078,131.6,60.00000000000001,0.0018452401020419631
25,141,64.82211288567765,131.3,60.00000000000001,0.0018452401020419631
25,142,64.99531796643454,131.0,60.00000000000001,0.0018452401020419631
25,143,80.35154083092803,104.40224178634641,49.99999999999999,0.004404773945585112
25,144,80.53554307046389,104.08354055876384,49.99999999999999,0.004404773945585112
25,145,85.38049357601116,95.69184012299944,39.99999999999999,0.005178573435375297
25,146,116.89788753345138,41.102112466548604,15.000000000000005,0.015327393996606094
25,146,131.0,16.676537180435954,29.999999999999993,0.002410713282312352
25,151,66.38095861248965,128.6,60.00000000000001,0.0018452401020419631
25,152,66.55416369324652,128.3,60.00000000000001,0.0018452401020419631
25,153,66.72736877400342,128.0,60.00000000000001,0.0018452401020419631
25,154,66.90057385476031,127.69999999999999,60.00000000000001,0.0018452401020419631
25,155,66.20775353173275,128.9,60.00000000000001,0.0018452401020419631
25,178,120.54193351517225,34.790439681090874,39.99999999999999,0.005178573435375297
25,179,97.11877246043599,75.3605447017627,10.0,0.005952372925165482
25,198,122.88358320197887,30.734583450014057,51.53160322379411,0.002321426564624704
25,198,128.0,21.872689603142586,29.999999999999993,0.002410713282312352
25,206,90.72693304105358,86.43153532995458,59.999999999999986,0.0018749929761864628
25,207,77.22350275881854,109.82016265524983,49.99999999999999,0.004404773945585112
25,225,87.27111892975958,92.4171809522293,39.99999999999999,0.005178573435375297
25,241,76.92693304105359,110.3338364744051,59.999999999999986,0.0018749929761864628
25,242,77.07693304105359,110.07402885326977,59.999999999999986,0.0018749929761864628
25,243,77.22693304105357,109.81422123213443,59.999999999999986,0.0018749929761864628
25,244,77.37693304105358,109.55441361099912,59.999999999999986,0.0018749929761864628
25,246,77.72932837042185,108.94404699618329,75.0,0.0019047739455851117
25,247,77.83913599155719,108.75385461731861,75.0,0.0019047739455851117
26,31,137.7907868703121,12.055910753587474,8.574522650127541,0.010625007023813537
26,31,138.68536085829177,10.506463155277174,8.574522650127632,0.010625007023813537
26,32,124.89042092909881,34.4,60.00000000000001,0.0018452401020419631
26,32,137.9,11.8667480641144,29.999999999999993,0.002410713282312352
26,33,124.71721584834191,34.7,60.00000000000001,0.0018452401020419631
26,33,138.2,11.347132821843767,29.999999999999993,0.002410713282312352
26,34,124.37080568682813,35.3,60.00000000000001,0.0018452401020419631
26,34,138.8,10.307902337302401,29.999999999999993,0.002410713282312352
26,35,124.54401076758504,35.0,60.00000000000001,0.0018452401020419631
26,35,138.5,10.827517579573083,29.999999999999993,0.002410713282312352
26,40,73.4,123.58402515230702,29.999999999999993,0.002410713282312352
26,40,78.42546006445292,114.87967298926621,50.65241738569371,0.0038393007653147234
26,41,73.1,124.1036403945777,29.999999999999993,0.002410713282312352
26,41,78.63421008753753,114.51810734320249,55.54755407943366,0.0021726340986480564
26,42,72.8,124.62325563684837,29.999999999999993,0.002410713282312352
26,42,78.81786944776667,114.2,60.00000000000001,0.0018452401020419631
26,43,78.99107452852357,113.9,60.00000000000001,0.0018452401020419631
26,44,92.7988865914355,89.98416796567409,75.0,0.0019047739455851117
26,45,95.08115797415078,86.03115797415077,75.0,0.0019047739455851117
26,46,90.66516446761082,93.67988309337223,75.0,0.0019047739455851117
26,47,90.77497208874615,93.48969071450756,75.0,0.0019047739455851117
26,52,76.73940847868403,117.8,60.00000000000001,0.0018452401020419631
26,56,125.75558806257169,32.901486567786236,34.99999999999999,0.004583347380960408
26,57,126.0161099307021,32.4502494557016,34.99999999999999,0.004583347380960408
26,58,126.27663179883251,31.999012343616968,34.99999999999999,0.004583347380960408
26,59,110.86153347947321,58.6987458364169,59.99999999999999,0.0018749929761864628
26,60,63.5,140.76291442024257,25.841932763167094,0.0040178461054358695
26,60,72.40928145976184,125.29999999999998,60.00000000000001,0.0018452401020419631
26,61,63.8,140.21171290496827,29.999999999999993,0.002410713282312352
26,61,72.23607637900494,125.6,60.00000000000001,0.0018452401020419631
26,72,104.30000000000001,70.0636551984287,30.000000000000004,0.0026488205612307967
26,73,104.6,69.54403995615803,30.000000000000004,0.0026488205612307967
26,77,105.70154665931032,67.63610517532479,39.99999999999999,0.005178573435375297
26,78,92.44999999999999,90.5884572681199,59.999999999999986,0.0018749929761864628
26,79,92.6,90.32864964698457,59.999999999999986,0.0018749929761864628
26,80,92.75,90.06884202584925,59.999999999999986,0.0018749929761864628
26,81,79.90401759634833,112.31873622210975,75.0,0.0019047739455851117
26,82,80.01382521748366,112.12854384324507,75.0,0.0019047739455851117
26,83,80.12363283861899,111.93835146438039,75.0,0.0019047739455851117
26,84,80.23344045975432,111.74815908551574,75.0,0.0019047739455851117
26,85,130.93773225986035,23.925749525934044,19.999999999999993,0.006815487227897463
26,86,122.0,39.406355904459566,29.999999999999993,0.002410713282312352
26,87,122.3,38.88674066218891,29.999999999999993,0.002410713282312352
26,88,122.6,38.36712541991825,29.999999999999993,0.002410713282312352
26,89,89.82500000000002,95.1350906379882,59.99999999999999,0.0018749929761864628
26,90,88.34738395135062,97.69439670832813,49.99999999999999,0.004404773945585112
26,91,76.60978896228838,118.0245075880498,75.0,0.0019047739455851117
26,92,87.1615334794732,99.7483499757993,59.999999999999986,0.0018749929761864628
26,95,74.66094750960139,121.4,60.00000000000001,0.0018452401020419631
26,96,74.83415259035826,121.1,60.00000000000001,0.0018452401020419631
26,101,107.70607614421895,64.16415826219318,49.99999999999999,0.004404773945585112
26,102,120.81710794280322,41.45518504739407,39.99999999999999,0.005178573435375297
26,103,121.04692127573892,41.05713667849268,39.99999999999999,0.005178573435375297
26,104,121.27673460867462,40.65908830959132,39.99999999999999,0.005178573435375297
26,105,92.68907897030019,90.17436034453875,75.0,0.0019047739455851117
26,106,94.58702367904178,86.88702367904177,75.0,0.0019047739455851117
26,107,65.02144690073,138.09610481415635,74.68913301206703,0.0017857062584988146
26,108,65.21075662186063,137.7682107587914,73.59905626602965,0.0018452401020419631
26,109,65.3989280229837,137.44228833151482,72.50283986805837,0.002232139846937056
26,110,65.5859410076577,137.11837234038438,71.39997043832608,0.002708326309519796
26,111,78.24498233909608,115.19226957921872,19.999999999999993,0.006815487227897463
26,112,78.67689012533185,114.44418334927377,19.999999999999993,0.006815487227897463
26,113,68.52390541399086,132.0296687177864,39.99999999999999,0.005178573435375297
26,114,68.75371874692657,131.631620348885,39.99999999999999,0.005178573435375297
26,115,64.88846652052679,138.32643358907814,59.999999999999986,0.0018749929761864628
26,116,66.26711520704842,135.93854401823458,49.99999999999999,0.004404773945585112
26,117,66.45111744658426,135.61984279065206,49.99999999999999,0.004404773945585112
26,126,66.34710363327076,135.8,60.00000000000001,0.0018452401020419631
26,127,66.52030871402766,135.5,60.00000000000001,0.0018452401020419631
26,128,66.69351379478455,135.2,60.00000000000001,0.0018452401020419631
26,129,66.86671887554142,134.9,60.00000000000001,0.0018452401020419631
26,130,82.61076201498844,107.63051736592155,9.999999999999991,0.0073512075340233535
26,131,102.26172111917145,73.59405778001837,9.999999999999996,0.0073512075340233535
26,132,80.6,111.1132593378111,29.999999999999986,0.002410713282312352
26,133,80.9,110.59364409554041,29.999999999999986,0.002410713282312352
26,134,69.38846652052679,130.5322049550182,59.999999999999986,0.0018749929761864628
26,135,75.68968646498077,119.61817186155756,49.99999999999999,0.004404773945585112
26,136,67.55953919856898,133.7,60.00000000000001,0.0018452401020419631
26,137,68.25235952159653,132.5,60.00000000000001,0.0018452401020419631
26,138,68.42556460235343,132.2,60.00000000000001,0.0018452401020419631
26,139,68.5987696831103,131.9,60.00000000000001,0.0018452401020419631
26,140,68.77197476386719,131.60000000000002,60.00000000000001,0.0018452401020419631
26,141,68.94517984462408,131.3,60.00000000000001,0.0018452401020419631
26,142,69.11838492538097,131.0,60.00000000000001,0.0018452401020419631
26,143,81.94576260919973,108.78233012375071,49.99999999999999,0.004404773945585112
26,144,82.12976484873559,108.46362889616816,49.99999999999999,0.004404773945585112
26,145,86.34510800244921,101.16244038259853,39.99999999999999,0.005178573435375297
26,146,126.65316869982288,31.34683130017712,15.000000000000005,0.015327393996606094
26,146,131.0,23.817898636339667,29.999999999999993,0.002410713282312352
26,151,70.50402557143607,128.6,60.00000000000001,0.0018452401020419631
26,152,70.67723065219295,128.3,60.00000000000001,0.0018452401020419631
26,153,70.85043573294985,128.0,60.00000000000001,0.0018452401020419631
26,154,71.02364081370673,127.7,60.00000000000001,0.0018452401020419631
26,155,70.33082049067917,128.90000000000003,60.00000000000001,0.0018452401020419631
26,178,121.50654794161031,40.26103994068997,39.99999999999999,0.005178573435375297
26,179,90.08590433159947,94.68319107974315,10.0,0.005952372925165482
26,206,92.78846652052678,90.00221605790645,59.999999999999986,0.0018749929761864628
26,207,78.81772453709024,114.20025099265413,49.99999999999999,0.004404773945585112
26,225,88.23573335619763,97.8877812118284,39.99999999999999,0.005178573435375297
26,241,78.9884665205268,113.90451720235694,59.999999999999986,0.0018749929761864628
26,242,79.13846652052679,113.64470958122162,59.999999999999986,0.0018749929761864628
26,243,79.2884665205268,113.3849019600863,59.999999999999986,0.0018749929761864628
26,244,79.43846652052679,113.12509433895096,59.999999999999986,0.0018749929761864628
26,246,80.34324808088965,111.55796670665106,75.0,0.0019047739455851117
26,247,80.45305570202498,111.3677743277864,75.0,0.0019047739455851117
27,32,125.1904209290988,34.4,60.00000000000002,0.0018452401020419631
27,32,137.9,12.38636330638507,29.999999999999986,0.002410713282312352
27,33,125.01721584834192,34.7,60.00000000000002,0.0018452401020419631
27,33,138.2,11.866748064114436,29.999999999999986,0.002410713282312352
27,34,124.67080568682815,35.3,60.00000000000002,0.0018452401020419631
27,34,138.8,10.827517579573069,29.999999999999986,0.002410713282312352
27,35,124.84401076758503,35.0,60.00000000000002,0.0018452401020419631
27,35,138.5,11.347132821843754,29.999999999999986,0.002410713282312352
27,40,73.4,124.10364039457772,29.999999999999986,0.002410713282312352
27,40,78.75114364132318,114.83518772920684,53.791737067116905,0.002321426564624704
27,41,73.1,124.6232556368484,29.999999999999986,0.002410713282312352
27,41,78.9434855651266,114.5020417447538,58.505227685214614,0.00199406066327276
27,42,72.8,125.14287087911907,29.999999999999986,0.002410713282312352
27,42,79.11786944776671,114.2,60.00000000000002,0.0018452401020419631
27,43,79.29107452852358,113.9,60.00000000000002,0.0018452401020419631
27,44,92.9890789703002,90.17436034453877,74.99999999999999,0.0017857062584988146
27,45,95.27135035301546,86.22135035301544,74.99999999999999,0.0017857062584988146
27,46,90.8553568464755,93.87007547223692,74.99999999999999,0.0017857062584988146
27,47,90.96516446761083,93.67988309337224,74.99999999999999,0.0017857062584988146
27,52,77.03940847868404,117.8,60.00000000000002,0.0018452401020419631
27,56,125.79506619444128,33.3527236798709,34.999999999999986,0.004583347380960408
27,57,126.05558806257169,32.901486567786264,34.999999999999986,0.004583347380960408
27,58,126.3161099307021,32.45024945570162,34.999999999999986,0.004583347380960408
27,59,111.01153347947323,58.95855345755224,59.999999999999986,0.0018749929761864628
27,60,63.5,141.50475438684748,18.194872338766743,0.009345240102041963
27,60,72.70928145976185,125.29999999999998,60.00000000000002,0.0018452401020419631
27,61,63.8,140.7629144202426,25.841932763167094,0.0040178461054358695
27,61,72.53607637900498,125.6,60.00000000000002,0.0018452401020419631
27,72,104.30000000000001,70.58327044069938,29.999999999999996,0.002410713282312352
27,73,104.6,70.06365519842872,29.999999999999996,0.002410713282312352
27,77,105.77173332637463,68.03415354422617,39.999999999999986,0.005178573435375297
27,78,92.60000000000001,90.84826488925523,59.999999999999986,0.0018749929761864628
27,79,92.75,90.58845726811991,59.999999999999986,0.0018749929761864628
27,80,92.9,90.32864964698459,59.999999999999986,0.0018749929761864628
27,81,80.094209975213,112.50892860097441,74.99999999999999,0.0017857062584988146
27,82,80.20401759634834,112.31873622210975,74.99999999999999,0.0017857062584988146
27,83,80.31382521748367,112.12854384324507,74.99999999999999,0.0017857062584988146
27,84,80.423632838619,111.93835146438042,74.99999999999999,0.0017857062584988146
27,85,130.80582447362457,24.67383575587902,19.999999999999982,0.006815487227897463
27,86,122.0,39.92597114673025,29.999999999999986,0.002410713282312352
27,87,122.3,39.40635590445959,29.999999999999986,0.002410713282312352
27,88,122.6,38.88674066218893,29.999999999999986,0.002410713282312352
27,89,89.97500000000002,95.39489825912355,59.999999999999986,0.0018749929761864628
27,90,88.46338171181476,98.0130979359107,49.999999999999986,0.004404773945585112
27,91,76.79998134115306,118.21469996691448,74.99999999999999,0.0017857062584988146
27,92,87.31153347947321,100.00815759693465,59.999999999999986,0.0018749929761864628
27,95,74.9609475096014,121.4,60.00000000000002,0.0018452401020419631
27,96,75.1341525903583,121.1,60.00000000000002,0.0018452401020419631
27,101,107.82207390468311,64.48285948977573,49.999999999999986,0.004404773945585112
27,102,120.88729460986752,41.85323341629544,39.999999999999986,0.005178573435375297
27,103,121.11710794280323,41.45518504739405,39.999999999999986,0.005178573435375297
27,104,121.34692127573892,41.0571366784927,39.999999999999986,0.005178573435375297
27,105,92.87927134916485,90.36455272340342,74.99999999999999,0.0017857062584988146
27,106,94.77721605790646,87.07721605790647,74.99999999999999,0.0017857062584988146
27,107,65.27891291071442,138.169775845912,77.2466349574495,0.0017857062584988146
27,108,65.47084600554435,137.83733797401266,76.16916929714162,0.0017857062584988146
27,109,65.66168143860948,137.50680130805944,75.08669122559921,0.0019047739455851117
27,110,65.85140314521632,137.1781936729177,73.99873802650882,0.0018452401020419631
27,111,78.1130745528603,115.94035580916372,19.999999999999986,0.006815487227897463
27,112,78.54498233909607,115.19226957921876,19.99999999999999,0.006815487227897463
27,113,68.59409208105518,132.42771708668778,39.99999999999999,0.005178573435375297
27,114,68.82390541399087,132.02966871778642,39.99999999999999,0.005178573435375297
27,115,65.03846652052681,138.58624121021347,59.999999999999986,0.0018749929761864628
27,116,66.38311296751257,136.25724524581716,49.999999999999986,0.004404773945585112
27,117,66.56711520704842,135.9385440182346,49.999999999999986,0.004404773945585112
27,126,66.64710363327079,135.8,60.00000000000002,0.0018452401020419631
27,127,66.82030871402768,135.5,60.00000000000002,0.0018452401020419631
27,128,66.99351379478458,135.2,60.00000000000002,0.0018452401020419631
27,129,67.16671887554145,134.9,60.00000000000002,0.0018452401020419631
27,130,82.09904089581696,109.03645958590327,9.999999999999988,0.0073512075340233535
27,131,101.74999999999997,75.00000000000009,9.999999999999991,0.0073512075340233535
27,132,80.6,111.63287458008179,29.99999999999998,0.002410713282312352
27,133,80.9,111.11325933781112,29.99999999999998,0.002410713282312352
27,134,69.53846652052681,130.79201257615352,59.999999999999986,0.0018749929761864628
27,135,75.80568422544494,119.93687308914012,49.999999999999986,0.004404773945585112
27,136,67.85953919856901,133.7,60.00000000000002,0.0018452401020419631
27,137,68.55235952159656,132.5,60.00000000000002,0.0018452401020419631
27,138,68.72556460235344,132.2,60.00000000000002,0.0018452401020419631
27,139,68.89876968311033,131.9,60.00000000000002,0.0018452401020419631
27,140,69.07197476386722,131.60000000000002,60.00000000000002,0.0018452401020419631
27,141,69.24517984462409,131.3,60.00000000000002,0.0018452401020419631
27,142,69.41838492538099,131.0,60.00000000000002,0.0018452401020419631
27,143,82.06176036966389,109.10103135133329,49.999999999999986,0.004404773945585112
27,144,82.24576260919974,108.78233012375074,49.999999999999986,0.004404773945585112
27,145,86.41529466951351,101.56048875149992,39.999999999999986,0.005178573435375297
27,146,127.36297632095823,30.637023679041768,15.000000000000012,0.015327393996606094
27,146,131.0,24.337513878610338,29.999999999999986,0.002410713282312352
27,151,70.8040255714361,128.6,60.00000000000002,0.0018452401020419631
27,152,70.97723065219297,128.3,60.00000000000002,0.0018452401020419631
27,153,71.15043573294986,128.0,60.00000000000002,0.0018452401020419631
27,154,71.32364081370676,127.7,60.00000000000002,0.0018452401020419631
27,155,70.63082049067921,128.89999999999998,60.00000000000002,0.0018452401020419631
27,178,121.57673460867461,40.65908830959134,39.999999999999986,0.005178573435375297
27,179,89.57418321242797,96.08913329972486,9.999999999999991,0.0073512075340233535
27,206,92.93846652052679,90.26202367904179,59.999999999999986,0.0018749929761864628
27,207,78.9337222975544,114.51895222023671,49.999999999999986,0.004404773945585112
27,225,88.30592002326193,98.28582958072977,39.99999999999999,0.005178573435375297
27,241,79.1384665205268,114.16432482349231,59.999999999999986,0.0018749929761864628
27,242,79.28846652052681,113.90451720235697,59.999999999999986,0.0018749929761864628
27,243,79.43846652052679,113.64470958122165,59.999999999999986,0.0018749929761864628
27,244,79.5884665205268,113.38490196008631,59.999999999999986,0.0018749929761864628
27,246,80.53344045975433,111.74815908551574,74.99999999999999,0.0017857062584988146
27,247,80.64324808088966,111.55796670665109,74.99999999999999,0.0017857062584988146
28,56,123.41951068860065,6.199999999999994,85.0,0.0018749929761864628
28,57,123.71951068860065,6.199999999999994,85.0,0.0018749929761864628
28,58,124.01951068860065,6.199999999999994,85.0,0.0018749929761864628
28,85,131.3,6.192495306631454,87.13401601740104,0.0018749929761864628
28,86,122.0,6.2,90.0,0.0016666666666666668
28,87,122.3,6.2,90.0,0.0016666666666666668
28,88,122.6,6.2,90.0,0.0016666666666666668
28,102,114.60066760907802,6.200000000000001,80.00000000000001,0.0018749929761864628
28,103,114.90066760907803,6.200000000000001,80.00000000000001,0.0018749929761864628
28,104,115.20066760907801,6.200000000000001,80.00000000000001,0.0018749929761864628
28,130,119.52845118240502,6.2,70.0,0.0033035804591888336
28,131,121.7,6.2,90.0,0.0016666666666666668
28,146,131.0,6.199999999999999,90.0,0.0016666666666666668
28,178,115.50066760907802,6.200000000000001,80.00000000000001,0.0018749929761864628
28,179,113.3,6.2,90.0,0.0016666666666666668
28,180,112.7,6.2,90.0,0.0016666666666666668
28,181,113.0,6.2,90.0,0.0016666666666666668
28,182,109.39788265400766,5.819706635019136,84.6206210088879,0.0018452401020419631
28,183,110.3,6.078775382679627,78.46304096718448,0.0019047739455851117
28,184,110.6,6.1321159799855565,81.37307344132131,0.00199406066327276
28,185,112.1,6.2,90.0,0.0016666666666666668
28,186,112.4,6.2,90.0,0.0016666666666666668
28,187,110.9,6.169924622639721,84.26082952273326,0.0018452401020419631
28,188,111.2,6.192495306631454,87.13401601740117,0.0018749929761864628
28,189,111.5,6.199999999999999,90.0,0.0016666666666666668
28,190,121.1,6.2,90.0,0.0016666666666666668
28,191,119.0,6.2,90.0,0.0016666666666666668
28,192,119.3,6.2,90.0,0.0016666666666666668
28,193,119.6,6.2,90.0,0.0016666666666666668
28,194,120.2,6.2,90.0,0.0016666666666666668
28,195,120.5,6.2,90.0,0.0016666666666666668
28,196,120.8,6.2,90.0,0.0016666666666666668
28,197,119.9,6.2,90.0,0.0016666666666666668
28,198,128.0,6.2,90.0,0.0016666666666666668
28,249,111.8,6.2,90.0,0.0016666666666666668
29,56,123.44575728765844,6.5,85.0,0.0018749929761864628
29,57,123.74575728765844,6.5,85.0,0.0018749929761864628
29,58,124.04575728765843,6.5,85.0,0.0018749929761864628
29,85,131.3,6.499999999999999,90.0,0.0016666666666666668
29,86,122.0,6.5,90.0,0.0016666666666666668
29,87,122.3,6.5,90.0,0.0016666666666666668
29,88,122.6,6.5,90.0,0.0016666666666666668
29,102,114.65356570329055,6.5,80.00000000000001,0.0018749929761864628
29,103,114.95356570329056,6.5,80.00000000000001,0.0018749929761864628
29,104,115.25356570329055,6.5,80.00000000000001,0.0018749929761864628
29,130,119.41926011212516,6.5,70.0,0.0033035804591888336
29,131,121.7,6.5,90.0,0.0016666666666666668
29,146,131.0,6.5,90.0,0.0016666666666666668
29,178,115.55356570329056,6.5,80.00000000000001,0.0018749929761864628
29,179,113.3,6.5,90.0,0.0016666666666666668
29,180,112.7,6.5,90.0,0.0016666666666666668
29,181,113.0,6.5,90.0,0.0016666666666666668
29,182,109.21736086399527,6.162962303987414,79.70304069200479,0.0019047739455851117
29,183,110.3,6.432115979985556,81.37307344132131,0.00199406066327276
29,184,110.6,6.469924622639719,84.26082952273315,0.0018452401020419631
29,185,112.1,6.5,90.0,0.0016666666666666668
29,186,112.4,6.5,90.0,0.0016666666666666668
29,187,110.9,6.4924953066314535,87.13401601740117,0.0018749929761864628
29,188,111.2,6.499999999999999,90.0,0.0016666666666666668
29,189,111.5,6.5,90.0,0.0016666666666666668
29,190,121.1,6.5,90.0,0.0016666666666666668
29,191,119.0,6.5,90.0,0.0016666666666666668
29,192,119.3,6.5,90.0,0.0016666666666666668
29,193,119.6,6.5,90.0,0.0016666666666666668
29,194,120.2,6.5,90.0,0.0016666666666666668
29,195,120.5,6.5,90.0,0.0016666666666666668
29,196,120.8,6.5,90.0,0.0016666666666666668
29,197,119.9,6.5,90.0,0.0016666666666666668
29,198,128.0,6.5,90.0,0.0016666666666666668
29,249,111.8,6.5,90.0,0.0016666666666666668
30,56,124.02318246692954,13.099999999999998,85.0,0.0018749929761864628
30,57,124.32318246692952,13.099999999999998,85.0,0.0018749929761864628
30,58,124.62318246692952,13.099999999999998,85.0,0.0018749929761864628
30,85,131.3,13.1,90.0,0.0016666666666666668
30,86,122.0,13.1,90.0,0.0016666666666666668
30,87,122.3,13.1,90.0,0.0016666666666666668
30,88,122.6,13.1,90.0,0.0016666666666666668
30,102,115.81732377596641,13.100000000000001,80.00000000000001,0.0018749929761864628
30,103,116.11732377596643,13.100000000000001,80.00000000000001,0.0018749929761864628
30,104,116.41732377596642,13.100000000000001,80.00000000000001,0.0018749929761864628
30,130,117.01705656596822,13.1,70.0,0.0033035804591888336
30,131,121.7,13.1,90.0,0.0016666666666666668
30,146,131.0,13.1,90.0,0.0016666666666666668
30,178,116.71732377596642,13.100000000000001,80.00000000000001,0.0018749929761864628
30,179,113.3,13.1,90.0,0.0016666666666666668
30,180,112.7,13.1,90.0,0.0016666666666666668
30,181,113.0,13.1,90.0,0.0016666666666666668
30,182,105.23328342402023,9.071883172887292,82.67484934816001,0.0018749929761864628
30,183,110.3,13.069924622639718,84.26082952273315,0.0018452401020419631
30,184,110.6,13.092495306631452,87.13401601740104,0.0018749929761864628
30,185,112.1,13.1,90.0,0.0016666666666666668
30,186,112.4,13.1,90.0,0.0016666666666666668
30,187,110.9,13.099999999999998,90.0,0.0016666666666666668
30,188,111.2,13.1,90.0,0.0016666666666666668
30,189,111.5,13.1,90.0,0.0016666666666666668
30,190,119.48798166283783,13.1,60.00000000000001,0.0018452401020419631
30,191,119.0,13.1,90.0,0.0016666666666666668
30,192,119.3,13.1,90.0,0.0016666666666666668
30,193,119.6,13.1,90.0,0.0016666666666666668
30,194,120.2,13.1,90.0,0.0016666666666666668
30,195,120.5,13.1,90.0,0.0016666666666666668
30,196,120.8,13.1,90.0,0.0016666666666666668
30,197,119.9,13.1,90.0,0.0016666666666666668
30,198,128.0,13.1,90.0,0.0016666666666666668
30,249,111.8,13.1,90.0,0.0016666666666666668
31,32,115.5,34.4,45.0,0.005714293741501186
31,32,137.9,11.914718625761406,36.86989764584383,0.006011906768708631
31,33,115.19999999999999,34.7,45.0,0.005714293741501186
31,33,138.2,11.475414751617253,31.788330617051717,0.003035720306125889
31,34,114.6,35.3,45.0,0.005714293741501186
31,34,138.8,10.18821802528089,18.194872338766253,0.009345240102041963
31,35,114.89999999999999,35.0,45.0,0.005714293741501186
31,35,138.5,10.930057991885814,25.841932763166998,0.0040178461054358695
31,44,76.3573593128807,73.54264068711927,90.0,0.0016666666666666668
31,45,79.475,70.42499999999998,90.0,0.0016666666666666668
31,46,73.4426406871193,76.4573593128807,90.0,0.0016666666666666668
31,47,73.5926406871193,76.30735931288069,90.0,0.0016666666666666668
31,56,125.05107979365535,24.84892020634465,50.0,0.0038393007653147234
31,57,125.32694473833193,24.573055261668053,50.0,0.0038393007653147234
31,58,125.60280968300853,24.297190316991472,50.0,0.0038393007653147234
31,59,103.6653718043597,46.23462819564031,75.0,0.0019047739455851117
31,67,80.79595047595542,69.10404952404457,25.000000000000004,0.0040178461054358695
31,68,67.79766708027933,82.10233291972068,35.00000000000001,0.005714293741501186
31,69,68.16188928129063,81.73811071870935,35.00000000000001,0.005714293741501186
31,70,39.097510177647585,110.80248982235241,75.0,0.0019047739455851117
31,71,52.00503599466866,97.89496400533133,55.0,0.0021726340986480564
31,72,104.30000000000001,45.59999999999998,45.000000000000014,0.005714293741501186
31,73,104.6,45.29999999999998,45.000000000000014,0.005714293741501186
31,74,40.82923418550409,109.0707658144959,15.000000000000002,0.015327393996606094
31,77,102.18833098826585,47.71166901173416,55.0,0.0021726340986480564
31,78,80.32048279764305,69.57951720235695,75.0,0.0019047739455851117
31,79,80.51067517650773,69.38932482349227,75.0,0.0019047739455851117
31,80,80.70086755537238,69.19913244462762,75.0,0.0019047739455851117
31,81,58.74264068711929,91.15735931288071,90.0,0.0016666666666666668
31,82,58.8926406871193,91.00735931288071,90.0,0.0016666666666666668
31,83,59.04264068711929,90.8573593128807,90.0,0.0016666666666666668
31,84,59.192640687119294,90.7073593128807,90.0,0.0016666666666666668
31,85,131.3,18.59999999999998,45.0,0.005714293741501186
31,86,122.0,27.89999999999999,45.0,0.005714293741501186
31,87,122.3,27.599999999999994,45.0,0.005714293741501186
31,88,122.6,27.299999999999997,45.0,0.005714293741501186
31,89,76.99211616751136,72.90788383248864,75.0,0.0019047739455851117
31,90,78.70308817199447,71.19691182800554,65.0,0.003065473180270389
31,91,54.242640687119284,95.65735931288071,90.0,0.0016666666666666668
31,92,73.61497594374208,76.28502405625792,75.0,0.0019047739455851117
31,101,101.8434032185981,48.056596781401886,65.0,0.003065473180270389
31,102,118.96254785604222,30.93745214395777,55.0,0.0021726340986480564
31,103,119.21757898677369,30.6824210132263,55.0,0.0021726340986480564
31,104,119.47261011750514,30.42738988249485,55.0,0.0021726340986480564
31,105,76.20735931288073,73.69264068711928,90.0,0.0016666666666666668
31,106,78.8,71.1,90.0,0.0016666666666666668
31,111,87.56517615302397,62.33482384697602,35.00000000000001,0.005714293741501186
31,112,87.92939835403529,61.970601645964706,35.00000000000001,0.005714293741501186
31,113,60.93112557026963,88.96887442973036,55.0,0.0021726340986480564
31,114,61.186156701001096,88.71384329899891,55.0,0.0021726340986480564
31,115,45.373858680181655,104.52614131981835,75.0,0.0019047739455851117
31,116,52.309550325204484,97.59044967479552,65.0,0.003065473180270389
31,117,52.52949647392772,97.37050352607227,65.0,0.003065473180270389
31,122,48.749170393208175,101.15082960679183,50.0,0.0038393007653147234
31,123,49.02503533788475,100.87496466211525,50.0,0.0038393007653147234
31,124,49.30090028256136,100.59909971743865,50.0,0.0038393007653147234
31,125,40.47842772481141,109.4215722751886,65.0,0.003065473180270389
31,130,105.69619873181898,44.203801268181024,25.0,0.0040178461054358695
31,131,117.11500540784081,32.78499459215917,25.000000000000007,0.0040178461054358695
31,132,80.6,69.29999999999998,44.99999999999999,0.006309519795916074
31,133,80.90000000000002,68.99999999999997,44.99999999999999,0.006309519795916074
31,134,51.0796300461217,98.8203699538783,75.0,0.0019047739455851117
31,135,63.57277334075263,86.32722665924737,65.0,0.003065473180270389
31,143,71.05094239734312,78.84905760265687,65.0,0.003065473180270389
31,144,71.27088854606637,78.62911145393362,65.0,0.003065473180270389
31,145,80.70787824632376,69.19212175367625,55.0,0.0021726340986480564
31,146,131.0,18.89999999999999,45.0,0.005714293741501186
31,147,34.7,115.19999999999999,45.0,0.005714293741501186
31,148,24.816281734798245,125.08371826520174,65.0,0.003065473180270389
31,149,25.036227883521498,124.8637721164785,65.0,0.003065473180270389
31,150,31.64554382325946,118.25445617674055,50.0,0.0038393007653147234
31,156,44.487446215555025,105.41255378444495,35.00000000000001,0.005714293741501186
31,157,44.851668416566326,105.04833158343367,35.00000000000001,0.005714293741501186
31,158,40.9183200222579,108.98167997774209,65.0,0.003065473180270389
31,159,41.138266170981154,108.76173382901884,65.0,0.003065473180270389
31,160,14.266052308634169,135.63394769136582,50.0,0.0038393007653147234
31,161,14.541917253310759,135.35808274668923,50.0,0.0038393007653147234
31,162,16.400000000000002,133.5,45.0,0.005714293741501186
31,163,16.7,133.2,45.000000000000014,0.005714293741501186
31,178,119.72764124823661,30.17235875176339,55.0,0.0021726340986480564
31,179,110.0398648366943,39.860135163305685,25.000000000000004,0.0040178461054358695
31,190,95.83932482349228,54.060675176507715,15.000000000000002,0.015327393996606094
31,198,119.1,30.799999999999997,45.0,0.005714293741501186
31,198,128.0,21.89999999999999,45.0,0.005714293741501186
31,199,59.806366781554104,90.09363321844589,25.000000000000004,0.0040178461054358695
31,200,60.27804281963054,89.62195718036945,25.000000000000004,0.0040178461054358695
31,206,80.74964114900999,69.15035885099003,75.0,0.0019047739455851117
31,207,67.31185786904788,82.58814213095212,65.0,0.003065473180270389
31,210,58.14577875347942,91.75422124652057,35.00000000000001,0.005714293741501186
31,211,49.122824610568614,100.77717538943139,35.00000000000001,0.005714293741501186
31,212,49.48704681157993,100.41295318842006,35.00000000000001,0.005714293741501186
31,213,49.85126901259125,100.04873098740873,35.00000000000001,0.005714293741501186
31,214,50.215491213602576,99.68450878639742,35.00000000000001,0.005714293741501186
31,215,50.579713414613884,99.3202865853861,35.00000000000001,0.005714293741501186
31,216,17.964455649602268,131.93554435039772,25.000000000000004,0.0040178461054358695
31,217,18.436131687678735,131.46386831232127,25.000000000000004,0.0040178461054358695
31,218,18.907807725755152,130.99219227424487,25.000000000000004,0.0040178461054358695
31,219,19.379483763831598,130.5205162361684,25.000000000000004,0.0040178461054358695
31,222,60.04949064090812,89.85050935909189,35.00000000000001,0.005714293741501186
31,223,60.413712841919434,89.48628715808056,35.00000000000001,0.005714293741501186
31,224,60.777935042930764,89.12206495706923,35.00000000000001,0.005714293741501186
31,225,82.80596505267515,67.09403494732484,55.0,0.0021726340986480564
31,226,32.58641282997173,117.31358717002827,25.0,0.0040178461054358695
31,227,33.05808886804816,116.84191113195183,25.0,0.0040178461054358695
31,228,33.52976490612458,116.37023509387541,25.0,0.0040178461054358695
31,232,14.817782197987338,135.08221780201268,50.0,0.0038393007653147234
31,241,63.25194229346049,86.64805770653952,75.0,0.0019047739455851117
31,242,63.44213467232515,86.45786532767485,75.0,0.0019047739455851117
31,243,63.63232705118982,86.26767294881017,75.0,0.0019047739455851117
31,244,63.822519430054484,86.07748056994552,75.0,0.0019047739455851117
31,245,29.052234228837584,120.84776577116241,55.0,0.0021726340986480564
31,246,59.342640687119285,90.55735931288072,90.0,0.0016666666666666668
31,247,59.492640687119284,90.40735931288071,90.0,0.0016666666666666668
31,248,36.95819928151271,112.94180071848729,55.0,0.0021726340986480564
31,255,24.5,125.4,45.0,0.005714293741501186
32,56,125.88669100003172,34.400000000000006,85.0,0.0018749929761864628
32,57,126.18669100003171,34.400000000000006,85.0,0.0018749929761864628
32,58,126.48669100003171,34.400000000000006,85.0,0.0018749929761864628
32,59,86.0,15.637306695894633,29.999999999999996,0.002410713282312352
32,59,96.83264602984761,34.39999999999999,60.00000000000001,0.0018452401020419631
32,67,93.42719151120781,34.4,70.00000000000001,0.0033035804591888336
32,72,104.3,34.400000000000006,90.0,0.0016666666666666668
32,73,104.6,34.400000000000006,90.0,0.0016666666666666668
32,74,86.30833120659396,30.29865909161385,48.4479593715948,0.005327393996606093
32,75,86.0,19.1,90.0,0.0016666666666666668
32,76,86.0,6.199999999999999,90.0,0.0016666666666666668
32,77,99.84112458323632,34.400000000000006,80.00000000000001,0.0018749929761864628
32,85,129.0908392985841,34.4,80.0,0.0018749929761864628
32,86,122.0,34.4,90.0,0.0016666666666666668
32,87,122.3,34.4,90.0,0.0016666666666666668
32,88,122.6,34.4,90.0,0.0016666666666666668
32,101,96.87280848879217,34.39999999999999,70.00000000000001,0.0033035804591888336
32,102,119.57308846505671,34.4,80.00000000000001,0.0018749929761864628
32,103,119.87308846505672,34.4,80.00000000000001,0.0018749929761864628
32,104,120.17308846505672,34.4,80.00000000000001,0.0018749929761864628
32,111,92.49083929858408,34.4,80.0,0.0018749929761864628
32,112,92.79083929858407,34.4,80.00000000000001,0.0018749929761864628
32,130,109.26449057609811,34.400000000000006,70.0,0.0033035804591888336
32,131,116.5271915112078,34.4,70.00000000000001,0.0033035804591888336
32,146,123.6,34.4,45.0,0.005714293741501186
32,167,86.0,13.7,90.0,0.0016666666666666668
32,168,86.0,14.0,90.0,0.0016666666666666668
32,169,86.0,14.3,90.0,0.0016666666666666668
32,170,86.0,14.6,90.0,0.0016666666666666668
32,171,86.0,14.9,90.0,0.0016666666666666668
32,172,86.0,15.2,90.0,0.0016666666666666668
32,173,86.0,15.5,90.0,0.0016666666666666668
32,174,86.0,15.8,90.0,0.0016666666666666668
32,175,86.0,16.1,90.0,0.0016666666666666668
32,176,86.0,16.4,90.0,0.0016666666666666668
32,177,86.0,16.7,90.0,0.0016666666666666668
32,178,120.47308846505672,34.4,80.00000000000001,0.0018749929761864628
32,179,112.0271915112078,34.4,70.00000000000001,0.0033035804591888336
32,180,102.0,34.4,45.0,0.005714293741501186
32,181,102.30000000000001,34.4,45.0,0.005714293741501186
32,183,86.0,22.4,90.0,0.0016666666666666668
32,184,86.0,22.7,90.0,0.0016666666666666668
32,185,86.0,24.2,90.0,0.0016666666666666668
32,186,86.0,24.5,90.0,0.0016666666666666668
32,187,86.0,23.0,90.0,0.0016666666666666668
32,188,86.0,23.3,90.0,0.0016666666666666668
32,189,86.0,23.6,90.0,0.0016666666666666668
32,190,107.19042092909879,34.4,60.00000000000001,0.0018452401020419631
32,194,86.0,28.1,90.0,0.0016666666666666668
32,195,86.0,28.4,90.0,0.0016666666666666668
32,196,86.00750469336855,28.7,87.13401601740114,0.0018749929761864628
32,197,86.0,27.8,90.0,0.0016666666666666668
32,249,86.0,23.9,90.0,0.0016666666666666668
32,251,86.0,19.4,90.0,0.0016666666666666668
32,252,86.0,19.7,90.0,0.0016666666666666668
32,253,86.0,20.0,90.0,0.0016666666666666668
32,254,86.0,20.3,90.0,0.0016666666666666668
33,56,125.91293759908949,34.7,85.0,0.0018749929761864628
33,57,126.21293759908949,34.7,85.0,0.0018749929761864628
33,58,126.51293759908948,34.7,85.0,0.0018749929761864628
33,59,78.2,1.8734993995195097,18.194872338766675,0.009345240102041963
33,59,97.00585111060451,34.7,60.00000000000001,0.0018452401020419631
33,67,93.31800044092795,34.7,70.00000000000001,0.0033035804591888336
33,72,104.3,34.7,90.0,0.0016666666666666668
33,73,104.6,34.7,90.0,0.0016666666666666668
33,74,83.77588101786748,34.68499148612552,64.05341827768297,0.002946433588438241
33,75,78.2,19.1,90.0,0.0016666666666666668
33,77,99.89402267744886,34.7,80.00000000000001,0.0018749929761864628
33,85,129.03794120437155,34.7,80.0,0.0018749929761864628
33,86,122.0,34.7,90.0,0.0016666666666666668
33,87,122.3,34.7,90.0,0.0016666666666666668
33,88,122.6,34.7,90.0,0.0016666666666666668
33,101,96.98199955907205,34.7,70.00000000000001,0.0033035804591888336
33,102,119.62598655926926,34.7,80.00000000000001,0.0018749929761864628
33,103,119.92598655926928,34.7,80.00000000000001,0.0018749929761864628
33,104,120.22598655926927,34.7,80.00000000000001,0.0018749929761864628
33,111,92.43794120437154,34.7,80.0,0.0018749929761864628
33,112,92.73794120437154,34.7,80.00000000000001,0.0018749929761864628
33,130,109.15529950581825,34.7,70.0,0.0033035804591888336
33,131,116.41800044092795,34.7,70.00000000000001,0.0033035804591888336
33,132,82.41094115789886,34.42706455869845,77.65188922042428,0.0017857062584988146
33,133,82.7036488579701,34.51041592829169,80.55847165519214,0.0018749929761864628
33,146,123.3,34.7,45.0,0.005714293741501186
33,167,78.2,13.7,90.0,0.0016666666666666668
33,168,78.2,14.0,90.0,0.0016666666666666668
33,169,78.2,14.3,90.0,0.0016666666666666668
33,170,78.2,14.6,90.0,0.0016666666666666668
33,171,78.2,14.9,90.0,0.0016666666666666668
33,172,78.2,15.2,90.0,0.0016666666666666668
33,173,78.2,15.5,90.0,0.0016666666666666668
33,174,78.2,15.8,90.0,0.0016666666666666668
33,175,78.2,16.1,90.0,0.0016666666666666668
33,176,78.2,16.4,90.0,0.0016666666666666668
33,177,78.2,16.7,90.0,0.0016666666666666668
33,178,120.52598655926927,34.7,80.00000000000001,0.0018749929761864628
33,179,111.91800044092795,34.7,70.00000000000001,0.0033035804591888336
33,180,101.7,34.7,45.0,0.005714293741501186
33,181,102.0,34.7,45.0,0.005714293741501186
33,183,78.2,22.4,90.0,0.0016666666666666668
33,184,78.2,22.7,90.0,0.0016666666666666668
33,185,78.2,24.2,90.0,0.0016666666666666668
33,186,78.2,24.5,90.0,0.0016666666666666668
33,187,78.2,23.0,90.0,0.0016666666666666668
33,188,78.2,23.3,90.0,0.0016666666666666668
33,189,78.2,23.6,90.0,0.0016666666666666668
33,190,107.0172158483419,34.7,60.00000000000001,0.0018452401020419631
33,194,78.2,28.1,90.0,0.0016666666666666668
33,195,78.2,28.4,90.0,0.0016666666666666668
33,196,78.2,28.7,90.0,0.0016666666666666668
33,197,78.2,27.8,90.0,0.0016666666666666668
33,199,80.44773668593551,33.38193549954778,71.29012031578684,0.002708326309519796
33,200,80.68261253863554,33.56086262371568,74.10998057294938,0.0017857062584988146
33,201,78.2,11.3,90.0,0.0016666666666666668
33,202,78.2,10.692495306631454,87.13401601740117,0.0018749929761864628
33,203,78.2,9.678775382679628,78.4630409671845,0.0019047739455851117
33,204,78.2,10.032115979985559,81.37307344132131,0.00199406066327276
33,205,78.2,10.369924622639719,84.26082952273315,0.0018452401020419631
33,249,78.2,23.9,90.0,0.0016666666666666668
33,250,78.2,11.0,90.0,0.0016666666666666668
33,251,78.2,19.4,90.0,0.0016666666666666668
33,252,78.2,19.7,90.0,0.0016666666666666668
33,253,78.2,20.0,90.0,0.0016666666666666668
33,254,78.2,20.3,90.0,0.0016666666666666668
34,44,5.6,1.8734993995195097,18.194872338766622,0.009345240102041963
34,44,38.11471862576143,35.3,45.0,0.005714293741501186
34,45,44.35000000000001,35.3,45.0,0.005714293741501186
34,46,32.28528137423858,35.3,45.0,0.005714293741501186
34,47,32.58528137423859,35.3,45.0,0.005714293741501186
34,56,125.96543079720504,35.3,85.0,0.0018749929761864628
34,57,126.26543079720504,35.3,85.0,0.0018749929761864628
34,58,126.56543079720504,35.3,85.0,0.0018749929761864628
34,59,97.35226127211828,35.3,60.00000000000001,0.0018452401020419631
34,67,93.09961830036823,35.3,70.00000000000001,0.0033035804591888336
34,68,76.05018113412606,35.3,80.0,0.0018749929761864628
34,69,76.35018113412606,35.3,80.0,0.0018749929761864628
34,71,40.967854984053545,35.3,80.0,0.0018749929761864628
34,72,104.3,35.3,90.0,0.0016666666666666668
34,73,104.6,35.3,90.0,0.0016666666666666668
34,74,83.42080568682815,35.3,60.00000000000001,0.0018452401020419631
34,77,99.99981886587393,35.3,80.00000000000001,0.0018749929761864628
34,78,60.52919431317187,35.3,60.00000000000001,0.0018452401020419631
34,79,60.82919431317187,35.3,60.00000000000001,0.0018452401020419631
34,80,61.129194313171865,35.3,60.00000000000001,0.0018452401020419631
34,82,23.0,35.3,90.0,0.0016666666666666668
34,83,23.300000000000008,35.3,90.0,0.0016666666666666668
34,84,23.599999999999998,35.3,90.0,0.0016666666666666668
34,85,128.93214501594647,35.3,80.0,0.0018749929761864628
34,86,122.0,35.3,90.0,0.0016666666666666668
34,87,122.3,35.3,90.0,0.0016666666666666668
34,88,122.6,35.3,90.0,0.0016666666666666668
34,89,55.27919431317187,35.3,60.00000000000001,0.0018452401020419631
34,90,77.6,35.3,89.99999999999999,0.0017559533843543149
34,92,49.95226127211828,35.3,60.00000000000001,0.0018452401020419631
34,101,97.20038169963178,35.3,70.00000000000001,0.0033035804591888336
34,102,119.73178274769434,35.3,80.00000000000001,0.0018749929761864628
34,103,120.03178274769435,35.3,80.00000000000001,0.0018749929761864628
34,104,120.33178274769435,35.3,80.00000000000001,0.0018749929761864628
34,105,5.6,2.6153393661243953,25.841932763166973,0.0040178461054358695
34,105,37.81471862576142,35.3,45.0,0.005714293741501186
34,106,43.0,35.3,45.0,0.005714293741501186
34,111,92.33214501594645,35.3,80.0,0.0018749929761864628
34,112,92.63214501594646,35.3,80.00000000000001,0.0018749929761864628
34,113,51.46785498405353,35.3,80.0,0.0018749929761864628
34,114,51.76785498405354,35.3,80.00000000000001,0.0018749929761864628
34,116,29.63768076452206,35.3,70.0,0.0033035804591888336
34,117,29.937680764522057,35.3,70.0,0.0033035804591888336
34,122,47.3,35.3,90.0,0.0016666666666666668
34,123,47.599999999999994,35.3,90.0,0.0016666666666666668
34,124,47.900000000000006,35.3,90.0,0.0016666666666666668
34,125,5.6000000000000005,13.593879675189186,19.999999999999996,0.006815487227897463
34,125,13.500381699631763,35.3,70.00000000000001,0.0033035804591888336
34,130,108.93691736525854,35.3,70.0,0.0033035804591888336
34,131,116.19961830036823,35.3,70.00000000000001,0.0033035804591888336
34,132,82.33456920279498,35.3,85.0,0.0018749929761864628
34,133,82.63456920279498,35.3,85.0,0.0018749929761864628
34,134,5.599999999999997,20.047340004559402,29.999999999999993,0.002410713282312352
34,134,14.406127354225454,35.300000000000004,60.00000000000001,0.0018452401020419631
34,135,45.00038169963176,35.3,70.0,0.0033035804591888336
34,143,55.200381699631755,35.3,70.0,0.0033035804591888336
34,144,55.50038169963176,35.3,70.0,0.0033035804591888336
34,145,74.73178274769434,35.3,80.00000000000001,0.0018749929761864628
34,146,122.7,35.3,45.0,0.005714293741501186
34,147,47.0,35.3,90.0,0.0016666666666666668
34,150,29.900000000000002,35.3,90.0,0.0016666666666666668
34,156,56.0,35.3,90.0,0.0016666666666666668
34,157,56.3,35.3,90.0,0.0016666666666666668
34,158,14.321672947121883,35.3,85.12862227691927,0.0018749929761864628
34,159,14.62167294712188,35.3,85.12862227691927,0.0018749929761864628
34,160,13.400000000000002,35.3,90.0,0.0016666666666666668
34,161,13.700000000000003,35.3,90.0,0.0016666666666666668
34,162,29.599999999999998,35.3,90.0,0.0016666666666666668
34,163,31.868217252305655,35.3,80.0,0.0018749929761864628
34,165,22.868217252305655,35.3,80.0,0.0018749929761864628
34,166,23.168217252305652,35.3,80.0,0.0018749929761864628
34,178,120.63178274769434,35.3,80.00000000000001,0.0018749929761864628
34,179,111.69961830036823,35.3,70.00000000000001,0.0033035804591888336
34,180,101.10000000000001,35.3,45.0,0.005714293741501186
34,181,101.4,35.3,45.0,0.005714293741501186
34,190,106.67080568682813,35.3,60.00000000000001,0.0018452401020419631
34,199,79.74961830036823,35.3,70.00000000000001,0.0033035804591888336
34,200,80.04961830036822,35.3,70.00000000000001,0.0033035804591888336
34,206,61.20612735422545,35.300000000000004,60.00000000000001,0.0018452401020419631
34,207,50.100381699631754,35.3,70.0,0.0033035804591888336
34,210,68.10018113412606,35.3,80.00000000000001,0.0018749929761864628
34,211,60.66821725230565,35.3,80.0,0.0018749929761864628
34,212,60.96821725230565,35.3,80.0,0.0018749929761864628
34,213,61.26821725230566,35.3,80.0,0.0018749929761864628
34,214,61.568217252305665,35.3,80.0,0.0018749929761864628
34,215,61.868217252305655,35.3,80.0,0.0018749929761864628
34,216,53.136917365258526,35.3,70.00000000000001,0.0033035804591888336
34,217,53.43691736525854,35.3,70.00000000000001,0.0033035804591888336
34,218,53.736917365258535,35.3,70.00000000000001,0.0033035804591888336
34,219,54.03691736525853,35.3,70.00000000000001,0.0033035804591888336
34,222,69.66821725230565,35.3,80.00000000000001,0.0018749929761864628
34,223,69.96821725230565,35.3,80.00000000000001,0.0018749929761864628
34,224,70.26821725230566,35.3,80.00000000000001,0.0018749929761864628
34,225,77.3,35.3,90.0,0.0016666666666666668
34,226,62.43691736525854,35.3,70.0,0.0033035804591888336
34,227,62.736917365258535,35.3,70.0,0.0033035804591888336
34,228,63.03691736525853,35.3,70.0,0.0033035804591888336
34,232,14.0,35.3,90.0,0.0016666666666666668
34,233,11.0,35.26992462263972,84.26082952273323,0.0018452401020419631
34,234,11.3,35.29249530663145,87.13401601740115,0.0018749929761864628
34,235,11.599999999999998,35.3,90.0,0.0016666666666666668
34,236,11.900000000000002,35.3,90.0,0.0016666666666666668
34,237,12.200000000000001,35.3,90.0,0.0016666666666666668
34,238,12.5,35.3,90.0,0.0016666666666666668
34,239,12.799999999999999,35.3,90.0,0.0016666666666666668
34,240,13.099999999999998,35.3,90.0,0.0016666666666666668
34,241,33.60612735422546,35.300000000000004,60.00000000000001,0.0018452401020419631
34,242,33.90612735422546,35.300000000000004,60.00000000000001,0.0018452401020419631
34,243,34.20612735422546,35.300000000000004,60.00000000000001,0.0018452401020419631
34,244,34.506127354225455,35.300000000000004,60.00000000000001,0.0018452401020419631
34,245,20.0,35.3,90.0,0.0016666666666666668
34,246,30.800000000000008,35.3,90.0,0.0016666666666666668
34,247,31.099999999999998,35.3,90.0,0.0016666666666666668
34,248,30.199999999999996,35.3,90.0,0.0016666666666666668
34,255,38.3,35.3,90.0,0.0016666666666666668
35,45,39.744144269033384,30.694144269033373,28.599049083794906,0.002291673690480204
35,45,43.805855730966655,34.755855730966644,28.599049083795244,0.002291673690480204
35,56,125.93918419814727,35.0,85.0,0.0018749929761864628
35,57,126.23918419814726,35.0,85.0,0.0018749929761864628
35,58,126.53918419814727,35.0,85.0,0.0018749929761864628
35,59,97.1790561913614,35.0,60.00000000000001,0.0018452401020419631
35,67,93.20880937064808,35.0,70.00000000000001,0.0033035804591888336
35,68,76.1030792283386,35.0,80.0,0.0018749929761864628
35,69,76.4030792283386,35.0,80.0,0.0018749929761864628
35,71,39.5,26.97538071510194,10.0,0.005952372925165482
35,71,40.4199465164124,32.19265666865223,22.148092616273424,0.0050297528741445
35,72,104.3,35.0,90.0,0.0016666666666666668
35,73,104.6,35.0,90.0,0.0016666666666666668
35,74,83.59401076758502,35.0,60.00000000000001,0.0018452401020419631
35,77,99.9469207716614,35.0,80.00000000000001,0.0018749929761864628
35,78,60.355989232414984,35.0,60.00000000000001,0.0018452401020419631
35,79,60.65598923241498,35.0,60.00000000000001,0.0018452401020419631
35,80,60.95598923241498,35.0,60.00000000000001,0.0018452401020419631
35,85,128.985043110159,35.0,80.0,0.0018749929761864628
35,86,122.0,35.0,90.0,0.0016666666666666668
35,87,122.3,35.0,90.0,0.0016666666666666668
35,88,122.6,35.0,90.0,0.0016666666666666668
35,89,55.105989232414984,35.0,60.00000000000001,0.0018452401020419631
35,90,77.6,35.0,89.99999999999999,0.0017559533843543149
35,92,39.5,17.196152422706625,29.999999999999993,0.002410713282312352
35,92,49.77905619136139,35.0,60.00000000000001,0.0018452401020419631
35,101,97.0911906293519,35.0,70.00000000000001,0.0033035804591888336
35,102,119.6788846534818,35.0,80.00000000000001,0.0018749929761864628
35,103,119.97888465348181,35.0,80.00000000000001,0.0018749929761864628
35,104,120.27888465348181,35.0,80.00000000000001,0.0018749929761864628
35,111,92.38504311015899,35.0,80.0,0.0018749929761864628
35,112,92.685043110159,35.0,80.00000000000001,0.0018749929761864628
35,113,51.414956889840994,35.0,80.0,0.0018749929761864628
35,114,51.714956889841005,35.0,80.00000000000001,0.0018749929761864628
35,122,47.3,35.0,90.0,0.0016666666666666668
35,123,47.599999999999994,35.0,90.0,0.0016666666666666668
35,124,47.900000000000006,35.0,90.0,0.0016666666666666668
35,130,109.0461084355384,35.0,70.0,0.0033035804591888336
35,131,116.30880937064809,35.0,70.00000000000001,0.0033035804591888336
35,132,82.36081580185277,35.0,85.0,0.0018749929761864628
35,133,82.66081580185275,35.0,85.0,0.0018749929761864628
35,135,39.5,20.187825481880292,20.0,0.0050297528741445
35,135,44.879480506958,34.967826703143714,64.06386123966014,0.002946433588438241
35,143,55.0911906293519,35.0,70.0,0.0033035804591888336
35,144,55.3911906293519,35.0,70.0,0.0033035804591888336
35,145,74.67888465348179,35.0,80.00000000000001,0.0018749929761864628
35,146,123.0,35.0,45.0,0.005714293741501186
35,147,47.0,35.0,90.0,0.0016666666666666668
35,156,56.0,35.0,90.0,0.0016666666666666668
35,157,56.3,35.0,90.0,0.0016666666666666668
35,177,39.5,16.7,90.0,0.0016666666666666668
35,178,120.57888465348181,35.0,80.00000000000001,0.0018749929761864628
35,179,111.80880937064809,35.0,70.00000000000001,0.0033035804591888336
35,180,101.4,35.0,45.0,0.005714293741501186
35,181,101.7,35.0,45.0,0.005714293741501186
35,185,39.5,24.2,90.0,0.0016666666666666668
35,186,39.5,24.5,90.0,0.0016666666666666668
35,187,39.5,23.0,90.0,0.0016666666666666668
35,188,39.5,23.3,90.0,0.0016666666666666668
35,189,39.5,23.6,90.0,0.0016666666666666668
35,190,106.84401076758502,35.0,60.00000000000001,0.0018452401020419631
35,199,79.85880937064809,35.0,70.00000000000001,0.0033035804591888336
35,200,80.15880937064807,35.0,70.00000000000001,0.0033035804591888336
35,201,39.5,11.3,90.0,0.0016666666666666668
35,202,39.5,10.7,90.0,0.0016666666666666668
35,206,61.03292227346857,35.00000000000001,60.00000000000001,0.0018452401020419631
35,207,49.99119062935189,35.0,70.0,0.0033035804591888336
35,210,68.1530792283386,35.0,80.00000000000001,0.0018749929761864628
35,211,60.72111534651818,35.0,80.0,0.0018749929761864628
35,212,61.02111534651819,35.0,80.0,0.0018749929761864628
35,213,61.3211153465182,35.0,80.0,0.0018749929761864628
35,214,61.62111534651819,35.0,80.0,0.0018749929761864628
35,215,61.92111534651819,35.0,80.0,0.0018749929761864628
35,216,53.246108435538375,35.0,70.00000000000001,0.0033035804591888336
35,217,53.5461084355384,35.0,70.00000000000001,0.0033035804591888336
35,218,53.84610843553838,35.0,70.00000000000001,0.0033035804591888336
35,219,54.146108435538395,35.0,70.00000000000001,0.0033035804591888336
35,220,39.5,6.199999999999999,90.0,0.0016666666666666668
35,221,39.5,6.5,90.0,0.0016666666666666668
35,222,69.72111534651819,35.0,80.00000000000001,0.0018749929761864628
35,223,70.02111534651819,35.0,80.00000000000001,0.0018749929761864628
35,224,70.3211153465182,35.0,80.00000000000001,0.0018749929761864628
35,225,77.3,35.0,90.0,0.0016666666666666668
35,226,62.546108435538386,35.0,70.0,0.0033035804591888336
35,227,62.8461084355384,35.0,70.0,0.0033035804591888336
35,228,63.14610843553838,35.0,70.0,0.0033035804591888336
35,229,39.5,6.800000000000001,90.0,0.0016666666666666668
35,249,39.5,23.9,90.0,0.0016666666666666668
35,250,39.5,11.0,90.0,0.0016666666666666668
36,38,119.0,132.2846606338756,25.841932763167094,0.0040178461054358695
36,38,141.5,132.2846606338756,25.841932763167094,0.0040178461054358695
36,39,119.0,131.43930387414417,31.78833061705165,0.003035720306125889
36,39,141.5,131.43930387414417,31.78833061705165,0.003035720306125889
36,44,120.38292641711607,117.56820779135464,84.68988924784946,0.0018452401020419631
36,44,141.5,138.68528137423857,45.0,0.005714293741501186
36,45,124.47317359011895,115.42317359011894,50.03730844846646,0.0038393007653147234
36,45,141.5,132.45,45.0,0.005714293741501186
36,46,119.0,122.01471862576142,45.0,0.005714293741501186
36,46,141.5,144.51471862576142,45.0,0.005714293741501186
36,47,119.0,121.7147186257614,45.0,0.005714293741501186
36,47,141.5,144.2147186257614,45.0,0.005714293741501186
36,48,119.0,143.9,90.0,0.0016666666666666668
36,49,119.0,143.6,90.0,0.0016666666666666668
36,50,119.0,143.3,90.0,0.0016666666666666668
36,51,119.0,143.0,90.0,0.0016666666666666668
36,52,120.2,117.8,53.130102354155895,0.002321426564624704
36,53,119.64182867015248,118.7,63.256316049596954,0.0025595338435431486
36,54,119.80384757729337,118.4,60.00000000000001,0.0018452401020419631
36,55,119.98901207345298,118.1,56.63298703076814,0.0021428531292494077
36,56,132.97327274563156,115.4,85.0,0.0018749929761864628
36,57,133.27327274563154,115.4,85.0,0.0018749929761864628
36,58,133.57327274563156,115.4,85.0,0.0018749929761864628
36,59,134.9,115.4,90.0,0.0016666666666666668
36,93,119.0,122.00750469336855,87.13401601740117,0.0018749929761864628
36,94,119.0,121.7,90.0,0.0016666666666666668
36,95,119.0,121.4,90.0,0.0016666666666666668
36,96,119.00750469336855,121.1,87.13401601740104,0.0018749929761864628
36,97,119.0,122.36788402001446,81.37307344132131,0.00199406066327276
36,98,119.0,137.93007537736028,84.26082952273327,0.0018452401020419631
36,99,119.0,123.09052498068888,75.52248781407006,0.0019047739455851117
36,100,119.0,122.72122461732037,78.46304096718448,0.0019047739455851117
36,101,126.35439746435458,115.4,70.00000000000001,0.0033035804591888336
36,102,127.1,115.4,90.0,0.0016666666666666668
36,103,127.4,115.4,90.0,0.0016666666666666668
36,104,127.7,115.4,90.0,0.0016666666666666668
36,105,120.24956403688608,117.73484541112465,82.65164730829768,0.0018749929761864628
36,106,123.33550137972836,115.63550137972835,61.10606991621463,0.0018452401020419631
36,178,128.0,115.4,90.0,0.0016666666666666668
36,206,119.0,135.40192378864668,29.999999999999993,0.002410713282312352
37,38,118.7,133.0265006004805,18.194872338766743,0.009345240102041963
37,38,141.8,133.02650060048055,18.19487233876619,0.009345240102041963
37,39,118.7,131.98466063387556,25.841932763167396,0.0040178461054358695
37,39,141.8,131.9846606338756,25.841932763167094,0.0040178461054358695
37,44,120.08292641711606,117.26820779135463,84.68988924784938,0.0018452401020419631
37,44,141.8,138.98528137423858,45.0,0.005714293741501186
37,45,124.17317359011895,115.12317359011894,50.03730844846647,0.0038393007653147234
37,45,141.8,132.75,45.0,0.005714293741501186
37,46,118.7,121.71471862576142,45.0,0.005714293741501186
37,46,141.8,144.81471862576143,45.0,0.005714293741501186
37,47,118.7,121.41471862576141,45.0,0.005714293741501186
37,47,141.8,144.51471862576142,45.0,0.005714293741501186
37,48,118.7,143.9,90.0,0.0016666666666666668
37,49,118.7,143.6,90.0,0.0016666666666666668
37,50,118.7,143.3,90.0,0.0016666666666666668
37,51,118.7,143.0,90.0,0.0016666666666666668
37,52,119.68901207345299,117.8,56.63298703076826,0.0021428531292494077
37,53,119.200909166053,118.7,66.42182152179824,0.002916680714293742
37,54,119.34182867015247,118.4,63.25631604959713,0.0025595338435431486
37,55,119.50384757729337,118.1,60.00000000000001,0.0018452401020419631
37,56,132.9470261465738,115.1,85.0,0.0018749929761864628
37,57,133.24702614657377,115.1,85.0,0.0018749929761864628
37,58,133.54702614657378,115.1,85.0,0.0018749929761864628
37,59,134.9,115.1,90.0,0.0016666666666666668
37,93,118.7,122.0,90.0,0.0016666666666666668
37,94,118.7,121.7,90.0,0.0016666666666666668
37,95,118.7,121.4,90.0,0.0016666666666666668
37,96,118.7,121.1,90.0,0.0016666666666666668
37,97,118.7,122.33007537736029,84.26082952273315,0.0018452401020419631
37,98,118.7,137.90750469336854,87.13401601740117,0.0018749929761864628
37,99,118.7,123.02122461732039,78.46304096718448,0.0019047739455851117
37,100,118.7,122.66788402001444,81.37307344132131,0.00199406066327276
37,101,126.24520639407471,115.1,70.00000000000001,0.0033035804591888336
37,102,127.1,115.1,90.0,0.0016666666666666668
37,103,127.4,115.1,90.0,0.0016666666666666668
37,104,127.7,115.1,90.0,0.0016666666666666668
37,105,119.94956403688609,117.43484541112466,82.65164730829758,0.0018749929761864628
37,106,123.03550137972834,115.33550137972834,61.10606991621476,0.0018452401020419631
37,178,128.0,115.1,90.0,0.0016666666666666668
37,206,118.7,134.882308546376,29.999999999999993,0.002410713282312352
38,44,131.71471862576144,128.9,45.0,0.005714293741501186
38,44,142.1,139.28528137423856,45.0,0.005714293741501186
38,45,138.41429363321558,129.36429363321557,22.311826886486084,0.0050297528741445
38,45,141.63570636678443,132.58570636678442,22.311826886486084,0.0050297528741445
38,46,125.88528137423859,128.9,45.0,0.005714293741501186
38,46,142.1,145.1147186257614,45.0,0.005714293741501186
38,47,126.1852813742386,128.9,45.0,0.005714293741501186
38,47,142.1,144.8147186257614,45.0,0.005714293741501186
38,48,118.4,143.9,90.0,0.0016666666666666668
38,49,118.4,143.6,90.0,0.0016666666666666668
38,50,118.4,143.3,90.0,0.0016666666666666668
38,51,118.4,143.0,90.0,0.0016666666666666668
38,52,134.6,128.9,90.0,0.0016666666666666668
38,53,133.7,128.9,90.0,0.0016666666666666668
38,54,134.0,128.9,90.0,0.0016666666666666668
38,55,134.3,128.9,90.0,0.0016666666666666668
38,56,134.15436970323154,128.9,85.0,0.0018749929761864628
38,57,134.45436970323152,128.9,85.0,0.0018749929761864628
38,58,134.75436970323153,128.9,85.0,0.0018749929761864628
38,59,134.9,128.9,90.0,0.0016666666666666668
38,93,124.7,128.9,90.0,0.0016666666666666668
38,94,125.0,128.9,90.0,0.0016666666666666668
38,95,125.3,128.9,90.0,0.0016666666666666668
38,96,125.6,128.9,90.0,0.0016666666666666668
38,97,124.1,128.90750469336854,87.13401601740105,0.0018749929761864628
38,98,118.4,137.9,90.0,0.0016666666666666668
38,99,123.5,128.96788402001445,81.37307344132131,0.00199406066327276
38,100,123.8,128.93007537736028,84.26082952273315,0.0018452401020419631
38,101,126.8,128.9,90.0,0.0016666666666666668
38,102,127.1,128.9,90.0,0.0016666666666666668
38,103,127.4,128.9,90.0,0.0016666666666666668
38,104,127.7,128.9,90.0,0.0016666666666666668
38,105,125.9,128.9,90.0,0.0016666666666666668
38,106,126.2,128.9,90.0,0.0016666666666666668
38,178,128.0,128.9,90.0,0.0016666666666666668
38,206,118.42095439435592,134.39898737977163,34.789895478473305,0.004583347380960408
39,44,131.41471862576142,128.6,45.0,0.005714293741501186
39,44,142.4,139.6019357818803,41.409622109270764,0.005982153894564131
39,45,137.82060098893146,128.77060098893145,31.30420564194384,0.003035720306125889
39,45,142.22939901106855,133.17939901106854,31.30420564194384,0.003035720306125889
39,46,125.58528137423858,128.6,45.0,0.005714293741501186
39,46,142.4,145.41471862576142,45.0,0.005714293741501186
39,47,125.88528137423859,128.6,45.0,0.005714293741501186
39,47,142.4,145.1147186257614,45.0,0.005714293741501186
39,48,118.1,143.9,90.0,0.0016666666666666668
39,49,118.1,143.6,90.0,0.0016666666666666668
39,50,118.1,143.3,90.0,0.0016666666666666668
39,51,118.1,143.0,90.0,0.0016666666666666668
39,52,134.6,128.6,90.0,0.0016666666666666668
39,53,133.7,128.6,90.0,0.0016666666666666668
39,54,134.0,128.6,90.0,0.0016666666666666668
39,55,134.3,128.6,90.0,0.0016666666666666668
39,56,134.12812310417374,128.6,85.0,0.0018749929761864628
39,57,134.42812310417375,128.6,85.0,0.0018749929761864628
39,58,134.72812310417373,128.6,85.0,0.0018749929761864628
39,59,134.9,128.6,90.0,0.0016666666666666668
39,93,124.7,128.6,90.0,0.0016666666666666668
39,94,125.0,128.6,90.0,0.0016666666666666668
39,95,125.3,128.6,90.0,0.0016666666666666668
39,96,125.6,128.6,90.0,0.0016666666666666668
39,97,124.1,128.6,90.0,0.0016666666666666668
39,98,118.1,137.9,90.0,0.0016666666666666668
39,99,123.4939527940936,128.63068623841792,86.77541040829533,0.0018749929761864628
39,100,123.8,128.60750469336853,87.13401601740117,0.0018749929761864628
39,101,126.8,128.6,90.0,0.0016666666666666668
39,102,127.1,128.6,90.0,0.0016666666666666668
39,103,127.4,128.6,90.0,0.0016666666666666668
39,104,127.7,128.6,90.0,0.0016666666666666668
39,105,125.9,128.6,90.0,0.0016666666666666668
39,106,126.2,128.6,90.0,0.0016666666666666668
39,178,128.0,128.6,90.0,0.0016666666666666668
39,206,118.13961189091067,133.91168786947586,36.5873996992797,0.006011906768708631
40,44,117.61471862576143,114.8,45.0,0.005714293741501186
40,44,142.7,139.97056274847714,36.8698976458443,0.006011906768708631
40,45,123.85000000000001,114.8,45.0,0.005714293741501186
40,45,142.7,133.66665440764166,41.40962210927096,0.005982153894564131
40,46,111.78528137423858,114.8,45.0,0.005714293741501186
40,46,142.7,145.7147186257614,45.0,0.005714293741501186
40,47,112.08528137423859,114.8,45.0,0.005714293741501186
40,47,142.7,145.4147186257614,45.0,0.005714293741501186
40,52,74.20384757729337,117.8,60.00000000000001,0.0018452401020419631
40,56,132.920779547516,114.8,85.0,0.0018749929761864628
40,57,133.220779547516,114.8,85.0,0.0018749929761864628
40,58,133.52077954751599,114.8,85.0,0.0018749929761864628
40,59,134.9,114.8,90.0,0.0016666666666666668
40,60,73.4,125.3,90.0,0.0016666666666666668
40,61,73.4,125.6,90.0,0.0016666666666666668
40,62,73.4,141.2,90.0,0.0016666666666666668
40,63,73.4,141.5,90.0,0.0016666666666666668
40,64,73.4,143.6,90.0,0.0016666666666666668
40,65,73.4,143.9,90.0,0.0016666666666666668
40,72,104.30000000000001,114.8,90.0,0.0016666666666666668
40,73,104.60000000000001,114.8,90.0,0.0016666666666666668
40,77,114.0178138321969,114.8,80.00000000000001,0.0018749929761864628
40,78,106.4285407137471,114.8,60.00000000000001,0.0018452401020419631
40,79,106.7285407137471,114.8,60.00000000000001,0.0018452401020419631
40,80,107.0285407137471,114.8,60.00000000000001,0.0018452401020419631
40,81,82.38528137423856,114.8,45.0,0.005714293741501186
40,82,82.68528137423857,114.8,45.0,0.005714293741501186
40,83,82.98528137423858,114.8,45.0,0.005714293741501186
40,84,83.28528137423858,114.8,45.0,0.005714293741501186
40,85,114.9141500496235,114.80000000000001,80.0,0.0018749929761864628
40,86,114.01415004962351,114.8,80.0,0.0018749929761864628
40,87,114.31415004962349,114.8,80.0,0.0018749929761864628
40,88,114.6141500496235,114.8,80.0,0.0018749929761864628
40,89,101.17854071374711,114.8,60.00000000000001,0.0018452401020419631
40,90,94.57331438868513,114.8,70.0,0.0033035804591888336
40,91,75.15000638276146,116.56472500852288,89.90061430822713,0.0017559533843543149
40,92,95.85160767269352,114.8,60.00000000000001,0.0018452401020419631
40,95,73.4,121.4,90.0,0.0016666666666666668
40,96,73.4,121.1,90.0,0.0016666666666666668
40,101,126.13601532379485,114.8,70.00000000000001,0.0033035804591888336
40,102,127.1,114.8,90.0,0.0016666666666666668
40,103,127.4,114.8,90.0,0.0016666666666666668
40,104,127.7,114.8,90.0,0.0016666666666666668
40,105,117.31471862576143,114.8,45.0,0.005714293741501186
40,106,122.5,114.8,45.0,0.005714293741501186
40,111,73.4,142.66952983530317,9.999999999999998,0.0073512075340233535
40,111,78.29608962410279,114.90242576291013,69.39803490267252,0.003363086207477833
40,112,73.4,144.3709143811885,9.999999999999996,0.0073512075340233535
40,112,78.604817707965,114.8529263395823,72.38416201129282,0.002232139846937056
40,126,73.4,135.86788402001446,81.37307344132131,0.00199406066327276
40,127,73.4,135.53007537736028,84.26082952273315,0.0018452401020419631
40,128,73.4,135.20750469336855,87.13401601740102,0.0018749929761864628
40,129,73.4,134.9,90.0,0.0016666666666666668
40,130,81.49999999999999,114.8,89.99999999999999,0.0017559533843543149
40,131,87.26398467620515,114.8,70.00000000000001,0.0033035804591888336
40,132,80.6,114.8,90.0,0.0016666666666666668
40,133,80.9,114.8,90.0,0.0016666666666666668
40,134,73.4,137.48038475772933,29.999999999999993,0.002410713282312352
40,135,74.74291479900617,117.01693808791289,59.087782965727754,0.0018749929761864628
40,136,73.4,133.7,90.0,0.0016666666666666668
40,137,73.4,132.5,90.0,0.0016666666666666668
40,138,73.4,132.2,90.0,0.0016666666666666668
40,139,73.4,131.9,90.0,0.0016666666666666668
40,140,73.4,131.6,90.0,0.0016666666666666668
40,141,73.4,131.3,90.0,0.0016666666666666668
40,142,73.4,131.0,90.0,0.0016666666666666668
40,143,84.13601532379485,114.8,70.0,0.0033035804591888336
40,144,84.43601532379485,114.8,70.0,0.0033035804591888336
40,145,88.7497777140173,114.8,80.00000000000001,0.0018749929761864628
40,151,73.4,128.6,90.0,0.0016666666666666668
40,152,73.4,128.3,90.0,0.0016666666666666668
40,153,73.4,128.0,90.0,0.0016666666666666668
40,154,73.4,127.7,90.0,0.0016666666666666668
40,155,73.4,128.9,90.0,0.0016666666666666668
40,178,128.0,114.8,90.0,0.0016666666666666668
40,179,82.76398467620515,114.8,70.00000000000001,0.0033035804591888336
40,206,107.10547375480068,114.8,60.00000000000001,0.0018452401020419631
40,207,79.03995082245973,114.81081269371606,73.44028322613757,0.0018452401020419631
40,225,91.1,114.8,90.0,0.0016666666666666668
40,241,79.50547375480069,114.8,60.00000000000001,0.0018452401020419631
40,242,79.80547375480069,114.8,60.00000000000001,0.0018452401020419631
40,243,80.10547375480068,114.8,60.00000000000001,0.0018452401020419631
40,244,80.40547375480068,114.8,60.00000000000001,0.0018452401020419631
40,246,83.58528137423858,114.8,45.0,0.005714293741501186
40,247,83.88528137423856,114.8,45.0,0.005714293741501186
41,44,117.31471862576143,114.5,45.0,0.005714293741501186
41,44,143.0,140.40986662262134,31.78833061705165,0.003035720306125889
41,45,123.55000000000001,114.5,45.0,0.005714293741501186
41,45,143.0,134.03528137423856,36.86989764584391,0.006011906768708631
41,46,111.48528137423858,114.5,45.0,0.005714293741501186
41,46,143.0,146.03137303340313,41.409622109270764,0.005982153894564131
41,47,111.7852813742386,114.5,45.0,0.005714293741501186
41,47,143.0,145.7147186257614,45.0,0.005714293741501186
41,52,73.74182867015247,117.8,63.256316049596954,0.0025595338435431486
41,56,132.89453294845822,114.5,85.0,0.0018749929761864628
41,57,133.19453294845823,114.5,85.0,0.0018749929761864628
41,58,133.49453294845821,114.5,85.0,0.0018749929761864628
41,59,134.9,114.5,90.0,0.0016666666666666668
41,60,73.1,125.3,90.0,0.0016666666666666668
41,61,73.1,125.6,90.0,0.0016666666666666668
41,62,73.1,141.2,90.0,0.0016666666666666668
41,63,73.1,141.5,90.0,0.0016666666666666668
41,64,73.1,143.6,90.0,0.0016666666666666668
41,65,73.1,143.9,90.0,0.0016666666666666668
41,72,104.30000000000001,114.5,90.0,0.0016666666666666668
41,73,104.60000000000001,114.5,90.0,0.0016666666666666668
41,77,113.96491573798436,114.5,80.00000000000001,0.0018749929761864628
41,78,106.25533563299021,114.5,60.00000000000001,0.0018452401020419631
41,79,106.55533563299021,114.5,60.00000000000001,0.0018452401020419631
41,80,106.8553356329902,114.5,60.00000000000001,0.0018452401020419631
41,81,82.08528137423858,114.5,45.0,0.005714293741501186
41,82,82.38528137423859,114.5,45.0,0.005714293741501186
41,83,82.68528137423858,114.5,45.0,0.005714293741501186
41,84,82.98528137423858,114.5,45.0,0.005714293741501186
41,85,114.96704814383605,114.5,80.0,0.0018749929761864628
41,86,114.06704814383605,114.5,80.0,0.0018749929761864628
41,87,114.36704814383603,114.5,80.0,0.0018749929761864628
41,88,114.66704814383604,114.5,80.0,0.0018749929761864628
41,89,101.00533563299021,114.5,60.00000000000001,0.0018452401020419631
41,90,94.46412331840529,114.5,70.0,0.0033035804591888336
41,91,74.85000638276145,116.26472500852287,89.90061430822723,0.0017559533843543149
41,92,95.67840259193662,114.5,60.00000000000001,0.0018452401020419631
41,95,73.1,121.4,90.0,0.0016666666666666668
41,96,73.1,121.1,90.0,0.0016666666666666668
41,101,126.02682425351499,114.5,70.00000000000001,0.0033035804591888336
41,102,127.1,114.5,90.0,0.0016666666666666668
41,103,127.4,114.5,90.0,0.0016666666666666668
41,104,127.7,114.5,90.0,0.0016666666666666668
41,105,117.01471862576143,114.5,45.0,0.005714293741501186
41,106,122.2,114.5,45.0,0.005714293741501186
41,111,73.1,144.37091438118856,9.999999999999998,0.0073512075340233535
41,111,78.35894784855769,114.5459390573456,72.90535722796714,0.002232139846937056
41,112,73.1,146.07229892707386,9.999999999999996,0.0073512075340233535
41,112,78.66425446029197,114.51584376669322,75.83527012596352,0.0019047739455851117
41,126,73.1,135.8300753773603,84.26082952273327,0.0018452401020419631
41,127,73.1,135.50750469336856,87.13401601740117,0.0018749929761864628
41,128,73.1,135.2,90.0,0.0016666666666666668
41,129,73.1,134.9,90.0,0.0016666666666666668
41,130,81.49999999999999,114.5,89.99999999999999,0.0017559533843543149
41,131,87.373175746485,114.5,70.00000000000001,0.0033035804591888336
41,132,80.6,114.5,90.0,0.0016666666666666668
41,133,80.9,114.5,90.0,0.0016666666666666668
41,134,73.1,136.96076951545865,29.999999999999993,0.002410713282312352
41,135,74.57610526770688,116.55863266731828,61.06346177165639,0.0018452401020419631
41,136,73.1,133.7,90.0,0.0016666666666666668
41,137,73.1,132.5,90.0,0.0016666666666666668
41,138,73.1,132.2,90.0,0.0016666666666666668
41,139,73.1,131.9,90.0,0.0016666666666666668
41,140,73.1,131.6,90.0,0.0016666666666666668
41,141,73.1,131.3,90.0,0.0016666666666666668
41,142,73.1,131.0,90.0,0.0016666666666666668
41,143,84.02682425351499,114.5,70.0,0.0033035804591888336
41,144,84.32682425351499,114.5,70.0,0.0033035804591888336
41,145,88.69687961980476,114.5,80.00000000000001,0.0018749929761864628
41,151,73.1,128.6,90.0,0.0016666666666666668
41,152,73.1,128.3,90.0,0.0016666666666666668
41,153,73.1,128.0,90.0,0.0016666666666666668
41,154,73.1,127.7,90.0,0.0016666666666666668
41,155,73.1,128.9,90.0,0.0016666666666666668
41,178,128.0,114.5,90.0,0.0016666666666666668
41,179,82.873175746485,114.5,70.00000000000001,0.0033035804591888336
41,206,106.9322686740438,114.5,60.00000000000001,0.0018452401020419631
41,207,78.9277246226091,114.50247374375527,71.64533479800717,0.002708326309519796
41,225,91.09795141007307,114.5,88.50272394544987,0.0018154872278974634
41,241,79.3322686740438,114.5,60.00000000000001,0.0018452401020419631
41,242,79.63226867404381,114.5,60.00000000000001,0.0018452401020419631
41,243,79.9322686740438,114.5,60.00000000000001,0.0018452401020419631
41,244,80.23226867404381,114.5,60.00000000000001,0.0018452401020419631
41,246,83.28528137423858,114.5,45.0,0.005714293741501186
41,247,83.58528137423858,114.5,45.0,0.005714293741501186
42,44,117.01471862576143,114.2,45.0,0.005714293741501186
42,44,143.3,140.95522338235276,25.841932763167094,0.0040178461054358695
42,45,123.25000000000001,114.2,45.0,0.005714293741501186
42,45,143.3,134.47458524838277,31.788330617051272,0.003035720306125889
42,46,111.18528137423858,114.2,45.0,0.005714293741501186
42,46,143.3,146.4,36.86989764584391,0.006011906768708631
42,47,111.4852813742386,114.2,45.0,0.005714293741501186
42,47,143.3,146.03137303340313,41.409622109270764,0.005982153894564131
42,52,73.30090916605299,117.8,66.42182152179812,0.002916680714293742
42,56,132.86828634940045,114.2,85.0,0.0018749929761864628
42,57,133.16828634940043,114.2,85.0,0.0018749929761864628
42,58,133.46828634940044,114.2,85.0,0.0018749929761864628
42,59,134.9,114.2,90.0,0.0016666666666666668
42,60,72.8,125.3,90.0,0.0016666666666666668
42,61,72.8,125.6,90.0,0.0016666666666666668
42,62,72.8,141.2,90.0,0.0016666666666666668
42,63,72.8,141.5,90.0,0.0016666666666666668
42,64,72.8,143.6,90.0,0.0016666666666666668
42,65,72.8,143.9,90.0,0.0016666666666666668
42,72,104.30000000000001,114.2,90.0,0.0016666666666666668
42,73,104.60000000000001,114.2,90.0,0.0016666666666666668
42,77,113.91201764377182,114.2,80.00000000000001,0.0018749929761864628
42,78,106.08213055223334,114.2,60.00000000000001,0.0018452401020419631
42,79,106.38213055223332,114.2,60.00000000000001,0.0018452401020419631
42,80,106.68213055223333,114.2,60.00000000000001,0.0018452401020419631
42,81,81.78528137423856,114.2,45.0,0.005714293741501186
42,82,82.08528137423858,114.2,45.0,0.005714293741501186
42,83,82.38528137423859,114.2,45.0,0.005714293741501186
42,84,82.68528137423858,114.2,45.0,0.005714293741501186
42,85,115.01994623804859,114.20000000000002,80.0,0.0018749929761864628
42,86,114.11994623804858,114.2,80.0,0.0018749929761864628
42,87,114.41994623804857,114.2,80.0,0.0018749929761864628
42,88,114.71994623804858,114.2,80.0,0.0018749929761864628
42,89,100.83213055223334,114.2,60.00000000000001,0.0018452401020419631
42,90,94.35493224812544,114.2,70.0,0.0033035804591888336
42,91,74.55000638276145,115.96472500852288,89.90061430822723,0.0017559533843543149
42,92,95.50519751117974,114.2,60.00000000000001,0.0018452401020419631
42,95,72.8,121.4,90.0,0.0016666666666666668
42,96,72.8,121.1,90.0,0.0016666666666666668
42,101,125.91763318323513,114.2,70.00000000000001,0.0033035804591888336
42,102,127.1,114.2,90.0,0.0016666666666666668
42,103,127.4,114.2,90.0,0.0016666666666666668
42,104,127.7,114.2,90.0,0.0016666666666666668
42,105,116.71471862576144,114.2,45.0,0.005714293741501186
42,106,121.9,114.2,45.0,0.005714293741501186
42,111,72.8,146.07229892707386,9.999999999999998,0.0073512075340233535
42,111,78.4177975884006,114.2121855976853,76.34776299819394,0.0017857062584988146
42,112,72.8,147.7736834729592,9.999999999999996,0.0073512075340233535
42,112,78.7198518441403,114.2005353344559,79.23461872572454,0.0019047739455851117
42,126,72.8,135.80750469336857,87.13401601740117,0.0018749929761864628
42,127,72.8,135.5,90.0,0.0016666666666666668
42,128,72.8,135.2,90.0,0.0016666666666666668
42,129,72.8,134.9,90.0,0.0016666666666666668
42,130,81.49999999999999,114.2,89.99999999999999,0.0017559533843543149
42,131,87.48236681676488,114.2,70.00000000000001,0.0033035804591888336
42,132,80.6,114.2,90.0,0.0016666666666666668
42,133,80.9,114.2,90.0,0.0016666666666666668
42,134,72.8,136.441154273188,29.999999999999993,0.002410713282312352
42,135,74.41203184476569,116.10784464265473,63.00215701725735,0.0025595338435431486
42,136,72.8,133.7,90.0,0.0016666666666666668
42,137,72.8,132.5,90.0,0.0016666666666666668
42,138,72.8,132.2,90.0,0.0016666666666666668
42,139,72.8,131.9,90.0,0.0016666666666666668
42,140,72.8,131.6,90.0,0.0016666666666666668
42,141,72.8,131.3,90.0,0.0016666666666666668
42,142,72.8,131.0,90.0,0.0016666666666666668
42,143,83.91763318323513,114.2,70.0,0.0033035804591888336
42,144,84.21763318323512,114.2,70.0,0.0033035804591888336
42,145,88.64398152559221,114.2,80.00000000000001,0.0018749929761864628
42,151,72.8,128.6,90.0,0.0016666666666666668
42,152,72.8,128.3,90.0,0.0016666666666666668
42,153,72.8,128.0,90.0,0.0016666666666666668
42,154,72.8,127.7,90.0,0.0016666666666666668
42,155,72.8,128.9,90.0,0.0016666666666666668
42,178,128.0,114.2,90.0,0.0016666666666666668
42,179,82.98236681676487,114.2,70.00000000000001,0.0033035804591888336
42,206,106.75906359328691,114.2,60.00000000000001,0.0018452401020419631
42,207,78.81763318323513,114.2,70.0,0.0033035804591888336
42,225,91.0825876671961,114.2,85.63388098860439,0.0018749929761864628
42,241,79.15906359328693,114.2,60.00000000000001,0.0018452401020419631
42,242,79.45906359328691,114.2,60.00000000000001,0.0018452401020419631
42,243,79.75906359328691,114.2,60.00000000000001,0.0018452401020419631
42,244,80.05906359328691,114.2,60.00000000000001,0.0018452401020419631
42,246,82.98528137423858,114.2,45.0,0.005714293741501186
42,247,83.28528137423856,114.2,45.0,0.005714293741501186
43,44,116.71471862576144,113.9,45.0,0.005714293741501186
43,44,143.6,141.6970633489576,18.194872338767045,0.009345240102041963
43,45,122.95000000000002,113.9,45.0,0.005714293741501186
43,45,143.6,135.01994200811416,25.841932763167094,0.0040178461054358695
43,46,110.88528137423859,113.9,45.0,0.005714293741501186
43,46,143.6,146.83930387414418,31.78833061705165,0.003035720306125889
43,47,111.1852813742386,113.9,45.0,0.005714293741501186
43,47,143.6,146.39999999999998,36.8698976458443,0.006011906768708631
43,56,132.84203975034268,113.9,85.0,0.0018749929761864628
43,57,133.14203975034266,113.9,85.0,0.0018749929761864628
43,58,133.44203975034267,113.9,85.0,0.0018749929761864628
43,59,134.9,113.9,90.0,0.0016666666666666668
43,66,55.1,143.93007537736028,84.2608295227332,0.0018452401020419631
43,67,64.49155788704472,113.9,70.00000000000001,0.0033035804591888336
43,68,62.190880450440716,113.9,80.0,0.0018749929761864628
43,69,62.49088045044071,113.9,80.0,0.0018749929761864628
43,70,55.1,138.51961524227067,29.999999999999996,0.002410713282312352
43,71,55.50363533848352,117.73650685803503,31.13595462372841,0.003035720306125889
43,72,104.30000000000001,113.9,90.0,0.0016666666666666668
43,73,104.60000000000001,113.9,90.0,0.0016666666666666668
43,77,113.85911954955928,113.9,80.00000000000001,0.0018749929761864628
43,78,105.90892547147644,113.9,60.00000000000001,0.0018452401020419631
43,79,106.20892547147645,113.9,60.00000000000001,0.0018452401020419631
43,80,106.50892547147643,113.9,60.00000000000001,0.0018452401020419631
43,81,81.48528137423858,113.9,45.0,0.005714293741501186
43,82,81.7852813742386,113.9,45.0,0.005714293741501186
43,83,82.0852813742386,113.9,45.0,0.005714293741501186
43,84,82.38528137423859,113.9,45.0,0.005714293741501186
43,85,115.07284433226113,113.9,80.0,0.0018749929761864628
43,86,114.17284433226112,113.9,80.0,0.0018749929761864628
43,87,114.47284433226112,113.9,80.0,0.0018749929761864628
43,88,114.77284433226112,113.9,80.0,0.0018749929761864628
43,89,100.65892547147645,113.9,60.00000000000001,0.0018452401020419631
43,90,94.24574117784557,113.9,70.0,0.0033035804591888336
43,91,72.48528137423858,113.9,45.0,0.005714293741501186
43,92,95.33199243042286,113.9,60.00000000000001,0.0018452401020419631
43,101,125.80844211295528,113.9,70.00000000000001,0.0033035804591888336
43,102,127.1,113.9,90.0,0.0016666666666666668
43,103,127.4,113.9,90.0,0.0016666666666666668
43,104,127.7,113.9,90.0,0.0016666666666666668
43,105,116.41471862576144,113.9,45.0,0.005714293741501186
43,106,121.60000000000001,113.9,45.0,0.005714293741501186
43,107,55.1,137.9,90.0,0.0016666666666666668
43,108,55.1,137.6,90.0,0.0016666666666666668
43,109,55.1,137.3,90.0,0.0016666666666666668
43,110,55.1,137.0,90.0,0.0016666666666666668
43,111,78.4728443322611,113.9,80.0,0.0018749929761864628
43,112,78.77284433226112,113.9,80.00000000000001,0.0018749929761864628
43,113,65.32715566773888,113.9,80.0,0.0018749929761864628
43,114,65.62715566773889,113.9,80.00000000000001,0.0018749929761864628
43,115,55.1,121.37231224733877,29.999999999999993,0.002410713282312352
43,116,58.467211855863276,114.50848568692496,83.97278453460282,0.0017857062584988146
43,117,58.724231178378,114.39039724606133,86.67404800090192,0.0018749929761864628
43,126,55.1,135.8,90.0,0.0016666666666666668
43,127,55.1,135.5,90.0,0.0016666666666666668
43,128,55.1,135.2,90.0,0.0016666666666666668
43,129,55.1,134.9,90.0,0.0016666666666666668
43,130,81.49999999999999,113.9,89.99999999999999,0.0017559533843543149
43,131,87.59155788704473,113.9,70.00000000000001,0.0033035804591888336
43,132,80.6,113.9,90.0,0.0016666666666666668
43,133,80.9,113.9,90.0,0.0016666666666666668
43,134,59.86057363957124,114.02941039612935,71.92148289057405,0.002708326309519796
43,135,73.60844211295526,113.9,70.0,0.0033035804591888336
43,136,55.1,133.7,90.0,0.0016666666666666668
43,137,55.1,132.5,90.0,0.0016666666666666668
43,138,55.1,132.2,90.0,0.0016666666666666668
43,139,55.1,131.9,90.0,0.0016666666666666668
43,140,55.1,131.6,90.0,0.0016666666666666668
43,141,55.1,131.3,90.0,0.0016666666666666668
43,142,55.1,131.0,90.0,0.0016666666666666668
43,143,83.80844211295528,113.9,70.0,0.0033035804591888336
43,144,84.10844211295526,113.9,70.0,0.0033035804591888336
43,145,88.59108343137967,113.9,80.00000000000001,0.0018749929761864628
43,151,55.1,128.6,90.0,0.0016666666666666668
43,152,55.1,128.3,90.0,0.0016666666666666668
43,153,55.1,128.0,90.0,0.0016666666666666668
43,154,55.1,127.7,90.0,0.0016666666666666668
43,155,55.1,128.9,90.0,0.0016666666666666668
43,178,128.0,113.9,90.0,0.0016666666666666668
43,179,83.09155788704473,113.9,70.00000000000001,0.0033035804591888336
43,190,55.099999999999994,124.62325563684834,29.999999999999996,0.002410713282312352
43,190,61.29107452852356,113.9,60.00000000000001,0.0018452401020419631
43,206,106.58585851253002,113.9,60.00000000000001,0.0018452401020419631
43,207,78.70844211295528,113.9,70.0,0.0033035804591888336
43,223,55.10905432001297,119.57050059264887,6.851928739274274,0.011309519795916075
43,223,55.35765711845902,118.16060406151573,6.851928739274387,0.011309519795916075
43,224,55.1,121.3232347390128,9.999999999999998,0.0073512075340233535
43,224,55.86921455612849,116.960802211456,19.33179411623644,0.006815487227897463
43,225,91.05208276771889,113.9,82.75401681105978,0.0018749929761864628
43,241,78.98585851253003,113.9,60.00000000000001,0.0018452401020419631
43,242,79.28585851253004,113.9,60.00000000000001,0.0018452401020419631
43,243,79.58585851253002,113.9,60.00000000000001,0.0018452401020419631
43,244,79.88585851253004,113.9,60.00000000000001,0.0018452401020419631
43,246,82.68528137423858,113.9,45.0,0.005714293741501186
43,247,82.98528137423858,113.9,45.0,0.005714293741501186
44,46,24.200000000000006,21.38528137423858,44.99999999999997,0.006309519795916074
44,46,143.9,147.3846606338756,25.841932763167094,0.0040178461054358695
44,47,24.500000000000004,21.685281374238556,44.99999999999998,0.006309519795916074
44,47,143.9,146.83930387414418,31.78833061705165,0.003035720306125889
44,52,120.61471862576143,117.8,45.0,0.005714293741501186
44,52,134.6,131.78528137423856,45.0,0.005714293741501186
44,53,121.51471862576143,118.7,45.0,0.005714293741501186
44,53,133.7,130.88528137423856,45.0,0.005714293741501186
44,54,121.21471862576144,118.4,45.0,0.005714293741501186
44,54,134.0,131.18528137423857,45.0,0.005714293741501186
44,55,120.91471862576142,118.1,45.0,0.005714293741501186
44,55,134.3,131.48528137423858,45.0,0.005714293741501186
44,56,134.38827563262214,131.5735570068607,40.00000000000001,0.005833333333333334
44,57,134.71703867151126,131.90232004574983,40.00000000000001,0.005833333333333334
44,58,135.04580171040038,132.23108308463895,40.00000000000001,0.005833333333333334
44,59,134.9,132.08528137423858,45.0,0.005714293741501186
44,67,78.42710836364155,75.61238973788012,65.0,0.003065473180270389
44,68,70.36379828685811,67.54907966109667,54.99999999999999,0.002261892721081555
44,69,70.61882941758957,67.80411079182815,54.99999999999999,0.002261892721081555
44,71,41.57863730643666,38.763918680675246,35.00000000000001,0.005714293741501186
44,72,104.30000000000001,101.48528137423858,44.99999999999999,0.006309519795916074
44,73,104.6,101.78528137423856,44.99999999999999,0.006309519795916074
44,74,66.83762687640827,64.02290825064684,75.0,0.0019047739455851117
44,77,113.247810023294,110.43309139753256,35.00000000000001,0.005714293741501186
44,78,91.14793751468318,88.33321888892175,15.000000000000005,0.015327393996606094
44,79,91.8577451358185,89.04302651005706,15.000000000000005,0.015327393996606094
44,80,92.56755275695383,89.7528341311924,15.000000000000005,0.015327393996606094
44,82,23.0,20.185281374238564,44.99999999999999,0.006309519795916074
44,83,23.300000000000004,20.48528137423858,45.0,0.005714293741501186
44,84,23.599999999999998,20.785281374238558,45.0,0.005714293741501186
44,85,115.31895510046044,112.50423647469901,55.0,0.0021726340986480564
44,86,114.55386170826608,111.73914308250465,55.0,0.0021726340986480564
44,87,114.80889283899754,111.99417421323611,55.0,0.0021726340986480564
44,88,115.06392396972899,112.24920534396756,55.0,0.0021726340986480564
44,89,78.72630414481488,75.91158551905345,15.000000000000005,0.015327393996606094
44,90,81.3877910848891,78.57307245912767,25.0,0.0040178461054358695
44,92,66.1226452454234,63.30792661966196,15.000000000000005,0.015327393996606094
44,101,126.8,123.98528137423857,45.0,0.005714293741501186
44,102,127.1,124.28528137423856,45.0,0.005714293741501186
44,103,127.4,124.58528137423858,45.0,0.005714293741501186
44,104,127.7,124.88528137423857,45.0,0.005714293741501186
44,106,126.2,123.38528137423857,45.0,0.005714293741501186
44,111,84.20515715122275,81.39043852546133,54.99999999999999,0.002261892721081555
44,112,84.4601882819542,81.64546965619277,54.99999999999999,0.002261892721081555
44,113,54.32641434183276,51.51169571607134,35.00000000000001,0.005714293741501186
44,114,54.69063654284408,51.87591791708266,35.00000000000001,0.005714293741501186
44,116,24.786666515717048,21.971947889955615,25.0,0.0040178461054358695
44,117,25.258342553793483,22.443623928032054,25.0,0.0040178461054358695
44,122,47.3,44.48528137423857,45.0,0.005714293741501186
44,123,47.599999999999994,44.785281374238565,45.0,0.005714293741501186
44,124,47.900000000000006,45.085281374238576,45.0,0.005714293741501186
44,130,90.03828481531137,87.22356618954994,65.0,0.003065473180270389
44,131,95.36296181533179,92.54824318957036,65.0,0.003065473180270389
44,132,80.6,77.78528137423856,45.000000000000014,0.005714293741501186
44,133,80.90000000000002,78.08528137423858,45.000000000000014,0.005714293741501186
44,135,48.940726219802606,46.12600759404118,25.0,0.0040178461054358695
44,143,64.97771151440136,62.16299288863993,25.0,0.0040178461054358695
44,144,65.44938755247779,62.634668926716365,25.0,0.0040178461054358695
44,145,82.57054425597121,79.7558256302098,35.00000000000001,0.005714293741501186
44,146,80.40735931288071,77.59264068711929,90.0,0.0016666666666666668
44,147,46.3908719981012,43.57615337233977,55.0,0.0021726340986480564
44,150,29.899999999999995,27.085281374238576,45.0,0.005714293741501186
44,156,54.041805920044894,51.227087294283464,55.0,0.0021726340986480564
44,157,54.29683705077636,51.48211842501493,55.0,0.0021726340986480564
44,158,14.300000000000004,11.48528137423858,45.000000000000014,0.005714293741501186
44,159,14.599999999999998,11.785281374238567,45.0,0.005714293741501186
44,160,13.400000000000002,10.58528137423857,45.0,0.005714293741501186
44,161,13.699999999999994,10.88528137423856,45.0,0.005714293741501186
44,162,29.600000000000005,26.785281374238572,45.0,0.005714293741501186
44,163,32.80454426446802,29.9898256387066,54.99999999999999,0.002261892721081555
44,165,25.153610342524324,22.338891716762895,55.0,0.0021726340986480564
44,166,25.408641473255784,22.593922847494362,55.0,0.0021726340986480564
44,177,6.5,3.5999999999999988,36.86989764584394,0.006011906768708631
44,177,19.514718625761432,16.700000000000003,45.0,0.005714293741501186
44,178,128.0,125.18528137423857,45.0,0.005714293741501186
44,179,92.06376958448304,89.24905095872161,64.99999999999999,0.002946433588438241
44,180,69.60735931288073,66.79264068711929,90.0,0.0016666666666666668
44,181,69.75735931288074,66.9426406871193,90.0,0.0016666666666666668
44,185,6.2,3.160696125855818,31.78833061705152,0.003035720306125889
44,185,27.014718625761432,24.200000000000003,45.0,0.005714293741501186
44,186,5.9,2.6153393661244024,25.841932763167048,0.0040178461054358695
44,186,27.31471862576143,24.5,45.0,0.005714293741501186
44,190,81.57753623842007,78.76281761265864,75.0,0.0019047739455851117
44,199,68.63950474545692,65.82478611969549,65.0,0.003065473180270389
44,200,68.85945089418018,66.04473226841876,65.0,0.003065473180270389
44,206,92.749578286477,89.93485966071557,15.000000000000005,0.015327393996606094
44,207,56.95921886710198,54.14450024134055,25.0,0.0040178461054358695
44,210,63.60547332247451,60.79075469671309,54.99999999999999,0.002261892721081555
44,211,57.28753281468784,54.47281418892642,55.0,0.0021726340986480564
44,212,57.54256394541928,54.72784531965786,55.0,0.0021726340986480564
44,213,57.797595076150756,54.98287645038934,55.0,0.0021726340986480564
44,214,58.052626206882216,55.237907581120794,55.0,0.0021726340986480564
44,215,58.307657337613676,55.49293871185225,55.0,0.0021726340986480564
44,216,49.12830115278692,46.313582527025474,65.0,0.003065473180270389
44,217,49.34824730151017,46.533528675748734,65.0,0.003065473180270389
44,218,49.56819345023341,46.75347482447197,65.0,0.003065473180270389
44,219,49.78813959895666,46.97342097319523,65.0,0.003065473180270389
44,222,64.93846673663154,62.12374811087012,55.0,0.0021726340986480564
44,223,65.19349786736299,62.37877924160156,55.0,0.0021726340986480564
44,224,65.44852899809446,62.63381037233303,55.0,0.0021726340986480564
44,225,85.56692274643389,82.75220412067246,35.00000000000001,0.005714293741501186
44,226,55.94663176320765,53.13191313744622,65.0,0.003065473180270389
44,227,56.1665779119309,53.35185928616947,65.0,0.003065473180270389
44,228,56.38652406065415,53.57180543489272,65.0,0.003065473180270389
44,232,14.0,11.185281374238578,45.0,0.005714293741501186
44,233,11.0,8.185281374238574,45.0,0.005714293741501186
44,234,11.300000000000006,8.485281374238586,45.0,0.005714293741501186
44,235,11.599999999999998,8.785281374238565,45.0,0.005714293741501186
44,236,11.900000000000002,9.085281374238576,45.0,0.005714293741501186
44,237,12.199999999999994,9.385281374238556,45.0,0.005714293741501186
44,238,12.5,9.685281374238569,45.0,0.005714293741501186
44,239,12.800000000000006,9.985281374238582,45.0,0.005714293741501186
44,240,13.099999999999998,10.285281374238561,45.0,0.005714293741501186
44,241,27.44727714202653,24.6325585162651,15.000000000000005,0.015327393996606094
44,242,28.157084763161855,25.34236613740042,15.000000000000005,0.015327393996606094
44,243,28.866892384297167,26.05217375853573,15.000000000000005,0.015327393996606094
44,244,29.5767000054325,26.76198137967107,15.000000000000005,0.015327393996606094
44,245,20.0,17.18528137423857,45.0,0.005714293741501186
44,246,30.80000000000001,27.98528137423859,45.0,0.005714293741501186
44,247,31.099999999999998,28.28528137423856,45.0,0.005714293741501186
44,248,30.199999999999996,27.38528137423856,45.0,0.005714293741501186
44,255,38.29835675185495,35.483638126093524,46.340983680962154,0.0056250070238135375
45,46,24.200000000000006,14.238218025280954,18.194872338766928,0.009345240102041963
45,46,144.2,148.12650060048045,18.194872338767045,0.009345240102041963
45,47,24.500000000000004,14.980057991885833,25.84193276316723,0.0040178461054358695
45,47,144.2,147.38466063387554,25.841932763167698,0.0040178461054358695
45,52,126.85000000000001,117.8,45.0,0.005714293741501186
45,52,134.6,125.54999999999998,45.0,0.005714293741501186
45,53,127.75021009145185,118.70021009145184,44.52052334879705,0.006309519795916074
45,53,133.69978990854815,124.64978990854814,44.52052334879705,0.006309519795916074
45,54,127.45000000000002,118.4,45.0,0.005714293741501186
45,54,134.0,124.94999999999999,45.0,0.005714293741501186
45,55,127.15,118.1,45.0,0.005714293741501186
45,55,134.3,125.25,45.0,0.005714293741501186
45,56,133.79045683044913,124.74045683044912,40.00000000000001,0.005833333333333334
45,57,134.11921986933825,125.06921986933826,40.00000000000001,0.005833333333333334
45,58,134.4479829082274,125.39798290822738,40.00000000000001,0.005833333333333334
45,59,134.9,125.85,45.0,0.005714293741501186
45,67,80.0909693229815,71.04096932298148,65.0,0.003065473180270389
45,68,71.29844346342718,62.248443463427165,55.0,0.0021726340986480564
45,69,71.55347459415863,62.50347459415862,55.0,0.0021726340986480564
45,71,40.24382566050842,31.19382566050841,35.00000000000001,0.005714293741501186
45,72,104.30000000000001,95.25,44.99999999999999,0.006309519795916074
45,73,104.6,95.54999999999998,44.99999999999999,0.006309519795916074
45,74,69.11989825912354,60.06989825912352,75.0,0.0019047739455851117
45,77,111.91299837736575,102.86299837736574,35.00000000000001,0.005714293741501186
45,78,82.63038475772933,73.5803847577293,15.000000000000002,0.015327393996606094
45,79,83.34019237886463,74.29019237886462,15.000000000000002,0.015327393996606094
45,80,84.04999999999997,74.99999999999994,15.000000000000002,0.015327393996606094
45,85,116.2536002770295,107.20360027702951,55.0,0.0021726340986480564
45,86,115.48850688483515,106.43850688483514,55.0,0.0021726340986480564
45,87,115.7435380155666,106.69353801556659,55.0,0.0021726340986480564
45,88,115.99856914629805,106.94856914629804,55.0,0.0021726340986480564
45,89,70.20875138786104,61.15875138786102,15.000000000000002,0.015327393996606094
45,90,77.84072548640306,68.79072548640305,28.715071134665457,0.002291673690480204
45,92,57.60509248846954,48.555092488469526,15.000000000000002,0.015327393996606094
45,101,126.8,117.74999999999999,45.0,0.005714293741501186
45,102,127.1,118.04999999999998,45.0,0.005714293741501186
45,103,127.4,118.35,45.0,0.005714293741501186
45,104,127.7,118.64999999999999,45.0,0.005714293741501186
45,106,39.336288772237225,30.286288772237214,32.76461708283932,0.0031845127721025364
45,111,85.13980232779181,76.0898023277918,55.0,0.0021726340986480564
45,112,85.39483345852327,76.34483345852325,55.0,0.0021726340986480564
45,113,52.991602695904504,43.94160269590449,35.00000000000001,0.005714293741501186
45,114,53.355824896915834,44.30582489691582,35.00000000000001,0.005714293741501186
45,122,47.3,38.249999999999986,45.0,0.005714293741501186
45,123,47.599999999999994,38.54999999999998,45.0,0.005714293741501186
45,124,47.900000000000006,38.849999999999994,45.0,0.005714293741501186
45,130,91.70214577465133,82.65214577465132,65.0,0.003065473180270389
45,131,97.02682277467174,87.97682277467173,64.99999999999999,0.002946433588438241
45,132,80.6,71.54999999999998,45.000000000000014,0.005714293741501186
45,133,80.90000000000002,71.85,45.000000000000014,0.005714293741501186
45,135,45.372564877732415,36.3225648777324,25.0,0.0040178461054358695
45,143,61.409550172331166,52.35955017233115,25.0,0.0040178461054358695
45,144,61.88122621040759,52.83122621040757,25.0,0.0040178461054358695
45,145,81.23573261004299,72.18573261004298,35.00000000000001,0.005714293741501186
45,146,83.525,74.475,90.0,0.0016666666666666668
45,147,47.0,37.94999999999999,45.0,0.005714293741501186
45,150,29.900000000000002,20.849999999999994,45.0,0.005714293741501186
45,156,54.97645109661396,45.926451096613945,55.0,0.0021726340986480564
45,157,55.231482227345424,46.18148222734541,55.0,0.0021726340986480564
45,162,29.599999999999998,20.549999999999983,45.0,0.005714293741501186
45,163,33.739189441037084,24.689189441037072,55.0,0.0021726340986480564
45,165,26.08825551909341,17.038255519093397,55.0,0.0021726340986480564
45,166,26.343286649824847,17.293286649824836,55.0,0.0021726340986480564
45,177,25.750000000000014,16.700000000000003,45.0,0.005714293741501186
45,178,128.0,118.94999999999999,45.0,0.005714293741501186
45,179,93.72763054382298,84.67763054382297,65.0,0.003065473180270389
45,180,72.72500000000002,63.675,90.0,0.0016666666666666668
45,181,72.875,63.825,90.0,0.0016666666666666668
45,185,33.250000000000014,24.200000000000003,45.0,0.005714293741501186
45,186,33.55000000000001,24.5,45.0,0.005714293741501186
45,190,83.85980762113533,74.80980762113532,75.0,0.0019047739455851117
45,199,70.30336570479687,61.25336570479687,65.0,0.003065473180270389
45,200,70.52331185352014,61.47331185352013,65.0,0.003065473180270389
45,201,23.9,11.3,90.0,0.0016666666666666668
45,206,84.23202552952316,75.18202552952314,15.000000000000002,0.015327393996606094
45,207,53.391057525031776,44.34105752503176,25.0,0.0040178461054358695
45,210,64.54011849904359,55.49011849904358,55.0,0.0021726340986480564
45,211,58.2221779912569,49.17217799125689,55.0,0.0021726340986480564
45,212,58.47720912198835,49.42720912198834,55.0,0.0021726340986480564
45,213,58.73224025271982,49.68224025271981,55.0,0.0021726340986480564
45,214,58.98727138345127,49.93727138345126,55.0,0.0021726340986480564
45,215,59.242302514182725,50.192302514182714,55.0,0.0021726340986480564
45,216,50.79216211212685,41.74216211212684,65.0,0.003065473180270389
45,217,51.01210826085011,41.962108260850094,65.0,0.003065473180270389
45,218,51.23205440957336,42.18205440957335,65.0,0.003065473180270389
45,219,51.45200055829662,42.402000558296606,65.0,0.003065473180270389
45,222,65.8731119132006,56.823111913200584,55.0,0.0021726340986480564
45,223,66.12814304393206,57.078143043932045,55.0,0.0021726340986480564
45,224,66.38317417466352,57.33317417466351,55.0,0.0021726340986480564
45,225,84.23211110050565,75.18211110050564,35.00000000000001,0.005714293741501186
45,226,57.610492722547605,48.56049272254759,65.0,0.003065473180270389
45,227,57.83043887127086,48.78043887127084,65.0,0.003065473180270389
45,228,58.05038501999411,49.0003850199941,65.0,0.003065473180270389
45,229,23.9,6.8,90.0,0.0016666666666666668
45,246,30.800000000000004,21.749999999999993,45.0,0.005714293741501186
45,247,31.099999999999998,22.04999999999998,45.0,0.005714293741501186
45,248,30.200000000000003,21.149999999999988,45.0,0.005714293741501186
45,255,38.300000000000004,29.25,45.0,0.005714293741501186
46,52,114.78528137423858,117.8,45.0,0.005714293741501186
46,52,134.6,137.6147186257614,45.0,0.005714293741501186
46,53,115.68528137423858,118.7,45.0,0.005714293741501186
46,53,133.7,136.7147186257614,45.0,0.005714293741501186
46,54,115.38528137423859,118.4,45.0,0.005714293741501186
46,54,134.0,137.01471862576142,45.0,0.005714293741501186
46,55,115.08528137423858,118.1,45.0,0.005714293741501186
46,55,134.3,137.31471862576143,45.0,0.005714293741501186
46,56,134.94718340051315,137.96190202627457,40.00000000000001,0.005833333333333334
46,57,135.27594643940228,138.2906650651637,40.00000000000001,0.005833333333333334
46,58,135.6047094782914,138.61942810405282,40.00000000000001,0.005833333333333334
46,59,134.9,137.91471862576142,45.0,0.005714293741501186
46,67,76.87154535443969,79.88626398020111,65.0,0.003065473180270389
46,68,69.48998761461509,72.5047062403765,55.0,0.0021726340986480564
46,69,69.74501874534654,72.75973737110796,55.0,0.0021726340986480564
46,71,42.82656827627052,45.84128690203194,35.00000000000001,0.005714293741501186
46,72,104.30000000000001,107.31471862576143,44.99999999999999,0.006309519795916074
46,73,104.60000000000001,107.61471862576143,44.99999999999999,0.006309519795916074
46,74,64.70390475258358,67.71862337834499,75.0,0.0019047739455851117
46,77,114.49574099312787,117.51045961888929,35.00000000000001,0.005714293741501186
46,78,99.1110968900307,102.12581551579211,15.000000000000002,0.015327393996606094
46,79,99.82090451116603,102.83562313692745,15.000000000000002,0.015327393996606094
46,80,100.53071213230136,103.54543075806276,15.000000000000002,0.015327393996606094
46,85,114.44514442821742,117.45986305397884,55.0,0.0021726340986480564
46,86,113.68005103602304,116.69476966178446,55.0,0.0021726340986480564
46,87,113.9350821667545,116.94980079251592,55.0,0.0021726340986480564
46,88,114.19011329748596,117.20483192324738,55.0,0.0021726340986480564
46,89,86.68946352016243,89.70418214592385,15.000000000000002,0.015327393996606094
46,90,84.72370672341117,87.73842534917259,25.0,0.0040178461054358695
46,92,74.08580462077093,77.10052324653233,15.000000000000002,0.015327393996606094
46,93,118.99241095749005,122.00712958325147,42.20657451220055,0.005982153894564131
46,93,124.69287041674855,127.70758904250997,42.20657451220069,0.005982153894564131
46,94,118.68528137423858,121.7,45.0,0.005714293741501186
46,94,125.0,128.01471862576142,45.0,0.005714293741501186
46,95,118.38528137423859,121.4,45.0,0.005714293741501186
46,95,125.3,128.31471862576143,45.0,0.005714293741501186
46,96,118.08528137423858,121.1,45.0,0.005714293741501186
46,96,125.6,128.6147186257614,45.0,0.005714293741501186
46,97,119.4358879551491,122.45060658091052,32.13538989534526,0.0031845127721025364
46,97,123.9493934190895,126.96411204485092,32.13538989534543,0.0031845127721025364
46,99,121.04320703484075,124.05792566060217,8.805052466559406,0.010625007023813537
46,99,122.34207433939784,125.35679296515926,8.805052466559406,0.010625007023813537
46,100,120.00523188040307,123.01995050616449,23.436100884617876,0.004940466156456852
46,100,123.38004949383551,126.39476811959693,23.43610088461805,0.004940466156456852
46,101,126.8,129.81471862576143,45.0,0.005714293741501186
46,102,127.1,130.1147186257614,45.0,0.005714293741501186
46,103,127.4,130.41471862576142,45.0,0.005714293741501186
46,104,127.7,130.7147186257614,45.0,0.005714293741501186
46,105,24.200000000000006,21.685281374238578,44.99999999999997,0.006309519795916074
46,105,125.9,128.91471862576142,45.0,0.005714293741501186
46,106,126.2,129.2147186257614,45.0,0.005714293741501186
46,111,83.33134647897973,86.34606510474114,55.0,0.0021726340986480564
46,112,83.58637760971118,86.6010962354726,55.0,0.0021726340986480564
46,113,55.57434531166662,58.58906393742804,35.00000000000001,0.005714293741501186
46,114,55.93856751267795,58.95328613843937,35.00000000000001,0.005714293741501186
46,116,24.200000000000003,20.36009488527292,19.99999999999998,0.006815487227897463
46,116,28.12258215423911,31.137300780000523,25.0,0.0040178461054358695
46,117,24.20000000000001,19.53585165943654,19.99999999999998,0.006815487227897463
46,117,28.594258192315532,31.608976818076947,25.0,0.0040178461054358695
46,122,47.3,50.314718625761415,45.0,0.005714293741501186
46,123,47.599999999999994,50.61471862576141,45.0,0.005714293741501186
46,124,47.900000000000006,50.914718625761424,45.0,0.005714293741501186
46,130,88.48272180610951,91.49744043187093,65.0,0.003065473180270389
46,131,93.80739880612992,96.82211743189134,64.99999999999999,0.002946433588438241
46,132,80.6,83.61471862576141,45.000000000000014,0.005714293741501186
46,133,80.9,83.91471862576142,45.000000000000014,0.005714293741501186
46,135,52.276641858324666,55.29136048408608,25.0,0.0040178461054358695
46,143,68.31362715292343,71.32834577868483,25.0,0.0040178461054358695
46,144,68.78530319099985,71.80002181676127,25.0,0.0040178461054358695
46,145,83.81847522580509,86.8331938515665,35.00000000000001,0.005714293741501186
46,146,77.49264068711929,80.50735931288071,90.0,0.0016666666666666668
46,147,45.51706132585818,48.531779951619605,55.0,0.0021726340986480564
46,150,29.900000000000002,32.914718625761424,45.0,0.005714293741501186
46,156,53.167995247801876,56.182713873563294,55.0,0.0021726340986480564
46,157,53.42302637853333,56.43774500429475,55.0,0.0021726340986480564
46,162,29.59999999999999,32.6147186257614,45.0,0.005714293741501186
46,163,31.930733592224996,34.94545221798641,55.0,0.0021726340986480564
46,165,24.437424698811334,26.400582337423607,26.172142952549585,0.0034226200510209816
46,166,24.636114699459803,26.97513989489143,31.980052612396285,0.003035720306125889
46,177,24.20000000000001,16.7,89.99999999999997,0.0017559533843543149
46,178,128.0,131.01471862576142,45.0,0.005714293741501186
46,179,90.50820657528118,93.5229252010426,65.0,0.003065473180270389
46,180,66.6926406871193,69.70735931288071,90.0,0.0016666666666666668
46,181,66.84264068711929,69.8573593128807,90.0,0.0016666666666666668
46,185,24.200000000000014,24.2,89.99999999999997,0.0017559533843543149
46,186,24.200000000000014,24.5,89.99999999999997,0.0017559533843543149
46,190,79.44381411459537,82.45853274035679,75.0,0.0019047739455851117
46,199,67.08394173625507,70.09866036201649,65.0,0.003065473180270389
46,200,67.30388788497831,70.31860651073973,65.0,0.003065473180270389
46,201,24.200000000000003,11.3,89.99999999999997,0.0017559533843543149
46,206,100.71273766182455,103.72745628758597,15.000000000000002,0.015327393996606094
46,207,60.29513450562404,63.30985313138545,25.0,0.0040178461054358695
46,210,62.731662650231485,65.74638127599292,55.0,0.0021726340986480564
46,211,56.41372214244481,59.42844076820623,55.0,0.0021726340986480564
46,212,56.668753273176264,59.68347189893768,55.0,0.0021726340986480564
46,213,56.92378440390773,59.93850302966915,55.0,0.0021726340986480564
46,214,57.178815534639185,60.1935341604006,55.0,0.0021726340986480564
46,215,57.43384666537064,60.448565291132056,55.0,0.0021726340986480564
46,216,47.57273814358505,50.58745676934647,65.0,0.003065473180270389
46,217,47.79268429230831,50.80740291806973,65.0,0.003065473180270389
46,218,48.01263044103155,51.02734906679297,65.0,0.003065473180270389
46,219,48.2325765897548,51.24729521551622,65.0,0.003065473180270389
46,222,64.06465606438852,67.07937469014993,55.0,0.0021726340986480564
46,223,64.31968719511997,67.33440582088139,55.0,0.0021726340986480564
46,224,64.57471832585142,67.58943695161284,55.0,0.0021726340986480564
46,225,86.81485371626778,89.8295723420292,35.00000000000001,0.005714293741501186
46,226,54.3910687540058,57.40578737976721,65.0,0.003065473180270389
46,227,54.61101490272905,57.62573352849047,65.0,0.003065473180270389
46,228,54.8309610514523,57.84567967721372,65.0,0.003065473180270389
46,229,24.200000000000003,6.800000000000001,89.99999999999997,0.0017559533843543149
46,241,24.20000000000001,19.00810952001811,29.999999999999964,0.002410713282312352
46,241,35.410436517374066,38.425155143135484,15.000000000000002,0.015327393996606094
46,242,24.200000000000003,18.488494277747435,29.999999999999964,0.002410713282312352
46,242,36.120244138509385,39.134962764270796,15.000000000000002,0.015327393996606094
46,243,24.20000000000001,17.96887903547679,29.999999999999964,0.002410713282312352
46,243,36.83005175964472,39.84477038540613,15.000000000000002,0.015327393996606094
46,244,24.200000000000003,17.449263793206114,29.999999999999964,0.002410713282312352
46,244,37.539859380780044,40.55457800654145,15.000000000000002,0.015327393996606094
46,246,30.8,33.814718625761415,45.0,0.005714293741501186
46,247,31.099999999999998,34.11471862576141,45.0,0.005714293741501186
46,248,30.199999999999996,33.21471862576141,45.0,0.005714293741501186
46,255,37.483580707817296,40.498299333578714,55.0,0.0021726340986480564
47,52,115.08528137423859,117.8,45.0,0.005714293741501186
47,52,134.6,137.3147186257614,45.0,0.005714293741501186
47,53,115.9852813742386,118.7,45.0,0.005714293741501186
47,53,133.7,136.4147186257614,45.0,0.005714293741501186
47,54,115.6852813742386,118.4,45.0,0.005714293741501186
47,54,134.0,136.7147186257614,45.0,0.005714293741501186
47,55,115.38528137423859,118.1,45.0,0.005714293741501186
47,55,134.3,137.01471862576142,45.0,0.005714293741501186
47,56,134.91842036162402,137.63313898738542,40.00000000000001,0.005833333333333334
47,57,135.24718340051314,137.96190202627454,40.00000000000001,0.005833333333333334
47,58,135.5759464394023,138.2906650651637,40.00000000000001,0.005833333333333334
47,59,134.9,137.6147186257614,45.0,0.005714293741501186
47,67,76.95159920571645,79.66631783147785,65.0,0.003065473180270389
47,68,69.53495648388363,72.24967510964504,54.99999999999999,0.002261892721081555
47,69,69.78998761461509,72.50470624037649,54.99999999999999,0.002261892721081555
47,71,42.7623460752592,45.47706470102061,35.00000000000001,0.005714293741501186
47,72,104.30000000000001,107.01471862576142,44.99999999999999,0.006309519795916074
47,73,104.60000000000001,107.31471862576142,44.99999999999999,0.006309519795916074
47,74,64.81371237371891,67.5284309994803,75.0,0.0019047739455851117
47,77,114.43151879211655,117.14623741787796,35.00000000000001,0.005714293741501186
47,78,98.70128926889535,101.41600789465676,15.000000000000005,0.015327393996606094
47,79,99.41109689003068,102.12581551579208,15.000000000000005,0.015327393996606094
47,80,100.120904511166,102.83562313692741,15.000000000000005,0.015327393996606094
47,85,114.49011329748596,117.20483192324735,55.0,0.0021726340986480564
47,86,113.72501990529159,116.439738531053,55.0,0.0021726340986480564
47,87,113.98005103602304,116.69476966178445,55.0,0.0021726340986480564
47,88,114.2350821667545,116.9498007925159,55.0,0.0021726340986480564
47,89,86.27965589902706,88.99437452478847,15.000000000000005,0.015327393996606094
47,90,84.55203068533473,87.26674931109613,25.0,0.0040178461054358695
47,92,73.67599699963557,76.39071562539698,15.000000000000005,0.015327393996606094
47,93,119.3171001238823,122.0318187496437,39.09668886793455,0.005178573435375297
47,93,124.6681812503563,127.3828998761177,39.09668886793455,0.005178573435375297
47,94,118.9852813742386,121.7,45.0,0.005714293741501186
47,94,125.0,127.7147186257614,45.0,0.005714293741501186
47,95,118.6852813742386,121.4,45.0,0.005714293741501186
47,95,125.3,128.01471862576142,45.0,0.005714293741501186
47,96,118.38528137423859,121.1,45.0,0.005714293741501186
47,96,125.6,128.3147186257614,45.0,0.005714293741501186
47,97,119.84448136236085,122.55919998812226,28.09732325404853,0.002291673690480204
47,97,123.84080001187775,126.55551863763915,28.09732325404853,0.002291673690480204
47,100,120.55537370826539,123.2700923340268,17.662635670788937,0.012767860153062945
47,100,123.12990766597318,125.84462629173458,17.662635670788752,0.012767860153062945
47,101,126.8,129.51471862576142,45.0,0.005714293741501186
47,102,127.1,129.8147186257614,45.0,0.005714293741501186
47,103,127.4,130.1147186257614,45.0,0.005714293741501186
47,104,127.7,130.4147186257614,45.0,0.005714293741501186
47,105,24.500000000000004,21.985281374238575,44.99999999999998,0.006309519795916074
47,105,125.9,128.6147186257614,45.0,0.005714293741501186
47,106,126.2,128.9147186257614,45.0,0.005714293741501186
47,111,83.37631534824826,86.09103397400968,54.99999999999999,0.002261892721081555
47,112,83.63134647897974,86.34606510474114,54.99999999999999,0.002261892721081555
47,113,55.5101231106553,58.22484173641671,35.00000000000001,0.005714293741501186
47,114,55.874345311666616,58.58906393742802,35.00000000000001,0.005714293741501186
47,116,24.500000000000007,21.1843381111093,19.999999999999982,0.006815487227897463
47,116,27.95090611616266,30.66562474192407,25.0,0.0040178461054358695
47,117,24.500000000000004,20.360094885272915,19.999999999999982,0.006815487227897463
47,117,28.422582154239098,31.1373007800005,25.0,0.0040178461054358695
47,122,47.3,50.0147186257614,45.0,0.005714293741501186
47,123,47.599999999999994,50.31471862576141,45.0,0.005714293741501186
47,124,47.900000000000006,50.61471862576141,45.0,0.005714293741501186
47,130,88.56277565738625,91.27749428314766,65.0,0.003065473180270389
47,131,93.8874526574067,96.6021712831681,65.0,0.003065473180270389
47,132,80.60000000000001,83.31471862576142,45.000000000000014,0.005714293741501186
47,133,80.9,83.61471862576141,45.000000000000014,0.005714293741501186
47,135,52.10496582024824,54.819684446009646,25.0,0.0040178461054358695
47,143,68.14195111484699,70.8566697406084,25.0,0.0040178461054358695
47,144,68.61362715292341,71.32834577868482,25.0,0.0040178461054358695
47,145,83.75425302479377,86.46897165055518,35.00000000000001,0.005714293741501186
47,146,77.6426406871193,80.3573593128807,90.0,0.0016666666666666668
47,147,45.562030195126724,48.27674882088813,55.0,0.0021726340986480564
47,150,29.899999999999995,32.61471862576141,45.0,0.005714293741501186
47,156,53.21296411707042,55.927682742831834,55.0,0.0021726340986480564
47,157,53.467995247801866,56.18271387356327,55.0,0.0021726340986480564
47,162,29.600000000000005,32.314718625761415,45.0,0.005714293741501186
47,163,31.975702461493533,34.69042108725495,54.99999999999999,0.002261892721081555
47,165,24.570447340308895,25.646173449100974,18.78860918177778,0.009345240102041963
47,166,24.737424698811335,26.400582337423607,26.172142952549727,0.0034226200510209816
47,177,24.5,16.7,89.99999999999999,0.0017559533843543149
47,178,128.0,130.7147186257614,45.0,0.005714293741501186
47,179,90.58826042655792,93.30297905231933,64.99999999999999,0.002946433588438241
47,180,66.84264068711931,69.5573593128807,90.0,0.0016666666666666668
47,181,66.99264068711932,69.70735931288071,90.0,0.0016666666666666668
47,185,24.500000000000004,24.2,89.99999999999999,0.0017559533843543149
47,186,24.500000000000004,24.5,89.99999999999999,0.0017559533843543149
47,190,79.5536217357307,82.26834036149211,75.0,0.0019047739455851117
47,199,67.16399558753183,69.87871421329324,65.0,0.003065473180270389
47,200,67.38394173625508,70.09866036201647,65.0,0.003065473180270389
47,201,24.5,11.3,89.99999999999999,0.0017559533843543149
47,206,100.3029300406892,103.01764866645061,15.000000000000005,0.015327393996606094
47,207,60.1234584675476,62.838177093309,25.0,0.0040178461054358695
47,210,62.77663151950003,65.49135014526144,54.99999999999999,0.002261892721081555
47,211,56.458691011713356,59.173409637474776,55.0,0.0021726340986480564
47,212,56.71372214244481,59.42844076820622,55.0,0.0021726340986480564
47,213,56.968753273176276,59.6834718989377,55.0,0.0021726340986480564
47,214,57.22378440390773,59.93850302966914,55.0,0.0021726340986480564
47,215,57.47881553463918,60.1935341604006,55.0,0.0021726340986480564
47,216,47.6527919948618,50.3675106206232,65.0,0.003065473180270389
47,217,47.87273814358507,50.58745676934647,65.0,0.003065473180270389
47,218,48.0926842923083,50.8074029180697,65.0,0.003065473180270389
47,219,48.312630441031565,51.027349066792965,65.0,0.003065473180270389
47,222,64.10962493365705,66.82434355941847,55.0,0.0021726340986480564
47,223,64.3646560643885,67.07937469014992,55.0,0.0021726340986480564
47,224,64.61968719511997,67.33440582088139,55.0,0.0021726340986480564
47,225,86.75063151525643,89.46535014101784,35.00000000000001,0.005714293741501186
47,226,54.471122605282545,57.18584123104395,65.0,0.003065473180270389
47,227,54.6910687540058,57.405787379767204,65.0,0.003065473180270389
47,228,54.91101490272904,57.62573352849044,65.0,0.003065473180270389
47,229,24.5,6.800000000000001,89.99999999999999,0.0017559533843543149
47,241,24.500000000000004,19.52772476228874,29.99999999999998,0.002410713282312352
47,241,35.00062889623871,37.7153475220001,15.000000000000005,0.015327393996606094
47,242,24.50000000000001,19.008109520018103,29.99999999999998,0.002410713282312352
47,242,35.710436517374035,38.425155143135434,15.000000000000005,0.015327393996606094
47,243,24.5,18.488494277747428,29.99999999999998,0.002410713282312352
47,243,36.42024413850937,39.13496276427077,15.000000000000005,0.015327393996606094
47,244,24.500000000000007,17.968879035476782,29.99999999999998,0.002410713282312352
47,244,37.13005175964469,39.84477038540609,15.000000000000005,0.015327393996606094
47,246,30.8,33.514718625761404,45.0,0.005714293741501186
47,247,31.099999999999998,33.814718625761394,45.0,0.005714293741501186
47,248,30.199999999999996,32.914718625761395,45.0,0.005714293741501186
47,255,37.52854957708584,40.24326820284725,54.99999999999999,0.002261892721081555
48,60,114.8,144.02122461732037,78.46304096718451,0.0019047739455851117
48,61,114.5,144.09052498068888,75.52248781407006,0.0019047739455851117
48,77,117.8,143.9,90.0,0.0016666666666666668
48,78,116.9,143.9,90.0,0.0016666666666666668
48,79,117.2,143.9,90.0,0.0016666666666666668
48,80,117.5,143.9,90.0,0.0016666666666666668
48,81,112.56550233534843,144.98022096110986,79.918892586379,0.0019047739455851117
48,82,112.74496753175866,144.8596861575201,77.85435646857687,0.0017857062584988146
48,83,112.93011100363209,144.7448296293935,75.773675743929,0.0019047739455851117
48,84,113.1210797835557,144.63579840931712,73.67364894761948,0.0018452401020419631
48,93,124.7,143.9,90.0,0.0016666666666666668
48,94,125.0,143.9,90.0,0.0016666666666666668
48,95,125.3,143.9,90.0,0.0016666666666666668
48,96,125.6,143.9,90.0,0.0016666666666666668
48,97,124.1,143.9,90.0,0.0016666666666666668
48,98,124.4,143.9,90.0,0.0016666666666666668
48,99,123.5,143.9,90.0,0.0016666666666666668
48,100,123.8,143.9,90.0,0.0016666666666666668
48,101,126.8,143.90750469336857,87.13401601740117,0.0018749929761864628
48,102,127.1,143.93007537736028,84.26082952273327,0.0018452401020419631
48,103,127.4,143.96788402001445,81.37307344132131,0.00199406066327276
48,104,127.7,144.02122461732037,78.46304096718451,0.0019047739455851117
48,105,125.9,143.9,90.0,0.0016666666666666668
48,106,126.2,143.9,90.0,0.0016666666666666668
48,178,128.0,144.09052498068888,75.52248781407006,0.0019047739455851117
48,206,123.9063665882188,143.9,60.00000000000001,0.0018452401020419631
48,246,113.31805176583903,144.53277039160045,71.5508167513763,0.002708326309519796
48,247,113.52123995448653,144.43595858024796,69.40139951878028,0.003363086207477833
49,60,114.8,143.66788402001444,81.37307344132131,0.00199406066327276
49,61,114.5,143.72122461732036,78.46304096718451,0.0019047739455851117
49,77,117.8,143.6,90.0,0.0016666666666666668
49,78,116.9,143.6,90.0,0.0016666666666666668
49,79,117.2,143.6,90.0,0.0016666666666666668
49,80,117.5,143.6,90.0,0.0016666666666666668
49,81,112.26550233534843,144.68022096110985,79.918892586379,0.0019047739455851117
49,82,112.44496753175866,144.55968615752008,77.85435646857687,0.0017857062584988146
49,83,112.63011100363208,144.4448296293935,75.77367574392912,0.0019047739455851117
49,84,112.82107978355569,144.3357984093171,73.67364894761958,0.0018452401020419631
49,93,124.7,143.6,90.0,0.0016666666666666668
49,94,125.0,143.6,90.0,0.0016666666666666668
49,95,125.3,143.6,90.0,0.0016666666666666668
49,96,125.6,143.6,90.0,0.0016666666666666668
49,97,124.1,143.6,90.0,0.0016666666666666668
49,98,124.39249530663146,143.6,87.13401601740104,0.0018749929761864628
49,99,123.5,143.6,90.0,0.0016666666666666668
49,100,123.8,143.6,90.0,0.0016666666666666668
49,101,126.8,143.6,90.0,0.0016666666666666668
49,102,127.1,143.60750469336853,87.13401601740131,0.0018749929761864628
49,103,127.4,143.63007537736027,84.26082952273327,0.0018452401020419631
49,104,127.7,143.66788402001444,81.37307344132144,0.00199406066327276
49,105,125.9,143.6,90.0,0.0016666666666666668
49,106,126.2,143.6,90.0,0.0016666666666666668
49,178,128.0,143.72122461732036,78.46304096718464,0.0019047739455851117
49,206,123.7331615074619,143.6,60.00000000000001,0.0018452401020419631
49,246,113.01805176583902,144.23277039160044,71.55081675137643,0.002708326309519796
49,247,113.22123995448652,144.13595858024794,69.4013995187804,0.003363086207477833
50,60,114.8,143.3300753773603,84.26082952273315,0.0018452401020419631
50,61,114.5,143.36788402001446,81.37307344132131,0.00199406066327276
50,77,117.8,143.3,90.0,0.0016666666666666668
50,78,116.9,143.3,90.0,0.0016666666666666668
50,79,117.2,143.3,90.0,0.0016666666666666668
50,80,117.5,143.3,90.0,0.0016666666666666668
50,81,111.96550233534843,144.38022096110987,79.918892586379,0.0019047739455851117
50,82,112.14496753175868,144.2596861575201,77.85435646857675,0.0017857062584988146
50,83,112.3301110036321,144.1448296293935,75.773675743929,0.0019047739455851117
50,84,112.5210797835557,144.03579840931712,73.67364894761948,0.0018452401020419631
50,93,124.7,143.3,90.0,0.0016666666666666668
50,94,125.0,143.3,90.0,0.0016666666666666668
50,95,125.3,143.3,90.0,0.0016666666666666668
50,96,125.6,143.3,90.0,0.0016666666666666668
50,97,124.1,143.3,90.0,0.0016666666666666668
50,98,124.36992462263973,143.3,84.26082952273327,0.0018452401020419631
50,99,123.5,143.3,90.0,0.0016666666666666668
50,100,123.8,143.3,90.0,0.0016666666666666668
50,101,126.8,143.3,90.0,0.0016666666666666668
50,102,127.1,143.3,90.0,0.0016666666666666668
50,103,127.4,143.30750469336857,87.13401601740102,0.0018749929761864628
50,104,127.7,143.3300753773603,84.26082952273315,0.0018452401020419631
50,105,125.9,143.3,90.0,0.0016666666666666668
50,106,126.2,143.3,90.0,0.0016666666666666668
50,178,128.0,143.36788402001446,81.37307344132131,0.00199406066327276
50,206,123.55995642670503,143.3,60.00000000000001,0.0018452401020419631
50,246,112.71805176583904,143.93277039160046,71.5508167513763,0.002708326309519796
50,247,112.92123995448654,143.83595858024796,69.40139951878028,0.003363086207477833
51,60,114.8,143.00750469336856,87.13401601740117,0.0018749929761864628
51,61,114.5,143.03007537736028,84.26082952273327,0.0018452401020419631
51,77,117.8,143.0,90.0,0.0016666666666666668
51,78,116.9,143.0,90.0,0.0016666666666666668
51,79,117.2,143.0,90.0,0.0016666666666666668
51,80,117.5,143.0,90.0,0.0016666666666666668
51,81,111.66550233534842,144.08022096110986,79.918892586379,0.0019047739455851117
51,82,111.84496753175867,143.95968615752008,77.85435646857675,0.0017857062584988146
51,83,112.03011100363209,143.8448296293935,75.773675743929,0.0019047739455851117
51,84,112.2210797835557,143.7357984093171,73.67364894761948,0.0018452401020419631
51,93,124.7,143.0,90.0,0.0016666666666666668
51,94,125.0,143.0,90.0,0.0016666666666666668
51,95,125.3,143.0,90.0,0.0016666666666666668
51,96,125.6,143.0,90.0,0.0016666666666666668
51,97,124.1,143.0,90.0,0.0016666666666666668
51,98,124.33211597998556,143.0,81.37307344132131,0.00199406066327276
51,99,123.5,143.0,90.0,0.0016666666666666668
51,100,123.8,143.0,90.0,0.0016666666666666668
51,101,126.8,143.0,90.0,0.0016666666666666668
51,102,127.1,143.0,90.0,0.0016666666666666668
51,103,127.4,143.0,90.0,0.0016666666666666668
51,104,127.7,143.00750469336856,87.13401601740117,0.0018749929761864628
51,105,125.9,143.0,90.0,0.0016666666666666668
51,106,126.2,143.0,90.0,0.0016666666666666668
51,178,128.0,143.03007537736028,84.26082952273327,0.0018452401020419631
51,206,123.38675134594813,143.0,60.00000000000001,0.0018452401020419631
51,246,112.41805176583902,143.63277039160045,71.5508167513763,0.002708326309519796
51,247,112.62123995448653,143.53595858024795,69.40139951878028,0.003363086207477833
52,56,133.39232501417797,120.18978934707624,31.991875810007347,0.003035720306125889
52,56,134.6,133.99357759975862,4.999999999999998,0.0149702471258555
52,57,133.73693601685676,120.69969544097363,26.112319405990863,0.0034226200510209816
52,57,134.6,130.56456190893027,4.999999999999998,0.0149702471258555
52,58,134.09798273513164,121.39746262376747,18.604618411638278,0.009345240102041963
52,58,134.6,127.1355462181019,4.999999999999998,0.0149702471258555
52,66,55.4,143.96788402001445,81.37307344132138,0.00199406066327276
52,67,63.07207397340653,117.8,70.00000000000001,0.0033035804591888336
52,68,61.5032052256777,117.8,80.0,0.0018749929761864628
52,69,61.803205225677694,117.80000000000001,80.0,0.0018749929761864628
52,70,55.4,139.03923048454132,29.999999999999996,0.002410713282312352
52,71,56.08267735478631,121.02041731788786,37.59791465016815,0.0055654731802703885
52,72,104.50578405972534,117.8,85.0,0.0018749929761864628
52,73,104.80578405972534,117.8,85.0,0.0018749929761864628
52,77,114.5467947743223,117.8,80.00000000000001,0.0018749929761864628
52,78,108.16059152131598,117.8,60.00000000000001,0.0018452401020419631
52,79,108.46059152131598,117.8,60.00000000000001,0.0018452401020419631
52,80,108.76059152131597,117.8,60.00000000000001,0.0018452401020419631
52,81,85.38528137423857,117.8,45.0,0.005714293741501186
52,82,85.6852813742386,117.8,45.0,0.005714293741501186
52,83,85.98528137423858,117.8,45.0,0.005714293741501186
52,84,86.28528137423858,117.8,45.0,0.005714293741501186
52,85,114.38516910749811,117.80000000000001,80.0,0.0018749929761864628
52,86,113.48516910749811,117.8,80.0,0.0018749929761864628
52,87,113.7851691074981,117.8,80.0,0.0018749929761864628
52,88,114.0851691074981,117.8,80.0,0.0018749929761864628
52,89,102.91059152131598,117.8,60.00000000000001,0.0018452401020419631
52,90,95.66522509148376,117.8,70.0,0.0033035804591888336
52,91,76.38528137423856,117.8,45.0,0.005714293741501186
52,92,97.58365848026239,117.8,60.00000000000001,0.0018452401020419631
52,101,126.8,117.8,90.0,0.0016666666666666668
52,102,127.1,117.8,90.0,0.0016666666666666668
52,103,127.4,117.8,90.0,0.0016666666666666668
52,104,127.7,117.8,90.0,0.0016666666666666668
52,105,120.31471862576143,117.8,45.0,0.005714293741501186
52,106,125.28468116669362,117.8,57.93505233201117,0.0021726340986480564
52,107,55.4,137.9,90.0,0.0016666666666666668
52,108,55.4,137.6,90.0,0.0016666666666666668
52,109,55.4,137.3,90.0,0.0016666666666666668
52,110,55.4,137.0,90.0,0.0016666666666666668
52,111,77.7851691074981,117.79999999999998,80.0,0.0018749929761864628
52,112,78.0851691074981,117.79999999999998,80.00000000000001,0.0018749929761864628
52,113,66.01483089250189,117.8,80.0,0.0018749929761864628
52,114,66.3148308925019,117.8,80.00000000000001,0.0018749929761864628
52,115,55.60463706218617,122.24636927842751,45.00708306562134,0.005714293741501186
52,116,59.749478333465696,118.03148387986123,85.9671955480526,0.0018749929761864628
52,117,60.0234735729257,117.96003638747928,83.26299019353576,0.0017857062584988146
52,126,55.4,135.8,90.0,0.0016666666666666668
52,127,55.4,135.5,90.0,0.0016666666666666668
52,128,55.4,135.2,90.0,0.0016666666666666668
52,129,55.4,134.9,90.0,0.0016666666666666668
52,130,81.49999999999999,117.8,89.99999999999999,0.0017559533843543149
52,131,86.17207397340654,117.8,70.00000000000001,0.0033035804591888336
52,132,80.6,117.8,90.0,0.0016666666666666668
52,133,80.9,117.8,90.0,0.0016666666666666668
52,134,62.03752456236956,117.8,60.00000000000001,0.0018452401020419631
52,135,75.02792602659345,117.8,70.0,0.0033035804591888336
52,136,55.4,133.7,90.0,0.0016666666666666668
52,137,55.4,132.5,90.0,0.0016666666666666668
52,138,55.4,132.2,90.0,0.0016666666666666668
52,139,55.4,131.9,90.0,0.0016666666666666668
52,140,55.4,131.6,90.0,0.0016666666666666668
52,141,55.4,131.3,90.0,0.0016666666666666668
52,142,55.4,131.0,90.0,0.0016666666666666668
52,143,85.22792602659345,117.8,70.0,0.0033035804591888336
52,144,85.52792602659346,117.8,70.0,0.0033035804591888336
52,145,89.2787586561427,117.8,80.00000000000001,0.0018749929761864628
52,151,55.4,128.6,90.0,0.0016666666666666668
52,152,55.4,128.3,90.0,0.0016666666666666668
52,153,55.4,128.0,90.0,0.0016666666666666668
52,154,55.4,127.7,90.0,0.0016666666666666668
52,155,55.4,128.9,90.0,0.0016666666666666668
52,178,128.0,117.8,90.0,0.0016666666666666668
52,179,81.67207397340654,117.8,70.00000000000001,0.0033035804591888336
52,190,55.400000000000006,124.10364039457767,29.999999999999996,0.002410713282312352
52,190,58.65588099101793,118.46428909473691,32.7835562765594,0.0031845127721025364
52,206,108.83752456236957,117.8,60.00000000000001,0.0018452401020419631
52,207,80.10145342727701,117.8,75.21919315755264,0.0019047739455851117
52,225,91.1,117.8,90.0,0.0016666666666666668
52,241,81.23752456236957,117.8,60.00000000000001,0.0018452401020419631
52,242,81.53752456236957,117.8,60.00000000000001,0.0018452401020419631
52,243,81.83752456236957,117.8,60.00000000000001,0.0018452401020419631
52,244,82.13752456236955,117.8,60.00000000000001,0.0018452401020419631
52,246,86.58528137423858,117.8,45.0,0.005714293741501186
52,247,86.88528137423856,117.8,45.0,0.005714293741501186
53,60,92.0,125.3,90.0,0.0016666666666666668
53,61,92.0,125.6,90.0,0.0016666666666666668
53,62,92.0,141.2,90.0,0.0016666666666666668
53,63,92.0,141.5,90.0,0.0016666666666666668
53,72,104.58452385689867,118.7,85.0,0.0018749929761864628
53,73,104.88452385689867,118.7,85.0,0.0018749929761864628
53,77,114.70548905695992,118.7,80.00000000000001,0.0018749929761864628
53,78,108.68020676358664,118.7,60.00000000000001,0.0018452401020419631
53,79,108.98020676358664,118.7,60.00000000000001,0.0018452401020419631
53,80,109.28020676358665,118.7,60.00000000000001,0.0018452401020419631
53,81,92.00648097226198,124.4211995980234,47.66330672998648,0.005476186462582741
53,82,92.02611262953917,124.14083125530058,50.34742796010689,0.0038393007653147234
53,83,92.05739131006857,123.87210993582998,52.93107140169601,0.002202386972792556
53,84,92.09912939635657,123.61384802211799,55.42948804589168,0.0021726340986480564
53,85,114.22647482486049,118.70000000000002,80.0,0.0018749929761864628
53,86,113.32647482486048,118.7,80.0,0.0018749929761864628
53,87,113.62647482486048,118.7,80.0,0.0018749929761864628
53,88,113.92647482486048,118.7,80.0,0.0018749929761864628
53,89,103.43020676358665,118.7,60.00000000000001,0.0018452401020419631
53,90,96.10462350885913,119.00723722988297,88.41491790673682,0.0018154872278974634
53,91,92.0,133.41471862576142,45.0,0.005714293741501186
53,92,98.10327372253306,118.7,60.00000000000001,0.0018452401020419631
53,93,92.64182867015248,122.0,63.256316049596954,0.0025595338435431486
53,94,92.80384757729337,121.7,60.00000000000001,0.0018452401020419631
53,95,92.98901207345298,121.4,56.63298703076826,0.0021428531292494077
53,96,93.2,121.1,53.130102354155895,0.002321426564624704
53,97,92.50090916605299,122.3,66.42182152179812,0.002916680714293742
53,98,92.0,137.9,90.0,0.0016666666666666668
53,99,92.27636479149832,122.9,72.54239687627793,0.002232139846937056
53,100,92.37950180144145,122.6,69.51268488527724,0.003363086207477833
53,101,126.8,118.7,90.0,0.0016666666666666668
53,102,127.1,118.7,90.0,0.0016666666666666668
53,103,127.4,118.7,90.0,0.0016666666666666668
53,104,127.7,118.7,90.0,0.0016666666666666668
53,105,121.21471862576144,118.7,45.0,0.005714293741501186
53,106,125.74774630282948,118.7,67.61178327128427,0.002976186462582741
53,151,92.0,128.72122461732036,78.46304096718451,0.0019047739455851117
53,152,92.0,128.36788402001446,81.37307344132131,0.00199406066327276
53,153,92.0,128.03007537736028,84.26082952273327,0.0018452401020419631
53,154,92.0,127.70750469336853,87.13401601740117,0.0018749929761864628
53,155,92.0,129.09052498068888,75.52248781407006,0.0019047739455851117
53,178,128.0,118.70750469336855,87.13401601740104,0.0018749929761864628
53,206,109.35713980464023,118.7,60.00000000000001,0.0018452401020419631
53,241,92.0,136.441154273188,29.999999999999993,0.002410713282312352
53,242,92.0,135.92153903091733,29.999999999999993,0.002410713282312352
53,243,92.0,135.40192378864668,29.999999999999993,0.002410713282312352
53,244,92.0,134.882308546376,29.999999999999993,0.002410713282312352
53,246,92.15038110121091,123.36509972697232,57.8549357808083,0.0021726340986480564
53,247,92.21038095613685,123.12509958189827,60.2174696635967,0.0018452401020419631
54,56,133.56428353818774,122.15528427041352,16.969889935117042,0.012797613027207446
54,56,134.0,127.13554621810188,4.999999999999998,0.0149702471258555
54,60,91.7,125.3,90.0,0.0016666666666666668
54,61,91.7,125.6,90.0,0.0016666666666666668
54,62,91.7,141.2,90.0,0.0016666666666666668
54,63,91.7,141.5,90.0,0.0016666666666666668
54,72,104.5582772578409,118.4,85.0,0.0018749929761864628
54,73,104.85827725784088,118.4,85.0,0.0018749929761864628
54,77,114.65259096274737,118.4,80.00000000000001,0.0018749929761864628
54,78,108.50700168282975,118.4,60.00000000000001,0.0018452401020419631
54,79,108.80700168282975,118.4,60.00000000000001,0.0018452401020419631
54,80,109.10700168282975,118.4,60.00000000000001,0.0018452401020419631
54,81,91.70648097226199,124.12119959802341,47.66330672998648,0.005476186462582741
54,82,91.72611262953919,123.8408312553006,50.347427960106764,0.0038393007653147234
54,83,91.75739131006857,123.57210993582999,52.93107140169601,0.002202386972792556
54,84,91.79912939635659,123.31384802211801,55.42948804589157,0.0021726340986480564
54,85,114.27937291907303,118.4,80.0,0.0018749929761864628
54,86,113.37937291907303,118.4,80.0,0.0018749929761864628
54,87,113.67937291907302,118.4,80.0,0.0018749929761864628
54,88,113.97937291907303,118.4,80.0,0.0018749929761864628
54,89,103.25700168282977,118.4,60.00000000000001,0.0018452401020419631
54,90,95.97572733324802,118.65309789793737,86.7010921710782,0.0018749929761864628
54,91,91.7,133.11471862576144,45.0,0.005714293741501186
54,92,97.93006864177616,118.4,60.00000000000001,0.0018452401020419631
54,93,92.200909166053,122.0,66.42182152179812,0.002916680714293742
54,94,92.34182867015248,121.7,63.256316049596954,0.0025595338435431486
54,95,92.50384757729337,121.4,60.00000000000001,0.0018452401020419631
54,96,92.68901207345299,121.1,56.63298703076814,0.0021428531292494077
54,97,92.07950180144144,122.3,69.51268488527728,0.003363086207477833
54,98,91.7,137.9,90.0,0.0016666666666666668
54,99,91.89052498068888,122.9,75.52248781407006,0.0019047739455851117
54,100,91.97636479149833,122.6,72.54239687627782,0.002232139846937056
54,101,126.8,118.4,90.0,0.0016666666666666668
54,102,127.1,118.4,90.0,0.0016666666666666668
54,103,127.4,118.4,90.0,0.0016666666666666668
54,104,127.7,118.4,90.0,0.0016666666666666668
54,105,120.91471862576144,118.4,45.0,0.005714293741501186
54,106,125.6144547478038,118.4,64.47656533610828,0.002946433588438241
54,151,91.7,128.66788402001444,81.37307344132131,0.00199406066327276
54,152,91.7,128.3300753773603,84.26082952273315,0.0018452401020419631
54,153,91.7,128.00750469336856,87.13401601740117,0.0018749929761864628
54,154,91.7,127.69999999999999,90.0,0.0016666666666666668
54,155,91.7,129.02122461732037,78.46304096718451,0.0019047739455851117
54,178,128.0,118.4,90.0,0.0016666666666666668
54,206,109.18393472388334,118.4,60.00000000000001,0.0018452401020419631
54,241,91.7,135.92153903091733,29.999999999999993,0.002410713282312352
54,242,91.7,135.40192378864668,29.999999999999993,0.002410713282312352
54,243,91.7,134.882308546376,29.999999999999993,0.002410713282312352
54,244,91.7,134.36269330410536,29.999999999999993,0.002410713282312352
54,246,91.8503811012109,123.06509972697233,57.85493578080815,0.0021726340986480564
54,247,91.91038095613685,122.82509958189827,60.2174696635967,0.0018452401020419631
55,56,133.46769184373423,121.0512361507977,25.53917099914192,0.0040178461054358695
55,56,134.3,130.56456190893041,4.999999999999998,0.0149702471258555
55,57,133.83095903871737,121.77438349850392,17.805417525322444,0.012767860153062945
55,57,134.3,127.13554621810205,4.999999999999998,0.0149702471258555
55,60,91.4,125.3,90.0,0.0016666666666666668
55,61,91.4,125.6,90.0,0.0016666666666666668
55,62,91.4,141.2,90.0,0.0016666666666666668
55,63,91.4,141.5,90.0,0.0016666666666666668
55,72,104.53203065878311,118.1,85.0,0.0018749929761864628
55,73,104.83203065878311,118.1,85.0,0.0018749929761864628
55,77,114.59969286853483,118.1,80.00000000000001,0.0018749929761864628
55,78,108.33379660207287,118.1,60.00000000000001,0.0018452401020419631
55,79,108.63379660207286,118.1,60.00000000000001,0.0018452401020419631
55,80,108.93379660207286,118.1,60.00000000000001,0.0018452401020419631
55,81,91.40648097226199,123.82119959802341,47.66330672998635,0.005476186462582741
55,82,91.42611262953918,123.54083125530059,50.347427960106764,0.0038393007653147234
55,83,91.45739131006857,123.27210993582999,52.93107140169587,0.002202386972792556
55,84,91.49912939635658,123.013848022118,55.42948804589155,0.0021726340986480564
55,85,114.33227101328558,118.1,80.0,0.0018749929761864628
55,86,113.43227101328557,118.1,80.0,0.0018749929761864628
55,87,113.73227101328557,118.1,80.0,0.0018749929761864628
55,88,114.03227101328557,118.1,80.0,0.0018749929761864628
55,89,103.08379660207287,118.1,60.00000000000001,0.0018452401020419631
55,90,95.84867332537162,118.30401988024576,84.98430534895765,0.0018452401020419631
55,91,91.4,132.81471862576143,45.0,0.005714293741501186
55,92,97.75686356101929,118.1,60.00000000000001,0.0018452401020419631
55,93,91.77950180144144,122.0,69.51268488527741,0.003363086207477833
55,94,91.900909166053,121.7,66.42182152179824,0.002916680714293742
55,95,92.04182867015248,121.4,63.25631604959708,0.0025595338435431486
55,96,92.20384757729337,121.1,60.00000000000001,0.0018452401020419631
55,97,91.67636479149833,122.3,72.54239687627793,0.002232139846937056
55,98,91.4,137.9,90.0,0.0016666666666666668
55,99,91.52122461732037,122.9,78.46304096718464,0.0019047739455851117
55,100,91.59052498068888,122.6,75.52248781407006,0.0019047739455851117
55,101,126.8,118.1,90.0,0.0016666666666666668
55,102,127.1,118.1,90.0,0.0016666666666666668
55,103,127.4,118.1,90.0,0.0016666666666666668
55,104,127.7,118.1,90.0,0.0016666666666666668
55,105,120.61471862576143,118.1,45.0,0.005714293741501186
55,106,125.46071776390559,118.1,61.25709304901311,0.0018452401020419631
55,151,91.4,128.63007537736027,84.26082952273315,0.0018452401020419631
55,152,91.4,128.30750469336857,87.13401601740102,0.0018749929761864628
55,153,91.4,128.0,90.0,0.0016666666666666668
55,154,91.4,127.7,90.0,0.0016666666666666668
55,155,91.4,128.96788402001445,81.37307344132131,0.00199406066327276
55,178,128.0,118.1,90.0,0.0016666666666666668
55,206,109.01072964312645,118.1,60.00000000000001,0.0018452401020419631
55,241,91.4,135.40192378864668,29.999999999999993,0.002410713282312352
55,242,91.4,134.882308546376,29.999999999999993,0.002410713282312352
55,243,91.4,134.36269330410536,29.999999999999993,0.002410713282312352
55,244,91.4,133.84307806183472,29.999999999999993,0.002410713282312352
55,246,91.5503811012109,122.76509972697232,57.85493578080815,0.0021726340986480564
55,247,91.61038095613685,122.52509958189827,60.217469663596574,0.0018452401020419631
56,59,131.07570670380287,93.71072089395426,24.999999999999996,0.004821426564624704
56,59,134.9,137.42259329058714,4.999999999999998,0.0149702471258555
56,85,126.94927640201854,46.54540672086006,14.999999999999998,0.017410713282312352
56,146,125.70272628738736,32.29727371261263,50.0,0.0038393007653147234
56,198,125.47474503565594,29.691436081273494,59.61103484220571,0.0018749929761864628
57,59,131.4292863245658,94.32313876163657,24.999999999999996,0.004821426564624704
57,59,134.9,133.9935775997588,4.999999999999998,0.0149702471258555
57,85,127.14978799171615,45.408248987585296,14.999999999999998,0.017410713282312352
57,146,125.97859123206395,32.02140876793605,50.0,0.0038393007653147234
57,198,125.75614379327642,29.478822907979207,56.24261667154861,0.0021428531292494077
58,59,131.7828659453287,94.93555662931888,24.999999999999996,0.004821426564624704
58,59,134.9,130.56456190893041,4.999999999999998,0.0149702471258555
58,85,127.35029958141378,44.27109125431055,14.999999999999998,0.017410713282312352
58,146,126.25445617674055,31.745543823259453,50.0,0.0038393007653147234
58,198,126.03527834913457,29.240329790117585,52.73609795679182,0.002202386972792556
59,67,94.74394183629025,30.782258214776455,49.99999999999999,0.004404773945585112
59,72,104.3,47.33383647440509,29.999999999999986,0.002410713282312352
59,73,104.6,47.85345171667575,29.999999999999986,0.002410713282312352
59,74,90.3865334794732,23.235005551444118,59.99999999999999,0.0018749929761864628
59,75,87.99918691124635,19.100000000000005,60.00000000000001,0.0018452401020419631
59,77,101.163930402954,41.902004596249355,19.999999999999996,0.006815487227897463
59,85,121.5438557284212,77.20107071441828,40.0,0.005833333333333334
59,86,120.85441572961413,76.00692560771418,39.99999999999999,0.005178573435375297
59,87,121.08422906254982,76.40497397661554,39.99999999999999,0.005178573435375297
59,88,121.31404239548552,76.8030223455169,39.99999999999999,0.005178573435375297
59,101,96.94131508359149,34.58822032229481,9.999999999999998,0.0073512075340233535
59,102,127.1,86.82459488697549,29.999999999999996,0.002410713282312352
59,103,127.4,87.34421012924618,29.999999999999996,0.002410713282312352
59,104,127.7,87.86382537151684,29.999999999999996,0.002410713282312352
59,111,93.5066291102666,28.639169708451956,39.99999999999999,0.005178573435375297
59,112,93.7364424432023,29.037218077353316,39.99999999999999,0.005178573435375297
59,130,104.45760349008647,47.60681372668503,50.0,0.0038393007653147234
59,131,108.91211428055082,55.32225273863311,49.999999999999986,0.004404773945585112
59,132,84.31080396242677,12.711533334873756,34.99999999999999,0.004583347380960408
59,133,84.57132583055719,13.16277044695839,34.99999999999999,0.004583347380960408
59,146,106.63017757501365,51.36982242498635,75.0,0.0019047739455851117
59,167,84.88149545762238,13.700000000000001,60.00000000000001,0.0018452401020419631
59,168,85.05470053837925,14.0,60.00000000000001,0.0018452401020419631
59,169,85.22790561913615,14.299999999999999,60.00000000000001,0.0018452401020419631
59,170,85.40111069989302,14.599999999999998,60.00000000000001,0.0018452401020419631
59,171,85.57431578064993,14.900000000000002,60.00000000000001,0.0018452401020419631
59,172,85.74752086140681,15.200000000000001,60.00000000000001,0.0018452401020419631
59,173,85.9207259421637,15.5,60.00000000000001,0.0018452401020419631
59,174,86.09393102292059,15.799999999999999,60.00000000000001,0.0018452401020419631
59,175,86.26713610367747,16.100000000000005,60.00000000000001,0.0018452401020419631
59,176,86.44034118443435,16.399999999999995,60.00000000000001,0.0018452401020419631
59,177,86.61354626519125,16.700000000000003,60.00000000000001,0.0018452401020419631
59,178,128.0,88.38344061378749,29.999999999999996,0.002410713282312352
59,179,106.15208068751306,50.5417343248948,49.999999999999986,0.004404773945585112
59,180,98.72402885326977,37.675971146730234,75.0,0.0019047739455851117
59,181,98.8338364744051,37.8661635255949,75.0,0.0019047739455851117
59,183,89.90444279957211,22.399999999999995,60.00000000000001,0.0018452401020419631
59,184,90.07764788032901,22.700000000000003,60.00000000000001,0.0018452401020419631
59,185,90.94367328411344,24.200000000000003,60.00000000000001,0.0018452401020419631
59,186,91.11687836487033,24.5,60.00000000000001,0.0018452401020419631
59,187,90.25085296108588,23.0,60.00000000000001,0.0018452401020419631
59,188,90.42405804184278,23.299999999999997,60.00000000000001,0.0018452401020419631
59,189,90.59726312259967,23.600000000000005,60.00000000000001,0.0018452401020419631
59,190,102.0115334794732,43.37009618943232,59.99999999999999,0.0018749929761864628
59,191,87.5,18.23538290724795,29.999999999999996,0.002410713282312352
59,191,92.44895522649665,26.80722480392369,49.91120850932152,0.004404773945585112
59,192,86.9,17.196152422706632,29.999999999999996,0.002410713282312352
59,192,92.67324946368421,27.195713818577445,57.834176124672034,0.0021726340986480564
59,193,86.6,16.676537180435943,29.999999999999996,0.002410713282312352
59,193,92.8489291724392,27.5,60.00000000000001,0.0018452401020419631
59,194,93.19533933395299,28.100000000000005,60.00000000000001,0.0018452401020419631
59,195,93.36854441470987,28.399999999999995,60.00000000000001,0.0018452401020419631
59,196,93.54174949546676,28.700000000000003,60.00000000000001,0.0018452401020419631
59,197,93.0221342531961,27.799999999999997,60.00000000000001,0.0018452401020419631
59,198,86.3,16.156921938165283,29.999999999999996,0.002410713282312352
59,198,94.75418506076497,30.799999999999997,60.00000000000001,0.0018452401020419631
59,199,84.8,13.558845726811967,29.999999999999996,0.002410713282312352
59,200,85.1,14.078460969082627,29.999999999999996,0.002410713282312352
59,201,82.57457544412534,9.704297327625667,77.22696561134696,0.0017857062584988146
59,202,82.1376885576387,8.947587043070214,75.06683827470363,0.0019047739455851117
59,203,81.47395447957167,7.797965897143243,71.78425982566029,0.002708326309519796
59,204,81.69634390296264,8.183155677522365,72.88475602171144,0.002232139846937056
59,205,81.91758210838722,8.56635148989308,73.9787804803103,0.0018452401020419631
59,249,90.77046820335656,23.899999999999995,60.00000000000001,0.0018452401020419631
59,250,82.35668097171788,9.326893030727518,76.14941229879733,0.0017857062584988146
59,251,88.17239199200324,19.399999999999995,60.00000000000001,0.0018452401020419631
59,252,88.34559707276013,19.700000000000003,60.00000000000001,0.0018452401020419631
59,253,88.51880215351702,20.0,60.00000000000001,0.0018452401020419631
59,254,88.6920072342739,20.299999999999997,60.00000000000001,0.0018452401020419631
60,72,105.16194903616977,125.3,85.0,0.0018749929761864628
60,73,105.46194903616977,125.3,85.0,0.0018749929761864628
60,81,92.88528137423857,125.3,45.0,0.005714293741501186
60,81,114.8,148.12650060048048,18.194872338766743,0.009345240102041963
60,82,93.18528137423858,125.3,45.0,0.005714293741501186
60,82,114.8,147.38466063387557,25.841932763167396,0.0040178461054358695
60,83,93.48528137423858,125.3,45.0,0.005714293741501186
60,83,114.8,146.83930387414418,31.78833061705165,0.003035720306125889
60,84,93.78528137423858,125.3,45.0,0.005714293741501186
60,84,114.8,146.4,36.86989764584399,0.006011906768708631
60,85,112.79422301336814,126.82270365963112,58.26365558534505,0.00199406066327276
60,86,111.99972127893227,126.22439326413601,67.77219375036073,0.002976186462582741
60,87,112.26808059443545,126.40383650288308,64.68906097980518,0.002946433588438241
60,88,112.53301505580487,126.60270305461384,61.52528719526945,0.0018452401020419631
60,89,106.66234575020269,125.3,83.57761417943951,0.0017857062584988146
60,90,98.39500184848026,125.3,70.0,0.0033035804591888336
60,91,83.88528137423857,125.3,45.0,0.005714293741501186
60,92,101.91378549918458,125.3,60.00000000000001,0.0018452401020419631
60,93,74.64182867015248,125.3,63.256316049596954,0.0025595338435431486
60,94,74.200909166053,125.3,66.42182152179812,0.002916680714293742
60,97,83.20384757729337,125.3,59.99999999999988,0.0018749929761864628
60,98,114.8,137.9,90.0,0.0016666666666666668
60,99,84.2,125.3,53.130102354155895,0.002321426564624704
60,100,83.68901207345299,125.3,56.63298703076826,0.0021428531292494077
60,107,63.5,137.9,90.0,0.0016666666666666668
60,108,63.5,137.6,90.0,0.0016666666666666668
60,109,63.5,137.3,90.0,0.0016666666666666668
60,110,63.5,137.0,90.0,0.0016666666666666668
60,111,76.4627167521846,125.29999999999998,80.0,0.0018749929761864628
60,112,76.76271675218462,125.29999999999998,80.00000000000001,0.0018749929761864628
60,113,67.40394033693654,125.67803113768153,79.55284771890753,0.0019047739455851117
60,114,67.68675145234911,125.58054812902128,82.40972541784548,0.0018749929761864628
60,115,63.5,135.92153903091733,29.999999999999993,0.002410713282312352
60,116,63.846963957053404,129.2892331072084,39.58031052185781,0.005178573435375297
60,117,64.00330192901913,128.89452492915117,43.63523639900421,0.006458340357146871
60,126,63.5,135.8,90.0,0.0016666666666666668
60,127,63.5,135.5,90.0,0.0016666666666666668
60,128,63.5,135.2,90.0,0.0016666666666666668
60,129,63.5,134.9,90.0,0.0016666666666666668
60,130,81.49999999999999,125.3,89.99999999999999,0.0017559533843543149
60,131,83.44229721641003,125.3,70.00000000000001,0.0033035804591888336
60,132,80.6,125.3,90.0,0.0016666666666666668
60,133,80.9,125.30000000000001,90.0,0.0016666666666666668
60,134,66.75225625187174,125.96615483027281,87.25537359933482,0.0018749929761864628
60,135,77.75770278358996,125.3,70.0,0.0033035804591888336
60,136,63.5,133.7,90.0,0.0016666666666666668
60,137,63.5,132.5,90.0,0.0016666666666666668
60,138,63.5,132.2,90.0,0.0016666666666666668
60,139,63.5,131.9,90.0,0.0016666666666666668
60,140,63.5,131.6,90.0,0.0016666666666666668
60,141,63.499999999999986,131.3,90.0,0.0016666666666666668
60,142,63.50750469336853,131.0,87.13401601740105,0.0018749929761864628
60,143,87.95770278358998,125.3,70.0,0.0033035804591888336
60,144,88.25770278358998,125.3,70.0,0.0033035804591888336
60,145,90.60121101145619,125.3,80.00000000000001,0.0018749929761864628
60,151,64.14182867015246,128.6,63.25631604959689,0.0025595338435431486
60,152,64.30384757729335,128.3,60.00000000000007,0.0018452401020419631
60,153,64.48901207345297,128.0,56.63298703076822,0.0021428531292494077
60,154,64.69999999999999,127.7,53.13010235415599,0.002321426564624704
60,155,64.00090916605298,128.9,66.42182152179818,0.002916680714293742
60,179,81.2,125.3,90.0,0.0016666666666666668
60,207,80.3,125.3,90.0,0.0016666666666666668
60,225,91.1,125.3,90.0,0.0016666666666666668
60,241,85.56765158129176,125.3,60.00000000000001,0.0018452401020419631
60,242,85.86765158129175,125.3,60.00000000000001,0.0018452401020419631
60,243,86.16765158129175,125.3,60.00000000000001,0.0018452401020419631
60,244,86.46765158129175,125.3,60.00000000000001,0.0018452401020419631
60,246,94.08528137423858,125.3,45.0,0.005714293741501186
60,246,114.8,146.03137303340313,41.409622109270764,0.005982153894564131
60,247,94.38528137423857,125.3,45.0,0.005714293741501186
60,247,114.8,145.7147186257614,45.0,0.005714293741501186
61,72,105.18819563522754,125.6,85.0,0.0018749929761864628
61,73,105.48819563522754,125.6,85.0,0.0018749929761864628
61,81,93.18528137423857,125.6,45.0,0.005714293741501186
61,81,114.5,147.3846606338756,25.841932763167094,0.0040178461054358695
61,82,93.48528137423858,125.6,45.0,0.005714293741501186
61,82,114.5,146.83930387414418,31.78833061705165,0.003035720306125889
61,83,93.78528137423858,125.6,45.0,0.005714293741501186
61,83,114.5,146.4,36.86989764584399,0.006011906768708631
61,84,94.08528137423858,125.6,45.0,0.005714293741501186
61,84,114.5,146.03137303340313,41.409622109270764,0.005982153894564131
61,85,112.70630188965858,127.32132913008547,55.4886682272084,0.0021726340986480564
61,86,111.92100284255947,126.6708277012058,65.2381182142199,0.003065473180270389
61,87,112.18656098952962,126.86615715612795,62.08971534998414,0.002113100255104908
61,88,112.44845147119281,127.08228697462584,58.84675526805722,0.00199406066327276
61,89,106.6885100607029,125.6,86.45357971565791,0.0018749929761864628
61,90,98.50419291876013,125.6,70.0,0.0033035804591888336
61,91,84.18528137423857,125.6,45.0,0.005714293741501186
61,92,102.08699057994147,125.6,60.00000000000001,0.0018452401020419631
61,93,74.50090916605299,125.6,66.42182152179812,0.002916680714293742
61,94,74.07950180144144,125.6,69.51268488527728,0.003363086207477833
61,97,83.04182867015247,125.6,63.25631604959689,0.0025595338435431486
61,98,114.5,137.9,90.0,0.0016666666666666668
61,99,83.98901207345298,125.6,56.63298703076814,0.0021428531292494077
61,100,83.50384757729337,125.6,60.00000000000001,0.0018452401020419631
61,107,63.8,137.90750469336857,87.13401601740117,0.0018749929761864628
61,108,63.8,137.6,90.0,0.0016666666666666668
61,109,63.8,137.3,90.0,0.0016666666666666668
61,110,63.8,137.0,90.0,0.0016666666666666668
61,111,76.40981865797207,125.6,80.0,0.0018749929761864628
61,112,76.70981865797208,125.6,80.00000000000001,0.0018749929761864628
61,113,67.47298932031111,126.06962738175682,77.18013927228718,0.0017857062584988146
61,114,67.75361661493865,125.9597593099811,80.05829429219654,0.0018749929761864628
61,115,63.8,136.441154273188,29.999999999999993,0.002410713282312352
61,116,64.05641745855156,129.86470187300029,36.811046131265364,0.006011906768708631
61,117,64.20205588113106,129.4405969246061,41.09408628748364,0.005982153894564131
61,126,63.8,135.8,90.0,0.0016666666666666668
61,127,63.8,135.5,90.0,0.0016666666666666668
61,128,63.8,135.2,90.0,0.0016666666666666668
61,129,63.8,134.9,90.0,0.0016666666666666668
61,130,81.49999999999999,125.6,89.99999999999999,0.0017559533843543149
61,131,83.33310614613018,125.6,70.00000000000001,0.0033035804591888336
61,132,80.6,125.6,90.0,0.0016666666666666668
61,133,80.9,125.6,90.0,0.0016666666666666668
61,134,66.95503174196372,126.31737228164182,88.30476136135226,0.0018154872278974634
61,135,77.86689385386983,125.6,70.0,0.0033035804591888336
61,136,63.8,133.7,90.0,0.0016666666666666668
61,137,63.8,132.5,90.0,0.0016666666666666668
61,138,63.8,132.2,90.0,0.0016666666666666668
61,139,63.8,131.9,90.0,0.0016666666666666668
61,140,63.8,131.6,90.0,0.0016666666666666668
61,141,63.80750469336854,131.3,87.1340160174013,0.0018749929761864628
61,142,63.830075377360274,131.0,84.26082952273327,0.0018452401020419631
61,143,88.06689385386983,125.6,70.0,0.0033035804591888336
61,144,88.36689385386984,125.6,70.0,0.0033035804591888336
61,145,90.65410910566872,125.6,80.00000000000001,0.0018749929761864628
61,151,64.60384757729337,128.6,60.00000000000001,0.0018452401020419631
61,152,64.78901207345297,128.3,56.63298703076845,0.0021428531292494077
61,153,65.0,128.0,53.13010235415601,0.002321426564624704
61,154,65.2403947539288,127.7,49.458398126495545,0.004404773945585112
61,155,64.44182867015246,128.9,63.25631604959713,0.0025595338435431486
61,179,81.2,125.6,90.0,0.0016666666666666668
61,207,80.3,125.6,90.0,0.0016666666666666668
61,225,91.1,125.6,90.0,0.0016666666666666668
61,241,85.74085666204864,125.6,60.00000000000001,0.0018452401020419631
61,242,86.04085666204864,125.6,60.00000000000001,0.0018452401020419631
61,243,86.34085666204864,125.6,60.00000000000001,0.0018452401020419631
61,244,86.64085666204863,125.6,60.00000000000001,0.0018452401020419631
61,246,94.38528137423857,125.6,45.0,0.005714293741501186
61,246,114.5,145.7147186257614,45.0,0.005714293741501186
61,247,94.68528137423857,125.6,45.0,0.005714293741501186
61,247,114.5,145.41471862576142,45.0,0.005714293741501186
62,91,99.78528137423856,141.2,45.0,0.005714293741501186
62,91,105.8,148.12650060048048,18.194872338766743,0.009345240102041963
62,93,74.0,141.2,90.0,0.0016666666666666668
62,94,73.7,141.2,90.0,0.0016666666666666668
62,97,82.4,141.2,90.0,0.0016666666666666668
62,98,82.74182867015247,141.2,63.25631604959684,0.0025595338435431486
62,99,83.0,141.2,90.0,0.0016666666666666668
62,100,82.7,141.2,90.0,0.0016666666666666668
62,107,68.91601039694987,141.31797920610023,75.89202534968797,0.0019047739455851117
62,108,69.32097837643839,141.25078784123278,74.41010189290066,0.0017857062584988146
62,109,69.72487006959382,141.211738354471,73.21686485909609,0.0018452401020419631
62,110,70.12363520850167,141.2,72.54239687627778,0.002232139846937056
62,111,73.65911775892002,141.2,80.0,0.0018749929761864628
62,112,73.95911775892003,141.2,80.00000000000001,0.0018749929761864628
62,113,70.14088224107996,141.2,80.0,0.0018749929761864628
62,114,70.44088224107998,141.2,80.00000000000001,0.0018749929761864628
62,115,67.03396094817134,142.0425389451144,89.26910394131528,0.0017559533843543149
62,116,68.28449974410626,141.48126248015788,87.61283293871527,0.0018749929761864628
62,117,68.55570261485126,141.40214301778468,84.91482902851808,0.0018452401020419631
62,126,78.46992462263972,141.2,84.260829522733,0.0018452401020419631
62,127,78.79249530663145,141.2,87.13401601740104,0.0018749929761864628
62,128,79.1,141.2,90.0,0.0016666666666666668
62,129,79.4,141.2,90.0,0.0016666666666666668
62,130,81.5,141.2,89.99999999999999,0.0017559533843543149
62,131,81.8,141.2,90.0,0.0016666666666666668
62,132,80.6,141.2,90.0,0.0016666666666666668
62,133,80.9,141.2,90.0,0.0016666666666666668
62,134,75.5475208614068,141.2,60.00000000000001,0.0018452401020419631
62,135,80.0,141.2,90.0,0.0016666666666666668
62,136,88.1,141.2,90.0,0.0016666666666666668
62,137,88.4,141.2,90.0,0.0016666666666666668
62,138,88.7,141.2,90.0,0.0016666666666666668
62,139,89.0,141.2,90.0,0.0016666666666666668
62,140,89.3,141.2,90.0,0.0016666666666666668
62,141,89.6,141.2,90.0,0.0016666666666666668
62,142,89.9,141.2,90.0,0.0016666666666666668
62,143,90.2,141.2,90.0,0.0016666666666666668
62,144,90.5,141.2,90.0,0.0016666666666666668
62,145,90.8,141.2,90.0,0.0016666666666666668
62,151,96.8,141.2,90.0,0.0016666666666666668
62,152,97.1,141.2,90.0,0.0016666666666666668
62,153,97.4,141.2,90.0,0.0016666666666666668
62,154,97.7,141.2,90.0,0.0016666666666666668
62,155,96.5,141.2,90.0,0.0016666666666666668
62,179,81.2,141.2,90.0,0.0016666666666666668
62,207,80.3,141.2,90.0,0.0016666666666666668
62,225,91.1,141.2,90.0,0.0016666666666666668
62,241,94.7475208614068,141.2,60.00000000000001,0.0018452401020419631
62,242,95.0475208614068,141.2,60.00000000000001,0.0018452401020419631
62,243,95.34752086140679,141.2,60.00000000000001,0.0018452401020419631
62,244,95.64752086140679,141.2,60.00000000000001,0.0018452401020419631
63,91,100.11710012388228,141.5318187496437,39.096688867934695,0.005178573435375297
63,91,105.49884500069147,147.38227719983405,24.74298241476987,0.004821426564624704
63,93,74.0,141.5,90.0,0.0016666666666666668
63,94,73.7,141.5,90.0,0.0016666666666666668
63,97,82.4,141.5,90.0,0.0016666666666666668
63,98,82.60090916605299,141.5,66.42182152179812,0.002916680714293742
63,99,83.0,141.5,90.0,0.0016666666666666668
63,100,82.7,141.5,90.0,0.0016666666666666668
63,107,69.06253950964046,141.65096593985575,80.86565079573039,0.0018749929761864628
63,108,69.44829692939508,141.57595904256215,79.41173660025406,0.0019047739455851117
63,109,69.83203855062682,141.52694217405977,78.24366497847991,0.0019047739455851117
63,110,70.21024909927928,141.50300120096097,77.36437490697897,0.0017857062584988146
63,111,73.60621966470748,141.5,80.0,0.0018749929761864628
63,112,73.90621966470748,141.5,80.00000000000001,0.0018749929761864628
63,113,70.19440163959439,141.50352359179172,81.96370414116016,0.00199406066327276
63,114,70.49378033529251,141.5,80.00000000000001,0.0018749929761864628
63,115,67.240067866418,142.39952659930904,88.22025203025684,0.0018154872278974634
63,116,68.41437246197134,141.8380848398954,89.32571347911261,0.0017559533843543149
63,117,68.68268194336642,141.7510158556176,86.63176828411721,0.0018749929761864628
63,126,78.49249530663145,141.5,87.13401601740104,0.0018749929761864628
63,127,78.8,141.5,90.0,0.0016666666666666668
63,128,79.1,141.5,90.0,0.0016666666666666668
63,129,79.4,141.5,90.0,0.0016666666666666668
63,130,81.5,141.5,89.99999999999999,0.0017559533843543149
63,131,81.8,141.5,90.0,0.0016666666666666668
63,132,80.6,141.5,90.0,0.0016666666666666668
63,133,80.9,141.5,90.0,0.0016666666666666668
63,134,75.7207259421637,141.5,60.00000000000001,0.0018452401020419631
63,135,80.0,141.5,90.0,0.0016666666666666668
63,136,88.1,141.5,90.0,0.0016666666666666668
63,137,88.4,141.5,90.0,0.0016666666666666668
63,138,88.7,141.5,90.0,0.0016666666666666668
63,139,89.0,141.5,90.0,0.0016666666666666668
63,140,89.3,141.5,90.0,0.0016666666666666668
63,141,89.6,141.5,90.0,0.0016666666666666668
63,142,89.9,141.5,90.0,0.0016666666666666668
63,143,90.2,141.5,90.0,0.0016666666666666668
63,144,90.5,141.5,90.0,0.0016666666666666668
63,145,90.8,141.5,90.0,0.0016666666666666668
63,151,96.8,141.5,90.0,0.0016666666666666668
63,152,97.1,141.5,90.0,0.0016666666666666668
63,153,97.4,141.5,90.0,0.0016666666666666668
63,154,97.7,141.5,90.0,0.0016666666666666668
63,155,96.5,141.5,90.0,0.0016666666666666668
63,179,81.2,141.5,90.0,0.0016666666666666668
63,207,80.3,141.5,90.0,0.0016666666666666668
63,225,91.1,141.5,90.0,0.0016666666666666668
63,241,94.9207259421637,141.5,60.00000000000001,0.0018452401020419631
63,242,95.2207259421637,141.5,60.00000000000001,0.0018452401020419631
63,243,95.5207259421637,141.5,60.00000000000001,0.0018452401020419631
63,244,95.82072594216369,141.5,60.00000000000001,0.0018452401020419631
64,93,74.0,143.6,90.0,0.0016666666666666668
64,94,73.7,143.6,90.0,0.0016666666666666668
64,97,82.4,143.63007537736027,84.26082952273315,0.0018452401020419631
64,98,82.10711611597397,143.60786518081335,89.85676040200927,0.0017559533843543149
64,99,83.0,143.72122461732036,78.46304096718451,0.0019047739455851117
64,100,82.7,143.66788402001444,81.37307344132131,0.00199406066327276
64,107,69.49735212790836,143.72176573316838,80.13949535501442,0.0018749929761864628
64,108,69.8,143.66788402001444,81.37307344132131,0.00199406066327276
64,109,70.1,143.63007537736027,84.26082952273315,0.0018452401020419631
64,110,70.4,143.60750469336855,87.13401601740117,0.0018749929761864628
64,111,73.2359330052197,143.60000000000002,80.0,0.0018749929761864628
64,112,73.5359330052197,143.60000000000002,80.00000000000001,0.0018749929761864628
64,113,70.5643374609334,143.601533889777,81.29559222828783,0.00199406066327276
64,114,70.8640669947803,143.6,80.00000000000001,0.0018749929761864628
64,115,68.23817900490091,144.12830580276187,84.22390156976283,0.0018452401020419631
64,116,69.13158850873626,143.80861973325253,85.15326310032741,0.0018749929761864628
64,117,69.40697089038419,143.7409833827095,82.44514751522856,0.0018749929761864628
64,126,78.5,143.6,90.0,0.0016666666666666668
64,127,78.8,143.6,90.0,0.0016666666666666668
64,128,79.1,143.6,90.0,0.0016666666666666668
64,129,79.4,143.6,90.0,0.0016666666666666668
64,130,81.5,143.6,89.99999999999999,0.0017559533843543149
64,131,81.8,143.6,90.0,0.0016666666666666668
64,132,80.6,143.6,90.0,0.0016666666666666668
64,133,80.9,143.6,90.0,0.0016666666666666668
64,134,76.9331615074619,143.6,60.00000000000001,0.0018452401020419631
64,135,80.0,143.6,90.0,0.0016666666666666668
64,179,81.2,143.6,90.0,0.0016666666666666668
64,207,80.3,143.6,90.0,0.0016666666666666668
65,93,74.0,143.9,90.0,0.0016666666666666668
65,94,73.7,143.9,90.0,0.0016666666666666668
65,97,82.4,143.96788402001445,81.37307344132131,0.00199406066327276
65,98,82.1,143.93007537736028,84.26082952273327,0.0018452401020419631
65,99,83.0,144.09052498068888,75.52248781407006,0.0019047739455851117
65,100,82.7,144.02122461732037,78.46304096718451,0.0019047739455851117
65,107,69.5,144.09052498068888,75.52248781407006,0.0019047739455851117
65,108,69.8,144.02122461732037,78.46304096718451,0.0019047739455851117
65,109,70.1,143.96788402001445,81.37307344132131,0.00199406066327276
65,110,70.4,143.93007537736028,84.26082952273327,0.0018452401020419631
65,111,73.18303491100717,143.9,80.0,0.0018749929761864628
65,112,73.48303491100717,143.9,80.00000000000001,0.0018749929761864628
65,113,70.61909911505647,143.91210266321733,83.63978313089869,0.0017857062584988146
65,114,70.91706615889163,143.90057319587956,80.79198506602349,0.0018749929761864628
65,115,68.43803826030663,144.47447218748744,85.27691866247754,0.0018749929761864628
65,116,69.25882407879044,144.15819658892784,86.86968983258507,0.0018749929761864628
65,117,69.53128612198101,144.08253667441605,84.16916645168813,0.0018452401020419631
65,126,78.5,143.9,90.0,0.0016666666666666668
65,127,78.8,143.9,90.0,0.0016666666666666668
65,128,79.1,143.9,90.0,0.0016666666666666668
65,129,79.4,143.9,90.0,0.0016666666666666668
65,130,81.5,143.9,89.99999999999999,0.0017559533843543149
65,131,81.8,143.90750469336854,87.13401601740117,0.0018749929761864628
65,132,80.6,143.9,90.0,0.0016666666666666668
65,133,80.9,143.9,90.0,0.0016666666666666668
65,134,77.1063665882188,143.9,60.00000000000001,0.0018452401020419631
65,135,80.0,143.9,90.0,0.0016666666666666668
65,179,81.2,143.9,90.0,0.0016666666666666668
65,207,80.3,143.9,90.0,0.0016666666666666668
66,95,56.0,144.09052498068888,75.52248781407006,0.0019047739455851117
66,96,55.7,144.02122461732037,78.46304096718451,0.0019047739455851117
66,118,50.769148318871764,144.3301435586896,83.25215766769075,0.0017857062584988146
66,119,51.153694325412,144.1911336190112,81.08320374700895,0.00199406066327276
66,120,51.544752731929066,144.07915337869377,79.19307712513967,0.0019047739455851117
66,121,51.93936979305868,143.99448871272577,77.58447269509169,0.0017857062584988146
66,122,52.49112951142687,143.92161804282637,89.86519974018826,0.0017559533843543149
66,123,52.78956114317202,143.90369151164344,87.00995528350636,0.0018749929761864628
66,124,53.08923817775195,143.9,85.0,0.0018749929761864628
66,125,52.698113973131726,143.90759941035466,88.55262099093301,0.0018154872278974634
66,210,53.9,143.9,90.0,0.0016666666666666668
66,222,54.2,143.9,90.0,0.0016666666666666668
66,223,54.5,143.9,90.0,0.0016666666666666668
66,224,54.8,143.90750469336854,87.13401601740117,0.0018749929761864628
67,74,95.3,14.72463189660306,29.999999999999993,0.002410713282312352
67,75,95.3,19.1,90.0,0.0016666666666666668
67,76,95.3,6.192495306631454,87.13401601740117,0.0018749929761864628
67,78,80.50596416742637,69.90078035867913,49.999999999999986,0.004404773945585112
67,79,80.62196192789051,69.58207913109658,49.999999999999986,0.004404773945585112
67,80,80.73795968835466,69.26337790351403,49.999999999999986,0.004404773945585112
67,81,69.02626792931817,101.4409865550796,65.0,0.003065473180270389
67,82,69.10632178059493,101.22104040635634,65.0,0.003065473180270389
67,83,69.18637563187167,101.00109425763308,65.0,0.003065473180270389
67,84,69.26642948314841,100.78114810890983,65.0,0.003065473180270389
67,89,78.47600335930377,75.47805184137383,49.99999999999999,0.004404773945585112
67,90,79.36864953244515,73.02552663710533,40.0,0.005833333333333334
67,91,66.62465239101566,108.03937101677708,65.0,0.003065473180270389
67,92,76.4162956829548,81.13705217281996,49.999999999999986,0.004404773945585112
67,95,62.01358042837714,121.4,86.14432260639505,0.0018749929761864628
67,96,62.04138080285314,121.1,83.26695710960573,0.0017857062584988146
67,105,78.34705451236479,75.83233588660337,65.0,0.003065473180270389
67,106,79.73072699223613,72.03072699223611,65.0,0.003065473180270389
67,107,62.0,137.9,90.0,0.0016666666666666668
67,108,62.0,137.6,90.0,0.0016666666666666668
67,109,62.0,137.3,90.0,0.0016666666666666668
67,110,62.0,137.0,90.0,0.0016666666666666668
67,111,91.610956033925,39.39006596224691,9.999999999999998,0.0073512075340233535
67,111,95.3,18.468457985675368,9.999999999999998,0.0073512075340233535
67,112,92.19286382016077,37.7912874593593,10.0,0.005952372925165482
67,112,95.3,20.16984253156066,9.999999999999996,0.0073512075340233535
67,113,65.05445680927187,112.35344792174557,29.999999999999996,0.002410713282312352
67,114,65.25655126257196,111.79819797470654,29.999999999999993,0.002410713282312352
67,115,62.0,133.323462819564,29.999999999999993,0.002410713282312352
67,116,62.0,124.21474134065761,20.0,0.0050297528741445
67,117,62.0,123.39049811482124,20.0,0.0050297528741445
67,126,62.0,135.8,90.0,0.0016666666666666668
67,127,62.0,135.5,90.0,0.0016666666666666668
67,128,62.0,135.2,90.0,0.0016666666666666668
67,129,62.0,134.9,90.0,0.0016666666666666668
67,132,80.60000000000001,69.64241903206346,19.99999999999999,0.006815487227897463
67,133,80.90000000000002,68.81817580622703,19.99999999999999,0.006815487227897463
67,134,62.67205592417389,118.89904055764097,49.999999999999986,0.004404773945585112
67,135,69.05,101.37578322676437,40.0,0.005833333333333334
67,136,62.0,133.7,90.0,0.0016666666666666668
67,137,62.0,132.5,90.0,0.0016666666666666668
67,138,62.0,132.2,90.0,0.0016666666666666668
67,139,62.0,131.9,90.0,0.0016666666666666668
67,140,62.0,131.6,90.0,0.0016666666666666668
67,141,62.0,131.3,90.0,0.0016666666666666668
67,142,62.0,131.0,90.0,0.0016666666666666668
67,143,74.14999999999999,87.3636483875458,40.0,0.005833333333333334
67,144,74.3,86.95152677462761,40.0,0.005833333333333334
67,145,80.72615935262361,69.2957990594771,29.999999999999996,0.002410713282312352
67,146,76.16069744789169,81.83930255210831,25.000000000000004,0.0040178461054358695
67,151,62.0,128.6,90.0,0.0016666666666666668
67,152,62.0,128.3,90.0,0.0016666666666666668
67,153,62.0,128.0,90.0,0.0016666666666666668
67,154,62.0,127.7,90.0,0.0016666666666666668
67,155,62.0,128.9,90.0,0.0016666666666666668
67,180,88.52137218939492,47.87862781060508,25.000000000000004,0.0040178461054358695
67,181,88.3496961513185,48.350303848681506,25.000000000000004,0.0040178461054358695
67,182,95.3,9.2,90.0,0.0016666666666666668
67,183,95.3,22.4,90.0,0.0016666666666666668
67,184,95.3,22.7,90.0,0.0016666666666666668
67,185,95.3,24.2,90.0,0.0016666666666666668
67,186,95.3,24.5,90.0,0.0016666666666666668
67,187,95.3,23.0,90.0,0.0016666666666666668
67,188,95.3,23.3,90.0,0.0016666666666666668
67,189,95.3,23.6,90.0,0.0016666666666666668
67,190,69.95074097408508,98.90101773968806,9.999999999999998,0.0073512075340233535
67,191,95.3,26.9,90.0,0.0016666666666666668
67,192,95.3,27.2,90.0,0.0016666666666666668
67,193,95.3,27.5,90.0,0.0016666666666666668
67,194,95.3,28.1,90.0,0.0016666666666666668
67,195,95.2965493122943,28.4,88.05671879807086,0.0018154872278974634
67,196,95.27883994633366,28.7,85.18664265839212,0.0018749929761864628
67,197,95.3,27.8,90.0,0.0016666666666666668
67,198,94.73748435456613,30.8,70.00000000000001,0.0033035804591888336
67,206,80.76770655658103,69.18164905476256,49.999999999999986,0.004404773945585112
67,207,71.6,94.36971580715509,40.0,0.005833333333333334
67,225,82.38874738605145,64.7278759797786,29.999999999999993,0.002410713282312352
67,241,70.09591259387939,98.50216199235751,49.999999999999986,0.004404773945585112
67,242,70.21191035434353,98.18346076477496,49.999999999999986,0.004404773945585112
67,243,70.32790811480768,97.86475953719241,49.999999999999986,0.004404773945585112
67,244,70.44390587527184,97.54605830960986,49.999999999999986,0.004404773945585112
67,246,69.34648333442516,100.5612019601866,65.0,0.003065473180270389
67,247,69.42653718570192,100.34125581146334,65.0,0.003065473180270389
67,249,95.3,23.9,90.0,0.0016666666666666668
67,251,95.3,19.4,90.0,0.0016666666666666668
67,252,95.3,19.7,90.0,0.0016666666666666668
67,253,95.3,20.0,90.0,0.0016666666666666668
67,254,95.3,20.3,90.0,0.0016666666666666668
68,74,72.80937190771951,53.67954244656876,19.999999999999993,0.006815487227897463
68,75,76.7,19.1,90.0,0.0016666666666666668
68,78,72.41896001908671,55.89367829273455,39.99999999999999,0.005178573435375297
68,79,72.48914668615102,55.4956299238332,39.99999999999999,0.005178573435375297
68,80,72.55933335321532,55.09758155493185,39.99999999999999,0.005178573435375297
68,81,65.0830384262978,97.49775705205924,54.99999999999999,0.002261892721081555
68,82,65.12800729556636,97.24272592132778,54.99999999999999,0.002261892721081555
68,83,65.1729761648349,96.98769479059632,54.99999999999999,0.002261892721081555
68,84,65.21794503410345,96.73266365986487,54.99999999999999,0.002261892721081555
68,89,71.19069334546136,62.859524748508406,39.99999999999999,0.005178573435375297
68,91,63.733972348241515,105.14869097400293,55.0,0.0021726340986480564
68,92,69.94442775937374,69.92744810930228,39.99999999999999,0.005178573435375297
68,95,61.400000000000006,121.43007537736028,84.26082952273326,0.0018452401020419631
68,96,61.400000000000006,121.10750469336854,87.13401601740117,0.0018749929761864628
68,105,70.31882941758957,67.80411079182815,55.0,0.0021726340986480564
68,106,71.09608355171872,63.39608355171873,54.99999999999999,0.002261892721081555
68,107,61.4,137.9,89.99999999999999,0.0017559533843543149
68,108,61.4,137.6,89.99999999999999,0.0017559533843543149
68,109,61.4,137.3,89.99999999999999,0.0017559533843543149
68,110,61.4,137.0,89.99999999999999,0.0017559533843543149
68,113,63.7590180590898,105.00664968940967,20.0,0.0050297528741445
68,114,63.9090180590898,104.15595741646698,19.999999999999996,0.006815487227897463
68,115,61.400000000000006,132.2842323350227,30.00000000000001,0.0026488205612307967
68,116,61.400000000000006,122.56625488898486,20.000000000000014,0.0050297528741445
68,117,61.400000000000006,121.74201166314847,20.000000000000014,0.0050297528741445
68,126,61.400000000000006,135.8,89.99999999999999,0.0017559533843543149
68,127,61.400000000000006,135.5,89.99999999999999,0.0017559533843543149
68,128,61.400000000000006,135.2,89.99999999999999,0.0017559533843543149
68,129,61.400000000000006,134.9,89.99999999999999,0.0017559533843543149
68,134,61.628212203645745,117.09105019852447,39.99999999999999,0.005178573435375297
68,135,65.91702250560253,92.76799830524783,29.999999999999996,0.002410713282312352
68,136,61.400000000000006,133.7,89.99999999999999,0.0017559533843543149
68,137,61.400000000000006,132.5,89.99999999999999,0.0017559533843543149
68,138,61.400000000000006,132.2,89.99999999999999,0.0017559533843543149
68,139,61.400000000000006,131.9,89.99999999999999,0.0017559533843543149
68,140,61.400000000000006,131.6,89.99999999999999,0.0017559533843543149
68,141,61.400000000000006,131.3,89.99999999999999,0.0017559533843543149
68,142,61.400000000000006,131.0,89.99999999999999,0.0017559533843543149
68,143,69.24581109339984,73.88950010592202,29.999999999999996,0.002410713282312352
68,144,69.34371664009976,73.33425015888304,29.999999999999996,0.002410713282312352
68,145,75.3909819409102,39.038504399991766,19.999999999999996,0.006815487227897463
68,146,66.06366765297375,91.93633234702625,35.00000000000001,0.005714293741501186
68,151,61.400000000000006,128.6,89.99999999999999,0.0017559533843543149
68,152,61.400000000000006,128.3,89.99999999999999,0.0017559533843543149
68,153,61.400000000000006,128.0,89.99999999999999,0.0017559533843543149
68,154,61.400000000000006,127.7,89.99999999999999,0.0017559533843543149
68,155,61.400000000000006,128.9,89.99999999999999,0.0017559533843543149
68,167,76.7,13.7,90.0,0.0016666666666666668
68,168,76.7,14.0,90.0,0.0016666666666666668
68,169,76.7,14.3,90.0,0.0016666666666666668
68,170,76.7,14.6,90.0,0.0016666666666666668
68,171,76.7,14.9,90.0,0.0016666666666666668
68,172,76.7,15.2,90.0,0.0016666666666666668
68,173,76.7,15.5,90.0,0.0016666666666666668
68,174,76.7,15.8,90.0,0.0016666666666666668
68,175,76.7,16.1,90.0,0.0016666666666666668
68,176,76.7,16.4,90.0,0.0016666666666666668
68,177,76.7,16.7,90.0,0.0016666666666666668
68,180,70.68766612578858,65.71233387421142,35.00000000000001,0.005714293741501186
68,181,70.62344392477728,66.07655607522273,35.00000000000001,0.005714293741501186
68,183,76.7,22.4,90.0,0.0016666666666666668
68,184,76.7,22.7,90.0,0.0016666666666666668
68,185,76.7,24.2,90.0,0.0016666666666666668
68,186,76.7,24.5,90.0,0.0016666666666666668
68,187,76.7,23.0,90.0,0.0016666666666666668
68,188,76.7,23.3,90.0,0.0016666666666666668
68,189,76.7,23.6,90.0,0.0016666666666666668
68,190,62.586518474447146,111.65622526730283,19.999999999999996,0.006815487227897463
68,194,76.7,28.1,90.0,0.0016666666666666668
68,195,76.7,28.4,90.0,0.0016666666666666668
68,196,76.7,28.7,90.0,0.0016666666666666668
68,197,76.7,27.8,90.0,0.0016666666666666668
68,199,72.57384732794716,55.01526871390482,9.999999999999996,0.0073512075340233535
68,200,72.29193954171139,56.61404721679243,9.999999999999996,0.0073512075340233535
68,201,76.7,11.3,90.0,0.0016666666666666668
68,202,76.7,10.7,90.0,0.0016666666666666668
68,203,76.7,9.8,90.0,0.0016666666666666668
68,204,76.7,10.1,90.0,0.0016666666666666668
68,205,76.7,10.4,90.0,0.0016666666666666668
68,206,72.57733226567757,54.99550464991184,39.99999999999999,0.005178573435375297
68,207,67.58141679950118,83.32874920558493,29.999999999999996,0.002410713282312352
68,241,66.12015889576136,91.61595458883724,39.99999999999999,0.005178573435375297
68,242,66.19034556282567,91.21790621993588,39.99999999999999,0.005178573435375297
68,243,66.26053222988998,90.81985785103453,39.99999999999999,0.005178573435375297
68,244,66.33071889695428,90.42180948213314,39.99999999999999,0.005178573435375297
68,246,65.262913903372,96.47763252913342,55.0,0.0021726340986480564
68,247,65.30788277264054,96.22260139840196,55.0,0.0021726340986480564
68,249,76.7,23.9,90.0,0.0016666666666666668
68,250,76.7,11.0,90.0,0.0016666666666666668
68,251,76.7,19.4,90.0,0.0016666666666666668
68,252,76.7,19.7,90.0,0.0016666666666666668
68,253,76.7,20.0,90.0,0.0016666666666666668
68,254,76.7,20.3,90.0,0.0016666666666666668
69,74,73.24127969395529,52.9314562166238,19.999999999999993,0.006815487227897463
69,75,77.0,19.1,90.0,0.0016666666666666668
69,78,72.6487733520224,56.29172666163593,39.99999999999999,0.005178573435375297
69,79,72.71896001908672,55.893678292734556,39.99999999999999,0.005178573435375297
69,80,72.78914668615101,55.49562992383321,39.99999999999999,0.005178573435375297
69,81,65.33806955702929,97.75278818279071,54.99999999999999,0.002261892721081555
69,82,65.38303842629782,97.49775705205923,54.99999999999999,0.002261892721081555
69,83,65.42800729556637,97.24272592132778,54.99999999999999,0.002261892721081555
69,84,65.4729761648349,96.98769479059632,54.99999999999999,0.002261892721081555
69,89,71.42050667839706,63.25757311740978,39.99999999999999,0.005178573435375297
69,91,63.98900347897297,105.40372210473438,55.0,0.0021726340986480564
69,92,70.17424109230944,70.32549647820363,39.99999999999999,0.005178573435375297
69,95,61.7,121.40750469336855,87.13401601740117,0.0018749929761864628
69,96,61.7,121.1,90.0,0.0016666666666666668
69,105,70.57386054832102,68.0591419225596,55.0,0.0021726340986480564
69,106,71.35111468245019,63.651114682450185,54.99999999999999,0.002261892721081555
69,107,61.7,137.9,90.0,0.0016666666666666668
69,108,61.7,137.6,90.0,0.0016666666666666668
69,109,61.7,137.3,90.0,0.0016666666666666668
69,110,61.7,137.0,90.0,0.0016666666666666668
69,113,63.909018059089796,105.85734196235232,20.0,0.0050297528741445
69,114,64.0590180590898,105.00664968940964,19.999999999999996,0.006815487227897463
69,115,61.7,132.80384757729337,29.999999999999993,0.002410713282312352
69,116,61.7,123.39049811482124,20.0,0.0050297528741445
69,117,61.7,122.56625488898486,20.0,0.0050297528741445
69,126,61.7,135.8,90.0,0.0016666666666666668
69,127,61.7,135.5,90.0,0.0016666666666666668
69,128,61.7,135.2,90.0,0.0016666666666666668
69,129,61.7,134.9,90.0,0.0016666666666666668
69,134,61.85802553658144,117.48909856742586,39.99999999999999,0.005178573435375297
69,135,66.11911695890261,93.32324825228682,29.999999999999996,0.002410713282312352
69,136,61.7,133.7,90.0,0.0016666666666666668
69,137,61.7,132.5,90.0,0.0016666666666666668
69,138,61.7,132.2,90.0,0.0016666666666666668
69,139,61.7,131.9,90.0,0.0016666666666666668
69,140,61.7,131.6,90.0,0.0016666666666666668
69,141,61.7,131.3,90.0,0.0016666666666666668
69,142,61.7,131.0,90.0,0.0016666666666666668
69,143,69.44790554669993,74.44475005296101,29.999999999999996,0.002410713282312352
69,144,69.54581109339983,73.88950010592202,29.999999999999996,0.002410713282312352
69,145,75.5409819409102,39.889196672934425,19.999999999999996,0.006815487227897463
69,146,66.42788985398508,91.57211014601492,35.00000000000001,0.005714293741501186
69,151,61.7,128.6,90.0,0.0016666666666666668
69,152,61.7,128.3,90.0,0.0016666666666666668
69,153,61.7,128.0,90.0,0.0016666666666666668
69,154,61.7,127.7,90.0,0.0016666666666666668
69,155,61.7,128.9,90.0,0.0016666666666666668
69,167,77.0,13.7,90.0,0.0016666666666666668
69,168,77.0,14.0,90.0,0.0016666666666666668
69,169,77.0,14.3,90.0,0.0016666666666666668
69,170,77.0,14.6,90.0,0.0016666666666666668
69,171,77.0,14.9,90.0,0.0016666666666666668
69,172,77.0,15.2,90.0,0.0016666666666666668
69,173,77.0,15.5,90.0,0.0016666666666666668
69,174,77.0,15.8,90.0,0.0016666666666666668
69,175,77.0,16.1,90.0,0.0016666666666666668
69,176,77.0,16.4,90.0,0.0016666666666666668
69,177,77.0,16.7,90.0,0.0016666666666666668
69,180,71.05188832679991,65.3481116732001,35.00000000000001,0.005714293741501186
69,181,70.98766612578859,65.71233387421141,35.00000000000001,0.005714293741501186
69,183,77.0,22.4,90.0,0.0016666666666666668
69,184,77.0,22.7,90.0,0.0016666666666666668
69,185,77.0,24.2,90.0,0.0016666666666666668
69,186,77.0,24.5,90.0,0.0016666666666666668
69,187,77.0,23.0,90.0,0.0016666666666666668
69,188,77.0,23.3,90.0,0.0016666666666666668
69,189,77.0,23.6,90.0,0.0016666666666666668
69,190,63.01842626068292,110.90813903735787,19.999999999999996,0.006815487227897463
69,194,77.0,28.1,90.0,0.0016666666666666668
69,195,77.0,28.4,90.0,0.0016666666666666668
69,196,77.0,28.7,90.0,0.0016666666666666668
69,197,77.0,27.8,90.0,0.0016666666666666668
69,199,73.15575511418294,53.41649021101719,9.999999999999996,0.0073512075340233535
69,200,72.87384732794716,55.01526871390482,9.999999999999996,0.0073512075340233535
69,201,77.0,11.3,90.0,0.0016666666666666668
69,202,77.0,10.7,90.0,0.0016666666666666668
69,203,77.0,9.8,90.0,0.0016666666666666668
69,204,77.0,10.1,90.0,0.0016666666666666668
69,205,77.0,10.4,90.0,0.0016666666666666668
69,206,72.80714559861326,55.3935530188132,39.99999999999999,0.005178573435375297
69,207,67.78351125280126,83.88399915262391,29.999999999999996,0.002410713282312352
69,241,66.34997222869706,92.0140029577386,39.99999999999999,0.005178573435375297
69,242,66.42015889576138,91.61595458883724,39.99999999999999,0.005178573435375297
69,243,66.49034556282567,91.21790621993588,39.99999999999999,0.005178573435375297
69,244,66.56053222988999,90.81985785103453,39.99999999999999,0.005178573435375297
69,246,65.51794503410345,96.73266365986487,55.0,0.0021726340986480564
69,247,65.56291390337199,96.47763252913342,55.0,0.0021726340986480564
69,249,77.0,23.9,90.0,0.0016666666666666668
69,250,77.0,11.0,90.0,0.0016666666666666668
69,251,77.0,19.4,90.0,0.0016666666666666668
69,252,77.0,19.7,90.0,0.0016666666666666668
69,253,77.0,20.0,90.0,0.0016666666666666668
69,254,77.0,20.3,90.0,0.0016666666666666668
70,74,39.463466520526794,111.4363448015713,59.99999999999999,0.0018749929761864628
70,95,56.0,140.07846096908264,29.999999999999996,0.002410713282312352
70,96,55.7,139.558845726812,29.999999999999996,0.002410713282312352
70,107,54.74226497308104,137.9,60.00000000000001,0.0018452401020419631
70,108,54.56905989232415,137.6,60.00000000000001,0.0018452401020419631
70,109,54.39585481156727,137.3,60.00000000000001,0.0018452401020419631
70,110,54.222649730810375,137.0,60.00000000000001,0.0018452401020419631
70,122,51.46816627079948,132.229094698653,25.0,0.0040178461054358695
70,123,51.8217458915624,132.84151256633533,25.0,0.0040178461054358695
70,124,52.17532551232533,133.45393043401765,25.0,0.0040178461054358695
70,125,3.5,7.8154713837668055,18.194872338766725,0.009345240102041963
70,125,44.19384827392291,119.62960633765013,9.999999999999998,0.0073512075340233535
70,126,53.52982940778283,135.8,60.00000000000001,0.0018452401020419631
70,127,53.35662432702593,135.5,60.00000000000001,0.0018452401020419631
70,128,53.18341924626904,135.2,60.00000000000001,0.0018452401020419631
70,129,53.01021416551216,134.9,60.00000000000001,0.0018452401020419631
70,136,52.3173938424846,133.7,60.00000000000001,0.0018452401020419631
70,137,51.62457351945706,132.5,60.00000000000001,0.0018452401020419631
70,138,51.45136843870016,132.2,60.00000000000001,0.0018452401020419631
70,139,51.278163357943285,131.9,60.00000000000001,0.0018452401020419631
70,140,51.10495827718639,131.6,60.00000000000001,0.0018452401020419631
70,141,50.93175319642951,131.3,60.00000000000001,0.0018452401020419631
70,142,50.75854811567262,131.0,60.00000000000001,0.0018452401020419631
70,146,42.06231594830153,115.93768405169845,75.0,0.0019047739455851117
70,147,35.603998882639246,104.75155076258224,39.99999999999999,0.005178573435375297
70,150,29.9,94.87193489153495,29.999999999999996,0.002410713282312352
70,151,49.372907469617516,128.6,60.00000000000001,0.0018452401020419631
70,152,49.199702388860636,128.3,60.00000000000001,0.0018452401020419631
70,153,49.02649730810374,128.0,60.00000000000001,0.0018452401020419631
70,154,48.853292227346856,127.7,60.00000000000001,0.0018452401020419631
70,155,49.93566940882181,129.5747322712678,87.43369150330375,0.0018749929761864628
70,156,43.7,118.77423603598547,29.999999999999996,0.002410713282312352
70,157,44.0,119.29385127825613,29.999999999999996,0.002410713282312352
70,158,42.8,117.21539030917347,29.999999999999996,0.002410713282312352
70,159,43.1,117.73500555144413,29.999999999999996,0.002410713282312352
70,160,13.399999999999999,66.29309656664847,29.999999999999996,0.002410713282312352
70,161,13.700000000000003,66.81271180891915,29.999999999999996,0.002410713282312352
70,162,21.93010557296549,81.06767281295112,39.99999999999999,0.005178573435375297
70,163,23.36110426084252,83.54623524591855,39.99999999999999,0.005178573435375297
70,165,16.466704272771718,71.60478417887765,39.99999999999999,0.005178573435375297
70,166,16.69651760570741,72.00283254777901,39.99999999999999,0.005178573435375297
70,180,34.156167226557656,102.24383277344234,75.0,0.0019047739455851117
70,181,34.26597484769299,102.43402515230702,75.0,0.0019047739455851117
70,190,51.088466520526794,131.57143543955948,59.99999999999999,0.0018749929761864628
70,199,47.176097355587146,124.79501326791822,49.99999999999999,0.004404773945585112
70,200,47.360099595122996,125.11371449550077,49.99999999999999,0.004404773945585112
70,210,53.9,136.441154273188,29.999999999999996,0.002410713282312352
70,211,45.42318422266908,121.7588786604494,39.99999999999999,0.005178573435375297
70,212,45.65299755560477,122.15692702935074,39.99999999999999,0.005178573435375297
70,213,45.88281088854047,122.55497539825214,39.99999999999999,0.005178573435375297
70,214,46.11262422147617,122.95302376715348,39.99999999999999,0.005178573435375297
70,215,46.34243755441186,123.35107213605485,39.99999999999999,0.005178573435375297
70,216,30.85344211506036,96.52334507689541,49.99999999999999,0.004404773945585112
70,217,31.03744435459621,96.84204630447798,49.99999999999999,0.004404773945585112
70,218,31.221446594132065,97.16074753206053,49.99999999999999,0.004404773945585112
70,219,31.40544883366791,97.47944875964308,49.99999999999999,0.004404773945585112
70,222,54.2,136.96076951545868,29.999999999999996,0.002410713282312352
70,223,54.5,137.48038475772933,29.999999999999996,0.002410713282312352
70,224,54.8,138.0,29.999999999999996,0.002410713282312352
70,226,36.557511540671754,106.40308313195459,49.99999999999999,0.004404773945585112
70,227,36.74151378020761,106.72178435953714,49.99999999999999,0.004404773945585112
70,228,36.925516019743455,107.04048558711969,49.99999999999999,0.004404773945585112
70,232,14.0,67.3323270511898,29.999999999999996,0.002410713282312352
70,233,10.283945997089873,60.89593271447975,34.99999999999999,0.004583347380960408
70,234,10.544467865220291,61.3471698265644,34.99999999999999,0.004583347380960408
70,235,10.804989733350709,61.79840693864903,34.99999999999999,0.004583347380960408
70,236,11.065511601481127,62.24964405073368,34.99999999999999,0.004583347380960408
70,237,11.326033469611549,62.70088116281832,34.99999999999999,0.004583347380960408
70,238,11.586555337741956,63.15211827490295,34.99999999999999,0.004583347380960408
70,239,11.847077205872374,63.6033553869876,34.99999999999999,0.004583347380960408
70,240,12.107599074002795,64.05459249907224,34.99999999999999,0.004583347380960408
70,245,22.08534038984827,81.33654740289575,19.999999999999996,0.006815487227897463
70,248,35.474481763157215,104.52722053118939,19.999999999999993,0.006815487227897463
70,255,28.364878895164903,92.21302714218928,39.99999999999999,0.005178573435375297
71,74,50.89995870696375,91.62775927429801,39.99999999999999,0.005178573435375297
71,81,49.120343975379605,81.53506260114102,35.00000000000001,0.005714293741501186
71,82,49.056121774368286,81.17084040012969,35.00000000000001,0.005714293741501186
71,83,48.99189957335697,80.80661819911839,35.00000000000001,0.005714293741501186
71,84,48.927677372345656,80.44239599810707,35.00000000000001,0.005714293741501186
71,91,51.047010005719116,92.46172863148055,35.00000000000001,0.005714293741501186
71,92,38.599999999999994,15.637306695894628,30.00000000000001,0.0026488205612307967
71,95,56.70875644215669,124.57108826373432,38.1307531480926,0.004761920816335705
71,96,56.597941819231075,123.94262730738848,41.7510011511179,0.005982153894564131
71,105,41.642859507447966,39.12814088168654,35.00000000000001,0.005714293741501186
71,106,39.2,25.273996169216648,9.999999999999986,0.0073512075340233535
71,106,40.522103136478265,32.77201565078535,28.771506934418046,0.002291673690480204
71,107,59.05900320474204,137.9,80.0,0.0018749929761864628
71,108,59.006105110529504,137.6,80.0,0.0018749929761864628
71,109,58.953207016316966,137.3,80.0,0.0018749929761864628
71,110,58.90030892210442,137.0,80.0,0.0018749929761864628
71,115,56.6040842052873,123.97746250975823,19.999999999999993,0.006815487227897463
71,116,51.61473609036601,95.68146325386118,10.000000000000004,0.005952372925165482
71,117,51.33282830413024,94.0826847509736,10.000000000000004,0.005952372925165482
71,122,47.3,71.21137890812005,10.0,0.005952372925165482
71,123,47.6,72.91276345400539,10.0,0.005952372925165482
71,124,47.9,74.61414799989069,10.0,0.005952372925165482
71,126,58.688716545254266,135.8,80.0,0.0018749929761864628
71,127,58.63581845104173,135.5,80.0,0.0018749929761864628
71,128,58.582920356829185,135.2,80.0,0.0018749929761864628
71,129,58.53002226261665,134.9,80.0,0.0018749929761864628
71,134,52.64685061821413,101.53487561140955,19.999999999999993,0.006815487227897463
71,136,58.31842988576649,133.7,80.0,0.0018749929761864628
71,137,58.10683750891633,132.5,80.0,0.0018749929761864628
71,138,58.05393941470379,132.2,80.0,0.0018749929761864628
71,139,58.001041320491254,131.9,80.0,0.0018749929761864628
71,140,57.94814322627872,131.6,80.0,0.0018749929761864628
71,141,57.89524513206618,131.3,80.0,0.0018749929761864628
71,142,57.842347037853635,131.0,80.0,0.0018749929761864628
71,146,53.21919546491932,104.78080453508068,55.0,0.0021726340986480564
71,147,44.409018059089796,54.815805585792916,19.999999999999996,0.006815487227897463
71,151,57.419162284153316,128.6,80.0,0.0018749929761864628
71,152,57.36626418994078,128.3,80.0,0.0018749929761864628
71,153,57.31336609572824,128.0,80.0,0.0018749929761864628
71,154,57.2604680015157,127.7,80.0,0.0018749929761864628
71,155,57.47206037836586,128.9,80.0,0.0018749929761864628
71,156,48.909018059089796,80.3365737740726,19.999999999999996,0.006815487227897463
71,157,49.059018059089794,81.18726604701527,19.999999999999996,0.006815487227897463
71,177,38.599999999999994,16.7,89.99999999999999,0.0017559533843543149
71,180,49.9814368775842,86.4185631224158,55.0,0.0021726340986480564
71,181,50.026405746852745,86.67359425314726,55.0,0.0021726340986480564
71,185,39.01062549818958,24.200000000000003,80.0,0.0018749929761864628
71,186,39.06352359240212,24.5,80.0,0.0018749929761864628
71,187,38.79903312133942,23.0,80.0,0.0018749929761864628
71,188,38.85193121555196,23.299999999999997,80.0,0.0018749929761864628
71,189,38.904829309764494,23.599999999999998,80.0,0.0018749929761864628
71,190,56.3394254044475,122.47650786415365,39.99999999999999,0.005178573435375297
71,199,53.62435411562262,107.07857342487512,29.999999999999996,0.002410713282312352
71,200,53.72225966232256,107.6338233719141,29.999999999999996,0.002410713282312352
71,201,38.599999999999994,11.3,89.99999999999999,0.0017559533843543149
71,202,38.599999999999994,10.692495306631454,87.13401601740112,0.0018749929761864628
71,210,54.534018059089796,112.23753400942223,19.999999999999996,0.006815487227897463
71,211,50.81803611817959,91.16315318591047,19.999999999999996,0.006815487227897463
71,212,50.96803611817959,92.0138454588531,19.999999999999996,0.006815487227897463
71,213,51.11803611817959,92.86453773179579,19.999999999999996,0.006815487227897463
71,214,51.268036118179594,93.71523000473846,19.999999999999996,0.006815487227897463
71,215,51.418036118179586,94.56592227768111,19.999999999999996,0.006815487227897463
71,216,44.93925066824459,57.822904142260946,29.999999999999996,0.002410713282312352
71,217,45.03715621494452,58.37815408929996,29.999999999999996,0.002410713282312352
71,218,45.13506176164444,58.93340403633895,29.999999999999996,0.002410713282312352
71,219,45.23296730834436,59.48865398337794,29.999999999999996,0.002410713282312352
71,220,38.6,6.1321159799855565,81.3730734413214,0.00199406066327276
71,221,38.6,6.46992462263972,84.26082952273322,0.0018452401020419631
71,222,55.31803611817959,116.68392137419016,19.999999999999996,0.006815487227897463
71,223,55.4680361181796,117.53461364713283,19.999999999999996,0.006815487227897463
71,224,55.6180361181796,118.38530592007552,19.999999999999996,0.006815487227897463
71,226,47.97432261594214,75.03565250046978,29.999999999999996,0.002410713282312352
71,227,48.07222816264206,75.59090244750877,29.999999999999996,0.002410713282312352
71,228,48.17013370934198,76.14615239454776,29.999999999999996,0.002410713282312352
71,229,38.599999999999994,6.800000000000001,89.99999999999999,0.0017559533843543149
71,241,44.20475229912468,53.65735689493235,19.999999999999993,0.006815487227897463
71,242,44.072844512888906,52.9092706649874,19.999999999999993,0.006815487227897463
71,243,43.940936726653135,52.16118443504245,19.999999999999993,0.006815487227897463
71,244,43.80902894041736,51.41309820509749,19.999999999999993,0.006815487227897463
71,246,48.86345517133434,80.07817379709576,35.00000000000001,0.005714293741501186
71,247,48.79923297032302,79.71395159608444,35.00000000000001,0.005714293741501186
71,249,38.95772740397703,23.900000000000002,80.0,0.0018749929761864628
71,250,38.599999999999994,11.0,89.99999999999999,0.0017559533843543149
72,77,104.30000000000001,59.687539087032235,9.999999999999991,0.0073512075340233535
72,78,104.30000000000001,111.11325933781112,29.999999999999986,0.002410713282312352
72,79,104.30000000000001,110.59364409554045,29.999999999999986,0.002410713282312352
72,80,104.30000000000001,110.0740288532698,29.999999999999986,0.002410713282312352
72,81,106.3389966008,138.7537152265614,40.00000000000001,0.005833333333333334
72,82,106.31023356191086,138.4249521876723,40.00000000000001,0.005833333333333334
72,83,106.28147052302174,138.09618914878314,40.00000000000001,0.005833333333333334
72,84,106.2527074841326,137.76742610989402,40.00000000000001,0.005833333333333334
72,89,104.79068343056473,121.05641470971798,25.0,0.0040178461054358695
72,89,106.7,142.8800029608921,4.999999999999996,0.0149702471258555
72,92,105.74370778067933,131.949532877333,22.04899711896682,0.0050297528741445
72,92,106.4,139.45098727006373,4.999999999999996,0.0149702471258555
72,93,104.87323644653422,122.0,85.0,0.0018749929761864628
72,94,104.84698984747644,121.7,85.0,0.0018749929761864628
72,95,104.82074324841867,121.4,85.0,0.0018749929761864628
72,96,104.79449664936088,121.1,85.0,0.0018749929761864628
72,97,104.89948304559199,122.3,85.0,0.0018749929761864628
72,98,106.26430619659641,137.9,85.0,0.0018749929761864628
72,99,104.95197624370755,122.9,85.0,0.0018749929761864628
72,100,104.92572964464978,122.6,85.0,0.0018749929761864628
72,101,104.30000000000001,54.80604096700854,19.999999999999993,0.006815487227897463
72,105,104.30000000000001,101.78528137423858,44.99999999999999,0.006309519795916074
72,106,104.30000000000001,96.60000000000001,44.99999999999999,0.006309519795916074
72,130,104.3,48.03982575692483,20.00000000000001,0.0050297528741445
72,131,104.30000000000001,67.99393258039069,20.000000000000004,0.0050297528741445
72,146,104.30000000000001,53.699999999999996,45.000000000000014,0.005714293741501186
72,179,104.30000000000001,55.63028419284489,20.0,0.0050297528741445
72,180,104.3,32.10000000000001,45.000000000000014,0.005714293741501186
72,181,104.3,32.400000000000006,45.000000000000014,0.005714293741501186
72,182,104.3,9.192495306631457,87.13401601740117,0.0018749929761864628
72,183,104.3,22.400000000000002,90.0,0.0016666666666666668
72,184,104.3,22.700000000000003,90.0,0.0016666666666666668
72,185,104.3,24.200000000000003,90.0,0.0016666666666666668
72,186,104.3,24.5,90.0,0.0016666666666666668
72,187,104.3,23.0,90.0,0.0016666666666666668
72,188,104.3,23.299999999999997,90.0,0.0016666666666666668
72,189,104.3,23.599999999999998,90.0,0.0016666666666666668
72,190,104.3,39.40635590445956,30.000000000000004,0.0026488205612307967
72,191,104.3,26.900000000000002,90.0,0.0016666666666666668
72,192,104.3,27.200000000000003,90.0,0.0016666666666666668
72,193,104.3,27.5,90.0,0.0016666666666666668
72,194,104.3,28.099999999999998,90.0,0.0016666666666666668
72,195,104.3,28.400000000000002,90.0,0.0016666666666666668
72,196,104.3,28.700000000000003,90.0,0.0016666666666666668
72,197,104.3,27.799999999999997,90.0,0.0016666666666666668
72,198,104.3,30.799999999999997,90.0,0.0016666666666666668
72,206,104.30000000000001,109.9407769173842,29.999999999999986,0.002410713282312352
72,246,106.22394444524348,137.4386630710049,40.00000000000001,0.005833333333333334
72,247,106.19518140635434,137.10990003211577,40.00000000000001,0.005833333333333334
72,249,104.3,23.900000000000002,90.0,0.0016666666666666668
73,77,104.6,61.38892363291754,9.999999999999991,0.0073512075340233535
73,78,104.60000000000001,111.63287458008176,29.999999999999986,0.002410713282312352
73,79,104.60000000000001,111.11325933781112,29.999999999999986,0.002410713282312352
73,80,104.60000000000001,110.59364409554045,29.999999999999986,0.002410713282312352
73,81,106.66775963968912,139.08247826545056,40.00000000000001,0.005833333333333334
73,82,106.6389966008,138.7537152265614,40.00000000000001,0.005833333333333334
73,83,106.61023356191086,138.4249521876723,40.00000000000001,0.005833333333333334
73,84,106.58147052302174,138.09618914878314,40.00000000000001,0.005833333333333334
73,89,105.14426305132764,121.66883257740031,25.0,0.0040178461054358695
73,89,106.7,139.45098727006373,4.999999999999996,0.0149702471258555
73,92,106.12544717818695,132.88381846604136,12.399833720778606,0.007380960408167853
73,92,106.4,136.02197157923536,4.999999999999996,0.0149702471258555
73,93,105.17323644653422,122.0,85.0,0.0018749929761864628
73,94,105.14698984747643,121.7,85.0,0.0018749929761864628
73,95,105.12074324841866,121.4,85.0,0.0018749929761864628
73,96,105.09449664936088,121.1,85.0,0.0018749929761864628
73,97,105.19948304559199,122.3,85.0,0.0018749929761864628
73,98,106.5643061965964,137.9,85.0,0.0018749929761864628
73,99,105.25197624370755,122.9,85.0,0.0018749929761864628
73,100,105.22572964464977,122.6,85.0,0.0018749929761864628
73,101,104.6,55.630284192844925,19.999999999999993,0.006815487227897463
73,105,104.60000000000001,102.08528137423858,44.99999999999999,0.006309519795916074
73,106,104.60000000000001,96.9,44.99999999999999,0.006309519795916074
73,130,104.6,47.215582531088444,20.00000000000001,0.0050297528741445
73,131,104.6,67.16968935455432,20.000000000000004,0.0050297528741445
73,146,104.6,53.4,45.000000000000014,0.005714293741501186
73,179,104.6,54.806040967008514,20.0,0.0050297528741445
73,180,104.6,31.80000000000001,45.000000000000014,0.005714293741501186
73,181,104.6,32.10000000000001,45.000000000000014,0.005714293741501186
73,182,104.6,9.169924622639726,84.26082952273327,0.0018452401020419631
73,183,104.6,22.39249530663146,87.13401601740117,0.0018749929761864628
73,184,104.6,22.700000000000003,90.0,0.0016666666666666668
73,185,104.6,24.200000000000003,90.0,0.0016666666666666668
73,186,104.6,24.5,90.0,0.0016666666666666668
73,187,104.6,23.0,90.0,0.0016666666666666668
73,188,104.6,23.299999999999997,90.0,0.0016666666666666668
73,189,104.6,23.599999999999998,90.0,0.0016666666666666668
73,190,104.6,38.8867406621889,30.000000000000004,0.0026488205612307967
73,191,104.6,26.900000000000002,90.0,0.0016666666666666668
73,192,104.6,27.200000000000003,90.0,0.0016666666666666668
73,193,104.6,27.5,90.0,0.0016666666666666668
73,194,104.6,28.099999999999998,90.0,0.0016666666666666668
73,195,104.6,28.400000000000002,90.0,0.0016666666666666668
73,196,104.6,28.700000000000003,90.0,0.0016666666666666668
73,197,104.6,27.799999999999997,90.0,0.0016666666666666668
73,198,104.6,30.799999999999997,90.0,0.0016666666666666668
73,206,104.60000000000001,110.46039215965484,29.999999999999986,0.002410713282312352
73,246,106.5527074841326,137.76742610989402,40.00000000000001,0.005833333333333334
73,247,106.52394444524347,137.4386630710049,40.00000000000001,0.005833333333333334
73,249,104.6,23.900000000000002,90.0,0.0016666666666666668
74,75,92.77388004770008,19.1,60.00000000000001,0.0018452401020419631
74,75,101.3,4.332327051189793,29.999999999999993,0.002410713282312352
74,77,96.2,13.16578616979106,29.999999999999993,0.002410713282312352
74,78,71.975,55.12471698314712,59.999999999999986,0.0018749929761864628
74,79,72.125,54.8649093620118,59.999999999999986,0.0018749929761864628
74,80,72.275,54.605101740876464,59.999999999999986,0.0018749929761864628
74,81,53.94275788132108,86.35747650708251,75.0,0.0019047739455851117
74,82,54.0525655024564,86.16728412821783,75.0,0.0019047739455851117
74,83,54.162373123591735,85.97709174935315,75.0,0.0019047739455851117
74,84,54.272180744727066,85.78689937048847,75.0,0.0019047739455851117
74,89,69.35,59.67135035301543,59.99999999999999,0.0018749929761864628
74,90,77.6,45.38193119057222,29.999999999999986,0.002410713282312352
74,91,50.64852924726113,92.06324787302256,75.0,0.0019047739455851117
74,92,66.68653347947321,64.28460969082653,59.999999999999986,0.0018749929761864628
74,101,96.5,12.646170927520403,29.999999999999993,0.002410713282312352
74,105,66.72781925527295,64.2131006295115,75.0,0.0019047739455851117
74,106,68.62576396401454,60.925763964014536,75.0,0.0019047739455851117
74,111,95.6,14.205016654332402,29.999999999999993,0.002410713282312352
74,112,95.9,13.685401412061719,29.999999999999993,0.002410713282312352
74,113,58.94342535971301,77.69606636275032,39.99999999999999,0.005178573435375297
74,114,59.17323869264871,77.29801799384893,39.99999999999999,0.005178573435375297
74,115,44.413466520526796,102.86269330410536,59.999999999999986,0.0018749929761864628
74,116,50.433420903692166,92.43582645321598,49.99999999999999,0.004404773945585112
74,117,50.61742314322801,92.11712522563343,49.99999999999999,0.004404773945585112
74,122,48.308678805492725,96.1159877202779,34.99999999999999,0.004583347380960408
74,123,48.56920067362314,95.66475060819326,34.99999999999999,0.004583347380960408
74,124,48.82972254175356,95.21351349610862,34.99999999999999,0.004583347380960408
74,125,40.53575701036011,109.57908319270709,49.99999999999999,0.004404773945585112
74,132,82.14056873988383,37.51743543783441,24.999999999999996,0.004821426564624704
74,133,82.49414836064675,36.9050175701521,24.999999999999996,0.004821426564624704
74,134,48.913466520526796,95.06846467004542,59.999999999999986,0.0018749929761864628
74,135,59.85599216162451,76.11545429653896,49.99999999999999,0.004404773945585112
74,142,20.0,145.14805770653956,29.999999999999993,0.002410713282312352
74,142,28.168384925380966,131.0,60.00000000000001,0.0018452401020419631
74,143,66.11206830584348,65.27961255873211,49.99999999999999,0.004404773945585112
74,144,66.29607054537932,64.96091133114956,49.99999999999999,0.004404773945585112
74,145,76.76462794817135,46.828838027562455,39.99999999999999,0.005178573435375297
74,147,34.7,119.68691083527705,29.999999999999993,0.002410713282312352
74,148,27.433140961710713,132.27347990103522,49.999999999999986,0.004404773945585112
74,149,27.617143201246563,131.95477867345267,49.999999999999986,0.004404773945585112
74,150,32.15632298140686,124.0926886695257,34.99999999999999,0.004583347380960408
74,151,26.691019269509667,133.5588723773264,20.007383335033396,0.0050297528741445
74,151,28.743866664937798,130.00323638825944,20.007383335033392,0.0050297528741445
74,152,26.300346290990746,134.23553782526545,29.38441973209465,0.002410713282312352
74,152,29.24434726459205,129.13637856145573,29.38441973209474,0.002410713282312352
74,153,26.0,134.7557528611263,29.999999999999993,0.002410713282312352
74,153,29.615001722013687,128.49438620914958,36.57803376986523,0.006011906768708631
74,154,25.700000000000003,135.27536810339694,29.999999999999993,0.002410713282312352
74,154,29.91718551796525,127.97098852133746,42.71434960231515,0.005982153894564131
74,156,45.167273588630074,101.55706116304594,19.999999999999996,0.006815487227897463
74,157,45.59918137486584,100.80897493310098,19.999999999999996,0.006815487227897463
74,158,40.9037614894318,108.941680737542,49.99999999999999,0.004404773945585112
74,159,41.08776372896766,108.62297950995944,49.99999999999999,0.004404773945585112
74,164,20.720566452834788,143.9,60.00000000000001,0.0018452401020419631
74,180,59.27057713659399,77.129422863406,15.000000000000005,0.015327393996606094
74,181,58.860769515458664,77.83923048454133,15.000000000000005,0.015327393996606094
74,182,98.48964771267737,9.2,60.00000000000001,0.0018452401020419631
74,183,90.8686241593743,22.4,60.00000000000001,0.0018452401020419631
74,184,90.69541907861742,22.7,60.00000000000001,0.0018452401020419631
74,185,89.82939367483299,24.2,60.00000000000001,0.0018452401020419631
74,186,89.6561885940761,24.5,60.00000000000001,0.0018452401020419631
74,187,90.52221399786053,23.0,60.00000000000001,0.0018452401020419631
74,188,90.34900891710365,23.3,60.00000000000001,0.0018452401020419631
74,189,90.17580383634676,23.6,60.00000000000001,0.0018452401020419631
74,191,89.2750108980625,25.16021913620759,75.23788699350438,0.0019047739455851117
74,192,88.95260744697168,25.718638294032445,78.86018359532176,0.0019047739455851117
74,193,88.73742231725166,26.09134987174082,79.92701126208317,0.0019047739455851117
74,194,87.57772762499344,28.1,60.00000000000001,0.0018452401020419631
74,195,87.40452254423656,28.4,60.00000000000001,0.0018452401020419631
74,196,87.23131746347967,28.7,60.00000000000001,0.0018452401020419631
74,197,87.75093270575033,27.8,60.00000000000001,0.0018452401020419631
74,198,87.44642053121696,28.32743055781509,66.00848775068216,0.002916680714293742
74,199,73.48753790674344,52.504924480293624,9.999999999999993,0.0073512075340233535
74,200,74.2992590259149,51.09898226031197,9.999999999999993,0.0073512075340233535
74,206,72.31346652052679,54.538475772933666,59.999999999999986,0.0018749929761864628
74,207,62.98403023373399,70.69753342763553,49.99999999999999,0.004404773945585112
74,210,61.36381557247154,73.50382754011011,19.999999999999993,0.006815487227897463
74,211,50.66407201386731,92.03632701157048,19.999999999999993,0.006815487227897463
74,212,51.095979800103066,91.28824078162553,19.99999999999999,0.006815487227897463
74,213,51.52788758633886,90.54015455168053,19.99999999999999,0.006815487227897463
74,214,51.95979537257463,89.79206832173557,19.999999999999993,0.006815487227897463
74,215,52.3917031588104,89.04398209179064,19.999999999999993,0.006815487227897463
74,222,63.62130560094049,69.59374011322177,19.999999999999996,0.006815487227897463
74,223,64.05321338717626,68.84565388327682,19.999999999999996,0.006815487227897463
74,224,64.48512117341204,68.09756765333185,19.999999999999996,0.006815487227897463
74,225,78.65525330191977,43.55417885679232,39.99999999999999,0.005178573435375297
74,226,26.64392131031632,133.6404484355821,9.999999999999991,0.0073512075340233535
74,227,27.45564242948778,132.23450621560045,9.999999999999991,0.0073512075340233535
74,228,28.26736354865924,130.82856399561882,9.999999999999991,0.0073512075340233535
74,241,58.51346652052679,78.44077691738417,59.999999999999986,0.0018749929761864628
74,242,58.663466520526796,78.18096929624886,59.999999999999986,0.0018749929761864628
74,243,58.81346652052679,77.92116167511351,59.999999999999986,0.0018749929761864628
74,244,58.96346652052679,77.66135405397819,59.999999999999986,0.0018749929761864628
74,245,30.216758742751338,127.4521124754207,39.99999999999999,0.005178573435375297
74,246,54.38198836586241,85.59670699162382,75.0,0.0019047739455851117
74,247,54.49179598699774,85.40651461275915,75.0,0.0019047739455851117
74,248,37.34097206375783,115.11261303947845,39.99999999999999,0.005178573435375297
74,249,90.00259875558987,23.9,60.00000000000001,0.0018452401020419631
74,251,92.60067496694319,19.4,60.00000000000001,0.0018452401020419631
74,251,101.6,3.812711808919135,29.999999999999993,0.002410713282312352
74,252,92.4274698861863,19.7,60.00000000000001,0.0018452401020419631
74,252,101.9,3.293096566648452,29.999999999999993,0.002410713282312352
74,253,92.25426480542941,20.0,60.00000000000001,0.0018452401020419631
74,253,102.2,2.7418950513741334,25.841932763167005,0.0040178461054358695
74,254,92.08105972467251,20.3,60.00000000000001,0.0018452401020419631
74,254,102.5,2.0000550847692518,18.194872338766686,0.009345240102041963
74,255,24.5,137.3538290724796,29.999999999999993,0.002410713282312352
75,77,97.0948749597768,18.825244438342025,82.59369327628694,0.0018749929761864628
75,90,77.6,19.1,89.99999999999999,0.0017559533843543149
75,101,96.5,18.97877538267963,78.4630409671845,0.0019047739455851117
75,111,95.18864210342359,19.1,80.0,0.0018749929761864628
75,112,95.48916804930668,19.09701721267511,78.1932787902368,0.0019047739455851117
75,132,83.75188555191495,19.1,85.0,0.0018749929761864628
75,133,84.05188555191495,19.1,85.0,0.0018749929761864628
75,145,71.8752856602172,19.100000000000005,80.00000000000001,0.0018749929761864628
75,156,56.0,19.03211597998556,81.37307344132138,0.00199406066327276
75,157,56.3,19.06992462263972,84.2608295227332,0.0018452401020419631
75,177,52.099999999999994,16.7,53.13010235415602,0.002321426564624704
75,182,101.3,9.2,90.0,0.0016666666666666668
75,183,70.14182867015248,19.1,63.256316049596954,0.0025595338435431486
75,184,69.700909166053,19.1,66.42182152179815,0.002916680714293742
75,191,87.5,19.1,90.0,0.0016666666666666668
75,192,86.9,19.1,90.0,0.0016666666666666668
75,193,86.6,19.1,90.0,0.0016666666666666668
75,194,57.5,19.1,90.0,0.0016666666666666668
75,195,57.2,19.1,90.0,0.0016666666666666668
75,196,56.9,19.1,90.0,0.0016666666666666668
75,197,68.9,19.1,90.0,0.0016666666666666668
75,198,86.3,19.1,90.0,0.0016666666666666668
75,199,84.8,19.1,90.0,0.0016666666666666668
75,200,85.1,19.1,90.0,0.0016666666666666668
75,201,50.9,11.3,90.0,0.0016666666666666668
75,202,50.9,10.7,90.0,0.0016666666666666668
75,203,50.9,9.8,90.0,0.0016666666666666668
75,204,50.9,10.1,90.0,0.0016666666666666668
75,205,50.9,10.4,90.0,0.0016666666666666668
75,206,56.599999999999994,19.092495306631456,87.13401601740112,0.0018749929761864628
75,210,68.3,19.1,90.0,0.0016666666666666668
75,211,63.52471433978278,19.1,80.0,0.0018749929761864628
75,212,63.82471433978278,19.1,80.0,0.0018749929761864628
75,213,64.1247143397828,19.1,80.0,0.0018749929761864628
75,214,64.42471433978278,19.1,80.0,0.0018749929761864628
75,215,64.72471433978279,19.1,80.0,0.0018749929761864628
75,216,59.033235160371,19.1,70.00000000000001,0.0033035804591888336
75,217,59.333235160371004,19.1,70.00000000000001,0.0033035804591888336
75,218,59.63323516037101,19.1,70.00000000000001,0.0033035804591888336
75,219,59.933235160371,19.1,70.00000000000001,0.0033035804591888336
75,220,50.9,6.2,90.0,0.0016666666666666668
75,221,50.9,6.5,90.0,0.0016666666666666668
75,222,72.52471433978278,19.1,80.00000000000001,0.0018749929761864628
75,223,72.82471433978279,19.1,80.00000000000001,0.0018749929761864628
75,224,73.1247143397828,19.1,80.00000000000001,0.0018749929761864628
75,225,77.3,19.1,90.0,0.0016666666666666668
75,226,68.333235160371,19.1,70.0,0.0033035804591888336
75,227,68.63323516037102,19.1,70.0,0.0033035804591888336
75,228,68.933235160371,19.1,70.0,0.0033035804591888336
75,229,50.9,6.8,90.0,0.0016666666666666668
75,250,50.9,11.0,90.0,0.0016666666666666668
76,77,96.2,6.078775382679628,78.4630409671845,0.0019047739455851117
76,101,96.5,6.009475019311129,75.52248781407009,0.0019047739455851117
76,111,95.6,6.169924622639721,84.26082952273326,0.0018452401020419631
76,112,95.9,6.1321159799855565,81.37307344132131,0.00199406066327276
76,132,84.88048931139937,6.2,85.0,0.0018749929761864628
76,133,85.18048931139937,6.2,85.0,0.0018749929761864628
76,167,92.0,6.2,90.0,0.0016666666666666668
76,168,92.3,6.2,90.0,0.0016666666666666668
76,169,92.6,6.2,90.0,0.0016666666666666668
76,170,92.9,6.2,90.0,0.0016666666666666668
76,171,93.2,6.2,90.0,0.0016666666666666668
76,172,93.5,6.2,90.0,0.0016666666666666668
76,173,93.8,6.2,90.0,0.0016666666666666668
76,174,94.1,6.2,90.0,0.0016666666666666668
76,175,94.4,6.2,90.0,0.0016666666666666668
76,176,94.7,6.2,90.0,0.0016666666666666668
76,177,95.0,6.199999999999999,90.0,0.0016666666666666668
76,182,88.00384757729337,6.2,59.99999999999999,0.0018749929761864628
76,191,87.5,6.199999999999999,90.0,0.0016666666666666668
76,192,86.9,6.199999999999999,90.0,0.0016666666666666668
76,193,86.6,6.199999999999999,90.0,0.0016666666666666668
76,198,86.3,6.199999999999999,90.0,0.0016666666666666668
76,199,84.8,6.2,90.0,0.0016666666666666668
76,200,85.1,6.2,90.0,0.0016666666666666668
76,201,84.43217413157558,6.199616625383031,82.0244794041485,0.0018749929761864628
76,202,83.72230878520027,6.149386218293726,83.4684677791224,0.0017857062584988146
76,203,82.62115535611291,5.898240325235221,87.7792325370464,0.0018749929761864628
76,204,82.98900525442617,6.006625085094461,86.05780548467801,0.0018749929761864628
76,205,83.3570357156107,6.090130104217604,84.62062100888802,0.0018452401020419631
76,250,84.08173601132705,6.185403514866763,82.60263442535609,0.0018749929761864628
77,80,117.13690352818001,132.48923668658594,10.034932416653897,0.005952372925165482
77,80,117.5,134.54845910598598,9.999999999999998,0.0073512075340233535
77,85,114.46598194091021,117.34168764707819,20.0,0.0050297528741445
77,86,114.0159819409102,114.78961082825023,19.999999999999996,0.006815487227897463
77,87,114.1659819409102,115.64030310119287,19.999999999999996,0.006815487227897463
77,88,114.31598194091019,116.49099537413554,19.999999999999996,0.006815487227897463
77,93,115.28736809329784,122.0,80.00000000000001,0.0018749929761864628
77,94,115.2344699990853,121.7,80.00000000000001,0.0018749929761864628
77,95,115.18157190487277,121.4,80.00000000000001,0.0018749929761864628
77,96,115.12867381066023,121.1,80.00000000000001,0.0018749929761864628
77,97,115.34026618751038,122.3,80.00000000000001,0.0018749929761864628
77,98,117.8,137.9,90.0,0.0016666666666666668
77,99,115.44606237593547,122.9,80.00000000000001,0.0018749929761864628
77,100,115.39316428172292,122.6,80.00000000000001,0.0018749929761864628
77,101,96.5,15.451540894014071,9.999999999999998,0.0073512075340233535
77,101,102.63042931334552,50.21893320524199,10.000000000000002,0.005952372925165482
77,105,113.31203222430531,110.79731359854388,35.00000000000001,0.005714293741501186
77,106,112.20199828191669,104.50199828191668,35.00000000000001,0.005714293741501186
77,130,102.91645724751824,51.841078228218564,29.999999999999996,0.002410713282312352
77,131,105.28665293275138,65.2831259268176,29.999999999999993,0.002410713282312352
77,146,103.40249045851652,54.59750954148349,55.0,0.0021726340986480564
77,179,103.81806973225257,56.9543767212327,29.999999999999993,0.002410713282312352
77,180,100.16473187118137,36.23526812881862,55.0,0.0021726340986480564
77,181,100.20970074044993,36.490299259550085,55.0,0.0021726340986480564
77,182,96.2,9.2,90.0,0.0016666666666666668
77,183,97.72520081473473,22.400000000000002,80.00000000000001,0.0018749929761864628
77,184,97.77809890894727,22.700000000000003,80.00000000000001,0.0018749929761864628
77,185,98.04258938000997,24.200000000000003,80.00000000000001,0.0018749929761864628
77,186,98.09548747422252,24.5,80.00000000000001,0.0018749929761864628
77,187,97.83099700315982,23.0,80.00000000000001,0.0018749929761864628
77,188,97.88389509737236,23.299999999999997,80.00000000000001,0.0018749929761864628
77,189,97.9367931915849,23.599999999999998,80.00000000000001,0.0018749929761864628
77,190,101.56053330251623,44.151251410144354,39.99999999999999,0.005178573435375297
77,191,98.51867222792283,26.900000000000002,80.00000000000001,0.0018749929761864628
77,192,98.57157032213537,27.200000000000003,80.00000000000001,0.0018749929761864628
77,193,98.62446841634791,27.5,80.00000000000001,0.0018749929761864628
77,194,98.73026460477298,28.099999999999998,80.00000000000001,0.0018749929761864628
77,195,98.78316269898554,28.400000000000002,80.00000000000001,0.0018749929761864628
77,196,98.83606079319807,28.700000000000003,80.00000000000001,0.0018749929761864628
77,197,98.67736651056045,27.799999999999997,80.00000000000001,0.0018749929761864628
77,198,99.20634745268585,30.799999999999997,80.00000000000001,0.0018749929761864628
77,206,117.05711875659071,132.0367547619892,19.999999999999996,0.006815487227897463
77,249,97.98969128579743,23.900000000000002,80.00000000000001,0.0018749929761864628
77,251,97.15984257344661,19.19369408461162,84.93149470467121,0.0018452401020419631
77,252,97.22307532147896,19.5523048189319,87.26086049379053,0.0018749929761864628
77,253,97.28458760902936,19.90115833699963,89.58570116145306,0.0017559533843543149
77,254,97.34438520145406,20.24028733577471,88.09014056122923,0.0018154872278974634
78,85,112.92889459197374,126.05894318426593,39.99999999999999,0.005178573435375297
78,86,112.23945459316666,124.86479807756183,39.99999999999999,0.005178573435375297
78,87,112.46926792610235,125.26284644646319,39.99999999999999,0.005178573435375297
78,88,112.69908125903804,125.66089481536454,39.99999999999999,0.005178573435375297
78,90,77.59999999999998,64.86750277572202,30.00000000000001,0.0026488205612307967
78,93,110.58546265191241,122.0,60.00000000000001,0.0018452401020419631
78,94,110.41225757115552,121.7,60.00000000000001,0.0018452401020419631
78,95,110.23905249039863,121.4,60.00000000000001,0.0018452401020419631
78,96,110.06584740964175,121.1,60.00000000000001,0.0018452401020419631
78,97,110.7586677326693,122.3,60.00000000000001,0.0018452401020419631
78,98,116.9,137.9,90.0,0.0016666666666666668
78,99,111.10507789418307,122.9,60.00000000000001,0.0018452401020419631
78,100,110.93187281342618,122.6,60.00000000000001,0.0018452401020419631
78,105,91.5577451358185,89.04302651005705,15.000000000000002,0.015327393996606094
78,106,84.47451905283833,76.77451905283831,15.000000000000005,0.015327393996606094
78,111,84.89166797381914,77.49704217829964,39.99999999999999,0.005178573435375297
78,112,85.12148130675483,77.895090547201,39.99999999999999,0.005178573435375297
78,130,90.21962582122259,86.72533587058771,49.99999999999999,0.004404773945585112
78,131,94.67413661168695,94.44077488253578,49.999999999999986,0.004404773945585112
78,132,80.6,70.0636551984287,30.000000000000004,0.0026488205612307967
78,133,80.9,70.58327044069938,30.000000000000004,0.0026488205612307967
78,145,80.97655607841315,70.71586945813917,19.999999999999996,0.006815487227897463
78,146,83.285288568297,74.714711431703,75.0,0.0019047739455851117
78,156,56.0,27.455205332234296,29.999999999999993,0.002410713282312352
78,157,56.3,27.97482057450495,29.999999999999993,0.002410713282312352
78,177,50.13054634270769,16.7,78.02611843844052,0.0019047739455851117
78,179,91.91410301864917,89.66025646879747,49.999999999999986,0.004404773945585112
78,180,75.37913984655313,61.02086015344686,75.0,0.0019047739455851117
78,181,75.48894746768846,61.21105253231154,75.0,0.0019047739455851117
78,185,54.12060632516703,24.200000000000003,60.00000000000001,0.0018452401020419631
78,186,54.29381140592391,24.5,60.00000000000001,0.0018452401020419631
78,187,53.42778600213948,23.0,60.00000000000001,0.0018452401020419631
78,188,53.60099108289636,23.299999999999997,60.00000000000001,0.0018452401020419631
78,189,53.774196163653244,23.599999999999998,60.00000000000001,0.0018452401020419631
78,190,83.6,75.25980762113532,59.999999999999986,0.0018749929761864628
78,199,72.31786450808096,55.71857573125548,49.999999999999986,0.004404773945585112
78,200,72.50186674761682,56.037276958838035,49.999999999999986,0.004404773945585112
78,201,50.0,11.3,90.0,0.0016666666666666668
78,202,50.0,10.7,90.0,0.0016666666666666668
78,203,50.0,9.8,90.0,0.0016666666666666668
78,204,50.0,10.1,90.0,0.0016666666666666668
78,205,50.0,10.4,90.0,0.0016666666666666668
78,210,66.32890669629086,45.34539651684844,39.99999999999999,0.005178573435375297
78,211,60.63569206316137,35.48445951387359,39.99999999999999,0.005178573435375297
78,212,60.86550539609706,35.88250788277496,39.99999999999999,0.005178573435375297
78,213,61.09531872903276,36.28055625167632,39.99999999999999,0.005178573435375297
78,214,61.32513206196846,36.678604620577694,39.99999999999999,0.005178573435375297
78,215,61.55494539490415,37.076652989479044,39.99999999999999,0.005178573435375297
78,216,55.99520926755419,27.446907540232672,49.999999999999986,0.004404773945585112
78,217,56.17921150709004,27.765608767815237,49.999999999999986,0.004404773945585112
78,218,56.36321374662589,28.08430999539779,49.999999999999986,0.004404773945585112
78,219,56.547215986161746,28.40301122298034,49.999999999999986,0.004404773945585112
78,220,50.0,6.199999999999999,90.0,0.0016666666666666668
78,221,50.0,6.5,90.0,0.0016666666666666668
78,222,67.53009205123217,47.42591058091448,39.99999999999999,0.005178573435375297
78,223,67.75990538416787,47.82395894981585,39.99999999999999,0.005178573435375297
78,224,67.98971871710357,48.222007318717225,39.99999999999999,0.005178573435375297
78,225,84.52976946558942,76.87021557486236,19.999999999999993,0.006815487227897463
78,226,61.699278693165596,37.32664559529186,49.99999999999999,0.004404773945585112
78,227,61.88328093270144,37.64534682287441,49.99999999999999,0.004404773945585112
78,228,62.06728317223729,37.96404805045695,49.99999999999999,0.004404773945585112
78,229,50.0,6.800000000000001,90.0,0.0016666666666666668
78,249,53.947401244410145,23.900000000000002,60.00000000000001,0.0018452401020419631
78,250,50.0,11.0,90.0,0.0016666666666666668
78,251,51.34932503305683,19.400000000000002,60.00000000000001,0.0018452401020419631
78,252,51.522530113813716,19.70000000000001,60.00000000000001,0.0018452401020419631
78,253,51.6957351945706,20.000000000000007,60.00000000000001,0.0018452401020419631
78,254,51.86894027532749,20.300000000000004,60.00000000000001,0.0018452401020419631
79,85,112.99908125903805,125.66089481536456,39.99999999999999,0.005178573435375297
79,86,112.30964126023096,124.46674970866047,39.99999999999999,0.005178573435375297
79,87,112.53945459316665,124.86479807756183,39.99999999999999,0.005178573435375297
79,88,112.76926792610234,125.26284644646319,39.99999999999999,0.005178573435375297
79,90,77.59999999999998,64.34788753345137,30.00000000000001,0.0026488205612307967
79,93,110.8854626519124,122.0,60.00000000000001,0.0018452401020419631
79,94,110.71225757115552,121.7,60.00000000000001,0.0018452401020419631
79,95,110.53905249039863,121.4,60.00000000000001,0.0018452401020419631
79,96,110.36584740964173,121.1,60.00000000000001,0.0018452401020419631
79,97,111.05866773266929,122.3,60.00000000000001,0.0018452401020419631
79,98,117.2,137.9,90.0,0.0016666666666666668
79,99,111.40507789418307,122.9,60.00000000000001,0.0018452401020419631
79,100,111.23187281342618,122.6,60.00000000000001,0.0018452401020419631
79,105,92.26755275695382,89.75283413119239,15.000000000000002,0.015327393996606094
79,106,85.18432667397366,77.48432667397364,15.000000000000005,0.015327393996606094
79,111,84.96185464088344,77.09899380939825,39.99999999999999,0.005178573435375297
79,112,85.19166797381914,77.49704217829964,39.99999999999999,0.005178573435375297
79,130,90.33562358168675,86.40663464300516,49.99999999999999,0.004404773945585112
79,131,94.7901343721511,94.12207365495323,49.999999999999986,0.004404773945585112
79,132,80.6,69.54403995615803,30.000000000000004,0.0026488205612307967
79,133,80.9,70.06365519842872,30.000000000000004,0.0026488205612307967
79,145,80.8446482921774,69.96778322819424,19.999999999999996,0.006815487227897463
79,146,83.47548094716167,74.52451905283833,75.0,0.0019047739455851117
79,156,56.0,26.935590089963643,29.999999999999993,0.002410713282312352
79,157,56.3,27.455205332234296,29.999999999999993,0.002410713282312352
79,177,50.430546342707686,16.7,78.02611843844052,0.0019047739455851117
79,179,92.03010077911333,89.34155524121493,49.999999999999986,0.004404773945585112
79,180,75.56933222541781,60.830667774582196,75.0,0.0019047739455851117
79,181,75.67913984655314,61.02086015344686,75.0,0.0019047739455851117
79,185,54.42060632516702,24.200000000000003,60.00000000000001,0.0018452401020419631
79,186,54.593811405923915,24.5,60.00000000000001,0.0018452401020419631
79,187,53.727786002139474,23.0,60.00000000000001,0.0018452401020419631
79,188,53.900991082896354,23.299999999999997,60.00000000000001,0.0018452401020419631
79,189,54.07419616365324,23.599999999999998,60.00000000000001,0.0018452401020419631
79,190,83.75,75.0,59.999999999999986,0.0018749929761864628
79,199,72.43386226854511,55.399874503672926,49.999999999999986,0.004404773945585112
79,200,72.61786450808097,55.71857573125548,49.999999999999986,0.004404773945585112
79,201,50.3,11.3,90.0,0.0016666666666666668
79,202,50.3,10.7,90.0,0.0016666666666666668
79,203,50.3,9.8,90.0,0.0016666666666666668
79,204,50.3,10.1,90.0,0.0016666666666666668
79,205,50.3,10.4,90.0,0.0016666666666666668
79,210,66.39909336335515,44.94734814794708,39.99999999999999,0.005178573435375297
79,211,60.70587873022568,35.08641114497223,39.99999999999999,0.005178573435375297
79,212,60.93569206316137,35.48445951387359,39.99999999999999,0.005178573435375297
79,213,61.165505396097075,35.88250788277497,39.99999999999999,0.005178573435375297
79,214,61.39531872903276,36.28055625167632,39.99999999999999,0.005178573435375297
79,215,61.62513206196846,36.678604620577694,39.99999999999999,0.005178573435375297
79,216,56.11120702801833,27.12820631265012,49.999999999999986,0.004404773945585112
79,217,56.295209267554185,27.44690754023268,49.999999999999986,0.004404773945585112
79,218,56.479211507090035,27.765608767815237,49.999999999999986,0.004404773945585112
79,219,56.663213746625885,28.08430999539779,49.999999999999986,0.004404773945585112
79,220,50.3,6.199999999999999,90.0,0.0016666666666666668
79,221,50.3,6.5,90.0,0.0016666666666666668
79,222,67.6002787182965,47.02786221201313,39.99999999999999,0.005178573435375297
79,223,67.83009205123217,47.42591058091448,39.99999999999999,0.005178573435375297
79,224,68.05990538416788,47.82395894981587,39.99999999999999,0.005178573435375297
79,225,84.39786167935364,76.12212934491743,19.999999999999993,0.006815487227897463
79,226,61.815276453629735,37.00794436770931,49.99999999999999,0.004404773945585112
79,227,61.99927869316559,37.32664559529186,49.99999999999999,0.004404773945585112
79,228,62.183280932701436,37.64534682287441,49.99999999999999,0.004404773945585112
79,229,50.3,6.800000000000001,90.0,0.0016666666666666668
79,249,54.247401244410135,23.900000000000002,60.00000000000001,0.0018452401020419631
79,250,50.3,11.0,90.0,0.0016666666666666668
79,251,51.649325033056826,19.400000000000002,60.00000000000001,0.0018452401020419631
79,252,51.82253011381371,19.70000000000001,60.00000000000001,0.0018452401020419631
79,253,51.9957351945706,20.000000000000007,60.00000000000001,0.0018452401020419631
79,254,52.168940275327486,20.300000000000004,60.00000000000001,0.0018452401020419631
80,85,113.06926792610236,125.26284644646321,39.99999999999999,0.005178573435375297
80,86,112.37982792729527,124.06870133975912,39.99999999999999,0.005178573435375297
80,87,112.60964126023096,124.46674970866047,39.99999999999999,0.005178573435375297
80,88,112.83945459316665,124.86479807756183,39.99999999999999,0.005178573435375297
80,90,77.59999999999998,63.82827229118071,30.00000000000001,0.0026488205612307967
80,93,111.1854626519124,122.0,60.00000000000001,0.0018452401020419631
80,94,111.01225757115552,121.7,60.00000000000001,0.0018452401020419631
80,95,110.83905249039863,121.4,60.00000000000001,0.0018452401020419631
80,96,110.66584740964174,121.1,60.00000000000001,0.0018452401020419631
80,97,111.35866773266929,122.3,60.00000000000001,0.0018452401020419631
80,98,117.5,137.9,90.0,0.0016666666666666668
80,99,111.70507789418306,122.9,60.00000000000001,0.0018452401020419631
80,100,111.53187281342618,122.6,60.00000000000001,0.0018452401020419631
80,105,92.97736037808914,90.46264175232771,15.000000000000002,0.015327393996606094
80,106,85.89413429510898,78.19413429510897,15.000000000000005,0.015327393996606094
80,111,85.03204130794775,76.70094544049692,39.99999999999999,0.005178573435375297
80,112,85.26185464088344,77.09899380939827,39.99999999999999,0.005178573435375297
80,130,90.45162134215087,86.08793341542261,49.99999999999999,0.004404773945585112
80,131,94.90613213261526,93.80337242737069,49.999999999999986,0.004404773945585112
80,132,80.6,69.02442471388738,30.000000000000004,0.0026488205612307967
80,133,80.9,69.54403995615806,30.000000000000004,0.0026488205612307967
80,145,80.71274050594161,69.21969699824928,19.999999999999996,0.006815487227897463
80,146,83.66567332602634,74.33432667397366,75.0,0.0019047739455851117
80,156,56.0,26.415974847692983,29.999999999999993,0.002410713282312352
80,157,56.3,26.935590089963643,29.999999999999993,0.002410713282312352
80,177,50.73054634270768,16.7,78.02611843844052,0.0019047739455851117
80,179,92.14609853957748,89.02285401363238,49.999999999999986,0.004404773945585112
80,180,75.75952460428246,60.640475395717544,75.0,0.0019047739455851117
80,181,75.86933222541779,60.830667774582196,75.0,0.0019047739455851117
80,185,54.720606325167026,24.200000000000003,60.00000000000001,0.0018452401020419631
80,186,54.89381140592391,24.5,60.00000000000001,0.0018452401020419631
80,187,54.02778600213947,23.0,60.00000000000001,0.0018452401020419631
80,188,54.20099108289635,23.299999999999997,60.00000000000001,0.0018452401020419631
80,189,54.37419616365324,23.599999999999998,60.00000000000001,0.0018452401020419631
80,190,83.9,74.74019237886466,59.999999999999986,0.0018749929761864628
80,199,72.54986002900927,55.081173276090375,49.999999999999986,0.004404773945585112
80,200,72.73386226854512,55.39987450367292,49.999999999999986,0.004404773945585112
80,201,50.599999999999994,11.3,89.99999999999997,0.0017559533843543149
80,202,50.599999999999994,10.7,89.99999999999997,0.0017559533843543149
80,203,50.599999999999994,9.8,89.99999999999997,0.0017559533843543149
80,204,50.599999999999994,10.1,89.99999999999997,0.0017559533843543149
80,205,50.599999999999994,10.4,89.99999999999997,0.0017559533843543149
80,210,66.46928003041945,44.54929977904571,39.99999999999999,0.005178573435375297
80,211,60.77606539728998,34.688362776070875,39.99999999999999,0.005178573435375297
80,212,61.005878730225675,35.08641114497222,39.99999999999999,0.005178573435375297
80,213,61.23569206316138,35.4844595138736,39.99999999999999,0.005178573435375297
80,214,61.46550539609707,35.88250788277497,39.99999999999999,0.005178573435375297
80,215,61.695318729032756,36.28055625167632,39.99999999999999,0.005178573435375297
80,216,56.22720478848248,26.80950508506757,49.999999999999986,0.004404773945585112
80,217,56.41120702801834,27.12820631265013,49.999999999999986,0.004404773945585112
80,218,56.59520926755418,27.44690754023268,49.999999999999986,0.004404773945585112
80,219,56.77921150709003,27.765608767815237,49.999999999999986,0.004404773945585112
80,220,50.599999999999994,6.199999999999999,89.99999999999997,0.0017559533843543149
80,221,50.599999999999994,6.5,89.99999999999997,0.0017559533843543149
80,222,67.67046538536079,46.62981384311176,39.99999999999999,0.005178573435375297
80,223,67.90027871829648,47.02786221201313,39.99999999999999,0.005178573435375297
80,224,68.13009205123217,47.425910580914504,39.99999999999999,0.005178573435375297
80,225,84.26595389311788,75.37404311497247,19.999999999999993,0.006815487227897463
80,226,61.93127421409388,36.68924314012675,49.99999999999999,0.004404773945585112
80,227,62.11527645362973,37.00794436770931,49.99999999999999,0.004404773945585112
80,228,62.29927869316559,37.32664559529186,49.99999999999999,0.004404773945585112
80,229,50.599999999999994,6.800000000000001,89.99999999999997,0.0017559533843543149
80,249,54.54740124441013,23.900000000000002,60.00000000000001,0.0018452401020419631
80,250,50.599999999999994,11.0,89.99999999999997,0.0017559533843543149
80,251,51.94932503305682,19.400000000000002,60.00000000000001,0.0018452401020419631
80,252,52.12253011381371,19.70000000000001,60.00000000000001,0.0018452401020419631
80,253,52.2957351945706,20.000000000000007,60.00000000000001,0.0018452401020419631
80,254,52.46894027532748,20.300000000000004,60.00000000000001,0.0018452401020419631
81,85,110.03819523990015,142.45291386566157,55.0,0.0021726340986480564
81,86,109.27310184770579,141.6878204734672,55.0,0.0021726340986480564
81,87,109.52813297843724,141.94285160419867,55.0,0.0021726340986480564
81,88,109.7831641091687,142.1978827349301,55.0,0.0021726340986480564
81,89,106.7,139.11471862576144,45.0,0.005714293741501186
81,90,101.54795845490169,133.9626770806631,25.0,0.0040178461054358695
81,92,106.4,138.81471862576143,45.0,0.005714293741501186
81,93,89.58528137423858,122.0,45.0,0.005714293741501186
81,94,89.28528137423858,121.7,45.0,0.005714293741501186
81,95,88.98528137423858,121.4,45.0,0.005714293741501186
81,96,88.68528137423857,121.1,45.0,0.005714293741501186
81,97,89.88528137423857,122.3,45.0,0.005714293741501186
81,98,105.48528137423858,137.9,45.0,0.005714293741501186
81,99,90.48528137423858,122.9,45.0,0.005714293741501186
81,100,90.18528137423857,122.6,45.0,0.005714293741501186
81,111,78.92439729066245,111.33911591642388,54.99999999999999,0.002261892721081555
81,112,79.17942842139391,111.59414704715533,54.99999999999999,0.002261892721081555
81,113,61.868121010775695,94.28283963653712,35.00000000000001,0.005714293741501186
81,114,62.232343211787025,94.64706183754845,35.00000000000001,0.005714293741501186
81,115,4.700000000000014,34.07695154586736,29.99999999999997,0.002410713282312352
81,115,8.849667001915396,41.264385627676816,15.000000000000005,0.015327393996606094
81,116,44.946833885729625,77.36155251149104,25.0,0.0040178461054358695
81,117,45.41850992380605,77.83322854956747,25.0,0.0040178461054358695
81,122,47.3,79.71471862576142,45.0,0.005714293741501186
81,123,47.599999999999994,80.01471862576142,45.0,0.005714293741501186
81,124,47.900000000000006,80.31471862576143,45.0,0.005714293741501186
81,125,4.700000000000003,11.121149997680025,19.99999999999998,0.006815487227897463
81,125,19.574909591789652,51.98962821755107,25.000000000000004,0.0040178461054358695
81,130,81.5,113.91471862576142,44.99999999999998,0.006309519795916074
81,131,85.96212138100842,118.37684000676984,65.0,0.003065473180270389
81,132,80.6,113.01471862576142,45.000000000000014,0.005714293741501186
81,133,80.9,113.31471862576143,45.000000000000014,0.005714293741501186
81,134,4.700000000000006,18.45690800474378,25.841932763167396,0.0040178461054358695
81,134,30.143895635975333,62.55861426173675,15.000000000000005,0.015327393996606094
81,135,69.10089358981519,101.51561221557661,25.0,0.0040178461054358695
81,143,85.13787888441394,117.55259751017536,25.0,0.0040178461054358695
81,144,85.60955492249036,118.02427354825178,25.0,0.0040178461054358695
81,145,90.11225092491418,122.5269695506756,35.00000000000001,0.005714293741501186
81,146,62.79264068711929,95.20735931288073,90.0,0.0016666666666666668
81,147,41.11011213754091,73.52483076330233,55.0,0.0021726340986480564
81,150,29.900000000000002,62.31471862576143,45.0,0.005714293741501186
81,156,48.76104605948461,81.17576468524604,55.0,0.0021726340986480564
81,157,49.016077190216066,81.43079581597749,55.0,0.0021726340986480564
81,158,20.51826166794251,52.932980293703935,25.0,0.0040178461054358695
81,159,20.989937706018956,53.40465633178038,25.0,0.0040178461054358695
81,160,13.399999999999995,45.81471862576142,45.0,0.005714293741501186
81,161,13.70000000000001,46.114718625761434,45.0,0.005714293741501186
81,162,25.935759859019253,58.35047848478068,54.99999999999999,0.002261892721081555
81,163,27.523784403907726,59.93850302966916,54.99999999999999,0.002261892721081555
81,165,19.872850481964033,52.28756910772547,55.0,0.0021726340986480564
81,166,20.12788161269549,52.54260023845692,55.0,0.0021726340986480564
81,179,82.66292915015966,115.0776477759211,64.99999999999999,0.002946433588438241
81,180,51.99264068711929,84.40735931288071,90.0,0.0016666666666666668
81,181,52.1426406871193,84.55735931288072,90.0,0.0016666666666666668
81,190,68.68266724333287,101.0973858690943,75.0,0.0019047739455851117
81,199,59.23866431113355,91.65338293689499,65.0,0.003065473180270389
81,200,59.4586104598568,91.87332908561822,65.0,0.003065473180270389
81,207,77.11938623711455,109.53410486287598,25.0,0.0040178461054358695
81,210,58.32471346191422,90.73943208767565,54.99999999999999,0.002261892721081555
81,211,52.00677295412755,84.421491579889,55.0,0.0021726340986480564
81,212,52.261804084858994,84.67652271062045,55.0,0.0021726340986480564
81,213,52.51683521559046,84.9315538413519,55.0,0.0021726340986480564
81,214,52.771866346321914,85.18658497208335,55.0,0.0021726340986480564
81,215,53.026897477053375,85.4416161028148,55.0,0.0021726340986480564
81,216,39.72746071846353,72.14217934422496,65.0,0.003065473180270389
81,217,39.947406867186785,72.36212549294821,65.0,0.003065473180270389
81,218,40.167353015910024,72.58207164167146,65.0,0.003065473180270389
81,219,40.387299164633276,72.8020177903947,65.0,0.003065473180270389
81,222,59.65770687607124,92.07242550183268,55.0,0.0021726340986480564
81,223,59.9127380068027,92.32745663256414,55.0,0.0021726340986480564
81,224,60.167769137534165,92.5824877632956,55.0,0.0021726340986480564
81,225,91.1,123.51471862576142,45.0,0.005714293741501186
81,226,46.54579132888428,78.96050995464569,65.0,0.003065473180270389
81,227,46.765737477607516,79.18045610336895,65.0,0.003065473180270389
81,228,46.98568362633077,79.40040225209219,65.0,0.003065473180270389
81,232,14.0,46.414718625761424,45.0,0.005714293741501186
81,233,11.0,43.414718625761424,45.0,0.005714293741501186
81,234,11.299999999999999,43.71471862576142,45.0,0.005714293741501186
81,235,11.599999999999998,44.01471862576142,45.0,0.005714293741501186
81,236,11.900000000000002,44.31471862576143,45.0,0.005714293741501186
81,237,12.200000000000001,44.614718625761434,45.0,0.005714293741501186
81,238,12.5,44.914718625761424,45.0,0.005714293741501186
81,239,12.799999999999992,45.21471862576142,45.0,0.005714293741501186
81,240,13.100000000000005,45.514718625761425,45.0,0.005714293741501186
81,241,75.57158338863655,107.98630201439798,15.000000000000005,0.015327393996606094
81,242,76.28139100977188,108.6961096355333,15.000000000000005,0.015327393996606094
81,243,76.9911986309072,109.40591725666863,15.000000000000005,0.015327393996606094
81,244,77.70100625204253,110.11572487780396,15.000000000000005,0.015327393996606094
81,245,20.0,52.41471862576143,45.0,0.005714293741501186
81,248,30.199999999999992,62.61471862576141,45.0,0.005714293741501186
81,255,33.076631519500026,65.49135014526145,54.99999999999999,0.002261892721081555
82,85,110.0831641091687,142.1978827349301,55.0,0.0021726340986480564
82,86,109.31807071697432,141.43278934273576,55.0,0.0021726340986480564
82,87,109.57310184770577,141.68782047346718,55.0,0.0021726340986480564
82,88,109.82813297843722,141.94285160419867,55.0,0.0021726340986480564
82,89,106.7,138.81471862576143,45.0,0.005714293741501186
82,90,101.37628241682525,133.49100104258665,25.0,0.0040178461054358695
82,92,106.4,138.51471862576142,45.0,0.005714293741501186
82,93,89.88528137423859,122.0,45.0,0.005714293741501186
82,94,89.58528137423859,121.7,45.0,0.005714293741501186
82,95,89.2852813742386,121.4,45.0,0.005714293741501186
82,96,88.98528137423858,121.1,45.0,0.005714293741501186
82,97,90.18528137423858,122.3,45.0,0.005714293741501186
82,98,105.7852813742386,137.9,45.0,0.005714293741501186
82,99,90.7852813742386,122.9,45.0,0.005714293741501186
82,100,90.48528137423858,122.6,45.0,0.005714293741501186
82,105,23.0,20.48528137423857,44.99999999999999,0.006309519795916074
82,111,78.96936615993101,111.0840847856924,54.99999999999999,0.002261892721081555
82,112,79.22439729066247,111.33911591642388,54.99999999999999,0.002261892721081555
82,113,61.80389880976438,93.91861743552579,35.00000000000001,0.005714293741501186
82,114,62.16812101077571,94.28283963653712,35.00000000000001,0.005714293741501186
82,116,23.000000000000007,17.06312198192736,19.999999999999996,0.006815487227897463
82,116,44.775157847653176,76.88987647341459,25.0,0.0040178461054358695
82,117,23.000000000000007,16.238878756090987,19.999999999999996,0.006815487227897463
82,117,45.24683388572961,77.36155251149101,25.0,0.0040178461054358695
82,122,47.3,79.41471862576141,45.0,0.005714293741501186
82,123,47.599999999999994,79.7147186257614,45.0,0.005714293741501186
82,124,47.900000000000006,80.01471862576142,45.0,0.005714293741501186
82,130,81.49999999999999,113.6147186257614,44.99999999999998,0.006309519795916074
82,131,86.04217523228516,118.15689385804657,65.0,0.003065473180270389
82,132,80.6,112.7147186257614,45.000000000000014,0.005714293741501186
82,133,80.9,113.01471862576142,45.000000000000014,0.005714293741501186
82,134,23.00000000000001,50.1850240562579,29.999999999999986,0.002410713282312352
82,134,29.73408801483999,61.848806640601396,15.000000000000005,0.015327393996606094
82,135,68.92921755173876,101.04393617750017,25.0,0.0040178461054358695
82,143,84.9662028463375,117.08092147209891,25.0,0.0040178461054358695
82,144,85.43787888441392,117.55259751017533,25.0,0.0040178461054358695
82,145,90.04802872390286,122.16274734966427,35.00000000000001,0.005714293741501186
82,146,62.94264068711931,95.0573593128807,90.0,0.0016666666666666668
82,147,41.15508100680945,73.26979963257088,55.0,0.0021726340986480564
82,150,29.900000000000002,62.01471862576142,45.0,0.005714293741501186
82,156,48.80601492875316,80.92073355451457,55.0,0.0021726340986480564
82,157,49.061046059484596,81.17576468524601,55.0,0.0021726340986480564
82,162,25.980728728287797,58.09544735404921,54.99999999999999,0.002261892721081555
82,163,27.56875327317627,59.6834718989377,54.99999999999999,0.002261892721081555
82,165,23.000000000000007,34.55262289886177,10.000000000000007,0.005952372925165482
82,166,23.000000000000004,36.25400744474709,10.000000000000007,0.005952372925165482
82,177,23.0,16.699999999999996,90.0,0.0016666666666666668
82,179,82.74298300143641,114.85770162719783,64.99999999999999,0.002946433588438241
82,180,52.1426406871193,84.25735931288071,90.0,0.0016666666666666668
82,181,52.2926406871193,84.40735931288071,90.0,0.0016666666666666668
82,185,23.0,24.2,90.0,0.0016666666666666668
82,186,23.0,24.5,90.0,0.0016666666666666668
82,190,68.7924748644682,100.90719349022962,75.0,0.0019047739455851117
82,199,59.318718162410306,91.43343678817172,65.0,0.003065473180270389
82,200,59.53866431113356,91.65338293689497,65.0,0.003065473180270389
82,201,23.0,11.300000000000002,90.0,0.0016666666666666668
82,207,76.94771019903811,109.06242882479953,25.0,0.0040178461054358695
82,210,58.369682331182766,90.48440095694417,54.99999999999999,0.002261892721081555
82,211,52.05174182339609,84.16646044915751,55.0,0.0021726340986480564
82,212,52.30677295412754,84.42149157988896,55.0,0.0021726340986480564
82,213,52.561804084859006,84.67652271062045,55.0,0.0021726340986480564
82,214,52.81683521559046,84.9315538413519,55.0,0.0021726340986480564
82,215,53.07186634632192,85.18658497208335,55.0,0.0021726340986480564
82,216,39.80751456974028,71.92223319550169,65.0,0.003065473180270389
82,217,40.027460718463544,72.14217934422496,65.0,0.003065473180270389
82,218,40.24740686718679,72.3621254929482,65.0,0.003065473180270389
82,219,40.467353015910035,72.58207164167145,65.0,0.003065473180270389
82,222,59.70267574533979,91.81739437110122,55.0,0.0021726340986480564
82,223,59.95770687607124,92.07242550183267,55.0,0.0021726340986480564
82,224,60.21273800680271,92.32745663256414,55.0,0.0021726340986480564
82,225,91.1,123.2147186257614,45.0,0.005714293741501186
82,226,46.62584518016103,78.74056380592243,65.0,0.003065473180270389
82,227,46.845791328884275,78.96050995464569,65.0,0.003065473180270389
82,228,47.06573747760753,79.18045610336894,65.0,0.003065473180270389
82,229,23.0,6.799999999999999,90.0,0.0016666666666666668
82,241,23.0,16.929648550935436,29.999999999999986,0.002410713282312352
82,241,75.16177576750121,107.27649439326262,15.000000000000005,0.015327393996606094
82,242,23.000000000000007,16.41003330866479,29.999999999999986,0.002410713282312352
82,242,75.87158338863654,107.98630201439795,15.000000000000005,0.015327393996606094
82,243,23.000000000000004,15.858831793390458,25.841932763167037,0.0040178461054358695
82,243,76.58139100977186,108.69610963553328,15.000000000000005,0.015327393996606094
82,244,23.000000000000004,15.11699182678558,18.19487233876675,0.009345240102041963
82,244,77.29119863090719,109.4059172566686,15.000000000000005,0.015327393996606094
82,248,30.199999999999992,62.3147186257614,45.0,0.005714293741501186
82,255,33.12160038876857,65.23631901452998,54.99999999999999,0.002261892721081555
83,85,110.12813297843724,141.94285160419867,55.0,0.0021726340986480564
83,86,109.36303958624286,141.17775821200428,55.0,0.0021726340986480564
83,87,109.61807071697433,141.43278934273576,55.0,0.0021726340986480564
83,88,109.87310184770578,141.68782047346718,55.0,0.0021726340986480564
83,89,106.7,138.51471862576142,45.0,0.005714293741501186
83,90,101.2046063787488,133.01932500451022,25.0,0.0040178461054358695
83,92,106.4,138.2147186257614,45.0,0.005714293741501186
83,93,90.18528137423858,122.0,45.0,0.005714293741501186
83,94,89.88528137423859,121.7,45.0,0.005714293741501186
83,95,89.58528137423859,121.4,45.0,0.005714293741501186
83,96,89.28528137423858,121.1,45.0,0.005714293741501186
83,97,90.48528137423858,122.3,45.0,0.005714293741501186
83,98,106.08528137423859,137.9,45.0,0.005714293741501186
83,99,91.08528137423859,122.9,45.0,0.005714293741501186
83,100,90.78528137423858,122.6,45.0,0.005714293741501186
83,105,23.30000000000001,20.785281374238586,45.0,0.005714293741501186
83,111,79.01433502919954,110.82905365496097,54.99999999999999,0.002261892721081555
83,112,79.269366159931,111.08408478569243,54.99999999999999,0.002261892721081555
83,113,61.73967660875306,93.55439523451449,35.00000000000001,0.005714293741501186
83,114,62.103898809764395,93.91861743552582,35.00000000000001,0.005714293741501186
83,116,23.300000000000004,17.88736520776375,19.999999999999996,0.006815487227897463
83,116,44.60348180957675,76.41820043533818,25.0,0.0040178461054358695
83,117,23.300000000000004,17.063121981927363,19.999999999999996,0.006815487227897463
83,117,45.07515784765317,76.88987647341459,25.0,0.0040178461054358695
83,122,47.3,79.11471862576141,45.0,0.005714293741501186
83,123,47.60000000000001,79.41471862576142,45.0,0.005714293741501186
83,124,47.89999999999999,79.7147186257614,45.0,0.005714293741501186
83,130,81.5,113.3147186257614,44.99999999999998,0.006309519795916074
83,131,86.1222290835619,117.93694770932332,65.0,0.003065473180270389
83,132,80.6,112.41471862576142,45.000000000000014,0.005714293741501186
83,133,80.9,112.71471862576142,45.000000000000014,0.005714293741501186
83,134,23.300000000000004,50.70463929852856,29.999999999999993,0.002410713282312352
83,134,29.32428039370467,61.13899901946608,15.000000000000005,0.015327393996606094
83,135,68.75754151366232,100.57226013942372,25.0,0.0040178461054358695
83,143,84.79452680826107,116.60924543402248,25.0,0.0040178461054358695
83,144,85.2662028463375,117.08092147209891,25.0,0.0040178461054358695
83,145,89.98380652289154,121.79852514865294,35.00000000000001,0.005714293741501186
83,146,63.0926406871193,94.90735931288071,90.0,0.0016666666666666668
83,147,41.200049876078005,73.01476850183943,55.0,0.0021726340986480564
83,150,29.899999999999995,61.71471862576141,45.0,0.005714293741501186
83,156,48.85098379802169,80.6657024237831,55.0,0.0021726340986480564
83,157,49.106014928753154,80.92073355451457,55.0,0.0021726340986480564
83,162,26.025697597556338,57.84041622331774,54.99999999999999,0.002261892721081555
83,163,27.613722142444814,59.42844076820624,54.99999999999999,0.002261892721081555
83,165,23.300000000000004,32.851238352976466,10.000000000000004,0.005952372925165482
83,166,23.300000000000004,34.552622898861785,10.000000000000004,0.005952372925165482
83,177,23.300000000000004,16.699999999999996,90.0,0.0016666666666666668
83,179,82.82303685271316,114.63775547847457,64.99999999999999,0.002946433588438241
83,180,52.2926406871193,84.1073593128807,90.0,0.0016666666666666668
83,181,52.442640687119294,84.25735931288071,90.0,0.0016666666666666668
83,185,23.300000000000004,24.2,90.0,0.0016666666666666668
83,186,23.300000000000004,24.5,90.0,0.0016666666666666668
83,190,68.90228248560354,100.71700111136497,75.0,0.0019047739455851117
83,199,59.39877201368705,91.21349063944848,65.0,0.003065473180270389
83,200,59.6187181624103,91.43343678817172,65.0,0.003065473180270389
83,201,23.300000000000004,11.300000000000002,90.0,0.0016666666666666668
83,207,76.7760341609617,108.5907527867231,25.0,0.0040178461054358695
83,210,58.4146512004513,90.22936982621272,54.99999999999999,0.002261892721081555
83,211,52.09671069266463,83.91142931842606,55.0,0.0021726340986480564
83,212,52.35174182339608,84.16646044915751,55.0,0.0021726340986480564
83,213,52.60677295412755,84.42149157988898,55.0,0.0021726340986480564
83,214,52.861804084859,84.67652271062045,55.0,0.0021726340986480564
83,215,53.116835215590456,84.9315538413519,55.0,0.0021726340986480564
83,216,39.88756842101702,71.70228704677845,65.0,0.003065473180270389
83,217,40.10751456974029,71.92223319550169,65.0,0.003065473180270389
83,218,40.32746071846354,72.14217934422496,65.0,0.003065473180270389
83,219,40.54740686718679,72.3621254929482,65.0,0.003065473180270389
83,222,59.74764461460833,91.56236324036975,55.0,0.0021726340986480564
83,223,60.002675745339786,91.81739437110122,55.0,0.0021726340986480564
83,224,60.257706876071246,92.07242550183268,55.0,0.0021726340986480564
83,225,91.1,122.91471862576141,45.0,0.005714293741501186
83,226,46.70589903143778,78.5206176571992,65.0,0.003065473180270389
83,227,46.925845180161026,78.74056380592243,65.0,0.003065473180270389
83,228,47.14579132888427,78.96050995464569,65.0,0.003065473180270389
83,229,23.300000000000004,6.799999999999999,90.0,0.0016666666666666668
83,241,23.299999999999997,17.449263793206097,29.999999999999993,0.002410713282312352
83,241,74.75196814636587,106.5666867721273,15.000000000000005,0.015327393996606094
83,242,23.29999999999999,16.929648550935422,29.999999999999993,0.002410713282312352
83,242,75.4617757675012,107.27649439326262,15.000000000000005,0.015327393996606094
83,243,23.299999999999997,16.410033308664776,29.999999999999993,0.002410713282312352
83,243,76.17158338863652,107.98630201439795,15.000000000000005,0.015327393996606094
83,244,23.3,15.858831793390465,25.841932763167105,0.0040178461054358695
83,244,76.88139100977185,108.69610963553328,15.000000000000005,0.015327393996606094
83,248,30.2,62.01471862576142,45.0,0.005714293741501186
83,255,33.16656925803713,64.98128788379853,54.99999999999999,0.002261892721081555
84,85,110.17310184770578,141.68782047346718,55.0,0.0021726340986480564
84,86,109.4080084555114,140.92272708127285,55.0,0.0021726340986480564
84,87,109.66303958624286,141.17775821200428,55.0,0.0021726340986480564
84,88,109.91807071697431,141.43278934273576,55.0,0.0021726340986480564
84,89,106.7,138.2147186257614,45.0,0.005714293741501186
84,90,101.03293034067238,132.5476489664338,25.0,0.0040178461054358695
84,92,106.4,137.91471862576142,45.0,0.005714293741501186
84,93,90.48528137423858,122.0,45.0,0.005714293741501186
84,94,90.18528137423858,121.7,45.0,0.005714293741501186
84,95,89.88528137423859,121.4,45.0,0.005714293741501186
84,96,89.58528137423858,121.1,45.0,0.005714293741501186
84,97,90.78528137423858,122.3,45.0,0.005714293741501186
84,98,106.38528137423859,137.9,45.0,0.005714293741501186
84,99,91.38528137423859,122.9,45.0,0.005714293741501186
84,100,91.08528137423858,122.6,45.0,0.005714293741501186
84,105,23.599999999999998,21.08528137423857,45.0,0.005714293741501186
84,111,79.05930389846809,110.57402252422949,54.99999999999999,0.002261892721081555
84,112,79.31433502919955,110.82905365496097,54.99999999999999,0.002261892721081555
84,113,61.675454407741746,93.19017303350316,35.00000000000001,0.005714293741501186
84,114,62.039676608753076,93.55439523451449,35.00000000000001,0.005714293741501186
84,116,23.6,18.71160843360013,20.0,0.0050297528741445
84,116,44.431805771500315,75.94652439726173,25.0,0.0040178461054358695
84,117,23.6,17.887365207763754,20.0,0.0050297528741445
84,117,44.903481809576746,76.41820043533818,25.0,0.0040178461054358695
84,122,47.3,78.81471862576142,45.0,0.005714293741501186
84,123,47.599999999999994,79.11471862576141,45.0,0.005714293741501186
84,124,47.900000000000006,79.41471862576142,45.0,0.005714293741501186
84,130,81.5,113.01471862576142,44.99999999999998,0.006309519795916074
84,131,86.20228293483866,117.71700156060007,65.0,0.003065473180270389
84,132,80.6,112.11471862576141,45.000000000000014,0.005714293741501186
84,133,80.9,112.41471862576142,45.000000000000014,0.005714293741501186
84,134,23.6,51.22425454079921,29.999999999999993,0.002410713282312352
84,134,28.914472772569333,60.429191398330744,15.000000000000005,0.015327393996606094
84,135,68.58586547558588,100.1005841013473,25.0,0.0040178461054358695
84,143,84.62285077018464,116.13756939594606,25.0,0.0040178461054358695
84,144,85.09452680826107,116.60924543402248,25.0,0.0040178461054358695
84,145,89.91958432188022,121.43430294764164,35.00000000000001,0.005714293741501186
84,146,63.24264068711929,94.75735931288071,90.0,0.0016666666666666668
84,147,41.245018745346535,72.75973737110795,55.0,0.0021726340986480564
84,150,29.900000000000002,61.414718625761424,45.0,0.005714293741501186
84,156,48.89595266729023,80.41067129305165,55.0,0.0021726340986480564
84,157,49.150983798021684,80.6657024237831,55.0,0.0021726340986480564
84,162,26.070666466824886,57.58538509258631,54.99999999999999,0.002261892721081555
84,163,27.65869101171336,59.17340963747478,54.99999999999999,0.002261892721081555
84,165,23.6,31.149853807091162,10.0,0.005952372925165482
84,166,23.6,32.85123835297648,10.0,0.005952372925165482
84,177,23.599999999999998,16.699999999999996,90.0,0.0016666666666666668
84,179,82.9030907039899,114.41780932975132,64.99999999999999,0.002946433588438241
84,180,52.4426406871193,83.95735931288071,90.0,0.0016666666666666668
84,181,52.5926406871193,84.1073593128807,90.0,0.0016666666666666668
84,185,23.599999999999998,24.2,90.0,0.0016666666666666668
84,186,23.599999999999998,24.5,90.0,0.0016666666666666668
84,190,69.01209010673887,100.52680873250029,75.0,0.0019047739455851117
84,199,59.4788258649638,90.99354449072523,65.0,0.003065473180270389
84,200,59.698772013687055,91.21349063944848,65.0,0.003065473180270389
84,201,23.6,11.300000000000002,90.0,0.0016666666666666668
84,207,76.60435812288526,108.11907674864668,25.0,0.0040178461054358695
84,210,58.45962006971985,89.97433869548126,54.99999999999999,0.002261892721081555
84,211,52.141679561933174,83.6563981876946,55.0,0.0021726340986480564
84,212,52.39671069266463,83.91142931842606,55.0,0.0021726340986480564
84,213,52.651741823396094,84.16646044915753,55.0,0.0021726340986480564
84,214,52.906772954127554,84.421491579889,55.0,0.0021726340986480564
84,215,53.161804084859,84.67652271062045,55.0,0.0021726340986480564
84,216,39.96762227229378,71.4823408980552,65.0,0.003065473180270389
84,217,40.18756842101704,71.70228704677845,65.0,0.003065473180270389
84,218,40.407514569740286,71.92223319550169,65.0,0.003065473180270389
84,219,40.62746071846354,72.14217934422496,65.0,0.003065473180270389
84,222,59.79261348387687,91.3073321096383,55.0,0.0021726340986480564
84,223,60.04764461460833,91.56236324036975,55.0,0.0021726340986480564
84,224,60.30267574533979,91.81739437110123,55.0,0.0021726340986480564
84,225,91.1,122.61471862576141,45.0,0.005714293741501186
84,226,46.785952882714525,78.30067150847594,65.0,0.003065473180270389
84,227,47.00589903143778,78.5206176571992,65.0,0.003065473180270389
84,228,47.22584518016102,78.74056380592243,65.0,0.003065473180270389
84,229,23.6,6.799999999999999,90.0,0.0016666666666666668
84,241,23.599999999999998,17.968879035476746,29.999999999999993,0.002410713282312352
84,241,74.34216052523055,105.85687915099197,15.000000000000005,0.015327393996606094
84,242,23.600000000000005,17.449263793206114,29.999999999999993,0.002410713282312352
84,242,75.05196814636588,106.5666867721273,15.000000000000005,0.015327393996606094
84,243,23.599999999999998,16.92964855093544,29.999999999999993,0.002410713282312352
84,243,75.7617757675012,107.27649439326262,15.000000000000005,0.015327393996606094
84,244,23.600000000000005,16.410033308664794,29.999999999999993,0.002410713282312352
84,244,76.47158338863653,107.98630201439795,15.000000000000005,0.015327393996606094
84,248,30.199999999999992,61.71471862576141,45.0,0.005714293741501186
84,255,33.211538127305666,64.72625675306708,54.99999999999999,0.002261892721081555
85,93,113.64459578852255,122.0,80.0,0.0018749929761864628
85,94,113.69749388273509,121.70000000000002,80.0,0.0018749929761864628
85,95,113.75039197694764,121.4,80.0,0.0018749929761864628
85,96,113.80329007116018,121.1,80.0,0.0018749929761864628
85,97,113.59169769431001,122.30000000000001,80.0,0.0018749929761864628
85,98,110.84099679525796,137.9,80.0,0.0018749929761864628
85,99,113.48590150588494,122.9,80.0,0.0018749929761864628
85,100,113.53879960009748,122.6,80.0,0.0018749929761864628
85,101,118.57642623182551,94.03019966945878,29.999999999999996,0.002410713282312352
85,102,124.3319638818204,61.38892363291753,20.0,0.0050297528741445
85,103,124.4819638818204,60.538231359974844,20.0,0.0050297528741445
85,104,124.63196388182041,59.68753908703219,20.0,0.0050297528741445
85,105,115.2739862311919,112.75926760543048,55.0,0.0021726340986480564
85,106,116.05124036532106,108.35124036532108,55.0,0.0021726340986480564
85,146,130.35759754008592,27.215857015119752,16.755857580913535,0.012797613027207446
85,146,131.0,23.57261162333134,10.000000000000002,0.005952372925165482
85,178,124.7819638818204,58.83684681408955,20.0,0.0050297528741445
85,206,113.0872668385646,125.16076954144319,39.99999999999999,0.005178573435375297
85,246,110.21807071697432,141.43278934273576,55.0,0.0021726340986480564
85,247,110.26303958624287,141.17775821200428,55.0,0.0021726340986480564
86,93,112.74459578852256,122.0,80.0,0.0018749929761864628
86,94,112.7974938827351,121.7,80.0,0.0018749929761864628
86,95,112.85039197694763,121.4,80.0,0.0018749929761864628
86,96,112.90329007116017,121.1,80.0,0.0018749929761864628
86,97,112.69169769431002,122.3,80.0,0.0018749929761864628
86,98,109.94099679525796,137.9,80.0,0.0018749929761864628
86,99,112.58590150588493,122.9,80.0,0.0018749929761864628
86,100,112.63879960009747,122.6,80.0,0.0018749929761864628
86,101,117.97014287192528,92.36444982834179,29.999999999999996,0.002410713282312352
86,102,122.0,48.163699265944345,9.999999999999998,0.0073512075340233535
86,103,122.0,46.46231472005896,9.999999999999998,0.0073512075340233535
86,104,122.0,44.760930174173666,9.999999999999998,0.0073512075340233535
86,105,114.50889283899753,111.99417421323611,55.0,0.0021726340986480564
86,106,115.28614697312669,107.58614697312669,55.0,0.0021726340986480564
86,146,122.0,36.0,45.0,0.005714293741501186
86,178,122.0,43.05954562828837,9.999999999999998,0.0073512075340233535
86,198,122.0,30.8,90.0,0.0016666666666666668
86,206,112.39782683975751,123.96662443473912,39.99999999999999,0.005178573435375297
86,246,109.45297732477995,140.66769595054137,55.0,0.0021726340986480564
86,247,109.4979461940485,140.41266481980992,55.0,0.0021726340986480564
87,93,113.04459578852256,122.0,80.0,0.0018749929761864628
87,94,113.0974938827351,121.7,80.0,0.0018749929761864628
87,95,113.15039197694763,121.4,80.0,0.0018749929761864628
87,96,113.20329007116017,121.1,80.0,0.0018749929761864628
87,97,112.99169769431,122.3,80.0,0.0018749929761864628
87,98,110.24099679525796,137.9,80.0,0.0018749929761864628
87,99,112.88590150588493,122.9,80.0,0.0018749929761864628
87,100,112.93879960009747,122.6,80.0,0.0018749929761864628
87,101,118.17223732522535,92.91969977538078,29.999999999999996,0.002410713282312352
87,102,122.3,49.865083811829635,9.999999999999998,0.0073512075340233535
87,103,122.3,48.16369926594426,9.999999999999998,0.0073512075340233535
87,104,122.3,46.46231472005896,9.999999999999998,0.0073512075340233535
87,105,114.76392396972899,112.24920534396756,55.0,0.0021726340986480564
87,106,115.54117810385814,107.84117810385814,55.0,0.0021726340986480564
87,146,122.3,35.7,45.0,0.005714293741501186
87,178,122.3,44.760930174173666,9.999999999999998,0.0073512075340233535
87,198,122.3,30.792495306631455,87.13401601740117,0.0018749929761864628
87,206,112.6276401726932,124.36467280364047,39.99999999999999,0.005178573435375297
87,246,109.7080084555114,140.92272708127282,55.0,0.0021726340986480564
87,247,109.75297732477995,140.66769595054137,55.0,0.0021726340986480564
88,93,113.34459578852255,122.0,80.0,0.0018749929761864628
88,94,113.39749388273509,121.7,80.0,0.0018749929761864628
88,95,113.45039197694763,121.4,80.0,0.0018749929761864628
88,96,113.50329007116017,121.1,80.0,0.0018749929761864628
88,97,113.29169769431002,122.3,80.0,0.0018749929761864628
88,98,110.54099679525795,137.9,80.0,0.0018749929761864628
88,99,113.18590150588493,122.9,80.0,0.0018749929761864628
88,100,113.23879960009747,122.6,80.0,0.0018749929761864628
88,101,118.37433177852543,93.47494972241978,29.999999999999996,0.002410713282312352
88,102,122.6,51.56646835771494,9.999999999999998,0.0073512075340233535
88,103,122.6,49.86508381182955,9.999999999999998,0.0073512075340233535
88,104,122.6,48.16369926594426,9.999999999999998,0.0073512075340233535
88,105,115.01895510046045,112.50423647469901,55.0,0.0021726340986480564
88,106,115.7962092345896,108.0962092345896,55.0,0.0021726340986480564
88,146,122.6,35.400000000000006,45.0,0.005714293741501186
88,178,122.6,46.46231472005896,9.999999999999998,0.0073512075340233535
88,198,122.6,30.76992462263972,84.26082952273326,0.0018452401020419631
88,206,112.8574535056289,124.76272117254183,39.99999999999999,0.005178573435375297
88,246,109.96303958624286,141.17775821200428,55.0,0.0021726340986480564
88,247,110.0080084555114,140.92272708127282,55.0,0.0021726340986480564
89,90,83.30653503054668,83.84477812353714,9.999999999999995,0.0073512075340233535
89,90,106.7,148.12650060048048,18.194872338766743,0.009345240102041963
89,93,105.33546265191241,122.0,60.00000000000001,0.0018452401020419631
89,94,105.16225757115552,121.7,60.00000000000001,0.0018452401020419631
89,95,104.98905249039865,121.4,60.00000000000001,0.0018452401020419631
89,96,104.81584740964175,121.1,60.00000000000001,0.0018452401020419631
89,97,105.5086677326693,122.3,60.00000000000001,0.0018452401020419631
89,98,106.7,137.9,90.0,0.0016666666666666668
89,99,105.85507789418308,122.9,60.00000000000001,0.0018452401020419631
89,100,105.68187281342618,122.6,60.00000000000001,0.0018452401020419631
89,105,79.1361117659502,76.62139314018879,15.000000000000002,0.015327393996606094
89,106,72.05288568297004,64.35288568297003,15.000000000000005,0.015327393996606094
89,111,83.66340130019378,84.46288863407348,39.99999999999999,0.005178573435375297
89,112,83.89321463312947,84.86093700297484,39.99999999999999,0.005178573435375297
89,114,49.7,23.57261162333127,9.999999999999996,0.0073512075340233535
89,114,50.20547165127018,26.439283809511963,13.68686366134515,0.012619067687086299
89,130,88.18966501309998,92.30260735328238,50.0,0.0038393007653147234
89,131,92.64417580356435,100.01804636523048,49.999999999999986,0.004404773945585112
89,132,80.60000000000001,79.15692193816531,30.00000000000001,0.0026488205612307967
89,133,80.90000000000002,79.67653718043597,30.00000000000001,0.0026488205612307967
89,143,49.7,20.187825481880292,20.0,0.0050297528741445
89,143,55.065948103613195,34.93064673052289,9.999999999999995,0.0073512075340233535
89,144,49.7,19.35487654547626,18.19487233876699,0.009345240102041963
89,144,55.87766922278465,36.33658895050452,9.999999999999995,0.0073512075340233535
89,145,83.28494233753918,83.80737848217589,19.999999999999996,0.006815487227897463
89,146,79.95692193816531,78.04307806183468,75.0,0.0019047739455851117
89,156,56.0,36.548472071970906,29.999999999999996,0.002410713282312352
89,157,56.3,37.068087314241566,29.999999999999996,0.002410713282312352
89,177,49.7,16.7,90.0,0.0016666666666666668
89,179,89.88414221052659,95.23752795149215,49.999999999999986,0.004404773945585112
89,180,72.05077321642145,64.34922678357857,75.0,0.0019047739455851117
89,181,72.16058083755678,64.53941916244324,75.0,0.0019047739455851117
89,185,49.702441328735524,24.2,88.36548141347548,0.0018154872278974634
89,186,49.71852659346546,24.5,85.49627769808303,0.0018749929761864628
89,187,49.7,23.0,90.0,0.0016666666666666668
89,188,49.7,23.3,90.0,0.0016666666666666668
89,189,49.7,23.6,90.0,0.0016666666666666668
89,190,80.975,79.80644099100363,59.99999999999999,0.0018749929761864628
89,199,70.28790369995838,61.29584721395017,49.99999999999999,0.004404773945585112
89,200,70.47190593949423,61.61454844153272,49.99999999999999,0.004404773945585112
89,201,49.7,11.3,90.0,0.0016666666666666668
89,202,49.7,10.7,90.0,0.0016666666666666668
89,203,49.7,9.8,90.0,0.0016666666666666668
89,204,49.7,10.1,90.0,0.0016666666666666668
89,205,49.7,10.4,90.0,0.0016666666666666668
89,210,65.10064002266547,52.31124297262228,39.99999999999999,0.005178573435375297
89,211,59.40742538953601,42.45030596964744,39.99999999999999,0.005178573435375297
89,212,59.63723872247169,42.8483543385488,39.99999999999999,0.005178573435375297
89,213,59.8670520554074,43.24640270745018,39.99999999999999,0.005178573435375297
89,214,60.09686538834309,43.64445107635153,39.99999999999999,0.005178573435375297
89,215,60.32667872127878,44.04249944525289,39.99999999999999,0.005178573435375297
89,216,53.965248459431585,33.024179022927356,49.99999999999999,0.004404773945585112
89,217,54.14925069896745,33.342880250509936,49.99999999999999,0.004404773945585112
89,218,54.33325293850329,33.66158147809247,49.99999999999999,0.004404773945585112
89,219,54.51725517803914,33.98028270567503,49.99999999999999,0.004404773945585112
89,220,49.7,6.199999999999999,90.0,0.0016666666666666668
89,221,49.7,6.5,90.0,0.0016666666666666668
89,222,66.3018253776068,54.39175703668835,39.99999999999999,0.005178573435375297
89,223,66.5316387105425,54.78980540558969,39.99999999999999,0.005178573435375297
89,224,66.76145204347822,55.187853774491074,39.99999999999999,0.005178573435375297
89,225,86.83815572471545,89.96172459889908,20.0,0.0050297528741445
89,226,59.66931788504299,42.90391707798655,49.99999999999999,0.004404773945585112
89,227,59.85332012457884,43.22261830556909,49.99999999999999,0.004404773945585112
89,228,60.03732236411469,43.54131953315165,49.99999999999999,0.004404773945585112
89,229,49.7,6.800000000000001,90.0,0.0016666666666666668
89,246,106.7,137.91471862576142,45.0,0.005714293741501186
89,247,106.7,137.61471862576144,45.0,0.005714293741501186
89,249,49.7,23.9,90.0,0.0016666666666666668
89,250,49.7,11.0,90.0,0.0016666666666666668
89,251,49.7,19.4,90.0,0.0016666666666666668
89,252,49.7,19.7,90.0,0.0016666666666666668
89,253,49.7,20.0,90.0,0.0016666666666666668
89,254,49.7,20.3,90.0,0.0016666666666666668
90,92,92.39288215561137,108.80931167497879,9.999999999999991,0.0073512075340233535
90,92,106.4,147.29355166407646,20.0,0.0050297528741445
90,93,97.19390007540181,122.0,70.0,0.0033035804591888336
90,94,97.08470900512194,121.7,70.0,0.0033035804591888336
90,95,96.97551793484209,121.4,70.0,0.0033035804591888336
90,96,96.86632686456221,121.1,70.0,0.0033035804591888336
90,97,97.30309114568166,122.3,70.0,0.0033035804591888336
90,98,102.98102680023442,137.9,70.0,0.0033035804591888336
90,99,97.52147328624139,122.9,70.0,0.0033035804591888336
90,100,97.41228221596153,122.6,70.0,0.0033035804591888336
90,105,81.55946712296554,79.04474849720411,25.0,0.0040178461054358695
90,106,78.59217191416286,70.89217191416286,25.0,0.0040178461054358695
90,111,83.62035796128913,84.70699953945906,29.999999999999996,0.002410713282312352
90,112,83.82245241458921,85.26224948649805,29.999999999999993,0.002410713282312352
90,130,87.2872990648903,94.78183742007329,40.00000000000001,0.005833333333333334
90,131,90.91864953244514,104.75889083180623,40.0,0.005833333333333334
90,132,80.60000000000001,76.4086342421472,20.00000000000001,0.0050297528741445
90,133,80.90000000000002,77.23287746798363,20.00000000000001,0.0050297528741445
90,145,77.59999999999998,51.566468357714875,10.00000000000001,0.005952372925165482
90,145,83.27744327395581,83.76484917921147,10.000000000000005,0.005952372925165482
90,146,80.86454215646671,77.1354578435333,65.0,0.003065473180270389
90,167,77.6,13.700000000000001,89.99999999999999,0.0017559533843543149
90,168,77.6,14.0,89.99999999999999,0.0017559533843543149
90,169,77.6,14.299999999999999,89.99999999999999,0.0017559533843543149
90,170,77.6,14.600000000000001,89.99999999999999,0.0017559533843543149
90,171,77.6,14.899999999999999,89.99999999999999,0.0017559533843543149
90,172,77.6,15.200000000000001,89.99999999999999,0.0017559533843543149
90,173,77.6,15.5,89.99999999999999,0.0017559533843543149
90,174,77.6,15.799999999999999,89.99999999999999,0.0017559533843543149
90,175,77.6,16.1,89.99999999999999,0.0017559533843543149
90,176,77.6,16.4,89.99999999999999,0.0017559533843543149
90,177,77.6,16.700000000000003,89.99999999999999,0.0017559533843543149
90,179,88.66864953244514,98.57706663803333,40.0,0.005833333333333334
90,180,77.59999999999998,58.800000000000026,44.99999999999999,0.006309519795916074
90,181,77.59999999999998,59.10000000000002,44.99999999999999,0.006309519795916074
90,183,77.6,22.4,89.99999999999999,0.0017559533843543149
90,184,77.6,22.700000000000003,89.99999999999999,0.0017559533843543149
90,185,77.6,24.200000000000003,89.99999999999999,0.0017559533843543149
90,186,77.6,24.5,89.99999999999999,0.0017559533843543149
90,187,77.6,23.0,89.99999999999999,0.0017559533843543149
90,188,77.6,23.299999999999997,89.99999999999999,0.0017559533843543149
90,189,77.6,23.6,89.99999999999999,0.0017559533843543149
90,190,81.50351608396585,78.89102428095744,50.0,0.0038393007653147234
90,194,77.6,28.1,89.99999999999999,0.0017559533843543149
90,195,77.6,28.4,89.99999999999999,0.0017559533843543149
90,196,77.6,28.700000000000003,89.99999999999999,0.0017559533843543149
90,197,77.6,27.799999999999997,89.99999999999999,0.0017559533843543149
90,199,77.59999999999998,41.206027740708166,19.999999999999982,0.006815487227897463
90,200,77.59999999999998,42.03027096654455,19.999999999999982,0.006815487227897463
90,201,77.6,11.299999999999999,89.99999999999999,0.0017559533843543149
90,202,77.6,10.700000000000001,89.99999999999999,0.0017559533843543149
90,203,77.6,9.76992462263972,84.26082952273326,0.0018452401020419631
90,204,77.6,10.092495306631456,87.13401601740117,0.0018749929761864628
90,205,77.6,10.399999999999999,89.99999999999999,0.0017559533843543149
90,206,77.6,63.69502035529512,30.00000000000001,0.0026488205612307967
90,225,77.59999999999998,37.56953999052304,10.000000000000009,0.005952372925165482
90,225,88.06467472022189,96.91765947953056,10.000000000000004,0.005952372925165482
90,246,100.86125430259595,132.07597292835737,25.0,0.0040178461054358695
90,247,100.68957826451951,131.60429689028095,25.0,0.0040178461054358695
90,249,77.6,23.9,89.99999999999999,0.0017559533843543149
90,250,77.6,11.0,89.99999999999999,0.0017559533843543149
90,251,77.6,19.4,89.99999999999999,0.0017559533843543149
90,252,77.6,19.700000000000003,89.99999999999999,0.0017559533843543149
90,253,77.6,20.0,89.99999999999999,0.0017559533843543149
90,254,77.6,20.299999999999997,89.99999999999999,0.0017559533843543149
91,93,80.58528137423858,122.0,45.0,0.005714293741501186
91,94,80.28528137423858,121.7,45.0,0.005714293741501186
91,95,79.98528137423858,121.4,45.0,0.005714293741501186
91,96,79.68528137423857,121.1,45.0,0.005714293741501186
91,97,83.46814588281148,124.88286450857291,79.71694064536082,0.0019047739455851117
91,98,96.48528137423858,137.9,45.0,0.005714293741501186
91,99,84.06814588281149,125.48286450857292,79.71694064536078,0.0019047739455851117
91,100,83.76814588281148,125.1828645085729,79.71694064536071,0.0019047739455851117
91,111,77.57533121260616,118.99004983836757,55.0,0.0021726340986480564
91,112,77.83036234333761,119.24508096909904,55.0,0.0021726340986480564
91,113,63.794787041115214,105.20950566687664,35.00000000000001,0.005714293741501186
91,114,64.15900924212656,105.57372786788797,35.00000000000001,0.005714293741501186
91,115,4.4,33.52575003059301,25.84193276316719,0.0040178461054358695
91,115,21.143895635975333,62.55861426173675,15.000000000000002,0.015327393996606094
91,116,50.09711502802264,91.51183365378407,25.0,0.0040178461054358695
91,117,50.56879106609907,91.98350969186049,25.0,0.0040178461054358695
91,122,47.69577772854114,89.11049635430255,40.00000000000001,0.005833333333333334
91,123,48.02454076743027,89.43925939319169,40.00000000000001,0.005833333333333334
91,124,48.3533038063194,89.76802243208083,40.00000000000001,0.005833333333333334
91,125,4.3999999999999995,10.29690677184362,19.999999999999996,0.006815487227897463
91,125,24.725190734082663,66.13990935984408,25.000000000000004,0.0040178461054358695
91,130,81.5,122.91471862576142,44.99999999999998,0.006309519795916074
91,131,83.56050584270591,124.97522446846733,64.99999999999999,0.002946433588438241
91,132,80.6,122.01471862576142,45.000000000000014,0.005714293741501186
91,133,80.9,122.31471862576143,45.000000000000014,0.005714293741501186
91,134,4.4,17.715068038138888,18.194872338766967,0.009345240102041963
91,134,42.438124270035274,83.8528428957967,15.000000000000002,0.015327393996606094
91,135,74.25117473210821,115.66589335786963,25.0,0.0040178461054358695
91,143,90.11853408149534,131.53325270725676,35.54758885238752,0.005714293741501186
91,144,90.46599269865166,131.88071132441308,38.896858613829025,0.004761920816335705
91,145,90.8,132.2147186257614,45.0,0.005714293741501186
91,146,58.292640687119295,99.7073593128807,90.0,0.0016666666666666668
91,147,39.76104605948461,81.17576468524604,55.0,0.0021726340986480564
91,150,29.900000000000002,71.31471862576143,45.0,0.005714293741501186
91,151,87.18528137423857,128.6,45.0,0.005714293741501186
91,151,96.8,138.2147186257614,45.0,0.005714293741501186
91,152,86.88528137423859,128.3,45.0,0.005714293741501186
91,152,97.1,138.51471862576142,45.0,0.005714293741501186
91,153,86.58528137423858,128.0,45.0,0.005714293741501186
91,153,97.4,138.81471862576143,45.0,0.005714293741501186
91,154,86.28528137423858,127.7,45.0,0.005714293741501186
91,154,97.7,139.11471862576144,45.0,0.005714293741501186
91,155,87.48528137423858,128.9,45.0,0.005714293741501186
91,155,96.5,137.91471862576142,45.0,0.005714293741501186
91,156,47.4119799814283,88.82669860718971,55.0,0.0021726340986480564
91,157,47.667011112159756,89.08172973792117,55.0,0.0021726340986480564
91,158,25.668542810235525,67.08326143599695,25.0,0.0040178461054358695
91,159,26.140218848311967,67.5549374740734,25.0,0.0040178461054358695
91,160,13.400000000000002,54.81471862576143,45.0,0.005714293741501186
91,161,13.700000000000003,55.11471862576143,45.0,0.005714293741501186
91,162,24.586693780962946,66.00141240672437,55.0,0.0021726340986480564
91,163,26.174718325851423,67.58943695161285,55.0,0.0021726340986480564
91,165,18.523784403907726,59.93850302966915,55.0,0.0021726340986480564
91,166,18.778815534639183,60.1935341604006,55.0,0.0021726340986480564
91,179,81.2,122.61471862576143,45.0,0.005714293741501186
91,180,47.49264068711929,88.90735931288071,90.0,0.0016666666666666668
91,181,47.6426406871193,89.05735931288072,90.0,0.0016666666666666668
91,190,65.38843860927292,106.80315723503435,75.0,0.0019047739455851117
91,199,56.83704877283104,98.25176739859248,65.0,0.003065473180270389
91,200,57.05699492155429,98.47171354731572,65.0,0.003065473180270389
91,207,80.3,121.71471862576142,45.0,0.005714293741501186
91,210,56.97564738385792,98.39036600961933,55.0,0.0021726340986480564
91,211,50.65770687607124,92.07242550183267,55.0,0.0021726340986480564
91,212,50.912738006802684,92.32745663256412,55.0,0.0021726340986480564
91,213,51.16776913753416,92.58248776329557,55.0,0.0021726340986480564
91,214,51.42280026826562,92.83751889402704,55.0,0.0021726340986480564
91,215,51.67783139899707,93.09255002475848,55.0,0.0021726340986480564
91,216,37.32584518016102,78.74056380592245,65.0,0.003065473180270389
91,217,37.54579132888428,78.9605099546457,65.0,0.003065473180270389
91,218,37.76573747760752,79.18045610336894,65.0,0.003065473180270389
91,219,37.98568362633077,79.4004022520922,65.0,0.003065473180270389
91,222,58.308640798014935,99.72335942377637,55.0,0.0021726340986480564
91,223,58.56367192874639,99.97839055450781,55.0,0.0021726340986480564
91,224,58.818703059477855,100.23342168523928,55.0,0.0021726340986480564
91,225,91.1,132.51471862576142,45.0,0.005714293741501186
91,226,44.14417579058177,85.55889441634321,65.0,0.003065473180270389
91,227,44.364121939305015,85.77884056506645,65.0,0.003065473180270389
91,228,44.58406808802826,85.99878671378968,65.0,0.003065473180270389
91,232,14.0,55.414718625761424,45.0,0.005714293741501186
91,233,11.000000000000007,52.414718625761424,45.0,0.005714293741501186
91,234,11.29437854829601,52.70909717405743,47.48039107873569,0.005476186462582741
91,235,11.575597800495279,52.9903164262567,50.0,0.0038393007653147234
91,236,11.851462745171872,53.2661813709333,50.0,0.0038393007653147234
91,237,12.127327689848462,53.54204631560989,50.0,0.0038393007653147234
91,238,12.403192634525048,53.81791126028648,50.0,0.0038393007653147234
91,239,12.679057579201645,54.09377620496308,50.0,0.0038393007653147234
91,240,12.95492252387824,54.36964114963967,50.0,0.0038393007653147234
91,241,87.8658120226965,129.28053064845793,15.000000000000002,0.015327393996606094
91,242,88.57561964383183,129.99033826959325,15.000000000000002,0.015327393996606094
91,243,89.28542726496714,130.70014589072858,15.000000000000002,0.015327393996606094
91,244,89.99523488610247,131.4099535118639,15.000000000000002,0.015327393996606094
91,245,20.0,61.414718625761424,45.0,0.005714293741501186
91,248,30.199999999999992,71.61471862576141,45.0,0.005714293741501186
91,255,31.72756544144373,73.14228406720514,55.0,0.0021726340986480564
92,93,100.00852961085882,122.0,60.00000000000001,0.0018452401020419631
92,94,99.83532453010193,121.7,60.00000000000001,0.0018452401020419631
92,95,99.66211944934506,121.4,60.00000000000001,0.0018452401020419631
92,96,99.48891436858815,121.1,60.00000000000001,0.0018452401020419631
92,97,100.1817346916157,122.3,60.00000000000001,0.0018452401020419631
92,98,106.4,137.9,90.0,0.0016666666666666668
92,99,100.52814485312949,122.9,60.00000000000001,0.0018452401020419631
92,100,100.35493977237259,122.6,60.00000000000001,0.0018452401020419631
92,105,66.53245286655871,64.0177342407973,15.000000000000002,0.015327393996606094
92,106,39.20000000000002,16.67653718043598,29.99999999999998,0.002410713282312352
92,106,59.44922678357854,51.749226783578536,15.000000000000005,0.015327393996606094
92,111,82.41713571410617,91.53081199486735,39.99999999999999,0.005178573435375297
92,112,82.64694904704186,91.9288603637687,39.99999999999999,0.005178573435375297
92,113,52.13425035530099,39.07931595363308,19.999999999999993,0.006815487227897463
92,114,52.566158141536775,39.827402183578066,19.999999999999993,0.006815487227897463
92,122,47.3,30.706148721743862,29.999999999999993,0.002410713282312352
92,123,47.6,31.225763964014536,29.999999999999993,0.002410713282312352
92,124,47.9,31.745379206285197,29.999999999999993,0.002410713282312352
92,130,86.12995733675102,97.96160768472853,49.99999999999999,0.004404773945585112
92,131,90.58446812721539,105.67704669667663,49.999999999999986,0.004404773945585112
92,132,80.60000000000001,88.38344061378751,30.000000000000004,0.0026488205612307967
92,133,80.90000000000002,88.90305585605819,30.000000000000004,0.0026488205612307967
92,135,38.900000000000006,16.15692193816531,29.999999999999993,0.002410713282312352
92,143,64.15229522867787,59.89518028196453,9.999999999999991,0.0073512075340233535
92,144,64.96401634784934,61.30112250194616,9.999999999999991,0.0073512075340233535
92,145,85.62715548711108,97.09072933501255,19.999999999999996,0.006815487227897463
92,146,76.57978171439603,81.42021828560397,75.0,0.0019047739455851117
92,147,47.0,30.18653347947321,29.999999999999993,0.002410713282312352
92,156,55.23637445148937,44.45235249961503,39.99999999999999,0.005178573435375297
92,157,55.46618778442506,44.8504008685164,39.99999999999999,0.005178573435375297
92,163,36.09907984162183,11.305585915910449,39.99999999999999,0.005178573435375297
92,177,39.21354626519125,16.699999999999996,60.00000000000001,0.0018452401020419631
92,179,87.82443453417761,100.89652828293832,49.999999999999986,0.004404773945585112
92,180,68.67363299265216,67.72636700734785,75.0,0.0019047739455851117
92,181,68.78344061378749,67.91655938621253,75.0,0.0019047739455851117
92,185,43.54367328411344,24.200000000000003,60.00000000000001,0.0018452401020419631
92,186,43.716878364870325,24.5,60.00000000000001,0.0018452401020419631
92,187,32.3,4.725386608210696,29.999999999999993,0.002410713282312352
92,187,42.85085296108589,23.0,60.00000000000001,0.0018452401020419631
92,188,32.0,4.205771365940045,29.999999999999993,0.002410713282312352
92,188,43.02405804184277,23.299999999999997,60.00000000000001,0.0018452401020419631
92,189,31.700000000000003,3.6861561236693863,29.999999999999993,0.002410713282312352
92,189,43.19726312259966,23.599999999999998,60.00000000000001,0.0018452401020419631
92,190,78.31153347947321,84.41970032881473,59.999999999999986,0.0018749929761864628
92,199,68.2281960236094,66.95484754539632,49.999999999999986,0.004404773945585112
92,200,68.41219826314526,67.27354877297887,49.999999999999986,0.004404773945585112
92,201,36.095854811567264,11.299999999999999,60.00000000000001,0.0018452401020419631
92,202,33.04671599447205,6.018736649460621,17.303333809347006,0.012767860153062945
92,202,34.83129855790155,9.109724319622018,17.30333380934694,0.012767860153062945
92,207,50.35303620276294,35.994162542276435,9.999999999999991,0.0073512075340233535
92,210,63.854374436577864,59.379166333416144,39.99999999999999,0.005178573435375297
92,211,58.1611598034484,49.5182293304413,39.99999999999999,0.005178573435375297
92,212,58.39097313638409,49.91627769934267,39.99999999999999,0.005178573435375297
92,213,58.62078646931978,50.31432606824404,39.99999999999999,0.005178573435375297
92,214,58.85059980225548,50.7123744371454,39.99999999999999,0.005178573435375297
92,215,59.08041313519117,51.110422806046756,39.99999999999999,0.005178573435375297
92,216,51.905540783082614,38.683179354373515,49.999999999999986,0.004404773945585112
92,217,52.08954302261847,39.00188058195609,49.999999999999986,0.004404773945585112
92,218,52.27354526215432,39.32058180953863,49.999999999999986,0.004404773945585112
92,219,52.45754750169017,39.63928303712117,49.999999999999986,0.004404773945585112
92,222,65.05555979151919,61.4596803974822,39.99999999999999,0.005178573435375297
92,223,65.28537312445489,61.85772876638356,39.99999999999999,0.005178573435375297
92,224,65.5151864573906,62.255777135284944,39.99999999999999,0.005178573435375297
92,225,89.18036887428734,103.24507545173576,19.999999999999993,0.006815487227897463
92,226,57.60961020869402,48.5629174094327,49.99999999999999,0.004404773945585112
92,227,57.793612448229865,48.881618637015244,49.99999999999999,0.004404773945585112
92,228,57.97761468776572,49.20031986459781,49.99999999999999,0.004404773945585112
92,229,33.49777860021395,6.799999999999999,60.00000000000001,0.0018452401020419631
92,246,30.8,1.873499399519524,18.19487233876681,0.009345240102041963
92,246,106.4,137.61471862576144,45.0,0.005714293741501186
92,247,31.1,2.6153393661244095,25.84193276316718,0.0040178461054358695
92,247,106.4,137.31471862576143,45.0,0.005714293741501186
92,249,31.400000000000002,3.166540881398726,29.999999999999993,0.002410713282312352
92,249,43.37046820335655,23.900000000000002,60.00000000000001,0.0018452401020419631
92,250,32.60539330109516,5.254343321998704,27.570472185889344,0.002857146870750593
92,250,35.38242887241377,10.0643100259486,27.570472185889212,0.002857146870750593
92,255,38.3,15.117691453623964,29.999999999999993,0.002410713282312352
93,111,74.0,139.2667607435326,9.999999999999998,0.0073512075340233535
93,111,76.8915454522508,122.86799158958434,48.796734565006616,0.005327393996606093
93,112,74.0,140.96814528941786,9.999999999999996,0.0073512075340233535
93,112,77.22460717439861,122.68048924584224,52.447223047002,0.002202386972792556
93,126,74.0,135.9905249806889,75.52248781407006,0.0019047739455851117
93,127,74.0,135.62122461732037,78.46304096718451,0.0019047739455851117
93,128,74.0,135.26788402001444,81.37307344132131,0.00199406066327276
93,129,74.0,134.93007537736028,84.26082952273327,0.0018452401020419631
93,130,81.5,122.0,89.99999999999999,0.0017559533843543149
93,131,84.6433989894885,122.0,70.00000000000001,0.0033035804591888336
93,132,80.6,122.0,90.0,0.0016666666666666668
93,133,80.9,122.0,90.0,0.0016666666666666668
93,134,74.0,138.51961524227065,29.999999999999993,0.002410713282312352
93,135,76.87596967569955,122.87745819608554,78.62268001281895,0.0019047739455851117
93,136,74.0,133.7,90.0,0.0016666666666666668
93,137,74.0,132.5,90.0,0.0016666666666666668
93,138,74.0,132.2,90.0,0.0016666666666666668
93,139,74.0,131.9,90.0,0.0016666666666666668
93,140,74.0,131.6,90.0,0.0016666666666666668
93,141,74.0,131.3,90.0,0.0016666666666666668
93,142,74.0,131.0,90.0,0.0016666666666666668
93,143,86.7566010105115,122.0,70.0,0.0033035804591888336
93,144,87.0566010105115,122.0,70.0,0.0033035804591888336
93,145,90.01933197511825,122.0,80.00000000000001,0.0018749929761864628
93,151,74.0,128.6,90.0,0.0016666666666666668
93,152,74.0,128.3,90.0,0.0016666666666666668
93,153,74.0,128.0,90.0,0.0016666666666666668
93,154,74.00750469336855,127.7,87.13401601740117,0.0018749929761864628
93,155,74.0,128.9,90.0,0.0016666666666666668
93,179,81.2,122.0,90.0,0.0016666666666666668
93,206,111.262395692966,122.0,60.00000000000001,0.0018452401020419631
93,206,124.7,145.2746133917893,29.999999999999993,0.002410713282312352
93,207,80.3,122.0,90.0,0.0016666666666666668
93,225,91.1,122.0,90.0,0.0016666666666666668
93,241,83.662395692966,122.0,60.00000000000001,0.0018452401020419631
93,242,83.962395692966,122.0,60.00000000000001,0.0018452401020419631
93,243,84.262395692966,122.0,60.00000000000001,0.0018452401020419631
93,244,84.56239569296599,122.0,60.00000000000001,0.0018452401020419631
93,246,90.78528137423858,122.0,45.0,0.005714293741501186
93,247,91.08528137423858,122.0,45.0,0.005714293741501186
94,111,73.7,140.96814528941786,9.999999999999998,0.0073512075340233535
94,111,76.98278660815825,122.3505372808855,53.0721009653813,0.002321426564624704
94,112,73.7,142.6695298353032,9.999999999999996,0.0073512075340233535
94,112,77.3099325649377,122.19658490972611,56.525269572631515,0.0021428531292494077
94,126,73.7,135.92122461732038,78.46304096718451,0.0019047739455851117
94,127,73.7,135.56788402001445,81.37307344132131,0.00199406066327276
94,128,73.7,135.23007537736027,84.26082952273315,0.0018452401020419631
94,129,73.7,134.90750469336857,87.13401601740117,0.0018749929761864628
94,130,81.5,121.7,89.99999999999999,0.0017559533843543149
94,131,84.75259005976835,121.7,70.00000000000001,0.0033035804591888336
94,132,80.6,121.7,90.0,0.0016666666666666668
94,133,80.9,121.70000000000002,90.0,0.0016666666666666668
94,134,73.7,138.0,29.999999999999993,0.002410713282312352
94,135,76.73308502851744,122.48488585436593,80.36414899296142,0.0018749929761864628
94,136,73.7,133.7,90.0,0.0016666666666666668
94,137,73.7,132.5,90.0,0.0016666666666666668
94,138,73.7,132.2,90.0,0.0016666666666666668
94,139,73.7,131.9,90.0,0.0016666666666666668
94,140,73.7,131.6,90.0,0.0016666666666666668
94,141,73.7,131.3,90.0,0.0016666666666666668
94,142,73.7,131.0,90.0,0.0016666666666666668
94,143,86.64740994023165,121.7,70.0,0.0033035804591888336
94,144,86.94740994023164,121.7,70.0,0.0033035804591888336
94,145,89.96643388090571,121.7,80.00000000000001,0.0018749929761864628
94,151,73.7,128.6,90.0,0.0016666666666666668
94,152,73.7,128.3,90.0,0.0016666666666666668
94,153,73.7,128.0,90.0,0.0016666666666666668
94,154,73.7,127.7,90.0,0.0016666666666666668
94,155,73.7,128.9,90.0,0.0016666666666666668
94,179,81.2,121.7,90.0,0.0016666666666666668
94,206,111.08919061220911,121.7,60.00000000000001,0.0018452401020419631
94,206,125.0,145.79422863405995,29.999999999999993,0.002410713282312352
94,207,80.3,121.7,90.0,0.0016666666666666668
94,225,91.1,121.7,90.0,0.0016666666666666668
94,241,83.48919061220911,121.7,60.00000000000001,0.0018452401020419631
94,242,83.78919061220911,121.7,60.00000000000001,0.0018452401020419631
94,243,84.08919061220911,121.7,60.00000000000001,0.0018452401020419631
94,244,84.3891906122091,121.7,60.00000000000001,0.0018452401020419631
94,246,90.48528137423858,121.7,45.0,0.005714293741501186
94,247,90.78528137423858,121.7,45.0,0.005714293741501186
95,107,56.0,137.9,90.0,0.0016666666666666668
95,108,56.0,137.6,90.0,0.0016666666666666668
95,109,56.0,137.3,90.0,0.0016666666666666668
95,110,56.0,137.0,90.0,0.0016666666666666668
95,111,77.15039197694762,121.4,80.0,0.0018749929761864628
95,112,77.45039197694763,121.4,80.00000000000001,0.0018749929761864628
95,113,66.64960802305237,121.4,80.0,0.0018749929761864628
95,114,66.94960802305238,121.4,80.00000000000001,0.0018749929761864628
95,115,56.82603550881436,124.36189344427322,60.42108203906619,0.0018452401020419631
95,116,61.00571201243689,121.482957546393,79.53875329421741,0.0019047739455851117
95,117,61.290825822137165,121.44205807468279,76.7879825058088,0.0017857062584988146
95,126,56.0,135.8,90.0,0.0016666666666666668
95,127,56.0,135.5,90.0,0.0016666666666666668
95,128,56.0,135.2,90.0,0.0016666666666666668
95,129,56.0,134.9,90.0,0.0016666666666666668
95,130,81.5,121.4,89.99999999999999,0.0017559533843543149
95,131,84.86178113004821,121.4,70.00000000000001,0.0033035804591888336
95,132,80.6,121.4,90.0,0.0016666666666666668
95,133,80.9,121.4,90.0,0.0016666666666666668
95,134,64.11598553145222,121.4,60.00000000000001,0.0018452401020419631
95,135,76.33821886995179,121.4,70.0,0.0033035804591888336
95,136,56.0,133.7,90.0,0.0016666666666666668
95,137,56.0,132.5,90.0,0.0016666666666666668
95,138,56.0,132.2,90.0,0.0016666666666666668
95,139,56.0,131.9,90.0,0.0016666666666666668
95,140,56.0,131.6,90.0,0.0016666666666666668
95,141,56.0,131.3,90.0,0.0016666666666666668
95,142,56.0,131.0,90.0,0.0016666666666666668
95,143,86.53821886995178,121.4,70.0,0.0033035804591888336
95,144,86.83821886995179,121.4,70.0,0.0033035804591888336
95,145,89.91353578669316,121.4,80.00000000000001,0.0018749929761864628
95,151,56.0,128.6,90.0,0.0016666666666666668
95,152,56.0,128.3,90.0,0.0016666666666666668
95,153,56.0,128.0,90.0,0.0016666666666666668
95,154,56.0,127.7,90.0,0.0016666666666666668
95,155,56.0,128.9,90.0,0.0016666666666666668
95,179,81.2,121.4,90.0,0.0016666666666666668
95,206,110.91598553145222,121.4,60.00000000000001,0.0018452401020419631
95,206,125.3,146.3138438763306,29.999999999999993,0.002410713282312352
95,207,80.3,121.4,90.0,0.0016666666666666668
95,225,91.1,121.4,90.0,0.0016666666666666668
95,241,83.31598553145223,121.4,60.00000000000001,0.0018452401020419631
95,242,83.61598553145222,121.4,60.00000000000001,0.0018452401020419631
95,243,83.91598553145222,121.4,60.00000000000001,0.0018452401020419631
95,244,84.21598553145222,121.4,60.00000000000001,0.0018452401020419631
95,246,90.18528137423858,121.4,45.0,0.005714293741501186
95,247,90.48528137423858,121.4,45.0,0.005714293741501186
96,107,55.7,137.9,90.0,0.0016666666666666668
96,108,55.7,137.6,90.0,0.0016666666666666668
96,109,55.7,137.3,90.0,0.0016666666666666668
96,110,55.7,137.0,90.0,0.0016666666666666668
96,111,77.20329007116017,121.1,80.0,0.0018749929761864628
96,112,77.50329007116017,121.1,80.00000000000001,0.0018749929761864628
96,113,66.59670992883983,121.1,80.0,0.0018749929761864628
96,114,66.89670992883984,121.1,80.00000000000001,0.0018749929761864628
96,115,56.59072360239864,123.95432126673532,61.61977163976882,0.0018452401020419631
96,116,60.886492750469976,121.15540531617486,77.79242244477254,0.0017857062584988146
96,117,61.17471207634826,121.12303818003949,75.02256019199801,0.0019047739455851117
96,126,55.7,135.8,90.0,0.0016666666666666668
96,127,55.7,135.5,90.0,0.0016666666666666668
96,128,55.7,135.2,90.0,0.0016666666666666668
96,129,55.7,134.9,90.0,0.0016666666666666668
96,130,81.49999999999999,121.1,89.99999999999999,0.0017559533843543149
96,131,84.97097220032808,121.1,70.00000000000001,0.0033035804591888336
96,132,80.6,121.1,90.0,0.0016666666666666668
96,133,80.9,121.1,90.0,0.0016666666666666668
96,134,63.94278045069533,121.1,60.00000000000001,0.0018452401020419631
96,135,76.22902779967191,121.1,70.0,0.0033035804591888336
96,136,55.7,133.7,90.0,0.0016666666666666668
96,137,55.7,132.5,90.0,0.0016666666666666668
96,138,55.7,132.2,90.0,0.0016666666666666668
96,139,55.7,131.9,90.0,0.0016666666666666668
96,140,55.7,131.6,90.0,0.0016666666666666668
96,141,55.7,131.3,90.0,0.0016666666666666668
96,142,55.7,131.0,90.0,0.0016666666666666668
96,143,86.42902779967193,121.1,70.0,0.0033035804591888336
96,144,86.72902779967191,121.1,70.0,0.0033035804591888336
96,145,89.86063769248062,121.1,80.00000000000001,0.0018749929761864628
96,151,55.7,128.6,90.0,0.0016666666666666668
96,152,55.7,128.3,90.0,0.0016666666666666668
96,153,55.7,128.0,90.0,0.0016666666666666668
96,154,55.7,127.7,90.0,0.0016666666666666668
96,155,55.7,128.9,90.0,0.0016666666666666668
96,179,81.2,121.1,90.0,0.0016666666666666668
96,206,110.74278045069532,121.1,60.00000000000001,0.0018452401020419631
96,206,125.6,146.83345911860127,29.999999999999993,0.002410713282312352
96,207,80.3,121.1,90.0,0.0016666666666666668
96,225,91.1,121.1,90.0,0.0016666666666666668
96,241,83.14278045069534,121.1,60.00000000000001,0.0018452401020419631
96,242,83.44278045069532,121.1,60.00000000000001,0.0018452401020419631
96,243,83.74278045069534,121.1,60.00000000000001,0.0018452401020419631
96,244,84.04278045069532,121.1,60.00000000000001,0.0018452401020419631
96,246,89.88528137423857,121.1,45.0,0.005714293741501186
96,247,90.18528137423857,121.1,45.0,0.005714293741501186
97,98,82.4,142.02650060048046,18.194872338767045,0.009345240102041963
97,98,124.1,142.02650060048046,18.194872338767045,0.009345240102041963
97,131,82.40165357425887,128.1591449085093,18.654809377249975,0.009345240102041963
97,131,83.71446014508693,124.55223849904756,18.654809377249954,0.009345240102041963
97,136,82.4,133.70750469336855,87.13401601740102,0.0018749929761864628
97,137,82.4,132.5,90.0,0.0016666666666666668
97,138,82.4,132.2,90.0,0.0016666666666666668
97,139,82.4,131.9,90.0,0.0016666666666666668
97,140,82.4,131.6,90.0,0.0016666666666666668
97,141,82.4,131.3,90.0,0.0016666666666666668
97,142,82.4,131.0,90.0,0.0016666666666666668
97,143,86.9321505859965,122.48231849463984,84.16065256720165,0.0018452401020419631
97,144,87.20923115071957,122.41934786374986,81.44700467631515,0.00199406066327276
97,145,90.07223006933079,122.3,80.00000000000001,0.0018749929761864628
97,151,82.4,128.6,90.0,0.0016666666666666668
97,152,82.39999999999999,128.3,90.0,0.0016666666666666668
97,153,82.40750469336854,128.0,87.13401601740105,0.0018749929761864628
97,154,82.43007537736027,127.7,84.26082952273315,0.0018452401020419631
97,155,82.4,128.9,90.0,0.0016666666666666668
97,206,111.43560077372288,122.3,60.00000000000001,0.0018452401020419631
97,206,124.1,144.23538290724795,29.999999999999993,0.002410713282312352
97,225,91.1,122.3,90.0,0.0016666666666666668
97,241,84.612851367399,123.6462375184601,80.8619204704271,0.0018749929761864628
97,242,84.81985889008328,123.48516982302758,83.3667844272931,0.0017857062584988146
97,243,85.03260881820147,123.33404826556425,85.858967801981,0.0018749929761864628
97,244,85.25103077663232,123.19275095278454,88.3433212551824,0.0018154872278974634
97,246,91.08528137423858,122.3,45.0,0.005714293741501186
97,247,91.38528137423857,122.3,45.0,0.005714293741501186
98,99,83.0,140.73930387414418,31.78833061705165,0.003035720306125889
98,99,123.5,140.73930387414418,31.78833061705165,0.003035720306125889
98,100,82.7,141.28466063387557,25.841932763167396,0.0040178461054358695
98,100,123.8,141.28466063387557,25.841932763167396,0.0040178461054358695
98,136,87.82560565278557,137.90627763887778,75.2264148490928,0.0019047739455851117
98,137,88.36992462263973,137.9,84.26082952273327,0.0018452401020419631
98,138,88.69249530663146,137.9,87.1340160174013,0.0018749929761864628
98,139,89.0,137.9,90.0,0.0016666666666666668
98,140,89.3,137.9,90.0,0.0016666666666666668
98,141,89.6,137.9,90.0,0.0016666666666666668
98,142,89.9,137.9,90.0,0.0016666666666666668
98,143,90.2,137.9,90.0,0.0016666666666666668
98,144,90.5,137.9,90.0,0.0016666666666666668
98,145,90.8,137.9,90.0,0.0016666666666666668
98,151,96.8,137.9,90.0,0.0016666666666666668
98,152,97.1,137.9,90.0,0.0016666666666666668
98,153,97.4,137.9,90.0,0.0016666666666666668
98,154,97.7,137.9,90.0,0.0016666666666666668
98,155,96.5,137.9,90.0,0.0016666666666666668
98,206,120.7090645545903,138.36211043061215,37.36593832696658,0.0055654731802703885
98,206,124.4,144.75499814951863,29.999999999999993,0.002410713282312352
98,225,91.1,137.9,90.0,0.0016666666666666668
98,241,92.84226497308104,137.9,60.00000000000001,0.0018452401020419631
98,242,93.14226497308104,137.9,60.00000000000001,0.0018452401020419631
98,243,93.44226497308104,137.9,60.00000000000001,0.0018452401020419631
98,244,93.74226497308103,137.9,60.00000000000001,0.0018452401020419631
98,246,106.68528137423858,137.9,45.0,0.005714293741501186
98,247,106.98528137423858,137.9,45.0,0.005714293741501186
99,136,83.0,133.76788402001444,81.37307344132131,0.00199406066327276
99,137,83.0,132.53007537736028,84.26082952273327,0.0018452401020419631
99,138,83.0,132.20750469336855,87.13401601740117,0.0018749929761864628
99,139,83.0,131.9,90.0,0.0016666666666666668
99,140,83.0,131.6,90.0,0.0016666666666666668
99,141,83.0,131.3,90.0,0.0016666666666666668
99,142,83.0,131.0,90.0,0.0016666666666666668
99,143,87.1863336105429,123.18068061498978,87.59446044643202,0.0018749929761864628
99,144,87.45756757920692,123.10164659344687,84.8963998034492,0.0018452401020419631
99,145,90.17802625775586,122.9,80.00000000000001,0.0018749929761864628
99,151,83.00750469336855,128.6,87.13401601740104,0.0018749929761864628
99,152,83.03007537736028,128.3,84.26082952273327,0.0018452401020419631
99,153,83.06788402001445,128.0,81.37307344132131,0.00199406066327276
99,154,83.12122461732037,127.7,78.46304096718451,0.0019047739455851117
99,155,83.0,128.9,90.0,0.0016666666666666668
99,206,111.78201093523666,122.9,60.00000000000001,0.0018452401020419631
99,206,123.5,143.19615242270663,29.999999999999993,0.002410713282312352
99,225,91.1,122.9,90.0,0.0016666666666666668
99,241,85.04242357504991,124.390278407631,78.73092586964601,0.0019047739455851117
99,242,85.24449626347389,124.22066332853272,81.25045422765642,0.00199406066327276
99,243,85.45239812228131,124.06114466870451,83.75303144382777,0.0017857062584988146
99,244,85.66602926725132,123.91154942360103,86.24369074678972,0.0018749929761864628
99,246,91.68528137423858,122.9,45.0,0.005714293741501186
99,247,91.98528137423858,122.9,45.0,0.005714293741501186
100,136,82.7,133.73007537736027,84.26082952273315,0.0018452401020419631
100,137,82.7,132.50750469336856,87.13401601740117,0.0018749929761864628
100,138,82.7,132.2,90.0,0.0016666666666666668
100,139,82.7,131.9,90.0,0.0016666666666666668
100,140,82.7,131.6,90.0,0.0016666666666666668
100,141,82.7,131.3,90.0,0.0016666666666666668
100,142,82.7,131.0,90.0,0.0016666666666666668
100,143,87.05831843904703,122.82896182195725,85.87941041734653,0.0018749929761864628
100,144,87.33246307398694,122.75792479028293,83.17481031724704,0.0017857062584988146
100,145,90.12512816354332,122.6,80.00000000000001,0.0018749929761864628
100,151,82.7,128.6,90.0,0.0016666666666666668
100,152,82.70750469336855,128.3,87.1340160174013,0.0018749929761864628
100,153,82.73007537736028,128.0,84.26082952273327,0.0018452401020419631
100,154,82.76788402001445,127.7,81.37307344132144,0.00199406066327276
100,155,82.7,128.9,90.0,0.0016666666666666668
100,206,111.60880585447977,122.6,60.00000000000001,0.0018452401020419631
100,206,123.8,143.71576766497728,29.999999999999993,0.002410713282312352
100,225,91.1,122.6,90.0,0.0016666666666666668
100,241,84.82711041077782,124.01734506757333,79.79820634351847,0.0019047739455851117
100,242,85.03166132124296,123.85202239496277,82.30993892846305,0.0018749929761864628
100,243,85.24199478293956,123.69671539488245,84.8068791244909,0.0018452401020419631
100,244,85.45802588997876,123.55127700601903,87.29396064190861,0.0018749929761864628
100,246,91.38528137423857,122.6,45.0,0.005714293741501186
100,247,91.68528137423857,122.6,45.0,0.005714293741501186
101,130,103.06864953244514,51.42293336196668,40.0,0.005833333333333334
101,131,106.7,61.39998677369962,40.0,0.005833333333333334
101,146,104.00485720307034,53.99514279692964,65.0,0.003065473180270389
101,179,104.44999999999999,55.21816257992671,39.99999999999999,0.005178573435375297
101,180,98.24097991114434,38.15902008885566,65.0,0.003065473180270389
101,181,98.32103376242108,38.37896623757891,65.0,0.003065473180270389
101,182,96.5,9.2,90.0,0.0016666666666666668
101,183,96.5,22.4,90.0,0.0016666666666666668
101,184,96.5,22.7,90.0,0.0016666666666666668
101,185,96.5,24.2,90.0,0.0016666666666666668
101,186,96.5,24.5,90.0,0.0016666666666666668
101,187,96.5,23.0,90.0,0.0016666666666666668
101,188,96.5,23.3,90.0,0.0016666666666666668
101,189,96.5,23.6,90.0,0.0016666666666666668
101,190,100.8622082768342,45.360785834822494,49.99999999999999,0.004404773945585112
101,191,96.5,26.9,90.0,0.0016666666666666668
101,192,96.5,27.2,90.0,0.0016666666666666668
101,193,96.5,27.5,90.0,0.0016666666666666668
101,194,96.5,28.1,90.0,0.0016666666666666668
101,195,96.5,28.4,90.0,0.0016666666666666668
101,196,96.5,28.7,90.0,0.0016666666666666668
101,197,96.5,27.8,90.0,0.0016666666666666668
101,198,96.5,30.8,90.0,0.0016666666666666668
101,249,96.5,23.9,90.0,0.0016666666666666668
101,251,96.5,19.332115979985556,81.37307344132131,0.00199406066327276
101,252,96.5,19.66992462263972,84.26082952273326,0.0018452401020419631
101,253,96.5,19.992495306631454,87.13401601740117,0.0018749929761864628
101,254,96.5,20.3,90.0,0.0016666666666666668
102,130,116.20885875829624,15.320505227031493,29.999999999999996,0.002410713282312352
102,131,118.57905444352939,28.762552925630533,29.999999999999993,0.002410713282312352
102,146,120.1767073262929,37.8232926737071,55.0,0.0021726340986480564
102,190,116.67609458600913,17.97033128221363,39.99999999999999,0.005178573435375297
102,191,117.82219860433432,24.470210164732073,46.51512916720667,0.0056250070238135375
102,192,117.92049342058016,25.027667769069765,49.638725783541744,0.004404773945585112
102,193,118.01490158346677,25.563083066872082,52.6237091841505,0.002202386972792556
102,194,118.19380110816692,26.57767268884235,58.26905446216674,0.00199406066327276
102,195,118.27892629542686,27.060441615741105,60.96307889266387,0.0018452401020419631
102,196,118.36148358830182,27.528647289899816,63.58848783554326,0.0025595338435431486
102,197,118.10588575222953,26.07907992904932,55.49424046667234,0.0021726340986480564
102,198,118.93831133450624,30.799999999999997,80.00000000000001,0.0018749929761864628
103,130,116.41095321159634,14.765255279992479,29.999999999999996,0.002410713282312352
103,131,118.78114889682946,28.207302978591517,29.999999999999993,0.002410713282312352
103,146,120.43173845702437,37.568261542975634,55.0,0.0021726340986480564
103,190,116.90590791894483,17.57228291331225,39.99999999999999,0.005178573435375297
103,191,118.06095020656942,24.122853240007217,42.48930755591137,0.005982153894564131
103,192,118.16481772636799,24.711915216689597,45.825543425380765,0.005714293741501186
103,193,118.26401849902498,25.27451075515129,48.982656989084674,0.005327393996606093
103,194,118.45089952811325,26.334365737851023,54.88835762079596,0.002261892721081555
103,195,118.53944615320735,26.836538602935676,57.68229574747963,0.0021726340986480564
103,196,118.62514826750856,27.322579445674933,60.392509889799186,0.0018452401020419631
103,197,118.35921534504713,25.814398897281663,51.99505633107014,0.002321426564624704
103,198,119.23831133450625,30.799999999999997,80.00000000000001,0.0018749929761864628
104,130,116.61304766489641,14.210005332953486,29.999999999999996,0.002410713282312352
104,131,118.98324335012954,27.652053031552526,29.999999999999993,0.002410713282312352
104,146,120.68676958775582,37.31323041224418,55.0,0.0021726340986480564
104,190,117.13572125188053,17.17423454441089,39.99999999999999,0.005178573435375297
104,191,118.29142713971083,23.728568334888088,38.127034720075656,0.004761920816335705
104,192,118.4022481748826,24.357065656888892,41.747553224243106,0.005982153894564131
104,193,118.5072239201092,24.952412692293336,45.127797445954954,0.005714293741501186
104,194,118.70336854313898,26.064804126897876,51.36096641639406,0.002321426564624704
104,195,118.79576981051605,26.58883775468314,54.277935827663704,0.002261892721081555
104,196,118.88496105634276,27.09466644560917,57.09171071390262,0.0021726340986480564
104,197,118.60736069416104,25.520316558448727,48.31998737178056,0.005327393996606093
104,198,119.53831133450626,30.799999999999997,80.00000000000001,0.0018749929761864628
105,111,84.16018828195422,81.64546965619276,55.0,0.0021726340986480564
105,112,84.41521941268567,81.90050078692423,55.0,0.0021726340986480564
105,113,54.390636542844064,51.87591791708263,35.00000000000001,0.005714293741501186
105,114,54.7548587438554,52.240140118093976,35.00000000000001,0.005714293741501186
105,116,24.958342553793486,22.443623928032054,25.0,0.0040178461054358695
105,117,25.43001859186992,22.915299966108485,25.0,0.0040178461054358695
105,122,47.3,44.785281374238565,45.0,0.005714293741501186
105,123,47.599999999999994,45.08528137423856,45.0,0.005714293741501186
105,124,47.900000000000006,45.38528137423857,45.0,0.005714293741501186
105,130,89.95823096403463,87.4435123382732,65.0,0.003065473180270389
105,131,95.28290796405503,92.76818933829361,64.99999999999999,0.002946433588438241
105,132,80.60000000000001,78.08528137423858,45.000000000000014,0.005714293741501186
105,133,80.90000000000002,78.38528137423859,45.000000000000014,0.005714293741501186
105,135,49.11240225787905,46.59768363211761,25.0,0.0040178461054358695
105,143,65.1493875524778,62.634668926716365,25.0,0.0040178461054358695
105,144,65.62106359055423,63.1063449647928,25.0,0.0040178461054358695
105,145,82.63476645698253,80.12004783122111,35.00000000000001,0.005714293741501186
105,146,80.25735931288071,77.74264068711929,90.0,0.0016666666666666668
105,147,46.34590312883267,43.831184503071235,55.0,0.0021726340986480564
105,150,29.899999999999995,27.385281374238566,45.0,0.005714293741501186
105,156,53.996837050776364,51.48211842501493,55.0,0.0021726340986480564
105,157,54.25186818150782,51.737149555746385,55.0,0.0021726340986480564
105,158,14.300000000000004,11.785281374238568,45.000000000000014,0.005714293741501186
105,159,14.600000000000005,12.085281374238573,45.0,0.005714293741501186
105,160,13.400000000000002,10.88528137423858,45.0,0.005714293741501186
105,161,13.700000000000001,11.185281374238564,45.0,0.005714293741501186
105,162,29.600000000000005,27.085281374238562,45.0,0.005714293741501186
105,163,32.75957539519949,30.244856769438048,55.0,0.0021726340986480564
105,165,25.108641473255787,22.593922847494348,55.0,0.0021726340986480564
105,166,25.363672603987244,22.8489539782258,55.0,0.0021726340986480564
105,177,6.5,3.968626966596883,41.40962210927074,0.005982153894564131
105,177,19.214718625761435,16.700000000000003,45.0,0.005714293741501186
105,179,91.98371573320628,89.46899710744486,65.0,0.003065473180270389
105,180,69.45735931288073,66.94264068711928,90.0,0.0016666666666666668
105,181,69.60735931288072,67.09264068711929,90.0,0.0016666666666666668
105,185,6.2,3.5999999999999943,36.869897645843885,0.006011906768708631
105,185,26.714718625761435,24.200000000000003,45.0,0.005714293741501186
105,186,5.9,3.160696125855816,31.78833061705149,0.003035720306125889
105,186,27.01471862576144,24.5,45.0,0.005714293741501186
105,190,81.46772861728473,78.9530099915233,75.0,0.0019047739455851117
105,199,68.55945089418017,66.04473226841874,65.0,0.003065473180270389
105,200,68.77939704290344,66.264678417142,65.0,0.003065473180270389
105,206,93.15938590761233,90.6446672818509,15.000000000000002,0.015327393996606094
105,206,125.9,147.3846606338756,25.841932763167094,0.0040178461054358695
105,207,57.13089490517842,54.61617627941699,25.0,0.0040178461054358695
105,210,63.56050445320597,61.04578582744453,55.0,0.0021726340986480564
105,211,57.242563945419306,54.72784531965787,55.0,0.0021726340986480564
105,212,57.49759507615076,54.98287645038931,55.0,0.0021726340986480564
105,213,57.75262620688221,55.23790758112078,55.0,0.0021726340986480564
105,214,58.007657337613665,55.49293871185223,55.0,0.0021726340986480564
105,215,58.26268846834513,55.747969842583686,55.0,0.0021726340986480564
105,216,49.048247301510145,46.53352867574872,65.0,0.003065473180270389
105,217,49.26819345023341,46.753474824471986,65.0,0.003065473180270389
105,218,49.48813959895666,46.973420973195225,65.0,0.003065473180270389
105,219,49.7080857476799,47.19336712191848,65.0,0.003065473180270389
105,222,64.89349786736301,62.378779241601556,55.0,0.0021726340986480564
105,223,65.14852899809446,62.633810372333016,55.0,0.0021726340986480564
105,224,65.40356012882592,62.888841503064484,55.0,0.0021726340986480564
105,225,85.63114494744522,83.11642632168378,35.00000000000001,0.005714293741501186
105,226,55.866577911930904,53.35185928616947,65.0,0.003065473180270389
105,227,56.086524060654156,53.571805434892724,65.0,0.003065473180270389
105,228,56.30647020937741,53.79175158361598,65.0,0.003065473180270389
105,232,14.0,11.48528137423856,45.0,0.005714293741501186
105,233,10.999999999999993,8.485281374238554,45.0,0.005714293741501186
105,234,11.300000000000006,8.785281374238572,45.0,0.005714293741501186
105,235,11.599999999999998,9.085281374238562,45.0,0.005714293741501186
105,236,11.90000000000001,9.38528137423858,45.0,0.005714293741501186
105,237,12.200000000000001,9.68528137423857,45.0,0.005714293741501186
105,238,12.5,9.985281374238564,45.0,0.005714293741501186
105,239,12.799999999999999,10.285281374238561,45.0,0.005714293741501186
105,240,13.099999999999998,10.585281374238557,45.0,0.005714293741501186
105,241,27.85708476316185,25.34236613740041,15.000000000000002,0.015327393996606094
105,242,28.56689238429717,26.05217375853573,15.000000000000002,0.015327393996606094
105,243,29.276700005432495,26.761981379671056,15.000000000000002,0.015327393996606094
105,244,29.98650762656782,27.471789000806382,15.000000000000002,0.015327393996606094
105,245,20.0,17.485281374238568,45.0,0.005714293741501186
105,246,30.80000000000001,28.285281374238583,45.0,0.005714293741501186
105,247,31.099999999999998,28.585281374238562,45.0,0.005714293741501186
105,248,30.199999999999996,27.68528137423856,45.0,0.005714293741501186
105,255,38.284796980812615,35.77007835505118,49.079610229451966,0.004404773945585112
106,111,84.93744241608337,77.23744241608337,54.99999999999999,0.002261892721081555
106,112,85.19247354681482,77.49247354681482,54.99999999999999,0.002261892721081555
106,113,53.28060260045544,45.580602600455435,35.00000000000001,0.005714293741501186
106,114,53.644824801466775,45.94482480146677,35.00000000000001,0.005714293741501186
106,122,47.3,39.599999999999994,45.0,0.005714293741501186
106,123,47.60000000000001,39.900000000000006,45.0,0.005714293741501186
106,124,47.89999999999999,40.19999999999999,45.0,0.005714293741501186
106,130,91.34190344390595,83.64190344390596,65.0,0.003065473180270389
106,131,96.66658044392636,88.96658044392636,65.0,0.003065473180270389
106,132,80.60000000000001,72.9,45.000000000000014,0.005714293741501186
106,133,80.90000000000002,73.20000000000002,45.000000000000014,0.005714293741501186
106,135,39.20000000000001,19.354876545476273,18.19487233876713,0.009345240102041963
106,135,46.14510704907636,38.445107049076356,25.0,0.0040178461054358695
106,143,62.18209234367512,54.482092343675106,25.0,0.0040178461054358695
106,144,62.65376838175155,54.953768381751544,25.0,0.0040178461054358695
106,145,81.52473251459392,73.8247325145939,35.00000000000001,0.005714293741501186
106,146,82.85000000000001,75.15,90.0,0.0016666666666666668
106,147,47.0,39.29999999999999,45.0,0.005714293741501186
106,156,54.77409118490552,47.07409118490552,55.0,0.0021726340986480564
106,157,55.02912231563697,47.329122315636965,55.0,0.0021726340986480564
106,177,39.20000000000001,16.7,89.99999999999999,0.0017559533843543149
106,179,93.36738821307762,85.66738821307761,64.99999999999999,0.002946433588438241
106,180,72.05000000000001,64.35,90.0,0.0016666666666666668
106,181,72.20000000000002,64.5,90.0,0.0016666666666666668
106,185,39.20000000000002,24.2,89.99999999999999,0.0017559533843543149
106,186,39.20000000000002,24.5,89.99999999999999,0.0017559533843543149
106,187,39.20000000000002,23.0,89.99999999999999,0.0017559533843543149
106,188,39.2,23.3,89.99999999999999,0.0017559533843543149
106,189,39.20000000000002,23.6,89.99999999999999,0.0017559533843543149
106,190,83.36567332602634,75.66567332602634,75.0,0.0019047739455851117
106,199,69.94312337405151,62.24312337405151,65.0,0.003065473180270389
106,200,70.16306952277475,62.46306952277476,65.0,0.003065473180270389
106,201,39.2,11.3,89.99999999999999,0.0017559533843543149
106,202,39.2,10.7,89.99999999999999,0.0017559533843543149
106,206,86.07615982463216,78.37615982463215,15.000000000000005,0.015327393996606094
106,206,126.2,148.12650060048048,18.194872338766743,0.009345240102041963
106,207,54.16359969637574,46.46359969637574,25.0,0.0040178461054358695
106,210,64.33775858733514,56.63775858733513,54.99999999999999,0.002261892721081555
106,211,58.01981807954846,50.319818079548455,55.0,0.0021726340986480564
106,212,58.27484921027991,50.5748492102799,55.0,0.0021726340986480564
106,213,58.52988034101138,50.829880341011375,55.0,0.0021726340986480564
106,214,58.78491147174283,51.08491147174282,55.0,0.0021726340986480564
106,215,59.0399426024743,51.33994260247428,55.0,0.0021726340986480564
106,216,50.43191978138148,42.73191978138148,65.0,0.003065473180270389
106,217,50.65186593010475,42.95186593010474,65.0,0.003065473180270389
106,218,50.871812078827986,43.17181207882798,65.0,0.003065473180270389
106,219,51.09175822755124,43.391758227551236,65.0,0.003065473180270389
106,220,39.2,6.192495306631454,87.13401601740117,0.0018749929761864628
106,221,39.2,6.5,89.99999999999999,0.0017559533843543149
106,222,65.67075200149216,57.970752001492144,55.0,0.0021726340986480564
106,223,65.92578313222361,58.2257831322236,55.0,0.0021726340986480564
106,224,66.18081426295508,58.480814262955064,55.0,0.0021726340986480564
106,225,84.52111100505658,76.82111100505658,35.00000000000001,0.005714293741501186
106,226,57.250250391802226,49.55025039180222,65.0,0.003065473180270389
106,227,57.47019654052548,49.770196540525475,65.0,0.003065473180270389
106,228,57.690142689248724,49.99014268924872,65.0,0.003065473180270389
106,229,39.2,6.800000000000001,89.99999999999999,0.0017559533843543149
106,249,39.2,23.9,89.99999999999999,0.0017559533843543149
106,250,39.2,11.0,89.99999999999999,0.0017559533843543149
107,115,64.71390233539162,138.02407955124215,48.327513041436674,0.005327393996606093
107,115,69.5,146.3138438763306,29.999999999999993,0.002410713282312352
107,116,67.55537953189051,139.47802116102716,27.476185780784604,0.002857146870750593
107,116,69.5,144.8208219865673,20.0,0.0050297528741445
107,117,68.03493177498162,139.97133689453244,20.902757043828732,0.0050297528741445
107,117,69.5,143.9965787607309,20.0,0.0050297528741445
107,118,38.641828670152485,141.2,63.256316049596805,0.0025595338435431486
107,119,38.80384757729337,140.9,60.00000000000001,0.0018452401020419631
107,120,38.98901207345299,140.6,56.63298703076811,0.0021428531292494077
107,121,39.199999999999996,140.3,53.13010235415605,0.002321426564624704
107,122,51.964306196596404,137.9,85.0,0.0018749929761864628
107,123,52.2643061965964,137.9,85.0,0.0018749929761864628
107,124,52.564306196596405,137.9,85.0,0.0018749929761864628
107,125,50.84372773534413,137.9,70.00000000000001,0.0033035804591888336
107,155,46.7,137.9,90.0,0.0016666666666666668
107,156,43.7,137.90750469336854,87.13401601740117,0.0018749929761864628
107,157,44.0,137.9,90.0,0.0016666666666666668
107,158,42.8,138.02122461732037,78.46304096718451,0.0019047739455851117
107,159,43.1,137.96788402001445,81.37307344132138,0.00199406066327276
107,164,38.0,144.09052498068888,75.52248781407006,0.0019047739455851117
107,190,47.43466806797254,137.9,60.00000000000001,0.0018452401020419631
107,199,45.8,137.9,90.0,0.0016666666666666668
107,200,46.1,137.9,90.0,0.0016666666666666668
107,210,53.9,137.9,90.0,0.0016666666666666668
107,211,44.3,137.9,89.99999999999999,0.0017559533843543149
107,212,44.599999999999994,137.9,89.99999999999999,0.0017559533843543149
107,213,44.89999999999999,137.9,89.99999999999999,0.0017559533843543149
107,214,45.2,137.9,89.99999999999999,0.0017559533843543149
107,215,45.5,137.9,89.99999999999999,0.0017559533843543149
107,222,54.2,137.9,90.0,0.0016666666666666668
107,223,54.5,137.9,90.0,0.0016666666666666668
107,224,54.8,137.9,90.0,0.0016666666666666668
107,248,41.4585949340754,138.46481276395258,74.9399748359715,0.0017857062584988146
108,115,64.49218905207535,137.64006087982546,53.3753309824737,0.002321426564624704
108,115,69.8,146.83345911860127,29.999999999999993,0.002410713282312352
108,116,67.2755205441977,138.70911491170978,34.60195042030711,0.004583347380960408
108,116,69.8,145.64506521240367,20.0,0.0050297528741445
108,117,67.69433521639192,139.03555554066327,29.52954376058858,0.002410713282312352
108,117,69.8,144.8208219865673,20.0,0.0050297528741445
108,118,38.200909166052995,141.2,66.42182152179812,0.002916680714293742
108,119,38.34182867015247,140.9,63.25631604959711,0.0025595338435431486
108,120,38.50384757729337,140.6,60.00000000000001,0.0018452401020419631
108,121,38.68901207345297,140.3,56.63298703076845,0.0021428531292494077
108,122,51.938059597538626,137.6,85.0,0.0018749929761864628
108,123,52.23805959753862,137.6,85.0,0.0018749929761864628
108,124,52.53805959753863,137.6,85.0,0.0018749929761864628
108,125,50.73453666506427,137.6,70.00000000000001,0.0033035804591888336
108,155,46.7,137.6,90.0,0.0016666666666666668
108,156,43.7,137.6,90.0,0.0016666666666666668
108,157,44.0,137.6,90.0,0.0016666666666666668
108,158,42.8,137.66788402001444,81.37307344132131,0.00199406066327276
108,159,43.1,137.63007537736027,84.2608295227332,0.0018452401020419631
108,164,37.7,144.02122461732037,78.46304096718451,0.0019047739455851117
108,190,47.607873148729425,137.60000000000002,60.00000000000001,0.0018452401020419631
108,199,45.8,137.6,90.0,0.0016666666666666668
108,200,46.1,137.6,90.0,0.0016666666666666668
108,210,53.9,137.6,90.0,0.0016666666666666668
108,211,44.3,137.6,89.99999999999999,0.0017559533843543149
108,212,44.599999999999994,137.6,89.99999999999999,0.0017559533843543149
108,213,44.89999999999999,137.6,89.99999999999999,0.0017559533843543149
108,214,45.2,137.6,89.99999999999999,0.0017559533843543149
108,215,45.5,137.6,89.99999999999999,0.0017559533843543149
108,222,54.2,137.6,90.0,0.0016666666666666668
108,223,54.5,137.6,90.0,0.0016666666666666668
108,224,54.8,137.6,90.0,0.0016666666666666668
108,248,41.38781709320184,138.06341168177457,77.33367162913434,0.0017857062584988146
109,115,64.29773650913013,137.30325919578337,58.111413456519365,0.00199406066327276
109,115,70.1,147.38466063387557,25.841932763167396,0.0040178461054358695
109,116,67.04349570059742,138.0716318931655,40.621117521148925,0.005833333333333334
109,116,70.1,146.46930843824003,20.0,0.0050297528741445
109,117,67.42980647903663,138.3087688079828,36.29150673014683,0.006011906768708631
109,117,70.1,145.64506521240367,20.0,0.0050297528741445
109,118,37.77950180144145,141.2,69.51268488527711,0.003363086207477833
109,119,37.90090916605299,140.9,66.42182152179812,0.002916680714293742
109,120,38.04182867015248,140.6,63.256316049596805,0.0025595338435431486
109,121,38.20384757729337,140.3,60.00000000000001,0.0018452401020419631
109,122,51.91181299848085,137.3,85.0,0.0018749929761864628
109,123,52.21181299848085,137.3,85.0,0.0018749929761864628
109,124,52.51181299848085,137.3,85.0,0.0018749929761864628
109,125,50.62534559478441,137.3,70.00000000000001,0.0033035804591888336
109,155,46.7,137.3,90.0,0.0016666666666666668
109,156,43.7,137.3,90.0,0.0016666666666666668
109,157,44.0,137.3,90.0,0.0016666666666666668
109,158,42.8,137.3300753773603,84.2608295227332,0.0018452401020419631
109,159,43.1,137.30750469336857,87.13401601740117,0.0018749929761864628
109,164,37.4,143.96788402001445,81.37307344132138,0.00199406066327276
109,190,47.78107822948631,137.3,60.00000000000001,0.0018452401020419631
109,199,45.8,137.3,90.0,0.0016666666666666668
109,200,46.1,137.3,90.0,0.0016666666666666668
109,210,53.9,137.3,90.0,0.0016666666666666668
109,211,44.3,137.3,89.99999999999999,0.0017559533843543149
109,212,44.599999999999994,137.3,89.99999999999999,0.0017559533843543149
109,213,44.89999999999999,137.3,89.99999999999999,0.0017559533843543149
109,214,45.2,137.3,89.99999999999999,0.0017559533843543149
109,215,45.5,137.3,89.99999999999999,0.0017559533843543149
109,222,54.2,137.3,90.0,0.0016666666666666668
109,223,54.5,137.3,90.0,0.0016666666666666668
109,224,54.8,137.3,90.0,0.0016666666666666668
109,248,41.3188855810959,137.67248165036938,79.70508557547927,0.0019047739455851117
110,113,70.16520883511092,141.33796297046092,6.081604636715155,0.011309519795916075
110,113,70.38597434269897,142.58998638004377,6.081604636715257,0.011309519795916075
110,115,64.12264973081038,137.0,60.00000000000001,0.0018452401020419631
110,115,70.4,148.12650060048048,18.194872338766743,0.009345240102041963
110,116,66.84260996762796,137.51970287794134,45.97710473734376,0.005714293741501186
110,116,70.4,147.29355166407646,20.0,0.0050297528741445
110,117,67.2072194283097,137.69721591224754,42.10388395091681,0.005982153894564131
110,117,70.4,146.4693084382401,20.0,0.0050297528741445
110,118,37.37636479149833,141.2,72.54239687627779,0.002232139846937056
110,119,37.479501801441444,140.9,69.5126848852774,0.003363086207477833
110,120,37.60090916605299,140.6,66.42182152179812,0.002916680714293742
110,121,37.74182867015247,140.3,63.25631604959711,0.0025595338435431486
110,122,51.88556639942307,137.0,85.0,0.0018749929761864628
110,123,52.18556639942307,137.0,85.0,0.0018749929761864628
110,124,52.48556639942308,137.0,85.0,0.0018749929761864628
110,125,50.51615452450454,137.0,70.00000000000001,0.0033035804591888336
110,155,46.7,137.0,90.0,0.0016666666666666668
110,156,43.7,137.0,90.0,0.0016666666666666668
110,157,44.0,137.0,90.0,0.0016666666666666668
110,158,42.8,137.00750469336856,87.1340160174011,0.0018749929761864628
110,159,43.1,137.0,90.0,0.0016666666666666668
110,164,37.1,143.93007537736028,84.2608295227332,0.0018452401020419631
110,190,47.9542833102432,137.0,60.00000000000001,0.0018452401020419631
110,199,45.8,137.0,90.0,0.0016666666666666668
110,200,46.1,137.0,90.0,0.0016666666666666668
110,210,53.9,137.0,90.0,0.0016666666666666668
110,211,44.3,137.0,89.99999999999999,0.0017559533843543149
110,212,44.599999999999994,137.0,89.99999999999999,0.0017559533843543149
110,213,44.89999999999999,137.0,89.99999999999999,0.0017559533843543149
110,214,45.2,137.0,89.99999999999999,0.0017559533843543149
110,215,45.5,137.0,89.99999999999999,0.0017559533843543149
110,222,54.2,137.0,90.0,0.0016666666666666668
110,223,54.5,137.0,90.0,0.0016666666666666668
110,224,54.8,137.0,90.0,0.0016666666666666668
110,248,41.25175432849487,137.291761397965,82.05879165253963,0.0018749929761864628
111,126,74.5477600750057,136.16025898864032,80.04430871576453,0.0018749929761864628
111,127,74.61463576458422,135.7809881061593,82.3958281538781,0.0018749929761864628
111,128,74.67975077360394,135.41170253932145,84.73452430992208,0.0018452401020419631
111,129,74.74312929557152,135.05226507993245,87.06444971598006,0.0018749929761864628
111,132,80.6,101.83630073405567,9.999999999999991,0.0073512075340233535
111,133,80.90000000000002,100.13491618817031,9.999999999999991,0.0073512075340233535
111,134,74.10092015837816,138.69441408408954,39.99999999999999,0.005178573435375297
111,135,76.88533780342962,122.90319691548646,29.999999999999996,0.002410713282312352
111,136,74.9815701142335,133.7,80.0,0.0018749929761864628
111,137,75.19316249108367,132.5,80.0,0.0018749929761864628
111,138,75.2460605852962,132.2,80.0,0.0018749929761864628
111,139,75.29895867950874,131.9,80.0,0.0018749929761864628
111,140,75.3518567737213,131.6,80.0,0.0018749929761864628
111,141,75.40475486793383,131.3,80.0,0.0018749929761864628
111,142,75.45765296214637,131.0,80.0,0.0018749929761864628
111,143,80.21412639122693,104.02469871616067,29.999999999999996,0.002410713282312352
111,144,80.31203193792685,103.46944876912168,29.999999999999996,0.002410713282312352
111,145,83.5319638818204,85.20830727531191,19.999999999999996,0.006815487227897463
111,146,85.83117672571841,72.16882327428158,35.00000000000001,0.005714293741501186
111,151,75.88083771584668,128.6,80.0,0.0018749929761864628
111,152,75.93373581005922,128.3,80.0,0.0018749929761864628
111,153,75.98663390427177,128.0,80.0,0.0018749929761864628
111,154,76.0395319984843,127.69999999999999,80.0,0.0018749929761864628
111,155,75.82793962163414,128.9,80.0,0.0018749929761864628
111,180,90.45517519853324,45.944824801466766,35.00000000000001,0.005714293741501186
111,181,90.39095299752194,46.309047002478074,35.00000000000001,0.005714293741501186
111,182,95.6,9.2,90.0,0.0016666666666666668
111,183,94.60676306708565,22.4,80.0,0.0018749929761864628
111,184,94.55386497287311,22.7,80.0,0.0018749929761864628
111,185,94.28937450181043,24.2,80.0,0.0018749929761864628
111,186,94.23647640759788,24.5,80.0,0.0018749929761864628
111,187,94.50096687866058,23.0,80.0,0.0018749929761864628
111,188,94.44806878444804,23.3,80.0,0.0018749929761864628
111,189,94.3951706902355,23.6,80.0,0.0018749929761864628
111,190,86.02754172700666,71.05518201246628,19.999999999999996,0.006815487227897463
111,191,93.81329165389756,26.9,80.0,0.0018749929761864628
111,192,93.76039355968503,27.2,80.0,0.0018749929761864628
111,193,93.70749546547248,27.5,80.0,0.0018749929761864628
111,194,93.6016992770474,28.1,80.0,0.0018749929761864628
111,195,93.54880118283486,28.4,80.0,0.0018749929761864628
111,196,93.49590308862233,28.7,80.0,0.0018749929761864628
111,197,93.65459737125994,27.8,80.0,0.0018749929761864628
111,198,93.12561642913455,30.8,80.0,0.0018749929761864628
111,206,85.05004022040998,76.5988685354769,39.99999999999999,0.005178573435375297
111,207,78.54973209732827,113.46394781582356,29.999999999999996,0.002410713282312352
111,225,84.7659819409102,78.20984309171598,19.999999999999993,0.006815487227897463
111,241,78.59286685049379,113.21931847440229,39.99999999999999,0.005178573435375297
111,242,78.6630535175581,112.82127010550093,39.99999999999999,0.005178573435375297
111,243,78.7332401846224,112.42322173659959,39.99999999999999,0.005178573435375297
111,244,78.80342685168671,112.02517336769822,39.99999999999999,0.005178573435375297
111,246,79.10427276773663,110.31899139349805,55.0,0.0021726340986480564
111,247,79.14924163700518,110.06396026276659,55.0,0.0021726340986480564
111,249,94.34227259602297,23.9,80.0,0.0018749929761864628
111,251,95.13574400921105,19.4,80.0,0.0018749929761864628
111,252,95.08284591499852,19.7,80.0,0.0018749929761864628
111,253,95.02994782078598,20.0,80.0,0.0018749929761864628
111,254,94.97704972657344,20.3,80.0,0.0018749929761864628
112,126,74.82837427256449,136.27020133758387,77.16601144110467,0.0017857062584988146
112,127,74.89743407158713,135.87854375492034,79.53883992206806,0.0019047739455851117
112,128,74.96469073376937,135.49711226943802,81.89364896954683,0.00199406066327276
112,129,75.03018030546586,135.1257024521011,84.23474359188673,0.0018452401020419631
112,132,80.6,103.537685279941,9.99999999999999,0.0073512075340233535
112,133,80.9,101.83630073405561,9.99999999999999,0.0073512075340233535
112,134,74.33073349131385,139.0924624529909,39.99999999999999,0.005178573435375297
112,135,77.0874322567297,123.45844686252546,29.999999999999993,0.002410713282312352
112,136,75.28157011423352,133.7,80.00000000000001,0.0018749929761864628
112,137,75.49316249108367,132.5,80.00000000000001,0.0018749929761864628
112,138,75.5460605852962,132.2,80.00000000000001,0.0018749929761864628
112,139,75.59895867950874,131.9,80.00000000000001,0.0018749929761864628
112,140,75.65185677372128,131.6,80.00000000000001,0.0018749929761864628
112,141,75.70475486793381,131.3,80.00000000000001,0.0018749929761864628
112,142,75.75765296214637,131.0,80.00000000000001,0.0018749929761864628
112,143,80.416220844527,104.57994866319964,29.999999999999993,0.002410713282312352
112,144,80.51412639122694,104.02469871616066,29.999999999999993,0.002410713282312352
112,145,83.6819638818204,86.05899954825455,19.999999999999996,0.006815487227897463
112,146,86.19539892672972,71.80460107327028,35.00000000000001,0.005714293741501186
112,151,76.18083771584668,128.6,80.00000000000001,0.0018749929761864628
112,152,76.23373581005922,128.3,80.00000000000001,0.0018749929761864628
112,153,76.28663390427175,128.0,80.00000000000001,0.0018749929761864628
112,154,76.3395319984843,127.69999999999999,80.00000000000001,0.0018749929761864628
112,155,76.12793962163414,128.9,80.00000000000001,0.0018749929761864628
112,180,90.81939739954456,45.58060260045545,35.00000000000001,0.005714293741501186
112,181,90.75517519853324,45.944824801466766,35.00000000000001,0.005714293741501186
112,182,95.9,9.2,90.0,0.0016666666666666668
112,183,94.90676306708565,22.4,80.00000000000001,0.0018749929761864628
112,184,94.85386497287311,22.7,80.00000000000001,0.0018749929761864628
112,185,94.58937450181041,24.2,80.00000000000001,0.0018749929761864628
112,186,94.53647640759787,24.5,80.00000000000001,0.0018749929761864628
112,187,94.80096687866057,23.0,80.00000000000001,0.0018749929761864628
112,188,94.74806878444804,23.3,80.00000000000001,0.0018749929761864628
112,189,94.6951706902355,23.6,80.00000000000001,0.0018749929761864628
112,190,86.45944951324243,70.30709578252132,20.0,0.0050297528741445
112,191,94.11329165389756,26.9,80.00000000000001,0.0018749929761864628
112,192,94.06039355968502,27.2,80.00000000000001,0.0018749929761864628
112,193,94.00749546547249,27.5,80.00000000000001,0.0018749929761864628
112,194,93.90169927704741,28.1,80.00000000000001,0.0018749929761864628
112,195,93.84880118283486,28.4,80.00000000000001,0.0018749929761864628
112,196,93.79590308862232,28.7,80.00000000000001,0.0018749929761864628
112,197,93.95459737125995,27.8,80.00000000000001,0.0018749929761864628
112,198,93.42561642913455,30.8,80.00000000000001,0.0018749929761864628
112,206,85.27985355334567,76.99691690437825,39.99999999999999,0.005178573435375297
112,207,78.75182655062835,114.01919776286256,29.999999999999993,0.002410713282312352
112,225,84.9159819409102,79.06053536465863,19.999999999999993,0.006815487227897463
112,241,78.82268018342948,113.61736684330367,39.99999999999999,0.005178573435375297
112,242,78.89286685049379,113.21931847440231,39.99999999999999,0.005178573435375297
112,243,78.9630535175581,112.82127010550094,39.99999999999999,0.005178573435375297
112,244,79.0332401846224,112.42322173659957,39.99999999999999,0.005178573435375297
112,246,79.35930389846808,110.57402252422952,55.0,0.0021726340986480564
112,247,79.40427276773664,110.31899139349805,55.0,0.0021726340986480564
112,249,94.64227259602296,23.9,80.00000000000001,0.0018749929761864628
112,251,95.43574400921105,19.4,80.00000000000001,0.0018749929761864628
112,252,95.38284591499851,19.7,80.00000000000001,0.0018749929761864628
112,253,95.32994782078597,20.0,80.00000000000001,0.0018749929761864628
112,254,95.27704972657344,20.3,80.00000000000001,0.0018749929761864628
113,126,69.18871654525427,135.8,80.0,0.0018749929761864628
113,127,69.13581845104171,135.5,80.0,0.0018749929761864628
113,128,69.08292035682918,135.2,80.0,0.0018749929761864628
113,129,69.03002226261664,134.9,80.0,0.0018749929761864628
113,134,67.76362313646615,127.717893659483,19.999999999999993,0.006815487227897463
113,135,57.545291904554674,69.76685751711155,10.000000000000002,0.005952372925165482
113,136,68.81842988576648,133.7,80.0,0.0018749929761864628
113,137,68.60683750891633,132.5,80.0,0.0018749929761864628
113,138,68.55393941470378,132.2,80.0,0.0018749929761864628
113,139,68.50104132049125,131.9,80.0,0.0018749929761864628
113,140,68.4481432262787,131.6,80.0,0.0018749929761864628
113,141,68.39524513206617,131.3,80.0,0.0018749929761864628
113,142,68.34234703785363,131.0,80.0,0.0018749929761864628
113,146,62.14528504052031,95.85471495947971,54.99999999999999,0.002261892721081555
113,151,67.91916228415332,128.6,80.0,0.0018749929761864628
113,152,67.86626418994078,128.3,80.0,0.0018749929761864628
113,153,67.81336609572823,128.0,80.0,0.0018749929761864628
113,154,67.7604680015157,127.7,80.0,0.0018749929761864628
113,155,67.97206037836585,128.9,80.0,0.0018749929761864628
113,156,54.159018059089796,50.562344221079655,19.999999999999996,0.006815487227897463
113,157,54.309018059089794,51.41303649402229,19.999999999999996,0.006815487227897463
113,177,48.21749504337032,16.7,85.623518459376,0.0018749929761864628
113,180,58.90752645318517,77.49247354681484,54.99999999999999,0.002261892721081555
113,181,58.952495322453714,77.74750467754629,54.99999999999999,0.002261892721081555
113,185,49.51062549818957,24.200000000000003,80.0,0.0018749929761864628
113,186,49.56352359240211,24.5,80.0,0.0018749929761864628
113,187,49.29903312133941,23.0,80.0,0.0018749929761864628
113,188,49.35193121555195,23.299999999999997,80.0,0.0018749929761864628
113,189,49.404829309764494,23.599999999999998,80.0,0.0018749929761864628
113,190,64.38289205719676,108.54481495260595,39.99999999999999,0.005178573435375297
113,199,60.69765998112539,87.64482527851033,29.999999999999996,0.002410713282312352
113,200,60.79556552782532,88.20007522554933,29.999999999999996,0.002410713282312352
113,201,48.2,11.3,90.0,0.0016666666666666668
113,202,48.2,10.7,90.0,0.0016666666666666668
113,203,48.2,9.792495306631455,87.13401601740117,0.0018749929761864628
113,204,48.2,10.099999999999998,90.0,0.0016666666666666668
113,205,48.2,10.4,90.0,0.0016666666666666668
113,207,48.79999999999999,20.169842531560654,10.00000000000001,0.005952372925165482
113,207,52.752859538546545,42.58762296802215,10.000000000000002,0.005952372925165482
113,210,59.78401805908979,82.46330445642926,19.999999999999993,0.006815487227897463
113,211,56.06803611817959,61.388923632917496,19.999999999999996,0.006815487227897463
113,212,56.21803611817959,62.23961590586015,20.0,0.0050297528741445
113,213,56.36803611817959,63.090308178802836,20.0,0.0050297528741445
113,214,56.518036118179594,63.94100045174549,19.999999999999996,0.006815487227897463
113,215,56.668036118179586,64.79169272468815,19.999999999999996,0.006815487227897463
113,216,52.01255653374736,38.389155995896154,29.999999999999996,0.002410713282312352
113,217,52.11046208044728,38.94440594293517,29.999999999999996,0.002410713282312352
113,218,52.2083676271472,39.49965588997416,29.999999999999996,0.002410713282312352
113,219,52.30627317384712,40.05490583701315,29.999999999999996,0.002410713282312352
113,220,48.2,6.199999999999999,90.0,0.0016666666666666668
113,221,48.2,6.5,90.0,0.0016666666666666668
113,222,60.56803611817959,86.90969182119721,19.999999999999996,0.006815487227897463
113,223,60.71803611817959,87.76038409413987,19.999999999999996,0.006815487227897463
113,224,60.868036118179596,88.61107636708255,19.999999999999996,0.006815487227897463
113,226,55.0476284814449,55.60190435410498,29.999999999999996,0.002410713282312352
113,227,55.14553402814482,56.15715430114397,29.999999999999996,0.002410713282312352
113,228,55.24343957484474,56.71240424818297,29.999999999999996,0.002410713282312352
113,229,48.2,6.800000000000001,90.0,0.0016666666666666668
113,241,59.32152481737671,79.84037494300578,19.999999999999993,0.006815487227897463
113,242,59.18961703114094,79.09228871306084,19.999999999999993,0.006815487227897463
113,243,59.05770924490517,78.34420248311591,19.999999999999993,0.006815487227897463
113,244,58.9258014586694,77.59611625317095,19.999999999999993,0.006815487227897463
113,246,61.611232206730435,92.82595083249186,35.00000000000001,0.005714293741501186
113,247,61.547010005719116,92.46172863148054,35.00000000000001,0.005714293741501186
113,249,49.45772740397703,23.900000000000002,80.0,0.0018749929761864628
113,250,48.2,11.0,90.0,0.0016666666666666668
113,251,48.664255990788945,19.400000000000002,80.0,0.0018749929761864628
113,252,48.71715408500148,19.699999999999996,80.0,0.0018749929761864628
113,253,48.77005217921402,20.0,80.0,0.0018749929761864628
113,254,48.82295027342656,20.300000000000004,80.0,0.0018749929761864628
114,126,69.48871654525428,135.8,80.00000000000001,0.0018749929761864628
114,127,69.43581845104173,135.5,80.00000000000001,0.0018749929761864628
114,128,69.38292035682919,135.2,80.00000000000001,0.0018749929761864628
114,129,69.33002226261665,134.9,80.00000000000001,0.0018749929761864628
114,134,68.19553092270195,128.46597988942798,19.999999999999993,0.006815487227897463
114,135,58.12719969079046,71.36563601999924,10.000000000000004,0.005952372925165482
114,136,69.11842988576649,133.7,80.00000000000001,0.0018749929761864628
114,137,68.90683750891634,132.5,80.00000000000001,0.0018749929761864628
114,138,68.8539394147038,132.2,80.00000000000001,0.0018749929761864628
114,139,68.80104132049127,131.9,80.00000000000001,0.0018749929761864628
114,140,68.74814322627871,131.6,80.00000000000001,0.0018749929761864628
114,141,68.69524513206618,131.3,80.00000000000001,0.0018749929761864628
114,142,68.64234703785364,131.0,80.00000000000001,0.0018749929761864628
114,146,62.400316171251774,95.59968382874823,54.99999999999999,0.002261892721081555
114,151,68.21916228415333,128.6,80.00000000000001,0.0018749929761864628
114,152,68.16626418994079,128.3,80.00000000000001,0.0018749929761864628
114,153,68.11336609572825,128.0,80.00000000000001,0.0018749929761864628
114,154,68.06046800151572,127.7,80.00000000000001,0.0018749929761864628
114,155,68.27206037836586,128.9,80.00000000000001,0.0018749929761864628
114,156,54.3090180590898,49.711651948136954,19.999999999999996,0.006815487227897463
114,157,54.4590180590898,50.56234422107961,19.999999999999996,0.006815487227897463
114,177,48.517495043370324,16.7,85.62351845937519,0.0018749929761864628
114,180,59.16255758391664,77.23744241608337,54.99999999999999,0.002261892721081555
114,181,59.20752645318518,77.49247354681484,54.99999999999999,0.002261892721081555
114,185,49.81062549818959,24.200000000000003,80.00000000000001,0.0018749929761864628
114,186,49.86352359240213,24.5,80.00000000000001,0.0018749929761864628
114,187,49.59903312133943,23.0,80.00000000000001,0.0018749929761864628
114,188,49.65193121555197,23.299999999999997,80.00000000000001,0.0018749929761864628
114,189,49.704829309764506,23.599999999999998,80.00000000000001,0.0018749929761864628
114,190,64.61270539013248,108.14676658370456,39.99999999999999,0.005178573435375297
114,199,60.899754434425475,87.08957533147131,29.999999999999993,0.002410713282312352
114,200,60.997659981125395,87.6448252785103,29.999999999999993,0.002410713282312352
114,201,48.5,11.3,90.0,0.0016666666666666668
114,202,48.5,10.7,90.0,0.0016666666666666668
114,203,48.5,9.8,90.0,0.0016666666666666668
114,204,48.5,10.1,90.0,0.0016666666666666668
114,205,48.5,10.4,90.0,0.0016666666666666668
114,207,48.8,18.468457985675258,10.000000000000009,0.005952372925165482
114,207,53.33476732478234,44.18640147090984,10.000000000000004,0.005952372925165482
114,210,59.9340180590898,81.61261218348658,19.999999999999993,0.006815487227897463
114,211,56.2180361181796,60.538231359974795,19.999999999999996,0.006815487227897463
114,212,56.368036118179596,61.38892363291744,20.0,0.0050297528741445
114,213,56.5180361181796,62.23961590586015,20.0,0.0050297528741445
114,214,56.6680361181796,63.090308178802786,19.999999999999996,0.006815487227897463
114,215,56.8180361181796,63.94100045174544,19.999999999999996,0.006815487227897463
114,216,52.21465098704744,37.83390604885714,29.999999999999993,0.002410713282312352
114,217,52.31255653374737,38.38915599589615,29.999999999999993,0.002410713282312352
114,218,52.41046208044729,38.94440594293514,29.999999999999993,0.002410713282312352
114,219,52.50836762714721,39.499655889974136,29.999999999999993,0.002410713282312352
114,220,48.5,6.199999999999999,90.0,0.0016666666666666668
114,221,48.5,6.5,90.0,0.0016666666666666668
114,222,60.7180361181796,86.05899954825452,19.999999999999996,0.006815487227897463
114,223,60.8680361181796,86.90969182119716,19.999999999999996,0.006815487227897463
114,224,61.01803611817961,87.76038409413985,19.999999999999996,0.006815487227897463
114,226,55.249722934744995,55.04665440706597,29.999999999999993,0.002410713282312352
114,227,55.347628481444914,55.60190435410496,29.999999999999993,0.002410713282312352
114,228,55.445534028144834,56.15715430114394,29.999999999999993,0.002410713282312352
114,229,48.5,6.800000000000001,90.0,0.0016666666666666668
114,241,59.7534326036125,80.58846117295079,19.999999999999993,0.006815487227897463
114,242,59.621524817376724,79.84037494300583,19.999999999999993,0.006815487227897463
114,243,59.48961703114096,79.0922887130609,19.999999999999993,0.006815487227897463
114,244,59.35770924490519,78.34420248311594,19.999999999999993,0.006815487227897463
114,246,61.97545440774176,93.19017303350319,35.00000000000001,0.005714293741501186
114,247,61.911232206730446,92.82595083249187,35.00000000000001,0.005714293741501186
114,249,49.75772740397704,23.900000000000002,80.00000000000001,0.0018749929761864628
114,250,48.5,11.0,90.0,0.0016666666666666668
114,251,48.964255990788956,19.400000000000002,80.00000000000001,0.0018749929761864628
114,252,49.01715408500149,19.699999999999996,80.00000000000001,0.0018749929761864628
114,253,49.07005217921403,20.0,80.00000000000001,0.0018749929761864628
114,254,49.12295027342658,20.300000000000004,80.00000000000001,0.0018749929761864628
115,122,49.70003878562305,112.01930506513656,24.999999999999996,0.004821426564624704
115,123,50.053618406385965,112.63172293281886,24.999999999999993,0.004821426564624704
115,124,50.407198027148894,113.24414080050119,24.999999999999996,0.004821426564624704
115,125,3.7999999999999945,8.64842032017084,20.0,0.0050297528741445
115,125,27.30705134126451,73.23351307825561,9.999999999999995,0.0073512075340233535
115,126,63.42982940778283,135.8,60.00000000000001,0.0018452401020419631
115,127,63.25662432702594,135.5,60.00000000000001,0.0018452401020419631
115,128,63.083419246269045,135.2,60.00000000000001,0.0018452401020419631
115,129,62.910214165512166,134.9,60.00000000000001,0.0018452401020419631
115,136,62.21739384248461,133.7,60.00000000000001,0.0018452401020419631
115,137,61.524573519457064,132.5,60.00000000000001,0.0018452401020419631
115,138,61.35136843870016,132.2,60.00000000000001,0.0018452401020419631
115,139,61.17816335794329,131.9,60.00000000000001,0.0018452401020419631
115,140,61.0049582771864,131.6,60.00000000000001,0.0018452401020419631
115,141,60.83175319642952,131.3,60.00000000000001,0.0018452401020419631
115,142,60.65854811567262,131.0,60.00000000000001,0.0018452401020419631
115,146,48.3386644508356,109.66133554916439,75.0,0.0019047739455851117
115,147,37.92015889576137,91.61595458883724,39.99999999999999,0.005178573435375297
115,150,29.9,77.72463189660304,29.999999999999993,0.002410713282312352
115,151,59.27290746961752,128.6,60.00000000000001,0.0018452401020419631
115,152,59.09970238886064,128.3,60.00000000000001,0.0018452401020419631
115,153,58.92649730810375,128.0,60.00000000000001,0.0018452401020419631
115,154,58.75329222734686,127.7,60.00000000000001,0.0018452401020419631
115,155,59.44611255037441,128.9,60.00000000000001,0.0018452401020419631
115,156,44.81455888383217,103.55740565587814,39.99999999999999,0.005178573435375297
115,157,45.044372216767854,103.9554540247795,39.99999999999999,0.005178573435375297
115,158,28.930493579607433,76.04539751821889,9.999999999999991,0.0073512075340233535
115,159,29.74221469877891,77.45133973820055,9.999999999999991,0.0073512075340233535
115,160,13.399999999999999,49.14579357171656,29.999999999999993,0.002410713282312352
115,161,13.700000000000003,49.665408813987234,29.999999999999993,0.002410713282312352
115,162,24.246265586087606,67.93207663920612,39.99999999999999,0.005178573435375297
115,163,25.677264273964628,70.41063907217354,39.99999999999999,0.005178573435375297
115,165,18.782864285893837,58.46918800513265,39.99999999999999,0.005178573435375297
115,166,19.01267761882953,58.867236374034015,39.99999999999999,0.005178573435375297
115,180,40.432515729091726,95.96748427090827,75.0,0.0019047739455851117
115,181,40.54232335022705,96.15767664977295,75.0,0.0019047739455851117
115,190,56.03846652052679,122.99778394209355,59.999999999999986,0.0018749929761864628
115,199,51.00402345090404,114.27787275769393,49.999999999999986,0.004404773945585112
115,200,51.1880256904399,114.59657398527649,49.999999999999986,0.004404773945585112
115,210,53.9,119.29385127825611,29.999999999999993,0.002410713282312352
115,211,47.739344235791194,108.6232824867044,39.99999999999999,0.005178573435375297
115,212,47.969157568726885,109.02133085560575,39.99999999999999,0.005178573435375297
115,213,48.19897090166259,109.41937922450714,39.99999999999999,0.005178573435375297
115,214,48.42878423459828,109.8174275934085,39.99999999999999,0.005178573435375297
115,215,48.658597567533974,110.21547596230985,39.99999999999999,0.005178573435375297
115,216,34.68136821037726,86.00620456667113,49.999999999999986,0.004404773945585112
115,217,34.8653704499131,86.3249057942537,49.999999999999986,0.004404773945585112
115,218,35.04937268944896,86.64360702183625,49.999999999999986,0.004404773945585112
115,219,35.233374928984816,86.96230824941878,49.999999999999986,0.004404773945585112
115,222,54.633744223862,120.5647335537453,39.99999999999999,0.005178573435375297
115,223,54.86355755679769,120.96278192264666,39.99999999999999,0.005178573435375297
115,224,55.09337088973339,121.36083029154804,39.99999999999999,0.005178573435375297
115,226,40.38543763598866,95.88594262173031,49.99999999999999,0.004404773945585112
115,227,40.56943987552451,96.20464384931286,49.99999999999999,0.004404773945585112
115,228,40.75344211506035,96.5233450768954,49.99999999999999,0.004404773945585112
115,232,14.0,50.185024056257895,29.999999999999993,0.002410713282312352
115,233,11.0,44.988871633551256,29.999999999999993,0.002410713282312352
115,234,11.299999999999999,45.508486875821916,29.999999999999993,0.002410713282312352
115,235,11.600000000000001,46.028102118092576,29.999999999999993,0.002410713282312352
115,236,11.899999999999999,46.54771736036324,29.999999999999993,0.002410713282312352
115,237,12.200000000000001,47.06733260263391,29.999999999999993,0.002410713282312352
115,238,12.5,47.58694784490457,29.999999999999993,0.002410713282312352
115,239,12.799999999999999,48.10656308717523,29.999999999999993,0.002410713282312352
115,240,13.100000000000001,48.6261783294459,29.999999999999993,0.002410713282312352
115,245,20.0,60.57732890167116,29.999999999999993,0.002410713282312352
115,248,31.12152481737671,79.8403749430058,19.99999999999999,0.006815487227897463
115,255,30.68103890828702,79.0774309684443,39.99999999999999,0.005178573435375297
116,122,47.3,83.82682327467467,20.0,0.0050297528741445
116,123,47.61052371858605,84.67998017969495,16.6060134555179,0.012797613027207446
116,124,48.002339861329226,85.75648618445962,15.000000000000005,0.015327393996606094
116,126,66.2166893082754,135.8,70.0,0.0033035804591888336
116,127,66.10749823799554,135.5,70.0,0.0033035804591888336
116,128,65.99830716771567,135.2,70.0,0.0033035804591888336
116,129,65.88911609743582,134.9,70.0,0.0033035804591888336
116,134,55.61870595731186,106.68228005147168,9.999999999999991,0.0073512075340233535
116,136,65.45235181631637,133.7,70.0,0.0033035804591888336
116,137,65.01558753519693,132.5,70.0,0.0033035804591888336
116,138,64.90639646491707,132.2,70.0,0.0033035804591888336
116,139,64.79720539463722,131.9,70.0,0.0033035804591888336
116,140,64.68801432435734,131.6,70.0,0.0033035804591888336
116,141,64.57882325407749,131.3,70.0,0.0033035804591888336
116,142,64.46963218379763,131.0,70.0,0.0033035804591888336
116,146,54.47100430967672,103.52899569032328,65.0,0.003065473180270389
116,147,41.90649844926409,69.00829955223426,29.999999999999996,0.002410713282312352
116,150,29.9,36.02071617616424,20.0,0.0050297528741445
116,151,63.59610362155874,128.6,70.0,0.0033035804591888336
116,152,63.486912551278884,128.3,70.0,0.0033035804591888336
116,153,63.377721480999014,128.0,70.0,0.0033035804591888336
116,154,63.26853041071916,127.7,70.0,0.0033035804591888336
116,155,63.7052946918386,128.9,70.0,0.0033035804591888336
116,156,47.969332048266466,85.66579796340409,29.999999999999996,0.002410713282312352
116,157,48.17142650156654,86.22104791044308,29.999999999999996,0.002410713282312352
116,162,29.6,35.19647295032787,20.0,0.0050297528741445
116,163,31.140277604737072,39.42835088903462,29.999999999999996,0.002410713282312352
116,165,25.077444005734698,22.7708524778648,29.999999999999996,0.002410713282312352
116,166,25.279538459034775,23.32610242490378,29.999999999999996,0.002410713282312352
116,177,22.86783440717069,16.699999999999996,70.0,0.0033035804591888336
116,180,48.70712701775072,87.69287298224928,65.0,0.003065473180270389
116,181,48.787180869027466,87.91281913097254,65.0,0.003065473180270389
116,185,25.59761116416721,24.200000000000003,70.0,0.0033035804591888336
116,186,25.70680223444707,24.5,70.0,0.0033035804591888336
116,190,59.42324733966366,117.13517159086389,50.0,0.0038393007653147234
116,199,54.693649532445136,104.14070841242892,40.0,0.005833333333333334
116,200,54.84364953244514,104.55283002534712,40.0,0.005833333333333334
116,201,20.899657411141263,11.29247814591912,67.13074043305613,0.002976186462582741
116,210,55.54787404701943,106.48767097736636,29.999999999999993,0.002410713282312352
116,211,50.541345121544666,92.73234580477805,29.999999999999996,0.002410713282312352
116,212,50.74343957484474,93.28759575181704,30.000000000000004,0.0026488205612307967
116,213,50.945534028144834,93.84284569885605,30.000000000000004,0.0026488205612307967
116,214,51.147628481444904,94.39809564589504,29.999999999999996,0.002410713282312352
116,215,51.34972293474499,94.95334559293403,29.999999999999996,0.002410713282312352
116,216,41.387299064890286,67.58181096747252,40.0,0.005833333333333334
116,217,41.53729906489029,67.99393258039073,40.0,0.005833333333333334
116,218,41.6872990648903,68.4060541933089,40.0,0.005833333333333334
116,219,41.83729906489029,68.81817580622709,40.0,0.005833333333333334
116,222,56.60417872054704,109.38984421594787,29.999999999999996,0.002410713282312352
116,223,56.80627317384712,109.94509416298686,29.999999999999996,0.002410713282312352
116,224,57.00836762714721,110.50034411002588,29.999999999999996,0.002410713282312352
116,226,46.03729906489029,80.35758096793653,40.00000000000001,0.005833333333333334
116,227,46.1872990648903,80.76970258085471,40.00000000000001,0.005833333333333334
116,228,46.33729906489029,81.18182419377291,40.00000000000001,0.005833333333333334
116,229,20.299999999999994,6.678775382679626,78.4630409671845,0.0019047739455851117
116,241,21.830815854614386,13.85081494329603,14.190548026939677,0.017410713282312352
116,241,22.868554330338004,16.701977972645935,9.999999999999991,0.0073512075340233535
116,246,30.800000000000004,38.49344585367341,19.999999999999996,0.006815487227897463
116,246,44.260129733423895,75.47484835918532,25.0,0.0040178461054358695
116,247,31.1,39.31768907950979,20.0,0.0050297528741445
116,247,44.08845369534746,75.00317232110888,25.0,0.0040178461054358695
116,248,30.200000000000003,36.844959402000626,20.000000000000004,0.0050297528741445
116,255,35.54052317031159,51.51792622050594,29.999999999999993,0.002410713282312352
117,122,47.3,83.00258004883828,20.0,0.0050297528741445
117,123,47.6,83.82682327467468,20.0,0.0050297528741445
117,124,47.91052371858606,84.67998017969497,16.60601345551694,0.012797613027207446
117,126,66.5166893082754,135.8,70.0,0.0033035804591888336
117,127,66.40749823799553,135.5,70.0,0.0033035804591888336
117,128,66.29830716771566,135.2,70.0,0.0033035804591888336
117,129,66.18911609743581,134.9,70.0,0.0033035804591888336
117,134,56.430427076483326,108.0882222714533,9.999999999999991,0.0073512075340233535
117,136,65.75235181631636,133.7,70.0,0.0033035804591888336
117,137,65.31558753519693,132.5,70.0,0.0033035804591888336
117,138,65.20639646491706,132.2,70.0,0.0033035804591888336
117,139,65.0972053946372,131.9,70.0,0.0033035804591888336
117,140,64.98801432435735,131.6,70.0,0.0033035804591888336
117,141,64.87882325407749,131.3,70.0,0.0033035804591888336
117,142,64.76963218379763,131.0,70.0,0.0033035804591888336
117,146,54.690950458399975,103.30904954160002,65.0,0.003065473180270389
117,147,42.00440399596401,68.45304960519528,29.999999999999996,0.002410713282312352
117,150,29.9,35.19647295032786,20.0,0.0050297528741445
117,151,63.89610362155874,128.6,70.0,0.0033035804591888336
117,152,63.78691255127888,128.3,70.0,0.0033035804591888336
117,153,63.67772148099901,128.0,70.0,0.0033035804591888336
117,154,63.568530410719156,127.7,70.0,0.0033035804591888336
117,155,64.0052946918386,128.9,70.0,0.0033035804591888336
117,156,48.067237594966386,85.1105480163651,29.999999999999996,0.002410713282312352
117,157,48.26933204826646,85.66579796340409,29.999999999999996,0.002410713282312352
117,162,29.6,34.37222972449149,20.0,0.0050297528741445
117,163,31.238183151436992,38.87310094199563,29.999999999999996,0.002410713282312352
117,165,25.175349552434618,22.215602530825812,29.999999999999996,0.002410713282312352
117,166,25.377444005734695,22.7708524778648,29.999999999999996,0.002410713282312352
117,177,23.167834407170687,16.699999999999996,70.0,0.0033035804591888336
117,180,48.92707316647396,87.47292683352603,65.0,0.003065473180270389
117,181,49.00712701775072,87.69287298224928,65.0,0.003065473180270389
117,185,25.897611164167213,24.200000000000003,70.0,0.0033035804591888336
117,186,26.006802234447076,24.5,70.0,0.0033035804591888336
117,190,59.60724957919952,116.81647036328134,50.0,0.0038393007653147234
117,199,54.84364953244514,103.72858679951074,40.0,0.005833333333333334
117,200,54.99364953244514,104.14070841242894,40.0,0.005833333333333334
117,201,21.202395142133202,11.300000000000006,70.0,0.0033035804591888336
117,210,55.64577959371935,105.93242103032738,29.999999999999993,0.002410713282312352
117,211,50.639250668244586,92.17709585773906,29.999999999999996,0.002410713282312352
117,212,50.84134512154466,92.73234580477805,30.000000000000004,0.0026488205612307967
117,213,51.043439574844754,93.28759575181707,30.000000000000004,0.0026488205612307967
117,214,51.24553402814483,93.84284569885605,29.999999999999996,0.002410713282312352
117,215,51.4476284814449,94.39809564589504,29.999999999999996,0.002410713282312352
117,216,41.53729906489029,67.16968935455432,40.0,0.005833333333333334
117,217,41.6872990648903,67.58181096747253,40.0,0.005833333333333334
117,218,41.83729906489029,67.99393258039073,40.0,0.005833333333333334
117,219,41.987299064890294,68.4060541933089,40.0,0.005833333333333334
117,222,56.70208426724696,108.83459426890889,29.999999999999996,0.002410713282312352
117,223,56.90417872054704,109.38984421594787,29.999999999999996,0.002410713282312352
117,224,57.10627317384713,109.94509416298689,29.999999999999996,0.002410713282312352
117,226,46.1872990648903,79.94545935501833,40.00000000000001,0.005833333333333334
117,227,46.33729906489029,80.35758096793653,40.00000000000001,0.005833333333333334
117,228,46.487299064890294,80.76970258085471,40.00000000000001,0.005833333333333334
117,229,20.599999999999998,6.732115979985556,81.37307344132137,0.00199406066327276
117,241,21.8,12.941905852745435,20.000000000000018,0.0050297528741445
117,241,23.68027544950947,18.10792019262759,9.999999999999991,0.0073512075340233535
117,242,22.130815854614397,13.850814943296058,14.190548026939677,0.017410713282312352
117,242,23.168554330338,16.701977972645935,9.999999999999991,0.0073512075340233535
117,246,30.800000000000004,37.66920262783703,19.999999999999996,0.006815487227897463
117,246,44.73180577150032,75.94652439726174,25.0,0.0040178461054358695
117,247,31.1,38.49344585367341,20.0,0.0050297528741445
117,247,44.56012973342389,75.47484835918532,25.0,0.0040178461054358695
117,248,30.200000000000003,36.02071617616426,20.000000000000004,0.0050297528741445
117,255,35.63842871701151,50.96267627346695,29.999999999999993,0.002410713282312352
118,126,36.83007537736028,141.2,84.260829522733,0.0018452401020419631
118,127,36.507504693368546,141.2,87.13401601740104,0.0018749929761864628
118,136,36.2,141.2,90.0,0.0016666666666666668
118,137,35.9,141.2,90.0,0.0016666666666666668
118,138,35.6,141.2,90.0,0.0016666666666666668
118,139,35.3,141.2,90.0,0.0016666666666666668
118,146,35.0,141.2,89.99999999999999,0.0017559533843543149
118,147,34.7,141.20750469336855,87.13401601740117,0.0018749929761864628
118,148,31.181476344999712,142.57194672716452,70.47457179503283,0.0033035804591888336
118,149,31.41485170661953,142.38889703763564,73.30717660544508,0.0018452401020419631
118,150,33.666154380214955,141.3501405262536,82.15539411212634,0.0018749929761864628
118,155,46.7,141.32122461732035,78.46304096718451,0.0019047739455851117
118,156,43.7,141.2,90.0,0.0016666666666666668
118,157,44.0,141.2,90.0,0.0016666666666666668
118,158,42.8,141.2,90.0,0.0016666666666666668
118,159,43.1,141.2,90.0,0.0016666666666666668
118,164,29.98901207345297,143.9,56.63298703076845,0.0021428531292494077
118,190,46.40008477981692,141.2678968831331,81.67683975799811,0.00199406066327276
118,199,45.8,141.20750469336855,87.13401601740117,0.0018749929761864628
118,200,46.1,141.23007537736027,84.2608295227332,0.0018452401020419631
118,211,44.3,141.2,89.99999999999999,0.0017559533843543149
118,212,44.6,141.2,89.99999999999999,0.0017559533843543149
118,213,44.9,141.2,89.99999999999999,0.0017559533843543149
118,214,45.2,141.2,89.99999999999999,0.0017559533843543149
118,215,45.5,141.2,89.99999999999999,0.0017559533843543149
118,245,32.72022722080341,141.64998774098342,77.66866308521652,0.0017857062584988146
118,248,41.94088224107997,141.2,80.0,0.0018749929761864628
119,126,36.86788402001444,140.9,81.37307344132131,0.00199406066327276
119,127,36.530075377360276,140.9,84.26082952273327,0.0018452401020419631
119,136,36.2,140.9,90.0,0.0016666666666666668
119,137,35.9,140.9,90.0,0.0016666666666666668
119,138,35.6,140.9,90.0,0.0016666666666666668
119,139,35.3,140.9,90.0,0.0016666666666666668
119,146,35.0,140.9,89.99999999999999,0.0017559533843543149
119,147,34.7,140.9,90.0,0.0016666666666666668
119,148,31.02930058500991,142.1538472628042,72.28144548777198,0.002232139846937056
119,149,31.265983527164916,141.97988507610876,75.08671118543069,0.0019047739455851117
119,150,33.635106014025624,140.99525607679422,84.77685308070599,0.0018452401020419631
119,155,46.7,140.96788402001445,81.37307344132131,0.00199406066327276
119,156,43.7,140.9,90.0,0.0016666666666666668
119,157,44.0,140.9,90.0,0.0016666666666666668
119,158,42.8,140.9,90.0,0.0016666666666666668
119,159,43.1,140.9,90.0,0.0016666666666666668
119,164,29.50384757729337,143.9,60.00000000000001,0.0018452401020419631
119,190,46.41133088309239,140.93122503763317,87.67385227543821,0.0018749929761864628
119,199,45.8,140.9,90.0,0.0016666666666666668
119,200,46.1,140.90750469336854,87.13401601740111,0.0018749929761864628
119,211,44.3,140.9,89.99999999999999,0.0017559533843543149
119,212,44.6,140.9,89.99999999999999,0.0017559533843543149
119,213,44.9,140.9,89.99999999999999,0.0017559533843543149
119,214,45.2,140.9,89.99999999999999,0.0017559533843543149
119,215,45.5,140.9,89.99999999999999,0.0017559533843543149
119,245,32.65155160365774,141.26050896201414,80.03731570288701,0.0018749929761864628
119,248,41.88798414686744,140.9,80.0,0.0018749929761864628
120,126,36.92122461732038,140.6,78.46304096718434,0.0019047739455851117
120,127,36.567884020014446,140.6,81.37307344132131,0.00199406066327276
120,136,36.2,140.6,90.0,0.0016666666666666668
120,137,35.9,140.6,90.0,0.0016666666666666668
120,138,35.6,140.6,90.0,0.0016666666666666668
120,139,35.3,140.6,90.0,0.0016666666666666668
120,146,35.0,140.6,89.99999999999999,0.0017559533843543149
120,147,34.7,140.6,90.0,0.0016666666666666668
120,148,30.879245869978945,141.7415753215739,74.07028714866225,0.0017857062584988146
120,149,31.119147012859102,141.5764550687021,76.85164029769138,0.0017857062584988146
120,150,33.605152131550064,140.65288163342777,87.38738393001513,0.0018749929761864628
120,155,46.7,140.63007537736027,84.2608295227332,0.0018452401020419631
120,156,43.7,140.6,90.0,0.0016666666666666668
120,157,44.0,140.6,90.0,0.0016666666666666668
120,158,42.8,140.6,90.0,0.0016666666666666668
120,159,43.1,140.6,90.0,0.0016666666666666668
120,164,29.04182867015247,143.9,63.25631604959711,0.0025595338435431486
120,190,46.43982576331928,140.60963119244025,86.64165569598651,0.0018749929761864628
120,199,45.8,140.6,90.0,0.0016666666666666668
120,200,46.1,140.6,90.0,0.0016666666666666668
120,211,44.3,140.6,89.99999999999999,0.0017559533843543149
120,212,44.6,140.6,89.99999999999999,0.0017559533843543149
120,213,44.9,140.6,89.99999999999999,0.0017559533843543149
120,214,45.2,140.6,89.99999999999999,0.0017559533843543149
120,215,45.5,140.6,89.99999999999999,0.0017559533843543149
120,245,32.584670650139564,140.88120822624785,82.38887935318787,0.0018749929761864628
120,248,41.835086052654894,140.6,80.0,0.0018749929761864628
121,126,36.990524980688875,140.3,75.52248781407006,0.0019047739455851117
121,127,36.62122461732037,140.3,78.46304096718463,0.0019047739455851117
121,136,36.2,140.3,90.0,0.0016666666666666668
121,137,35.9,140.3,90.0,0.0016666666666666668
121,138,35.6,140.3,90.0,0.0016666666666666668
121,139,35.3,140.3,90.0,0.0016666666666666668
121,146,35.0,140.3,89.99999999999999,0.0017559533843543149
121,147,34.7,140.3,90.0,0.0016666666666666668
121,148,30.73125290000232,141.3349679783251,75.8433221435848,0.0019047739455851117
121,149,30.97429573091162,141.17847944237235,78.60395502516316,0.0019047739455851117
121,150,33.57628251178326,140.32290036953242,89.99249399226883,0.0017559533843543149
121,155,46.7,140.30750469336857,87.1340160174011,0.0018749929761864628
121,156,43.7,140.3,90.0,0.0016666666666666668
121,157,44.0,140.3,90.0,0.0016666666666666668
121,158,42.8,140.3,90.0,0.0016666666666666668
121,159,43.1,140.3,90.0,0.0016666666666666668
121,164,28.600909166052993,143.9,66.42182152179812,0.002916680714293742
121,190,46.48378636114475,140.30058504138228,81.21373100064572,0.00199406066327276
121,199,45.8,140.3,90.0,0.0016666666666666668
121,200,46.1,140.3,90.0,0.0016666666666666668
121,211,44.3,140.3,89.99999999999999,0.0017559533843543149
121,212,44.6,140.3,89.99999999999999,0.0017559533843543149
121,213,44.9,140.3,89.99999999999999,0.0017559533843543149
121,214,45.2,140.3,89.99999999999999,0.0017559533843543149
121,215,45.5,140.3,89.99999999999999,0.0017559533843543149
121,245,32.519550462891786,140.51189329221944,84.72760744713104,0.0018452401020419631
121,248,41.78218795844236,140.3,80.0,0.0018749929761864628
122,125,52.318897324274104,141.95299513545126,15.000000000000002,0.015327393996606094
122,125,52.7,146.30901865172055,4.9999999999999964,0.0149702471258555
122,126,51.780580003191965,135.8,85.0,0.0018749929761864628
122,127,51.75433340413419,135.5,85.0,0.0018749929761864628
122,128,51.72808680507641,135.2,85.0,0.0018749929761864628
122,129,51.70184020601863,134.9,85.0,0.0018749929761864628
122,134,48.092650162735396,93.64676903466705,24.999999999999996,0.004821426564624704
122,135,47.3,41.61814935362635,20.0,0.0050297528741445
122,136,51.59685380978752,133.7,85.0,0.0018749929761864628
122,137,51.49186741355642,132.5,85.0,0.0018749929761864628
122,138,51.465620814498635,132.2,85.0,0.0018749929761864628
122,139,51.439374215440864,131.9,85.0,0.0018749929761864628
122,140,51.41312761638308,131.6,85.0,0.0018749929761864628
122,141,51.38688101732531,131.3,85.0,0.0018749929761864628
122,142,51.36063441826753,131.0,85.0,0.0018749929761864628
122,146,49.40081688694019,108.59918311305981,50.0,0.0038393007653147234
122,151,51.15066162580531,128.6,85.0,0.0018749929761864628
122,152,51.124415026747535,128.3,85.0,0.0018749929761864628
122,153,51.09816842768976,128.0,85.0,0.0018749929761864628
122,154,51.071921828631986,127.7,85.0,0.0018749929761864628
122,155,51.193719197753516,129.09215029939793,80.46053492314307,0.0018749929761864628
122,156,47.585067374763256,87.84507122016416,14.999999999999996,0.017410713282312352
122,157,47.68455578506563,88.98222895343889,14.999999999999996,0.017410713282312352
122,177,47.3,16.700000000000003,90.0,0.0016666666666666668
122,180,47.66309290365481,88.73690709634519,50.0,0.0038393007653147234
122,181,47.68722795897821,89.01277204102178,50.0,0.0038393007653147234
122,185,47.3,24.200000000000003,90.0,0.0016666666666666668
122,186,47.3,24.5,90.0,0.0016666666666666668
122,187,47.3,23.0,90.0,0.0016666666666666668
122,188,47.3,23.299999999999997,90.0,0.0016666666666666668
122,189,47.3,23.6,90.0,0.0016666666666666668
122,190,51.3682340253854,131.0868639068376,34.99999999999999,0.004583347380960408
122,199,50.11204540667629,116.728562292859,24.999999999999996,0.004821426564624704
122,200,50.170182701535545,117.3930746138414,24.999999999999996,0.004821426564624704
122,201,47.3,11.299999999999999,90.0,0.0016666666666666668
122,202,47.3,10.700000000000001,90.0,0.0016666666666666668
122,203,47.3,9.678775382679618,78.46304096718447,0.0019047739455851117
122,204,47.3,10.032115979985548,81.37307344132131,0.00199406066327276
122,205,47.3,10.36992462263973,84.26082952273322,0.0018452401020419631
122,211,48.851235187679094,102.31743554586515,14.999999999999996,0.017410713282312352
122,212,48.95072359798147,103.45459327913989,14.999999999999996,0.017410713282312352
122,213,49.05021200828385,104.5917510124147,14.999999999999996,0.017410713282312352
122,214,49.149700418586235,105.72890874568944,14.999999999999996,0.017410713282312352
122,215,49.24918882888861,106.8660664789642,14.999999999999996,0.017410713282312352
122,216,47.3,51.33679866027037,20.0,0.0050297528741445
122,217,47.3,52.16104188610679,20.0,0.0050297528741445
122,218,47.3,52.985285111943156,20.0,0.0050297528741445
122,219,47.3,53.80952833777954,20.0,0.0050297528741445
122,220,47.3,6.200000000000001,90.0,0.0016666666666666668
122,221,47.3,6.5,90.0,0.0016666666666666668
122,226,47.3,76.88833866119838,20.0,0.0050297528741445
122,227,47.3,77.71258188703476,20.0,0.0050297528741445
122,228,47.3,78.53682511287113,20.0,0.0050297528741445
122,229,47.3,6.799999999999999,90.0,0.0016666666666666668
122,241,47.3,59.018483174859156,29.999999999999993,0.002410713282312352
122,242,47.3,58.498867932588496,29.999999999999993,0.002410713282312352
122,243,47.3,57.979252690317836,29.999999999999993,0.002410713282312352
122,244,47.3,57.459637448047175,29.999999999999993,0.002410713282312352
122,246,47.3,78.51471862576142,45.0,0.005714293741501186
122,247,47.3,78.21471862576142,45.0,0.005714293741501186
122,249,47.3,23.9,90.0,0.0016666666666666668
122,250,47.3,11.0,90.0,0.0016666666666666668
122,251,47.3,19.39249530663146,87.13401601740111,0.0018749929761864628
122,252,47.3,19.700000000000003,90.0,0.0016666666666666668
122,253,47.3,20.0,90.0,0.0016666666666666668
122,254,47.3,20.299999999999997,90.0,0.0016666666666666668
123,126,52.08058000319196,135.8,85.0,0.0018749929761864628
123,127,52.054333404134184,135.5,85.0,0.0018749929761864628
123,128,52.028086805076406,135.2,85.0,0.0018749929761864628
123,129,52.00184020601863,134.9,85.0,0.0018749929761864628
123,134,48.44622978349831,94.25918690234937,24.999999999999993,0.004821426564624704
123,135,47.6,42.44239257946275,20.0,0.0050297528741445
123,136,51.896853809787515,133.7,85.0,0.0018749929761864628
123,137,51.79186741355641,132.5,85.0,0.0018749929761864628
123,138,51.76562081449863,132.2,85.0,0.0018749929761864628
123,139,51.73937421544086,131.9,85.0,0.0018749929761864628
123,140,51.713127616383076,131.6,85.0,0.0018749929761864628
123,141,51.686881017325305,131.3,85.0,0.0018749929761864628
123,142,51.66063441826753,131.0,85.0,0.0018749929761864628
123,146,49.67668183161677,108.32331816838322,50.0,0.0038393007653147234
123,151,51.45066162580531,128.6,85.0,0.0018749929761864628
123,152,51.42441502674754,128.3,85.0,0.0018749929761864628
123,153,51.398168427689754,128.0,85.0,0.0018749929761864628
123,154,51.371921828631976,127.7,85.0,0.0018749929761864628
123,155,51.48773422028979,129.02374169395665,83.34347054767159,0.0017857062584988146
123,156,47.785578964460875,86.7079134868894,14.999999999999996,0.017410713282312352
123,157,47.88506737476325,87.84507122016416,14.999999999999996,0.017410713282312352
123,177,47.6,16.700000000000003,90.0,0.0016666666666666668
123,180,47.93895784833139,88.46104215166861,50.0,0.0038393007653147234
123,181,47.963092903654804,88.73690709634519,50.0,0.0038393007653147234
123,185,47.6,24.200000000000003,90.0,0.0016666666666666668
123,186,47.6,24.5,90.0,0.0016666666666666668
123,187,47.6,23.0,90.0,0.0016666666666666668
123,188,47.6,23.299999999999997,90.0,0.0016666666666666668
123,189,47.6,23.6,90.0,0.0016666666666666668
123,190,51.6287558935158,130.635626794753,34.99999999999999,0.004583347380960408
123,199,50.35390811181702,116.06404997187661,25.0,0.0040178461054358695
123,200,50.412045406676285,116.72856229285901,25.0,0.0040178461054358695
123,201,47.6,11.299999999999999,90.0,0.0016666666666666668
123,202,47.6,10.700000000000001,90.0,0.0016666666666666668
123,203,47.6,9.73211597998555,81.37307344132137,0.00199406066327276
123,204,47.6,10.069924622639718,84.2608295227332,0.0018452401020419631
123,205,47.6,10.39249530663146,87.13401601740117,0.0018749929761864628
123,211,49.05174677737672,101.18027781259038,14.999999999999996,0.017410713282312352
123,212,49.15123518767909,102.31743554586514,14.999999999999998,0.017410713282312352
123,213,49.25072359798148,103.45459327913994,14.999999999999998,0.017410713282312352
123,214,49.350212008283854,104.5917510124147,14.999999999999996,0.017410713282312352
123,215,49.44970041858623,105.72890874568945,14.999999999999996,0.017410713282312352
123,216,47.6,50.51255543443396,20.0,0.0050297528741445
123,217,47.6,51.33679866027039,20.0,0.0050297528741445
123,218,47.6,52.16104188610676,20.0,0.0050297528741445
123,219,47.6,52.98528511194314,20.0,0.0050297528741445
123,220,47.6,6.200000000000001,90.0,0.0016666666666666668
123,221,47.6,6.5,90.0,0.0016666666666666668
123,226,47.599999999999994,76.06409543536199,20.0,0.0050297528741445
123,227,47.6,76.88833866119836,20.0,0.0050297528741445
123,228,47.6,77.71258188703473,20.0,0.0050297528741445
123,229,47.6,6.799999999999999,90.0,0.0016666666666666668
123,241,47.6,59.53809841712982,29.999999999999993,0.002410713282312352
123,242,47.6,59.018483174859156,29.999999999999993,0.002410713282312352
123,243,47.6,58.49886793258851,29.999999999999993,0.002410713282312352
123,244,47.6,57.97925269031785,29.999999999999993,0.002410713282312352
123,246,47.60000000000001,78.81471862576143,45.0,0.005714293741501186
123,247,47.599999999999994,78.51471862576142,45.0,0.005714293741501186
123,249,47.6,23.9,90.0,0.0016666666666666668
123,250,47.6,11.0,90.0,0.0016666666666666668
123,251,47.6,19.400000000000002,90.0,0.0016666666666666668
123,252,47.6,19.700000000000003,90.0,0.0016666666666666668
123,253,47.6,20.0,90.0,0.0016666666666666668
123,254,47.6,20.299999999999997,90.0,0.0016666666666666668
124,126,52.380580003191966,135.8,85.0,0.0018749929761864628
124,127,52.35433340413418,135.5,85.0,0.0018749929761864628
124,128,52.32808680507641,135.2,85.0,0.0018749929761864628
124,129,52.30184020601863,134.9,85.0,0.0018749929761864628
124,134,48.79980940426124,94.8716047700317,24.999999999999996,0.004821426564624704
124,135,47.9,43.26663580529913,20.0,0.0050297528741445
124,136,52.19685380978753,133.7,85.0,0.0018749929761864628
124,137,52.091867413556415,132.5,85.0,0.0018749929761864628
124,138,52.06562081449864,132.2,85.0,0.0018749929761864628
124,139,52.03937421544086,131.9,85.0,0.0018749929761864628
124,140,52.01312761638309,131.6,85.0,0.0018749929761864628
124,141,51.98688101732531,131.3,85.0,0.0018749929761864628
124,142,51.96063441826753,131.0,85.0,0.0018749929761864628
124,146,49.952546776293374,108.04745322370661,50.0,0.0038393007653147234
124,151,51.750661625805314,128.6,85.0,0.0018749929761864628
124,152,51.724415026747536,128.3,85.0,0.0018749929761864628
124,153,51.69816842768976,128.0,85.0,0.0018749929761864628
124,154,51.67192182863198,127.7,85.0,0.0018749929761864628
124,155,51.78307413426751,128.97047666698657,86.20955809790593,0.0018749929761864628
124,156,47.9860905541585,85.5707557536146,14.999999999999996,0.017410713282312352
124,157,48.08557896446088,86.70791348688937,14.999999999999996,0.017410713282312352
124,177,47.9,16.700000000000003,90.0,0.0016666666666666668
124,180,48.214822793008,88.185177206992,50.0,0.0038393007653147234
124,181,48.238957848331395,88.46104215166861,50.0,0.0038393007653147234
124,185,47.9,24.200000000000003,90.0,0.0016666666666666668
124,186,47.9,24.5,90.0,0.0016666666666666668
124,187,47.9,23.0,90.0,0.0016666666666666668
124,188,47.9,23.299999999999997,90.0,0.0016666666666666668
124,189,47.9,23.6,90.0,0.0016666666666666668
124,190,51.889277761646234,130.18438968266832,34.99999999999999,0.004583347380960408
124,199,50.59577081695777,115.39953765089422,24.999999999999996,0.004821426564624704
124,200,50.65390811181703,116.06404997187661,24.999999999999996,0.004821426564624704
124,201,47.9,11.299999999999999,90.0,0.0016666666666666668
124,202,47.9,10.700000000000001,90.0,0.0016666666666666668
124,203,47.9,9.76992462263972,84.2608295227332,0.0018452401020419631
124,204,47.9,10.092495306631449,87.1340160174011,0.0018749929761864628
124,205,47.9,10.400000000000002,90.0,0.0016666666666666668
124,211,49.25225836707434,100.0431200793156,14.999999999999996,0.017410713282312352
124,212,49.35174677737672,101.18027781259033,14.999999999999996,0.017410713282312352
124,213,49.4512351876791,102.31743554586515,14.999999999999996,0.017410713282312352
124,214,49.55072359798148,103.45459327913991,14.999999999999996,0.017410713282312352
124,215,49.65021200828386,104.59175101241468,14.999999999999996,0.017410713282312352
124,216,47.9,49.68831220859759,20.0,0.0050297528741445
124,217,47.9,50.512555434434006,20.0,0.0050297528741445
124,218,47.9,51.33679866027039,20.0,0.0050297528741445
124,219,47.9,52.161041886106766,20.0,0.0050297528741445
124,220,47.9,6.200000000000001,90.0,0.0016666666666666668
124,221,47.9,6.5,90.0,0.0016666666666666668
124,226,47.9,75.23985220952561,20.0,0.0050297528741445
124,227,47.89999999999999,76.06409543536199,20.0,0.0050297528741445
124,228,47.9,76.88833866119836,20.0,0.0050297528741445
124,229,47.9,6.799999999999999,90.0,0.0016666666666666668
124,241,47.9,60.05771365940048,29.999999999999993,0.002410713282312352
124,242,47.9,59.53809841712982,29.999999999999993,0.002410713282312352
124,243,47.9,59.018483174859156,29.999999999999993,0.002410713282312352
124,244,47.9,58.49886793258851,29.999999999999993,0.002410713282312352
124,246,47.89999999999999,79.11471862576141,45.0,0.005714293741501186
124,247,47.900000000000006,78.81471862576143,45.0,0.005714293741501186
124,249,47.9,23.9,90.0,0.0016666666666666668
124,250,47.9,11.0,90.0,0.0016666666666666668
124,251,47.9,19.400000000000002,90.0,0.0016666666666666668
124,252,47.9,19.700000000000003,90.0,0.0016666666666666668
124,253,47.9,20.0,90.0,0.0016666666666666668
124,254,47.9,20.299999999999997,90.0,0.0016666666666666668
125,126,50.079390243385106,135.8,70.00000000000001,0.0033035804591888336
125,127,49.97019917310524,135.5,70.00000000000001,0.0033035804591888336
125,128,49.86100810282538,135.2,70.00000000000001,0.0033035804591888336
125,129,49.751817032545524,134.9,70.00000000000001,0.0033035804591888336
125,134,4.099999999999995,9.472663546007224,20.000000000000018,0.0050297528741445
125,134,11.955417766120522,31.055246478806055,9.999999999999995,0.0073512075340233535
125,136,49.31505275142607,133.7,70.00000000000001,0.0033035804591888336
125,137,48.87828847030664,132.5,70.00000000000001,0.0033035804591888336
125,138,48.76909740002677,132.2,70.00000000000001,0.0033035804591888336
125,139,48.65990632974692,131.9,70.00000000000001,0.0033035804591888336
125,140,48.550715259467054,131.6,70.00000000000001,0.0033035804591888336
125,141,48.4415241891872,131.3,70.00000000000001,0.0033035804591888336
125,142,48.33233311890733,131.0,70.00000000000001,0.0033035804591888336
125,146,42.63988170928366,115.36011829071634,65.0,0.003065473180270389
125,147,36.6400614919034,98.87574772267675,29.999999999999996,0.002410713282312352
125,150,29.9,80.3575809679365,19.999999999999996,0.006815487227897463
125,151,47.45880455666845,128.6,70.00000000000001,0.0033035804591888336
125,152,47.34961348638859,128.3,70.00000000000001,0.0033035804591888336
125,153,47.24042241610873,128.0,70.00000000000001,0.0033035804591888336
125,154,47.131231345828866,127.7,70.00000000000001,0.0033035804591888336
125,155,48.276416638268856,130.84637073207043,62.50114008400266,0.002113100255104908
125,156,43.7,118.27276935641031,19.999999999999996,0.006815487227897463
125,157,44.0,119.09701258224669,19.999999999999996,0.006815487227897463
125,158,42.8,115.80003967890113,19.999999999999996,0.006815487227897463
125,159,43.1,116.62428290473753,19.999999999999996,0.006815487227897463
125,160,13.399999999999999,35.024203546935226,19.999999999999996,0.006815487227897463
125,161,13.700000000000003,35.848446772771624,19.999999999999996,0.006815487227897463
125,162,24.615441520548696,65.83837587385659,29.999999999999996,0.002410713282312352
125,163,25.87384064737639,69.29579905947708,29.999999999999996,0.002410713282312352
125,165,19.811007048374016,52.638300648307265,29.999999999999996,0.002410713282312352
125,166,20.013101501674097,53.19355059534627,29.999999999999996,0.002410713282312352
125,180,36.87600441735765,99.52399558264236,65.0,0.003065473180270389
125,181,36.95605826863439,99.7439417313656,65.0,0.003065473180270389
125,185,6.200000000000005,15.242366126861963,19.999999999999996,0.006815487227897463
125,185,9.159052134561328,23.37229504955819,39.54744860719364,0.005178573435375297
125,186,5.899999999999996,14.418122901025553,19.999999999999996,0.006815487227897463
125,186,9.365019893895905,23.938186817465606,45.007685748260776,0.005714293741501186
125,190,49.525583446331595,134.278428330355,49.99999999999999,0.004404773945585112
125,199,46.625,126.30914080831505,40.0,0.005833333333333334
125,200,46.775000000000006,126.72126242123325,40.0,0.005833333333333334
125,211,45.27490816418398,122.59979397522052,29.999999999999996,0.002410713282312352
125,212,45.477002617484054,123.1550439222595,29.999999999999996,0.002410713282312352
125,213,45.67909707078414,123.71029386929851,29.999999999999996,0.002410713282312352
125,214,45.881191524084215,124.2655438163375,29.999999999999996,0.002410713282312352
125,215,46.08328597738429,124.82079376337649,29.999999999999996,0.002410713282312352
125,216,33.31864953244515,89.75024336335863,40.0,0.005833333333333334
125,217,33.468649532445156,90.16236497627685,40.0,0.005833333333333334
125,218,33.618649532445154,90.57448658919506,40.0,0.005833333333333334
125,219,33.76864953244515,90.98660820211325,40.0,0.005833333333333334
125,226,37.968649532445156,102.52601336382264,40.00000000000001,0.005833333333333334
125,227,38.11864953244515,102.93813497674086,40.00000000000001,0.005833333333333334
125,228,38.26864953244515,103.35025658965903,40.00000000000001,0.005833333333333334
125,232,14.0,36.67268999860801,19.999999999999996,0.006815487227897463
125,233,11.0,28.430257740244137,19.999999999999996,0.006815487227897463
125,234,11.300000000000002,29.254500966080535,19.999999999999996,0.006815487227897463
125,235,11.600000000000001,30.07874419191692,19.999999999999996,0.006815487227897463
125,236,11.899999999999999,30.9029874177533,19.999999999999996,0.006815487227897463
125,237,12.199999999999998,31.72723064358967,19.999999999999996,0.006815487227897463
125,238,12.5,32.551473869426076,19.999999999999996,0.006815487227897463
125,239,12.800000000000002,33.37571709526246,19.999999999999996,0.006815487227897463
125,240,13.100000000000001,34.19996032109884,19.999999999999996,0.006815487227897463
125,245,20.0,53.15755451533573,19.999999999999996,0.006815487227897463
125,248,32.446277553148164,87.35342104887525,9.999999999999998,0.0073512075340233535
125,255,30.27408621295091,81.38537439094841,29.999999999999993,0.002410713282312352
126,134,72.42982940778283,135.8,60.00000000000001,0.0018452401020419631
126,134,78.5,146.3138438763306,29.999999999999993,0.002410713282312352
126,155,46.7,135.8,90.0,0.0016666666666666668
126,156,43.7,135.8,90.0,0.0016666666666666668
126,157,44.0,135.8,90.0,0.0016666666666666668
126,158,42.8,135.8,90.0,0.0016666666666666668
126,159,43.1,135.8,90.0,0.0016666666666666668
126,164,36.8,143.90750469336857,87.13401601740117,0.0018749929761864628
126,190,48.647103633270746,135.8,60.00000000000001,0.0018452401020419631
126,199,45.8,135.8,90.0,0.0016666666666666668
126,200,46.1,135.8,90.0,0.0016666666666666668
126,210,53.9,135.8,90.0,0.0016666666666666668
126,211,44.3,135.8,89.99999999999999,0.0017559533843543149
126,212,44.599999999999994,135.8,89.99999999999999,0.0017559533843543149
126,213,44.89999999999999,135.8,89.99999999999999,0.0017559533843543149
126,214,45.2,135.8,89.99999999999999,0.0017559533843543149
126,215,45.5,135.8,89.99999999999999,0.0017559533843543149
126,222,54.2,135.8,90.0,0.0016666666666666668
126,223,54.5,135.8,90.0,0.0016666666666666668
126,224,54.8,135.8,90.0,0.0016666666666666668
126,248,41.03549985738749,136.06532134756267,82.89742040215768,0.0018749929761864628
127,134,72.25662432702595,135.5,60.00000000000001,0.0018452401020419631
127,134,78.8,146.83345911860127,29.999999999999993,0.002410713282312352
127,155,46.7,135.5,90.0,0.0016666666666666668
127,156,43.7,135.5,90.0,0.0016666666666666668
127,157,44.0,135.5,90.0,0.0016666666666666668
127,158,42.8,135.5,90.0,0.0016666666666666668
127,159,43.1,135.5,90.0,0.0016666666666666668
127,164,36.5,143.9,90.0,0.0016666666666666668
127,190,48.82030871402765,135.5,60.00000000000001,0.0018452401020419631
127,199,45.8,135.5,90.0,0.0016666666666666668
127,200,46.1,135.5,90.0,0.0016666666666666668
127,210,53.9,135.5,90.0,0.0016666666666666668
127,211,44.3,135.5,89.99999999999999,0.0017559533843543149
127,212,44.599999999999994,135.5,89.99999999999999,0.0017559533843543149
127,213,44.89999999999999,135.5,89.99999999999999,0.0017559533843543149
127,214,45.2,135.5,89.99999999999999,0.0017559533843543149
127,215,45.5,135.5,89.99999999999999,0.0017559533843543149
127,222,54.2,135.5,90.0,0.0016666666666666668
127,223,54.5,135.5,90.0,0.0016666666666666668
127,224,54.8,135.5,90.0,0.0016666666666666668
127,248,40.97075830458388,135.69815375617375,85.23390356888066,0.0018749929761864628
128,134,72.08341924626905,135.2,60.00000000000001,0.0018452401020419631
128,134,79.1,147.38466063387557,25.841932763167396,0.0040178461054358695
128,136,38.231373033403116,135.2,41.40962210927086,0.005982153894564131
128,137,36.88901207345299,135.2,56.63298703076811,0.0021428531292494077
128,138,36.40384757729337,135.2,60.00000000000001,0.0018452401020419631
128,139,35.94182867015248,135.2,63.256316049596805,0.0025595338435431486
128,146,35.00000000000001,135.2,89.99999999999999,0.0017559533843543149
128,147,34.7,135.2,90.0,0.0016666666666666668
128,148,29.256021767666546,137.2818037537561,60.7706472218135,0.0018452401020419631
128,149,29.470288860633993,137.04625452757995,63.81172911167298,0.0025595338435431486
128,150,33.13135655410487,135.23737340241217,88.60163497413076,0.0018154872278974634
128,155,46.7,135.2,90.0,0.0016666666666666668
128,156,43.7,135.2,90.0,0.0016666666666666668
128,157,44.0,135.2,90.0,0.0016666666666666668
128,158,42.8,135.2,90.0,0.0016666666666666668
128,159,43.1,135.2,90.0,0.0016666666666666668
128,164,27.8,143.9,90.0,0.0016666666666666668
128,190,48.99351379478453,135.2,60.00000000000001,0.0018452401020419631
128,199,45.8,135.2,90.0,0.0016666666666666668
128,200,46.1,135.2,90.0,0.0016666666666666668
128,210,53.9,135.2,90.0,0.0016666666666666668
128,211,44.3,135.2,89.99999999999999,0.0017559533843543149
128,212,44.599999999999994,135.2,89.99999999999999,0.0017559533843543149
128,213,44.89999999999999,135.2,89.99999999999999,0.0017559533843543149
128,214,45.2,135.2,89.99999999999999,0.0017559533843543149
128,215,45.5,135.2,89.99999999999999,0.0017559533843543149
128,222,54.2,135.2,90.0,0.0016666666666666668
128,223,54.5,135.2,90.0,0.0016666666666666668
128,224,54.8,135.2,90.0,0.0016666666666666668
128,245,31.65297452613683,135.59729693678287,79.03254640221567,0.0019047739455851117
128,248,40.88292035682918,135.2,80.0,0.0018749929761864628
129,134,71.91021416551217,134.9,60.00000000000001,0.0018452401020419631
129,134,79.4,148.12650060048048,18.194872338766743,0.009345240102041963
129,136,38.59999999999998,134.9,36.8698976458443,0.006011906768708631
129,137,37.099999999999994,134.9,53.13010235415605,0.002321426564624704
129,138,36.58901207345297,134.9,56.63298703076845,0.0021428531292494077
129,139,36.103847577293365,134.9,60.00000000000001,0.0018452401020419631
129,146,35.00000000000001,134.9,89.99999999999999,0.0017559533843543149
129,147,34.7,134.9,90.0,0.0016666666666666668
129,148,29.091549106563196,136.82991883125703,62.71459564001366,0.002113100255104908
129,149,29.30986551905218,136.60549501903046,65.70476625267985,0.003065473180270389
129,150,33.102990604366354,134.91314911328345,88.79393236273923,0.0018154872278974634
129,155,46.7,134.9,90.0,0.0016666666666666668
129,156,43.7,134.9,90.0,0.0016666666666666668
129,157,44.0,134.9,90.0,0.0016666666666666668
129,158,42.8,134.9,90.0,0.0016666666666666668
129,159,43.1,134.9,90.0,0.0016666666666666668
129,164,27.5,143.9,90.0,0.0016666666666666668
129,190,49.166718875541406,134.90000000000003,60.00000000000001,0.0018452401020419631
129,199,45.8,134.9,90.0,0.0016666666666666668
129,200,46.1,134.9,90.0,0.0016666666666666668
129,210,53.9,134.9,90.0,0.0016666666666666668
129,211,44.3,134.9,89.99999999999999,0.0017559533843543149
129,212,44.599999999999994,134.9,89.99999999999999,0.0017559533843543149
129,213,44.89999999999999,134.9,89.99999999999999,0.0017559533843543149
129,214,45.2,134.9,89.99999999999999,0.0017559533843543149
129,215,45.5,134.9,89.99999999999999,0.0017559533843543149
129,222,54.2,134.9,90.0,0.0016666666666666668
129,223,54.5,134.9,90.0,0.0016666666666666668
129,224,54.8,134.9,90.0,0.0016666666666666668
129,245,31.585335242970697,135.21369549987077,81.39084206552707,0.00199406066327276
129,248,40.830022262616644,134.9,80.0,0.0018749929761864628
130,136,81.5,133.7,89.99999999999999,0.0017559533843543149
130,137,81.5,132.5,89.99999999999999,0.0017559533843543149
130,138,81.5,132.2,89.99999999999999,0.0017559533843543149
130,139,81.5,131.9,89.99999999999999,0.0017559533843543149
130,140,81.5,131.6,89.99999999999999,0.0017559533843543149
130,141,81.5,131.3,89.99999999999999,0.0017559533843543149
130,142,81.5,131.0,89.99999999999999,0.0017559533843543149
130,143,82.06864953244515,109.11995917051374,40.00000000000001,0.005833333333333334
130,144,82.21864953244514,108.70783755759555,40.00000000000001,0.005833333333333334
130,145,85.89469076328437,98.6079972828806,29.999999999999996,0.002410713282312352
130,146,101.06094570375527,56.939054296244734,25.000000000000004,0.0040178461054358695
130,151,81.5,128.6,89.99999999999999,0.0017559533843543149
130,152,81.49999999999999,128.3,89.99999999999999,0.0017559533843543149
130,153,81.49999999999999,128.0,89.99999999999999,0.0017559533843543149
130,154,81.49999999999999,127.7,89.99999999999999,0.0017559533843543149
130,155,81.5,128.9,89.99999999999999,0.0017559533843543149
130,178,116.81514211819649,13.654755385914498,29.999999999999996,0.002410713282312352
130,179,81.49999999999999,118.281475066978,18.194872338766338,0.009345240102041963
130,179,113.3,23.31252898183324,20.000000000000004,0.0050297528741445
130,190,112.80230804610497,24.679926387004073,9.999999999999995,0.0073512075340233535
130,190,121.1,1.8734993995195541,18.194872338767127,0.009345240102041963
130,191,111.99426733309463,26.9,70.0,0.0033035804591888336
130,191,119.0,7.651907690941886,20.000000000000004,0.0050297528741445
130,192,111.88507626281476,27.2,70.0,0.0033035804591888336
130,192,119.3,6.827664465105508,20.000000000000004,0.0050297528741445
130,193,111.77588519253491,27.5,70.0,0.0033035804591888336
130,193,119.6,6.00342123926913,20.000000000000004,0.0050297528741445
130,194,111.55750305197519,28.1,70.0,0.0033035804591888336
130,194,120.2,4.354934787596333,20.000000000000004,0.0050297528741445
130,195,111.44831198169533,28.4,70.0,0.0033035804591888336
130,195,120.5,3.530691561759954,20.000000000000004,0.0050297528741445
130,196,111.33912091141546,28.7,70.0,0.0033035804591888336
130,196,120.8,2.706448335923575,20.000000000000004,0.0050297528741445
130,197,111.66669412225505,27.8,70.0,0.0033035804591888336
130,197,119.9,5.179178013432711,20.000000000000004,0.0050297528741445
130,198,110.57478341945644,30.8,70.0,0.0033035804591888336
130,206,90.48136821037725,86.00620456667113,49.99999999999999,0.004404773945585112
130,225,87.55727879671223,94.04007420318212,29.999999999999996,0.002410713282312352
130,241,81.49999999999999,118.25462079371476,29.99999999999997,0.002410713282312352
130,242,81.49999999999999,117.7350055514441,29.99999999999997,0.002410713282312352
130,243,81.49999999999999,117.21539030917344,29.99999999999997,0.002410713282312352
130,244,81.49999999999999,116.69577506690278,29.99999999999997,0.002410713282312352
130,246,81.49999999999999,112.7147186257614,44.99999999999998,0.006309519795916074
130,247,81.5,112.41471862576142,44.99999999999998,0.006309519795916074
131,136,81.8,133.7,90.0,0.0016666666666666668
131,137,81.8,132.5,90.0,0.0016666666666666668
131,138,81.8,132.2,90.0,0.0016666666666666668
131,139,81.8,131.9,90.0,0.0016666666666666668
131,140,81.8,131.6,90.0,0.0016666666666666668
131,141,81.8,131.3,90.0,0.0016666666666666668
131,142,81.8,131.0,90.0,0.0016666666666666668
131,143,85.69999999999999,119.0970125822467,40.0,0.005833333333333334
131,144,85.85,118.6848909693285,40.0,0.005833333333333334
131,145,88.26488644851752,112.05004498147966,29.999999999999993,0.002410713282312352
131,146,112.4797523797771,45.5202476202229,25.000000000000004,0.0040178461054358695
131,151,82.24119544333156,128.6,70.00000000000001,0.0033035804591888336
131,152,82.35038651361143,128.3,70.00000000000001,0.0033035804591888336
131,153,82.45957758389127,128.0,70.00000000000001,0.0033035804591888336
131,154,82.56876865417115,127.7,70.00000000000001,0.0033035804591888336
131,155,82.13267589103512,128.9,70.83097420641307,0.0033035804591888336
131,178,119.18533780342962,27.09680308451354,29.999999999999993,0.002410713282312352
131,196,119.3710393728384,26.586592215805666,20.37333141137272,0.0050297528741445
131,196,120.8,22.660555159389432,19.999999999999996,0.006815487227897463
131,198,117.83748435456614,30.8,70.00000000000001,0.0033035804591888336
131,206,94.93587900084162,93.72164357861922,49.999999999999986,0.004404773945585112
131,225,89.92747448194537,107.48212190178117,29.999999999999993,0.002410713282312352
131,241,84.26408503813997,123.04215651621416,49.999999999999986,0.004404773945585112
131,242,84.38008279860412,122.72345528863161,49.999999999999986,0.004404773945585112
131,243,84.49608055906828,122.40475406104906,49.999999999999986,0.004404773945585112
131,244,84.61207831953242,122.08605283346651,49.999999999999986,0.004404773945585112
131,246,86.28233678611541,117.49705541187683,64.99999999999999,0.002946433588438241
131,247,86.36239063739217,117.27710926315359,64.99999999999999,0.002946433588438241
132,136,80.6,133.7,90.0,0.0016666666666666668
132,137,80.6,132.5,90.0,0.0016666666666666668
132,138,80.6,132.2,90.0,0.0016666666666666668
132,139,80.6,131.9,90.0,0.0016666666666666668
132,140,80.6,131.6,90.0,0.0016666666666666668
132,141,80.6,131.3,90.0,0.0016666666666666668
132,142,80.6,131.0,90.0,0.0016666666666666668
132,143,80.6,105.08487774302813,20.00000000000001,0.0050297528741445
132,144,80.6,104.26063451719176,20.00000000000001,0.0050297528741445
132,145,80.60000000000001,68.58031381656814,10.000000000000005,0.005952372925165482
132,146,80.60000000000001,77.4,44.99999999999999,0.006309519795916074
132,151,80.6,128.6,90.0,0.0016666666666666668
132,152,80.6,128.3,90.0,0.0016666666666666668
132,153,80.6,128.0,90.0,0.0016666666666666668
132,154,80.6,127.7,90.0,0.0016666666666666668
132,155,80.6,128.9,90.0,0.0016666666666666668
132,167,84.22432433495494,13.7,85.0,0.0018749929761864628
132,168,84.19807773589716,14.0,85.0,0.0018749929761864628
132,169,84.17183113683939,14.3,85.0,0.0018749929761864628
132,170,84.1455845377816,14.6,85.0,0.0018749929761864628
132,171,84.11933793872383,14.9,85.0,0.0018749929761864628
132,172,84.09309133966605,15.2,85.0,0.0018749929761864628
132,173,84.06684474060827,15.5,85.0,0.0018749929761864628
132,174,84.0405981415505,15.8,85.0,0.0018749929761864628
132,175,84.01435154249272,16.1,85.0,0.0018749929761864628
132,176,83.98810494343495,16.4,85.0,0.0018749929761864628
132,177,83.96185834437716,16.7,85.0,0.0018749929761864628
132,180,80.60000000000001,55.8,44.99999999999999,0.006309519795916074
132,181,80.60000000000001,56.099999999999994,44.99999999999999,0.006309519795916074
132,183,83.4631729622794,22.4,85.0,0.0018749929761864628
132,184,83.43692636322163,22.7,85.0,0.0018749929761864628
132,185,83.30569336793273,24.2,85.0,0.0018749929761864628
132,186,83.27944676887496,24.5,85.0,0.0018749929761864628
132,187,83.41067976416385,23.0,85.0,0.0018749929761864628
132,188,83.38443316510607,23.3,85.0,0.0018749929761864628
132,189,83.35818656604829,23.6,85.0,0.0018749929761864628
132,190,80.60000000000001,80.45596004384194,29.999999999999993,0.002410713282312352
132,194,82.96448758018164,28.1,85.0,0.0018749929761864628
132,195,82.93824098112385,28.4,85.0,0.0018749929761864628
132,196,82.91199438206608,28.7,85.0,0.0018749929761864628
132,197,82.99073417923941,27.8,85.0,0.0018749929761864628
132,199,83.15254017687445,25.95054898413099,14.999999999999998,0.017410713282312352
132,199,84.8,7.119997039108048,4.9999999999999964,0.0149702471258555
132,200,83.05760944066841,27.035612264105676,14.999999999999998,0.017410713282312352
132,200,85.1,3.6909813482796743,4.9999999999999964,0.0149702471258555
132,206,80.6,68.89117277800179,30.000000000000004,0.0026488205612307967
132,225,80.63174204172873,54.763403513549925,14.999999999999996,0.017410713282312352
132,241,80.6,116.6957750669028,30.000000000000004,0.0026488205612307967
132,242,80.6,116.17615982463212,30.000000000000004,0.0026488205612307967
132,243,80.6,115.65654458236148,30.000000000000004,0.0026488205612307967
132,244,80.6,115.13692934009083,30.000000000000004,0.0026488205612307967
132,246,80.6,111.81471862576143,45.000000000000014,0.005714293741501186
132,247,80.6,111.51471862576142,45.000000000000014,0.005714293741501186
132,249,83.33193996699052,23.9,85.0,0.0018749929761864628
132,251,83.72563895285717,19.4,85.0,0.0018749929761864628
132,252,83.6993923537994,19.7,85.0,0.0018749929761864628
132,253,83.67314575474161,20.0,85.0,0.0018749929761864628
132,254,83.64689915568384,20.3,85.0,0.0018749929761864628
133,136,80.9,133.7,90.0,0.0016666666666666668
133,137,80.9,132.5,90.0,0.0016666666666666668
133,138,80.9,132.2,90.0,0.0016666666666666668
133,139,80.9,131.9,90.0,0.0016666666666666668
133,140,80.9,131.6,90.0,0.0016666666666666668
133,141,80.9,131.3,90.0,0.0016666666666666668
133,142,80.9,131.0,90.0,0.0016666666666666668
133,143,80.9,105.90912096886453,20.00000000000001,0.0050297528741445
133,144,80.9,105.08487774302816,20.00000000000001,0.0050297528741445
133,145,80.90000000000002,70.28169836245351,10.000000000000005,0.005952372925165482
133,146,80.90000000000003,77.09999999999997,44.99999999999999,0.006309519795916074
133,151,80.9,128.6,90.0,0.0016666666666666668
133,152,80.9,128.3,90.0,0.0016666666666666668
133,153,80.9,128.0,90.0,0.0016666666666666668
133,154,80.9,127.70000000000002,90.0,0.0016666666666666668
133,155,80.9,128.9,90.0,0.0016666666666666668
133,167,84.52432433495494,13.7,85.0,0.0018749929761864628
133,168,84.49807773589716,14.0,85.0,0.0018749929761864628
133,169,84.47183113683938,14.3,85.0,0.0018749929761864628
133,170,84.4455845377816,14.6,85.0,0.0018749929761864628
133,171,84.41933793872383,14.9,85.0,0.0018749929761864628
133,172,84.39309133966604,15.2,85.0,0.0018749929761864628
133,173,84.36684474060827,15.5,85.0,0.0018749929761864628
133,174,84.3405981415505,15.8,85.0,0.0018749929761864628
133,175,84.31435154249272,16.1,85.0,0.0018749929761864628
133,176,84.28810494343494,16.4,85.0,0.0018749929761864628
133,177,84.26185834437716,16.7,85.0,0.0018749929761864628
133,180,80.90000000000002,55.499999999999986,44.99999999999999,0.006309519795916074
133,181,80.90000000000002,55.79999999999998,44.99999999999999,0.006309519795916074
133,183,83.7631729622794,22.4,85.0,0.0018749929761864628
133,184,83.73692636322161,22.7,85.0,0.0018749929761864628
133,185,83.60569336793273,24.2,85.0,0.0018749929761864628
133,186,83.57944676887496,24.5,85.0,0.0018749929761864628
133,187,83.71067976416384,23.0,85.0,0.0018749929761864628
133,188,83.68443316510607,23.3,85.0,0.0018749929761864628
133,189,83.65818656604829,23.6,85.0,0.0018749929761864628
133,190,80.90000000000002,79.93634480157125,29.999999999999993,0.002410713282312352
133,194,83.26448758018162,28.1,85.0,0.0018749929761864628
133,195,83.23824098112385,28.4,85.0,0.0018749929761864628
133,196,83.21199438206608,28.7,85.0,0.0018749929761864628
133,197,83.29073417923941,27.8,85.0,0.0018749929761864628
133,199,83.54747091308049,24.865485704156313,14.999999999999998,0.017410713282312352
133,199,84.8,10.54901272993642,4.9999999999999964,0.0149702471258555
133,200,83.45254017687445,25.950548984130997,14.999999999999998,0.017410713282312352
133,200,85.1,7.119997039108048,4.9999999999999964,0.0149702471258555
133,206,80.9,69.41078802027246,30.000000000000004,0.0026488205612307967
133,225,80.90000000000002,56.284769995261684,10.000000000000005,0.005952372925165482
133,241,80.9,117.21539030917347,30.000000000000004,0.0026488205612307967
133,242,80.9,116.69577506690283,30.000000000000004,0.0026488205612307967
133,243,80.9,116.17615982463215,30.000000000000004,0.0026488205612307967
133,244,80.9,115.6565445823615,30.000000000000004,0.0026488205612307967
133,246,80.9,112.11471862576143,45.000000000000014,0.005714293741501186
133,247,80.9,111.81471862576143,45.000000000000014,0.005714293741501186
133,249,83.63193996699052,23.9,85.0,0.0018749929761864628
133,251,84.02563895285716,19.4,85.0,0.0018749929761864628
133,252,83.9993923537994,19.7,85.0,0.0018749929761864628
133,253,83.97314575474161,20.0,85.0,0.0018749929761864628
133,254,83.94689915568384,20.3,85.0,0.0018749929761864628
134,136,71.21739384248461,133.7,60.00000000000001,0.0018452401020419631
134,137,70.52457351945706,132.5,60.00000000000001,0.0018452401020419631
134,138,70.35136843870018,132.2,60.00000000000001,0.0018452401020419631
134,139,70.17816335794329,131.9,60.00000000000001,0.0018452401020419631
134,140,70.0049582771864,131.6,60.00000000000001,0.0018452401020419631
134,141,69.83175319642952,131.3,60.00000000000001,0.0018452401020419631
134,142,69.65854811567263,131.0,60.00000000000001,0.0018452401020419631
134,146,54.044435816775646,103.95556418322434,75.0,0.0019047739455851117
134,147,40.02575890769056,79.67450352179634,39.99999999999999,0.005178573435375297
134,150,29.9,62.13617462848313,29.999999999999993,0.002410713282312352
134,151,68.27290746961752,128.6,60.00000000000001,0.0018452401020419631
134,152,68.09970238886063,128.3,60.00000000000001,0.0018452401020419631
134,153,67.92649730810375,128.0,60.00000000000001,0.0018452401020419631
134,154,67.75329222734686,127.7,60.00000000000001,0.0018452401020419631
134,155,68.44611255037441,128.9,60.00000000000001,0.0018452401020419631
134,156,46.92015889576137,91.61595458883724,39.99999999999999,0.005178573435375297
134,157,47.14997222869705,92.0140029577386,39.99999999999999,0.005178573435375297
134,158,14.30979255271292,35.13314322924323,26.72607256601582,0.0034226200510209816
134,159,14.681710744458641,35.777324433605955,20.533363697867,0.0050297528741445
134,160,13.399999999999995,33.55733630359665,29.999999999999993,0.002410713282312352
134,161,13.700000000000003,34.07695154586734,29.999999999999993,0.002410713282312352
134,162,26.35186559801681,55.990625572165236,39.99999999999999,0.005178573435375297
134,163,27.782864285893833,58.46918800513265,39.99999999999999,0.005178573435375297
134,165,20.888464297823035,46.52773693809176,39.99999999999999,0.005178573435375297
134,166,21.118277630758726,46.92578530699312,39.99999999999999,0.005178573435375297
134,180,46.138287095031785,90.26171290496822,75.0,0.0019047739455851117
134,181,46.2480947161671,90.4519052838329,75.0,0.0019047739455851117
134,190,60.53846652052679,115.2035553080336,59.999999999999986,0.0018749929761864628
134,199,54.48395626482849,104.71683593021731,49.999999999999986,0.004404773945585112
134,200,54.66795850436435,105.03553715779987,49.999999999999986,0.004404773945585112
134,210,55.53815888084986,106.54276842263835,39.99999999999999,0.005178573435375297
134,211,49.8449442477204,96.68183141966351,39.99999999999999,0.005178573435375297
134,212,50.07475758065608,97.07987978856487,39.99999999999999,0.005178573435375297
134,213,50.30457091359179,97.47792815746624,39.99999999999999,0.005178573435375297
134,214,50.53438424652748,97.87597652636761,39.99999999999999,0.005178573435375297
134,215,50.76419757946317,98.27402489526895,39.99999999999999,0.005178573435375297
134,216,38.16130102430171,76.44516773919452,49.999999999999986,0.004404773945585112
134,217,38.345303263837565,76.76386896677707,49.999999999999986,0.004404773945585112
134,218,38.52930550337341,77.08257019435963,49.999999999999986,0.004404773945585112
134,219,38.713307742909265,77.40127142194217,49.999999999999986,0.004404773945585112
134,222,56.739344235791194,108.62328248670441,39.99999999999999,0.005178573435375297
134,223,56.969157568726885,109.02133085560577,39.99999999999999,0.005178573435375297
134,224,57.19897090166259,109.41937922450714,39.99999999999999,0.005178573435375297
134,226,43.8653704499131,86.32490579425368,49.99999999999999,0.004404773945585112
134,227,44.04937268944896,86.64360702183623,49.99999999999999,0.004404773945585112
134,228,44.233374928984816,86.96230824941878,49.99999999999999,0.004404773945585112
134,232,14.0,34.59656678813799,29.999999999999993,0.002410713282312352
134,233,11.0,29.400414365431356,29.999999999999993,0.002410713282312352
134,234,11.299999999999999,29.920029607702016,29.999999999999993,0.002410713282312352
134,235,11.599999999999998,30.43964484997267,29.999999999999993,0.002410713282312352
134,236,11.900000000000002,30.95926009224336,29.999999999999993,0.002410713282312352
134,237,12.200000000000001,31.47887533451402,29.999999999999993,0.002410713282312352
134,238,12.5,31.998490576784672,29.999999999999993,0.002410713282312352
134,239,12.799999999999999,32.518105819055336,29.999999999999993,0.002410713282312352
134,240,13.099999999999998,33.03772106132598,29.999999999999993,0.002410713282312352
134,245,20.0,44.98887163355126,29.999999999999993,0.002410713282312352
134,248,30.2,62.65578987075381,29.999999999999996,0.002410713282312352
134,255,32.78663892021622,67.1359799014034,39.99999999999999,0.005178573435375297
135,136,80.0,133.7,90.0,0.0016666666666666668
135,137,79.99997109903933,132.5,89.82216455793767,0.0017559533843543149
135,138,79.99153398362067,132.2,86.95594400932377,0.0018749929761864628
135,139,79.9680236062247,131.9,84.08207014914801,0.0018452401020419631
135,140,79.92926066656116,131.6,81.19316008147663,0.00199406066327276
135,141,79.87494326267101,131.3,78.28147969649363,0.0019047739455851117
135,142,79.8046347539856,131.0,75.33874406693317,0.0019047739455851117
135,146,65.73422732522488,92.26577267477512,65.0,0.003065473180270389
135,147,46.91989797060967,40.573827610787546,29.37277337685088,0.002410713282312352
135,151,78.95880455666844,128.6,70.0,0.0033035804591888336
135,152,78.84961348638859,128.3,70.0,0.0033035804591888336
135,153,78.74042241610871,128.0,70.0,0.0033035804591888336
135,154,78.63123134582887,127.7,70.0,0.0033035804591888336
135,155,79.0679956269483,128.9,70.0,0.0033035804591888336
135,156,52.98297749439746,57.2320016947522,29.999999999999996,0.002410713282312352
135,157,53.185071947697544,57.787251641791194,29.999999999999996,0.002410713282312352
135,177,38.9,16.7,90.0,0.0016666666666666668
135,180,59.97035003329887,76.42964996670113,65.0,0.003065473180270389
135,181,60.050403884575616,76.64959611542437,65.0,0.003065473180270389
135,185,40.96031209927692,24.200000000000003,70.0,0.0033035804591888336
135,186,41.06950316955677,24.5,70.0,0.0033035804591888336
135,187,40.52354781815747,23.0,70.0,0.0033035804591888336
135,188,40.63273888843733,23.299999999999997,70.0,0.0033035804591888336
135,189,40.74192995871719,23.599999999999998,70.0,0.0033035804591888336
135,190,68.84581859759601,100.81479943418685,50.0,0.0038393007653147234
135,199,62.37499999999999,83.03637145190476,40.0,0.005833333333333334
135,200,62.52499999999999,83.44849306482297,40.0,0.005833333333333334
135,201,38.9,11.3,90.0,0.0016666666666666668
135,202,38.9,10.7,90.0,0.0016666666666666668
135,210,60.56151949315043,78.05387470871447,29.999999999999993,0.002410713282312352
135,211,55.55499056767567,64.29854953612616,29.999999999999996,0.002410713282312352
135,212,55.75708502097575,64.85379948316515,30.000000000000004,0.0026488205612307967
135,213,55.959179474275835,65.40904943020416,30.000000000000004,0.0026488205612307967
135,214,56.161273927575905,65.96429937724315,29.999999999999996,0.002410713282312352
135,215,56.36336838087598,66.51954932428214,29.999999999999996,0.002410713282312352
135,216,49.068649532445136,46.477474006948356,40.0,0.005833333333333334
135,217,49.21864953244514,46.88959561986657,40.0,0.005833333333333334
135,218,49.36864953244515,47.30171723278475,40.0,0.005833333333333334
135,219,49.518649532445146,47.713838845702945,40.0,0.005833333333333334
135,220,38.9,6.169924622639719,84.2608295227332,0.0018452401020419631
135,221,38.9,6.492495306631454,87.1340160174011,0.0018749929761864628
135,222,61.61782416667805,80.95604794729599,29.999999999999996,0.002410713282312352
135,223,61.819918619978125,81.51129789433497,29.999999999999996,0.002410713282312352
135,224,62.0220130732782,82.06654784137399,29.999999999999996,0.002410713282312352
135,226,53.71864953244515,59.253244007412356,40.00000000000001,0.005833333333333334
135,227,53.86864953244515,59.66536562033055,40.00000000000001,0.005833333333333334
135,228,54.018649532445146,60.07748723324874,40.00000000000001,0.005833333333333334
135,229,38.9,6.800000000000001,90.0,0.0016666666666666668
135,241,64.43598365215061,88.69887749805372,9.999999999999991,0.0073512075340233535
135,242,63.92426253297915,87.29293527807206,9.999999999999991,0.0073512075340233535
135,243,63.41254141380769,85.88699305809044,9.999999999999991,0.0073512075340233535
135,244,62.90082029463623,84.48105083810881,9.999999999999991,0.0073512075340233535
135,246,68.41418943750944,99.62890806327087,25.0,0.0040178461054358695
135,247,68.24251339943302,99.15723202519445,25.0,0.0040178461054358695
135,249,40.851121028997056,23.900000000000002,70.0,0.0033035804591888336
135,250,38.9,11.0,90.0,0.0016666666666666668
136,155,46.82122461732038,133.7,78.46304096718434,0.0019047739455851117
136,156,43.7,133.7,90.0,0.0016666666666666668
136,157,44.0,133.7,90.0,0.0016666666666666668
136,158,42.8,133.7,90.0,0.0016666666666666668
136,159,43.1,133.7,90.0,0.0016666666666666668
136,164,36.2,143.9,90.0,0.0016666666666666668
136,179,81.2,133.7,90.0,0.0016666666666666668
136,190,49.859539198568974,133.7,60.00000000000001,0.0018452401020419631
136,199,45.8,133.7,90.0,0.0016666666666666668
136,200,46.1,133.7,90.0,0.0016666666666666668
136,207,80.3,133.7,90.0,0.0016666666666666668
136,210,53.9,133.7,90.0,0.0016666666666666668
136,211,44.29999999999999,133.7,89.99999999999999,0.0017559533843543149
136,212,44.599999999999994,133.7,89.99999999999999,0.0017559533843543149
136,213,44.89999999999999,133.7,89.99999999999999,0.0017559533843543149
136,214,45.199999999999996,133.7,89.99999999999999,0.0017559533843543149
136,215,45.49999999999999,133.7,89.99999999999999,0.0017559533843543149
136,222,54.2,133.7,90.0,0.0016666666666666668
136,223,54.5,133.7,90.0,0.0016666666666666668
136,224,54.8,133.7,90.0,0.0016666666666666668
136,248,40.65414628745427,133.9025577795541,85.06979042988583,0.0018749929761864628
137,155,47.200909166052995,132.5,66.42182152179812,0.002916680714293742
137,156,43.7,132.5,90.0,0.0016666666666666668
137,157,44.0,132.5,90.0,0.0016666666666666668
137,158,42.8,132.5,90.0,0.0016666666666666668
137,159,43.1,132.5,90.0,0.0016666666666666668
137,164,35.9,143.9,90.0,0.0016666666666666668
137,179,81.2,132.5,90.0,0.0016666666666666668
137,190,50.552359521596514,132.5,60.00000000000001,0.0018452401020419631
137,199,45.8,132.5,90.0,0.0016666666666666668
137,200,46.1,132.5,90.0,0.0016666666666666668
137,207,80.3,132.5,90.0,0.0016666666666666668
137,210,53.9,132.5,90.0,0.0016666666666666668
137,211,44.29999999999999,132.5,89.99999999999999,0.0017559533843543149
137,212,44.599999999999994,132.5,89.99999999999999,0.0017559533843543149
137,213,44.89999999999999,132.5,89.99999999999999,0.0017559533843543149
137,214,45.199999999999996,132.5,89.99999999999999,0.0017559533843543149
137,215,45.49999999999999,132.5,89.99999999999999,0.0017559533843543149
137,222,54.2,132.5,90.0,0.0016666666666666668
137,223,54.5,132.5,90.0,0.0016666666666666668
137,224,54.8,132.5,90.0,0.0016666666666666668
137,248,40.43869472794037,132.68067126707462,85.90378867100576,0.0018749929761864628
138,155,47.34182867015249,132.2,63.256316049596805,0.0025595338435431486
138,156,43.7,132.2,90.0,0.0016666666666666668
138,157,44.0,132.2,90.0,0.0016666666666666668
138,158,42.8,132.2,90.0,0.0016666666666666668
138,159,43.1,132.2,90.0,0.0016666666666666668
138,164,35.6,143.9,90.0,0.0016666666666666668
138,179,81.2,132.2,90.0,0.0016666666666666668
138,190,50.725564602353415,132.2,60.00000000000001,0.0018452401020419631
138,199,45.8,132.2,90.0,0.0016666666666666668
138,200,46.1,132.2,90.0,0.0016666666666666668
138,207,80.3,132.2,90.0,0.0016666666666666668
138,210,53.9,132.2,90.0,0.0016666666666666668
138,211,44.29999999999999,132.2,89.99999999999999,0.0017559533843543149
138,212,44.599999999999994,132.2,89.99999999999999,0.0017559533843543149
138,213,44.89999999999999,132.2,89.99999999999999,0.0017559533843543149
138,214,45.199999999999996,132.2,89.99999999999999,0.0017559533843543149
138,215,45.49999999999999,132.2,89.99999999999999,0.0017559533843543149
138,222,54.2,132.2,90.0,0.0016666666666666668
138,223,54.5,132.2,90.0,0.0016666666666666668
138,224,54.8,132.2,90.0,0.0016666666666666668
138,248,40.37618077176244,132.32613700393037,88.2307970511027,0.0018154872278974634
139,155,47.50384757729337,131.9,60.00000000000001,0.0018452401020419631
139,156,43.7,131.9,90.0,0.0016666666666666668
139,157,44.0,131.9,90.0,0.0016666666666666668
139,158,42.8,131.9,90.0,0.0016666666666666668
139,159,43.1,131.9,90.0,0.0016666666666666668
139,164,35.3,143.9,90.0,0.0016666666666666668
139,179,81.2,131.9,90.0,0.0016666666666666668
139,190,50.89876968311029,131.9,60.00000000000001,0.0018452401020419631
139,199,45.8,131.9,90.0,0.0016666666666666668
139,200,46.1,131.9,90.0,0.0016666666666666668
139,207,80.3,131.9,90.0,0.0016666666666666668
139,210,53.9,131.9,90.0,0.0016666666666666668
139,211,44.29999999999999,131.9,89.99999999999999,0.0017559533843543149
139,212,44.599999999999994,131.9,89.99999999999999,0.0017559533843543149
139,213,44.89999999999999,131.9,89.99999999999999,0.0017559533843543149
139,214,45.199999999999996,131.9,89.99999999999999,0.0017559533843543149
139,215,45.49999999999999,131.9,89.99999999999999,0.0017559533843543149
139,222,54.2,131.9,90.0,0.0016666666666666668
139,223,54.5,131.9,90.0,0.0016666666666666668
139,224,54.8,131.9,90.0,0.0016666666666666668
139,248,40.315383834399086,131.9813404383731,89.44511213046165,0.0017559533843543149
140,146,35.00000000000001,131.6,89.99999999999999,0.0017559533843543149
140,147,34.7,131.6,90.0,0.0016666666666666668
140,148,28.17725642339388,134.31792032947675,53.16235169152991,0.002321426564624704
140,149,28.37417175319849,134.034697525823,56.456839542592675,0.0021428531292494077
140,150,32.81421382543495,131.6124154262746,88.68652971923262,0.0018154872278974634
140,155,47.68901207345299,131.6,56.63298703076811,0.0021428531292494077
140,156,43.7,131.6,90.0,0.0016666666666666668
140,157,44.0,131.6,90.0,0.0016666666666666668
140,158,42.8,131.6,90.0,0.0016666666666666668
140,159,43.1,131.6,90.0,0.0016666666666666668
140,164,27.2,143.9,90.0,0.0016666666666666668
140,179,81.2,131.6,90.0,0.0016666666666666668
140,190,51.07197476386719,131.59999999999997,60.00000000000001,0.0018452401020419631
140,199,45.8,131.6,90.0,0.0016666666666666668
140,200,46.1,131.6,90.0,0.0016666666666666668
140,207,80.3,131.6,90.0,0.0016666666666666668
140,210,53.9,131.6,90.0,0.0016666666666666668
140,211,44.29999999999999,131.6,89.99999999999999,0.0017559533843543149
140,212,44.599999999999994,131.6,89.99999999999999,0.0017559533843543149
140,213,44.89999999999999,131.6,89.99999999999999,0.0017559533843543149
140,214,45.199999999999996,131.6,89.99999999999999,0.0017559533843543149
140,215,45.49999999999999,131.6,89.99999999999999,0.0017559533843543149
140,222,54.2,131.6,90.0,0.0016666666666666668
140,223,54.5,131.6,90.0,0.0016666666666666668
140,224,54.8,131.6,90.0,0.0016666666666666668
140,245,31.020416534419912,132.0098822985048,78.69922019379739,0.0019047739455851117
140,248,40.24814322627871,131.6,80.0,0.0018749929761864628
141,146,35.00000000000001,131.3,89.99999999999999,0.0017559533843543149
141,147,34.7,131.3,90.0,0.0016666666666666668
141,148,28.00154490579461,133.83515690253466,55.27306211787584,0.0021726340986480564
141,149,28.2035503393831,133.56591904408978,58.48771540735955,0.00199406066327276
141,150,32.78697416339405,131.30106466443758,86.07938107958964,0.0018749929761864628
141,155,47.9,131.3,53.13010235415605,0.002321426564624704
141,156,43.7,131.3,90.0,0.0016666666666666668
141,157,44.0,131.3,90.0,0.0016666666666666668
141,158,42.8,131.3,90.0,0.0016666666666666668
141,159,43.1,131.3,90.0,0.0016666666666666668
141,164,26.9,143.9,90.0,0.0016666666666666668
141,179,81.2,131.3,90.0,0.0016666666666666668
141,190,51.24517984462406,131.3,60.00000000000001,0.0018452401020419631
141,199,45.8,131.3,90.0,0.0016666666666666668
141,200,46.1,131.3,90.0,0.0016666666666666668
141,207,80.3,131.3,90.0,0.0016666666666666668
141,210,53.9,131.3,90.0,0.0016666666666666668
141,211,44.29999999999999,131.3,89.99999999999999,0.0017559533843543149
141,212,44.599999999999994,131.3,89.99999999999999,0.0017559533843543149
141,213,44.89999999999999,131.3,89.99999999999999,0.0017559533843543149
141,214,45.199999999999996,131.3,89.99999999999999,0.0017559533843543149
141,215,45.49999999999999,131.3,89.99999999999999,0.0017559533843543149
141,222,54.2,131.3,90.0,0.0016666666666666668
141,223,54.5,131.3,90.0,0.0016666666666666668
141,224,54.8,131.3,90.0,0.0016666666666666668
141,245,30.952524755253283,131.6248488856156,81.0599166440391,0.00199406066327276
141,248,40.19524513206617,131.3,80.0,0.0018749929761864628
142,146,35.00000000000001,131.0,89.99999999999999,0.0017559533843543149
142,147,34.7,131.0,90.0,0.0016666666666666668
142,148,26.96963218379763,131.0,70.00000000000001,0.0033035804591888336
142,149,27.269632183797626,131.0,70.00000000000001,0.0033035804591888336
142,150,32.76063441826753,131.0,85.0,0.0018749929761864628
142,151,27.799999999999997,131.0,53.13010235415605,0.002321426564624704
142,152,27.289012073452987,131.0,56.63298703076811,0.0021428531292494077
142,153,26.803847577293368,131.0,60.00000000000001,0.0018452401020419631
142,154,26.341828670152488,131.0,63.25631604959703,0.0025595338435431486
142,155,48.14039475392881,131.0,49.4583981264954,0.004404773945585112
142,156,43.7,131.0,90.0,0.0016666666666666668
142,157,44.0,131.0,90.0,0.0016666666666666668
142,158,42.8,131.0,90.0,0.0016666666666666668
142,159,43.1,131.0,90.0,0.0016666666666666668
142,164,20.0,143.9,90.0,0.0016666666666666668
142,179,81.2,131.0,90.0,0.0016666666666666668
142,190,51.41838492538096,131.0,60.00000000000001,0.0018452401020419631
142,199,45.8,131.0,90.0,0.0016666666666666668
142,200,46.1,131.0,90.0,0.0016666666666666668
142,207,80.3,131.0,90.0,0.0016666666666666668
142,210,53.9,131.0,90.0,0.0016666666666666668
142,211,44.29999999999999,131.0,89.99999999999999,0.0017559533843543149
142,212,44.599999999999994,131.0,89.99999999999999,0.0017559533843543149
142,213,44.89999999999999,131.0,89.99999999999999,0.0017559533843543149
142,214,45.199999999999996,131.0,89.99999999999999,0.0017559533843543149
142,215,45.49999999999999,131.0,89.99999999999999,0.0017559533843543149
142,222,54.2,131.0,90.0,0.0016666666666666668
142,223,54.5,131.0,90.0,0.0016666666666666668
142,224,54.8,131.0,90.0,0.0016666666666666668
142,226,27.604965945982965,131.0,70.0,0.0033035804591888336
142,227,27.904965945982962,131.0,70.0,0.0033035804591888336
142,228,28.20496594598296,131.0,70.0,0.0033035804591888336
142,245,30.842347037853635,131.0,80.00000000000001,0.0018749929761864628
142,248,40.14234703785363,131.0,80.0,0.0018749929761864628
142,255,24.5,131.19052498068888,75.52248781407006,0.0019047739455851117
143,146,73.21239638181538,84.78760361818462,65.0,0.003065473180270389
143,151,89.15880455666844,128.6,70.0,0.0033035804591888336
143,152,89.04961348638858,128.3,70.0,0.0033035804591888336
143,153,88.94042241610872,128.0,70.0,0.0033035804591888336
143,154,88.83123134582887,127.7,70.0,0.0033035804591888336
143,155,89.2679956269483,128.9,70.0,0.0033035804591888336
143,156,56.0,37.49693322444442,20.0,0.0050297528741445
143,157,56.3,38.3211764502808,20.0,0.0050297528741445
143,177,49.1,16.7,90.0,0.0016666666666666668
143,179,83.45,112.9151883884738,40.0,0.005833333333333334
143,180,67.44851908988937,68.95148091011063,65.0,0.003065473180270389
143,181,67.52857294116612,69.17142705883388,65.0,0.003065473180270389
143,185,51.160312099276915,24.200000000000003,70.0,0.0033035804591888336
143,186,51.26950316955677,24.5,70.0,0.0033035804591888336
143,187,50.72354781815747,23.0,70.0,0.0033035804591888336
143,188,50.83273888843733,23.299999999999997,70.0,0.0033035804591888336
143,189,50.941929958717196,23.599999999999998,70.0,0.0033035804591888336
143,190,75.10189474181496,89.97895769638004,50.0,0.0038393007653147234
143,199,67.475,69.0242366126862,40.0,0.005833333333333334
143,200,67.625,69.43635822560438,40.0,0.005833333333333334
143,201,49.1,11.3,90.0,0.0016666666666666668
143,202,49.1,10.7,90.0,0.0016666666666666668
143,203,49.1,9.8,90.0,0.0016666666666666668
143,204,49.1,10.1,90.0,0.0016666666666666668
143,205,49.1,10.4,90.0,0.0016666666666666668
143,210,63.89030808094774,59.17537650938867,29.999999999999993,0.002410713282312352
143,211,58.88377915547298,45.42005133680035,29.999999999999996,0.002410713282312352
143,212,59.085873608773056,45.97530128383934,30.000000000000004,0.0026488205612307967
143,213,59.28796806207315,46.53055123087836,30.000000000000004,0.0026488205612307967
143,214,59.490062515373225,47.08580117791735,29.999999999999996,0.002410713282312352
143,215,59.6921569686733,47.641051124956334,29.999999999999996,0.002410713282312352
143,216,54.168649532445144,32.46533916772978,40.0,0.005833333333333334
143,217,54.31864953244515,32.877460780647986,40.0,0.005833333333333334
143,218,54.46864953244514,33.28958239356618,40.0,0.005833333333333334
143,219,54.61864953244515,33.70170400648436,40.0,0.005833333333333334
143,220,49.1,6.199999999999999,90.0,0.0016666666666666668
143,221,49.1,6.5,90.0,0.0016666666666666668
143,222,64.94661275447535,62.07754974797018,29.999999999999996,0.002410713282312352
143,223,65.14870720777543,62.63279969500916,29.999999999999996,0.002410713282312352
143,224,65.35080166107552,63.18804964204818,29.999999999999996,0.002410713282312352
143,226,58.81864953244515,45.24110916819379,40.00000000000001,0.005833333333333334
143,227,58.96864953244515,45.65323078111198,40.00000000000001,0.005833333333333334
143,228,59.11864953244515,46.065352394030164,40.00000000000001,0.005833333333333334
143,229,49.1,6.800000000000001,90.0,0.0016666666666666668
143,241,90.2,133.323462819564,29.999999999999993,0.002410713282312352
143,242,90.2,132.80384757729337,29.999999999999993,0.002410713282312352
143,243,90.19508084784141,132.27571211355385,27.679739165256407,0.002857146870750593
143,244,90.13779285767541,131.6568711616522,21.74231958208654,0.005714293741501186
143,246,84.4511747321082,115.66589335786963,25.0,0.0040178461054358695
143,247,84.27949869403177,115.1942173197932,25.0,0.0040178461054358695
143,249,51.05112102899706,23.900000000000002,70.0,0.0033035804591888336
143,250,49.1,11.0,90.0,0.0016666666666666668
143,251,49.41502978513142,19.4,71.35095520141915,0.002708326309519796
143,252,49.52244604507901,19.700000000000003,70.0,0.0033035804591888336
143,253,49.63163711535887,20.0,70.0,0.0033035804591888336
143,254,49.740828185638726,20.299999999999997,70.0,0.0033035804591888336
144,146,73.43234253053862,84.56765746946137,65.0,0.003065473180270389
144,151,89.45880455666844,128.6,70.0,0.0033035804591888336
144,152,89.34961348638858,128.3,70.0,0.0033035804591888336
144,153,89.24042241610871,128.0,70.0,0.0033035804591888336
144,154,89.13123134582887,127.7,70.0,0.0033035804591888336
144,155,89.5679956269483,128.9,70.0,0.0033035804591888336
144,156,56.0,36.672689998608035,20.0,0.0050297528741445
144,157,56.3,37.49693322444442,20.0,0.0050297528741445
144,177,49.4,16.7,90.0,0.0016666666666666668
144,179,83.6,112.5030667755556,40.0,0.005833333333333334
144,180,67.66846523861261,68.7315347613874,65.0,0.003065473180270389
144,181,67.74851908988936,68.95148091011063,65.0,0.003065473180270389
144,185,51.46031209927691,24.200000000000003,70.0,0.0033035804591888336
144,186,51.569503169556775,24.5,70.0,0.0033035804591888336
144,187,51.02354781815747,23.0,70.0,0.0033035804591888336
144,188,51.13273888843733,23.299999999999997,70.0,0.0033035804591888336
144,189,51.24192995871719,23.599999999999998,70.0,0.0033035804591888336
144,190,75.28589698135082,89.66025646879748,50.0,0.0038393007653147234
144,199,67.62499999999999,68.61211499976801,40.0,0.005833333333333334
144,200,67.77499999999999,69.0242366126862,40.0,0.005833333333333334
144,201,49.4,11.3,90.0,0.0016666666666666668
144,202,49.4,10.7,90.0,0.0016666666666666668
144,203,49.4,9.8,90.0,0.0016666666666666668
144,204,49.4,10.1,90.0,0.0016666666666666668
144,205,49.4,10.4,90.0,0.0016666666666666668
144,210,63.98821362764766,58.62012656234968,29.999999999999993,0.002410713282312352
144,211,58.9816847021729,44.86480138976137,29.999999999999996,0.002410713282312352
144,212,59.183779155472976,45.420051336800356,30.000000000000004,0.0026488205612307967
144,213,59.38587360877307,45.97530128383937,30.000000000000004,0.0026488205612307967
144,214,59.587968062073145,46.53055123087836,29.999999999999996,0.002410713282312352
144,215,59.79006251537322,47.08580117791735,29.999999999999996,0.002410713282312352
144,216,54.31864953244514,32.05321755481159,40.0,0.005833333333333334
144,217,54.46864953244514,32.465339167729795,40.0,0.005833333333333334
144,218,54.61864953244515,32.877460780647986,40.0,0.005833333333333334
144,219,54.76864953244514,33.28958239356618,40.0,0.005833333333333334
144,220,49.4,6.199999999999999,90.0,0.0016666666666666668
144,221,49.4,6.5,90.0,0.0016666666666666668
144,222,65.04451830117527,61.52229980093119,29.999999999999996,0.002410713282312352
144,223,65.24661275447535,62.07754974797018,29.999999999999996,0.002410713282312352
144,224,65.44870720777544,62.63279969500919,29.999999999999996,0.002410713282312352
144,226,58.96864953244515,44.828987555275596,40.00000000000001,0.005833333333333334
144,227,59.11864953244515,45.24110916819379,40.00000000000001,0.005833333333333334
144,228,59.268649532445146,45.65323078111198,40.00000000000001,0.005833333333333334
144,229,49.4,6.800000000000001,90.0,0.0016666666666666668
144,241,90.5,133.8430780618347,29.999999999999993,0.002410713282312352
144,242,90.5,133.323462819564,29.999999999999993,0.002410713282312352
144,243,90.5,132.80384757729337,29.999999999999993,0.002410713282312352
144,244,90.49508084784141,132.27571211355385,27.679739165256407,0.002857146870750593
144,246,84.92285077018464,116.13756939594606,25.0,0.0040178461054358695
144,247,84.75117473210821,115.66589335786963,25.0,0.0040178461054358695
144,249,51.351121028997056,23.900000000000002,70.0,0.0033035804591888336
144,250,49.4,11.0,90.0,0.0016666666666666668
144,251,49.71502978513142,19.4,71.35095520141915,0.002708326309519796
144,252,49.822446045079005,19.700000000000003,70.0,0.0033035804591888336
144,253,49.93163711535887,20.0,70.0,0.0033035804591888336
144,254,50.04082818563872,20.299999999999997,70.0,0.0033035804591888336
145,146,81.92203771657444,76.07796228342556,55.0,0.0021726340986480564
145,151,90.8,128.6,90.0,0.0016666666666666668
145,152,90.8,128.3,90.0,0.0016666666666666668
145,153,90.8,128.0,90.0,0.0016666666666666668
145,154,90.8,127.7,90.0,0.0016666666666666668
145,155,90.8,128.90750469336854,87.13401601740117,0.0018749929761864628
145,167,70.9231199643915,13.700000000000001,80.00000000000001,0.0018749929761864628
145,168,70.97601805860404,14.0,80.00000000000001,0.0018749929761864628
145,169,71.02891615281658,14.299999999999999,80.00000000000001,0.0018749929761864628
145,170,71.08181424702911,14.599999999999998,80.00000000000001,0.0018749929761864628
145,171,71.13471234124165,14.900000000000002,80.00000000000001,0.0018749929761864628
145,172,71.18761043545419,15.200000000000001,80.00000000000001,0.0018749929761864628
145,173,71.24050852966673,15.5,80.00000000000001,0.0018749929761864628
145,174,71.29340662387926,15.799999999999999,80.00000000000001,0.0018749929761864628
145,175,71.34630471809182,16.100000000000005,80.00000000000001,0.0018749929761864628
145,176,71.39920281230435,16.399999999999995,80.00000000000001,0.0018749929761864628
145,177,71.45210090651689,16.700000000000003,80.00000000000001,0.0018749929761864628
145,179,86.7963032480187,103.72129577589473,29.999999999999993,0.002410713282312352
145,180,78.68427912923929,57.7157208707607,55.0,0.0021726340986480564
145,181,78.72924799850784,57.97075200149217,55.0,0.0021726340986480564
145,183,69.5,5.629085618811509,9.999999999999998,0.0073512075340233535
145,183,72.293403877272,21.47126624283382,47.69455417118001,0.005476186462582741
145,184,69.2,3.927701072926216,9.999999999999998,0.0073512075340233535
145,184,72.38654160886409,21.99947656673251,52.03645187980114,0.002202386972792556
145,185,72.77455326183038,24.200000000000003,80.00000000000001,0.0018749929761864628
145,186,72.82745135604291,24.5,80.00000000000001,0.0018749929761864628
145,187,72.56296088498021,23.0,80.00000000000001,0.0018749929761864628
145,188,72.61585897919275,23.299999999999997,80.00000000000001,0.0018749929761864628
145,189,72.6687570734053,23.600000000000005,80.00000000000001,0.0018749929761864628
145,190,82.20409464565512,77.67758661741809,39.99999999999999,0.005178573435375297
145,194,73.46222848659339,28.100000000000005,80.00000000000001,0.0018749929761864628
145,195,73.51512658080593,28.399999999999995,80.00000000000001,0.0018749929761864628
145,196,73.56802467501848,28.700000000000003,80.00000000000001,0.0018749929761864628
145,197,68.9,2.226316527040913,9.999999999999998,0.0073512075340233535
145,197,73.37456733139923,27.602848884260695,65.27151613005964,0.003065473180270389
145,199,76.36936252447713,44.58717641624186,29.999999999999996,0.002410713282312352
145,200,76.46726807117705,45.142426363280855,29.999999999999996,0.002410713282312352
145,201,70.49993521069118,11.299999999999999,80.00000000000001,0.0018749929761864628
145,202,70.3941390222661,10.700000000000001,80.00000000000001,0.0018749929761864628
145,203,70.23544473962848,9.799999999999999,80.00000000000001,0.0018749929761864628
145,204,70.28834283384103,10.099999999999998,80.00000000000001,0.0018749929761864628
145,205,70.34124092805357,10.400000000000002,80.00000000000001,0.0018749929761864628
145,206,80.67891361549573,69.02785516944934,19.999999999999996,0.006815487227897463
145,208,70.14678637881092,9.29719345013821,85.0605727464515,0.0018749929761864628
145,209,70.0819152896362,8.929291221482885,82.72334219583442,0.0018749929761864628
145,222,72.2,20.94154653177931,19.999999999999996,0.006815487227897463
145,223,72.35,21.79223880472196,19.999999999999996,0.006815487227897463
145,224,72.5,22.64293107766465,19.999999999999996,0.006815487227897463
145,226,70.71933102479665,12.54425549183652,29.999999999999996,0.002410713282312352
145,227,70.81723657149655,13.09950543887551,29.999999999999996,0.002410713282312352
145,228,70.91514211819648,13.654755385914498,29.999999999999996,0.002410713282312352
145,229,69.66491723389576,6.56437772914623,83.88976926304777,0.0017857062584988146
145,241,90.8,134.36269330410533,29.999999999999993,0.002410713282312352
145,242,90.8,133.8430780618347,29.999999999999993,0.002410713282312352
145,243,90.8,133.323462819564,29.999999999999993,0.002410713282312352
145,244,90.8,132.80384757729337,29.999999999999993,0.002410713282312352
145,246,89.8553621208689,121.07008074663032,35.00000000000001,0.005714293741501186
145,247,89.79113991985759,120.70585854561901,35.00000000000001,0.005714293741501186
145,249,72.72165516761783,23.899999999999995,80.00000000000001,0.0018749929761864628
145,250,70.44703711647864,11.0,80.00000000000001,0.0018749929761864628
145,251,71.92818375442974,19.399999999999995,80.00000000000001,0.0018749929761864628
145,252,71.98108184864229,19.700000000000003,80.00000000000001,0.0018749929761864628
145,253,72.03397994285483,20.0,80.00000000000001,0.0018749929761864628
145,254,72.08687803706736,20.299999999999997,80.00000000000001,0.0018749929761864628
146,151,35.00000000000001,128.6,89.99999999999999,0.0017559533843543149
146,152,35.00000000000001,128.3,89.99999999999999,0.0017559533843543149
146,153,35.00000000000001,128.0,89.99999999999999,0.0017559533843543149
146,154,35.00000000000001,127.7,89.99999999999999,0.0017559533843543149
146,156,43.7,114.3,45.0,0.005714293741501186
146,157,44.0,114.0,45.0,0.005714293741501186
146,158,42.79999246715762,115.20000753284238,45.090790726207885,0.005714293741501186
146,159,43.09239916634765,114.90760083365235,47.88428702892211,0.005476186462582741
146,164,35.0,143.9,89.99999999999999,0.0017559533843543149
146,178,120.94180071848727,37.05819928151273,55.0,0.0021726340986480564
146,179,105.40461180863059,52.5953881913694,25.000000000000007,0.0040178461054358695
146,190,84.77451905283831,73.22548094716169,15.000000000000005,0.015327393996606094
146,199,55.17111375349039,102.82888624650961,25.000000000000004,0.0040178461054358695
146,200,55.64278979156683,102.35721020843317,25.000000000000004,0.0040178461054358695
146,206,83.71444691966391,74.28555308033607,75.0,0.0019047739455851117
146,207,69.47331185352013,88.52668814647987,65.0,0.003065473180270389
146,210,56.41177932617384,101.58822067382616,35.00000000000001,0.005714293741501186
146,211,47.38882518326304,110.61117481673696,35.00000000000001,0.005714293741501186
146,212,47.75304738427435,110.24695261572565,35.00000000000001,0.005714293741501186
146,213,48.11726958528569,109.8827304147143,35.00000000000001,0.005714293741501186
146,214,48.481491786297,109.518508213703,35.00000000000001,0.005714293741501186
146,215,48.845713987308315,109.1542860126917,35.00000000000001,0.005714293741501186
146,222,58.31549121360257,99.68450878639743,35.00000000000001,0.005714293741501186
146,223,58.67971341461387,99.32028658538613,35.00000000000001,0.005714293741501186
146,224,59.043935615625216,98.95606438437478,35.00000000000001,0.005714293741501186
146,225,84.02012452292583,73.97987547707419,54.99999999999999,0.002261892721081555
146,241,66.21674806411443,91.78325193588557,75.0,0.0019047739455851117
146,242,66.4069404429791,91.5930595570209,75.0,0.0019047739455851117
146,243,66.59713282184377,91.40286717815623,75.0,0.0019047739455851117
146,244,66.78732520070844,91.21267479929156,75.0,0.0019047739455851117
146,246,63.3926406871193,94.6073593128807,90.0,0.0016666666666666668
146,247,63.54264068711929,94.45735931288073,90.0,0.0016666666666666668
146,248,38.17235875176339,119.82764124823662,54.99999999999999,0.002261892721081555
147,151,34.7,128.6,90.0,0.0016666666666666668
147,152,34.7,128.3,90.0,0.0016666666666666668
147,153,34.7,128.0,90.0,0.0016666666666666668
147,154,34.7,127.7,90.0,0.0016666666666666668
147,158,36.83587258530324,97.76524782859876,29.999999999999996,0.002410713282312352
147,159,36.93377813200316,97.20999788155976,29.999999999999996,0.002410713282312352
147,164,34.7,143.9,90.0,0.0016666666666666668
147,177,47.0,16.7,90.0,0.0016666666666666668
147,180,36.45077923072478,99.94922076927523,35.00000000000001,0.005714293741501186
147,181,36.386557029713465,100.31344297028653,35.00000000000001,0.005714293741501186
147,185,47.0,24.2,90.0,0.0016666666666666668
147,186,47.0,24.5,90.0,0.0016666666666666668
147,187,47.0,23.0,90.0,0.0016666666666666668
147,188,47.0,23.3,90.0,0.0016666666666666668
147,189,47.0,23.6,90.0,0.0016666666666666668
147,201,47.0,11.3,90.0,0.0016666666666666668
147,202,47.0,10.7,90.0,0.0016666666666666668
147,203,47.0,9.609475019311127,75.52248781407008,0.0019047739455851117
147,204,47.0,9.978775382679625,78.46304096718448,0.0019047739455851117
147,205,47.0,10.332115979985556,81.37307344132138,0.00199406066327276
147,216,42.88227410968938,63.47440078923886,10.000000000000002,0.005952372925165482
147,217,42.60036632345359,65.07317929212654,10.000000000000002,0.005952372925165482
147,218,42.31845853721782,66.67195779501412,10.000000000000002,0.005952372925165482
147,219,42.03655075098206,68.27073629790172,10.000000000000002,0.005952372925165482
147,220,47.0,6.2,90.0,0.0016666666666666668
147,221,47.0,6.5,90.0,0.0016666666666666668
147,226,34.7,111.50655414632661,20.0,0.0050297528741445
147,227,34.7,112.33079737216299,20.0,0.0050297528741445
147,228,34.7,113.15504059799937,20.0,0.0050297528741445
147,229,47.0,6.8,90.0,0.0016666666666666668
147,241,44.51770559980619,54.199407912109095,39.99999999999999,0.005178573435375297
147,242,44.5878922668705,53.80135954320774,39.99999999999999,0.005178573435375297
147,243,44.658078933934796,53.403311174306374,39.99999999999999,0.005178573435375297
147,244,44.7282656009991,53.00526280540502,39.99999999999999,0.005178573435375297
147,246,41.289987614615086,72.5047062403765,55.0,0.0021726340986480564
147,247,41.33495648388363,72.24967510964505,55.0,0.0021726340986480564
147,248,35.559018059089794,105.00664968940967,20.0,0.0050297528741445
147,249,47.0,23.9,90.0,0.0016666666666666668
147,250,47.0,11.0,90.0,0.0016666666666666668
147,251,47.0,19.36992462263972,84.2608295227332,0.0018452401020419631
147,252,47.0,19.692495306631454,87.13401601740117,0.0018749929761864628
147,253,47.0,20.0,90.0,0.0016666666666666668
147,254,47.0,20.3,90.0,0.0016666666666666668
148,151,27.27417900066682,131.83673550251487,47.42222175208234,0.005476186462582741
148,152,27.088534349895152,131.32668101647718,49.70623320770396,0.004404773945585112
148,153,26.90702693224334,130.8279934850153,51.91548435158185,0.002321426564624704
148,154,26.729283218217414,130.33964664427907,54.059870657184916,0.002261892721081555
148,160,13.399999999999999,93.71774198471128,20.0,0.0050297528741445
148,161,13.700000000000003,94.54198521054768,20.0,0.0050297528741445
148,162,17.643685140419272,105.37717108328836,29.999999999999996,0.002410713282312352
148,163,18.902084267246963,108.83459426890886,29.999999999999996,0.002410713282312352
148,164,31.664848205831646,143.9,70.00000000000001,0.0033035804591888336
148,165,12.839250668244592,92.17709585773903,29.999999999999996,0.002410713282312352
148,166,13.041345121544673,92.73234580477803,29.999999999999996,0.002410713282312352
148,180,21.213858427344498,115.18614157265552,65.0,0.003065473180270389
148,181,21.29391227862125,115.40608772137875,65.0,0.003065473180270389
148,216,22.637299064890303,119.09701258224666,40.0,0.005833333333333334
148,217,22.787299064890306,119.50913419516488,40.0,0.005833333333333334
148,218,22.937299064890304,119.92125580808306,40.0,0.005833333333333334
148,219,23.087299064890303,120.33337742100127,40.0,0.005833333333333334
148,226,27.287299064890295,131.87278258271067,40.0,0.005833333333333334
148,227,27.437299064890297,132.28490419562888,40.0,0.005833333333333334
148,228,27.587299064890296,132.69702580854707,40.0,0.005833333333333334
148,232,14.0,95.36622843638406,20.0,0.0050297528741445
148,233,8.572750765284507,80.45498371425086,24.999999999999996,0.004821426564624704
148,234,8.814613470425252,81.11949603523328,24.999999999999996,0.004821426564624704
148,235,9.056476175565992,81.78400835621567,24.999999999999996,0.004821426564624704
148,236,9.298338880706732,82.44852067719808,24.999999999999996,0.004821426564624704
148,237,9.540201585847473,83.11303299818044,24.999999999999996,0.004821426564624704
148,238,9.78206429098821,83.77754531916284,25.0,0.0040178461054358695
148,239,10.023926996128951,84.44205764014526,25.0,0.0040178461054358695
148,240,10.265789701269691,85.10656996112763,24.999999999999996,0.004821426564624704
148,255,24.5,124.2147413406576,20.0,0.0050297528741445
149,151,27.455861487803368,131.5116608075965,50.97895500009118,0.0038393007653147234
149,152,27.276548858878417,131.01900340860217,53.14999758845556,0.002321426564624704
149,153,27.10081750967884,130.53618549478605,55.261031871988465,0.0021726340986480564
149,154,26.928392363094538,130.06245129799953,57.31942946879692,0.0021726340986480564
149,160,13.399999999999999,92.8934987588749,20.0,0.0050297528741445
149,161,13.700000000000003,93.7177419847113,20.0,0.0050297528741445
149,162,17.741590687119192,104.82192113624936,29.999999999999996,0.002410713282312352
149,163,18.999989813946883,108.27934432186987,29.999999999999996,0.002410713282312352
149,164,31.964848205831643,143.9,70.00000000000001,0.0033035804591888336
149,165,12.937156214944512,91.62184591070005,29.999999999999996,0.002410713282312352
149,166,13.139250668244593,92.17709585773903,29.999999999999996,0.002410713282312352
149,180,21.43380457606775,114.96619542393225,65.0,0.003065473180270389
149,181,21.513858427344495,115.18614157265552,65.0,0.003065473180270389
149,216,22.7872990648903,118.68489096932848,40.0,0.005833333333333334
149,217,22.937299064890304,119.09701258224669,40.0,0.005833333333333334
149,218,23.087299064890303,119.50913419516488,40.0,0.005833333333333334
149,219,23.2372990648903,119.92125580808306,40.0,0.005833333333333334
149,226,27.437299064890293,131.4606609697925,40.0,0.005833333333333334
149,227,27.587299064890292,131.87278258271067,40.0,0.005833333333333334
149,228,27.737299064890294,132.28490419562888,40.0,0.005833333333333334
149,232,14.0,94.54198521054768,20.0,0.0050297528741445
149,233,8.630888060143766,79.79047139326848,24.999999999999996,0.004821426564624704
149,234,8.872750765284511,80.45498371425089,24.999999999999996,0.004821426564624704
149,235,9.114613470425251,81.11949603523327,24.999999999999996,0.004821426564624704
149,236,9.35647617556599,81.78400835621568,24.999999999999996,0.004821426564624704
149,237,9.598338880706734,82.44852067719808,24.999999999999996,0.004821426564624704
149,238,9.840201585847469,83.11303299818046,25.0,0.0040178461054358695
149,239,10.08206429098821,83.77754531916287,25.0,0.0040178461054358695
149,240,10.32392699612895,84.44205764014526,24.999999999999996,0.004821426564624704
149,255,24.5,123.39049811482121,20.0,0.0050297528741445
150,151,32.55067936097151,128.60020271387725,85.47098271403388,0.0018749929761864628
150,152,32.52441502674753,128.3,85.0,0.0018749929761864628
150,153,32.498168427689755,128.0,85.0,0.0018749929761864628
150,154,32.47192182863198,127.7,85.0,0.0018749929761864628
150,158,29.9,78.70909451626375,20.0,0.0050297528741445
150,159,29.9,77.88485129042735,20.0,0.0050297528741445
150,163,29.9,46.462314720059,10.0,0.005952372925165482
150,164,33.88923817775195,143.9,85.0,0.0018749929761864628
150,177,29.9,16.700000000000003,90.0,0.0016666666666666668
150,180,30.559466333706098,105.8405336662939,50.0,0.0038393007653147234
150,181,30.58360138902951,106.11639861097049,50.0,0.0038393007653147234
150,185,29.900000000000002,24.200000000000003,90.0,0.0016666666666666668
150,186,29.900000000000002,24.5,90.0,0.0016666666666666668
150,201,29.9,11.299999999999999,90.0,0.0016666666666666668
150,216,29.959256217064492,98.9801006404338,25.0,0.0040178461054358695
150,217,30.01739351192375,99.64461296141623,25.0,0.0040178461054358695
150,218,30.075530806783014,100.30912528239861,25.0,0.0040178461054358695
150,219,30.13366810164227,100.97363760338101,25.0,0.0040178461054358695
150,226,31.76151235770154,119.57998259088808,25.0,0.0040178461054358695
150,227,31.8196496525608,120.24449491187048,25.0,0.0040178461054358695
150,228,31.877786947420056,120.90900723285286,25.0,0.0040178461054358695
150,229,29.9,6.799999999999999,90.0,0.0016666666666666668
150,241,29.900000000000002,28.8807991231607,29.999999999999993,0.002410713282312352
150,242,29.899999999999995,28.36118388089001,29.999999999999993,0.002410713282312352
150,243,29.900000000000002,27.84156863861938,29.999999999999993,0.002410713282312352
150,244,29.899999999999995,27.321953396348697,29.999999999999993,0.002410713282312352
150,255,29.9,83.50692272942656,9.999999999999996,0.0073512075340233535
151,156,43.7,128.6,90.0,0.0016666666666666668
151,157,44.0,128.6,90.0,0.0016666666666666668
151,158,42.8,128.6,90.0,0.0016666666666666668
151,159,43.1,128.6,90.0,0.0016666666666666668
151,164,26.6,143.9,90.0,0.0016666666666666668
151,179,81.2,128.6,90.0,0.0016666666666666668
151,190,52.80402557143606,128.60000000000002,60.00000000000001,0.0018452401020419631
151,199,45.889727895074614,128.6,80.07870274740294,0.0018749929761864628
151,200,46.18972789507462,128.6,80.07870274740294,0.0018749929761864628
151,207,80.3,128.6,90.0,0.0016666666666666668
151,210,53.9,128.6,90.0,0.0016666666666666668
151,211,44.300240356204455,128.6,89.48714909820151,0.0017559533843543149
151,212,44.60024035620446,128.6,89.48714909820207,0.0017559533843543149
151,213,44.900240356204456,128.6,89.48714909820124,0.0017559533843543149
151,214,45.20024035620446,128.6,89.48714909820151,0.0017559533843543149
151,215,45.50024035620446,128.6,89.48714909820151,0.0017559533843543149
151,222,54.2,128.6,90.0,0.0016666666666666668
151,223,54.5,128.6,90.0,0.0016666666666666668
151,224,54.8,128.6,90.0,0.0016666666666666668
151,225,91.1,128.60750469336853,87.13401601740117,0.0018749929761864628
151,226,26.708951216323165,133.46178023723905,9.064530724742923,0.0073512075340233535
151,226,27.355561254518477,131.68523375810472,9.064530724743577,0.0073512075340233535
151,227,26.60001797056063,134.58531509603588,19.859769356715606,0.006815487227897463
151,227,27.994307833216695,130.75453518221386,19.85976935671613,0.006815487227897463
151,228,26.6,135.40960769558183,20.0,0.0050297528741445
151,228,28.48342892234197,130.23492926029948,26.67820220054311,0.0034226200510209816
151,241,87.47290746961752,128.6,60.00000000000001,0.0018452401020419631
151,241,96.8,144.7549981495186,29.999999999999993,0.002410713282312352
151,242,87.77290746961752,128.6,60.00000000000001,0.0018452401020419631
151,242,96.8,144.23538290724795,29.999999999999993,0.002410713282312352
151,243,88.07290746961752,128.6,60.00000000000001,0.0018452401020419631
151,243,96.8,143.71576766497728,29.999999999999993,0.002410713282312352
151,244,88.37290746961752,128.6,60.00000000000001,0.0018452401020419631
151,244,96.8,143.19615242270663,29.999999999999993,0.002410713282312352
151,245,30.486942020484726,128.98439798639478,79.37951291915985,0.0019047739455851117
151,248,39.71916228415331,128.6,80.0,0.0018749929761864628
152,156,43.7,128.3,90.0,0.0016666666666666668
152,157,44.0,128.3,90.0,0.0016666666666666668
152,158,42.8,128.3,90.0,0.0016666666666666668
152,159,43.1,128.3,90.0,0.0016666666666666668
152,164,26.3,143.9,90.0,0.0016666666666666668
152,179,81.2,128.3,90.0,0.0016666666666666668
152,190,52.977230652192944,128.3,60.00000000000001,0.0018452401020419631
152,199,45.950123640957045,128.3,77.15611944575771,0.0017857062584988146
152,200,46.25012364095705,128.3,77.15611944575771,0.0017857062584988146
152,207,80.3,128.3,90.0,0.0016666666666666668
152,210,53.9,128.3,90.0,0.0016666666666666668
152,211,44.31043467010402,128.3,86.62040758059786,0.0018749929761864628
152,212,44.61043467010403,128.3,86.62040758059838,0.0018749929761864628
152,213,44.910434670104024,128.3,86.62040758059759,0.0018749929761864628
152,214,45.21043467010403,128.3,86.62040758059786,0.0018749929761864628
152,215,45.510434670104026,128.3,86.62040758059786,0.0018749929761864628
152,222,54.2,128.3,90.0,0.0016666666666666668
152,223,54.5,128.3,90.0,0.0016666666666666668
152,224,54.8,128.3,90.0,0.0016666666666666668
152,225,91.1,128.3,90.0,0.0016666666666666668
152,226,26.299999999999997,134.58536446974546,20.0,0.0050297528741445
152,226,27.881137412681248,130.2412251313488,22.567823255792124,0.0050297528741445
152,227,26.299999999999997,135.40960769558183,20.0,0.0050297528741445
152,227,28.34660195967861,129.78661502475325,28.783990473394475,0.002291673690480204
152,228,26.300000000000004,136.2338509214182,20.0,0.0050297528741445
152,228,28.76964984112753,129.44854374896062,33.95703925648564,0.0036309463605407777
152,241,87.29970238886065,128.3,60.00000000000001,0.0018452401020419631
152,241,97.1,145.27461339178927,29.999999999999993,0.002410713282312352
152,242,87.59970238886063,128.3,60.00000000000001,0.0018452401020419631
152,242,97.1,144.7549981495186,29.999999999999993,0.002410713282312352
152,243,87.89970238886065,128.3,60.00000000000001,0.0018452401020419631
152,243,97.1,144.23538290724795,29.999999999999993,0.002410713282312352
152,244,88.19970238886063,128.3,60.00000000000001,0.0018452401020419631
152,244,97.1,143.71576766497728,29.999999999999993,0.002410713282312352
152,245,30.419565063956234,128.6022842777736,81.73539843967053,0.00199406066327276
152,248,39.666264189940776,128.3,80.0,0.0018749929761864628
153,156,43.7,128.0,90.0,0.0016666666666666668
153,157,44.0,128.0,90.0,0.0016666666666666668
153,158,42.8,128.0,90.0,0.0016666666666666668
153,159,43.1,128.0,90.0,0.0016666666666666668
153,164,26.0,143.9,90.0,0.0016666666666666668
153,179,81.2,128.0,90.0,0.0016666666666666668
153,190,53.15043573294983,128.0,60.00000000000001,0.0018452401020419631
153,199,46.026717530042376,128.0,74.19910600752912,0.0017857062584988146
153,200,46.32671753004237,128.0,74.19910600752915,0.0017857062584988146
153,207,80.3,128.0,90.0,0.0016666666666666668
153,210,53.9,128.0,90.0,0.0016666666666666668
153,211,44.33571715133612,128.0,83.74516167324556,0.0017857062584988146
153,212,44.63571715133612,128.0,83.7451616732461,0.0017857062584988146
153,213,44.93571715133612,128.0,83.74516167324529,0.0017857062584988146
153,214,45.235717151336125,128.0,83.74516167324556,0.0017857062584988146
153,215,45.53571715133612,128.0,83.74516167324556,0.0017857062584988146
153,222,54.2,128.0,90.0,0.0016666666666666668
153,223,54.5,128.0,90.0,0.0016666666666666668
153,224,54.8,128.0,90.0,0.0016666666666666668
153,225,91.1,128.0,90.0,0.0016666666666666668
153,226,26.0,135.40960769558183,20.0,0.0050297528741445
153,226,28.204369237139062,129.35315299240182,30.757413312911844,0.0026488205612307967
153,227,26.000000000000004,136.2338509214182,20.0,0.0050297528741445
153,227,28.616532180060204,129.0449878394264,35.67327562171836,0.005714293741501186
153,228,26.0,137.05809414725456,20.0,0.0050297528741445
153,228,29.005442314197737,128.80070925352285,40.05999197932248,0.005833333333333334
153,241,87.12649730810375,128.0,60.00000000000001,0.0018452401020419631
153,241,97.4,145.79422863405995,29.999999999999993,0.002410713282312352
153,242,87.42649730810375,128.0,60.00000000000001,0.0018452401020419631
153,242,97.4,145.2746133917893,29.999999999999993,0.002410713282312352
153,243,87.72649730810375,128.0,60.00000000000001,0.0018452401020419631
153,243,97.4,144.75499814951863,29.999999999999993,0.002410713282312352
153,244,88.02649730810374,128.0,60.00000000000001,0.0018452401020419631
153,244,97.4,144.23538290724798,29.999999999999993,0.002410713282312352
153,245,30.353957309006713,128.23020420990244,84.0772869350262,0.0018452401020419631
153,248,39.61336609572824,128.0,80.0,0.0018749929761864628
154,156,43.7,127.7,90.0,0.0016666666666666668
154,157,44.0,127.7,90.0,0.0016666666666666668
154,158,42.8,127.7,90.0,0.0016666666666666668
154,159,43.1,127.7,90.0,0.0016666666666666668
154,164,25.7,143.9,90.0,0.0016666666666666668
154,179,81.2,127.7,90.0,0.0016666666666666668
154,190,53.32364081370672,127.7,60.00000000000001,0.0018452401020419631
154,199,46.120164831638995,127.7,71.19821055155236,0.002708326309519796
154,200,46.420164831639,127.7,71.19821055155236,0.002708326309519796
154,207,80.3,127.7,90.0,0.0016666666666666668
154,210,53.9,127.7,90.0,0.0016666666666666668
154,211,44.376280986015594,127.7,80.85399683860437,0.0018749929761864628
154,212,44.67628098601559,127.7,80.85399683860493,0.0018749929761864628
154,213,44.9762809860156,127.7,80.8539968386041,0.0018749929761864628
154,214,45.2762809860156,127.7,80.85399683860437,0.0018749929761864628
154,215,45.5762809860156,127.7,80.85399683860437,0.0018749929761864628
154,222,54.2,127.7,90.0,0.0016666666666666668
154,223,54.5,127.7,90.0,0.0016666666666666668
154,224,54.8,127.7,90.0,0.0016666666666666668
154,225,91.1,127.7,90.0,0.0016666666666666668
154,226,25.700000000000003,136.2338509214182,20.0,0.0050297528741445
154,226,28.460381464189723,128.64976517947585,37.320689035204154,0.0055654731802703885
154,227,25.700000000000003,137.0580941472546,20.0,0.0050297528741445
154,227,28.84250266732615,128.42413902820005,41.55926032166285,0.005982153894564131
154,228,25.7,137.89104308365862,18.194872338767023,0.009345240102041963
154,228,29.208961298540387,128.2415454396111,45.46978104860415,0.005714293741501186
154,241,86.95329222734686,127.7,60.00000000000001,0.0018452401020419631
154,241,97.7,146.3138438763306,29.999999999999993,0.002410713282312352
154,242,87.25329222734686,127.7,60.00000000000001,0.0018452401020419631
154,242,97.7,145.79422863405995,29.999999999999993,0.002410713282312352
154,243,87.55329222734686,127.7,60.00000000000001,0.0018452401020419631
154,243,97.7,145.2746133917893,29.999999999999993,0.002410713282312352
154,244,87.85329222734686,127.7,60.00000000000001,0.0018452401020419631
154,244,97.7,144.75499814951863,29.999999999999993,0.002410713282312352
154,245,30.29009191403389,127.86800555649036,86.40928022695579,0.0018749929761864628
154,248,39.5604680015157,127.7,80.0,0.0018749929761864628
155,179,81.2,128.9,90.0,0.0016666666666666668
155,190,46.7,139.42629341776478,18.194872338766743,0.009345240102041963
155,190,52.63058868009378,128.90040150771165,59.33715593436844,0.0018749929761864628
155,207,80.3,128.9,90.0,0.0016666666666666668
155,210,53.9,128.9,90.0,0.0016666666666666668
155,222,54.2,128.9,90.0,0.0016666666666666668
155,223,54.5,128.9,90.0,0.0016666666666666668
155,224,54.8,128.9,90.0,0.0016666666666666668
155,225,91.1,128.93007537736028,84.26082952273327,0.0018452401020419631
155,241,87.64611255037441,128.9,60.00000000000001,0.0018452401020419631
155,241,96.5,144.23538290724795,29.999999999999993,0.002410713282312352
155,242,87.94611255037441,128.9,60.00000000000001,0.0018452401020419631
155,242,96.5,143.71576766497728,29.999999999999993,0.002410713282312352
155,243,88.2461125503744,128.9,60.00000000000001,0.0018452401020419631
155,243,96.5,143.19615242270663,29.999999999999993,0.002410713282312352
155,244,88.5461125503744,128.9,60.00000000000001,0.0018452401020419631
155,244,96.5,142.676537180436,29.999999999999993,0.002410713282312352
156,177,56.0,16.7,90.0,0.0016666666666666668
156,180,47.377445261064295,89.02255473893572,35.00000000000001,0.005714293741501186
156,181,47.31322306005298,89.38677693994703,35.00000000000001,0.005714293741501186
156,185,56.0,24.2,90.0,0.0016666666666666668
156,186,56.0,24.5,90.0,0.0016666666666666668
156,187,56.0,23.0,90.0,0.0016666666666666668
156,188,56.0,23.3,90.0,0.0016666666666666668
156,189,56.0,23.6,90.0,0.0016666666666666668
156,201,56.0,11.3,90.0,0.0016666666666666668
156,202,56.0,10.7,90.0,0.0016666666666666668
156,203,56.0,9.8,90.0,0.0016666666666666668
156,204,56.0,10.1,90.0,0.0016666666666666668
156,205,56.0,10.4,90.0,0.0016666666666666668
156,207,54.64737178829612,47.79275259508931,29.999999999999996,0.002410713282312352
156,208,56.0,9.378775382679628,78.4630409671845,0.0019047739455851117
156,209,56.0,9.009475019311125,75.52248781407008,0.0019047739455851117
156,216,56.0,27.433745111015142,20.0,0.0050297528741445
156,217,56.0,28.257988336851557,20.0,0.0050297528741445
156,218,56.0,29.082231562687937,20.0,0.0050297528741445
156,219,56.0,29.906474788524317,20.0,0.0050297528741445
156,220,56.0,6.2,90.0,0.0016666666666666668
156,221,56.0,6.5,90.0,0.0016666666666666668
156,226,51.6003663234536,65.07317929212653,10.000000000000005,0.005952372925165482
156,227,51.31845853721783,66.67195779501412,10.000000000000005,0.005952372925165482
156,228,51.03655075098206,68.27073629790172,10.000000000000005,0.005952372925165482
156,229,56.0,6.8,90.0,0.0016666666666666668
156,241,51.412105587876994,66.14085897914998,39.99999999999999,0.005178573435375297
156,242,51.4822922549413,65.74281061024863,39.99999999999999,0.005178573435375297
156,243,51.55247892200559,65.34476224134727,39.99999999999999,0.005178573435375297
156,244,51.62266558906991,64.94671387244591,39.99999999999999,0.005178573435375297
156,246,48.94092153655878,80.1556401623202,55.0,0.0021726340986480564
156,247,48.98589040582733,79.90060903158874,55.0,0.0021726340986480564
156,249,56.0,23.9,90.0,0.0016666666666666668
156,250,56.0,11.0,90.0,0.0016666666666666668
156,251,56.0,19.4,90.0,0.0016666666666666668
156,252,56.0,19.7,90.0,0.0016666666666666668
156,253,56.0,20.0,90.0,0.0016666666666666668
156,254,56.0,20.3,90.0,0.0016666666666666668
157,177,56.3,16.7,90.0,0.0016666666666666668
157,180,47.7416674620756,88.6583325379244,35.00000000000001,0.005714293741501186
157,181,47.67744526106429,89.02255473893572,35.00000000000001,0.005714293741501186
157,185,56.3,24.2,90.0,0.0016666666666666668
157,186,56.3,24.5,90.0,0.0016666666666666668
157,187,56.3,23.0,90.0,0.0016666666666666668
157,188,56.3,23.3,90.0,0.0016666666666666668
157,189,56.3,23.6,90.0,0.0016666666666666668
157,201,56.3,11.3,90.0,0.0016666666666666668
157,202,56.3,10.7,90.0,0.0016666666666666668
157,203,56.3,9.8,90.0,0.0016666666666666668
157,204,56.3,10.1,90.0,0.0016666666666666668
157,205,56.3,10.4,90.0,0.0016666666666666668
157,207,54.8494662415962,48.348002542128285,29.999999999999996,0.002410713282312352
157,208,56.3,9.432115979985557,81.37307344132131,0.00199406066327276
157,209,56.3,9.078775382679627,78.4630409671845,0.0019047739455851117
157,216,56.3,26.60950188517876,20.0,0.0050297528741445
157,217,56.3,27.433745111015178,20.0,0.0050297528741445
157,218,56.3,28.257988336851557,20.0,0.0050297528741445
157,219,56.3,29.082231562687937,20.0,0.0050297528741445
157,220,56.3,6.2,90.0,0.0016666666666666668
157,221,56.3,6.5,90.0,0.0016666666666666668
157,226,52.18227410968937,63.47440078923891,10.000000000000005,0.005952372925165482
157,227,51.900366323453596,65.07317929212653,10.000000000000005,0.005952372925165482
157,228,51.618458537217826,66.67195779501412,10.000000000000005,0.005952372925165482
157,229,56.3,6.8,90.0,0.0016666666666666668
157,241,51.64191892081267,66.53890734805134,39.99999999999999,0.005178573435375297
157,242,51.71210558787699,66.14085897914998,39.99999999999999,0.005178573435375297
157,243,51.7822922549413,65.74281061024863,39.99999999999999,0.005178573435375297
157,244,51.85247892200559,65.34476224134727,39.99999999999999,0.005178573435375297
157,246,49.19595266729024,80.41067129305165,55.0,0.0021726340986480564
157,247,49.24092153655878,80.1556401623202,55.0,0.0021726340986480564
157,249,56.3,23.9,90.0,0.0016666666666666668
157,250,56.3,11.0,90.0,0.0016666666666666668
157,251,56.3,19.4,90.0,0.0016666666666666668
157,252,56.3,19.7,90.0,0.0016666666666666668
157,253,56.3,20.0,90.0,0.0016666666666666668
157,254,56.3,20.3,90.0,0.0016666666666666668
158,162,24.811252613948536,64.72787597977862,29.999999999999996,0.002410713282312352
158,163,26.06965174077623,68.1852991653991,29.999999999999996,0.002410713282312352
158,165,20.006818141773856,51.527800754229276,29.999999999999996,0.002410713282312352
158,166,20.208912595073933,52.08305070126828,29.999999999999996,0.002410713282312352
158,177,14.299999999999997,16.7,90.0,0.0016666666666666668
158,180,37.31589671480414,99.08410328519585,65.0,0.003065473180270389
158,181,37.3959505660809,99.3040494339191,65.0,0.003065473180270389
158,185,14.299999999999997,24.2,90.0,0.0016666666666666668
158,186,14.299999999999997,24.5,90.0,0.0016666666666666668
158,216,33.61864953244515,88.92600013752227,40.0,0.005833333333333334
158,217,33.76864953244515,89.33812175044048,40.0,0.005833333333333334
158,218,33.918649532445144,89.75024336335866,40.0,0.005833333333333334
158,219,34.06864953244515,90.16236497627685,40.0,0.005833333333333334
158,226,38.26864953244515,101.70177013798627,40.00000000000001,0.005833333333333334
158,227,38.41864953244515,102.11389175090446,40.00000000000001,0.005833333333333334
158,228,38.56864953244515,102.52601336382266,40.00000000000001,0.005833333333333334
158,245,20.0,51.50906806366298,20.0,0.0050297528741445
158,248,31.882461980676617,84.15586404310005,9.999999999999996,0.0073512075340233535
158,248,42.8,146.07229892707383,10.000000000000002,0.005952372925165482
158,255,30.469897306350752,80.27487449687044,29.999999999999993,0.002410713282312352
159,162,24.90915816064846,64.1726260327396,29.999999999999996,0.002410713282312352
159,163,26.16755728747615,67.63004921836011,29.999999999999996,0.002410713282312352
159,165,20.104723688473776,50.972550807190274,29.999999999999996,0.002410713282312352
159,166,20.306818141773856,51.527800754229276,29.999999999999996,0.002410713282312352
159,177,14.599999999999998,16.7,90.0,0.0016666666666666668
159,180,37.53584286352739,98.86415713647261,65.0,0.003065473180270389
159,181,37.615896714804144,99.08410328519585,65.0,0.003065473180270389
159,185,14.599999999999998,24.2,90.0,0.0016666666666666668
159,186,14.599999999999998,24.5,90.0,0.0016666666666666668
159,216,33.76864953244515,88.51387852460407,40.0,0.005833333333333334
159,217,33.91864953244516,88.92600013752228,40.0,0.005833333333333334
159,218,34.06864953244515,89.33812175044046,40.0,0.005833333333333334
159,219,34.21864953244514,89.75024336335866,40.0,0.005833333333333334
159,226,38.41864953244515,101.28964852506807,40.00000000000001,0.005833333333333334
159,227,38.56864953244515,101.70177013798626,40.00000000000001,0.005833333333333334
159,228,38.718649532445156,102.11389175090444,40.00000000000001,0.005833333333333334
159,245,20.0,50.68482483782658,20.0,0.0050297528741445
159,248,31.600554194440846,82.55708554021241,9.999999999999996,0.0073512075340233535
159,248,43.1,147.77368347295916,10.000000000000002,0.005952372925165482
159,255,30.567802853050672,79.71962454983144,29.999999999999993,0.002410713282312352
160,164,15.018684623332426,144.23657441311528,75.71791763806965,0.0019047739455851117
160,165,13.399999999999999,88.99692836719183,9.999999999999998,0.0073512075340233535
160,166,13.399999999999999,90.69831291307713,9.999999999999998,0.0073512075340233535
160,177,13.400000000000002,16.700000000000003,90.0,0.0016666666666666668
160,180,13.400000000000002,123.0,45.0,0.005714293741501186
160,181,13.400000000000002,123.30000000000001,45.0,0.005714293741501186
160,185,13.400000000000002,24.200000000000003,90.0,0.0016666666666666668
160,186,13.400000000000002,24.5,90.0,0.0016666666666666668
161,164,15.310479152811276,144.14278545588974,78.64506679028644,0.0019047739455851117
161,165,13.700000000000001,87.2955438213065,10.000000000000002,0.005952372925165482
161,166,13.700000000000001,88.99692836719183,10.000000000000002,0.005952372925165482
161,177,13.700000000000001,16.700000000000003,90.0,0.0016666666666666668
161,180,13.699999999999996,122.70000000000002,45.0,0.005714293741501186
161,181,13.700000000000003,123.0,45.0,0.005714293741501186
161,185,13.700000000000001,24.200000000000003,90.0,0.0016666666666666668
161,186,13.700000000000001,24.5,90.0,0.0016666666666666668
162,164,16.4,143.93007537736028,84.2608295227332,0.0018452401020419631
162,177,29.6,16.7,90.0,0.0016666666666666668
162,180,16.399999999999995,120.0,45.0,0.005714293741501186
162,181,16.400000000000002,120.3,45.0,0.005714293741501186
162,185,29.599999999999998,24.2,90.0,0.0016666666666666668
162,186,29.599999999999998,24.5,90.0,0.0016666666666666668
162,201,29.6,11.3,90.0,0.0016666666666666668
162,229,29.6,6.8,90.0,0.0016666666666666668
162,241,29.599999999999998,28.361183880890014,29.999999999999993,0.002410713282312352
162,242,29.600000000000005,27.841568638619382,29.999999999999993,0.002410713282312352
162,243,29.599999999999998,27.3219533963487,29.999999999999993,0.002410713282312352
162,244,29.600000000000005,26.80233815407806,29.999999999999993,0.002410713282312352
162,245,21.9840180590898,80.76191991054392,19.999999999999996,0.006815487227897463
163,164,16.7,143.90750469336854,87.13401601740115,0.0018749929761864628
163,177,35.147899093483105,16.7,80.0,0.0018749929761864628
163,180,17.04749235899144,119.35250764100857,35.00000000000001,0.005714293741501186
163,181,16.98327015798013,119.71672984201987,35.00000000000001,0.005714293741501186
163,185,33.82544673816962,24.2,80.0,0.0018749929761864628
163,186,33.77254864395708,24.5,80.0,0.0018749929761864628
163,187,34.30556603811037,21.477108142998418,58.26095602894306,0.00199406066327276
163,188,34.220432933333164,21.959921972369006,60.95520076918089,0.0018452401020419631
163,189,34.137868313073405,22.42816920219181,63.58079724395286,0.0025595338435431486
163,201,36.10006478930882,11.3,80.0,0.0018749929761864628
163,202,36.30954455597925,10.111981207704186,74.42180080601304,0.0017857062584988146
163,220,37.088540565815634,5.694075299564362,76.30236967897514,0.0017857062584988146
163,221,37.01881757913431,6.089494006339615,78.68283082513868,0.0019047739455851117
163,229,36.893536202496904,6.8,80.0,0.0018749929761864628
163,241,32.274810978009455,32.994092395445406,39.99999999999999,0.005178573435375297
163,242,32.34499764507376,32.59604402654404,39.99999999999999,0.005178573435375297
163,243,32.41518431213807,32.19799565764268,39.99999999999999,0.005178573435375297
163,244,32.48537097920237,31.79994728874133,39.99999999999999,0.005178573435375297
163,245,22.918036118179593,86.05899954825452,19.999999999999996,0.006815487227897463
163,246,30.800000000000004,41.35816108240303,10.000000000000004,0.005952372925165482
163,247,31.1,39.656776536517725,10.0,0.005952372925165482
163,248,30.199999999999996,44.760930174173694,9.999999999999996,0.0073512075340233535
163,249,34.057692519522945,22.882868722527935,66.14788389634523,0.002916680714293742
163,250,36.23836248754781,10.51567477828222,76.82092211426296,0.0017857062584988146
164,216,17.0,143.9,89.99999999999999,0.0017559533843543149
164,217,17.299999999999997,143.9,89.99999999999997,0.0017559533843543149
164,218,17.599999999999998,143.9,89.99999999999996,0.0017559533843543149
164,219,17.899999999999995,143.9,89.99999999999996,0.0017559533843543149
164,226,24.799999999999997,143.9,89.99999999999996,0.0017559533843543149
164,227,25.1,143.9,89.99999999999999,0.0017559533843543149
164,228,25.4,143.9,89.99999999999999,0.0017559533843543149
164,232,15.603651424600885,144.06474416533595,81.54245682974533,0.00199406066327276
164,245,33.116965088992835,143.9,80.00000000000001,0.0018749929761864628
164,255,24.5,143.9,90.0,0.0016666666666666668
165,177,26.147899093483105,16.7,80.0,0.0018749929761864628
165,185,24.825446738169617,24.2,80.0,0.0018749929761864628
165,186,24.77254864395708,24.5,80.0,0.0018749929761864628
165,201,27.100064789308817,11.3,80.0,0.0018749929761864628
165,229,27.89353620249691,6.8,80.0,0.0018749929761864628
165,232,14.0,85.59415927542119,10.0,0.005952372925165482
165,241,25.380410989938653,21.05264132840451,39.99999999999999,0.005178573435375297
165,242,25.45059765700296,20.654592959503148,39.99999999999999,0.005178573435375297
165,243,25.52078432406727,20.256544590601806,39.99999999999999,0.005178573435375297
165,244,25.59097099113157,19.858496221700438,39.99999999999999,0.005178573435375297
165,245,20.0,51.56646835771493,10.0,0.005952372925165482
166,177,26.44789909348311,16.7,80.0,0.0018749929761864628
166,185,25.125446738169614,24.2,80.0,0.0018749929761864628
166,186,25.07254864395707,24.5,80.0,0.0018749929761864628
166,201,27.40006478930881,11.3,80.0,0.0018749929761864628
166,229,28.193536202496908,6.8,80.0,0.0018749929761864628
166,232,14.0,87.29554382130651,10.0,0.005952372925165482
166,241,25.610224322874352,21.450689697305883,39.99999999999999,0.005178573435375297
166,242,25.68041098993865,21.05264132840451,39.99999999999999,0.005178573435375297
166,243,25.750597657002956,20.654592959503148,39.99999999999999,0.005178573435375297
166,244,25.82078432406727,20.256544590601806,39.99999999999999,0.005178573435375297
166,245,20.0,53.26785290360024,10.0,0.005952372925165482
167,182,91.84718925561728,9.045502808987663,89.92838025695754,0.0017559533843543149
167,183,69.5,13.7,90.0,0.0016666666666666668
167,184,69.2,13.7,90.0,0.0016666666666666668
167,191,87.5,13.509475019311125,75.52248781407008,0.0019047739455851117
167,192,86.9,13.632115979985556,81.37307344132131,0.00199406066327276
167,193,86.6,13.66992462263972,84.26082952273326,0.0018452401020419631
167,197,68.9,13.7,90.0,0.0016666666666666668
167,198,86.3,13.692495306631454,87.13401601740117,0.0018749929761864628
167,199,84.8,13.7,90.0,0.0016666666666666668
167,200,85.1,13.7,90.0,0.0016666666666666668
167,201,61.7,11.3,53.13010235415595,0.002321426564624704
167,202,61.30384757729337,10.7,60.00000000000001,0.0018452401020419631
167,203,60.87950180144144,9.8,69.51268488527732,0.003363086207477833
167,204,61.00090916605299,10.1,66.42182152179817,0.002916680714293742
167,205,61.14182867015248,10.4,63.25631604959697,0.0025595338435431486
167,208,60.776364791498324,9.5,72.54239687627792,0.002232139846937056
167,209,60.69052498068888,9.2,75.52248781407006,0.0019047739455851117
167,210,68.3,13.7,90.0,0.0016666666666666668
167,211,64.53521240550418,13.369180691115368,80.88504097554691,0.0018749929761864628
167,212,64.81923772351985,13.459777614627257,83.73221264095777,0.0017857062584988146
167,213,65.1058367453003,13.53577833876897,86.56391330903152,0.0018749929761864628
167,214,65.39497719592168,13.597365903729129,89.38722731249598,0.0017559533843543149
167,215,65.68664579510627,13.644615625705473,87.79094735744405,0.0018749929761864628
167,216,61.81718375782109,11.451164091583495,58.696429074874,0.00199406066327276
167,217,62.02697624718144,11.69900719013119,61.79759655044633,0.0018452401020419631
167,218,62.24339886769055,11.928634153059583,64.8111562000982,0.002946433588438241
167,219,62.46594381532597,12.141440160453948,67.75186617988429,0.002976186462582741
167,220,60.5,6.009475019311125,75.52248781407008,0.0019047739455851117
167,221,60.5,6.378775382679627,78.46304096718448,0.0019047739455851117
167,222,73.4768800356085,13.7,80.00000000000001,0.0018749929761864628
167,223,73.77688003560849,13.7,80.00000000000001,0.0018749929761864628
167,224,74.0768800356085,13.7,80.00000000000001,0.0018749929761864628
167,225,77.3,13.7,90.0,0.0016666666666666668
167,226,70.2986744254085,13.7,70.0,0.0033035804591888336
167,227,70.5986744254085,13.7,70.0,0.0033035804591888336
167,228,70.8986744254085,13.7,70.0,0.0033035804591888336
167,229,60.5,6.8,90.0,0.0016666666666666668
167,250,61.48901207345298,11.0,56.632987030768234,0.0021428531292494077
168,182,92.19542989851172,9.115305479110592,88.92564117714588,0.0018154872278974634
168,183,69.5,14.0,90.0,0.0016666666666666668
168,184,69.2,14.0,90.0,0.0016666666666666668
168,191,87.5,13.878775382679628,78.4630409671845,0.0019047739455851117
168,192,86.9,13.96992462263972,84.26082952273315,0.0018452401020419631
168,193,86.6,13.992495306631454,87.13401601740117,0.0018749929761864628
168,197,68.9,14.0,90.0,0.0016666666666666668
168,198,86.3,14.0,90.0,0.0016666666666666668
168,199,84.8,14.0,90.0,0.0016666666666666668
168,200,85.1,14.0,90.0,0.0016666666666666668
168,201,61.189012073452986,11.3,56.632987030768234,0.0021428531292494077
168,202,60.84182867015248,10.7,63.256316049597,0.0025595338435431486
168,203,60.47636479149833,9.8,72.54239687627792,0.002232139846937056
168,204,60.579501801441445,10.1,69.51268488527734,0.003363086207477833
168,205,60.700909166052995,10.4,66.42182152179817,0.002916680714293742
168,208,60.39052498068888,9.5,75.52248781407006,0.0019047739455851117
168,209,60.321224617320375,9.2,78.46304096718453,0.0019047739455851117
168,210,68.3,14.0,90.0,0.0016666666666666668
168,211,64.46896827687709,13.744869813454619,83.23150910890972,0.0017857062584988146
168,212,64.75511638436767,13.823427799610572,86.06541551243836,0.0018749929761864628
168,213,65.04381020745531,13.887548315183107,88.88970412071677,0.0018154872278974634
168,214,65.33503317208589,13.93732535630381,88.28870557289905,0.0018154872278974634
168,215,65.62878724389618,13.97274777529273,85.46295350845952,0.0018749929761864628
168,216,61.649819944772304,11.910992388768873,60.67987454551973,0.0018452401020419631
168,217,61.863894675942376,12.147070124639697,63.72345833405825,0.0025595338435431486
168,218,62.08426277579779,12.36585697215521,66.6891463487898,0.002916680714293742
168,219,62.31048697916127,12.56855430751632,69.59004774937965,0.003363086207477833
168,220,60.2,6.078775382679627,78.46304096718448,0.0019047739455851117
168,221,60.2,6.432115979985556,81.37307344132131,0.00199406066327276
168,222,73.42398194139597,14.0,80.00000000000001,0.0018749929761864628
168,223,73.72398194139595,14.0,80.00000000000001,0.0018749929761864628
168,224,74.02398194139596,14.0,80.00000000000001,0.0018749929761864628
168,225,77.3,14.0,90.0,0.0016666666666666668
168,226,70.18948335512864,14.0,70.0,0.0033035804591888336
168,227,70.48948335512864,14.0,70.0,0.0033035804591888336
168,228,70.78948335512864,14.0,70.0,0.0033035804591888336
168,229,60.2,6.8,90.0,0.0016666666666666668
168,250,61.00384757729337,11.0,60.00000000000001,0.0018452401020419631
169,182,92.53756510376232,9.163319546045352,88.0659001460944,0.0018154872278974634
169,183,69.5,14.3,90.0,0.0016666666666666668
169,184,69.2,14.3,90.0,0.0016666666666666668
169,191,87.5,14.232115979985558,81.37307344132131,0.00199406066327276
169,192,86.9,14.292495306631455,87.13401601740104,0.0018749929761864628
169,193,86.6,14.3,90.0,0.0016666666666666668
169,197,68.9,14.3,90.0,0.0016666666666666668
169,198,86.3,14.3,90.0,0.0016666666666666668
169,199,84.8,14.3,90.0,0.0016666666666666668
169,200,85.1,14.3,90.0,0.0016666666666666668
169,201,60.703847577293374,11.3,60.00000000000001,0.0018452401020419631
169,202,60.400909166053,10.7,66.42182152179818,0.002916680714293742
169,203,60.09052498068888,9.8,75.52248781407006,0.0019047739455851117
169,204,60.17636479149833,10.1,72.54239687627793,0.002232139846937056
169,205,60.27950180144145,10.4,69.51268488527734,0.003363086207477833
169,208,60.02122461732038,9.5,78.46304096718453,0.0019047739455851117
169,209,59.96788402001445,9.2,81.37307344132138,0.00199406066327276
169,210,68.3,14.3,90.0,0.0016666666666666668
169,211,64.40447512495585,14.110628653435372,85.5666192206923,0.0018749929761864628
169,212,64.69272180672839,14.177285033418984,88.39209718348377,0.0018154872278974634
169,213,64.98349919773916,14.229589048109085,88.78633462287154,0.0018154872278974634
169,214,65.27680600863545,14.2675480097882,85.96181662422234,0.0018749929761864628
169,215,65.57265950000654,14.291064028790213,83.12742426049422,0.0017857062584988146
169,216,61.485223089750576,12.363218531254317,62.625467240773176,0.002113100255104908
169,217,61.703356668687725,12.588144674536085,65.61786311697217,0.003065473180270389
169,218,61.927493890972414,12.79657594328601,68.54096832045778,0.0031250070238135375
169,219,62.15725719201569,12.989549687686624,71.40653401514568,0.002708326309519796
169,220,59.9,6.132115979985556,81.37307344132138,0.00199406066327276
169,221,59.9,6.46992462263972,84.2608295227332,0.0018452401020419631
169,222,73.37108384718341,14.3,80.00000000000001,0.0018749929761864628
169,223,73.67108384718341,14.3,80.00000000000001,0.0018749929761864628
169,224,73.97108384718342,14.3,80.00000000000001,0.0018749929761864628
169,225,77.3,14.3,90.0,0.0016666666666666668
169,226,70.08029228484878,14.3,70.0,0.0033035804591888336
169,227,70.38029228484878,14.3,70.0,0.0033035804591888336
169,228,70.68029228484878,14.3,70.0,0.0033035804591888336
169,229,59.9,6.8,90.0,0.0016666666666666668
169,250,60.54182867015248,11.0,63.256316049597,0.0025595338435431486
170,182,92.87082591159566,9.190963563528253,87.49250929641269,0.0018749929761864628
170,183,69.5,14.6,90.0,0.0016666666666666668
170,184,69.2,14.6,90.0,0.0016666666666666668
170,191,87.5,14.569924622639721,84.26082952273326,0.0018452401020419631
170,192,86.9,14.599999999999998,90.0,0.0016666666666666668
170,193,86.6,14.6,90.0,0.0016666666666666668
170,197,68.9,14.6,90.0,0.0016666666666666668
170,198,86.3,14.6,90.0,0.0016666666666666668
170,199,84.8,14.6,90.0,0.0016666666666666668
170,200,85.1,14.6,90.0,0.0016666666666666668
170,201,60.24182867015247,11.3,63.25631604959697,0.0025595338435431486
170,202,59.97950180144144,10.7,69.51268488527734,0.003363086207477833
170,203,59.72122461732037,9.8,78.46304096718451,0.0019047739455851117
170,204,59.79052498068887,10.1,75.52248781407006,0.0019047739455851117
170,205,59.87636479149832,10.4,72.54239687627792,0.002232139846937056
170,208,59.66788402001444,9.5,81.37307344132135,0.00199406066327276
170,209,59.63007537736027,9.2,84.26082952273323,0.0018452401020419631
170,210,68.3,14.6,90.0,0.0016666666666666668
170,211,64.34171204233908,14.46657578282302,87.89436890150657,0.0018749929761864628
170,212,64.63204381976044,14.521406997761263,89.28387212168255,0.0017559533843543149
170,213,64.9249039048052,14.561899467640556,86.46037328237198,0.0018749929761864628
170,214,65.22030626065742,14.587974003308968,83.6282325144977,0.0017857062584988146
170,215,65.51828387650404,14.599443513790323,80.78035562462736,0.0018749929761864628
170,216,61.32324495768648,12.808249791545872,64.53742201219418,0.002946433588438241
170,217,61.54524538218922,13.022551863951652,67.48428229612722,0.002976186462582741
170,218,61.77299941092719,13.221046038640644,70.3695469935434,0.0033035804591888336
170,219,62.006180592642316,13.404629233072965,73.20384217603174,0.0018452401020419631
170,220,59.6,6.169924622639721,84.2608295227332,0.0018452401020419631
170,221,59.6,6.4924953066314535,87.1340160174011,0.0018749929761864628
170,222,73.31818575297088,14.6,80.00000000000001,0.0018749929761864628
170,223,73.61818575297087,14.6,80.00000000000001,0.0018749929761864628
170,224,73.91818575297089,14.6,80.00000000000001,0.0018749929761864628
170,225,77.3,14.600000000000001,90.0,0.0016666666666666668
170,226,69.97110121456892,14.6,70.0,0.0033035804591888336
170,227,70.27110121456892,14.6,70.0,0.0033035804591888336
170,228,70.57110121456891,14.6,70.0,0.0033035804591888336
170,229,59.6,6.8,90.0,0.0016666666666666668
170,250,60.100909166052986,11.0,66.42182152179817,0.002916680714293742
171,182,93.19249554157732,9.19999530692348,87.20572320698075,0.0018749929761864628
171,183,69.5,14.9,90.0,0.0016666666666666668
171,184,69.2,14.9,90.0,0.0016666666666666668
171,191,87.5,14.892495306631453,87.13401601740117,0.0018749929761864628
171,192,86.9,14.9,90.0,0.0016666666666666668
171,193,86.6,14.9,90.0,0.0016666666666666668
171,197,68.9,14.9,90.0,0.0016666666666666668
171,198,86.3,14.9,90.0,0.0016666666666666668
171,199,84.8,14.9,90.0,0.0016666666666666668
171,200,85.1,14.9,90.0,0.0016666666666666668
171,201,59.80090916605299,11.3,66.42182152179817,0.002916680714293742
171,202,59.57636479149832,10.7,72.54239687627793,0.002232139846937056
171,203,59.36788402001444,9.8,81.37307344132135,0.00199406066327276
171,204,59.42122461732037,10.1,78.46304096718453,0.0019047739455851117
171,205,59.490524980688875,10.4,75.52248781407006,0.0019047739455851117
171,208,59.330075377360274,9.5,84.26082952273323,0.0018452401020419631
171,209,59.30750469336854,9.2,87.13401601740115,0.0018749929761864628
171,210,68.3,14.9,90.0,0.0016666666666666668
171,211,64.28066700366985,14.812779400805733,89.78135562144858,0.0017559533843543149
171,212,64.57308079571207,14.855802924076434,86.95866173093967,0.0018749929761864628
171,213,64.86803303862496,14.88443017707454,84.12855240471414,0.0018452401020419631
171,214,65.16555329807679,14.898493484562765,81.28397889640941,0.00199406066327276
171,215,65.46528765875834,14.9,80.0,0.0018749929761864628
171,216,61.16375828165154,13.246435832655738,66.41945412589554,0.002916680714293742
171,217,61.38945995240272,13.450568814570097,69.3258210824735,0.003363086207477833
171,218,61.620699064315055,13.6394878019326,72.17753459296303,0.002232139846937056
171,219,61.857193416684595,13.81396813480512,74.98428453419272,0.0017857062584988146
171,220,59.3,6.1924953066314545,87.13401601740117,0.0018749929761864628
171,221,59.3,6.499999999999999,90.0,0.0016666666666666668
171,222,73.26528765875834,14.9,80.00000000000001,0.0018749929761864628
171,223,73.56528765875834,14.9,80.00000000000001,0.0018749929761864628
171,224,73.86528765875835,14.9,80.00000000000001,0.0018749929761864628
171,225,77.3,14.899999999999999,90.0,0.0016666666666666668
171,226,69.86191014428906,14.9,70.0,0.0033035804591888336
171,227,70.16191014428905,14.9,70.0,0.0033035804591888336
171,228,70.46191014428905,14.9,70.0,0.0033035804591888336
171,229,59.3,6.8,90.0,0.0016666666666666668
171,250,59.67950180144144,11.0,69.51268488527734,0.003363086207477833
172,182,93.5,9.2,90.0,0.0016666666666666668
172,183,69.5,15.2,90.0,0.0016666666666666668
172,184,69.2,15.2,90.0,0.0016666666666666668
172,191,87.5,15.2,90.0,0.0016666666666666668
172,192,86.9,15.2,90.0,0.0016666666666666668
172,193,86.6,15.2,90.0,0.0016666666666666668
172,197,68.9,15.2,90.0,0.0016666666666666668
172,198,86.3,15.2,90.0,0.0016666666666666668
172,199,84.8,15.2,90.0,0.0016666666666666668
172,200,85.1,15.2,90.0,0.0016666666666666668
172,201,59.37950180144144,11.3,69.51268488527732,0.003363086207477833
172,202,59.19052498068888,10.7,75.52248781407006,0.0019047739455851117
172,203,59.030075377360276,9.8,84.2608295227332,0.0018452401020419631
172,204,59.067884020014446,10.1,81.37307344132135,0.00199406066327276
172,205,59.12122461732037,10.4,78.46304096718451,0.0019047739455851117
172,208,59.007504693368546,9.5,87.13401601740114,0.0018749929761864628
172,209,59.0,9.2,90.0,0.0016666666666666668
172,210,68.3,15.2,90.0,0.0016666666666666668
172,211,64.22133656294224,15.149259050654068,87.45672003407756,0.0018749929761864628
172,212,64.51583960938827,15.18043382340802,84.62842340118479,0.0018452401020419631
172,213,64.81290404859617,15.197082215958714,81.7869243981565,0.00199406066327276
172,214,65.11238956454581,15.2,80.0,0.0018749929761864628
172,215,65.4123895645458,15.2,80.0,0.0018749929761864628
172,216,61.00665337457879,13.678078017323621,68.27486970737016,0.0031250070238135375
172,217,61.2359131617781,13.872435154640959,71.14528156661208,0.002708326309519796
172,218,61.47052346873869,14.052091859731807,73.96735613733759,0.0018452401020419631
172,219,61.71024082340939,14.217717066559041,76.75000228977804,0.0017857062584988146
172,220,59.0,6.199999999999998,90.0,0.0016666666666666668
172,221,59.0,6.5,90.0,0.0016666666666666668
172,222,73.2123895645458,15.2,80.00000000000001,0.0018749929761864628
172,223,73.5123895645458,15.2,80.00000000000001,0.0018749929761864628
172,224,73.81238956454581,15.2,80.00000000000001,0.0018749929761864628
172,225,77.3,15.2,90.0,0.0016666666666666668
172,226,69.7527190740092,15.2,70.0,0.0033035804591888336
172,227,70.05271907400919,15.2,70.0,0.0033035804591888336
172,228,70.3527190740092,15.2,70.0,0.0033035804591888336
172,229,59.0,6.8,90.0,0.0016666666666666668
172,250,59.276364791498324,11.0,72.54239687627792,0.002232139846937056
173,182,93.8,9.2,90.0,0.0016666666666666668
173,183,69.5,15.5,90.0,0.0016666666666666668
173,184,69.2,15.5,90.0,0.0016666666666666668
173,191,87.5,15.5,90.0,0.0016666666666666668
173,192,86.9,15.5,90.0,0.0016666666666666668
173,193,86.6,15.5,90.0,0.0016666666666666668
173,197,68.9,15.5,90.0,0.0016666666666666668
173,198,86.3,15.5,90.0,0.0016666666666666668
173,199,84.8,15.5,90.0,0.0016666666666666668
173,200,85.1,15.5,90.0,0.0016666666666666668
173,201,58.97636479149833,11.3,72.54239687627792,0.002232139846937056
173,202,58.821224617320375,10.7,78.46304096718453,0.0019047739455851117
173,203,58.70750469336855,9.8,87.13401601740114,0.0018749929761864628
173,204,58.73007537736028,10.1,84.26082952273323,0.0018452401020419631
173,205,58.76788402001445,10.4,81.37307344132135,0.00199406066327276
173,208,58.7,9.5,90.0,0.0016666666666666668
173,209,58.7,9.2,90.0,0.0016666666666666668
173,210,68.3,15.5,90.0,0.0016666666666666668
173,211,64.16372576763058,15.475986106718839,85.12788466066526,0.0018749929761864628
173,212,64.46033580992945,15.495211512198532,82.28923346245827,0.0018749929761864628
173,213,64.75949147033327,15.5,80.0,0.0018749929761864628
173,214,65.05949147033327,15.5,80.0,0.0018749929761864628
173,215,65.35949147033327,15.5,80.0,0.0018749929761864628
173,216,60.85183546491821,14.103436728243231,70.10663736768707,0.0033035804591888336
173,217,61.08452957739794,14.288358134401566,72.94521373385336,0.002232139846937056
173,218,61.32241280645384,14.459022559939907,75.74124694585227,0.0019047739455851117
173,219,61.56527594441419,14.616004798212334,78.50299399274016,0.0019047739455851117
173,220,58.7,6.2,90.0,0.0016666666666666668
173,221,58.7,6.5,90.0,0.0016666666666666668
173,222,73.15949147033326,15.5,80.00000000000001,0.0018749929761864628
173,223,73.45949147033326,15.5,80.00000000000001,0.0018749929761864628
173,224,73.75949147033327,15.5,80.00000000000001,0.0018749929761864628
173,225,77.3,15.5,90.0,0.0016666666666666668
173,226,69.64352800372934,15.5,70.0,0.0033035804591888336
173,227,69.94352800372934,15.5,70.0,0.0033035804591888336
173,228,70.24352800372932,15.5,70.0,0.0033035804591888336
173,229,58.7,6.8,90.0,0.0016666666666666668
173,250,58.89052498068888,11.0,75.52248781407006,0.0019047739455851117
174,182,94.1,9.2,90.0,0.0016666666666666668
174,183,69.5,15.8,90.0,0.0016666666666666668
174,184,69.2,15.8,90.0,0.0016666666666666668
174,191,87.5,15.8,90.0,0.0016666666666666668
174,192,86.9,15.8,90.0,0.0016666666666666668
174,193,86.6,15.8,90.0,0.0016666666666666668
174,197,68.9,15.8,90.0,0.0016666666666666668
174,198,86.3,15.8,90.0,0.0016666666666666668
174,199,84.8,15.8,90.0,0.0016666666666666668
174,200,85.1,15.8,90.0,0.0016666666666666668
174,201,58.59052498068888,11.3,75.52248781407006,0.0019047739455851117
174,202,58.46788402001445,10.7,81.37307344132138,0.00199406066327276
174,203,58.4,9.8,90.0,0.0016666666666666668
174,204,58.40750469336855,10.1,87.13401601740115,0.0018749929761864628
174,205,58.43007537736028,10.4,84.26082952273323,0.0018452401020419631
174,208,58.4,9.5,90.0,0.0016666666666666668
174,209,58.4,9.2,90.0,0.0016666666666666668
174,210,68.3,15.8,90.0,0.0016666666666666668
174,211,64.10784828459876,15.792883060363193,82.79094696567958,0.0018749929761864628
174,212,64.40659337612071,15.8,80.0,0.0018749929761864628
174,213,64.70659337612072,15.8,80.0,0.0018749929761864628
174,214,65.00659337612072,15.8,80.0,0.0018749929761864628
174,215,65.30659337612073,15.8,80.0,0.0018749929761864628
174,216,60.69922258049616,14.522737182110655,71.91744570886614,0.002708326309519796
174,217,60.935244054221485,14.698516738380343,74.72795726319781,0.0017857062584988146
174,218,61.1763157519753,14.860420918168511,77.50128398520503,0.0017857062584988146
174,219,61.42225911230037,15.008940315046985,80.24513981319714,0.0018749929761864628
174,220,58.4,6.2,90.0,0.0016666666666666668
174,221,58.4,6.5,90.0,0.0016666666666666668
174,222,73.10659337612071,15.8,80.00000000000001,0.0018749929761864628
174,223,73.40659337612072,15.8,80.00000000000001,0.0018749929761864628
174,224,73.70659337612074,15.8,80.00000000000001,0.0018749929761864628
174,225,77.3,15.8,90.0,0.0016666666666666668
174,226,69.53433693344948,15.8,70.0,0.0033035804591888336
174,227,69.83433693344948,15.8,70.0,0.0033035804591888336
174,228,70.13433693344948,15.8,70.0,0.0033035804591888336
174,229,58.4,6.8,90.0,0.0016666666666666668
174,250,58.52122461732038,11.0,78.46304096718453,0.0019047739455851117
175,182,94.4,9.2,90.0,0.0016666666666666668
175,183,69.5,16.1,90.0,0.0016666666666666668
175,184,69.2,16.1,90.0,0.0016666666666666668
175,191,87.5,16.1,90.0,0.0016666666666666668
175,192,86.9,16.1,90.0,0.0016666666666666668
175,193,86.6,16.1,90.0,0.0016666666666666668
175,197,68.9,16.1,90.0,0.0016666666666666668
175,198,86.3,16.1,90.0,0.0016666666666666668
175,199,84.8,16.1,90.0,0.0016666666666666668
175,200,85.1,16.1,90.0,0.0016666666666666668
175,201,58.22122461732037,11.3,78.46304096718453,0.0019047739455851117
175,202,58.13007537736027,10.7,84.26082952273325,0.0018452401020419631
175,203,58.1,9.8,90.0,0.0016666666666666668
175,204,58.099999999999994,10.1,90.0,0.0016666666666666668
175,205,58.10750469336854,10.4,87.13401601740115,0.0018749929761864628
175,208,58.1,9.5,90.0,0.0016666666666666668
175,209,58.1,9.2,90.0,0.0016666666666666668
175,210,68.3,16.1,90.0,0.0016666666666666668
175,211,64.0537267451943,16.099821562837487,80.44188141457343,0.0018749929761864628
175,212,64.35369528190817,16.1,80.0,0.0018749929761864628
175,213,64.65369528190818,16.1,80.0,0.0018749929761864628
175,214,64.95369528190818,16.1,80.0,0.0018749929761864628
175,215,65.25369528190818,16.1,80.0,0.0018749929761864628
175,216,60.548743853926126,14.936174085470105,73.70975009862781,0.0018452401020419631
175,217,60.788000525511755,15.103065008671146,76.4956762096763,0.0017857062584988146
175,218,61.032188602246315,15.256407007579273,79.24941240760033,0.0019047739455851117
175,219,61.2811572374449,15.396614530055098,81.97822253309599,0.00199406066327276
175,220,58.1,6.2,90.0,0.0016666666666666668
175,221,58.1,6.5,90.0,0.0016666666666666668
175,222,73.05369528190818,16.1,80.00000000000001,0.0018749929761864628
175,223,73.35369528190817,16.1,80.00000000000001,0.0018749929761864628
175,224,73.65369528190818,16.1,80.00000000000001,0.0018749929761864628
175,225,77.3,16.1,90.0,0.0016666666666666668
175,226,69.42514586316962,16.1,70.0,0.0033035804591888336
175,227,69.72514586316962,16.1,70.0,0.0033035804591888336
175,228,70.02514586316961,16.1,70.0,0.0033035804591888336
175,229,58.1,6.8,90.0,0.0016666666666666668
175,250,58.16788402001444,11.0,81.37307344132138,0.00199406066327276
176,182,94.7,9.2,90.0,0.0016666666666666668
176,183,69.5,16.4,90.0,0.0016666666666666668
176,184,69.2,16.4,90.0,0.0016666666666666668
176,191,87.5,16.4,90.0,0.0016666666666666668
176,192,86.9,16.4,90.0,0.0016666666666666668
176,193,86.6,16.4,90.0,0.0016666666666666668
176,197,68.9,16.4,90.0,0.0016666666666666668
176,198,86.3,16.4,90.0,0.0016666666666666668
176,199,84.8,16.4,90.0,0.0016666666666666668
176,200,85.1,16.4,90.0,0.0016666666666666668
176,201,57.86788402001444,11.3,81.37307344132134,0.00199406066327276
176,202,57.80750469336854,10.7,87.13401601740114,0.0018749929761864628
176,203,57.8,9.8,90.0,0.0016666666666666668
176,204,57.8,10.1,90.0,0.0016666666666666668
176,205,57.8,10.4,90.0,0.0016666666666666668
176,208,57.8,9.5,90.0,0.0016666666666666668
176,209,57.8,9.2,90.0,0.0016666666666666668
176,210,68.3,16.4,90.0,0.0016666666666666668
176,211,64.00079718769564,16.4,80.0,0.0018749929761864628
176,212,64.30079718769564,16.4,80.0,0.0018749929761864628
176,213,64.60079718769565,16.4,80.0,0.0018749929761864628
176,214,64.90079718769564,16.4,80.0,0.0018749929761864628
176,215,65.20079718769564,16.4,80.0,0.0018749929761864628
176,216,60.4003381569273,15.343915386892816,75.48581120263363,0.0019047739455851117
176,217,60.64275102234102,15.502134738819754,78.25038814928018,0.0019047739455851117
176,218,60.8899945720687,15.6470818946735,80.98746832054567,0.0018749929761864628
176,219,61.14194330861724,15.779101655982657,83.7039459724277,0.0017857062584988146
176,220,57.8,6.2,90.0,0.0016666666666666668
176,221,57.8,6.5,90.0,0.0016666666666666668
176,222,73.00079718769564,16.4,80.00000000000001,0.0018749929761864628
176,223,73.30079718769564,16.4,80.00000000000001,0.0018749929761864628
176,224,73.60079718769565,16.4,80.00000000000001,0.0018749929761864628
176,225,77.3,16.4,90.0,0.0016666666666666668
176,226,69.31595479288976,16.4,70.0,0.0033035804591888336
176,227,69.61595479288975,16.4,70.0,0.0033035804591888336
176,228,69.91595479288975,16.4,70.0,0.0033035804591888336
176,229,57.8,6.8,90.0,0.0016666666666666668
176,250,57.830075377360274,11.0,84.2608295227332,0.0018452401020419631
177,182,95.0,9.2,90.0,0.0016666666666666668
177,183,69.50750469336855,16.7,87.13401601740114,0.0018749929761864628
177,184,69.2,16.7,90.0,0.0016666666666666668
177,187,32.3,16.7,90.0,0.0016666666666666668
177,188,32.0,16.7,90.0,0.0016666666666666668
177,189,31.700000000000003,16.7,90.0,0.0016666666666666668
177,191,87.5,16.7,90.0,0.0016666666666666668
177,192,86.9,16.7,90.0,0.0016666666666666668
177,193,86.6,16.7,90.0,0.0016666666666666668
177,194,57.5,16.7,90.0,0.0016666666666666668
177,195,57.2,16.7,90.0,0.0016666666666666668
177,196,56.9,16.7,90.0,0.0016666666666666668
177,197,68.9,16.7,90.0,0.0016666666666666668
177,198,86.3,16.7,90.0,0.0016666666666666668
177,199,84.8,16.7,90.0,0.0016666666666666668
177,200,85.1,16.7,90.0,0.0016666666666666668
177,206,56.599999999999994,16.7,89.99999999999999,0.0017559533843543149
177,207,48.79999999999999,16.7,89.99999999999999,0.0017559533843543149
177,210,68.3,16.7,90.0,0.0016666666666666668
177,211,63.9478990934831,16.7,80.0,0.0018749929761864628
177,212,64.2478990934831,16.7,80.0,0.0018749929761864628
177,213,64.54789909348311,16.7,80.0,0.0018749929761864628
177,214,64.84789909348311,16.7,80.0,0.0018749929761864628
177,215,65.1478990934831,16.7,80.0,0.0018749929761864628
177,216,59.90676372260988,16.7,70.00000000000001,0.0033035804591888336
177,217,60.20676372260989,16.7,70.00000000000001,0.0033035804591888336
177,218,60.50676372260989,16.7,70.00000000000001,0.0033035804591888336
177,219,60.80676372260989,16.7,70.00000000000001,0.0033035804591888336
177,222,72.9478990934831,16.7,80.00000000000001,0.0018749929761864628
177,223,73.2478990934831,16.7,80.00000000000001,0.0018749929761864628
177,224,73.54789909348311,16.7,80.00000000000001,0.0018749929761864628
177,225,77.3,16.7,90.0,0.0016666666666666668
177,226,69.20676372260989,16.7,70.0,0.0033035804591888336
177,227,69.50676372260989,16.7,70.0,0.0033035804591888336
177,228,69.80676372260989,16.7,70.0,0.0033035804591888336
177,232,14.0,16.700000000000003,90.0,0.0016666666666666668
177,233,11.0,16.509475019311125,75.52248781407008,0.0019047739455851117
177,234,11.3,16.578775382679627,78.46304096718453,0.0019047739455851117
177,235,11.6,16.632115979985556,81.37307344132137,0.00199406066327276
177,236,11.9,16.66992462263972,84.26082952273322,0.0018452401020419631
177,237,12.2,16.692495306631454,87.13401601740114,0.0018749929761864628
177,238,12.5,16.7,90.0,0.0016666666666666668
177,239,12.799999999999999,16.7,90.0,0.0016666666666666668
177,240,13.099999999999998,16.7,90.0,0.0016666666666666668
177,241,22.867412347298412,16.699999999999996,60.00000000000001,0.0018452401020419631
177,242,23.16741234729841,16.699999999999996,60.00000000000001,0.0018452401020419631
177,243,23.467412347298406,16.699999999999996,60.00000000000001,0.0018452401020419631
177,244,23.767412347298404,16.699999999999996,60.00000000000001,0.0018452401020419631
177,245,20.0,16.700000000000003,90.0,0.0016666666666666668
177,246,30.800000000000004,16.699999999999996,90.0,0.0016666666666666668
177,247,31.1,16.699999999999996,90.0,0.0016666666666666668
177,248,30.199999999999996,16.700000000000003,90.0,0.0016666666666666668
177,249,31.4,16.7,90.0,0.0016666666666666668
177,251,42.589012073452984,16.7,56.632987030768234,0.0021428531292494077
177,252,42.103847577293365,16.7,60.00000000000001,0.0018452401020419631
177,253,41.64182867015248,16.7,63.256316049597,0.0025595338435431486
177,254,41.200909166052995,16.7,66.42182152179818,0.002916680714293742
177,255,38.3,16.7,90.0,0.0016666666666666668
178,190,117.36553458481622,16.77618617550953,39.99999999999999,0.005178573435375297
178,191,118.51101032125885,23.27250189440987,33.291982720896996,0.0036309463605407777
178,192,118.63103450861524,23.953192886078547,37.313923266801034,0.0055654731802703885
178,193,118.74328000480354,24.5897687279452,40.99487859696666,0.005833333333333334
178,194,118.95051433371071,25.7650530098771,47.65042215761167,0.005476186462582741
178,195,119.0473569074474,26.31427453767496,50.721216124600936,0.0038393007653147234
178,196,119.14049330001569,26.8424772675923,53.66280062438509,0.002321426564624704
178,197,118.84940939245107,25.191658394637813,44.4214871572074,0.006309519795916074
178,198,119.83831133450624,30.799999999999997,80.00000000000001,0.0018749929761864628
179,190,113.3,23.817898636339663,29.999999999999996,0.002410713282312352
179,191,113.3,26.892495306631453,87.13401601740117,0.0018749929761864628
179,192,113.3,27.2,90.0,0.0016666666666666668
179,193,113.3,27.5,90.0,0.0016666666666666668
179,194,113.3,28.1,90.0,0.0016666666666666668
179,195,113.3,28.4,90.0,0.0016666666666666668
179,196,113.3,28.7,90.0,0.0016666666666666668
179,197,113.3,27.8,90.0,0.0016666666666666668
179,198,113.2235144777689,30.8,80.84171707905617,0.0018749929761864628
179,206,92.17584540780385,88.9411251648809,49.999999999999986,0.004404773945585112
179,225,88.45889128144655,99.15337269619624,29.999999999999993,0.002410713282312352
179,241,81.50564262557431,118.26439410789757,48.3666531773154,0.005327393996606093
179,242,81.62004920556635,117.9429368748933,49.999999999999986,0.004404773945585112
179,243,81.7360469660305,117.62423564731075,49.999999999999986,0.004404773945585112
179,244,81.85204472649464,117.30553441972822,49.999999999999986,0.004404773945585112
179,246,82.98314455526666,114.19786318102808,65.0,0.003065473180270389
179,247,83.06319840654342,113.97791703230483,65.0,0.003065473180270389
180,191,109.5,26.9,45.0,0.005714293741501186
180,192,109.2,27.2,45.0,0.005714293741501186
180,193,108.9,27.5,45.0,0.005714293741501186
180,194,108.30000000000001,28.1,45.0,0.005714293741501186
180,195,108.0,28.4,45.0,0.005714293741501186
180,196,107.7,28.7,45.0,0.005714293741501186
180,197,108.60000000000001,27.8,45.0,0.005714293741501186
180,198,105.60000000000001,30.8,45.0,0.005714293741501186
180,199,67.53178849499362,68.86821150500639,25.000000000000004,0.0040178461054358695
180,200,68.00346453307006,68.39653546692995,25.000000000000004,0.0040178461054358695
180,206,75.80829819792005,60.59170180207995,75.0,0.0019047739455851117
180,207,63.70943456159412,72.69056543840588,65.0,0.003065473180270389
180,210,61.03577779898868,75.36422220101133,35.00000000000001,0.005714293741501186
180,211,52.01282365607788,84.38717634392214,35.00000000000001,0.005714293741501186
180,212,52.37704585708919,84.0229541429108,35.00000000000001,0.005714293741501186
180,213,52.74126805810052,83.65873194189948,35.00000000000001,0.005714293741501186
180,214,53.10549025911183,83.29450974088817,35.00000000000001,0.005714293741501186
180,215,53.46971246012315,82.93028753987687,35.00000000000001,0.005714293741501186
180,216,25.689877363041788,110.71012263695823,25.000000000000004,0.0040178461054358695
180,217,26.161553401118244,110.23844659888177,25.000000000000004,0.0040178461054358695
180,218,26.63322943919467,109.76677056080534,25.000000000000004,0.0040178461054358695
180,219,27.1049054772711,109.2950945227289,25.000000000000004,0.0040178461054358695
180,222,62.939489686417396,73.4605103135826,35.00000000000001,0.005714293741501186
180,223,63.30371188742872,73.0962881125713,35.00000000000001,0.005714293741501186
180,224,63.66793408844004,72.73206591155997,35.00000000000001,0.005714293741501186
180,225,80.78236593559069,55.617634064409316,54.99999999999999,0.002261892721081555
180,226,40.31183454341125,96.08816545658877,25.0,0.0040178461054358695
180,227,40.783510581487675,95.61648941851234,25.0,0.0040178461054358695
180,228,41.255186619564114,95.14481338043589,25.0,0.0040178461054358695
180,232,14.000000000000007,122.4,45.0,0.005714293741501186
180,241,58.31059934237056,78.08940065762945,75.0,0.0019047739455851117
180,242,58.50079172123523,77.89920827876477,75.0,0.0019047739455851117
180,243,58.6909841000999,77.70901589990012,75.0,0.0019047739455851117
180,244,58.88117647896456,77.51882352103544,75.0,0.0019047739455851117
180,245,27.02863511175312,109.37136488824689,55.0,0.0021726340986480564
180,246,52.5926406871193,83.80735931288072,90.0,0.0016666666666666668
180,247,52.74264068711929,83.65735931288071,90.0,0.0016666666666666668
180,248,34.93460016442826,101.46539983557174,54.99999999999999,0.002261892721081555
180,255,24.977779898868288,111.4222201011317,35.00000000000001,0.005714293741501186
181,191,109.80000000000001,26.9,45.0,0.005714293741501186
181,192,109.5,27.2,45.0,0.005714293741501186
181,193,109.2,27.5,45.0,0.005714293741501186
181,194,108.6,28.1,45.0,0.005714293741501186
181,195,108.30000000000001,28.4,45.0,0.005714293741501186
181,196,108.0,28.7,45.0,0.005714293741501186
181,197,108.9,27.8,45.0,0.005714293741501186
181,198,105.9,30.8,45.0,0.005714293741501186
181,199,67.3601124569172,69.33988754308282,25.000000000000004,0.0040178461054358695
181,200,67.83178849499362,68.86821150500637,25.000000000000004,0.0040178461054358695
181,206,75.9181058190554,60.781894180944626,75.0,0.0019047739455851117
181,207,63.78948841287087,72.91051158712912,65.0,0.003065473180270389
181,210,60.97155559797737,75.72844440202263,35.00000000000001,0.005714293741501186
181,211,51.948601455066566,84.75139854493344,35.00000000000001,0.005714293741501186
181,212,52.312823656077875,84.38717634392214,35.00000000000001,0.005714293741501186
181,213,52.677045857089205,84.0229541429108,35.00000000000001,0.005714293741501186
181,214,53.04126805810052,83.65873194189948,35.00000000000001,0.005714293741501186
181,215,53.40549025911183,83.29450974088817,35.00000000000001,0.005714293741501186
181,216,25.518201324965354,111.18179867503466,25.000000000000004,0.0040178461054358695
181,217,25.989877363041803,110.7101226369582,25.000000000000004,0.0040178461054358695
181,218,26.46155340111824,110.23844659888177,25.000000000000004,0.0040178461054358695
181,219,26.933229439194665,109.76677056080534,25.000000000000004,0.0040178461054358695
181,222,62.87526748540608,73.82473251459393,35.00000000000001,0.005714293741501186
181,223,63.23948968641739,73.4605103135826,35.00000000000001,0.005714293741501186
181,224,63.60371188742873,73.09628811257127,35.00000000000001,0.005714293741501186
181,225,80.82733480485923,55.87266519514077,54.99999999999999,0.002261892721081555
181,226,40.14015850533481,96.55984149466519,25.0,0.0040178461054358695
181,227,40.61183454341125,96.08816545658877,25.0,0.0040178461054358695
181,228,41.08351058148767,95.61648941851234,25.0,0.0040178461054358695
181,232,13.999999999999993,122.70000000000002,45.0,0.005714293741501186
181,241,58.42040696350589,78.2795930364941,75.0,0.0019047739455851117
181,242,58.610599342370556,78.08940065762945,75.0,0.0019047739455851117
181,243,58.80079172123523,77.89920827876477,75.0,0.0019047739455851117
181,244,58.990984100099894,77.70901589990012,75.0,0.0019047739455851117
181,245,27.07360398102167,109.62639601897834,55.0,0.0021726340986480564
181,246,52.7426406871193,83.95735931288071,90.0,0.0016666666666666668
181,247,52.8926406871193,83.80735931288072,90.0,0.0016666666666666668
181,248,34.9795690336968,101.72043096630321,54.99999999999999,0.002261892721081555
181,255,24.91355769785697,111.78644230214303,35.00000000000001,0.005714293741501186
182,191,87.5,5.073499399519511,18.194872338766697,0.009345240102041963
182,251,101.6,9.2,90.0,0.0016666666666666668
182,252,101.9,9.2,90.0,0.0016666666666666668
182,253,102.2,9.2,90.0,0.0016666666666666668
182,254,102.5,9.2,90.0,0.0016666666666666668
183,191,87.69052498068888,22.4,75.52248781407006,0.0019047739455851117
183,192,87.02122461732037,22.4,78.46304096718453,0.0019047739455851117
183,193,86.66788402001444,22.4,81.37307344132138,0.00199406066327276
183,198,86.3,22.4,90.0,0.0016666666666666668
183,199,84.44480054802888,22.4,70.18635830626923,0.0033035804591888336
183,200,84.74480054802888,22.4,70.18635830626928,0.0033035804591888336
183,201,69.5,11.3,90.0,0.0016666666666666668
183,202,69.5,10.7,90.0,0.0016666666666666668
183,203,69.5,9.8,90.0,0.0016666666666666668
183,204,69.5,10.1,90.0,0.0016666666666666668
183,205,69.5,10.4,90.0,0.0016666666666666668
183,208,69.5,9.432115979985557,81.37307344132131,0.00199406066327276
183,209,69.5,9.078775382679627,78.4630409671845,0.0019047739455851117
183,222,72.12596181736814,21.361437930896873,65.78224168361635,0.003065473180270389
183,223,72.39546715800431,21.534381738142393,68.84050792136422,0.0031250070238135375
183,224,72.66809094154382,21.68963997684472,71.83678568622123,0.002708326309519796
183,225,77.3,22.4,90.0,0.0016666666666666668
183,226,69.5,15.894339949305753,20.0,0.0050297528741445
183,227,69.50741533486317,16.69820971004789,22.848866690459115,0.0050297528741445
183,228,69.57400945148747,17.33948710419046,29.008511265717214,0.002410713282312352
183,229,69.5,6.609475019311127,75.52248781407008,0.0019047739455851117
183,250,69.5,11.0,90.0,0.0016666666666666668
183,251,70.30384757729337,19.4,60.00000000000001,0.0018452401020419631
183,252,70.48901207345298,19.7,56.632987030768234,0.0021428531292494077
183,253,70.7,20.0,53.13010235415595,0.002321426564624704
183,254,70.9403947539288,20.3,49.458398126495474,0.004404773945585112
184,191,87.77636479149832,22.7,72.54239687627792,0.002232139846937056
184,192,87.09052498068888,22.7,75.52248781407006,0.0019047739455851117
184,193,86.72122461732036,22.7,78.46304096718453,0.0019047739455851117
184,198,86.3,22.7,90.0,0.0016666666666666668
184,199,84.33564325212237,22.7,70.00000000000001,0.0033035804591888336
184,200,84.63564325212238,22.7,70.00000000000001,0.0033035804591888336
184,201,69.2,11.3,90.0,0.0016666666666666668
184,202,69.2,10.7,90.0,0.0016666666666666668
184,203,69.2,9.8,90.0,0.0016666666666666668
184,204,69.2,10.1,90.0,0.0016666666666666668
184,205,69.2,10.4,90.0,0.0016666666666666668
184,208,69.2,9.46992462263972,84.26082952273315,0.0018452401020419631
184,209,69.2,9.132115979985556,81.37307344132131,0.00199406066327276
184,222,72.04771412959386,21.805202619998315,68.30610592688504,0.0031250070238135375
184,223,72.31980161185938,21.963502374365582,71.31243845689423,0.002708326309519796
184,224,72.59486412568234,22.104929886348486,74.26628021909002,0.0017857062584988146
184,225,77.3,22.7,90.0,0.0016666666666666668
184,226,69.20002853562342,16.718504774161136,20.176707856849898,0.0050297528741445
184,227,69.24369333142354,17.422779959511594,26.91884321774259,0.0034226200510209816
184,228,69.33915884979754,17.984733829278866,32.36403996541948,0.0031845127721025364
184,229,69.2,6.678775382679628,78.4630409671845,0.0019047739455851117
184,250,69.2,11.0,90.0,0.0016666666666666668
184,251,69.84182867015248,19.4,63.256316049597,0.0025595338435431486
184,252,70.00384757729337,19.7,60.00000000000001,0.0018452401020419631
184,253,70.18901207345299,20.0,56.632987030768234,0.0021428531292494077
184,254,70.4,20.3,53.13010235415595,0.002321426564624704
185,191,88.48901207345298,24.2,56.632987030768234,0.0021428531292494077
185,192,87.70384757729337,24.2,60.00000000000001,0.0018452401020419631
185,193,87.24182867015247,24.2,63.256316049597,0.0025595338435431486
185,194,57.87950180144144,24.2,69.51268488527735,0.003363086207477833
185,195,57.47636479149833,24.2,72.54239687627792,0.002232139846937056
185,196,57.090524980688876,24.2,75.52248781407006,0.0019047739455851117
185,197,69.400909166053,24.2,66.42182152179818,0.002916680714293742
185,198,86.3,24.2,90.0,0.0016666666666666668
185,199,83.78968790072307,24.2,70.00000000000001,0.0033035804591888336
185,200,84.08968790072308,24.2,70.00000000000001,0.0033035804591888336
185,206,56.599999999999994,24.2,89.99999999999999,0.0017559533843543149
185,207,48.79999999999999,24.2,89.99999999999999,0.0017559533843543149
185,210,68.3,24.2,90.0,0.0016666666666666668
185,211,62.625446738169614,24.2,80.0,0.0018749929761864628
185,212,62.92544673816961,24.2,80.0,0.0018749929761864628
185,213,63.22544673816962,24.2,80.0,0.0018749929761864628
185,214,63.52544673816962,24.2,80.0,0.0018749929761864628
185,215,63.82544673816962,24.2,80.0,0.0018749929761864628
185,216,57.17698696561337,24.2,70.00000000000001,0.0033035804591888336
185,217,57.47698696561338,24.2,70.00000000000001,0.0033035804591888336
185,218,57.776986965613375,24.2,70.00000000000001,0.0033035804591888336
185,219,58.07698696561337,24.2,70.00000000000001,0.0033035804591888336
185,222,71.62544673816961,24.2,80.00000000000001,0.0018749929761864628
185,223,71.92544673816961,24.2,80.00000000000001,0.0018749929761864628
185,224,72.22544673816962,24.2,80.00000000000001,0.0018749929761864628
185,225,77.3,24.2,90.0,0.0016666666666666668
185,226,66.47698696561338,24.2,70.0,0.0033035804591888336
185,227,66.77698696561337,24.2,70.0,0.0033035804591888336
185,228,67.07698696561337,24.2,70.0,0.0033035804591888336
185,232,14.0,24.200000000000003,90.0,0.0016666666666666668
185,233,11.0,24.078775382679627,78.46304096718453,0.0019047739455851117
185,234,11.3,24.132115979985556,81.37307344132138,0.00199406066327276
185,235,11.6,24.16992462263972,84.26082952273322,0.0018452401020419631
185,236,11.9,24.192495306631454,87.13401601740115,0.0018749929761864628
185,237,12.2,24.2,90.0,0.0016666666666666668
185,238,12.5,24.2,90.0,0.0016666666666666668
185,239,12.799999999999999,24.2,90.0,0.0016666666666666668
185,240,13.099999999999998,24.2,90.0,0.0016666666666666668
185,241,27.197539366220617,24.199999999999996,60.00000000000001,0.0018452401020419631
185,242,27.497539366220607,24.199999999999996,60.00000000000001,0.0018452401020419631
185,243,27.79753936622061,24.199999999999996,60.00000000000001,0.0018452401020419631
185,244,28.0975393662206,24.199999999999996,60.00000000000001,0.0018452401020419631
185,245,20.0,24.200000000000003,90.0,0.0016666666666666668
185,246,30.800000000000004,24.199999999999996,90.0,0.0016666666666666668
185,247,31.099999999999998,24.199999999999996,90.0,0.0016666666666666668
185,248,30.199999999999996,24.200000000000003,90.0,0.0016666666666666668
185,255,38.3,24.2,90.0,0.0016666666666666668
186,191,88.7,24.5,53.13010235415595,0.002321426564624704
186,192,87.88901207345299,24.5,56.632987030768234,0.0021428531292494077
186,193,87.40384757729336,24.5,60.00000000000001,0.0018452401020419631
186,194,58.00090916605299,24.5,66.42182152179818,0.002916680714293742
186,195,57.579501801441445,24.5,69.51268488527732,0.003363086207477833
186,196,57.17636479149832,24.5,72.54239687627792,0.002232139846937056
186,197,69.54182867015248,24.5,63.256316049597,0.0025595338435431486
186,198,86.3,24.5,90.0,0.0016666666666666668
186,199,83.68049683044322,24.5,70.00000000000001,0.0033035804591888336
186,200,83.98049683044322,24.5,70.00000000000001,0.0033035804591888336
186,206,56.599999999999994,24.5,89.99999999999999,0.0017559533843543149
186,207,48.79999999999999,24.5,89.99999999999999,0.0017559533843543149
186,210,68.3,24.5,90.0,0.0016666666666666668
186,211,62.57254864395708,24.5,80.0,0.0018749929761864628
186,212,62.872548643957074,24.5,80.0,0.0018749929761864628
186,213,63.172548643957086,24.5,80.0,0.0018749929761864628
186,214,63.47254864395708,24.5,80.0,0.0018749929761864628
186,215,63.77254864395708,24.5,80.0,0.0018749929761864628
186,216,57.067795895333504,24.5,70.00000000000001,0.0033035804591888336
186,217,57.367795895333515,24.5,70.00000000000001,0.0033035804591888336
186,218,57.66779589533351,24.5,70.00000000000001,0.0033035804591888336
186,219,57.96779589533351,24.5,70.00000000000001,0.0033035804591888336
186,222,71.57254864395708,24.5,80.00000000000001,0.0018749929761864628
186,223,71.87254864395707,24.5,80.00000000000001,0.0018749929761864628
186,224,72.17254864395707,24.5,80.00000000000001,0.0018749929761864628
186,225,77.3,24.5,90.0,0.0016666666666666668
186,226,66.36779589533353,24.5,70.0,0.0033035804591888336
186,227,66.66779589533351,24.5,70.0,0.0033035804591888336
186,228,66.96779589533351,24.5,70.0,0.0033035804591888336
186,232,14.0,24.5,90.0,0.0016666666666666668
186,233,11.0,24.432115979985557,81.37307344132137,0.00199406066327276
186,234,11.3,24.46992462263972,84.26082952273322,0.0018452401020419631
186,235,11.6,24.492495306631454,87.13401601740114,0.0018749929761864628
186,236,11.9,24.5,90.0,0.0016666666666666668
186,237,12.200000000000001,24.5,90.0,0.0016666666666666668
186,238,12.5,24.5,90.0,0.0016666666666666668
186,239,12.799999999999999,24.5,90.0,0.0016666666666666668
186,240,13.099999999999998,24.5,90.0,0.0016666666666666668
186,241,27.370744446977497,24.5,60.00000000000001,0.0018452401020419631
186,242,27.670744446977494,24.5,60.00000000000001,0.0018452401020419631
186,243,27.9707444469775,24.5,60.00000000000001,0.0018452401020419631
186,244,28.27074444697749,24.5,60.00000000000001,0.0018452401020419631
186,245,20.0,24.5,90.0,0.0016666666666666668
186,246,30.800000000000004,24.5,90.0,0.0016666666666666668
186,247,31.099999999999998,24.5,90.0,0.0016666666666666668
186,248,30.199999999999996,24.5,90.0,0.0016666666666666668
186,255,38.3,24.5,90.0,0.0016666666666666668
187,191,87.87950180144145,23.0,69.5126848852773,0.003363086207477833
187,192,87.17636479149833,23.0,72.54239687627792,0.002232139846937056
187,193,86.79052498068887,23.0,75.52248781407006,0.0019047739455851117
187,194,57.567884020014446,23.0,81.37307344132138,0.00199406066327276
187,195,57.23007537736028,23.0,84.2608295227332,0.0018452401020419631
187,196,56.907504693368544,23.0,87.13401601740114,0.0018749929761864628
187,197,69.02122461732037,23.0,78.46304096718453,0.0019047739455851117
187,198,86.3,23.0,90.0,0.0016666666666666668
187,199,84.22645218184252,23.0,70.00000000000001,0.0033035804591888336
187,200,84.52645218184252,23.0,70.00000000000001,0.0033035804591888336
187,201,32.3,11.3,90.0,0.0016666666666666668
187,206,56.599999999999994,23.0,89.99999999999999,0.0017559533843543149
187,207,48.79999999999999,23.0,89.99999999999999,0.0017559533843543149
187,210,68.3,23.0,90.0,0.0016666666666666668
187,211,62.83703911501977,23.0,80.0,0.0018749929761864628
187,212,63.13703911501977,23.0,80.0,0.0018749929761864628
187,213,63.43703911501977,23.0,80.0,0.0018749929761864628
187,214,63.737039115019776,23.0,80.0,0.0018749929761864628
187,215,64.03703911501978,23.0,80.0,0.0018749929761864628
187,216,57.61375124673281,23.0,70.00000000000001,0.0033035804591888336
187,217,57.913751246732815,23.0,70.00000000000001,0.0033035804591888336
187,218,58.21375124673281,23.0,70.00000000000001,0.0033035804591888336
187,219,58.51375124673281,23.0,70.00000000000001,0.0033035804591888336
187,222,71.83703911501976,23.0,80.00000000000001,0.0018749929761864628
187,223,72.13703911501977,23.0,80.00000000000001,0.0018749929761864628
187,224,72.43703911501979,23.0,80.00000000000001,0.0018749929761864628
187,225,77.3,23.0,90.0,0.0016666666666666668
187,226,66.91375124673283,23.0,70.0,0.0033035804591888336
187,227,67.21375124673281,23.0,70.0,0.0033035804591888336
187,228,67.51375124673282,23.0,70.0,0.0033035804591888336
187,229,32.3,6.800000000000001,90.0,0.0016666666666666668
187,255,38.3,23.0,90.0,0.0016666666666666668
188,191,88.00090916605299,23.3,66.42182152179815,0.002916680714293742
188,192,87.27950180144146,23.3,69.5126848852773,0.003363086207477833
188,193,86.87636479149832,23.3,72.54239687627792,0.002232139846937056
188,194,57.62122461732037,23.3,78.46304096718453,0.0019047739455851117
188,195,57.26788402001445,23.3,81.37307344132134,0.00199406066327276
188,196,56.93007537736028,23.3,84.2608295227332,0.0018452401020419631
188,197,69.09052498068888,23.3,75.52248781407006,0.0019047739455851117
188,198,86.3,23.3,90.0,0.0016666666666666668
188,199,84.11726111156266,23.3,70.00000000000001,0.0033035804591888336
188,200,84.41726111156265,23.3,70.00000000000001,0.0033035804591888336
188,201,32.0,11.3,90.0,0.0016666666666666668
188,206,56.599999999999994,23.3,89.99999999999999,0.0017559533843543149
188,207,48.79999999999999,23.3,89.99999999999999,0.0017559533843543149
188,210,68.3,23.3,90.0,0.0016666666666666668
188,211,62.78414102080723,23.3,80.0,0.0018749929761864628
188,212,63.08414102080723,23.3,80.0,0.0018749929761864628
188,213,63.384141020807235,23.3,80.0,0.0018749929761864628
188,214,63.68414102080723,23.3,80.0,0.0018749929761864628
188,215,63.984141020807236,23.3,80.0,0.0018749929761864628
188,216,57.50456017645295,23.3,70.00000000000001,0.0033035804591888336
188,217,57.804560176452966,23.3,70.00000000000001,0.0033035804591888336
188,218,58.10456017645295,23.3,70.00000000000001,0.0033035804591888336
188,219,58.404560176452954,23.3,70.00000000000001,0.0033035804591888336
188,222,71.78414102080723,23.3,80.00000000000001,0.0018749929761864628
188,223,72.08414102080722,23.3,80.00000000000001,0.0018749929761864628
188,224,72.38414102080725,23.3,80.00000000000001,0.0018749929761864628
188,225,77.3,23.3,90.0,0.0016666666666666668
188,226,66.80456017645295,23.3,70.0,0.0033035804591888336
188,227,67.10456017645296,23.3,70.0,0.0033035804591888336
188,228,67.40456017645295,23.3,70.0,0.0033035804591888336
188,229,32.0,6.800000000000001,90.0,0.0016666666666666668
188,255,38.3,23.3,90.0,0.0016666666666666668
189,191,88.14182867015248,23.6,63.256316049596954,0.0025595338435431486
189,192,87.400909166053,23.6,66.42182152179815,0.002916680714293742
189,193,86.97950180144144,23.6,69.5126848852773,0.003363086207477833
189,194,57.69052498068888,23.6,75.52248781407006,0.0019047739455851117
189,195,57.321224617320375,23.6,78.4630409671845,0.0019047739455851117
189,196,56.967884020014445,23.6,81.37307344132134,0.00199406066327276
189,197,69.17636479149833,23.6,72.54239687627792,0.002232139846937056
189,198,86.3,23.6,90.0,0.0016666666666666668
189,199,84.00807004128279,23.6,70.00000000000001,0.0033035804591888336
189,200,84.30807004128279,23.6,70.00000000000001,0.0033035804591888336
189,201,31.700000000000003,11.3,90.0,0.0016666666666666668
189,206,56.599999999999994,23.6,89.99999999999999,0.0017559533843543149
189,207,48.79999999999999,23.6,89.99999999999999,0.0017559533843543149
189,210,68.3,23.6,90.0,0.0016666666666666668
189,211,62.73124292659469,23.6,80.0,0.0018749929761864628
189,212,63.031242926594686,23.6,80.0,0.0018749929761864628
189,213,63.3312429265947,23.6,80.0,0.0018749929761864628
189,214,63.631242926594695,23.6,80.0,0.0018749929761864628
189,215,63.93124292659469,23.6,80.0,0.0018749929761864628
189,216,57.39536910617309,23.6,70.00000000000001,0.0033035804591888336
189,217,57.6953691061731,23.6,70.00000000000001,0.0033035804591888336
189,218,57.9953691061731,23.6,70.00000000000001,0.0033035804591888336
189,219,58.29536910617309,23.6,70.00000000000001,0.0033035804591888336
189,222,71.73124292659469,23.6,80.00000000000001,0.0018749929761864628
189,223,72.03124292659469,23.6,80.00000000000001,0.0018749929761864628
189,224,72.3312429265947,23.6,80.00000000000001,0.0018749929761864628
189,225,77.3,23.6,90.0,0.0016666666666666668
189,226,66.6953691061731,23.6,70.0,0.0033035804591888336
189,227,66.99536910617309,23.6,70.0,0.0033035804591888336
189,228,67.2953691061731,23.6,70.0,0.0033035804591888336
189,229,31.700000000000003,6.800000000000001,90.0,0.0016666666666666668
189,255,38.3,23.6,90.0,0.0016666666666666668
190,191,111.52054794802099,26.9,60.00000000000001,0.0018452401020419631
190,191,119.0,13.945209033197056,29.999999999999996,0.002410713282312352
190,192,111.3473428672641,27.2,60.00000000000001,0.0018452401020419631
190,192,119.3,13.4255937909264,29.999999999999996,0.002410713282312352
190,193,111.17413778650722,27.5,60.00000000000001,0.0018452401020419631
190,193,119.6,12.905978548655739,29.999999999999996,0.002410713282312352
190,194,110.82772762499344,28.1,60.00000000000001,0.0018452401020419631
190,194,120.2,11.866748064114399,29.999999999999996,0.002410713282312352
190,195,110.65452254423656,28.4,60.00000000000001,0.0018452401020419631
190,195,120.5,11.315546548840079,25.841932763166998,0.0040178461054358695
190,196,110.48131746347966,28.7,60.00000000000001,0.0018452401020419631
190,196,120.8,10.573706582235198,18.194872338766697,0.009345240102041963
190,197,111.00093270575033,27.8,60.00000000000001,0.0018452401020419631
190,197,119.9,12.386363306385057,29.999999999999996,0.002410713282312352
190,198,109.26888189818145,30.8,60.00000000000001,0.0018452401020419631
190,206,83.93846652052679,74.67356641092186,59.999999999999986,0.0018749929761864628
190,207,71.9738566697055,95.39687856528346,50.0,0.0038393007653147234
190,210,53.900000000000006,126.70171660593098,29.999999999999996,0.002410713282312352
190,222,54.2,126.18210136366032,29.999999999999996,0.002410713282312352
190,223,54.5,125.66248612138966,29.999999999999996,0.002410713282312352
190,224,54.8,125.142870879119,29.999999999999996,0.002410713282312352
190,225,84.09471999940354,74.40292744664796,39.99999999999999,0.005178573435375297
190,241,70.13846652052679,98.57586755537238,59.999999999999986,0.0018749929761864628
190,242,70.2884665205268,98.31605993423705,59.999999999999986,0.0018749929761864628
190,243,70.43846652052679,98.05625231310171,59.999999999999986,0.0018749929761864628
190,244,70.5884665205268,97.79644469196639,59.999999999999986,0.0018749929761864628
190,246,69.1218977278742,100.3366163536356,75.0,0.0019047739455851117
190,247,69.23170534900953,100.14642397477095,75.0,0.0019047739455851117
191,249,88.30384757729337,23.9,60.00000000000001,0.0018452401020419631
191,251,87.5,19.4,90.0,0.0016666666666666668
191,252,87.5,19.7,90.0,0.0016666666666666668
191,253,87.5,20.0,90.0,0.0016666666666666668
191,254,87.5,20.3,90.0,0.0016666666666666668
192,249,87.54182867015248,23.9,63.256316049597,0.0025595338435431486
192,251,86.9,19.4,90.0,0.0016666666666666668
192,252,86.9,19.7,90.0,0.0016666666666666668
192,253,86.9,20.0,90.0,0.0016666666666666668
192,254,86.9,20.3,90.0,0.0016666666666666668
193,249,87.10090916605299,23.9,66.42182152179818,0.002916680714293742
193,251,86.6,19.4,90.0,0.0016666666666666668
193,252,86.6,19.7,90.0,0.0016666666666666668
193,253,86.6,20.0,90.0,0.0016666666666666668
193,254,86.6,20.3,90.0,0.0016666666666666668
194,198,87.28901207345298,28.1,56.632987030768234,0.0021428531292494077
194,199,82.37020398708489,28.1,70.00000000000001,0.0033035804591888336
194,200,82.67020398708488,28.1,70.00000000000001,0.0033035804591888336
194,201,57.5,11.3,90.0,0.0016666666666666668
194,202,57.5,10.7,90.0,0.0016666666666666668
194,203,57.5,9.8,90.0,0.0016666666666666668
194,204,57.5,10.1,90.0,0.0016666666666666668
194,205,57.5,10.4,90.0,0.0016666666666666668
194,208,57.5,9.5,90.0,0.0016666666666666668
194,209,57.5,9.2,90.0,0.0016666666666666668
194,210,68.3,28.1,90.0,0.0016666666666666668
194,211,61.97262468181676,27.902337859639392,85.25233408265876,0.0018749929761864628
194,212,62.26058946856664,27.970592945739988,88.0786715972089,0.0018154872278974634
194,213,62.551086247501075,28.024488390596982,89.09966488944565,0.0017559533843543149
194,214,62.84411167893429,28.064043134509475,86.27581370891637,0.0018749929761864628
194,215,63.13968094486641,28.08917107607619,83.44286502350674,0.0017857062584988146
194,216,57.58184698238101,23.087656245890877,29.47454298695276,0.002410713282312352
194,217,57.69253853194739,23.60777693876922,34.554225302667334,0.004583347380960408
194,218,57.82856847007841,24.058280981220832,39.049212761128366,0.005178573435375297
194,219,57.98293847730832,24.45839609795196,43.14541092223756,0.006458340357146871
194,220,57.5,6.199999999999999,90.0,0.0016666666666666668
194,221,57.5,6.5,90.0,0.0016666666666666668
194,222,70.9377715134066,28.1,80.00000000000001,0.0018749929761864628
194,223,71.2377715134066,28.1,80.00000000000001,0.0018749929761864628
194,224,71.5377715134066,28.1,80.00000000000001,0.0018749929761864628
194,225,77.3,28.1,90.0,0.0016666666666666668
194,226,65.05750305197517,28.1,70.0,0.0033035804591888336
194,227,65.35750305197519,28.1,70.0,0.0033035804591888336
194,228,65.65750305197517,28.1,70.0,0.0033035804591888336
194,229,57.5,6.800000000000001,90.0,0.0016666666666666668
194,249,57.776364791498324,23.9,72.54239687627793,0.002232139846937056
194,250,57.5,11.0,90.0,0.0016666666666666668
194,251,57.5,19.4,90.0,0.0016666666666666668
194,252,57.5,19.7,90.0,0.0016666666666666668
194,253,57.5,20.0,90.0,0.0016666666666666668
194,254,57.5,20.3,90.0,0.0016666666666666668
195,198,87.5,28.4,53.13010235415599,0.002321426564624704
195,199,82.26101291680502,28.4,70.00000000000001,0.0033035804591888336
195,200,82.56101291680503,28.4,70.00000000000001,0.0033035804591888336
195,201,57.2,11.3,90.0,0.0016666666666666668
195,202,57.2,10.7,90.0,0.0016666666666666668
195,203,57.2,9.8,90.0,0.0016666666666666668
195,204,57.2,10.1,90.0,0.0016666666666666668
195,205,57.2,10.4,90.0,0.0016666666666666668
195,208,57.2,9.5,90.0,0.0016666666666666668
195,209,57.2,9.192495306631454,87.13401601740117,0.0018749929761864628
195,210,68.3,28.4,90.0,0.0016666666666666668
195,211,61.90962925802734,28.25960266129546,87.58084756834107,0.0018749929761864628
195,212,62.19968034640606,28.316025742898155,89.59716400753861,0.0017559533843543149
195,213,62.49225933645504,28.358112381716623,86.77419701645583,0.0018749929761864628
195,214,62.78737812326383,28.38579511734562,83.94336111350428,0.0017857062584988146
195,215,63.08506753585197,28.398899109727118,81.09759131758607,0.00199406066327276
195,216,57.348799272737736,23.727949565791388,32.78686428579267,0.0031845127721025364
195,217,57.47665323197982,24.200916925622316,37.46678213147829,0.0055654731802703885
195,218,57.624926697781994,24.61778215226294,41.692822358821275,0.005982153894564131
195,219,57.78873800957188,24.99195749790537,45.59410225484633,0.005714293741501186
195,220,57.2,6.199999999999999,90.0,0.0016666666666666668
195,221,57.2,6.5,90.0,0.0016666666666666668
195,222,70.88487341919407,28.4,80.00000000000001,0.0018749929761864628
195,223,71.18487341919406,28.4,80.00000000000001,0.0018749929761864628
195,224,71.48487341919406,28.4,80.00000000000001,0.0018749929761864628
195,225,77.3,28.4,90.0,0.0016666666666666668
195,226,64.94831198169533,28.4,70.0,0.0033035804591888336
195,227,65.24831198169532,28.4,70.0,0.0033035804591888336
195,228,65.54831198169532,28.4,70.0,0.0033035804591888336
195,229,57.2,6.800000000000001,90.0,0.0016666666666666668
195,249,57.39052498068888,23.9,75.52248781407006,0.0019047739455851117
195,250,57.2,11.0,90.0,0.0016666666666666668
195,251,57.2,19.4,90.0,0.0016666666666666668
195,252,57.2,19.7,90.0,0.0016666666666666668
195,253,57.2,20.0,90.0,0.0016666666666666668
195,254,57.2,20.3,90.0,0.0016666666666666668
196,198,87.7403947539288,28.7,49.458398126495496,0.004404773945585112
196,199,82.15182184652517,28.7,70.00000000000001,0.0033035804591888336
196,200,82.45182184652516,28.7,70.00000000000001,0.0033035804591888336
196,201,56.9,11.3,90.0,0.0016666666666666668
196,202,56.9,10.7,90.0,0.0016666666666666668
196,203,56.9,9.8,90.0,0.0016666666666666668
196,204,56.9,10.1,90.0,0.0016666666666666668
196,205,56.9,10.4,90.0,0.0016666666666666668
196,208,56.9,9.492495306631454,87.1340160174011,0.0018749929761864628
196,209,56.9,9.16992462263972,84.2608295227332,0.0018452401020419631
196,210,68.3,28.7,90.0,0.0016666666666666668
196,211,61.84835299461466,28.607117619961873,89.90536724556625,0.0017559533843543149
196,212,62.14048591202029,28.65173406245275,87.27233610489041,0.0018749929761864628
196,213,62.43515517533452,28.68196617250396,84.4433937338602,0.0018452401020419631
196,214,62.73238821215891,28.697658400457357,81.60078292277242,0.00199406066327276
196,215,63.031975324981524,28.7,80.0,0.0018749929761864628
196,216,57.12740920564064,24.33621377603221,35.82513268950802,0.005714293741501186
196,217,57.268956836392434,24.771558082600762,40.197648427323855,0.005833333333333334
196,218,57.427535866667284,25.16010900355798,44.205976045276664,0.006309519795916074
196,219,57.59957660086297,25.511674196965334,47.944259863673906,0.005476186462582741
196,220,56.9,6.199999999999999,90.0,0.0016666666666666668
196,221,56.9,6.5,90.0,0.0016666666666666668
196,222,70.83197532498153,28.7,80.00000000000001,0.0018749929761864628
196,223,71.13197532498151,28.7,80.00000000000001,0.0018749929761864628
196,224,71.43197532498152,28.7,80.00000000000001,0.0018749929761864628
196,225,77.3,28.7,90.0,0.0016666666666666668
196,226,64.83912091141546,28.7,70.0,0.0033035804591888336
196,227,65.13912091141546,28.7,70.0,0.0033035804591888336
196,228,65.43912091141546,28.7,70.0,0.0033035804591888336
196,229,56.9,6.800000000000001,90.0,0.0016666666666666668
196,249,57.02122461732037,23.9,78.46304096718453,0.0019047739455851117
196,250,56.9,11.0,90.0,0.0016666666666666668
196,251,56.9,19.4,90.0,0.0016666666666666668
196,252,56.9,19.7,90.0,0.0016666666666666668
196,253,56.9,20.0,90.0,0.0016666666666666668
196,254,56.9,20.3,90.0,0.0016666666666666668
197,198,87.10384757729337,27.8,60.00000000000001,0.0018452401020419631
197,199,82.47939505736474,27.8,70.00000000000001,0.0033035804591888336
197,200,82.77939505736474,27.8,70.00000000000001,0.0033035804591888336
197,201,68.9,11.3,90.0,0.0016666666666666668
197,202,68.9,10.7,90.0,0.0016666666666666668
197,203,68.9,9.8,90.0,0.0016666666666666668
197,204,68.9,10.1,90.0,0.0016666666666666668
197,205,68.9,10.4,90.0,0.0016666666666666668
197,208,68.9,9.492495306631454,87.13401601740104,0.0018749929761864628
197,209,68.9,9.16992462263972,84.26082952273315,0.0018452401020419631
197,222,71.21386832861728,26.534177151441334,62.0949113926373,0.002113100255104908
197,223,71.47943219023432,26.72947419699046,65.2431747994272,0.003065473180270389
197,224,71.74837462627734,26.905610394821316,68.31351839683005,0.0031250070238135375
197,225,77.3,27.8,90.0,0.0016666666666666668
197,226,68.9,17.542826400978512,20.0,0.0050297528741445
197,227,68.9,18.36706962681489,20.0,0.0050297528741445
197,228,68.9,19.191312852651272,20.0,0.0050297528741445
197,229,68.9,6.732115979985558,81.37307344132131,0.00199406066327276
197,249,69.27950180144146,23.9,69.51268488527734,0.003363086207477833
197,250,68.9,11.0,90.0,0.0016666666666666668
197,251,68.9,19.4,90.0,0.0016666666666666668
197,252,68.9,19.7,90.0,0.0016666666666666668
197,253,68.9,20.0,90.0,0.0016666666666666668
197,254,68.9,20.3,90.0,0.0016666666666666668
198,249,86.3,23.9,90.0,0.0016666666666666668
198,251,86.3,19.4,90.0,0.0016666666666666668
198,252,86.3,19.7,90.0,0.0016666666666666668
198,253,86.3,20.0,90.0,0.0016666666666666668
198,254,86.3,20.3,90.0,0.0016666666666666668
199,206,72.57960689723564,54.99944442733891,49.999999999999986,0.004404773945585112
199,207,64.92499999999998,76.03030403229548,40.0,0.005833333333333334
199,210,57.15329099269918,97.38289904042655,10.0,0.005952372925165482
199,222,60.19479908025794,89.02642424877028,10.000000000000002,0.005952372925165482
199,223,60.7767068664937,87.42764574588267,10.000000000000002,0.005952372925165482
199,224,61.3586146527295,85.82886724299502,10.000000000000002,0.005952372925165482
199,225,78.03195055790498,40.019253336543365,29.999999999999993,0.002410713282312352
199,241,61.90781293453399,84.31995736493386,49.999999999999986,0.004404773945585112
199,242,62.02381069499815,84.0012561373513,49.999999999999986,0.004404773945585112
199,243,62.13980845546229,83.68255490976877,49.999999999999986,0.004404773945585112
199,244,62.255806215926434,83.3638536821862,49.999999999999986,0.004404773945585112
199,246,59.558879716240554,90.77359834200197,65.0,0.003065473180270389
199,247,59.6389335675173,90.55365219327874,65.0,0.003065473180270389
199,249,83.89887897100293,23.9,70.00000000000001,0.0033035804591888336
199,251,84.8,19.4,90.0,0.0016666666666666668
199,252,84.8,19.7,90.0,0.0016666666666666668
199,253,84.8,20.0,90.0,0.0016666666666666668
199,254,84.8,20.3,90.0,0.0016666666666666668
200,206,72.76360913677149,55.318145654921466,49.999999999999986,0.004404773945585112
200,207,65.07499999999999,76.44242564521367,40.0,0.005833333333333334
200,210,56.871383206463406,98.98167754331416,10.0,0.005952372925165482
200,222,59.91289129402216,90.6252027516579,10.000000000000002,0.005952372925165482
200,223,60.494799080257934,89.0264242487703,10.000000000000002,0.005952372925165482
200,224,61.07670686649372,87.42764574588261,10.000000000000002,0.005952372925165482
200,225,78.1298561046049,40.57450328358236,29.999999999999993,0.002410713282312352
200,241,62.09181517406985,84.6386585925164,49.999999999999986,0.004404773945585112
200,242,62.20781293453399,84.31995736493387,49.999999999999986,0.004404773945585112
200,243,62.323810694998144,84.0012561373513,49.999999999999986,0.004404773945585112
200,244,62.439808455462284,83.68255490976875,49.999999999999986,0.004404773945585112
200,246,59.77882586496381,90.99354449072521,65.0,0.003065473180270389
200,247,59.85887971624055,90.77359834200197,65.0,0.003065473180270389
200,249,84.19887897100293,23.9,70.00000000000001,0.0033035804591888336
200,251,85.1,19.4,90.0,0.0016666666666666668
200,252,85.1,19.7,90.0,0.0016666666666666668
200,253,85.1,20.0,90.0,0.0016666666666666668
200,254,85.1,20.3,90.0,0.0016666666666666668
201,206,56.599999999999994,11.3,89.99999999999999,0.0017559533843543149
201,207,48.8,11.3,89.99999999999999,0.0017559533843543149
201,210,68.3,11.3,90.0,0.0016666666666666668
201,211,64.90006478930881,11.3,80.0,0.0018749929761864628
201,212,65.20006478930881,11.3,80.0,0.0018749929761864628
201,213,65.50006478930882,11.3,80.0,0.0018749929761864628
201,214,65.80006478930882,11.3,80.0,0.0018749929761864628
201,215,66.10006478930882,11.3,80.0,0.0018749929761864628
201,216,61.87220298764738,11.3,70.00000000000001,0.0033035804591888336
201,217,62.17220298764739,11.3,70.00000000000001,0.0033035804591888336
201,218,62.472202987647385,11.3,70.00000000000001,0.0033035804591888336
201,219,62.77220298764738,11.3,70.00000000000001,0.0033035804591888336
201,222,73.90006478930881,11.3,80.00000000000001,0.0018749929761864628
201,223,74.20006478930881,11.3,80.00000000000001,0.0018749929761864628
201,224,74.50006478930882,11.3,80.00000000000001,0.0018749929761864628
201,225,77.3,11.3,90.0,0.0016666666666666668
201,226,71.17220298764738,11.3,70.0,0.0033035804591888336
201,227,71.47220298764738,11.3,70.0,0.0033035804591888336
201,228,71.77220298764738,11.3,70.0,0.0033035804591888336
201,241,21.799999999999997,11.3,89.99999999999999,0.0017559533843543149
201,242,22.10000000000001,11.3,89.99999999999997,0.0017559533843543149
201,243,22.400000000000006,11.3,89.99999999999997,0.0017559533843543149
201,244,22.700000000000003,11.3,89.99999999999999,0.0017559533843543149
201,245,20.0,11.178775382679625,78.46304096718453,0.0019047739455851117
201,246,30.800000000000004,11.300000000000002,90.0,0.0016666666666666668
201,247,31.1,11.300000000000002,90.0,0.0016666666666666668
201,248,30.199999999999996,11.299999999999999,90.0,0.0016666666666666668
201,249,31.4,11.3,90.0,0.0016666666666666668
201,251,41.6,11.3,90.0,0.0016666666666666668
201,252,41.3,11.3,90.0,0.0016666666666666668
201,253,41.0,11.3,90.0,0.0016666666666666668
201,254,40.7,11.3,90.0,0.0016666666666666668
201,255,38.3,11.3,90.0,0.0016666666666666668
202,206,56.599999999999994,10.7,89.99999999999999,0.0017559533843543149
202,207,48.8,10.7,89.99999999999999,0.0017559533843543149
202,210,68.3,10.7,90.0,0.0016666666666666668
202,211,65.00586097773389,10.7,80.0,0.0018749929761864628
202,212,65.30586097773389,10.7,80.0,0.0018749929761864628
202,213,65.6058609777339,10.7,80.0,0.0018749929761864628
202,214,65.9058609777339,10.7,80.0,0.0018749929761864628
202,215,66.20586097773389,10.7,80.0,0.0018749929761864628
202,216,62.090585128207096,10.7,70.00000000000001,0.0033035804591888336
202,217,62.39058512820711,10.7,70.00000000000001,0.0033035804591888336
202,218,62.690585128207104,10.7,70.00000000000001,0.0033035804591888336
202,219,62.9905851282071,10.7,70.00000000000001,0.0033035804591888336
202,222,74.00586097773389,10.7,80.00000000000001,0.0018749929761864628
202,223,74.30586097773389,10.7,80.00000000000001,0.0018749929761864628
202,224,74.6058609777339,10.7,80.00000000000001,0.0018749929761864628
202,225,77.3,10.7,90.0,0.0016666666666666668
202,226,71.3905851282071,10.7,70.0,0.0033035804591888336
202,227,71.6905851282071,10.7,70.0,0.0033035804591888336
202,228,71.9905851282071,10.7,70.0,0.0033035804591888336
202,229,33.27950180144144,6.8,69.51268488527734,0.003363086207477833
202,251,41.6,10.7,90.0,0.0016666666666666668
202,252,41.3,10.7,90.0,0.0016666666666666668
202,253,41.0,10.7,90.0,0.0016666666666666668
202,254,40.7,10.7,90.0,0.0016666666666666668
202,255,38.3,10.66992462263972,84.2608295227332,0.0018452401020419631
203,206,56.599999999999994,9.8,89.99999999999999,0.0017559533843543149
203,207,48.8,9.8,89.99999999999999,0.0017559533843543149
203,210,68.3,9.8,90.0,0.0016666666666666668
203,211,65.16455526037151,9.8,80.0,0.0018749929761864628
203,212,65.46455526037151,9.8,80.0,0.0018749929761864628
203,213,65.76455526037151,9.8,80.0,0.0018749929761864628
203,214,66.06455526037152,9.8,80.0,0.0018749929761864628
203,215,66.36455526037152,9.8,80.0,0.0018749929761864628
203,216,62.418158339046684,9.8,70.00000000000001,0.0033035804591888336
203,217,62.718158339046695,9.8,70.00000000000001,0.0033035804591888336
203,218,63.01815833904669,9.8,70.00000000000001,0.0033035804591888336
203,219,63.31815833904669,9.8,70.00000000000001,0.0033035804591888336
203,220,43.00090916605299,6.2,66.42182152179818,0.002916680714293742
203,221,43.14182867015248,6.5,63.256316049597,0.0025595338435431486
203,222,74.16455526037151,9.8,80.00000000000001,0.0018749929761864628
203,223,74.46455526037151,9.8,80.00000000000001,0.0018749929761864628
203,224,74.76455526037152,9.8,80.00000000000001,0.0018749929761864628
203,225,77.3,9.792495306631455,87.13401601740117,0.0018749929761864628
203,226,71.7181583390467,9.8,70.0,0.0033035804591888336
203,227,72.01815833904669,9.8,70.0,0.0033035804591888336
203,228,72.31815833904669,9.8,70.0,0.0033035804591888336
203,229,43.30384757729337,6.8,60.00000000000001,0.0018452401020419631
204,206,56.599999999999994,10.1,89.99999999999999,0.0017559533843543149
204,207,48.8,10.099999999999998,89.99999999999999,0.0017559533843543149
204,210,68.3,10.1,90.0,0.0016666666666666668
204,211,65.11165716615898,10.1,80.0,0.0018749929761864628
204,212,65.41165716615896,10.1,80.0,0.0018749929761864628
204,213,65.71165716615897,10.1,80.0,0.0018749929761864628
204,214,66.01165716615897,10.1,80.0,0.0018749929761864628
204,215,66.31165716615897,10.1,80.0,0.0018749929761864628
204,216,62.30896726876682,10.1,70.00000000000001,0.0033035804591888336
204,217,62.60896726876683,10.1,70.00000000000001,0.0033035804591888336
204,218,62.90896726876683,10.1,70.00000000000001,0.0033035804591888336
204,219,63.20896726876683,10.1,70.00000000000001,0.0033035804591888336
204,220,42.579501801441445,6.2,69.51268488527734,0.003363086207477833
204,221,42.700909166052995,6.5,66.42182152179817,0.002916680714293742
204,222,74.11165716615896,10.1,80.00000000000001,0.0018749929761864628
204,223,74.41165716615896,10.1,80.00000000000001,0.0018749929761864628
204,224,74.71165716615897,10.1,80.00000000000001,0.0018749929761864628
204,225,77.3,10.100000000000001,90.0,0.0016666666666666668
204,226,71.60896726876683,10.1,70.0,0.0033035804591888336
204,227,71.90896726876683,10.1,70.0,0.0033035804591888336
204,228,72.20896726876683,10.1,70.0,0.0033035804591888336
204,229,42.84182867015248,6.8,63.25631604959698,0.0025595338435431486
205,206,56.599999999999994,10.4,89.99999999999999,0.0017559533843543149
205,207,48.8,10.400000000000002,89.99999999999999,0.0017559533843543149
205,210,68.3,10.4,90.0,0.0016666666666666668
205,211,65.05875907194643,10.4,80.0,0.0018749929761864628
205,212,65.35875907194642,10.4,80.0,0.0018749929761864628
205,213,65.65875907194643,10.4,80.0,0.0018749929761864628
205,214,65.95875907194643,10.4,80.0,0.0018749929761864628
205,215,66.25875907194643,10.4,80.0,0.0018749929761864628
205,216,62.19977619848696,10.4,70.00000000000001,0.0033035804591888336
205,217,62.49977619848697,10.4,70.00000000000001,0.0033035804591888336
205,218,62.79977619848697,10.4,70.00000000000001,0.0033035804591888336
205,219,63.099776198486964,10.4,70.00000000000001,0.0033035804591888336
205,220,42.17636479149832,6.2,72.54239687627792,0.002232139846937056
205,221,42.27950180144144,6.5,69.51268488527734,0.003363086207477833
205,222,74.05875907194643,10.4,80.00000000000001,0.0018749929761864628
205,223,74.35875907194642,10.4,80.00000000000001,0.0018749929761864628
205,224,74.65875907194643,10.4,80.00000000000001,0.0018749929761864628
205,225,77.3,10.399999999999999,90.0,0.0016666666666666668
205,226,71.49977619848697,10.4,70.0,0.0033035804591888336
205,227,71.79977619848697,10.4,70.0,0.0033035804591888336
205,228,72.09977619848696,10.4,70.0,0.0033035804591888336
205,229,42.40090916605299,6.8,66.42182152179818,0.002916680714293742
206,208,56.6,9.46992462263972,84.26082952273322,0.0018452401020419631
206,209,56.6,9.132115979985556,81.3730734413214,0.00199406066327276
206,210,66.48727894288169,44.4472228740257,39.99999999999999,0.005178573435375297
206,211,60.79406430975223,34.58628587105086,39.99999999999999,0.005178573435375297
206,212,61.02387764268792,34.98433423995222,39.99999999999999,0.005178573435375297
206,213,61.25369097562363,35.382382608853604,39.99999999999999,0.005178573435375297
206,214,61.48350430855932,35.78043097775496,39.99999999999999,0.005178573435375297
206,215,61.71331764149501,36.17847934665632,39.99999999999999,0.005178573435375297
206,216,56.600406974701585,25.784140505539472,20.66734155134276,0.0050297528741445
206,217,56.6485610653864,26.47608145456497,27.29456599352874,0.002857146870750593
206,218,56.74638927403779,27.031543886145982,32.6824631985833,0.0031845127721025364
206,219,56.873740554290414,27.505892345149643,37.37387650493522,0.0055654731802703885
206,220,56.6,6.199999999999999,89.99999999999999,0.0017559533843543149
206,221,56.6,6.5,89.99999999999999,0.0017559533843543149
206,222,67.68846429782303,46.527736938091756,39.99999999999999,0.005178573435375297
206,223,67.91827763075872,46.92578530699311,39.99999999999999,0.005178573435375297
206,224,68.14809096369441,47.32383367589449,39.99999999999999,0.005178573435375297
206,225,84.232127002672,75.18220128617253,19.999999999999993,0.006815487227897463
206,226,61.96102108232026,36.60751429137529,49.99999999999999,0.004404773945585112
206,227,62.145023321856115,36.92621551895785,49.99999999999999,0.004404773945585112
206,228,62.32902556139196,37.2449167465404,49.99999999999999,0.004404773945585112
206,229,56.6,6.800000000000001,89.99999999999999,0.0017559533843543149
206,249,56.599999999999994,23.9,89.99999999999999,0.0017559533843543149
206,250,56.599999999999994,11.0,89.99999999999999,0.0017559533843543149
206,251,56.599999999999994,19.4,89.99999999999999,0.0017559533843543149
206,252,56.599999999999994,19.7,89.99999999999999,0.0017559533843543149
206,253,56.599999999999994,20.0,89.99999999999999,0.0017559533843543149
206,254,56.599999999999994,20.3,89.99999999999999,0.0017559533843543149
207,210,62.22591378704908,68.61462560905157,29.999999999999993,0.002410713282312352
207,211,57.219384861574326,54.85930043646325,29.999999999999996,0.002410713282312352
207,212,57.421479314874404,55.414550383502245,30.000000000000004,0.0026488205612307967
207,213,57.623573768174495,55.96980033054126,30.000000000000004,0.0026488205612307967
207,214,57.82566822147456,56.52505027758025,29.999999999999996,0.002410713282312352
207,215,58.02776267477464,57.080300224619236,29.999999999999996,0.002410713282312352
207,216,51.61864953244513,39.47140658733907,40.0,0.005833333333333334
207,217,51.76864953244514,39.883528200257274,40.0,0.005833333333333334
207,218,51.918649532445144,40.295649813175466,40.0,0.005833333333333334
207,219,52.068649532445136,40.70777142609365,40.0,0.005833333333333334
207,220,48.8,6.199999999999999,89.99999999999999,0.0017559533843543149
207,221,48.8,6.5,89.99999999999999,0.0017559533843543149
207,222,63.2822184605767,71.51679884763308,29.999999999999996,0.002410713282312352
207,223,63.48431291387678,72.07204879467207,29.999999999999996,0.002410713282312352
207,224,63.68640736717686,72.62729874171109,29.999999999999996,0.002410713282312352
207,226,56.268649532445146,52.24717658780308,40.00000000000001,0.005833333333333334
207,227,56.418649532445144,52.65929820072127,40.00000000000001,0.005833333333333334
207,228,56.568649532445136,53.07141981363945,40.00000000000001,0.005833333333333334
207,229,48.8,6.800000000000001,89.99999999999999,0.0017559533843543149
207,241,78.23524267806553,112.59989523774179,9.999999999999991,0.0073512075340233535
207,242,77.72352155889408,111.19395301776015,9.999999999999991,0.0073512075340233535
207,243,77.21180043972261,109.7880107977785,9.999999999999991,0.0073512075340233535
207,244,76.70007932055115,108.38206857779687,9.999999999999991,0.0073512075340233535
207,246,76.43268208480882,107.64740071057025,25.0,0.0040178461054358695
207,247,76.26100604673238,107.1757246724938,25.0,0.0040178461054358695
207,249,48.79999999999999,23.9,89.99999999999999,0.0017559533843543149
207,250,48.8,11.0,89.99999999999999,0.0017559533843543149
207,251,48.79999999999999,19.4,89.99999999999999,0.0017559533843543149
207,252,48.79999999999999,19.7,89.99999999999999,0.0017559533843543149
207,253,48.79999999999999,20.0,89.99999999999999,0.0017559533843543149
207,254,48.79999999999999,20.3,89.99999999999999,0.0017559533843543149
208,210,68.3,9.5,90.0,0.0016666666666666668
208,211,65.21745335458405,9.5,80.0,0.0018749929761864628
208,212,65.51745335458405,9.5,80.0,0.0018749929761864628
208,213,65.81745335458406,9.5,80.0,0.0018749929761864628
208,214,66.11745335458406,9.5,80.0,0.0018749929761864628
208,215,66.41745335458405,9.5,80.0,0.0018749929761864628
208,216,62.52734940932654,9.5,70.00000000000001,0.0033035804591888336
208,217,62.82734940932655,9.5,70.00000000000001,0.0033035804591888336
208,218,63.12734940932655,9.5,70.00000000000001,0.0033035804591888336
208,219,63.427349409326546,9.5,70.00000000000001,0.0033035804591888336
208,220,51.84182867015248,6.2,63.25631604959698,0.0025595338435431486
208,221,52.00384757729337,6.5,60.00000000000001,0.0018452401020419631
208,226,72.28883892218666,8.232067984101743,32.062139361341046,0.0031845127721025364
208,226,74.6,1.8734993995195541,18.194872338767127,0.009345240102041963
208,227,72.72547884698153,7.856652876131847,26.561166295225956,0.0034226200510209816
208,227,74.6,2.706448335923575,20.0,0.0050297528741445
208,228,73.2160744355159,7.332995800385959,19.704826889153345,0.006815487227897463
208,228,74.59992037881918,3.5309103191563747,19.704826889153317,0.006815487227897463
208,229,52.189012073452986,6.8,56.632987030768234,0.0021428531292494077
209,210,68.3,9.2,90.0,0.0016666666666666668
209,211,65.27035144879659,9.2,80.0,0.0018749929761864628
209,212,65.57035144879659,9.2,80.0,0.0018749929761864628
209,213,65.8703514487966,9.2,80.0,0.0018749929761864628
209,214,66.1703514487966,9.2,80.0,0.0018749929761864628
209,215,66.47035144879659,9.2,80.0,0.0018749929761864628
209,216,62.6365404796064,9.2,70.00000000000001,0.0033035804591888336
209,217,62.936540479606414,9.2,70.00000000000001,0.0033035804591888336
209,218,63.23654047960641,9.2,70.00000000000001,0.0033035804591888336
209,219,63.53654047960641,9.2,70.00000000000001,0.0033035804591888336
209,220,52.30384757729337,6.2,59.99999999999999,0.0018749929761864628
209,221,52.48901207345298,6.5,56.632987030768234,0.0021428531292494077
209,226,72.59573760553933,7.388870781529938,24.278376332185285,0.004821426564624704
209,226,74.3,2.706448335923575,20.0,0.0050297528741445
209,227,73.11966901340138,6.773624294922246,16.55570538131481,0.012797613027207446
209,227,74.28916208383967,3.560468491684392,16.5557053813148,0.012797613027207446
209,229,52.7,6.8,53.13010235415596,0.002321426564624704
210,226,68.3,19.191312852651308,20.0,0.0050297528741445
210,227,68.3,20.015556078487684,20.0,0.0050297528741445
210,228,68.3,20.839799304324067,20.0,0.0050297528741445
210,229,68.3,6.792495306631453,87.13401601740117,0.0018749929761864628
210,241,60.03010557296549,81.06767281295112,39.99999999999999,0.005178573435375297
210,242,60.100292240029795,80.66962444404976,39.99999999999999,0.005178573435375297
210,243,60.1704789070941,80.27157607514839,39.99999999999999,0.005178573435375297
210,244,60.240665574158406,79.87352770624703,39.99999999999999,0.005178573435375297
210,246,58.50458893898839,89.71930756474981,55.0,0.0021726340986480564
210,247,58.549557808256935,89.46427643401836,55.0,0.0021726340986480564
210,249,68.3,23.9,90.0,0.0016666666666666668
210,250,68.3,11.0,90.0,0.0016666666666666668
210,251,68.3,19.4,90.0,0.0016666666666666668
210,252,68.3,19.7,90.0,0.0016666666666666668
210,253,68.3,20.0,90.0,0.0016666666666666668
210,254,68.3,20.3,90.0,0.0016666666666666668
211,226,59.00618280778063,44.725865728813176,10.000000000000004,0.005952372925165482
211,227,58.72427502154486,46.32464423170077,10.000000000000004,0.005952372925165482
211,228,58.44236723530909,47.92342273458837,10.000000000000004,0.005952372925165482
211,229,65.6935362024969,6.8,80.0,0.0018749929761864628
211,241,54.336890939836024,71.20673580997627,39.99999999999999,0.005178573435375297
211,242,54.40707760690033,70.80868744107491,39.99999999999999,0.005178573435375297
211,243,54.477264273964636,70.41063907217355,39.99999999999999,0.005178573435375297
211,244,54.54745094102894,70.0125907032722,39.99999999999999,0.005178573435375297
211,246,52.186648431201725,83.40136705696315,55.0,0.0021726340986480564
211,247,52.23161730047026,83.1463359262317,55.0,0.0021726340986480564
211,249,62.67834483238215,23.9,80.0,0.0018749929761864628
211,250,64.95296288352135,11.0,80.0,0.0018749929761864628
211,251,63.471816245570245,19.4,80.0,0.0018749929761864628
211,252,63.41891815135771,19.7,80.0,0.0018749929761864628
211,253,63.366020057145164,20.0,80.0,0.0018749929761864628
211,254,63.31312196293263,20.3,80.0,0.0018749929761864628
212,226,59.58809059401639,43.12708722592559,10.000000000000002,0.005952372925165482
212,227,59.30618280778063,44.725865728813176,10.000000000000002,0.005952372925165482
212,228,59.02427502154485,46.32464423170077,10.000000000000002,0.005952372925165482
212,229,65.9935362024969,6.8,80.0,0.0018749929761864628
212,241,54.56670427277171,71.60478417887762,39.99999999999999,0.005178573435375297
212,242,54.636890939836015,71.20673580997627,39.99999999999999,0.005178573435375297
212,243,54.70707760690032,70.80868744107491,39.99999999999999,0.005178573435375297
212,244,54.777264273964626,70.41063907217355,39.99999999999999,0.005178573435375297
212,246,52.44167956193317,83.65639818769459,55.0,0.0021726340986480564
212,247,52.486648431201715,83.40136705696315,55.0,0.0021726340986480564
212,249,62.97834483238215,23.9,80.0,0.0018749929761864628
212,250,65.25296288352135,11.0,80.0,0.0018749929761864628
212,251,63.771816245570236,19.4,80.0,0.0018749929761864628
212,252,63.718918151357705,19.7,80.0,0.0018749929761864628
212,253,63.66602005714516,20.0,80.0,0.0018749929761864628
212,254,63.613121962932624,20.3,80.0,0.0018749929761864628
213,226,60.169998380252196,41.52830872303791,10.000000000000002,0.005952372925165482
213,227,59.88809059401642,43.12708722592551,10.000000000000002,0.005952372925165482
213,228,59.606182807780655,44.725865728813105,10.000000000000002,0.005952372925165482
213,229,66.29353620249691,6.8,80.0,0.0018749929761864628
213,241,54.79651760570741,72.00283254777901,39.99999999999999,0.005178573435375297
213,242,54.86670427277171,71.60478417887765,39.99999999999999,0.005178573435375297
213,243,54.93689093983602,71.2067358099763,39.99999999999999,0.005178573435375297
213,244,55.00707760690033,70.80868744107492,39.99999999999999,0.005178573435375297
213,246,52.69671069266464,83.91142931842606,55.0,0.0021726340986480564
213,247,52.74167956193318,83.6563981876946,55.0,0.0021726340986480564
213,249,63.27834483238216,23.9,80.0,0.0018749929761864628
213,250,65.55296288352136,11.0,80.0,0.0018749929761864628
213,251,64.07181624557026,19.4,80.0,0.0018749929761864628
213,252,64.01891815135771,19.7,80.0,0.0018749929761864628
213,253,63.96602005714517,20.0,80.0,0.0018749929761864628
213,254,63.913121962932635,20.3,80.0,0.0018749929761864628
214,226,60.751906166487956,39.9295302201503,10.000000000000004,0.005952372925165482
214,227,60.46999838025219,41.528308723037895,10.000000000000004,0.005952372925165482
214,228,60.188090594016415,43.12708722592549,10.000000000000004,0.005952372925165482
214,229,66.5935362024969,6.8,80.0,0.0018749929761864628
214,241,55.026330938643106,72.40088091668036,39.99999999999999,0.005178573435375297
214,242,55.09651760570741,72.00283254777901,39.99999999999999,0.005178573435375297
214,243,55.166704272771725,71.60478417887765,39.99999999999999,0.005178573435375297
214,244,55.23689093983602,71.2067358099763,39.99999999999999,0.005178573435375297
214,246,52.95174182339609,84.16646044915753,55.0,0.0021726340986480564
214,247,52.996710692664635,83.91142931842606,55.0,0.0021726340986480564
214,249,63.57834483238216,23.9,80.0,0.0018749929761864628
214,250,65.85296288352136,11.0,80.0,0.0018749929761864628
214,251,64.37181624557024,19.4,80.0,0.0018749929761864628
214,252,64.3189181513577,19.7,80.0,0.0018749929761864628
214,253,64.26602005714517,20.0,80.0,0.0018749929761864628
214,254,64.21312196293263,20.3,80.0,0.0018749929761864628
215,226,61.33381395272373,38.330751717262714,10.000000000000004,0.005952372925165482
215,227,61.05190616648795,39.9295302201503,10.000000000000004,0.005952372925165482
215,228,60.76999838025219,41.528308723037895,10.000000000000004,0.005952372925165482
215,229,66.8935362024969,6.8,80.0,0.0018749929761864628
215,241,55.25614427157879,72.79892928558172,39.99999999999999,0.005178573435375297
215,242,55.3263309386431,72.40088091668036,39.99999999999999,0.005178573435375297
215,243,55.39651760570741,72.00283254777901,39.99999999999999,0.005178573435375297
215,244,55.46670427277172,71.60478417887765,39.99999999999999,0.005178573435375297
215,246,53.20677295412755,84.421491579889,55.0,0.0021726340986480564
215,247,53.25174182339609,84.16646044915753,55.0,0.0021726340986480564
215,249,63.878344832382155,23.9,80.0,0.0018749929761864628
215,250,66.15296288352135,11.0,80.0,0.0018749929761864628
215,251,64.67181624557026,19.4,80.0,0.0018749929761864628
215,252,64.61891815135772,19.7,80.0,0.0018749929761864628
215,253,64.56602005714517,20.0,80.0,0.0018749929761864628
215,254,64.51312196293263,20.3,80.0,0.0018749929761864628
216,229,63.510069041845284,6.8,70.00000000000001,0.0033035804591888336
216,241,45.58515769400721,56.04828917391105,49.999999999999986,0.004404773945585112
216,242,45.70115545447135,55.72958794632851,49.999999999999986,0.004404773945585112
216,243,45.817153214935495,55.41088671874596,49.999999999999986,0.004404773945585112
216,244,45.93315097539964,55.092185491163406,49.999999999999986,0.004404773945585112
216,245,26.750749871237467,107.79539937577042,29.999999999999996,0.002410713282312352
216,246,40.047676123570525,71.26239474933195,65.0,0.003065473180270389
216,247,40.12772997484728,71.0424486006087,65.0,0.003065473180270389
216,248,33.01567792353992,90.5826510175616,29.999999999999996,0.002410713282312352
216,249,57.28617803589323,23.9,70.00000000000001,0.0033035804591888336
216,250,61.98139405792723,11.0,70.00000000000001,0.0033035804591888336
216,251,58.92404409009114,19.4,70.00000000000001,0.0033035804591888336
216,252,58.81485301981128,19.7,70.00000000000001,0.0033035804591888336
216,253,58.70566194953142,20.0,70.00000000000001,0.0033035804591888336
216,254,58.596470879251555,20.3,70.00000000000001,0.0033035804591888336
216,255,24.559054882228196,113.81703186840524,11.954616236970011,0.008839300765314723
217,229,63.810069041845296,6.8,70.00000000000001,0.0033035804591888336
217,241,45.769159933543065,56.366990401493624,49.999999999999986,0.004404773945585112
217,242,45.885157694007205,56.048289173911066,49.999999999999986,0.004404773945585112
217,243,46.00115545447136,55.72958794632853,49.999999999999986,0.004404773945585112
217,244,46.1171532149355,55.410886718745964,49.999999999999986,0.004404773945585112
217,245,26.848655417937394,108.35064932280942,29.999999999999996,0.002410713282312352
217,246,40.26762227229378,71.48234089805521,65.0,0.003065473180270389
217,247,40.34767612357053,71.26239474933195,65.0,0.003065473180270389
217,248,33.113583470239845,91.13790096460062,29.999999999999996,0.002410713282312352
217,249,57.58617803589324,23.9,70.00000000000001,0.0033035804591888336
217,250,62.281394057927244,11.0,70.00000000000001,0.0033035804591888336
217,251,59.22404409009115,19.4,70.00000000000001,0.0033035804591888336
217,252,59.11485301981129,19.7,70.00000000000001,0.0033035804591888336
217,253,59.00566194953143,20.0,70.00000000000001,0.0033035804591888336
217,254,58.89647087925157,20.3,70.00000000000001,0.0033035804591888336
217,255,24.5,114.80352704967217,20.0,0.0050297528741445
218,229,64.11006904184529,6.8,70.00000000000001,0.0033035804591888336
218,241,45.95316217307891,56.68569162907617,49.999999999999986,0.004404773945585112
218,242,46.06915993354306,56.366990401493624,49.999999999999986,0.004404773945585112
218,243,46.1851576940072,56.048289173911066,49.999999999999986,0.004404773945585112
218,244,46.301155454471356,55.72958794632853,49.999999999999986,0.004404773945585112
218,245,26.946560964637314,108.90589926984842,29.999999999999996,0.002410713282312352
218,246,40.48756842101704,71.70228704677847,65.0,0.003065473180270389
218,247,40.567622272293775,71.48234089805521,65.0,0.003065473180270389
218,248,33.211489016939765,91.6931509116396,29.999999999999996,0.002410713282312352
218,249,57.88617803589324,23.9,70.00000000000001,0.0033035804591888336
218,250,62.58139405792724,11.0,70.00000000000001,0.0033035804591888336
218,251,59.52404409009115,19.4,70.00000000000001,0.0033035804591888336
218,252,59.41485301981129,19.7,70.00000000000001,0.0033035804591888336
218,253,59.30566194953143,20.0,70.00000000000001,0.0033035804591888336
218,254,59.196470879251564,20.3,70.00000000000001,0.0033035804591888336
218,255,24.5,115.62777027550854,20.0,0.0050297528741445
219,229,64.41006904184529,6.8,70.00000000000001,0.0033035804591888336
219,241,46.13716441261476,57.004392856658725,49.999999999999986,0.004404773945585112
219,242,46.253162173078906,56.68569162907617,49.999999999999986,0.004404773945585112
219,243,46.36915993354306,56.366990401493624,49.999999999999986,0.004404773945585112
219,244,46.4851576940072,56.048289173911066,49.999999999999986,0.004404773945585112
219,245,27.044466511337234,109.4611492168874,29.999999999999996,0.002410713282312352
219,246,40.70751456974028,71.9222331955017,65.0,0.003065473180270389
219,247,40.787568421017035,71.70228704677847,65.0,0.003065473180270389
219,248,33.309394563639685,92.2484008586786,29.999999999999996,0.002410713282312352
219,249,58.186178035893235,23.9,70.00000000000001,0.0033035804591888336
219,250,62.881394057927245,11.0,70.00000000000001,0.0033035804591888336
219,251,59.82404409009114,19.4,70.00000000000001,0.0033035804591888336
219,252,59.71485301981129,19.7,70.00000000000001,0.0033035804591888336
219,253,59.605661949531424,20.0,70.00000000000001,0.0033035804591888336
219,254,59.49647087925156,20.3,70.00000000000001,0.0033035804591888336
219,255,24.5,116.45201350134494,20.0,0.0050297528741445
220,251,41.6,6.2,90.0,0.0016666666666666668
220,252,41.3,6.2,90.0,0.0016666666666666668
220,253,41.0,6.2,90.0,0.0016666666666666668
220,254,40.7,6.199999999999999,90.0,0.0016666666666666668
220,255,38.3,6.078775382679627,78.46304096718448,0.0019047739455851117
221,251,41.6,6.5,90.0,0.0016666666666666668
221,252,41.3,6.5,90.0,0.0016666666666666668
221,253,41.0,6.5,90.0,0.0016666666666666668
221,254,40.7,6.5,90.0,0.0016666666666666668
221,255,38.3,6.432115979985556,81.37307344132131,0.00199406066327276
222,241,61.23129092790683,83.14818687701715,39.99999999999999,0.005178573435375297
222,242,61.301477594971125,82.75013850811581,39.99999999999999,0.005178573435375297
222,243,61.37166426203544,82.35209013921445,39.99999999999999,0.005178573435375297
222,244,61.44185092909974,81.95404177031308,39.99999999999999,0.005178573435375297
222,246,59.83758235314542,91.05230097890684,55.0,0.0021726340986480564
222,247,59.882551222413966,90.79726984817538,55.0,0.0021726340986480564
222,249,71.67834483238215,23.9,80.00000000000001,0.0018749929761864628
222,250,73.95296288352135,11.0,80.00000000000001,0.0018749929761864628
222,251,72.47181624557024,19.4,80.00000000000001,0.0018749929761864628
222,252,72.4189181513577,19.7,80.00000000000001,0.0018749929761864628
222,253,72.36602005714516,20.0,80.00000000000001,0.0018749929761864628
222,254,72.31312196293263,20.3,80.00000000000001,0.0018749929761864628
223,241,61.46110426084252,83.54623524591852,39.99999999999999,0.005178573435375297
223,242,61.531290927906824,83.14818687701715,39.99999999999999,0.005178573435375297
223,243,61.60147759497112,82.75013850811581,39.99999999999999,0.005178573435375297
223,244,61.671664262035435,82.35209013921445,39.99999999999999,0.005178573435375297
223,246,60.092613483876875,91.30733210963828,55.0,0.0021726340986480564
223,247,60.13758235314542,91.05230097890684,55.0,0.0021726340986480564
223,249,71.97834483238216,23.9,80.00000000000001,0.0018749929761864628
223,250,74.25296288352135,11.0,80.00000000000001,0.0018749929761864628
223,251,72.77181624557025,19.4,80.00000000000001,0.0018749929761864628
223,252,72.7189181513577,19.7,80.00000000000001,0.0018749929761864628
223,253,72.66602005714516,20.0,80.00000000000001,0.0018749929761864628
223,254,72.61312196293262,20.3,80.00000000000001,0.0018749929761864628
224,241,61.69091759377821,83.94428361481991,39.99999999999999,0.005178573435375297
224,242,61.76110426084252,83.54623524591855,39.99999999999999,0.005178573435375297
224,243,61.83129092790683,83.14818687701718,39.99999999999999,0.005178573435375297
224,244,61.90147759497113,82.75013850811581,39.99999999999999,0.005178573435375297
224,246,60.347644614608335,91.56236324036976,55.0,0.0021726340986480564
224,247,60.39261348387687,91.30733210963831,55.0,0.0021726340986480564
224,249,72.27834483238216,23.9,80.00000000000001,0.0018749929761864628
224,250,74.55296288352136,11.0,80.00000000000001,0.0018749929761864628
224,251,73.07181624557026,19.4,80.00000000000001,0.0018749929761864628
224,252,73.01891815135771,19.7,80.00000000000001,0.0018749929761864628
224,253,72.96602005714517,20.0,80.00000000000001,0.0018749929761864628
224,254,72.91312196293264,20.3,80.00000000000001,0.0018749929761864628
225,241,91.1,134.882308546376,29.999999999999993,0.002410713282312352
225,242,91.1,134.36269330410533,29.999999999999993,0.002410713282312352
225,243,91.1,133.8430780618347,29.999999999999993,0.002410713282312352
225,244,91.1,133.323462819564,29.999999999999993,0.002410713282312352
225,246,91.1,122.31471862576142,45.0,0.005714293741501186
225,247,91.1,122.01471862576142,45.0,0.005714293741501186
225,249,77.3,23.9,90.0,0.0016666666666666668
225,250,77.3,11.0,90.0,0.0016666666666666668
225,251,77.3,19.4,90.0,0.0016666666666666668
225,252,77.3,19.7,90.0,0.0016666666666666668
225,253,77.3,20.0,90.0,0.0016666666666666668
225,254,77.3,20.3,90.0,0.0016666666666666668
226,241,51.28922711961861,65.92802722897025,49.99999999999999,0.004404773945585112
226,242,51.405224880082756,65.60932600138769,49.99999999999999,0.004404773945585112
226,243,51.5212226405469,65.29062477380513,49.99999999999999,0.004404773945585112
226,244,51.63722040101105,64.97192354622258,49.99999999999999,0.004404773945585112
226,245,29.78582181893502,125.00814773397923,29.999999999999996,0.002410713282312352
226,246,46.866006733991284,78.0807253597527,65.0,0.003065473180270389
226,247,46.94606058526803,77.86077921102945,65.0,0.003065473180270389
226,248,36.05074987123747,107.79539937577043,30.000000000000004,0.0026488205612307967
226,249,66.58617803589324,23.9,70.0,0.0033035804591888336
226,250,71.28139405792724,11.0,70.0,0.0033035804591888336
226,251,68.22404409009116,19.4,70.0,0.0033035804591888336
226,252,68.11485301981129,19.7,70.0,0.0033035804591888336
226,253,68.00566194953143,20.0,70.0,0.0033035804591888336
226,254,67.89647087925157,20.3,70.0,0.0033035804591888336
227,241,51.47322935915446,66.24672845655279,49.99999999999999,0.004404773945585112
227,242,51.589227119618606,65.92802722897025,49.99999999999999,0.004404773945585112
227,243,51.70522488008275,65.60932600138769,49.99999999999999,0.004404773945585112
227,244,51.8212226405469,65.29062477380513,49.99999999999999,0.004404773945585112
227,245,29.883727365634936,125.56339768101822,29.999999999999996,0.002410713282312352
227,246,47.08595288271452,78.30067150847594,65.0,0.003065473180270389
227,247,47.16600673399128,78.0807253597527,65.0,0.003065473180270389
227,248,36.14865541793739,108.35064932280942,30.000000000000004,0.0026488205612307967
227,249,66.88617803589324,23.9,70.0,0.0033035804591888336
227,250,71.58139405792724,11.0,70.0,0.0033035804591888336
227,251,68.52404409009114,19.4,70.0,0.0033035804591888336
227,252,68.41485301981129,19.7,70.0,0.0033035804591888336
227,253,68.30566194953143,20.0,70.0,0.0033035804591888336
227,254,68.19647087925156,20.3,70.0,0.0033035804591888336
228,241,51.65723159869031,66.56542968413535,49.99999999999999,0.004404773945585112
228,242,51.773229359154456,66.24672845655279,49.99999999999999,0.004404773945585112
228,243,51.8892271196186,65.92802722897025,49.99999999999999,0.004404773945585112
228,244,52.00522488008275,65.60932600138769,49.99999999999999,0.004404773945585112
228,245,29.98163291233486,126.1186476280572,29.999999999999996,0.002410713282312352
228,246,47.305899031437775,78.5206176571992,65.0,0.003065473180270389
228,247,47.38595288271452,78.30067150847594,65.0,0.003065473180270389
228,248,36.24656096463731,108.9058992698484,30.000000000000004,0.0026488205612307967
228,249,67.18617803589324,23.9,70.0,0.0033035804591888336
228,250,71.88139405792724,11.0,70.0,0.0033035804591888336
228,251,68.82404409009115,19.4,70.0,0.0033035804591888336
228,252,68.71485301981129,19.7,70.0,0.0033035804591888336
228,253,68.60566194953142,20.0,70.0,0.0033035804591888336
228,254,68.49647087925156,20.3,70.0,0.0033035804591888336
229,241,21.799999999999997,6.8,89.99999999999999,0.0017559533843543149
229,242,22.10000000000001,6.8,89.99999999999997,0.0017559533843543149
229,243,22.400000000000006,6.8,89.99999999999997,0.0017559533843543149
229,244,22.700000000000003,6.8,89.99999999999999,0.0017559533843543149
229,245,20.0,6.60947501931112,75.52248781407006,0.0019047739455851117
229,246,30.800000000000004,6.799999999999999,90.0,0.0016666666666666668
229,247,31.1,6.799999999999999,90.0,0.0016666666666666668
229,248,30.199999999999996,6.799999999999999,90.0,0.0016666666666666668
229,249,31.4,6.800000000000001,90.0,0.0016666666666666668
229,250,32.876364791498325,6.8,72.54239687627792,0.002232139846937056
229,251,41.6,6.8,90.0,0.0016666666666666668
229,252,41.3,6.8,90.0,0.0016666666666666668
229,253,41.0,6.8,90.0,0.0016666666666666668
229,254,40.7,6.8,90.0,0.0016666666666666668
229,255,38.3,6.8,90.0,0.0016666666666666668
241,246,30.8,30.43964484997268,29.999999999999993,0.002410713282312352
241,246,73.93235290409521,105.14707152985665,15.000000000000002,0.015327393996606094
241,247,31.099999999999998,30.959260092243326,29.999999999999993,0.002410713282312352
241,247,73.5225452829599,104.43726390872132,15.000000000000002,0.015327393996606094
241,248,30.199999999999996,29.400414365431335,29.999999999999996,0.002410713282312352
241,255,37.278585612331845,41.66088429171615,39.99999999999999,0.005178573435375297
242,246,30.799999999999994,29.920029607702,29.999999999999993,0.002410713282312352
242,246,74.64216052523055,105.85687915099197,15.000000000000002,0.015327393996606094
242,247,31.100000000000005,30.439644849972694,29.999999999999993,0.002410713282312352
242,247,74.23235290409522,105.14707152985665,15.000000000000002,0.015327393996606094
242,248,30.200000000000003,28.880799123160703,29.999999999999996,0.002410713282312352
242,255,37.34877227939615,41.262835922814794,39.99999999999999,0.005178573435375297
243,246,30.799999999999997,29.400414365431367,29.999999999999993,0.002410713282312352
243,246,75.35196814636586,106.5666867721273,15.000000000000002,0.015327393996606094
243,247,31.099999999999998,29.920029607702013,29.999999999999993,0.002410713282312352
243,247,74.94216052523055,105.85687915099197,15.000000000000002,0.015327393996606094
243,248,30.199999999999996,28.361183880890014,29.999999999999996,0.002410713282312352
243,255,37.41895894646045,40.86478755391343,39.99999999999999,0.005178573435375297
244,246,30.79999999999999,28.880799123160685,29.999999999999993,0.002410713282312352
244,246,76.06177576750119,107.27649439326262,15.000000000000002,0.015327393996606094
244,247,31.100000000000005,29.400414365431374,29.999999999999993,0.002410713282312352
244,247,75.65196814636587,106.5666867721273,15.000000000000002,0.015327393996606094
244,248,30.200000000000003,27.841568638619382,29.999999999999996,0.002410713282312352
244,255,37.48914561352477,40.466739185012074,39.99999999999999,0.005178573435375297
245,255,26.1840180590898,104.58130355293832,19.999999999999996,0.006815487227897463
246,255,33.2565069965742,64.47122562233562,55.0,0.0021726340986480564
247,255,33.301475865842754,64.21619449160417,55.0,0.0021726340986480564
248,255,30.834018059089793,78.20984309171598,20.0,0.0050297528741445
249,255,38.3,23.9,90.0,0.0016666666666666668
250,251,41.6,11.0,90.0,0.0016666666666666668
250,252,41.3,11.0,90.0,0.0016666666666666668
250,253,41.0,11.0,90.0,0.0016666666666666668
250,254,40.7,11.0,90.0,0.0016666666666666668
250,255,38.3,10.992495306631454,87.1340160174011,0.0018749929761864628
