start-state rescan (main) ...
  main PASS pairs=42909 unresolved=3 elevated=24
[608646.8] PE_E_T2000_N2880: start mode=N budget=2880 spec={"name": "PE_E_T2000", "target_policy": "LEGACY", "evaluation_policy": "E2_ORDERED_K16", "traversal_policy": "BASE", "max_targets": 2000, "k_per_target": 16, "family_round_robin": false, "relocation_side_reserve": 0, "waiting_age": false, "route_coverage": false, "multi_anchor": true, "exact_dedup": false, "decision_cache": false, "return_action": false, "cache_structural_skips": false, "window_slack_mm": 1e-05, "generation_domain": "LINE_ONLY", "path_window_settings": null, "stage_length_cap_mm": null, "notes": ""}
[608646.8] PE_E_T2000_N2880: start state=main C:\Users\lihao\Desktop\Graduation Project\OpticalWaveguideRouter3D\outputs\3d_strategy_v3\512_ablation\D_both_enabled pairs=42909
[608651.1] PE_E_T2000_N2880: INITIAL_DONE pairs=42909
[608651.3] PE_E_T2000_N2880: step 1 NO_CANDIDATES_GENERATED pairs=42909 evals=0 0s
[608651.4] PE_E_T2000_N2880: step 2 NO_CANDIDATES_GENERATED pairs=42909 evals=0 0s
[608655.1] PE_E_T2000_N2880: step 3 ELEVATED pairs=42648 evals=16 4s
[608655.2] PE_E_T2000_N2880: step 4 NO_CANDIDATES_GENERATED pairs=42648 evals=16 4s
[608655.4] PE_E_T2000_N2880: step 5 NO_CANDIDATES_GENERATED pairs=42648 evals=16 4s
[608658.5] PE_E_T2000_N2880: step 6 ELEVATED pairs=42403 evals=25 7s
[608658.7] PE_E_T2000_N2880: step 7 NO_CANDIDATES_GENERATED pairs=42403 evals=25 8s
[608658.9] PE_E_T2000_N2880: step 8 NO_CANDIDATES_GENERATED pairs=42403 evals=25 8s
[608661.8] PE_E_T2000_N2880: step 9 ELEVATED pairs=42161 evals=34 11s
[608661.9] PE_E_T2000_N2880: step 10 NO_CANDIDATES_GENERATED pairs=42161 evals=34 11s
[608662.1] PE_E_T2000_N2880: step 11 NO_CANDIDATES_GENERATED pairs=42161 evals=34 11s
[608665.2] PE_E_T2000_N2880: step 12 ELEVATED pairs=41921 evals=43 14s
[608665.4] PE_E_T2000_N2880: step 13 NO_CANDIDATES_GENERATED pairs=41921 evals=43 14s
[608665.6] PE_E_T2000_N2880: step 14 NO_CANDIDATES_GENERATED pairs=41921 evals=43 14s
[608668.9] PE_E_T2000_N2880: step 15 ELEVATED pairs=41683 evals=52 18s
[608669.0] PE_E_T2000_N2880: step 16 NO_CANDIDATES_GENERATED pairs=41683 evals=52 18s
[608669.2] PE_E_T2000_N2880: step 17 NO_CANDIDATES_GENERATED pairs=41683 evals=52 18s
[608676.1] PE_E_T2000_N2880: step 18 ELEVATED pairs=41434 evals=68 25s
[608676.3] PE_E_T2000_N2880: step 19 NO_CANDIDATES_GENERATED pairs=41434 evals=68 25s
[608676.4] PE_E_T2000_N2880: step 20 NO_CANDIDATES_GENERATED pairs=41434 evals=68 25s
[608683.6] PE_E_T2000_N2880: step 21 ELEVATED pairs=41184 evals=84 32s
[608683.8] PE_E_T2000_N2880: step 22 NO_CANDIDATES_GENERATED pairs=41184 evals=84 33s
[608683.9] PE_E_T2000_N2880: step 23 NO_CANDIDATES_GENERATED pairs=41184 evals=84 33s
[608691.3] PE_E_T2000_N2880: step 24 ELEVATED pairs=40937 evals=100 40s
[608691.4] PE_E_T2000_N2880: step 25 NO_CANDIDATES_GENERATED pairs=40937 evals=100 40s
[608691.6] PE_E_T2000_N2880: step 26 NO_CANDIDATES_GENERATED pairs=40937 evals=100 40s
[608699.3] PE_E_T2000_N2880: step 27 ELEVATED pairs=40689 evals=116 48s
[608699.4] PE_E_T2000_N2880: step 28 NO_CANDIDATES_GENERATED pairs=40689 evals=116 48s
[608699.5] PE_E_T2000_N2880: step 29 NO_CANDIDATES_GENERATED pairs=40689 evals=116 48s
[608705.1] PE_E_T2000_N2880: step 30 ELEVATED pairs=40444 evals=132 54s
[608705.3] PE_E_T2000_N2880: step 31 NO_CANDIDATES_GENERATED pairs=40444 evals=132 54s
[608705.4] PE_E_T2000_N2880: step 32 NO_CANDIDATES_GENERATED pairs=40444 evals=132 54s
[608712.3] PE_E_T2000_N2880: step 33 ELEVATED pairs=40198 evals=148 61s
[608712.5] PE_E_T2000_N2880: step 34 NO_CANDIDATES_GENERATED pairs=40198 evals=148 61s
[608712.6] PE_E_T2000_N2880: step 35 NO_CANDIDATES_GENERATED pairs=40198 evals=148 61s
[608718.4] PE_E_T2000_N2880: step 36 ELEVATED pairs=39951 evals=164 67s
[608718.5] PE_E_T2000_N2880: step 37 NO_CANDIDATES_GENERATED pairs=39951 evals=164 67s
[608718.7] PE_E_T2000_N2880: step 38 NO_CANDIDATES_GENERATED pairs=39951 evals=164 67s
[608723.3] PE_E_T2000_N2880: step 39 ELEVATED pairs=39725 evals=173 72s
[608723.5] PE_E_T2000_N2880: step 40 NO_CANDIDATES_GENERATED pairs=39725 evals=173 72s
[608723.6] PE_E_T2000_N2880: step 41 NO_CANDIDATES_GENERATED pairs=39725 evals=173 72s
[608728.2] PE_E_T2000_N2880: step 42 ELEVATED pairs=39501 evals=182 77s
[608728.3] PE_E_T2000_N2880: step 43 NO_CANDIDATES_GENERATED pairs=39501 evals=182 77s
[608728.5] PE_E_T2000_N2880: step 44 NO_CANDIDATES_GENERATED pairs=39501 evals=182 77s
[608731.7] PE_E_T2000_N2880: step 45 ELEVATED pairs=39283 evals=191 80s
[608731.8] PE_E_T2000_N2880: step 46 NO_CANDIDATES_GENERATED pairs=39283 evals=191 81s
[608732.0] PE_E_T2000_N2880: step 47 NO_CANDIDATES_GENERATED pairs=39283 evals=191 81s
[608738.3] PE_E_T2000_N2880: step 48 ELEVATED pairs=39034 evals=207 87s
[608738.4] PE_E_T2000_N2880: step 49 NO_CANDIDATES_GENERATED pairs=39034 evals=207 87s
[608738.6] PE_E_T2000_N2880: step 50 NO_CANDIDATES_GENERATED pairs=39034 evals=207 87s
[608740.8] PE_E_T2000_N2880: step 51 ELEVATED pairs=38813 evals=216 90s
[608740.9] PE_E_T2000_N2880: step 52 NO_CANDIDATES_GENERATED pairs=38813 evals=216 90s
[608741.1] PE_E_T2000_N2880: step 53 NO_CANDIDATES_GENERATED pairs=38813 evals=216 90s
[608744.9] PE_E_T2000_N2880: step 54 ELEVATED pairs=38586 evals=232 94s
[608745.1] PE_E_T2000_N2880: step 55 NO_CANDIDATES_GENERATED pairs=38586 evals=232 94s
[608745.3] PE_E_T2000_N2880: step 56 NO_CANDIDATES_GENERATED pairs=38586 evals=232 94s
[608748.8] PE_E_T2000_N2880: step 57 ELEVATED pairs=38370 evals=241 98s
[608749.0] PE_E_T2000_N2880: step 58 NO_CANDIDATES_GENERATED pairs=38370 evals=241 98s
[608749.1] PE_E_T2000_N2880: step 59 NO_CANDIDATES_GENERATED pairs=38370 evals=241 98s
[608754.8] PE_E_T2000_N2880: step 60 ELEVATED pairs=38142 evals=257 104s
[608754.9] PE_E_T2000_N2880: step 61 NO_CANDIDATES_GENERATED pairs=38142 evals=257 104s
[608755.1] PE_E_T2000_N2880: step 62 NO_CANDIDATES_GENERATED pairs=38142 evals=257 104s
[608757.5] PE_E_T2000_N2880: step 63 ELEVATED pairs=37928 evals=266 106s
[608757.6] PE_E_T2000_N2880: step 64 NO_CANDIDATES_GENERATED pairs=37928 evals=266 106s
[608757.8] PE_E_T2000_N2880: step 65 NO_CANDIDATES_GENERATED pairs=37928 evals=266 107s
[608763.2] PE_E_T2000_N2880: step 66 ELEVATED pairs=37702 evals=282 112s
[608763.4] PE_E_T2000_N2880: step 67 NO_CANDIDATES_GENERATED pairs=37702 evals=282 112s
[608763.5] PE_E_T2000_N2880: step 68 NO_CANDIDATES_GENERATED pairs=37702 evals=282 112s
[608765.9] PE_E_T2000_N2880: step 69 ELEVATED pairs=37490 evals=291 115s
[608766.1] PE_E_T2000_N2880: step 70 NO_CANDIDATES_GENERATED pairs=37490 evals=291 115s
[608766.3] PE_E_T2000_N2880: step 71 NO_CANDIDATES_GENERATED pairs=37490 evals=291 115s
[608771.8] PE_E_T2000_N2880: step 72 ELEVATED pairs=37265 evals=307 121s
[608771.9] PE_E_T2000_N2880: step 73 NO_CANDIDATES_GENERATED pairs=37265 evals=307 121s
[608772.1] PE_E_T2000_N2880: step 74 NO_CANDIDATES_GENERATED pairs=37265 evals=307 121s
[608780.9] PE_E_T2000_N2880: step 75 ELEVATED pairs=37052 evals=323 130s
[608781.0] PE_E_T2000_N2880: step 76 NO_CANDIDATES_GENERATED pairs=37052 evals=323 130s
[608781.2] PE_E_T2000_N2880: step 77 NO_CANDIDATES_GENERATED pairs=37052 evals=323 130s
[608784.5] PE_E_T2000_N2880: step 78 ELEVATED pairs=36852 evals=332 133s
[608784.6] PE_E_T2000_N2880: step 79 NO_CANDIDATES_GENERATED pairs=36852 evals=332 133s
[608784.8] PE_E_T2000_N2880: step 80 NO_CANDIDATES_GENERATED pairs=36852 evals=332 134s
[608785.0] PE_E_T2000_N2880: step 81 NO_CANDIDATES_GENERATED pairs=36852 evals=332 134s
[608793.2] PE_E_T2000_N2880: step 82 ELEVATED pairs=36638 evals=348 142s
[608793.3] PE_E_T2000_N2880: step 83 NO_CANDIDATES_GENERATED pairs=36638 evals=348 142s
[608793.5] PE_E_T2000_N2880: step 84 NO_CANDIDATES_GENERATED pairs=36638 evals=348 142s
[608793.6] PE_E_T2000_N2880: step 85 NO_CANDIDATES_GENERATED pairs=36638 evals=348 142s
[608800.0] PE_E_T2000_N2880: step 86 ELEVATED pairs=36437 evals=364 149s
[608800.1] PE_E_T2000_N2880: step 87 NO_CANDIDATES_GENERATED pairs=36437 evals=364 149s
[608800.3] PE_E_T2000_N2880: step 88 NO_CANDIDATES_GENERATED pairs=36437 evals=364 149s
[608800.4] PE_E_T2000_N2880: step 89 NO_CANDIDATES_GENERATED pairs=36437 evals=364 149s
[608800.5] PE_E_T2000_N2880: step 90 NO_CANDIDATES_GENERATED pairs=36437 evals=364 149s
[608800.6] PE_E_T2000_N2880: step 91 NO_CANDIDATES_GENERATED pairs=36437 evals=364 149s
[608806.4] PE_E_T2000_N2880: step 92 ELEVATED pairs=36235 evals=380 155s
[608806.6] PE_E_T2000_N2880: step 93 NO_CANDIDATES_GENERATED pairs=36235 evals=380 155s
[608806.7] PE_E_T2000_N2880: step 94 NO_CANDIDATES_GENERATED pairs=36235 evals=380 156s
[608806.8] PE_E_T2000_N2880: step 95 NO_CANDIDATES_GENERATED pairs=36235 evals=380 156s
[608807.0] PE_E_T2000_N2880: step 96 NO_CANDIDATES_GENERATED pairs=36235 evals=380 156s
[608807.1] PE_E_T2000_N2880: step 97 NO_CANDIDATES_GENERATED pairs=36235 evals=380 156s
[608811.0] PE_E_T2000_N2880: step 98 ELEVATED pairs=36026 evals=396 160s
[608811.2] PE_E_T2000_N2880: step 99 NO_CANDIDATES_GENERATED pairs=36026 evals=396 160s
[608811.3] PE_E_T2000_N2880: step 100 NO_CANDIDATES_GENERATED pairs=36026 evals=396 160s
[608811.5] PE_E_T2000_N2880: step 101 NO_CANDIDATES_GENERATED pairs=36026 evals=396 160s
[608811.6] PE_E_T2000_N2880: step 102 NO_CANDIDATES_GENERATED pairs=36026 evals=396 160s
[608811.8] PE_E_T2000_N2880: step 103 NO_CANDIDATES_GENERATED pairs=36026 evals=396 161s
[608815.9] PE_E_T2000_N2880: step 104 ELEVATED pairs=35817 evals=412 165s
[608816.1] PE_E_T2000_N2880: step 105 NO_CANDIDATES_GENERATED pairs=35817 evals=412 165s
[608816.2] PE_E_T2000_N2880: step 106 NO_CANDIDATES_GENERATED pairs=35817 evals=412 165s
[608816.4] PE_E_T2000_N2880: step 107 NO_CANDIDATES_GENERATED pairs=35817 evals=412 165s
[608816.5] PE_E_T2000_N2880: step 108 NO_CANDIDATES_GENERATED pairs=35817 evals=412 165s
[608816.7] PE_E_T2000_N2880: step 109 NO_CANDIDATES_GENERATED pairs=35817 evals=412 165s
[608824.8] PE_E_T2000_N2880: step 110 ELEVATED pairs=35591 evals=428 174s
[608824.9] PE_E_T2000_N2880: step 111 NO_CANDIDATES_GENERATED pairs=35591 evals=428 174s
[608825.1] PE_E_T2000_N2880: step 112 NO_CANDIDATES_GENERATED pairs=35591 evals=428 174s
[608825.3] PE_E_T2000_N2880: step 113 NO_CANDIDATES_GENERATED pairs=35591 evals=428 174s
[608825.5] PE_E_T2000_N2880: step 114 NO_CANDIDATES_GENERATED pairs=35591 evals=428 174s
[608825.6] PE_E_T2000_N2880: step 115 NO_CANDIDATES_GENERATED pairs=35591 evals=428 174s
[608834.2] PE_E_T2000_N2880: step 116 ELEVATED pairs=35382 evals=444 183s
[608834.4] PE_E_T2000_N2880: step 117 NO_CANDIDATES_GENERATED pairs=35382 evals=444 183s
[608834.5] PE_E_T2000_N2880: step 118 NO_CANDIDATES_GENERATED pairs=35382 evals=444 183s
[608834.7] PE_E_T2000_N2880: step 119 NO_CANDIDATES_GENERATED pairs=35382 evals=444 183s
[608834.8] PE_E_T2000_N2880: step 120 NO_CANDIDATES_GENERATED pairs=35382 evals=444 184s
[608835.0] PE_E_T2000_N2880: step 121 NO_CANDIDATES_GENERATED pairs=35382 evals=444 184s
[608841.2] PE_E_T2000_N2880: step 122 ELEVATED pairs=35180 evals=460 190s
[608841.4] PE_E_T2000_N2880: step 123 NO_CANDIDATES_GENERATED pairs=35180 evals=460 190s
[608841.6] PE_E_T2000_N2880: step 124 NO_CANDIDATES_GENERATED pairs=35180 evals=460 190s
[608841.7] PE_E_T2000_N2880: step 125 NO_CANDIDATES_GENERATED pairs=35180 evals=460 191s
[608841.9] PE_E_T2000_N2880: step 126 NO_CANDIDATES_GENERATED pairs=35180 evals=460 191s
[608842.0] PE_E_T2000_N2880: step 127 NO_CANDIDATES_GENERATED pairs=35180 evals=460 191s
[608849.8] PE_E_T2000_N2880: step 128 ELEVATED pairs=34973 evals=476 199s
[608850.0] PE_E_T2000_N2880: step 129 NO_CANDIDATES_GENERATED pairs=34973 evals=476 199s
[608850.1] PE_E_T2000_N2880: step 130 NO_CANDIDATES_GENERATED pairs=34973 evals=476 199s
[608850.3] PE_E_T2000_N2880: step 131 NO_CANDIDATES_GENERATED pairs=34973 evals=476 199s
[608850.4] PE_E_T2000_N2880: step 132 NO_CANDIDATES_GENERATED pairs=34973 evals=476 199s
[608850.6] PE_E_T2000_N2880: step 133 NO_CANDIDATES_GENERATED pairs=34973 evals=476 199s
[608857.1] PE_E_T2000_N2880: step 134 ELEVATED pairs=34773 evals=492 206s
[608857.2] PE_E_T2000_N2880: step 135 NO_CANDIDATES_GENERATED pairs=34773 evals=492 206s
[608857.4] PE_E_T2000_N2880: step 136 NO_CANDIDATES_GENERATED pairs=34773 evals=492 206s
[608857.5] PE_E_T2000_N2880: step 137 NO_CANDIDATES_GENERATED pairs=34773 evals=492 206s
[608857.6] PE_E_T2000_N2880: step 138 NO_CANDIDATES_GENERATED pairs=34773 evals=492 206s
[608857.8] PE_E_T2000_N2880: step 139 NO_CANDIDATES_GENERATED pairs=34773 evals=492 207s
[608865.8] PE_E_T2000_N2880: step 140 ELEVATED pairs=34567 evals=508 215s
[608866.0] PE_E_T2000_N2880: step 141 NO_CANDIDATES_GENERATED pairs=34567 evals=508 215s
[608866.1] PE_E_T2000_N2880: step 142 NO_CANDIDATES_GENERATED pairs=34567 evals=508 215s
[608866.3] PE_E_T2000_N2880: step 143 NO_CANDIDATES_GENERATED pairs=34567 evals=508 215s
[608866.4] PE_E_T2000_N2880: step 144 NO_CANDIDATES_GENERATED pairs=34567 evals=508 215s
[608866.5] PE_E_T2000_N2880: step 145 NO_CANDIDATES_GENERATED pairs=34567 evals=508 215s
[608872.8] PE_E_T2000_N2880: step 146 ELEVATED pairs=34368 evals=524 222s
[608872.9] PE_E_T2000_N2880: step 147 NO_CANDIDATES_GENERATED pairs=34368 evals=524 222s
[608873.0] PE_E_T2000_N2880: step 148 NO_CANDIDATES_GENERATED pairs=34368 evals=524 222s
[608873.2] PE_E_T2000_N2880: step 149 NO_CANDIDATES_GENERATED pairs=34368 evals=524 222s
[608873.3] PE_E_T2000_N2880: step 150 NO_CANDIDATES_GENERATED pairs=34368 evals=524 222s
[608873.5] PE_E_T2000_N2880: step 151 NO_CANDIDATES_GENERATED pairs=34368 evals=524 222s
[608880.9] PE_E_T2000_N2880: step 152 ELEVATED pairs=34164 evals=540 230s
[608881.0] PE_E_T2000_N2880: step 153 NO_CANDIDATES_GENERATED pairs=34164 evals=540 230s
[608881.2] PE_E_T2000_N2880: step 154 NO_CANDIDATES_GENERATED pairs=34164 evals=540 230s
[608881.3] PE_E_T2000_N2880: step 155 NO_CANDIDATES_GENERATED pairs=34164 evals=540 230s
[608881.4] PE_E_T2000_N2880: step 156 NO_CANDIDATES_GENERATED pairs=34164 evals=540 230s
[608881.6] PE_E_T2000_N2880: step 157 NO_CANDIDATES_GENERATED pairs=34164 evals=540 230s
[608888.5] PE_E_T2000_N2880: step 158 ELEVATED pairs=33967 evals=556 237s
[608888.7] PE_E_T2000_N2880: step 159 NO_CANDIDATES_GENERATED pairs=33967 evals=556 238s
[608888.8] PE_E_T2000_N2880: step 160 NO_CANDIDATES_GENERATED pairs=33967 evals=556 238s
[608889.0] PE_E_T2000_N2880: step 161 NO_CANDIDATES_GENERATED pairs=33967 evals=556 238s
[608889.2] PE_E_T2000_N2880: step 162 NO_CANDIDATES_GENERATED pairs=33967 evals=556 238s
[608889.4] PE_E_T2000_N2880: step 163 NO_CANDIDATES_GENERATED pairs=33967 evals=556 238s
[608898.3] PE_E_T2000_N2880: step 164 ELEVATED pairs=33764 evals=572 247s
[608898.4] PE_E_T2000_N2880: step 165 NO_CANDIDATES_GENERATED pairs=33764 evals=572 247s
[608898.6] PE_E_T2000_N2880: step 166 NO_CANDIDATES_GENERATED pairs=33764 evals=572 247s
[608898.8] PE_E_T2000_N2880: step 167 NO_CANDIDATES_GENERATED pairs=33764 evals=572 248s
[608898.9] PE_E_T2000_N2880: step 168 NO_CANDIDATES_GENERATED pairs=33764 evals=572 248s
[608899.1] PE_E_T2000_N2880: step 169 NO_CANDIDATES_GENERATED pairs=33764 evals=572 248s
[608905.8] PE_E_T2000_N2880: step 170 ELEVATED pairs=33568 evals=588 255s
[608905.9] PE_E_T2000_N2880: step 171 NO_CANDIDATES_GENERATED pairs=33568 evals=588 255s
[608906.1] PE_E_T2000_N2880: step 172 NO_CANDIDATES_GENERATED pairs=33568 evals=588 255s
[608906.2] PE_E_T2000_N2880: step 173 NO_CANDIDATES_GENERATED pairs=33568 evals=588 255s
[608906.4] PE_E_T2000_N2880: step 174 NO_CANDIDATES_GENERATED pairs=33568 evals=588 255s
[608906.5] PE_E_T2000_N2880: step 175 NO_CANDIDATES_GENERATED pairs=33568 evals=588 255s
[608915.2] PE_E_T2000_N2880: step 176 ELEVATED pairs=33367 evals=604 264s
[608915.3] PE_E_T2000_N2880: step 177 NO_CANDIDATES_GENERATED pairs=33367 evals=604 264s
[608915.4] PE_E_T2000_N2880: step 178 NO_CANDIDATES_GENERATED pairs=33367 evals=604 264s
[608915.6] PE_E_T2000_N2880: step 179 NO_CANDIDATES_GENERATED pairs=33367 evals=604 264s
[608915.7] PE_E_T2000_N2880: step 180 NO_CANDIDATES_GENERATED pairs=33367 evals=604 265s
[608915.9] PE_E_T2000_N2880: step 181 NO_CANDIDATES_GENERATED pairs=33367 evals=604 265s
[608924.5] PE_E_T2000_N2880: step 182 ELEVATED pairs=33167 evals=620 273s
[608924.7] PE_E_T2000_N2880: step 183 NO_CANDIDATES_GENERATED pairs=33167 evals=620 273s
[608924.8] PE_E_T2000_N2880: step 184 NO_CANDIDATES_GENERATED pairs=33167 evals=620 274s
[608925.0] PE_E_T2000_N2880: step 185 NO_CANDIDATES_GENERATED pairs=33167 evals=620 274s
[608925.1] PE_E_T2000_N2880: step 186 NO_CANDIDATES_GENERATED pairs=33167 evals=620 274s
[608925.3] PE_E_T2000_N2880: step 187 NO_CANDIDATES_GENERATED pairs=33167 evals=620 274s
[608931.7] PE_E_T2000_N2880: step 188 ELEVATED pairs=32960 evals=636 280s
[608931.8] PE_E_T2000_N2880: step 189 NO_CANDIDATES_GENERATED pairs=32960 evals=636 281s
[608932.0] PE_E_T2000_N2880: step 190 NO_CANDIDATES_GENERATED pairs=32960 evals=636 281s
[608932.2] PE_E_T2000_N2880: step 191 NO_CANDIDATES_GENERATED pairs=32960 evals=636 281s
[608932.3] PE_E_T2000_N2880: step 192 NO_CANDIDATES_GENERATED pairs=32960 evals=636 281s
[608932.4] PE_E_T2000_N2880: step 193 NO_CANDIDATES_GENERATED pairs=32960 evals=636 281s
[608940.7] PE_E_T2000_N2880: step 194 ELEVATED pairs=32762 evals=652 290s
[608940.8] PE_E_T2000_N2880: step 195 NO_CANDIDATES_GENERATED pairs=32762 evals=652 290s
[608940.9] PE_E_T2000_N2880: step 196 NO_CANDIDATES_GENERATED pairs=32762 evals=652 290s
[608941.1] PE_E_T2000_N2880: step 197 NO_CANDIDATES_GENERATED pairs=32762 evals=652 290s
[608941.2] PE_E_T2000_N2880: step 198 NO_CANDIDATES_GENERATED pairs=32762 evals=652 290s
[608941.3] PE_E_T2000_N2880: step 199 NO_CANDIDATES_GENERATED pairs=32762 evals=652 290s
[608949.1] PE_E_T2000_N2880: step 200 ELEVATED pairs=32565 evals=668 298s
[608949.2] PE_E_T2000_N2880: step 201 NO_CANDIDATES_GENERATED pairs=32565 evals=668 298s
[608949.3] PE_E_T2000_N2880: step 202 NO_CANDIDATES_GENERATED pairs=32565 evals=668 298s
[608949.5] PE_E_T2000_N2880: step 203 NO_CANDIDATES_GENERATED pairs=32565 evals=668 298s
[608949.6] PE_E_T2000_N2880: step 204 NO_CANDIDATES_GENERATED pairs=32565 evals=668 298s
[608949.7] PE_E_T2000_N2880: step 205 NO_CANDIDATES_GENERATED pairs=32565 evals=668 299s
[608956.2] PE_E_T2000_N2880: step 206 ELEVATED pairs=32369 evals=684 305s
[608956.3] PE_E_T2000_N2880: step 207 NO_CANDIDATES_GENERATED pairs=32369 evals=684 305s
[608956.4] PE_E_T2000_N2880: step 208 NO_CANDIDATES_GENERATED pairs=32369 evals=684 305s
[608956.5] PE_E_T2000_N2880: step 209 NO_CANDIDATES_GENERATED pairs=32369 evals=684 305s
[608956.7] PE_E_T2000_N2880: step 210 NO_CANDIDATES_GENERATED pairs=32369 evals=684 305s
[608956.8] PE_E_T2000_N2880: step 211 NO_CANDIDATES_GENERATED pairs=32369 evals=684 306s
[608964.6] PE_E_T2000_N2880: step 212 ELEVATED pairs=32174 evals=700 313s
[608964.7] PE_E_T2000_N2880: step 213 NO_CANDIDATES_GENERATED pairs=32174 evals=700 314s
[608964.9] PE_E_T2000_N2880: step 214 NO_CANDIDATES_GENERATED pairs=32174 evals=700 314s
[608965.0] PE_E_T2000_N2880: step 215 NO_CANDIDATES_GENERATED pairs=32174 evals=700 314s
[608965.2] PE_E_T2000_N2880: step 216 NO_CANDIDATES_GENERATED pairs=32174 evals=700 314s
[608965.3] PE_E_T2000_N2880: step 217 NO_CANDIDATES_GENERATED pairs=32174 evals=700 314s
[608972.4] PE_E_T2000_N2880: step 218 ELEVATED pairs=31951 evals=716 321s
[608972.6] PE_E_T2000_N2880: step 219 NO_CANDIDATES_GENERATED pairs=31951 evals=716 321s
[608972.7] PE_E_T2000_N2880: step 220 NO_CANDIDATES_GENERATED pairs=31951 evals=716 322s
[608972.8] PE_E_T2000_N2880: step 221 NO_CANDIDATES_GENERATED pairs=31951 evals=716 322s
[608973.0] PE_E_T2000_N2880: step 222 NO_CANDIDATES_GENERATED pairs=31951 evals=716 322s
[608973.1] PE_E_T2000_N2880: step 223 NO_CANDIDATES_GENERATED pairs=31951 evals=716 322s
[608976.8] PE_E_T2000_N2880: step 224 ELEVATED pairs=31755 evals=732 326s
[608977.0] PE_E_T2000_N2880: step 225 NO_CANDIDATES_GENERATED pairs=31755 evals=732 326s
[608977.1] PE_E_T2000_N2880: step 226 NO_CANDIDATES_GENERATED pairs=31755 evals=732 326s
[608977.2] PE_E_T2000_N2880: step 227 NO_CANDIDATES_GENERATED pairs=31755 evals=732 326s
[608977.4] PE_E_T2000_N2880: step 228 NO_CANDIDATES_GENERATED pairs=31755 evals=732 326s
[608977.5] PE_E_T2000_N2880: step 229 NO_CANDIDATES_GENERATED pairs=31755 evals=732 326s
[608985.0] PE_E_T2000_N2880: step 230 ELEVATED pairs=31534 evals=748 334s
[608985.1] PE_E_T2000_N2880: step 231 NO_CANDIDATES_GENERATED pairs=31534 evals=748 334s
[608985.3] PE_E_T2000_N2880: step 232 NO_CANDIDATES_GENERATED pairs=31534 evals=748 334s
[608985.4] PE_E_T2000_N2880: step 233 NO_CANDIDATES_GENERATED pairs=31534 evals=748 334s
[608985.6] PE_E_T2000_N2880: step 234 NO_CANDIDATES_GENERATED pairs=31534 evals=748 334s
[608985.7] PE_E_T2000_N2880: step 235 NO_CANDIDATES_GENERATED pairs=31534 evals=748 335s
[608991.5] PE_E_T2000_N2880: step 236 ELEVATED pairs=31315 evals=764 340s
[608991.6] PE_E_T2000_N2880: step 237 NO_CANDIDATES_GENERATED pairs=31315 evals=764 340s
[608991.8] PE_E_T2000_N2880: step 238 NO_CANDIDATES_GENERATED pairs=31315 evals=764 341s
[608991.9] PE_E_T2000_N2880: step 239 NO_CANDIDATES_GENERATED pairs=31315 evals=764 341s
[608992.0] PE_E_T2000_N2880: step 240 NO_CANDIDATES_GENERATED pairs=31315 evals=764 341s
[608992.2] PE_E_T2000_N2880: step 241 NO_CANDIDATES_GENERATED pairs=31315 evals=764 341s
[608997.4] PE_E_T2000_N2880: step 242 ELEVATED pairs=31136 evals=773 346s
[608997.6] PE_E_T2000_N2880: step 243 NO_CANDIDATES_GENERATED pairs=31136 evals=773 346s
[608997.7] PE_E_T2000_N2880: step 244 NO_CANDIDATES_GENERATED pairs=31136 evals=773 347s
[608997.8] PE_E_T2000_N2880: step 245 NO_CANDIDATES_GENERATED pairs=31136 evals=773 347s
[608998.0] PE_E_T2000_N2880: step 246 NO_CANDIDATES_GENERATED pairs=31136 evals=773 347s
[608998.1] PE_E_T2000_N2880: step 247 NO_CANDIDATES_GENERATED pairs=31136 evals=773 347s
[609002.7] PE_E_T2000_N2880: step 248 ELEVATED pairs=30959 evals=782 351s
[609002.8] PE_E_T2000_N2880: step 249 NO_CANDIDATES_GENERATED pairs=30959 evals=782 352s
[609002.9] PE_E_T2000_N2880: step 250 NO_CANDIDATES_GENERATED pairs=30959 evals=782 352s
[609003.0] PE_E_T2000_N2880: step 251 NO_CANDIDATES_GENERATED pairs=30959 evals=782 352s
[609003.1] PE_E_T2000_N2880: step 252 NO_CANDIDATES_GENERATED pairs=30959 evals=782 352s
[609003.2] PE_E_T2000_N2880: step 253 NO_CANDIDATES_GENERATED pairs=30959 evals=782 352s
[609007.6] PE_E_T2000_N2880: step 254 ELEVATED pairs=30784 evals=791 356s
[609007.7] PE_E_T2000_N2880: step 255 NO_CANDIDATES_GENERATED pairs=30784 evals=791 357s
[609007.8] PE_E_T2000_N2880: step 256 NO_CANDIDATES_GENERATED pairs=30784 evals=791 357s
[609007.9] PE_E_T2000_N2880: step 257 NO_CANDIDATES_GENERATED pairs=30784 evals=791 357s
[609008.0] PE_E_T2000_N2880: step 258 NO_CANDIDATES_GENERATED pairs=30784 evals=791 357s
[609008.1] PE_E_T2000_N2880: step 259 NO_CANDIDATES_GENERATED pairs=30784 evals=791 357s
[609012.4] PE_E_T2000_N2880: step 260 ELEVATED pairs=30611 evals=800 361s
[609012.5] PE_E_T2000_N2880: step 261 NO_CANDIDATES_GENERATED pairs=30611 evals=800 361s
[609012.6] PE_E_T2000_N2880: step 262 NO_CANDIDATES_GENERATED pairs=30611 evals=800 361s
[609012.7] PE_E_T2000_N2880: step 263 NO_CANDIDATES_GENERATED pairs=30611 evals=800 362s
[609012.8] PE_E_T2000_N2880: step 264 NO_CANDIDATES_GENERATED pairs=30611 evals=800 362s
[609012.9] PE_E_T2000_N2880: step 265 NO_CANDIDATES_GENERATED pairs=30611 evals=800 362s
[609017.3] PE_E_T2000_N2880: step 266 ELEVATED pairs=30410 evals=816 366s
[609017.4] PE_E_T2000_N2880: step 267 NO_CANDIDATES_GENERATED pairs=30410 evals=816 366s
[609017.5] PE_E_T2000_N2880: step 268 NO_CANDIDATES_GENERATED pairs=30410 evals=816 366s
[609017.6] PE_E_T2000_N2880: step 269 NO_CANDIDATES_GENERATED pairs=30410 evals=816 366s
[609017.7] PE_E_T2000_N2880: step 270 NO_CANDIDATES_GENERATED pairs=30410 evals=816 367s
[609017.8] PE_E_T2000_N2880: step 271 NO_CANDIDATES_GENERATED pairs=30410 evals=816 367s
[609021.7] PE_E_T2000_N2880: step 272 ELEVATED pairs=30224 evals=832 370s
[609021.8] PE_E_T2000_N2880: step 273 NO_CANDIDATES_GENERATED pairs=30224 evals=832 371s
[609021.9] PE_E_T2000_N2880: step 274 NO_CANDIDATES_GENERATED pairs=30224 evals=832 371s
[609022.0] PE_E_T2000_N2880: step 275 NO_CANDIDATES_GENERATED pairs=30224 evals=832 371s
[609022.1] PE_E_T2000_N2880: step 276 NO_CANDIDATES_GENERATED pairs=30224 evals=832 371s
[609022.2] PE_E_T2000_N2880: step 277 NO_CANDIDATES_GENERATED pairs=30224 evals=832 371s
[609026.3] PE_E_T2000_N2880: step 278 ELEVATED pairs=30025 evals=848 375s
[609026.4] PE_E_T2000_N2880: step 279 NO_CANDIDATES_GENERATED pairs=30025 evals=848 375s
[609026.5] PE_E_T2000_N2880: step 280 NO_CANDIDATES_GENERATED pairs=30025 evals=848 375s
[609026.7] PE_E_T2000_N2880: step 281 NO_CANDIDATES_GENERATED pairs=30025 evals=848 375s
[609026.8] PE_E_T2000_N2880: step 282 NO_CANDIDATES_GENERATED pairs=30025 evals=848 376s
[609026.9] PE_E_T2000_N2880: step 283 NO_CANDIDATES_GENERATED pairs=30025 evals=848 376s
[609030.7] PE_E_T2000_N2880: step 284 ELEVATED pairs=29841 evals=864 380s
[609030.8] PE_E_T2000_N2880: step 285 NO_CANDIDATES_GENERATED pairs=29841 evals=864 380s
[609030.9] PE_E_T2000_N2880: step 286 NO_CANDIDATES_GENERATED pairs=29841 evals=864 380s
[609031.0] PE_E_T2000_N2880: step 287 NO_CANDIDATES_GENERATED pairs=29841 evals=864 380s
[609031.1] PE_E_T2000_N2880: step 288 NO_CANDIDATES_GENERATED pairs=29841 evals=864 380s
[609031.2] PE_E_T2000_N2880: step 289 NO_CANDIDATES_GENERATED pairs=29841 evals=864 380s
[609035.3] PE_E_T2000_N2880: step 290 ELEVATED pairs=29644 evals=880 384s
[609035.4] PE_E_T2000_N2880: step 291 NO_CANDIDATES_GENERATED pairs=29644 evals=880 384s
[609035.5] PE_E_T2000_N2880: step 292 NO_CANDIDATES_GENERATED pairs=29644 evals=880 384s
[609035.6] PE_E_T2000_N2880: step 293 NO_CANDIDATES_GENERATED pairs=29644 evals=880 384s
[609035.7] PE_E_T2000_N2880: step 294 NO_CANDIDATES_GENERATED pairs=29644 evals=880 385s
[609035.8] PE_E_T2000_N2880: step 295 NO_CANDIDATES_GENERATED pairs=29644 evals=880 385s
[609039.1] PE_E_T2000_N2880: step 296 ELEVATED pairs=29462 evals=896 388s
[609039.2] PE_E_T2000_N2880: step 297 NO_CANDIDATES_GENERATED pairs=29462 evals=896 388s
[609039.2] PE_E_T2000_N2880: step 298 NO_CANDIDATES_GENERATED pairs=29462 evals=896 388s
[609039.3] PE_E_T2000_N2880: step 299 NO_CANDIDATES_GENERATED pairs=29462 evals=896 388s
[609039.4] PE_E_T2000_N2880: step 300 NO_CANDIDATES_GENERATED pairs=29462 evals=896 388s
[609039.5] PE_E_T2000_N2880: step 301 NO_CANDIDATES_GENERATED pairs=29462 evals=896 388s
[609043.0] PE_E_T2000_N2880: step 302 ELEVATED pairs=29282 evals=912 392s
[609043.1] PE_E_T2000_N2880: step 303 NO_CANDIDATES_GENERATED pairs=29282 evals=912 392s
[609043.2] PE_E_T2000_N2880: step 304 NO_CANDIDATES_GENERATED pairs=29282 evals=912 392s
[609043.3] PE_E_T2000_N2880: step 305 NO_CANDIDATES_GENERATED pairs=29282 evals=912 392s
[609043.4] PE_E_T2000_N2880: step 306 NO_CANDIDATES_GENERATED pairs=29282 evals=912 392s
[609043.5] PE_E_T2000_N2880: step 307 NO_CANDIDATES_GENERATED pairs=29282 evals=912 392s
[609049.1] PE_E_T2000_N2880: step 308 ELEVATED pairs=29090 evals=928 398s
[609049.2] PE_E_T2000_N2880: step 309 NO_CANDIDATES_GENERATED pairs=29090 evals=928 398s
[609049.3] PE_E_T2000_N2880: step 310 NO_CANDIDATES_GENERATED pairs=29090 evals=928 398s
[609049.4] PE_E_T2000_N2880: step 311 NO_CANDIDATES_GENERATED pairs=29090 evals=928 398s
[609049.5] PE_E_T2000_N2880: step 312 NO_CANDIDATES_GENERATED pairs=29090 evals=928 398s
[609049.6] PE_E_T2000_N2880: step 313 NO_CANDIDATES_GENERATED pairs=29090 evals=928 398s
[609053.2] PE_E_T2000_N2880: step 314 ELEVATED pairs=28918 evals=944 402s
[609053.3] PE_E_T2000_N2880: step 315 NO_CANDIDATES_GENERATED pairs=28918 evals=944 402s
[609053.4] PE_E_T2000_N2880: step 316 NO_CANDIDATES_GENERATED pairs=28918 evals=944 402s
[609053.5] PE_E_T2000_N2880: step 317 NO_CANDIDATES_GENERATED pairs=28918 evals=944 402s
[609053.6] PE_E_T2000_N2880: step 318 NO_CANDIDATES_GENERATED pairs=28918 evals=944 402s
[609053.6] PE_E_T2000_N2880: step 319 NO_CANDIDATES_GENERATED pairs=28918 evals=944 402s
[609057.2] PE_E_T2000_N2880: step 320 ELEVATED pairs=28748 evals=960 406s
[609057.3] PE_E_T2000_N2880: step 321 NO_CANDIDATES_GENERATED pairs=28748 evals=960 406s
[609057.4] PE_E_T2000_N2880: step 322 NO_CANDIDATES_GENERATED pairs=28748 evals=960 406s
[609057.5] PE_E_T2000_N2880: step 323 NO_CANDIDATES_GENERATED pairs=28748 evals=960 406s
[609057.6] PE_E_T2000_N2880: step 324 NO_CANDIDATES_GENERATED pairs=28748 evals=960 406s
[609057.7] PE_E_T2000_N2880: step 325 NO_CANDIDATES_GENERATED pairs=28748 evals=960 406s
[609063.3] PE_E_T2000_N2880: step 326 ELEVATED pairs=28558 evals=976 412s
[609063.4] PE_E_T2000_N2880: step 327 NO_CANDIDATES_GENERATED pairs=28558 evals=976 412s
[609063.5] PE_E_T2000_N2880: step 328 NO_CANDIDATES_GENERATED pairs=28558 evals=976 412s
[609063.6] PE_E_T2000_N2880: step 329 NO_CANDIDATES_GENERATED pairs=28558 evals=976 412s
[609063.7] PE_E_T2000_N2880: step 330 NO_CANDIDATES_GENERATED pairs=28558 evals=976 412s
[609063.7] PE_E_T2000_N2880: step 331 NO_CANDIDATES_GENERATED pairs=28558 evals=976 413s
[609068.6] PE_E_T2000_N2880: step 332 ELEVATED pairs=28387 evals=992 417s
[609068.7] PE_E_T2000_N2880: step 333 NO_CANDIDATES_GENERATED pairs=28387 evals=992 418s
[609068.8] PE_E_T2000_N2880: step 334 NO_CANDIDATES_GENERATED pairs=28387 evals=992 418s
[609068.9] PE_E_T2000_N2880: step 335 NO_CANDIDATES_GENERATED pairs=28387 evals=992 418s
[609069.0] PE_E_T2000_N2880: step 336 NO_CANDIDATES_GENERATED pairs=28387 evals=992 418s
[609069.1] PE_E_T2000_N2880: step 337 NO_CANDIDATES_GENERATED pairs=28387 evals=992 418s
[609074.1] PE_E_T2000_N2880: step 338 ELEVATED pairs=28218 evals=1008 423s
[609074.2] PE_E_T2000_N2880: step 339 NO_CANDIDATES_GENERATED pairs=28218 evals=1008 423s
[609074.3] PE_E_T2000_N2880: step 340 NO_CANDIDATES_GENERATED pairs=28218 evals=1008 423s
[609074.4] PE_E_T2000_N2880: step 341 NO_CANDIDATES_GENERATED pairs=28218 evals=1008 423s
[609074.5] PE_E_T2000_N2880: step 342 NO_CANDIDATES_GENERATED pairs=28218 evals=1008 423s
[609074.6] PE_E_T2000_N2880: step 343 NO_CANDIDATES_GENERATED pairs=28218 evals=1008 423s
[609078.2] PE_E_T2000_N2880: step 344 ELEVATED pairs=28059 evals=1024 427s
[609078.3] PE_E_T2000_N2880: step 345 NO_CANDIDATES_GENERATED pairs=28059 evals=1024 427s
[609078.5] PE_E_T2000_N2880: step 346 NO_CANDIDATES_GENERATED pairs=28059 evals=1024 427s
[609078.6] PE_E_T2000_N2880: step 347 NO_CANDIDATES_GENERATED pairs=28059 evals=1024 427s
[609078.7] PE_E_T2000_N2880: step 348 NO_CANDIDATES_GENERATED pairs=28059 evals=1024 427s
[609078.8] PE_E_T2000_N2880: step 349 NO_CANDIDATES_GENERATED pairs=28059 evals=1024 428s
[609082.0] PE_E_T2000_N2880: step 350 ELEVATED pairs=27895 evals=1040 431s
[609082.1] PE_E_T2000_N2880: step 351 NO_CANDIDATES_GENERATED pairs=27895 evals=1040 431s
[609082.3] PE_E_T2000_N2880: step 352 NO_CANDIDATES_GENERATED pairs=27895 evals=1040 431s
[609082.4] PE_E_T2000_N2880: step 353 NO_CANDIDATES_GENERATED pairs=27895 evals=1040 431s
[609082.5] PE_E_T2000_N2880: step 354 NO_CANDIDATES_GENERATED pairs=27895 evals=1040 431s
[609082.6] PE_E_T2000_N2880: step 355 NO_CANDIDATES_GENERATED pairs=27895 evals=1040 431s
[609086.6] PE_E_T2000_N2880: step 356 ELEVATED pairs=27731 evals=1056 435s
[609086.7] PE_E_T2000_N2880: step 357 NO_CANDIDATES_GENERATED pairs=27731 evals=1056 435s
[609086.8] PE_E_T2000_N2880: step 358 NO_CANDIDATES_GENERATED pairs=27731 evals=1056 436s
[609086.9] PE_E_T2000_N2880: step 359 NO_CANDIDATES_GENERATED pairs=27731 evals=1056 436s
[609087.0] PE_E_T2000_N2880: step 360 NO_CANDIDATES_GENERATED pairs=27731 evals=1056 436s
[609087.1] PE_E_T2000_N2880: step 361 NO_CANDIDATES_GENERATED pairs=27731 evals=1056 436s
[609090.3] PE_E_T2000_N2880: step 362 ELEVATED pairs=27567 evals=1072 439s
[609090.4] PE_E_T2000_N2880: step 363 NO_CANDIDATES_GENERATED pairs=27567 evals=1072 439s
[609090.5] PE_E_T2000_N2880: step 364 NO_CANDIDATES_GENERATED pairs=27567 evals=1072 439s
[609090.6] PE_E_T2000_N2880: step 365 NO_CANDIDATES_GENERATED pairs=27567 evals=1072 439s
[609090.7] PE_E_T2000_N2880: step 366 NO_CANDIDATES_GENERATED pairs=27567 evals=1072 439s
[609090.8] PE_E_T2000_N2880: step 367 NO_CANDIDATES_GENERATED pairs=27567 evals=1072 440s
[609093.8] PE_E_T2000_N2880: step 368 ELEVATED pairs=27403 evals=1088 443s
[609093.9] PE_E_T2000_N2880: step 369 NO_CANDIDATES_GENERATED pairs=27403 evals=1088 443s
[609094.0] PE_E_T2000_N2880: step 370 NO_CANDIDATES_GENERATED pairs=27403 evals=1088 443s
[609094.1] PE_E_T2000_N2880: step 371 NO_CANDIDATES_GENERATED pairs=27403 evals=1088 443s
[609094.2] PE_E_T2000_N2880: step 372 NO_CANDIDATES_GENERATED pairs=27403 evals=1088 443s
[609094.3] PE_E_T2000_N2880: step 373 NO_CANDIDATES_GENERATED pairs=27403 evals=1088 443s
[609097.4] PE_E_T2000_N2880: step 374 ELEVATED pairs=27239 evals=1104 446s
[609097.5] PE_E_T2000_N2880: step 375 NO_CANDIDATES_GENERATED pairs=27239 evals=1104 446s
[609097.6] PE_E_T2000_N2880: step 376 NO_CANDIDATES_GENERATED pairs=27239 evals=1104 446s
[609097.7] PE_E_T2000_N2880: step 377 NO_CANDIDATES_GENERATED pairs=27239 evals=1104 447s
[609097.8] PE_E_T2000_N2880: step 378 NO_CANDIDATES_GENERATED pairs=27239 evals=1104 447s
[609097.9] PE_E_T2000_N2880: step 379 NO_CANDIDATES_GENERATED pairs=27239 evals=1104 447s
[609102.4] PE_E_T2000_N2880: step 380 ELEVATED pairs=27081 evals=1120 451s
[609102.6] PE_E_T2000_N2880: step 381 NO_CANDIDATES_GENERATED pairs=27081 evals=1120 451s
[609102.7] PE_E_T2000_N2880: step 382 NO_CANDIDATES_GENERATED pairs=27081 evals=1120 451s
[609102.8] PE_E_T2000_N2880: step 383 NO_CANDIDATES_GENERATED pairs=27081 evals=1120 452s
[609102.9] PE_E_T2000_N2880: step 384 NO_CANDIDATES_GENERATED pairs=27081 evals=1120 452s
[609103.0] PE_E_T2000_N2880: step 385 NO_CANDIDATES_GENERATED pairs=27081 evals=1120 452s
[609109.5] PE_E_T2000_N2880: step 386 ELEVATED pairs=26914 evals=1136 458s
[609109.6] PE_E_T2000_N2880: step 387 NO_CANDIDATES_GENERATED pairs=26914 evals=1136 458s
[609109.7] PE_E_T2000_N2880: step 388 NO_CANDIDATES_GENERATED pairs=26914 evals=1136 458s
[609109.8] PE_E_T2000_N2880: step 389 NO_CANDIDATES_GENERATED pairs=26914 evals=1136 459s
[609109.9] PE_E_T2000_N2880: step 390 NO_CANDIDATES_GENERATED pairs=26914 evals=1136 459s
[609110.0] PE_E_T2000_N2880: step 391 NO_CANDIDATES_GENERATED pairs=26914 evals=1136 459s
[609114.0] PE_E_T2000_N2880: step 392 ELEVATED pairs=26757 evals=1152 463s
[609114.1] PE_E_T2000_N2880: step 393 NO_CANDIDATES_GENERATED pairs=26757 evals=1152 463s
[609114.2] PE_E_T2000_N2880: step 394 NO_CANDIDATES_GENERATED pairs=26757 evals=1152 463s
[609114.3] PE_E_T2000_N2880: step 395 NO_CANDIDATES_GENERATED pairs=26757 evals=1152 463s
[609114.4] PE_E_T2000_N2880: step 396 NO_CANDIDATES_GENERATED pairs=26757 evals=1152 463s
[609114.5] PE_E_T2000_N2880: step 397 NO_CANDIDATES_GENERATED pairs=26757 evals=1152 463s
[609118.4] PE_E_T2000_N2880: step 398 ELEVATED pairs=26600 evals=1168 467s
[609118.5] PE_E_T2000_N2880: step 399 NO_CANDIDATES_GENERATED pairs=26600 evals=1168 467s
[609118.6] PE_E_T2000_N2880: step 400 NO_CANDIDATES_GENERATED pairs=26600 evals=1168 467s
[609118.7] PE_E_T2000_N2880: step 401 NO_CANDIDATES_GENERATED pairs=26600 evals=1168 467s
[609118.8] PE_E_T2000_N2880: step 402 NO_CANDIDATES_GENERATED pairs=26600 evals=1168 468s
[609118.8] PE_E_T2000_N2880: step 403 NO_CANDIDATES_GENERATED pairs=26600 evals=1168 468s
[609124.9] PE_E_T2000_N2880: step 404 ELEVATED pairs=26435 evals=1184 474s
[609125.0] PE_E_T2000_N2880: step 405 NO_CANDIDATES_GENERATED pairs=26435 evals=1184 474s
[609125.1] PE_E_T2000_N2880: step 406 NO_CANDIDATES_GENERATED pairs=26435 evals=1184 474s
[609125.2] PE_E_T2000_N2880: step 407 NO_CANDIDATES_GENERATED pairs=26435 evals=1184 474s
[609125.3] PE_E_T2000_N2880: step 408 NO_CANDIDATES_GENERATED pairs=26435 evals=1184 474s
[609125.4] PE_E_T2000_N2880: step 409 NO_CANDIDATES_GENERATED pairs=26435 evals=1184 474s
[609132.2] PE_E_T2000_N2880: step 410 ELEVATED pairs=26272 evals=1200 481s
[609132.3] PE_E_T2000_N2880: step 411 NO_CANDIDATES_GENERATED pairs=26272 evals=1200 481s
[609132.4] PE_E_T2000_N2880: step 412 NO_CANDIDATES_GENERATED pairs=26272 evals=1200 481s
[609132.5] PE_E_T2000_N2880: step 413 NO_CANDIDATES_GENERATED pairs=26272 evals=1200 481s
[609132.6] PE_E_T2000_N2880: step 414 NO_CANDIDATES_GENERATED pairs=26272 evals=1200 481s
[609132.7] PE_E_T2000_N2880: step 415 NO_CANDIDATES_GENERATED pairs=26272 evals=1200 482s
[609139.3] PE_E_T2000_N2880: step 416 ELEVATED pairs=26113 evals=1216 488s
[609139.4] PE_E_T2000_N2880: step 417 NO_CANDIDATES_GENERATED pairs=26113 evals=1216 488s
[609139.5] PE_E_T2000_N2880: step 418 NO_CANDIDATES_GENERATED pairs=26113 evals=1216 488s
[609139.7] PE_E_T2000_N2880: step 419 NO_CANDIDATES_GENERATED pairs=26113 evals=1216 488s
[609139.8] PE_E_T2000_N2880: step 420 NO_CANDIDATES_GENERATED pairs=26113 evals=1216 489s
[609139.9] PE_E_T2000_N2880: step 421 NO_CANDIDATES_GENERATED pairs=26113 evals=1216 489s
[609147.1] PE_E_T2000_N2880: step 422 ELEVATED pairs=25960 evals=1232 496s
[609147.2] PE_E_T2000_N2880: step 423 NO_CANDIDATES_GENERATED pairs=25960 evals=1232 496s
[609147.3] PE_E_T2000_N2880: step 424 NO_CANDIDATES_GENERATED pairs=25960 evals=1232 496s
[609147.4] PE_E_T2000_N2880: step 425 NO_CANDIDATES_GENERATED pairs=25960 evals=1232 496s
[609147.5] PE_E_T2000_N2880: step 426 NO_CANDIDATES_GENERATED pairs=25960 evals=1232 496s
[609147.6] PE_E_T2000_N2880: step 427 NO_CANDIDATES_GENERATED pairs=25960 evals=1232 496s
[609154.4] PE_E_T2000_N2880: step 428 ELEVATED pairs=25803 evals=1248 503s
[609154.5] PE_E_T2000_N2880: step 429 NO_CANDIDATES_GENERATED pairs=25803 evals=1248 503s
[609154.6] PE_E_T2000_N2880: step 430 NO_CANDIDATES_GENERATED pairs=25803 evals=1248 503s
[609154.7] PE_E_T2000_N2880: step 431 NO_CANDIDATES_GENERATED pairs=25803 evals=1248 503s
[609154.8] PE_E_T2000_N2880: step 432 NO_CANDIDATES_GENERATED pairs=25803 evals=1248 504s
[609154.9] PE_E_T2000_N2880: step 433 NO_CANDIDATES_GENERATED pairs=25803 evals=1248 504s
[609161.7] PE_E_T2000_N2880: step 434 ELEVATED pairs=25648 evals=1264 511s
[609161.8] PE_E_T2000_N2880: step 435 NO_CANDIDATES_GENERATED pairs=25648 evals=1264 511s
[609161.9] PE_E_T2000_N2880: step 436 NO_CANDIDATES_GENERATED pairs=25648 evals=1264 511s
[609162.0] PE_E_T2000_N2880: step 437 NO_CANDIDATES_GENERATED pairs=25648 evals=1264 511s
[609162.1] PE_E_T2000_N2880: step 438 NO_CANDIDATES_GENERATED pairs=25648 evals=1264 511s
[609162.2] PE_E_T2000_N2880: step 439 NO_CANDIDATES_GENERATED pairs=25648 evals=1264 511s
[609171.9] PE_E_T2000_N2880: step 440 ELEVATED pairs=25495 evals=1280 521s
[609172.0] PE_E_T2000_N2880: step 441 NO_CANDIDATES_GENERATED pairs=25495 evals=1280 521s
[609172.1] PE_E_T2000_N2880: step 442 NO_CANDIDATES_GENERATED pairs=25495 evals=1280 521s
[609172.2] PE_E_T2000_N2880: step 443 NO_CANDIDATES_GENERATED pairs=25495 evals=1280 521s
[609172.3] PE_E_T2000_N2880: step 444 NO_CANDIDATES_GENERATED pairs=25495 evals=1280 521s
[609172.4] PE_E_T2000_N2880: step 445 NO_CANDIDATES_GENERATED pairs=25495 evals=1280 521s
[609175.6] PE_E_T2000_N2880: step 446 ELEVATED pairs=25357 evals=1296 524s
[609175.7] PE_E_T2000_N2880: step 447 NO_CANDIDATES_GENERATED pairs=25357 evals=1296 524s
[609175.8] PE_E_T2000_N2880: step 448 NO_CANDIDATES_GENERATED pairs=25357 evals=1296 525s
[609175.9] PE_E_T2000_N2880: step 449 NO_CANDIDATES_GENERATED pairs=25357 evals=1296 525s
[609176.0] PE_E_T2000_N2880: step 450 NO_CANDIDATES_GENERATED pairs=25357 evals=1296 525s
[609176.1] PE_E_T2000_N2880: step 451 NO_CANDIDATES_GENERATED pairs=25357 evals=1296 525s
[609179.3] PE_E_T2000_N2880: step 452 ELEVATED pairs=25224 evals=1312 528s
[609179.4] PE_E_T2000_N2880: step 453 NO_CANDIDATES_GENERATED pairs=25224 evals=1312 528s
[609179.5] PE_E_T2000_N2880: step 454 NO_CANDIDATES_GENERATED pairs=25224 evals=1312 528s
[609179.6] PE_E_T2000_N2880: step 455 NO_CANDIDATES_GENERATED pairs=25224 evals=1312 528s
[609179.7] PE_E_T2000_N2880: step 456 NO_CANDIDATES_GENERATED pairs=25224 evals=1312 529s
[609179.8] PE_E_T2000_N2880: step 457 NO_CANDIDATES_GENERATED pairs=25224 evals=1312 529s
[609180.0] PE_E_T2000_N2880: step 458 NO_CANDIDATES_GENERATED pairs=25224 evals=1312 529s
[609180.1] PE_E_T2000_N2880: step 459 NO_CANDIDATES_GENERATED pairs=25224 evals=1312 529s
[609187.5] PE_E_T2000_N2880: step 460 ELEVATED pairs=25077 evals=1328 536s
[609187.6] PE_E_T2000_N2880: step 461 NO_CANDIDATES_GENERATED pairs=25077 evals=1328 536s
[609187.7] PE_E_T2000_N2880: step 462 NO_CANDIDATES_GENERATED pairs=25077 evals=1328 536s
[609187.8] PE_E_T2000_N2880: step 463 NO_CANDIDATES_GENERATED pairs=25077 evals=1328 537s
[609187.9] PE_E_T2000_N2880: step 464 NO_CANDIDATES_GENERATED pairs=25077 evals=1328 537s
[609188.0] PE_E_T2000_N2880: step 465 NO_CANDIDATES_GENERATED pairs=25077 evals=1328 537s
[609188.1] PE_E_T2000_N2880: step 466 NO_CANDIDATES_GENERATED pairs=25077 evals=1328 537s
[609188.2] PE_E_T2000_N2880: step 467 NO_CANDIDATES_GENERATED pairs=25077 evals=1328 537s
[609188.3] PE_E_T2000_N2880: step 468 NO_CANDIDATES_GENERATED pairs=25077 evals=1328 537s
[609188.3] PE_E_T2000_N2880: step 469 NO_CANDIDATES_GENERATED pairs=25077 evals=1328 537s
[609191.3] PE_E_T2000_N2880: step 470 ELEVATED pairs=24952 evals=1344 540s
[609191.4] PE_E_T2000_N2880: step 471 NO_CANDIDATES_GENERATED pairs=24952 evals=1344 540s
[609191.5] PE_E_T2000_N2880: step 472 NO_CANDIDATES_GENERATED pairs=24952 evals=1344 540s
[609191.6] PE_E_T2000_N2880: step 473 NO_CANDIDATES_GENERATED pairs=24952 evals=1344 540s
[609191.7] PE_E_T2000_N2880: step 474 NO_CANDIDATES_GENERATED pairs=24952 evals=1344 540s
[609191.8] PE_E_T2000_N2880: step 475 NO_CANDIDATES_GENERATED pairs=24952 evals=1344 541s
[609191.9] PE_E_T2000_N2880: step 476 NO_CANDIDATES_GENERATED pairs=24952 evals=1344 541s
[609192.0] PE_E_T2000_N2880: step 477 NO_CANDIDATES_GENERATED pairs=24952 evals=1344 541s
[609192.1] PE_E_T2000_N2880: step 478 NO_CANDIDATES_GENERATED pairs=24952 evals=1344 541s
[609192.2] PE_E_T2000_N2880: step 479 NO_CANDIDATES_GENERATED pairs=24952 evals=1344 541s
[609202.8] PE_E_T2000_N2880: step 480 ELEVATED pairs=24781 evals=1360 552s
[609203.0] PE_E_T2000_N2880: step 481 NO_CANDIDATES_GENERATED pairs=24781 evals=1360 552s
[609203.1] PE_E_T2000_N2880: step 482 NO_CANDIDATES_GENERATED pairs=24781 evals=1360 552s
[609203.3] PE_E_T2000_N2880: step 483 NO_CANDIDATES_GENERATED pairs=24781 evals=1360 552s
[609203.4] PE_E_T2000_N2880: step 484 NO_CANDIDATES_GENERATED pairs=24781 evals=1360 552s
[609203.5] PE_E_T2000_N2880: step 485 NO_CANDIDATES_GENERATED pairs=24781 evals=1360 552s
[609203.6] PE_E_T2000_N2880: step 486 NO_CANDIDATES_GENERATED pairs=24781 evals=1360 552s
[609203.7] PE_E_T2000_N2880: step 487 NO_CANDIDATES_GENERATED pairs=24781 evals=1360 553s
[609203.8] PE_E_T2000_N2880: step 488 NO_CANDIDATES_GENERATED pairs=24781 evals=1360 553s
[609203.9] PE_E_T2000_N2880: step 489 NO_CANDIDATES_GENERATED pairs=24781 evals=1360 553s
[609213.9] PE_E_T2000_N2880: step 490 ELEVATED pairs=24612 evals=1376 563s
[609213.9] PE_E_T2000_N2880: step 491 NO_CANDIDATES_GENERATED pairs=24612 evals=1376 563s
[609214.0] PE_E_T2000_N2880: step 492 NO_CANDIDATES_GENERATED pairs=24612 evals=1376 563s
[609214.1] PE_E_T2000_N2880: step 493 NO_CANDIDATES_GENERATED pairs=24612 evals=1376 563s
[609214.2] PE_E_T2000_N2880: step 494 NO_CANDIDATES_GENERATED pairs=24612 evals=1376 563s
[609214.3] PE_E_T2000_N2880: step 495 NO_CANDIDATES_GENERATED pairs=24612 evals=1376 563s
[609214.4] PE_E_T2000_N2880: step 496 NO_CANDIDATES_GENERATED pairs=24612 evals=1376 563s
[609214.5] PE_E_T2000_N2880: step 497 NO_CANDIDATES_GENERATED pairs=24612 evals=1376 563s
[609214.6] PE_E_T2000_N2880: step 498 NO_CANDIDATES_GENERATED pairs=24612 evals=1376 563s
[609214.7] PE_E_T2000_N2880: step 499 NO_CANDIDATES_GENERATED pairs=24612 evals=1376 564s
[609217.5] PE_E_T2000_N2880: step 500 ELEVATED pairs=24481 evals=1392 566s
[609217.6] PE_E_T2000_N2880: step 501 NO_CANDIDATES_GENERATED pairs=24481 evals=1392 566s
[609217.7] PE_E_T2000_N2880: step 502 NO_CANDIDATES_GENERATED pairs=24481 evals=1392 567s
[609217.8] PE_E_T2000_N2880: step 503 NO_CANDIDATES_GENERATED pairs=24481 evals=1392 567s
[609217.9] PE_E_T2000_N2880: step 504 NO_CANDIDATES_GENERATED pairs=24481 evals=1392 567s
[609218.0] PE_E_T2000_N2880: step 505 NO_CANDIDATES_GENERATED pairs=24481 evals=1392 567s
[609218.1] PE_E_T2000_N2880: step 506 NO_CANDIDATES_GENERATED pairs=24481 evals=1392 567s
[609218.2] PE_E_T2000_N2880: step 507 NO_CANDIDATES_GENERATED pairs=24481 evals=1392 567s
[609218.3] PE_E_T2000_N2880: step 508 NO_CANDIDATES_GENERATED pairs=24481 evals=1392 567s
[609218.4] PE_E_T2000_N2880: step 509 NO_CANDIDATES_GENERATED pairs=24481 evals=1392 567s
[609226.7] PE_E_T2000_N2880: step 510 ELEVATED pairs=24315 evals=1408 575s
[609226.8] PE_E_T2000_N2880: step 511 NO_CANDIDATES_GENERATED pairs=24315 evals=1408 576s
[609226.9] PE_E_T2000_N2880: step 512 NO_CANDIDATES_GENERATED pairs=24315 evals=1408 576s
[609227.0] PE_E_T2000_N2880: step 513 NO_CANDIDATES_GENERATED pairs=24315 evals=1408 576s
[609227.1] PE_E_T2000_N2880: step 514 NO_CANDIDATES_GENERATED pairs=24315 evals=1408 576s
[609227.1] PE_E_T2000_N2880: step 515 NO_CANDIDATES_GENERATED pairs=24315 evals=1408 576s
[609227.2] PE_E_T2000_N2880: step 516 NO_CANDIDATES_GENERATED pairs=24315 evals=1408 576s
[609227.3] PE_E_T2000_N2880: step 517 NO_CANDIDATES_GENERATED pairs=24315 evals=1408 576s
[609227.4] PE_E_T2000_N2880: step 518 NO_CANDIDATES_GENERATED pairs=24315 evals=1408 576s
[609227.5] PE_E_T2000_N2880: step 519 NO_CANDIDATES_GENERATED pairs=24315 evals=1408 576s
[609235.0] PE_E_T2000_N2880: step 520 ELEVATED pairs=24220 evals=1417 584s
[609235.1] PE_E_T2000_N2880: step 521 NO_CANDIDATES_GENERATED pairs=24220 evals=1417 584s
[609235.1] PE_E_T2000_N2880: step 522 NO_CANDIDATES_GENERATED pairs=24220 evals=1417 584s
[609235.2] PE_E_T2000_N2880: step 523 NO_CANDIDATES_GENERATED pairs=24220 evals=1417 584s
[609235.3] PE_E_T2000_N2880: step 524 NO_CANDIDATES_GENERATED pairs=24220 evals=1417 584s
[609235.4] PE_E_T2000_N2880: step 525 NO_CANDIDATES_GENERATED pairs=24220 evals=1417 584s
[609235.5] PE_E_T2000_N2880: step 526 NO_CANDIDATES_GENERATED pairs=24220 evals=1417 584s
[609235.6] PE_E_T2000_N2880: step 527 NO_CANDIDATES_GENERATED pairs=24220 evals=1417 584s
[609235.7] PE_E_T2000_N2880: step 528 NO_CANDIDATES_GENERATED pairs=24220 evals=1417 584s
[609235.7] PE_E_T2000_N2880: step 529 NO_CANDIDATES_GENERATED pairs=24220 evals=1417 585s
[609243.1] PE_E_T2000_N2880: step 530 ELEVATED pairs=24056 evals=1433 592s
[609243.2] PE_E_T2000_N2880: step 531 NO_CANDIDATES_GENERATED pairs=24056 evals=1433 592s
[609243.3] PE_E_T2000_N2880: step 532 NO_CANDIDATES_GENERATED pairs=24056 evals=1433 592s
[609243.3] PE_E_T2000_N2880: step 533 NO_CANDIDATES_GENERATED pairs=24056 evals=1433 592s
[609243.4] PE_E_T2000_N2880: step 534 NO_CANDIDATES_GENERATED pairs=24056 evals=1433 592s
[609243.5] PE_E_T2000_N2880: step 535 NO_CANDIDATES_GENERATED pairs=24056 evals=1433 592s
[609243.6] PE_E_T2000_N2880: step 536 NO_CANDIDATES_GENERATED pairs=24056 evals=1433 592s
[609243.7] PE_E_T2000_N2880: step 537 NO_CANDIDATES_GENERATED pairs=24056 evals=1433 592s
[609243.7] PE_E_T2000_N2880: step 538 NO_CANDIDATES_GENERATED pairs=24056 evals=1433 593s
[609243.8] PE_E_T2000_N2880: step 539 NO_CANDIDATES_GENERATED pairs=24056 evals=1433 593s
[609251.1] PE_E_T2000_N2880: step 540 ELEVATED pairs=23894 evals=1449 600s
[609251.2] PE_E_T2000_N2880: step 541 NO_CANDIDATES_GENERATED pairs=23894 evals=1449 600s
[609251.3] PE_E_T2000_N2880: step 542 NO_CANDIDATES_GENERATED pairs=23894 evals=1449 600s
[609251.4] PE_E_T2000_N2880: step 543 NO_CANDIDATES_GENERATED pairs=23894 evals=1449 600s
[609251.4] PE_E_T2000_N2880: step 544 NO_CANDIDATES_GENERATED pairs=23894 evals=1449 600s
[609251.5] PE_E_T2000_N2880: step 545 NO_CANDIDATES_GENERATED pairs=23894 evals=1449 600s
[609251.6] PE_E_T2000_N2880: step 546 NO_CANDIDATES_GENERATED pairs=23894 evals=1449 600s
[609251.7] PE_E_T2000_N2880: step 547 NO_CANDIDATES_GENERATED pairs=23894 evals=1449 601s
[609251.8] PE_E_T2000_N2880: step 548 NO_CANDIDATES_GENERATED pairs=23894 evals=1449 601s
[609251.9] PE_E_T2000_N2880: step 549 NO_CANDIDATES_GENERATED pairs=23894 evals=1449 601s
[609256.1] PE_E_T2000_N2880: step 550 ELEVATED pairs=23751 evals=1465 605s
[609256.2] PE_E_T2000_N2880: step 551 NO_CANDIDATES_GENERATED pairs=23751 evals=1465 605s
[609256.3] PE_E_T2000_N2880: step 552 NO_CANDIDATES_GENERATED pairs=23751 evals=1465 605s
[609256.3] PE_E_T2000_N2880: step 553 NO_CANDIDATES_GENERATED pairs=23751 evals=1465 605s
[609256.4] PE_E_T2000_N2880: step 554 NO_CANDIDATES_GENERATED pairs=23751 evals=1465 605s
[609256.5] PE_E_T2000_N2880: step 555 NO_CANDIDATES_GENERATED pairs=23751 evals=1465 605s
[609256.6] PE_E_T2000_N2880: step 556 NO_CANDIDATES_GENERATED pairs=23751 evals=1465 605s
[609256.6] PE_E_T2000_N2880: step 557 NO_CANDIDATES_GENERATED pairs=23751 evals=1465 605s
[609256.7] PE_E_T2000_N2880: step 558 NO_CANDIDATES_GENERATED pairs=23751 evals=1465 606s
[609256.8] PE_E_T2000_N2880: step 559 NO_CANDIDATES_GENERATED pairs=23751 evals=1465 606s
[609263.5] PE_E_T2000_N2880: step 560 ELEVATED pairs=23590 evals=1481 612s
[609263.6] PE_E_T2000_N2880: step 561 NO_CANDIDATES_GENERATED pairs=23590 evals=1481 612s
[609263.7] PE_E_T2000_N2880: step 562 NO_CANDIDATES_GENERATED pairs=23590 evals=1481 612s
[609263.7] PE_E_T2000_N2880: step 563 NO_CANDIDATES_GENERATED pairs=23590 evals=1481 613s
[609263.8] PE_E_T2000_N2880: step 564 NO_CANDIDATES_GENERATED pairs=23590 evals=1481 613s
[609263.9] PE_E_T2000_N2880: step 565 NO_CANDIDATES_GENERATED pairs=23590 evals=1481 613s
[609264.0] PE_E_T2000_N2880: step 566 NO_CANDIDATES_GENERATED pairs=23590 evals=1481 613s
[609264.0] PE_E_T2000_N2880: step 567 NO_CANDIDATES_GENERATED pairs=23590 evals=1481 613s
[609264.1] PE_E_T2000_N2880: step 568 NO_CANDIDATES_GENERATED pairs=23590 evals=1481 613s
[609264.2] PE_E_T2000_N2880: step 569 NO_CANDIDATES_GENERATED pairs=23590 evals=1481 613s
[609268.6] PE_E_T2000_N2880: step 570 ELEVATED pairs=23449 evals=1497 617s
[609268.7] PE_E_T2000_N2880: step 571 NO_CANDIDATES_GENERATED pairs=23449 evals=1497 617s
[609268.7] PE_E_T2000_N2880: step 572 NO_CANDIDATES_GENERATED pairs=23449 evals=1497 618s
[609268.8] PE_E_T2000_N2880: step 573 NO_CANDIDATES_GENERATED pairs=23449 evals=1497 618s
[609268.9] PE_E_T2000_N2880: step 574 NO_CANDIDATES_GENERATED pairs=23449 evals=1497 618s
[609269.0] PE_E_T2000_N2880: step 575 NO_CANDIDATES_GENERATED pairs=23449 evals=1497 618s
[609269.1] PE_E_T2000_N2880: step 576 NO_CANDIDATES_GENERATED pairs=23449 evals=1497 618s
[609269.2] PE_E_T2000_N2880: step 577 NO_CANDIDATES_GENERATED pairs=23449 evals=1497 618s
[609269.3] PE_E_T2000_N2880: step 578 NO_CANDIDATES_GENERATED pairs=23449 evals=1497 618s
[609269.3] PE_E_T2000_N2880: step 579 NO_CANDIDATES_GENERATED pairs=23449 evals=1497 618s
[609278.3] PE_E_T2000_N2880: step 580 ELEVATED pairs=23290 evals=1513 627s
[609278.4] PE_E_T2000_N2880: step 581 NO_CANDIDATES_GENERATED pairs=23290 evals=1513 627s
[609278.5] PE_E_T2000_N2880: step 582 NO_CANDIDATES_GENERATED pairs=23290 evals=1513 627s
[609278.6] PE_E_T2000_N2880: step 583 NO_CANDIDATES_GENERATED pairs=23290 evals=1513 627s
[609278.8] PE_E_T2000_N2880: step 584 NO_CANDIDATES_GENERATED pairs=23290 evals=1513 628s
[609278.9] PE_E_T2000_N2880: step 585 NO_CANDIDATES_GENERATED pairs=23290 evals=1513 628s
[609279.0] PE_E_T2000_N2880: step 586 NO_CANDIDATES_GENERATED pairs=23290 evals=1513 628s
[609279.2] PE_E_T2000_N2880: step 587 NO_CANDIDATES_GENERATED pairs=23290 evals=1513 628s
[609279.3] PE_E_T2000_N2880: step 588 NO_CANDIDATES_GENERATED pairs=23290 evals=1513 628s
[609279.4] PE_E_T2000_N2880: step 589 NO_CANDIDATES_GENERATED pairs=23290 evals=1513 628s
[609285.3] PE_E_T2000_N2880: step 590 ELEVATED pairs=23157 evals=1529 634s
[609285.4] PE_E_T2000_N2880: step 591 NO_CANDIDATES_GENERATED pairs=23157 evals=1529 634s
[609285.5] PE_E_T2000_N2880: step 592 NO_CANDIDATES_GENERATED pairs=23157 evals=1529 634s
[609285.6] PE_E_T2000_N2880: step 593 NO_CANDIDATES_GENERATED pairs=23157 evals=1529 634s
[609285.7] PE_E_T2000_N2880: step 594 NO_CANDIDATES_GENERATED pairs=23157 evals=1529 635s
[609285.9] PE_E_T2000_N2880: step 595 NO_CANDIDATES_GENERATED pairs=23157 evals=1529 635s
[609286.0] PE_E_T2000_N2880: step 596 NO_CANDIDATES_GENERATED pairs=23157 evals=1529 635s
[609286.1] PE_E_T2000_N2880: step 597 NO_CANDIDATES_GENERATED pairs=23157 evals=1529 635s
[609286.2] PE_E_T2000_N2880: step 598 NO_CANDIDATES_GENERATED pairs=23157 evals=1529 635s
[609286.3] PE_E_T2000_N2880: step 599 NO_CANDIDATES_GENERATED pairs=23157 evals=1529 635s
[609294.8] PE_E_T2000_N2880: step 600 ELEVATED pairs=23000 evals=1545 644s
[609294.9] PE_E_T2000_N2880: step 601 NO_CANDIDATES_GENERATED pairs=23000 evals=1545 644s
[609294.9] PE_E_T2000_N2880: step 602 NO_CANDIDATES_GENERATED pairs=23000 evals=1545 644s
[609295.0] PE_E_T2000_N2880: step 603 NO_CANDIDATES_GENERATED pairs=23000 evals=1545 644s
[609295.1] PE_E_T2000_N2880: step 604 NO_CANDIDATES_GENERATED pairs=23000 evals=1545 644s
[609295.2] PE_E_T2000_N2880: step 605 NO_CANDIDATES_GENERATED pairs=23000 evals=1545 644s
[609295.3] PE_E_T2000_N2880: step 606 NO_CANDIDATES_GENERATED pairs=23000 evals=1545 644s
[609295.4] PE_E_T2000_N2880: step 607 NO_CANDIDATES_GENERATED pairs=23000 evals=1545 644s
[609295.5] PE_E_T2000_N2880: step 608 NO_CANDIDATES_GENERATED pairs=23000 evals=1545 644s
[609295.5] PE_E_T2000_N2880: step 609 NO_CANDIDATES_GENERATED pairs=23000 evals=1545 644s
[609299.9] PE_E_T2000_N2880: step 610 ELEVATED pairs=22861 evals=1561 649s
[609300.0] PE_E_T2000_N2880: step 611 NO_CANDIDATES_GENERATED pairs=22861 evals=1561 649s
[609300.1] PE_E_T2000_N2880: step 612 NO_CANDIDATES_GENERATED pairs=22861 evals=1561 649s
[609300.1] PE_E_T2000_N2880: step 613 NO_CANDIDATES_GENERATED pairs=22861 evals=1561 649s
[609300.2] PE_E_T2000_N2880: step 614 NO_CANDIDATES_GENERATED pairs=22861 evals=1561 649s
[609300.3] PE_E_T2000_N2880: step 615 NO_CANDIDATES_GENERATED pairs=22861 evals=1561 649s
[609300.4] PE_E_T2000_N2880: step 616 NO_CANDIDATES_GENERATED pairs=22861 evals=1561 649s
[609300.5] PE_E_T2000_N2880: step 617 NO_CANDIDATES_GENERATED pairs=22861 evals=1561 649s
[609300.6] PE_E_T2000_N2880: step 618 NO_CANDIDATES_GENERATED pairs=22861 evals=1561 649s
[609300.7] PE_E_T2000_N2880: step 619 NO_CANDIDATES_GENERATED pairs=22861 evals=1561 649s
[609304.2] PE_E_T2000_N2880: step 620 ELEVATED pairs=22730 evals=1577 653s
[609304.2] PE_E_T2000_N2880: step 621 NO_CANDIDATES_GENERATED pairs=22730 evals=1577 653s
[609304.3] PE_E_T2000_N2880: step 622 NO_CANDIDATES_GENERATED pairs=22730 evals=1577 653s
[609304.4] PE_E_T2000_N2880: step 623 NO_CANDIDATES_GENERATED pairs=22730 evals=1577 653s
[609304.4] PE_E_T2000_N2880: step 624 NO_CANDIDATES_GENERATED pairs=22730 evals=1577 653s
[609304.5] PE_E_T2000_N2880: step 625 NO_CANDIDATES_GENERATED pairs=22730 evals=1577 653s
[609304.6] PE_E_T2000_N2880: step 626 NO_CANDIDATES_GENERATED pairs=22730 evals=1577 653s
[609304.7] PE_E_T2000_N2880: step 627 NO_CANDIDATES_GENERATED pairs=22730 evals=1577 653s
[609304.7] PE_E_T2000_N2880: step 628 NO_CANDIDATES_GENERATED pairs=22730 evals=1577 654s
[609304.8] PE_E_T2000_N2880: step 629 NO_CANDIDATES_GENERATED pairs=22730 evals=1577 654s
[609311.7] PE_E_T2000_N2880: step 630 ELEVATED pairs=22575 evals=1593 660s
[609311.7] PE_E_T2000_N2880: step 631 NO_CANDIDATES_GENERATED pairs=22575 evals=1593 661s
[609311.8] PE_E_T2000_N2880: step 632 NO_CANDIDATES_GENERATED pairs=22575 evals=1593 661s
[609311.9] PE_E_T2000_N2880: step 633 NO_CANDIDATES_GENERATED pairs=22575 evals=1593 661s
[609311.9] PE_E_T2000_N2880: step 634 NO_CANDIDATES_GENERATED pairs=22575 evals=1593 661s
[609312.0] PE_E_T2000_N2880: step 635 NO_CANDIDATES_GENERATED pairs=22575 evals=1593 661s
[609312.1] PE_E_T2000_N2880: step 636 NO_CANDIDATES_GENERATED pairs=22575 evals=1593 661s
[609312.2] PE_E_T2000_N2880: step 637 NO_CANDIDATES_GENERATED pairs=22575 evals=1593 661s
[609312.2] PE_E_T2000_N2880: step 638 NO_CANDIDATES_GENERATED pairs=22575 evals=1593 661s
[609312.3] PE_E_T2000_N2880: step 639 NO_CANDIDATES_GENERATED pairs=22575 evals=1593 661s
[609317.3] PE_E_T2000_N2880: step 640 ELEVATED pairs=22459 evals=1609 666s
[609317.4] PE_E_T2000_N2880: step 641 NO_CANDIDATES_GENERATED pairs=22459 evals=1609 666s
[609317.4] PE_E_T2000_N2880: step 642 NO_CANDIDATES_GENERATED pairs=22459 evals=1609 666s
[609317.5] PE_E_T2000_N2880: step 643 NO_CANDIDATES_GENERATED pairs=22459 evals=1609 666s
[609317.6] PE_E_T2000_N2880: step 644 NO_CANDIDATES_GENERATED pairs=22459 evals=1609 666s
[609317.6] PE_E_T2000_N2880: step 645 NO_CANDIDATES_GENERATED pairs=22459 evals=1609 666s
[609317.7] PE_E_T2000_N2880: step 646 NO_CANDIDATES_GENERATED pairs=22459 evals=1609 667s
[609317.8] PE_E_T2000_N2880: step 647 NO_CANDIDATES_GENERATED pairs=22459 evals=1609 667s
[609317.8] PE_E_T2000_N2880: step 648 NO_CANDIDATES_GENERATED pairs=22459 evals=1609 667s
[609317.9] PE_E_T2000_N2880: step 649 NO_CANDIDATES_GENERATED pairs=22459 evals=1609 667s
[609322.5] PE_E_T2000_N2880: step 650 ELEVATED pairs=22345 evals=1625 671s
[609322.5] PE_E_T2000_N2880: step 651 NO_CANDIDATES_GENERATED pairs=22345 evals=1625 671s
[609322.6] PE_E_T2000_N2880: step 652 NO_CANDIDATES_GENERATED pairs=22345 evals=1625 671s
[609322.6] PE_E_T2000_N2880: step 653 NO_CANDIDATES_GENERATED pairs=22345 evals=1625 671s
[609322.7] PE_E_T2000_N2880: step 654 NO_CANDIDATES_GENERATED pairs=22345 evals=1625 672s
[609322.8] PE_E_T2000_N2880: step 655 NO_CANDIDATES_GENERATED pairs=22345 evals=1625 672s
[609322.8] PE_E_T2000_N2880: step 656 NO_CANDIDATES_GENERATED pairs=22345 evals=1625 672s
[609322.9] PE_E_T2000_N2880: step 657 NO_CANDIDATES_GENERATED pairs=22345 evals=1625 672s
[609323.0] PE_E_T2000_N2880: step 658 NO_CANDIDATES_GENERATED pairs=22345 evals=1625 672s
[609323.0] PE_E_T2000_N2880: step 659 NO_CANDIDATES_GENERATED pairs=22345 evals=1625 672s
[609327.5] PE_E_T2000_N2880: step 660 ELEVATED pairs=22233 evals=1641 676s
[609327.6] PE_E_T2000_N2880: step 661 NO_CANDIDATES_GENERATED pairs=22233 evals=1641 676s
[609327.7] PE_E_T2000_N2880: step 662 NO_CANDIDATES_GENERATED pairs=22233 evals=1641 676s
[609327.7] PE_E_T2000_N2880: step 663 NO_CANDIDATES_GENERATED pairs=22233 evals=1641 677s
[609327.8] PE_E_T2000_N2880: step 664 NO_CANDIDATES_GENERATED pairs=22233 evals=1641 677s
[609327.9] PE_E_T2000_N2880: step 665 NO_CANDIDATES_GENERATED pairs=22233 evals=1641 677s
[609327.9] PE_E_T2000_N2880: step 666 NO_CANDIDATES_GENERATED pairs=22233 evals=1641 677s
[609328.0] PE_E_T2000_N2880: step 667 NO_CANDIDATES_GENERATED pairs=22233 evals=1641 677s
[609328.1] PE_E_T2000_N2880: step 668 NO_CANDIDATES_GENERATED pairs=22233 evals=1641 677s
[609328.2] PE_E_T2000_N2880: step 669 NO_CANDIDATES_GENERATED pairs=22233 evals=1641 677s
[609332.9] PE_E_T2000_N2880: step 670 ELEVATED pairs=22123 evals=1657 682s
[609333.0] PE_E_T2000_N2880: step 671 NO_CANDIDATES_GENERATED pairs=22123 evals=1657 682s
[609333.1] PE_E_T2000_N2880: step 672 NO_CANDIDATES_GENERATED pairs=22123 evals=1657 682s
[609333.1] PE_E_T2000_N2880: step 673 NO_CANDIDATES_GENERATED pairs=22123 evals=1657 682s
[609333.2] PE_E_T2000_N2880: step 674 NO_CANDIDATES_GENERATED pairs=22123 evals=1657 682s
[609333.3] PE_E_T2000_N2880: step 675 NO_CANDIDATES_GENERATED pairs=22123 evals=1657 682s
[609333.3] PE_E_T2000_N2880: step 676 NO_CANDIDATES_GENERATED pairs=22123 evals=1657 682s
[609333.4] PE_E_T2000_N2880: step 677 NO_CANDIDATES_GENERATED pairs=22123 evals=1657 682s
[609333.5] PE_E_T2000_N2880: step 678 NO_CANDIDATES_GENERATED pairs=22123 evals=1657 682s
[609333.6] PE_E_T2000_N2880: step 679 NO_CANDIDATES_GENERATED pairs=22123 evals=1657 682s
[609338.2] PE_E_T2000_N2880: step 680 ELEVATED pairs=22015 evals=1673 687s
[609338.3] PE_E_T2000_N2880: step 681 NO_CANDIDATES_GENERATED pairs=22015 evals=1673 687s
[609338.4] PE_E_T2000_N2880: step 682 NO_CANDIDATES_GENERATED pairs=22015 evals=1673 687s
[609338.5] PE_E_T2000_N2880: step 683 NO_CANDIDATES_GENERATED pairs=22015 evals=1673 687s
[609338.5] PE_E_T2000_N2880: step 684 NO_CANDIDATES_GENERATED pairs=22015 evals=1673 687s
[609338.6] PE_E_T2000_N2880: step 685 NO_CANDIDATES_GENERATED pairs=22015 evals=1673 687s
[609338.7] PE_E_T2000_N2880: step 686 NO_CANDIDATES_GENERATED pairs=22015 evals=1673 688s
[609338.8] PE_E_T2000_N2880: step 687 NO_CANDIDATES_GENERATED pairs=22015 evals=1673 688s
[609338.8] PE_E_T2000_N2880: step 688 NO_CANDIDATES_GENERATED pairs=22015 evals=1673 688s
[609338.9] PE_E_T2000_N2880: step 689 NO_CANDIDATES_GENERATED pairs=22015 evals=1673 688s
[609342.9] PE_E_T2000_N2880: step 690 ELEVATED pairs=21846 evals=1689 692s
[609342.9] PE_E_T2000_N2880: step 691 NO_CANDIDATES_GENERATED pairs=21846 evals=1689 692s
[609343.0] PE_E_T2000_N2880: step 692 NO_CANDIDATES_GENERATED pairs=21846 evals=1689 692s
[609343.0] PE_E_T2000_N2880: step 693 NO_CANDIDATES_GENERATED pairs=21846 evals=1689 692s
[609343.1] PE_E_T2000_N2880: step 694 NO_CANDIDATES_GENERATED pairs=21846 evals=1689 692s
[609343.2] PE_E_T2000_N2880: step 695 NO_CANDIDATES_GENERATED pairs=21846 evals=1689 692s
[609343.2] PE_E_T2000_N2880: step 696 NO_CANDIDATES_GENERATED pairs=21846 evals=1689 692s
[609343.3] PE_E_T2000_N2880: step 697 NO_CANDIDATES_GENERATED pairs=21846 evals=1689 692s
[609343.3] PE_E_T2000_N2880: step 698 NO_CANDIDATES_GENERATED pairs=21846 evals=1689 692s
[609343.4] PE_E_T2000_N2880: step 699 NO_CANDIDATES_GENERATED pairs=21846 evals=1689 692s
[609347.9] PE_E_T2000_N2880: step 700 ELEVATED pairs=21699 evals=1705 697s
[609348.0] PE_E_T2000_N2880: step 701 NO_CANDIDATES_GENERATED pairs=21699 evals=1705 697s
[609348.0] PE_E_T2000_N2880: step 702 NO_CANDIDATES_GENERATED pairs=21699 evals=1705 697s
[609348.1] PE_E_T2000_N2880: step 703 NO_CANDIDATES_GENERATED pairs=21699 evals=1705 697s
[609348.1] PE_E_T2000_N2880: step 704 NO_CANDIDATES_GENERATED pairs=21699 evals=1705 697s
[609348.2] PE_E_T2000_N2880: step 705 NO_CANDIDATES_GENERATED pairs=21699 evals=1705 697s
[609348.3] PE_E_T2000_N2880: step 706 NO_CANDIDATES_GENERATED pairs=21699 evals=1705 697s
[609348.3] PE_E_T2000_N2880: step 707 NO_CANDIDATES_GENERATED pairs=21699 evals=1705 697s
[609348.4] PE_E_T2000_N2880: step 708 NO_CANDIDATES_GENERATED pairs=21699 evals=1705 697s
[609348.4] PE_E_T2000_N2880: step 709 NO_CANDIDATES_GENERATED pairs=21699 evals=1705 697s
[609352.4] PE_E_T2000_N2880: step 710 ELEVATED pairs=21599 evals=1721 701s
[609352.4] PE_E_T2000_N2880: step 711 NO_CANDIDATES_GENERATED pairs=21599 evals=1721 701s
[609352.5] PE_E_T2000_N2880: step 712 NO_CANDIDATES_GENERATED pairs=21599 evals=1721 701s
[609352.6] PE_E_T2000_N2880: step 713 NO_CANDIDATES_GENERATED pairs=21599 evals=1721 701s
[609352.6] PE_E_T2000_N2880: step 714 NO_CANDIDATES_GENERATED pairs=21599 evals=1721 701s
[609352.7] PE_E_T2000_N2880: step 715 NO_CANDIDATES_GENERATED pairs=21599 evals=1721 701s
[609352.7] PE_E_T2000_N2880: step 716 NO_CANDIDATES_GENERATED pairs=21599 evals=1721 702s
[609352.8] PE_E_T2000_N2880: step 717 NO_CANDIDATES_GENERATED pairs=21599 evals=1721 702s
[609352.9] PE_E_T2000_N2880: step 718 NO_CANDIDATES_GENERATED pairs=21599 evals=1721 702s
[609352.9] PE_E_T2000_N2880: step 719 NO_CANDIDATES_GENERATED pairs=21599 evals=1721 702s
[609353.0] PE_E_T2000_N2880: step 720 NO_CANDIDATES_GENERATED pairs=21599 evals=1721 702s
[609353.1] PE_E_T2000_N2880: step 721 NO_CANDIDATES_GENERATED pairs=21599 evals=1721 702s
[609353.1] PE_E_T2000_N2880: step 722 NO_CANDIDATES_GENERATED pairs=21599 evals=1721 702s
[609353.2] PE_E_T2000_N2880: step 723 NO_CANDIDATES_GENERATED pairs=21599 evals=1721 702s
[609357.2] PE_E_T2000_N2880: step 724 ELEVATED pairs=21450 evals=1737 706s
[609357.3] PE_E_T2000_N2880: step 725 NO_CANDIDATES_GENERATED pairs=21450 evals=1737 706s
[609357.3] PE_E_T2000_N2880: step 726 NO_CANDIDATES_GENERATED pairs=21450 evals=1737 706s
[609357.4] PE_E_T2000_N2880: step 727 NO_CANDIDATES_GENERATED pairs=21450 evals=1737 706s
[609357.5] PE_E_T2000_N2880: step 728 NO_CANDIDATES_GENERATED pairs=21450 evals=1737 706s
[609357.5] PE_E_T2000_N2880: step 729 NO_CANDIDATES_GENERATED pairs=21450 evals=1737 706s
[609357.6] PE_E_T2000_N2880: step 730 NO_CANDIDATES_GENERATED pairs=21450 evals=1737 706s
[609357.6] PE_E_T2000_N2880: step 731 NO_CANDIDATES_GENERATED pairs=21450 evals=1737 706s
[609357.7] PE_E_T2000_N2880: step 732 NO_CANDIDATES_GENERATED pairs=21450 evals=1737 707s
[609357.8] PE_E_T2000_N2880: step 733 NO_CANDIDATES_GENERATED pairs=21450 evals=1737 707s
[609357.8] PE_E_T2000_N2880: step 734 NO_CANDIDATES_GENERATED pairs=21450 evals=1737 707s
[609357.9] PE_E_T2000_N2880: step 735 NO_CANDIDATES_GENERATED pairs=21450 evals=1737 707s
[609357.9] PE_E_T2000_N2880: step 736 NO_CANDIDATES_GENERATED pairs=21450 evals=1737 707s
[609358.0] PE_E_T2000_N2880: step 737 NO_CANDIDATES_GENERATED pairs=21450 evals=1737 707s
[609361.2] PE_E_T2000_N2880: step 738 ELEVATED pairs=21325 evals=1753 710s
[609361.2] PE_E_T2000_N2880: step 739 NO_CANDIDATES_GENERATED pairs=21325 evals=1753 710s
[609361.3] PE_E_T2000_N2880: step 740 NO_CANDIDATES_GENERATED pairs=21325 evals=1753 710s
[609361.4] PE_E_T2000_N2880: step 741 NO_CANDIDATES_GENERATED pairs=21325 evals=1753 710s
[609361.4] PE_E_T2000_N2880: step 742 NO_CANDIDATES_GENERATED pairs=21325 evals=1753 710s
[609361.5] PE_E_T2000_N2880: step 743 NO_CANDIDATES_GENERATED pairs=21325 evals=1753 710s
[609361.6] PE_E_T2000_N2880: step 744 NO_CANDIDATES_GENERATED pairs=21325 evals=1753 710s
[609361.6] PE_E_T2000_N2880: step 745 NO_CANDIDATES_GENERATED pairs=21325 evals=1753 710s
[609361.7] PE_E_T2000_N2880: step 746 NO_CANDIDATES_GENERATED pairs=21325 evals=1753 711s
[609361.8] PE_E_T2000_N2880: step 747 NO_CANDIDATES_GENERATED pairs=21325 evals=1753 711s
[609361.8] PE_E_T2000_N2880: step 748 NO_CANDIDATES_GENERATED pairs=21325 evals=1753 711s
[609361.9] PE_E_T2000_N2880: step 749 NO_CANDIDATES_GENERATED pairs=21325 evals=1753 711s
[609362.0] PE_E_T2000_N2880: step 750 NO_CANDIDATES_GENERATED pairs=21325 evals=1753 711s
[609362.0] PE_E_T2000_N2880: step 751 NO_CANDIDATES_GENERATED pairs=21325 evals=1753 711s
[609365.3] PE_E_T2000_N2880: step 752 ELEVATED pairs=21202 evals=1769 714s
[609365.4] PE_E_T2000_N2880: step 753 NO_CANDIDATES_GENERATED pairs=21202 evals=1769 714s
[609365.4] PE_E_T2000_N2880: step 754 NO_CANDIDATES_GENERATED pairs=21202 evals=1769 714s
[609365.5] PE_E_T2000_N2880: step 755 NO_CANDIDATES_GENERATED pairs=21202 evals=1769 714s
[609365.6] PE_E_T2000_N2880: step 756 NO_CANDIDATES_GENERATED pairs=21202 evals=1769 714s
[609365.6] PE_E_T2000_N2880: step 757 NO_CANDIDATES_GENERATED pairs=21202 evals=1769 714s
[609365.7] PE_E_T2000_N2880: step 758 NO_CANDIDATES_GENERATED pairs=21202 evals=1769 714s
[609365.7] PE_E_T2000_N2880: step 759 NO_CANDIDATES_GENERATED pairs=21202 evals=1769 715s
[609365.8] PE_E_T2000_N2880: step 760 NO_CANDIDATES_GENERATED pairs=21202 evals=1769 715s
[609365.9] PE_E_T2000_N2880: step 761 NO_CANDIDATES_GENERATED pairs=21202 evals=1769 715s
[609365.9] PE_E_T2000_N2880: step 762 NO_CANDIDATES_GENERATED pairs=21202 evals=1769 715s
[609366.0] PE_E_T2000_N2880: step 763 NO_CANDIDATES_GENERATED pairs=21202 evals=1769 715s
[609366.1] PE_E_T2000_N2880: step 764 NO_CANDIDATES_GENERATED pairs=21202 evals=1769 715s
[609366.1] PE_E_T2000_N2880: step 765 NO_CANDIDATES_GENERATED pairs=21202 evals=1769 715s
[609371.1] PE_E_T2000_N2880: step 766 ELEVATED pairs=21137 evals=1785 720s
[609371.1] PE_E_T2000_N2880: step 767 NO_CANDIDATES_GENERATED pairs=21137 evals=1785 720s
[609371.2] PE_E_T2000_N2880: step 768 NO_CANDIDATES_GENERATED pairs=21137 evals=1785 720s
[609371.3] PE_E_T2000_N2880: step 769 NO_CANDIDATES_GENERATED pairs=21137 evals=1785 720s
[609371.3] PE_E_T2000_N2880: step 770 NO_CANDIDATES_GENERATED pairs=21137 evals=1785 720s
[609371.4] PE_E_T2000_N2880: step 771 NO_CANDIDATES_GENERATED pairs=21137 evals=1785 720s
[609371.5] PE_E_T2000_N2880: step 772 NO_CANDIDATES_GENERATED pairs=21137 evals=1785 720s
[609371.5] PE_E_T2000_N2880: step 773 NO_CANDIDATES_GENERATED pairs=21137 evals=1785 720s
[609371.6] PE_E_T2000_N2880: step 774 NO_CANDIDATES_GENERATED pairs=21137 evals=1785 720s
[609371.6] PE_E_T2000_N2880: step 775 NO_CANDIDATES_GENERATED pairs=21137 evals=1785 720s
[609371.7] PE_E_T2000_N2880: step 776 NO_CANDIDATES_GENERATED pairs=21137 evals=1785 721s
[609371.8] PE_E_T2000_N2880: step 777 NO_CANDIDATES_GENERATED pairs=21137 evals=1785 721s
[609371.8] PE_E_T2000_N2880: step 778 NO_CANDIDATES_GENERATED pairs=21137 evals=1785 721s
[609371.9] PE_E_T2000_N2880: step 779 NO_CANDIDATES_GENERATED pairs=21137 evals=1785 721s
[609376.7] PE_E_T2000_N2880: step 780 ELEVATED pairs=21043 evals=1801 726s
[609376.8] PE_E_T2000_N2880: step 781 NO_CANDIDATES_GENERATED pairs=21043 evals=1801 726s
[609376.8] PE_E_T2000_N2880: step 782 NO_CANDIDATES_GENERATED pairs=21043 evals=1801 726s
[609376.9] PE_E_T2000_N2880: step 783 NO_CANDIDATES_GENERATED pairs=21043 evals=1801 726s
[609377.0] PE_E_T2000_N2880: step 784 NO_CANDIDATES_GENERATED pairs=21043 evals=1801 726s
[609377.0] PE_E_T2000_N2880: step 785 NO_CANDIDATES_GENERATED pairs=21043 evals=1801 726s
[609377.1] PE_E_T2000_N2880: step 786 NO_CANDIDATES_GENERATED pairs=21043 evals=1801 726s
[609377.1] PE_E_T2000_N2880: step 787 NO_CANDIDATES_GENERATED pairs=21043 evals=1801 726s
[609377.2] PE_E_T2000_N2880: step 788 NO_CANDIDATES_GENERATED pairs=21043 evals=1801 726s
[609377.3] PE_E_T2000_N2880: step 789 NO_CANDIDATES_GENERATED pairs=21043 evals=1801 726s
[609377.3] PE_E_T2000_N2880: step 790 NO_CANDIDATES_GENERATED pairs=21043 evals=1801 726s
[609377.4] PE_E_T2000_N2880: step 791 NO_CANDIDATES_GENERATED pairs=21043 evals=1801 726s
[609377.4] PE_E_T2000_N2880: step 792 NO_CANDIDATES_GENERATED pairs=21043 evals=1801 726s
[609377.5] PE_E_T2000_N2880: step 793 NO_CANDIDATES_GENERATED pairs=21043 evals=1801 726s
[609381.8] PE_E_T2000_N2880: step 794 ELEVATED pairs=20947 evals=1817 731s
[609381.8] PE_E_T2000_N2880: step 795 NO_CANDIDATES_GENERATED pairs=20947 evals=1817 731s
[609381.9] PE_E_T2000_N2880: step 796 NO_CANDIDATES_GENERATED pairs=20947 evals=1817 731s
[609382.0] PE_E_T2000_N2880: step 797 NO_CANDIDATES_GENERATED pairs=20947 evals=1817 731s
[609382.0] PE_E_T2000_N2880: step 798 NO_CANDIDATES_GENERATED pairs=20947 evals=1817 731s
[609382.1] PE_E_T2000_N2880: step 799 NO_CANDIDATES_GENERATED pairs=20947 evals=1817 731s
[609382.1] PE_E_T2000_N2880: step 800 NO_CANDIDATES_GENERATED pairs=20947 evals=1817 731s
[609382.2] PE_E_T2000_N2880: step 801 NO_CANDIDATES_GENERATED pairs=20947 evals=1817 731s
[609382.3] PE_E_T2000_N2880: step 802 NO_CANDIDATES_GENERATED pairs=20947 evals=1817 731s
[609382.3] PE_E_T2000_N2880: step 803 NO_CANDIDATES_GENERATED pairs=20947 evals=1817 731s
[609382.4] PE_E_T2000_N2880: step 804 NO_CANDIDATES_GENERATED pairs=20947 evals=1817 731s
[609382.4] PE_E_T2000_N2880: step 805 NO_CANDIDATES_GENERATED pairs=20947 evals=1817 731s
[609382.5] PE_E_T2000_N2880: step 806 NO_CANDIDATES_GENERATED pairs=20947 evals=1817 731s
[609382.6] PE_E_T2000_N2880: step 807 NO_CANDIDATES_GENERATED pairs=20947 evals=1817 731s
[609387.4] PE_E_T2000_N2880: step 808 ELEVATED pairs=20857 evals=1833 736s
[609387.5] PE_E_T2000_N2880: step 809 NO_CANDIDATES_GENERATED pairs=20857 evals=1833 736s
[609387.6] PE_E_T2000_N2880: step 810 NO_CANDIDATES_GENERATED pairs=20857 evals=1833 736s
[609387.6] PE_E_T2000_N2880: step 811 NO_CANDIDATES_GENERATED pairs=20857 evals=1833 736s
[609387.7] PE_E_T2000_N2880: step 812 NO_CANDIDATES_GENERATED pairs=20857 evals=1833 737s
[609387.8] PE_E_T2000_N2880: step 813 NO_CANDIDATES_GENERATED pairs=20857 evals=1833 737s
[609387.8] PE_E_T2000_N2880: step 814 NO_CANDIDATES_GENERATED pairs=20857 evals=1833 737s
[609387.9] PE_E_T2000_N2880: step 815 NO_CANDIDATES_GENERATED pairs=20857 evals=1833 737s
[609388.0] PE_E_T2000_N2880: step 816 NO_CANDIDATES_GENERATED pairs=20857 evals=1833 737s
[609388.0] PE_E_T2000_N2880: step 817 NO_CANDIDATES_GENERATED pairs=20857 evals=1833 737s
[609388.1] PE_E_T2000_N2880: step 818 NO_CANDIDATES_GENERATED pairs=20857 evals=1833 737s
[609388.2] PE_E_T2000_N2880: step 819 NO_CANDIDATES_GENERATED pairs=20857 evals=1833 737s
[609388.2] PE_E_T2000_N2880: step 820 NO_CANDIDATES_GENERATED pairs=20857 evals=1833 737s
[609388.3] PE_E_T2000_N2880: step 821 NO_CANDIDATES_GENERATED pairs=20857 evals=1833 737s
[609392.1] PE_E_T2000_N2880: step 822 ELEVATED pairs=20742 evals=1849 741s
[609392.1] PE_E_T2000_N2880: step 823 NO_CANDIDATES_GENERATED pairs=20742 evals=1849 741s
[609392.2] PE_E_T2000_N2880: step 824 NO_CANDIDATES_GENERATED pairs=20742 evals=1849 741s
[609392.2] PE_E_T2000_N2880: step 825 NO_CANDIDATES_GENERATED pairs=20742 evals=1849 741s
[609392.3] PE_E_T2000_N2880: step 826 NO_CANDIDATES_GENERATED pairs=20742 evals=1849 741s
[609392.4] PE_E_T2000_N2880: step 827 NO_CANDIDATES_GENERATED pairs=20742 evals=1849 741s
[609392.4] PE_E_T2000_N2880: step 828 NO_CANDIDATES_GENERATED pairs=20742 evals=1849 741s
[609392.5] PE_E_T2000_N2880: step 829 NO_CANDIDATES_GENERATED pairs=20742 evals=1849 741s
[609392.5] PE_E_T2000_N2880: step 830 NO_CANDIDATES_GENERATED pairs=20742 evals=1849 741s
[609392.6] PE_E_T2000_N2880: step 831 NO_CANDIDATES_GENERATED pairs=20742 evals=1849 741s
[609392.7] PE_E_T2000_N2880: step 832 NO_CANDIDATES_GENERATED pairs=20742 evals=1849 741s
[609392.7] PE_E_T2000_N2880: step 833 NO_CANDIDATES_GENERATED pairs=20742 evals=1849 742s
[609392.8] PE_E_T2000_N2880: step 834 NO_CANDIDATES_GENERATED pairs=20742 evals=1849 742s
[609392.9] PE_E_T2000_N2880: step 835 NO_CANDIDATES_GENERATED pairs=20742 evals=1849 742s
[609398.4] PE_E_T2000_N2880: step 836 ELEVATED pairs=20655 evals=1865 747s
[609398.5] PE_E_T2000_N2880: step 837 NO_CANDIDATES_GENERATED pairs=20655 evals=1865 747s
[609398.6] PE_E_T2000_N2880: step 838 NO_CANDIDATES_GENERATED pairs=20655 evals=1865 747s
[609398.6] PE_E_T2000_N2880: step 839 NO_CANDIDATES_GENERATED pairs=20655 evals=1865 747s
[609398.7] PE_E_T2000_N2880: step 840 NO_CANDIDATES_GENERATED pairs=20655 evals=1865 747s
[609398.7] PE_E_T2000_N2880: step 841 NO_CANDIDATES_GENERATED pairs=20655 evals=1865 748s
[609398.8] PE_E_T2000_N2880: step 842 NO_CANDIDATES_GENERATED pairs=20655 evals=1865 748s
[609398.9] PE_E_T2000_N2880: step 843 NO_CANDIDATES_GENERATED pairs=20655 evals=1865 748s
[609399.0] PE_E_T2000_N2880: step 844 NO_CANDIDATES_GENERATED pairs=20655 evals=1865 748s
[609399.0] PE_E_T2000_N2880: step 845 NO_CANDIDATES_GENERATED pairs=20655 evals=1865 748s
[609399.1] PE_E_T2000_N2880: step 846 NO_CANDIDATES_GENERATED pairs=20655 evals=1865 748s
[609399.2] PE_E_T2000_N2880: step 847 NO_CANDIDATES_GENERATED pairs=20655 evals=1865 748s
[609399.2] PE_E_T2000_N2880: step 848 NO_CANDIDATES_GENERATED pairs=20655 evals=1865 748s
[609399.3] PE_E_T2000_N2880: step 849 NO_CANDIDATES_GENERATED pairs=20655 evals=1865 748s
[609399.4] PE_E_T2000_N2880: step 850 NO_CANDIDATES_GENERATED pairs=20655 evals=1865 748s
[609403.4] PE_E_T2000_N2880: step 851 ELEVATED pairs=20542 evals=1881 752s
[609403.5] PE_E_T2000_N2880: step 852 NO_CANDIDATES_GENERATED pairs=20542 evals=1881 752s
[609403.5] PE_E_T2000_N2880: step 853 NO_CANDIDATES_GENERATED pairs=20542 evals=1881 752s
[609403.6] PE_E_T2000_N2880: step 854 NO_CANDIDATES_GENERATED pairs=20542 evals=1881 752s
[609403.7] PE_E_T2000_N2880: step 855 NO_CANDIDATES_GENERATED pairs=20542 evals=1881 752s
[609403.7] PE_E_T2000_N2880: step 856 NO_CANDIDATES_GENERATED pairs=20542 evals=1881 753s
[609403.8] PE_E_T2000_N2880: step 857 NO_CANDIDATES_GENERATED pairs=20542 evals=1881 753s
[609403.9] PE_E_T2000_N2880: step 858 NO_CANDIDATES_GENERATED pairs=20542 evals=1881 753s
[609403.9] PE_E_T2000_N2880: step 859 NO_CANDIDATES_GENERATED pairs=20542 evals=1881 753s
[609404.0] PE_E_T2000_N2880: step 860 NO_CANDIDATES_GENERATED pairs=20542 evals=1881 753s
[609404.0] PE_E_T2000_N2880: step 861 NO_CANDIDATES_GENERATED pairs=20542 evals=1881 753s
[609404.1] PE_E_T2000_N2880: step 862 NO_CANDIDATES_GENERATED pairs=20542 evals=1881 753s
[609404.2] PE_E_T2000_N2880: step 863 NO_CANDIDATES_GENERATED pairs=20542 evals=1881 753s
[609404.2] PE_E_T2000_N2880: step 864 NO_CANDIDATES_GENERATED pairs=20542 evals=1881 753s
[609410.4] PE_E_T2000_N2880: step 865 ELEVATED pairs=20410 evals=1897 759s
[609410.5] PE_E_T2000_N2880: step 866 NO_CANDIDATES_GENERATED pairs=20410 evals=1897 759s
[609410.6] PE_E_T2000_N2880: step 867 NO_CANDIDATES_GENERATED pairs=20410 evals=1897 759s
[609410.7] PE_E_T2000_N2880: step 868 NO_CANDIDATES_GENERATED pairs=20410 evals=1897 759s
[609410.7] PE_E_T2000_N2880: step 869 NO_CANDIDATES_GENERATED pairs=20410 evals=1897 760s
[609410.8] PE_E_T2000_N2880: step 870 NO_CANDIDATES_GENERATED pairs=20410 evals=1897 760s
[609410.9] PE_E_T2000_N2880: step 871 NO_CANDIDATES_GENERATED pairs=20410 evals=1897 760s
[609411.0] PE_E_T2000_N2880: step 872 NO_CANDIDATES_GENERATED pairs=20410 evals=1897 760s
[609411.0] PE_E_T2000_N2880: step 873 NO_CANDIDATES_GENERATED pairs=20410 evals=1897 760s
[609411.1] PE_E_T2000_N2880: step 874 NO_CANDIDATES_GENERATED pairs=20410 evals=1897 760s
[609411.2] PE_E_T2000_N2880: step 875 NO_CANDIDATES_GENERATED pairs=20410 evals=1897 760s
[609411.3] PE_E_T2000_N2880: step 876 NO_CANDIDATES_GENERATED pairs=20410 evals=1897 760s
[609411.3] PE_E_T2000_N2880: step 877 NO_CANDIDATES_GENERATED pairs=20410 evals=1897 760s
[609411.4] PE_E_T2000_N2880: step 878 NO_CANDIDATES_GENERATED pairs=20410 evals=1897 760s
[609411.5] PE_E_T2000_N2880: step 879 NO_CANDIDATES_GENERATED pairs=20410 evals=1897 760s
[609415.3] PE_E_T2000_N2880: step 880 ELEVATED pairs=20327 evals=1913 764s
[609415.3] PE_E_T2000_N2880: step 881 NO_CANDIDATES_GENERATED pairs=20327 evals=1913 764s
[609415.4] PE_E_T2000_N2880: step 882 NO_CANDIDATES_GENERATED pairs=20327 evals=1913 764s
[609415.5] PE_E_T2000_N2880: step 883 NO_CANDIDATES_GENERATED pairs=20327 evals=1913 764s
[609415.6] PE_E_T2000_N2880: step 884 NO_CANDIDATES_GENERATED pairs=20327 evals=1913 764s
[609415.7] PE_E_T2000_N2880: step 885 NO_CANDIDATES_GENERATED pairs=20327 evals=1913 764s
[609415.8] PE_E_T2000_N2880: step 886 NO_CANDIDATES_GENERATED pairs=20327 evals=1913 765s
[609415.8] PE_E_T2000_N2880: step 887 NO_CANDIDATES_GENERATED pairs=20327 evals=1913 765s
[609415.9] PE_E_T2000_N2880: step 888 NO_CANDIDATES_GENERATED pairs=20327 evals=1913 765s
[609416.0] PE_E_T2000_N2880: step 889 NO_CANDIDATES_GENERATED pairs=20327 evals=1913 765s
[609416.1] PE_E_T2000_N2880: step 890 NO_CANDIDATES_GENERATED pairs=20327 evals=1913 765s
[609416.1] PE_E_T2000_N2880: step 891 NO_CANDIDATES_GENERATED pairs=20327 evals=1913 765s
[609416.2] PE_E_T2000_N2880: step 892 NO_CANDIDATES_GENERATED pairs=20327 evals=1913 765s
[609416.3] PE_E_T2000_N2880: step 893 NO_CANDIDATES_GENERATED pairs=20327 evals=1913 765s
[609416.4] PE_E_T2000_N2880: step 894 NO_CANDIDATES_GENERATED pairs=20327 evals=1913 765s
[609420.2] PE_E_T2000_N2880: step 895 ELEVATED pairs=20244 evals=1929 769s
[609420.3] PE_E_T2000_N2880: step 896 NO_CANDIDATES_GENERATED pairs=20244 evals=1929 769s
[609420.4] PE_E_T2000_N2880: step 897 NO_CANDIDATES_GENERATED pairs=20244 evals=1929 769s
[609420.5] PE_E_T2000_N2880: step 898 NO_CANDIDATES_GENERATED pairs=20244 evals=1929 769s
[609420.6] PE_E_T2000_N2880: step 899 NO_CANDIDATES_GENERATED pairs=20244 evals=1929 769s
[609420.7] PE_E_T2000_N2880: step 900 NO_CANDIDATES_GENERATED pairs=20244 evals=1929 770s
[609420.8] PE_E_T2000_N2880: step 901 NO_CANDIDATES_GENERATED pairs=20244 evals=1929 770s
[609420.9] PE_E_T2000_N2880: step 902 NO_CANDIDATES_GENERATED pairs=20244 evals=1929 770s
[609421.0] PE_E_T2000_N2880: step 903 NO_CANDIDATES_GENERATED pairs=20244 evals=1929 770s
[609421.1] PE_E_T2000_N2880: step 904 NO_CANDIDATES_GENERATED pairs=20244 evals=1929 770s
[609421.1] PE_E_T2000_N2880: step 905 NO_CANDIDATES_GENERATED pairs=20244 evals=1929 770s
[609421.2] PE_E_T2000_N2880: step 906 NO_CANDIDATES_GENERATED pairs=20244 evals=1929 770s
[609421.3] PE_E_T2000_N2880: step 907 NO_CANDIDATES_GENERATED pairs=20244 evals=1929 770s
[609421.4] PE_E_T2000_N2880: step 908 NO_CANDIDATES_GENERATED pairs=20244 evals=1929 770s
[609421.5] PE_E_T2000_N2880: step 909 NO_CANDIDATES_GENERATED pairs=20244 evals=1929 770s
[609425.4] PE_E_T2000_N2880: step 910 ELEVATED pairs=20159 evals=1945 774s
[609425.4] PE_E_T2000_N2880: step 911 NO_CANDIDATES_GENERATED pairs=20159 evals=1945 774s
[609425.5] PE_E_T2000_N2880: step 912 NO_CANDIDATES_GENERATED pairs=20159 evals=1945 774s
[609425.6] PE_E_T2000_N2880: step 913 NO_CANDIDATES_GENERATED pairs=20159 evals=1945 774s
[609425.7] PE_E_T2000_N2880: step 914 NO_CANDIDATES_GENERATED pairs=20159 evals=1945 775s
[609425.8] PE_E_T2000_N2880: step 915 NO_CANDIDATES_GENERATED pairs=20159 evals=1945 775s
[609425.9] PE_E_T2000_N2880: step 916 NO_CANDIDATES_GENERATED pairs=20159 evals=1945 775s
[609426.0] PE_E_T2000_N2880: step 917 NO_CANDIDATES_GENERATED pairs=20159 evals=1945 775s
[609426.1] PE_E_T2000_N2880: step 918 NO_CANDIDATES_GENERATED pairs=20159 evals=1945 775s
[609426.2] PE_E_T2000_N2880: step 919 NO_CANDIDATES_GENERATED pairs=20159 evals=1945 775s
[609426.3] PE_E_T2000_N2880: step 920 NO_CANDIDATES_GENERATED pairs=20159 evals=1945 775s
[609426.3] PE_E_T2000_N2880: step 921 NO_CANDIDATES_GENERATED pairs=20159 evals=1945 775s
[609426.4] PE_E_T2000_N2880: step 922 NO_CANDIDATES_GENERATED pairs=20159 evals=1945 775s
[609426.5] PE_E_T2000_N2880: step 923 NO_CANDIDATES_GENERATED pairs=20159 evals=1945 775s
[609430.4] PE_E_T2000_N2880: step 924 ELEVATED pairs=20074 evals=1961 779s
[609430.5] PE_E_T2000_N2880: step 925 NO_CANDIDATES_GENERATED pairs=20074 evals=1961 779s
[609430.6] PE_E_T2000_N2880: step 926 NO_CANDIDATES_GENERATED pairs=20074 evals=1961 779s
[609430.6] PE_E_T2000_N2880: step 927 NO_CANDIDATES_GENERATED pairs=20074 evals=1961 779s
[609430.7] PE_E_T2000_N2880: step 928 NO_CANDIDATES_GENERATED pairs=20074 evals=1961 780s
[609430.8] PE_E_T2000_N2880: step 929 NO_CANDIDATES_GENERATED pairs=20074 evals=1961 780s
[609430.9] PE_E_T2000_N2880: step 930 NO_CANDIDATES_GENERATED pairs=20074 evals=1961 780s
[609431.0] PE_E_T2000_N2880: step 931 NO_CANDIDATES_GENERATED pairs=20074 evals=1961 780s
[609431.1] PE_E_T2000_N2880: step 932 NO_CANDIDATES_GENERATED pairs=20074 evals=1961 780s
[609431.2] PE_E_T2000_N2880: step 933 NO_CANDIDATES_GENERATED pairs=20074 evals=1961 780s
[609431.2] PE_E_T2000_N2880: step 934 NO_CANDIDATES_GENERATED pairs=20074 evals=1961 780s
[609431.3] PE_E_T2000_N2880: step 935 NO_CANDIDATES_GENERATED pairs=20074 evals=1961 780s
[609431.4] PE_E_T2000_N2880: step 936 NO_CANDIDATES_GENERATED pairs=20074 evals=1961 780s
[609431.5] PE_E_T2000_N2880: step 937 NO_CANDIDATES_GENERATED pairs=20074 evals=1961 780s
[609434.9] PE_E_T2000_N2880: step 938 ELEVATED pairs=19990 evals=1977 784s
[609435.0] PE_E_T2000_N2880: step 939 NO_CANDIDATES_GENERATED pairs=19990 evals=1977 784s
[609435.0] PE_E_T2000_N2880: step 940 NO_CANDIDATES_GENERATED pairs=19990 evals=1977 784s
[609435.1] PE_E_T2000_N2880: step 941 NO_CANDIDATES_GENERATED pairs=19990 evals=1977 784s
[609435.2] PE_E_T2000_N2880: step 942 NO_CANDIDATES_GENERATED pairs=19990 evals=1977 784s
[609435.3] PE_E_T2000_N2880: step 943 NO_CANDIDATES_GENERATED pairs=19990 evals=1977 784s
[609435.4] PE_E_T2000_N2880: step 944 NO_CANDIDATES_GENERATED pairs=19990 evals=1977 784s
[609435.5] PE_E_T2000_N2880: step 945 NO_CANDIDATES_GENERATED pairs=19990 evals=1977 784s
[609435.6] PE_E_T2000_N2880: step 946 NO_CANDIDATES_GENERATED pairs=19990 evals=1977 784s
[609435.7] PE_E_T2000_N2880: step 947 NO_CANDIDATES_GENERATED pairs=19990 evals=1977 784s
[609435.7] PE_E_T2000_N2880: step 948 NO_CANDIDATES_GENERATED pairs=19990 evals=1977 785s
[609435.8] PE_E_T2000_N2880: step 949 NO_CANDIDATES_GENERATED pairs=19990 evals=1977 785s
[609435.9] PE_E_T2000_N2880: step 950 NO_CANDIDATES_GENERATED pairs=19990 evals=1977 785s
[609435.9] PE_E_T2000_N2880: step 951 NO_CANDIDATES_GENERATED pairs=19990 evals=1977 785s
[609439.8] PE_E_T2000_N2880: step 952 ELEVATED pairs=19908 evals=1993 789s
[609439.9] PE_E_T2000_N2880: step 953 NO_CANDIDATES_GENERATED pairs=19908 evals=1993 789s
[609440.0] PE_E_T2000_N2880: step 954 NO_CANDIDATES_GENERATED pairs=19908 evals=1993 789s
[609440.1] PE_E_T2000_N2880: step 955 NO_CANDIDATES_GENERATED pairs=19908 evals=1993 789s
[609440.2] PE_E_T2000_N2880: step 956 NO_CANDIDATES_GENERATED pairs=19908 evals=1993 789s
[609440.3] PE_E_T2000_N2880: step 957 NO_CANDIDATES_GENERATED pairs=19908 evals=1993 789s
[609440.4] PE_E_T2000_N2880: step 958 NO_CANDIDATES_GENERATED pairs=19908 evals=1993 789s
[609440.4] PE_E_T2000_N2880: step 959 NO_CANDIDATES_GENERATED pairs=19908 evals=1993 789s
[609440.5] PE_E_T2000_N2880: step 960 NO_CANDIDATES_GENERATED pairs=19908 evals=1993 789s
[609440.6] PE_E_T2000_N2880: step 961 NO_CANDIDATES_GENERATED pairs=19908 evals=1993 789s
[609440.7] PE_E_T2000_N2880: step 962 NO_CANDIDATES_GENERATED pairs=19908 evals=1993 790s
[609440.8] PE_E_T2000_N2880: step 963 NO_CANDIDATES_GENERATED pairs=19908 evals=1993 790s
[609440.9] PE_E_T2000_N2880: step 964 NO_CANDIDATES_GENERATED pairs=19908 evals=1993 790s
[609441.0] PE_E_T2000_N2880: step 965 NO_CANDIDATES_GENERATED pairs=19908 evals=1993 790s
[609441.0] PE_E_T2000_N2880: step 966 NO_CANDIDATES_GENERATED pairs=19908 evals=1993 790s
[609441.1] PE_E_T2000_N2880: step 967 NO_CANDIDATES_GENERATED pairs=19908 evals=1993 790s
[609441.2] PE_E_T2000_N2880: step 968 NO_CANDIDATES_GENERATED pairs=19908 evals=1993 790s
[609441.3] PE_E_T2000_N2880: step 969 NO_CANDIDATES_GENERATED pairs=19908 evals=1993 790s
[609441.3] PE_E_T2000_N2880: step 970 NO_CANDIDATES_GENERATED pairs=19908 evals=1993 790s
[609441.4] PE_E_T2000_N2880: step 971 NO_CANDIDATES_GENERATED pairs=19908 evals=1993 790s
[609445.4] PE_E_T2000_N2880: step 972 ELEVATED pairs=19826 evals=2009 794s
[609445.5] PE_E_T2000_N2880: step 973 NO_CANDIDATES_GENERATED pairs=19826 evals=2009 794s
[609445.5] PE_E_T2000_N2880: step 974 NO_CANDIDATES_GENERATED pairs=19826 evals=2009 794s
[609445.6] PE_E_T2000_N2880: step 975 NO_CANDIDATES_GENERATED pairs=19826 evals=2009 794s
[609445.7] PE_E_T2000_N2880: step 976 NO_CANDIDATES_GENERATED pairs=19826 evals=2009 794s
[609445.7] PE_E_T2000_N2880: step 977 NO_CANDIDATES_GENERATED pairs=19826 evals=2009 795s
[609445.8] PE_E_T2000_N2880: step 978 NO_CANDIDATES_GENERATED pairs=19826 evals=2009 795s
[609445.9] PE_E_T2000_N2880: step 979 NO_CANDIDATES_GENERATED pairs=19826 evals=2009 795s
[609446.0] PE_E_T2000_N2880: step 980 NO_CANDIDATES_GENERATED pairs=19826 evals=2009 795s
[609446.1] PE_E_T2000_N2880: step 981 NO_CANDIDATES_GENERATED pairs=19826 evals=2009 795s
[609446.1] PE_E_T2000_N2880: step 982 NO_CANDIDATES_GENERATED pairs=19826 evals=2009 795s
[609446.2] PE_E_T2000_N2880: step 983 NO_CANDIDATES_GENERATED pairs=19826 evals=2009 795s
[609446.3] PE_E_T2000_N2880: step 984 NO_CANDIDATES_GENERATED pairs=19826 evals=2009 795s
[609446.3] PE_E_T2000_N2880: step 985 NO_CANDIDATES_GENERATED pairs=19826 evals=2009 795s
[609446.4] PE_E_T2000_N2880: step 986 NO_CANDIDATES_GENERATED pairs=19826 evals=2009 795s
[609446.5] PE_E_T2000_N2880: step 987 NO_CANDIDATES_GENERATED pairs=19826 evals=2009 795s
[609446.6] PE_E_T2000_N2880: step 988 NO_CANDIDATES_GENERATED pairs=19826 evals=2009 795s
[609446.6] PE_E_T2000_N2880: step 989 NO_CANDIDATES_GENERATED pairs=19826 evals=2009 795s
[609446.7] PE_E_T2000_N2880: step 990 NO_CANDIDATES_GENERATED pairs=19826 evals=2009 796s
[609446.8] PE_E_T2000_N2880: step 991 NO_CANDIDATES_GENERATED pairs=19826 evals=2009 796s
[609458.2] PE_E_T2000_N2880: step 992 ELEVATED pairs=19687 evals=2025 807s
[609458.3] PE_E_T2000_N2880: step 993 NO_CANDIDATES_GENERATED pairs=19687 evals=2025 807s
[609458.3] PE_E_T2000_N2880: step 994 NO_CANDIDATES_GENERATED pairs=19687 evals=2025 807s
[609458.4] PE_E_T2000_N2880: step 995 NO_CANDIDATES_GENERATED pairs=19687 evals=2025 807s
[609458.5] PE_E_T2000_N2880: step 996 NO_CANDIDATES_GENERATED pairs=19687 evals=2025 807s
[609458.6] PE_E_T2000_N2880: step 997 NO_CANDIDATES_GENERATED pairs=19687 evals=2025 807s
[609458.7] PE_E_T2000_N2880: step 998 NO_CANDIDATES_GENERATED pairs=19687 evals=2025 808s
[609458.8] PE_E_T2000_N2880: step 999 NO_CANDIDATES_GENERATED pairs=19687 evals=2025 808s
[609458.9] PE_E_T2000_N2880: step 1000 NO_CANDIDATES_GENERATED pairs=19687 evals=2025 808s
[609459.0] PE_E_T2000_N2880: step 1001 NO_CANDIDATES_GENERATED pairs=19687 evals=2025 808s
[609459.1] PE_E_T2000_N2880: step 1002 NO_CANDIDATES_GENERATED pairs=19687 evals=2025 808s
[609459.2] PE_E_T2000_N2880: step 1003 NO_CANDIDATES_GENERATED pairs=19687 evals=2025 808s
[609459.3] PE_E_T2000_N2880: step 1004 NO_CANDIDATES_GENERATED pairs=19687 evals=2025 808s
[609459.4] PE_E_T2000_N2880: step 1005 NO_CANDIDATES_GENERATED pairs=19687 evals=2025 808s
[609463.4] PE_E_T2000_N2880: step 1006 ELEVATED pairs=19605 evals=2041 812s
[609463.5] PE_E_T2000_N2880: step 1007 NO_CANDIDATES_GENERATED pairs=19605 evals=2041 812s
[609463.6] PE_E_T2000_N2880: step 1008 NO_CANDIDATES_GENERATED pairs=19605 evals=2041 812s
[609463.7] PE_E_T2000_N2880: step 1009 NO_CANDIDATES_GENERATED pairs=19605 evals=2041 812s
[609463.7] PE_E_T2000_N2880: step 1010 NO_CANDIDATES_GENERATED pairs=19605 evals=2041 813s
[609463.8] PE_E_T2000_N2880: step 1011 NO_CANDIDATES_GENERATED pairs=19605 evals=2041 813s
[609463.9] PE_E_T2000_N2880: step 1012 NO_CANDIDATES_GENERATED pairs=19605 evals=2041 813s
[609464.0] PE_E_T2000_N2880: step 1013 NO_CANDIDATES_GENERATED pairs=19605 evals=2041 813s
[609464.1] PE_E_T2000_N2880: step 1014 NO_CANDIDATES_GENERATED pairs=19605 evals=2041 813s
[609464.1] PE_E_T2000_N2880: step 1015 NO_CANDIDATES_GENERATED pairs=19605 evals=2041 813s
[609464.2] PE_E_T2000_N2880: step 1016 NO_CANDIDATES_GENERATED pairs=19605 evals=2041 813s
[609464.3] PE_E_T2000_N2880: step 1017 NO_CANDIDATES_GENERATED pairs=19605 evals=2041 813s
[609464.4] PE_E_T2000_N2880: step 1018 NO_CANDIDATES_GENERATED pairs=19605 evals=2041 813s
[609464.4] PE_E_T2000_N2880: step 1019 NO_CANDIDATES_GENERATED pairs=19605 evals=2041 813s
[609464.5] PE_E_T2000_N2880: step 1020 NO_CANDIDATES_GENERATED pairs=19605 evals=2041 813s
[609464.6] PE_E_T2000_N2880: step 1021 NO_CANDIDATES_GENERATED pairs=19605 evals=2041 813s
[609464.6] PE_E_T2000_N2880: step 1022 NO_CANDIDATES_GENERATED pairs=19605 evals=2041 813s
[609464.7] PE_E_T2000_N2880: step 1023 NO_CANDIDATES_GENERATED pairs=19605 evals=2041 814s
[609464.7] PE_E_T2000_N2880: step 1024 NO_CANDIDATES_GENERATED pairs=19605 evals=2041 814s
[609464.8] PE_E_T2000_N2880: step 1025 NO_CANDIDATES_GENERATED pairs=19605 evals=2041 814s
[609469.0] PE_E_T2000_N2880: step 1026 ELEVATED pairs=19510 evals=2050 818s
[609469.1] PE_E_T2000_N2880: step 1027 NO_CANDIDATES_GENERATED pairs=19510 evals=2050 818s
[609469.1] PE_E_T2000_N2880: step 1028 NO_CANDIDATES_GENERATED pairs=19510 evals=2050 818s
[609469.2] PE_E_T2000_N2880: step 1029 NO_CANDIDATES_GENERATED pairs=19510 evals=2050 818s
[609469.3] PE_E_T2000_N2880: step 1030 NO_CANDIDATES_GENERATED pairs=19510 evals=2050 818s
[609469.3] PE_E_T2000_N2880: step 1031 NO_CANDIDATES_GENERATED pairs=19510 evals=2050 818s
[609469.4] PE_E_T2000_N2880: step 1032 NO_CANDIDATES_GENERATED pairs=19510 evals=2050 818s
[609469.5] PE_E_T2000_N2880: step 1033 NO_CANDIDATES_GENERATED pairs=19510 evals=2050 818s
[609469.6] PE_E_T2000_N2880: step 1034 NO_CANDIDATES_GENERATED pairs=19510 evals=2050 818s
[609469.6] PE_E_T2000_N2880: step 1035 NO_CANDIDATES_GENERATED pairs=19510 evals=2050 818s
[609469.7] PE_E_T2000_N2880: step 1036 NO_CANDIDATES_GENERATED pairs=19510 evals=2050 819s
[609469.8] PE_E_T2000_N2880: step 1037 NO_CANDIDATES_GENERATED pairs=19510 evals=2050 819s
[609469.9] PE_E_T2000_N2880: step 1038 NO_CANDIDATES_GENERATED pairs=19510 evals=2050 819s
[609469.9] PE_E_T2000_N2880: step 1039 NO_CANDIDATES_GENERATED pairs=19510 evals=2050 819s
[609470.0] PE_E_T2000_N2880: step 1040 NO_CANDIDATES_GENERATED pairs=19510 evals=2050 819s
[609470.1] PE_E_T2000_N2880: step 1041 NO_CANDIDATES_GENERATED pairs=19510 evals=2050 819s
[609470.2] PE_E_T2000_N2880: step 1042 NO_CANDIDATES_GENERATED pairs=19510 evals=2050 819s
[609470.2] PE_E_T2000_N2880: step 1043 NO_CANDIDATES_GENERATED pairs=19510 evals=2050 819s
[609470.3] PE_E_T2000_N2880: step 1044 NO_CANDIDATES_GENERATED pairs=19510 evals=2050 819s
[609470.4] PE_E_T2000_N2880: step 1045 NO_CANDIDATES_GENERATED pairs=19510 evals=2050 819s
[609481.0] PE_E_T2000_N2880: step 1046 ELEVATED pairs=19373 evals=2066 830s
[609481.0] PE_E_T2000_N2880: step 1047 NO_CANDIDATES_GENERATED pairs=19373 evals=2066 830s
[609481.1] PE_E_T2000_N2880: step 1048 NO_CANDIDATES_GENERATED pairs=19373 evals=2066 830s
[609481.2] PE_E_T2000_N2880: step 1049 NO_CANDIDATES_GENERATED pairs=19373 evals=2066 830s
[609481.2] PE_E_T2000_N2880: step 1050 NO_CANDIDATES_GENERATED pairs=19373 evals=2066 830s
[609481.3] PE_E_T2000_N2880: step 1051 NO_CANDIDATES_GENERATED pairs=19373 evals=2066 830s
[609481.4] PE_E_T2000_N2880: step 1052 NO_CANDIDATES_GENERATED pairs=19373 evals=2066 830s
[609481.5] PE_E_T2000_N2880: step 1053 NO_CANDIDATES_GENERATED pairs=19373 evals=2066 830s
[609481.5] PE_E_T2000_N2880: step 1054 NO_CANDIDATES_GENERATED pairs=19373 evals=2066 830s
[609481.6] PE_E_T2000_N2880: step 1055 NO_CANDIDATES_GENERATED pairs=19373 evals=2066 830s
[609481.7] PE_E_T2000_N2880: step 1056 NO_CANDIDATES_GENERATED pairs=19373 evals=2066 830s
[609481.7] PE_E_T2000_N2880: step 1057 NO_CANDIDATES_GENERATED pairs=19373 evals=2066 831s
[609481.8] PE_E_T2000_N2880: step 1058 NO_CANDIDATES_GENERATED pairs=19373 evals=2066 831s
[609481.8] PE_E_T2000_N2880: step 1059 NO_CANDIDATES_GENERATED pairs=19373 evals=2066 831s
[609485.3] PE_E_T2000_N2880: step 1060 ELEVATED pairs=19291 evals=2082 834s
[609485.4] PE_E_T2000_N2880: step 1061 NO_CANDIDATES_GENERATED pairs=19291 evals=2082 834s
[609485.4] PE_E_T2000_N2880: step 1062 NO_CANDIDATES_GENERATED pairs=19291 evals=2082 834s
[609485.5] PE_E_T2000_N2880: step 1063 NO_CANDIDATES_GENERATED pairs=19291 evals=2082 834s
[609485.6] PE_E_T2000_N2880: step 1064 NO_CANDIDATES_GENERATED pairs=19291 evals=2082 834s
[609485.6] PE_E_T2000_N2880: step 1065 NO_CANDIDATES_GENERATED pairs=19291 evals=2082 834s
[609485.7] PE_E_T2000_N2880: step 1066 NO_CANDIDATES_GENERATED pairs=19291 evals=2082 835s
[609485.8] PE_E_T2000_N2880: step 1067 NO_CANDIDATES_GENERATED pairs=19291 evals=2082 835s
[609485.8] PE_E_T2000_N2880: step 1068 NO_CANDIDATES_GENERATED pairs=19291 evals=2082 835s
[609485.9] PE_E_T2000_N2880: step 1069 NO_CANDIDATES_GENERATED pairs=19291 evals=2082 835s
[609486.0] PE_E_T2000_N2880: step 1070 NO_CANDIDATES_GENERATED pairs=19291 evals=2082 835s
[609486.1] PE_E_T2000_N2880: step 1071 NO_CANDIDATES_GENERATED pairs=19291 evals=2082 835s
[609486.1] PE_E_T2000_N2880: step 1072 NO_CANDIDATES_GENERATED pairs=19291 evals=2082 835s
[609486.2] PE_E_T2000_N2880: step 1073 NO_CANDIDATES_GENERATED pairs=19291 evals=2082 835s
[609486.2] PE_E_T2000_N2880: step 1074 NO_CANDIDATES_GENERATED pairs=19291 evals=2082 835s
[609486.3] PE_E_T2000_N2880: step 1075 NO_CANDIDATES_GENERATED pairs=19291 evals=2082 835s
[609486.4] PE_E_T2000_N2880: step 1076 NO_CANDIDATES_GENERATED pairs=19291 evals=2082 835s
[609486.5] PE_E_T2000_N2880: step 1077 NO_CANDIDATES_GENERATED pairs=19291 evals=2082 835s
[609486.5] PE_E_T2000_N2880: step 1078 NO_CANDIDATES_GENERATED pairs=19291 evals=2082 835s
[609486.6] PE_E_T2000_N2880: step 1079 NO_CANDIDATES_GENERATED pairs=19291 evals=2082 835s
[609490.2] PE_E_T2000_N2880: step 1080 ELEVATED pairs=19209 evals=2098 839s
[609490.3] PE_E_T2000_N2880: step 1081 NO_CANDIDATES_GENERATED pairs=19209 evals=2098 839s
[609490.3] PE_E_T2000_N2880: step 1082 NO_CANDIDATES_GENERATED pairs=19209 evals=2098 839s
[609490.4] PE_E_T2000_N2880: step 1083 NO_CANDIDATES_GENERATED pairs=19209 evals=2098 839s
[609490.5] PE_E_T2000_N2880: step 1084 NO_CANDIDATES_GENERATED pairs=19209 evals=2098 839s
[609490.6] PE_E_T2000_N2880: step 1085 NO_CANDIDATES_GENERATED pairs=19209 evals=2098 839s
[609490.6] PE_E_T2000_N2880: step 1086 NO_CANDIDATES_GENERATED pairs=19209 evals=2098 839s
[609490.7] PE_E_T2000_N2880: step 1087 NO_CANDIDATES_GENERATED pairs=19209 evals=2098 839s
[609490.7] PE_E_T2000_N2880: step 1088 NO_CANDIDATES_GENERATED pairs=19209 evals=2098 840s
[609490.8] PE_E_T2000_N2880: step 1089 NO_CANDIDATES_GENERATED pairs=19209 evals=2098 840s
[609490.9] PE_E_T2000_N2880: step 1090 NO_CANDIDATES_GENERATED pairs=19209 evals=2098 840s
[609491.0] PE_E_T2000_N2880: step 1091 NO_CANDIDATES_GENERATED pairs=19209 evals=2098 840s
[609491.0] PE_E_T2000_N2880: step 1092 NO_CANDIDATES_GENERATED pairs=19209 evals=2098 840s
[609491.1] PE_E_T2000_N2880: step 1093 NO_CANDIDATES_GENERATED pairs=19209 evals=2098 840s
[609491.2] PE_E_T2000_N2880: step 1094 NO_CANDIDATES_GENERATED pairs=19209 evals=2098 840s
[609491.3] PE_E_T2000_N2880: step 1095 NO_CANDIDATES_GENERATED pairs=19209 evals=2098 840s
[609491.3] PE_E_T2000_N2880: step 1096 NO_CANDIDATES_GENERATED pairs=19209 evals=2098 840s
[609491.4] PE_E_T2000_N2880: step 1097 NO_CANDIDATES_GENERATED pairs=19209 evals=2098 840s
[609491.5] PE_E_T2000_N2880: step 1098 NO_CANDIDATES_GENERATED pairs=19209 evals=2098 840s
[609491.6] PE_E_T2000_N2880: step 1099 NO_CANDIDATES_GENERATED pairs=19209 evals=2098 840s
[609503.0] PE_E_T2000_N2880: step 1100 ELEVATED pairs=19074 evals=2114 852s
[609503.1] PE_E_T2000_N2880: step 1101 NO_CANDIDATES_GENERATED pairs=19074 evals=2114 852s
[609503.1] PE_E_T2000_N2880: step 1102 NO_CANDIDATES_GENERATED pairs=19074 evals=2114 852s
[609503.2] PE_E_T2000_N2880: step 1103 NO_CANDIDATES_GENERATED pairs=19074 evals=2114 852s
[609503.3] PE_E_T2000_N2880: step 1104 NO_CANDIDATES_GENERATED pairs=19074 evals=2114 852s
[609503.3] PE_E_T2000_N2880: step 1105 NO_CANDIDATES_GENERATED pairs=19074 evals=2114 852s
[609503.4] PE_E_T2000_N2880: step 1106 NO_CANDIDATES_GENERATED pairs=19074 evals=2114 852s
[609503.5] PE_E_T2000_N2880: step 1107 NO_CANDIDATES_GENERATED pairs=19074 evals=2114 852s
[609503.6] PE_E_T2000_N2880: step 1108 NO_CANDIDATES_GENERATED pairs=19074 evals=2114 852s
[609503.7] PE_E_T2000_N2880: step 1109 NO_CANDIDATES_GENERATED pairs=19074 evals=2114 852s
[609503.7] PE_E_T2000_N2880: step 1110 NO_CANDIDATES_GENERATED pairs=19074 evals=2114 853s
[609503.8] PE_E_T2000_N2880: step 1111 NO_CANDIDATES_GENERATED pairs=19074 evals=2114 853s
[609503.9] PE_E_T2000_N2880: step 1112 NO_CANDIDATES_GENERATED pairs=19074 evals=2114 853s
[609504.0] PE_E_T2000_N2880: step 1113 NO_CANDIDATES_GENERATED pairs=19074 evals=2114 853s
[609507.4] PE_E_T2000_N2880: step 1114 ELEVATED pairs=18992 evals=2130 856s
[609507.4] PE_E_T2000_N2880: step 1115 NO_CANDIDATES_GENERATED pairs=18992 evals=2130 856s
[609507.5] PE_E_T2000_N2880: step 1116 NO_CANDIDATES_GENERATED pairs=18992 evals=2130 856s
[609507.6] PE_E_T2000_N2880: step 1117 NO_CANDIDATES_GENERATED pairs=18992 evals=2130 856s
[609507.6] PE_E_T2000_N2880: step 1118 NO_CANDIDATES_GENERATED pairs=18992 evals=2130 856s
[609507.7] PE_E_T2000_N2880: step 1119 NO_CANDIDATES_GENERATED pairs=18992 evals=2130 857s
[609507.8] PE_E_T2000_N2880: step 1120 NO_CANDIDATES_GENERATED pairs=18992 evals=2130 857s
[609507.8] PE_E_T2000_N2880: step 1121 NO_CANDIDATES_GENERATED pairs=18992 evals=2130 857s
[609507.9] PE_E_T2000_N2880: step 1122 NO_CANDIDATES_GENERATED pairs=18992 evals=2130 857s
[609508.0] PE_E_T2000_N2880: step 1123 NO_CANDIDATES_GENERATED pairs=18992 evals=2130 857s
[609508.0] PE_E_T2000_N2880: step 1124 NO_CANDIDATES_GENERATED pairs=18992 evals=2130 857s
[609508.1] PE_E_T2000_N2880: step 1125 NO_CANDIDATES_GENERATED pairs=18992 evals=2130 857s
[609508.2] PE_E_T2000_N2880: step 1126 NO_CANDIDATES_GENERATED pairs=18992 evals=2130 857s
[609508.2] PE_E_T2000_N2880: step 1127 NO_CANDIDATES_GENERATED pairs=18992 evals=2130 857s
[609508.3] PE_E_T2000_N2880: step 1128 NO_CANDIDATES_GENERATED pairs=18992 evals=2130 857s
[609508.4] PE_E_T2000_N2880: step 1129 NO_CANDIDATES_GENERATED pairs=18992 evals=2130 857s
[609508.5] PE_E_T2000_N2880: step 1130 NO_CANDIDATES_GENERATED pairs=18992 evals=2130 857s
[609508.6] PE_E_T2000_N2880: step 1131 NO_CANDIDATES_GENERATED pairs=18992 evals=2130 857s
[609508.6] PE_E_T2000_N2880: step 1132 NO_CANDIDATES_GENERATED pairs=18992 evals=2130 857s
[609508.7] PE_E_T2000_N2880: step 1133 NO_CANDIDATES_GENERATED pairs=18992 evals=2130 858s
[609512.0] PE_E_T2000_N2880: step 1134 ELEVATED pairs=18910 evals=2146 861s
[609512.1] PE_E_T2000_N2880: step 1135 NO_CANDIDATES_GENERATED pairs=18910 evals=2146 861s
[609512.2] PE_E_T2000_N2880: step 1136 NO_CANDIDATES_GENERATED pairs=18910 evals=2146 861s
[609512.3] PE_E_T2000_N2880: step 1137 NO_CANDIDATES_GENERATED pairs=18910 evals=2146 861s
[609512.3] PE_E_T2000_N2880: step 1138 NO_CANDIDATES_GENERATED pairs=18910 evals=2146 861s
[609512.4] PE_E_T2000_N2880: step 1139 NO_CANDIDATES_GENERATED pairs=18910 evals=2146 861s
[609512.5] PE_E_T2000_N2880: step 1140 NO_CANDIDATES_GENERATED pairs=18910 evals=2146 861s
[609512.6] PE_E_T2000_N2880: step 1141 NO_CANDIDATES_GENERATED pairs=18910 evals=2146 861s
[609512.6] PE_E_T2000_N2880: step 1142 NO_CANDIDATES_GENERATED pairs=18910 evals=2146 861s
[609512.7] PE_E_T2000_N2880: step 1143 NO_CANDIDATES_GENERATED pairs=18910 evals=2146 862s
[609512.8] PE_E_T2000_N2880: step 1144 NO_CANDIDATES_GENERATED pairs=18910 evals=2146 862s
[609512.9] PE_E_T2000_N2880: step 1145 NO_CANDIDATES_GENERATED pairs=18910 evals=2146 862s
[609513.0] PE_E_T2000_N2880: step 1146 NO_CANDIDATES_GENERATED pairs=18910 evals=2146 862s
[609513.0] PE_E_T2000_N2880: step 1147 NO_CANDIDATES_GENERATED pairs=18910 evals=2146 862s
[609513.1] PE_E_T2000_N2880: step 1148 NO_CANDIDATES_GENERATED pairs=18910 evals=2146 862s
[609513.2] PE_E_T2000_N2880: step 1149 NO_CANDIDATES_GENERATED pairs=18910 evals=2146 862s
[609513.2] PE_E_T2000_N2880: step 1150 NO_CANDIDATES_GENERATED pairs=18910 evals=2146 862s
[609513.3] PE_E_T2000_N2880: step 1151 NO_CANDIDATES_GENERATED pairs=18910 evals=2146 862s
[609513.4] PE_E_T2000_N2880: step 1152 NO_CANDIDATES_GENERATED pairs=18910 evals=2146 862s
[609513.5] PE_E_T2000_N2880: step 1153 NO_CANDIDATES_GENERATED pairs=18910 evals=2146 862s
[609525.6] PE_E_T2000_N2880: step 1154 ELEVATED pairs=18777 evals=2162 874s
[609525.7] PE_E_T2000_N2880: step 1155 NO_CANDIDATES_GENERATED pairs=18777 evals=2162 874s
[609525.8] PE_E_T2000_N2880: step 1156 NO_CANDIDATES_GENERATED pairs=18777 evals=2162 875s
[609525.8] PE_E_T2000_N2880: step 1157 NO_CANDIDATES_GENERATED pairs=18777 evals=2162 875s
[609525.9] PE_E_T2000_N2880: step 1158 NO_CANDIDATES_GENERATED pairs=18777 evals=2162 875s
[609526.0] PE_E_T2000_N2880: step 1159 NO_CANDIDATES_GENERATED pairs=18777 evals=2162 875s
[609526.1] PE_E_T2000_N2880: step 1160 NO_CANDIDATES_GENERATED pairs=18777 evals=2162 875s
[609526.2] PE_E_T2000_N2880: step 1161 NO_CANDIDATES_GENERATED pairs=18777 evals=2162 875s
[609526.3] PE_E_T2000_N2880: step 1162 NO_CANDIDATES_GENERATED pairs=18777 evals=2162 875s
[609526.3] PE_E_T2000_N2880: step 1163 NO_CANDIDATES_GENERATED pairs=18777 evals=2162 875s
[609526.4] PE_E_T2000_N2880: step 1164 NO_CANDIDATES_GENERATED pairs=18777 evals=2162 875s
[609526.5] PE_E_T2000_N2880: step 1165 NO_CANDIDATES_GENERATED pairs=18777 evals=2162 875s
[609526.6] PE_E_T2000_N2880: step 1166 NO_CANDIDATES_GENERATED pairs=18777 evals=2162 875s
[609526.6] PE_E_T2000_N2880: step 1167 NO_CANDIDATES_GENERATED pairs=18777 evals=2162 875s
[609533.6] PE_E_T2000_N2880: step 1168 ELEVATED pairs=18640 evals=2178 882s
[609533.7] PE_E_T2000_N2880: step 1169 NO_CANDIDATES_GENERATED pairs=18640 evals=2178 883s
[609533.8] PE_E_T2000_N2880: step 1170 NO_CANDIDATES_GENERATED pairs=18640 evals=2178 883s
[609533.8] PE_E_T2000_N2880: step 1171 NO_CANDIDATES_GENERATED pairs=18640 evals=2178 883s
[609533.9] PE_E_T2000_N2880: step 1172 NO_CANDIDATES_GENERATED pairs=18640 evals=2178 883s
[609534.0] PE_E_T2000_N2880: step 1173 NO_CANDIDATES_GENERATED pairs=18640 evals=2178 883s
[609534.1] PE_E_T2000_N2880: step 1174 NO_CANDIDATES_GENERATED pairs=18640 evals=2178 883s
[609534.1] PE_E_T2000_N2880: step 1175 NO_CANDIDATES_GENERATED pairs=18640 evals=2178 883s
[609534.2] PE_E_T2000_N2880: step 1176 NO_CANDIDATES_GENERATED pairs=18640 evals=2178 883s
[609534.3] PE_E_T2000_N2880: step 1177 NO_CANDIDATES_GENERATED pairs=18640 evals=2178 883s
[609552.2] PE_E_T2000_N2880: step 1178 ELEVATED pairs=18547 evals=2194 901s
[609552.3] PE_E_T2000_N2880: step 1179 NO_CANDIDATES_GENERATED pairs=18547 evals=2194 901s
[609552.4] PE_E_T2000_N2880: step 1180 NO_CANDIDATES_GENERATED pairs=18547 evals=2194 901s
[609552.4] PE_E_T2000_N2880: step 1181 NO_CANDIDATES_GENERATED pairs=18547 evals=2194 901s
[609552.5] PE_E_T2000_N2880: step 1182 NO_CANDIDATES_GENERATED pairs=18547 evals=2194 901s
[609552.6] PE_E_T2000_N2880: step 1183 NO_CANDIDATES_GENERATED pairs=18547 evals=2194 901s
[609552.7] PE_E_T2000_N2880: step 1184 NO_CANDIDATES_GENERATED pairs=18547 evals=2194 901s
[609552.7] PE_E_T2000_N2880: step 1185 NO_CANDIDATES_GENERATED pairs=18547 evals=2194 902s
[609552.8] PE_E_T2000_N2880: step 1186 NO_CANDIDATES_GENERATED pairs=18547 evals=2194 902s
[609552.9] PE_E_T2000_N2880: step 1187 NO_CANDIDATES_GENERATED pairs=18547 evals=2194 902s
[609570.5] PE_E_T2000_N2880: step 1188 ELEVATED pairs=18454 evals=2210 919s
[609570.6] PE_E_T2000_N2880: step 1189 NO_CANDIDATES_GENERATED pairs=18454 evals=2210 919s
[609570.7] PE_E_T2000_N2880: step 1190 NO_CANDIDATES_GENERATED pairs=18454 evals=2210 919s
[609570.7] PE_E_T2000_N2880: step 1191 NO_CANDIDATES_GENERATED pairs=18454 evals=2210 920s
[609570.8] PE_E_T2000_N2880: step 1192 NO_CANDIDATES_GENERATED pairs=18454 evals=2210 920s
[609570.9] PE_E_T2000_N2880: step 1193 NO_CANDIDATES_GENERATED pairs=18454 evals=2210 920s
[609571.0] PE_E_T2000_N2880: step 1194 NO_CANDIDATES_GENERATED pairs=18454 evals=2210 920s
[609571.1] PE_E_T2000_N2880: step 1195 NO_CANDIDATES_GENERATED pairs=18454 evals=2210 920s
[609571.2] PE_E_T2000_N2880: step 1196 NO_CANDIDATES_GENERATED pairs=18454 evals=2210 920s
[609571.3] PE_E_T2000_N2880: step 1197 NO_CANDIDATES_GENERATED pairs=18454 evals=2210 920s
[609588.9] PE_E_T2000_N2880: step 1198 ELEVATED pairs=18362 evals=2226 938s
[609589.0] PE_E_T2000_N2880: step 1199 NO_CANDIDATES_GENERATED pairs=18362 evals=2226 938s
[609589.1] PE_E_T2000_N2880: step 1200 NO_CANDIDATES_GENERATED pairs=18362 evals=2226 938s
[609589.2] PE_E_T2000_N2880: step 1201 NO_CANDIDATES_GENERATED pairs=18362 evals=2226 938s
[609589.2] PE_E_T2000_N2880: step 1202 NO_CANDIDATES_GENERATED pairs=18362 evals=2226 938s
[609589.3] PE_E_T2000_N2880: step 1203 NO_CANDIDATES_GENERATED pairs=18362 evals=2226 938s
[609589.4] PE_E_T2000_N2880: step 1204 NO_CANDIDATES_GENERATED pairs=18362 evals=2226 938s
[609589.5] PE_E_T2000_N2880: step 1205 NO_CANDIDATES_GENERATED pairs=18362 evals=2226 938s
[609606.6] PE_E_T2000_N2880: step 1206 ELEVATED pairs=18272 evals=2242 955s
[609606.7] PE_E_T2000_N2880: step 1207 NO_CANDIDATES_GENERATED pairs=18272 evals=2242 956s
[609606.8] PE_E_T2000_N2880: step 1208 NO_CANDIDATES_GENERATED pairs=18272 evals=2242 956s
[609606.9] PE_E_T2000_N2880: step 1209 NO_CANDIDATES_GENERATED pairs=18272 evals=2242 956s
[609606.9] PE_E_T2000_N2880: step 1210 NO_CANDIDATES_GENERATED pairs=18272 evals=2242 956s
[609607.0] PE_E_T2000_N2880: step 1211 NO_CANDIDATES_GENERATED pairs=18272 evals=2242 956s
[609607.1] PE_E_T2000_N2880: step 1212 NO_CANDIDATES_GENERATED pairs=18272 evals=2242 956s
[609607.2] PE_E_T2000_N2880: step 1213 NO_CANDIDATES_GENERATED pairs=18272 evals=2242 956s
[609607.2] PE_E_T2000_N2880: step 1214 NO_CANDIDATES_GENERATED pairs=18272 evals=2242 956s
[609607.3] PE_E_T2000_N2880: step 1215 NO_CANDIDATES_GENERATED pairs=18272 evals=2242 956s
[609607.4] PE_E_T2000_N2880: step 1216 NO_CANDIDATES_GENERATED pairs=18272 evals=2242 956s
[609607.5] PE_E_T2000_N2880: step 1217 NO_CANDIDATES_GENERATED pairs=18272 evals=2242 956s
[609607.5] PE_E_T2000_N2880: step 1218 NO_CANDIDATES_GENERATED pairs=18272 evals=2242 956s
[609607.6] PE_E_T2000_N2880: step 1219 NO_CANDIDATES_GENERATED pairs=18272 evals=2242 956s
[609607.7] PE_E_T2000_N2880: step 1220 NO_CANDIDATES_GENERATED pairs=18272 evals=2242 957s
[609607.8] PE_E_T2000_N2880: step 1221 NO_CANDIDATES_GENERATED pairs=18272 evals=2242 957s
[609611.9] PE_E_T2000_N2880: step 1222 ELEVATED pairs=18218 evals=2258 961s
[609612.0] PE_E_T2000_N2880: step 1223 NO_CANDIDATES_GENERATED pairs=18218 evals=2258 961s
[609612.0] PE_E_T2000_N2880: step 1224 NO_CANDIDATES_GENERATED pairs=18218 evals=2258 961s
[609612.1] PE_E_T2000_N2880: step 1225 NO_CANDIDATES_GENERATED pairs=18218 evals=2258 961s
[609612.2] PE_E_T2000_N2880: step 1226 NO_CANDIDATES_GENERATED pairs=18218 evals=2258 961s
[609612.3] PE_E_T2000_N2880: step 1227 NO_CANDIDATES_GENERATED pairs=18218 evals=2258 961s
[609612.3] PE_E_T2000_N2880: step 1228 NO_CANDIDATES_GENERATED pairs=18218 evals=2258 961s
[609612.4] PE_E_T2000_N2880: step 1229 NO_CANDIDATES_GENERATED pairs=18218 evals=2258 961s
[609612.5] PE_E_T2000_N2880: step 1230 NO_CANDIDATES_GENERATED pairs=18218 evals=2258 961s
[609612.5] PE_E_T2000_N2880: step 1231 NO_CANDIDATES_GENERATED pairs=18218 evals=2258 961s
[609612.6] PE_E_T2000_N2880: step 1232 NO_CANDIDATES_GENERATED pairs=18218 evals=2258 961s
[609612.7] PE_E_T2000_N2880: step 1233 NO_CANDIDATES_GENERATED pairs=18218 evals=2258 961s
[609612.7] PE_E_T2000_N2880: step 1234 NO_CANDIDATES_GENERATED pairs=18218 evals=2258 962s
[609612.8] PE_E_T2000_N2880: step 1235 NO_CANDIDATES_GENERATED pairs=18218 evals=2258 962s
[609612.9] PE_E_T2000_N2880: step 1236 NO_CANDIDATES_GENERATED pairs=18218 evals=2258 962s
[609612.9] PE_E_T2000_N2880: step 1237 NO_CANDIDATES_GENERATED pairs=18218 evals=2258 962s
[609630.2] PE_E_T2000_N2880: step 1238 ELEVATED pairs=18099 evals=2274 979s
[609630.3] PE_E_T2000_N2880: step 1239 NO_CANDIDATES_GENERATED pairs=18099 evals=2274 979s
[609630.3] PE_E_T2000_N2880: step 1240 NO_CANDIDATES_GENERATED pairs=18099 evals=2274 979s
[609630.4] PE_E_T2000_N2880: step 1241 NO_CANDIDATES_GENERATED pairs=18099 evals=2274 979s
[609630.5] PE_E_T2000_N2880: step 1242 NO_CANDIDATES_GENERATED pairs=18099 evals=2274 979s
[609630.5] PE_E_T2000_N2880: step 1243 NO_CANDIDATES_GENERATED pairs=18099 evals=2274 979s
[609630.6] PE_E_T2000_N2880: step 1244 NO_CANDIDATES_GENERATED pairs=18099 evals=2274 979s
[609630.7] PE_E_T2000_N2880: step 1245 NO_CANDIDATES_GENERATED pairs=18099 evals=2274 980s
[609630.8] PE_E_T2000_N2880: step 1246 NO_CANDIDATES_GENERATED pairs=18099 evals=2274 980s
[609630.8] PE_E_T2000_N2880: step 1247 NO_CANDIDATES_GENERATED pairs=18099 evals=2274 980s
[609630.9] PE_E_T2000_N2880: step 1248 NO_CANDIDATES_GENERATED pairs=18099 evals=2274 980s
[609631.0] PE_E_T2000_N2880: step 1249 NO_CANDIDATES_GENERATED pairs=18099 evals=2274 980s
[609631.1] PE_E_T2000_N2880: step 1250 NO_CANDIDATES_GENERATED pairs=18099 evals=2274 980s
[609631.1] PE_E_T2000_N2880: step 1251 NO_CANDIDATES_GENERATED pairs=18099 evals=2274 980s
[609631.2] PE_E_T2000_N2880: step 1252 NO_CANDIDATES_GENERATED pairs=18099 evals=2274 980s
[609631.3] PE_E_T2000_N2880: step 1253 NO_CANDIDATES_GENERATED pairs=18099 evals=2274 980s
[609631.3] PE_E_T2000_N2880: step 1254 NO_CANDIDATES_GENERATED pairs=18099 evals=2274 980s
[609635.0] PE_E_T2000_N2880: step 1255 ELEVATED pairs=18051 evals=2290 984s
[609635.1] PE_E_T2000_N2880: step 1256 NO_CANDIDATES_GENERATED pairs=18051 evals=2290 984s
[609635.1] PE_E_T2000_N2880: step 1257 NO_CANDIDATES_GENERATED pairs=18051 evals=2290 984s
[609635.2] PE_E_T2000_N2880: step 1258 NO_CANDIDATES_GENERATED pairs=18051 evals=2290 984s
[609635.3] PE_E_T2000_N2880: step 1259 NO_CANDIDATES_GENERATED pairs=18051 evals=2290 984s
[609635.3] PE_E_T2000_N2880: step 1260 NO_CANDIDATES_GENERATED pairs=18051 evals=2290 984s
[609635.4] PE_E_T2000_N2880: step 1261 NO_CANDIDATES_GENERATED pairs=18051 evals=2290 984s
[609635.5] PE_E_T2000_N2880: step 1262 NO_CANDIDATES_GENERATED pairs=18051 evals=2290 984s
[609635.5] PE_E_T2000_N2880: step 1263 NO_CANDIDATES_GENERATED pairs=18051 evals=2290 984s
[609635.6] PE_E_T2000_N2880: step 1264 NO_CANDIDATES_GENERATED pairs=18051 evals=2290 984s
[609635.7] PE_E_T2000_N2880: step 1265 NO_CANDIDATES_GENERATED pairs=18051 evals=2290 984s
[609635.8] PE_E_T2000_N2880: step 1266 NO_CANDIDATES_GENERATED pairs=18051 evals=2290 985s
[609635.8] PE_E_T2000_N2880: step 1267 NO_CANDIDATES_GENERATED pairs=18051 evals=2290 985s
[609635.9] PE_E_T2000_N2880: step 1268 NO_CANDIDATES_GENERATED pairs=18051 evals=2290 985s
[609636.0] PE_E_T2000_N2880: step 1269 NO_CANDIDATES_GENERATED pairs=18051 evals=2290 985s
[609636.0] PE_E_T2000_N2880: step 1270 NO_CANDIDATES_GENERATED pairs=18051 evals=2290 985s
[609636.1] PE_E_T2000_N2880: step 1271 NO_CANDIDATES_GENERATED pairs=18051 evals=2290 985s
[609639.6] PE_E_T2000_N2880: step 1272 ELEVATED pairs=18003 evals=2306 988s
[609639.7] PE_E_T2000_N2880: step 1273 NO_CANDIDATES_GENERATED pairs=18003 evals=2306 989s
[609639.8] PE_E_T2000_N2880: step 1274 NO_CANDIDATES_GENERATED pairs=18003 evals=2306 989s
[609639.9] PE_E_T2000_N2880: step 1275 NO_CANDIDATES_GENERATED pairs=18003 evals=2306 989s
[609639.9] PE_E_T2000_N2880: step 1276 NO_CANDIDATES_GENERATED pairs=18003 evals=2306 989s
[609640.0] PE_E_T2000_N2880: step 1277 NO_CANDIDATES_GENERATED pairs=18003 evals=2306 989s
[609640.1] PE_E_T2000_N2880: step 1278 NO_CANDIDATES_GENERATED pairs=18003 evals=2306 989s
[609640.1] PE_E_T2000_N2880: step 1279 NO_CANDIDATES_GENERATED pairs=18003 evals=2306 989s
[609640.2] PE_E_T2000_N2880: step 1280 NO_CANDIDATES_GENERATED pairs=18003 evals=2306 989s
[609640.2] PE_E_T2000_N2880: step 1281 NO_CANDIDATES_GENERATED pairs=18003 evals=2306 989s
[609640.3] PE_E_T2000_N2880: step 1282 NO_CANDIDATES_GENERATED pairs=18003 evals=2306 989s
[609640.4] PE_E_T2000_N2880: step 1283 NO_CANDIDATES_GENERATED pairs=18003 evals=2306 989s
[609640.4] PE_E_T2000_N2880: step 1284 NO_CANDIDATES_GENERATED pairs=18003 evals=2306 989s
[609640.5] PE_E_T2000_N2880: step 1285 NO_CANDIDATES_GENERATED pairs=18003 evals=2306 989s
[609640.6] PE_E_T2000_N2880: step 1286 NO_CANDIDATES_GENERATED pairs=18003 evals=2306 989s
[609640.6] PE_E_T2000_N2880: step 1287 NO_CANDIDATES_GENERATED pairs=18003 evals=2306 989s
[609640.7] PE_E_T2000_N2880: step 1288 NO_CANDIDATES_GENERATED pairs=18003 evals=2306 990s
[609644.1] PE_E_T2000_N2880: step 1289 ELEVATED pairs=17946 evals=2322 993s
[609644.2] PE_E_T2000_N2880: step 1290 NO_CANDIDATES_GENERATED pairs=17946 evals=2322 993s
[609644.2] PE_E_T2000_N2880: step 1291 NO_CANDIDATES_GENERATED pairs=17946 evals=2322 993s
[609644.3] PE_E_T2000_N2880: step 1292 NO_CANDIDATES_GENERATED pairs=17946 evals=2322 993s
[609644.4] PE_E_T2000_N2880: step 1293 NO_CANDIDATES_GENERATED pairs=17946 evals=2322 993s
[609644.5] PE_E_T2000_N2880: step 1294 NO_CANDIDATES_GENERATED pairs=17946 evals=2322 993s
[609644.5] PE_E_T2000_N2880: step 1295 NO_CANDIDATES_GENERATED pairs=17946 evals=2322 993s
[609644.6] PE_E_T2000_N2880: step 1296 NO_CANDIDATES_GENERATED pairs=17946 evals=2322 993s
[609644.7] PE_E_T2000_N2880: step 1297 NO_CANDIDATES_GENERATED pairs=17946 evals=2322 994s
[609644.8] PE_E_T2000_N2880: step 1298 NO_CANDIDATES_GENERATED pairs=17946 evals=2322 994s
[609644.9] PE_E_T2000_N2880: step 1299 NO_CANDIDATES_GENERATED pairs=17946 evals=2322 994s
[609644.9] PE_E_T2000_N2880: step 1300 NO_CANDIDATES_GENERATED pairs=17946 evals=2322 994s
[609645.0] PE_E_T2000_N2880: step 1301 NO_CANDIDATES_GENERATED pairs=17946 evals=2322 994s
[609645.1] PE_E_T2000_N2880: step 1302 NO_CANDIDATES_GENERATED pairs=17946 evals=2322 994s
[609645.1] PE_E_T2000_N2880: step 1303 NO_CANDIDATES_GENERATED pairs=17946 evals=2322 994s
[609645.2] PE_E_T2000_N2880: step 1304 NO_CANDIDATES_GENERATED pairs=17946 evals=2322 994s
[609645.3] PE_E_T2000_N2880: step 1305 NO_CANDIDATES_GENERATED pairs=17946 evals=2322 994s
[609648.6] PE_E_T2000_N2880: step 1306 ELEVATED pairs=17889 evals=2338 997s
[609648.7] PE_E_T2000_N2880: step 1307 NO_CANDIDATES_GENERATED pairs=17889 evals=2338 997s
[609648.8] PE_E_T2000_N2880: step 1308 NO_CANDIDATES_GENERATED pairs=17889 evals=2338 998s
[609648.8] PE_E_T2000_N2880: step 1309 NO_CANDIDATES_GENERATED pairs=17889 evals=2338 998s
[609648.9] PE_E_T2000_N2880: step 1310 NO_CANDIDATES_GENERATED pairs=17889 evals=2338 998s
[609649.0] PE_E_T2000_N2880: step 1311 NO_CANDIDATES_GENERATED pairs=17889 evals=2338 998s
[609649.0] PE_E_T2000_N2880: step 1312 NO_CANDIDATES_GENERATED pairs=17889 evals=2338 998s
[609649.1] PE_E_T2000_N2880: step 1313 NO_CANDIDATES_GENERATED pairs=17889 evals=2338 998s
[609649.2] PE_E_T2000_N2880: step 1314 NO_CANDIDATES_GENERATED pairs=17889 evals=2338 998s
[609649.3] PE_E_T2000_N2880: step 1315 NO_CANDIDATES_GENERATED pairs=17889 evals=2338 998s
[609649.3] PE_E_T2000_N2880: step 1316 NO_CANDIDATES_GENERATED pairs=17889 evals=2338 998s
[609649.4] PE_E_T2000_N2880: step 1317 NO_CANDIDATES_GENERATED pairs=17889 evals=2338 998s
[609649.5] PE_E_T2000_N2880: step 1318 NO_CANDIDATES_GENERATED pairs=17889 evals=2338 998s
[609649.6] PE_E_T2000_N2880: step 1319 NO_CANDIDATES_GENERATED pairs=17889 evals=2338 998s
[609649.6] PE_E_T2000_N2880: step 1320 NO_CANDIDATES_GENERATED pairs=17889 evals=2338 998s
[609649.7] PE_E_T2000_N2880: step 1321 NO_CANDIDATES_GENERATED pairs=17889 evals=2338 999s
[609655.1] PE_E_T2000_N2880: step 1322 ELEVATED pairs=17861 evals=2354 1004s
[609655.1] PE_E_T2000_N2880: step 1323 NO_CANDIDATES_GENERATED pairs=17861 evals=2354 1004s
[609655.2] PE_E_T2000_N2880: step 1324 NO_CANDIDATES_GENERATED pairs=17861 evals=2354 1004s
[609655.3] PE_E_T2000_N2880: step 1325 NO_CANDIDATES_GENERATED pairs=17861 evals=2354 1004s
[609655.4] PE_E_T2000_N2880: step 1326 NO_CANDIDATES_GENERATED pairs=17861 evals=2354 1004s
[609655.4] PE_E_T2000_N2880: step 1327 NO_CANDIDATES_GENERATED pairs=17861 evals=2354 1004s
[609655.5] PE_E_T2000_N2880: step 1328 NO_CANDIDATES_GENERATED pairs=17861 evals=2354 1004s
[609655.6] PE_E_T2000_N2880: step 1329 NO_CANDIDATES_GENERATED pairs=17861 evals=2354 1004s
[609655.6] PE_E_T2000_N2880: step 1330 NO_CANDIDATES_GENERATED pairs=17861 evals=2354 1004s
[609655.7] PE_E_T2000_N2880: step 1331 NO_CANDIDATES_GENERATED pairs=17861 evals=2354 1005s
[609655.8] PE_E_T2000_N2880: step 1332 NO_CANDIDATES_GENERATED pairs=17861 evals=2354 1005s
[609655.9] PE_E_T2000_N2880: step 1333 NO_CANDIDATES_GENERATED pairs=17861 evals=2354 1005s
[609655.9] PE_E_T2000_N2880: step 1334 NO_CANDIDATES_GENERATED pairs=17861 evals=2354 1005s
[609656.0] PE_E_T2000_N2880: step 1335 NO_CANDIDATES_GENERATED pairs=17861 evals=2354 1005s
[609656.1] PE_E_T2000_N2880: step 1336 NO_CANDIDATES_GENERATED pairs=17861 evals=2354 1005s
[609656.2] PE_E_T2000_N2880: step 1337 NO_CANDIDATES_GENERATED pairs=17861 evals=2354 1005s
[609661.6] PE_E_T2000_N2880: step 1338 ELEVATED pairs=17800 evals=2370 1010s
[609661.7] PE_E_T2000_N2880: step 1339 NO_CANDIDATES_GENERATED pairs=17800 evals=2370 1011s
[609661.8] PE_E_T2000_N2880: step 1340 NO_CANDIDATES_GENERATED pairs=17800 evals=2370 1011s
[609661.9] PE_E_T2000_N2880: step 1341 NO_CANDIDATES_GENERATED pairs=17800 evals=2370 1011s
[609661.9] PE_E_T2000_N2880: step 1342 NO_CANDIDATES_GENERATED pairs=17800 evals=2370 1011s
[609662.0] PE_E_T2000_N2880: step 1343 NO_CANDIDATES_GENERATED pairs=17800 evals=2370 1011s
[609662.1] PE_E_T2000_N2880: step 1344 NO_CANDIDATES_GENERATED pairs=17800 evals=2370 1011s
[609662.2] PE_E_T2000_N2880: step 1345 NO_CANDIDATES_GENERATED pairs=17800 evals=2370 1011s
[609662.3] PE_E_T2000_N2880: step 1346 NO_CANDIDATES_GENERATED pairs=17800 evals=2370 1011s
[609662.3] PE_E_T2000_N2880: step 1347 NO_CANDIDATES_GENERATED pairs=17800 evals=2370 1011s
[609662.4] PE_E_T2000_N2880: step 1348 NO_CANDIDATES_GENERATED pairs=17800 evals=2370 1011s
[609662.5] PE_E_T2000_N2880: step 1349 NO_CANDIDATES_GENERATED pairs=17800 evals=2370 1011s
[609662.6] PE_E_T2000_N2880: step 1350 NO_CANDIDATES_GENERATED pairs=17800 evals=2370 1011s
[609662.7] PE_E_T2000_N2880: step 1351 NO_CANDIDATES_GENERATED pairs=17800 evals=2370 1011s
[609662.7] PE_E_T2000_N2880: step 1352 NO_CANDIDATES_GENERATED pairs=17800 evals=2370 1012s
[609662.8] PE_E_T2000_N2880: step 1353 NO_CANDIDATES_GENERATED pairs=17800 evals=2370 1012s
[609671.2] PE_E_T2000_N2880: step 1354 ELEVATED pairs=17749 evals=2379 1020s
[609671.3] PE_E_T2000_N2880: step 1355 NO_CANDIDATES_GENERATED pairs=17749 evals=2379 1020s
[609671.4] PE_E_T2000_N2880: step 1356 NO_CANDIDATES_GENERATED pairs=17749 evals=2379 1020s
[609671.5] PE_E_T2000_N2880: step 1357 NO_CANDIDATES_GENERATED pairs=17749 evals=2379 1020s
[609671.5] PE_E_T2000_N2880: step 1358 NO_CANDIDATES_GENERATED pairs=17749 evals=2379 1020s
[609671.6] PE_E_T2000_N2880: step 1359 NO_CANDIDATES_GENERATED pairs=17749 evals=2379 1020s
[609671.7] PE_E_T2000_N2880: step 1360 NO_CANDIDATES_GENERATED pairs=17749 evals=2379 1021s
[609671.8] PE_E_T2000_N2880: step 1361 NO_CANDIDATES_GENERATED pairs=17749 evals=2379 1021s
[609671.8] PE_E_T2000_N2880: step 1362 NO_CANDIDATES_GENERATED pairs=17749 evals=2379 1021s
[609671.9] PE_E_T2000_N2880: step 1363 NO_CANDIDATES_GENERATED pairs=17749 evals=2379 1021s
[609672.0] PE_E_T2000_N2880: step 1364 NO_CANDIDATES_GENERATED pairs=17749 evals=2379 1021s
[609672.1] PE_E_T2000_N2880: step 1365 NO_CANDIDATES_GENERATED pairs=17749 evals=2379 1021s
[609672.1] PE_E_T2000_N2880: step 1366 NO_CANDIDATES_GENERATED pairs=17749 evals=2379 1021s
[609672.2] PE_E_T2000_N2880: step 1367 NO_CANDIDATES_GENERATED pairs=17749 evals=2379 1021s
[609672.3] PE_E_T2000_N2880: step 1368 NO_CANDIDATES_GENERATED pairs=17749 evals=2379 1021s
[609672.4] PE_E_T2000_N2880: step 1369 NO_CANDIDATES_GENERATED pairs=17749 evals=2379 1021s
[609680.1] PE_E_T2000_N2880: step 1370 ELEVATED pairs=17643 evals=2395 1029s
[609680.2] PE_E_T2000_N2880: step 1371 NO_CANDIDATES_GENERATED pairs=17643 evals=2395 1029s
[609680.3] PE_E_T2000_N2880: step 1372 NO_CANDIDATES_GENERATED pairs=17643 evals=2395 1029s
[609680.3] PE_E_T2000_N2880: step 1373 NO_CANDIDATES_GENERATED pairs=17643 evals=2395 1029s
[609680.4] PE_E_T2000_N2880: step 1374 NO_CANDIDATES_GENERATED pairs=17643 evals=2395 1029s
[609680.5] PE_E_T2000_N2880: step 1375 NO_CANDIDATES_GENERATED pairs=17643 evals=2395 1029s
[609680.6] PE_E_T2000_N2880: step 1376 NO_CANDIDATES_GENERATED pairs=17643 evals=2395 1029s
[609680.7] PE_E_T2000_N2880: step 1377 NO_CANDIDATES_GENERATED pairs=17643 evals=2395 1029s
[609680.8] PE_E_T2000_N2880: step 1378 NO_CANDIDATES_GENERATED pairs=17643 evals=2395 1030s
[609680.9] PE_E_T2000_N2880: step 1379 NO_CANDIDATES_GENERATED pairs=17643 evals=2395 1030s
[609680.9] PE_E_T2000_N2880: step 1380 NO_CANDIDATES_GENERATED pairs=17643 evals=2395 1030s
[609681.0] PE_E_T2000_N2880: step 1381 NO_CANDIDATES_GENERATED pairs=17643 evals=2395 1030s
[609681.1] PE_E_T2000_N2880: step 1382 NO_CANDIDATES_GENERATED pairs=17643 evals=2395 1030s
[609681.2] PE_E_T2000_N2880: step 1383 NO_CANDIDATES_GENERATED pairs=17643 evals=2395 1030s
[609681.3] PE_E_T2000_N2880: step 1384 NO_CANDIDATES_GENERATED pairs=17643 evals=2395 1030s
[609681.4] PE_E_T2000_N2880: step 1385 NO_CANDIDATES_GENERATED pairs=17643 evals=2395 1030s
[609681.4] PE_E_T2000_N2880: step 1386 NO_CANDIDATES_GENERATED pairs=17643 evals=2395 1030s
[609690.3] PE_E_T2000_N2880: step 1387 ELEVATED pairs=17539 evals=2411 1039s
[609690.4] PE_E_T2000_N2880: step 1388 NO_CANDIDATES_GENERATED pairs=17539 evals=2411 1039s
[609690.5] PE_E_T2000_N2880: step 1389 NO_CANDIDATES_GENERATED pairs=17539 evals=2411 1039s
[609690.5] PE_E_T2000_N2880: step 1390 NO_CANDIDATES_GENERATED pairs=17539 evals=2411 1039s
[609690.6] PE_E_T2000_N2880: step 1391 NO_CANDIDATES_GENERATED pairs=17539 evals=2411 1039s
[609690.7] PE_E_T2000_N2880: step 1392 NO_CANDIDATES_GENERATED pairs=17539 evals=2411 1040s
[609690.7] PE_E_T2000_N2880: step 1393 NO_CANDIDATES_GENERATED pairs=17539 evals=2411 1040s
[609690.8] PE_E_T2000_N2880: step 1394 NO_CANDIDATES_GENERATED pairs=17539 evals=2411 1040s
[609690.9] PE_E_T2000_N2880: step 1395 NO_CANDIDATES_GENERATED pairs=17539 evals=2411 1040s
[609691.0] PE_E_T2000_N2880: step 1396 NO_CANDIDATES_GENERATED pairs=17539 evals=2411 1040s
[609691.0] PE_E_T2000_N2880: step 1397 NO_CANDIDATES_GENERATED pairs=17539 evals=2411 1040s
[609691.1] PE_E_T2000_N2880: step 1398 NO_CANDIDATES_GENERATED pairs=17539 evals=2411 1040s
[609691.2] PE_E_T2000_N2880: step 1399 NO_CANDIDATES_GENERATED pairs=17539 evals=2411 1040s
[609691.3] PE_E_T2000_N2880: step 1400 NO_CANDIDATES_GENERATED pairs=17539 evals=2411 1040s
[609691.3] PE_E_T2000_N2880: step 1401 NO_CANDIDATES_GENERATED pairs=17539 evals=2411 1040s
[609691.4] PE_E_T2000_N2880: step 1402 NO_CANDIDATES_GENERATED pairs=17539 evals=2411 1040s
[609691.5] PE_E_T2000_N2880: step 1403 NO_CANDIDATES_GENERATED pairs=17539 evals=2411 1040s
[609691.5] PE_E_T2000_N2880: step 1404 NO_CANDIDATES_GENERATED pairs=17539 evals=2411 1040s
[609696.7] PE_E_T2000_N2880: step 1405 ELEVATED pairs=17496 evals=2427 1046s
[609696.8] PE_E_T2000_N2880: step 1406 NO_CANDIDATES_GENERATED pairs=17496 evals=2427 1046s
[609696.9] PE_E_T2000_N2880: step 1407 NO_CANDIDATES_GENERATED pairs=17496 evals=2427 1046s
[609696.9] PE_E_T2000_N2880: step 1408 NO_CANDIDATES_GENERATED pairs=17496 evals=2427 1046s
[609697.0] PE_E_T2000_N2880: step 1409 NO_CANDIDATES_GENERATED pairs=17496 evals=2427 1046s
[609697.1] PE_E_T2000_N2880: step 1410 NO_CANDIDATES_GENERATED pairs=17496 evals=2427 1046s
[609697.1] PE_E_T2000_N2880: step 1411 NO_CANDIDATES_GENERATED pairs=17496 evals=2427 1046s
[609697.2] PE_E_T2000_N2880: step 1412 NO_CANDIDATES_GENERATED pairs=17496 evals=2427 1046s
[609697.3] PE_E_T2000_N2880: step 1413 NO_CANDIDATES_GENERATED pairs=17496 evals=2427 1046s
[609697.4] PE_E_T2000_N2880: step 1414 NO_CANDIDATES_GENERATED pairs=17496 evals=2427 1046s
[609697.4] PE_E_T2000_N2880: step 1415 NO_CANDIDATES_GENERATED pairs=17496 evals=2427 1046s
[609697.5] PE_E_T2000_N2880: step 1416 NO_CANDIDATES_GENERATED pairs=17496 evals=2427 1046s
[609697.6] PE_E_T2000_N2880: step 1417 NO_CANDIDATES_GENERATED pairs=17496 evals=2427 1046s
[609697.6] PE_E_T2000_N2880: step 1418 NO_CANDIDATES_GENERATED pairs=17496 evals=2427 1046s
[609697.7] PE_E_T2000_N2880: step 1419 NO_CANDIDATES_GENERATED pairs=17496 evals=2427 1047s
[609697.8] PE_E_T2000_N2880: step 1420 NO_CANDIDATES_GENERATED pairs=17496 evals=2427 1047s
[609697.8] PE_E_T2000_N2880: step 1421 NO_CANDIDATES_GENERATED pairs=17496 evals=2427 1047s
[609706.0] PE_E_T2000_N2880: step 1422 ELEVATED pairs=17394 evals=2443 1055s
[609706.0] PE_E_T2000_N2880: step 1423 NO_CANDIDATES_GENERATED pairs=17394 evals=2443 1055s
[609706.1] PE_E_T2000_N2880: step 1424 NO_CANDIDATES_GENERATED pairs=17394 evals=2443 1055s
[609706.2] PE_E_T2000_N2880: step 1425 NO_CANDIDATES_GENERATED pairs=17394 evals=2443 1055s
[609706.2] PE_E_T2000_N2880: step 1426 NO_CANDIDATES_GENERATED pairs=17394 evals=2443 1055s
[609706.3] PE_E_T2000_N2880: step 1427 NO_CANDIDATES_GENERATED pairs=17394 evals=2443 1055s
[609706.4] PE_E_T2000_N2880: step 1428 NO_CANDIDATES_GENERATED pairs=17394 evals=2443 1055s
[609706.4] PE_E_T2000_N2880: step 1429 NO_CANDIDATES_GENERATED pairs=17394 evals=2443 1055s
[609706.5] PE_E_T2000_N2880: step 1430 NO_CANDIDATES_GENERATED pairs=17394 evals=2443 1055s
[609706.6] PE_E_T2000_N2880: step 1431 NO_CANDIDATES_GENERATED pairs=17394 evals=2443 1055s
[609706.6] PE_E_T2000_N2880: step 1432 NO_CANDIDATES_GENERATED pairs=17394 evals=2443 1055s
[609706.7] PE_E_T2000_N2880: step 1433 NO_CANDIDATES_GENERATED pairs=17394 evals=2443 1056s
[609706.8] PE_E_T2000_N2880: step 1434 NO_CANDIDATES_GENERATED pairs=17394 evals=2443 1056s
[609706.9] PE_E_T2000_N2880: step 1435 NO_CANDIDATES_GENERATED pairs=17394 evals=2443 1056s
[609706.9] PE_E_T2000_N2880: step 1436 NO_CANDIDATES_GENERATED pairs=17394 evals=2443 1056s
[609707.0] PE_E_T2000_N2880: step 1437 NO_CANDIDATES_GENERATED pairs=17394 evals=2443 1056s
[609707.1] PE_E_T2000_N2880: step 1438 NO_CANDIDATES_GENERATED pairs=17394 evals=2443 1056s
[609707.1] PE_E_T2000_N2880: step 1439 NO_CANDIDATES_GENERATED pairs=17394 evals=2443 1056s
[609711.9] PE_E_T2000_N2880: step 1440 ELEVATED pairs=17352 evals=2459 1061s
[609712.0] PE_E_T2000_N2880: step 1441 NO_CANDIDATES_GENERATED pairs=17352 evals=2459 1061s
[609712.1] PE_E_T2000_N2880: step 1442 NO_CANDIDATES_GENERATED pairs=17352 evals=2459 1061s
[609712.2] PE_E_T2000_N2880: step 1443 NO_CANDIDATES_GENERATED pairs=17352 evals=2459 1061s
[609712.2] PE_E_T2000_N2880: step 1444 NO_CANDIDATES_GENERATED pairs=17352 evals=2459 1061s
[609712.3] PE_E_T2000_N2880: step 1445 NO_CANDIDATES_GENERATED pairs=17352 evals=2459 1061s
[609712.4] PE_E_T2000_N2880: step 1446 NO_CANDIDATES_GENERATED pairs=17352 evals=2459 1061s
[609712.4] PE_E_T2000_N2880: step 1447 NO_CANDIDATES_GENERATED pairs=17352 evals=2459 1061s
[609712.5] PE_E_T2000_N2880: step 1448 NO_CANDIDATES_GENERATED pairs=17352 evals=2459 1061s
[609712.6] PE_E_T2000_N2880: step 1449 NO_CANDIDATES_GENERATED pairs=17352 evals=2459 1061s
[609712.7] PE_E_T2000_N2880: step 1450 NO_CANDIDATES_GENERATED pairs=17352 evals=2459 1061s
[609712.7] PE_E_T2000_N2880: step 1451 NO_CANDIDATES_GENERATED pairs=17352 evals=2459 1062s
[609712.8] PE_E_T2000_N2880: step 1452 NO_CANDIDATES_GENERATED pairs=17352 evals=2459 1062s
[609712.9] PE_E_T2000_N2880: step 1453 NO_CANDIDATES_GENERATED pairs=17352 evals=2459 1062s
[609712.9] PE_E_T2000_N2880: step 1454 NO_CANDIDATES_GENERATED pairs=17352 evals=2459 1062s
[609713.0] PE_E_T2000_N2880: step 1455 NO_CANDIDATES_GENERATED pairs=17352 evals=2459 1062s
[609713.1] PE_E_T2000_N2880: step 1456 NO_CANDIDATES_GENERATED pairs=17352 evals=2459 1062s
[609718.1] PE_E_T2000_N2880: step 1457 ELEVATED pairs=17310 evals=2475 1067s
[609718.2] PE_E_T2000_N2880: step 1458 NO_CANDIDATES_GENERATED pairs=17310 evals=2475 1067s
[609718.3] PE_E_T2000_N2880: step 1459 NO_CANDIDATES_GENERATED pairs=17310 evals=2475 1067s
[609718.3] PE_E_T2000_N2880: step 1460 NO_CANDIDATES_GENERATED pairs=17310 evals=2475 1067s
[609718.4] PE_E_T2000_N2880: step 1461 NO_CANDIDATES_GENERATED pairs=17310 evals=2475 1067s
[609718.5] PE_E_T2000_N2880: step 1462 NO_CANDIDATES_GENERATED pairs=17310 evals=2475 1067s
[609718.5] PE_E_T2000_N2880: step 1463 NO_CANDIDATES_GENERATED pairs=17310 evals=2475 1067s
[609718.6] PE_E_T2000_N2880: step 1464 NO_CANDIDATES_GENERATED pairs=17310 evals=2475 1067s
[609718.7] PE_E_T2000_N2880: step 1465 NO_CANDIDATES_GENERATED pairs=17310 evals=2475 1067s
[609718.7] PE_E_T2000_N2880: step 1466 NO_CANDIDATES_GENERATED pairs=17310 evals=2475 1068s
[609718.8] PE_E_T2000_N2880: step 1467 NO_CANDIDATES_GENERATED pairs=17310 evals=2475 1068s
[609718.9] PE_E_T2000_N2880: step 1468 NO_CANDIDATES_GENERATED pairs=17310 evals=2475 1068s
[609718.9] PE_E_T2000_N2880: step 1469 NO_CANDIDATES_GENERATED pairs=17310 evals=2475 1068s
[609719.0] PE_E_T2000_N2880: step 1470 NO_CANDIDATES_GENERATED pairs=17310 evals=2475 1068s
[609719.1] PE_E_T2000_N2880: step 1471 NO_CANDIDATES_GENERATED pairs=17310 evals=2475 1068s
[609719.2] PE_E_T2000_N2880: step 1472 NO_CANDIDATES_GENERATED pairs=17310 evals=2475 1068s
[609719.2] PE_E_T2000_N2880: step 1473 NO_CANDIDATES_GENERATED pairs=17310 evals=2475 1068s
[609719.3] PE_E_T2000_N2880: step 1474 NO_CANDIDATES_GENERATED pairs=17310 evals=2475 1068s
[609723.2] PE_E_T2000_N2880: step 1475 ELEVATED pairs=17293 evals=2491 1072s
[609723.3] PE_E_T2000_N2880: step 1476 NO_CANDIDATES_GENERATED pairs=17293 evals=2491 1072s
[609723.3] PE_E_T2000_N2880: step 1477 NO_CANDIDATES_GENERATED pairs=17293 evals=2491 1072s
[609723.4] PE_E_T2000_N2880: step 1478 NO_CANDIDATES_GENERATED pairs=17293 evals=2491 1072s
[609723.5] PE_E_T2000_N2880: step 1479 NO_CANDIDATES_GENERATED pairs=17293 evals=2491 1072s
[609723.6] PE_E_T2000_N2880: step 1480 NO_CANDIDATES_GENERATED pairs=17293 evals=2491 1072s
[609723.6] PE_E_T2000_N2880: step 1481 NO_CANDIDATES_GENERATED pairs=17293 evals=2491 1072s
[609723.7] PE_E_T2000_N2880: step 1482 NO_CANDIDATES_GENERATED pairs=17293 evals=2491 1073s
[609723.8] PE_E_T2000_N2880: step 1483 NO_CANDIDATES_GENERATED pairs=17293 evals=2491 1073s
[609723.8] PE_E_T2000_N2880: step 1484 NO_CANDIDATES_GENERATED pairs=17293 evals=2491 1073s
[609723.9] PE_E_T2000_N2880: step 1485 NO_CANDIDATES_GENERATED pairs=17293 evals=2491 1073s
[609724.0] PE_E_T2000_N2880: step 1486 NO_CANDIDATES_GENERATED pairs=17293 evals=2491 1073s
[609724.1] PE_E_T2000_N2880: step 1487 NO_CANDIDATES_GENERATED pairs=17293 evals=2491 1073s
[609724.1] PE_E_T2000_N2880: step 1488 NO_CANDIDATES_GENERATED pairs=17293 evals=2491 1073s
[609724.2] PE_E_T2000_N2880: step 1489 NO_CANDIDATES_GENERATED pairs=17293 evals=2491 1073s
[609724.3] PE_E_T2000_N2880: step 1490 NO_CANDIDATES_GENERATED pairs=17293 evals=2491 1073s
[609724.3] PE_E_T2000_N2880: step 1491 NO_CANDIDATES_GENERATED pairs=17293 evals=2491 1073s
[609724.4] PE_E_T2000_N2880: step 1492 NO_CANDIDATES_GENERATED pairs=17293 evals=2491 1073s
[609728.2] PE_E_T2000_N2880: step 1493 ELEVATED pairs=17277 evals=2507 1077s
[609728.3] PE_E_T2000_N2880: step 1494 NO_CANDIDATES_GENERATED pairs=17277 evals=2507 1077s
[609728.3] PE_E_T2000_N2880: step 1495 NO_CANDIDATES_GENERATED pairs=17277 evals=2507 1077s
[609728.4] PE_E_T2000_N2880: step 1496 NO_CANDIDATES_GENERATED pairs=17277 evals=2507 1077s
[609728.5] PE_E_T2000_N2880: step 1497 NO_CANDIDATES_GENERATED pairs=17277 evals=2507 1077s
[609728.5] PE_E_T2000_N2880: step 1498 NO_CANDIDATES_GENERATED pairs=17277 evals=2507 1077s
[609728.6] PE_E_T2000_N2880: step 1499 NO_CANDIDATES_GENERATED pairs=17277 evals=2507 1077s
[609728.7] PE_E_T2000_N2880: step 1500 NO_CANDIDATES_GENERATED pairs=17277 evals=2507 1077s
[609728.7] PE_E_T2000_N2880: step 1501 NO_CANDIDATES_GENERATED pairs=17277 evals=2507 1078s
[609728.8] PE_E_T2000_N2880: step 1502 NO_CANDIDATES_GENERATED pairs=17277 evals=2507 1078s
[609728.9] PE_E_T2000_N2880: step 1503 NO_CANDIDATES_GENERATED pairs=17277 evals=2507 1078s
[609729.0] PE_E_T2000_N2880: step 1504 NO_CANDIDATES_GENERATED pairs=17277 evals=2507 1078s
[609729.0] PE_E_T2000_N2880: step 1505 NO_CANDIDATES_GENERATED pairs=17277 evals=2507 1078s
[609729.1] PE_E_T2000_N2880: step 1506 NO_CANDIDATES_GENERATED pairs=17277 evals=2507 1078s
[609729.2] PE_E_T2000_N2880: step 1507 NO_CANDIDATES_GENERATED pairs=17277 evals=2507 1078s
[609729.2] PE_E_T2000_N2880: step 1508 NO_CANDIDATES_GENERATED pairs=17277 evals=2507 1078s
[609729.3] PE_E_T2000_N2880: step 1509 NO_CANDIDATES_GENERATED pairs=17277 evals=2507 1078s
[609729.4] PE_E_T2000_N2880: step 1510 NO_CANDIDATES_GENERATED pairs=17277 evals=2507 1078s
[609733.2] PE_E_T2000_N2880: step 1511 ELEVATED pairs=17262 evals=2523 1082s
[609733.2] PE_E_T2000_N2880: step 1512 NO_CANDIDATES_GENERATED pairs=17262 evals=2523 1082s
[609733.3] PE_E_T2000_N2880: step 1513 NO_CANDIDATES_GENERATED pairs=17262 evals=2523 1082s
[609733.4] PE_E_T2000_N2880: step 1514 NO_CANDIDATES_GENERATED pairs=17262 evals=2523 1082s
[609733.5] PE_E_T2000_N2880: step 1515 NO_CANDIDATES_GENERATED pairs=17262 evals=2523 1082s
[609733.5] PE_E_T2000_N2880: step 1516 NO_CANDIDATES_GENERATED pairs=17262 evals=2523 1082s
[609733.6] PE_E_T2000_N2880: step 1517 NO_CANDIDATES_GENERATED pairs=17262 evals=2523 1082s
[609733.7] PE_E_T2000_N2880: step 1518 NO_CANDIDATES_GENERATED pairs=17262 evals=2523 1082s
[609733.7] PE_E_T2000_N2880: step 1519 NO_CANDIDATES_GENERATED pairs=17262 evals=2523 1083s
[609733.8] PE_E_T2000_N2880: step 1520 NO_CANDIDATES_GENERATED pairs=17262 evals=2523 1083s
[609733.9] PE_E_T2000_N2880: step 1521 NO_CANDIDATES_GENERATED pairs=17262 evals=2523 1083s
[609733.9] PE_E_T2000_N2880: step 1522 NO_CANDIDATES_GENERATED pairs=17262 evals=2523 1083s
[609734.0] PE_E_T2000_N2880: step 1523 NO_CANDIDATES_GENERATED pairs=17262 evals=2523 1083s
[609734.1] PE_E_T2000_N2880: step 1524 NO_CANDIDATES_GENERATED pairs=17262 evals=2523 1083s
[609734.1] PE_E_T2000_N2880: step 1525 NO_CANDIDATES_GENERATED pairs=17262 evals=2523 1083s
[609734.2] PE_E_T2000_N2880: step 1526 NO_CANDIDATES_GENERATED pairs=17262 evals=2523 1083s
[609734.3] PE_E_T2000_N2880: step 1527 NO_CANDIDATES_GENERATED pairs=17262 evals=2523 1083s
[609741.5] PE_E_T2000_N2880: step 1528 ELEVATED pairs=17146 evals=2539 1090s
[609741.5] PE_E_T2000_N2880: step 1529 NO_CANDIDATES_GENERATED pairs=17146 evals=2539 1090s
[609741.6] PE_E_T2000_N2880: step 1530 NO_CANDIDATES_GENERATED pairs=17146 evals=2539 1090s
[609741.7] PE_E_T2000_N2880: step 1531 NO_CANDIDATES_GENERATED pairs=17146 evals=2539 1090s
[609741.7] PE_E_T2000_N2880: step 1532 NO_CANDIDATES_GENERATED pairs=17146 evals=2539 1091s
[609741.8] PE_E_T2000_N2880: step 1533 NO_CANDIDATES_GENERATED pairs=17146 evals=2539 1091s
[609741.9] PE_E_T2000_N2880: step 1534 NO_CANDIDATES_GENERATED pairs=17146 evals=2539 1091s
[609741.9] PE_E_T2000_N2880: step 1535 NO_CANDIDATES_GENERATED pairs=17146 evals=2539 1091s
[609742.0] PE_E_T2000_N2880: step 1536 NO_CANDIDATES_GENERATED pairs=17146 evals=2539 1091s
[609742.1] PE_E_T2000_N2880: step 1537 NO_CANDIDATES_GENERATED pairs=17146 evals=2539 1091s
[609742.2] PE_E_T2000_N2880: step 1538 NO_CANDIDATES_GENERATED pairs=17146 evals=2539 1091s
[609742.2] PE_E_T2000_N2880: step 1539 NO_CANDIDATES_GENERATED pairs=17146 evals=2539 1091s
[609742.3] PE_E_T2000_N2880: step 1540 NO_CANDIDATES_GENERATED pairs=17146 evals=2539 1091s
[609742.4] PE_E_T2000_N2880: step 1541 NO_CANDIDATES_GENERATED pairs=17146 evals=2539 1091s
[609742.4] PE_E_T2000_N2880: step 1542 NO_CANDIDATES_GENERATED pairs=17146 evals=2539 1091s
[609742.5] PE_E_T2000_N2880: step 1543 NO_CANDIDATES_GENERATED pairs=17146 evals=2539 1091s
[609742.6] PE_E_T2000_N2880: step 1544 NO_CANDIDATES_GENERATED pairs=17146 evals=2539 1091s
[609742.7] PE_E_T2000_N2880: step 1545 NO_CANDIDATES_GENERATED pairs=17146 evals=2539 1091s
[609750.1] PE_E_T2000_N2880: step 1546 ELEVATED pairs=17032 evals=2555 1099s
[609750.2] PE_E_T2000_N2880: step 1547 NO_CANDIDATES_GENERATED pairs=17032 evals=2555 1099s
[609750.3] PE_E_T2000_N2880: step 1548 NO_CANDIDATES_GENERATED pairs=17032 evals=2555 1099s
[609750.3] PE_E_T2000_N2880: step 1549 NO_CANDIDATES_GENERATED pairs=17032 evals=2555 1099s
[609750.4] PE_E_T2000_N2880: step 1550 NO_CANDIDATES_GENERATED pairs=17032 evals=2555 1099s
[609750.5] PE_E_T2000_N2880: step 1551 NO_CANDIDATES_GENERATED pairs=17032 evals=2555 1099s
[609750.5] PE_E_T2000_N2880: step 1552 NO_CANDIDATES_GENERATED pairs=17032 evals=2555 1099s
[609750.6] PE_E_T2000_N2880: step 1553 NO_CANDIDATES_GENERATED pairs=17032 evals=2555 1099s
[609750.7] PE_E_T2000_N2880: step 1554 NO_CANDIDATES_GENERATED pairs=17032 evals=2555 1099s
[609750.7] PE_E_T2000_N2880: step 1555 NO_CANDIDATES_GENERATED pairs=17032 evals=2555 1100s
[609750.8] PE_E_T2000_N2880: step 1556 NO_CANDIDATES_GENERATED pairs=17032 evals=2555 1100s
[609750.9] PE_E_T2000_N2880: step 1557 NO_CANDIDATES_GENERATED pairs=17032 evals=2555 1100s
[609751.0] PE_E_T2000_N2880: step 1558 NO_CANDIDATES_GENERATED pairs=17032 evals=2555 1100s
[609751.0] PE_E_T2000_N2880: step 1559 NO_CANDIDATES_GENERATED pairs=17032 evals=2555 1100s
[609751.1] PE_E_T2000_N2880: step 1560 NO_CANDIDATES_GENERATED pairs=17032 evals=2555 1100s
[609751.1] PE_E_T2000_N2880: step 1561 NO_CANDIDATES_GENERATED pairs=17032 evals=2555 1100s
[609751.2] PE_E_T2000_N2880: step 1562 NO_CANDIDATES_GENERATED pairs=17032 evals=2555 1100s
[609751.3] PE_E_T2000_N2880: step 1563 NO_CANDIDATES_GENERATED pairs=17032 evals=2555 1100s
[609758.5] PE_E_T2000_N2880: step 1564 ELEVATED pairs=16920 evals=2571 1107s
[609758.5] PE_E_T2000_N2880: step 1565 NO_CANDIDATES_GENERATED pairs=16920 evals=2571 1107s
[609758.6] PE_E_T2000_N2880: step 1566 NO_CANDIDATES_GENERATED pairs=16920 evals=2571 1107s
[609758.7] PE_E_T2000_N2880: step 1567 NO_CANDIDATES_GENERATED pairs=16920 evals=2571 1108s
[609758.8] PE_E_T2000_N2880: step 1568 NO_CANDIDATES_GENERATED pairs=16920 evals=2571 1108s
[609758.8] PE_E_T2000_N2880: step 1569 NO_CANDIDATES_GENERATED pairs=16920 evals=2571 1108s
[609758.9] PE_E_T2000_N2880: step 1570 NO_CANDIDATES_GENERATED pairs=16920 evals=2571 1108s
[609759.0] PE_E_T2000_N2880: step 1571 NO_CANDIDATES_GENERATED pairs=16920 evals=2571 1108s
[609759.1] PE_E_T2000_N2880: step 1572 NO_CANDIDATES_GENERATED pairs=16920 evals=2571 1108s
[609759.1] PE_E_T2000_N2880: step 1573 NO_CANDIDATES_GENERATED pairs=16920 evals=2571 1108s
[609759.2] PE_E_T2000_N2880: step 1574 NO_CANDIDATES_GENERATED pairs=16920 evals=2571 1108s
[609759.3] PE_E_T2000_N2880: step 1575 NO_CANDIDATES_GENERATED pairs=16920 evals=2571 1108s
[609759.4] PE_E_T2000_N2880: step 1576 NO_CANDIDATES_GENERATED pairs=16920 evals=2571 1108s
[609759.4] PE_E_T2000_N2880: step 1577 NO_CANDIDATES_GENERATED pairs=16920 evals=2571 1108s
[609759.5] PE_E_T2000_N2880: step 1578 NO_CANDIDATES_GENERATED pairs=16920 evals=2571 1108s
[609759.6] PE_E_T2000_N2880: step 1579 NO_CANDIDATES_GENERATED pairs=16920 evals=2571 1108s
[609759.6] PE_E_T2000_N2880: step 1580 NO_CANDIDATES_GENERATED pairs=16920 evals=2571 1108s
[609759.7] PE_E_T2000_N2880: step 1581 NO_CANDIDATES_GENERATED pairs=16920 evals=2571 1109s
[609764.5] PE_E_T2000_N2880: step 1582 ELEVATED pairs=16854 evals=2587 1113s
[609764.6] PE_E_T2000_N2880: step 1583 NO_CANDIDATES_GENERATED pairs=16854 evals=2587 1113s
[609764.6] PE_E_T2000_N2880: step 1584 NO_CANDIDATES_GENERATED pairs=16854 evals=2587 1113s
[609764.7] PE_E_T2000_N2880: step 1585 NO_CANDIDATES_GENERATED pairs=16854 evals=2587 1114s
[609764.8] PE_E_T2000_N2880: step 1586 NO_CANDIDATES_GENERATED pairs=16854 evals=2587 1114s
[609764.8] PE_E_T2000_N2880: step 1587 NO_CANDIDATES_GENERATED pairs=16854 evals=2587 1114s
[609764.9] PE_E_T2000_N2880: step 1588 NO_CANDIDATES_GENERATED pairs=16854 evals=2587 1114s
[609765.0] PE_E_T2000_N2880: step 1589 NO_CANDIDATES_GENERATED pairs=16854 evals=2587 1114s
[609765.0] PE_E_T2000_N2880: step 1590 NO_CANDIDATES_GENERATED pairs=16854 evals=2587 1114s
[609765.1] PE_E_T2000_N2880: step 1591 NO_CANDIDATES_GENERATED pairs=16854 evals=2587 1114s
[609765.2] PE_E_T2000_N2880: step 1592 NO_CANDIDATES_GENERATED pairs=16854 evals=2587 1114s
[609765.2] PE_E_T2000_N2880: step 1593 NO_CANDIDATES_GENERATED pairs=16854 evals=2587 1114s
[609765.3] PE_E_T2000_N2880: step 1594 NO_CANDIDATES_GENERATED pairs=16854 evals=2587 1114s
[609765.4] PE_E_T2000_N2880: step 1595 NO_CANDIDATES_GENERATED pairs=16854 evals=2587 1114s
[609765.4] PE_E_T2000_N2880: step 1596 NO_CANDIDATES_GENERATED pairs=16854 evals=2587 1114s
[609765.5] PE_E_T2000_N2880: step 1597 NO_CANDIDATES_GENERATED pairs=16854 evals=2587 1114s
[609765.6] PE_E_T2000_N2880: step 1598 NO_CANDIDATES_GENERATED pairs=16854 evals=2587 1114s
[609765.6] PE_E_T2000_N2880: step 1599 NO_CANDIDATES_GENERATED pairs=16854 evals=2587 1114s
[609770.8] PE_E_T2000_N2880: step 1600 ELEVATED pairs=16805 evals=2603 1120s
[609770.8] PE_E_T2000_N2880: step 1601 NO_CANDIDATES_GENERATED pairs=16805 evals=2603 1120s
[609770.9] PE_E_T2000_N2880: step 1602 NO_CANDIDATES_GENERATED pairs=16805 evals=2603 1120s
[609771.0] PE_E_T2000_N2880: step 1603 NO_CANDIDATES_GENERATED pairs=16805 evals=2603 1120s
[609771.0] PE_E_T2000_N2880: step 1604 NO_CANDIDATES_GENERATED pairs=16805 evals=2603 1120s
[609771.1] PE_E_T2000_N2880: step 1605 NO_CANDIDATES_GENERATED pairs=16805 evals=2603 1120s
[609771.2] PE_E_T2000_N2880: step 1606 NO_CANDIDATES_GENERATED pairs=16805 evals=2603 1120s
[609771.2] PE_E_T2000_N2880: step 1607 NO_CANDIDATES_GENERATED pairs=16805 evals=2603 1120s
[609771.3] PE_E_T2000_N2880: step 1608 NO_CANDIDATES_GENERATED pairs=16805 evals=2603 1120s
[609771.4] PE_E_T2000_N2880: step 1609 NO_CANDIDATES_GENERATED pairs=16805 evals=2603 1120s
[609771.4] PE_E_T2000_N2880: step 1610 NO_CANDIDATES_GENERATED pairs=16805 evals=2603 1120s
[609771.5] PE_E_T2000_N2880: step 1611 NO_CANDIDATES_GENERATED pairs=16805 evals=2603 1120s
[609771.5] PE_E_T2000_N2880: step 1612 NO_CANDIDATES_GENERATED pairs=16805 evals=2603 1120s
[609771.6] PE_E_T2000_N2880: step 1613 NO_CANDIDATES_GENERATED pairs=16805 evals=2603 1120s
[609771.6] PE_E_T2000_N2880: step 1614 NO_CANDIDATES_GENERATED pairs=16805 evals=2603 1120s
[609771.7] PE_E_T2000_N2880: step 1615 NO_CANDIDATES_GENERATED pairs=16805 evals=2603 1121s
[609771.8] PE_E_T2000_N2880: step 1616 NO_CANDIDATES_GENERATED pairs=16805 evals=2603 1121s
[609771.8] PE_E_T2000_N2880: step 1617 NO_CANDIDATES_GENERATED pairs=16805 evals=2603 1121s
[609777.7] PE_E_T2000_N2880: step 1618 ELEVATED pairs=16695 evals=2619 1127s
[609777.7] PE_E_T2000_N2880: step 1619 NO_CANDIDATES_GENERATED pairs=16695 evals=2619 1127s
[609777.8] PE_E_T2000_N2880: step 1620 NO_CANDIDATES_GENERATED pairs=16695 evals=2619 1127s
[609777.8] PE_E_T2000_N2880: step 1621 NO_CANDIDATES_GENERATED pairs=16695 evals=2619 1127s
[609777.9] PE_E_T2000_N2880: step 1622 NO_CANDIDATES_GENERATED pairs=16695 evals=2619 1127s
[609777.9] PE_E_T2000_N2880: step 1623 NO_CANDIDATES_GENERATED pairs=16695 evals=2619 1127s
[609778.0] PE_E_T2000_N2880: step 1624 NO_CANDIDATES_GENERATED pairs=16695 evals=2619 1127s
[609778.0] PE_E_T2000_N2880: step 1625 NO_CANDIDATES_GENERATED pairs=16695 evals=2619 1127s
[609778.1] PE_E_T2000_N2880: step 1626 NO_CANDIDATES_GENERATED pairs=16695 evals=2619 1127s
[609778.1] PE_E_T2000_N2880: step 1627 NO_CANDIDATES_GENERATED pairs=16695 evals=2619 1127s
[609778.2] PE_E_T2000_N2880: step 1628 NO_CANDIDATES_GENERATED pairs=16695 evals=2619 1127s
[609778.3] PE_E_T2000_N2880: step 1629 NO_CANDIDATES_GENERATED pairs=16695 evals=2619 1127s
[609778.3] PE_E_T2000_N2880: step 1630 NO_CANDIDATES_GENERATED pairs=16695 evals=2619 1127s
[609778.4] PE_E_T2000_N2880: step 1631 NO_CANDIDATES_GENERATED pairs=16695 evals=2619 1127s
[609778.4] PE_E_T2000_N2880: step 1632 NO_CANDIDATES_GENERATED pairs=16695 evals=2619 1127s
[609778.5] PE_E_T2000_N2880: step 1633 NO_CANDIDATES_GENERATED pairs=16695 evals=2619 1127s
[609778.5] PE_E_T2000_N2880: step 1634 NO_CANDIDATES_GENERATED pairs=16695 evals=2619 1127s
[609778.6] PE_E_T2000_N2880: step 1635 NO_CANDIDATES_GENERATED pairs=16695 evals=2619 1127s
[609796.9] PE_E_T2000_N2880: step 1636 ELEVATED pairs=16621 evals=2635 1146s
[609796.9] PE_E_T2000_N2880: step 1637 NO_CANDIDATES_GENERATED pairs=16621 evals=2635 1146s
[609797.0] PE_E_T2000_N2880: step 1638 NO_CANDIDATES_GENERATED pairs=16621 evals=2635 1146s
[609797.0] PE_E_T2000_N2880: step 1639 NO_CANDIDATES_GENERATED pairs=16621 evals=2635 1146s
[609797.1] PE_E_T2000_N2880: step 1640 NO_CANDIDATES_GENERATED pairs=16621 evals=2635 1146s
[609797.1] PE_E_T2000_N2880: step 1641 NO_CANDIDATES_GENERATED pairs=16621 evals=2635 1146s
[609797.2] PE_E_T2000_N2880: step 1642 NO_CANDIDATES_GENERATED pairs=16621 evals=2635 1146s
[609797.3] PE_E_T2000_N2880: step 1643 NO_CANDIDATES_GENERATED pairs=16621 evals=2635 1146s
[609797.3] PE_E_T2000_N2880: step 1644 NO_CANDIDATES_GENERATED pairs=16621 evals=2635 1146s
[609797.4] PE_E_T2000_N2880: step 1645 NO_CANDIDATES_GENERATED pairs=16621 evals=2635 1146s
[609797.4] PE_E_T2000_N2880: step 1646 NO_CANDIDATES_GENERATED pairs=16621 evals=2635 1146s
[609797.5] PE_E_T2000_N2880: step 1647 NO_CANDIDATES_GENERATED pairs=16621 evals=2635 1146s
[609797.5] PE_E_T2000_N2880: step 1648 NO_CANDIDATES_GENERATED pairs=16621 evals=2635 1146s
[609797.6] PE_E_T2000_N2880: step 1649 NO_CANDIDATES_GENERATED pairs=16621 evals=2635 1146s
[609797.6] PE_E_T2000_N2880: step 1650 NO_CANDIDATES_GENERATED pairs=16621 evals=2635 1146s
[609797.7] PE_E_T2000_N2880: step 1651 NO_CANDIDATES_GENERATED pairs=16621 evals=2635 1146s
[609797.7] PE_E_T2000_N2880: step 1652 NO_CANDIDATES_GENERATED pairs=16621 evals=2635 1147s
[609797.8] PE_E_T2000_N2880: step 1653 NO_CANDIDATES_GENERATED pairs=16621 evals=2635 1147s
[609814.8] PE_E_T2000_N2880: step 1654 ELEVATED pairs=16544 evals=2651 1164s
[609814.8] PE_E_T2000_N2880: step 1655 NO_CANDIDATES_GENERATED pairs=16544 evals=2651 1164s
[609814.9] PE_E_T2000_N2880: step 1656 NO_CANDIDATES_GENERATED pairs=16544 evals=2651 1164s
[609814.9] PE_E_T2000_N2880: step 1657 NO_CANDIDATES_GENERATED pairs=16544 evals=2651 1164s
[609814.9] PE_E_T2000_N2880: step 1658 NO_CANDIDATES_GENERATED pairs=16544 evals=2651 1164s
[609815.0] PE_E_T2000_N2880: step 1659 NO_CANDIDATES_GENERATED pairs=16544 evals=2651 1164s
[609815.0] PE_E_T2000_N2880: step 1660 NO_CANDIDATES_GENERATED pairs=16544 evals=2651 1164s
[609815.1] PE_E_T2000_N2880: step 1661 NO_CANDIDATES_GENERATED pairs=16544 evals=2651 1164s
[609815.1] PE_E_T2000_N2880: step 1662 NO_CANDIDATES_GENERATED pairs=16544 evals=2651 1164s
[609815.2] PE_E_T2000_N2880: step 1663 NO_CANDIDATES_GENERATED pairs=16544 evals=2651 1164s
[609815.2] PE_E_T2000_N2880: step 1664 NO_CANDIDATES_GENERATED pairs=16544 evals=2651 1164s
[609815.3] PE_E_T2000_N2880: step 1665 NO_CANDIDATES_GENERATED pairs=16544 evals=2651 1164s
[609815.3] PE_E_T2000_N2880: step 1666 NO_CANDIDATES_GENERATED pairs=16544 evals=2651 1164s
[609815.4] PE_E_T2000_N2880: step 1667 NO_CANDIDATES_GENERATED pairs=16544 evals=2651 1164s
[609815.4] PE_E_T2000_N2880: step 1668 NO_CANDIDATES_GENERATED pairs=16544 evals=2651 1164s
[609815.5] PE_E_T2000_N2880: step 1669 NO_CANDIDATES_GENERATED pairs=16544 evals=2651 1164s
[609815.5] PE_E_T2000_N2880: step 1670 NO_CANDIDATES_GENERATED pairs=16544 evals=2651 1164s
[609815.6] PE_E_T2000_N2880: step 1671 NO_CANDIDATES_GENERATED pairs=16544 evals=2651 1164s
[609815.6] PE_E_T2000_N2880: step 1672 NO_CANDIDATES_GENERATED pairs=16544 evals=2651 1164s
[609815.7] PE_E_T2000_N2880: step 1673 NO_CANDIDATES_GENERATED pairs=16544 evals=2651 1164s
[609815.7] PE_E_T2000_N2880: step 1674 NO_CANDIDATES_GENERATED pairs=16544 evals=2651 1165s
[609815.8] PE_E_T2000_N2880: step 1675 NO_CANDIDATES_GENERATED pairs=16544 evals=2651 1165s
[609819.7] PE_E_T2000_N2880: step 1676 ELEVATED pairs=16447 evals=2660 1169s
[609819.8] PE_E_T2000_N2880: step 1677 NO_CANDIDATES_GENERATED pairs=16447 evals=2660 1169s
[609819.8] PE_E_T2000_N2880: step 1678 NO_CANDIDATES_GENERATED pairs=16447 evals=2660 1169s
[609819.9] PE_E_T2000_N2880: step 1679 NO_CANDIDATES_GENERATED pairs=16447 evals=2660 1169s
[609819.9] PE_E_T2000_N2880: step 1680 NO_CANDIDATES_GENERATED pairs=16447 evals=2660 1169s
[609820.0] PE_E_T2000_N2880: step 1681 NO_CANDIDATES_GENERATED pairs=16447 evals=2660 1169s
[609820.0] PE_E_T2000_N2880: step 1682 NO_CANDIDATES_GENERATED pairs=16447 evals=2660 1169s
[609820.1] PE_E_T2000_N2880: step 1683 NO_CANDIDATES_GENERATED pairs=16447 evals=2660 1169s
[609820.1] PE_E_T2000_N2880: step 1684 NO_CANDIDATES_GENERATED pairs=16447 evals=2660 1169s
[609820.2] PE_E_T2000_N2880: step 1685 NO_CANDIDATES_GENERATED pairs=16447 evals=2660 1169s
[609820.2] PE_E_T2000_N2880: step 1686 NO_CANDIDATES_GENERATED pairs=16447 evals=2660 1169s
[609820.3] PE_E_T2000_N2880: step 1687 NO_CANDIDATES_GENERATED pairs=16447 evals=2660 1169s
[609820.3] PE_E_T2000_N2880: step 1688 NO_CANDIDATES_GENERATED pairs=16447 evals=2660 1169s
[609820.4] PE_E_T2000_N2880: step 1689 NO_CANDIDATES_GENERATED pairs=16447 evals=2660 1169s
[609820.4] PE_E_T2000_N2880: step 1690 NO_CANDIDATES_GENERATED pairs=16447 evals=2660 1169s
[609820.4] PE_E_T2000_N2880: step 1691 NO_CANDIDATES_GENERATED pairs=16447 evals=2660 1169s
[609820.5] PE_E_T2000_N2880: step 1692 NO_CANDIDATES_GENERATED pairs=16447 evals=2660 1169s
[609820.5] PE_E_T2000_N2880: step 1693 NO_CANDIDATES_GENERATED pairs=16447 evals=2660 1169s
[609820.6] PE_E_T2000_N2880: step 1694 NO_CANDIDATES_GENERATED pairs=16447 evals=2660 1169s
[609820.6] PE_E_T2000_N2880: step 1695 NO_CANDIDATES_GENERATED pairs=16447 evals=2660 1169s
[609820.7] PE_E_T2000_N2880: step 1696 NO_CANDIDATES_GENERATED pairs=16447 evals=2660 1169s
[609820.7] PE_E_T2000_N2880: step 1697 NO_CANDIDATES_GENERATED pairs=16447 evals=2660 1170s
[609824.6] PE_E_T2000_N2880: step 1698 ELEVATED pairs=16434 evals=2676 1173s
[609824.6] PE_E_T2000_N2880: step 1699 NO_CANDIDATES_GENERATED pairs=16434 evals=2676 1173s
[609824.7] PE_E_T2000_N2880: step 1700 NO_CANDIDATES_GENERATED pairs=16434 evals=2676 1173s
[609824.7] PE_E_T2000_N2880: step 1701 NO_CANDIDATES_GENERATED pairs=16434 evals=2676 1174s
[609824.8] PE_E_T2000_N2880: step 1702 NO_CANDIDATES_GENERATED pairs=16434 evals=2676 1174s
[609824.8] PE_E_T2000_N2880: step 1703 NO_CANDIDATES_GENERATED pairs=16434 evals=2676 1174s
[609824.9] PE_E_T2000_N2880: step 1704 NO_CANDIDATES_GENERATED pairs=16434 evals=2676 1174s
[609824.9] PE_E_T2000_N2880: step 1705 NO_CANDIDATES_GENERATED pairs=16434 evals=2676 1174s
[609825.0] PE_E_T2000_N2880: step 1706 NO_CANDIDATES_GENERATED pairs=16434 evals=2676 1174s
[609825.0] PE_E_T2000_N2880: step 1707 NO_CANDIDATES_GENERATED pairs=16434 evals=2676 1174s
[609825.1] PE_E_T2000_N2880: step 1708 NO_CANDIDATES_GENERATED pairs=16434 evals=2676 1174s
[609825.1] PE_E_T2000_N2880: step 1709 NO_CANDIDATES_GENERATED pairs=16434 evals=2676 1174s
[609825.2] PE_E_T2000_N2880: step 1710 NO_CANDIDATES_GENERATED pairs=16434 evals=2676 1174s
[609825.2] PE_E_T2000_N2880: step 1711 NO_CANDIDATES_GENERATED pairs=16434 evals=2676 1174s
[609825.3] PE_E_T2000_N2880: step 1712 NO_CANDIDATES_GENERATED pairs=16434 evals=2676 1174s
[609825.3] PE_E_T2000_N2880: step 1713 NO_CANDIDATES_GENERATED pairs=16434 evals=2676 1174s
[609825.3] PE_E_T2000_N2880: step 1714 NO_CANDIDATES_GENERATED pairs=16434 evals=2676 1174s
[609825.4] PE_E_T2000_N2880: step 1715 NO_CANDIDATES_GENERATED pairs=16434 evals=2676 1174s
[609825.4] PE_E_T2000_N2880: step 1716 NO_CANDIDATES_GENERATED pairs=16434 evals=2676 1174s
[609825.5] PE_E_T2000_N2880: step 1717 NO_CANDIDATES_GENERATED pairs=16434 evals=2676 1174s
[609825.5] PE_E_T2000_N2880: step 1718 NO_CANDIDATES_GENERATED pairs=16434 evals=2676 1174s
[609825.6] PE_E_T2000_N2880: step 1719 NO_CANDIDATES_GENERATED pairs=16434 evals=2676 1174s
[609830.1] PE_E_T2000_N2880: step 1720 ELEVATED pairs=16339 evals=2685 1179s
[609830.1] PE_E_T2000_N2880: step 1721 NO_CANDIDATES_GENERATED pairs=16339 evals=2685 1179s
[609830.2] PE_E_T2000_N2880: step 1722 NO_CANDIDATES_GENERATED pairs=16339 evals=2685 1179s
[609830.2] PE_E_T2000_N2880: step 1723 NO_CANDIDATES_GENERATED pairs=16339 evals=2685 1179s
[609830.3] PE_E_T2000_N2880: step 1724 NO_CANDIDATES_GENERATED pairs=16339 evals=2685 1179s
[609830.3] PE_E_T2000_N2880: step 1725 NO_CANDIDATES_GENERATED pairs=16339 evals=2685 1179s
[609830.3] PE_E_T2000_N2880: step 1726 NO_CANDIDATES_GENERATED pairs=16339 evals=2685 1179s
[609830.4] PE_E_T2000_N2880: step 1727 NO_CANDIDATES_GENERATED pairs=16339 evals=2685 1179s
[609830.4] PE_E_T2000_N2880: step 1728 NO_CANDIDATES_GENERATED pairs=16339 evals=2685 1179s
[609830.5] PE_E_T2000_N2880: step 1729 NO_CANDIDATES_GENERATED pairs=16339 evals=2685 1179s
[609830.5] PE_E_T2000_N2880: step 1730 NO_CANDIDATES_GENERATED pairs=16339 evals=2685 1179s
[609830.6] PE_E_T2000_N2880: step 1731 NO_CANDIDATES_GENERATED pairs=16339 evals=2685 1179s
[609830.6] PE_E_T2000_N2880: step 1732 NO_CANDIDATES_GENERATED pairs=16339 evals=2685 1179s
[609830.7] PE_E_T2000_N2880: step 1733 NO_CANDIDATES_GENERATED pairs=16339 evals=2685 1179s
[609830.7] PE_E_T2000_N2880: step 1734 NO_CANDIDATES_GENERATED pairs=16339 evals=2685 1180s
[609830.8] PE_E_T2000_N2880: step 1735 NO_CANDIDATES_GENERATED pairs=16339 evals=2685 1180s
[609830.8] PE_E_T2000_N2880: step 1736 NO_CANDIDATES_GENERATED pairs=16339 evals=2685 1180s
[609830.9] PE_E_T2000_N2880: step 1737 NO_CANDIDATES_GENERATED pairs=16339 evals=2685 1180s
[609830.9] PE_E_T2000_N2880: step 1738 NO_CANDIDATES_GENERATED pairs=16339 evals=2685 1180s
[609830.9] PE_E_T2000_N2880: step 1739 NO_CANDIDATES_GENERATED pairs=16339 evals=2685 1180s
[609831.0] PE_E_T2000_N2880: step 1740 NO_CANDIDATES_GENERATED pairs=16339 evals=2685 1180s
[609831.0] PE_E_T2000_N2880: step 1741 NO_CANDIDATES_GENERATED pairs=16339 evals=2685 1180s
[609831.1] PE_E_T2000_N2880: step 1742 NO_CANDIDATES_GENERATED pairs=16339 evals=2685 1180s
[609831.1] PE_E_T2000_N2880: step 1743 NO_CANDIDATES_GENERATED pairs=16339 evals=2685 1180s
[609834.9] PE_E_T2000_N2880: step 1744 ELEVATED pairs=16322 evals=2701 1184s
[609834.9] PE_E_T2000_N2880: step 1745 NO_CANDIDATES_GENERATED pairs=16322 evals=2701 1184s
[609835.0] PE_E_T2000_N2880: step 1746 NO_CANDIDATES_GENERATED pairs=16322 evals=2701 1184s
[609835.0] PE_E_T2000_N2880: step 1747 NO_CANDIDATES_GENERATED pairs=16322 evals=2701 1184s
[609835.1] PE_E_T2000_N2880: step 1748 NO_CANDIDATES_GENERATED pairs=16322 evals=2701 1184s
[609835.1] PE_E_T2000_N2880: step 1749 NO_CANDIDATES_GENERATED pairs=16322 evals=2701 1184s
[609835.2] PE_E_T2000_N2880: step 1750 NO_CANDIDATES_GENERATED pairs=16322 evals=2701 1184s
[609835.2] PE_E_T2000_N2880: step 1751 NO_CANDIDATES_GENERATED pairs=16322 evals=2701 1184s
[609835.3] PE_E_T2000_N2880: step 1752 NO_CANDIDATES_GENERATED pairs=16322 evals=2701 1184s
[609835.3] PE_E_T2000_N2880: step 1753 NO_CANDIDATES_GENERATED pairs=16322 evals=2701 1184s
[609835.4] PE_E_T2000_N2880: step 1754 NO_CANDIDATES_GENERATED pairs=16322 evals=2701 1184s
[609835.4] PE_E_T2000_N2880: step 1755 NO_CANDIDATES_GENERATED pairs=16322 evals=2701 1184s
[609835.4] PE_E_T2000_N2880: step 1756 NO_CANDIDATES_GENERATED pairs=16322 evals=2701 1184s
[609835.5] PE_E_T2000_N2880: step 1757 NO_CANDIDATES_GENERATED pairs=16322 evals=2701 1184s
[609835.5] PE_E_T2000_N2880: step 1758 NO_CANDIDATES_GENERATED pairs=16322 evals=2701 1184s
[609835.6] PE_E_T2000_N2880: step 1759 NO_CANDIDATES_GENERATED pairs=16322 evals=2701 1184s
[609835.6] PE_E_T2000_N2880: step 1760 NO_CANDIDATES_GENERATED pairs=16322 evals=2701 1184s
[609835.7] PE_E_T2000_N2880: step 1761 NO_CANDIDATES_GENERATED pairs=16322 evals=2701 1184s
[609835.7] PE_E_T2000_N2880: step 1762 NO_CANDIDATES_GENERATED pairs=16322 evals=2701 1185s
[609835.8] PE_E_T2000_N2880: step 1763 NO_CANDIDATES_GENERATED pairs=16322 evals=2701 1185s
[609835.8] PE_E_T2000_N2880: step 1764 NO_CANDIDATES_GENERATED pairs=16322 evals=2701 1185s
[609835.8] PE_E_T2000_N2880: step 1765 NO_CANDIDATES_GENERATED pairs=16322 evals=2701 1185s
[609835.9] PE_E_T2000_N2880: step 1766 NO_CANDIDATES_GENERATED pairs=16322 evals=2701 1185s
[609835.9] PE_E_T2000_N2880: step 1767 NO_CANDIDATES_GENERATED pairs=16322 evals=2701 1185s
[609849.6] PE_E_T2000_N2880: step 1768 ELEVATED pairs=16235 evals=2717 1198s
[609849.6] PE_E_T2000_N2880: step 1769 NO_CANDIDATES_GENERATED pairs=16235 evals=2717 1198s
[609849.7] PE_E_T2000_N2880: step 1770 NO_CANDIDATES_GENERATED pairs=16235 evals=2717 1199s
[609849.7] PE_E_T2000_N2880: step 1771 NO_CANDIDATES_GENERATED pairs=16235 evals=2717 1199s
[609849.8] PE_E_T2000_N2880: step 1772 NO_CANDIDATES_GENERATED pairs=16235 evals=2717 1199s
[609849.8] PE_E_T2000_N2880: step 1773 NO_CANDIDATES_GENERATED pairs=16235 evals=2717 1199s
[609849.9] PE_E_T2000_N2880: step 1774 NO_CANDIDATES_GENERATED pairs=16235 evals=2717 1199s
[609849.9] PE_E_T2000_N2880: step 1775 NO_CANDIDATES_GENERATED pairs=16235 evals=2717 1199s
[609850.0] PE_E_T2000_N2880: step 1776 NO_CANDIDATES_GENERATED pairs=16235 evals=2717 1199s
[609850.0] PE_E_T2000_N2880: step 1777 NO_CANDIDATES_GENERATED pairs=16235 evals=2717 1199s
[609850.0] PE_E_T2000_N2880: step 1778 NO_CANDIDATES_GENERATED pairs=16235 evals=2717 1199s
[609850.1] PE_E_T2000_N2880: step 1779 NO_CANDIDATES_GENERATED pairs=16235 evals=2717 1199s
[609850.1] PE_E_T2000_N2880: step 1780 NO_CANDIDATES_GENERATED pairs=16235 evals=2717 1199s
[609850.2] PE_E_T2000_N2880: step 1781 NO_CANDIDATES_GENERATED pairs=16235 evals=2717 1199s
[609850.2] PE_E_T2000_N2880: step 1782 NO_CANDIDATES_GENERATED pairs=16235 evals=2717 1199s
[609850.3] PE_E_T2000_N2880: step 1783 NO_CANDIDATES_GENERATED pairs=16235 evals=2717 1199s
[609850.3] PE_E_T2000_N2880: step 1784 NO_CANDIDATES_GENERATED pairs=16235 evals=2717 1199s
[609850.4] PE_E_T2000_N2880: step 1785 NO_CANDIDATES_GENERATED pairs=16235 evals=2717 1199s
[609850.4] PE_E_T2000_N2880: step 1786 NO_CANDIDATES_GENERATED pairs=16235 evals=2717 1199s
[609850.5] PE_E_T2000_N2880: step 1787 NO_CANDIDATES_GENERATED pairs=16235 evals=2717 1199s
[609850.5] PE_E_T2000_N2880: step 1788 NO_CANDIDATES_GENERATED pairs=16235 evals=2717 1199s
[609850.5] PE_E_T2000_N2880: step 1789 NO_CANDIDATES_GENERATED pairs=16235 evals=2717 1199s
[609850.6] PE_E_T2000_N2880: step 1790 NO_CANDIDATES_GENERATED pairs=16235 evals=2717 1199s
[609850.6] PE_E_T2000_N2880: step 1791 NO_CANDIDATES_GENERATED pairs=16235 evals=2717 1199s
[609853.1] PE_E_T2000_N2880: step 1792 ELEVATED pairs=16199 evals=2733 1202s
[609853.1] PE_E_T2000_N2880: step 1793 NO_CANDIDATES_GENERATED pairs=16199 evals=2733 1202s
[609853.2] PE_E_T2000_N2880: step 1794 NO_CANDIDATES_GENERATED pairs=16199 evals=2733 1202s
[609853.2] PE_E_T2000_N2880: step 1795 NO_CANDIDATES_GENERATED pairs=16199 evals=2733 1202s
[609853.2] PE_E_T2000_N2880: step 1796 NO_CANDIDATES_GENERATED pairs=16199 evals=2733 1202s
[609853.3] PE_E_T2000_N2880: step 1797 NO_CANDIDATES_GENERATED pairs=16199 evals=2733 1202s
[609853.3] PE_E_T2000_N2880: step 1798 NO_CANDIDATES_GENERATED pairs=16199 evals=2733 1202s
[609853.4] PE_E_T2000_N2880: step 1799 NO_CANDIDATES_GENERATED pairs=16199 evals=2733 1202s
[609853.4] PE_E_T2000_N2880: step 1800 NO_CANDIDATES_GENERATED pairs=16199 evals=2733 1202s
[609853.5] PE_E_T2000_N2880: step 1801 NO_CANDIDATES_GENERATED pairs=16199 evals=2733 1202s
[609853.5] PE_E_T2000_N2880: step 1802 NO_CANDIDATES_GENERATED pairs=16199 evals=2733 1202s
[609853.6] PE_E_T2000_N2880: step 1803 NO_CANDIDATES_GENERATED pairs=16199 evals=2733 1202s
[609853.6] PE_E_T2000_N2880: step 1804 NO_CANDIDATES_GENERATED pairs=16199 evals=2733 1202s
[609853.7] PE_E_T2000_N2880: step 1805 NO_CANDIDATES_GENERATED pairs=16199 evals=2733 1202s
[609853.7] PE_E_T2000_N2880: step 1806 NO_CANDIDATES_GENERATED pairs=16199 evals=2733 1203s
[609853.7] PE_E_T2000_N2880: step 1807 NO_CANDIDATES_GENERATED pairs=16199 evals=2733 1203s
[609853.8] PE_E_T2000_N2880: step 1808 NO_CANDIDATES_GENERATED pairs=16199 evals=2733 1203s
[609853.8] PE_E_T2000_N2880: step 1809 NO_CANDIDATES_GENERATED pairs=16199 evals=2733 1203s
[609853.9] PE_E_T2000_N2880: step 1810 NO_CANDIDATES_GENERATED pairs=16199 evals=2733 1203s
[609853.9] PE_E_T2000_N2880: step 1811 NO_CANDIDATES_GENERATED pairs=16199 evals=2733 1203s
[609854.0] PE_E_T2000_N2880: step 1812 NO_CANDIDATES_GENERATED pairs=16199 evals=2733 1203s
[609854.0] PE_E_T2000_N2880: step 1813 NO_CANDIDATES_GENERATED pairs=16199 evals=2733 1203s
[609872.0] PE_E_T2000_N2880: step 1814 ELEVATED pairs=16137 evals=2749 1221s
[609872.0] PE_E_T2000_N2880: step 1815 NO_CANDIDATES_GENERATED pairs=16137 evals=2749 1221s
[609872.1] PE_E_T2000_N2880: step 1816 NO_CANDIDATES_GENERATED pairs=16137 evals=2749 1221s
[609872.1] PE_E_T2000_N2880: step 1817 NO_CANDIDATES_GENERATED pairs=16137 evals=2749 1221s
[609872.2] PE_E_T2000_N2880: step 1818 NO_CANDIDATES_GENERATED pairs=16137 evals=2749 1221s
[609872.2] PE_E_T2000_N2880: step 1819 NO_CANDIDATES_GENERATED pairs=16137 evals=2749 1221s
[609872.3] PE_E_T2000_N2880: step 1820 NO_CANDIDATES_GENERATED pairs=16137 evals=2749 1221s
[609872.3] PE_E_T2000_N2880: step 1821 NO_CANDIDATES_GENERATED pairs=16137 evals=2749 1221s
[609872.4] PE_E_T2000_N2880: step 1822 NO_CANDIDATES_GENERATED pairs=16137 evals=2749 1221s
[609872.4] PE_E_T2000_N2880: step 1823 NO_CANDIDATES_GENERATED pairs=16137 evals=2749 1221s
[609872.5] PE_E_T2000_N2880: step 1824 NO_CANDIDATES_GENERATED pairs=16137 evals=2749 1221s
[609872.5] PE_E_T2000_N2880: step 1825 NO_CANDIDATES_GENERATED pairs=16137 evals=2749 1221s
[609872.6] PE_E_T2000_N2880: step 1826 NO_CANDIDATES_GENERATED pairs=16137 evals=2749 1221s
[609872.6] PE_E_T2000_N2880: step 1827 NO_CANDIDATES_GENERATED pairs=16137 evals=2749 1221s
[609872.7] PE_E_T2000_N2880: step 1828 NO_CANDIDATES_GENERATED pairs=16137 evals=2749 1221s
[609872.7] PE_E_T2000_N2880: step 1829 NO_CANDIDATES_GENERATED pairs=16137 evals=2749 1222s
[609872.8] PE_E_T2000_N2880: step 1830 NO_CANDIDATES_GENERATED pairs=16137 evals=2749 1222s
[609872.8] PE_E_T2000_N2880: step 1831 NO_CANDIDATES_GENERATED pairs=16137 evals=2749 1222s
[609872.9] PE_E_T2000_N2880: step 1832 NO_CANDIDATES_GENERATED pairs=16137 evals=2749 1222s
[609872.9] PE_E_T2000_N2880: step 1833 NO_CANDIDATES_GENERATED pairs=16137 evals=2749 1222s
[609873.0] PE_E_T2000_N2880: step 1834 NO_CANDIDATES_GENERATED pairs=16137 evals=2749 1222s
[609873.0] PE_E_T2000_N2880: step 1835 NO_CANDIDATES_GENERATED pairs=16137 evals=2749 1222s
[609873.1] PE_E_T2000_N2880: step 1836 NO_CANDIDATES_GENERATED pairs=16137 evals=2749 1222s
[609877.4] PE_E_T2000_N2880: step 1837 ELEVATED pairs=16080 evals=2765 1226s
[609877.4] PE_E_T2000_N2880: step 1838 NO_CANDIDATES_GENERATED pairs=16080 evals=2765 1226s
[609877.5] PE_E_T2000_N2880: step 1839 NO_CANDIDATES_GENERATED pairs=16080 evals=2765 1226s
[609877.6] PE_E_T2000_N2880: step 1840 NO_CANDIDATES_GENERATED pairs=16080 evals=2765 1226s
[609877.6] PE_E_T2000_N2880: step 1841 NO_CANDIDATES_GENERATED pairs=16080 evals=2765 1226s
[609877.7] PE_E_T2000_N2880: step 1842 NO_CANDIDATES_GENERATED pairs=16080 evals=2765 1227s
[609877.8] PE_E_T2000_N2880: step 1843 NO_CANDIDATES_GENERATED pairs=16080 evals=2765 1227s
[609877.8] PE_E_T2000_N2880: step 1844 NO_CANDIDATES_GENERATED pairs=16080 evals=2765 1227s
[609877.9] PE_E_T2000_N2880: step 1845 NO_CANDIDATES_GENERATED pairs=16080 evals=2765 1227s
[609877.9] PE_E_T2000_N2880: step 1846 NO_CANDIDATES_GENERATED pairs=16080 evals=2765 1227s
[609878.0] PE_E_T2000_N2880: step 1847 NO_CANDIDATES_GENERATED pairs=16080 evals=2765 1227s
[609878.0] PE_E_T2000_N2880: step 1848 NO_CANDIDATES_GENERATED pairs=16080 evals=2765 1227s
[609878.0] PE_E_T2000_N2880: step 1849 NO_CANDIDATES_GENERATED pairs=16080 evals=2765 1227s
[609878.1] PE_E_T2000_N2880: step 1850 NO_CANDIDATES_GENERATED pairs=16080 evals=2765 1227s
[609878.1] PE_E_T2000_N2880: step 1851 NO_CANDIDATES_GENERATED pairs=16080 evals=2765 1227s
[609878.2] PE_E_T2000_N2880: step 1852 NO_CANDIDATES_GENERATED pairs=16080 evals=2765 1227s
[609878.2] PE_E_T2000_N2880: step 1853 NO_CANDIDATES_GENERATED pairs=16080 evals=2765 1227s
[609878.3] PE_E_T2000_N2880: step 1854 NO_CANDIDATES_GENERATED pairs=16080 evals=2765 1227s
[609878.3] PE_E_T2000_N2880: step 1855 NO_CANDIDATES_GENERATED pairs=16080 evals=2765 1227s
[609878.4] PE_E_T2000_N2880: step 1856 NO_CANDIDATES_GENERATED pairs=16080 evals=2765 1227s
[609878.4] PE_E_T2000_N2880: step 1857 NO_CANDIDATES_GENERATED pairs=16080 evals=2765 1227s
[609878.5] PE_E_T2000_N2880: step 1858 NO_CANDIDATES_GENERATED pairs=16080 evals=2765 1227s
[609878.5] PE_E_T2000_N2880: step 1859 NO_CANDIDATES_GENERATED pairs=16080 evals=2765 1227s
[609882.5] PE_E_T2000_N2880: step 1860 PREFIX_EVALUATED_NO_WINNER_DEFERRED pairs=16080 evals=2781 1231s
[609886.5] PE_E_T2000_N2880: step 1861 PREFIX_EVALUATED_NO_WINNER_DEFERRED pairs=16080 evals=2797 1235s
[609890.4] PE_E_T2000_N2880: step 1862 PREFIX_EVALUATED_NO_WINNER_DEFERRED pairs=16080 evals=2813 1239s
[609894.3] PE_E_T2000_N2880: step 1863 PREFIX_EVALUATED_NO_WINNER_DEFERRED pairs=16080 evals=2829 1243s
[609898.0] PE_E_T2000_N2880: step 1864 ELEVATED pairs=16049 evals=2845 1247s
[609898.0] PE_E_T2000_N2880: step 1865 NO_CANDIDATES_GENERATED pairs=16049 evals=2845 1247s
[609898.1] PE_E_T2000_N2880: step 1866 NO_CANDIDATES_GENERATED pairs=16049 evals=2845 1247s
[609898.2] PE_E_T2000_N2880: step 1867 NO_CANDIDATES_GENERATED pairs=16049 evals=2845 1247s
[609898.3] PE_E_T2000_N2880: step 1868 NO_CANDIDATES_GENERATED pairs=16049 evals=2845 1247s
[609898.3] PE_E_T2000_N2880: step 1869 NO_CANDIDATES_GENERATED pairs=16049 evals=2845 1247s
[609898.4] PE_E_T2000_N2880: step 1870 NO_CANDIDATES_GENERATED pairs=16049 evals=2845 1247s
[609898.5] PE_E_T2000_N2880: step 1871 NO_CANDIDATES_GENERATED pairs=16049 evals=2845 1247s
[609898.5] PE_E_T2000_N2880: step 1872 NO_CANDIDATES_GENERATED pairs=16049 evals=2845 1247s
[609898.6] PE_E_T2000_N2880: step 1873 NO_CANDIDATES_GENERATED pairs=16049 evals=2845 1247s
[609898.7] PE_E_T2000_N2880: step 1874 NO_CANDIDATES_GENERATED pairs=16049 evals=2845 1248s
[609898.8] PE_E_T2000_N2880: step 1875 NO_CANDIDATES_GENERATED pairs=16049 evals=2845 1248s
[609898.8] PE_E_T2000_N2880: step 1876 NO_CANDIDATES_GENERATED pairs=16049 evals=2845 1248s
[609898.9] PE_E_T2000_N2880: step 1877 NO_CANDIDATES_GENERATED pairs=16049 evals=2845 1248s
[609899.0] PE_E_T2000_N2880: step 1878 NO_CANDIDATES_GENERATED pairs=16049 evals=2845 1248s
[609899.0] PE_E_T2000_N2880: step 1879 NO_CANDIDATES_GENERATED pairs=16049 evals=2845 1248s
[609899.1] PE_E_T2000_N2880: step 1880 NO_CANDIDATES_GENERATED pairs=16049 evals=2845 1248s
[609899.2] PE_E_T2000_N2880: step 1881 NO_CANDIDATES_GENERATED pairs=16049 evals=2845 1248s
[609899.2] PE_E_T2000_N2880: step 1882 NO_CANDIDATES_GENERATED pairs=16049 evals=2845 1248s
[609899.3] PE_E_T2000_N2880: step 1883 NO_CANDIDATES_GENERATED pairs=16049 evals=2845 1248s
[609899.4] PE_E_T2000_N2880: step 1884 NO_CANDIDATES_GENERATED pairs=16049 evals=2845 1248s
[609899.4] PE_E_T2000_N2880: step 1885 NO_CANDIDATES_GENERATED pairs=16049 evals=2845 1248s
[609899.5] PE_E_T2000_N2880: step 1886 NO_CANDIDATES_GENERATED pairs=16049 evals=2845 1248s
[609904.2] PE_E_T2000_N2880: step 1887 ELEVATED pairs=15992 evals=2861 1253s
[609904.2] PE_E_T2000_N2880: step 1888 NO_CANDIDATES_GENERATED pairs=15992 evals=2861 1253s
[609904.3] PE_E_T2000_N2880: step 1889 NO_CANDIDATES_GENERATED pairs=15992 evals=2861 1253s
[609904.4] PE_E_T2000_N2880: step 1890 NO_CANDIDATES_GENERATED pairs=15992 evals=2861 1253s
[609904.4] PE_E_T2000_N2880: step 1891 NO_CANDIDATES_GENERATED pairs=15992 evals=2861 1253s
[609904.5] PE_E_T2000_N2880: step 1892 NO_CANDIDATES_GENERATED pairs=15992 evals=2861 1253s
[609904.6] PE_E_T2000_N2880: step 1893 NO_CANDIDATES_GENERATED pairs=15992 evals=2861 1253s
[609904.6] PE_E_T2000_N2880: step 1894 NO_CANDIDATES_GENERATED pairs=15992 evals=2861 1253s
[609904.7] PE_E_T2000_N2880: step 1895 NO_CANDIDATES_GENERATED pairs=15992 evals=2861 1254s
[609904.8] PE_E_T2000_N2880: step 1896 NO_CANDIDATES_GENERATED pairs=15992 evals=2861 1254s
[609904.8] PE_E_T2000_N2880: step 1897 NO_CANDIDATES_GENERATED pairs=15992 evals=2861 1254s
[609904.9] PE_E_T2000_N2880: step 1898 NO_CANDIDATES_GENERATED pairs=15992 evals=2861 1254s
[609905.0] PE_E_T2000_N2880: step 1899 NO_CANDIDATES_GENERATED pairs=15992 evals=2861 1254s
[609905.1] PE_E_T2000_N2880: step 1900 NO_CANDIDATES_GENERATED pairs=15992 evals=2861 1254s
[609905.1] PE_E_T2000_N2880: step 1901 NO_CANDIDATES_GENERATED pairs=15992 evals=2861 1254s
[609905.2] PE_E_T2000_N2880: step 1902 NO_CANDIDATES_GENERATED pairs=15992 evals=2861 1254s
[609905.3] PE_E_T2000_N2880: step 1903 NO_CANDIDATES_GENERATED pairs=15992 evals=2861 1254s
[609905.3] PE_E_T2000_N2880: step 1904 NO_CANDIDATES_GENERATED pairs=15992 evals=2861 1254s
[609905.4] PE_E_T2000_N2880: step 1905 NO_CANDIDATES_GENERATED pairs=15992 evals=2861 1254s
[609905.5] PE_E_T2000_N2880: step 1906 NO_CANDIDATES_GENERATED pairs=15992 evals=2861 1254s
[609905.5] PE_E_T2000_N2880: step 1907 NO_CANDIDATES_GENERATED pairs=15992 evals=2861 1254s
[609905.6] PE_E_T2000_N2880: step 1908 NO_CANDIDATES_GENERATED pairs=15992 evals=2861 1254s
[609905.7] PE_E_T2000_N2880: step 1909 NO_CANDIDATES_GENERATED pairs=15992 evals=2861 1254s
[609910.4] PE_E_T2000_N2880: step 1910 ELEVATED pairs=15935 evals=2877 1259s
[609910.5] PE_E_T2000_N2880: step 1911 NO_CANDIDATES_GENERATED pairs=15935 evals=2877 1259s
[609910.6] PE_E_T2000_N2880: step 1912 NO_CANDIDATES_GENERATED pairs=15935 evals=2877 1259s
[609910.6] PE_E_T2000_N2880: step 1913 NO_CANDIDATES_GENERATED pairs=15935 evals=2877 1259s
[609910.7] PE_E_T2000_N2880: step 1914 NO_CANDIDATES_GENERATED pairs=15935 evals=2877 1260s
[609910.8] PE_E_T2000_N2880: step 1915 NO_CANDIDATES_GENERATED pairs=15935 evals=2877 1260s
[609910.9] PE_E_T2000_N2880: step 1916 NO_CANDIDATES_GENERATED pairs=15935 evals=2877 1260s
[609910.9] PE_E_T2000_N2880: step 1917 NO_CANDIDATES_GENERATED pairs=15935 evals=2877 1260s
[609911.0] PE_E_T2000_N2880: step 1918 NO_CANDIDATES_GENERATED pairs=15935 evals=2877 1260s
[609911.1] PE_E_T2000_N2880: step 1919 NO_CANDIDATES_GENERATED pairs=15935 evals=2877 1260s
[609911.1] PE_E_T2000_N2880: step 1920 NO_CANDIDATES_GENERATED pairs=15935 evals=2877 1260s
[609911.2] PE_E_T2000_N2880: step 1921 NO_CANDIDATES_GENERATED pairs=15935 evals=2877 1260s
[609911.3] PE_E_T2000_N2880: step 1922 NO_CANDIDATES_GENERATED pairs=15935 evals=2877 1260s
[609911.3] PE_E_T2000_N2880: step 1923 NO_CANDIDATES_GENERATED pairs=15935 evals=2877 1260s
[609911.4] PE_E_T2000_N2880: step 1924 NO_CANDIDATES_GENERATED pairs=15935 evals=2877 1260s
[609911.5] PE_E_T2000_N2880: step 1925 NO_CANDIDATES_GENERATED pairs=15935 evals=2877 1260s
[609911.5] PE_E_T2000_N2880: step 1926 NO_CANDIDATES_GENERATED pairs=15935 evals=2877 1260s
[609911.6] PE_E_T2000_N2880: step 1927 NO_CANDIDATES_GENERATED pairs=15935 evals=2877 1260s
[609911.7] PE_E_T2000_N2880: step 1928 NO_CANDIDATES_GENERATED pairs=15935 evals=2877 1260s
[609911.8] PE_E_T2000_N2880: step 1929 NO_CANDIDATES_GENERATED pairs=15935 evals=2877 1261s
[609911.8] PE_E_T2000_N2880: step 1930 NO_CANDIDATES_GENERATED pairs=15935 evals=2877 1261s
[609911.9] PE_E_T2000_N2880: step 1931 NO_CANDIDATES_GENERATED pairs=15935 evals=2877 1261s
[609912.0] PE_E_T2000_N2880: step 1932 NO_CANDIDATES_GENERATED pairs=15935 evals=2877 1261s
[609913.1] PE_E_T2000_N2880: step 1933 ABORTED_CANDIDATE_BUDGET pairs=15935 evals=2880 1262s
[609913.4] PE_E_T2000_N2880: done final=15935 moves=185 first=185 reloc=0 ret=0 evals=2880 stop=CANDIDATE_BUDGET_EXHAUSTED
[609976.6] PE_E_T2000_N2880: recheck PASS checks=130816
GROUP DONE PE_E_T2000_N2880 PASS
