start-state rescan (main) ...
  main PASS pairs=42909 unresolved=3 elevated=24
[608647.1] PE_E_T2000_R2880: start mode=R budget=2880 spec={"name": "PE_E_T2000", "target_policy": "LEGACY", "evaluation_policy": "E2_ORDERED_K16", "traversal_policy": "BASE", "max_targets": 2000, "k_per_target": 16, "family_round_robin": false, "relocation_side_reserve": 0, "waiting_age": false, "route_coverage": false, "multi_anchor": true, "exact_dedup": false, "decision_cache": false, "return_action": false, "cache_structural_skips": false, "window_slack_mm": 1e-05, "generation_domain": "LINE_ONLY", "path_window_settings": null, "stage_length_cap_mm": null, "notes": ""}
[608647.1] PE_E_T2000_R2880: start state=main C:\Users\lihao\Desktop\Graduation Project\OpticalWaveguideRouter3D\outputs\3d_strategy_v3\512_ablation\D_both_enabled pairs=42909
[608651.2] PE_E_T2000_R2880: INITIAL_DONE pairs=42909
[608651.4] PE_E_T2000_R2880: step 1 NO_CANDIDATES_GENERATED pairs=42909 evals=0 0s
[608651.6] PE_E_T2000_R2880: step 2 NO_CANDIDATES_GENERATED pairs=42909 evals=0 0s
[608655.2] PE_E_T2000_R2880: step 3 ELEVATED pairs=42648 evals=16 4s
[608655.4] PE_E_T2000_R2880: step 4 NO_CANDIDATES_GENERATED pairs=42648 evals=16 4s
[608655.5] PE_E_T2000_R2880: step 5 NO_CANDIDATES_GENERATED pairs=42648 evals=16 4s
[608658.9] PE_E_T2000_R2880: step 6 ELEVATED pairs=42403 evals=25 8s
[608659.1] PE_E_T2000_R2880: step 7 NO_CANDIDATES_GENERATED pairs=42403 evals=25 8s
[608659.2] PE_E_T2000_R2880: step 8 NO_CANDIDATES_GENERATED pairs=42403 evals=25 8s
[608662.1] PE_E_T2000_R2880: step 9 ELEVATED pairs=42161 evals=34 11s
[608662.3] PE_E_T2000_R2880: step 10 NO_CANDIDATES_GENERATED pairs=42161 evals=34 11s
[608662.4] PE_E_T2000_R2880: step 11 NO_CANDIDATES_GENERATED pairs=42161 evals=34 11s
[608665.3] PE_E_T2000_R2880: step 12 ELEVATED pairs=41921 evals=43 14s
[608665.5] PE_E_T2000_R2880: step 13 NO_CANDIDATES_GENERATED pairs=41921 evals=43 14s
[608665.7] PE_E_T2000_R2880: step 14 NO_CANDIDATES_GENERATED pairs=41921 evals=43 14s
[608668.9] PE_E_T2000_R2880: step 15 ELEVATED pairs=41683 evals=52 18s
[608669.0] PE_E_T2000_R2880: step 16 NO_CANDIDATES_GENERATED pairs=41683 evals=52 18s
[608669.2] PE_E_T2000_R2880: step 17 NO_CANDIDATES_GENERATED pairs=41683 evals=52 18s
[608675.9] PE_E_T2000_R2880: step 18 ELEVATED pairs=41434 evals=68 25s
[608676.0] PE_E_T2000_R2880: step 19 NO_CANDIDATES_GENERATED pairs=41434 evals=68 25s
[608676.2] PE_E_T2000_R2880: step 20 NO_CANDIDATES_GENERATED pairs=41434 evals=68 25s
[608683.3] PE_E_T2000_R2880: step 21 ELEVATED pairs=41184 evals=84 32s
[608683.5] PE_E_T2000_R2880: step 22 NO_CANDIDATES_GENERATED pairs=41184 evals=84 32s
[608683.7] PE_E_T2000_R2880: step 23 NO_CANDIDATES_GENERATED pairs=41184 evals=84 32s
[608691.0] PE_E_T2000_R2880: step 24 ELEVATED pairs=40937 evals=100 40s
[608691.1] PE_E_T2000_R2880: step 25 NO_CANDIDATES_GENERATED pairs=40937 evals=100 40s
[608691.3] PE_E_T2000_R2880: step 26 NO_CANDIDATES_GENERATED pairs=40937 evals=100 40s
[608698.0] PE_E_T2000_R2880: step 27 ELEVATED pairs=40689 evals=116 47s
[608698.2] PE_E_T2000_R2880: step 28 NO_CANDIDATES_GENERATED pairs=40689 evals=116 47s
[608698.3] PE_E_T2000_R2880: step 29 NO_CANDIDATES_GENERATED pairs=40689 evals=116 47s
[608703.9] PE_E_T2000_R2880: step 30 ELEVATED pairs=40444 evals=132 53s
[608704.0] PE_E_T2000_R2880: step 31 NO_CANDIDATES_GENERATED pairs=40444 evals=132 53s
[608704.2] PE_E_T2000_R2880: step 32 NO_CANDIDATES_GENERATED pairs=40444 evals=132 53s
[608710.9] PE_E_T2000_R2880: step 33 ELEVATED pairs=40198 evals=148 60s
[608711.0] PE_E_T2000_R2880: step 34 NO_CANDIDATES_GENERATED pairs=40198 evals=148 60s
[608711.2] PE_E_T2000_R2880: step 35 NO_CANDIDATES_GENERATED pairs=40198 evals=148 60s
[608716.5] PE_E_T2000_R2880: step 36 ELEVATED pairs=39951 evals=164 65s
[608716.7] PE_E_T2000_R2880: step 37 NO_CANDIDATES_GENERATED pairs=39951 evals=164 65s
[608716.9] PE_E_T2000_R2880: step 38 NO_CANDIDATES_GENERATED pairs=39951 evals=164 66s
[608721.2] PE_E_T2000_R2880: step 39 ELEVATED pairs=39725 evals=173 70s
[608721.3] PE_E_T2000_R2880: step 40 NO_CANDIDATES_GENERATED pairs=39725 evals=173 70s
[608721.5] PE_E_T2000_R2880: step 41 NO_CANDIDATES_GENERATED pairs=39725 evals=173 70s
[608725.8] PE_E_T2000_R2880: step 42 ELEVATED pairs=39501 evals=182 74s
[608725.9] PE_E_T2000_R2880: step 43 NO_CANDIDATES_GENERATED pairs=39501 evals=182 75s
[608726.0] PE_E_T2000_R2880: step 44 NO_CANDIDATES_GENERATED pairs=39501 evals=182 75s
[608728.8] PE_E_T2000_R2880: step 45 ELEVATED pairs=39283 evals=191 77s
[608728.9] PE_E_T2000_R2880: step 46 NO_CANDIDATES_GENERATED pairs=39283 evals=191 78s
[608729.0] PE_E_T2000_R2880: step 47 NO_CANDIDATES_GENERATED pairs=39283 evals=191 78s
[608734.8] PE_E_T2000_R2880: step 48 ELEVATED pairs=39034 evals=207 83s
[608734.9] PE_E_T2000_R2880: step 49 NO_CANDIDATES_GENERATED pairs=39034 evals=207 84s
[608735.0] PE_E_T2000_R2880: step 50 NO_CANDIDATES_GENERATED pairs=39034 evals=207 84s
[608737.2] PE_E_T2000_R2880: step 51 ELEVATED pairs=38813 evals=216 86s
[608737.4] PE_E_T2000_R2880: step 52 NO_CANDIDATES_GENERATED pairs=38813 evals=216 86s
[608737.5] PE_E_T2000_R2880: step 53 NO_CANDIDATES_GENERATED pairs=38813 evals=216 86s
[608740.8] PE_E_T2000_R2880: step 54 ELEVATED pairs=38586 evals=232 90s
[608741.0] PE_E_T2000_R2880: step 55 NO_CANDIDATES_GENERATED pairs=38586 evals=232 90s
[608741.2] PE_E_T2000_R2880: step 56 NO_CANDIDATES_GENERATED pairs=38586 evals=232 90s
[608744.5] PE_E_T2000_R2880: step 57 ELEVATED pairs=38370 evals=241 93s
[608744.7] PE_E_T2000_R2880: step 58 NO_CANDIDATES_GENERATED pairs=38370 evals=241 93s
[608744.8] PE_E_T2000_R2880: step 59 NO_CANDIDATES_GENERATED pairs=38370 evals=241 93s
[608750.7] PE_E_T2000_R2880: step 60 ELEVATED pairs=38142 evals=257 99s
[608750.8] PE_E_T2000_R2880: step 61 NO_CANDIDATES_GENERATED pairs=38142 evals=257 99s
[608751.0] PE_E_T2000_R2880: step 62 NO_CANDIDATES_GENERATED pairs=38142 evals=257 100s
[608753.6] PE_E_T2000_R2880: step 63 ELEVATED pairs=37928 evals=266 102s
[608753.8] PE_E_T2000_R2880: step 64 NO_CANDIDATES_GENERATED pairs=37928 evals=266 102s
[608753.9] PE_E_T2000_R2880: step 65 NO_CANDIDATES_GENERATED pairs=37928 evals=266 103s
[608759.5] PE_E_T2000_R2880: step 66 ELEVATED pairs=37702 evals=282 108s
[608759.7] PE_E_T2000_R2880: step 67 NO_CANDIDATES_GENERATED pairs=37702 evals=282 108s
[608759.8] PE_E_T2000_R2880: step 68 NO_CANDIDATES_GENERATED pairs=37702 evals=282 108s
[608762.3] PE_E_T2000_R2880: step 69 ELEVATED pairs=37490 evals=291 111s
[608762.4] PE_E_T2000_R2880: step 70 NO_CANDIDATES_GENERATED pairs=37490 evals=291 111s
[608762.6] PE_E_T2000_R2880: step 71 NO_CANDIDATES_GENERATED pairs=37490 evals=291 111s
[608768.1] PE_E_T2000_R2880: step 72 ELEVATED pairs=37265 evals=307 117s
[608768.3] PE_E_T2000_R2880: step 73 NO_CANDIDATES_GENERATED pairs=37265 evals=307 117s
[608768.4] PE_E_T2000_R2880: step 74 NO_CANDIDATES_GENERATED pairs=37265 evals=307 117s
[608777.0] PE_E_T2000_R2880: step 75 ELEVATED pairs=37052 evals=323 126s
[608777.2] PE_E_T2000_R2880: step 76 NO_CANDIDATES_GENERATED pairs=37052 evals=323 126s
[608777.3] PE_E_T2000_R2880: step 77 NO_CANDIDATES_GENERATED pairs=37052 evals=323 126s
[608780.6] PE_E_T2000_R2880: step 78 ELEVATED pairs=36852 evals=332 129s
[608780.8] PE_E_T2000_R2880: step 79 NO_CANDIDATES_GENERATED pairs=36852 evals=332 129s
[608780.9] PE_E_T2000_R2880: step 80 NO_CANDIDATES_GENERATED pairs=36852 evals=332 130s
[608781.1] PE_E_T2000_R2880: step 81 NO_CANDIDATES_GENERATED pairs=36852 evals=332 130s
[608789.2] PE_E_T2000_R2880: step 82 ELEVATED pairs=36638 evals=348 138s
[608789.3] PE_E_T2000_R2880: step 83 NO_CANDIDATES_GENERATED pairs=36638 evals=348 138s
[608789.5] PE_E_T2000_R2880: step 84 NO_CANDIDATES_GENERATED pairs=36638 evals=348 138s
[608789.6] PE_E_T2000_R2880: step 85 NO_CANDIDATES_GENERATED pairs=36638 evals=348 138s
[608796.2] PE_E_T2000_R2880: step 86 ELEVATED pairs=36437 evals=364 145s
[608796.3] PE_E_T2000_R2880: step 87 NO_CANDIDATES_GENERATED pairs=36437 evals=364 145s
[608796.5] PE_E_T2000_R2880: step 88 NO_CANDIDATES_GENERATED pairs=36437 evals=364 145s
[608796.6] PE_E_T2000_R2880: step 89 NO_CANDIDATES_GENERATED pairs=36437 evals=364 145s
[608796.8] PE_E_T2000_R2880: step 90 NO_CANDIDATES_GENERATED pairs=36437 evals=364 145s
[608796.9] PE_E_T2000_R2880: step 91 NO_CANDIDATES_GENERATED pairs=36437 evals=364 146s
[608802.6] PE_E_T2000_R2880: step 92 ELEVATED pairs=36235 evals=380 151s
[608802.7] PE_E_T2000_R2880: step 93 NO_CANDIDATES_GENERATED pairs=36235 evals=380 151s
[608802.8] PE_E_T2000_R2880: step 94 NO_CANDIDATES_GENERATED pairs=36235 evals=380 151s
[608802.9] PE_E_T2000_R2880: step 95 NO_CANDIDATES_GENERATED pairs=36235 evals=380 152s
[608803.0] PE_E_T2000_R2880: step 96 NO_CANDIDATES_GENERATED pairs=36235 evals=380 152s
[608803.2] PE_E_T2000_R2880: step 97 NO_CANDIDATES_GENERATED pairs=36235 evals=380 152s
[608807.0] PE_E_T2000_R2880: step 98 ELEVATED pairs=36026 evals=396 156s
[608807.2] PE_E_T2000_R2880: step 99 NO_CANDIDATES_GENERATED pairs=36026 evals=396 156s
[608807.3] PE_E_T2000_R2880: step 100 NO_CANDIDATES_GENERATED pairs=36026 evals=396 156s
[608807.4] PE_E_T2000_R2880: step 101 NO_CANDIDATES_GENERATED pairs=36026 evals=396 156s
[608807.6] PE_E_T2000_R2880: step 102 NO_CANDIDATES_GENERATED pairs=36026 evals=396 156s
[608807.7] PE_E_T2000_R2880: step 103 NO_CANDIDATES_GENERATED pairs=36026 evals=396 156s
[608811.9] PE_E_T2000_R2880: step 104 ELEVATED pairs=35817 evals=412 161s
[608812.0] PE_E_T2000_R2880: step 105 NO_CANDIDATES_GENERATED pairs=35817 evals=412 161s
[608812.2] PE_E_T2000_R2880: step 106 NO_CANDIDATES_GENERATED pairs=35817 evals=412 161s
[608812.3] PE_E_T2000_R2880: step 107 NO_CANDIDATES_GENERATED pairs=35817 evals=412 161s
[608812.5] PE_E_T2000_R2880: step 108 NO_CANDIDATES_GENERATED pairs=35817 evals=412 161s
[608812.6] PE_E_T2000_R2880: step 109 NO_CANDIDATES_GENERATED pairs=35817 evals=412 161s
[608820.0] PE_E_T2000_R2880: step 110 ELEVATED pairs=35591 evals=428 169s
[608820.2] PE_E_T2000_R2880: step 111 NO_CANDIDATES_GENERATED pairs=35591 evals=428 169s
[608820.4] PE_E_T2000_R2880: step 112 NO_CANDIDATES_GENERATED pairs=35591 evals=428 169s
[608820.6] PE_E_T2000_R2880: step 113 NO_CANDIDATES_GENERATED pairs=35591 evals=428 169s
[608820.7] PE_E_T2000_R2880: step 114 NO_CANDIDATES_GENERATED pairs=35591 evals=428 169s
[608820.9] PE_E_T2000_R2880: step 115 NO_CANDIDATES_GENERATED pairs=35591 evals=428 170s
[608829.6] PE_E_T2000_R2880: step 116 ELEVATED pairs=35382 evals=444 178s
[608829.8] PE_E_T2000_R2880: step 117 NO_CANDIDATES_GENERATED pairs=35382 evals=444 178s
[608829.9] PE_E_T2000_R2880: step 118 NO_CANDIDATES_GENERATED pairs=35382 evals=444 179s
[608830.1] PE_E_T2000_R2880: step 119 NO_CANDIDATES_GENERATED pairs=35382 evals=444 179s
[608830.2] PE_E_T2000_R2880: step 120 NO_CANDIDATES_GENERATED pairs=35382 evals=444 179s
[608830.4] PE_E_T2000_R2880: step 121 NO_CANDIDATES_GENERATED pairs=35382 evals=444 179s
[608836.7] PE_E_T2000_R2880: step 122 ELEVATED pairs=35180 evals=460 185s
[608836.8] PE_E_T2000_R2880: step 123 NO_CANDIDATES_GENERATED pairs=35180 evals=460 185s
[608836.9] PE_E_T2000_R2880: step 124 NO_CANDIDATES_GENERATED pairs=35180 evals=460 186s
[608837.1] PE_E_T2000_R2880: step 125 NO_CANDIDATES_GENERATED pairs=35180 evals=460 186s
[608837.2] PE_E_T2000_R2880: step 126 NO_CANDIDATES_GENERATED pairs=35180 evals=460 186s
[608837.3] PE_E_T2000_R2880: step 127 NO_CANDIDATES_GENERATED pairs=35180 evals=460 186s
[608844.9] PE_E_T2000_R2880: step 128 ELEVATED pairs=34973 evals=476 194s
[608845.0] PE_E_T2000_R2880: step 129 NO_CANDIDATES_GENERATED pairs=34973 evals=476 194s
[608845.1] PE_E_T2000_R2880: step 130 NO_CANDIDATES_GENERATED pairs=34973 evals=476 194s
[608845.3] PE_E_T2000_R2880: step 131 NO_CANDIDATES_GENERATED pairs=34973 evals=476 194s
[608845.4] PE_E_T2000_R2880: step 132 NO_CANDIDATES_GENERATED pairs=34973 evals=476 194s
[608845.6] PE_E_T2000_R2880: step 133 NO_CANDIDATES_GENERATED pairs=34973 evals=476 194s
[608851.4] PE_E_T2000_R2880: step 134 ELEVATED pairs=34773 evals=492 200s
[608851.6] PE_E_T2000_R2880: step 135 NO_CANDIDATES_GENERATED pairs=34773 evals=492 200s
[608851.7] PE_E_T2000_R2880: step 136 NO_CANDIDATES_GENERATED pairs=34773 evals=492 200s
[608851.8] PE_E_T2000_R2880: step 137 NO_CANDIDATES_GENERATED pairs=34773 evals=492 200s
[608852.0] PE_E_T2000_R2880: step 138 NO_CANDIDATES_GENERATED pairs=34773 evals=492 201s
[608852.1] PE_E_T2000_R2880: step 139 NO_CANDIDATES_GENERATED pairs=34773 evals=492 201s
[608859.6] PE_E_T2000_R2880: step 140 ELEVATED pairs=34567 evals=508 208s
[608859.8] PE_E_T2000_R2880: step 141 NO_CANDIDATES_GENERATED pairs=34567 evals=508 208s
[608859.9] PE_E_T2000_R2880: step 142 NO_CANDIDATES_GENERATED pairs=34567 evals=508 209s
[608860.0] PE_E_T2000_R2880: step 143 NO_CANDIDATES_GENERATED pairs=34567 evals=508 209s
[608860.2] PE_E_T2000_R2880: step 144 NO_CANDIDATES_GENERATED pairs=34567 evals=508 209s
[608860.3] PE_E_T2000_R2880: step 145 NO_CANDIDATES_GENERATED pairs=34567 evals=508 209s
[608866.0] PE_E_T2000_R2880: step 146 ELEVATED pairs=34368 evals=524 215s
[608866.1] PE_E_T2000_R2880: step 147 NO_CANDIDATES_GENERATED pairs=34368 evals=524 215s
[608866.3] PE_E_T2000_R2880: step 148 NO_CANDIDATES_GENERATED pairs=34368 evals=524 215s
[608866.4] PE_E_T2000_R2880: step 149 NO_CANDIDATES_GENERATED pairs=34368 evals=524 215s
[608866.5] PE_E_T2000_R2880: step 150 NO_CANDIDATES_GENERATED pairs=34368 evals=524 215s
[608866.6] PE_E_T2000_R2880: step 151 NO_CANDIDATES_GENERATED pairs=34368 evals=524 215s
[608873.8] PE_E_T2000_R2880: step 152 ELEVATED pairs=34164 evals=540 222s
[608873.9] PE_E_T2000_R2880: step 153 NO_CANDIDATES_GENERATED pairs=34164 evals=540 223s
[608874.1] PE_E_T2000_R2880: step 154 NO_CANDIDATES_GENERATED pairs=34164 evals=540 223s
[608874.2] PE_E_T2000_R2880: step 155 NO_CANDIDATES_GENERATED pairs=34164 evals=540 223s
[608874.3] PE_E_T2000_R2880: step 156 NO_CANDIDATES_GENERATED pairs=34164 evals=540 223s
[608874.4] PE_E_T2000_R2880: step 157 NO_CANDIDATES_GENERATED pairs=34164 evals=540 223s
[608880.1] PE_E_T2000_R2880: step 158 ELEVATED pairs=33967 evals=556 229s
[608880.3] PE_E_T2000_R2880: step 159 NO_CANDIDATES_GENERATED pairs=33967 evals=556 229s
[608880.4] PE_E_T2000_R2880: step 160 NO_CANDIDATES_GENERATED pairs=33967 evals=556 229s
[608880.5] PE_E_T2000_R2880: step 161 NO_CANDIDATES_GENERATED pairs=33967 evals=556 229s
[608880.6] PE_E_T2000_R2880: step 162 NO_CANDIDATES_GENERATED pairs=33967 evals=556 229s
[608880.7] PE_E_T2000_R2880: step 163 NO_CANDIDATES_GENERATED pairs=33967 evals=556 229s
[608889.3] PE_E_T2000_R2880: step 164 ELEVATED pairs=33764 evals=572 238s
[608889.5] PE_E_T2000_R2880: step 165 NO_CANDIDATES_GENERATED pairs=33764 evals=572 238s
[608889.6] PE_E_T2000_R2880: step 166 NO_CANDIDATES_GENERATED pairs=33764 evals=572 238s
[608889.8] PE_E_T2000_R2880: step 167 NO_CANDIDATES_GENERATED pairs=33764 evals=572 238s
[608890.0] PE_E_T2000_R2880: step 168 NO_CANDIDATES_GENERATED pairs=33764 evals=572 239s
[608890.1] PE_E_T2000_R2880: step 169 NO_CANDIDATES_GENERATED pairs=33764 evals=572 239s
[608897.4] PE_E_T2000_R2880: step 170 ELEVATED pairs=33568 evals=588 246s
[608897.5] PE_E_T2000_R2880: step 171 NO_CANDIDATES_GENERATED pairs=33568 evals=588 246s
[608897.7] PE_E_T2000_R2880: step 172 NO_CANDIDATES_GENERATED pairs=33568 evals=588 246s
[608897.8] PE_E_T2000_R2880: step 173 NO_CANDIDATES_GENERATED pairs=33568 evals=588 246s
[608898.0] PE_E_T2000_R2880: step 174 NO_CANDIDATES_GENERATED pairs=33568 evals=588 247s
[608898.1] PE_E_T2000_R2880: step 175 NO_CANDIDATES_GENERATED pairs=33568 evals=588 247s
[608907.3] PE_E_T2000_R2880: step 176 ELEVATED pairs=33367 evals=604 256s
[608907.4] PE_E_T2000_R2880: step 177 NO_CANDIDATES_GENERATED pairs=33367 evals=604 256s
[608907.6] PE_E_T2000_R2880: step 178 NO_CANDIDATES_GENERATED pairs=33367 evals=604 256s
[608907.8] PE_E_T2000_R2880: step 179 NO_CANDIDATES_GENERATED pairs=33367 evals=604 256s
[608907.9] PE_E_T2000_R2880: step 180 NO_CANDIDATES_GENERATED pairs=33367 evals=604 257s
[608908.1] PE_E_T2000_R2880: step 181 NO_CANDIDATES_GENERATED pairs=33367 evals=604 257s
[608917.2] PE_E_T2000_R2880: step 182 ELEVATED pairs=33167 evals=620 266s
[608917.3] PE_E_T2000_R2880: step 183 NO_CANDIDATES_GENERATED pairs=33167 evals=620 266s
[608917.5] PE_E_T2000_R2880: step 184 NO_CANDIDATES_GENERATED pairs=33167 evals=620 266s
[608917.7] PE_E_T2000_R2880: step 185 NO_CANDIDATES_GENERATED pairs=33167 evals=620 266s
[608917.8] PE_E_T2000_R2880: step 186 NO_CANDIDATES_GENERATED pairs=33167 evals=620 266s
[608918.0] PE_E_T2000_R2880: step 187 NO_CANDIDATES_GENERATED pairs=33167 evals=620 267s
[608924.6] PE_E_T2000_R2880: step 188 ELEVATED pairs=32960 evals=636 273s
[608924.8] PE_E_T2000_R2880: step 189 NO_CANDIDATES_GENERATED pairs=32960 evals=636 273s
[608925.0] PE_E_T2000_R2880: step 190 NO_CANDIDATES_GENERATED pairs=32960 evals=636 274s
[608925.1] PE_E_T2000_R2880: step 191 NO_CANDIDATES_GENERATED pairs=32960 evals=636 274s
[608925.3] PE_E_T2000_R2880: step 192 NO_CANDIDATES_GENERATED pairs=32960 evals=636 274s
[608925.4] PE_E_T2000_R2880: step 193 NO_CANDIDATES_GENERATED pairs=32960 evals=636 274s
[608934.9] PE_E_T2000_R2880: step 194 ELEVATED pairs=32762 evals=652 284s
[608935.1] PE_E_T2000_R2880: step 195 NO_CANDIDATES_GENERATED pairs=32762 evals=652 284s
[608935.2] PE_E_T2000_R2880: step 196 NO_CANDIDATES_GENERATED pairs=32762 evals=652 284s
[608935.4] PE_E_T2000_R2880: step 197 NO_CANDIDATES_GENERATED pairs=32762 evals=652 284s
[608935.5] PE_E_T2000_R2880: step 198 NO_CANDIDATES_GENERATED pairs=32762 evals=652 284s
[608935.7] PE_E_T2000_R2880: step 199 NO_CANDIDATES_GENERATED pairs=32762 evals=652 284s
[608943.6] PE_E_T2000_R2880: step 200 ELEVATED pairs=32565 evals=668 292s
[608943.7] PE_E_T2000_R2880: step 201 NO_CANDIDATES_GENERATED pairs=32565 evals=668 292s
[608943.9] PE_E_T2000_R2880: step 202 NO_CANDIDATES_GENERATED pairs=32565 evals=668 293s
[608944.0] PE_E_T2000_R2880: step 203 NO_CANDIDATES_GENERATED pairs=32565 evals=668 293s
[608944.2] PE_E_T2000_R2880: step 204 NO_CANDIDATES_GENERATED pairs=32565 evals=668 293s
[608944.3] PE_E_T2000_R2880: step 205 NO_CANDIDATES_GENERATED pairs=32565 evals=668 293s
[608950.7] PE_E_T2000_R2880: step 206 ELEVATED pairs=32369 evals=684 299s
[608950.9] PE_E_T2000_R2880: step 207 NO_CANDIDATES_GENERATED pairs=32369 evals=684 300s
[608951.1] PE_E_T2000_R2880: step 208 NO_CANDIDATES_GENERATED pairs=32369 evals=684 300s
[608951.2] PE_E_T2000_R2880: step 209 NO_CANDIDATES_GENERATED pairs=32369 evals=684 300s
[608951.3] PE_E_T2000_R2880: step 210 NO_CANDIDATES_GENERATED pairs=32369 evals=684 300s
[608951.5] PE_E_T2000_R2880: step 211 NO_CANDIDATES_GENERATED pairs=32369 evals=684 300s
[608959.7] PE_E_T2000_R2880: step 212 ELEVATED pairs=32174 evals=700 308s
[608959.8] PE_E_T2000_R2880: step 213 NO_CANDIDATES_GENERATED pairs=32174 evals=700 309s
[608960.0] PE_E_T2000_R2880: step 214 NO_CANDIDATES_GENERATED pairs=32174 evals=700 309s
[608960.1] PE_E_T2000_R2880: step 215 NO_CANDIDATES_GENERATED pairs=32174 evals=700 309s
[608960.2] PE_E_T2000_R2880: step 216 NO_CANDIDATES_GENERATED pairs=32174 evals=700 309s
[608960.4] PE_E_T2000_R2880: step 217 NO_CANDIDATES_GENERATED pairs=32174 evals=700 309s
[608968.1] PE_E_T2000_R2880: step 218 ELEVATED pairs=31951 evals=716 317s
[608968.2] PE_E_T2000_R2880: step 219 NO_CANDIDATES_GENERATED pairs=31951 evals=716 317s
[608968.3] PE_E_T2000_R2880: step 220 NO_CANDIDATES_GENERATED pairs=31951 evals=716 317s
[608968.5] PE_E_T2000_R2880: step 221 NO_CANDIDATES_GENERATED pairs=31951 evals=716 317s
[608968.6] PE_E_T2000_R2880: step 222 NO_CANDIDATES_GENERATED pairs=31951 evals=716 317s
[608968.8] PE_E_T2000_R2880: step 223 NO_CANDIDATES_GENERATED pairs=31951 evals=716 317s
[608972.4] PE_E_T2000_R2880: step 224 ELEVATED pairs=31755 evals=732 321s
[608972.6] PE_E_T2000_R2880: step 225 NO_CANDIDATES_GENERATED pairs=31755 evals=732 321s
[608972.7] PE_E_T2000_R2880: step 226 NO_CANDIDATES_GENERATED pairs=31755 evals=732 321s
[608972.9] PE_E_T2000_R2880: step 227 NO_CANDIDATES_GENERATED pairs=31755 evals=732 322s
[608973.0] PE_E_T2000_R2880: step 228 NO_CANDIDATES_GENERATED pairs=31755 evals=732 322s
[608973.1] PE_E_T2000_R2880: step 229 NO_CANDIDATES_GENERATED pairs=31755 evals=732 322s
[608981.1] PE_E_T2000_R2880: step 230 ELEVATED pairs=31534 evals=748 330s
[608981.2] PE_E_T2000_R2880: step 231 NO_CANDIDATES_GENERATED pairs=31534 evals=748 330s
[608981.4] PE_E_T2000_R2880: step 232 NO_CANDIDATES_GENERATED pairs=31534 evals=748 330s
[608981.5] PE_E_T2000_R2880: step 233 NO_CANDIDATES_GENERATED pairs=31534 evals=748 330s
[608981.6] PE_E_T2000_R2880: step 234 NO_CANDIDATES_GENERATED pairs=31534 evals=748 330s
[608981.8] PE_E_T2000_R2880: step 235 NO_CANDIDATES_GENERATED pairs=31534 evals=748 330s
[608987.8] PE_E_T2000_R2880: step 236 ELEVATED pairs=31315 evals=764 336s
[608987.9] PE_E_T2000_R2880: step 237 NO_CANDIDATES_GENERATED pairs=31315 evals=764 337s
[608988.0] PE_E_T2000_R2880: step 238 NO_CANDIDATES_GENERATED pairs=31315 evals=764 337s
[608988.2] PE_E_T2000_R2880: step 239 NO_CANDIDATES_GENERATED pairs=31315 evals=764 337s
[608988.3] PE_E_T2000_R2880: step 240 NO_CANDIDATES_GENERATED pairs=31315 evals=764 337s
[608988.5] PE_E_T2000_R2880: step 241 NO_CANDIDATES_GENERATED pairs=31315 evals=764 337s
[608993.9] PE_E_T2000_R2880: step 242 ELEVATED pairs=31136 evals=773 343s
[608994.0] PE_E_T2000_R2880: step 243 NO_CANDIDATES_GENERATED pairs=31136 evals=773 343s
[608994.2] PE_E_T2000_R2880: step 244 NO_CANDIDATES_GENERATED pairs=31136 evals=773 343s
[608994.3] PE_E_T2000_R2880: step 245 NO_CANDIDATES_GENERATED pairs=31136 evals=773 343s
[608994.4] PE_E_T2000_R2880: step 246 NO_CANDIDATES_GENERATED pairs=31136 evals=773 343s
[608994.6] PE_E_T2000_R2880: step 247 NO_CANDIDATES_GENERATED pairs=31136 evals=773 343s
[608999.7] PE_E_T2000_R2880: step 248 ELEVATED pairs=30959 evals=782 348s
[608999.9] PE_E_T2000_R2880: step 249 NO_CANDIDATES_GENERATED pairs=30959 evals=782 349s
[609000.0] PE_E_T2000_R2880: step 250 NO_CANDIDATES_GENERATED pairs=30959 evals=782 349s
[609000.1] PE_E_T2000_R2880: step 251 NO_CANDIDATES_GENERATED pairs=30959 evals=782 349s
[609000.2] PE_E_T2000_R2880: step 252 NO_CANDIDATES_GENERATED pairs=30959 evals=782 349s
[609000.3] PE_E_T2000_R2880: step 253 NO_CANDIDATES_GENERATED pairs=30959 evals=782 349s
[609004.7] PE_E_T2000_R2880: step 254 ELEVATED pairs=30784 evals=791 353s
[609004.8] PE_E_T2000_R2880: step 255 NO_CANDIDATES_GENERATED pairs=30784 evals=791 353s
[609004.9] PE_E_T2000_R2880: step 256 NO_CANDIDATES_GENERATED pairs=30784 evals=791 354s
[609005.0] PE_E_T2000_R2880: step 257 NO_CANDIDATES_GENERATED pairs=30784 evals=791 354s
[609005.2] PE_E_T2000_R2880: step 258 NO_CANDIDATES_GENERATED pairs=30784 evals=791 354s
[609005.3] PE_E_T2000_R2880: step 259 NO_CANDIDATES_GENERATED pairs=30784 evals=791 354s
[609009.3] PE_E_T2000_R2880: step 260 ELEVATED pairs=30611 evals=800 358s
[609009.4] PE_E_T2000_R2880: step 261 NO_CANDIDATES_GENERATED pairs=30611 evals=800 358s
[609009.5] PE_E_T2000_R2880: step 262 NO_CANDIDATES_GENERATED pairs=30611 evals=800 358s
[609009.6] PE_E_T2000_R2880: step 263 NO_CANDIDATES_GENERATED pairs=30611 evals=800 358s
[609009.7] PE_E_T2000_R2880: step 264 NO_CANDIDATES_GENERATED pairs=30611 evals=800 358s
[609009.8] PE_E_T2000_R2880: step 265 NO_CANDIDATES_GENERATED pairs=30611 evals=800 358s
[609014.4] PE_E_T2000_R2880: step 266 ELEVATED pairs=30410 evals=816 363s
[609014.5] PE_E_T2000_R2880: step 267 NO_CANDIDATES_GENERATED pairs=30410 evals=816 363s
[609014.6] PE_E_T2000_R2880: step 268 NO_CANDIDATES_GENERATED pairs=30410 evals=816 363s
[609014.7] PE_E_T2000_R2880: step 269 NO_CANDIDATES_GENERATED pairs=30410 evals=816 363s
[609014.8] PE_E_T2000_R2880: step 270 NO_CANDIDATES_GENERATED pairs=30410 evals=816 363s
[609014.9] PE_E_T2000_R2880: step 271 NO_CANDIDATES_GENERATED pairs=30410 evals=816 364s
[609018.9] PE_E_T2000_R2880: step 272 ELEVATED pairs=30224 evals=832 368s
[609019.0] PE_E_T2000_R2880: step 273 NO_CANDIDATES_GENERATED pairs=30224 evals=832 368s
[609019.2] PE_E_T2000_R2880: step 274 NO_CANDIDATES_GENERATED pairs=30224 evals=832 368s
[609019.3] PE_E_T2000_R2880: step 275 NO_CANDIDATES_GENERATED pairs=30224 evals=832 368s
[609019.4] PE_E_T2000_R2880: step 276 NO_CANDIDATES_GENERATED pairs=30224 evals=832 368s
[609019.5] PE_E_T2000_R2880: step 277 NO_CANDIDATES_GENERATED pairs=30224 evals=832 368s
[609023.8] PE_E_T2000_R2880: step 278 ELEVATED pairs=30025 evals=848 372s
[609023.9] PE_E_T2000_R2880: step 279 NO_CANDIDATES_GENERATED pairs=30025 evals=848 373s
[609024.0] PE_E_T2000_R2880: step 280 NO_CANDIDATES_GENERATED pairs=30025 evals=848 373s
[609024.1] PE_E_T2000_R2880: step 281 NO_CANDIDATES_GENERATED pairs=30025 evals=848 373s
[609024.2] PE_E_T2000_R2880: step 282 NO_CANDIDATES_GENERATED pairs=30025 evals=848 373s
[609024.3] PE_E_T2000_R2880: step 283 NO_CANDIDATES_GENERATED pairs=30025 evals=848 373s
[609028.2] PE_E_T2000_R2880: step 284 ELEVATED pairs=29841 evals=864 377s
[609028.3] PE_E_T2000_R2880: step 285 NO_CANDIDATES_GENERATED pairs=29841 evals=864 377s
[609028.4] PE_E_T2000_R2880: step 286 NO_CANDIDATES_GENERATED pairs=29841 evals=864 377s
[609028.5] PE_E_T2000_R2880: step 287 NO_CANDIDATES_GENERATED pairs=29841 evals=864 377s
[609028.6] PE_E_T2000_R2880: step 288 NO_CANDIDATES_GENERATED pairs=29841 evals=864 377s
[609028.7] PE_E_T2000_R2880: step 289 NO_CANDIDATES_GENERATED pairs=29841 evals=864 377s
[609033.1] PE_E_T2000_R2880: step 290 ELEVATED pairs=29644 evals=880 382s
[609033.3] PE_E_T2000_R2880: step 291 NO_CANDIDATES_GENERATED pairs=29644 evals=880 382s
[609033.4] PE_E_T2000_R2880: step 292 NO_CANDIDATES_GENERATED pairs=29644 evals=880 382s
[609033.5] PE_E_T2000_R2880: step 293 NO_CANDIDATES_GENERATED pairs=29644 evals=880 382s
[609033.6] PE_E_T2000_R2880: step 294 NO_CANDIDATES_GENERATED pairs=29644 evals=880 382s
[609033.7] PE_E_T2000_R2880: step 295 NO_CANDIDATES_GENERATED pairs=29644 evals=880 382s
[609037.1] PE_E_T2000_R2880: step 296 ELEVATED pairs=29462 evals=896 386s
[609037.2] PE_E_T2000_R2880: step 297 NO_CANDIDATES_GENERATED pairs=29462 evals=896 386s
[609037.3] PE_E_T2000_R2880: step 298 NO_CANDIDATES_GENERATED pairs=29462 evals=896 386s
[609037.4] PE_E_T2000_R2880: step 299 NO_CANDIDATES_GENERATED pairs=29462 evals=896 386s
[609037.4] PE_E_T2000_R2880: step 300 NO_CANDIDATES_GENERATED pairs=29462 evals=896 386s
[609037.5] PE_E_T2000_R2880: step 301 NO_CANDIDATES_GENERATED pairs=29462 evals=896 386s
[609041.0] PE_E_T2000_R2880: step 302 ELEVATED pairs=29282 evals=912 390s
[609041.1] PE_E_T2000_R2880: step 303 NO_CANDIDATES_GENERATED pairs=29282 evals=912 390s
[609041.2] PE_E_T2000_R2880: step 304 NO_CANDIDATES_GENERATED pairs=29282 evals=912 390s
[609041.3] PE_E_T2000_R2880: step 305 NO_CANDIDATES_GENERATED pairs=29282 evals=912 390s
[609041.4] PE_E_T2000_R2880: step 306 NO_CANDIDATES_GENERATED pairs=29282 evals=912 390s
[609041.4] PE_E_T2000_R2880: step 307 NO_CANDIDATES_GENERATED pairs=29282 evals=912 390s
[609047.1] PE_E_T2000_R2880: step 308 ELEVATED pairs=29090 evals=928 396s
[609047.2] PE_E_T2000_R2880: step 309 NO_CANDIDATES_GENERATED pairs=29090 evals=928 396s
[609047.3] PE_E_T2000_R2880: step 310 NO_CANDIDATES_GENERATED pairs=29090 evals=928 396s
[609047.4] PE_E_T2000_R2880: step 311 NO_CANDIDATES_GENERATED pairs=29090 evals=928 396s
[609047.4] PE_E_T2000_R2880: step 312 NO_CANDIDATES_GENERATED pairs=29090 evals=928 396s
[609047.5] PE_E_T2000_R2880: step 313 NO_CANDIDATES_GENERATED pairs=29090 evals=928 396s
[609051.2] PE_E_T2000_R2880: step 314 ELEVATED pairs=28918 evals=944 400s
[609051.3] PE_E_T2000_R2880: step 315 NO_CANDIDATES_GENERATED pairs=28918 evals=944 400s
[609051.3] PE_E_T2000_R2880: step 316 NO_CANDIDATES_GENERATED pairs=28918 evals=944 400s
[609051.4] PE_E_T2000_R2880: step 317 NO_CANDIDATES_GENERATED pairs=28918 evals=944 400s
[609051.5] PE_E_T2000_R2880: step 318 NO_CANDIDATES_GENERATED pairs=28918 evals=944 400s
[609051.6] PE_E_T2000_R2880: step 319 NO_CANDIDATES_GENERATED pairs=28918 evals=944 400s
[609055.2] PE_E_T2000_R2880: step 320 ELEVATED pairs=28748 evals=960 404s
[609055.3] PE_E_T2000_R2880: step 321 NO_CANDIDATES_GENERATED pairs=28748 evals=960 404s
[609055.4] PE_E_T2000_R2880: step 322 NO_CANDIDATES_GENERATED pairs=28748 evals=960 404s
[609055.4] PE_E_T2000_R2880: step 323 NO_CANDIDATES_GENERATED pairs=28748 evals=960 404s
[609055.5] PE_E_T2000_R2880: step 324 NO_CANDIDATES_GENERATED pairs=28748 evals=960 404s
[609055.6] PE_E_T2000_R2880: step 325 NO_CANDIDATES_GENERATED pairs=28748 evals=960 404s
[609061.3] PE_E_T2000_R2880: step 326 ELEVATED pairs=28558 evals=976 410s
[609061.4] PE_E_T2000_R2880: step 327 NO_CANDIDATES_GENERATED pairs=28558 evals=976 410s
[609061.5] PE_E_T2000_R2880: step 328 NO_CANDIDATES_GENERATED pairs=28558 evals=976 410s
[609061.6] PE_E_T2000_R2880: step 329 NO_CANDIDATES_GENERATED pairs=28558 evals=976 410s
[609061.7] PE_E_T2000_R2880: step 330 NO_CANDIDATES_GENERATED pairs=28558 evals=976 410s
[609061.8] PE_E_T2000_R2880: step 331 NO_CANDIDATES_GENERATED pairs=28558 evals=976 410s
[609066.5] PE_E_T2000_R2880: step 332 ELEVATED pairs=28387 evals=992 415s
[609066.6] PE_E_T2000_R2880: step 333 NO_CANDIDATES_GENERATED pairs=28387 evals=992 415s
[609066.7] PE_E_T2000_R2880: step 334 NO_CANDIDATES_GENERATED pairs=28387 evals=992 415s
[609066.8] PE_E_T2000_R2880: step 335 NO_CANDIDATES_GENERATED pairs=28387 evals=992 415s
[609066.8] PE_E_T2000_R2880: step 336 NO_CANDIDATES_GENERATED pairs=28387 evals=992 416s
[609066.9] PE_E_T2000_R2880: step 337 NO_CANDIDATES_GENERATED pairs=28387 evals=992 416s
[609071.7] PE_E_T2000_R2880: step 338 ELEVATED pairs=28218 evals=1008 420s
[609071.8] PE_E_T2000_R2880: step 339 NO_CANDIDATES_GENERATED pairs=28218 evals=1008 420s
[609071.8] PE_E_T2000_R2880: step 340 NO_CANDIDATES_GENERATED pairs=28218 evals=1008 421s
[609071.9] PE_E_T2000_R2880: step 341 NO_CANDIDATES_GENERATED pairs=28218 evals=1008 421s
[609072.0] PE_E_T2000_R2880: step 342 NO_CANDIDATES_GENERATED pairs=28218 evals=1008 421s
[609072.1] PE_E_T2000_R2880: step 343 NO_CANDIDATES_GENERATED pairs=28218 evals=1008 421s
[609075.7] PE_E_T2000_R2880: step 344 ELEVATED pairs=28059 evals=1024 424s
[609075.8] PE_E_T2000_R2880: step 345 NO_CANDIDATES_GENERATED pairs=28059 evals=1024 424s
[609075.9] PE_E_T2000_R2880: step 346 NO_CANDIDATES_GENERATED pairs=28059 evals=1024 425s
[609076.0] PE_E_T2000_R2880: step 347 NO_CANDIDATES_GENERATED pairs=28059 evals=1024 425s
[609076.1] PE_E_T2000_R2880: step 348 NO_CANDIDATES_GENERATED pairs=28059 evals=1024 425s
[609076.2] PE_E_T2000_R2880: step 349 NO_CANDIDATES_GENERATED pairs=28059 evals=1024 425s
[609079.4] PE_E_T2000_R2880: step 350 ELEVATED pairs=27895 evals=1040 428s
[609079.5] PE_E_T2000_R2880: step 351 NO_CANDIDATES_GENERATED pairs=27895 evals=1040 428s
[609079.6] PE_E_T2000_R2880: step 352 NO_CANDIDATES_GENERATED pairs=27895 evals=1040 428s
[609079.7] PE_E_T2000_R2880: step 353 NO_CANDIDATES_GENERATED pairs=27895 evals=1040 428s
[609079.8] PE_E_T2000_R2880: step 354 NO_CANDIDATES_GENERATED pairs=27895 evals=1040 428s
[609080.0] PE_E_T2000_R2880: step 355 NO_CANDIDATES_GENERATED pairs=27895 evals=1040 429s
[609084.0] PE_E_T2000_R2880: step 356 ELEVATED pairs=27731 evals=1056 433s
[609084.1] PE_E_T2000_R2880: step 357 NO_CANDIDATES_GENERATED pairs=27731 evals=1056 433s
[609084.2] PE_E_T2000_R2880: step 358 NO_CANDIDATES_GENERATED pairs=27731 evals=1056 433s
[609084.3] PE_E_T2000_R2880: step 359 NO_CANDIDATES_GENERATED pairs=27731 evals=1056 433s
[609084.4] PE_E_T2000_R2880: step 360 NO_CANDIDATES_GENERATED pairs=27731 evals=1056 433s
[609084.5] PE_E_T2000_R2880: step 361 NO_CANDIDATES_GENERATED pairs=27731 evals=1056 433s
[609087.9] PE_E_T2000_R2880: step 362 ELEVATED pairs=27567 evals=1072 437s
[609088.0] PE_E_T2000_R2880: step 363 NO_CANDIDATES_GENERATED pairs=27567 evals=1072 437s
[609088.1] PE_E_T2000_R2880: step 364 NO_CANDIDATES_GENERATED pairs=27567 evals=1072 437s
[609088.2] PE_E_T2000_R2880: step 365 NO_CANDIDATES_GENERATED pairs=27567 evals=1072 437s
[609088.3] PE_E_T2000_R2880: step 366 NO_CANDIDATES_GENERATED pairs=27567 evals=1072 437s
[609088.4] PE_E_T2000_R2880: step 367 NO_CANDIDATES_GENERATED pairs=27567 evals=1072 437s
[609091.5] PE_E_T2000_R2880: step 368 ELEVATED pairs=27403 evals=1088 440s
[609091.6] PE_E_T2000_R2880: step 369 NO_CANDIDATES_GENERATED pairs=27403 evals=1088 440s
[609091.7] PE_E_T2000_R2880: step 370 NO_CANDIDATES_GENERATED pairs=27403 evals=1088 440s
[609091.8] PE_E_T2000_R2880: step 371 NO_CANDIDATES_GENERATED pairs=27403 evals=1088 440s
[609091.9] PE_E_T2000_R2880: step 372 NO_CANDIDATES_GENERATED pairs=27403 evals=1088 441s
[609092.0] PE_E_T2000_R2880: step 373 NO_CANDIDATES_GENERATED pairs=27403 evals=1088 441s
[609095.2] PE_E_T2000_R2880: step 374 ELEVATED pairs=27239 evals=1104 444s
[609095.3] PE_E_T2000_R2880: step 375 NO_CANDIDATES_GENERATED pairs=27239 evals=1104 444s
[609095.4] PE_E_T2000_R2880: step 376 NO_CANDIDATES_GENERATED pairs=27239 evals=1104 444s
[609095.5] PE_E_T2000_R2880: step 377 NO_CANDIDATES_GENERATED pairs=27239 evals=1104 444s
[609095.6] PE_E_T2000_R2880: step 378 NO_CANDIDATES_GENERATED pairs=27239 evals=1104 444s
[609095.7] PE_E_T2000_R2880: step 379 NO_CANDIDATES_GENERATED pairs=27239 evals=1104 444s
[609100.2] PE_E_T2000_R2880: step 380 ELEVATED pairs=27081 evals=1120 449s
[609100.3] PE_E_T2000_R2880: step 381 NO_CANDIDATES_GENERATED pairs=27081 evals=1120 449s
[609100.4] PE_E_T2000_R2880: step 382 NO_CANDIDATES_GENERATED pairs=27081 evals=1120 449s
[609100.5] PE_E_T2000_R2880: step 383 NO_CANDIDATES_GENERATED pairs=27081 evals=1120 449s
[609100.6] PE_E_T2000_R2880: step 384 NO_CANDIDATES_GENERATED pairs=27081 evals=1120 449s
[609100.7] PE_E_T2000_R2880: step 385 NO_CANDIDATES_GENERATED pairs=27081 evals=1120 449s
[609107.5] PE_E_T2000_R2880: step 386 ELEVATED pairs=26914 evals=1136 456s
[609107.6] PE_E_T2000_R2880: step 387 NO_CANDIDATES_GENERATED pairs=26914 evals=1136 456s
[609107.7] PE_E_T2000_R2880: step 388 NO_CANDIDATES_GENERATED pairs=26914 evals=1136 456s
[609107.8] PE_E_T2000_R2880: step 389 NO_CANDIDATES_GENERATED pairs=26914 evals=1136 457s
[609107.9] PE_E_T2000_R2880: step 390 NO_CANDIDATES_GENERATED pairs=26914 evals=1136 457s
[609108.1] PE_E_T2000_R2880: step 391 NO_CANDIDATES_GENERATED pairs=26914 evals=1136 457s
[609112.1] PE_E_T2000_R2880: step 392 ELEVATED pairs=26757 evals=1152 461s
[609112.2] PE_E_T2000_R2880: step 393 NO_CANDIDATES_GENERATED pairs=26757 evals=1152 461s
[609112.3] PE_E_T2000_R2880: step 394 NO_CANDIDATES_GENERATED pairs=26757 evals=1152 461s
[609112.4] PE_E_T2000_R2880: step 395 NO_CANDIDATES_GENERATED pairs=26757 evals=1152 461s
[609112.5] PE_E_T2000_R2880: step 396 NO_CANDIDATES_GENERATED pairs=26757 evals=1152 461s
[609112.6] PE_E_T2000_R2880: step 397 NO_CANDIDATES_GENERATED pairs=26757 evals=1152 461s
[609116.8] PE_E_T2000_R2880: step 398 ELEVATED pairs=26600 evals=1168 465s
[609116.9] PE_E_T2000_R2880: step 399 NO_CANDIDATES_GENERATED pairs=26600 evals=1168 466s
[609117.0] PE_E_T2000_R2880: step 400 NO_CANDIDATES_GENERATED pairs=26600 evals=1168 466s
[609117.1] PE_E_T2000_R2880: step 401 NO_CANDIDATES_GENERATED pairs=26600 evals=1168 466s
[609117.2] PE_E_T2000_R2880: step 402 NO_CANDIDATES_GENERATED pairs=26600 evals=1168 466s
[609117.3] PE_E_T2000_R2880: step 403 NO_CANDIDATES_GENERATED pairs=26600 evals=1168 466s
[609123.3] PE_E_T2000_R2880: step 404 ELEVATED pairs=26435 evals=1184 472s
[609123.4] PE_E_T2000_R2880: step 405 NO_CANDIDATES_GENERATED pairs=26435 evals=1184 472s
[609123.4] PE_E_T2000_R2880: step 406 NO_CANDIDATES_GENERATED pairs=26435 evals=1184 472s
[609123.5] PE_E_T2000_R2880: step 407 NO_CANDIDATES_GENERATED pairs=26435 evals=1184 472s
[609123.6] PE_E_T2000_R2880: step 408 NO_CANDIDATES_GENERATED pairs=26435 evals=1184 472s
[609123.7] PE_E_T2000_R2880: step 409 NO_CANDIDATES_GENERATED pairs=26435 evals=1184 472s
[609130.6] PE_E_T2000_R2880: step 410 ELEVATED pairs=26272 evals=1200 479s
[609130.7] PE_E_T2000_R2880: step 411 NO_CANDIDATES_GENERATED pairs=26272 evals=1200 479s
[609130.8] PE_E_T2000_R2880: step 412 NO_CANDIDATES_GENERATED pairs=26272 evals=1200 479s
[609130.9] PE_E_T2000_R2880: step 413 NO_CANDIDATES_GENERATED pairs=26272 evals=1200 480s
[609131.0] PE_E_T2000_R2880: step 414 NO_CANDIDATES_GENERATED pairs=26272 evals=1200 480s
[609131.1] PE_E_T2000_R2880: step 415 NO_CANDIDATES_GENERATED pairs=26272 evals=1200 480s
[609137.9] PE_E_T2000_R2880: step 416 ELEVATED pairs=26113 evals=1216 487s
[609138.0] PE_E_T2000_R2880: step 417 NO_CANDIDATES_GENERATED pairs=26113 evals=1216 487s
[609138.1] PE_E_T2000_R2880: step 418 NO_CANDIDATES_GENERATED pairs=26113 evals=1216 487s
[609138.2] PE_E_T2000_R2880: step 419 NO_CANDIDATES_GENERATED pairs=26113 evals=1216 487s
[609138.3] PE_E_T2000_R2880: step 420 NO_CANDIDATES_GENERATED pairs=26113 evals=1216 487s
[609138.4] PE_E_T2000_R2880: step 421 NO_CANDIDATES_GENERATED pairs=26113 evals=1216 487s
[609145.8] PE_E_T2000_R2880: step 422 ELEVATED pairs=25960 evals=1232 494s
[609145.9] PE_E_T2000_R2880: step 423 NO_CANDIDATES_GENERATED pairs=25960 evals=1232 495s
[609146.0] PE_E_T2000_R2880: step 424 NO_CANDIDATES_GENERATED pairs=25960 evals=1232 495s
[609146.1] PE_E_T2000_R2880: step 425 NO_CANDIDATES_GENERATED pairs=25960 evals=1232 495s
[609146.2] PE_E_T2000_R2880: step 426 NO_CANDIDATES_GENERATED pairs=25960 evals=1232 495s
[609146.3] PE_E_T2000_R2880: step 427 NO_CANDIDATES_GENERATED pairs=25960 evals=1232 495s
[609153.1] PE_E_T2000_R2880: step 428 ELEVATED pairs=25803 evals=1248 502s
[609153.2] PE_E_T2000_R2880: step 429 NO_CANDIDATES_GENERATED pairs=25803 evals=1248 502s
[609153.3] PE_E_T2000_R2880: step 430 NO_CANDIDATES_GENERATED pairs=25803 evals=1248 502s
[609153.4] PE_E_T2000_R2880: step 431 NO_CANDIDATES_GENERATED pairs=25803 evals=1248 502s
[609153.5] PE_E_T2000_R2880: step 432 NO_CANDIDATES_GENERATED pairs=25803 evals=1248 502s
[609153.6] PE_E_T2000_R2880: step 433 NO_CANDIDATES_GENERATED pairs=25803 evals=1248 502s
[609160.5] PE_E_T2000_R2880: step 434 ELEVATED pairs=25648 evals=1264 509s
[609160.6] PE_E_T2000_R2880: step 435 NO_CANDIDATES_GENERATED pairs=25648 evals=1264 509s
[609160.7] PE_E_T2000_R2880: step 436 NO_CANDIDATES_GENERATED pairs=25648 evals=1264 509s
[609160.8] PE_E_T2000_R2880: step 437 NO_CANDIDATES_GENERATED pairs=25648 evals=1264 509s
[609160.9] PE_E_T2000_R2880: step 438 NO_CANDIDATES_GENERATED pairs=25648 evals=1264 510s
[609161.1] PE_E_T2000_R2880: step 439 NO_CANDIDATES_GENERATED pairs=25648 evals=1264 510s
[609170.9] PE_E_T2000_R2880: step 440 ELEVATED pairs=25495 evals=1280 520s
[609171.0] PE_E_T2000_R2880: step 441 NO_CANDIDATES_GENERATED pairs=25495 evals=1280 520s
[609171.1] PE_E_T2000_R2880: step 442 NO_CANDIDATES_GENERATED pairs=25495 evals=1280 520s
[609171.2] PE_E_T2000_R2880: step 443 NO_CANDIDATES_GENERATED pairs=25495 evals=1280 520s
[609171.3] PE_E_T2000_R2880: step 444 NO_CANDIDATES_GENERATED pairs=25495 evals=1280 520s
[609171.4] PE_E_T2000_R2880: step 445 NO_CANDIDATES_GENERATED pairs=25495 evals=1280 520s
[609174.7] PE_E_T2000_R2880: step 446 ELEVATED pairs=25357 evals=1296 523s
[609174.8] PE_E_T2000_R2880: step 447 NO_CANDIDATES_GENERATED pairs=25357 evals=1296 523s
[609174.9] PE_E_T2000_R2880: step 448 NO_CANDIDATES_GENERATED pairs=25357 evals=1296 524s
[609175.0] PE_E_T2000_R2880: step 449 NO_CANDIDATES_GENERATED pairs=25357 evals=1296 524s
[609175.1] PE_E_T2000_R2880: step 450 NO_CANDIDATES_GENERATED pairs=25357 evals=1296 524s
[609175.2] PE_E_T2000_R2880: step 451 NO_CANDIDATES_GENERATED pairs=25357 evals=1296 524s
[609178.5] PE_E_T2000_R2880: step 452 ELEVATED pairs=25224 evals=1312 527s
[609178.6] PE_E_T2000_R2880: step 453 NO_CANDIDATES_GENERATED pairs=25224 evals=1312 527s
[609178.7] PE_E_T2000_R2880: step 454 NO_CANDIDATES_GENERATED pairs=25224 evals=1312 527s
[609178.8] PE_E_T2000_R2880: step 455 NO_CANDIDATES_GENERATED pairs=25224 evals=1312 527s
[609178.9] PE_E_T2000_R2880: step 456 NO_CANDIDATES_GENERATED pairs=25224 evals=1312 528s
[609179.0] PE_E_T2000_R2880: step 457 NO_CANDIDATES_GENERATED pairs=25224 evals=1312 528s
[609179.1] PE_E_T2000_R2880: step 458 NO_CANDIDATES_GENERATED pairs=25224 evals=1312 528s
[609179.2] PE_E_T2000_R2880: step 459 NO_CANDIDATES_GENERATED pairs=25224 evals=1312 528s
[609186.6] PE_E_T2000_R2880: step 460 ELEVATED pairs=25077 evals=1328 535s
[609186.7] PE_E_T2000_R2880: step 461 NO_CANDIDATES_GENERATED pairs=25077 evals=1328 535s
[609186.9] PE_E_T2000_R2880: step 462 NO_CANDIDATES_GENERATED pairs=25077 evals=1328 536s
[609187.0] PE_E_T2000_R2880: step 463 NO_CANDIDATES_GENERATED pairs=25077 evals=1328 536s
[609187.1] PE_E_T2000_R2880: step 464 NO_CANDIDATES_GENERATED pairs=25077 evals=1328 536s
[609187.2] PE_E_T2000_R2880: step 465 NO_CANDIDATES_GENERATED pairs=25077 evals=1328 536s
[609187.3] PE_E_T2000_R2880: step 466 NO_CANDIDATES_GENERATED pairs=25077 evals=1328 536s
[609187.4] PE_E_T2000_R2880: step 467 NO_CANDIDATES_GENERATED pairs=25077 evals=1328 536s
[609187.5] PE_E_T2000_R2880: step 468 NO_CANDIDATES_GENERATED pairs=25077 evals=1328 536s
[609187.6] PE_E_T2000_R2880: step 469 NO_CANDIDATES_GENERATED pairs=25077 evals=1328 536s
[609190.5] PE_E_T2000_R2880: step 470 ELEVATED pairs=24952 evals=1344 539s
[609190.6] PE_E_T2000_R2880: step 471 NO_CANDIDATES_GENERATED pairs=24952 evals=1344 539s
[609190.7] PE_E_T2000_R2880: step 472 NO_CANDIDATES_GENERATED pairs=24952 evals=1344 539s
[609190.8] PE_E_T2000_R2880: step 473 NO_CANDIDATES_GENERATED pairs=24952 evals=1344 540s
[609191.0] PE_E_T2000_R2880: step 474 NO_CANDIDATES_GENERATED pairs=24952 evals=1344 540s
[609191.1] PE_E_T2000_R2880: step 475 NO_CANDIDATES_GENERATED pairs=24952 evals=1344 540s
[609191.2] PE_E_T2000_R2880: step 476 NO_CANDIDATES_GENERATED pairs=24952 evals=1344 540s
[609191.3] PE_E_T2000_R2880: step 477 NO_CANDIDATES_GENERATED pairs=24952 evals=1344 540s
[609191.4] PE_E_T2000_R2880: step 478 NO_CANDIDATES_GENERATED pairs=24952 evals=1344 540s
[609191.5] PE_E_T2000_R2880: step 479 NO_CANDIDATES_GENERATED pairs=24952 evals=1344 540s
[609202.3] PE_E_T2000_R2880: step 480 ELEVATED pairs=24781 evals=1360 551s
[609202.4] PE_E_T2000_R2880: step 481 NO_CANDIDATES_GENERATED pairs=24781 evals=1360 551s
[609202.5] PE_E_T2000_R2880: step 482 NO_CANDIDATES_GENERATED pairs=24781 evals=1360 551s
[609202.6] PE_E_T2000_R2880: step 483 NO_CANDIDATES_GENERATED pairs=24781 evals=1360 551s
[609202.8] PE_E_T2000_R2880: step 484 NO_CANDIDATES_GENERATED pairs=24781 evals=1360 551s
[609203.0] PE_E_T2000_R2880: step 485 NO_CANDIDATES_GENERATED pairs=24781 evals=1360 552s
[609203.1] PE_E_T2000_R2880: step 486 NO_CANDIDATES_GENERATED pairs=24781 evals=1360 552s
[609203.3] PE_E_T2000_R2880: step 487 NO_CANDIDATES_GENERATED pairs=24781 evals=1360 552s
[609203.4] PE_E_T2000_R2880: step 488 NO_CANDIDATES_GENERATED pairs=24781 evals=1360 552s
[609203.5] PE_E_T2000_R2880: step 489 NO_CANDIDATES_GENERATED pairs=24781 evals=1360 552s
[609213.6] PE_E_T2000_R2880: step 490 ELEVATED pairs=24612 evals=1376 562s
[609213.7] PE_E_T2000_R2880: step 491 NO_CANDIDATES_GENERATED pairs=24612 evals=1376 562s
[609213.8] PE_E_T2000_R2880: step 492 NO_CANDIDATES_GENERATED pairs=24612 evals=1376 562s
[609213.9] PE_E_T2000_R2880: step 493 NO_CANDIDATES_GENERATED pairs=24612 evals=1376 563s
[609214.0] PE_E_T2000_R2880: step 494 NO_CANDIDATES_GENERATED pairs=24612 evals=1376 563s
[609214.1] PE_E_T2000_R2880: step 495 NO_CANDIDATES_GENERATED pairs=24612 evals=1376 563s
[609214.1] PE_E_T2000_R2880: step 496 NO_CANDIDATES_GENERATED pairs=24612 evals=1376 563s
[609214.3] PE_E_T2000_R2880: step 497 NO_CANDIDATES_GENERATED pairs=24612 evals=1376 563s
[609214.4] PE_E_T2000_R2880: step 498 NO_CANDIDATES_GENERATED pairs=24612 evals=1376 563s
[609214.5] PE_E_T2000_R2880: step 499 NO_CANDIDATES_GENERATED pairs=24612 evals=1376 563s
[609217.3] PE_E_T2000_R2880: step 500 ELEVATED pairs=24481 evals=1392 566s
[609217.4] PE_E_T2000_R2880: step 501 NO_CANDIDATES_GENERATED pairs=24481 evals=1392 566s
[609217.5] PE_E_T2000_R2880: step 502 NO_CANDIDATES_GENERATED pairs=24481 evals=1392 566s
[609217.6] PE_E_T2000_R2880: step 503 NO_CANDIDATES_GENERATED pairs=24481 evals=1392 566s
[609217.7] PE_E_T2000_R2880: step 504 NO_CANDIDATES_GENERATED pairs=24481 evals=1392 566s
[609217.8] PE_E_T2000_R2880: step 505 NO_CANDIDATES_GENERATED pairs=24481 evals=1392 566s
[609217.9] PE_E_T2000_R2880: step 506 NO_CANDIDATES_GENERATED pairs=24481 evals=1392 567s
[609218.0] PE_E_T2000_R2880: step 507 NO_CANDIDATES_GENERATED pairs=24481 evals=1392 567s
[609218.0] PE_E_T2000_R2880: step 508 NO_CANDIDATES_GENERATED pairs=24481 evals=1392 567s
[609218.1] PE_E_T2000_R2880: step 509 NO_CANDIDATES_GENERATED pairs=24481 evals=1392 567s
[609226.6] PE_E_T2000_R2880: step 510 ELEVATED pairs=24315 evals=1408 575s
[609226.7] PE_E_T2000_R2880: step 511 NO_CANDIDATES_GENERATED pairs=24315 evals=1408 575s
[609226.8] PE_E_T2000_R2880: step 512 NO_CANDIDATES_GENERATED pairs=24315 evals=1408 575s
[609226.9] PE_E_T2000_R2880: step 513 NO_CANDIDATES_GENERATED pairs=24315 evals=1408 576s
[609227.0] PE_E_T2000_R2880: step 514 NO_CANDIDATES_GENERATED pairs=24315 evals=1408 576s
[609227.1] PE_E_T2000_R2880: step 515 NO_CANDIDATES_GENERATED pairs=24315 evals=1408 576s
[609227.2] PE_E_T2000_R2880: step 516 NO_CANDIDATES_GENERATED pairs=24315 evals=1408 576s
[609227.3] PE_E_T2000_R2880: step 517 NO_CANDIDATES_GENERATED pairs=24315 evals=1408 576s
[609227.4] PE_E_T2000_R2880: step 518 NO_CANDIDATES_GENERATED pairs=24315 evals=1408 576s
[609227.5] PE_E_T2000_R2880: step 519 NO_CANDIDATES_GENERATED pairs=24315 evals=1408 576s
[609234.9] PE_E_T2000_R2880: step 520 ELEVATED pairs=24220 evals=1417 584s
[609235.0] PE_E_T2000_R2880: step 521 NO_CANDIDATES_GENERATED pairs=24220 evals=1417 584s
[609235.0] PE_E_T2000_R2880: step 522 NO_CANDIDATES_GENERATED pairs=24220 evals=1417 584s
[609235.1] PE_E_T2000_R2880: step 523 NO_CANDIDATES_GENERATED pairs=24220 evals=1417 584s
[609235.2] PE_E_T2000_R2880: step 524 NO_CANDIDATES_GENERATED pairs=24220 evals=1417 584s
[609235.3] PE_E_T2000_R2880: step 525 NO_CANDIDATES_GENERATED pairs=24220 evals=1417 584s
[609235.4] PE_E_T2000_R2880: step 526 NO_CANDIDATES_GENERATED pairs=24220 evals=1417 584s
[609235.5] PE_E_T2000_R2880: step 527 NO_CANDIDATES_GENERATED pairs=24220 evals=1417 584s
[609235.5] PE_E_T2000_R2880: step 528 NO_CANDIDATES_GENERATED pairs=24220 evals=1417 584s
[609235.6] PE_E_T2000_R2880: step 529 NO_CANDIDATES_GENERATED pairs=24220 evals=1417 584s
[609243.0] PE_E_T2000_R2880: step 530 ELEVATED pairs=24056 evals=1433 592s
[609243.1] PE_E_T2000_R2880: step 531 NO_CANDIDATES_GENERATED pairs=24056 evals=1433 592s
[609243.2] PE_E_T2000_R2880: step 532 NO_CANDIDATES_GENERATED pairs=24056 evals=1433 592s
[609243.3] PE_E_T2000_R2880: step 533 NO_CANDIDATES_GENERATED pairs=24056 evals=1433 592s
[609243.3] PE_E_T2000_R2880: step 534 NO_CANDIDATES_GENERATED pairs=24056 evals=1433 592s
[609243.4] PE_E_T2000_R2880: step 535 NO_CANDIDATES_GENERATED pairs=24056 evals=1433 592s
[609243.5] PE_E_T2000_R2880: step 536 NO_CANDIDATES_GENERATED pairs=24056 evals=1433 592s
[609243.6] PE_E_T2000_R2880: step 537 NO_CANDIDATES_GENERATED pairs=24056 evals=1433 592s
[609243.7] PE_E_T2000_R2880: step 538 NO_CANDIDATES_GENERATED pairs=24056 evals=1433 592s
[609243.8] PE_E_T2000_R2880: step 539 NO_CANDIDATES_GENERATED pairs=24056 evals=1433 592s
[609250.9] PE_E_T2000_R2880: step 540 ELEVATED pairs=23894 evals=1449 600s
[609251.0] PE_E_T2000_R2880: step 541 NO_CANDIDATES_GENERATED pairs=23894 evals=1449 600s
[609251.1] PE_E_T2000_R2880: step 542 NO_CANDIDATES_GENERATED pairs=23894 evals=1449 600s
[609251.2] PE_E_T2000_R2880: step 543 NO_CANDIDATES_GENERATED pairs=23894 evals=1449 600s
[609251.3] PE_E_T2000_R2880: step 544 NO_CANDIDATES_GENERATED pairs=23894 evals=1449 600s
[609251.3] PE_E_T2000_R2880: step 545 NO_CANDIDATES_GENERATED pairs=23894 evals=1449 600s
[609251.4] PE_E_T2000_R2880: step 546 NO_CANDIDATES_GENERATED pairs=23894 evals=1449 600s
[609251.5] PE_E_T2000_R2880: step 547 NO_CANDIDATES_GENERATED pairs=23894 evals=1449 600s
[609251.6] PE_E_T2000_R2880: step 548 NO_CANDIDATES_GENERATED pairs=23894 evals=1449 600s
[609251.6] PE_E_T2000_R2880: step 549 NO_CANDIDATES_GENERATED pairs=23894 evals=1449 600s
[609255.9] PE_E_T2000_R2880: step 550 ELEVATED pairs=23751 evals=1465 605s
[609255.9] PE_E_T2000_R2880: step 551 NO_CANDIDATES_GENERATED pairs=23751 evals=1465 605s
[609256.0] PE_E_T2000_R2880: step 552 NO_CANDIDATES_GENERATED pairs=23751 evals=1465 605s
[609256.1] PE_E_T2000_R2880: step 553 NO_CANDIDATES_GENERATED pairs=23751 evals=1465 605s
[609256.2] PE_E_T2000_R2880: step 554 NO_CANDIDATES_GENERATED pairs=23751 evals=1465 605s
[609256.2] PE_E_T2000_R2880: step 555 NO_CANDIDATES_GENERATED pairs=23751 evals=1465 605s
[609256.3] PE_E_T2000_R2880: step 556 NO_CANDIDATES_GENERATED pairs=23751 evals=1465 605s
[609256.4] PE_E_T2000_R2880: step 557 NO_CANDIDATES_GENERATED pairs=23751 evals=1465 605s
[609256.5] PE_E_T2000_R2880: step 558 NO_CANDIDATES_GENERATED pairs=23751 evals=1465 605s
[609256.5] PE_E_T2000_R2880: step 559 NO_CANDIDATES_GENERATED pairs=23751 evals=1465 605s
[609263.2] PE_E_T2000_R2880: step 560 ELEVATED pairs=23590 evals=1481 612s
[609263.3] PE_E_T2000_R2880: step 561 NO_CANDIDATES_GENERATED pairs=23590 evals=1481 612s
[609263.3] PE_E_T2000_R2880: step 562 NO_CANDIDATES_GENERATED pairs=23590 evals=1481 612s
[609263.4] PE_E_T2000_R2880: step 563 NO_CANDIDATES_GENERATED pairs=23590 evals=1481 612s
[609263.5] PE_E_T2000_R2880: step 564 NO_CANDIDATES_GENERATED pairs=23590 evals=1481 612s
[609263.6] PE_E_T2000_R2880: step 565 NO_CANDIDATES_GENERATED pairs=23590 evals=1481 612s
[609263.6] PE_E_T2000_R2880: step 566 NO_CANDIDATES_GENERATED pairs=23590 evals=1481 612s
[609263.7] PE_E_T2000_R2880: step 567 NO_CANDIDATES_GENERATED pairs=23590 evals=1481 612s
[609263.8] PE_E_T2000_R2880: step 568 NO_CANDIDATES_GENERATED pairs=23590 evals=1481 612s
[609263.9] PE_E_T2000_R2880: step 569 NO_CANDIDATES_GENERATED pairs=23590 evals=1481 613s
[609268.3] PE_E_T2000_R2880: step 570 ELEVATED pairs=23449 evals=1497 617s
[609268.3] PE_E_T2000_R2880: step 571 NO_CANDIDATES_GENERATED pairs=23449 evals=1497 617s
[609268.4] PE_E_T2000_R2880: step 572 NO_CANDIDATES_GENERATED pairs=23449 evals=1497 617s
[609268.5] PE_E_T2000_R2880: step 573 NO_CANDIDATES_GENERATED pairs=23449 evals=1497 617s
[609268.6] PE_E_T2000_R2880: step 574 NO_CANDIDATES_GENERATED pairs=23449 evals=1497 617s
[609268.7] PE_E_T2000_R2880: step 575 NO_CANDIDATES_GENERATED pairs=23449 evals=1497 617s
[609268.7] PE_E_T2000_R2880: step 576 NO_CANDIDATES_GENERATED pairs=23449 evals=1497 617s
[609268.8] PE_E_T2000_R2880: step 577 NO_CANDIDATES_GENERATED pairs=23449 evals=1497 617s
[609268.9] PE_E_T2000_R2880: step 578 NO_CANDIDATES_GENERATED pairs=23449 evals=1497 618s
[609269.0] PE_E_T2000_R2880: step 579 NO_CANDIDATES_GENERATED pairs=23449 evals=1497 618s
[609277.7] PE_E_T2000_R2880: step 580 ELEVATED pairs=23290 evals=1513 626s
[609277.8] PE_E_T2000_R2880: step 581 NO_CANDIDATES_GENERATED pairs=23290 evals=1513 626s
[609277.9] PE_E_T2000_R2880: step 582 NO_CANDIDATES_GENERATED pairs=23290 evals=1513 627s
[609278.1] PE_E_T2000_R2880: step 583 NO_CANDIDATES_GENERATED pairs=23290 evals=1513 627s
[609278.2] PE_E_T2000_R2880: step 584 NO_CANDIDATES_GENERATED pairs=23290 evals=1513 627s
[609278.3] PE_E_T2000_R2880: step 585 NO_CANDIDATES_GENERATED pairs=23290 evals=1513 627s
[609278.4] PE_E_T2000_R2880: step 586 NO_CANDIDATES_GENERATED pairs=23290 evals=1513 627s
[609278.5] PE_E_T2000_R2880: step 587 NO_CANDIDATES_GENERATED pairs=23290 evals=1513 627s
[609278.6] PE_E_T2000_R2880: step 588 NO_CANDIDATES_GENERATED pairs=23290 evals=1513 627s
[609278.7] PE_E_T2000_R2880: step 589 NO_CANDIDATES_GENERATED pairs=23290 evals=1513 627s
[609284.6] PE_E_T2000_R2880: step 590 ELEVATED pairs=23157 evals=1529 633s
[609284.7] PE_E_T2000_R2880: step 591 NO_CANDIDATES_GENERATED pairs=23157 evals=1529 633s
[609284.8] PE_E_T2000_R2880: step 592 NO_CANDIDATES_GENERATED pairs=23157 evals=1529 633s
[609284.9] PE_E_T2000_R2880: step 593 NO_CANDIDATES_GENERATED pairs=23157 evals=1529 634s
[609285.1] PE_E_T2000_R2880: step 594 NO_CANDIDATES_GENERATED pairs=23157 evals=1529 634s
[609285.2] PE_E_T2000_R2880: step 595 NO_CANDIDATES_GENERATED pairs=23157 evals=1529 634s
[609285.4] PE_E_T2000_R2880: step 596 NO_CANDIDATES_GENERATED pairs=23157 evals=1529 634s
[609285.5] PE_E_T2000_R2880: step 597 NO_CANDIDATES_GENERATED pairs=23157 evals=1529 634s
[609285.6] PE_E_T2000_R2880: step 598 NO_CANDIDATES_GENERATED pairs=23157 evals=1529 634s
[609285.7] PE_E_T2000_R2880: step 599 NO_CANDIDATES_GENERATED pairs=23157 evals=1529 634s
[609294.2] PE_E_T2000_R2880: step 600 ELEVATED pairs=23000 evals=1545 643s
[609294.3] PE_E_T2000_R2880: step 601 NO_CANDIDATES_GENERATED pairs=23000 evals=1545 643s
[609294.3] PE_E_T2000_R2880: step 602 NO_CANDIDATES_GENERATED pairs=23000 evals=1545 643s
[609294.4] PE_E_T2000_R2880: step 603 NO_CANDIDATES_GENERATED pairs=23000 evals=1545 643s
[609294.5] PE_E_T2000_R2880: step 604 NO_CANDIDATES_GENERATED pairs=23000 evals=1545 643s
[609294.6] PE_E_T2000_R2880: step 605 NO_CANDIDATES_GENERATED pairs=23000 evals=1545 643s
[609294.7] PE_E_T2000_R2880: step 606 NO_CANDIDATES_GENERATED pairs=23000 evals=1545 643s
[609294.7] PE_E_T2000_R2880: step 607 NO_CANDIDATES_GENERATED pairs=23000 evals=1545 643s
[609294.8] PE_E_T2000_R2880: step 608 NO_CANDIDATES_GENERATED pairs=23000 evals=1545 643s
[609294.9] PE_E_T2000_R2880: step 609 NO_CANDIDATES_GENERATED pairs=23000 evals=1545 644s
[609299.4] PE_E_T2000_R2880: step 610 ELEVATED pairs=22861 evals=1561 648s
[609299.5] PE_E_T2000_R2880: step 611 NO_CANDIDATES_GENERATED pairs=22861 evals=1561 648s
[609299.5] PE_E_T2000_R2880: step 612 NO_CANDIDATES_GENERATED pairs=22861 evals=1561 648s
[609299.6] PE_E_T2000_R2880: step 613 NO_CANDIDATES_GENERATED pairs=22861 evals=1561 648s
[609299.7] PE_E_T2000_R2880: step 614 NO_CANDIDATES_GENERATED pairs=22861 evals=1561 648s
[609299.8] PE_E_T2000_R2880: step 615 NO_CANDIDATES_GENERATED pairs=22861 evals=1561 648s
[609299.8] PE_E_T2000_R2880: step 616 NO_CANDIDATES_GENERATED pairs=22861 evals=1561 648s
[609299.9] PE_E_T2000_R2880: step 617 NO_CANDIDATES_GENERATED pairs=22861 evals=1561 649s
[609300.0] PE_E_T2000_R2880: step 618 NO_CANDIDATES_GENERATED pairs=22861 evals=1561 649s
[609300.1] PE_E_T2000_R2880: step 619 NO_CANDIDATES_GENERATED pairs=22861 evals=1561 649s
[609303.6] PE_E_T2000_R2880: step 620 ELEVATED pairs=22730 evals=1577 652s
[609303.7] PE_E_T2000_R2880: step 621 NO_CANDIDATES_GENERATED pairs=22730 evals=1577 652s
[609303.8] PE_E_T2000_R2880: step 622 NO_CANDIDATES_GENERATED pairs=22730 evals=1577 652s
[609303.9] PE_E_T2000_R2880: step 623 NO_CANDIDATES_GENERATED pairs=22730 evals=1577 653s
[609303.9] PE_E_T2000_R2880: step 624 NO_CANDIDATES_GENERATED pairs=22730 evals=1577 653s
[609304.0] PE_E_T2000_R2880: step 625 NO_CANDIDATES_GENERATED pairs=22730 evals=1577 653s
[609304.0] PE_E_T2000_R2880: step 626 NO_CANDIDATES_GENERATED pairs=22730 evals=1577 653s
[609304.1] PE_E_T2000_R2880: step 627 NO_CANDIDATES_GENERATED pairs=22730 evals=1577 653s
[609304.2] PE_E_T2000_R2880: step 628 NO_CANDIDATES_GENERATED pairs=22730 evals=1577 653s
[609304.2] PE_E_T2000_R2880: step 629 NO_CANDIDATES_GENERATED pairs=22730 evals=1577 653s
[609311.0] PE_E_T2000_R2880: step 630 ELEVATED pairs=22575 evals=1593 660s
[609311.0] PE_E_T2000_R2880: step 631 NO_CANDIDATES_GENERATED pairs=22575 evals=1593 660s
[609311.1] PE_E_T2000_R2880: step 632 NO_CANDIDATES_GENERATED pairs=22575 evals=1593 660s
[609311.2] PE_E_T2000_R2880: step 633 NO_CANDIDATES_GENERATED pairs=22575 evals=1593 660s
[609311.3] PE_E_T2000_R2880: step 634 NO_CANDIDATES_GENERATED pairs=22575 evals=1593 660s
[609311.4] PE_E_T2000_R2880: step 635 NO_CANDIDATES_GENERATED pairs=22575 evals=1593 660s
[609311.5] PE_E_T2000_R2880: step 636 NO_CANDIDATES_GENERATED pairs=22575 evals=1593 660s
[609311.5] PE_E_T2000_R2880: step 637 NO_CANDIDATES_GENERATED pairs=22575 evals=1593 660s
[609311.6] PE_E_T2000_R2880: step 638 NO_CANDIDATES_GENERATED pairs=22575 evals=1593 660s
[609311.7] PE_E_T2000_R2880: step 639 NO_CANDIDATES_GENERATED pairs=22575 evals=1593 660s
[609316.7] PE_E_T2000_R2880: step 640 ELEVATED pairs=22459 evals=1609 665s
[609316.7] PE_E_T2000_R2880: step 641 NO_CANDIDATES_GENERATED pairs=22459 evals=1609 665s
[609316.8] PE_E_T2000_R2880: step 642 NO_CANDIDATES_GENERATED pairs=22459 evals=1609 665s
[609316.9] PE_E_T2000_R2880: step 643 NO_CANDIDATES_GENERATED pairs=22459 evals=1609 666s
[609316.9] PE_E_T2000_R2880: step 644 NO_CANDIDATES_GENERATED pairs=22459 evals=1609 666s
[609317.0] PE_E_T2000_R2880: step 645 NO_CANDIDATES_GENERATED pairs=22459 evals=1609 666s
[609317.1] PE_E_T2000_R2880: step 646 NO_CANDIDATES_GENERATED pairs=22459 evals=1609 666s
[609317.1] PE_E_T2000_R2880: step 647 NO_CANDIDATES_GENERATED pairs=22459 evals=1609 666s
[609317.2] PE_E_T2000_R2880: step 648 NO_CANDIDATES_GENERATED pairs=22459 evals=1609 666s
[609317.3] PE_E_T2000_R2880: step 649 NO_CANDIDATES_GENERATED pairs=22459 evals=1609 666s
[609321.8] PE_E_T2000_R2880: step 650 ELEVATED pairs=22345 evals=1625 671s
[609321.9] PE_E_T2000_R2880: step 651 NO_CANDIDATES_GENERATED pairs=22345 evals=1625 671s
[609322.0] PE_E_T2000_R2880: step 652 NO_CANDIDATES_GENERATED pairs=22345 evals=1625 671s
[609322.0] PE_E_T2000_R2880: step 653 NO_CANDIDATES_GENERATED pairs=22345 evals=1625 671s
[609322.1] PE_E_T2000_R2880: step 654 NO_CANDIDATES_GENERATED pairs=22345 evals=1625 671s
[609322.2] PE_E_T2000_R2880: step 655 NO_CANDIDATES_GENERATED pairs=22345 evals=1625 671s
[609322.3] PE_E_T2000_R2880: step 656 NO_CANDIDATES_GENERATED pairs=22345 evals=1625 671s
[609322.3] PE_E_T2000_R2880: step 657 NO_CANDIDATES_GENERATED pairs=22345 evals=1625 671s
[609322.4] PE_E_T2000_R2880: step 658 NO_CANDIDATES_GENERATED pairs=22345 evals=1625 671s
[609322.5] PE_E_T2000_R2880: step 659 NO_CANDIDATES_GENERATED pairs=22345 evals=1625 671s
[609327.0] PE_E_T2000_R2880: step 660 ELEVATED pairs=22233 evals=1641 676s
[609327.0] PE_E_T2000_R2880: step 661 NO_CANDIDATES_GENERATED pairs=22233 evals=1641 676s
[609327.1] PE_E_T2000_R2880: step 662 NO_CANDIDATES_GENERATED pairs=22233 evals=1641 676s
[609327.2] PE_E_T2000_R2880: step 663 NO_CANDIDATES_GENERATED pairs=22233 evals=1641 676s
[609327.2] PE_E_T2000_R2880: step 664 NO_CANDIDATES_GENERATED pairs=22233 evals=1641 676s
[609327.3] PE_E_T2000_R2880: step 665 NO_CANDIDATES_GENERATED pairs=22233 evals=1641 676s
[609327.4] PE_E_T2000_R2880: step 666 NO_CANDIDATES_GENERATED pairs=22233 evals=1641 676s
[609327.4] PE_E_T2000_R2880: step 667 NO_CANDIDATES_GENERATED pairs=22233 evals=1641 676s
[609327.5] PE_E_T2000_R2880: step 668 NO_CANDIDATES_GENERATED pairs=22233 evals=1641 676s
[609327.6] PE_E_T2000_R2880: step 669 NO_CANDIDATES_GENERATED pairs=22233 evals=1641 676s
[609332.3] PE_E_T2000_R2880: step 670 ELEVATED pairs=22123 evals=1657 681s
[609332.4] PE_E_T2000_R2880: step 671 NO_CANDIDATES_GENERATED pairs=22123 evals=1657 681s
[609332.5] PE_E_T2000_R2880: step 672 NO_CANDIDATES_GENERATED pairs=22123 evals=1657 681s
[609332.5] PE_E_T2000_R2880: step 673 NO_CANDIDATES_GENERATED pairs=22123 evals=1657 681s
[609332.6] PE_E_T2000_R2880: step 674 NO_CANDIDATES_GENERATED pairs=22123 evals=1657 681s
[609332.7] PE_E_T2000_R2880: step 675 NO_CANDIDATES_GENERATED pairs=22123 evals=1657 681s
[609332.7] PE_E_T2000_R2880: step 676 NO_CANDIDATES_GENERATED pairs=22123 evals=1657 681s
[609332.8] PE_E_T2000_R2880: step 677 NO_CANDIDATES_GENERATED pairs=22123 evals=1657 681s
[609332.9] PE_E_T2000_R2880: step 678 NO_CANDIDATES_GENERATED pairs=22123 evals=1657 682s
[609332.9] PE_E_T2000_R2880: step 679 NO_CANDIDATES_GENERATED pairs=22123 evals=1657 682s
[609337.5] PE_E_T2000_R2880: step 680 ELEVATED pairs=22015 evals=1673 686s
[609337.6] PE_E_T2000_R2880: step 681 NO_CANDIDATES_GENERATED pairs=22015 evals=1673 686s
[609337.7] PE_E_T2000_R2880: step 682 NO_CANDIDATES_GENERATED pairs=22015 evals=1673 686s
[609337.7] PE_E_T2000_R2880: step 683 NO_CANDIDATES_GENERATED pairs=22015 evals=1673 686s
[609337.8] PE_E_T2000_R2880: step 684 NO_CANDIDATES_GENERATED pairs=22015 evals=1673 686s
[609337.9] PE_E_T2000_R2880: step 685 NO_CANDIDATES_GENERATED pairs=22015 evals=1673 687s
[609337.9] PE_E_T2000_R2880: step 686 NO_CANDIDATES_GENERATED pairs=22015 evals=1673 687s
[609338.0] PE_E_T2000_R2880: step 687 NO_CANDIDATES_GENERATED pairs=22015 evals=1673 687s
[609338.1] PE_E_T2000_R2880: step 688 NO_CANDIDATES_GENERATED pairs=22015 evals=1673 687s
[609338.2] PE_E_T2000_R2880: step 689 NO_CANDIDATES_GENERATED pairs=22015 evals=1673 687s
[609342.2] PE_E_T2000_R2880: step 690 ELEVATED pairs=21846 evals=1689 691s
[609342.3] PE_E_T2000_R2880: step 691 NO_CANDIDATES_GENERATED pairs=21846 evals=1689 691s
[609342.3] PE_E_T2000_R2880: step 692 NO_CANDIDATES_GENERATED pairs=21846 evals=1689 691s
[609342.4] PE_E_T2000_R2880: step 693 NO_CANDIDATES_GENERATED pairs=21846 evals=1689 691s
[609342.5] PE_E_T2000_R2880: step 694 NO_CANDIDATES_GENERATED pairs=21846 evals=1689 691s
[609342.5] PE_E_T2000_R2880: step 695 NO_CANDIDATES_GENERATED pairs=21846 evals=1689 691s
[609342.6] PE_E_T2000_R2880: step 696 NO_CANDIDATES_GENERATED pairs=21846 evals=1689 691s
[609342.7] PE_E_T2000_R2880: step 697 NO_CANDIDATES_GENERATED pairs=21846 evals=1689 691s
[609342.7] PE_E_T2000_R2880: step 698 NO_CANDIDATES_GENERATED pairs=21846 evals=1689 691s
[609342.8] PE_E_T2000_R2880: step 699 NO_CANDIDATES_GENERATED pairs=21846 evals=1689 691s
[609347.2] PE_E_T2000_R2880: step 700 ELEVATED pairs=21699 evals=1705 696s
[609347.3] PE_E_T2000_R2880: step 701 NO_CANDIDATES_GENERATED pairs=21699 evals=1705 696s
[609347.4] PE_E_T2000_R2880: step 702 NO_CANDIDATES_GENERATED pairs=21699 evals=1705 696s
[609347.4] PE_E_T2000_R2880: step 703 NO_CANDIDATES_GENERATED pairs=21699 evals=1705 696s
[609347.5] PE_E_T2000_R2880: step 704 NO_CANDIDATES_GENERATED pairs=21699 evals=1705 696s
[609347.6] PE_E_T2000_R2880: step 705 NO_CANDIDATES_GENERATED pairs=21699 evals=1705 696s
[609347.6] PE_E_T2000_R2880: step 706 NO_CANDIDATES_GENERATED pairs=21699 evals=1705 696s
[609347.7] PE_E_T2000_R2880: step 707 NO_CANDIDATES_GENERATED pairs=21699 evals=1705 696s
[609347.8] PE_E_T2000_R2880: step 708 NO_CANDIDATES_GENERATED pairs=21699 evals=1705 696s
[609347.8] PE_E_T2000_R2880: step 709 NO_CANDIDATES_GENERATED pairs=21699 evals=1705 696s
[609351.7] PE_E_T2000_R2880: step 710 ELEVATED pairs=21599 evals=1721 700s
[609351.8] PE_E_T2000_R2880: step 711 NO_CANDIDATES_GENERATED pairs=21599 evals=1721 700s
[609351.9] PE_E_T2000_R2880: step 712 NO_CANDIDATES_GENERATED pairs=21599 evals=1721 701s
[609351.9] PE_E_T2000_R2880: step 713 NO_CANDIDATES_GENERATED pairs=21599 evals=1721 701s
[609352.0] PE_E_T2000_R2880: step 714 NO_CANDIDATES_GENERATED pairs=21599 evals=1721 701s
[609352.1] PE_E_T2000_R2880: step 715 NO_CANDIDATES_GENERATED pairs=21599 evals=1721 701s
[609352.1] PE_E_T2000_R2880: step 716 NO_CANDIDATES_GENERATED pairs=21599 evals=1721 701s
[609352.2] PE_E_T2000_R2880: step 717 NO_CANDIDATES_GENERATED pairs=21599 evals=1721 701s
[609352.2] PE_E_T2000_R2880: step 718 NO_CANDIDATES_GENERATED pairs=21599 evals=1721 701s
[609352.3] PE_E_T2000_R2880: step 719 NO_CANDIDATES_GENERATED pairs=21599 evals=1721 701s
[609352.4] PE_E_T2000_R2880: step 720 NO_CANDIDATES_GENERATED pairs=21599 evals=1721 701s
[609352.4] PE_E_T2000_R2880: step 721 NO_CANDIDATES_GENERATED pairs=21599 evals=1721 701s
[609352.5] PE_E_T2000_R2880: step 722 NO_CANDIDATES_GENERATED pairs=21599 evals=1721 701s
[609352.5] PE_E_T2000_R2880: step 723 NO_CANDIDATES_GENERATED pairs=21599 evals=1721 701s
[609356.5] PE_E_T2000_R2880: step 724 ELEVATED pairs=21450 evals=1737 705s
[609356.6] PE_E_T2000_R2880: step 725 NO_CANDIDATES_GENERATED pairs=21450 evals=1737 705s
[609356.7] PE_E_T2000_R2880: step 726 NO_CANDIDATES_GENERATED pairs=21450 evals=1737 705s
[609356.7] PE_E_T2000_R2880: step 727 NO_CANDIDATES_GENERATED pairs=21450 evals=1737 705s
[609356.8] PE_E_T2000_R2880: step 728 NO_CANDIDATES_GENERATED pairs=21450 evals=1737 705s
[609356.8] PE_E_T2000_R2880: step 729 NO_CANDIDATES_GENERATED pairs=21450 evals=1737 706s
[609356.9] PE_E_T2000_R2880: step 730 NO_CANDIDATES_GENERATED pairs=21450 evals=1737 706s
[609357.0] PE_E_T2000_R2880: step 731 NO_CANDIDATES_GENERATED pairs=21450 evals=1737 706s
[609357.0] PE_E_T2000_R2880: step 732 NO_CANDIDATES_GENERATED pairs=21450 evals=1737 706s
[609357.1] PE_E_T2000_R2880: step 733 NO_CANDIDATES_GENERATED pairs=21450 evals=1737 706s
[609357.2] PE_E_T2000_R2880: step 734 NO_CANDIDATES_GENERATED pairs=21450 evals=1737 706s
[609357.2] PE_E_T2000_R2880: step 735 NO_CANDIDATES_GENERATED pairs=21450 evals=1737 706s
[609357.3] PE_E_T2000_R2880: step 736 NO_CANDIDATES_GENERATED pairs=21450 evals=1737 706s
[609357.3] PE_E_T2000_R2880: step 737 NO_CANDIDATES_GENERATED pairs=21450 evals=1737 706s
[609360.5] PE_E_T2000_R2880: step 738 ELEVATED pairs=21325 evals=1753 709s
[609360.6] PE_E_T2000_R2880: step 739 NO_CANDIDATES_GENERATED pairs=21325 evals=1753 709s
[609360.6] PE_E_T2000_R2880: step 740 NO_CANDIDATES_GENERATED pairs=21325 evals=1753 709s
[609360.7] PE_E_T2000_R2880: step 741 NO_CANDIDATES_GENERATED pairs=21325 evals=1753 709s
[609360.8] PE_E_T2000_R2880: step 742 NO_CANDIDATES_GENERATED pairs=21325 evals=1753 709s
[609360.8] PE_E_T2000_R2880: step 743 NO_CANDIDATES_GENERATED pairs=21325 evals=1753 709s
[609360.9] PE_E_T2000_R2880: step 744 NO_CANDIDATES_GENERATED pairs=21325 evals=1753 710s
[609360.9] PE_E_T2000_R2880: step 745 NO_CANDIDATES_GENERATED pairs=21325 evals=1753 710s
[609361.0] PE_E_T2000_R2880: step 746 NO_CANDIDATES_GENERATED pairs=21325 evals=1753 710s
[609361.1] PE_E_T2000_R2880: step 747 NO_CANDIDATES_GENERATED pairs=21325 evals=1753 710s
[609361.1] PE_E_T2000_R2880: step 748 NO_CANDIDATES_GENERATED pairs=21325 evals=1753 710s
[609361.2] PE_E_T2000_R2880: step 749 NO_CANDIDATES_GENERATED pairs=21325 evals=1753 710s
[609361.3] PE_E_T2000_R2880: step 750 NO_CANDIDATES_GENERATED pairs=21325 evals=1753 710s
[609361.3] PE_E_T2000_R2880: step 751 NO_CANDIDATES_GENERATED pairs=21325 evals=1753 710s
[609364.6] PE_E_T2000_R2880: step 752 ELEVATED pairs=21202 evals=1769 713s
[609364.6] PE_E_T2000_R2880: step 753 NO_CANDIDATES_GENERATED pairs=21202 evals=1769 713s
[609364.7] PE_E_T2000_R2880: step 754 NO_CANDIDATES_GENERATED pairs=21202 evals=1769 713s
[609364.8] PE_E_T2000_R2880: step 755 NO_CANDIDATES_GENERATED pairs=21202 evals=1769 713s
[609364.8] PE_E_T2000_R2880: step 756 NO_CANDIDATES_GENERATED pairs=21202 evals=1769 714s
[609364.9] PE_E_T2000_R2880: step 757 NO_CANDIDATES_GENERATED pairs=21202 evals=1769 714s
[609365.0] PE_E_T2000_R2880: step 758 NO_CANDIDATES_GENERATED pairs=21202 evals=1769 714s
[609365.0] PE_E_T2000_R2880: step 759 NO_CANDIDATES_GENERATED pairs=21202 evals=1769 714s
[609365.1] PE_E_T2000_R2880: step 760 NO_CANDIDATES_GENERATED pairs=21202 evals=1769 714s
[609365.1] PE_E_T2000_R2880: step 761 NO_CANDIDATES_GENERATED pairs=21202 evals=1769 714s
[609365.2] PE_E_T2000_R2880: step 762 NO_CANDIDATES_GENERATED pairs=21202 evals=1769 714s
[609365.3] PE_E_T2000_R2880: step 763 NO_CANDIDATES_GENERATED pairs=21202 evals=1769 714s
[609365.3] PE_E_T2000_R2880: step 764 NO_CANDIDATES_GENERATED pairs=21202 evals=1769 714s
[609365.4] PE_E_T2000_R2880: step 765 NO_CANDIDATES_GENERATED pairs=21202 evals=1769 714s
[609370.4] PE_E_T2000_R2880: step 766 ELEVATED pairs=21137 evals=1785 719s
[609370.4] PE_E_T2000_R2880: step 767 NO_CANDIDATES_GENERATED pairs=21137 evals=1785 719s
[609370.5] PE_E_T2000_R2880: step 768 NO_CANDIDATES_GENERATED pairs=21137 evals=1785 719s
[609370.6] PE_E_T2000_R2880: step 769 NO_CANDIDATES_GENERATED pairs=21137 evals=1785 719s
[609370.6] PE_E_T2000_R2880: step 770 NO_CANDIDATES_GENERATED pairs=21137 evals=1785 719s
[609370.7] PE_E_T2000_R2880: step 771 NO_CANDIDATES_GENERATED pairs=21137 evals=1785 719s
[609370.7] PE_E_T2000_R2880: step 772 NO_CANDIDATES_GENERATED pairs=21137 evals=1785 719s
[609370.8] PE_E_T2000_R2880: step 773 NO_CANDIDATES_GENERATED pairs=21137 evals=1785 719s
[609370.9] PE_E_T2000_R2880: step 774 NO_CANDIDATES_GENERATED pairs=21137 evals=1785 720s
[609370.9] PE_E_T2000_R2880: step 775 NO_CANDIDATES_GENERATED pairs=21137 evals=1785 720s
[609371.0] PE_E_T2000_R2880: step 776 NO_CANDIDATES_GENERATED pairs=21137 evals=1785 720s
[609371.1] PE_E_T2000_R2880: step 777 NO_CANDIDATES_GENERATED pairs=21137 evals=1785 720s
[609371.1] PE_E_T2000_R2880: step 778 NO_CANDIDATES_GENERATED pairs=21137 evals=1785 720s
[609371.2] PE_E_T2000_R2880: step 779 NO_CANDIDATES_GENERATED pairs=21137 evals=1785 720s
[609375.9] PE_E_T2000_R2880: step 780 ELEVATED pairs=21043 evals=1801 725s
[609376.0] PE_E_T2000_R2880: step 781 NO_CANDIDATES_GENERATED pairs=21043 evals=1801 725s
[609376.1] PE_E_T2000_R2880: step 782 NO_CANDIDATES_GENERATED pairs=21043 evals=1801 725s
[609376.1] PE_E_T2000_R2880: step 783 NO_CANDIDATES_GENERATED pairs=21043 evals=1801 725s
[609376.2] PE_E_T2000_R2880: step 784 NO_CANDIDATES_GENERATED pairs=21043 evals=1801 725s
[609376.2] PE_E_T2000_R2880: step 785 NO_CANDIDATES_GENERATED pairs=21043 evals=1801 725s
[609376.3] PE_E_T2000_R2880: step 786 NO_CANDIDATES_GENERATED pairs=21043 evals=1801 725s
[609376.4] PE_E_T2000_R2880: step 787 NO_CANDIDATES_GENERATED pairs=21043 evals=1801 725s
[609376.4] PE_E_T2000_R2880: step 788 NO_CANDIDATES_GENERATED pairs=21043 evals=1801 725s
[609376.5] PE_E_T2000_R2880: step 789 NO_CANDIDATES_GENERATED pairs=21043 evals=1801 725s
[609376.6] PE_E_T2000_R2880: step 790 NO_CANDIDATES_GENERATED pairs=21043 evals=1801 725s
[609376.6] PE_E_T2000_R2880: step 791 NO_CANDIDATES_GENERATED pairs=21043 evals=1801 725s
[609376.7] PE_E_T2000_R2880: step 792 NO_CANDIDATES_GENERATED pairs=21043 evals=1801 725s
[609376.7] PE_E_T2000_R2880: step 793 NO_CANDIDATES_GENERATED pairs=21043 evals=1801 725s
[609381.0] PE_E_T2000_R2880: step 794 ELEVATED pairs=20947 evals=1817 730s
[609381.1] PE_E_T2000_R2880: step 795 NO_CANDIDATES_GENERATED pairs=20947 evals=1817 730s
[609381.1] PE_E_T2000_R2880: step 796 NO_CANDIDATES_GENERATED pairs=20947 evals=1817 730s
[609381.2] PE_E_T2000_R2880: step 797 NO_CANDIDATES_GENERATED pairs=20947 evals=1817 730s
[609381.2] PE_E_T2000_R2880: step 798 NO_CANDIDATES_GENERATED pairs=20947 evals=1817 730s
[609381.3] PE_E_T2000_R2880: step 799 NO_CANDIDATES_GENERATED pairs=20947 evals=1817 730s
[609381.3] PE_E_T2000_R2880: step 800 NO_CANDIDATES_GENERATED pairs=20947 evals=1817 730s
[609381.4] PE_E_T2000_R2880: step 801 NO_CANDIDATES_GENERATED pairs=20947 evals=1817 730s
[609381.5] PE_E_T2000_R2880: step 802 NO_CANDIDATES_GENERATED pairs=20947 evals=1817 730s
[609381.5] PE_E_T2000_R2880: step 803 NO_CANDIDATES_GENERATED pairs=20947 evals=1817 730s
[609381.6] PE_E_T2000_R2880: step 804 NO_CANDIDATES_GENERATED pairs=20947 evals=1817 730s
[609381.6] PE_E_T2000_R2880: step 805 NO_CANDIDATES_GENERATED pairs=20947 evals=1817 730s
[609381.7] PE_E_T2000_R2880: step 806 NO_CANDIDATES_GENERATED pairs=20947 evals=1817 730s
[609381.8] PE_E_T2000_R2880: step 807 NO_CANDIDATES_GENERATED pairs=20947 evals=1817 730s
[609386.5] PE_E_T2000_R2880: step 808 ELEVATED pairs=20857 evals=1833 735s
[609386.6] PE_E_T2000_R2880: step 809 NO_CANDIDATES_GENERATED pairs=20857 evals=1833 735s
[609386.7] PE_E_T2000_R2880: step 810 NO_CANDIDATES_GENERATED pairs=20857 evals=1833 735s
[609386.8] PE_E_T2000_R2880: step 811 NO_CANDIDATES_GENERATED pairs=20857 evals=1833 735s
[609386.8] PE_E_T2000_R2880: step 812 NO_CANDIDATES_GENERATED pairs=20857 evals=1833 735s
[609386.9] PE_E_T2000_R2880: step 813 NO_CANDIDATES_GENERATED pairs=20857 evals=1833 736s
[609387.0] PE_E_T2000_R2880: step 814 NO_CANDIDATES_GENERATED pairs=20857 evals=1833 736s
[609387.0] PE_E_T2000_R2880: step 815 NO_CANDIDATES_GENERATED pairs=20857 evals=1833 736s
[609387.1] PE_E_T2000_R2880: step 816 NO_CANDIDATES_GENERATED pairs=20857 evals=1833 736s
[609387.2] PE_E_T2000_R2880: step 817 NO_CANDIDATES_GENERATED pairs=20857 evals=1833 736s
[609387.2] PE_E_T2000_R2880: step 818 NO_CANDIDATES_GENERATED pairs=20857 evals=1833 736s
[609387.3] PE_E_T2000_R2880: step 819 NO_CANDIDATES_GENERATED pairs=20857 evals=1833 736s
[609387.4] PE_E_T2000_R2880: step 820 NO_CANDIDATES_GENERATED pairs=20857 evals=1833 736s
[609387.5] PE_E_T2000_R2880: step 821 NO_CANDIDATES_GENERATED pairs=20857 evals=1833 736s
[609391.3] PE_E_T2000_R2880: step 822 ELEVATED pairs=20742 evals=1849 740s
[609391.3] PE_E_T2000_R2880: step 823 NO_CANDIDATES_GENERATED pairs=20742 evals=1849 740s
[609391.4] PE_E_T2000_R2880: step 824 NO_CANDIDATES_GENERATED pairs=20742 evals=1849 740s
[609391.5] PE_E_T2000_R2880: step 825 NO_CANDIDATES_GENERATED pairs=20742 evals=1849 740s
[609391.5] PE_E_T2000_R2880: step 826 NO_CANDIDATES_GENERATED pairs=20742 evals=1849 740s
[609391.6] PE_E_T2000_R2880: step 827 NO_CANDIDATES_GENERATED pairs=20742 evals=1849 740s
[609391.6] PE_E_T2000_R2880: step 828 NO_CANDIDATES_GENERATED pairs=20742 evals=1849 740s
[609391.7] PE_E_T2000_R2880: step 829 NO_CANDIDATES_GENERATED pairs=20742 evals=1849 740s
[609391.8] PE_E_T2000_R2880: step 830 NO_CANDIDATES_GENERATED pairs=20742 evals=1849 740s
[609391.8] PE_E_T2000_R2880: step 831 NO_CANDIDATES_GENERATED pairs=20742 evals=1849 740s
[609391.9] PE_E_T2000_R2880: step 832 NO_CANDIDATES_GENERATED pairs=20742 evals=1849 741s
[609392.0] PE_E_T2000_R2880: step 833 NO_CANDIDATES_GENERATED pairs=20742 evals=1849 741s
[609392.0] PE_E_T2000_R2880: step 834 NO_CANDIDATES_GENERATED pairs=20742 evals=1849 741s
[609392.1] PE_E_T2000_R2880: step 835 NO_CANDIDATES_GENERATED pairs=20742 evals=1849 741s
[609397.5] PE_E_T2000_R2880: step 836 ELEVATED pairs=20655 evals=1865 746s
[609397.6] PE_E_T2000_R2880: step 837 NO_CANDIDATES_GENERATED pairs=20655 evals=1865 746s
[609397.7] PE_E_T2000_R2880: step 838 NO_CANDIDATES_GENERATED pairs=20655 evals=1865 746s
[609397.7] PE_E_T2000_R2880: step 839 NO_CANDIDATES_GENERATED pairs=20655 evals=1865 746s
[609397.8] PE_E_T2000_R2880: step 840 NO_CANDIDATES_GENERATED pairs=20655 evals=1865 746s
[609397.9] PE_E_T2000_R2880: step 841 NO_CANDIDATES_GENERATED pairs=20655 evals=1865 747s
[609398.0] PE_E_T2000_R2880: step 842 NO_CANDIDATES_GENERATED pairs=20655 evals=1865 747s
[609398.0] PE_E_T2000_R2880: step 843 NO_CANDIDATES_GENERATED pairs=20655 evals=1865 747s
[609398.1] PE_E_T2000_R2880: step 844 NO_CANDIDATES_GENERATED pairs=20655 evals=1865 747s
[609398.2] PE_E_T2000_R2880: step 845 NO_CANDIDATES_GENERATED pairs=20655 evals=1865 747s
[609398.2] PE_E_T2000_R2880: step 846 NO_CANDIDATES_GENERATED pairs=20655 evals=1865 747s
[609398.3] PE_E_T2000_R2880: step 847 NO_CANDIDATES_GENERATED pairs=20655 evals=1865 747s
[609398.4] PE_E_T2000_R2880: step 848 NO_CANDIDATES_GENERATED pairs=20655 evals=1865 747s
[609398.4] PE_E_T2000_R2880: step 849 NO_CANDIDATES_GENERATED pairs=20655 evals=1865 747s
[609398.5] PE_E_T2000_R2880: step 850 NO_CANDIDATES_GENERATED pairs=20655 evals=1865 747s
[609402.6] PE_E_T2000_R2880: step 851 ELEVATED pairs=20542 evals=1881 751s
[609402.7] PE_E_T2000_R2880: step 852 NO_CANDIDATES_GENERATED pairs=20542 evals=1881 751s
[609402.8] PE_E_T2000_R2880: step 853 NO_CANDIDATES_GENERATED pairs=20542 evals=1881 751s
[609402.8] PE_E_T2000_R2880: step 854 NO_CANDIDATES_GENERATED pairs=20542 evals=1881 751s
[609402.9] PE_E_T2000_R2880: step 855 NO_CANDIDATES_GENERATED pairs=20542 evals=1881 752s
[609402.9] PE_E_T2000_R2880: step 856 NO_CANDIDATES_GENERATED pairs=20542 evals=1881 752s
[609403.0] PE_E_T2000_R2880: step 857 NO_CANDIDATES_GENERATED pairs=20542 evals=1881 752s
[609403.1] PE_E_T2000_R2880: step 858 NO_CANDIDATES_GENERATED pairs=20542 evals=1881 752s
[609403.2] PE_E_T2000_R2880: step 859 NO_CANDIDATES_GENERATED pairs=20542 evals=1881 752s
[609403.2] PE_E_T2000_R2880: step 860 NO_CANDIDATES_GENERATED pairs=20542 evals=1881 752s
[609403.3] PE_E_T2000_R2880: step 861 NO_CANDIDATES_GENERATED pairs=20542 evals=1881 752s
[609403.3] PE_E_T2000_R2880: step 862 NO_CANDIDATES_GENERATED pairs=20542 evals=1881 752s
[609403.4] PE_E_T2000_R2880: step 863 NO_CANDIDATES_GENERATED pairs=20542 evals=1881 752s
[609403.5] PE_E_T2000_R2880: step 864 NO_CANDIDATES_GENERATED pairs=20542 evals=1881 752s
[609409.7] PE_E_T2000_R2880: step 865 ELEVATED pairs=20410 evals=1897 758s
[609409.7] PE_E_T2000_R2880: step 866 NO_CANDIDATES_GENERATED pairs=20410 evals=1897 758s
[609409.8] PE_E_T2000_R2880: step 867 NO_CANDIDATES_GENERATED pairs=20410 evals=1897 758s
[609409.9] PE_E_T2000_R2880: step 868 NO_CANDIDATES_GENERATED pairs=20410 evals=1897 759s
[609409.9] PE_E_T2000_R2880: step 869 NO_CANDIDATES_GENERATED pairs=20410 evals=1897 759s
[609410.0] PE_E_T2000_R2880: step 870 NO_CANDIDATES_GENERATED pairs=20410 evals=1897 759s
[609410.1] PE_E_T2000_R2880: step 871 NO_CANDIDATES_GENERATED pairs=20410 evals=1897 759s
[609410.1] PE_E_T2000_R2880: step 872 NO_CANDIDATES_GENERATED pairs=20410 evals=1897 759s
[609410.2] PE_E_T2000_R2880: step 873 NO_CANDIDATES_GENERATED pairs=20410 evals=1897 759s
[609410.3] PE_E_T2000_R2880: step 874 NO_CANDIDATES_GENERATED pairs=20410 evals=1897 759s
[609410.3] PE_E_T2000_R2880: step 875 NO_CANDIDATES_GENERATED pairs=20410 evals=1897 759s
[609410.4] PE_E_T2000_R2880: step 876 NO_CANDIDATES_GENERATED pairs=20410 evals=1897 759s
[609410.5] PE_E_T2000_R2880: step 877 NO_CANDIDATES_GENERATED pairs=20410 evals=1897 759s
[609410.6] PE_E_T2000_R2880: step 878 NO_CANDIDATES_GENERATED pairs=20410 evals=1897 759s
[609410.6] PE_E_T2000_R2880: step 879 NO_CANDIDATES_GENERATED pairs=20410 evals=1897 759s
[609414.3] PE_E_T2000_R2880: step 880 ELEVATED pairs=20327 evals=1913 763s
[609414.4] PE_E_T2000_R2880: step 881 NO_CANDIDATES_GENERATED pairs=20327 evals=1913 763s
[609414.5] PE_E_T2000_R2880: step 882 NO_CANDIDATES_GENERATED pairs=20327 evals=1913 763s
[609414.6] PE_E_T2000_R2880: step 883 NO_CANDIDATES_GENERATED pairs=20327 evals=1913 763s
[609414.6] PE_E_T2000_R2880: step 884 NO_CANDIDATES_GENERATED pairs=20327 evals=1913 763s
[609414.7] PE_E_T2000_R2880: step 885 NO_CANDIDATES_GENERATED pairs=20327 evals=1913 763s
[609414.8] PE_E_T2000_R2880: step 886 NO_CANDIDATES_GENERATED pairs=20327 evals=1913 763s
[609414.9] PE_E_T2000_R2880: step 887 NO_CANDIDATES_GENERATED pairs=20327 evals=1913 764s
[609414.9] PE_E_T2000_R2880: step 888 NO_CANDIDATES_GENERATED pairs=20327 evals=1913 764s
[609415.0] PE_E_T2000_R2880: step 889 NO_CANDIDATES_GENERATED pairs=20327 evals=1913 764s
[609415.1] PE_E_T2000_R2880: step 890 NO_CANDIDATES_GENERATED pairs=20327 evals=1913 764s
[609415.1] PE_E_T2000_R2880: step 891 NO_CANDIDATES_GENERATED pairs=20327 evals=1913 764s
[609415.2] PE_E_T2000_R2880: step 892 NO_CANDIDATES_GENERATED pairs=20327 evals=1913 764s
[609415.2] PE_E_T2000_R2880: step 893 NO_CANDIDATES_GENERATED pairs=20327 evals=1913 764s
[609415.3] PE_E_T2000_R2880: step 894 NO_CANDIDATES_GENERATED pairs=20327 evals=1913 764s
[609418.4] PE_E_T2000_R2880: step 895 ELEVATED pairs=20244 evals=1929 767s
[609418.5] PE_E_T2000_R2880: step 896 NO_CANDIDATES_GENERATED pairs=20244 evals=1929 767s
[609418.6] PE_E_T2000_R2880: step 897 NO_CANDIDATES_GENERATED pairs=20244 evals=1929 767s
[609418.6] PE_E_T2000_R2880: step 898 NO_CANDIDATES_GENERATED pairs=20244 evals=1929 767s
[609418.7] PE_E_T2000_R2880: step 899 NO_CANDIDATES_GENERATED pairs=20244 evals=1929 767s
[609418.8] PE_E_T2000_R2880: step 900 NO_CANDIDATES_GENERATED pairs=20244 evals=1929 767s
[609418.8] PE_E_T2000_R2880: step 901 NO_CANDIDATES_GENERATED pairs=20244 evals=1929 767s
[609418.9] PE_E_T2000_R2880: step 902 NO_CANDIDATES_GENERATED pairs=20244 evals=1929 768s
[609418.9] PE_E_T2000_R2880: step 903 NO_CANDIDATES_GENERATED pairs=20244 evals=1929 768s
[609419.0] PE_E_T2000_R2880: step 904 NO_CANDIDATES_GENERATED pairs=20244 evals=1929 768s
[609419.1] PE_E_T2000_R2880: step 905 NO_CANDIDATES_GENERATED pairs=20244 evals=1929 768s
[609419.1] PE_E_T2000_R2880: step 906 NO_CANDIDATES_GENERATED pairs=20244 evals=1929 768s
[609419.2] PE_E_T2000_R2880: step 907 NO_CANDIDATES_GENERATED pairs=20244 evals=1929 768s
[609419.3] PE_E_T2000_R2880: step 908 NO_CANDIDATES_GENERATED pairs=20244 evals=1929 768s
[609419.3] PE_E_T2000_R2880: step 909 NO_CANDIDATES_GENERATED pairs=20244 evals=1929 768s
[609423.0] PE_E_T2000_R2880: step 910 ELEVATED pairs=20159 evals=1945 772s
[609423.0] PE_E_T2000_R2880: step 911 NO_CANDIDATES_GENERATED pairs=20159 evals=1945 772s
[609423.1] PE_E_T2000_R2880: step 912 NO_CANDIDATES_GENERATED pairs=20159 evals=1945 772s
[609423.2] PE_E_T2000_R2880: step 913 NO_CANDIDATES_GENERATED pairs=20159 evals=1945 772s
[609423.3] PE_E_T2000_R2880: step 914 NO_CANDIDATES_GENERATED pairs=20159 evals=1945 772s
[609423.3] PE_E_T2000_R2880: step 915 NO_CANDIDATES_GENERATED pairs=20159 evals=1945 772s
[609423.4] PE_E_T2000_R2880: step 916 NO_CANDIDATES_GENERATED pairs=20159 evals=1945 772s
[609423.5] PE_E_T2000_R2880: step 917 NO_CANDIDATES_GENERATED pairs=20159 evals=1945 772s
[609423.6] PE_E_T2000_R2880: step 918 NO_CANDIDATES_GENERATED pairs=20159 evals=1945 772s
[609423.6] PE_E_T2000_R2880: step 919 NO_CANDIDATES_GENERATED pairs=20159 evals=1945 772s
[609423.7] PE_E_T2000_R2880: step 920 NO_CANDIDATES_GENERATED pairs=20159 evals=1945 772s
[609423.8] PE_E_T2000_R2880: step 921 NO_CANDIDATES_GENERATED pairs=20159 evals=1945 772s
[609423.9] PE_E_T2000_R2880: step 922 NO_CANDIDATES_GENERATED pairs=20159 evals=1945 773s
[609424.0] PE_E_T2000_R2880: step 923 NO_CANDIDATES_GENERATED pairs=20159 evals=1945 773s
[609427.5] PE_E_T2000_R2880: step 924 ELEVATED pairs=20074 evals=1961 776s
[609427.6] PE_E_T2000_R2880: step 925 NO_CANDIDATES_GENERATED pairs=20074 evals=1961 776s
[609427.7] PE_E_T2000_R2880: step 926 NO_CANDIDATES_GENERATED pairs=20074 evals=1961 776s
[609427.8] PE_E_T2000_R2880: step 927 NO_CANDIDATES_GENERATED pairs=20074 evals=1961 776s
[609427.9] PE_E_T2000_R2880: step 928 NO_CANDIDATES_GENERATED pairs=20074 evals=1961 777s
[609428.0] PE_E_T2000_R2880: step 929 NO_CANDIDATES_GENERATED pairs=20074 evals=1961 777s
[609428.1] PE_E_T2000_R2880: step 930 NO_CANDIDATES_GENERATED pairs=20074 evals=1961 777s
[609428.2] PE_E_T2000_R2880: step 931 NO_CANDIDATES_GENERATED pairs=20074 evals=1961 777s
[609428.3] PE_E_T2000_R2880: step 932 NO_CANDIDATES_GENERATED pairs=20074 evals=1961 777s
[609428.4] PE_E_T2000_R2880: step 933 NO_CANDIDATES_GENERATED pairs=20074 evals=1961 777s
[609428.5] PE_E_T2000_R2880: step 934 NO_CANDIDATES_GENERATED pairs=20074 evals=1961 777s
[609428.6] PE_E_T2000_R2880: step 935 NO_CANDIDATES_GENERATED pairs=20074 evals=1961 777s
[609428.6] PE_E_T2000_R2880: step 936 NO_CANDIDATES_GENERATED pairs=20074 evals=1961 777s
[609428.7] PE_E_T2000_R2880: step 937 NO_CANDIDATES_GENERATED pairs=20074 evals=1961 777s
[609431.8] PE_E_T2000_R2880: step 938 ELEVATED pairs=19990 evals=1977 780s
[609431.8] PE_E_T2000_R2880: step 939 NO_CANDIDATES_GENERATED pairs=19990 evals=1977 780s
[609431.9] PE_E_T2000_R2880: step 940 NO_CANDIDATES_GENERATED pairs=19990 evals=1977 781s
[609431.9] PE_E_T2000_R2880: step 941 NO_CANDIDATES_GENERATED pairs=19990 evals=1977 781s
[609432.0] PE_E_T2000_R2880: step 942 NO_CANDIDATES_GENERATED pairs=19990 evals=1977 781s
[609432.1] PE_E_T2000_R2880: step 943 NO_CANDIDATES_GENERATED pairs=19990 evals=1977 781s
[609432.2] PE_E_T2000_R2880: step 944 NO_CANDIDATES_GENERATED pairs=19990 evals=1977 781s
[609432.2] PE_E_T2000_R2880: step 945 NO_CANDIDATES_GENERATED pairs=19990 evals=1977 781s
[609432.3] PE_E_T2000_R2880: step 946 NO_CANDIDATES_GENERATED pairs=19990 evals=1977 781s
[609432.4] PE_E_T2000_R2880: step 947 NO_CANDIDATES_GENERATED pairs=19990 evals=1977 781s
[609432.5] PE_E_T2000_R2880: step 948 NO_CANDIDATES_GENERATED pairs=19990 evals=1977 781s
[609432.5] PE_E_T2000_R2880: step 949 NO_CANDIDATES_GENERATED pairs=19990 evals=1977 781s
[609432.6] PE_E_T2000_R2880: step 950 NO_CANDIDATES_GENERATED pairs=19990 evals=1977 781s
[609432.7] PE_E_T2000_R2880: step 951 NO_CANDIDATES_GENERATED pairs=19990 evals=1977 781s
[609436.2] PE_E_T2000_R2880: step 952 ELEVATED pairs=19908 evals=1993 785s
[609436.2] PE_E_T2000_R2880: step 953 NO_CANDIDATES_GENERATED pairs=19908 evals=1993 785s
[609436.3] PE_E_T2000_R2880: step 954 NO_CANDIDATES_GENERATED pairs=19908 evals=1993 785s
[609436.4] PE_E_T2000_R2880: step 955 NO_CANDIDATES_GENERATED pairs=19908 evals=1993 785s
[609436.5] PE_E_T2000_R2880: step 956 NO_CANDIDATES_GENERATED pairs=19908 evals=1993 785s
[609436.6] PE_E_T2000_R2880: step 957 NO_CANDIDATES_GENERATED pairs=19908 evals=1993 785s
[609436.6] PE_E_T2000_R2880: step 958 NO_CANDIDATES_GENERATED pairs=19908 evals=1993 785s
[609436.7] PE_E_T2000_R2880: step 959 NO_CANDIDATES_GENERATED pairs=19908 evals=1993 785s
[609436.8] PE_E_T2000_R2880: step 960 NO_CANDIDATES_GENERATED pairs=19908 evals=1993 785s
[609436.9] PE_E_T2000_R2880: step 961 NO_CANDIDATES_GENERATED pairs=19908 evals=1993 786s
[609437.0] PE_E_T2000_R2880: step 962 NO_CANDIDATES_GENERATED pairs=19908 evals=1993 786s
[609437.1] PE_E_T2000_R2880: step 963 NO_CANDIDATES_GENERATED pairs=19908 evals=1993 786s
[609437.2] PE_E_T2000_R2880: step 964 NO_CANDIDATES_GENERATED pairs=19908 evals=1993 786s
[609437.2] PE_E_T2000_R2880: step 965 NO_CANDIDATES_GENERATED pairs=19908 evals=1993 786s
[609437.3] PE_E_T2000_R2880: step 966 NO_CANDIDATES_GENERATED pairs=19908 evals=1993 786s
[609437.4] PE_E_T2000_R2880: step 967 NO_CANDIDATES_GENERATED pairs=19908 evals=1993 786s
[609437.5] PE_E_T2000_R2880: step 968 NO_CANDIDATES_GENERATED pairs=19908 evals=1993 786s
[609437.6] PE_E_T2000_R2880: step 969 NO_CANDIDATES_GENERATED pairs=19908 evals=1993 786s
[609437.6] PE_E_T2000_R2880: step 970 NO_CANDIDATES_GENERATED pairs=19908 evals=1993 786s
[609437.7] PE_E_T2000_R2880: step 971 NO_CANDIDATES_GENERATED pairs=19908 evals=1993 786s
[609440.9] PE_E_T2000_R2880: step 972 ELEVATED pairs=19826 evals=2009 790s
[609441.0] PE_E_T2000_R2880: step 973 NO_CANDIDATES_GENERATED pairs=19826 evals=2009 790s
[609441.0] PE_E_T2000_R2880: step 974 NO_CANDIDATES_GENERATED pairs=19826 evals=2009 790s
[609441.1] PE_E_T2000_R2880: step 975 NO_CANDIDATES_GENERATED pairs=19826 evals=2009 790s
[609441.2] PE_E_T2000_R2880: step 976 NO_CANDIDATES_GENERATED pairs=19826 evals=2009 790s
[609441.2] PE_E_T2000_R2880: step 977 NO_CANDIDATES_GENERATED pairs=19826 evals=2009 790s
[609441.3] PE_E_T2000_R2880: step 978 NO_CANDIDATES_GENERATED pairs=19826 evals=2009 790s
[609441.4] PE_E_T2000_R2880: step 979 NO_CANDIDATES_GENERATED pairs=19826 evals=2009 790s
[609441.5] PE_E_T2000_R2880: step 980 NO_CANDIDATES_GENERATED pairs=19826 evals=2009 790s
[609441.5] PE_E_T2000_R2880: step 981 NO_CANDIDATES_GENERATED pairs=19826 evals=2009 790s
[609441.6] PE_E_T2000_R2880: step 982 NO_CANDIDATES_GENERATED pairs=19826 evals=2009 790s
[609441.7] PE_E_T2000_R2880: step 983 NO_CANDIDATES_GENERATED pairs=19826 evals=2009 790s
[609441.7] PE_E_T2000_R2880: step 984 NO_CANDIDATES_GENERATED pairs=19826 evals=2009 790s
[609441.8] PE_E_T2000_R2880: step 985 NO_CANDIDATES_GENERATED pairs=19826 evals=2009 790s
[609441.9] PE_E_T2000_R2880: step 986 NO_CANDIDATES_GENERATED pairs=19826 evals=2009 791s
[609441.9] PE_E_T2000_R2880: step 987 NO_CANDIDATES_GENERATED pairs=19826 evals=2009 791s
[609442.0] PE_E_T2000_R2880: step 988 NO_CANDIDATES_GENERATED pairs=19826 evals=2009 791s
[609442.1] PE_E_T2000_R2880: step 989 NO_CANDIDATES_GENERATED pairs=19826 evals=2009 791s
[609442.1] PE_E_T2000_R2880: step 990 NO_CANDIDATES_GENERATED pairs=19826 evals=2009 791s
[609442.2] PE_E_T2000_R2880: step 991 NO_CANDIDATES_GENERATED pairs=19826 evals=2009 791s
[609451.9] PE_E_T2000_R2880: step 992 ELEVATED pairs=19687 evals=2025 801s
[609452.0] PE_E_T2000_R2880: step 993 NO_CANDIDATES_GENERATED pairs=19687 evals=2025 801s
[609452.1] PE_E_T2000_R2880: step 994 NO_CANDIDATES_GENERATED pairs=19687 evals=2025 801s
[609452.1] PE_E_T2000_R2880: step 995 NO_CANDIDATES_GENERATED pairs=19687 evals=2025 801s
[609452.2] PE_E_T2000_R2880: step 996 NO_CANDIDATES_GENERATED pairs=19687 evals=2025 801s
[609452.3] PE_E_T2000_R2880: step 997 NO_CANDIDATES_GENERATED pairs=19687 evals=2025 801s
[609452.4] PE_E_T2000_R2880: step 998 NO_CANDIDATES_GENERATED pairs=19687 evals=2025 801s
[609452.4] PE_E_T2000_R2880: step 999 NO_CANDIDATES_GENERATED pairs=19687 evals=2025 801s
[609452.5] PE_E_T2000_R2880: step 1000 NO_CANDIDATES_GENERATED pairs=19687 evals=2025 801s
[609452.6] PE_E_T2000_R2880: step 1001 NO_CANDIDATES_GENERATED pairs=19687 evals=2025 801s
[609452.7] PE_E_T2000_R2880: step 1002 NO_CANDIDATES_GENERATED pairs=19687 evals=2025 801s
[609452.8] PE_E_T2000_R2880: step 1003 NO_CANDIDATES_GENERATED pairs=19687 evals=2025 801s
[609452.9] PE_E_T2000_R2880: step 1004 NO_CANDIDATES_GENERATED pairs=19687 evals=2025 802s
[609452.9] PE_E_T2000_R2880: step 1005 NO_CANDIDATES_GENERATED pairs=19687 evals=2025 802s
[609456.9] PE_E_T2000_R2880: step 1006 ELEVATED pairs=19605 evals=2041 806s
[609457.0] PE_E_T2000_R2880: step 1007 NO_CANDIDATES_GENERATED pairs=19605 evals=2041 806s
[609457.0] PE_E_T2000_R2880: step 1008 NO_CANDIDATES_GENERATED pairs=19605 evals=2041 806s
[609457.1] PE_E_T2000_R2880: step 1009 NO_CANDIDATES_GENERATED pairs=19605 evals=2041 806s
[609457.2] PE_E_T2000_R2880: step 1010 NO_CANDIDATES_GENERATED pairs=19605 evals=2041 806s
[609457.3] PE_E_T2000_R2880: step 1011 NO_CANDIDATES_GENERATED pairs=19605 evals=2041 806s
[609457.3] PE_E_T2000_R2880: step 1012 NO_CANDIDATES_GENERATED pairs=19605 evals=2041 806s
[609457.4] PE_E_T2000_R2880: step 1013 NO_CANDIDATES_GENERATED pairs=19605 evals=2041 806s
[609457.5] PE_E_T2000_R2880: step 1014 NO_CANDIDATES_GENERATED pairs=19605 evals=2041 806s
[609457.6] PE_E_T2000_R2880: step 1015 NO_CANDIDATES_GENERATED pairs=19605 evals=2041 806s
[609457.6] PE_E_T2000_R2880: step 1016 NO_CANDIDATES_GENERATED pairs=19605 evals=2041 806s
[609457.7] PE_E_T2000_R2880: step 1017 NO_CANDIDATES_GENERATED pairs=19605 evals=2041 806s
[609457.8] PE_E_T2000_R2880: step 1018 NO_CANDIDATES_GENERATED pairs=19605 evals=2041 806s
[609457.9] PE_E_T2000_R2880: step 1019 NO_CANDIDATES_GENERATED pairs=19605 evals=2041 807s
[609457.9] PE_E_T2000_R2880: step 1020 NO_CANDIDATES_GENERATED pairs=19605 evals=2041 807s
[609458.0] PE_E_T2000_R2880: step 1021 NO_CANDIDATES_GENERATED pairs=19605 evals=2041 807s
[609458.1] PE_E_T2000_R2880: step 1022 NO_CANDIDATES_GENERATED pairs=19605 evals=2041 807s
[609458.2] PE_E_T2000_R2880: step 1023 NO_CANDIDATES_GENERATED pairs=19605 evals=2041 807s
[609458.2] PE_E_T2000_R2880: step 1024 NO_CANDIDATES_GENERATED pairs=19605 evals=2041 807s
[609458.3] PE_E_T2000_R2880: step 1025 NO_CANDIDATES_GENERATED pairs=19605 evals=2041 807s
[609462.6] PE_E_T2000_R2880: step 1026 ELEVATED pairs=19510 evals=2050 811s
[609462.7] PE_E_T2000_R2880: step 1027 NO_CANDIDATES_GENERATED pairs=19510 evals=2050 811s
[609462.8] PE_E_T2000_R2880: step 1028 NO_CANDIDATES_GENERATED pairs=19510 evals=2050 811s
[609462.9] PE_E_T2000_R2880: step 1029 NO_CANDIDATES_GENERATED pairs=19510 evals=2050 812s
[609462.9] PE_E_T2000_R2880: step 1030 NO_CANDIDATES_GENERATED pairs=19510 evals=2050 812s
[609463.0] PE_E_T2000_R2880: step 1031 NO_CANDIDATES_GENERATED pairs=19510 evals=2050 812s
[609463.1] PE_E_T2000_R2880: step 1032 NO_CANDIDATES_GENERATED pairs=19510 evals=2050 812s
[609463.1] PE_E_T2000_R2880: step 1033 NO_CANDIDATES_GENERATED pairs=19510 evals=2050 812s
[609463.2] PE_E_T2000_R2880: step 1034 NO_CANDIDATES_GENERATED pairs=19510 evals=2050 812s
[609463.3] PE_E_T2000_R2880: step 1035 NO_CANDIDATES_GENERATED pairs=19510 evals=2050 812s
[609463.4] PE_E_T2000_R2880: step 1036 NO_CANDIDATES_GENERATED pairs=19510 evals=2050 812s
[609463.4] PE_E_T2000_R2880: step 1037 NO_CANDIDATES_GENERATED pairs=19510 evals=2050 812s
[609463.5] PE_E_T2000_R2880: step 1038 NO_CANDIDATES_GENERATED pairs=19510 evals=2050 812s
[609463.6] PE_E_T2000_R2880: step 1039 NO_CANDIDATES_GENERATED pairs=19510 evals=2050 812s
[609463.7] PE_E_T2000_R2880: step 1040 NO_CANDIDATES_GENERATED pairs=19510 evals=2050 812s
[609463.7] PE_E_T2000_R2880: step 1041 NO_CANDIDATES_GENERATED pairs=19510 evals=2050 812s
[609463.8] PE_E_T2000_R2880: step 1042 NO_CANDIDATES_GENERATED pairs=19510 evals=2050 812s
[609463.8] PE_E_T2000_R2880: step 1043 NO_CANDIDATES_GENERATED pairs=19510 evals=2050 813s
[609463.9] PE_E_T2000_R2880: step 1044 NO_CANDIDATES_GENERATED pairs=19510 evals=2050 813s
[609464.0] PE_E_T2000_R2880: step 1045 NO_CANDIDATES_GENERATED pairs=19510 evals=2050 813s
[609472.8] PE_E_T2000_R2880: step 1046 ELEVATED pairs=19373 evals=2066 821s
[609472.8] PE_E_T2000_R2880: step 1047 NO_CANDIDATES_GENERATED pairs=19373 evals=2066 821s
[609472.9] PE_E_T2000_R2880: step 1048 NO_CANDIDATES_GENERATED pairs=19373 evals=2066 822s
[609472.9] PE_E_T2000_R2880: step 1049 NO_CANDIDATES_GENERATED pairs=19373 evals=2066 822s
[609473.0] PE_E_T2000_R2880: step 1050 NO_CANDIDATES_GENERATED pairs=19373 evals=2066 822s
[609473.0] PE_E_T2000_R2880: step 1051 NO_CANDIDATES_GENERATED pairs=19373 evals=2066 822s
[609473.1] PE_E_T2000_R2880: step 1052 NO_CANDIDATES_GENERATED pairs=19373 evals=2066 822s
[609473.1] PE_E_T2000_R2880: step 1053 NO_CANDIDATES_GENERATED pairs=19373 evals=2066 822s
[609473.2] PE_E_T2000_R2880: step 1054 NO_CANDIDATES_GENERATED pairs=19373 evals=2066 822s
[609473.3] PE_E_T2000_R2880: step 1055 NO_CANDIDATES_GENERATED pairs=19373 evals=2066 822s
[609473.3] PE_E_T2000_R2880: step 1056 NO_CANDIDATES_GENERATED pairs=19373 evals=2066 822s
[609473.4] PE_E_T2000_R2880: step 1057 NO_CANDIDATES_GENERATED pairs=19373 evals=2066 822s
[609473.4] PE_E_T2000_R2880: step 1058 NO_CANDIDATES_GENERATED pairs=19373 evals=2066 822s
[609473.5] PE_E_T2000_R2880: step 1059 NO_CANDIDATES_GENERATED pairs=19373 evals=2066 822s
[609476.8] PE_E_T2000_R2880: step 1060 ELEVATED pairs=19291 evals=2082 825s
[609476.8] PE_E_T2000_R2880: step 1061 NO_CANDIDATES_GENERATED pairs=19291 evals=2082 825s
[609476.9] PE_E_T2000_R2880: step 1062 NO_CANDIDATES_GENERATED pairs=19291 evals=2082 826s
[609476.9] PE_E_T2000_R2880: step 1063 NO_CANDIDATES_GENERATED pairs=19291 evals=2082 826s
[609477.0] PE_E_T2000_R2880: step 1064 NO_CANDIDATES_GENERATED pairs=19291 evals=2082 826s
[609477.1] PE_E_T2000_R2880: step 1065 NO_CANDIDATES_GENERATED pairs=19291 evals=2082 826s
[609477.1] PE_E_T2000_R2880: step 1066 NO_CANDIDATES_GENERATED pairs=19291 evals=2082 826s
[609477.2] PE_E_T2000_R2880: step 1067 NO_CANDIDATES_GENERATED pairs=19291 evals=2082 826s
[609477.3] PE_E_T2000_R2880: step 1068 NO_CANDIDATES_GENERATED pairs=19291 evals=2082 826s
[609477.4] PE_E_T2000_R2880: step 1069 NO_CANDIDATES_GENERATED pairs=19291 evals=2082 826s
[609477.4] PE_E_T2000_R2880: step 1070 NO_CANDIDATES_GENERATED pairs=19291 evals=2082 826s
[609477.5] PE_E_T2000_R2880: step 1071 NO_CANDIDATES_GENERATED pairs=19291 evals=2082 826s
[609477.6] PE_E_T2000_R2880: step 1072 NO_CANDIDATES_GENERATED pairs=19291 evals=2082 826s
[609477.6] PE_E_T2000_R2880: step 1073 NO_CANDIDATES_GENERATED pairs=19291 evals=2082 826s
[609477.7] PE_E_T2000_R2880: step 1074 NO_CANDIDATES_GENERATED pairs=19291 evals=2082 826s
[609477.8] PE_E_T2000_R2880: step 1075 NO_CANDIDATES_GENERATED pairs=19291 evals=2082 826s
[609477.8] PE_E_T2000_R2880: step 1076 NO_CANDIDATES_GENERATED pairs=19291 evals=2082 827s
[609477.9] PE_E_T2000_R2880: step 1077 NO_CANDIDATES_GENERATED pairs=19291 evals=2082 827s
[609478.0] PE_E_T2000_R2880: step 1078 NO_CANDIDATES_GENERATED pairs=19291 evals=2082 827s
[609478.0] PE_E_T2000_R2880: step 1079 NO_CANDIDATES_GENERATED pairs=19291 evals=2082 827s
[609480.8] PE_E_T2000_R2880: step 1080 ELEVATED pairs=19209 evals=2098 830s
[609480.9] PE_E_T2000_R2880: step 1081 NO_CANDIDATES_GENERATED pairs=19209 evals=2098 830s
[609481.0] PE_E_T2000_R2880: step 1082 NO_CANDIDATES_GENERATED pairs=19209 evals=2098 830s
[609481.0] PE_E_T2000_R2880: step 1083 NO_CANDIDATES_GENERATED pairs=19209 evals=2098 830s
[609481.1] PE_E_T2000_R2880: step 1084 NO_CANDIDATES_GENERATED pairs=19209 evals=2098 830s
[609481.1] PE_E_T2000_R2880: step 1085 NO_CANDIDATES_GENERATED pairs=19209 evals=2098 830s
[609481.2] PE_E_T2000_R2880: step 1086 NO_CANDIDATES_GENERATED pairs=19209 evals=2098 830s
[609481.2] PE_E_T2000_R2880: step 1087 NO_CANDIDATES_GENERATED pairs=19209 evals=2098 830s
[609481.3] PE_E_T2000_R2880: step 1088 NO_CANDIDATES_GENERATED pairs=19209 evals=2098 830s
[609481.3] PE_E_T2000_R2880: step 1089 NO_CANDIDATES_GENERATED pairs=19209 evals=2098 830s
[609481.4] PE_E_T2000_R2880: step 1090 NO_CANDIDATES_GENERATED pairs=19209 evals=2098 830s
[609481.4] PE_E_T2000_R2880: step 1091 NO_CANDIDATES_GENERATED pairs=19209 evals=2098 830s
[609481.5] PE_E_T2000_R2880: step 1092 NO_CANDIDATES_GENERATED pairs=19209 evals=2098 830s
[609481.5] PE_E_T2000_R2880: step 1093 NO_CANDIDATES_GENERATED pairs=19209 evals=2098 830s
[609481.6] PE_E_T2000_R2880: step 1094 NO_CANDIDATES_GENERATED pairs=19209 evals=2098 830s
[609481.6] PE_E_T2000_R2880: step 1095 NO_CANDIDATES_GENERATED pairs=19209 evals=2098 830s
[609481.7] PE_E_T2000_R2880: step 1096 NO_CANDIDATES_GENERATED pairs=19209 evals=2098 830s
[609481.7] PE_E_T2000_R2880: step 1097 NO_CANDIDATES_GENERATED pairs=19209 evals=2098 830s
[609481.8] PE_E_T2000_R2880: step 1098 NO_CANDIDATES_GENERATED pairs=19209 evals=2098 830s
[609481.8] PE_E_T2000_R2880: step 1099 NO_CANDIDATES_GENERATED pairs=19209 evals=2098 831s
[609491.7] PE_E_T2000_R2880: step 1100 ELEVATED pairs=19074 evals=2114 840s
[609491.7] PE_E_T2000_R2880: step 1101 NO_CANDIDATES_GENERATED pairs=19074 evals=2114 840s
[609491.8] PE_E_T2000_R2880: step 1102 NO_CANDIDATES_GENERATED pairs=19074 evals=2114 840s
[609491.9] PE_E_T2000_R2880: step 1103 NO_CANDIDATES_GENERATED pairs=19074 evals=2114 841s
[609491.9] PE_E_T2000_R2880: step 1104 NO_CANDIDATES_GENERATED pairs=19074 evals=2114 841s
[609492.0] PE_E_T2000_R2880: step 1105 NO_CANDIDATES_GENERATED pairs=19074 evals=2114 841s
[609492.1] PE_E_T2000_R2880: step 1106 NO_CANDIDATES_GENERATED pairs=19074 evals=2114 841s
[609492.1] PE_E_T2000_R2880: step 1107 NO_CANDIDATES_GENERATED pairs=19074 evals=2114 841s
[609492.2] PE_E_T2000_R2880: step 1108 NO_CANDIDATES_GENERATED pairs=19074 evals=2114 841s
[609492.3] PE_E_T2000_R2880: step 1109 NO_CANDIDATES_GENERATED pairs=19074 evals=2114 841s
[609492.3] PE_E_T2000_R2880: step 1110 NO_CANDIDATES_GENERATED pairs=19074 evals=2114 841s
[609492.4] PE_E_T2000_R2880: step 1111 NO_CANDIDATES_GENERATED pairs=19074 evals=2114 841s
[609492.5] PE_E_T2000_R2880: step 1112 NO_CANDIDATES_GENERATED pairs=19074 evals=2114 841s
[609492.5] PE_E_T2000_R2880: step 1113 NO_CANDIDATES_GENERATED pairs=19074 evals=2114 841s
[609495.6] PE_E_T2000_R2880: step 1114 ELEVATED pairs=18992 evals=2130 844s
[609495.7] PE_E_T2000_R2880: step 1115 NO_CANDIDATES_GENERATED pairs=18992 evals=2130 844s
[609495.7] PE_E_T2000_R2880: step 1116 NO_CANDIDATES_GENERATED pairs=18992 evals=2130 844s
[609495.8] PE_E_T2000_R2880: step 1117 NO_CANDIDATES_GENERATED pairs=18992 evals=2130 844s
[609495.8] PE_E_T2000_R2880: step 1118 NO_CANDIDATES_GENERATED pairs=18992 evals=2130 844s
[609495.9] PE_E_T2000_R2880: step 1119 NO_CANDIDATES_GENERATED pairs=18992 evals=2130 845s
[609495.9] PE_E_T2000_R2880: step 1120 NO_CANDIDATES_GENERATED pairs=18992 evals=2130 845s
[609496.0] PE_E_T2000_R2880: step 1121 NO_CANDIDATES_GENERATED pairs=18992 evals=2130 845s
[609496.0] PE_E_T2000_R2880: step 1122 NO_CANDIDATES_GENERATED pairs=18992 evals=2130 845s
[609496.1] PE_E_T2000_R2880: step 1123 NO_CANDIDATES_GENERATED pairs=18992 evals=2130 845s
[609496.1] PE_E_T2000_R2880: step 1124 NO_CANDIDATES_GENERATED pairs=18992 evals=2130 845s
[609496.2] PE_E_T2000_R2880: step 1125 NO_CANDIDATES_GENERATED pairs=18992 evals=2130 845s
[609496.3] PE_E_T2000_R2880: step 1126 NO_CANDIDATES_GENERATED pairs=18992 evals=2130 845s
[609496.3] PE_E_T2000_R2880: step 1127 NO_CANDIDATES_GENERATED pairs=18992 evals=2130 845s
[609496.4] PE_E_T2000_R2880: step 1128 NO_CANDIDATES_GENERATED pairs=18992 evals=2130 845s
[609496.4] PE_E_T2000_R2880: step 1129 NO_CANDIDATES_GENERATED pairs=18992 evals=2130 845s
[609496.5] PE_E_T2000_R2880: step 1130 NO_CANDIDATES_GENERATED pairs=18992 evals=2130 845s
[609496.5] PE_E_T2000_R2880: step 1131 NO_CANDIDATES_GENERATED pairs=18992 evals=2130 845s
[609496.6] PE_E_T2000_R2880: step 1132 NO_CANDIDATES_GENERATED pairs=18992 evals=2130 845s
[609496.6] PE_E_T2000_R2880: step 1133 NO_CANDIDATES_GENERATED pairs=18992 evals=2130 845s
[609499.3] PE_E_T2000_R2880: step 1134 ELEVATED pairs=18910 evals=2146 848s
[609499.4] PE_E_T2000_R2880: step 1135 NO_CANDIDATES_GENERATED pairs=18910 evals=2146 848s
[609499.4] PE_E_T2000_R2880: step 1136 NO_CANDIDATES_GENERATED pairs=18910 evals=2146 848s
[609499.5] PE_E_T2000_R2880: step 1137 NO_CANDIDATES_GENERATED pairs=18910 evals=2146 848s
[609499.5] PE_E_T2000_R2880: step 1138 NO_CANDIDATES_GENERATED pairs=18910 evals=2146 848s
[609499.6] PE_E_T2000_R2880: step 1139 NO_CANDIDATES_GENERATED pairs=18910 evals=2146 848s
[609499.7] PE_E_T2000_R2880: step 1140 NO_CANDIDATES_GENERATED pairs=18910 evals=2146 848s
[609499.7] PE_E_T2000_R2880: step 1141 NO_CANDIDATES_GENERATED pairs=18910 evals=2146 848s
[609499.8] PE_E_T2000_R2880: step 1142 NO_CANDIDATES_GENERATED pairs=18910 evals=2146 848s
[609499.8] PE_E_T2000_R2880: step 1143 NO_CANDIDATES_GENERATED pairs=18910 evals=2146 848s
[609499.9] PE_E_T2000_R2880: step 1144 NO_CANDIDATES_GENERATED pairs=18910 evals=2146 849s
[609499.9] PE_E_T2000_R2880: step 1145 NO_CANDIDATES_GENERATED pairs=18910 evals=2146 849s
[609500.0] PE_E_T2000_R2880: step 1146 NO_CANDIDATES_GENERATED pairs=18910 evals=2146 849s
[609500.0] PE_E_T2000_R2880: step 1147 NO_CANDIDATES_GENERATED pairs=18910 evals=2146 849s
[609500.1] PE_E_T2000_R2880: step 1148 NO_CANDIDATES_GENERATED pairs=18910 evals=2146 849s
[609500.1] PE_E_T2000_R2880: step 1149 NO_CANDIDATES_GENERATED pairs=18910 evals=2146 849s
[609500.2] PE_E_T2000_R2880: step 1150 NO_CANDIDATES_GENERATED pairs=18910 evals=2146 849s
[609500.2] PE_E_T2000_R2880: step 1151 NO_CANDIDATES_GENERATED pairs=18910 evals=2146 849s
[609500.3] PE_E_T2000_R2880: step 1152 NO_CANDIDATES_GENERATED pairs=18910 evals=2146 849s
[609500.3] PE_E_T2000_R2880: step 1153 NO_CANDIDATES_GENERATED pairs=18910 evals=2146 849s
[609510.5] PE_E_T2000_R2880: step 1154 ELEVATED pairs=18777 evals=2162 859s
[609510.6] PE_E_T2000_R2880: step 1155 NO_CANDIDATES_GENERATED pairs=18777 evals=2162 859s
[609510.6] PE_E_T2000_R2880: step 1156 NO_CANDIDATES_GENERATED pairs=18777 evals=2162 859s
[609510.7] PE_E_T2000_R2880: step 1157 NO_CANDIDATES_GENERATED pairs=18777 evals=2162 859s
[609510.8] PE_E_T2000_R2880: step 1158 NO_CANDIDATES_GENERATED pairs=18777 evals=2162 859s
[609510.8] PE_E_T2000_R2880: step 1159 NO_CANDIDATES_GENERATED pairs=18777 evals=2162 859s
[609510.9] PE_E_T2000_R2880: step 1160 NO_CANDIDATES_GENERATED pairs=18777 evals=2162 860s
[609510.9] PE_E_T2000_R2880: step 1161 NO_CANDIDATES_GENERATED pairs=18777 evals=2162 860s
[609511.0] PE_E_T2000_R2880: step 1162 NO_CANDIDATES_GENERATED pairs=18777 evals=2162 860s
[609511.1] PE_E_T2000_R2880: step 1163 NO_CANDIDATES_GENERATED pairs=18777 evals=2162 860s
[609511.1] PE_E_T2000_R2880: step 1164 NO_CANDIDATES_GENERATED pairs=18777 evals=2162 860s
[609511.2] PE_E_T2000_R2880: step 1165 NO_CANDIDATES_GENERATED pairs=18777 evals=2162 860s
[609511.2] PE_E_T2000_R2880: step 1166 NO_CANDIDATES_GENERATED pairs=18777 evals=2162 860s
[609511.3] PE_E_T2000_R2880: step 1167 NO_CANDIDATES_GENERATED pairs=18777 evals=2162 860s
[609516.3] PE_E_T2000_R2880: step 1168 ELEVATED pairs=18640 evals=2178 865s
[609516.4] PE_E_T2000_R2880: step 1169 NO_CANDIDATES_GENERATED pairs=18640 evals=2178 865s
[609516.4] PE_E_T2000_R2880: step 1170 NO_CANDIDATES_GENERATED pairs=18640 evals=2178 865s
[609516.5] PE_E_T2000_R2880: step 1171 NO_CANDIDATES_GENERATED pairs=18640 evals=2178 865s
[609516.6] PE_E_T2000_R2880: step 1172 NO_CANDIDATES_GENERATED pairs=18640 evals=2178 865s
[609516.6] PE_E_T2000_R2880: step 1173 NO_CANDIDATES_GENERATED pairs=18640 evals=2178 865s
[609516.7] PE_E_T2000_R2880: step 1174 NO_CANDIDATES_GENERATED pairs=18640 evals=2178 865s
[609516.8] PE_E_T2000_R2880: step 1175 NO_CANDIDATES_GENERATED pairs=18640 evals=2178 865s
[609516.8] PE_E_T2000_R2880: step 1176 NO_CANDIDATES_GENERATED pairs=18640 evals=2178 866s
[609516.9] PE_E_T2000_R2880: step 1177 NO_CANDIDATES_GENERATED pairs=18640 evals=2178 866s
[609533.8] PE_E_T2000_R2880: step 1178 ELEVATED pairs=18547 evals=2194 882s
[609533.9] PE_E_T2000_R2880: step 1179 NO_CANDIDATES_GENERATED pairs=18547 evals=2194 883s
[609534.0] PE_E_T2000_R2880: step 1180 NO_CANDIDATES_GENERATED pairs=18547 evals=2194 883s
[609534.0] PE_E_T2000_R2880: step 1181 NO_CANDIDATES_GENERATED pairs=18547 evals=2194 883s
[609534.1] PE_E_T2000_R2880: step 1182 NO_CANDIDATES_GENERATED pairs=18547 evals=2194 883s
[609534.1] PE_E_T2000_R2880: step 1183 NO_CANDIDATES_GENERATED pairs=18547 evals=2194 883s
[609534.2] PE_E_T2000_R2880: step 1184 NO_CANDIDATES_GENERATED pairs=18547 evals=2194 883s
[609534.3] PE_E_T2000_R2880: step 1185 NO_CANDIDATES_GENERATED pairs=18547 evals=2194 883s
[609534.3] PE_E_T2000_R2880: step 1186 NO_CANDIDATES_GENERATED pairs=18547 evals=2194 883s
[609534.4] PE_E_T2000_R2880: step 1187 NO_CANDIDATES_GENERATED pairs=18547 evals=2194 883s
[609549.5] PE_E_T2000_R2880: step 1188 ELEVATED pairs=18454 evals=2210 898s
[609549.6] PE_E_T2000_R2880: step 1189 NO_CANDIDATES_GENERATED pairs=18454 evals=2210 898s
[609549.6] PE_E_T2000_R2880: step 1190 NO_CANDIDATES_GENERATED pairs=18454 evals=2210 898s
[609549.7] PE_E_T2000_R2880: step 1191 NO_CANDIDATES_GENERATED pairs=18454 evals=2210 898s
[609549.7] PE_E_T2000_R2880: step 1192 NO_CANDIDATES_GENERATED pairs=18454 evals=2210 898s
[609549.8] PE_E_T2000_R2880: step 1193 NO_CANDIDATES_GENERATED pairs=18454 evals=2210 898s
[609549.9] PE_E_T2000_R2880: step 1194 NO_CANDIDATES_GENERATED pairs=18454 evals=2210 899s
[609549.9] PE_E_T2000_R2880: step 1195 NO_CANDIDATES_GENERATED pairs=18454 evals=2210 899s
[609550.0] PE_E_T2000_R2880: step 1196 NO_CANDIDATES_GENERATED pairs=18454 evals=2210 899s
[609550.0] PE_E_T2000_R2880: step 1197 NO_CANDIDATES_GENERATED pairs=18454 evals=2210 899s
[609564.7] PE_E_T2000_R2880: step 1198 ELEVATED pairs=18362 evals=2226 913s
[609564.8] PE_E_T2000_R2880: step 1199 NO_CANDIDATES_GENERATED pairs=18362 evals=2226 913s
[609564.8] PE_E_T2000_R2880: step 1200 NO_CANDIDATES_GENERATED pairs=18362 evals=2226 913s
[609564.9] PE_E_T2000_R2880: step 1201 NO_CANDIDATES_GENERATED pairs=18362 evals=2226 914s
[609564.9] PE_E_T2000_R2880: step 1202 NO_CANDIDATES_GENERATED pairs=18362 evals=2226 914s
[609565.0] PE_E_T2000_R2880: step 1203 NO_CANDIDATES_GENERATED pairs=18362 evals=2226 914s
[609565.0] PE_E_T2000_R2880: step 1204 NO_CANDIDATES_GENERATED pairs=18362 evals=2226 914s
[609565.1] PE_E_T2000_R2880: step 1205 NO_CANDIDATES_GENERATED pairs=18362 evals=2226 914s
[609578.9] PE_E_T2000_R2880: step 1206 ELEVATED pairs=18272 evals=2242 928s
[609578.9] PE_E_T2000_R2880: step 1207 NO_CANDIDATES_GENERATED pairs=18272 evals=2242 928s
[609579.0] PE_E_T2000_R2880: step 1208 NO_CANDIDATES_GENERATED pairs=18272 evals=2242 928s
[609579.0] PE_E_T2000_R2880: step 1209 NO_CANDIDATES_GENERATED pairs=18272 evals=2242 928s
[609579.1] PE_E_T2000_R2880: step 1210 NO_CANDIDATES_GENERATED pairs=18272 evals=2242 928s
[609579.1] PE_E_T2000_R2880: step 1211 NO_CANDIDATES_GENERATED pairs=18272 evals=2242 928s
[609579.2] PE_E_T2000_R2880: step 1212 NO_CANDIDATES_GENERATED pairs=18272 evals=2242 928s
[609579.2] PE_E_T2000_R2880: step 1213 NO_CANDIDATES_GENERATED pairs=18272 evals=2242 928s
[609579.3] PE_E_T2000_R2880: step 1214 NO_CANDIDATES_GENERATED pairs=18272 evals=2242 928s
[609579.3] PE_E_T2000_R2880: step 1215 NO_CANDIDATES_GENERATED pairs=18272 evals=2242 928s
[609579.4] PE_E_T2000_R2880: step 1216 NO_CANDIDATES_GENERATED pairs=18272 evals=2242 928s
[609579.4] PE_E_T2000_R2880: step 1217 NO_CANDIDATES_GENERATED pairs=18272 evals=2242 928s
[609579.5] PE_E_T2000_R2880: step 1218 NO_CANDIDATES_GENERATED pairs=18272 evals=2242 928s
[609579.6] PE_E_T2000_R2880: step 1219 NO_CANDIDATES_GENERATED pairs=18272 evals=2242 928s
[609579.6] PE_E_T2000_R2880: step 1220 NO_CANDIDATES_GENERATED pairs=18272 evals=2242 928s
[609579.7] PE_E_T2000_R2880: step 1221 NO_CANDIDATES_GENERATED pairs=18272 evals=2242 928s
[609583.8] PE_E_T2000_R2880: step 1222 ELEVATED pairs=18218 evals=2258 932s
[609583.9] PE_E_T2000_R2880: step 1223 NO_CANDIDATES_GENERATED pairs=18218 evals=2258 933s
[609584.0] PE_E_T2000_R2880: step 1224 NO_CANDIDATES_GENERATED pairs=18218 evals=2258 933s
[609584.0] PE_E_T2000_R2880: step 1225 NO_CANDIDATES_GENERATED pairs=18218 evals=2258 933s
[609584.1] PE_E_T2000_R2880: step 1226 NO_CANDIDATES_GENERATED pairs=18218 evals=2258 933s
[609584.2] PE_E_T2000_R2880: step 1227 NO_CANDIDATES_GENERATED pairs=18218 evals=2258 933s
[609584.2] PE_E_T2000_R2880: step 1228 NO_CANDIDATES_GENERATED pairs=18218 evals=2258 933s
[609584.3] PE_E_T2000_R2880: step 1229 NO_CANDIDATES_GENERATED pairs=18218 evals=2258 933s
[609584.3] PE_E_T2000_R2880: step 1230 NO_CANDIDATES_GENERATED pairs=18218 evals=2258 933s
[609584.4] PE_E_T2000_R2880: step 1231 NO_CANDIDATES_GENERATED pairs=18218 evals=2258 933s
[609584.5] PE_E_T2000_R2880: step 1232 NO_CANDIDATES_GENERATED pairs=18218 evals=2258 933s
[609584.5] PE_E_T2000_R2880: step 1233 NO_CANDIDATES_GENERATED pairs=18218 evals=2258 933s
[609584.6] PE_E_T2000_R2880: step 1234 NO_CANDIDATES_GENERATED pairs=18218 evals=2258 933s
[609584.6] PE_E_T2000_R2880: step 1235 NO_CANDIDATES_GENERATED pairs=18218 evals=2258 933s
[609584.7] PE_E_T2000_R2880: step 1236 NO_CANDIDATES_GENERATED pairs=18218 evals=2258 933s
[609584.7] PE_E_T2000_R2880: step 1237 NO_CANDIDATES_GENERATED pairs=18218 evals=2258 933s
[609599.2] PE_E_T2000_R2880: step 1238 ELEVATED pairs=18099 evals=2274 948s
[609599.3] PE_E_T2000_R2880: step 1239 NO_CANDIDATES_GENERATED pairs=18099 evals=2274 948s
[609599.4] PE_E_T2000_R2880: step 1240 NO_CANDIDATES_GENERATED pairs=18099 evals=2274 948s
[609599.4] PE_E_T2000_R2880: step 1241 NO_CANDIDATES_GENERATED pairs=18099 evals=2274 948s
[609599.5] PE_E_T2000_R2880: step 1242 NO_CANDIDATES_GENERATED pairs=18099 evals=2274 948s
[609599.5] PE_E_T2000_R2880: step 1243 NO_CANDIDATES_GENERATED pairs=18099 evals=2274 948s
[609599.6] PE_E_T2000_R2880: step 1244 NO_CANDIDATES_GENERATED pairs=18099 evals=2274 948s
[609599.6] PE_E_T2000_R2880: step 1245 NO_CANDIDATES_GENERATED pairs=18099 evals=2274 948s
[609599.7] PE_E_T2000_R2880: step 1246 NO_CANDIDATES_GENERATED pairs=18099 evals=2274 948s
[609599.8] PE_E_T2000_R2880: step 1247 NO_CANDIDATES_GENERATED pairs=18099 evals=2274 948s
[609599.8] PE_E_T2000_R2880: step 1248 NO_CANDIDATES_GENERATED pairs=18099 evals=2274 948s
[609599.9] PE_E_T2000_R2880: step 1249 NO_CANDIDATES_GENERATED pairs=18099 evals=2274 949s
[609600.0] PE_E_T2000_R2880: step 1250 NO_CANDIDATES_GENERATED pairs=18099 evals=2274 949s
[609600.0] PE_E_T2000_R2880: step 1251 NO_CANDIDATES_GENERATED pairs=18099 evals=2274 949s
[609600.1] PE_E_T2000_R2880: step 1252 NO_CANDIDATES_GENERATED pairs=18099 evals=2274 949s
[609600.1] PE_E_T2000_R2880: step 1253 NO_CANDIDATES_GENERATED pairs=18099 evals=2274 949s
[609600.2] PE_E_T2000_R2880: step 1254 NO_CANDIDATES_GENERATED pairs=18099 evals=2274 949s
[609603.4] PE_E_T2000_R2880: step 1255 ELEVATED pairs=18051 evals=2290 952s
[609603.5] PE_E_T2000_R2880: step 1256 NO_CANDIDATES_GENERATED pairs=18051 evals=2290 952s
[609603.6] PE_E_T2000_R2880: step 1257 NO_CANDIDATES_GENERATED pairs=18051 evals=2290 952s
[609603.7] PE_E_T2000_R2880: step 1258 NO_CANDIDATES_GENERATED pairs=18051 evals=2290 952s
[609603.7] PE_E_T2000_R2880: step 1259 NO_CANDIDATES_GENERATED pairs=18051 evals=2290 952s
[609603.8] PE_E_T2000_R2880: step 1260 NO_CANDIDATES_GENERATED pairs=18051 evals=2290 952s
[609603.8] PE_E_T2000_R2880: step 1261 NO_CANDIDATES_GENERATED pairs=18051 evals=2290 952s
[609603.9] PE_E_T2000_R2880: step 1262 NO_CANDIDATES_GENERATED pairs=18051 evals=2290 953s
[609603.9] PE_E_T2000_R2880: step 1263 NO_CANDIDATES_GENERATED pairs=18051 evals=2290 953s
[609604.0] PE_E_T2000_R2880: step 1264 NO_CANDIDATES_GENERATED pairs=18051 evals=2290 953s
[609604.1] PE_E_T2000_R2880: step 1265 NO_CANDIDATES_GENERATED pairs=18051 evals=2290 953s
[609604.1] PE_E_T2000_R2880: step 1266 NO_CANDIDATES_GENERATED pairs=18051 evals=2290 953s
[609604.2] PE_E_T2000_R2880: step 1267 NO_CANDIDATES_GENERATED pairs=18051 evals=2290 953s
[609604.3] PE_E_T2000_R2880: step 1268 NO_CANDIDATES_GENERATED pairs=18051 evals=2290 953s
[609604.3] PE_E_T2000_R2880: step 1269 NO_CANDIDATES_GENERATED pairs=18051 evals=2290 953s
[609604.4] PE_E_T2000_R2880: step 1270 NO_CANDIDATES_GENERATED pairs=18051 evals=2290 953s
[609604.5] PE_E_T2000_R2880: step 1271 NO_CANDIDATES_GENERATED pairs=18051 evals=2290 953s
[609607.4] PE_E_T2000_R2880: step 1272 ELEVATED pairs=18003 evals=2306 956s
[609607.5] PE_E_T2000_R2880: step 1273 NO_CANDIDATES_GENERATED pairs=18003 evals=2306 956s
[609607.5] PE_E_T2000_R2880: step 1274 NO_CANDIDATES_GENERATED pairs=18003 evals=2306 956s
[609607.6] PE_E_T2000_R2880: step 1275 NO_CANDIDATES_GENERATED pairs=18003 evals=2306 956s
[609607.7] PE_E_T2000_R2880: step 1276 NO_CANDIDATES_GENERATED pairs=18003 evals=2306 956s
[609607.8] PE_E_T2000_R2880: step 1277 NO_CANDIDATES_GENERATED pairs=18003 evals=2306 956s
[609607.8] PE_E_T2000_R2880: step 1278 NO_CANDIDATES_GENERATED pairs=18003 evals=2306 956s
[609607.9] PE_E_T2000_R2880: step 1279 NO_CANDIDATES_GENERATED pairs=18003 evals=2306 957s
[609608.0] PE_E_T2000_R2880: step 1280 NO_CANDIDATES_GENERATED pairs=18003 evals=2306 957s
[609608.0] PE_E_T2000_R2880: step 1281 NO_CANDIDATES_GENERATED pairs=18003 evals=2306 957s
[609608.1] PE_E_T2000_R2880: step 1282 NO_CANDIDATES_GENERATED pairs=18003 evals=2306 957s
[609608.1] PE_E_T2000_R2880: step 1283 NO_CANDIDATES_GENERATED pairs=18003 evals=2306 957s
[609608.2] PE_E_T2000_R2880: step 1284 NO_CANDIDATES_GENERATED pairs=18003 evals=2306 957s
[609608.2] PE_E_T2000_R2880: step 1285 NO_CANDIDATES_GENERATED pairs=18003 evals=2306 957s
[609608.3] PE_E_T2000_R2880: step 1286 NO_CANDIDATES_GENERATED pairs=18003 evals=2306 957s
[609608.3] PE_E_T2000_R2880: step 1287 NO_CANDIDATES_GENERATED pairs=18003 evals=2306 957s
[609608.4] PE_E_T2000_R2880: step 1288 NO_CANDIDATES_GENERATED pairs=18003 evals=2306 957s
[609610.9] PE_E_T2000_R2880: step 1289 ELEVATED pairs=17946 evals=2322 960s
[609611.0] PE_E_T2000_R2880: step 1290 NO_CANDIDATES_GENERATED pairs=17946 evals=2322 960s
[609611.0] PE_E_T2000_R2880: step 1291 NO_CANDIDATES_GENERATED pairs=17946 evals=2322 960s
[609611.1] PE_E_T2000_R2880: step 1292 NO_CANDIDATES_GENERATED pairs=17946 evals=2322 960s
[609611.1] PE_E_T2000_R2880: step 1293 NO_CANDIDATES_GENERATED pairs=17946 evals=2322 960s
[609611.2] PE_E_T2000_R2880: step 1294 NO_CANDIDATES_GENERATED pairs=17946 evals=2322 960s
[609611.2] PE_E_T2000_R2880: step 1295 NO_CANDIDATES_GENERATED pairs=17946 evals=2322 960s
[609611.3] PE_E_T2000_R2880: step 1296 NO_CANDIDATES_GENERATED pairs=17946 evals=2322 960s
[609611.3] PE_E_T2000_R2880: step 1297 NO_CANDIDATES_GENERATED pairs=17946 evals=2322 960s
[609611.4] PE_E_T2000_R2880: step 1298 NO_CANDIDATES_GENERATED pairs=17946 evals=2322 960s
[609611.4] PE_E_T2000_R2880: step 1299 NO_CANDIDATES_GENERATED pairs=17946 evals=2322 960s
[609611.5] PE_E_T2000_R2880: step 1300 NO_CANDIDATES_GENERATED pairs=17946 evals=2322 960s
[609611.5] PE_E_T2000_R2880: step 1301 NO_CANDIDATES_GENERATED pairs=17946 evals=2322 960s
[609611.6] PE_E_T2000_R2880: step 1302 NO_CANDIDATES_GENERATED pairs=17946 evals=2322 960s
[609611.7] PE_E_T2000_R2880: step 1303 NO_CANDIDATES_GENERATED pairs=17946 evals=2322 960s
[609611.7] PE_E_T2000_R2880: step 1304 NO_CANDIDATES_GENERATED pairs=17946 evals=2322 960s
[609611.8] PE_E_T2000_R2880: step 1305 NO_CANDIDATES_GENERATED pairs=17946 evals=2322 960s
[609614.5] PE_E_T2000_R2880: step 1306 ELEVATED pairs=17889 evals=2338 963s
[609614.5] PE_E_T2000_R2880: step 1307 NO_CANDIDATES_GENERATED pairs=17889 evals=2338 963s
[609614.6] PE_E_T2000_R2880: step 1308 NO_CANDIDATES_GENERATED pairs=17889 evals=2338 963s
[609614.6] PE_E_T2000_R2880: step 1309 NO_CANDIDATES_GENERATED pairs=17889 evals=2338 963s
[609614.7] PE_E_T2000_R2880: step 1310 NO_CANDIDATES_GENERATED pairs=17889 evals=2338 963s
[609614.8] PE_E_T2000_R2880: step 1311 NO_CANDIDATES_GENERATED pairs=17889 evals=2338 963s
[609614.8] PE_E_T2000_R2880: step 1312 NO_CANDIDATES_GENERATED pairs=17889 evals=2338 963s
[609614.9] PE_E_T2000_R2880: step 1313 NO_CANDIDATES_GENERATED pairs=17889 evals=2338 964s
[609615.0] PE_E_T2000_R2880: step 1314 NO_CANDIDATES_GENERATED pairs=17889 evals=2338 964s
[609615.0] PE_E_T2000_R2880: step 1315 NO_CANDIDATES_GENERATED pairs=17889 evals=2338 964s
[609615.1] PE_E_T2000_R2880: step 1316 NO_CANDIDATES_GENERATED pairs=17889 evals=2338 964s
[609615.1] PE_E_T2000_R2880: step 1317 NO_CANDIDATES_GENERATED pairs=17889 evals=2338 964s
[609615.2] PE_E_T2000_R2880: step 1318 NO_CANDIDATES_GENERATED pairs=17889 evals=2338 964s
[609615.2] PE_E_T2000_R2880: step 1319 NO_CANDIDATES_GENERATED pairs=17889 evals=2338 964s
[609615.3] PE_E_T2000_R2880: step 1320 NO_CANDIDATES_GENERATED pairs=17889 evals=2338 964s
[609615.3] PE_E_T2000_R2880: step 1321 NO_CANDIDATES_GENERATED pairs=17889 evals=2338 964s
[609619.9] PE_E_T2000_R2880: step 1322 ELEVATED pairs=17861 evals=2354 969s
[609619.9] PE_E_T2000_R2880: step 1323 NO_CANDIDATES_GENERATED pairs=17861 evals=2354 969s
[609620.0] PE_E_T2000_R2880: step 1324 NO_CANDIDATES_GENERATED pairs=17861 evals=2354 969s
[609620.1] PE_E_T2000_R2880: step 1325 NO_CANDIDATES_GENERATED pairs=17861 evals=2354 969s
[609620.1] PE_E_T2000_R2880: step 1326 NO_CANDIDATES_GENERATED pairs=17861 evals=2354 969s
[609620.2] PE_E_T2000_R2880: step 1327 NO_CANDIDATES_GENERATED pairs=17861 evals=2354 969s
[609620.3] PE_E_T2000_R2880: step 1328 NO_CANDIDATES_GENERATED pairs=17861 evals=2354 969s
[609620.3] PE_E_T2000_R2880: step 1329 NO_CANDIDATES_GENERATED pairs=17861 evals=2354 969s
[609620.4] PE_E_T2000_R2880: step 1330 NO_CANDIDATES_GENERATED pairs=17861 evals=2354 969s
[609620.5] PE_E_T2000_R2880: step 1331 NO_CANDIDATES_GENERATED pairs=17861 evals=2354 969s
[609620.6] PE_E_T2000_R2880: step 1332 NO_CANDIDATES_GENERATED pairs=17861 evals=2354 969s
[609620.7] PE_E_T2000_R2880: step 1333 NO_CANDIDATES_GENERATED pairs=17861 evals=2354 969s
[609620.7] PE_E_T2000_R2880: step 1334 NO_CANDIDATES_GENERATED pairs=17861 evals=2354 969s
[609620.8] PE_E_T2000_R2880: step 1335 NO_CANDIDATES_GENERATED pairs=17861 evals=2354 969s
[609620.9] PE_E_T2000_R2880: step 1336 NO_CANDIDATES_GENERATED pairs=17861 evals=2354 970s
[609621.0] PE_E_T2000_R2880: step 1337 NO_CANDIDATES_GENERATED pairs=17861 evals=2354 970s
[609626.1] PE_E_T2000_R2880: step 1338 ELEVATED pairs=17800 evals=2370 975s
[609626.2] PE_E_T2000_R2880: step 1339 NO_CANDIDATES_GENERATED pairs=17800 evals=2370 975s
[609626.2] PE_E_T2000_R2880: step 1340 NO_CANDIDATES_GENERATED pairs=17800 evals=2370 975s
[609626.3] PE_E_T2000_R2880: step 1341 NO_CANDIDATES_GENERATED pairs=17800 evals=2370 975s
[609626.3] PE_E_T2000_R2880: step 1342 NO_CANDIDATES_GENERATED pairs=17800 evals=2370 975s
[609626.4] PE_E_T2000_R2880: step 1343 NO_CANDIDATES_GENERATED pairs=17800 evals=2370 975s
[609626.5] PE_E_T2000_R2880: step 1344 NO_CANDIDATES_GENERATED pairs=17800 evals=2370 975s
[609626.5] PE_E_T2000_R2880: step 1345 NO_CANDIDATES_GENERATED pairs=17800 evals=2370 975s
[609626.6] PE_E_T2000_R2880: step 1346 NO_CANDIDATES_GENERATED pairs=17800 evals=2370 975s
[609626.7] PE_E_T2000_R2880: step 1347 NO_CANDIDATES_GENERATED pairs=17800 evals=2370 975s
[609626.8] PE_E_T2000_R2880: step 1348 NO_CANDIDATES_GENERATED pairs=17800 evals=2370 975s
[609626.8] PE_E_T2000_R2880: step 1349 NO_CANDIDATES_GENERATED pairs=17800 evals=2370 975s
[609626.9] PE_E_T2000_R2880: step 1350 NO_CANDIDATES_GENERATED pairs=17800 evals=2370 976s
[609626.9] PE_E_T2000_R2880: step 1351 NO_CANDIDATES_GENERATED pairs=17800 evals=2370 976s
[609627.0] PE_E_T2000_R2880: step 1352 NO_CANDIDATES_GENERATED pairs=17800 evals=2370 976s
[609627.1] PE_E_T2000_R2880: step 1353 NO_CANDIDATES_GENERATED pairs=17800 evals=2370 976s
[609635.5] PE_E_T2000_R2880: step 1354 ELEVATED pairs=17749 evals=2379 984s
[609635.6] PE_E_T2000_R2880: step 1355 NO_CANDIDATES_GENERATED pairs=17749 evals=2379 984s
[609635.6] PE_E_T2000_R2880: step 1356 NO_CANDIDATES_GENERATED pairs=17749 evals=2379 984s
[609635.7] PE_E_T2000_R2880: step 1357 NO_CANDIDATES_GENERATED pairs=17749 evals=2379 984s
[609635.8] PE_E_T2000_R2880: step 1358 NO_CANDIDATES_GENERATED pairs=17749 evals=2379 984s
[609635.8] PE_E_T2000_R2880: step 1359 NO_CANDIDATES_GENERATED pairs=17749 evals=2379 985s
[609635.9] PE_E_T2000_R2880: step 1360 NO_CANDIDATES_GENERATED pairs=17749 evals=2379 985s
[609636.0] PE_E_T2000_R2880: step 1361 NO_CANDIDATES_GENERATED pairs=17749 evals=2379 985s
[609636.0] PE_E_T2000_R2880: step 1362 NO_CANDIDATES_GENERATED pairs=17749 evals=2379 985s
[609636.1] PE_E_T2000_R2880: step 1363 NO_CANDIDATES_GENERATED pairs=17749 evals=2379 985s
[609636.2] PE_E_T2000_R2880: step 1364 NO_CANDIDATES_GENERATED pairs=17749 evals=2379 985s
[609636.2] PE_E_T2000_R2880: step 1365 NO_CANDIDATES_GENERATED pairs=17749 evals=2379 985s
[609636.3] PE_E_T2000_R2880: step 1366 NO_CANDIDATES_GENERATED pairs=17749 evals=2379 985s
[609636.4] PE_E_T2000_R2880: step 1367 NO_CANDIDATES_GENERATED pairs=17749 evals=2379 985s
[609636.5] PE_E_T2000_R2880: step 1368 NO_CANDIDATES_GENERATED pairs=17749 evals=2379 985s
[609636.5] PE_E_T2000_R2880: step 1369 NO_CANDIDATES_GENERATED pairs=17749 evals=2379 985s
[609644.1] PE_E_T2000_R2880: step 1370 ELEVATED pairs=17643 evals=2395 993s
[609644.1] PE_E_T2000_R2880: step 1371 NO_CANDIDATES_GENERATED pairs=17643 evals=2395 993s
[609644.2] PE_E_T2000_R2880: step 1372 NO_CANDIDATES_GENERATED pairs=17643 evals=2395 993s
[609644.3] PE_E_T2000_R2880: step 1373 NO_CANDIDATES_GENERATED pairs=17643 evals=2395 993s
[609644.4] PE_E_T2000_R2880: step 1374 NO_CANDIDATES_GENERATED pairs=17643 evals=2395 993s
[609644.5] PE_E_T2000_R2880: step 1375 NO_CANDIDATES_GENERATED pairs=17643 evals=2395 993s
[609644.5] PE_E_T2000_R2880: step 1376 NO_CANDIDATES_GENERATED pairs=17643 evals=2395 993s
[609644.6] PE_E_T2000_R2880: step 1377 NO_CANDIDATES_GENERATED pairs=17643 evals=2395 993s
[609644.7] PE_E_T2000_R2880: step 1378 NO_CANDIDATES_GENERATED pairs=17643 evals=2395 993s
[609644.8] PE_E_T2000_R2880: step 1379 NO_CANDIDATES_GENERATED pairs=17643 evals=2395 993s
[609644.9] PE_E_T2000_R2880: step 1380 NO_CANDIDATES_GENERATED pairs=17643 evals=2395 994s
[609644.9] PE_E_T2000_R2880: step 1381 NO_CANDIDATES_GENERATED pairs=17643 evals=2395 994s
[609645.0] PE_E_T2000_R2880: step 1382 NO_CANDIDATES_GENERATED pairs=17643 evals=2395 994s
[609645.1] PE_E_T2000_R2880: step 1383 NO_CANDIDATES_GENERATED pairs=17643 evals=2395 994s
[609645.1] PE_E_T2000_R2880: step 1384 NO_CANDIDATES_GENERATED pairs=17643 evals=2395 994s
[609645.2] PE_E_T2000_R2880: step 1385 NO_CANDIDATES_GENERATED pairs=17643 evals=2395 994s
[609645.3] PE_E_T2000_R2880: step 1386 NO_CANDIDATES_GENERATED pairs=17643 evals=2395 994s
[609653.3] PE_E_T2000_R2880: step 1387 ELEVATED pairs=17539 evals=2411 1002s
[609653.3] PE_E_T2000_R2880: step 1388 NO_CANDIDATES_GENERATED pairs=17539 evals=2411 1002s
[609653.4] PE_E_T2000_R2880: step 1389 NO_CANDIDATES_GENERATED pairs=17539 evals=2411 1002s
[609653.5] PE_E_T2000_R2880: step 1390 NO_CANDIDATES_GENERATED pairs=17539 evals=2411 1002s
[609653.5] PE_E_T2000_R2880: step 1391 NO_CANDIDATES_GENERATED pairs=17539 evals=2411 1002s
[609653.6] PE_E_T2000_R2880: step 1392 NO_CANDIDATES_GENERATED pairs=17539 evals=2411 1002s
[609653.7] PE_E_T2000_R2880: step 1393 NO_CANDIDATES_GENERATED pairs=17539 evals=2411 1002s
[609653.8] PE_E_T2000_R2880: step 1394 NO_CANDIDATES_GENERATED pairs=17539 evals=2411 1002s
[609653.9] PE_E_T2000_R2880: step 1395 NO_CANDIDATES_GENERATED pairs=17539 evals=2411 1003s
[609653.9] PE_E_T2000_R2880: step 1396 NO_CANDIDATES_GENERATED pairs=17539 evals=2411 1003s
[609654.0] PE_E_T2000_R2880: step 1397 NO_CANDIDATES_GENERATED pairs=17539 evals=2411 1003s
[609654.1] PE_E_T2000_R2880: step 1398 NO_CANDIDATES_GENERATED pairs=17539 evals=2411 1003s
[609654.2] PE_E_T2000_R2880: step 1399 NO_CANDIDATES_GENERATED pairs=17539 evals=2411 1003s
[609654.3] PE_E_T2000_R2880: step 1400 NO_CANDIDATES_GENERATED pairs=17539 evals=2411 1003s
[609654.3] PE_E_T2000_R2880: step 1401 NO_CANDIDATES_GENERATED pairs=17539 evals=2411 1003s
[609654.4] PE_E_T2000_R2880: step 1402 NO_CANDIDATES_GENERATED pairs=17539 evals=2411 1003s
[609654.5] PE_E_T2000_R2880: step 1403 NO_CANDIDATES_GENERATED pairs=17539 evals=2411 1003s
[609654.6] PE_E_T2000_R2880: step 1404 NO_CANDIDATES_GENERATED pairs=17539 evals=2411 1003s
[609659.8] PE_E_T2000_R2880: step 1405 ELEVATED pairs=17496 evals=2427 1008s
[609659.8] PE_E_T2000_R2880: step 1406 NO_CANDIDATES_GENERATED pairs=17496 evals=2427 1009s
[609659.9] PE_E_T2000_R2880: step 1407 NO_CANDIDATES_GENERATED pairs=17496 evals=2427 1009s
[609660.0] PE_E_T2000_R2880: step 1408 NO_CANDIDATES_GENERATED pairs=17496 evals=2427 1009s
[609660.1] PE_E_T2000_R2880: step 1409 NO_CANDIDATES_GENERATED pairs=17496 evals=2427 1009s
[609660.2] PE_E_T2000_R2880: step 1410 NO_CANDIDATES_GENERATED pairs=17496 evals=2427 1009s
[609660.3] PE_E_T2000_R2880: step 1411 NO_CANDIDATES_GENERATED pairs=17496 evals=2427 1009s
[609660.3] PE_E_T2000_R2880: step 1412 NO_CANDIDATES_GENERATED pairs=17496 evals=2427 1009s
[609660.4] PE_E_T2000_R2880: step 1413 NO_CANDIDATES_GENERATED pairs=17496 evals=2427 1009s
[609660.5] PE_E_T2000_R2880: step 1414 NO_CANDIDATES_GENERATED pairs=17496 evals=2427 1009s
[609660.6] PE_E_T2000_R2880: step 1415 NO_CANDIDATES_GENERATED pairs=17496 evals=2427 1009s
[609660.7] PE_E_T2000_R2880: step 1416 NO_CANDIDATES_GENERATED pairs=17496 evals=2427 1009s
[609660.7] PE_E_T2000_R2880: step 1417 NO_CANDIDATES_GENERATED pairs=17496 evals=2427 1009s
[609660.8] PE_E_T2000_R2880: step 1418 NO_CANDIDATES_GENERATED pairs=17496 evals=2427 1009s
[609660.9] PE_E_T2000_R2880: step 1419 NO_CANDIDATES_GENERATED pairs=17496 evals=2427 1010s
[609660.9] PE_E_T2000_R2880: step 1420 NO_CANDIDATES_GENERATED pairs=17496 evals=2427 1010s
[609661.0] PE_E_T2000_R2880: step 1421 NO_CANDIDATES_GENERATED pairs=17496 evals=2427 1010s
[609669.4] PE_E_T2000_R2880: step 1422 ELEVATED pairs=17394 evals=2443 1018s
[609669.4] PE_E_T2000_R2880: step 1423 NO_CANDIDATES_GENERATED pairs=17394 evals=2443 1018s
[609669.5] PE_E_T2000_R2880: step 1424 NO_CANDIDATES_GENERATED pairs=17394 evals=2443 1018s
[609669.6] PE_E_T2000_R2880: step 1425 NO_CANDIDATES_GENERATED pairs=17394 evals=2443 1018s
[609669.7] PE_E_T2000_R2880: step 1426 NO_CANDIDATES_GENERATED pairs=17394 evals=2443 1018s
[609669.7] PE_E_T2000_R2880: step 1427 NO_CANDIDATES_GENERATED pairs=17394 evals=2443 1018s
[609669.8] PE_E_T2000_R2880: step 1428 NO_CANDIDATES_GENERATED pairs=17394 evals=2443 1018s
[609669.9] PE_E_T2000_R2880: step 1429 NO_CANDIDATES_GENERATED pairs=17394 evals=2443 1019s
[609670.0] PE_E_T2000_R2880: step 1430 NO_CANDIDATES_GENERATED pairs=17394 evals=2443 1019s
[609670.0] PE_E_T2000_R2880: step 1431 NO_CANDIDATES_GENERATED pairs=17394 evals=2443 1019s
[609670.1] PE_E_T2000_R2880: step 1432 NO_CANDIDATES_GENERATED pairs=17394 evals=2443 1019s
[609670.2] PE_E_T2000_R2880: step 1433 NO_CANDIDATES_GENERATED pairs=17394 evals=2443 1019s
[609670.3] PE_E_T2000_R2880: step 1434 NO_CANDIDATES_GENERATED pairs=17394 evals=2443 1019s
[609670.3] PE_E_T2000_R2880: step 1435 NO_CANDIDATES_GENERATED pairs=17394 evals=2443 1019s
[609670.4] PE_E_T2000_R2880: step 1436 NO_CANDIDATES_GENERATED pairs=17394 evals=2443 1019s
[609670.5] PE_E_T2000_R2880: step 1437 NO_CANDIDATES_GENERATED pairs=17394 evals=2443 1019s
[609670.5] PE_E_T2000_R2880: step 1438 NO_CANDIDATES_GENERATED pairs=17394 evals=2443 1019s
[609670.6] PE_E_T2000_R2880: step 1439 NO_CANDIDATES_GENERATED pairs=17394 evals=2443 1019s
[609675.8] PE_E_T2000_R2880: step 1440 ELEVATED pairs=17352 evals=2459 1024s
[609675.9] PE_E_T2000_R2880: step 1441 NO_CANDIDATES_GENERATED pairs=17352 evals=2459 1025s
[609675.9] PE_E_T2000_R2880: step 1442 NO_CANDIDATES_GENERATED pairs=17352 evals=2459 1025s
[609676.0] PE_E_T2000_R2880: step 1443 NO_CANDIDATES_GENERATED pairs=17352 evals=2459 1025s
[609676.1] PE_E_T2000_R2880: step 1444 NO_CANDIDATES_GENERATED pairs=17352 evals=2459 1025s
[609676.1] PE_E_T2000_R2880: step 1445 NO_CANDIDATES_GENERATED pairs=17352 evals=2459 1025s
[609676.2] PE_E_T2000_R2880: step 1446 NO_CANDIDATES_GENERATED pairs=17352 evals=2459 1025s
[609676.3] PE_E_T2000_R2880: step 1447 NO_CANDIDATES_GENERATED pairs=17352 evals=2459 1025s
[609676.3] PE_E_T2000_R2880: step 1448 NO_CANDIDATES_GENERATED pairs=17352 evals=2459 1025s
[609676.4] PE_E_T2000_R2880: step 1449 NO_CANDIDATES_GENERATED pairs=17352 evals=2459 1025s
[609676.5] PE_E_T2000_R2880: step 1450 NO_CANDIDATES_GENERATED pairs=17352 evals=2459 1025s
[609676.6] PE_E_T2000_R2880: step 1451 NO_CANDIDATES_GENERATED pairs=17352 evals=2459 1025s
[609676.6] PE_E_T2000_R2880: step 1452 NO_CANDIDATES_GENERATED pairs=17352 evals=2459 1025s
[609676.7] PE_E_T2000_R2880: step 1453 NO_CANDIDATES_GENERATED pairs=17352 evals=2459 1025s
[609676.8] PE_E_T2000_R2880: step 1454 NO_CANDIDATES_GENERATED pairs=17352 evals=2459 1025s
[609676.8] PE_E_T2000_R2880: step 1455 NO_CANDIDATES_GENERATED pairs=17352 evals=2459 1026s
[609676.9] PE_E_T2000_R2880: step 1456 NO_CANDIDATES_GENERATED pairs=17352 evals=2459 1026s
[609682.3] PE_E_T2000_R2880: step 1457 ELEVATED pairs=17310 evals=2475 1031s
[609682.4] PE_E_T2000_R2880: step 1458 NO_CANDIDATES_GENERATED pairs=17310 evals=2475 1031s
[609682.5] PE_E_T2000_R2880: step 1459 NO_CANDIDATES_GENERATED pairs=17310 evals=2475 1031s
[609682.6] PE_E_T2000_R2880: step 1460 NO_CANDIDATES_GENERATED pairs=17310 evals=2475 1031s
[609682.6] PE_E_T2000_R2880: step 1461 NO_CANDIDATES_GENERATED pairs=17310 evals=2475 1031s
[609682.7] PE_E_T2000_R2880: step 1462 NO_CANDIDATES_GENERATED pairs=17310 evals=2475 1031s
[609682.8] PE_E_T2000_R2880: step 1463 NO_CANDIDATES_GENERATED pairs=17310 evals=2475 1031s
[609682.9] PE_E_T2000_R2880: step 1464 NO_CANDIDATES_GENERATED pairs=17310 evals=2475 1032s
[609683.0] PE_E_T2000_R2880: step 1465 NO_CANDIDATES_GENERATED pairs=17310 evals=2475 1032s
[609683.1] PE_E_T2000_R2880: step 1466 NO_CANDIDATES_GENERATED pairs=17310 evals=2475 1032s
[609683.1] PE_E_T2000_R2880: step 1467 NO_CANDIDATES_GENERATED pairs=17310 evals=2475 1032s
[609683.2] PE_E_T2000_R2880: step 1468 NO_CANDIDATES_GENERATED pairs=17310 evals=2475 1032s
[609683.3] PE_E_T2000_R2880: step 1469 NO_CANDIDATES_GENERATED pairs=17310 evals=2475 1032s
[609683.4] PE_E_T2000_R2880: step 1470 NO_CANDIDATES_GENERATED pairs=17310 evals=2475 1032s
[609683.4] PE_E_T2000_R2880: step 1471 NO_CANDIDATES_GENERATED pairs=17310 evals=2475 1032s
[609683.5] PE_E_T2000_R2880: step 1472 NO_CANDIDATES_GENERATED pairs=17310 evals=2475 1032s
[609683.6] PE_E_T2000_R2880: step 1473 NO_CANDIDATES_GENERATED pairs=17310 evals=2475 1032s
[609683.7] PE_E_T2000_R2880: step 1474 NO_CANDIDATES_GENERATED pairs=17310 evals=2475 1032s
[609688.1] PE_E_T2000_R2880: step 1475 ELEVATED pairs=17293 evals=2491 1037s
[609688.2] PE_E_T2000_R2880: step 1476 NO_CANDIDATES_GENERATED pairs=17293 evals=2491 1037s
[609688.3] PE_E_T2000_R2880: step 1477 NO_CANDIDATES_GENERATED pairs=17293 evals=2491 1037s
[609688.3] PE_E_T2000_R2880: step 1478 NO_CANDIDATES_GENERATED pairs=17293 evals=2491 1037s
[609688.4] PE_E_T2000_R2880: step 1479 NO_CANDIDATES_GENERATED pairs=17293 evals=2491 1037s
[609688.5] PE_E_T2000_R2880: step 1480 NO_CANDIDATES_GENERATED pairs=17293 evals=2491 1037s
[609688.6] PE_E_T2000_R2880: step 1481 NO_CANDIDATES_GENERATED pairs=17293 evals=2491 1037s
[609688.7] PE_E_T2000_R2880: step 1482 NO_CANDIDATES_GENERATED pairs=17293 evals=2491 1037s
[609688.7] PE_E_T2000_R2880: step 1483 NO_CANDIDATES_GENERATED pairs=17293 evals=2491 1037s
[609688.8] PE_E_T2000_R2880: step 1484 NO_CANDIDATES_GENERATED pairs=17293 evals=2491 1037s
[609688.9] PE_E_T2000_R2880: step 1485 NO_CANDIDATES_GENERATED pairs=17293 evals=2491 1038s
[609689.0] PE_E_T2000_R2880: step 1486 NO_CANDIDATES_GENERATED pairs=17293 evals=2491 1038s
[609689.1] PE_E_T2000_R2880: step 1487 NO_CANDIDATES_GENERATED pairs=17293 evals=2491 1038s
[609689.1] PE_E_T2000_R2880: step 1488 NO_CANDIDATES_GENERATED pairs=17293 evals=2491 1038s
[609689.2] PE_E_T2000_R2880: step 1489 NO_CANDIDATES_GENERATED pairs=17293 evals=2491 1038s
[609689.3] PE_E_T2000_R2880: step 1490 NO_CANDIDATES_GENERATED pairs=17293 evals=2491 1038s
[609689.4] PE_E_T2000_R2880: step 1491 NO_CANDIDATES_GENERATED pairs=17293 evals=2491 1038s
[609689.4] PE_E_T2000_R2880: step 1492 NO_CANDIDATES_GENERATED pairs=17293 evals=2491 1038s
[609693.4] PE_E_T2000_R2880: step 1493 ELEVATED pairs=17277 evals=2507 1042s
[609693.4] PE_E_T2000_R2880: step 1494 NO_CANDIDATES_GENERATED pairs=17277 evals=2507 1042s
[609693.5] PE_E_T2000_R2880: step 1495 NO_CANDIDATES_GENERATED pairs=17277 evals=2507 1042s
[609693.6] PE_E_T2000_R2880: step 1496 NO_CANDIDATES_GENERATED pairs=17277 evals=2507 1042s
[609693.6] PE_E_T2000_R2880: step 1497 NO_CANDIDATES_GENERATED pairs=17277 evals=2507 1042s
[609693.7] PE_E_T2000_R2880: step 1498 NO_CANDIDATES_GENERATED pairs=17277 evals=2507 1042s
[609693.8] PE_E_T2000_R2880: step 1499 NO_CANDIDATES_GENERATED pairs=17277 evals=2507 1042s
[609693.9] PE_E_T2000_R2880: step 1500 NO_CANDIDATES_GENERATED pairs=17277 evals=2507 1043s
[609693.9] PE_E_T2000_R2880: step 1501 NO_CANDIDATES_GENERATED pairs=17277 evals=2507 1043s
[609694.0] PE_E_T2000_R2880: step 1502 NO_CANDIDATES_GENERATED pairs=17277 evals=2507 1043s
[609694.1] PE_E_T2000_R2880: step 1503 NO_CANDIDATES_GENERATED pairs=17277 evals=2507 1043s
[609694.2] PE_E_T2000_R2880: step 1504 NO_CANDIDATES_GENERATED pairs=17277 evals=2507 1043s
[609694.2] PE_E_T2000_R2880: step 1505 NO_CANDIDATES_GENERATED pairs=17277 evals=2507 1043s
[609694.3] PE_E_T2000_R2880: step 1506 NO_CANDIDATES_GENERATED pairs=17277 evals=2507 1043s
[609694.4] PE_E_T2000_R2880: step 1507 NO_CANDIDATES_GENERATED pairs=17277 evals=2507 1043s
[609694.4] PE_E_T2000_R2880: step 1508 NO_CANDIDATES_GENERATED pairs=17277 evals=2507 1043s
[609694.5] PE_E_T2000_R2880: step 1509 NO_CANDIDATES_GENERATED pairs=17277 evals=2507 1043s
[609694.6] PE_E_T2000_R2880: step 1510 NO_CANDIDATES_GENERATED pairs=17277 evals=2507 1043s
[609698.4] PE_E_T2000_R2880: step 1511 ELEVATED pairs=17262 evals=2523 1047s
[609698.5] PE_E_T2000_R2880: step 1512 NO_CANDIDATES_GENERATED pairs=17262 evals=2523 1047s
[609698.6] PE_E_T2000_R2880: step 1513 NO_CANDIDATES_GENERATED pairs=17262 evals=2523 1047s
[609698.6] PE_E_T2000_R2880: step 1514 NO_CANDIDATES_GENERATED pairs=17262 evals=2523 1047s
[609698.7] PE_E_T2000_R2880: step 1515 NO_CANDIDATES_GENERATED pairs=17262 evals=2523 1047s
[609698.8] PE_E_T2000_R2880: step 1516 NO_CANDIDATES_GENERATED pairs=17262 evals=2523 1047s
[609698.8] PE_E_T2000_R2880: step 1517 NO_CANDIDATES_GENERATED pairs=17262 evals=2523 1047s
[609698.9] PE_E_T2000_R2880: step 1518 NO_CANDIDATES_GENERATED pairs=17262 evals=2523 1048s
[609699.0] PE_E_T2000_R2880: step 1519 NO_CANDIDATES_GENERATED pairs=17262 evals=2523 1048s
[609699.1] PE_E_T2000_R2880: step 1520 NO_CANDIDATES_GENERATED pairs=17262 evals=2523 1048s
[609699.1] PE_E_T2000_R2880: step 1521 NO_CANDIDATES_GENERATED pairs=17262 evals=2523 1048s
[609699.2] PE_E_T2000_R2880: step 1522 NO_CANDIDATES_GENERATED pairs=17262 evals=2523 1048s
[609699.3] PE_E_T2000_R2880: step 1523 NO_CANDIDATES_GENERATED pairs=17262 evals=2523 1048s
[609699.3] PE_E_T2000_R2880: step 1524 NO_CANDIDATES_GENERATED pairs=17262 evals=2523 1048s
[609699.4] PE_E_T2000_R2880: step 1525 NO_CANDIDATES_GENERATED pairs=17262 evals=2523 1048s
[609699.5] PE_E_T2000_R2880: step 1526 NO_CANDIDATES_GENERATED pairs=17262 evals=2523 1048s
[609699.6] PE_E_T2000_R2880: step 1527 NO_CANDIDATES_GENERATED pairs=17262 evals=2523 1048s
[609706.8] PE_E_T2000_R2880: step 1528 ELEVATED pairs=17146 evals=2539 1055s
[609706.8] PE_E_T2000_R2880: step 1529 NO_CANDIDATES_GENERATED pairs=17146 evals=2539 1055s
[609706.9] PE_E_T2000_R2880: step 1530 NO_CANDIDATES_GENERATED pairs=17146 evals=2539 1056s
[609707.0] PE_E_T2000_R2880: step 1531 NO_CANDIDATES_GENERATED pairs=17146 evals=2539 1056s
[609707.0] PE_E_T2000_R2880: step 1532 NO_CANDIDATES_GENERATED pairs=17146 evals=2539 1056s
[609707.1] PE_E_T2000_R2880: step 1533 NO_CANDIDATES_GENERATED pairs=17146 evals=2539 1056s
[609707.2] PE_E_T2000_R2880: step 1534 NO_CANDIDATES_GENERATED pairs=17146 evals=2539 1056s
[609707.2] PE_E_T2000_R2880: step 1535 NO_CANDIDATES_GENERATED pairs=17146 evals=2539 1056s
[609707.3] PE_E_T2000_R2880: step 1536 NO_CANDIDATES_GENERATED pairs=17146 evals=2539 1056s
[609707.4] PE_E_T2000_R2880: step 1537 NO_CANDIDATES_GENERATED pairs=17146 evals=2539 1056s
[609707.4] PE_E_T2000_R2880: step 1538 NO_CANDIDATES_GENERATED pairs=17146 evals=2539 1056s
[609707.5] PE_E_T2000_R2880: step 1539 NO_CANDIDATES_GENERATED pairs=17146 evals=2539 1056s
[609707.6] PE_E_T2000_R2880: step 1540 NO_CANDIDATES_GENERATED pairs=17146 evals=2539 1056s
[609707.7] PE_E_T2000_R2880: step 1541 NO_CANDIDATES_GENERATED pairs=17146 evals=2539 1056s
[609707.7] PE_E_T2000_R2880: step 1542 NO_CANDIDATES_GENERATED pairs=17146 evals=2539 1056s
[609707.8] PE_E_T2000_R2880: step 1543 NO_CANDIDATES_GENERATED pairs=17146 evals=2539 1056s
[609707.8] PE_E_T2000_R2880: step 1544 NO_CANDIDATES_GENERATED pairs=17146 evals=2539 1057s
[609707.9] PE_E_T2000_R2880: step 1545 NO_CANDIDATES_GENERATED pairs=17146 evals=2539 1057s
[609715.0] PE_E_T2000_R2880: step 1546 ELEVATED pairs=17032 evals=2555 1064s
[609715.1] PE_E_T2000_R2880: step 1547 NO_CANDIDATES_GENERATED pairs=17032 evals=2555 1064s
[609715.1] PE_E_T2000_R2880: step 1548 NO_CANDIDATES_GENERATED pairs=17032 evals=2555 1064s
[609715.2] PE_E_T2000_R2880: step 1549 NO_CANDIDATES_GENERATED pairs=17032 evals=2555 1064s
[609715.2] PE_E_T2000_R2880: step 1550 NO_CANDIDATES_GENERATED pairs=17032 evals=2555 1064s
[609715.3] PE_E_T2000_R2880: step 1551 NO_CANDIDATES_GENERATED pairs=17032 evals=2555 1064s
[609715.4] PE_E_T2000_R2880: step 1552 NO_CANDIDATES_GENERATED pairs=17032 evals=2555 1064s
[609715.4] PE_E_T2000_R2880: step 1553 NO_CANDIDATES_GENERATED pairs=17032 evals=2555 1064s
[609715.5] PE_E_T2000_R2880: step 1554 NO_CANDIDATES_GENERATED pairs=17032 evals=2555 1064s
[609715.6] PE_E_T2000_R2880: step 1555 NO_CANDIDATES_GENERATED pairs=17032 evals=2555 1064s
[609715.6] PE_E_T2000_R2880: step 1556 NO_CANDIDATES_GENERATED pairs=17032 evals=2555 1064s
[609715.7] PE_E_T2000_R2880: step 1557 NO_CANDIDATES_GENERATED pairs=17032 evals=2555 1064s
[609715.8] PE_E_T2000_R2880: step 1558 NO_CANDIDATES_GENERATED pairs=17032 evals=2555 1064s
[609715.9] PE_E_T2000_R2880: step 1559 NO_CANDIDATES_GENERATED pairs=17032 evals=2555 1065s
[609715.9] PE_E_T2000_R2880: step 1560 NO_CANDIDATES_GENERATED pairs=17032 evals=2555 1065s
[609716.0] PE_E_T2000_R2880: step 1561 NO_CANDIDATES_GENERATED pairs=17032 evals=2555 1065s
[609716.1] PE_E_T2000_R2880: step 1562 NO_CANDIDATES_GENERATED pairs=17032 evals=2555 1065s
[609716.1] PE_E_T2000_R2880: step 1563 NO_CANDIDATES_GENERATED pairs=17032 evals=2555 1065s
[609723.2] PE_E_T2000_R2880: step 1564 ELEVATED pairs=16920 evals=2571 1072s
[609723.3] PE_E_T2000_R2880: step 1565 NO_CANDIDATES_GENERATED pairs=16920 evals=2571 1072s
[609723.4] PE_E_T2000_R2880: step 1566 NO_CANDIDATES_GENERATED pairs=16920 evals=2571 1072s
[609723.5] PE_E_T2000_R2880: step 1567 NO_CANDIDATES_GENERATED pairs=16920 evals=2571 1072s
[609723.5] PE_E_T2000_R2880: step 1568 NO_CANDIDATES_GENERATED pairs=16920 evals=2571 1072s
[609723.6] PE_E_T2000_R2880: step 1569 NO_CANDIDATES_GENERATED pairs=16920 evals=2571 1072s
[609723.7] PE_E_T2000_R2880: step 1570 NO_CANDIDATES_GENERATED pairs=16920 evals=2571 1072s
[609723.7] PE_E_T2000_R2880: step 1571 NO_CANDIDATES_GENERATED pairs=16920 evals=2571 1072s
[609723.8] PE_E_T2000_R2880: step 1572 NO_CANDIDATES_GENERATED pairs=16920 evals=2571 1072s
[609723.9] PE_E_T2000_R2880: step 1573 NO_CANDIDATES_GENERATED pairs=16920 evals=2571 1073s
[609723.9] PE_E_T2000_R2880: step 1574 NO_CANDIDATES_GENERATED pairs=16920 evals=2571 1073s
[609724.0] PE_E_T2000_R2880: step 1575 NO_CANDIDATES_GENERATED pairs=16920 evals=2571 1073s
[609724.1] PE_E_T2000_R2880: step 1576 NO_CANDIDATES_GENERATED pairs=16920 evals=2571 1073s
[609724.2] PE_E_T2000_R2880: step 1577 NO_CANDIDATES_GENERATED pairs=16920 evals=2571 1073s
[609724.2] PE_E_T2000_R2880: step 1578 NO_CANDIDATES_GENERATED pairs=16920 evals=2571 1073s
[609724.3] PE_E_T2000_R2880: step 1579 NO_CANDIDATES_GENERATED pairs=16920 evals=2571 1073s
[609724.4] PE_E_T2000_R2880: step 1580 NO_CANDIDATES_GENERATED pairs=16920 evals=2571 1073s
[609724.4] PE_E_T2000_R2880: step 1581 NO_CANDIDATES_GENERATED pairs=16920 evals=2571 1073s
[609729.2] PE_E_T2000_R2880: step 1582 ELEVATED pairs=16854 evals=2587 1078s
[609729.2] PE_E_T2000_R2880: step 1583 NO_CANDIDATES_GENERATED pairs=16854 evals=2587 1078s
[609729.3] PE_E_T2000_R2880: step 1584 NO_CANDIDATES_GENERATED pairs=16854 evals=2587 1078s
[609729.4] PE_E_T2000_R2880: step 1585 NO_CANDIDATES_GENERATED pairs=16854 evals=2587 1078s
[609729.5] PE_E_T2000_R2880: step 1586 NO_CANDIDATES_GENERATED pairs=16854 evals=2587 1078s
[609729.5] PE_E_T2000_R2880: step 1587 NO_CANDIDATES_GENERATED pairs=16854 evals=2587 1078s
[609729.6] PE_E_T2000_R2880: step 1588 NO_CANDIDATES_GENERATED pairs=16854 evals=2587 1078s
[609729.6] PE_E_T2000_R2880: step 1589 NO_CANDIDATES_GENERATED pairs=16854 evals=2587 1078s
[609729.7] PE_E_T2000_R2880: step 1590 NO_CANDIDATES_GENERATED pairs=16854 evals=2587 1078s
[609729.8] PE_E_T2000_R2880: step 1591 NO_CANDIDATES_GENERATED pairs=16854 evals=2587 1078s
[609729.8] PE_E_T2000_R2880: step 1592 NO_CANDIDATES_GENERATED pairs=16854 evals=2587 1079s
[609729.9] PE_E_T2000_R2880: step 1593 NO_CANDIDATES_GENERATED pairs=16854 evals=2587 1079s
[609730.0] PE_E_T2000_R2880: step 1594 NO_CANDIDATES_GENERATED pairs=16854 evals=2587 1079s
[609730.0] PE_E_T2000_R2880: step 1595 NO_CANDIDATES_GENERATED pairs=16854 evals=2587 1079s
[609730.1] PE_E_T2000_R2880: step 1596 NO_CANDIDATES_GENERATED pairs=16854 evals=2587 1079s
[609730.2] PE_E_T2000_R2880: step 1597 NO_CANDIDATES_GENERATED pairs=16854 evals=2587 1079s
[609730.2] PE_E_T2000_R2880: step 1598 NO_CANDIDATES_GENERATED pairs=16854 evals=2587 1079s
[609730.3] PE_E_T2000_R2880: step 1599 NO_CANDIDATES_GENERATED pairs=16854 evals=2587 1079s
[609735.2] PE_E_T2000_R2880: step 1600 ELEVATED pairs=16805 evals=2603 1084s
[609735.3] PE_E_T2000_R2880: step 1601 NO_CANDIDATES_GENERATED pairs=16805 evals=2603 1084s
[609735.3] PE_E_T2000_R2880: step 1602 NO_CANDIDATES_GENERATED pairs=16805 evals=2603 1084s
[609735.4] PE_E_T2000_R2880: step 1603 NO_CANDIDATES_GENERATED pairs=16805 evals=2603 1084s
[609735.5] PE_E_T2000_R2880: step 1604 NO_CANDIDATES_GENERATED pairs=16805 evals=2603 1084s
[609735.5] PE_E_T2000_R2880: step 1605 NO_CANDIDATES_GENERATED pairs=16805 evals=2603 1084s
[609735.6] PE_E_T2000_R2880: step 1606 NO_CANDIDATES_GENERATED pairs=16805 evals=2603 1084s
[609735.7] PE_E_T2000_R2880: step 1607 NO_CANDIDATES_GENERATED pairs=16805 evals=2603 1084s
[609735.7] PE_E_T2000_R2880: step 1608 NO_CANDIDATES_GENERATED pairs=16805 evals=2603 1084s
[609735.8] PE_E_T2000_R2880: step 1609 NO_CANDIDATES_GENERATED pairs=16805 evals=2603 1084s
[609735.9] PE_E_T2000_R2880: step 1610 NO_CANDIDATES_GENERATED pairs=16805 evals=2603 1085s
[609735.9] PE_E_T2000_R2880: step 1611 NO_CANDIDATES_GENERATED pairs=16805 evals=2603 1085s
[609736.0] PE_E_T2000_R2880: step 1612 NO_CANDIDATES_GENERATED pairs=16805 evals=2603 1085s
[609736.1] PE_E_T2000_R2880: step 1613 NO_CANDIDATES_GENERATED pairs=16805 evals=2603 1085s
[609736.1] PE_E_T2000_R2880: step 1614 NO_CANDIDATES_GENERATED pairs=16805 evals=2603 1085s
[609736.2] PE_E_T2000_R2880: step 1615 NO_CANDIDATES_GENERATED pairs=16805 evals=2603 1085s
[609736.3] PE_E_T2000_R2880: step 1616 NO_CANDIDATES_GENERATED pairs=16805 evals=2603 1085s
[609736.3] PE_E_T2000_R2880: step 1617 NO_CANDIDATES_GENERATED pairs=16805 evals=2603 1085s
[609743.6] PE_E_T2000_R2880: step 1618 ELEVATED pairs=16695 evals=2619 1092s
[609743.7] PE_E_T2000_R2880: step 1619 NO_CANDIDATES_GENERATED pairs=16695 evals=2619 1092s
[609743.7] PE_E_T2000_R2880: step 1620 NO_CANDIDATES_GENERATED pairs=16695 evals=2619 1092s
[609743.8] PE_E_T2000_R2880: step 1621 NO_CANDIDATES_GENERATED pairs=16695 evals=2619 1092s
[609743.9] PE_E_T2000_R2880: step 1622 NO_CANDIDATES_GENERATED pairs=16695 evals=2619 1093s
[609744.0] PE_E_T2000_R2880: step 1623 NO_CANDIDATES_GENERATED pairs=16695 evals=2619 1093s
[609744.0] PE_E_T2000_R2880: step 1624 NO_CANDIDATES_GENERATED pairs=16695 evals=2619 1093s
[609744.1] PE_E_T2000_R2880: step 1625 NO_CANDIDATES_GENERATED pairs=16695 evals=2619 1093s
[609744.2] PE_E_T2000_R2880: step 1626 NO_CANDIDATES_GENERATED pairs=16695 evals=2619 1093s
[609744.2] PE_E_T2000_R2880: step 1627 NO_CANDIDATES_GENERATED pairs=16695 evals=2619 1093s
[609744.3] PE_E_T2000_R2880: step 1628 NO_CANDIDATES_GENERATED pairs=16695 evals=2619 1093s
[609744.4] PE_E_T2000_R2880: step 1629 NO_CANDIDATES_GENERATED pairs=16695 evals=2619 1093s
[609744.5] PE_E_T2000_R2880: step 1630 NO_CANDIDATES_GENERATED pairs=16695 evals=2619 1093s
[609744.5] PE_E_T2000_R2880: step 1631 NO_CANDIDATES_GENERATED pairs=16695 evals=2619 1093s
[609744.6] PE_E_T2000_R2880: step 1632 NO_CANDIDATES_GENERATED pairs=16695 evals=2619 1093s
[609744.7] PE_E_T2000_R2880: step 1633 NO_CANDIDATES_GENERATED pairs=16695 evals=2619 1093s
[609744.7] PE_E_T2000_R2880: step 1634 NO_CANDIDATES_GENERATED pairs=16695 evals=2619 1093s
[609744.8] PE_E_T2000_R2880: step 1635 NO_CANDIDATES_GENERATED pairs=16695 evals=2619 1093s
[609768.5] PE_E_T2000_R2880: step 1636 ELEVATED pairs=16621 evals=2635 1117s
[609768.6] PE_E_T2000_R2880: step 1637 NO_CANDIDATES_GENERATED pairs=16621 evals=2635 1117s
[609768.7] PE_E_T2000_R2880: step 1638 NO_CANDIDATES_GENERATED pairs=16621 evals=2635 1117s
[609768.8] PE_E_T2000_R2880: step 1639 NO_CANDIDATES_GENERATED pairs=16621 evals=2635 1117s
[609768.9] PE_E_T2000_R2880: step 1640 NO_CANDIDATES_GENERATED pairs=16621 evals=2635 1118s
[609769.0] PE_E_T2000_R2880: step 1641 NO_CANDIDATES_GENERATED pairs=16621 evals=2635 1118s
[609769.0] PE_E_T2000_R2880: step 1642 NO_CANDIDATES_GENERATED pairs=16621 evals=2635 1118s
[609769.1] PE_E_T2000_R2880: step 1643 NO_CANDIDATES_GENERATED pairs=16621 evals=2635 1118s
[609769.2] PE_E_T2000_R2880: step 1644 NO_CANDIDATES_GENERATED pairs=16621 evals=2635 1118s
[609769.3] PE_E_T2000_R2880: step 1645 NO_CANDIDATES_GENERATED pairs=16621 evals=2635 1118s
[609769.3] PE_E_T2000_R2880: step 1646 NO_CANDIDATES_GENERATED pairs=16621 evals=2635 1118s
[609769.4] PE_E_T2000_R2880: step 1647 NO_CANDIDATES_GENERATED pairs=16621 evals=2635 1118s
[609769.5] PE_E_T2000_R2880: step 1648 NO_CANDIDATES_GENERATED pairs=16621 evals=2635 1118s
[609769.6] PE_E_T2000_R2880: step 1649 NO_CANDIDATES_GENERATED pairs=16621 evals=2635 1118s
[609769.6] PE_E_T2000_R2880: step 1650 NO_CANDIDATES_GENERATED pairs=16621 evals=2635 1118s
[609769.7] PE_E_T2000_R2880: step 1651 NO_CANDIDATES_GENERATED pairs=16621 evals=2635 1118s
[609769.8] PE_E_T2000_R2880: step 1652 NO_CANDIDATES_GENERATED pairs=16621 evals=2635 1118s
[609769.8] PE_E_T2000_R2880: step 1653 NO_CANDIDATES_GENERATED pairs=16621 evals=2635 1119s
[609788.0] PE_E_T2000_R2880: step 1654 ELEVATED pairs=16544 evals=2651 1137s
[609788.1] PE_E_T2000_R2880: step 1655 NO_CANDIDATES_GENERATED pairs=16544 evals=2651 1137s
[609788.1] PE_E_T2000_R2880: step 1656 NO_CANDIDATES_GENERATED pairs=16544 evals=2651 1137s
[609788.2] PE_E_T2000_R2880: step 1657 NO_CANDIDATES_GENERATED pairs=16544 evals=2651 1137s
[609788.2] PE_E_T2000_R2880: step 1658 NO_CANDIDATES_GENERATED pairs=16544 evals=2651 1137s
[609788.3] PE_E_T2000_R2880: step 1659 NO_CANDIDATES_GENERATED pairs=16544 evals=2651 1137s
[609788.3] PE_E_T2000_R2880: step 1660 NO_CANDIDATES_GENERATED pairs=16544 evals=2651 1137s
[609788.4] PE_E_T2000_R2880: step 1661 NO_CANDIDATES_GENERATED pairs=16544 evals=2651 1137s
[609788.4] PE_E_T2000_R2880: step 1662 NO_CANDIDATES_GENERATED pairs=16544 evals=2651 1137s
[609788.5] PE_E_T2000_R2880: step 1663 NO_CANDIDATES_GENERATED pairs=16544 evals=2651 1137s
[609788.5] PE_E_T2000_R2880: step 1664 NO_CANDIDATES_GENERATED pairs=16544 evals=2651 1137s
[609788.6] PE_E_T2000_R2880: step 1665 NO_CANDIDATES_GENERATED pairs=16544 evals=2651 1137s
[609788.6] PE_E_T2000_R2880: step 1666 NO_CANDIDATES_GENERATED pairs=16544 evals=2651 1137s
[609788.7] PE_E_T2000_R2880: step 1667 NO_CANDIDATES_GENERATED pairs=16544 evals=2651 1137s
[609788.7] PE_E_T2000_R2880: step 1668 NO_CANDIDATES_GENERATED pairs=16544 evals=2651 1137s
[609788.8] PE_E_T2000_R2880: step 1669 NO_CANDIDATES_GENERATED pairs=16544 evals=2651 1137s
[609788.8] PE_E_T2000_R2880: step 1670 NO_CANDIDATES_GENERATED pairs=16544 evals=2651 1138s
[609788.9] PE_E_T2000_R2880: step 1671 NO_CANDIDATES_GENERATED pairs=16544 evals=2651 1138s
[609788.9] PE_E_T2000_R2880: step 1672 NO_CANDIDATES_GENERATED pairs=16544 evals=2651 1138s
[609789.0] PE_E_T2000_R2880: step 1673 NO_CANDIDATES_GENERATED pairs=16544 evals=2651 1138s
[609789.1] PE_E_T2000_R2880: step 1674 NO_CANDIDATES_GENERATED pairs=16544 evals=2651 1138s
[609789.1] PE_E_T2000_R2880: step 1675 NO_CANDIDATES_GENERATED pairs=16544 evals=2651 1138s
[609793.3] PE_E_T2000_R2880: step 1676 ELEVATED pairs=16447 evals=2660 1142s
[609793.4] PE_E_T2000_R2880: step 1677 NO_CANDIDATES_GENERATED pairs=16447 evals=2660 1142s
[609793.4] PE_E_T2000_R2880: step 1678 NO_CANDIDATES_GENERATED pairs=16447 evals=2660 1142s
[609793.5] PE_E_T2000_R2880: step 1679 NO_CANDIDATES_GENERATED pairs=16447 evals=2660 1142s
[609793.5] PE_E_T2000_R2880: step 1680 NO_CANDIDATES_GENERATED pairs=16447 evals=2660 1142s
[609793.6] PE_E_T2000_R2880: step 1681 NO_CANDIDATES_GENERATED pairs=16447 evals=2660 1142s
[609793.6] PE_E_T2000_R2880: step 1682 NO_CANDIDATES_GENERATED pairs=16447 evals=2660 1142s
[609793.7] PE_E_T2000_R2880: step 1683 NO_CANDIDATES_GENERATED pairs=16447 evals=2660 1142s
[609793.8] PE_E_T2000_R2880: step 1684 NO_CANDIDATES_GENERATED pairs=16447 evals=2660 1142s
[609793.8] PE_E_T2000_R2880: step 1685 NO_CANDIDATES_GENERATED pairs=16447 evals=2660 1142s
[609793.9] PE_E_T2000_R2880: step 1686 NO_CANDIDATES_GENERATED pairs=16447 evals=2660 1143s
[609793.9] PE_E_T2000_R2880: step 1687 NO_CANDIDATES_GENERATED pairs=16447 evals=2660 1143s
[609794.0] PE_E_T2000_R2880: step 1688 NO_CANDIDATES_GENERATED pairs=16447 evals=2660 1143s
[609794.0] PE_E_T2000_R2880: step 1689 NO_CANDIDATES_GENERATED pairs=16447 evals=2660 1143s
[609794.1] PE_E_T2000_R2880: step 1690 NO_CANDIDATES_GENERATED pairs=16447 evals=2660 1143s
[609794.1] PE_E_T2000_R2880: step 1691 NO_CANDIDATES_GENERATED pairs=16447 evals=2660 1143s
[609794.2] PE_E_T2000_R2880: step 1692 NO_CANDIDATES_GENERATED pairs=16447 evals=2660 1143s
[609794.2] PE_E_T2000_R2880: step 1693 NO_CANDIDATES_GENERATED pairs=16447 evals=2660 1143s
[609794.3] PE_E_T2000_R2880: step 1694 NO_CANDIDATES_GENERATED pairs=16447 evals=2660 1143s
[609794.3] PE_E_T2000_R2880: step 1695 NO_CANDIDATES_GENERATED pairs=16447 evals=2660 1143s
[609794.4] PE_E_T2000_R2880: step 1696 NO_CANDIDATES_GENERATED pairs=16447 evals=2660 1143s
[609794.4] PE_E_T2000_R2880: step 1697 NO_CANDIDATES_GENERATED pairs=16447 evals=2660 1143s
[609798.5] PE_E_T2000_R2880: step 1698 ELEVATED pairs=16434 evals=2676 1147s
[609798.5] PE_E_T2000_R2880: step 1699 NO_CANDIDATES_GENERATED pairs=16434 evals=2676 1147s
[609798.6] PE_E_T2000_R2880: step 1700 NO_CANDIDATES_GENERATED pairs=16434 evals=2676 1147s
[609798.7] PE_E_T2000_R2880: step 1701 NO_CANDIDATES_GENERATED pairs=16434 evals=2676 1147s
[609798.7] PE_E_T2000_R2880: step 1702 NO_CANDIDATES_GENERATED pairs=16434 evals=2676 1147s
[609798.8] PE_E_T2000_R2880: step 1703 NO_CANDIDATES_GENERATED pairs=16434 evals=2676 1147s
[609798.8] PE_E_T2000_R2880: step 1704 NO_CANDIDATES_GENERATED pairs=16434 evals=2676 1147s
[609798.9] PE_E_T2000_R2880: step 1705 NO_CANDIDATES_GENERATED pairs=16434 evals=2676 1148s
[609798.9] PE_E_T2000_R2880: step 1706 NO_CANDIDATES_GENERATED pairs=16434 evals=2676 1148s
[609799.0] PE_E_T2000_R2880: step 1707 NO_CANDIDATES_GENERATED pairs=16434 evals=2676 1148s
[609799.0] PE_E_T2000_R2880: step 1708 NO_CANDIDATES_GENERATED pairs=16434 evals=2676 1148s
[609799.1] PE_E_T2000_R2880: step 1709 NO_CANDIDATES_GENERATED pairs=16434 evals=2676 1148s
[609799.1] PE_E_T2000_R2880: step 1710 NO_CANDIDATES_GENERATED pairs=16434 evals=2676 1148s
[609799.2] PE_E_T2000_R2880: step 1711 NO_CANDIDATES_GENERATED pairs=16434 evals=2676 1148s
[609799.2] PE_E_T2000_R2880: step 1712 NO_CANDIDATES_GENERATED pairs=16434 evals=2676 1148s
[609799.3] PE_E_T2000_R2880: step 1713 NO_CANDIDATES_GENERATED pairs=16434 evals=2676 1148s
[609799.3] PE_E_T2000_R2880: step 1714 NO_CANDIDATES_GENERATED pairs=16434 evals=2676 1148s
[609799.4] PE_E_T2000_R2880: step 1715 NO_CANDIDATES_GENERATED pairs=16434 evals=2676 1148s
[609799.4] PE_E_T2000_R2880: step 1716 NO_CANDIDATES_GENERATED pairs=16434 evals=2676 1148s
[609799.5] PE_E_T2000_R2880: step 1717 NO_CANDIDATES_GENERATED pairs=16434 evals=2676 1148s
[609799.5] PE_E_T2000_R2880: step 1718 NO_CANDIDATES_GENERATED pairs=16434 evals=2676 1148s
[609799.6] PE_E_T2000_R2880: step 1719 NO_CANDIDATES_GENERATED pairs=16434 evals=2676 1148s
[609804.2] PE_E_T2000_R2880: step 1720 ELEVATED pairs=16339 evals=2685 1153s
[609804.2] PE_E_T2000_R2880: step 1721 NO_CANDIDATES_GENERATED pairs=16339 evals=2685 1153s
[609804.3] PE_E_T2000_R2880: step 1722 NO_CANDIDATES_GENERATED pairs=16339 evals=2685 1153s
[609804.3] PE_E_T2000_R2880: step 1723 NO_CANDIDATES_GENERATED pairs=16339 evals=2685 1153s
[609804.4] PE_E_T2000_R2880: step 1724 NO_CANDIDATES_GENERATED pairs=16339 evals=2685 1153s
[609804.4] PE_E_T2000_R2880: step 1725 NO_CANDIDATES_GENERATED pairs=16339 evals=2685 1153s
[609804.5] PE_E_T2000_R2880: step 1726 NO_CANDIDATES_GENERATED pairs=16339 evals=2685 1153s
[609804.5] PE_E_T2000_R2880: step 1727 NO_CANDIDATES_GENERATED pairs=16339 evals=2685 1153s
[609804.6] PE_E_T2000_R2880: step 1728 NO_CANDIDATES_GENERATED pairs=16339 evals=2685 1153s
[609804.6] PE_E_T2000_R2880: step 1729 NO_CANDIDATES_GENERATED pairs=16339 evals=2685 1153s
[609804.7] PE_E_T2000_R2880: step 1730 NO_CANDIDATES_GENERATED pairs=16339 evals=2685 1153s
[609804.7] PE_E_T2000_R2880: step 1731 NO_CANDIDATES_GENERATED pairs=16339 evals=2685 1153s
[609804.8] PE_E_T2000_R2880: step 1732 NO_CANDIDATES_GENERATED pairs=16339 evals=2685 1153s
[609804.8] PE_E_T2000_R2880: step 1733 NO_CANDIDATES_GENERATED pairs=16339 evals=2685 1153s
[609804.9] PE_E_T2000_R2880: step 1734 NO_CANDIDATES_GENERATED pairs=16339 evals=2685 1154s
[609804.9] PE_E_T2000_R2880: step 1735 NO_CANDIDATES_GENERATED pairs=16339 evals=2685 1154s
[609805.0] PE_E_T2000_R2880: step 1736 NO_CANDIDATES_GENERATED pairs=16339 evals=2685 1154s
[609805.0] PE_E_T2000_R2880: step 1737 NO_CANDIDATES_GENERATED pairs=16339 evals=2685 1154s
[609805.1] PE_E_T2000_R2880: step 1738 NO_CANDIDATES_GENERATED pairs=16339 evals=2685 1154s
[609805.1] PE_E_T2000_R2880: step 1739 NO_CANDIDATES_GENERATED pairs=16339 evals=2685 1154s
[609805.2] PE_E_T2000_R2880: step 1740 NO_CANDIDATES_GENERATED pairs=16339 evals=2685 1154s
[609805.2] PE_E_T2000_R2880: step 1741 NO_CANDIDATES_GENERATED pairs=16339 evals=2685 1154s
[609805.2] PE_E_T2000_R2880: step 1742 NO_CANDIDATES_GENERATED pairs=16339 evals=2685 1154s
[609805.3] PE_E_T2000_R2880: step 1743 NO_CANDIDATES_GENERATED pairs=16339 evals=2685 1154s
[609809.3] PE_E_T2000_R2880: step 1744 ELEVATED pairs=16322 evals=2701 1158s
[609809.4] PE_E_T2000_R2880: step 1745 NO_CANDIDATES_GENERATED pairs=16322 evals=2701 1158s
[609809.4] PE_E_T2000_R2880: step 1746 NO_CANDIDATES_GENERATED pairs=16322 evals=2701 1158s
[609809.5] PE_E_T2000_R2880: step 1747 NO_CANDIDATES_GENERATED pairs=16322 evals=2701 1158s
[609809.5] PE_E_T2000_R2880: step 1748 NO_CANDIDATES_GENERATED pairs=16322 evals=2701 1158s
[609809.6] PE_E_T2000_R2880: step 1749 NO_CANDIDATES_GENERATED pairs=16322 evals=2701 1158s
[609809.6] PE_E_T2000_R2880: step 1750 NO_CANDIDATES_GENERATED pairs=16322 evals=2701 1158s
[609809.7] PE_E_T2000_R2880: step 1751 NO_CANDIDATES_GENERATED pairs=16322 evals=2701 1158s
[609809.7] PE_E_T2000_R2880: step 1752 NO_CANDIDATES_GENERATED pairs=16322 evals=2701 1158s
[609809.8] PE_E_T2000_R2880: step 1753 NO_CANDIDATES_GENERATED pairs=16322 evals=2701 1158s
[609809.8] PE_E_T2000_R2880: step 1754 NO_CANDIDATES_GENERATED pairs=16322 evals=2701 1158s
[609809.8] PE_E_T2000_R2880: step 1755 NO_CANDIDATES_GENERATED pairs=16322 evals=2701 1159s
[609809.9] PE_E_T2000_R2880: step 1756 NO_CANDIDATES_GENERATED pairs=16322 evals=2701 1159s
[609809.9] PE_E_T2000_R2880: step 1757 NO_CANDIDATES_GENERATED pairs=16322 evals=2701 1159s
[609810.0] PE_E_T2000_R2880: step 1758 NO_CANDIDATES_GENERATED pairs=16322 evals=2701 1159s
[609810.0] PE_E_T2000_R2880: step 1759 NO_CANDIDATES_GENERATED pairs=16322 evals=2701 1159s
[609810.1] PE_E_T2000_R2880: step 1760 NO_CANDIDATES_GENERATED pairs=16322 evals=2701 1159s
[609810.1] PE_E_T2000_R2880: step 1761 NO_CANDIDATES_GENERATED pairs=16322 evals=2701 1159s
[609810.2] PE_E_T2000_R2880: step 1762 NO_CANDIDATES_GENERATED pairs=16322 evals=2701 1159s
[609810.2] PE_E_T2000_R2880: step 1763 NO_CANDIDATES_GENERATED pairs=16322 evals=2701 1159s
[609810.3] PE_E_T2000_R2880: step 1764 NO_CANDIDATES_GENERATED pairs=16322 evals=2701 1159s
[609810.3] PE_E_T2000_R2880: step 1765 NO_CANDIDATES_GENERATED pairs=16322 evals=2701 1159s
[609810.4] PE_E_T2000_R2880: step 1766 NO_CANDIDATES_GENERATED pairs=16322 evals=2701 1159s
[609810.4] PE_E_T2000_R2880: step 1767 NO_CANDIDATES_GENERATED pairs=16322 evals=2701 1159s
[609824.8] PE_E_T2000_R2880: step 1768 ELEVATED pairs=16235 evals=2717 1173s
[609824.8] PE_E_T2000_R2880: step 1769 NO_CANDIDATES_GENERATED pairs=16235 evals=2717 1174s
[609824.9] PE_E_T2000_R2880: step 1770 NO_CANDIDATES_GENERATED pairs=16235 evals=2717 1174s
[609824.9] PE_E_T2000_R2880: step 1771 NO_CANDIDATES_GENERATED pairs=16235 evals=2717 1174s
[609825.0] PE_E_T2000_R2880: step 1772 NO_CANDIDATES_GENERATED pairs=16235 evals=2717 1174s
[609825.0] PE_E_T2000_R2880: step 1773 NO_CANDIDATES_GENERATED pairs=16235 evals=2717 1174s
[609825.1] PE_E_T2000_R2880: step 1774 NO_CANDIDATES_GENERATED pairs=16235 evals=2717 1174s
[609825.1] PE_E_T2000_R2880: step 1775 NO_CANDIDATES_GENERATED pairs=16235 evals=2717 1174s
[609825.2] PE_E_T2000_R2880: step 1776 NO_CANDIDATES_GENERATED pairs=16235 evals=2717 1174s
[609825.2] PE_E_T2000_R2880: step 1777 NO_CANDIDATES_GENERATED pairs=16235 evals=2717 1174s
[609825.3] PE_E_T2000_R2880: step 1778 NO_CANDIDATES_GENERATED pairs=16235 evals=2717 1174s
[609825.3] PE_E_T2000_R2880: step 1779 NO_CANDIDATES_GENERATED pairs=16235 evals=2717 1174s
[609825.4] PE_E_T2000_R2880: step 1780 NO_CANDIDATES_GENERATED pairs=16235 evals=2717 1174s
[609825.4] PE_E_T2000_R2880: step 1781 NO_CANDIDATES_GENERATED pairs=16235 evals=2717 1174s
[609825.5] PE_E_T2000_R2880: step 1782 NO_CANDIDATES_GENERATED pairs=16235 evals=2717 1174s
[609825.5] PE_E_T2000_R2880: step 1783 NO_CANDIDATES_GENERATED pairs=16235 evals=2717 1174s
[609825.6] PE_E_T2000_R2880: step 1784 NO_CANDIDATES_GENERATED pairs=16235 evals=2717 1174s
[609825.6] PE_E_T2000_R2880: step 1785 NO_CANDIDATES_GENERATED pairs=16235 evals=2717 1174s
[609825.7] PE_E_T2000_R2880: step 1786 NO_CANDIDATES_GENERATED pairs=16235 evals=2717 1174s
[609825.7] PE_E_T2000_R2880: step 1787 NO_CANDIDATES_GENERATED pairs=16235 evals=2717 1174s
[609825.8] PE_E_T2000_R2880: step 1788 NO_CANDIDATES_GENERATED pairs=16235 evals=2717 1174s
[609825.8] PE_E_T2000_R2880: step 1789 NO_CANDIDATES_GENERATED pairs=16235 evals=2717 1174s
[609825.9] PE_E_T2000_R2880: step 1790 NO_CANDIDATES_GENERATED pairs=16235 evals=2717 1175s
[609825.9] PE_E_T2000_R2880: step 1791 NO_CANDIDATES_GENERATED pairs=16235 evals=2717 1175s
[609828.4] PE_E_T2000_R2880: step 1792 ELEVATED pairs=16199 evals=2733 1177s
[609828.5] PE_E_T2000_R2880: step 1793 NO_CANDIDATES_GENERATED pairs=16199 evals=2733 1177s
[609828.5] PE_E_T2000_R2880: step 1794 NO_CANDIDATES_GENERATED pairs=16199 evals=2733 1177s
[609828.6] PE_E_T2000_R2880: step 1795 NO_CANDIDATES_GENERATED pairs=16199 evals=2733 1177s
[609828.6] PE_E_T2000_R2880: step 1796 NO_CANDIDATES_GENERATED pairs=16199 evals=2733 1177s
[609828.7] PE_E_T2000_R2880: step 1797 NO_CANDIDATES_GENERATED pairs=16199 evals=2733 1177s
[609828.7] PE_E_T2000_R2880: step 1798 NO_CANDIDATES_GENERATED pairs=16199 evals=2733 1177s
[609828.8] PE_E_T2000_R2880: step 1799 NO_CANDIDATES_GENERATED pairs=16199 evals=2733 1177s
[609828.8] PE_E_T2000_R2880: step 1800 NO_CANDIDATES_GENERATED pairs=16199 evals=2733 1177s
[609828.9] PE_E_T2000_R2880: step 1801 NO_CANDIDATES_GENERATED pairs=16199 evals=2733 1178s
[609828.9] PE_E_T2000_R2880: step 1802 NO_CANDIDATES_GENERATED pairs=16199 evals=2733 1178s
[609829.0] PE_E_T2000_R2880: step 1803 NO_CANDIDATES_GENERATED pairs=16199 evals=2733 1178s
[609829.0] PE_E_T2000_R2880: step 1804 NO_CANDIDATES_GENERATED pairs=16199 evals=2733 1178s
[609829.1] PE_E_T2000_R2880: step 1805 NO_CANDIDATES_GENERATED pairs=16199 evals=2733 1178s
[609829.1] PE_E_T2000_R2880: step 1806 NO_CANDIDATES_GENERATED pairs=16199 evals=2733 1178s
[609829.2] PE_E_T2000_R2880: step 1807 NO_CANDIDATES_GENERATED pairs=16199 evals=2733 1178s
[609829.2] PE_E_T2000_R2880: step 1808 NO_CANDIDATES_GENERATED pairs=16199 evals=2733 1178s
[609829.3] PE_E_T2000_R2880: step 1809 NO_CANDIDATES_GENERATED pairs=16199 evals=2733 1178s
[609829.3] PE_E_T2000_R2880: step 1810 NO_CANDIDATES_GENERATED pairs=16199 evals=2733 1178s
[609829.4] PE_E_T2000_R2880: step 1811 NO_CANDIDATES_GENERATED pairs=16199 evals=2733 1178s
[609829.4] PE_E_T2000_R2880: step 1812 NO_CANDIDATES_GENERATED pairs=16199 evals=2733 1178s
[609829.4] PE_E_T2000_R2880: step 1813 NO_CANDIDATES_GENERATED pairs=16199 evals=2733 1178s
[609846.4] PE_E_T2000_R2880: step 1814 ELEVATED pairs=16137 evals=2749 1195s
[609846.4] PE_E_T2000_R2880: step 1815 NO_CANDIDATES_GENERATED pairs=16137 evals=2749 1195s
[609846.5] PE_E_T2000_R2880: step 1816 NO_CANDIDATES_GENERATED pairs=16137 evals=2749 1195s
[609846.5] PE_E_T2000_R2880: step 1817 NO_CANDIDATES_GENERATED pairs=16137 evals=2749 1195s
[609846.5] PE_E_T2000_R2880: step 1818 NO_CANDIDATES_GENERATED pairs=16137 evals=2749 1195s
[609846.6] PE_E_T2000_R2880: step 1819 NO_CANDIDATES_GENERATED pairs=16137 evals=2749 1195s
[609846.6] PE_E_T2000_R2880: step 1820 NO_CANDIDATES_GENERATED pairs=16137 evals=2749 1195s
[609846.7] PE_E_T2000_R2880: step 1821 NO_CANDIDATES_GENERATED pairs=16137 evals=2749 1195s
[609846.7] PE_E_T2000_R2880: step 1822 NO_CANDIDATES_GENERATED pairs=16137 evals=2749 1195s
[609846.8] PE_E_T2000_R2880: step 1823 NO_CANDIDATES_GENERATED pairs=16137 evals=2749 1195s
[609846.8] PE_E_T2000_R2880: step 1824 NO_CANDIDATES_GENERATED pairs=16137 evals=2749 1195s
[609846.9] PE_E_T2000_R2880: step 1825 NO_CANDIDATES_GENERATED pairs=16137 evals=2749 1196s
[609846.9] PE_E_T2000_R2880: step 1826 NO_CANDIDATES_GENERATED pairs=16137 evals=2749 1196s
[609847.0] PE_E_T2000_R2880: step 1827 NO_CANDIDATES_GENERATED pairs=16137 evals=2749 1196s
[609847.0] PE_E_T2000_R2880: step 1828 NO_CANDIDATES_GENERATED pairs=16137 evals=2749 1196s
[609847.0] PE_E_T2000_R2880: step 1829 NO_CANDIDATES_GENERATED pairs=16137 evals=2749 1196s
[609847.1] PE_E_T2000_R2880: step 1830 NO_CANDIDATES_GENERATED pairs=16137 evals=2749 1196s
[609847.1] PE_E_T2000_R2880: step 1831 NO_CANDIDATES_GENERATED pairs=16137 evals=2749 1196s
[609847.2] PE_E_T2000_R2880: step 1832 NO_CANDIDATES_GENERATED pairs=16137 evals=2749 1196s
[609847.2] PE_E_T2000_R2880: step 1833 NO_CANDIDATES_GENERATED pairs=16137 evals=2749 1196s
[609847.3] PE_E_T2000_R2880: step 1834 NO_CANDIDATES_GENERATED pairs=16137 evals=2749 1196s
[609847.3] PE_E_T2000_R2880: step 1835 NO_CANDIDATES_GENERATED pairs=16137 evals=2749 1196s
[609847.4] PE_E_T2000_R2880: step 1836 NO_CANDIDATES_GENERATED pairs=16137 evals=2749 1196s
[609850.8] PE_E_T2000_R2880: step 1837 ELEVATED pairs=16080 evals=2765 1199s
[609850.8] PE_E_T2000_R2880: step 1838 NO_CANDIDATES_GENERATED pairs=16080 evals=2765 1200s
[609850.9] PE_E_T2000_R2880: step 1839 NO_CANDIDATES_GENERATED pairs=16080 evals=2765 1200s
[609850.9] PE_E_T2000_R2880: step 1840 NO_CANDIDATES_GENERATED pairs=16080 evals=2765 1200s
[609851.0] PE_E_T2000_R2880: step 1841 NO_CANDIDATES_GENERATED pairs=16080 evals=2765 1200s
[609851.0] PE_E_T2000_R2880: step 1842 NO_CANDIDATES_GENERATED pairs=16080 evals=2765 1200s
[609851.1] PE_E_T2000_R2880: step 1843 NO_CANDIDATES_GENERATED pairs=16080 evals=2765 1200s
[609851.1] PE_E_T2000_R2880: step 1844 NO_CANDIDATES_GENERATED pairs=16080 evals=2765 1200s
[609851.2] PE_E_T2000_R2880: step 1845 NO_CANDIDATES_GENERATED pairs=16080 evals=2765 1200s
[609851.2] PE_E_T2000_R2880: step 1846 NO_CANDIDATES_GENERATED pairs=16080 evals=2765 1200s
[609851.3] PE_E_T2000_R2880: step 1847 NO_CANDIDATES_GENERATED pairs=16080 evals=2765 1200s
[609851.3] PE_E_T2000_R2880: step 1848 NO_CANDIDATES_GENERATED pairs=16080 evals=2765 1200s
[609851.3] PE_E_T2000_R2880: step 1849 NO_CANDIDATES_GENERATED pairs=16080 evals=2765 1200s
[609851.4] PE_E_T2000_R2880: step 1850 NO_CANDIDATES_GENERATED pairs=16080 evals=2765 1200s
[609851.4] PE_E_T2000_R2880: step 1851 NO_CANDIDATES_GENERATED pairs=16080 evals=2765 1200s
[609851.5] PE_E_T2000_R2880: step 1852 NO_CANDIDATES_GENERATED pairs=16080 evals=2765 1200s
[609851.5] PE_E_T2000_R2880: step 1853 NO_CANDIDATES_GENERATED pairs=16080 evals=2765 1200s
[609851.6] PE_E_T2000_R2880: step 1854 NO_CANDIDATES_GENERATED pairs=16080 evals=2765 1200s
[609851.6] PE_E_T2000_R2880: step 1855 NO_CANDIDATES_GENERATED pairs=16080 evals=2765 1200s
[609851.7] PE_E_T2000_R2880: step 1856 NO_CANDIDATES_GENERATED pairs=16080 evals=2765 1200s
[609851.7] PE_E_T2000_R2880: step 1857 NO_CANDIDATES_GENERATED pairs=16080 evals=2765 1200s
[609851.8] PE_E_T2000_R2880: step 1858 NO_CANDIDATES_GENERATED pairs=16080 evals=2765 1200s
[609851.8] PE_E_T2000_R2880: step 1859 NO_CANDIDATES_GENERATED pairs=16080 evals=2765 1200s
[609855.7] PE_E_T2000_R2880: step 1860 PREFIX_EVALUATED_NO_WINNER_DEFERRED pairs=16080 evals=2781 1204s
[609859.7] PE_E_T2000_R2880: step 1861 PREFIX_EVALUATED_NO_WINNER_DEFERRED pairs=16080 evals=2797 1208s
[609863.7] PE_E_T2000_R2880: step 1862 PREFIX_EVALUATED_NO_WINNER_DEFERRED pairs=16080 evals=2813 1212s
[609868.3] PE_E_T2000_R2880: step 1863 PREFIX_EVALUATED_NO_WINNER_DEFERRED pairs=16080 evals=2829 1217s
[609871.1] PE_E_T2000_R2880: step 1864 ELEVATED pairs=16049 evals=2845 1220s
[609871.2] PE_E_T2000_R2880: step 1865 NO_CANDIDATES_GENERATED pairs=16049 evals=2845 1220s
[609871.2] PE_E_T2000_R2880: step 1866 NO_CANDIDATES_GENERATED pairs=16049 evals=2845 1220s
[609871.2] PE_E_T2000_R2880: step 1867 NO_CANDIDATES_GENERATED pairs=16049 evals=2845 1220s
[609871.3] PE_E_T2000_R2880: step 1868 NO_CANDIDATES_GENERATED pairs=16049 evals=2845 1220s
[609871.3] PE_E_T2000_R2880: step 1869 NO_CANDIDATES_GENERATED pairs=16049 evals=2845 1220s
[609871.4] PE_E_T2000_R2880: step 1870 NO_CANDIDATES_GENERATED pairs=16049 evals=2845 1220s
[609871.5] PE_E_T2000_R2880: step 1871 NO_CANDIDATES_GENERATED pairs=16049 evals=2845 1220s
[609871.5] PE_E_T2000_R2880: step 1872 NO_CANDIDATES_GENERATED pairs=16049 evals=2845 1220s
[609871.6] PE_E_T2000_R2880: step 1873 NO_CANDIDATES_GENERATED pairs=16049 evals=2845 1220s
[609871.6] PE_E_T2000_R2880: step 1874 NO_CANDIDATES_GENERATED pairs=16049 evals=2845 1220s
[609871.7] PE_E_T2000_R2880: step 1875 NO_CANDIDATES_GENERATED pairs=16049 evals=2845 1220s
[609871.7] PE_E_T2000_R2880: step 1876 NO_CANDIDATES_GENERATED pairs=16049 evals=2845 1220s
[609871.8] PE_E_T2000_R2880: step 1877 NO_CANDIDATES_GENERATED pairs=16049 evals=2845 1220s
[609871.8] PE_E_T2000_R2880: step 1878 NO_CANDIDATES_GENERATED pairs=16049 evals=2845 1220s
[609871.9] PE_E_T2000_R2880: step 1879 NO_CANDIDATES_GENERATED pairs=16049 evals=2845 1221s
[609871.9] PE_E_T2000_R2880: step 1880 NO_CANDIDATES_GENERATED pairs=16049 evals=2845 1221s
[609872.0] PE_E_T2000_R2880: step 1881 NO_CANDIDATES_GENERATED pairs=16049 evals=2845 1221s
[609872.0] PE_E_T2000_R2880: step 1882 NO_CANDIDATES_GENERATED pairs=16049 evals=2845 1221s
[609872.1] PE_E_T2000_R2880: step 1883 NO_CANDIDATES_GENERATED pairs=16049 evals=2845 1221s
[609872.1] PE_E_T2000_R2880: step 1884 NO_CANDIDATES_GENERATED pairs=16049 evals=2845 1221s
[609872.2] PE_E_T2000_R2880: step 1885 NO_CANDIDATES_GENERATED pairs=16049 evals=2845 1221s
[609872.2] PE_E_T2000_R2880: step 1886 NO_CANDIDATES_GENERATED pairs=16049 evals=2845 1221s
[609876.2] PE_E_T2000_R2880: step 1887 ELEVATED pairs=15992 evals=2861 1225s
[609876.3] PE_E_T2000_R2880: step 1888 NO_CANDIDATES_GENERATED pairs=15992 evals=2861 1225s
[609876.3] PE_E_T2000_R2880: step 1889 NO_CANDIDATES_GENERATED pairs=15992 evals=2861 1225s
[609876.4] PE_E_T2000_R2880: step 1890 NO_CANDIDATES_GENERATED pairs=15992 evals=2861 1225s
[609876.5] PE_E_T2000_R2880: step 1891 NO_CANDIDATES_GENERATED pairs=15992 evals=2861 1225s
[609876.6] PE_E_T2000_R2880: step 1892 NO_CANDIDATES_GENERATED pairs=15992 evals=2861 1225s
[609876.6] PE_E_T2000_R2880: step 1893 NO_CANDIDATES_GENERATED pairs=15992 evals=2861 1225s
[609876.7] PE_E_T2000_R2880: step 1894 NO_CANDIDATES_GENERATED pairs=15992 evals=2861 1225s
[609876.7] PE_E_T2000_R2880: step 1895 NO_CANDIDATES_GENERATED pairs=15992 evals=2861 1225s
[609876.8] PE_E_T2000_R2880: step 1896 NO_CANDIDATES_GENERATED pairs=15992 evals=2861 1225s
[609876.8] PE_E_T2000_R2880: step 1897 NO_CANDIDATES_GENERATED pairs=15992 evals=2861 1226s
[609876.9] PE_E_T2000_R2880: step 1898 NO_CANDIDATES_GENERATED pairs=15992 evals=2861 1226s
[609877.0] PE_E_T2000_R2880: step 1899 NO_CANDIDATES_GENERATED pairs=15992 evals=2861 1226s
[609877.0] PE_E_T2000_R2880: step 1900 NO_CANDIDATES_GENERATED pairs=15992 evals=2861 1226s
[609877.1] PE_E_T2000_R2880: step 1901 NO_CANDIDATES_GENERATED pairs=15992 evals=2861 1226s
[609877.2] PE_E_T2000_R2880: step 1902 NO_CANDIDATES_GENERATED pairs=15992 evals=2861 1226s
[609877.2] PE_E_T2000_R2880: step 1903 NO_CANDIDATES_GENERATED pairs=15992 evals=2861 1226s
[609877.3] PE_E_T2000_R2880: step 1904 NO_CANDIDATES_GENERATED pairs=15992 evals=2861 1226s
[609877.3] PE_E_T2000_R2880: step 1905 NO_CANDIDATES_GENERATED pairs=15992 evals=2861 1226s
[609877.4] PE_E_T2000_R2880: step 1906 NO_CANDIDATES_GENERATED pairs=15992 evals=2861 1226s
[609877.5] PE_E_T2000_R2880: step 1907 NO_CANDIDATES_GENERATED pairs=15992 evals=2861 1226s
[609877.5] PE_E_T2000_R2880: step 1908 NO_CANDIDATES_GENERATED pairs=15992 evals=2861 1226s
[609877.6] PE_E_T2000_R2880: step 1909 NO_CANDIDATES_GENERATED pairs=15992 evals=2861 1226s
[609880.9] PE_E_T2000_R2880: step 1910 ELEVATED pairs=15935 evals=2877 1230s
[609880.9] PE_E_T2000_R2880: step 1911 NO_CANDIDATES_GENERATED pairs=15935 evals=2877 1230s
[609881.0] PE_E_T2000_R2880: step 1912 NO_CANDIDATES_GENERATED pairs=15935 evals=2877 1230s
[609881.0] PE_E_T2000_R2880: step 1913 NO_CANDIDATES_GENERATED pairs=15935 evals=2877 1230s
[609881.1] PE_E_T2000_R2880: step 1914 NO_CANDIDATES_GENERATED pairs=15935 evals=2877 1230s
[609881.1] PE_E_T2000_R2880: step 1915 NO_CANDIDATES_GENERATED pairs=15935 evals=2877 1230s
[609881.2] PE_E_T2000_R2880: step 1916 NO_CANDIDATES_GENERATED pairs=15935 evals=2877 1230s
[609881.2] PE_E_T2000_R2880: step 1917 NO_CANDIDATES_GENERATED pairs=15935 evals=2877 1230s
[609881.3] PE_E_T2000_R2880: step 1918 NO_CANDIDATES_GENERATED pairs=15935 evals=2877 1230s
[609881.3] PE_E_T2000_R2880: step 1919 NO_CANDIDATES_GENERATED pairs=15935 evals=2877 1230s
[609881.4] PE_E_T2000_R2880: step 1920 NO_CANDIDATES_GENERATED pairs=15935 evals=2877 1230s
[609881.4] PE_E_T2000_R2880: step 1921 NO_CANDIDATES_GENERATED pairs=15935 evals=2877 1230s
[609881.4] PE_E_T2000_R2880: step 1922 NO_CANDIDATES_GENERATED pairs=15935 evals=2877 1230s
[609881.5] PE_E_T2000_R2880: step 1923 NO_CANDIDATES_GENERATED pairs=15935 evals=2877 1230s
[609881.5] PE_E_T2000_R2880: step 1924 NO_CANDIDATES_GENERATED pairs=15935 evals=2877 1230s
[609881.6] PE_E_T2000_R2880: step 1925 NO_CANDIDATES_GENERATED pairs=15935 evals=2877 1230s
[609881.6] PE_E_T2000_R2880: step 1926 NO_CANDIDATES_GENERATED pairs=15935 evals=2877 1230s
[609881.7] PE_E_T2000_R2880: step 1927 NO_CANDIDATES_GENERATED pairs=15935 evals=2877 1230s
[609881.7] PE_E_T2000_R2880: step 1928 NO_CANDIDATES_GENERATED pairs=15935 evals=2877 1230s
[609881.8] PE_E_T2000_R2880: step 1929 NO_CANDIDATES_GENERATED pairs=15935 evals=2877 1230s
[609881.8] PE_E_T2000_R2880: step 1930 NO_CANDIDATES_GENERATED pairs=15935 evals=2877 1230s
[609881.8] PE_E_T2000_R2880: step 1931 NO_CANDIDATES_GENERATED pairs=15935 evals=2877 1231s
[609881.9] PE_E_T2000_R2880: step 1932 NO_CANDIDATES_GENERATED pairs=15935 evals=2877 1231s
[609882.7] PE_E_T2000_R2880: step 1933 ABORTED_CANDIDATE_BUDGET pairs=15935 evals=2880 1231s
[609882.9] PE_E_T2000_R2880: done final=15935 moves=185 first=185 reloc=0 ret=0 evals=2880 stop=CANDIDATE_BUDGET_EXHAUSTED
[609937.7] PE_E_T2000_R2880: recheck PASS checks=130816
GROUP DONE PE_E_T2000_R2880 PASS
