route_id,port1,port2,index1,index2,sx_mm,sy_mm,lx_mm,ly_mm,track_y_mm,radius_mm,dx_mm,straight_length_mm,arc_length_mm,total_length_mm,bend_count,bend_total_deg,crossing_count,min_crossing_angle_deg,straight_loss_db,bend_loss_db,crossing_loss_db,total_loss_db,geometry_valid,geometry_issue_kinds,legacy_length_mm,legacy_crossing_count,legacy_loss_db
0,8,1,28,58,132.1,150.0,121.1,0.0,41.4,5.0,11.0,141.0,15.707963267948966,156.70796326794897,2,180.0,94,45.17045594982257,0.705,4.76514595344064,0.19360127777215883,5.663747231212799,True,,156.708,94,5.661039116658788
1,8,1,28,58,132.275,150.0,121.275,0.0,40.7,5.0,11.0,141.0,15.707963267948966,156.70796326794897,2,180.0,94,34.41150866976943,0.705,4.76514595344064,0.21092276052729192,5.681068713967932,True,,156.708,94,5.677973643478518
2,9,1,30,58,141.1,150.0,121.45,0.0,37.2,5.0,19.64999999999999,149.64999999999998,15.707963267948966,165.35796326794895,2,180.0,78,46.764392851017796,0.7482499999999999,4.76514595344064,0.1719941449490352,5.685390098389675,True,,165.358,78,5.685271186267589
3,9,1,30,58,141.275,150.0,121.625,0.0,36.85,5.0,19.650000000000006,149.65,15.707963267948966,165.35796326794897,2,180.0,78,40.974630229445424,0.7482500000000001,4.76514595344064,0.1793751334524572,5.692771086893097,True,,165.358,78,5.698247400825426
4,1,26,58,4,119.875,0.0,23.75,150.0,105.625,5.0,96.125,226.125,15.707963267948966,241.83296326794897,2,180.0,235,26.491570200356207,1.130625,4.76514595344064,0.4388393007653143,6.334610254205955,True,,241.833,235,6.330949851012541
5,1,26,58,4,120.05,0.0,23.925,150.0,105.8,5.0,96.125,226.125,15.707963267948966,241.83296326794897,2,180.0,235,30.683417108975878,1.130625,4.76514595344064,0.43994049425171056,6.335711447692351,True,,241.833,235,6.332289067492093
6,1,26,58,4,120.225,0.0,24.1,150.0,105.975,5.0,96.125,226.125,15.707963267948966,241.83296326794897,2,180.0,235,34.41150866976943,1.130625,4.76514595344064,0.4389583684524005,6.3347293218930405,True,,241.833,235,6.331693841437678
7,1,26,58,4,120.4,0.0,24.275,150.0,106.15,5.0,96.125,226.125,15.707963267948966,241.83296326794897,2,180.0,235,37.81448850601433,1.130625,4.76514595344064,0.4357738275850439,6.331544781025684,True,,241.833,235,6.329640303121371
8,1,26,58,4,120.575,0.0,24.45,150.0,106.325,5.0,96.125,226.125,15.707963267948966,241.83296326794897,2,180.0,235,40.974630229445474,1.130625,4.76514595344064,0.4327083825000277,6.328479335940668,True,,241.833,235,6.324550904022667
9,1,54,58,34,119.7,0.0,13.275,0.0,27.4,5.0,106.425,141.22500000000002,15.707963267948966,156.932963267949,2,180.0,230,30.683417108975878,0.7061250000000001,4.76514595344064,0.4248214265646239,5.896092380005264,True,,156.933,230,5.894842633903654
10,1,58,58,40,119.175,0.0,39.4,0.0,26.875,5.0,79.775,113.525,15.707963267948966,129.23296326794897,2,180.0,208,40.974630229445424,0.567625,4.76514595344064,0.3846725779081392,5.7174435313487795,True,,129.233,208,5.716908107083924
11,1,58,58,40,119.35,0.0,39.225,0.0,27.05,5.0,80.125,114.225,15.707963267948966,129.93296326794896,2,180.0,208,37.81448850601413,0.571125,4.76514595344064,0.3849701909353466,5.721241144375987,True,,129.933,208,5.72017002790026
12,1,58,58,40,119.525,0.0,39.05,0.0,27.225,5.0,80.47500000000001,114.92500000000001,15.707963267948966,130.63296326794898,2,180.0,208,34.41150866976943,0.574625,4.76514595344064,0.3855059393367266,5.725276892777367,True,,130.633,208,5.723104526624737
13,2,11,20,52,96.1,150.0,93.225,0.0,53.3,5.0,2.875,142.9832788996569,7.7774161416899545,150.76069504134688,2,89.12262408715102,213,41.840901071389375,0.7149163944982846,2.3593461751605496,0.38839283908162164,3.4626554087404555,True,,150.7607,213,3.461197177462337
14,2,11,20,52,96.275,150.0,93.4,0.0,53.125,5.0,2.875,142.9832788996569,7.7774161416899545,150.76069504134688,2,89.12262408715102,213,38.73942459785555,0.7149163944982846,2.3593461751605496,0.39193447062922065,3.4661970402880544,True,,150.7607,213,3.465006641067745
15,2,11,20,52,96.45,150.0,93.575,0.0,52.95,5.0,2.875,142.9832788996569,7.7774161416899545,150.76069504134688,2,89.12262408715102,213,35.412638111059486,0.7149163944982846,2.3593461751605496,0.3989285593877476,3.4731911290465813,True,,150.7607,213,3.4690244871731806
16,2,11,20,52,96.625,150.0,93.75,0.0,52.775,5.0,2.875,142.9832788996569,7.7774161416899545,150.76069504134688,2,89.12262408715102,213,31.78833061705162,0.7149163944982846,2.3593461751605496,0.40336311430273125,3.4776256839615654,True,,150.7607,213,3.4706316761868123
17,2,56,20,36,94.875,150.0,20.525,0.0,54.525,5.0,74.35,204.35,15.707963267948966,220.05796326794896,2,180.0,232,34.41150866976943,1.02175,4.76514595344064,0.4352381634694261,6.222134116910066,True,,220.058,232,6.216985536199598
18,2,56,20,36,95.05,150.0,20.7,0.0,54.35,5.0,74.35,204.35,15.707963267948966,220.05796326794896,2,180.0,232,37.81448850601411,1.02175,4.76514595344064,0.4330357203061253,6.219931673746765,True,,220.058,232,6.218056920621341
19,2,56,20,36,95.225,150.0,20.875,0.0,54.175,5.0,74.35,204.35000000000002,15.707963267948966,220.057963267949,2,180.0,232,40.9746302294453,1.0217500000000002,4.76514595344064,0.4301488767517386,6.217044830192378,True,,220.058,232,6.216271186267588
20,6,8,62,28,139.1,0.0,132.45,150.0,113.15,5.0,6.650000000000006,140.57781872388352,12.291910966930892,152.8697296908144,2,140.8549241111422,54,36.65755694672482,0.7028890936194176,3.728857064724431,0.14738107278918444,4.579127231133033,True,,152.8697,54,4.582757944753739
21,6,8,62,28,139.275,0.0,132.625,150.0,113.325,5.0,6.650000000000006,140.57781872388352,12.291910966930892,152.8697296908144,2,140.8549241111422,54,33.15248379692644,0.7028890936194176,3.728857064724431,0.15023813537417258,4.581984293718021,True,,152.8697,54,4.588323389838756
22,9,6,30,62,141.45,150.0,139.45,0.0,36.325,5.0,2.0,144.0,6.435011087932843,150.43501108793285,2,73.73979529168804,28,44.76508467132871,0.72,1.9521160396762685,0.079821482755133,2.7519375224314016,True,,150.435,28,2.755568385257024
23,9,6,30,62,141.625,150.0,139.625,0.0,36.15,5.0,2.0,144.0,6.435011087932843,150.43501108793285,2,73.73979529168804,28,41.840901071389254,0.72,1.9521160396762685,0.08193458301023791,2.7540506226865062,True,,150.435,28,2.7574433782332104
24,6,10,62,18,138.4,0.0,86.4,150.0,112.45,5.0,52.0,182.0,15.707963267948966,197.70796326794897,2,180.0,174,47.54584979559903,0.91,4.76514595344064,0.3242261724149556,5.999372125855595,True,,197.708,174,5.997973615383263
25,6,10,62,18,138.575,0.0,86.575,150.0,112.625,5.0,51.999999999999986,182.0,15.707963267948966,197.70796326794897,2,180.0,174,50.208180500442495,0.91,4.76514595344064,0.32440477394558503,5.999550727386225,True,,197.708,174,5.99684258473696
26,6,10,62,18,138.75,0.0,86.75,150.0,112.8,5.0,52.0,182.0,15.707963267948966,197.70796326794897,2,180.0,174,47.93293519750492,0.91,4.76514595344064,0.3288095478911701,6.00395550133181,True,,197.708,174,6.001306920621342
27,6,10,62,18,138.925,0.0,86.925,150.0,112.975,5.0,52.000000000000014,182.00000000000003,15.707963267948966,197.707963267949,2,180.0,174,45.17045594982257,0.9100000000000001,4.76514595344064,0.3348512637245314,6.009997217165171,True,,197.708,174,6.007110501080531
28,6,11,62,52,137.175,0.0,94.625,0.0,17.25,5.0,42.55000000000001,57.05000000000001,15.707963267948966,72.75796326794898,2,180.0,143,53.84299179900132,0.28525000000000006,4.76514595344064,0.26404757088432645,5.314443524324966,True,,72.758,140,5.309146151148521
29,6,11,62,52,137.35,0.0,94.45,0.0,31.95,5.0,42.89999999999999,86.8,15.707963267948966,102.50796326794897,2,180.0,143,30.68341710897572,0.434,4.76514595344064,0.2878273659013519,5.486973319341992,True,,102.508,140,5.480158128155365
30,6,11,62,52,137.525,0.0,94.275,0.0,32.125,5.0,43.25,87.5,15.707963267948966,103.20796326794897,2,180.0,143,34.41150866976943,0.4375,4.76514595344064,0.288333277142825,5.490979230583465,True,,103.208,140,5.484521214362844
31,6,29,62,2,138.225,0.0,15.45,150.0,112.275,5.0,122.77499999999999,252.775,15.707963267948966,268.48296326794895,2,180.0,257,34.41150866976943,1.263875,4.76514595344064,0.4697620051020975,6.498782958542737,True,,268.483,257,6.4980391236826
32,6,41,62,50,137.0,0.0,85.1,0.0,15.15,5.0,51.900000000000006,62.2,15.707963267948966,77.90796326794897,2,180.0,167,51.317812546510545,0.311,4.76514595344064,0.3049107132823119,5.381056666722952,True,,77.908,162,5.3696580719648574
33,6,51,62,48,137.7,0.0,76.45,0.0,32.3,5.0,61.249999999999986,105.84999999999998,15.707963267948966,121.55796326794895,2,180.0,175,37.81448850601411,0.5292499999999999,4.76514595344064,0.3399107413775661,5.634306694818206,True,,121.558,173,5.621181983835664
34,6,53,62,32,138.05,0.0,4.1,0.0,32.65,5.0,133.95000000000002,179.25000000000003,15.707963267948966,194.957963267949,2,180.0,267,30.683417108975878,0.8962500000000002,4.76514595344064,0.4702380510884091,6.131634004529049,True,,194.958,267,6.141098552168939
35,6,58,62,40,137.875,0.0,38.875,0.0,32.475,5.0,99.0,143.95,15.707963267948966,159.65796326794896,2,180.0,223,34.41150866976943,0.71975,4.76514595344064,0.39413688569726707,5.879032839137907,True,,159.658,223,5.8785271396519425
36,8,12,28,21,130.0,150.0,101.125,150.0,144.825,5.0,28.875,19.225000000000023,15.707963267948966,34.93296326794899,2,180.0,96,43.94551956230842,0.09612500000000011,4.76514595344064,0.1922321398469372,5.053503093287577,True,,34.933,96,5.044515211811794
37,8,12,28,21,130.525,150.0,100.775,150.0,130.475,5.0,29.75,48.80000000000001,15.707963267948966,64.50796326794898,2,180.0,99,54.549457360824505,0.24400000000000005,4.76514595344064,0.1926190395918321,5.201764993032471,True,,64.508,98,5.19962240784924
38,8,12,28,21,130.7,150.0,100.6,150.0,130.3,5.0,30.099999999999994,49.49999999999997,15.707963267948966,65.20796326794894,2,180.0,99,52.048079710753775,0.24749999999999986,4.76514595344064,0.1931250070238135,5.205770960464453,True,,65.208,98,5.204253382305034
39,8,12,28,21,130.175,150.0,100.95,150.0,139.75,5.0,29.22500000000001,29.72500000000001,15.707963267948966,45.43296326794898,2,180.0,96,49.45839812649543,0.14862500000000003,4.76514595344064,0.18571426564624716,5.099485219086887,True,,45.433,96,5.0982354729852775
40,8,16,28,14,131.05,150.0,69.1,150.0,119.1,5.0,61.95000000000002,103.75000000000003,15.707963267948966,119.457963267949,2,180.0,173,34.41150866976943,0.5187500000000002,4.76514595344064,0.3336309182652864,5.617526871705926,True,,119.458,173,5.615860529175785
41,8,16,28,14,131.225,150.0,68.925,150.0,118.925,5.0,62.3,104.45,15.707963267948966,120.15796326794897,2,180.0,173,30.683417108975878,0.52225,4.76514595344064,0.3273808761224053,5.614776829563045,True,,120.158,173,5.613795055995514
42,8,16,28,14,130.35,150.0,69.625,150.0,139.575,5.0,60.724999999999994,61.57500000000002,15.707963267948966,77.28296326794899,2,180.0,198,49.45839812649543,0.30787500000000007,4.76514595344064,0.36616075542519355,5.439181708865833,True,,77.283,188,5.417664074515907
43,8,17,28,16,130.875,150.0,78.275,150.0,119.275,5.0,52.599999999999994,94.04999999999998,15.707963267948966,109.75796326794895,2,180.0,153,30.68341710897551,0.47024999999999995,4.76514595344064,0.30357144061225166,5.538967394052891,True,,109.758,153,5.536229610910499
44,8,53,28,32,131.4,150.0,3.925,0.0,42.1,5.0,127.47500000000001,257.475,15.707963267948966,273.182963267949,2,180.0,261,26.49157020035603,1.2873750000000002,4.76514595344064,0.4892857343537519,6.5418066877943915,True,,273.183,261,6.541003403376474
45,8,56,28,36,131.575,150.0,22.275,0.0,41.925,5.0,109.29999999999998,239.3,15.707963267948966,255.00796326794898,2,180.0,236,30.683417108975878,1.1965000000000001,4.76514595344064,0.4453571749660039,6.407003128406644,True,,255.008,236,6.406467732237044
46,8,56,28,36,131.75,150.0,22.45,0.0,41.75,5.0,109.3,239.3,15.707963267948966,255.00796326794898,2,180.0,236,34.41150866976943,1.1965000000000001,4.76514595344064,0.4460417439286147,6.407687697369255,True,,255.008,236,6.404860571318666
47,8,56,28,36,131.925,150.0,22.625,0.0,41.575,5.0,109.30000000000001,239.3,15.707963267948966,255.00796326794898,2,180.0,236,37.81448850601411,1.1965000000000001,4.76514595344064,0.44550607981299717,6.407152033253637,True,,255.008,236,6.405068897628185
48,9,13,30,22,139.35,150.0,105.275,150.0,116.825,5.0,34.07499999999999,80.42499999999998,15.707963267948966,96.13296326794895,2,180.0,114,30.683417108975878,0.4021249999999999,4.76514595344064,0.2334523448299114,5.400723298270551,True,,96.133,113,5.397806941692783
49,9,13,30,22,139.525,150.0,105.1,150.0,116.65,5.0,34.42500000000001,81.125,15.707963267948966,96.83296326794897,2,180.0,114,34.41150866976943,0.405625,4.76514595344064,0.232827365901352,5.403598319341992,True,,96.833,113,5.400235501080531
50,9,13,30,22,139.0,150.0,105.625,150.0,143.425,5.0,33.375,26.524999999999977,15.707963267948966,42.232963267948946,2,180.0,112,43.94551956230842,0.13262499999999988,4.76514595344064,0.21217257790813993,5.1099435313487795,True,,42.233,112,5.104616349107682
51,9,13,30,22,139.175,150.0,105.45,150.0,143.25,5.0,33.72500000000001,27.22500000000001,15.707963267948966,42.93296326794898,2,180.0,112,46.764392851017625,0.13612500000000005,4.76514595344064,0.21529758493195347,5.116568538372593,True,,42.933,112,5.111717570689333
52,9,17,30,16,139.7,150.0,78.1,150.0,116.475,5.0,61.599999999999994,108.65,15.707963267948966,124.35796326794897,2,180.0,173,37.81448850601433,0.54325,4.76514595344064,0.33107135632648893,5.639467309767128,True,,124.358,173,5.637294999805007
53,9,19,30,12,139.875,150.0,60.275,150.0,116.3,5.0,79.6,127.0,15.707963267948966,142.70796326794897,2,180.0,209,37.81448850601411,0.635,4.76514595344064,0.3916070204421062,5.791752973882746,True,,142.708,209,5.7994616805193
54,9,19,30,12,140.05,150.0,60.1,150.0,116.125,5.0,79.95000000000002,127.70000000000002,15.707963267948966,143.407963267949,2,180.0,209,34.41150866976943,0.6385000000000001,4.76514595344064,0.39071426564624645,5.794360219086886,True,,143.408,209,5.8024557692778265
55,9,19,30,12,140.225,150.0,59.925,150.0,115.95,5.0,80.3,128.39999999999998,15.707963267948966,144.10796326794895,2,180.0,209,30.683417108975878,0.6419999999999999,4.76514595344064,0.3886309182652861,5.795776871705926,True,,144.108,209,5.793902174771011
56,9,39,30,56,140.575,150.0,112.275,0.0,37.725,5.0,28.299999999999983,158.29999999999998,15.707963267948966,174.00796326794895,2,180.0,100,37.81448850601411,0.7915,4.76514595344064,0.21136913792522183,5.768015091365862,True,,174.008,100,5.769622464039748
57,9,39,30,56,140.75,150.0,112.45,0.0,37.55,5.0,28.299999999999997,158.3,15.707963267948966,174.00796326794898,2,180.0,100,40.974630229445424,0.7915000000000001,4.76514595344064,0.20833338952384178,5.764979342964482,True,,174.008,100,5.766586687543114
58,9,39,30,56,140.925,150.0,112.625,0.0,37.375,5.0,28.30000000000001,158.3,15.707963267948966,174.00796326794898,2,180.0,100,43.94551956230884,0.7915000000000001,4.76514595344064,0.20863100255104924,5.765276955991689,True,,174.008,100,5.767658128155365
59,9,51,30,48,140.4,150.0,76.275,0.0,37.9,5.0,64.125,194.125,15.707963267948966,209.83296326794897,2,180.0,181,34.41150866976943,0.9706250000000001,4.76514595344064,0.34678573435375276,6.082556687794392,True,,209.833,181,6.084193813342424
60,12,10,21,18,98.675,150.0,87.45,150.0,144.65,5.0,11.224999999999994,1.924999999999983,15.707963267948966,17.63296326794895,2,180.0,32,53.8429917990011,0.009624999999999915,4.76514595344064,0.07184518391153369,4.846616137352173,True,,17.633,32,4.845485374651887
61,12,10,21,18,98.5,150.0,87.625,150.0,144.825,5.0,10.875,1.2250000000000227,15.707963267948966,16.93296326794899,2,180.0,32,51.31781254651063,0.006125000000000114,4.76514595344064,0.07273805108841015,4.84400900452905,True,,16.933,32,4.842878241828764
62,13,10,22,18,103.175,150.0,87.1,150.0,143.25,5.0,16.075000000000003,9.575000000000003,15.707963267948966,25.28296326794897,2,180.0,46,58.66774850240561,0.047875000000000015,4.76514595344064,0.09416663857141248,4.907187592012052,True,,25.283,46,4.906146144124708
63,13,10,22,18,103.0,150.0,87.275,150.0,143.425,5.0,15.724999999999994,8.874999999999972,15.707963267948966,24.582963267948937,2,180.0,46,56.28928521857397,0.04437499999999986,4.76514595344064,0.09538689974489509,4.904907853185534,True,,24.583,46,4.903925911046479
64,10,19,18,12,85.175,150.0,60.45,150.0,133.1,5.0,24.724999999999994,38.525000000000006,15.707963267948966,54.232963267948975,2,180.0,80,37.81448850601388,0.19262500000000005,4.76514595344064,0.1690475989795805,5.126818552420221,True,,54.233,80,5.121521151148521
65,10,19,18,12,85.0,150.0,60.625,150.0,143.25,5.0,24.375,17.875,15.707963267948966,33.58296326794897,2,180.0,80,43.94551956230895,0.089375,4.76514595344064,0.16482139846937066,5.01934235191001,True,,33.583,80,5.015354470434228
66,10,24,18,8,85.35,150.0,42.625,150.0,132.925,5.0,42.724999999999994,56.87499999999997,15.707963267948966,72.58296326794894,2,180.0,136,34.41150866976943,0.2843749999999999,4.76514595344064,0.2577975568366994,5.307318510277339,True,,72.583,136,5.309640260978489
67,33,10,60,18,130.275,0.0,86.225,150.0,109.65,5.0,44.05000000000001,174.05,15.707963267948966,189.75796326794898,2,180.0,188,39.19496742598297,0.8702500000000001,4.76514595344064,0.39000008428576227,6.025396037726402,True,,189.758,188,6.023074822917286
68,10,51,18,48,85.875,150.0,75.75,0.0,57.15,5.0,10.125,140.125,15.707963267948966,155.83296326794897,2,180.0,227,30.683417108975696,0.700625,4.76514595344064,0.4271429093197572,5.8929138627603965,True,,155.833,227,5.890354624958124
69,10,51,18,48,86.05,150.0,75.925,0.0,56.975,5.0,10.125,140.125,15.707963267948966,155.83296326794897,2,180.0,227,26.49157020035603,0.700625,4.76514595344064,0.42142858748300194,5.887199540923641,True,,155.833,227,5.884193841437676
70,10,53,18,32,85.525,150.0,3.2249999999999996,0.0,57.5,5.0,82.30000000000001,212.3,15.707963267948966,228.00796326794898,2,180.0,222,26.49157020035603,1.0615,4.76514595344064,0.4119940325680185,6.238639986008658,True,,228.008,222,6.2386105291757845
71,10,58,18,40,85.7,150.0,38.525,0.0,57.325,5.0,47.175000000000004,177.175,15.707963267948966,192.88296326794898,2,180.0,243,30.683417108975696,0.8858750000000001,4.76514595344064,0.4705655574660319,6.121586510906672,True,,192.883,243,6.121021361862925
72,13,11,22,52,104.05,150.0,93.925,0.0,49.625,5.0,10.125,140.125,15.707963267948966,155.83296326794897,2,180.0,201,30.683417108975878,0.700625,4.76514595344064,0.37744046615645693,5.843211419597096,True,,155.833,201,5.841664060468278
73,13,11,22,52,104.225,150.0,94.1,0.0,49.45,5.0,10.125,140.125,15.707963267948966,155.83296326794897,2,180.0,201,26.491570200356207,0.700625,4.76514595344064,0.37616069923468526,5.841931652675324,True,,155.833,201,5.840800946165547
74,11,26,52,4,93.05,0.0,23.575,150.0,97.225,5.0,69.475,199.475,15.707963267948966,215.18296326794896,2,180.0,237,30.683417108975586,0.997375,4.76514595344064,0.46827396806131455,6.230794921501954,True,,215.183,237,6.227729660077193
75,11,48,52,44,92.175,0.0,58.275,0.0,17.95,5.0,33.9,49.8,15.707963267948966,65.50796326794897,2,180.0,113,30.683417108975785,0.249,4.76514595344064,0.2159821538945643,5.2301281073352035,True,,65.508,111,5.226824738631524
76,11,51,52,48,92.0,0.0,76.625,0.0,5.0,5.0,15.375,5.375,15.707963267948966,21.082963267948966,2,180.0,48,46.76439285101783,0.026875,4.76514595344064,0.10663688569726805,4.8986578391379085,True,,21.083,48,4.892080642849183
77,33,12,60,21,130.45,0.0,100.425,150.0,109.825,5.0,30.02499999999999,160.02499999999998,15.707963267948966,175.73296326794895,2,180.0,159,35.90406858331748,0.8001249999999999,4.76514595344064,0.34678587483002327,5.9120568282706625,True,,175.733,159,5.9092593708084555
78,12,48,21,44,99.9,150.0,57.575,0.0,51.2,5.0,42.325,172.325,15.707963267948966,188.03296326794896,2,180.0,241,34.41150866976943,0.861625,4.76514595344064,0.4400297247788897,6.066800678219529,True,,188.033,241,6.063467584736959
79,12,48,21,44,100.075,150.0,57.75,0.0,51.025,5.0,42.325,172.325,15.707963267948966,188.03296326794896,2,180.0,241,30.683417108975696,0.861625,4.76514595344064,0.43148809323129067,6.058259046671931,True,,188.033,241,6.056741412322003
80,12,48,21,44,100.25,150.0,57.925,0.0,50.85,5.0,42.325,172.32500000000002,15.707963267948966,188.032963267949,2,180.0,241,26.49157020035603,0.8616250000000001,4.76514595344064,0.42556552937077796,6.052336482811418,True,,188.033,241,6.0503426058083996
81,12,53,21,32,98.85,150.0,3.4,0.0,52.25,5.0,95.44999999999999,225.45,15.707963267948966,241.15796326794896,2,180.0,248,23.794272950536584,1.1272499999999999,4.76514595344064,0.47217263409864685,6.364568587539287,True,,241.158,248,6.356920063019327
82,12,56,21,36,99.025,150.0,21.75,0.0,52.075,5.0,77.275,207.27499999999998,15.707963267948966,222.98296326794895,2,180.0,233,28.357636576328165,1.0363749999999998,4.76514595344064,0.4289286436735099,6.230449597114149,True,,222.983,233,6.228604596862871
83,12,56,21,36,99.2,150.0,21.925,0.0,51.9,5.0,77.275,207.275,15.707963267948966,222.98296326794897,2,180.0,233,32.328064122162395,1.036375,4.76514595344064,0.4280357764966335,6.229556729937274,True,,222.983,233,6.229110536199597
84,12,56,21,36,99.375,150.0,22.1,0.0,51.725,5.0,77.275,207.275,15.707963267948966,222.98296326794897,2,180.0,233,35.904068583317255,1.036375,4.76514595344064,0.42854174392861494,6.230062697369255,True,,222.983,233,6.231580727134945
85,1,13,58,22,120.925,0.0,104.925,150.0,106.675,5.0,16.0,146.0,15.707963267948966,161.70796326794897,2,180.0,158,26.491570200356207,0.73,4.76514595344064,0.30386913792522185,5.799015091365861,True,,161.708,158,5.79752715369957
86,39,13,56,22,111.75,0.0,104.4,150.0,102.65,5.0,7.349999999999994,140.35751588023086,13.025924044751207,153.38343992498207,2,149.26609440444452,172,37.88467019869185,0.7017875794011543,3.9515262540957075,0.3438988627041119,4.9972126962009735,True,,153.3834,172,4.993403089161164
87,39,13,56,22,111.925,0.0,104.575,150.0,102.825,5.0,7.349999999999994,140.35751588023086,13.025924044751207,153.38343992498207,2,149.26609440444452,172,34.487634348470266,0.7017875794011543,3.9515262540957075,0.3454762707483451,4.998790104245207,True,,153.3834,172,4.994623322239392
88,39,13,56,22,112.1,0.0,104.75,150.0,103.0,5.0,7.349999999999994,140.35751588023086,13.025924044751207,153.38343992498207,2,149.26609440444452,172,30.767700916511686,0.7017875794011543,3.9515262540957075,0.34687516154771114,5.000188995044573,True,,153.3834,172,4.99873048315777
89,13,48,22,44,103.7,150.0,58.1,0.0,49.975,5.0,45.6,175.6,15.707963267948966,191.30796326794896,2,180.0,242,32.328064122162395,0.878,4.76514595344064,0.43922614431970086,6.082372097760341,True,,191.308,242,6.081985437866209
90,13,51,22,48,103.875,150.0,76.1,0.0,49.8,5.0,27.775000000000006,157.775,15.707963267948966,173.48296326794897,2,180.0,219,34.41150866976943,0.788875,4.76514595344064,0.40982139846937055,5.96384235191001,True,,173.483,219,5.9628902469308604
91,13,53,22,32,103.35,150.0,3.575,0.0,50.325,5.0,99.77499999999999,229.77499999999998,15.707963267948966,245.48296326794895,2,180.0,259,23.794272950536584,1.1488749999999999,4.76514595344064,0.47916669476191964,6.3931876482025585,True,,245.483,259,6.3921164474410705
92,13,57,22,38,103.525,150.0,30.225,0.0,50.15,5.0,73.30000000000001,203.3,15.707963267948966,219.00796326794898,2,180.0,244,28.357636576328165,1.0165000000000002,4.76514595344064,0.4467559533843539,6.228401906824994,True,,219.008,244,6.2274199646859385
93,14,16,26,14,121.35,150.0,69.45,150.0,123.3,5.0,51.89999999999999,85.29999999999997,15.707963267948987,101.00796326794895,2,180.0,151,40.97463022944549,0.4264999999999999,4.765145953440646,0.2851190395918321,5.476764993032478,True,,101.008,151,5.476378305043085
94,14,16,26,14,121.525,150.0,69.275,150.0,123.125,5.0,52.25,86.0,15.707963267948966,101.70796326794897,2,180.0,151,43.94551956230901,0.43,4.76514595344064,0.28425595338435417,5.479401906824994,True,,101.708,151,5.478747330587291
95,14,17,26,16,121.0,150.0,78.625,150.0,123.825,5.0,42.375,74.72500000000002,15.707963267948944,90.43296326794896,2,180.0,128,30.683417108975963,0.3736250000000001,4.765145953440633,0.24782736590135201,5.386598319341984,True,,90.433,127,5.37978315625062
96,14,17,26,16,121.175,150.0,78.45,150.0,123.65,5.0,42.724999999999994,75.42499999999998,15.707963267948966,91.13296326794895,2,180.0,128,34.41150866976943,0.37712499999999993,4.76514595344064,0.24988090421765957,5.3921518576583,True,,91.133,127,5.384533170298247
97,14,18,26,10,121.7,150.0,51.625,150.0,122.95,5.0,70.075,104.175,15.707963267948966,119.88296326794897,2,180.0,196,40.974630229445474,0.520875,4.76514595344064,0.38866078352044775,5.674681736961087,True,,119.883,196,5.671199822917286
98,14,18,26,10,121.875,150.0,51.45,150.0,122.775,5.0,70.425,104.87499999999999,15.707963267948966,120.58296326794895,2,180.0,196,37.8144885060144,0.5243749999999999,4.76514595344064,0.3872619208163357,5.6767828742569755,True,,120.583,196,5.668806899549902
99,14,18,26,10,122.05,150.0,51.275,150.0,122.6,5.0,70.775,105.57500000000002,15.707963267948966,121.28296326794899,2,180.0,196,34.41150866976943,0.5278750000000001,4.76514595344064,0.3848809604081679,5.677901913848808,True,,121.283,196,5.666979505553295
100,14,18,26,10,122.225,150.0,51.1,150.0,122.425,5.0,71.125,106.27499999999999,15.707963267948966,121.98296326794896,2,180.0,196,30.683417108975878,0.5313749999999999,4.76514595344064,0.38056552937077864,5.6770864828114185,True,,121.983,196,5.665568820366237
101,33,14,60,26,130.625,0.0,123.625,150.0,110.35,5.0,7.0,140.46060798583053,12.661036727794997,153.12164471362553,2,145.08479375255584,104,31.903522134603627,0.7023030399291527,3.840834543643119,0.23130963217693257,4.774447215749205,True,,153.1216,104,4.77530999410279
102,14,38,26,54,122.925,150.0,103.1,0.0,44.375,5.0,19.825000000000003,149.825,15.707963267948966,165.53296326794896,2,180.0,163,35.412638111059486,0.7491249999999999,4.76514595344064,0.33157746423474194,5.8458484176753815,True,,165.533,163,5.894420041947887
103,14,38,26,54,123.1,150.0,103.275,0.0,44.2,5.0,19.82499999999999,149.825,15.707963267948966,165.53296326794896,2,180.0,163,31.78833061705162,0.7491249999999999,4.76514595344064,0.3320536226020704,5.8463245760427105,True,,165.533,163,5.892783128155365
104,14,38,26,54,123.275,150.0,103.45,0.0,44.025,5.0,19.825000000000003,149.825,15.707963267948966,165.53296326794896,2,180.0,163,27.748478700653177,0.7491249999999999,4.76514595344064,0.3313095478911704,5.845580501331811,True,,165.533,163,5.878437888053322
105,14,53,26,32,122.4,150.0,3.75,0.0,44.9,5.0,118.65,248.65,15.707963267948966,264.35796326794895,2,180.0,268,26.49157020035603,1.24325,4.76514595344064,0.5011905082993376,6.5095864617399775,True,,264.358,268,6.514705797373081
106,14,58,26,40,122.575,150.0,38.7,0.0,44.725,5.0,83.875,213.875,15.707963267948966,229.58296326794897,2,180.0,247,30.683417108975696,1.069375,4.76514595344064,0.4678274501871139,6.302348403627754,True,,229.583,247,6.3092236364547025
107,16,20,14,6,67.0,150.0,32.575,150.0,139.75,5.0,34.425,34.925,15.707963267948966,50.632963267948966,2,180.0,106,30.683417108975586,0.174625,4.76514595344064,0.20684521200678793,5.146616165447427,True,,50.633,106,5.14506880631861
108,16,20,14,6,67.175,150.0,32.4,150.0,139.575,5.0,34.775,35.62500000000002,15.707963267948966,51.33296326794898,2,180.0,106,34.41150866976943,0.17812500000000012,4.76514595344064,0.2104761864625829,5.153747139903223,True,,51.333,106,5.152199780774405
109,16,20,14,6,67.35,150.0,32.225,150.0,139.4,5.0,35.12499999999999,36.32499999999998,15.707963267948966,52.032963267948944,2,180.0,106,37.81448850601381,0.1816249999999999,4.76514595344064,0.21208329119045224,5.158854244631091,True,,52.033,106,5.1561164052981905
110,16,20,14,6,67.525,150.0,32.05,150.0,139.225,5.0,35.47500000000001,37.02500000000002,15.707963267948966,52.73296326794899,2,180.0,106,40.974630229445246,0.1851250000000001,4.76514595344064,0.2104761864625829,5.160747139903223,True,,52.733,106,5.159378326114526
111,33,16,60,14,129.925,0.0,68.575,150.0,109.3,5.0,61.35000000000001,191.35000000000002,15.707963267948966,207.057963267949,2,180.0,212,33.15248379692644,0.9567500000000001,4.76514595344064,0.41589289527213025,6.137788848712771,True,,207.058,212,6.13403910261116
112,33,16,60,14,130.1,0.0,68.75,150.0,109.475,5.0,61.349999999999994,191.35,15.707963267948966,207.05796326794896,2,180.0,212,36.65755694672482,0.95675,4.76514595344064,0.4249703595068718,6.146866312947512,True,,207.058,212,6.145348622407076
113,16,48,14,44,68.225,150.0,56.7,0.0,63.45,5.0,11.524999999999991,141.52499999999998,15.707963267948966,157.23296326794895,2,180.0,247,30.683417108975878,0.707625,4.76514595344064,0.47693461110549157,5.949705564546131,True,,157.233,247,5.959199865060166
114,16,48,14,44,68.4,150.0,56.875,0.0,63.275,5.0,11.525000000000006,141.525,15.707963267948966,157.23296326794897,2,180.0,247,26.49157020035603,0.7076250000000001,4.76514595344064,0.4734524572109275,5.946223410651568,True,,157.233,247,5.943842690094161
115,16,53,14,32,67.7,150.0,2.875,0.0,63.975,5.0,64.825,194.82500000000002,15.707963267948966,210.532963267949,2,180.0,191,30.684820587933505,0.9741250000000001,4.76514595344064,0.3745834035714684,6.113854357012108,True,,210.533,191,6.140342690094162
116,16,56,14,36,67.875,150.0,20.175,0.0,63.8,5.0,47.7,177.7,15.707963267948966,193.40796326794896,2,180.0,188,34.41277596526028,0.8885,4.76514595344064,0.3733928671768759,6.027038820617515,True,,193.408,188,6.052187909124763
117,16,56,14,36,68.05,150.0,20.35,0.0,63.625,5.0,47.699999999999996,177.7,15.707963267948966,193.40796326794896,2,180.0,188,37.81565664224044,0.8885,4.76514595344064,0.3672619208163352,6.020907874256975,True,,193.408,188,6.046265289073742
118,17,21,16,0,76.0,150.0,5.925,150.0,136.775,5.0,70.075,76.52499999999999,15.707963267948966,92.23296326794896,2,180.0,208,40.97463022944518,0.382625,4.76514595344064,0.37747019093534717,5.525241144375987,True,,92.233,208,5.524646158172335
119,17,21,16,0,76.175,150.0,5.75,150.0,136.6,5.0,70.425,77.22500000000001,15.707963267948966,92.93296326794898,2,180.0,208,37.81448850601381,0.38612500000000005,4.76514595344064,0.3793452120067878,5.5306161654474275,True,,92.933,208,5.528265197764167
120,17,21,16,0,76.35,150.0,5.575,150.0,136.425,5.0,70.77499999999999,77.92499999999997,15.707963267948966,93.63296326794894,2,180.0,208,34.41150866976943,0.38962499999999983,4.76514595344064,0.3811606992346853,5.535931652675325,True,,93.633,208,5.53453305791723
121,17,21,16,0,76.525,150.0,5.4,150.0,136.25,5.0,71.125,78.625,15.707963267948966,94.33296326794897,2,180.0,208,30.683417108975586,0.393125,4.76514595344064,0.379077351853725,5.5373483052943655,True,,94.333,208,5.536068806318609
122,17,48,16,44,76.875,150.0,57.05,0.0,60.3,5.0,19.825000000000003,149.825,15.707963267948966,165.53296326794896,2,180.0,241,46.764392851017746,0.7491249999999999,4.76514595344064,0.432559590034051,5.946830543474691,True,,165.533,241,5.946146158172334
123,17,48,16,44,77.05,150.0,57.225,0.0,60.125,5.0,19.824999999999996,149.825,15.707963267948966,165.53296326794896,2,180.0,241,43.94551956230878,0.7491249999999999,4.76514595344064,0.43264879246597615,5.946919745906616,True,,165.533,241,5.947128312066898
124,17,48,16,44,77.225,150.0,57.4,0.0,59.95,5.0,19.824999999999996,149.825,15.707963267948966,165.53296326794896,2,180.0,241,40.97463022944536,0.7491249999999999,4.76514595344064,0.4326785453401207,5.946949498780761,True,,165.533,241,5.948021207339028
125,17,53,16,32,76.7,150.0,3.05,0.0,60.475,5.0,73.65,203.65,15.707963267948966,219.35796326794897,2,180.0,210,30.683417108975696,1.01825,4.76514595344064,0.39863103064630323,6.182026984086943,True,,219.358,210,6.181997414873052
126,18,20,10,6,49.0,150.0,33.625,150.0,143.25,5.0,15.375,8.875,15.707963267948966,24.582963267948966,2,180.0,48,46.764392851017625,0.044375,4.76514595344064,0.10407735185372485,4.913598305294364,True,,24.583,48,4.912497295468223
127,18,20,10,6,49.175,150.0,33.45,150.0,143.075,5.0,15.724999999999994,9.575000000000017,15.707963267948966,25.282963267948983,2,180.0,48,49.45839812649548,0.047875000000000084,4.76514595344064,0.1013987784183496,4.91441973185899,True,,25.283,48,4.913169929566871
128,18,21,10,0,49.35,150.0,6.625,150.0,142.9,5.0,42.725,36.92499999999999,15.707963267948966,52.63296326794895,2,180.0,140,43.94551956230895,0.18462499999999996,4.76514595344064,0.26767854534012137,5.217449498780761,True,,52.633,140,5.215812852934255
129,18,21,10,0,49.525,150.0,6.449999999999999,150.0,142.725,5.0,43.075,37.625000000000014,15.707963267948966,53.33296326794898,2,180.0,140,40.974630229445246,0.18812500000000007,4.76514595344064,0.2720833754762147,5.225354328916855,True,,53.333,140,5.223717598784587
130,39,18,56,10,111.4,0.0,50.75,150.0,102.125,5.0,60.650000000000006,190.65,15.707963267948966,206.35796326794897,2,180.0,226,30.683417108975878,0.95325,4.76514595344064,0.4243750772619486,6.142771030702588,True,,206.358,226,6.1425331913696875
131,39,18,56,10,111.575,0.0,50.925,150.0,102.475,5.0,60.650000000000006,190.65,15.707963267948966,206.35796326794897,2,180.0,226,36.21191254777833,0.95325,4.76514595344064,0.43315484418372024,6.15155079762436,True,,206.358,226,6.147324865060168
132,41,18,50,10,84.4,0.0,50.225,150.0,95.475,5.0,34.175000000000004,164.175,15.707963267948966,179.88296326794898,2,180.0,239,34.41150866976943,0.820875,4.76514595344064,0.46681545913264283,6.052836412573282,True,,179.883,239,6.049473678597585
133,41,18,50,10,84.575,0.0,50.4,150.0,95.65,5.0,34.175000000000004,164.175,15.707963267948966,179.88296326794898,2,180.0,239,30.683417108975586,0.820875,4.76514595344064,0.4635119067687082,6.049532860209348,True,,179.883,239,6.049949780774404
134,18,53,10,32,49.7,150.0,2.7,0.0,66.425,5.0,47.0,177.0,15.707963267948966,192.70796326794897,2,180.0,150,30.683417108975878,0.885,4.76514595344064,0.2752084105952824,5.925354364035922,True,,192.708,150,5.92618788102951
135,18,58,10,40,49.875,150.0,38.35,0.0,66.25,5.0,11.524999999999999,141.525,15.707963267948966,157.23296326794897,2,180.0,189,40.97463022944518,0.7076250000000001,4.76514595344064,0.34056547318027036,5.813336426620911,True,,157.233,189,5.815092619856028
136,19,20,12,6,58.0,150.0,33.275,150.0,141.5,5.0,24.725,21.725,15.707963267948966,37.43296326794896,2,180.0,78,40.974630229445246,0.10862500000000001,4.76514595344064,0.1620237854421631,5.035794738882803,True,,37.433,78,5.034961645400233
137,19,20,12,6,58.175,150.0,33.1,150.0,141.325,5.0,25.074999999999996,22.42500000000002,15.707963267948966,38.13296326794898,2,180.0,78,43.94551956230895,0.1121250000000001,4.76514595344064,0.15958329119045206,5.036854244631091,True,,38.133,78,5.034443743104288
138,19,20,12,6,58.35,150.0,32.925,150.0,141.15,5.0,25.425000000000004,23.124999999999993,15.707963267948966,38.832963267948955,2,180.0,78,46.764392851017625,0.11562499999999996,4.76514595344064,0.15639877841834957,5.037169731858989,True,,38.833,78,5.035592619856027
139,19,20,12,6,58.525,150.0,32.75,150.0,140.975,5.0,25.775,23.82500000000001,15.707963267948966,39.53296326794897,2,180.0,78,49.45839812649548,0.11912500000000005,4.76514595344064,0.15276783205780875,5.037038785498449,True,,39.533,78,5.036265225859421
140,19,21,12,0,58.875,150.0,6.275,150.0,140.625,5.0,52.6,51.35,15.707963267948966,67.05796326794896,2,180.0,163,34.41150866976943,0.25675000000000003,4.76514595344064,0.3065476270748343,5.328443580515474,True,,67.058,163,5.327253368257407
141,19,21,12,0,59.05,150.0,6.1,150.0,140.45,5.0,52.949999999999996,52.05000000000002,15.707963267948966,67.75796326794898,2,180.0,163,30.683417108975586,0.2602500000000001,4.76514595344064,0.30041665261903944,5.325812606059679,True,,67.758,163,5.325277153699571
142,19,26,12,4,58.7,150.0,24.625,150.0,140.8,5.0,34.075,32.47499999999998,15.707963267948966,48.18296326794895,2,180.0,104,37.81448850601433,0.1623749999999999,4.76514595344064,0.21223213984693712,5.139753093287577,True,,48.183,104,5.1377593005703215
143,19,48,12,44,59.225,150.0,56.35,0.0,65.725,5.0,2.875,142.9832788996569,7.7774161416899545,150.76069504134688,2,89.12262408715102,237,50.74612265122765,0.7149163944982846,2.3593461751605496,0.4154761583673283,3.489738728026162,True,,150.7607,237,3.4867923192309895
144,19,48,12,44,59.4,150.0,56.525,0.0,65.55,5.0,2.875,142.9832788996569,7.7774161416899545,150.76069504134688,2,89.12262408715102,237,50.20818050044279,0.7149163944982846,2.3593461751605496,0.41639877841834927,3.4906613480771833,True,,150.7607,237,3.4894411678874744
145,49,19,46,12,66.925,0.0,59.575,150.0,90.575,5.0,7.349999999999994,140.35751588023086,13.025924044751207,153.38343992498207,2,149.26609440444452,242,32.328064122162395,0.7017875794011543,3.9515262540957075,0.4485416596428527,5.101855493139714,True,,153.3834,242,5.100545829909396
146,1,20,58,6,120.75,0.0,31.875,150.0,106.5,5.0,88.875,218.875,15.707963267948966,234.58296326794897,2,180.0,227,30.683417108975878,1.094375,4.76514595344064,0.4152976692177154,6.274818622658356,True,,234.583,227,6.2754735381213145
147,48,20,44,6,56.0,0.0,31.7,150.0,87.425,5.0,24.3,154.3,15.707963267948966,170.00796326794898,2,180.0,196,34.41150866976943,0.7715000000000001,4.76514595344064,0.3667560095748625,5.903401963015503,True,,170.008,196,5.896140310145183
148,20,53,6,32,31.0,150.0,2.35,0.0,70.8,5.0,28.65,158.64999999999998,15.707963267948966,174.35796326794895,2,180.0,94,26.491570200356207,0.7932499999999999,4.76514595344064,0.19440483013609344,5.752800783576733,True,,174.358,94,5.751610543223412
149,20,53,6,32,31.175,150.0,2.525,0.0,70.625,5.0,28.650000000000002,158.65,15.707963267948966,174.35796326794897,2,180.0,94,30.683417108975878,0.79325,4.76514595344064,0.19104177202386977,5.749437725464509,True,,174.358,94,5.749973657526144
150,20,57,6,38,31.525,150.0,29.525,0.0,70.275,5.0,2.0,144.0,6.435011087932843,150.43501108793285,2,73.73979529168804,134,52.77115812492646,0.72,1.9521160396762685,0.24437502107144074,2.9164910607477093,True,,150.435,134,2.916193392280838
151,2,21,20,0,94.175,150.0,5.225,150.0,129.95,5.0,88.95,109.05000000000003,15.707963267948966,124.757963267949,2,180.0,243,46.764392851017625,0.5452500000000001,4.76514595344064,0.42967260600339346,5.740068559444033,True,,124.758,243,5.7397117086145535
152,2,21,20,0,94.35,150.0,5.05,150.0,129.775,5.0,89.3,109.74999999999999,15.707963267948966,125.45796326794895,2,180.0,243,43.94551956230889,0.54875,4.76514595344064,0.43267854534012057,5.7465744987807605,True,,125.458,243,5.7456223657063585
153,2,21,20,0,94.525,150.0,4.875,150.0,129.6,5.0,89.65,110.45000000000002,15.707963267948966,126.15796326794899,2,180.0,243,40.974630229445246,0.5522500000000001,4.76514595344064,0.43633927267006006,5.7537352261107,True,,126.158,243,5.753110487032903
154,2,21,20,0,94.7,150.0,4.7,150.0,129.425,5.0,90.0,111.14999999999998,15.707963267948966,126.85796326794895,2,180.0,243,37.81448850601433,0.5557499999999999,4.76514595344064,0.44163688569726756,5.762532839137907,True,,126.858,243,5.760806906573714
155,2,24,20,8,94.0,150.0,42.45,150.0,130.125,5.0,51.55,71.3,15.707963267948966,87.00796326794897,2,180.0,161,43.94551956230895,0.3565,4.76514595344064,0.30104165964285345,5.422687613083493,True,,87.008,161,5.422092514498824
156,47,24,42,8,47.0,0.0,40.7,150.0,86.55,5.0,6.299999999999997,140.7096824596788,11.917873060989452,152.62755552066824,2,136.56876543347104,192,41.05916165039269,0.7035484122983939,3.6153894442871577,0.3493750210714407,4.668312877656993,True,,152.6276,192,4.6682536224006155
157,47,24,42,8,47.175,0.0,40.875,150.0,86.725,5.0,6.299999999999997,140.7096824596788,11.917873060989452,152.62755552066824,2,136.56876543347104,192,37.9048807460956,0.7035484122983939,3.6153894442871577,0.34610119348639645,4.6650390500719485,True,,152.6276,192,4.664652428914219
158,24,54,8,34,40.175,150.0,12.925,0.0,68.35,5.0,27.249999999999996,157.25,15.707963267948966,172.95796326794897,2,180.0,116,34.41150866976943,0.78625,4.76514595344064,0.21586311430273203,5.767259067743372,True,,172.958,116,5.771098580264195
159,24,54,8,34,40.35,150.0,13.1,0.0,68.175,5.0,27.25,157.25,15.707963267948966,172.95796326794897,2,180.0,116,36.21191254777826,0.78625,4.76514595344064,0.21919653192182784,5.770592485362467,True,,172.958,116,5.7739557552302
160,26,54,4,34,22.0,150.0,12.4,0.0,72.9,5.0,9.6,140.00800320256258,15.307856524409067,155.31585972697164,2,175.41511444808822,68,37.88921689609574,0.7000400160128128,4.643770126581298,0.13499999999999998,5.478810142594111,True,,155.3159,68,5.471637766051115
161,26,54,4,34,22.175,150.0,12.575,0.0,72.725,5.0,9.600000000000001,140.00800320256258,15.307856524409067,155.31585972697164,2,175.41511444808822,68,34.49256517957414,0.7000400160128128,4.643770126581298,0.1336904802040839,5.477500622798195,True,,155.3159,68,5.471161579588534
162,57,26,38,4,29.35,0.0,22.525,150.0,83.05,5.0,6.825000000000003,140.51741728219574,12.477044197570956,152.9944614797667,2,142.97639466380173,117,36.07389274528816,0.7025870864109787,3.785018824831926,0.23136913792522174,4.718975049168126,True,,152.9945,117,4.718201414184247
163,58,26,40,4,38.175,0.0,22.7,150.0,84.975,5.0,15.474999999999998,145.475,15.707963267948966,161.18296326794896,2,180.0,139,30.683417108975878,0.727375,4.76514595344064,0.250773883775553,5.743294837216193,True,,161.183,139,5.745050946165548
164,24,29,8,2,40.0,150.0,15.625,150.0,144.825,5.0,24.375,14.725000000000023,15.707963267948966,30.43296326794899,2,180.0,80,46.764392851017625,0.07362500000000012,4.76514595344064,0.16211307215985069,5.00088402560049,True,,30.433,80,4.999336610281165
165,57,29,38,2,29.0,0.0,14.75,150.0,82.7,5.0,14.25,144.25,15.707963267948966,159.95796326794897,2,180.0,116,51.31781254651057,0.7212500000000001,4.76514595344064,0.21526786015306296,5.7016638135937034,True,,159.958,116,5.700354505553295
166,57,29,38,2,29.175,0.0,14.925,150.0,82.875,5.0,14.25,144.25,15.707963267948966,159.95796326794897,2,180.0,116,50.580015532940955,0.7212500000000001,4.76514595344064,0.21616072732993946,5.70255668077058,True,,159.958,116,5.699878290995459
167,33,47,60,42,128.0,0.0,49.1,0.0,28.275,5.0,78.9,115.45000000000002,15.707963267948966,131.157963267949,2,180.0,217,34.41150866976943,0.5772500000000002,4.76514595344064,0.3984821538945636,5.740878107335203,True,,131.158,217,5.73977715369957
168,33,47,60,42,128.175,0.0,48.925,0.0,28.45,5.0,79.25000000000001,116.15000000000002,15.707963267948966,131.85796326794897,2,180.0,217,37.81448850601413,0.5807500000000001,4.76514595344064,0.39860113729588753,5.744497090736528,True,,131.858,217,5.743425946165547
169,33,47,60,42,128.35,0.0,48.75,0.0,28.625,5.0,79.6,116.85,15.707963267948966,132.55796326794896,2,180.0,217,40.9746302294453,0.5842499999999999,4.76514595344064,0.3981546756121951,5.747550629052835,True,,132.558,217,5.746122337611104
170,33,47,60,42,128.525,0.0,48.575,0.0,28.8,5.0,79.95,117.55,15.707963267948966,133.25796326794895,2,180.0,217,43.94551956230885,0.58775,4.76514595344064,0.3962201768877197,5.7491161303283596,True,,133.258,217,5.7460509250941065
171,33,47,60,42,128.7,0.0,48.4,0.0,28.975,5.0,80.29999999999998,118.24999999999997,15.707963267948966,133.95796326794894,2,180.0,217,46.76439285101791,0.5912499999999998,4.76514595344064,0.3953868716496405,5.75178282509028,True,,133.958,217,5.750295055995514
172,33,47,60,42,128.875,0.0,48.225,0.0,29.15,5.0,80.65,118.95000000000002,15.707963267948966,134.657963267949,2,180.0,217,46.76439285101786,0.5947500000000001,4.76514595344064,0.39098212579930947,5.75087807923995,True,,134.658,217,5.750134328665574
173,33,47,60,42,129.05,0.0,48.05,0.0,29.325,5.0,81.00000000000001,119.65000000000002,15.707963267948966,135.35796326794897,2,180.0,217,43.94551956230885,0.5982500000000001,4.76514595344064,0.38910710472786886,5.752503058168509,True,,135.358,217,5.752205713087319
174,33,47,60,42,129.225,0.0,47.875,0.0,29.5,5.0,81.35,120.35,15.707963267948966,136.05796326794896,2,180.0,217,40.974630229445424,0.60175,4.76514595344064,0.3918154310373886,5.758711384478028,True,,136.058,217,5.759187866981883
175,33,47,60,42,129.4,0.0,47.7,0.0,29.675,5.0,81.7,121.05,15.707963267948966,136.75796326794895,2,180.0,217,37.81448850601413,0.60525,4.76514595344064,0.39223211175168227,5.762628065192322,True,,136.758,217,5.782211708614554
176,33,47,60,42,129.575,0.0,47.525,0.0,29.85,5.0,82.04999999999998,121.74999999999997,15.707963267948966,137.45796326794894,2,180.0,217,34.41150866976943,0.6087499999999999,4.76514595344064,0.390803552363934,5.764699505804574,True,,137.458,217,5.763390253954674
177,33,53,60,32,129.75,0.0,4.275,0.0,30.025,5.0,125.475,165.525,15.707963267948966,181.23296326794897,2,180.0,268,30.683417108975878,0.827625,4.76514595344064,0.4760118505781994,6.06878280401884,True,,181.233,268,6.0680985872880076
178,14,38,26,54,123.45,150.0,103.625,0.0,43.85,5.0,19.825000000000003,149.82500000000002,15.707963267948966,165.532963267949,2,180.0,163,23.073918065630764,0.7491250000000002,4.76514595344064,0.3352381072789187,5.849509060719559,True,,165.533,163,5.870253347185965
179,38,18,54,10,102.925,0.0,50.575,150.0,100.2,5.0,52.349999999999994,182.35000000000002,15.707963267948966,198.057963267949,2,180.0,234,23.794272950536584,0.9117500000000002,4.76514595344064,0.4386606992346847,6.115556652675325,True,,198.058,234,6.114396193291402
180,38,29,54,2,102.575,0.0,15.1,150.0,99.85,5.0,87.47500000000001,217.475,15.707963267948966,233.18296326794896,2,180.0,245,32.3280641221621,1.087375,4.76514595344064,0.45595234482991087,6.308473298270551,True,,233.183,245,6.307640232883234
181,38,29,54,2,102.75,0.0,15.275,150.0,100.025,5.0,87.475,217.475,15.707963267948966,233.18296326794896,2,180.0,245,28.357636576327877,1.087375,4.76514595344064,0.45205353831630707,6.304574491756947,True,,233.183,245,6.304217584736959
182,38,41,54,50,101.0,0.0,85.625,0.0,8.85,5.0,15.375,13.075,15.707963267948966,28.782963267948965,2,180.0,52,49.45839812649543,0.065375,4.76514595344064,0.11479164559522606,4.945312599035867,True,,28.783,50,4.937723524073687
183,38,49,54,46,101.175,0.0,67.625,0.0,21.625,5.0,33.55,56.8,15.707963267948966,72.50796326794897,2,180.0,119,34.41150866976943,0.284,4.76514595344064,0.24422617241495578,5.293372125855595,True,,72.508,114,5.28137833313834
184,38,49,54,46,101.35,0.0,67.45,0.0,21.8,5.0,33.89999999999999,57.499999999999986,15.707963267948966,73.20796326794895,2,180.0,119,37.81448850601413,0.2874999999999999,4.76514595344064,0.24636902554420514,5.299014978984845,True,,73.208,114,5.286961652424046
185,38,53,54,32,102.225,0.0,4.625,0.0,22.675,5.0,97.6,122.94999999999999,15.707963267948966,138.65796326794896,2,180.0,239,34.41150866976943,0.6147499999999999,4.76514595344064,0.4388094917006613,5.818705445141301,True,,138.658,239,5.817783064941043
186,38,53,54,32,102.4,0.0,4.449999999999999,0.0,22.85,5.0,97.95,123.65,15.707963267948966,139.35796326794897,2,180.0,239,30.68341710897586,0.6182500000000001,4.76514595344064,0.43497019093534656,5.818366144375986,True,,139.358,239,5.8172057130873185
187,38,57,54,38,101.525,0.0,30.925,0.0,21.975,5.0,70.60000000000001,94.55000000000001,15.707963267948966,110.25796326794898,2,180.0,201,40.97463022944536,0.47275000000000006,4.76514595344064,0.37854165964285286,5.616437613083493,True,,110.258,201,5.61486050108053
188,38,57,54,38,101.7,0.0,30.75,0.0,22.15,5.0,70.95,95.25,15.707963267948966,110.95796326794897,2,180.0,201,43.94551956230884,0.47625,4.76514595344064,0.3788988065136035,5.620294759954244,True,,110.958,201,5.618628333138339
189,38,57,54,38,101.875,0.0,30.575,0.0,22.325,5.0,71.3,95.95,15.707963267948966,111.65796326794897,2,180.0,201,40.974630229445424,0.47975,4.76514595344064,0.3781844846768483,5.623080438117488,True,,111.658,201,5.6223664123220045
190,39,24,56,8,111.225,0.0,42.275,150.0,101.95,5.0,68.94999999999999,198.95,15.707963267948966,214.65796326794896,2,180.0,228,26.491570200356207,0.9947499999999999,4.76514595344064,0.4247322522279534,6.184628205668593,True,,214.658,228,6.185461750757435
191,39,41,56,50,110.175,0.0,84.925,0.0,25.125,5.0,25.25,55.5,15.707963267948966,71.20796326794897,2,180.0,87,34.41150866976943,0.2775,4.76514595344064,0.18764884865648498,5.2302948020971245,True,,71.208,84,5.217080720111133
192,39,41,56,50,110.35,0.0,84.75,0.0,25.3,5.0,25.599999999999994,56.19999999999999,15.707963267948966,71.90796326794896,2,180.0,87,37.81448850601413,0.28099999999999997,4.76514595344064,0.1885119067687087,5.2346578602093485,True,,71.908,84,5.226533093036298
193,39,41,56,50,110.0,0.0,85.45,0.0,14.8,5.0,24.549999999999997,34.15,15.707963267948966,49.85796326794896,2,180.0,85,49.45839812649543,0.17074999999999999,4.76514595344064,0.17113091826528667,5.107026871705926,True,,49.858,82,5.09741398320633
194,39,47,56,42,110.7,0.0,49.625,0.0,25.65,5.0,61.075,92.375,15.707963267948966,108.08296326794897,2,180.0,170,37.81448850601413,0.46187500000000004,4.76514595344064,0.3096428250339954,5.536663778474635,True,,108.083,170,5.534967598784587
195,39,47,56,42,110.875,0.0,49.45,0.0,25.825,5.0,61.425,93.075,15.707963267948966,108.78296326794897,2,180.0,170,34.41150866976943,0.46537500000000004,4.76514595344064,0.3077976130272076,5.538318566467847,True,,108.783,170,5.537068820366237
196,39,47,56,42,111.05,0.0,49.275,0.0,26.0,5.0,61.775,93.775,15.707963267948966,109.48296326794897,2,180.0,170,30.68341710897586,0.46887500000000004,4.76514595344064,0.3049999438094919,5.539020897250131,True,,109.483,170,5.537622358682545
197,39,49,56,46,110.525,0.0,67.275,0.0,25.475,5.0,43.25,74.2,15.707963267948966,89.90796326794897,2,180.0,131,40.974630229445275,0.371,4.76514595344064,0.24937502107144077,5.3855209745120804,True,,89.908,129,5.3779616805193005
198,1,41,58,50,119.0,0.0,85.275,0.0,14.975,5.0,33.724999999999994,43.675,15.707963267948966,59.382963267948966,2,180.0,114,51.31781254651057,0.21837499999999999,4.76514595344064,0.21678570625849897,5.200306659699138,True,,59.383,110,5.19060451257711
199,41,24,50,8,84.05,0.0,41.925,150.0,95.125,5.0,42.125,172.125,15.707963267948966,187.83296326794897,2,180.0,233,30.683417108975878,0.860625,4.76514595344064,0.4374703033163635,6.063241256757003,True,,187.833,233,6.061455818444521
200,41,24,50,8,84.225,0.0,42.1,150.0,95.3,5.0,42.12499999999999,172.125,15.707963267948966,187.83296326794897,2,180.0,233,34.41150866976943,0.860625,4.76514595344064,0.44324413090140763,6.069015084342047,True,,187.833,233,6.064134448070405
201,41,54,50,34,83.875,0.0,13.45,0.0,15.675,5.0,70.425,81.77499999999999,15.707963267948966,97.48296326794896,2,180.0,188,46.764392851017824,0.408875,4.76514595344064,0.3318452120067877,5.5058661654474275,True,,97.483,188,5.505062768648494
202,41,57,50,38,83.525,0.0,31.275,0.0,15.325,5.0,52.25000000000001,62.900000000000006,15.707963267948966,78.60796326794897,2,180.0,165,52.04807971075357,0.31450000000000006,4.76514595344064,0.3033035523639346,5.382949505804574,True,,78.608,165,5.3835748088696596
203,41,58,50,40,83.0,0.0,40.625,0.0,14.8,5.0,42.375,51.974999999999994,15.707963267948966,67.68296326794896,2,180.0,140,43.945519562308846,0.25987499999999997,4.76514595344064,0.2724107132823125,5.297431666722952,True,,67.683,140,5.296181892526088
204,41,58,50,40,83.175,0.0,40.45,0.0,14.975,5.0,42.724999999999994,52.675,15.707963267948966,68.38296326794897,2,180.0,140,46.764392851017824,0.26337499999999997,4.76514595344064,0.2660714406122519,5.294592394052891,True,,68.383,140,5.293312866981884
205,41,58,50,40,83.35,0.0,40.275,0.0,15.15,5.0,43.074999999999996,53.37499999999999,15.707963267948966,69.08296326794895,2,180.0,140,49.45839812649548,0.266875,4.76514595344064,0.2606547037074498,5.29267565714809,True,,69.083,140,5.292497407849241
206,14,47,26,42,122.75,150.0,47.35,0.0,44.55,5.0,75.4,205.40000000000003,15.707963267948966,221.107963267949,2,180.0,244,34.41150866976943,1.0270000000000001,4.76514595344064,0.45339297955789276,6.2455389329985325,True,,221.108,244,6.253217661998908
207,48,18,44,10,56.175,0.0,50.05,150.0,87.6,5.0,6.125,140.78130296625386,11.728781648352854,152.5100846146067,2,134.4019374562223,223,38.56791611491987,0.7039065148312693,3.5580269355783303,0.40434529629254984,4.666278746702149,True,,152.5101,223,4.665921676758368
208,51,48,48,44,74.175,0.0,58.45,0.0,6.4,5.0,15.724999999999994,8.524999999999995,15.707963267948966,24.23296326794896,2,180.0,48,53.84299179900111,0.042624999999999975,4.76514595344064,0.1028570906802423,4.910628044120882,True,,24.233,48,4.910717542594079
209,51,48,48,44,74.0,0.0,58.625,0.0,5.0,5.0,15.375,5.375,15.707963267948966,21.082963267948966,2,180.0,48,51.31781254651057,0.026875,4.76514595344064,0.09916661047615839,4.891187563916799,True,,21.083,48,4.890235374651887
210,17,49,16,46,77.4,150.0,67.1,0.0,59.775,5.0,10.300000000000011,140.3,15.707963267948966,156.00796326794898,2,180.0,238,37.81448850601411,0.7015000000000001,4.76514595344064,0.4365476270748344,5.903193580515475,True,,156.008,238,5.904205783325452
211,49,24,46,8,66.05,0.0,41.05,150.0,89.7,5.0,25.0,155.0,15.707963267948966,170.70796326794897,2,180.0,222,40.974630229445474,0.775,4.76514595344064,0.41011901149657815,5.950264964937218,True,,170.708,222,5.946604505553295
212,49,24,46,8,66.225,0.0,41.225,150.0,89.875,5.0,24.999999999999993,155.0,15.707963267948966,170.70796326794897,2,180.0,222,43.94551956230895,0.775,4.76514595344064,0.41672620051020987,5.95687215395085,True,,170.708,222,5.952973587288008
213,49,24,46,8,66.4,0.0,41.4,150.0,90.05,5.0,25.000000000000007,155.0,15.707963267948966,170.70796326794897,2,180.0,222,42.2685844295724,0.775,4.76514595344064,0.42178567816324475,5.961931631603885,True,,170.708,222,5.95865810006011
214,49,24,46,8,66.575,0.0,41.575,150.0,90.225,5.0,25.0,155.0,15.707963267948966,170.70796326794897,2,180.0,222,39.19496742598291,0.775,4.76514595344064,0.4220833473809605,5.9622293008216,True,,170.708,222,5.959908086012484
215,49,24,46,8,66.75,0.0,41.75,150.0,90.4,5.0,25.0,155.0,15.707963267948966,170.70796326794897,2,180.0,222,35.90406858331719,0.775,4.76514595344064,0.4211607554251936,5.961306708865834,True,,170.708,222,5.9613664825601385
216,49,26,46,4,65.35,0.0,22.875,150.0,89.0,5.0,42.474999999999994,172.475,15.707963267948966,188.18296326794896,2,180.0,203,26.491570200356207,0.862375,4.76514595344064,0.3695238416326714,5.997044795073311,True,,188.183,203,5.9974319065737145
217,49,26,46,4,65.525,0.0,23.05,150.0,89.175,5.0,42.47500000000001,172.47500000000002,15.707963267948966,188.182963267949,2,180.0,203,30.683417108975878,0.8623750000000001,4.76514595344064,0.37008934290819573,5.997610296348835,True,,188.183,203,5.997164074515906
218,49,26,46,4,65.7,0.0,23.225,150.0,89.35,5.0,42.475,172.475,15.707963267948966,188.18296326794896,2,180.0,203,34.41150866976943,0.862375,4.76514595344064,0.37398812132654535,6.001509074767185,True,,188.183,203,5.999306983835664
219,49,26,46,4,65.875,0.0,23.4,150.0,89.525,5.0,42.475,172.475,15.707963267948966,188.18296326794896,2,180.0,203,37.8144885060144,0.862375,4.76514595344064,0.379404773945585,6.006925727386225,True,,188.183,203,6.002283114107739
220,49,57,46,38,65.0,0.0,31.625,0.0,10.95,5.0,33.375,35.275,15.707963267948966,50.98296326794896,2,180.0,110,46.764392851017824,0.176375,4.76514595344064,0.2146130721598508,5.15613402560049,True,,50.983,110,5.155271151148522
221,49,57,46,38,65.175,0.0,31.45,0.0,11.125,5.0,33.724999999999994,35.974999999999994,15.707963267948966,51.68296326794896,2,180.0,110,49.45839812649548,0.17987499999999998,4.76514595344064,0.20874995785711883,5.153770911297759,True,,51.683,110,5.1535926339036555
222,17,51,16,48,77.575,150.0,75.225,0.0,59.6,5.0,2.3500000000000085,143.55969721208697,6.997549963688929,150.5572471757759,2,80.18601597025966,232,47.54584979559903,0.7177984860604348,2.1227670529067173,0.4141368576020136,3.2547023965691655,True,,150.5572,232,3.2558926689896253
223,17,51,16,48,77.75,150.0,75.4,0.0,59.425,5.0,2.3499999999999943,143.559697212087,6.997549963688915,150.55724717577593,2,80.18601597025946,232,44.765084671328474,0.7177984860604351,2.122767052906713,0.4169642235033656,3.2575297624705137,True,,150.5572,232,3.2607141517447524
224,17,51,16,48,77.925,150.0,75.575,0.0,59.25,5.0,2.3499999999999943,143.559697212087,6.997549963688915,150.55724717577593,2,80.18601597025946,232,41.840901071389254,0.7177984860604351,2.122767052906713,0.4212202049829741,3.261785743950122,True,,150.5572,232,3.2646130144488645
225,51,19,48,12,75.05,0.0,59.75,150.0,93.2,5.0,15.299999999999997,145.3,15.707963267948966,161.00796326794898,2,180.0,242,30.683417108975878,0.7265,4.76514595344064,0.4527381915646805,5.94438414500532,True,,161.008,242,5.941943890604372
226,51,21,48,0,74.525,0.0,4.175,150.0,92.675,5.0,70.35000000000001,200.35000000000002,15.707963267948966,216.057963267949,2,180.0,216,30.24404119507487,1.0017500000000001,4.76514595344064,0.41360136205792086,6.180497315498561,True,,216.058,216,6.173324949345929
227,51,21,48,0,74.7,0.0,4.35,150.0,92.85,5.0,70.35000000000001,200.35,15.707963267948966,216.05796326794896,2,180.0,216,34.01533331749661,1.00175,4.76514595344064,0.4150298371599067,6.1819257906005465,True,,216.058,216,6.172699829941099
228,51,21,48,0,74.875,0.0,4.525,150.0,93.025,5.0,70.35,200.35,15.707963267948966,216.05796326794896,2,180.0,216,37.44965977663809,1.00175,4.76514595344064,0.41488107278918424,6.181777026229824,True,,216.058,216,6.17249150363158
229,51,54,48,34,74.35,0.0,13.625,0.0,12.0,5.0,60.724999999999994,64.725,15.707963267948966,80.43296326794896,2,180.0,172,34.41150866976947,0.323625,4.76514595344064,0.32208343166672243,5.410854385107362,True,,80.433,172,5.409961701590741
230,29,53,2,32,13.0,150.0,2.0,0.0,76.75,5.0,11.0,141.0,15.707963267948966,156.70796326794897,2,180.0,32,51.31781254651063,0.705,4.76514595344064,0.06330355236393469,5.533449505804574,True,,156.708,32,5.543538976182518
231,29,53,2,32,13.175,150.0,2.175,0.0,76.575,5.0,11.0,141.0,15.707963267948966,156.70796326794897,2,180.0,32,53.84299179900112,0.705,4.76514595344064,0.06258925862243352,5.5327352120630735,True,,156.708,32,5.543062789719935
232,26,54,4,34,22.35,150.0,12.75,0.0,72.55,5.0,9.600000000000001,140.00800320256255,15.30785652440909,155.31585972697164,2,175.41511444808825,68,30.773158606260985,0.7000400160128127,4.643770126581305,0.13208337547621452,5.4758935180703325,True,,155.3159,68,5.471756805642949
233,29,54,2,34,13.35,150.0,11.0,0.0,76.4,5.0,2.3499999999999996,143.559697212087,6.9975499636889165,150.55724717577593,2,80.18601597025949,62,51.31781254651052,0.7177984860604351,2.1227670529067133,0.12369045210882977,2.9642559910759783,True,,150.5572,62,2.9675891166256876
234,29,54,2,34,13.525,150.0,11.175,0.0,76.225,5.0,2.3499999999999996,143.559697212087,6.9975499636889165,150.55724717577593,2,80.18601597025949,62,52.77115812492644,0.7177984860604351,2.1227670529067133,0.12291665261903957,2.963482191586188,True,,150.5572,62,2.957589116625687
235,29,54,2,34,13.7,150.0,11.35,0.0,76.05,5.0,2.3499999999999996,143.559697212087,6.9975499636889165,150.55724717577593,2,80.18601597025948,62,50.20818050044275,0.7177984860604351,2.1227670529067133,0.12413688569726797,2.9647024246644165,True,,150.5572,62,2.959970105129109
236,29,54,2,34,13.875,150.0,11.525,0.0,75.875,5.0,2.3499999999999996,143.559697212087,6.997549963688917,150.55724717577593,2,80.18601597025949,62,47.54584979559903,0.7177984860604351,2.1227670529067137,0.12669639144555697,2.9672619304127057,True,,150.5572,62,2.9633629442107314
237,29,54,2,34,14.05,150.0,11.7,0.0,75.525,5.0,2.3500000000000014,143.559697212087,6.997549963688917,150.55724717577593,2,80.18601597025949,62,44.765084671328445,0.7177984860604351,2.1227670529067137,0.13235115134351502,2.972916690310664,True,,150.5572,62,2.971309349703917
238,29,54,2,34,14.225,150.0,11.875,0.0,75.35,5.0,2.3499999999999996,143.559697212087,6.9975499636889165,150.55724717577593,2,80.18601597025949,62,41.84090107138922,0.7177984860604351,2.1227670529067133,0.1303273659013519,2.9708929048685,True,,150.5572,62,2.9688986364216032
239,29,54,2,34,14.4,150.0,12.05,0.0,75.175,5.0,2.3499999999999996,143.559697212087,6.9975499636889165,150.55724717577593,2,80.18601597025949,62,38.739424597855596,0.7177984860604351,2.1227670529067133,0.1256547318027038,2.966220270769852,True,,150.5572,62,2.964910515095058
240,29,54,2,34,14.575,150.0,12.225,0.0,75.0,5.0,2.3499999999999996,143.559697212087,6.9975499636889165,150.55724717577593,2,80.18601597025948,62,35.41263811105964,0.7177984860604351,2.1227670529067133,0.12339283908162228,2.963958378048771,True,,150.5572,62,2.961874822884186
241,2,56,20,36,95.4,150.0,21.05,0.0,54.0,5.0,74.35000000000001,204.35000000000002,15.707963267948966,220.057963267949,2,180.0,232,43.94551956230884,1.0217500000000002,4.76514595344064,0.42815481608846573,6.215050769529105,True,,220.058,232,6.214098636454703
242,2,56,20,36,95.575,150.0,21.225,0.0,53.825,5.0,74.35,204.34999999999997,15.707963267948966,220.05796326794894,2,180.0,232,46.76439285101768,1.02175,4.76514595344064,0.4245238416326709,6.2114197950733105,True,,220.058,232,6.209872435944493
243,2,56,20,36,95.75,150.0,21.4,0.0,53.65,5.0,74.35,204.35,15.707963267948966,220.05796326794896,2,180.0,232,43.94551956230878,1.02175,4.76514595344064,0.4223809885034213,6.209276941944061,True,,220.058,232,6.208354589839057
244,2,56,20,36,95.925,150.0,21.575,0.0,53.475,5.0,74.35,204.35,15.707963267948966,220.05796326794896,2,180.0,232,40.97463022944527,1.02175,4.76514595344064,0.42154759897957966,6.20844355242022,True,,220.058,232,6.20561642636963
245,20,56,6,36,31.35,150.0,20.0,0.0,70.45,5.0,11.350000000000001,141.35000000000002,15.707963267948966,157.057963267949,2,180.0,106,34.41150866976943,0.7067500000000001,4.76514595344064,0.2086905082993381,5.680586461739979,True,,157.058,106,5.676836715638368
246,12,57,21,38,99.55,150.0,29.875,0.0,51.55,5.0,69.675,199.675,15.707963267948966,215.38296326794898,2,180.0,239,39.19496742598291,0.9983750000000001,4.76514595344064,0.44226189272108124,6.205782846161721,True,,215.383,239,6.204860437866207
247,12,57,21,38,99.725,150.0,30.05,0.0,51.375,5.0,69.675,199.675,15.707963267948966,215.38296326794898,2,180.0,239,37.81448850601411,0.9983750000000001,4.76514595344064,0.44098212579930973,6.20450307923995,True,,215.383,239,6.201050918070292
248,24,57,8,38,40.525,150.0,29.7,0.0,68.0,5.0,10.825,140.825,15.707963267948966,156.53296326794896,2,180.0,153,30.683417108975878,0.704125,4.76514595344064,0.2806548160884666,5.749925769529106,True,,156.533,153,5.754301002356055
249,38,57,54,38,102.05,0.0,30.4,0.0,22.5,5.0,71.65,96.65,15.707963267948966,112.35796326794897,2,180.0,201,37.81448850601413,0.48325,4.76514595344064,0.3790475427890719,5.627443496229712,True,,112.358,201,5.62598548000909
250,41,57,50,38,83.7,0.0,31.1,0.0,15.5,5.0,52.6,63.6,15.707963267948966,79.30796326794896,2,180.0,165,49.45839812649548,0.318,4.76514595344064,0.30098209770405576,5.384128051144695,True,,79.308,165,5.386033149226806
251,11,58,52,40,92.35,0.0,40.1,0.0,18.125,5.0,52.24999999999999,68.5,15.707963267948966,84.20796326794897,2,180.0,161,52.04807971075358,0.3425,4.76514595344064,0.29211310025510523,5.399759053695745,True,,84.208,161,5.399431899549901
252,11,58,52,40,92.525,0.0,39.925,0.0,18.3,5.0,52.60000000000001,69.2,15.707963267948966,84.90796326794897,2,180.0,161,49.45839812649548,0.34600000000000003,4.76514595344064,0.29538692784014964,5.406532881280789,True,,84.908,161,5.4054616805193
253,11,58,52,40,92.7,0.0,39.75,0.0,18.475,5.0,52.95,69.9,15.707963267948966,85.60796326794897,2,180.0,161,46.764392851017824,0.34950000000000003,4.76514595344064,0.296994032568019,5.411639986008659,True,,85.608,161,5.410836673495487
254,11,58,52,40,92.875,0.0,39.575,0.0,18.65,5.0,53.3,70.6,15.707963267948966,86.30796326794896,2,180.0,161,43.94551956230885,0.353,4.76514595344064,0.2968154591326437,5.414961412573283,True,,86.308,161,5.4132354800090905
255,58,21,40,0,38.0,0.0,4.0,150.0,84.8,5.0,34.0,164.0,15.707963267948966,179.70796326794897,2,180.0,128,30.683417108975878,0.8200000000000001,4.76514595344064,0.23627982311228024,5.82142577655292,True,,179.708,128,5.819937895077137
256,61,68,29,61,136.6,150.0,134.6,0.0,38.6,5.0,2.0,144.0,6.435011087932843,150.43501108793285,2,73.73979529168804,52,47.54584979559903,0.72,1.9521160396762685,0.11476194891158978,2.7868779885878583,True,,150.435,52,2.7942886464305063
257,61,68,29,61,136.775,150.0,134.775,0.0,38.425,5.0,2.0,144.0,6.435011087932843,150.43501108793285,2,73.73979529168804,52,44.76508467132824,0.72,1.9521160396762685,0.11803574840137995,2.7901517880776483,True,,150.435,52,2.7990505953420968
258,69,61,63,29,143.6,0.0,136.95,150.0,114.55,5.0,6.650000000000006,140.57781872388352,12.291910966930892,152.8697296908144,2,140.8549241111422,30,29.282567649701523,0.7028890936194176,3.728857064724431,0.08455367879257836,4.516299837136427,True,,152.8697,30,4.52463296582518
259,69,61,63,29,143.775,0.0,137.125,150.0,114.725,5.0,6.650000000000006,140.57781872388352,12.291910966930892,152.8697296908144,2,140.8549241111422,30,30.33544572899339,0.7028890936194176,3.728857064724431,0.089702471258555,4.5214486296024035,True,,152.8697,30,4.528769851522448
260,61,86,29,39,135.55,150.0,35.25,0.0,39.65,5.0,100.30000000000001,230.3,15.707963267948966,246.00796326794898,2,180.0,232,37.81448850601428,1.1515000000000002,4.76514595344064,0.43357144061225045,6.3502173940528905,True,,246.008,232,6.352568813342423
261,61,86,29,39,135.725,150.0,35.425,0.0,39.475,5.0,100.3,230.29999999999998,15.707963267948966,246.00796326794895,2,180.0,232,40.9746302294453,1.1515,4.76514595344064,0.42872023307822715,6.345366186518866,True,,246.008,232,6.34712235165873
262,61,86,29,39,135.9,150.0,35.6,0.0,39.3,5.0,100.30000000000001,230.3,15.707963267948966,246.00796326794898,2,180.0,232,43.94551956230889,1.1515000000000002,4.76514595344064,0.42312503511906646,6.339770988559707,True,,246.008,232,6.340902146675757
263,61,86,29,39,136.075,150.0,35.775,0.0,39.125,5.0,100.29999999999998,230.29999999999998,15.707963267948966,246.00796326794895,2,180.0,232,46.76439285101786,1.1515,4.76514595344064,0.41642861557825545,6.333074569018895,True,,246.008,232,6.334086659447858
264,61,86,29,39,136.25,150.0,35.95,0.0,38.95,5.0,100.3,230.3,15.707963267948966,246.00796326794898,2,180.0,232,49.45839812649543,1.1515000000000002,4.76514595344064,0.4109227324320366,6.327568685872677,True,,246.008,232,6.3295033401621525
265,61,114,29,3,135.2,150.0,19.775,150.0,117.525,5.0,115.42499999999998,160.37499999999997,15.707963267948966,176.08296326794894,2,180.0,240,30.683417108975878,0.8018749999999999,4.76514595344064,0.4418154591326421,6.008836412573282,True,,176.083,240,6.006693799294797
266,61,118,29,9,134.675,150.0,45.9,150.0,118.05,5.0,88.775,132.675,15.707963267948966,148.38296326794898,2,180.0,204,40.974630229445246,0.663375,4.76514595344064,0.37443449872447465,5.802955452165115,True,,148.383,204,5.809949808869659
267,61,118,29,9,134.85,150.0,45.725,150.0,117.875,5.0,89.125,133.375,15.707963267948966,149.08296326794897,2,180.0,204,37.81448850601411,0.666875,4.76514595344064,0.3769642515986191,5.808985205039259,True,,149.083,204,5.812556941692783
268,61,118,29,9,135.025,150.0,45.55,150.0,117.7,5.0,89.47500000000001,134.075,15.707963267948966,149.78296326794896,2,180.0,204,34.41150866976943,0.6703749999999999,4.76514595344064,0.37854165964285236,5.814062613083492,True,,149.783,204,5.812664046420652
269,71,62,24,53,113.225,150.0,98.6,0.0,47.175,5.0,14.625,144.625,15.707963267948966,160.33296326794897,2,180.0,185,37.81448850601411,0.723125,4.76514595344064,0.3652083825000282,5.853479335940668,True,,160.333,185,5.850354624958125
270,71,62,24,53,113.4,150.0,98.775,0.0,47.0,5.0,14.625,144.625,15.707963267948966,160.33296326794897,2,180.0,185,34.41150866976943,0.723125,4.76514595344064,0.3697024150680468,5.857973368508687,True,,160.333,185,5.85475939890371
271,71,62,24,53,113.575,150.0,98.95,0.0,46.825,5.0,14.625,144.625,15.707963267948966,160.33296326794897,2,180.0,185,30.683417108975878,0.723125,4.76514595344064,0.3697917017857344,5.858062655226375,True,,160.333,185,5.854372499158814
272,71,62,24,53,113.75,150.0,99.125,0.0,46.65,5.0,14.625,144.625,15.707963267948966,160.33296326794897,2,180.0,185,26.49157020035603,0.723125,4.76514595344064,0.3721726621939022,5.8604436156345425,True,,160.333,185,5.856247492135001
273,62,116,53,1,97.375,0.0,9.025,150.0,97.925,5.0,88.35,218.34999999999997,15.707963267948966,234.05796326794894,2,180.0,256,30.683417108975842,1.0917499999999998,4.76514595344064,0.4950001123810153,6.351896065821656,True,,234.058,256,6.350080818444521
274,62,116,53,1,97.55,0.0,9.2,150.0,98.1,5.0,88.35,218.35,15.707963267948966,234.05796326794896,2,180.0,256,34.411508669769404,1.09175,4.76514595344064,0.49761915197284734,6.354515105413487,True,,234.058,256,6.352104660077192
275,62,116,53,1,97.725,0.0,9.375,150.0,98.275,5.0,88.35,218.35,15.707963267948966,234.05796326794896,2,180.0,256,37.8144885060143,1.09175,4.76514595344064,0.49720244316329953,6.3540983966039395,True,,234.058,256,6.350497499158815
276,66,68,31,61,145.6,150.0,134.95,0.0,34.75,5.0,10.650000000000006,140.65,15.707963267948966,156.35796326794897,2,180.0,30,37.81448850601411,0.70325,4.76514595344064,0.07705356641156173,5.545449519852201,True,,156.358,30,5.541878319090713
277,66,68,31,61,145.775,150.0,135.125,0.0,34.575,5.0,10.650000000000006,140.65,15.707963267948966,156.35796326794897,2,180.0,30,34.41150866976957,0.70325,4.76514595344064,0.07651787420068999,5.544913827641329,True,,156.358,30,5.554140268002302
278,66,69,31,63,145.95,150.0,143.95,0.0,34.4,5.0,2.0,144.0,6.435011087932843,150.43501108793285,2,73.73979529168804,0,,0.72,1.9521160396762685,0.0,2.6721160396762684,True,,150.435,0,2.672115984236604
279,66,69,31,63,146.125,150.0,144.125,0.0,34.225,5.0,2.0,144.0,6.435011087932843,150.43501108793285,2,73.73979529168804,0,,0.72,1.9521160396762685,0.0,2.6721160396762684,True,,150.435,0,2.672115984236604
280,66,70,31,51,144.9,150.0,88.9,0.0,35.45,5.0,56.0,186.0,15.707963267948966,201.70796326794897,2,180.0,162,39.19496742598291,0.93,4.76514595344064,0.31690477394558464,6.0120507273862245,True,,201.708,162,6.010562930196205
281,66,70,31,51,145.075,150.0,89.075,0.0,35.275,5.0,55.999999999999986,185.99999999999997,15.707963267948966,201.70796326794894,2,180.0,162,42.268584429572165,0.9299999999999998,4.76514595344064,0.3103571468707503,6.0055031003113895,True,,201.708,162,6.0033902399070485
282,66,70,31,51,145.25,150.0,89.25,0.0,35.1,5.0,56.0,186.0,15.707963267948966,201.70796326794897,2,180.0,162,43.94551956230884,0.93,4.76514595344064,0.30470235887753816,5.999848312318178,True,,201.708,162,5.998836673495487
283,66,70,31,51,145.425,150.0,89.425,0.0,34.925,5.0,56.000000000000014,186.0,15.707963267948966,201.70796326794897,2,180.0,162,40.974630229445246,0.93,4.76514595344064,0.2977975849319532,5.992943538372593,True,,201.708,162,5.9923783331383405
284,66,71,31,24,143.85,150.0,114.45,150.0,133.625,5.0,29.39999999999999,42.14999999999999,15.707963267948966,57.85796326794896,2,180.0,97,53.8429917990011,0.21074999999999997,4.76514595344064,0.18446427969387416,5.160360233134514,True,,57.858,97,5.159080677968252
285,66,71,31,24,144.025,150.0,114.275,150.0,133.45,5.0,29.75,42.85000000000002,15.707963267948966,58.55796326794899,2,180.0,97,56.28928521857397,0.2142500000000001,4.76514595344064,0.18386902554420512,5.163264978984845,True,,58.558,97,5.162491419345818
286,66,71,31,24,143.5,150.0,114.625,150.0,141.5,5.0,28.875,25.875,15.707963267948966,41.58296326794897,2,180.0,96,49.45839812649543,0.129375,4.76514595344064,0.18708337547621468,5.081604328916854,True,,41.583,96,5.080205677968252
287,66,89,31,33,144.725,150.0,8.95,0.0,35.625,5.0,135.775,265.775,15.707963267948966,281.48296326794895,2,180.0,257,35.90406858331696,1.3288749999999998,4.76514595344064,0.47872026117348127,6.572741214614121,True,,281.483,257,6.57110459686287
288,66,101,31,17,143.675,150.0,82.6,150.0,136.775,5.0,61.07500000000002,67.525,15.707963267948966,83.23296326794897,2,180.0,188,53.84299179900142,0.337625,4.76514595344064,0.336815431037389,5.439586384478028,True,,83.233,183,5.430449682441016
289,66,111,31,19,144.2,150.0,91.95,150.0,115.25,5.0,52.249999999999986,101.74999999999999,15.707963267948966,117.45796326794895,2,180.0,157,30.683417108975878,0.5087499999999999,4.76514595344064,0.3144047739455849,5.588300727386224,True,,117.458,157,5.5846105151281575
290,66,113,31,5,144.55,150.0,28.6,150.0,114.9,5.0,115.95000000000002,166.15,15.707963267948966,181.85796326794897,2,180.0,221,26.491570200356207,0.8307500000000001,4.76514595344064,0.3952976130272066,5.991193566467847,True,,181.858,221,5.991878347185967
291,66,118,31,9,144.375,150.0,45.375,150.0,115.075,5.0,99.0,148.85,15.707963267948966,164.55796326794896,2,180.0,211,30.683417108975878,0.74425,4.76514595344064,0.3806844846768475,5.890080438117487,True,,164.558,211,5.888741433393444
292,68,72,61,57,132.5,0.0,117.125,0.0,5.0,5.0,15.375,5.375,15.707963267948966,21.082963267948966,2,180.0,48,51.31781254651057,0.026875,4.76514595344064,0.0994047177550768,4.891425671195717,True,,21.083,48,4.89029490849543
293,68,72,61,57,132.675,0.0,116.95,0.0,6.4,5.0,15.725000000000009,8.52500000000001,15.707963267948966,24.232963267948975,2,180.0,48,53.842991799001126,0.042625000000000045,4.76514595344064,0.0986904240135756,4.906461377454216,True,,24.233,48,4.905360367628075
294,68,72,61,57,132.85,0.0,116.775,0.0,6.575,5.0,16.07499999999999,9.224999999999989,15.707963267948966,24.932963267948956,2,180.0,48,56.289285218573994,0.046124999999999944,4.76514595344064,0.09770829821426559,4.908979251654905,True,,24.933,48,4.9078782699240175
295,68,72,61,57,133.025,0.0,116.6,0.0,8.675,5.0,16.42500000000001,13.775000000000013,15.707963267948966,29.48296326794898,2,180.0,52,46.76439285101784,0.06887500000000006,4.76514595344064,0.11729167369048016,4.95131262713112,True,,29.483,50,4.9402711792437755
296,68,76,61,47,133.375,0.0,71.775,0.0,30.9,5.0,61.599999999999994,103.4,15.707963267948966,119.10796326794897,2,180.0,181,34.41150866976943,0.517,4.76514595344064,0.35696425159861916,5.639110205039259,True,,119.108,179,5.62902127055335
297,68,76,61,47,133.55,0.0,71.6,0.0,31.075,5.0,61.95000000000002,104.10000000000002,15.707963267948966,119.80796326794899,2,180.0,181,34.41150866976943,0.5205000000000001,4.76514595344064,0.35273802299315526,5.638383976433795,True,,119.808,179,5.628830790349268
298,68,76,61,47,133.725,0.0,71.425,0.0,31.25,5.0,62.3,104.8,15.707963267948966,120.50796326794897,2,180.0,181,30.68341710897572,0.524,4.76514595344064,0.34732137037411576,5.636467323814755,True,,120.508,179,5.632062986386713
299,68,77,61,49,133.2,0.0,80.6,0.0,30.725,5.0,52.599999999999994,94.04999999999998,15.707963267948966,109.75796326794895,2,180.0,157,30.683417108975878,0.47024999999999995,4.76514595344064,0.3139583684524008,5.54935432189304,True,,109.758,155,5.545366524703021
300,68,113,61,5,134.425,0.0,28.425,150.0,111.4,5.0,106.00000000000001,236.00000000000003,15.707963267948966,251.707963267949,2,180.0,226,34.41150866976943,1.1800000000000002,4.76514595344064,0.4399405504422184,6.385086503882858,True,,251.708,226,6.3824379793629
301,68,116,61,1,133.9,0.0,10.775,150.0,110.875,5.0,123.125,253.125,15.707963267948966,268.83296326794897,2,180.0,273,31.903522134603627,1.265625,4.76514595344064,0.5140774642347402,6.54484841767538,True,,268.833,273,6.541306969788036
302,68,116,61,1,134.075,0.0,10.95,150.0,111.05,5.0,123.12499999999999,253.125,15.707963267948966,268.83296326794897,2,180.0,273,35.517392829420224,1.265625,4.76514595344064,0.5183929795578921,6.549163932998532,True,,268.833,273,6.546426009379869
303,68,116,61,1,134.25,0.0,11.125,150.0,111.225,5.0,123.125,253.125,15.707963267948966,268.83296326794897,2,180.0,273,38.836447963940856,1.265625,4.76514595344064,0.5169346392007452,6.547705592641385,True,,268.833,273,6.54505695574041
304,69,73,63,59,141.85,0.0,126.125,0.0,10.95,5.0,15.724999999999994,17.624999999999993,15.707963267948966,33.332963267948955,2,180.0,50,51.31781254651057,0.08812499999999997,4.76514595344064,0.1030951979591607,4.9563661513998,True,,33.333,50,4.955235388699514
305,69,73,63,59,142.2,0.0,125.95,0.0,20.05,5.0,16.249999999999986,36.35,15.707963267948966,52.05796326794896,2,180.0,51,53.84299179900132,0.18175000000000002,4.76514595344064,0.10324401852039149,5.050139971961031,True,,52.058,51,5.049515176692727
306,69,73,63,59,142.375,0.0,125.775,0.0,33.35,5.0,16.599999999999994,63.3,15.707963267948966,79.00796326794897,2,180.0,51,30.683417108975878,0.3165,4.76514595344064,0.12485117943876918,5.206497132879409,True,,79.008,51,5.214533149226806
307,69,73,63,59,142.55,0.0,125.6,0.0,33.525,5.0,16.950000000000017,64.00000000000001,15.707963267948966,79.70796326794898,2,180.0,51,34.41150866976943,0.32000000000000006,4.76514595344064,0.12690474585033096,5.212050699290971,True,,79.708,51,5.2211879372200185
308,69,77,63,49,142.025,0.0,80.95,0.0,13.05,5.0,61.075,67.175,15.707963267948966,82.88296326794897,2,180.0,194,49.45839812649543,0.335875,4.76514595344064,0.3473213984693702,5.44834235191001,True,,82.883,184,5.426170013852634
309,69,79,63,43,141.5,0.0,53.775,0.0,6.925,5.0,87.725,81.57499999999999,15.707963267948966,97.28296326794896,2,180.0,288,49.45839812649544,0.40787499999999993,4.76514595344064,0.5109225919557658,5.683943545396406,True,,97.283,258,5.627783114107737
310,69,79,63,43,141.675,0.0,53.6,0.0,7.1,5.0,88.07500000000002,82.275,15.707963267948966,97.98296326794897,2,180.0,288,46.76439285101784,0.41137500000000005,4.76514595344064,0.5199999438094909,5.6965208972501316,True,,97.983,258,5.636550946165546
311,69,79,63,43,142.725,0.0,53.425,0.0,33.7,5.0,89.3,136.7,15.707963267948966,152.40796326794896,2,180.0,223,34.41150866976957,0.6835,4.76514595344064,0.42080349617342544,5.869449449614065,True,,152.408,223,5.869241475536325
312,69,99,63,25,143.075,0.0,118.775,150.0,114.025,5.0,24.299999999999983,154.29999999999998,15.707963267948966,170.00796326794895,2,180.0,92,34.41150866976943,0.7715,4.76514595344064,0.20687504916669489,5.743521002607334,True,,170.008,92,5.740693932747254
313,69,99,63,25,143.25,0.0,118.95,150.0,114.2,5.0,24.299999999999997,154.3,15.707963267948966,170.00796326794898,2,180.0,92,30.683417108975878,0.7715000000000001,4.76514595344064,0.20779772540822417,5.744443678848865,True,,170.008,92,5.7425093918798975
314,69,99,63,25,143.425,0.0,119.125,150.0,114.375,5.0,24.30000000000001,154.3,15.707963267948966,170.00796326794898,2,180.0,92,26.491570200356207,0.7715000000000001,4.76514595344064,0.2133930076531474,5.750038961093788,True,,170.008,92,5.7479557973730815
315,69,111,63,19,142.9,0.0,91.775,150.0,113.85,5.0,51.125,181.125,15.707963267948966,196.83296326794897,2,180.0,161,33.15248379692644,0.905625,4.76514595344064,0.31752980906465245,5.9883007625052915,True,,196.833,161,5.985057011930918
316,72,70,57,51,114.675,0.0,89.775,0.0,26.7,5.0,24.89999999999999,58.3,15.707963267948966,74.00796326794897,2,180.0,91,30.68341710897586,0.2915,4.76514595344064,0.1940178461054362,5.250663799546076,True,,74.008,86,5.237330677968251
317,72,70,57,51,114.5,0.0,90.125,0.0,6.4,5.0,24.375,17.175,15.707963267948966,32.882963267948966,2,180.0,80,51.31781254651057,0.085875,4.76514595344064,0.15624998595237305,5.007270939393012,True,,32.883,80,5.007092549617893
318,73,70,59,51,123.5,0.0,89.95,0.0,12.875,5.0,33.55,39.3,15.707963267948966,55.007963267948966,2,180.0,115,51.317812546510574,0.19649999999999998,4.76514595344064,0.21372017688772052,5.175366130328361,True,,55.008,113,5.1703068363355795
319,73,70,59,51,123.675,0.0,89.6,0.0,28.1,5.0,34.075,70.275,15.707963267948966,85.98296326794897,2,180.0,118,30.683417108975878,0.35137500000000005,4.76514595344064,0.23017854534012158,5.346699498780762,True,,85.983,114,5.339497379753986
320,70,79,51,43,87.5,0.0,54.125,0.0,6.575,5.0,33.375,26.525,15.707963267948966,42.23296326794896,2,180.0,108,46.76439285101783,0.132625,4.76514595344064,0.2075892586224338,5.105360212063074,True,,42.233,108,5.101967556641706
321,70,79,51,43,87.675,0.0,53.95,0.0,6.75,5.0,33.724999999999994,27.224999999999994,15.707963267948966,42.93296326794896,2,180.0,108,49.45839812649543,0.13612499999999997,4.76514595344064,0.2053868154591329,5.1066577688997725,True,,42.933,108,5.103979491505669
322,70,84,51,41,87.85,0.0,45.125,0.0,17.25,5.0,42.724999999999994,57.224999999999994,15.707963267948966,72.93296326794896,2,180.0,138,30.683417108975785,0.28612499999999996,4.76514595344064,0.25761898340132444,5.308889936841965,True,,72.933,138,5.309515211811796
323,93,70,27,51,127.775,150.0,88.725,0.0,42.975,5.0,39.05000000000001,169.05,15.707963267948966,184.75796326794898,2,180.0,184,34.41150866976943,0.8452500000000001,4.76514595344064,0.36848215389456346,5.978878107335203,True,,184.758,184,5.987687979362899
324,111,70,19,51,91.25,150.0,88.375,0.0,55.225,5.0,2.875,142.9832788996569,7.7774161416899545,150.76069504134688,2,89.12262408715102,219,50.20818050044273,0.7149163944982846,2.3593461751605496,0.3889582841666376,3.4632208538254714,True,,150.7607,219,3.46384594183306
325,111,70,19,51,91.425,150.0,88.55,0.0,55.05,5.0,2.875,142.9832788996569,7.7774161416899545,150.76069504134688,2,89.12262408715102,219,47.54584979559903,0.7149163944982846,2.3593461751605496,0.388988037040782,3.463250606699616,True,,150.7607,219,3.463518547836454
326,70,113,51,5,88.025,0.0,27.725,150.0,96.35,5.0,60.300000000000004,190.3,15.707963267948966,206.00796326794898,2,180.0,230,30.683417108975586,0.9515000000000001,4.76514595344064,0.4330059955272347,6.1496519489678745,True,,206.008,230,6.147539229039804
327,70,118,51,9,88.2,0.0,45.025,150.0,96.525,5.0,43.175000000000004,173.175,15.707963267948966,188.88296326794898,2,180.0,237,30.683417108975586,0.8658750000000001,4.76514595344064,0.43997035950687113,6.070991312947511,True,,188.883,237,6.0679558324921485
328,73,71,59,24,124.55,0.0,113.925,150.0,108.075,5.0,10.625,140.625,15.707963267948966,156.33296326794897,2,180.0,133,38.73942459785555,0.703125,4.76514595344064,0.28321432183675543,5.751485275277395,True,,156.333,133,5.7503843216417625
329,73,71,59,24,124.725,0.0,114.1,150.0,108.25,5.0,10.625,140.625,15.707963267948966,156.33296326794897,2,180.0,133,37.81448850601411,0.703125,4.76514595344064,0.2812202611734827,5.749491214614123,True,,156.333,133,5.747586736709809
330,71,86,24,39,113.05,150.0,35.075,0.0,47.35,5.0,77.975,207.975,15.707963267948966,223.68296326794896,2,180.0,243,35.904068583317255,1.0398749999999999,4.76514595344064,0.4562797669217706,6.26130072036241,True,,223.683,243,6.257045034924073
331,71,108,24,13,112.0,150.0,65.125,150.0,141.5,5.0,46.875,43.875,15.707963267948966,59.58296326794897,2,180.0,152,49.45839812649543,0.21937500000000001,4.76514595344064,0.2894940606632727,5.274015014103913,True,,59.583,149,5.265235458937649
332,71,111,24,19,112.175,150.0,92.125,150.0,133.1,5.0,20.049999999999997,33.85000000000001,15.707963267948966,49.55796326794898,2,180.0,75,53.8429917990011,0.16925000000000004,4.76514595344064,0.1492857062584987,5.083681659699138,True,,49.558,70,5.07457471053627
333,93,72,27,57,128.125,150.0,116.425,0.0,42.625,5.0,11.700000000000003,141.7,15.707963267948966,157.40796326794896,2,180.0,114,26.49157020035603,0.7084999999999999,4.76514595344064,0.23008939909870452,5.703735352539344,True,,157.408,114,5.713824794822032
334,72,108,57,13,115.9,0.0,64.075,150.0,104.75,5.0,51.825,181.825,15.707963267948966,197.53296326794896,2,180.0,223,34.41150866976943,0.909125,4.76514595344064,0.4176487924659756,6.0919197459066154,True,,197.533,223,6.0877235943118215
335,72,108,57,13,116.075,0.0,64.25,150.0,104.925,5.0,51.825,181.825,15.707963267948966,197.53296326794896,2,180.0,223,30.683417108975878,0.909125,4.76514595344064,0.41943449872447436,6.093705452165114,True,,197.533,223,6.090164060468279
336,72,108,57,13,116.25,0.0,64.425,150.0,105.1,5.0,51.825,181.82500000000002,15.707963267948966,197.532963267949,2,180.0,223,26.491570200356207,0.9091250000000001,4.76514595344064,0.421577408044232,6.095848361484872,True,,197.533,223,6.093586736709808
337,72,113,57,5,115.375,0.0,28.075,150.0,104.05,5.0,87.3,217.3,15.707963267948966,233.00796326794898,2,180.0,226,41.040259062778546,1.0865,4.76514595344064,0.425684597057864,6.277330550498504,True,,233.008,226,6.2698307622540135
338,72,116,57,1,114.85,0.0,10.25,150.0,103.525,5.0,104.6,234.6,15.707963267948966,250.30796326794896,2,180.0,258,30.767700916511686,1.173,4.76514595344064,0.4877083263095186,6.425854279750158,True,,250.308,258,6.423235508104344
339,72,116,57,1,115.025,0.0,10.425,150.0,103.7,5.0,104.60000000000001,234.60000000000002,15.707963267948966,250.307963267949,2,180.0,258,34.48763434847013,1.173,4.76514595344064,0.4836607554251924,6.421806708865832,True,,250.308,258,6.420527237985333
340,72,116,57,1,115.2,0.0,10.6,150.0,103.875,5.0,104.60000000000001,234.60000000000002,15.707963267948966,250.307963267949,2,180.0,258,37.88467019869185,1.173,4.76514595344064,0.4784821819898169,6.416628135430456,True,,250.308,258,6.416003396352661
341,61,73,29,59,136.425,150.0,125.425,0.0,38.775,5.0,11.000000000000014,141.0,15.707963267948966,156.70796326794897,2,180.0,76,34.41150866976943,0.705,4.76514595344064,0.1746726902891566,5.6448186437297965,True,,156.708,76,5.6443724499921215
342,73,99,59,25,124.9,0.0,118.25,150.0,108.425,5.0,6.650000000000006,140.57781872388352,12.291910966930889,152.8697296908144,2,140.8549241111422,126,39.895267844395924,0.7028890936194176,3.72885706472443,0.26479164559522617,4.696537803939074,True,,152.8697,126,4.695198495195958
343,73,99,59,25,125.075,0.0,118.425,150.0,108.6,5.0,6.650000000000006,140.57781872388352,12.291910966930889,152.8697296908144,2,140.8549241111422,126,36.65755694672504,0.7028890936194176,3.72885706472443,0.2585119067687089,4.690258065112556,True,,152.8697,126,4.689900854073497
344,73,99,59,25,125.25,0.0,118.6,150.0,108.775,5.0,6.650000000000006,140.57781872388352,12.291910966930889,152.8697296908144,2,140.8549241111422,126,33.15248379692644,0.7028890936194176,3.72885706472443,0.252291757976243,4.684037916320091,True,,152.8697,126,4.683978205927222
345,73,108,59,13,124.2,0.0,64.6,150.0,107.55,5.0,59.60000000000001,189.60000000000002,15.707963267948966,205.307963267949,2,180.0,218,31.78833061705162,0.9480000000000002,4.76514595344064,0.4091964476360643,6.122342401076704,True,,205.308,218,6.1215688133424235
346,73,111,59,19,124.375,0.0,91.6,150.0,107.725,5.0,32.775000000000006,162.775,15.707963267948966,178.48296326794897,2,180.0,187,35.412638111059486,0.813875,4.76514595344064,0.3705357764966332,5.949556729937274,True,,178.483,187,5.9475926619989075
347,73,113,59,5,123.85,0.0,28.25,150.0,107.2,5.0,95.6,225.60000000000002,15.707963267948966,241.307963267949,2,180.0,230,23.073918065630764,1.1280000000000001,4.76514595344064,0.4220238416326704,6.31516979507331,True,,241.308,230,6.3183842724750665
348,73,117,59,7,124.025,0.0,36.725,150.0,107.375,5.0,87.30000000000001,217.3,15.707963267948966,233.00796326794898,2,180.0,232,27.748478700653397,1.0865,4.76514595344064,0.428154787993211,6.279800741433851,True,,233.008,232,6.278253326114526
349,74,76,55,47,106.375,0.0,72.125,0.0,23.9,5.0,34.25,62.05,15.707963267948966,77.75796326794897,2,180.0,113,37.81448850601411,0.31024999999999997,4.76514595344064,0.23967257790814028,5.31506853134878,True,,77.758,111,5.309622393801613
350,74,76,55,47,106.55,0.0,71.95,0.0,24.075,5.0,34.599999999999994,62.75,15.707963267948966,78.45796326794897,2,180.0,113,37.81448850601413,0.31375000000000003,4.76514595344064,0.23297615836732907,5.311872111807968,True,,78.458,111,5.30589028204993
351,74,77,55,49,106.025,0.0,81.125,0.0,10.95,5.0,24.900000000000006,26.800000000000004,15.707963267948966,42.507963267948966,2,180.0,85,46.764392851017824,0.13400000000000004,4.76514595344064,0.17297621455783707,5.072122167998478,True,,42.508,83,5.06494968946483
352,74,77,55,49,106.2,0.0,80.775,0.0,23.55,5.0,25.424999999999997,52.52499999999999,15.707963267948966,68.23296326794896,2,180.0,86,30.68341710897586,0.26262499999999994,4.76514595344064,0.19613103064630358,5.223901984086943,True,,68.233,84,5.213693841437678
353,74,78,55,45,106.725,0.0,62.6,0.0,24.25,5.0,44.12499999999999,72.625,15.707963267948966,88.33296326794897,2,180.0,136,34.41150866976943,0.36312500000000003,4.76514595344064,0.26732137037411685,5.395592323814757,True,,88.333,134,5.386158149226807
354,74,78,55,45,105.5,0.0,63.125,0.0,9.025,5.0,42.375,40.425,15.707963267948966,56.132963267948966,2,180.0,144,51.31781254651057,0.202125,4.76514595344064,0.26895828416663886,5.2362292376072785,True,,56.133,140,5.229205720111133
355,74,78,55,45,105.675,0.0,62.95,0.0,9.2,5.0,42.724999999999994,41.125,15.707963267948966,56.83296326794897,2,180.0,144,49.45839812649543,0.205625,4.76514595344064,0.2688391883842983,5.239610141824938,True,,56.833,140,5.232140275026117
356,74,78,55,45,105.85,0.0,62.775,0.0,9.375,5.0,43.074999999999996,41.82499999999999,15.707963267948966,57.53296326794896,2,180.0,144,46.764392851017824,0.20912499999999995,4.76514595344064,0.2692856500679907,5.2435566035086305,True,,57.533,140,5.2351640885635335
357,93,74,27,55,127.95,150.0,108.125,0.0,42.8,5.0,19.825000000000003,149.825,15.707963267948966,165.53296326794896,2,180.0,135,30.683417108975696,0.7491249999999999,4.76514595344064,0.2670536506973246,5.781324604137964,True,,165.533,135,5.791175995332242
358,98,74,23,55,109.6,150.0,107.425,0.0,48.4,5.0,2.174999999999997,143.77349415803695,6.721254849107022,150.49474900714398,2,77.01990717713423,173,47.54584979559903,0.7188674707901848,2.038950550108306,0.31595237292516537,3.0737703938236556,True,,150.4947,173,3.107698848651954
359,98,74,23,55,109.775,150.0,107.6,0.0,48.225,5.0,2.1750000000000114,143.77349415803695,6.721254849107038,150.49474900714398,2,77.01990717713446,173,44.76508467132824,0.7188674707901848,2.0389505501083103,0.31976194891158977,3.0775799698100847,True,,150.4947,173,3.1096631564410897
360,98,74,23,55,109.95,150.0,107.775,0.0,48.05,5.0,2.174999999999997,143.77349415803695,6.721254849107014,150.49474900714398,2,77.01990717713423,173,41.840901071389034,0.7188674707901848,2.038950550108303,0.32205359450681575,3.0798716154053034,True,,150.4947,173,3.123145254145138
361,74,113,55,5,106.9,0.0,27.9,150.0,101.075,5.0,79.0,209.0,15.707963267948966,224.70796326794897,2,180.0,222,34.41150866976943,1.045,4.76514595344064,0.39642850319723894,6.206574456637878,True,,224.708,222,6.205622295468222
362,74,118,55,9,107.075,0.0,45.2,150.0,101.25,5.0,61.875,191.875,15.707963267948966,207.58296326794897,2,180.0,227,30.683417108975878,0.959375,4.76514595344064,0.4057441028061529,6.130265056246793,True,,207.583,227,6.132437845910442
363,76,80,47,35,69.5,0.0,17.075,0.0,11.3,5.0,52.425,55.02499999999999,15.707963267948966,70.73296326794896,2,180.0,156,46.76439285101785,0.27512499999999995,4.76514595344064,0.28806538889450783,5.328336342335148,True,,70.733,156,5.326997393801613
364,76,80,47,35,69.675,0.0,16.9,0.0,11.475,5.0,52.775,55.725,15.707963267948966,71.43296326794896,2,180.0,156,43.945519562308874,0.278625,4.76514595344064,0.2914582841666384,5.335229237607278,True,,71.433,156,5.333533057917231
365,76,80,47,35,69.85,0.0,16.725,0.0,11.65,5.0,53.12499999999999,56.42499999999999,15.707963267948966,72.13296326794895,2,180.0,156,40.974630229445374,0.28212499999999996,4.76514595344064,0.29392853129249386,5.341199484733133,True,,72.133,156,5.3400092443798135
366,76,80,47,35,70.025,0.0,16.55,0.0,11.825,5.0,53.47500000000001,57.125000000000014,15.707963267948966,72.83296326794898,2,180.0,156,37.814488506014165,0.2856250000000001,4.76514595344064,0.2945238135374171,5.345294766978057,True,,72.833,156,5.343687845910443
367,93,76,27,47,127.425,150.0,71.075,0.0,43.325,5.0,56.349999999999994,186.34999999999997,15.707963267948966,202.05796326794894,2,180.0,208,26.49157020035603,0.9317499999999999,4.76514595344064,0.40244046615645596,6.099336419597096,True,,202.058,208,6.1101104870329035
368,93,76,27,47,127.6,150.0,71.25,0.0,43.15,5.0,56.349999999999994,186.35,15.707963267948966,202.05796326794896,2,180.0,208,30.683417108975878,0.93175,4.76514595344064,0.4051488486564841,6.102044802097124,True,,202.058,208,6.112283177322059
369,76,108,47,13,70.725,0.0,63.2,150.0,91.975,5.0,7.5249999999999915,140.31112106588176,13.206972033252088,153.51809309913386,2,151.34075153053118,241,34.015333317496975,0.7015556053294089,4.006448720813201,0.4579762145578356,5.1659805407004455,True,,153.5181,241,5.163718710578947
370,76,108,47,13,70.9,0.0,63.375,150.0,92.15,5.0,7.525000000000006,140.31112106588176,13.206972033252102,153.51809309913386,2,151.34075153053135,241,30.24404119507487,0.7015556053294089,4.006448720813205,0.4608928952721294,5.168897221414744,True,,153.5181,241,5.166099670987119
371,76,113,47,5,70.55,0.0,27.375,150.0,91.8,5.0,43.175,173.175,15.707963267948966,188.88296326794898,2,180.0,209,34.41150866976943,0.8658750000000001,4.76514595344064,0.4134822100850714,6.044503163525711,True,,188.883,209,6.040723636454703
372,76,116,47,1,70.2,0.0,8.675,150.0,91.45,5.0,61.525000000000006,191.52500000000003,15.707963267948966,207.232963267949,2,180.0,221,37.81448850601411,0.9576250000000002,4.76514595344064,0.4397918141667497,6.1625627676073895,True,,207.233,221,6.148068918699627
373,76,116,47,1,70.375,0.0,8.85,150.0,91.625,5.0,61.525,191.525,15.707963267948966,207.23296326794897,2,180.0,221,37.81448850601409,0.9576250000000001,4.76514595344064,0.438422704336782,6.161193657777422,True,,207.233,221,6.148485571318666
374,77,81,49,37,78.5,0.0,26.425,0.0,12.875,5.0,52.075,57.825,15.707963267948966,73.53296326794897,2,180.0,162,34.41150866976947,0.289125,4.76514595344064,0.3101189834013234,5.364389936841963,True,,73.533,162,5.364062895077137
375,77,81,49,37,78.675,0.0,26.25,0.0,13.05,5.0,52.425,58.52499999999999,15.707963267948966,74.23296326794896,2,180.0,162,37.81448850601413,0.29262499999999997,4.76514595344064,0.3114582841666381,5.369229237607278,True,,74.233,162,5.368604582815245
376,77,81,49,37,78.85,0.0,26.075,0.0,13.225,5.0,52.77499999999999,59.224999999999994,15.707963267948966,74.93296326794896,2,180.0,162,40.97463022944531,0.29612499999999997,4.76514595344064,0.3111011934863959,5.372372146927035,True,,74.933,162,5.37118193466897
377,77,81,49,37,79.025,0.0,25.9,0.0,13.4,5.0,53.12500000000001,59.925000000000004,15.707963267948966,75.63296326794897,2,180.0,162,43.945519562308846,0.29962500000000003,4.76514595344064,0.3103868997448947,5.375157853185534,True,,75.633,162,5.3736104940567175
378,77,108,49,13,79.375,0.0,63.55,150.0,94.075,5.0,15.825000000000003,145.825,15.707963267948966,161.53296326794896,2,180.0,245,37.81448850601411,0.7291249999999999,4.76514595344064,0.45860119348639494,5.952872146927034,True,,161.533,245,5.950134335689388
379,77,108,49,13,79.55,0.0,63.725,150.0,94.25,5.0,15.824999999999996,145.825,15.707963267948966,161.53296326794896,2,180.0,245,34.41150866976943,0.7291249999999999,4.76514595344064,0.4549404099659472,5.949211363406587,True,,161.533,245,5.946414102611159
380,77,108,49,13,79.725,0.0,63.9,150.0,94.425,5.0,15.824999999999996,145.825,15.707963267948966,161.53296326794896,2,180.0,245,30.683417108975878,0.7291249999999999,4.76514595344064,0.4509524010204184,5.945223354461058,True,,161.533,245,5.941592704141788
381,77,113,49,5,79.2,0.0,27.55,150.0,93.9,5.0,51.650000000000006,181.65,15.707963267948966,197.35796326794897,2,180.0,218,30.683417108975878,0.90825,4.76514595344064,0.40321426564624613,6.076610219086886,True,,197.358,218,6.074646263529538
382,78,80,45,35,60.85,0.0,17.425,0.0,9.2,5.0,43.425,41.825,15.707963267948966,57.53296326794897,2,180.0,132,49.45839812649548,0.209125,4.76514595344064,0.24303563602036385,5.217306589461004,True,,57.533,132,5.216681962764223
383,78,80,45,35,61.025,0.0,17.25,0.0,9.375,5.0,43.775,42.525,15.707963267948966,58.23296326794896,2,180.0,132,46.764392851017824,0.212625,4.76514595344064,0.24574401852039196,5.223514971961031,True,,58.233,132,5.223009272475068
384,78,81,45,37,60.5,0.0,26.775,0.0,8.85,5.0,33.725,31.425000000000004,15.707963267948966,47.132963267948966,2,180.0,108,40.97463022944531,0.15712500000000001,4.76514595344064,0.21994043806120303,5.142211391501842,True,,47.133,108,5.14200333313834
385,78,81,45,37,60.675,0.0,26.6,0.0,9.025,5.0,34.074999999999996,32.12499999999999,15.707963267948966,47.832963267948955,2,180.0,108,43.945519562308846,0.16062499999999996,4.76514595344064,0.21380949170066227,5.139580445141301,True,,47.833,108,5.138717598784587
386,99,78,25,45,117.9,150.0,62.25,0.0,45.6,5.0,55.650000000000006,185.65,15.707963267948966,201.35796326794897,2,180.0,234,30.683417108975878,0.92825,4.76514595344064,0.44901787420068917,6.142413827641329,True,,201.358,234,6.138366496607766
387,99,78,25,45,118.075,150.0,62.425,0.0,45.425,5.0,55.650000000000006,185.65000000000003,15.707963267948966,201.357963267949,2,180.0,234,26.49157020035603,0.9282500000000002,4.76514595344064,0.44574410280615323,6.139140056246793,True,,201.358,234,6.136789088563532
388,101,78,17,45,81.9,150.0,61.725,0.0,58.2,5.0,20.175000000000004,150.175,15.707963267948966,165.88296326794898,2,180.0,241,30.683417108975878,0.7508750000000001,4.76514595344064,0.4390178461054345,5.955038799546074,True,,165.883,241,5.953818890604372
389,101,78,17,45,82.075,150.0,61.9,0.0,58.025,5.0,20.175000000000004,150.17499999999998,15.707963267948966,165.88296326794895,2,180.0,241,26.49157020035603,0.750875,4.76514595344064,0.4406547879932108,5.95667574143385,True,,165.883,241,5.95521766902272
390,78,113,45,5,61.2,0.0,27.2,150.0,88.3,5.0,34.0,164.0,15.707963267948966,179.70796326794897,2,180.0,200,30.683417108975878,0.8200000000000001,4.76514595344064,0.3865476551700879,5.971693608610728,True,,179.708,200,5.966039116658787
391,78,118,45,9,61.375,0.0,44.85,150.0,88.475,5.0,16.525,146.525,15.707963267948966,162.23296326794897,2,180.0,225,26.491570200356207,0.7326250000000001,4.76514595344064,0.44151793039119686,5.9392888838318365,True,,162.233,225,5.937086708614554
392,79,80,43,35,52.025,0.0,18.125,0.0,7.1,5.0,33.9,28.1,15.707963267948966,43.80796326794896,2,180.0,109,49.45839812649548,0.1405,4.76514595344064,0.20386902554420544,5.109514978984845,True,,43.808,109,5.1083544915056684
393,79,80,43,35,52.2,0.0,17.95,0.0,7.275,5.0,34.25,28.800000000000004,15.707963267948966,44.507963267948966,2,180.0,109,46.7643928510178,0.14400000000000002,4.76514595344064,0.2062797107312637,5.115425664171903,True,,44.508,109,5.114473531097501
394,79,80,43,35,52.375,0.0,17.775,0.0,7.45,5.0,34.6,29.5,15.707963267948966,45.20796326794897,2,180.0,109,43.945519562308846,0.1475,4.76514595344064,0.2078273378060982,5.1204732912467374,True,,45.208,109,5.119015190740354
395,79,80,43,35,52.55,0.0,17.6,0.0,7.625,5.0,34.949999999999996,30.199999999999996,15.707963267948966,45.90796326794896,2,180.0,109,40.97463022944531,0.151,4.76514595344064,0.20815473180270425,5.124300685243344,True,,45.908,109,5.123289018325398
396,79,81,43,37,51.675,0.0,27.125,0.0,6.75,5.0,24.549999999999997,18.049999999999997,15.707963267948966,33.757963267948966,2,180.0,79,49.45839812649548,0.09024999999999998,4.76514595344064,0.15345237292516556,5.008848326365806,True,,33.758,79,5.007479428291346
397,79,81,43,37,51.85,0.0,26.95,0.0,6.925,5.0,24.900000000000002,18.750000000000004,15.707963267948966,34.45796326794897,2,180.0,79,52.048079710753555,0.09375000000000001,4.76514595344064,0.15017854534012123,5.009074498780761,True,,34.458,79,5.007884202236932
398,79,86,43,39,51.5,0.0,36.125,0.0,6.575,5.0,15.375,8.525,15.707963267948966,24.232963267948968,2,180.0,48,46.76439285101783,0.042625,4.76514595344064,0.10336305811222365,4.911134011552863,True,,24.233,48,4.909854428291347
399,108,79,13,43,62.675,150.0,52.725,0.0,64.85,5.0,9.949999999999996,140.00012500078125,15.65796305961329,155.65808806039453,2,179.4270398175181,238,34.412775965260096,0.7000006250039063,4.749977959579329,0.4451190957823391,5.895097680365575,True,,155.6581,238,5.906228770709903
400,108,79,13,43,62.85,150.0,52.9,0.0,64.675,5.0,9.950000000000003,140.00012500078125,15.657963059613298,155.65808806039456,2,179.4270398175182,238,30.684820587933505,0.7000006250039063,4.749977959579332,0.44306550127552324,5.893044085858762,True,,155.6581,238,5.903609731118073
401,109,79,15,43,73.425,150.0,53.075,0.0,61.175,5.0,20.349999999999994,150.35,15.707963267948966,166.05796326794896,2,180.0,242,30.683417108975696,0.75175,4.76514595344064,0.4419047458503296,5.95880069929097,True,,166.058,242,5.955943764175727
402,61,80,29,35,135.375,150.0,16.375,0.0,39.825,5.0,119.0,249.0,15.707963267948966,264.70796326794897,2,180.0,240,34.41150866976943,1.245,4.76514595344064,0.4481250913095749,6.458271044750215,True,,264.708,240,6.463449773750591
403,108,80,13,35,62.5,150.0,16.2,0.0,65.025,5.0,46.3,176.3,15.707963267948966,192.00796326794898,2,180.0,168,34.41150866976943,0.8815000000000001,4.76514595344064,0.32020843869053606,5.966854392131176,True,,192.008,168,5.978074836964914
404,113,80,5,35,26.85,150.0,15.675,0.0,71.5,5.0,11.175,141.175,15.707963267948966,156.88296326794898,2,180.0,83,30.683417108975878,0.705875,4.76514595344064,0.15949411685378115,5.630515070294421,True,,156.883,83,5.63435455471999
405,113,80,5,35,27.025,150.0,15.85,0.0,71.325,5.0,11.174999999999999,141.175,15.707963267948966,156.88296326794898,2,180.0,83,26.491570200356207,0.705875,4.76514595344064,0.16023819156468097,5.631259145005321,True,,156.883,83,5.635723580264195
406,117,80,7,35,35.85,150.0,16.025,0.0,69.225,5.0,19.825000000000003,149.825,15.707963267948966,165.53296326794896,2,180.0,105,34.41150866976943,0.7491249999999999,4.76514595344064,0.20092270433678372,5.715193657777424,True,,165.533,105,5.713318820366237
407,62,81,53,37,96.675,0.0,25.725,0.0,20.225,5.0,70.94999999999999,91.4,15.707963267948966,107.10796326794897,2,180.0,193,43.94551956230884,0.457,4.76514595344064,0.34955356641156127,5.571699519852201,True,,107.108,193,5.571997372730172
408,62,81,53,37,96.85,0.0,25.55,0.0,20.4,5.0,71.3,92.1,15.707963267948966,107.80796326794896,2,180.0,193,40.974630229445424,0.46049999999999996,4.76514595344064,0.35229161749997134,5.577937570940611,True,,107.808,193,5.577015190740353
409,62,81,53,37,97.025,0.0,25.375,0.0,20.575,5.0,71.65,92.80000000000001,15.707963267948966,108.50796326794898,2,180.0,193,37.81448850601413,0.4640000000000001,4.76514595344064,0.3559821819898176,5.585128135430458,True,,108.508,193,5.583640253954675
410,62,81,53,37,97.2,0.0,25.2,0.0,20.75,5.0,72.0,93.5,15.707963267948966,109.20796326794897,2,180.0,193,34.41150866976943,0.4675,4.76514595344064,0.35958334738095976,5.5922293008216,True,,109.208,193,5.590652132628129
411,62,84,53,41,96.5,0.0,44.95,0.0,20.05,5.0,51.55,71.64999999999999,15.707963267948966,87.35796326794896,2,180.0,163,43.94551956230885,0.35824999999999996,4.76514595344064,0.3104464335884381,5.4338423870290775,True,,87.358,163,5.432562803767562
412,107,84,11,41,53.5,150.0,43.2,0.0,66.075,5.0,10.299999999999997,140.3,15.707963267948966,156.00796326794898,2,180.0,208,37.81448850601411,0.7015000000000001,4.76514595344064,0.37119042401357516,5.837836377454215,True,,156.008,208,5.839056906573715
413,107,84,11,41,53.675,150.0,43.375,0.0,65.9,5.0,10.299999999999997,140.3,15.707963267948966,156.00796326794898,2,180.0,208,34.41150866976943,0.7015000000000001,4.76514595344064,0.37241068518705767,5.839056638627698,True,,156.008,208,5.840664067492092
414,84,114,41,3,42.675,0.0,19.425,150.0,85.675,5.0,23.249999999999996,153.25,15.707963267948966,168.95796326794897,2,180.0,152,30.683417108975878,0.76625,4.76514595344064,0.27261909578234084,5.804015049222981,True,,168.958,152,5.8042830649410435
415,84,114,41,3,42.85,0.0,19.6,150.0,85.85,5.0,23.25,153.25,15.707963267948966,168.95796326794897,2,180.0,152,34.41150866976947,0.76625,4.76514595344064,0.27616078352044804,5.807556736961088,True,,168.958,152,5.805265246930862
416,86,114,39,3,33.5,0.0,18.9,150.0,83.75,5.0,14.600000000000001,144.6,15.707963267948966,160.30796326794896,2,180.0,126,36.07389274528816,0.723,4.76514595344064,0.23752975287414502,5.725675706314784,True,,160.308,126,5.723414025349212
417,86,114,39,3,33.675,0.0,19.075,150.0,83.925,5.0,14.599999999999998,144.6,15.707963267948966,160.30796326794896,2,180.0,126,34.41150866976947,0.723,4.76514595344064,0.23580360855444346,5.723949561995083,True,,160.308,126,5.722521186267589
418,117,86,7,39,36.025,150.0,34.025,0.0,69.05,5.0,2.0,144.0,6.435011087932843,150.43501108793285,2,73.73979529168804,152,52.77115812492646,0.72,1.9521160396762685,0.2729464616836928,2.945062501359961,True,,150.435,152,2.945241019355673
419,118,86,9,39,44.675,150.0,34.2,0.0,67.125,5.0,10.474999999999994,140.475,15.707963267948966,156.18296326794896,2,180.0,171,30.683417108975878,0.702375,4.76514595344064,0.3141964195408111,5.781717372981451,True,,156.183,171,5.785021165196149
420,84,89,41,33,42.5,0.0,9.125,0.0,5.0,5.0,33.375,23.375,15.707963267948966,39.08296326794897,2,180.0,112,46.76439285101783,0.116875,4.76514595344064,0.21553566411561795,5.097556617556258,True,,39.083,112,5.096515197764167
421,117,89,7,33,35.5,150.0,8.25,0.0,69.575,5.0,27.25,157.25,15.707963267948966,172.95796326794897,2,180.0,110,34.41150866976943,0.78625,4.76514595344064,0.21994049425171128,5.7713364476923505,True,,172.958,110,5.769283093036298
422,117,89,7,33,35.675,150.0,8.425,0.0,69.4,5.0,27.249999999999996,157.25,15.707963267948966,172.95796326794897,2,180.0,110,37.81448850601411,0.78625,4.76514595344064,0.21508931481294208,5.766485268253581,True,,172.958,110,5.763539046420653
423,93,107,27,11,125.5,150.0,55.6,150.0,121.725,5.0,69.9,106.45000000000002,15.707963267948966,122.15796326794899,2,180.0,195,30.683417108975878,0.5322500000000001,4.76514595344064,0.35434526819729567,5.651741221637936,True,,122.158,195,5.644033050893416
424,93,107,27,11,125.675,150.0,55.425,150.0,121.55,5.0,70.25,107.15,15.707963267948966,122.85796326794897,2,180.0,195,34.41150866976943,0.5357500000000001,4.76514595344064,0.36005950574828854,5.660955459188928,True,,122.858,195,5.652592612832214
425,93,107,27,11,125.85,150.0,55.25,150.0,121.375,5.0,70.6,107.85,15.707963267948966,123.55796326794896,2,180.0,195,37.81448850601411,0.53925,4.76514595344064,0.36187496488093185,5.666270918321572,True,,123.558,195,5.659217591760774
426,93,107,27,11,126.025,150.0,55.075,150.0,121.2,5.0,70.95,108.55,15.707963267948966,124.25796326794897,2,180.0,195,40.974630229445246,0.54275,4.76514595344064,0.36098212579930944,5.668878079239949,True,,124.258,195,5.6649795125771085
427,93,107,27,11,126.2,150.0,54.9,150.0,121.025,5.0,71.30000000000001,109.25,15.707963267948966,124.95796326794897,2,180.0,195,43.94551956230872,0.54625,4.76514595344064,0.36169639144555643,5.673092344886196,True,,124.958,195,5.6705926128322135
428,93,107,27,11,126.375,150.0,54.725,150.0,120.85,5.0,71.65,109.95000000000002,15.707963267948966,125.65796326794899,2,180.0,195,43.978534433815476,0.5497500000000001,4.76514595344064,0.3630654731802697,5.67796142662091,True,,125.658,195,5.676116398274377
429,93,107,27,11,126.55,150.0,54.55,150.0,120.675,5.0,72.0,110.65,15.707963267948966,126.35796326794897,2,180.0,195,43.499947645646735,0.55325,4.76514595344064,0.3664582841666379,5.6848542376072775,True,,126.358,195,5.682443736080476
430,93,107,27,11,126.725,150.0,54.375,150.0,120.5,5.0,72.35,111.35,15.707963267948966,127.05796326794896,2,180.0,195,40.974630229445246,0.55675,4.76514595344064,0.3680654169897613,5.689961370430401,True,,127.058,195,5.688354505553296
431,93,107,27,11,126.9,150.0,54.2,150.0,120.325,5.0,72.7,112.05,15.707963267948966,127.75796326794897,2,180.0,195,37.81448850601411,0.56025,4.76514595344064,0.368482069608801,5.69387802304944,True,,127.758,195,5.691675960213175
432,93,107,27,11,127.075,150.0,54.025,150.0,120.15,5.0,73.05000000000001,112.75,15.707963267948966,128.45796326794897,2,180.0,195,34.41150866976943,0.56375,4.76514595344064,0.3677976130272067,5.696693566467847,True,,128.458,195,5.694967661998908
433,93,113,27,5,127.25,150.0,28.775,150.0,119.975,5.0,98.475,138.525,15.707963267948966,154.23296326794897,2,180.0,214,30.68341710897551,0.692625,4.76514595344064,0.3858631143027313,5.843634067743372,True,,154.233,214,5.842473636454703
434,98,74,23,55,110.125,150.0,107.95,0.0,47.875,5.0,2.174999999999997,143.77349415803695,6.721254849107022,150.49474900714398,2,77.01990717713423,173,38.73942459785555,0.7188674707901848,2.038950550108306,0.32345245721092786,3.0812704781094182,True,,150.4947,173,3.123085692206341
435,98,78,23,45,109.425,150.0,62.075,0.0,48.575,5.0,47.349999999999994,177.34999999999997,15.707963267948966,193.05796326794894,2,180.0,236,34.41150866976943,0.8867499999999998,4.76514595344064,0.43035714687074944,6.082253100311389,True,,193.058,236,6.107789116658786
436,98,89,23,33,109.075,150.0,8.6,0.0,48.925,5.0,100.47500000000001,230.47500000000002,15.707963267948966,246.182963267949,2,180.0,257,26.491570200356207,1.1523750000000001,4.76514595344064,0.4723214827551316,6.389842436195772,True,,246.183,257,6.425824829941098
437,98,89,23,33,109.25,150.0,8.775,0.0,48.75,5.0,100.475,230.475,15.707963267948966,246.18296326794896,2,180.0,257,30.683417108975878,1.152375,4.76514595344064,0.4738988627041105,6.391419816144751,True,,246.183,257,6.430289137730227
438,98,101,23,17,107.5,150.0,82.425,150.0,128.375,5.0,25.075000000000003,48.325,15.707963267948966,64.03296326794897,2,180.0,80,37.81448850601433,0.241625,4.76514595344064,0.17336305811222388,5.180134011552863,True,,64.033,78,5.17379500682882
439,98,109,23,15,107.675,150.0,74.125,150.0,128.2,5.0,33.55,57.15000000000002,15.707963267948966,72.85796326794899,2,180.0,107,40.97463022944571,0.2857500000000001,4.76514595344064,0.21675589719384633,5.267651850634486,True,,72.858,105,5.263098552168941
440,98,109,23,15,107.85,150.0,73.95,150.0,128.025,5.0,33.89999999999999,57.84999999999998,15.707963267948966,73.55796326794895,2,180.0,107,43.94551956230889,0.2892499999999999,4.76514595344064,0.21083327714282532,5.265229230583465,True,,73.558,105,5.260050925094107
441,98,113,23,5,108.725,150.0,29.125,150.0,127.15,5.0,79.6,105.29999999999998,15.707963267948966,121.00796326794895,2,180.0,211,34.41150866976943,0.5265,4.76514595344064,0.388898778418349,5.680544731858988,True,,121.008,211,5.679116468512512
442,98,113,23,5,108.9,150.0,28.95,150.0,126.975,5.0,79.95,106.00000000000001,15.707963267948966,121.70796326794898,2,180.0,211,30.683417108975586,0.53,4.76514595344064,0.38583333333333275,5.680979286773972,True,,121.708,211,5.680503396352661
443,98,117,23,7,108.025,150.0,37.425,150.0,127.85,5.0,70.60000000000001,94.90000000000002,15.707963267948966,110.60796326794899,2,180.0,207,46.764392851017625,0.4745000000000001,4.76514595344064,0.3852083544047732,5.624854307845413,True,,110.608,207,5.624348636454704
444,98,117,23,7,108.2,150.0,37.25,150.0,127.675,5.0,70.95,95.59999999999998,15.707963267948987,111.30796326794896,2,180.0,207,43.94551956230872,0.4779999999999999,4.765145953440646,0.38494049425171034,5.628086447692356,True,,111.308,207,5.6281462213866575
445,98,117,23,7,108.375,150.0,37.075,150.0,127.5,5.0,71.3,96.3,15.707963267948966,112.00796326794897,2,180.0,207,40.974630229445246,0.4815,4.76514595344064,0.3859225638605121,5.632568517301151,True,,112.008,207,5.632271200315216
446,99,84,25,41,117.725,150.0,44.775,0.0,46.125,5.0,72.94999999999999,202.95,15.707963267948966,218.65796326794896,2,180.0,246,26.49157020035603,1.01475,4.76514595344064,0.4621429093197568,6.242038862760396,True,,218.658,246,6.239211680519299
447,99,101,25,17,116.5,150.0,83.125,150.0,137.825,5.0,33.375,37.72500000000002,15.707963267948966,53.43296326794899,2,180.0,106,49.45839812649543,0.18862500000000013,4.76514595344064,0.20142855938774842,5.155199512828388,True,,53.433,104,5.154842577713147
448,99,101,25,17,116.675,150.0,82.95,150.0,137.65,5.0,33.724999999999994,38.42499999999998,15.707963267948966,54.13296326794895,2,180.0,106,52.04807971075332,0.1921249999999999,4.76514595344064,0.19595237292516565,5.153223326365805,True,,54.133,104,5.148372358682545
449,99,101,25,17,116.85,150.0,82.775,150.0,137.475,5.0,34.07499999999999,39.125,15.707963267948966,54.83296326794897,2,180.0,106,54.549457360824505,0.195625,4.76514595344064,0.19711307215985097,5.157884025600491,True,,54.833,104,5.1527652539546756
450,99,107,25,11,117.2,150.0,56.125,150.0,124.875,5.0,61.075,91.325,15.707963267948966,107.03296326794897,2,180.0,178,34.41150866976943,0.456625,4.76514595344064,0.34785714687075026,5.56962810031139,True,,107.033,178,5.567634335689388
451,99,107,25,11,117.375,150.0,55.95,150.0,124.7,5.0,61.425,92.02500000000002,15.707963267948944,107.73296326794896,2,180.0,178,34.411508669769525,0.4601250000000001,4.765145953440633,0.3499702471258551,5.575241200566488,True,,107.733,178,5.572860480009091
452,99,107,25,11,117.55,150.0,55.775,150.0,124.525,5.0,61.775,92.725,15.707963267948966,108.43296326794896,2,180.0,178,30.683417108975963,0.46362499999999995,4.76514595344064,0.3458631423979859,5.574634095838626,True,,108.433,178,5.574574773750591
453,99,109,25,15,117.025,150.0,73.775,150.0,125.05,5.0,43.25,73.14999999999998,15.707963267948987,88.85796326794896,2,180.0,129,30.683417108975796,0.3657499999999999,4.765145953440646,0.2554761864625831,5.386372139903229,True,,88.858,128,5.375241461488699
454,61,101,29,17,134.5,150.0,82.25,150.0,118.225,5.0,52.25,95.80000000000001,15.707963267948966,111.50796326794898,2,180.0,155,30.683417108975878,0.4790000000000001,4.76514595344064,0.30252978096939853,5.546675734410038,True,,111.508,155,5.5461700349240735
455,101,84,17,41,81.55,150.0,44.425,0.0,58.725,5.0,37.125,167.125,15.707963267948966,182.83296326794897,2,180.0,239,37.81448850601411,0.8356250000000001,4.76514595344064,0.447619067687085,6.048390021127725,True,,182.833,239,6.045146186267588
456,101,84,17,41,81.725,150.0,44.6,0.0,58.55,5.0,37.12499999999999,167.125,15.707963267948966,182.83296326794897,2,180.0,239,37.81448850601411,0.8356250000000001,4.76514595344064,0.44214290931975636,6.042913862760396,True,,182.833,239,6.03940219584245
457,101,114,17,3,81.375,150.0,20.125,150.0,134.675,5.0,61.25,71.89999999999998,15.707963267948966,87.60796326794895,2,180.0,177,46.764392851017625,0.3594999999999999,4.76514595344064,0.3283630862074775,5.453009039648117,True,,87.608,177,5.452294957662125
458,101,117,17,7,81.025,150.0,37.775,150.0,135.2,5.0,43.25000000000001,52.85000000000003,15.707963267948966,68.55796326794899,2,180.0,139,37.8144885060144,0.26425000000000015,4.76514595344064,0.27122020498297444,5.300616158423614,True,,68.558,139,5.299455699039692
459,101,118,17,9,80.5,150.0,47.125,150.0,144.825,5.0,33.375,23.725000000000023,15.707963267948966,39.43296326794899,2,180.0,112,46.764392851017625,0.11862500000000012,4.76514595344064,0.2155654450850167,5.099336398525656,True,,39.433,112,5.097699724583897
460,101,118,17,9,80.675,150.0,46.95,150.0,144.65,5.0,33.724999999999994,24.424999999999983,15.707963267948966,40.13296326794895,2,180.0,112,43.94551956230895,0.12212499999999991,4.76514595344064,0.21544640549318458,5.102717358933824,True,,40.133,112,5.101527118580503
461,101,118,17,9,80.85,150.0,46.775,150.0,135.55,5.0,34.074999999999996,42.97499999999997,15.707963267948966,58.682963267948935,2,180.0,112,30.683417108975586,0.21487499999999987,4.76514595344064,0.21863091826528705,5.198651871705927,True,,58.683,112,5.197223636454703
462,74,107,55,11,107.25,0.0,53.85,150.0,101.425,5.0,53.4,183.39999999999998,15.707963267948966,199.10796326794895,2,180.0,232,26.491570200356207,0.9169999999999999,4.76514595344064,0.4165774080442321,6.098723361484872,True,,199.108,232,6.100092570689332
463,108,78,13,45,63.025,150.0,61.55,0.0,64.5,5.0,1.4750000000000014,144.77272776679843,5.500469135651395,150.27319690244983,2,63.03073336295935,247,57.656088586766515,0.7238636388339922,1.6686146890383429,0.440565445085015,2.83304377295735,True,,150.2732,247,2.845275984482545
464,111,108,19,13,89.675,150.0,64.775,150.0,131.875,5.0,24.89999999999999,41.14999999999999,15.707963267948966,56.85796326794896,2,180.0,81,37.81448850601433,0.20574999999999996,4.76514595344064,0.1663392445748066,5.137235198015446,True,,56.858,81,5.131908043869604
465,111,108,19,13,89.5,150.0,64.95,150.0,132.05,5.0,24.549999999999997,40.449999999999974,15.707963267948966,56.157963267948944,2,180.0,81,34.41150866976943,0.20224999999999987,4.76514595344064,0.16511901149657812,5.132514964937218,True,,56.158,81,5.128050925094106
466,77,109,49,15,79.9,0.0,73.6,150.0,94.6,5.0,6.300000000000011,140.7096824596788,11.917873060989464,152.62755552066824,2,136.5687654334712,238,34.509551532076294,0.7035484122983939,3.6153894442871612,0.44119053639459116,4.760128392980146,True,,152.6276,238,4.758045352281608
467,109,84,15,41,72.55,150.0,43.55,0.0,62.05,5.0,29.0,159.0,15.707963267948966,174.70796326794897,2,180.0,234,40.97463022944536,0.795,4.76514595344064,0.4294643077891272,5.989610261229767,True,,174.708,234,5.986544999805005
468,109,84,15,41,72.725,150.0,43.725,0.0,61.875,5.0,28.999999999999993,159.0,15.707963267948966,174.70796326794897,2,180.0,234,43.94551956230878,0.795,4.76514595344064,0.42973216794219,5.98987812138283,True,,174.708,234,5.986485465961462
469,109,84,15,41,72.9,150.0,43.9,0.0,61.7,5.0,29.000000000000007,159.0,15.707963267948966,174.70796326794897,2,180.0,234,40.97463022944536,0.795,4.76514595344064,0.42827379948978894,5.988419752930429,True,,174.708,234,5.987824822917285
470,109,84,15,41,73.075,150.0,44.075,0.0,61.525,5.0,29.0,159.0,15.707963267948966,174.70796326794897,2,180.0,234,37.81448850601411,0.795,4.76514595344064,0.4275297809693974,5.987675734410037,True,,174.708,234,5.98612837528122
471,109,84,15,41,73.25,150.0,44.25,0.0,61.35,5.0,29.0,159.0,15.707963267948966,174.70796326794897,2,180.0,234,34.41150866976943,0.795,4.76514595344064,0.4257143218367542,5.9858602752773935,True,,174.708,234,5.985652188818637
472,109,86,15,39,71.85,150.0,34.375,0.0,62.75,5.0,37.474999999999994,167.475,15.707963267948966,183.18296326794896,2,180.0,223,26.49157020035603,0.837375,4.76514595344064,0.4196428812245027,6.022163834665142,True,,183.183,223,6.02296762687984
473,109,86,15,39,72.025,150.0,34.55,0.0,62.575,5.0,37.47500000000001,167.47500000000002,15.707963267948966,183.182963267949,2,180.0,223,30.683417108975696,0.8373750000000001,4.76514595344064,0.417440466156456,6.019961419597095,True,,183.183,223,6.017402181794823
474,109,86,15,39,72.2,150.0,34.725,0.0,62.4,5.0,37.475,167.475,15.707963267948966,183.18296326794896,2,180.0,223,34.41150866976943,0.837375,4.76514595344064,0.41508925862243257,6.017610212063072,True,,183.183,223,6.013771263529537
475,109,86,15,39,72.375,150.0,34.9,0.0,62.225,5.0,37.475,167.475,15.707963267948966,183.18296326794896,2,180.0,223,37.81448850601411,0.837375,4.76514595344064,0.4123809042176587,6.014901857658298,True,,183.183,223,6.011747421896866
476,109,117,15,7,71.5,150.0,38.125,150.0,137.825,5.0,33.375,37.72500000000002,15.707963267948966,53.43296326794899,2,180.0,112,43.94551956230895,0.18862500000000013,4.76514595344064,0.22529761302720797,5.179068566467848,True,,53.433,112,5.178324731607711
477,109,117,15,7,71.675,150.0,37.95,150.0,137.65,5.0,33.724999999999994,38.42499999999998,15.707963267948966,54.13296326794895,2,180.0,112,46.764392851017625,0.1921249999999999,4.76514595344064,0.22041665261904003,5.1776876060596795,True,,54.133,112,5.176497393801613
478,111,77,19,49,90.725,150.0,80.075,0.0,55.75,5.0,10.649999999999991,140.64999999999998,15.707963267948966,156.35796326794895,2,180.0,224,40.9746302294453,0.7032499999999999,4.76514595344064,0.410089202431924,5.878485155872563,True,,156.358,224,5.876491447441071
479,111,77,19,49,90.9,150.0,80.25,0.0,55.575,5.0,10.650000000000006,140.65,15.707963267948966,156.35796326794897,2,180.0,224,37.81448850601428,0.70325,4.76514595344064,0.41595228863940176,5.8843482420800415,True,,156.358,224,5.882354533648548
480,111,77,19,49,91.075,150.0,80.425,0.0,55.4,5.0,10.650000000000006,140.65,15.707963267948966,156.35796326794897,2,180.0,224,34.41150866976943,0.70325,4.76514595344064,0.42020829821426425,5.888604251654904,True,,156.358,224,5.886431913597527
481,111,79,19,43,90.55,150.0,53.25,0.0,55.925,5.0,37.3,167.3,15.707963267948966,183.00796326794898,2,180.0,252,37.81448850601428,0.8365,4.76514595344064,0.46538681545913096,6.067032768899771,True,,183.008,252,6.063402146675756
482,111,81,19,37,90.025,150.0,24.675,0.0,56.45,5.0,65.35000000000001,195.35000000000002,15.707963267948966,211.057963267949,2,180.0,236,26.49157020035603,0.9767500000000001,4.76514595344064,0.432500056190507,6.174396009631147,True,,211.058,236,6.172759251403626
483,111,81,19,37,90.2,150.0,24.85,0.0,56.275,5.0,65.35,195.35,15.707963267948966,211.05796326794896,2,180.0,236,30.683417108975878,0.97675,4.76514595344064,0.42779769731296863,6.169693650753608,True,,211.058,236,6.167670020876447
484,111,81,19,37,90.375,150.0,25.025,0.0,56.1,5.0,65.35,195.35,15.707963267948966,211.05796326794896,2,180.0,236,34.41150866976943,0.97675,4.76514595344064,0.430059561938796,6.171955515379436,True,,211.058,236,6.166926002356055
485,111,114,19,3,89.85,150.0,19.95,150.0,131.525,5.0,69.89999999999999,86.84999999999998,15.707963267948966,102.55796326794895,2,180.0,195,43.94551956230895,0.4342499999999999,4.76514595344064,0.3523511513435148,5.5517471047841545,True,,102.558,195,5.550259223308372
486,113,89,5,33,26.5,150.0,7.9,0.0,71.85,5.0,18.6,148.6,15.707963267948966,164.30796326794896,2,180.0,84,30.773158606260985,0.743,4.76514595344064,0.17586305811222386,5.684009011552864,True,,164.308,84,5.675705670944438
487,113,89,5,33,26.675,150.0,8.075,0.0,71.675,5.0,18.6,148.60000000000002,15.707963267948966,164.307963267949,2,180.0,84,34.411508669769454,0.7430000000000001,4.76514595344064,0.17613094636054097,5.684276899801181,True,,164.308,84,5.672402146675757
488,86,114,39,3,33.85,0.0,19.25,150.0,84.1,5.0,14.600000000000001,144.6,15.707963267948966,160.30796326794896,2,180.0,126,30.683417108975878,0.723,4.76514595344064,0.23663694188777679,5.724782895328416,True,,160.308,126,5.72308665944786
489,114,89,3,33,17.5,150.0,6.5,0.0,74.3,5.0,11.0,141.0,15.707963267948966,156.70796326794897,2,180.0,60,51.317812546510545,0.705,4.76514595344064,0.12175595338435427,5.591901906824994,True,,156.708,60,5.5892830508934175
490,114,89,3,33,17.675,150.0,6.675,0.0,74.125,5.0,11.0,141.0,15.707963267948966,156.70796326794897,2,180.0,60,53.84299179900112,0.705,4.76514595344064,0.12157743613948722,5.591723389580127,True,,156.708,60,5.590086631352605
491,114,89,3,33,17.85,150.0,6.85,0.0,73.95,5.0,11.000000000000002,141.0,15.707963267948966,156.70796326794897,2,180.0,60,56.28928521857405,0.705,4.76514595344064,0.12309531034017727,5.593241263780817,True,,156.708,60,5.59065213262813
492,114,89,3,33,18.025,150.0,7.025,0.0,73.775,5.0,10.999999999999998,141.0,15.707963267948966,156.70796326794897,2,180.0,60,58.667748502405686,0.705,4.76514595344064,0.12386908173471331,5.594015035175353,True,,156.708,60,5.590741391250564
493,114,89,3,33,18.2,150.0,7.2,0.0,73.6,5.0,11.0,141.0,15.707963267948966,156.70796326794897,2,180.0,60,60.98752759110243,0.705,4.76514595344064,0.12374998595237288,5.593895939393013,True,,156.708,60,5.591723545145127
494,114,89,3,33,18.375,150.0,7.375,0.0,73.425,5.0,11.0,141.0,15.707963267948966,156.70796326794897,2,180.0,60,61.64064997184252,0.705,4.76514595344064,0.12267851724486695,5.592824470685507,True,,156.708,60,5.59068185740702
495,114,89,3,33,18.55,150.0,7.55,0.0,73.25,5.0,11.0,141.0,15.707963267948966,156.70796326794897,2,180.0,60,59.33617025761407,0.705,4.76514595344064,0.12098204151354748,5.591127994954188,True,,156.708,60,5.588241335060055
496,114,89,3,33,18.725,150.0,7.725,0.0,73.075,5.0,11.000000000000002,141.0,15.707963267948966,156.70796326794897,2,180.0,60,56.97533636833422,0.705,4.76514595344064,0.12083324904757081,5.590979202488211,True,,156.708,60,5.58666398320633
497,62,116,53,1,97.9,0.0,9.55,150.0,98.45,5.0,88.35000000000001,218.35000000000002,15.707963267948966,234.057963267949,2,180.0,256,35.90406858331696,1.0917500000000002,4.76514595344064,0.4991369699830291,6.356032923423669,True,,234.058,256,6.352670133257462
498,62,116,53,1,98.075,0.0,9.725,150.0,98.625,5.0,88.35000000000001,218.35000000000002,15.707963267948966,234.057963267949,2,180.0,256,32.3280641221621,1.0917500000000002,4.76514595344064,0.49755950574828767,6.3544554591889275,True,,234.058,256,6.350229554719988
499,62,116,53,1,98.25,0.0,9.9,150.0,98.8,5.0,88.35,218.34999999999997,15.707963267948966,234.05796326794894,2,180.0,256,28.357636576327877,1.0917499999999998,4.76514595344064,0.49145834035714553,6.348354293797786,True,,234.058,256,6.34540810006011
500,62,116,53,1,98.425,0.0,10.075,150.0,98.975,5.0,88.35,218.35,15.707963267948966,234.05796326794896,2,180.0,256,23.794272950536584,1.09175,4.76514595344064,0.48726192081633446,6.344157874256974,True,,234.058,256,6.341717619856025
501,80,116,35,1,15.5,0.0,8.5,150.0,82.0,5.0,7.0,140.46060798583053,12.661036727794997,153.12164471362553,2,145.08479375255584,64,35.41263811105964,0.7023030399291527,3.840834543643119,0.1538393569558231,4.696976940528095,True,,153.1216,64,4.69623267034432
502,72,117,57,7,115.55,0.0,36.375,150.0,104.4,5.0,79.175,209.17499999999998,15.707963267948966,224.88296326794895,2,180.0,233,40.974630229445246,1.0458749999999999,4.76514595344064,0.4372917298809872,6.248312683321626,True,,224.883,233,6.246497464039748
503,72,117,57,7,115.725,0.0,36.55,150.0,104.575,5.0,79.175,209.175,15.707963267948966,224.88296326794898,2,180.0,233,37.81448850601411,1.045875,4.76514595344064,0.4368452401020406,6.24786619354268,True,,224.883,233,6.244205790349268
504,84,117,41,7,43.025,0.0,36.2,150.0,86.025,5.0,6.824999999999996,140.51741728219574,12.477044197570951,152.9944614797667,2,142.9763946638016,173,45.17045594982263,0.7025870864109787,3.785018824831924,0.32074401852039147,4.808349929763295,True,,152.9945,173,4.804094197075359
505,98,117,23,7,108.55,150.0,36.9,150.0,127.325,5.0,71.65,97.00000000000003,15.707963267948944,112.70796326794897,2,180.0,207,37.81448850601411,0.48500000000000015,4.765145953440633,0.38749988761898274,5.637645841059616,True,,112.708,207,5.6356521888186375
506,101,117,17,7,81.2,150.0,37.6,150.0,135.025,5.0,43.6,53.54999999999999,15.707963267948966,69.25796326794895,2,180.0,139,40.974630229445246,0.26774999999999993,4.76514595344064,0.2693749648809325,5.302270918321573,True,,69.258,139,5.301229498529482
507,71,118,24,9,112.35,150.0,46.6,150.0,126.275,5.0,65.75,93.19999999999999,15.707963267948966,108.90796326794896,2,180.0,197,30.683417108975586,0.46599999999999997,4.76514595344064,0.39220247125855473,5.623348424699195,True,,108.908,197,5.621265317168998
508,71,118,24,9,112.525,150.0,46.425,150.0,126.1,5.0,66.10000000000001,93.90000000000002,15.707963267948966,109.60796326794899,2,180.0,197,34.41150866976943,0.4695000000000001,4.76514595344064,0.3949404942517108,5.6295864476923505,True,,109.608,197,5.626312916148578
509,71,118,24,9,112.7,150.0,46.25,150.0,125.925,5.0,66.45,94.59999999999998,15.707963267948987,110.30796326794896,2,180.0,197,34.411508669769475,0.4729999999999999,4.765145953440646,0.39002975287414443,5.62817570631479,True,,110.308,197,5.625765317168997
510,71,118,24,9,112.875,150.0,46.075,150.0,125.75,5.0,66.8,95.3,15.707963267948966,111.00796326794897,2,180.0,197,30.683417108975796,0.4765,4.76514595344064,0.3827678320578087,5.624413785498448,True,,111.008,197,5.6234915176792075
511,118,81,9,37,44.5,150.0,24.5,0.0,67.3,5.0,20.0,150.0,15.707963267948966,165.70796326794897,2,180.0,154,30.683417108975878,0.75,4.76514595344064,0.29508934290819605,5.810235296348836,True,,165.708,154,5.813896179243777
