route_id,port1,port2,index1,index2,geometry,alpha_deg,t0_fraction,sx_mm,sy_mm,lx_mm,ly_mm,track_y_mm,radius_mm,dx_mm,straight_length_mm,arc_length_mm,total_length_mm,bend_count,bend_total_deg,crossing_count,min_crossing_angle_deg,straight_loss_db,bend_loss_db,crossing_loss_db,total_loss_db,geometry_valid,geometry_issue_kinds
0,8,1,28,58,freeform,-5.0,1.0,132.1,150.0,121.1,0.0,0.0,6.0,11.0,149.43240774218933,1.0471975511965983,150.47960529338593,2,10.0,94,9.999999999999993,0.7471620387109467,0.2115234854655815,0.39113094636054074,1.349816470537069,True,
1,8,1,28,58,freeform,-5.0,1.0,132.275,150.0,121.275,0.0,0.0,6.0,11.0,149.43240774218933,1.0471975511965983,150.47960529338593,2,10.0,94,9.999999999999993,0.7471620387109467,0.2115234854655815,0.4092856781632446,1.3679712023397728,True,
2,9,1,30,58,freeform,-10.0,1.0,141.1,150.0,121.45,0.0,0.0,6.0,19.64999999999999,149.61942431366222,2.094395102393195,151.71381941605543,2,20.0,82,7.269887553247479,0.7480971215683111,0.42304697093116267,0.37101227200701264,1.5421563645064864,True,
3,9,1,30,58,freeform,-10.0,1.0,141.275,150.0,121.625,0.0,0.0,6.0,19.650000000000006,149.61942431366222,2.094395102393195,151.71381941605543,2,20.0,82,4.999999999999971,0.7480971215683111,0.42304697093116267,0.37687530202398223,1.5480193945234562,True,
4,1,26,58,4,freeform,45.0,0.5,119.875,0.0,23.75,150.0,0.0,6.0,96.125,179.87515318615948,9.424777960769383,189.29993114692886,2,90.0,245,8.23535723800098,0.8993757659307974,1.9037113691902332,0.9896141397795103,3.7927012749005407,True,
5,1,26,58,4,freeform,45.0,0.5,120.05,0.0,23.925,150.0,0.0,6.0,96.125,179.87515318615948,9.424777960769383,189.29993114692886,2,90.0,245,10.000000000000005,0.8993757659307974,1.9037113691902332,0.9957748109189415,3.798861946039972,True,
6,1,26,58,4,freeform,45.0,0.5,120.225,0.0,24.1,150.0,0.0,6.0,96.125,179.87515318615948,9.424777960769383,189.29993114692886,2,90.0,245,9.999999999999998,0.8993757659307974,1.9037113691902332,0.9849117809019722,3.7879989160230028,True,
7,1,26,58,4,freeform,45.0,0.5,120.4,0.0,24.275,150.0,0.0,6.0,96.125,179.87515318615948,9.424777960769383,189.29993114692886,2,90.0,245,10.000000000000032,0.8993757659307974,1.9037113691902332,0.9799117528067177,3.7829988879277483,True,
8,1,26,58,4,freeform,45.0,0.5,120.575,0.0,24.45,150.0,0.0,6.0,96.125,179.87515318615948,9.424777960769383,189.29993114692886,2,90.0,245,10.000000000000021,0.8993757659307974,1.9037113691902332,0.9723224660890301,3.7754096012100606,True,
9,1,54,58,34,u,0.0,0.5,119.7,0.0,13.275,0.0,28.1,6.0,106.425,138.625,18.84955592153876,157.47455592153875,2,180.0,252,19.267053751502235,0.693125,3.807422738380465,0.6328278716159276,5.133375609996393,True,
10,1,58,58,40,u,0.0,0.5,119.175,0.0,39.4,0.0,27.575,6.0,79.775,110.92500000000001,18.84955592153876,129.77455592153876,2,180.0,220,10.0,0.554625,3.807422738380465,0.4995835440477386,4.8616312824282035,True,
11,1,58,58,40,u,0.0,0.5,119.35,0.0,39.225,0.0,27.75,6.0,80.125,111.625,18.84955592153876,130.47455592153875,2,180.0,220,10.0,0.558125,3.807422738380465,0.5002084948810437,4.865756233261509,True,
12,1,58,58,40,u,0.0,0.5,119.525,0.0,39.05,0.0,27.925,6.0,80.47500000000001,112.325,18.84955592153876,131.17455592153877,2,180.0,220,10.0,0.561625,3.807422738380465,0.5030954508164471,4.872143189196913,True,
13,2,11,20,52,freeform,-5.0,0.5,96.1,150.0,93.225,0.0,0.0,6.0,2.875,149.07766258105767,1.0471975511965983,150.12486013225427,2,10.0,213,19.999999999999986,0.7453883129052884,0.2115234854655815,0.6222623984356574,1.5791741968065274,True,
14,2,11,20,52,freeform,-5.0,0.5,96.275,150.0,93.4,0.0,0.0,6.0,2.875,149.07766258105767,1.0471975511965983,150.12486013225427,2,10.0,213,19.999999999999986,0.7453883129052884,0.2115234854655815,0.6209230976703427,1.5778348960412125,True,
15,2,11,20,52,freeform,-5.0,0.5,96.45,150.0,93.575,0.0,0.0,6.0,2.875,149.07766258105767,1.0471975511965983,150.12486013225427,2,10.0,213,19.999999999999986,0.7453883129052884,0.2115234854655815,0.6208635638267995,1.5777753621976696,True,
16,2,11,20,52,freeform,-5.0,0.5,96.625,150.0,93.75,0.0,0.0,6.0,2.875,149.07766258105767,1.0471975511965983,150.12486013225427,2,10.0,213,19.999999999999986,0.7453883129052884,0.2115234854655815,0.6195242630614849,1.576436061432355,True,
17,2,56,20,36,freeform,-30.0,0.0,94.875,150.0,20.525,0.0,0.0,6.0,74.35,163.491241838907,6.283185307179586,169.7744271460866,2,59.99999999999999,246,9.999999999999991,0.817456209194535,1.2691409127934883,0.7751796410550358,2.8617767630430593,True,
18,2,56,20,36,freeform,-30.0,0.0,95.05,150.0,20.7,0.0,0.0,6.0,74.35,163.491241838907,6.283185307179586,169.7744271460866,2,59.99999999999999,246,9.999999999999991,0.817456209194535,1.2691409127934883,0.765209365833926,2.8518064878219493,True,
19,2,56,20,36,freeform,-30.0,0.0,95.225,150.0,20.875,0.0,0.0,6.0,74.35,163.491241838907,6.283185307179586,169.7744271460866,2,59.99999999999999,246,9.999999999999991,0.817456209194535,1.2691409127934883,0.7638105312250681,2.8504076532130918,True,
20,6,8,62,28,freeform,5.0,0.5,139.1,0.0,132.45,150.0,0.0,6.0,6.650000000000006,149.2424826405373,1.0471975511965983,150.2896801917339,2,10.0,54,9.999999999999998,0.7462124132026865,0.2115234854655815,0.23767879819740845,1.1954146968656765,True,
21,6,8,62,28,freeform,5.0,0.5,139.275,0.0,132.625,150.0,0.0,6.0,6.650000000000006,149.2424826405373,1.0471975511965983,150.2896801917339,2,10.0,54,9.999999999999998,0.7462124132026865,0.2115234854655815,0.24053591697290488,1.198271815641173,True,
22,9,6,30,62,freeform,-5.0,0.5,141.45,150.0,139.45,0.0,0.0,6.0,2.0,149.03945925601272,1.0471975511965983,150.08665680720932,2,10.0,28,5.000000000000004,0.7451972962800636,0.2115234854655815,0.12252992144566936,1.0792507031913146,True,
23,9,6,30,62,freeform,-5.0,0.5,141.625,150.0,139.625,0.0,0.0,6.0,2.0,149.03945925601272,1.0471975511965983,150.08665680720932,2,10.0,28,5.000000000000004,0.7451972962800636,0.2115234854655815,0.12982159513614958,1.0865423768817948,True,
24,6,10,62,18,freeform,20.0,0.0,138.4,0.0,86.4,150.0,0.0,6.0,52.0,154.93715545983702,4.18879020478639,159.1259456646234,2,40.0,214,10.0,0.7746857772991851,0.8460939418623253,0.9511315925513892,2.5719113117129,True,
25,6,10,62,18,freeform,20.0,0.0,138.575,0.0,86.575,150.0,0.0,6.0,51.999999999999986,154.93715545983702,4.18879020478639,159.1259456646234,2,40.0,212,10.000000000000002,0.7746857772991851,0.8460939418623253,0.9283043671263079,2.5490840862878184,True,
26,6,10,62,18,freeform,20.0,0.0,138.75,0.0,86.75,150.0,0.0,6.0,52.0,154.93715545983702,4.18879020478639,159.1259456646234,2,40.0,212,8.046277493143956,0.7746857772991851,0.8460939418623253,0.9246731960037341,2.5454529151652445,True,
27,6,10,62,18,freeform,20.0,0.0,138.925,0.0,86.925,150.0,0.0,6.0,52.000000000000014,154.93715545983702,4.18879020478639,159.1259456646234,2,40.0,210,10.0,0.7746857772991851,0.8460939418623253,0.9089291493880884,2.5297088685495988,True,
28,6,11,62,52,u,0.0,0.5,137.35,0.0,94.45,0.0,18.475,6.0,42.89999999999999,55.849999999999994,18.84955592153876,74.69955592153875,2,180.0,153,20.0,0.27925,3.807422738380465,0.32026797253407924,4.406940710914545,True,
29,6,11,62,52,u,0.0,0.5,137.175,0.0,94.625,0.0,18.3,6.0,42.55000000000001,55.150000000000006,18.84955592153876,73.99955592153876,2,180.0,153,20.0,0.27575000000000005,3.807422738380465,0.31946439207489047,4.402637130455356,True,
30,6,11,62,52,u,0.0,0.5,137.525,0.0,94.275,0.0,32.825,6.0,43.25,84.9,18.84955592153876,103.74955592153876,2,180.0,157,10.400366266510492,0.42450000000000004,3.807422738380465,0.44065504085049934,4.672577779230965,True,
31,6,29,62,2,freeform,45.0,1.0,138.225,0.0,15.45,150.0,0.0,6.0,122.77499999999999,190.91394462340244,9.424777960769383,200.33872258417182,2,90.0,291,13.872102735010479,0.9545697231170123,1.9037113691902332,1.2182454513783547,4.0765265436856,True,
32,6,41,62,50,u,0.0,0.5,137.0,0.0,85.45,0.0,16.375,6.0,51.55,60.3,18.84955592153876,79.14955592153876,2,180.0,181,6.028113625157536,0.3015,3.807422738380465,0.41348223818032637,4.522404976560791,True,
33,6,51,62,48,u,0.0,0.5,137.7,0.0,76.45,0.0,33.0,6.0,61.249999999999986,103.24999999999999,18.84955592153876,122.09955592153875,2,180.0,199,13.872102735011037,0.51625,3.807422738380465,0.5868753582144907,4.910548096594956,True,
34,6,53,62,32,u,0.0,0.5,138.05,0.0,4.1,0.0,33.35,6.0,133.95000000000002,176.65,18.84955592153876,195.49955592153876,2,180.0,293,13.872102735010479,0.8832500000000001,3.807422738380465,0.808809997415239,5.499482735795704,True,
35,6,58,62,40,u,0.0,0.5,137.875,0.0,38.875,0.0,33.175,6.0,99.0,141.35,18.84955592153876,160.19955592153875,2,180.0,249,10.0,0.70675,3.807422738380465,0.6772920951192939,5.191464833499759,True,
36,8,12,28,21,u,0.0,0.5,130.0,150.0,101.125,150.0,140.625,6.0,28.875,23.625,18.84955592153876,42.47455592153876,2,180.0,96,44.90052796068889,0.11812500000000001,3.807422738380465,0.2041073575851569,4.129655095965622,True,
37,8,12,28,21,u,0.0,0.5,130.7,150.0,100.6,150.0,140.1,6.0,30.099999999999994,25.900000000000006,18.84955592153876,44.749555921538764,2,180.0,97,19.666638215041374,0.12950000000000003,3.807422738380465,0.19181565579942247,4.128738394179888,True,
38,8,12,28,21,u,0.0,0.5,130.525,150.0,100.775,150.0,140.275,6.0,29.75,25.19999999999999,18.84955592153876,44.04955592153875,2,180.0,97,13.872102735011566,0.12599999999999995,3.807422738380465,0.202708522976299,4.136131261356764,True,
39,8,12,28,21,u,0.0,0.5,130.175,150.0,100.95,150.0,140.45,6.0,29.22500000000001,24.32500000000003,18.84955592153876,43.17455592153879,2,180.0,96,47.22144229110688,0.12162500000000016,3.807422738380465,0.19913708236404723,4.128184820744512,True,
40,8,16,28,14,u,0.0,0.5,131.05,150.0,69.1,150.0,116.3,6.0,61.95000000000002,105.35000000000002,18.84955592153876,124.19955592153877,2,180.0,201,10.244769745604327,0.5267500000000002,3.807422738380465,0.5420538754593575,4.8762266138398225,True,
41,8,16,28,14,u,0.0,0.5,131.225,150.0,68.925,150.0,116.125,6.0,62.3,106.05,18.84955592153876,124.89955592153876,2,180.0,201,13.872102735011566,0.53025,3.807422738380465,0.5177682534866206,4.855440991867085,True,
42,8,16,28,14,u,0.0,0.5,130.35,150.0,69.625,150.0,117.0,6.0,60.724999999999994,102.725,18.84955592153876,121.57455592153875,2,180.0,196,13.872102735011007,0.513625,3.807422738380465,0.5317860714968029,4.852833809877268,True,
43,8,17,28,16,u,0.0,0.5,130.875,150.0,78.275,150.0,116.475,6.0,52.599999999999994,95.65,18.84955592153876,114.49955592153876,2,180.0,171,10.244769745604328,0.47825000000000006,3.807422738380465,0.450625231785846,4.736297970166311,True,
44,8,53,28,32,freeform,-45.0,1.0,131.4,150.0,3.925,0.0,0.0,6.0,127.47500000000001,192.860748366556,9.42477796076938,202.28552632732539,2,90.0,305,13.87210273501095,0.9643037418327801,1.9037113691902325,1.4430672150860273,4.31108232610904,True,
45,8,56,28,36,freeform,-45.0,0.5,131.575,150.0,22.275,0.0,0.0,6.0,109.29999999999998,185.332416870425,9.424777960769378,194.75719483119437,2,90.0,276,8.13010235415571,0.9266620843521249,1.903711369190232,1.2283939909870436,4.058767444529401,True,
46,8,56,28,36,freeform,-45.0,0.5,131.75,150.0,22.45,0.0,0.0,6.0,109.3,185.332416870425,9.424777960769378,194.75719483119437,2,90.0,274,14.227955348237822,0.9266620843521249,1.903711369190232,1.2106855522965072,4.041059005838864,True,
47,8,56,28,36,freeform,-45.0,0.5,131.925,150.0,22.625,0.0,0.0,6.0,109.30000000000001,185.332416870425,9.424777960769378,194.75719483119437,2,90.0,274,8.130102354154353,0.9266620843521249,1.903711369190232,1.1952987368373746,4.025672190379732,True,
48,9,13,30,22,u,0.0,0.5,139.35,150.0,105.275,150.0,142.55,6.0,34.07499999999999,24.974999999999966,18.84955592153876,43.824555921538725,2,180.0,116,13.872102735010447,0.12487499999999983,3.807422738380465,0.25607166537428505,4.18836940375475,True,
49,9,13,30,22,u,0.0,0.5,139.525,150.0,105.1,150.0,142.375,6.0,34.42500000000001,25.67500000000001,18.84955592153876,44.52455592153877,2,180.0,116,19.666638215041374,0.12837500000000007,3.807422738380465,0.24404782374161368,4.179845562122079,True,
50,9,13,30,22,u,0.0,0.5,139.0,150.0,105.625,150.0,114.2,6.0,33.375,80.975,18.84955592153876,99.82455592153875,2,180.0,118,19.666638215041374,0.404875,3.807422738380465,0.32434543676882066,4.536643175149285,True,
51,9,13,30,22,u,0.0,0.5,139.175,150.0,105.45,150.0,114.025,6.0,33.72500000000001,81.675,18.84955592153876,100.52455592153876,2,180.0,118,13.872102735010447,0.408375,3.807422738380465,0.32904782374161323,4.544845562122079,True,
52,9,17,30,16,u,0.0,0.5,139.7,150.0,78.1,150.0,113.85,6.0,61.599999999999994,109.9,18.84955592153876,128.74955592153876,2,180.0,175,29.999999999999993,0.5495,3.807422738380465,0.45247047188788836,4.809393210268354,True,
53,9,19,30,12,u,0.0,0.5,139.875,150.0,60.275,150.0,113.675,6.0,79.6,128.25,18.84955592153876,147.09955592153875,2,180.0,211,9.999999999999996,0.64125,3.807422738380465,0.5186015025341921,4.967274240914658,True,
54,9,19,30,12,u,0.0,0.5,140.05,150.0,60.1,150.0,113.5,6.0,79.95000000000002,128.95000000000002,18.84955592153876,147.79955592153877,2,180.0,211,9.999999999999996,0.64475,3.807422738380465,0.5207443275681876,4.972917065948653,True,
55,9,19,30,12,u,0.0,0.5,140.225,150.0,59.925,150.0,113.325,6.0,80.3,129.64999999999998,18.84955592153876,148.49955592153873,2,180.0,211,9.999999999999996,0.6482499999999999,3.807422738380465,0.5218753863097447,4.97754812469021,True,
56,9,39,30,56,freeform,-20.0,0.5,140.575,150.0,112.275,0.0,0.0,6.0,28.299999999999983,150.7582060170464,4.18879020478639,154.9469962218328,2,40.0,104,6.4463967772640265,0.7537910300852321,0.8460939418623253,0.40752983715990654,2.007414809107464,True,
57,9,39,30,56,freeform,-20.0,0.5,140.75,150.0,112.45,0.0,0.0,6.0,28.299999999999997,150.7582060170464,4.18879020478639,154.9469962218328,2,40.0,102,9.999999999999998,0.7537910300852321,0.8460939418623253,0.3775595338435433,1.9774445057911008,True,
58,9,39,30,56,freeform,-20.0,0.5,140.925,150.0,112.625,0.0,0.0,6.0,28.30000000000001,150.7582060170464,4.18879020478639,154.9469962218328,2,40.0,102,9.999999999999975,0.7537910300852321,0.8460939418623253,0.39708357214299317,1.9969685440905507,True,
59,9,51,30,48,freeform,-30.0,1.0,140.4,150.0,76.275,0.0,0.0,6.0,64.125,160.7514613462988,6.283185307179586,167.0346466534784,2,59.99999999999999,199,6.4463967772640265,0.803757306731494,1.2691409127934883,0.578869924592338,2.6517681441173204,True,
60,12,10,21,18,u,0.0,0.5,98.675,150.0,87.45,150.0,144.65,5.0,11.224999999999994,1.924999999999983,15.707963267948966,17.63296326794895,2,180.0,32,53.8429917990011,0.009624999999999915,4.76514595344064,0.06735117943876923,4.842122132879409,True,
61,12,10,21,18,u,0.0,0.5,98.5,150.0,87.625,150.0,144.825,5.0,10.875,1.2250000000000227,15.707963267948966,16.93296326794899,2,180.0,32,51.31781254651063,0.006125000000000114,4.76514595344064,0.06857144061225177,4.839842394052892,True,
62,13,10,22,18,u,0.0,0.5,103.175,150.0,87.1,150.0,142.375,6.0,16.075000000000003,7.325000000000003,18.84955592153876,26.17455592153876,2,180.0,50,8.273420726356203,0.03662500000000001,3.807422738380465,0.15252994954092353,3.9965776879213886,True,
63,13,10,22,18,u,0.0,0.5,103.0,150.0,87.275,150.0,142.55,6.0,15.724999999999994,6.624999999999972,18.84955592153876,25.47455592153873,2,180.0,48,14.766970399651349,0.033124999999999856,3.807422738380465,0.1393156557994224,3.9798633941798878,True,
64,10,19,18,12,u,0.0,0.5,85.175,150.0,60.45,150.0,142.375,6.0,24.724999999999994,15.974999999999994,18.84955592153876,34.82455592153875,2,180.0,82,13.872102735011007,0.07987499999999997,3.807422738380465,0.20455373498308665,4.091851473363552,True,
65,10,19,18,12,u,0.0,0.5,85.0,150.0,60.625,150.0,132.225,6.0,24.375,35.92500000000001,18.84955592153876,54.77455592153877,2,180.0,90,13.113112191294366,0.17962500000000006,3.807422738380465,0.25145850892867183,4.238506247309137,True,
66,10,24,18,8,u,0.0,0.5,85.35,150.0,42.625,150.0,132.05,6.0,42.724999999999994,54.62499999999997,18.84955592153876,73.47455592153872,2,180.0,144,10.0,0.27312499999999984,3.807422738380465,0.3197917860714966,4.400339524451962,True,
67,33,10,60,18,freeform,20.0,1.0,130.275,0.0,86.225,150.0,0.0,6.0,44.05000000000001,153.53535596320472,4.18879020478639,157.7241461679911,2,40.0,198,9.999999999999996,0.7676767798160237,0.8460939418623253,0.8724415899666255,2.4862123116449744,True,
68,10,51,18,48,freeform,-10.0,0.5,85.875,150.0,75.75,0.0,0.0,6.0,10.125,148.7860947935778,2.094395102393195,150.880489895971,2,20.0,227,10.000000000000002,0.743930473967889,0.42304697093116267,0.6186315925513868,1.7856090374504385,True,
69,10,51,18,48,freeform,-10.0,0.5,86.05,150.0,75.925,0.0,0.0,6.0,10.125,148.7860947935778,2.094395102393195,150.880489895971,2,20.0,227,10.000000000000002,0.743930473967889,0.42304697093116267,0.6182744456806362,1.785251890579688,True,
70,10,53,18,32,freeform,-30.0,1.0,85.525,150.0,3.225,0.0,0.0,6.0,82.30000000000001,165.62143791873444,6.283185307179586,171.90462322591404,2,59.99999999999999,238,9.999999999999993,0.8281071895936722,1.2691409127934883,0.6938102783677804,2.791058380754941,True,
71,10,58,18,40,freeform,-30.0,0.5,85.7,150.0,38.525,0.0,0.0,6.0,47.175000000000004,156.20972253459126,6.283185307179586,162.49290784177086,2,59.99999999999999,245,6.614487261943308,0.7810486126729563,1.2691409127934883,0.8050306800175345,2.8552202054839793,True,
72,13,11,22,52,freeform,-5.0,0.0,104.05,150.0,93.925,0.0,0.0,6.0,10.125,149.39420441714438,1.0471975511965983,150.44140196834098,2,10.0,205,4.999999999999998,0.746971022085722,0.2115234854655815,0.63500014047627,1.5934946480275736,True,
73,13,11,22,52,freeform,-5.0,0.0,104.225,150.0,94.1,0.0,0.0,6.0,10.125,149.39420441714438,1.0471975511965983,150.44140196834098,2,10.0,205,4.999999999999998,0.746971022085722,0.2115234854655815,0.6357442151871698,1.5942387227384733,True,
74,11,26,52,4,freeform,30.0,0.0,93.05,0.0,23.575,150.0,0.0,6.0,69.475,162.1849895258053,6.283185307179586,168.4681748329849,2,59.99999999999999,249,9.999999999999991,0.8109249476290264,1.2691409127934883,0.9067269309868193,2.986792791409334,True,
75,11,48,52,44,u,0.0,0.5,92.175,0.0,58.275,0.0,19.175,6.0,33.9,48.249999999999986,18.84955592153876,67.09955592153875,2,180.0,123,9.999999999999998,0.24124999999999994,3.807422738380465,0.27187521773821977,4.320547956118685,True,
76,11,51,52,48,u,0.0,0.5,92.0,0.0,76.625,0.0,6.05,6.0,15.375,3.4749999999999996,18.84955592153876,22.32455592153876,2,180.0,48,42.48111287543236,0.017374999999999998,3.807422738380465,0.12068468134362742,3.9454824197240925,True,
77,33,12,60,21,freeform,20.0,0.5,130.45,0.0,100.425,150.0,0.0,6.0,30.02499999999999,151.0623700587685,4.18879020478639,155.25116026355488,2,40.0,159,10.0,0.7553118502938425,0.8460939418623253,0.5648216232314051,2.166227415387573,True,
78,12,48,21,44,freeform,-20.0,0.0,99.9,150.0,57.575,0.0,0.0,6.0,42.325,153.23119192148263,4.188790204786391,157.41998212626902,2,40.0,253,9.999999999999991,0.7661559596074132,0.8460939418623257,0.9308040299832583,2.543053931452997,True,
79,12,48,21,44,freeform,-20.0,0.0,100.075,150.0,57.75,0.0,0.0,6.0,42.325,153.23119192148263,4.188790204786391,157.41998212626902,2,40.0,253,3.1496921564605747,0.7661559596074132,0.8460939418623257,0.9544647292179438,2.5667146306876827,True,
80,12,48,21,44,freeform,-20.0,0.0,100.25,150.0,57.925,0.0,0.0,6.0,42.325,153.23119192148263,4.188790204786391,157.41998212626902,2,40.0,251,8.692451917641309,0.7661559596074132,0.8460939418623257,0.9169647573131977,2.5292146587829367,True,
81,12,53,21,32,freeform,-45.0,0.0,98.85,150.0,3.4,0.0,0.0,6.0,95.44999999999999,179.59555903155763,9.42477796076938,189.020336992327,2,90.0,270,13.872102735011401,0.8979777951577882,1.9037113691902325,1.3159835024667637,4.1176726668147845,True,
82,12,56,21,36,freeform,-30.0,0.0,99.025,150.0,21.75,0.0,0.0,6.0,77.275,164.27499322676806,6.283185307179586,170.55817853394765,2,59.99999999999999,249,9.999999999999991,0.8213749661338403,1.2691409127934883,0.8731261027387278,2.9636419816660564,True,
83,12,56,21,36,freeform,-30.0,0.0,99.2,150.0,21.925,0.0,0.0,6.0,77.275,164.27499322676806,6.283185307179586,170.55817853394765,2,59.99999999999999,249,9.999999999999991,0.8213749661338403,1.2691409127934883,0.8764892170414595,2.967005095968788,True,
84,12,56,21,36,freeform,-30.0,0.0,99.375,150.0,22.1,0.0,0.0,6.0,77.275,164.27499322676806,6.283185307179586,170.55817853394765,2,59.99999999999999,249,9.999999999999991,0.8213749661338403,1.2691409127934883,0.8843463639122102,2.9748622428395386,True,
85,1,13,58,22,freeform,10.0,0.5,120.925,0.0,104.925,150.0,0.0,6.0,16.0,149.3000906917926,2.0943951023931953,151.3944857941858,2,20.0,158,9.999999999999996,0.746500453458963,0.4230469709311627,0.49068451277210234,1.6602319371622283,True,
86,39,13,56,22,freeform,5.0,0.5,111.75,0.0,104.4,150.0,0.0,6.0,7.349999999999994,149.27304530057324,1.0471975511965983,150.32024285176985,2,10.0,172,9.999999999999991,0.7463652265028662,0.2115234854655815,0.7433635919220531,1.701252303890501,True,
87,39,13,56,22,freeform,5.0,0.5,111.925,0.0,104.575,150.0,0.0,6.0,7.349999999999994,149.27304530057324,1.0471975511965983,150.32024285176985,2,10.0,172,9.999999999999991,0.7463652265028662,0.2115234854655815,0.7424112189968878,1.7002999309653355,True,
88,39,13,56,22,freeform,5.0,0.5,112.1,0.0,104.75,150.0,0.0,6.0,7.349999999999994,149.27304530057324,1.0471975511965983,150.32024285176985,2,10.0,172,9.999999999999991,0.7463652265028662,0.2115234854655815,0.7411612049492606,1.6990499169177085,True,
89,13,48,22,44,freeform,-20.0,0.0,103.7,150.0,58.1,0.0,0.0,6.0,45.6,153.80866278330285,4.18879020478639,157.99745298808924,2,40.0,254,8.273420726356203,0.7690433139165143,0.8460939418623253,0.9834234629086483,2.598560718687488,True,
90,13,51,22,48,freeform,-20.0,0.5,103.875,150.0,76.1,0.0,0.0,6.0,27.775000000000006,150.66563435217444,4.18879020478639,154.85442455696082,2,40.0,225,4.999999999999998,0.7533281717608722,0.8460939418623253,0.708452429115675,2.3078745427388725,True,
91,13,53,22,32,freeform,-45.0,1.0,103.35,150.0,3.575,0.0,0.0,6.0,99.77499999999999,181.38703268882125,9.42477796076938,190.81181064959063,2,90.0,291,4.999999999999998,0.9069351634441063,1.9037113691902325,1.196727127653599,4.0073736602879375,True,
92,13,57,22,38,freeform,-30.0,0.0,103.525,150.0,30.225,0.0,0.0,6.0,73.30000000000001,163.20989518685434,6.283185307179586,169.49308049403393,2,59.99999999999999,252,9.502280532281118,0.8160494759342717,1.2691409127934883,0.966459717024603,3.051650105752363,True,
93,14,16,26,14,u,0.0,0.5,121.35,150.0,69.45,150.0,121.725,6.0,51.89999999999999,84.45,18.84955592153876,103.29955592153877,2,180.0,163,13.872102735011007,0.42225,3.807422738380465,0.3850598428913387,4.614732581271804,True,
94,14,16,26,14,u,0.0,0.5,121.525,150.0,69.275,150.0,121.55,6.0,52.25,85.15,18.84955592153876,103.99955592153876,2,180.0,163,19.666638215041246,0.42575,3.807422738380465,0.3818157962756929,4.614988534656158,True,
95,14,17,26,16,u,0.0,0.5,121.0,150.0,78.625,150.0,122.075,6.0,42.375,74.22500000000002,18.849555921538737,93.07455592153876,2,180.0,132,13.080280107770912,0.3711250000000001,3.8074227383804606,0.31401809896272304,4.492565837343184,True,
96,14,17,26,16,u,0.0,0.5,121.175,150.0,78.45,150.0,121.9,6.0,42.724999999999994,74.92499999999998,18.84955592153876,93.77455592153873,2,180.0,132,18.12223459549353,0.37462499999999993,3.807422738380465,0.3063097445579491,4.488357482938414,True,
97,14,18,26,10,u,0.0,0.5,121.7,150.0,51.625,150.0,121.2,6.0,70.075,103.675,18.84955592153876,122.52455592153876,2,180.0,202,9.999999999999996,0.518375,3.807422738380465,0.45767896676893305,4.783476705149398,True,
98,14,18,26,10,u,0.0,0.5,121.875,150.0,51.45,150.0,121.025,6.0,70.425,104.37499999999999,18.84955592153876,123.22455592153875,2,180.0,202,9.999999999999996,0.521875,3.807422738380465,0.45880991312947383,4.788107651509939,True,
99,14,18,26,10,u,0.0,0.5,122.05,150.0,51.275,150.0,120.85,6.0,70.775,105.07500000000002,18.84955592153876,123.92455592153877,2,180.0,202,9.999999999999996,0.5253750000000001,3.807422738380465,0.4614586775001962,4.794256415880661,True,
100,14,18,26,10,u,0.0,0.5,122.225,150.0,51.1,150.0,120.675,6.0,71.125,105.77499999999999,18.84955592153876,124.62455592153876,2,180.0,206,4.449569764722209,0.528875,3.807422738380465,0.5197920389287838,4.856089777309249,True,
101,33,14,60,26,freeform,5.0,0.5,130.625,0.0,123.625,150.0,0.0,6.0,7.0,149.2577639705553,1.047197551196597,150.3049615217519,2,10.0,104,5.000000000000001,0.7462888198527765,0.21152348546558122,0.4338693907825088,1.3916816961008664,True,
102,14,38,26,54,freeform,-10.0,0.5,122.925,150.0,103.1,0.0,0.0,6.0,19.825000000000003,149.6347348297793,2.094395102393195,151.7291299321725,2,20.0,171,9.999999999999986,0.7481736741488965,0.42304697093116267,0.649613353112393,1.8208339981924522,True,
103,14,38,26,54,freeform,-10.0,0.5,123.1,150.0,103.275,0.0,0.0,6.0,19.82499999999999,149.6347348297793,2.094395102393195,151.7291299321725,2,20.0,171,4.449569764722209,0.7481736741488965,0.42304697093116267,0.6527083263095208,1.8239289713895799,True,
104,14,38,26,54,freeform,-10.0,0.5,123.275,150.0,103.45,0.0,0.0,6.0,19.825000000000003,149.6347348297793,2.094395102393195,151.7291299321725,2,20.0,169,9.999999999999986,0.7481736741488965,0.42304697093116267,0.6350895676702298,1.8063102127502888,True,
105,14,53,26,32,freeform,-45.0,1.0,122.4,150.0,3.75,0.0,0.0,6.0,118.65,189.20531367861344,9.42477796076938,198.6300916393828,2,90.0,296,9.999999999999998,0.9460265683930672,1.9037113691902325,1.4016682961914073,4.251406233774707,True,
106,14,58,26,40,freeform,-30.0,1.0,122.575,150.0,38.7,0.0,0.0,6.0,83.875,166.04345789681346,6.283185307179586,172.32664320399306,2,59.99999999999999,341,9.999999999999991,0.8302172894840674,1.2691409127934883,1.205120528640303,3.3044787309178587,True,
107,16,20,14,6,u,0.0,0.5,67.0,150.0,32.575,150.0,138.875,6.0,34.425,32.675,18.84955592153876,51.524555921538756,2,180.0,106,27.952886589134927,0.163375,3.807422738380465,0.22464293741501182,4.195440675795477,True,
108,16,20,14,6,u,0.0,0.5,67.175,150.0,32.4,150.0,138.7,6.0,34.775,33.37500000000002,18.84955592153876,52.22455592153878,2,180.0,106,31.332206707233183,0.1668750000000001,3.807422738380465,0.2301786296258836,4.204476368006349,True,
109,16,20,14,6,u,0.0,0.5,67.35,150.0,32.225,150.0,138.525,6.0,35.12499999999999,34.07499999999998,18.84955592153876,52.92455592153874,2,180.0,106,34.41150866976915,0.17037499999999992,3.807422738380465,0.232261977006844,4.210059715387309,True,
110,16,20,14,6,u,0.0,0.5,67.525,150.0,32.05,150.0,138.35,6.0,35.47500000000001,34.77500000000002,18.84955592153876,53.62455592153878,2,180.0,106,37.26596292649413,0.1738750000000001,3.807422738380465,0.23101185057820034,4.212309588958665,True,
111,33,16,60,14,freeform,30.0,0.0,129.925,0.0,68.575,150.0,0.0,6.0,61.35000000000001,160.00790233730243,6.283185307179586,166.29108764448202,2,59.99999999999999,270,9.999999999999993,0.8000395116865121,1.2691409127934883,0.9427983435038183,3.011978767983819,True,
112,33,16,60,14,freeform,30.0,0.0,130.1,0.0,68.75,150.0,0.0,6.0,61.349999999999994,160.00790233730243,6.283185307179586,166.29108764448202,2,59.99999999999999,270,9.999999999999993,0.8000395116865121,1.2691409127934883,0.9378876583167601,3.0070680827967604,True,
113,16,48,14,44,freeform,-10.0,0.5,68.225,150.0,56.7,0.0,0.0,6.0,11.524999999999991,148.9085789225141,2.094395102393195,151.0029740249073,2,20.0,247,9.999999999999996,0.7445428946125705,0.42304697093116267,0.8207145465987913,1.9883044121425244,True,
114,16,48,14,44,freeform,-10.0,0.5,68.4,150.0,56.875,0.0,0.0,6.0,11.525000000000006,148.9085789225141,2.094395102393195,151.0029740249073,2,20.0,247,9.999999999999996,0.7445428946125705,0.42304697093116267,0.8225300338266887,1.9901198993704217,True,
115,16,53,14,32,freeform,-30.0,0.5,67.7,150.0,2.875,0.0,0.0,6.0,64.825,160.9390257810006,6.283185307179586,167.2222110881802,2,59.99999999999999,199,9.999999999999996,0.8046951289050029,1.2691409127934883,0.5836911544901842,2.6575271961886755,True,
116,16,56,14,36,freeform,-30.0,0.5,67.875,150.0,20.175,0.0,0.0,6.0,47.7,156.3503958606176,6.283185307179586,162.6335811677972,2,59.99999999999999,190,9.999999999999996,0.781751979303088,1.2691409127934883,0.5444947349493727,2.595387627045949,True,
117,16,56,14,36,freeform,-30.0,0.5,68.05,150.0,20.35,0.0,0.0,6.0,47.699999999999996,156.3503958606176,6.283185307179586,162.6335811677972,2,59.99999999999999,190,1.3666334456665137,0.781751979303088,1.2691409127934883,0.5419946787588642,2.5928875708554404,True,
118,17,21,16,0,u,0.0,0.5,76.0,150.0,5.925,150.0,135.9,6.0,70.075,74.27499999999999,18.84955592153876,93.12455592153876,2,180.0,208,37.26596292649413,0.37137499999999996,3.807422738380465,0.43074399042513706,4.609541728805602,True,
119,17,21,16,0,u,0.0,0.5,76.175,150.0,5.75,150.0,135.725,6.0,70.425,74.97500000000001,18.84955592153876,93.82455592153877,2,180.0,208,34.41150866976915,0.37487500000000007,3.807422738380465,0.4255952541496686,4.607892992530134,True,
120,17,21,16,0,u,0.0,0.5,76.35,150.0,5.575,150.0,135.55,6.0,70.77499999999999,75.67499999999997,18.84955592153876,94.52455592153873,2,180.0,208,31.332206707233183,0.37837499999999985,3.807422738380465,0.4211011653911417,4.606898903771607,True,
121,17,21,16,0,u,0.0,0.5,76.525,150.0,5.4,150.0,135.375,6.0,71.125,76.375,18.84955592153876,95.22455592153875,2,180.0,208,27.952886589134927,0.381875,3.807422738380465,0.4206547318027035,4.609952470183169,True,
122,17,48,16,44,freeform,-10.0,1.0,76.875,150.0,57.05,0.0,0.0,6.0,19.825000000000003,149.63473482977926,2.094395102393195,151.72912993217247,2,20.0,253,9.999999999999998,0.7481736741488964,0.42304697093116267,0.8699410280615425,2.041161673141602,True,
123,17,48,16,44,freeform,-10.0,1.0,77.05,150.0,57.225,0.0,0.0,6.0,19.824999999999996,149.63473482977926,2.094395102393195,151.72912993217247,2,20.0,253,9.999999999999998,0.7481736741488964,0.42304697093116267,0.8515181832484882,2.0227388283285475,True,
124,17,48,16,44,freeform,-10.0,1.0,77.225,150.0,57.4,0.0,0.0,6.0,19.824999999999996,149.63473482977926,2.094395102393195,151.72912993217247,2,20.0,253,9.999999999999998,0.7481736741488964,0.42304697093116267,0.8458038614117327,2.0170245064917918,True,
125,17,53,16,32,freeform,-30.0,0.5,76.7,150.0,3.05,0.0,0.0,6.0,73.65,163.30367740420525,6.283185307179586,169.58686271138484,2,59.99999999999999,222,9.999999999999993,0.8165183870210262,1.2691409127934883,0.6390185765820456,2.72467787639656,True,
126,18,20,10,6,u,0.0,0.5,49.0,150.0,33.625,150.0,142.375,6.0,15.375,6.625,18.84955592153876,25.47455592153876,2,180.0,48,41.16946386599393,0.033125,3.807422738380465,0.12154776755110527,3.9620955059315706,True,
127,18,20,10,6,u,0.0,0.5,49.175,150.0,33.45,150.0,142.2,6.0,15.724999999999994,7.325000000000017,18.84955592153876,26.174555921538776,2,180.0,48,41.05308492710313,0.03662500000000009,3.807422738380465,0.11723225222795366,3.9612799906084186,True,
128,18,21,10,0,u,0.0,0.5,49.35,150.0,6.625,150.0,142.025,6.0,42.725,34.67499999999999,18.84955592153876,53.52455592153875,2,180.0,140,39.94450518981498,0.17337499999999995,3.807422738380465,0.3143452681972961,4.295143006577761,True,
129,18,21,10,0,u,0.0,0.5,49.525,150.0,6.45,150.0,141.85,6.0,43.074999999999996,35.375000000000014,18.84955592153876,54.22455592153877,2,180.0,142,5.602472170933192,0.1768750000000001,3.807422738380465,0.33836311430273175,4.322660852683197,True,
130,39,18,56,10,freeform,30.0,0.0,111.4,0.0,50.75,150.0,0.0,6.0,60.650000000000006,159.82033790260064,6.283185307179586,166.10352320978023,2,59.99999999999999,280,9.999999999999996,0.7991016895130032,1.2691409127934883,1.0866675095242921,3.154910111830784,True,
131,39,18,56,10,freeform,30.0,0.0,111.575,0.0,50.925,150.0,0.0,6.0,60.650000000000006,159.82033790260064,6.283185307179586,166.10352320978023,2,59.99999999999999,280,7.252181630463538,0.7991016895130032,1.2691409127934883,1.0838698964970848,3.152112498803576,True,
132,41,18,50,10,freeform,20.0,0.5,84.4,0.0,50.225,150.0,0.0,6.0,34.175000000000004,151.79412702870863,4.188790204786391,155.98291723349502,2,40.0,247,9.999999999999988,0.7589706351435431,0.8460939418623257,0.9207743332996212,2.52583891030549,True,
133,41,18,50,10,freeform,20.0,0.5,84.575,0.0,50.4,150.0,0.0,6.0,34.175000000000004,151.79412702870863,4.188790204786391,155.98291723349502,2,40.0,247,9.999999999999988,0.7589706351435431,0.8460939418623257,0.9265183799152669,2.531582956921136,True,
134,18,53,10,32,freeform,-20.0,1.0,49.7,150.0,2.7,0.0,0.0,6.0,47.0,154.05552055629468,4.1887902047863905,158.24431076108107,2,40.0,166,9.999999999999993,0.7702776027814734,0.8460939418623254,0.6477083263095209,2.26407987095332,True,
135,18,58,10,40,freeform,-10.0,0.0,49.875,150.0,38.35,0.0,0.0,6.0,11.524999999999999,148.9085789225141,2.0943951023931953,151.0029740249073,2,20.0,193,5.000000000000003,0.7445428946125705,0.4230469709311627,0.6354759336052951,1.8030657991490282,True,
136,19,20,12,6,u,0.0,0.5,58.0,150.0,33.275,150.0,140.625,6.0,24.725,19.475,18.84955592153876,38.32455592153876,2,180.0,78,37.26596292649413,0.097375,3.807422738380465,0.1772917579762426,4.082089496356708,True,
137,19,20,12,6,u,0.0,0.5,58.175,150.0,33.1,150.0,140.45,6.0,25.074999999999996,20.17500000000002,18.84955592153876,39.02455592153878,2,180.0,78,39.94450518981498,0.10087500000000009,3.807422738380465,0.16848223818032654,4.0767799765607915,True,
138,19,20,12,6,u,0.0,0.5,58.35,150.0,32.925,150.0,140.275,6.0,25.425000000000004,20.874999999999993,18.84955592153876,39.72455592153875,2,180.0,78,42.48111287543219,0.10437499999999997,3.807422738380465,0.16398817751705377,4.075785915897519,True,
139,19,20,12,6,u,0.0,0.5,58.525,150.0,32.75,150.0,140.1,6.0,25.775,21.57500000000001,18.84955592153876,40.42455592153877,2,180.0,78,44.90052796068899,0.10787500000000005,3.807422738380465,0.16220238697279252,4.077500125353257,True,
140,19,21,12,0,u,0.0,0.5,58.875,150.0,6.275,150.0,139.75,6.0,52.6,49.1,18.84955592153876,67.94955592153876,2,180.0,163,31.332206707233127,0.24550000000000002,3.807422738380465,0.33633924457480624,4.389261982955271,True,
141,19,21,12,0,u,0.0,0.5,59.05,150.0,6.1,150.0,139.575,6.0,52.949999999999996,49.80000000000002,18.84955592153876,68.64955592153878,2,180.0,165,4.999999999999995,0.2490000000000001,3.807422738380465,0.35845234482991134,4.414875083210377,True,
142,19,26,12,4,u,0.0,0.5,58.7,150.0,24.625,150.0,139.925,6.0,34.075,30.22499999999998,18.84955592153876,49.07455592153874,2,180.0,104,34.41150866976964,0.1511249999999999,3.807422738380465,0.24050607981299793,4.199053818193463,True,
143,19,48,12,44,freeform,-10.0,0.5,59.225,150.0,56.35,0.0,0.0,6.0,2.875,148.15180198301485,2.0943951023931953,150.24619708540806,2,20.0,239,4.999999999999995,0.7407590099150743,0.4230469709311627,0.742381044693932,1.9061870255401692,True,
144,19,48,12,44,freeform,-5.0,0.0,59.4,150.0,56.525,0.0,0.0,6.0,2.875,149.07766258105767,1.0471975511965976,150.12486013225427,2,10.0,241,4.999999999999995,0.7453883129052884,0.21152348546558136,0.8409228448130548,1.7978346431839245,True,
145,49,19,46,12,freeform,5.0,0.5,66.925,0.0,59.575,150.0,0.0,6.0,7.349999999999994,149.27304530057324,1.0471975511965983,150.32024285176985,2,10.0,242,4.999999999999998,0.7463652265028662,0.2115234854655815,0.9487207387928035,1.9066094507612512,True,
146,1,20,58,6,freeform,45.0,0.5,120.75,0.0,31.875,150.0,0.0,6.0,88.875,176.87210485895451,9.424777960769383,186.2968828197239,2,90.0,243,9.999999999999986,0.8843605242947726,1.9037113691902332,0.918304507602577,3.706376401087583,True,
147,48,20,44,6,freeform,10.0,0.0,56.0,0.0,31.7,150.0,0.0,6.0,24.3,150.0262465990578,2.094395102393195,152.120641701451,2,20.0,198,9.999999999999986,0.750131232995289,0.42304697093116267,0.7380358326871426,1.9112140366135943,True,
148,20,53,6,32,freeform,-20.0,0.0,31.0,150.0,2.35,0.0,0.0,6.0,28.65,150.81992046029436,4.188790204786391,155.00871066508074,2,40.0,94,9.999999999999996,0.7540996023014718,0.8460939418623257,0.4217260881291931,2.021919632292991,True,
149,20,53,6,32,freeform,-20.0,0.0,31.175,150.0,2.525,0.0,0.0,6.0,28.650000000000002,150.81992046029436,4.188790204786391,155.00871066508074,2,40.0,94,9.999999999999996,0.7540996023014718,0.8460939418623257,0.4202379668026476,2.020431510966445,True,
150,20,57,6,38,freeform,-5.0,0.0,31.525,150.0,29.525,0.0,0.0,6.0,2.0,149.03945925601272,1.0471975511965979,150.08665680720932,2,10.0,134,9.999999999999998,0.7451972962800636,0.21152348546558142,0.49080377712596757,1.4475245588716126,True,
151,2,21,20,0,u,0.0,0.5,94.175,150.0,5.225,150.0,129.075,6.0,88.95,106.80000000000003,18.84955592153876,125.64955592153879,2,180.0,269,19.999999999999996,0.5340000000000001,3.807422738380465,0.5606844565815936,4.902107194962058,True,
152,2,21,20,0,u,0.0,0.5,94.35,150.0,5.05,150.0,128.9,6.0,89.3,107.49999999999999,18.84955592153876,126.34955592153875,2,180.0,269,19.999999999999996,0.5375,3.807422738380465,0.5670534821257985,4.911976220506263,True,
153,2,21,20,0,u,0.0,0.5,94.525,150.0,4.875,150.0,128.725,6.0,89.65,108.20000000000002,18.84955592153876,127.04955592153877,2,180.0,273,3.1496921564605747,0.5410000000000001,3.807422738380465,0.6304762707483456,4.978899009128811,True,
154,2,21,20,0,u,0.0,0.5,94.7,150.0,4.7,150.0,128.55,6.0,90.0,108.89999999999998,18.84955592153876,127.74955592153873,2,180.0,277,8.692451917641309,0.5444999999999999,3.807422738380465,0.6560417439286162,5.007964482309082,True,
155,2,24,20,8,u,0.0,0.5,94.0,150.0,42.45,150.0,129.25,6.0,51.55,69.05,18.84955592153876,87.89955592153876,2,180.0,195,9.999999999999998,0.34525,3.807422738380465,0.4472918422620046,4.59996458064247,True,
156,47,24,42,8,freeform,5.0,0.0,47.0,0.0,40.7,150.0,0.0,6.0,6.299999999999997,149.22720131051932,1.0471975511965976,150.27439886171592,2,10.0,192,4.999999999999997,0.7461360065525966,0.21152348546558136,0.754940971871032,1.71260046388921,True,
157,47,24,42,8,freeform,5.0,0.0,47.175,0.0,40.875,150.0,0.0,6.0,6.299999999999997,149.22720131051932,1.0471975511965976,150.27439886171592,2,10.0,192,4.999999999999997,0.7461360065525966,0.21152348546558136,0.7451790791499504,1.7028385711681284,True,
158,24,54,8,34,freeform,-20.0,0.5,40.175,150.0,12.925,0.0,0.0,6.0,27.249999999999996,150.5730626873025,4.188790204786391,154.76185289208888,2,40.0,122,4.999999999999998,0.7528653134365125,0.8460939418623257,0.43431574008518475,2.0332749953840232,True,
159,24,54,8,34,freeform,-20.0,0.5,40.35,150.0,13.1,0.0,0.0,6.0,27.25,150.5730626873025,4.188790204786391,154.76185289208888,2,40.0,122,5.000000000000006,0.7528653134365125,0.8460939418623257,0.4367263971769889,2.035685652475827,True,
160,26,54,4,34,freeform,-10.0,0.0,22.0,150.0,12.4,0.0,0.0,6.0,9.6,148.7401632452267,2.0943951023931953,150.83455834761992,2,20.0,68,4.999999999999997,0.7437008162261336,0.4230469709311627,0.27830374903071375,1.4450515361880099,True,
161,26,54,4,34,freeform,-10.0,0.0,22.175,150.0,12.575,0.0,0.0,6.0,9.600000000000001,148.7401632452267,2.0943951023931957,150.83455834761992,2,20.0,68,4.999999999999998,0.7437008162261336,0.42304697093116284,0.2819645044559072,1.4487122916132036,True,
162,57,26,38,4,freeform,5.0,0.0,29.35,0.0,22.525,150.0,0.0,6.0,6.825000000000003,149.2501233055463,1.0471975511965979,150.2973208567429,2,10.0,117,5.0,0.7462506165277316,0.21152348546558142,0.4808337547621456,1.4386078567554588,True,
163,58,26,40,4,freeform,10.0,0.0,38.175,0.0,22.7,150.0,0.0,6.0,15.474999999999998,149.25415914344148,2.0943951023931953,151.3485542458347,2,20.0,145,9.999999999999995,0.7462707957172074,0.4230469709311627,0.5772919265477685,1.7466096931961386,True,
164,24,29,8,2,u,0.0,0.5,40.0,150.0,15.625,150.0,143.95,6.0,24.375,12.475000000000023,18.84955592153876,31.32455592153878,2,180.0,80,46.56746344221026,0.06237500000000012,3.807422738380465,0.18077396806131502,4.05057170644178,True,
165,57,29,38,2,freeform,10.0,0.0,29.0,0.0,14.75,150.0,0.0,6.0,14.25,149.14698553062223,2.0943951023931957,151.24138063301544,2,20.0,116,9.999999999999993,0.7457349276531112,0.42304697093116284,0.4738990874661452,1.6426809860504195,True,
166,57,29,38,2,freeform,10.0,0.0,29.175,0.0,14.925,150.0,0.0,6.0,14.25,149.14698553062223,2.0943951023931957,151.24138063301544,2,20.0,116,9.999999999999993,0.7457349276531112,0.42304697093116284,0.47565509704100767,1.6444369956252818,True,
167,33,47,60,42,u,0.0,0.5,128.0,0.0,49.1,0.0,29.15,6.0,78.9,113.20000000000002,18.84955592153876,132.04955592153877,2,180.0,225,29.999999999999993,0.5660000000000001,3.807422738380465,0.5046133531123916,4.878036091492857,True,
168,33,47,60,42,u,0.0,0.5,128.175,0.0,48.925,0.0,29.325,6.0,79.25000000000001,113.90000000000002,18.84955592153876,132.74955592153879,2,180.0,225,29.999999999999993,0.5695000000000001,3.807422738380465,0.5035717496600468,4.880494488040512,True,
169,33,47,60,42,u,0.0,0.5,128.35,0.0,48.75,0.0,29.5,6.0,79.6,114.6,18.84955592153876,133.44955592153875,2,180.0,225,29.999999999999993,0.573,3.807422738380465,0.501726537653259,4.882149276033725,True,
170,33,47,60,42,u,0.0,0.5,128.525,0.0,48.575,0.0,29.675,6.0,79.95,115.3,18.84955592153876,134.14955592153876,2,180.0,225,29.999999999999993,0.5765,3.807422738380465,0.5063395817178559,4.890262320098321,True,
171,33,47,60,42,u,0.0,0.5,128.7,0.0,48.4,0.0,29.85,6.0,80.29999999999998,115.99999999999997,18.84955592153876,134.84955592153872,2,180.0,225,29.999999999999993,0.5799999999999998,3.807422738380465,0.509762286054639,4.897185024435104,True,
172,33,47,60,42,u,0.0,0.5,128.875,0.0,48.225,0.0,30.025,6.0,80.65,116.70000000000002,18.84955592153876,135.54955592153877,2,180.0,225,29.999999999999993,0.5835000000000001,3.807422738380465,0.5094645887416694,4.900387327122134,True,
173,33,47,60,42,u,0.0,0.5,129.05,0.0,48.05,0.0,30.2,6.0,81.00000000000001,117.40000000000002,18.84955592153876,136.24955592153879,2,180.0,225,27.952886589135197,0.5870000000000001,3.807422738380465,0.5124109661395992,4.906833704520064,True,
174,33,47,60,42,u,0.0,0.5,129.225,0.0,47.875,0.0,30.375,6.0,81.35,118.1,18.84955592153876,136.94955592153875,2,180.0,225,24.146847996502522,0.5905,3.807422738380465,0.5142563748131663,4.912179113193632,True,
175,33,47,60,42,u,0.0,0.5,129.4,0.0,47.7,0.0,30.55,6.0,81.7,118.8,18.84955592153876,137.64955592153876,2,180.0,227,2.820810759754181,0.594,3.807422738380465,0.5340479923131387,4.935470730693604,True,
176,33,47,60,42,u,0.0,0.5,129.575,0.0,47.525,0.0,30.725,6.0,82.04999999999998,119.49999999999997,18.84955592153876,138.34955592153872,2,180.0,229,13.413012050446728,0.5974999999999999,3.807422738380465,0.5695837126192642,4.97450645099973,True,
177,33,53,60,32,u,0.0,0.5,129.75,0.0,4.275,0.0,30.9,6.0,125.475,163.275,18.84955592153876,182.12455592153876,2,180.0,294,8.046277493143956,0.8163750000000001,3.807422738380465,0.7899707528404325,5.413768491220898,True,
178,14,38,26,54,freeform,-10.0,0.5,123.45,150.0,103.625,0.0,0.0,6.0,19.825000000000003,149.6347348297793,2.094395102393195,151.7291299321725,2,20.0,169,9.999999999999986,0.7481736741488965,0.42304697093116267,0.6400895957654841,1.8113102408455433,True,
179,38,18,54,10,freeform,30.0,0.0,102.925,0.0,50.575,150.0,0.0,6.0,52.349999999999994,157.59635960542232,6.283185307179586,163.87954491260192,2,59.99999999999999,290,8.648688303300991,0.7879817980271117,1.2691409127934883,1.0516675938100557,3.1087903046306558,True,
180,38,29,54,2,freeform,45.0,0.5,102.575,0.0,15.1,150.0,0.0,6.0,87.47500000000001,176.2922058716322,9.424777960769383,185.71698383240158,2,90.0,263,10.000000000000002,0.8814610293581611,1.9037113691902332,0.9495844711911285,3.734756869739523,True,
181,38,29,54,2,freeform,45.0,0.5,102.75,0.0,15.275,150.0,0.0,6.0,87.475,176.2922058716322,9.424777960769383,185.71698383240158,2,90.0,263,10.000000000000023,0.8814610293581611,1.9037113691902332,0.9610424744052251,3.7462148729536198,True,
182,38,41,54,50,u,0.0,0.5,101.0,0.0,85.625,0.0,9.9,6.0,15.375,11.175,18.84955592153876,30.02455592153876,2,180.0,54,17.664473140584175,0.05587500000000001,3.807422738380465,0.16797632693885345,4.031274065319319,True,
183,38,49,54,46,u,0.0,0.5,101.35,0.0,67.625,0.0,22.85,6.0,33.724999999999994,55.425,18.84955592153876,74.27455592153876,2,180.0,134,27.95288658913517,0.277125,3.807422738380465,0.29770849488104456,4.38225623326151,True,
184,38,49,54,46,u,0.0,0.5,101.525,0.0,67.45,0.0,23.025,6.0,34.075,56.125,18.84955592153876,74.97455592153875,2,180.0,136,11.09055035859993,0.280625,3.807422738380465,0.3177978377892405,4.405845576169705,True,
185,38,53,54,32,u,0.0,0.5,101.175,0.0,4.625,0.0,22.15,6.0,96.55,116.85,18.84955592153876,135.69955592153875,2,180.0,265,20.0,0.5842499999999999,3.807422738380465,0.582916877381073,4.974589615761538,True,
186,38,53,54,32,u,0.0,0.5,102.4,0.0,4.45,0.0,23.9,6.0,97.95,121.75,18.84955592153876,140.59955592153875,2,180.0,265,20.0,0.60875,3.807422738380465,0.5900002809525416,5.006173019333007,True,
187,38,57,54,38,u,0.0,0.5,101.7,0.0,30.925,0.0,23.2,6.0,70.775,93.17500000000001,18.84955592153876,112.02455592153876,2,180.0,216,7.252181630463538,0.46587500000000004,3.807422738380465,0.5148513480102935,4.788149086390759,True,
188,38,57,54,38,u,0.0,0.5,101.875,0.0,30.75,0.0,23.375,6.0,71.125,93.875,18.84955592153876,112.72455592153875,2,180.0,216,10.0,0.469375,3.807422738380465,0.49494063472798117,4.771738373108446,True,
189,38,57,54,38,u,0.0,0.5,102.05,0.0,30.575,0.0,23.55,6.0,71.475,94.57499999999999,18.84955592153876,113.42455592153874,2,180.0,216,10.0,0.47287499999999993,3.807422738380465,0.47238115707494627,4.752678895455412,True,
190,39,24,56,8,freeform,30.0,0.0,111.225,0.0,42.275,150.0,0.0,6.0,68.94999999999999,162.04431619977896,6.283185307179586,168.32750150695855,2,59.99999999999999,290,9.999999999999984,0.8102215809988949,1.2691409127934883,1.1987511378577929,3.278113631650176,True,
191,39,41,56,50,u,0.0,0.5,110.0,0.0,85.275,0.0,26.0,6.0,24.724999999999994,52.724999999999994,18.84955592153876,71.57455592153875,2,180.0,110,9.999999999999998,0.263625,3.807422738380465,0.2915776328062664,4.3626253711867315,True,
192,39,41,56,50,u,0.0,0.5,110.175,0.0,85.1,0.0,15.85,6.0,25.075000000000003,32.775000000000006,18.84955592153876,51.624555921538764,2,180.0,96,6.028113625157536,0.16387500000000002,3.807422738380465,0.23026800062933359,4.201565739009799,True,
193,39,41,56,50,u,0.0,0.5,110.35,0.0,84.925,0.0,16.025,6.0,25.424999999999997,33.474999999999994,18.84955592153876,52.32455592153875,2,180.0,96,6.0281136251575465,0.16737499999999997,3.807422738380465,0.2143452962925501,4.189143034673015,True,
194,39,47,56,42,u,0.0,0.5,110.7,0.0,49.625,0.0,26.35,6.0,61.075,89.775,18.84955592153876,108.62455592153876,2,180.0,188,9.999999999999998,0.448875,3.807422738380465,0.39401812705797684,4.650315865438442,True,
195,39,47,56,42,u,0.0,0.5,110.875,0.0,49.45,0.0,26.525,6.0,61.425,90.475,18.84955592153876,109.32455592153875,2,180.0,190,9.900482421831173,0.45237499999999997,3.807422738380465,0.4058930919389091,4.665690830319374,True,
196,39,47,56,42,u,0.0,0.5,111.05,0.0,49.275,0.0,26.7,6.0,61.775,91.175,18.84955592153876,110.02455592153876,2,180.0,190,9.999999999999998,0.455875,3.807422738380465,0.42360141824842895,4.686899156628894,True,
197,39,49,56,46,u,0.0,0.5,110.525,0.0,67.275,0.0,26.175,6.0,43.25,71.6,18.84955592153876,90.44955592153875,2,180.0,151,9.999999999999998,0.358,3.807422738380465,0.31919658811233576,4.4846193264928,True,
198,1,41,58,50,u,0.0,0.5,119.0,0.0,84.75,0.0,16.2,6.0,34.25,42.650000000000006,18.84955592153876,61.499555921538764,2,180.0,119,6.894391385750718,0.21325000000000002,3.807422738380465,0.26669650382657334,4.287369242207038,True,
199,41,24,50,8,freeform,20.0,0.0,84.05,0.0,41.925,150.0,0.0,6.0,42.125,153.19592652534092,4.188790204786391,157.3847167301273,2,40.0,257,8.648688303300991,0.7659796326267047,0.8460939418623257,1.0769058977557533,2.6889794722447835,True,
200,41,24,50,8,freeform,20.0,0.0,84.225,0.0,42.1,150.0,0.0,6.0,42.12499999999999,153.19592652534092,4.188790204786391,157.3847167301273,2,40.0,257,9.999999999999991,0.7659796326267047,0.8460939418623257,1.0281850465819338,2.6402586210709638,True,
201,41,54,50,34,u,0.0,0.5,83.875,0.0,13.45,0.0,16.725,6.0,70.425,79.875,18.84955592153876,98.72455592153875,2,180.0,206,13.872102735011051,0.39937500000000004,3.807422738380465,0.44821449040827943,4.6550122287887445,True,
202,41,57,50,38,u,0.0,0.5,83.525,0.0,31.275,0.0,16.375,6.0,52.25000000000001,61.00000000000001,18.84955592153876,79.84955592153877,2,180.0,171,19.999999999999996,0.30500000000000005,3.807422738380465,0.3564287279592727,4.468851466339737,True,
203,41,58,50,40,u,0.0,0.5,83.0,0.0,40.625,0.0,15.85,6.0,42.375,50.075,18.84955592153876,68.92455592153877,2,180.0,148,19.999999999999996,0.250375,3.807422738380465,0.33464299360551986,4.392440731985985,True,
204,41,58,50,40,u,0.0,0.5,83.175,0.0,40.45,0.0,16.025,6.0,42.724999999999994,50.77499999999999,18.84955592153876,69.62455592153876,2,180.0,148,19.999999999999996,0.25387499999999996,3.807422738380465,0.32636925030623803,4.387666988686703,True,
205,41,58,50,40,u,0.0,0.5,83.35,0.0,40.275,0.0,16.2,6.0,43.074999999999996,51.474999999999994,18.84955592153876,70.32455592153875,2,180.0,148,19.999999999999996,0.25737499999999996,3.807422738380465,0.3209822662755805,4.385780004656045,True,
206,14,47,26,42,freeform,-30.0,1.0,122.75,150.0,47.35,0.0,0.0,6.0,75.4,163.7725884909597,6.283185307179586,170.05577379813928,2,59.99999999999999,294,9.999999999999991,0.8188629424547985,1.2691409127934883,1.0365190542013667,3.1245229094496536,True,
207,48,18,44,10,freeform,5.0,0.0,56.175,0.0,50.05,150.0,0.0,6.0,6.125,149.21956064551034,1.0471975511965976,150.26675819670695,2,10.0,223,4.9999999999999964,0.7460978032275517,0.21152348546558136,0.8242564029084215,1.7818776916015544,True,
208,51,48,48,44,u,0.0,0.5,74.175,0.0,58.45,0.0,7.45,6.0,15.724999999999994,6.624999999999995,18.84955592153876,25.47455592153875,2,180.0,54,11.419755679255397,0.033124999999999974,3.807422738380465,0.18630966027218682,4.026857398652652,True,
209,51,48,48,44,u,0.0,0.5,74.0,0.0,58.625,0.0,6.05,6.0,15.375,3.4749999999999996,18.84955592153876,22.32455592153876,2,180.0,48,46.56746344221023,0.017374999999999998,3.807422738380465,0.10732156704089542,3.9321193054213603,True,
210,17,49,16,46,freeform,-10.0,0.5,77.4,150.0,67.1,0.0,0.0,6.0,10.300000000000011,148.80140530969484,2.094395102393195,150.89580041208805,2,20.0,238,9.999999999999998,0.7440070265484743,0.42304697093116267,0.7146430778912843,1.8816970753709215,True,
211,49,24,46,8,freeform,10.0,0.0,66.05,0.0,41.05,150.0,0.0,6.0,25.0,150.08748866352593,2.094395102393195,152.18188376591914,2,20.0,236,2.3319991926830563,0.7504374433176296,0.42304697093116267,0.9073214827551348,2.080805897003927,True,
212,49,24,46,8,freeform,10.0,0.0,66.225,0.0,41.225,150.0,0.0,6.0,24.999999999999993,150.08748866352593,2.094395102393195,152.18188376591914,2,20.0,238,4.581082908919731,0.7504374433176296,0.42304697093116267,0.8962497611903415,2.069734175439134,True,
213,49,24,46,8,freeform,10.0,0.0,66.4,0.0,41.4,150.0,0.0,6.0,25.000000000000007,150.08748866352593,2.094395102393195,152.18188376591914,2,20.0,236,9.999999999999988,0.7504374433176296,0.42304697093116267,0.8656545070406725,2.0391389212894646,True,
214,49,24,46,8,freeform,10.0,0.0,66.575,0.0,41.575,150.0,0.0,6.0,25.0,150.08748866352593,2.094395102393195,152.18188376591914,2,20.0,236,9.999999999999984,0.7504374433176296,0.42304697093116267,0.8902083825000298,2.063692796748822,True,
215,49,24,46,8,freeform,10.0,0.0,66.75,0.0,41.75,150.0,0.0,6.0,25.0,150.08748866352593,2.094395102393195,152.18188376591914,2,20.0,238,6.260188290070789,0.7504374433176296,0.42304697093116267,0.9020535945068178,2.0755380087556103,True,
216,49,26,46,4,freeform,20.0,0.0,65.35,0.0,22.875,150.0,0.0,6.0,42.474999999999994,153.25764096858887,4.188790204786391,157.44643117337526,2,40.0,207,9.999999999999991,0.7662882048429444,0.8460939418623257,0.882560348605916,2.494942495311186,True,
217,49,26,46,4,freeform,20.0,0.0,65.525,0.0,23.05,150.0,0.0,6.0,42.47500000000001,153.25764096858887,4.188790204786391,157.44643117337526,2,40.0,207,9.999999999999986,0.7662882048429444,0.8460939418623257,0.9156559398986344,2.528038086603904,True,
218,49,26,46,4,freeform,20.0,0.0,65.7,0.0,23.225,150.0,0.0,6.0,42.475,153.25764096858887,4.188790204786391,157.44643117337526,2,40.0,207,9.999999999999991,0.7662882048429444,0.8460939418623257,0.9125606576537116,2.5249428043589814,True,
219,49,26,46,4,freeform,20.0,0.0,65.875,0.0,23.4,150.0,0.0,6.0,42.475,153.25764096858887,4.188790204786391,157.44643117337526,2,40.0,207,9.999999999999991,0.7662882048429444,0.8460939418623257,0.9092571333850311,2.521639280090301,True,
220,49,57,46,38,u,0.0,0.5,65.0,0.0,31.625,0.0,12.0,6.0,33.375,33.375,18.84955592153876,52.22455592153876,2,180.0,120,2.929496416359686,0.166875,3.807422738380465,0.32276797253407935,4.297065710914545,True,
221,49,57,46,38,u,0.0,0.5,65.175,0.0,31.45,0.0,12.175,6.0,33.724999999999994,34.074999999999996,18.84955592153876,52.924555921538754,2,180.0,122,6.471297455753442,0.17037499999999997,3.807422738380465,0.3483037209354592,4.326101459315924,True,
222,17,51,16,48,freeform,-5.0,0.5,77.575,150.0,75.225,0.0,0.0,6.0,2.3500000000000085,149.0547405860307,1.0471975511965983,150.1019381372273,2,10.0,232,9.999999999999991,0.7452737029301535,0.2115234854655815,0.7272327298472756,1.6840299182430107,True,
223,17,51,16,48,freeform,-5.0,0.5,77.75,150.0,75.4,0.0,0.0,6.0,2.3499999999999943,149.0547405860307,1.0471975511965983,150.1019381372273,2,10.0,232,9.999999999999991,0.7452737029301535,0.2115234854655815,0.7268160772282362,1.683613265623971,True,
224,17,51,16,48,freeform,-5.0,0.5,77.925,150.0,75.575,0.0,0.0,6.0,2.3499999999999943,149.0547405860307,1.0471975511965983,150.1019381372273,2,10.0,232,9.999999999999991,0.7452737029301535,0.2115234854655815,0.7184826877043944,1.6752798761001295,True,
225,51,19,48,12,freeform,10.0,0.5,75.05,0.0,59.75,150.0,0.0,6.0,15.299999999999997,149.23884862732444,2.0943951023931953,151.33324372971765,2,20.0,242,5.000000000000002,0.7461942431366222,0.4230469709311627,0.8010419967859047,1.9702832108536894,True,
226,51,21,48,0,freeform,30.0,0.0,74.525,0.0,4.175,150.0,0.0,6.0,70.35000000000001,162.41944506918253,6.283185307179586,168.70263037636212,2,59.99999999999999,220,9.999999999999991,0.8120972253459127,1.2691409127934883,0.6936315082656246,2.7748696464050258,True,
227,51,21,48,0,freeform,30.0,0.0,74.7,0.0,4.35,150.0,0.0,6.0,70.35000000000001,162.41944506918253,6.283185307179586,168.70263037636212,2,59.99999999999999,220,9.999999999999991,0.8120972253459127,1.2691409127934883,0.6946433869390791,2.7758815250784803,True,
228,51,21,48,0,freeform,30.0,0.0,74.875,0.0,4.525,150.0,0.0,6.0,70.35,162.41944506918253,6.283185307179586,168.70263037636212,2,59.99999999999999,220,9.999999999999991,0.8120972253459127,1.2691409127934883,0.6790779418540626,2.760316079993464,True,
229,51,54,48,34,u,0.0,0.5,74.35,0.0,13.625,0.0,13.05,6.0,60.724999999999994,62.82499999999999,18.84955592153876,81.67455592153874,2,180.0,184,13.87210273501162,0.31412499999999993,3.807422738380465,0.40544663025521666,4.526994368635681,True,
230,29,53,2,32,freeform,-10.0,0.0,13.0,150.0,2.0,0.0,0.0,6.0,11.0,148.86264737416298,2.0943951023931953,150.95704247655618,2,20.0,32,9.999999999999963,0.7443132368708149,0.4230469709311627,0.13288692784014924,1.3002471356421268,True,
231,29,53,2,32,freeform,-10.0,0.0,13.175,150.0,2.175,0.0,0.0,6.0,11.0,148.86264737416298,2.0943951023931953,150.95704247655618,2,20.0,32,9.999999999999963,0.7443132368708149,0.4230469709311627,0.1299404380612027,1.2973006458631802,True,
232,26,54,4,34,freeform,-10.0,0.0,22.35,150.0,12.75,0.0,0.0,6.0,9.600000000000001,148.7401632452267,2.0943951023931957,150.83455834761992,2,20.0,68,4.999999999999998,0.7437008162261336,0.42304697093116284,0.2835716091837766,1.450319396341073,True,
233,29,54,2,34,freeform,-5.0,0.0,13.35,150.0,11.0,0.0,0.0,6.0,2.3499999999999996,149.0547405860307,1.0471975511965976,150.1019381372273,2,10.0,62,4.999999999999998,0.7452737029301535,0.21152348546558136,0.27303580459188825,1.2298329929876233,True,
234,29,54,2,34,freeform,-5.0,0.0,13.525,150.0,11.175,0.0,0.0,6.0,2.3499999999999996,149.0547405860307,1.0471975511965979,150.1019381372273,2,10.0,62,5.0,0.7452737029301535,0.21152348546558142,0.28235143229605647,1.2391486206917914,True,
235,29,54,2,34,freeform,-5.0,0.0,13.7,150.0,11.35,0.0,0.0,6.0,2.3499999999999996,149.0547405860307,1.0471975511965979,150.1019381372273,2,10.0,62,4.999999999999999,0.7452737029301535,0.21152348546558142,0.28050616409876034,1.2373033524944952,True,
236,29,54,2,34,freeform,-5.0,0.0,13.875,150.0,11.525,0.0,0.0,6.0,2.3499999999999996,149.0547405860307,1.0471975511965976,150.1019381372273,2,10.0,62,4.999999999999997,0.7452737029301535,0.21152348546558136,0.26931545913264326,1.2261126475283781,True,
237,29,54,2,34,freeform,-5.0,0.0,14.05,150.0,11.7,0.0,0.0,6.0,2.3500000000000014,149.0547405860307,1.0471975511965979,150.1019381372273,2,10.0,62,5.0,0.7452737029301535,0.21152348546558142,0.2791966723980984,1.2359938607938332,True,
238,29,54,2,34,freeform,-5.0,0.0,14.225,150.0,11.875,0.0,0.0,6.0,2.3499999999999996,149.0547405860307,1.0471975511965976,150.1019381372273,2,10.0,62,4.999999999999998,0.7452737029301535,0.21152348546558136,0.2712501545238977,1.2280473429196326,True,
239,29,54,2,34,freeform,-5.0,0.0,14.4,150.0,12.05,0.0,0.0,6.0,2.3499999999999996,149.0547405860307,1.0471975511965979,150.1019381372273,2,10.0,62,5.0,0.7452737029301535,0.21152348546558142,0.27389905937089093,1.230696247766626,True,
240,29,54,2,34,freeform,-5.0,0.0,14.575,150.0,12.225,0.0,0.0,6.0,2.3499999999999996,149.0547405860307,1.0471975511965979,150.1019381372273,2,10.0,62,4.999999999999999,0.7452737029301535,0.21152348546558142,0.2741669195239539,1.230964107919689,True,
241,2,56,20,36,freeform,-30.0,0.0,95.4,150.0,21.05,0.0,0.0,6.0,74.35000000000001,163.49124183890703,6.283185307179586,169.77442714608662,2,59.99999999999999,246,9.999999999999991,0.8174562091945352,1.2691409127934883,0.7722926851196322,2.858889807107656,True,
242,2,56,20,36,freeform,-30.0,0.0,95.575,150.0,21.225,0.0,0.0,6.0,74.35,163.491241838907,6.283185307179586,169.7744271460866,2,59.99999999999999,246,9.999999999999991,0.817456209194535,1.2691409127934883,0.7804176078576835,2.867014729845707,True,
243,2,56,20,36,freeform,-30.0,0.0,95.75,150.0,21.4,0.0,0.0,6.0,74.35,163.491241838907,6.283185307179586,169.7744271460866,2,59.99999999999999,246,9.999999999999991,0.817456209194535,1.2691409127934883,0.7879474169223365,2.87454453891036,True,
244,2,56,20,36,freeform,-30.0,0.0,95.925,150.0,21.575,0.0,0.0,6.0,74.35,163.491241838907,6.283185307179586,169.7744271460866,2,59.99999999999999,246,9.999999999999991,0.817456209194535,1.2691409127934883,0.7964593798815536,2.883056501869577,True,
245,20,56,6,36,freeform,-10.0,0.0,31.35,150.0,20.0,0.0,0.0,6.0,11.350000000000001,148.89326840639706,2.0943951023931953,150.98766350879026,2,20.0,106,9.999999999999996,0.7444663420319853,0.4230469709311627,0.3797919265477676,1.5473052395109155,True,
246,12,57,21,38,freeform,-30.0,0.0,99.55,150.0,29.875,0.0,0.0,6.0,69.675,162.23857936429152,6.283185307179586,168.52176467147112,2,59.99999999999999,249,9.999999999999991,0.8111928968214577,1.2691409127934883,0.7908344290482483,2.8711682386631945,True,
247,12,57,21,38,freeform,-30.0,0.0,99.725,150.0,30.05,0.0,0.0,6.0,69.675,162.23857936429152,6.283185307179586,168.52176467147112,2,59.99999999999999,249,9.999999999999991,0.8111928968214577,1.2691409127934883,0.794435566344136,2.874769375959082,True,
248,24,57,8,38,freeform,-10.0,0.0,40.525,150.0,29.7,0.0,0.0,6.0,10.825,148.84733685804596,2.0943951023931953,150.94173196043917,2,20.0,161,9.999999999999995,0.7442366842902298,0.4230469709311627,0.510476635986649,1.6777602912080416,True,
249,38,57,54,38,u,0.0,0.5,102.225,0.0,30.4,0.0,23.725,6.0,71.82499999999999,95.275,18.84955592153876,114.12455592153876,2,180.0,216,13.148483964815735,0.47637500000000005,3.807422738380465,0.4740180708674686,4.7578158092479335,True,
250,41,57,50,38,u,0.0,0.5,83.7,0.0,31.1,0.0,16.55,6.0,52.6,61.7,18.84955592153876,80.54955592153877,2,180.0,171,19.66663821504126,0.3085,3.807422738380465,0.3548811289796923,4.470803867360158,True,
251,11,58,52,40,u,0.0,0.5,92.35,0.0,40.1,0.0,19.35,6.0,52.24999999999999,66.94999999999999,18.84955592153876,85.79955592153874,2,180.0,165,21.03903770475519,0.33474999999999994,3.807422738380465,0.3384822943708347,4.480655032751299,True,
252,11,58,52,40,u,0.0,0.5,92.525,0.0,39.925,0.0,19.525,6.0,52.60000000000001,67.65,18.84955592153876,86.49955592153876,2,180.0,165,24.14684799650219,0.33825000000000005,3.807422738380465,0.33848232246608895,4.484155060846555,True,
253,11,58,52,40,u,0.0,0.5,92.7,0.0,39.75,0.0,19.7,6.0,52.95,68.35000000000001,18.84955592153876,87.19955592153877,2,180.0,165,19.66663821504126,0.34175000000000005,3.807422738380465,0.33714304979602827,4.486315788176493,True,
254,11,58,52,40,u,0.0,0.5,92.875,0.0,39.575,0.0,19.875,6.0,53.3,69.05,18.84955592153876,87.89955592153876,2,180.0,165,13.872102735011051,0.34525,3.807422738380465,0.34047629884359903,4.493149037224065,True,
255,58,21,40,0,freeform,20.0,0.5,38.0,0.0,4.0,150.0,0.0,6.0,34.0,151.76326980708464,4.188790204786391,155.95206001187103,2,40.0,134,7.264195800594208,0.7588163490354232,0.8460939418623257,0.5102681130103502,2.115178403908099,True,
256,61,68,29,61,freeform,-5.0,0.5,136.6,150.0,134.6,0.0,0.0,6.0,2.0,149.03945925601272,1.0471975511965983,150.08665680720932,2,10.0,52,4.999999999999971,0.7451972962800636,0.2115234854655815,0.18642869986401908,1.1431494816096641,True,
257,61,68,29,61,freeform,-5.0,0.5,136.775,150.0,134.775,0.0,0.0,6.0,2.0,149.03945925601272,1.0471975511965983,150.08665680720932,2,10.0,52,7.2698875532485605,0.7451972962800636,0.2115234854655815,0.1775893990987043,1.1343101808443494,True,
258,69,61,63,29,freeform,5.0,0.5,143.6,0.0,136.95,150.0,0.0,6.0,6.650000000000006,149.2424826405373,1.0471975511965983,150.2896801917339,2,10.0,30,10.000000000000014,0.7462124132026865,0.2115234854655815,0.13333338952384163,1.0910692881921096,True,
259,69,61,63,29,freeform,5.0,0.5,143.775,0.0,137.125,150.0,0.0,6.0,6.650000000000006,149.2424826405373,1.0471975511965983,150.2896801917339,2,10.0,30,10.000000000000014,0.7462124132026865,0.2115234854655815,0.13684529629255024,1.0945811949608182,True,
260,61,86,29,39,freeform,-45.0,0.5,135.55,150.0,35.25,0.0,0.0,6.0,100.30000000000001,181.60449480906715,9.424777960769378,191.02927276983652,2,90.0,250,10.000000000000016,0.9080224740453358,1.903711369190232,0.9656558837081263,3.777389726943694,True,
261,61,86,29,39,freeform,-45.0,0.5,135.725,150.0,35.425,0.0,0.0,6.0,100.3,181.60449480906715,9.424777960769378,191.02927276983652,2,90.0,250,10.000000000000016,0.9080224740453358,1.903711369190232,0.9755964622455998,3.787330305481168,True,
262,61,86,29,39,freeform,-45.0,0.5,135.9,150.0,35.6,0.0,0.0,6.0,100.30000000000001,181.60449480906715,9.424777960769378,191.02927276983652,2,90.0,250,9.999999999999998,0.9080224740453358,1.903711369190232,0.9658343728577404,3.777568216093308,True,
263,61,86,29,39,freeform,-45.0,0.5,136.075,150.0,35.775,0.0,0.0,6.0,100.29999999999998,181.60449480906715,9.424777960769378,191.02927276983652,2,90.0,248,9.999999999999998,0.9080224740453358,1.903711369190232,0.9658047885551206,3.7775386317906885,True,
264,61,86,29,39,freeform,-45.0,0.5,136.25,150.0,35.95,0.0,0.0,6.0,100.3,181.60449480906715,9.424777960769378,191.02927276983652,2,90.0,248,10.000000000000016,0.9080224740453358,1.903711369190232,0.9494060382320241,3.761139881467592,True,
265,61,114,29,3,u,0.0,0.5,135.2,150.0,19.775,150.0,114.9,6.0,115.42499999999998,161.62499999999997,18.84955592153876,180.47455592153872,2,180.0,266,9.999999999999998,0.8081249999999999,3.807422738380465,0.7491373633165901,5.364685101697055,True,
266,61,118,29,9,u,0.0,0.5,134.675,150.0,45.9,150.0,115.425,6.0,88.775,133.925,18.84955592153876,152.77455592153876,2,180.0,222,10.0,0.669625,3.807422738380465,0.5433633390647657,5.020411077445231,True,
267,61,118,29,9,u,0.0,0.5,134.85,150.0,45.725,150.0,115.25,6.0,89.125,134.625,18.84955592153876,153.47455592153875,2,180.0,222,10.0,0.673125,3.807422738380465,0.5392264533674977,5.019774191747962,True,
268,61,118,29,9,u,0.0,0.5,135.025,150.0,45.55,150.0,115.075,6.0,89.47500000000001,135.325,18.84955592153876,154.17455592153874,2,180.0,224,6.260188290070789,0.6766249999999999,3.807422738380465,0.562976467415125,5.04702420579559,True,
269,71,62,24,53,freeform,-10.0,0.5,113.225,150.0,98.6,0.0,0.0,6.0,14.625,149.17979377944445,2.094395102393195,151.27418888183766,2,20.0,185,9.999999999999998,0.7458989688972223,0.42304697093116267,0.5497029488778759,1.718648888706261,True,
270,71,62,24,53,freeform,-10.0,0.5,113.4,150.0,98.775,0.0,0.0,6.0,14.625,149.17979377944445,2.094395102393195,151.27418888183766,2,20.0,185,9.999999999999998,0.7458989688972223,0.42304697093116267,0.5475005619050831,1.716446501733468,True,
271,71,62,24,53,freeform,-10.0,0.5,113.575,150.0,98.95,0.0,0.0,6.0,14.625,149.17979377944445,2.094395102393195,151.27418888183766,2,20.0,185,9.999999999999998,0.7458989688972223,0.42304697093116267,0.5473219603744537,1.7162679002028387,True,
272,71,62,24,53,freeform,-10.0,0.5,113.75,150.0,99.125,0.0,0.0,6.0,14.625,149.17979377944445,2.094395102393195,151.27418888183766,2,20.0,185,9.999999999999998,0.7458989688972223,0.42304697093116267,0.5473219884697078,1.7162679282980928,True,
273,62,116,53,1,freeform,45.0,0.5,97.375,0.0,9.025,150.0,0.0,6.0,88.35,176.65464273870865,9.424777960769383,186.07942069947802,2,90.0,270,10.000000000000028,0.8832732136935433,1.9037113691902332,0.943661570187566,3.7306461530713424,True,
274,62,116,53,1,freeform,45.0,0.5,97.55,0.0,9.2,150.0,0.0,6.0,88.35,176.65464273870865,9.424777960769383,186.07942069947802,2,90.0,270,10.000000000000025,0.8832732136935433,1.9037113691902332,0.9423223256127597,3.729306908496536,True,
275,62,116,53,1,freeform,45.0,0.5,97.725,0.0,9.375,150.0,0.0,6.0,88.35,176.65464273870865,9.424777960769383,186.07942069947802,2,90.0,270,10.000000000000016,0.8832732136935433,1.9037113691902332,0.942471089983482,3.729455672867258,True,
276,66,68,31,61,freeform,-5.0,1.0,145.6,150.0,134.95,0.0,0.0,6.0,10.650000000000006,149.41712641217134,1.0471975511965983,150.46432396336795,2,10.0,30,5.000000000000004,0.7470856320608568,0.2115234854655815,0.18002975287414452,1.1386388704005828,True,
277,66,68,31,61,freeform,-5.0,1.0,145.775,150.0,135.125,0.0,0.0,6.0,10.650000000000006,149.41712641217134,1.0471975511965983,150.46432396336795,2,10.0,30,5.000000000000004,0.7470856320608568,0.2115234854655815,0.18083327714282504,1.1394423946692633,True,
278,66,69,31,63,freeform,-5.0,0.5,145.95,150.0,143.95,0.0,0.0,6.0,2.0,149.03945925601272,1.0471975511965983,150.08665680720932,2,10.0,0,,0.7451972962800636,0.2115234854655815,0.0,0.9567207817456451,True,
279,66,69,31,63,freeform,-5.0,0.5,146.125,150.0,144.125,0.0,0.0,6.0,2.0,149.03945925601272,1.0471975511965983,150.08665680720932,2,10.0,0,,0.7451972962800636,0.2115234854655815,0.0,0.9567207817456451,True,
280,66,70,31,51,freeform,-30.0,0.5,144.9,150.0,88.9,0.0,0.0,6.0,56.0,158.57437415779594,6.283185307179586,164.85755946497554,2,59.99999999999999,172,19.666638215041246,0.7928718707889797,1.2691409127934883,0.49386978411606747,2.5558825676985353,True,
281,66,70,31,51,freeform,-30.0,0.5,145.075,150.0,89.075,0.0,0.0,6.0,55.999999999999986,158.5743741577959,6.283185307179586,164.85755946497548,2,59.99999999999999,172,19.999999999999996,0.7928718707889795,1.2691409127934883,0.4872626512929439,2.5492754348754114,True,
282,66,70,31,51,freeform,-30.0,0.5,145.25,150.0,89.25,0.0,0.0,6.0,56.0,158.57437415779594,6.283185307179586,164.85755946497554,2,59.99999999999999,172,19.999999999999993,0.7928718707889797,1.2691409127934883,0.484941196633065,2.546953980215533,True,
283,66,70,31,51,freeform,-30.0,0.5,145.425,150.0,89.425,0.0,0.0,6.0,56.000000000000014,158.57437415779594,6.283185307179586,164.85755946497554,2,59.99999999999999,172,19.999999999999996,0.7928718707889797,1.2691409127934883,0.4804471359697923,2.54245991955226,True,
284,66,71,31,24,u,0.0,0.5,143.85,150.0,114.45,150.0,132.05,6.0,29.39999999999999,41.29999999999997,18.84955592153876,60.14955592153873,2,180.0,99,13.872102735010447,0.20649999999999985,3.807422738380465,0.21181562770416823,4.2257383660846335,True,
285,66,71,31,24,u,0.0,0.5,144.025,150.0,114.275,150.0,131.875,6.0,29.75,42.0,18.84955592153876,60.84955592153876,2,180.0,99,19.666638215041374,0.21,3.807422738380465,0.2036906206803547,4.22111335906082,True,
286,66,71,31,24,u,0.0,0.5,143.5,150.0,114.625,150.0,132.225,6.0,28.875,40.42500000000001,18.84955592153876,59.27455592153877,2,180.0,98,27.011095693914854,0.20212500000000005,3.807422738380465,0.20622040164975336,4.215768140030218,True,
287,66,89,31,33,freeform,-45.0,1.0,144.725,150.0,8.95,0.0,0.0,6.0,135.775,196.29872093425269,9.42477796076938,205.72349889502206,2,90.0,305,13.872102735010447,0.9814936046712635,1.9037113691902325,1.4455669341334876,4.330771907994984,True,
288,66,101,31,17,u,0.0,0.5,143.675,150.0,82.6,150.0,112.625,6.0,61.07500000000002,111.82500000000002,18.84955592153876,130.67455592153877,2,180.0,188,13.872102735010447,0.5591250000000001,3.807422738380465,0.5053871526021821,4.871934890982647,True,
289,66,111,31,19,u,0.0,0.5,144.2,150.0,91.95,150.0,112.45,6.0,52.249999999999986,103.34999999999998,18.84955592153876,122.19955592153875,2,180.0,179,13.872102735010447,0.5167499999999999,3.807422738380465,0.4844643358843818,4.808637074264847,True,
290,66,113,31,5,u,0.0,0.5,144.55,150.0,28.6,150.0,112.1,6.0,115.95000000000002,167.75000000000003,18.84955592153876,186.59955592153878,2,180.0,263,10.0,0.8387500000000001,3.807422738380465,0.7578277311396575,5.404000469520122,True,
291,66,118,31,9,u,0.0,0.5,144.375,150.0,45.375,150.0,112.275,6.0,99.0,150.45,18.84955592153876,169.29955592153874,2,180.0,241,2.3319991926830563,0.75225,3.807422738380465,0.6456550408505014,5.2053277792309665,True,
292,68,72,61,57,u,0.0,0.5,132.5,0.0,117.125,0.0,6.05,6.0,15.375,3.4749999999999996,18.84955592153876,22.32455592153876,2,180.0,48,46.56746344221023,0.017374999999999998,3.807422738380465,0.11794660215996308,3.942744340540428,True,
293,68,72,61,57,u,0.0,0.5,132.675,0.0,116.95,0.0,7.45,6.0,15.725000000000009,6.625000000000009,18.84955592153876,25.474555921538766,2,180.0,48,48.827113148206,0.03312500000000004,3.807422738380465,0.10669656001708186,3.947244298397547,True,
294,68,72,61,57,u,0.0,0.5,132.85,0.0,116.775,0.0,7.625,6.0,16.07499999999999,7.324999999999989,18.84955592153876,26.174555921538747,2,180.0,48,51.011332559848384,0.03662499999999994,3.807422738380465,0.10047632693885344,3.9445240653193183,True,
295,68,72,61,57,u,0.0,0.5,133.025,0.0,116.6,0.0,9.725,6.0,16.42500000000001,11.87500000000001,18.84955592153876,30.72455592153877,2,180.0,54,4.999999999999998,0.05937500000000005,3.807422738380465,0.14732159513614962,4.014119333516615,True,
296,68,76,61,47,u,0.0,0.5,133.375,0.0,71.775,0.0,31.775,6.0,61.599999999999994,101.15,18.84955592153876,119.99955592153876,2,180.0,207,20.0,0.50575,3.807422738380465,0.5225301462077021,4.8357028845881675,True,
297,68,76,61,47,u,0.0,0.5,133.55,0.0,71.6,0.0,31.95,6.0,61.95000000000002,101.85000000000002,18.84955592153876,120.69955592153877,2,180.0,207,19.666638215041246,0.5092500000000001,3.807422738380465,0.5298217356124202,4.846494473992885,True,
298,68,76,61,47,u,0.0,0.5,133.725,0.0,71.425,0.0,32.125,6.0,62.3,102.55,18.84955592153876,121.39955592153876,2,180.0,207,13.872102735011037,0.51275,3.807422738380465,0.5553575402043086,4.875530278584774,True,
299,68,77,61,49,u,0.0,0.5,133.2,0.0,80.6,0.0,31.6,6.0,52.599999999999994,91.79999999999998,18.84955592153876,110.64955592153873,2,180.0,181,19.999999999999996,0.4589999999999999,3.807422738380465,0.4709527100682144,4.737375448448679,True,
300,68,113,61,5,freeform,45.0,0.5,134.425,0.0,28.425,150.0,0.0,6.0,106.00000000000001,183.9655121145938,9.424777960769374,193.39029007536317,2,90.0,264,2.820810759754181,0.919827560572969,1.9037113691902314,1.084733291752359,3.9082722215155594,True,
301,68,116,61,1,freeform,45.0,1.0,133.9,0.0,10.775,150.0,0.0,6.0,123.125,191.05891937023307,9.424777960769383,200.48369733100245,2,90.0,301,13.872102735011632,0.9552945968511654,1.9037113691902332,1.2239901160895914,4.08299608213099,True,
302,68,116,61,1,freeform,45.0,1.0,134.075,0.0,10.95,150.0,0.0,6.0,123.12499999999999,191.05891937023304,9.424777960769383,200.48369733100242,2,90.0,301,15.000000000000002,0.9552945968511652,1.9037113691902332,1.2119068248991394,4.070912790940538,True,
303,68,116,61,1,freeform,45.0,1.0,134.25,0.0,11.125,150.0,0.0,6.0,123.125,191.05891937023307,9.424777960769383,200.48369733100245,2,90.0,301,13.872102735011632,0.9552945968511654,1.9037113691902332,1.2212819021610883,4.080287868202487,True,
304,69,73,63,59,u,0.0,0.5,142.725,0.0,125.6,0.0,34.225,6.0,17.125,61.575,18.84955592153876,80.42455592153877,2,180.0,64,9.999999999999998,0.307875,3.807422738380465,0.18523833204095164,4.300536070421417,True,
305,69,73,63,59,u,0.0,0.5,142.025,0.0,126.125,0.0,12.0,6.0,15.900000000000006,15.900000000000006,18.84955592153876,34.749555921538764,2,180.0,53,2.929496416359842,0.07950000000000003,3.807422738380465,0.14985137610554822,4.036774114486013,True,
306,69,73,63,59,u,0.0,0.5,142.375,0.0,125.95,0.0,21.275,6.0,16.424999999999997,34.97500000000001,18.84955592153876,53.82455592153877,2,180.0,60,9.999999999999998,0.17487500000000006,3.807422738380465,0.1550597586055763,4.137357496986041,True,
307,69,73,63,59,u,0.0,0.5,142.55,0.0,125.775,0.0,34.05,6.0,16.775000000000006,60.875,18.84955592153876,79.72455592153875,2,180.0,64,9.999999999999998,0.304375,3.807422738380465,0.18023830394569745,4.2920360423261625,True,
308,69,77,63,49,u,0.0,0.5,142.2,0.0,80.95,0.0,12.175,6.0,61.249999999999986,61.59999999999998,18.84955592153876,80.44955592153875,2,180.0,201,6.471297455751129,0.3079999999999999,3.807422738380465,0.43770852297629853,4.553131261356763,True,
309,69,79,63,43,u,0.0,0.5,141.5,0.0,53.775,0.0,7.975,6.0,87.725,79.67499999999998,18.84955592153876,98.52455592153873,2,180.0,288,44.90052796068889,0.3983749999999999,3.807422738380465,0.578035973163414,4.7838337115438785,True,
310,69,79,63,43,u,0.0,0.5,141.675,0.0,53.6,0.0,8.15,6.0,88.07500000000002,80.37500000000003,18.84955592153876,99.22455592153878,2,180.0,288,42.48111287543225,0.40187500000000015,3.807422738380465,0.5833632828742576,4.792661021254723,True,
311,69,79,63,43,u,0.0,0.5,141.85,0.0,53.425,0.0,10.6,6.0,88.425,85.62499999999999,18.84955592153876,104.47455592153875,2,180.0,278,39.9445051898148,0.4281249999999999,3.807422738380465,0.5746132688266298,4.810161007207094,True,
312,69,99,63,25,freeform,10.0,0.0,143.075,0.0,118.775,150.0,0.0,6.0,24.299999999999983,150.0262465990578,2.094395102393195,152.120641701451,2,20.0,104,2.929496416359842,0.750131232995289,0.42304697093116267,0.4754468269219967,1.6486250308484485,True,
313,69,99,63,25,freeform,10.0,0.0,143.25,0.0,118.95,150.0,0.0,6.0,24.299999999999997,150.0262465990578,2.094395102393195,152.120641701451,2,20.0,102,5.000000000000001,0.750131232995289,0.42304697093116267,0.4527087196430783,1.6258869235695301,True,
314,69,99,63,25,freeform,10.0,0.0,143.425,0.0,119.125,150.0,0.0,6.0,24.30000000000001,150.0262465990578,2.094395102393195,152.120641701451,2,20.0,100,5.000000000000001,0.750131232995289,0.42304697093116267,0.44282781542541877,1.6160060193518706,True,
315,69,111,63,19,freeform,20.0,1.0,142.9,0.0,91.775,150.0,0.0,6.0,51.125,154.7828693517171,4.18879020478639,158.97165955650348,2,40.0,187,9.999999999999996,0.7739143467585855,0.8460939418623253,0.9527097029769764,2.5727179915978873,True,
316,72,70,57,51,u,0.0,0.5,114.675,0.0,89.775,0.0,27.4,6.0,24.89999999999999,55.69999999999999,18.84955592153876,74.54955592153874,2,180.0,111,11.460399714098058,0.27849999999999997,3.807422738380465,0.2909227605272917,4.376845498907757,True,
317,72,70,57,51,u,0.0,0.5,114.5,0.0,90.125,0.0,7.45,6.0,24.375,15.274999999999999,18.84955592153876,34.12455592153876,2,180.0,80,46.56746344221026,0.076375,3.807422738380465,0.1690180989627232,4.052815837343188,True,
318,73,70,59,51,u,0.0,0.5,123.5,0.0,89.95,0.0,28.8,6.0,33.55,67.14999999999999,18.84955592153876,85.99955592153876,2,180.0,129,9.999999999999998,0.33574999999999994,3.807422738380465,0.3404168773810727,4.483589615761538,True,
319,73,70,59,51,u,0.0,0.5,123.675,0.0,89.6,0.0,28.975,6.0,34.075,68.025,18.84955592153876,86.87455592153876,2,180.0,128,9.999999999999998,0.340125,3.807422738380465,0.32110141824842925,4.468649156628895,True,
320,70,79,51,43,u,0.0,0.5,87.5,0.0,54.125,0.0,7.625,6.0,33.375,24.625,18.84955592153876,43.47455592153876,2,180.0,110,16.36291354007383,0.123125,3.807422738380465,0.25389903127563695,4.184446769656102,True,
321,70,79,51,43,u,0.0,0.5,87.675,0.0,53.95,0.0,7.8,6.0,33.724999999999994,25.324999999999996,18.84955592153876,44.174555921538754,2,180.0,112,11.588079995029547,0.126625,3.807422738380465,0.2660418563096321,4.200089594690097,True,
322,70,84,51,41,u,0.0,0.5,87.85,0.0,45.125,0.0,18.475,6.0,42.724999999999994,55.675,18.84955592153876,74.52455592153876,2,180.0,146,13.87210273501162,0.278375,3.807422738380465,0.3224405785374731,4.408238316917938,True,
323,93,70,27,51,freeform,-20.0,0.0,127.775,150.0,88.725,0.0,0.0,6.0,39.05000000000001,152.6537210596624,4.18879020478639,156.84251126444877,2,40.0,234,9.999999999999991,0.763268605298312,0.8460939418623253,0.884732252227955,2.4940947993885922,True,
324,111,70,19,51,freeform,-5.0,0.5,91.25,150.0,88.375,0.0,0.0,6.0,2.875,149.07766258105767,1.0471975511965983,150.12486013225427,2,10.0,219,15.000000000000005,0.7453883129052884,0.2115234854655815,0.62720283649686,1.58411463486773,True,
325,111,70,19,51,freeform,-5.0,0.5,91.425,150.0,88.55,0.0,0.0,6.0,2.875,149.07766258105767,1.0471975511965983,150.12486013225427,2,10.0,219,15.000000000000005,0.7453883129052884,0.2115234854655815,0.6289587898812143,1.5858705882520843,True,
326,70,113,51,5,freeform,30.0,0.0,88.025,0.0,27.725,150.0,0.0,6.0,60.300000000000004,159.72655568524976,6.283185307179586,166.00974099242936,2,59.99999999999999,254,9.999999999999995,0.7986327784262488,1.2691409127934883,0.8926793039119848,2.960452995131722,True,
327,70,118,51,9,freeform,20.0,0.0,88.2,0.0,45.025,150.0,0.0,6.0,43.175000000000004,153.3810698550848,4.188790204786391,157.5698600598712,2,40.0,259,9.999999999999993,0.7669053492754241,0.8460939418623257,1.0667565152894396,2.679755806427189,True,
328,73,71,59,24,freeform,5.0,0.5,124.55,0.0,113.925,150.0,0.0,6.0,10.625,149.41603488859863,1.0471975511965983,150.46323243979523,2,10.0,137,4.999999999999997,0.7470801744429931,0.2115234854655815,0.6029167088095482,1.561520368718123,True,
329,73,71,59,24,freeform,5.0,0.5,124.725,0.0,114.1,150.0,0.0,6.0,10.625,149.41603488859863,1.0471975511965983,150.46323243979523,2,10.0,137,4.999999999999997,0.7470801744429931,0.2115234854655815,0.6081846251531191,1.5667882850616937,True,
330,71,86,24,39,freeform,-30.0,0.0,113.05,150.0,35.075,0.0,0.0,6.0,77.975,164.46255766146984,6.283185307179586,170.74574296864944,2,59.99999999999999,295,9.999999999999991,0.8223127883073492,1.2691409127934883,1.070269124439502,3.1617228255403393,True,
331,71,108,24,13,u,0.0,0.5,112.0,150.0,65.125,150.0,125.575,6.0,46.875,71.72500000000002,18.849555921538737,90.57455592153876,2,180.0,156,13.872102735011007,0.35862500000000014,3.8074227383804606,0.4059826034186303,4.572030341799091,True,
332,71,111,24,19,u,0.0,0.5,112.175,150.0,92.125,150.0,132.225,6.0,20.049999999999997,31.60000000000001,18.84955592153876,50.44955592153877,2,180.0,73,13.872102735011007,0.15800000000000006,3.807422738380465,0.1938989188946203,4.159321657275085,True,
333,93,72,27,57,freeform,-5.0,1.0,128.125,150.0,116.425,0.0,0.0,6.0,11.700000000000003,149.4629704022253,1.0471975511965983,150.5101679534219,2,10.0,124,1.6702047088772864,0.7473148520111265,0.2115234854655815,0.5955357484013808,1.5543740858780888,True,
334,72,108,57,13,freeform,20.0,0.0,115.9,0.0,64.075,150.0,0.0,6.0,51.825,154.90629823821303,4.18879020478639,159.0950884429994,2,40.0,267,9.999999999999991,0.7745314911910651,0.8460939418623253,1.1196145612083235,2.7402399942617137,True,
335,72,108,57,13,freeform,20.0,0.0,116.075,0.0,64.25,150.0,0.0,6.0,51.825,154.90629823821303,4.18879020478639,159.0950884429994,2,40.0,267,9.999999999999988,0.7745314911910651,0.8460939418623253,1.0503578211568527,2.670983254210243,True,
336,72,108,57,13,freeform,20.0,1.0,116.25,0.0,64.425,150.0,0.0,6.0,51.825,154.90629823821303,4.18879020478639,159.0950884429994,2,40.0,259,9.900482421831173,0.7745314911910651,0.8460939418623253,1.1103884168886216,2.731013849942012,True,
337,72,113,57,5,freeform,45.0,0.5,115.375,0.0,28.075,150.0,0.0,6.0,87.3,176.21971849821693,9.424777960769383,185.6444964589863,2,90.0,252,8.23535723800098,0.8810985924910847,1.9037113691902332,0.9979775350347839,3.782787496716102,True,
338,72,116,57,1,freeform,45.0,0.5,114.85,0.0,10.25,150.0,0.0,6.0,104.6,183.38561312727145,9.424777960769383,192.81039108804083,2,90.0,272,10.00000000000002,0.9169280656363573,1.9037113691902332,1.1014594641673148,3.922098898993905,True,
339,72,116,57,1,freeform,45.0,0.5,115.025,0.0,10.425,150.0,0.0,6.0,104.60000000000001,183.38561312727148,9.424777960769374,192.81039108804086,2,90.0,272,9.999999999999968,0.9169280656363574,1.9037113691902314,1.109466049694888,3.930105484521477,True,
340,72,116,57,1,freeform,45.0,0.5,115.2,0.0,10.6,150.0,0.0,6.0,104.60000000000001,183.38561312727148,9.424777960769374,192.81039108804086,2,90.0,272,9.999999999999963,0.9169280656363574,1.9037113691902314,1.1115791499499927,3.9322185847765816,True,
341,61,73,29,59,freeform,-10.0,0.5,136.425,150.0,125.425,0.0,0.0,6.0,11.000000000000014,148.86264737416298,2.094395102393195,150.95704247655618,2,20.0,76,9.999999999999977,0.7443132368708149,0.42304697093116267,0.27922645336749713,1.4465866611694747,True,
342,73,99,59,25,freeform,5.0,0.5,124.9,0.0,118.25,150.0,0.0,6.0,6.650000000000006,149.2424826405373,1.0471975511965983,150.2896801917339,2,10.0,126,9.999999999999993,0.7462124132026865,0.2115234854655815,0.5330957879594976,1.4908316866277658,True,
343,73,99,59,25,freeform,5.0,0.5,125.075,0.0,118.425,150.0,0.0,6.0,6.650000000000006,149.2424826405373,1.0471975511965983,150.2896801917339,2,10.0,126,9.999999999999993,0.7462124132026865,0.2115234854655815,0.5312505197622014,1.4889864184304695,True,
344,73,99,59,25,freeform,5.0,0.5,125.25,0.0,118.6,150.0,0.0,6.0,6.650000000000006,149.2424826405373,1.0471975511965983,150.2896801917339,2,10.0,126,9.999999999999993,0.7462124132026865,0.2115234854655815,0.5295541002213903,1.4872899988896582,True,
345,73,108,59,13,freeform,30.0,0.0,124.2,0.0,64.6,150.0,0.0,6.0,59.60000000000001,159.53899125054795,6.283185307179586,165.82217655772754,2,59.99999999999999,270,9.999999999999993,0.7976949562527398,1.2691409127934883,1.006161654473329,3.072997523519557,True,
346,73,111,59,19,freeform,20.0,0.0,124.375,0.0,91.6,150.0,0.0,6.0,32.775000000000006,151.54726925571677,4.18879020478639,155.73605946050316,2,40.0,217,9.999999999999993,0.7577363462785839,0.8460939418623253,0.7228571468707509,2.32668743501166,True,
347,73,113,59,5,freeform,45.0,0.5,123.85,0.0,28.25,150.0,0.0,6.0,95.6,179.65769106591358,9.424777960769383,189.08246902668296,2,90.0,252,4.999999999999997,0.8982884553295679,1.9037113691902332,1.058393990987044,3.8603938155068453,True,
348,73,117,59,7,freeform,45.0,0.5,124.025,0.0,36.725,150.0,0.0,6.0,87.30000000000001,176.21971849821693,9.424777960769383,185.6444964589863,2,90.0,250,4.999999999999997,0.8810985924910847,1.9037113691902332,0.9397332636571049,3.7245432253384227,True,
349,74,76,55,47,u,0.0,0.5,105.85,0.0,72.125,0.0,24.95,6.0,33.724999999999994,59.625,18.84955592153876,78.47455592153875,2,180.0,138,24.14684799650252,0.29812500000000003,3.807422738380465,0.31398828989807015,4.419536028278535,True,
350,74,76,55,47,u,0.0,0.5,106.025,0.0,71.95,0.0,25.125,6.0,34.075,60.325,18.84955592153876,79.17455592153877,2,180.0,138,19.66663821504126,0.30162500000000003,3.807422738380465,0.32023819156468064,4.429285929945145,True,
351,74,77,55,49,u,0.0,0.5,105.675,0.0,80.775,0.0,24.6,6.0,24.89999999999999,50.099999999999994,18.84955592153876,68.94955592153875,2,180.0,109,19.999999999999996,0.2505,3.807422738380465,0.2549704156973806,4.3128931540778455,True,
352,74,77,55,49,u,0.0,0.5,105.5,0.0,81.125,0.0,12.0,6.0,24.375,24.375,18.84955592153876,43.22455592153876,2,180.0,96,19.14268736490624,0.121875,3.807422738380465,0.25154776755110525,4.18084550593157,True,
353,74,78,55,45,u,0.0,0.5,106.2,0.0,63.125,0.0,25.3,6.0,43.075,69.675,18.84955592153876,88.52455592153876,2,180.0,164,9.999999999999998,0.348375,3.807422738380465,0.4595836002382473,4.615381338618712,True,
354,74,78,55,45,u,0.0,0.5,106.375,0.0,62.95,0.0,10.075,6.0,43.425,39.575,18.84955592153876,58.42455592153876,2,180.0,160,13.872102735011056,0.19787500000000002,3.807422738380465,0.3997919827382757,4.405089721118741,True,
355,74,78,55,45,u,0.0,0.5,106.55,0.0,62.775,0.0,10.25,6.0,43.775,40.27499999999999,18.84955592153876,59.12455592153875,2,180.0,160,19.58371180438978,0.20137499999999997,3.807422738380465,0.39357177775530144,4.402369516135766,True,
356,74,78,55,45,u,0.0,0.5,106.725,0.0,62.6,0.0,10.425,6.0,44.12499999999999,40.974999999999994,18.84955592153876,59.82455592153875,2,180.0,162,9.30957122352318,0.20487499999999997,3.807422738380465,0.41110150253419186,4.423399240914657,True,
357,93,74,27,55,freeform,-10.0,1.0,127.95,150.0,108.125,0.0,0.0,6.0,19.825000000000003,149.63473482977926,2.094395102393195,151.72912993217247,2,20.0,147,4.999999999999998,0.7481736741488964,0.42304697093116267,0.6198517132485988,1.7910723583286579,True,
358,98,74,23,55,freeform,-5.0,0.5,109.6,150.0,107.425,0.0,0.0,6.0,2.174999999999997,149.04709992102173,1.0471975511965983,150.09429747221833,2,10.0,173,9.999999999999986,0.7452354996051086,0.2115234854655815,0.5497326455615119,1.506491630632202,True,
359,98,74,23,55,freeform,-5.0,0.5,109.775,150.0,107.6,0.0,0.0,6.0,2.1750000000000114,149.04709992102173,1.0471975511965983,150.09429747221833,2,10.0,173,9.999999999999986,0.7452354996051086,0.2115234854655815,0.5494350044390504,1.5061939895097405,True,
360,98,74,23,55,freeform,-5.0,0.5,109.95,150.0,107.775,0.0,0.0,6.0,2.174999999999997,149.04709992102173,1.0471975511965983,150.09429747221833,2,10.0,173,9.999999999999986,0.7452354996051086,0.2115234854655815,0.5503576244900713,1.5071166095607613,True,
361,74,113,55,5,freeform,30.0,0.0,106.9,0.0,27.9,150.0,0.0,6.0,79.0,164.73720558371176,6.283185307179586,171.02039089089135,2,59.99999999999999,292,9.999999999999996,0.8236860279185588,1.2691409127934883,1.2198224660890282,3.312649406801075,True,
362,74,118,55,9,freeform,30.0,0.0,107.075,0.0,45.2,150.0,0.0,6.0,61.875,160.14857566332876,6.283185307179586,166.43176097050835,2,59.99999999999999,291,9.999999999999996,0.8007428783166438,1.2691409127934883,1.1175008990481339,3.187384690158266,True,
363,76,80,47,35,u,0.0,0.5,69.5,0.0,17.075,0.0,12.35,6.0,52.425,53.125,18.84955592153876,71.97455592153875,2,180.0,160,27.952886589135197,0.265625,3.807422738380465,0.3341964476360647,4.40724418601653,True,
364,76,80,47,35,u,0.0,0.5,69.675,0.0,16.9,0.0,12.525,6.0,52.775,53.824999999999996,18.84955592153876,72.67455592153875,2,180.0,160,24.14684799650252,0.269125,3.807422738380465,0.33190483013609284,4.408452568516558,True,
365,76,80,47,35,u,0.0,0.5,69.85,0.0,16.725,0.0,12.7,6.0,53.12499999999999,54.52499999999999,18.84955592153876,73.37455592153876,2,180.0,160,19.666638215041665,0.27262499999999995,3.807422738380465,0.32901787420068945,4.409065612581154,True,
366,76,80,47,35,u,0.0,0.5,70.025,0.0,16.55,0.0,12.875,6.0,53.47500000000001,55.22500000000001,18.84955592153876,74.07455592153877,2,180.0,160,13.872102735011051,0.27612500000000006,3.807422738380465,0.33139889079936563,4.414946629179831,True,
367,93,76,27,47,freeform,-30.0,1.0,127.425,150.0,71.075,0.0,0.0,6.0,56.349999999999994,158.66815637514682,6.283185307179586,164.95134168232642,2,59.99999999999999,230,4.999999999999998,0.7933407818757341,1.2691409127934883,0.659197262398436,2.7216789570676587,True,
368,93,76,27,47,freeform,-30.0,1.0,127.6,150.0,71.25,0.0,0.0,6.0,56.349999999999994,158.66815637514682,6.283185307179586,164.95134168232642,2,59.99999999999999,230,4.999999999999998,0.7933407818757341,1.2691409127934883,0.6788104469393034,2.741292141608526,True,
369,76,108,47,13,freeform,5.0,0.5,70.725,0.0,63.2,150.0,0.0,6.0,7.5249999999999915,149.28068596558225,1.0471975511965983,150.32788351677885,2,10.0,241,5.000000000000002,0.7464034298279113,0.2115234854655815,0.9513101097962536,1.9092370250897464,True,
370,76,108,47,13,freeform,5.0,0.5,70.9,0.0,63.375,150.0,0.0,6.0,7.525000000000006,149.28068596558225,1.0471975511965983,150.32788351677885,2,10.0,241,5.000000000000003,0.7464034298279113,0.2115234854655815,0.9561612892350227,1.9140882045285155,True,
371,76,113,47,5,freeform,20.0,0.5,70.55,0.0,27.375,150.0,0.0,6.0,43.175,153.3810698550848,4.188790204786391,157.5698600598712,2,40.0,223,9.999999999999993,0.7669053492754241,0.8460939418623257,0.8604469112077608,2.4734462023455106,True,
372,76,116,47,1,freeform,30.0,0.0,70.2,0.0,8.675,150.0,0.0,6.0,61.525000000000006,160.05479344597788,6.283185307179586,166.33797875315747,2,59.99999999999999,231,7.264195800594208,0.8002739672298894,1.2691409127934883,0.7338102502725249,2.803225130295903,True,
373,76,116,47,1,freeform,30.0,0.0,70.375,0.0,8.85,150.0,0.0,6.0,61.525,160.05479344597788,6.283185307179586,166.33797875315747,2,59.99999999999999,229,9.999999999999995,0.8002739672298894,1.2691409127934883,0.697173196003732,2.7665880760271095,True,
374,77,81,49,37,u,0.0,0.5,78.5,0.0,26.425,0.0,13.925,6.0,52.075,55.925,18.84955592153876,74.77455592153876,2,180.0,164,20.0,0.279625,3.807422738380465,0.3596131002551044,4.4466608386355695,True,
375,77,81,49,37,u,0.0,0.5,78.675,0.0,26.25,0.0,14.1,6.0,52.425,56.625,18.84955592153876,75.47455592153875,2,180.0,164,20.0,0.283125,3.807422738380465,0.3629464616836918,4.453494200064157,True,
376,77,81,49,37,u,0.0,0.5,78.85,0.0,26.075,0.0,14.275,6.0,52.77499999999999,57.32499999999999,18.84955592153876,76.17455592153874,2,180.0,164,19.666638215041665,0.28662499999999996,3.807422738380465,0.36520838250002763,4.459256120880493,True,
377,77,81,49,37,u,0.0,0.5,79.025,0.0,25.9,0.0,14.45,6.0,53.12500000000001,58.025000000000006,18.84955592153876,76.87455592153876,2,180.0,164,13.872102735011051,0.290125,3.807422738380465,0.36925606576537034,4.466803804145835,True,
378,77,108,49,13,freeform,10.0,0.5,79.375,0.0,63.55,150.0,0.0,6.0,15.825000000000003,149.28478017567556,2.0943951023931953,151.37917527806877,2,20.0,247,9.999999999999998,0.7464239008783778,0.4230469709311627,0.811280356922111,1.9807512287316515,True,
379,77,108,49,13,freeform,10.0,0.5,79.55,0.0,63.725,150.0,0.0,6.0,15.824999999999996,149.28478017567556,2.0943951023931966,151.37917527806877,2,20.0,247,9.999999999999998,0.7464239008783778,0.423046970931163,0.8150898767180257,1.9845607485275665,True,
380,77,108,49,13,freeform,10.0,0.5,79.725,0.0,63.9,150.0,0.0,6.0,15.824999999999996,149.28478017567556,2.0943951023931966,151.37917527806877,2,20.0,247,9.999999999999998,0.7464239008783778,0.423046970931163,0.8151791634357134,1.984650035245254,True,
381,77,113,49,5,freeform,20.0,0.0,79.2,0.0,27.55,150.0,0.0,6.0,51.650000000000006,154.87544101658904,4.188790204786391,159.06423122137542,2,40.0,246,9.999999999999993,0.7743772050829452,0.8460939418623257,1.0419053920411787,2.6623765389864493,True,
382,78,80,45,35,u,0.0,0.5,60.85,0.0,17.425,0.0,10.25,6.0,43.425,39.925,18.84955592153876,58.774555921538756,2,180.0,132,44.90052796068899,0.199625,3.807422738380465,0.26142861557825664,4.268476353958722,True,
383,78,80,45,35,u,0.0,0.5,61.025,0.0,17.25,0.0,10.425,6.0,43.775,40.625,18.84955592153876,59.47455592153876,2,180.0,132,42.48111287543235,0.203125,3.807422738380465,0.26229167369048034,4.272839412070946,True,
384,78,81,45,37,u,0.0,0.5,60.5,0.0,26.775,0.0,9.9,6.0,33.725,29.525,18.84955592153876,48.37455592153876,2,180.0,108,37.26596292649422,0.147625,3.807422738380465,0.23797632693885373,4.193024065319319,True,
385,78,81,45,37,u,0.0,0.5,60.675,0.0,26.6,0.0,10.075,6.0,34.074999999999996,30.224999999999994,18.84955592153876,49.07455592153875,2,180.0,108,39.94450518981486,0.15112499999999998,3.807422738380465,0.23782747828236878,4.196375216662834,True,
386,99,78,25,45,freeform,-30.0,1.0,117.9,150.0,62.25,0.0,0.0,6.0,55.650000000000006,158.48059194044504,6.283185307179586,164.76377724762463,2,59.99999999999999,270,9.999999999999991,0.7924029597022252,1.2691409127934883,0.795417607857682,2.8569614803533954,True,
387,99,78,25,45,freeform,-30.0,1.0,118.075,150.0,62.425,0.0,0.0,6.0,55.650000000000006,158.48059194044504,6.283185307179586,164.76377724762463,2,59.99999999999999,270,9.999999999999991,0.7924029597022252,1.2691409127934883,0.7998521627726659,2.8613960352683794,True,
388,101,78,17,45,freeform,-10.0,1.0,81.9,150.0,61.725,0.0,0.0,6.0,20.175000000000004,149.6653558620133,2.094395102393195,151.75975096440652,2,20.0,245,9.999999999999996,0.7483267793100666,0.42304697093116267,0.7751782362923274,1.9465519865335568,True,
389,101,78,17,45,freeform,-10.0,1.0,82.075,150.0,61.9,0.0,0.0,6.0,20.175000000000004,149.6653558620133,2.094395102393195,151.75975096440652,2,20.0,247,9.30957122352318,0.7483267793100666,0.42304697093116267,0.7898807356461368,1.9612544858873662,True,
390,78,113,45,5,freeform,20.0,0.5,61.2,0.0,27.2,150.0,0.0,6.0,34.0,151.76326980708464,4.188790204786391,155.95206001187103,2,40.0,204,9.999999999999993,0.7588163490354232,0.8460939418623257,0.7593751334524584,2.364285424350207,True,
391,78,118,45,9,freeform,10.0,0.5,61.375,0.0,44.85,150.0,0.0,6.0,16.525,149.34602224014372,2.0943951023931953,151.44041734253693,2,20.0,231,4.581082908919731,0.7467301112007186,0.4230469709311627,0.7964889079936636,1.966265990125545,True,
392,79,80,43,35,u,0.0,0.5,52.025,0.0,18.125,0.0,8.15,6.0,33.9,26.199999999999996,18.84955592153876,45.049555921538754,2,180.0,109,44.90052796068899,0.13099999999999998,3.807422738380465,0.22598223818032684,4.164404976560792,True,
393,79,80,43,35,u,0.0,0.5,52.2,0.0,17.95,0.0,8.325,6.0,34.25,26.900000000000002,18.84955592153876,45.74955592153876,2,180.0,109,42.481112875432366,0.1345,3.807422738380465,0.21988101659867634,4.161803754979141,True,
394,79,80,43,35,u,0.0,0.5,52.375,0.0,17.775,0.0,8.5,6.0,34.6,27.6,18.84955592153876,46.44955592153876,2,180.0,109,39.9445051898149,0.138,3.807422738380465,0.21494055044221944,4.160363288822684,True,
395,79,80,43,35,u,0.0,0.5,52.55,0.0,17.6,0.0,8.675,6.0,34.949999999999996,28.299999999999997,18.84955592153876,47.149555921538756,2,180.0,109,37.26596292649422,0.1415,3.807422738380465,0.2134822100850726,4.162404948465538,True,
396,79,81,43,37,u,0.0,0.5,51.675,0.0,27.125,0.0,7.8,6.0,24.549999999999997,16.15,18.84955592153876,34.99955592153876,2,180.0,79,44.442169484158214,0.08074999999999999,3.807422738380465,0.1718156277041683,4.059988366084633,True,
397,79,81,43,37,u,0.0,0.5,51.85,0.0,26.95,0.0,7.975,6.0,24.900000000000002,16.849999999999998,18.84955592153876,35.69955592153876,2,180.0,79,46.346240554767846,0.08424999999999999,3.807422738380465,0.16410727329939437,4.055780011679859,True,
398,79,86,43,39,u,0.0,0.5,51.5,0.0,36.125,0.0,7.625,6.0,15.375,6.625,18.84955592153876,25.47455592153876,2,180.0,48,46.56746344221023,0.033125,3.807422738380465,0.11508942719395837,3.9556371655744234,True,
399,108,79,13,43,freeform,-10.0,0.0,62.675,150.0,52.725,0.0,0.0,6.0,9.949999999999996,148.77078427746076,2.0943951023931953,150.86517937985397,2,20.0,238,4.9999999999999964,0.7438539213873038,0.4230469709311627,0.7870240944899596,1.953924986808426,True,
400,108,79,13,43,freeform,-10.0,0.0,62.85,150.0,52.9,0.0,0.0,6.0,9.950000000000003,148.77078427746076,2.0943951023931953,150.86517937985397,2,20.0,238,4.9999999999999964,0.7438539213873038,0.4230469709311627,0.7797916455952267,1.9466925379136932,True,
401,109,79,15,43,freeform,-10.0,0.5,73.425,150.0,53.075,0.0,0.0,6.0,20.349999999999994,149.68066637813038,2.094395102393195,151.7750614805236,2,20.0,254,9.999999999999998,0.7484033318906519,0.42304697093116267,0.9201194891159001,2.0915697919377148,True,
402,61,80,29,35,freeform,-45.0,0.5,135.375,150.0,16.375,0.0,0.0,6.0,119.0,189.350288425444,9.42477796076938,198.77506638621338,2,90.0,288,12.916934477184016,0.9467514421272201,1.9037113691902325,1.4100609667015043,4.260523778018957,True,
403,108,80,13,35,freeform,-20.0,0.0,62.5,150.0,16.2,0.0,0.0,6.0,46.3,153.93209166979875,4.1887902047863905,158.12088187458514,2,40.0,172,1.3666334456665137,0.7696604583489938,0.8460939418623254,0.7079764393198721,2.323730839531191,True,
404,113,80,5,35,freeform,-10.0,0.0,26.85,150.0,15.675,0.0,0.0,6.0,11.175,148.87795789028002,2.0943951023931957,150.97235299267322,2,20.0,83,9.999999999999988,0.7443897894514001,0.42304697093116284,0.3316669195239541,1.4991036799065172,True,
405,113,80,5,35,freeform,-10.0,0.0,27.025,150.0,15.85,0.0,0.0,6.0,11.174999999999999,148.87795789028002,2.0943951023931953,150.97235299267322,2,20.0,83,9.999999999999986,0.7443897894514001,0.4230469709311627,0.334494453996831,1.5019312143793937,True,
406,117,80,7,35,freeform,-10.0,0.0,35.85,150.0,16.025,0.0,0.0,6.0,19.825000000000003,149.6347348297793,2.094395102393195,151.7291299321725,2,20.0,109,9.999999999999996,0.7481736741488965,0.42304697093116267,0.3869349482485417,1.5581555933286007,True,
407,62,81,53,37,u,0.0,0.5,96.675,0.0,25.725,0.0,21.45,6.0,70.94999999999999,89.85,18.84955592153876,108.69955592153875,2,180.0,195,28.451745380473458,0.44925,3.807422738380465,0.3877976973129689,4.644470435693434,True,
408,62,81,53,37,u,0.0,0.5,96.85,0.0,25.55,0.0,21.625,6.0,71.3,90.55,18.84955592153876,109.39955592153876,2,180.0,195,29.999999999999996,0.45275,3.807422738380465,0.3929167369048011,4.653089475285266,True,
409,62,81,53,37,u,0.0,0.5,97.025,0.0,25.375,0.0,21.8,6.0,71.65,91.25,18.84955592153876,110.09955592153875,2,180.0,195,29.999999999999996,0.45625,3.807422738380465,0.39553580459188725,4.659208542972352,True,
410,62,81,53,37,u,0.0,0.5,97.2,0.0,25.2,0.0,21.975,6.0,72.0,91.94999999999999,18.84955592153876,110.79955592153874,2,180.0,195,29.999999999999996,0.45974999999999994,3.807422738380465,0.39541676500005507,4.66258950338052,True,
411,62,84,53,41,u,0.0,0.5,96.5,0.0,44.95,0.0,21.275,6.0,51.55,70.1,18.84955592153876,88.94955592153875,2,180.0,167,29.084133194332352,0.3505,3.807422738380465,0.36032759066338443,4.51825032904385,True,
412,107,84,11,41,freeform,-10.0,0.0,53.5,150.0,43.2,0.0,0.0,6.0,10.299999999999997,148.80140530969484,2.0943951023931953,150.89580041208805,2,20.0,208,4.999999999999997,0.7440070265484743,0.4230469709311627,0.6803572030612594,1.8474112005408965,True,
413,107,84,11,41,freeform,-10.0,0.0,53.675,150.0,43.375,0.0,0.0,6.0,10.299999999999997,148.80140530969484,2.0943951023931953,150.89580041208805,2,20.0,208,4.999999999999997,0.7440070265484743,0.4230469709311627,0.6780655855612875,1.8451195830409244,True,
414,84,114,41,3,freeform,10.0,0.0,42.675,0.0,19.425,150.0,0.0,6.0,23.249999999999996,149.9343835023556,2.094395102393195,152.0287786047488,2,20.0,156,9.999999999999988,0.749671917511778,0.42304697093116267,0.5916965600170826,1.7644154484600234,True,
415,84,114,41,3,freeform,10.0,0.0,42.85,0.0,19.6,150.0,0.0,6.0,23.25,149.9343835023556,2.094395102393195,152.0287786047488,2,20.0,154,9.999999999999988,0.749671917511778,0.42304697093116267,0.5778573435375305,1.7505762319804712,True,
416,86,114,39,3,freeform,10.0,0.0,33.5,0.0,18.9,150.0,0.0,6.0,14.600000000000001,149.17760656285628,2.0943951023931953,151.2720016652495,2,20.0,126,5.0,0.7458880328142814,0.4230469709311627,0.4871131564456135,1.6560481601910577,True,
417,86,114,39,3,freeform,10.0,0.5,33.675,0.0,19.075,150.0,0.0,6.0,14.599999999999998,149.17760656285628,2.0943951023931953,151.2720016652495,2,20.0,128,9.999999999999991,0.7458880328142814,0.4230469709311627,0.5013098288437112,1.6702448325891555,True,
418,117,86,7,39,freeform,-5.0,0.0,36.025,150.0,34.025,0.0,0.0,6.0,2.0,149.03945925601272,1.0471975511965976,150.08665680720932,2,10.0,156,4.999999999999993,0.7451972962800636,0.21152348546558136,0.5581847656293893,1.5149055473750344,True,
419,118,86,9,39,freeform,-10.0,0.0,44.675,150.0,34.2,0.0,0.0,6.0,10.474999999999994,148.81671582581188,2.0943951023931953,150.9111109282051,2,20.0,175,9.999999999999991,0.7440835791290594,0.4230469709311627,0.5405957598642435,1.7077263099244655,True,
420,84,89,41,33,u,0.0,0.5,42.5,0.0,9.125,0.0,6.05,6.0,33.375,21.475,18.84955592153876,40.32455592153876,2,180.0,112,44.90052796068899,0.10737500000000001,3.807422738380465,0.24038709641167433,4.15518483479214,True,
421,117,89,7,33,freeform,-20.0,0.5,35.5,150.0,8.25,0.0,0.0,6.0,27.25,150.5730626873025,4.188790204786391,154.76185289208888,2,40.0,116,4.999999999999993,0.7528653134365125,0.8460939418623257,0.4601789667689335,2.0591382220677716,True,
422,117,89,7,33,freeform,-20.0,0.5,35.675,150.0,8.425,0.0,0.0,6.0,27.249999999999996,150.5730626873025,4.188790204786391,154.76185289208888,2,40.0,116,4.999999999999993,0.7528653134365125,0.8460939418623257,0.45559561938797305,2.0545548746868114,True,
423,93,107,27,11,u,0.0,0.5,125.5,150.0,55.6,150.0,119.975,6.0,69.9,105.95000000000002,18.84955592153876,124.79955592153877,2,180.0,203,8.13010235415571,0.52975,3.807422738380465,0.45934552105458265,4.7965182594350475,True,
424,93,107,27,11,u,0.0,0.5,125.675,150.0,55.425,150.0,119.8,6.0,70.25,106.65,18.84955592153876,125.49955592153876,2,180.0,207,8.130102354154353,0.53325,3.807422738380465,0.5133040018879999,4.853976740268465,True,
425,93,107,27,11,u,0.0,0.5,125.85,150.0,55.25,150.0,119.625,6.0,70.6,107.35,18.84955592153876,126.19955592153875,2,180.0,207,18.431632839050046,0.53675,3.807422738380465,0.47815515323151525,4.82232789161198,True,
426,93,107,27,11,u,0.0,0.5,126.025,150.0,55.075,150.0,119.45,6.0,70.95,108.05,18.84955592153876,126.89955592153876,2,180.0,207,20.0,0.54025,3.807422738380465,0.46773838823145913,4.815411126611925,True,
427,93,107,27,11,u,0.0,0.5,126.2,150.0,54.9,150.0,119.275,6.0,71.30000000000001,108.75,18.84955592153876,127.59955592153875,2,180.0,207,20.0,0.5437500000000001,3.807422738380465,0.46440508299337985,4.815577821373845,True,
428,93,107,27,11,u,0.0,0.5,126.375,150.0,54.725,150.0,119.1,6.0,71.65,109.45000000000002,18.84955592153876,128.29955592153877,2,180.0,207,20.0,0.5472500000000001,3.807422738380465,0.47916706000022363,4.833839798380689,True,
429,93,107,27,11,u,0.0,0.5,126.55,150.0,54.55,150.0,118.925,6.0,72.0,110.15,18.84955592153876,128.99955592153876,2,180.0,207,20.0,0.5507500000000001,3.807422738380465,0.4815182113437386,4.839690949724203,True,
430,93,107,27,11,u,0.0,0.5,126.725,150.0,54.375,150.0,118.75,6.0,72.35,110.85,18.84955592153876,129.69955592153875,2,180.0,207,20.0,0.55425,3.807422738380465,0.48351224391175734,4.845184982292222,True,
431,93,107,27,11,u,0.0,0.5,126.9,150.0,54.2,150.0,118.575,6.0,72.7,111.55,18.84955592153876,130.39955592153876,2,180.0,207,20.0,0.55775,3.807422738380465,0.47919672858860574,4.844369466969071,True,
432,93,107,27,11,u,0.0,0.5,127.075,150.0,54.025,150.0,118.4,6.0,73.05000000000001,112.25,18.84955592153876,131.09955592153875,2,180.0,207,20.0,0.56125,3.807422738380465,0.4802086072620603,4.848881345642526,True,
433,93,113,27,5,u,0.0,0.5,127.25,150.0,28.775,150.0,118.225,6.0,98.475,138.025,18.84955592153876,156.87455592153876,2,180.0,246,1.6702047088772864,0.690125,3.807422738380465,0.6267562062416425,5.124303944622108,True,
434,98,74,23,55,freeform,-5.0,0.5,110.125,150.0,107.95,0.0,0.0,6.0,2.174999999999997,149.04709992102173,1.0471975511965983,150.09429747221833,2,10.0,173,9.999999999999986,0.7452354996051086,0.2115234854655815,0.5573516851533441,1.5141106702240341,True,
435,98,78,23,45,freeform,-30.0,0.0,109.425,150.0,62.075,0.0,0.0,6.0,47.349999999999994,156.2566136432667,6.283185307179586,162.53979895044628,2,59.99999999999999,280,9.999999999999991,0.7812830682163334,1.2691409127934883,0.8333933167009455,2.8838172977107672,True,
436,98,89,23,33,freeform,-45.0,1.0,109.075,150.0,8.6,0.0,0.0,6.0,100.47500000000001,181.67698218248245,9.42477796076938,191.10176014325182,2,90.0,281,15.000000000000002,0.9083849109124122,1.9037113691902325,1.1077094220244346,3.9198057021270793,True,
437,98,89,23,33,freeform,-45.0,1.0,109.25,150.0,8.775,0.0,0.0,6.0,100.475,181.67698218248245,9.42477796076938,191.10176014325182,2,90.0,281,13.872102735011007,0.9083849109124122,1.9037113691902325,1.1111916040142527,3.923287884116897,True,
438,98,101,23,17,u,0.0,0.5,107.5,150.0,82.425,150.0,137.475,6.0,25.075000000000003,26.125000000000014,18.84955592153876,44.97455592153877,2,180.0,80,13.504291958560026,0.13062500000000007,3.807422738380465,0.21916700380971646,4.157214742190182,True,
439,98,109,23,15,u,0.0,0.5,107.675,150.0,74.125,150.0,127.675,6.0,33.55,54.199999999999974,18.84955592153878,73.04955592153875,2,180.0,107,29.999999999999993,0.27099999999999985,3.807422738380469,0.24973239270422445,4.328155131084693,True,
440,98,109,23,15,u,0.0,0.5,107.85,150.0,73.95,150.0,127.5,6.0,33.89999999999999,54.89999999999999,18.84955592153876,73.74955592153876,2,180.0,107,29.999999999999993,0.27449999999999997,3.807422738380465,0.24794660215996323,4.329869340540428,True,
441,98,113,23,5,u,0.0,0.5,108.725,150.0,29.125,150.0,126.625,6.0,79.6,102.35,18.84955592153876,121.19955592153875,2,180.0,223,10.0,0.5117499999999999,3.807422738380465,0.4892859310205313,4.808458669400997,True,
442,98,113,23,5,u,0.0,0.5,108.9,150.0,28.95,150.0,126.45,6.0,79.95,103.05000000000003,18.849555921538737,121.89955592153876,2,180.0,223,10.0,0.5152500000000001,3.8074227383804606,0.4853276468538928,4.808000385234354,True,
443,98,117,23,7,u,0.0,0.5,108.025,150.0,37.425,150.0,127.325,6.0,70.60000000000001,91.95000000000003,18.849555921538737,110.79955592153877,2,180.0,215,19.370182033481363,0.45975000000000016,3.8074227383804606,0.4568751615477108,4.724047899928172,True,
444,98,117,23,7,u,0.0,0.5,108.2,150.0,37.25,150.0,127.15,6.0,70.95,92.64999999999999,18.84955592153876,111.49955592153876,2,180.0,217,13.916166184550747,0.46324999999999994,3.807422738380465,0.48788715260218196,4.758559890982648,True,
445,98,117,23,7,u,0.0,0.5,108.375,150.0,37.075,150.0,126.975,6.0,71.3,93.35000000000001,18.84955592153876,112.19955592153877,2,180.0,217,21.439153966678717,0.46675000000000005,3.807422738380465,0.4800895676702286,4.754262306050694,True,
446,99,84,25,41,freeform,-30.0,0.0,117.725,150.0,44.775,0.0,0.0,6.0,72.94999999999999,163.11611296950343,6.283185307179586,169.39929827668303,2,59.99999999999999,288,9.999999999999991,0.8155805648475172,1.2691409127934883,1.0436322106469789,3.1283536882879845,True,
447,99,101,25,17,u,0.0,0.5,116.5,150.0,83.125,150.0,123.825,6.0,33.375,61.72500000000002,18.849555921538737,80.57455592153876,2,180.0,108,27.95288658913529,0.3086250000000001,3.8074227383804606,0.28065504085049964,4.39670277923096,True,
448,99,101,25,17,u,0.0,0.5,116.675,150.0,82.95,150.0,123.65,6.0,33.724999999999994,62.42499999999998,18.84955592153876,81.27455592153873,2,180.0,108,24.146847996502466,0.31212499999999993,3.807422738380465,0.2750299495409236,4.394577687921388,True,
449,99,101,25,17,u,0.0,0.5,116.85,150.0,82.775,150.0,123.475,6.0,34.07499999999999,63.125,18.84955592153876,81.97455592153875,2,180.0,108,19.666638215041676,0.315625,3.807422738380465,0.26872045784026166,4.391768196220727,True,
450,99,107,25,11,u,0.0,0.5,117.2,150.0,56.125,150.0,123.125,6.0,61.075,90.825,18.84955592153876,109.67455592153877,2,180.0,182,20.0,0.454125,3.807422738380465,0.41687535821448984,4.678423096594956,True,
451,99,107,25,11,u,0.0,0.5,117.375,150.0,55.95,150.0,122.95,6.0,61.425,91.52500000000002,18.849555921538737,110.37455592153876,2,180.0,182,19.666638215041374,0.4576250000000001,3.8074227383804606,0.4063693907825085,4.671417129162969,True,
452,99,107,25,11,u,0.0,0.5,117.55,150.0,55.775,150.0,122.775,6.0,61.775,92.225,18.84955592153876,111.07455592153875,2,180.0,182,13.872102735011007,0.461125,3.807422738380465,0.40071463088455045,4.669262369265016,True,
453,99,109,25,15,u,0.0,0.5,117.025,150.0,73.775,150.0,123.3,6.0,43.25,72.64999999999998,18.84955592153878,91.49955592153876,2,180.0,131,27.952886589134987,0.3632499999999999,3.807422738380469,0.29657763280626637,4.4672503711867355,True,
454,61,101,29,17,u,0.0,0.5,134.5,150.0,82.25,150.0,138.875,6.0,52.25,50.5,18.84955592153876,69.34955592153875,2,180.0,165,13.504291958560026,0.2525,3.807422738380465,0.35258956767022887,4.4125123060506946,True,
455,101,84,17,41,freeform,-20.0,0.5,81.55,150.0,44.425,0.0,0.0,6.0,37.125,152.31429162179862,4.188790204786391,156.503081826585,2,40.0,239,9.999999999999993,0.7615714581089931,0.8460939418623257,0.857827955901692,2.4654933558730106,True,
456,101,84,17,41,freeform,-20.0,0.5,81.725,150.0,44.6,0.0,0.0,6.0,37.12499999999999,152.3142916217986,4.188790204786391,156.50308182658497,2,40.0,239,9.999999999999993,0.761571458108993,0.8460939418623257,0.8566969814458971,2.4643623814172155,True,
457,101,114,17,3,u,0.0,0.5,81.375,150.0,20.125,150.0,133.8,6.0,61.25,69.64999999999998,18.84955592153876,88.49955592153873,2,180.0,185,16.850379502791423,0.3482499999999999,3.807422738380465,0.4013988907993654,4.5570716291798306,True,
458,101,117,17,7,u,0.0,0.5,81.025,150.0,37.775,150.0,134.325,6.0,43.25000000000001,50.60000000000003,18.84955592153876,69.44955592153879,2,180.0,143,29.999999999999986,0.25300000000000017,3.807422738380465,0.30651801467696044,4.366940753057426,True,
459,101,118,17,9,u,0.0,0.5,80.5,150.0,47.125,150.0,143.95,6.0,33.375,21.475000000000023,18.84955592153876,40.32455592153878,2,180.0,112,42.48111287543219,0.10737500000000011,3.807422738380465,0.23625018261915218,4.151047920999617,True,
460,101,118,17,9,u,0.0,0.5,80.675,150.0,46.95,150.0,143.775,6.0,33.724999999999994,22.174999999999983,18.84955592153876,41.02455592153874,2,180.0,112,39.94450518981498,0.11087499999999992,3.807422738380465,0.22976206129260665,4.148059799673072,True,
461,101,118,17,9,u,0.0,0.5,80.85,150.0,46.775,150.0,134.675,6.0,34.074999999999996,40.72499999999997,18.84955592153876,59.57455592153873,2,180.0,112,27.952886589134927,0.20362499999999986,3.807422738380465,0.23985137610554844,4.250899114486013,True,
462,74,107,55,11,freeform,30.0,0.0,107.25,0.0,53.85,150.0,0.0,6.0,53.4,157.87770625747498,6.283185307179586,164.16089156465458,2,59.99999999999999,288,9.999999999999996,0.789388531287375,1.2691409127934883,1.0256556308508387,3.084185074931702,True,
463,108,78,13,45,freeform,-5.0,0.0,63.025,150.0,61.55,0.0,0.0,6.0,1.4750000000000014,149.01653726098576,1.0471975511965976,150.06373481218236,2,10.0,247,4.999999999999998,0.7450826863049288,0.21152348546558136,0.8120537349830885,1.7686599067535986,True,
464,111,108,19,13,u,0.0,0.5,89.675,150.0,64.775,150.0,140.625,6.0,24.89999999999999,19.64999999999999,18.84955592153876,38.49955592153875,2,180.0,91,13.872102735011007,0.09824999999999996,3.807422738380465,0.2426192643538655,4.148292002734331,True,
465,111,108,19,13,u,0.0,0.5,89.5,150.0,64.95,150.0,131.35,6.0,24.549999999999997,37.85000000000001,18.84955592153876,56.69955592153877,2,180.0,111,13.872102735011007,0.18925000000000006,3.807422738380465,0.3266371385545553,4.323309876935021,True,
466,77,109,49,15,freeform,5.0,0.5,79.9,0.0,73.6,150.0,0.0,6.0,6.300000000000011,149.22720131051932,1.0471975511965983,150.27439886171592,2,10.0,238,9.999999999999991,0.7461360065525966,0.2115234854655815,0.8773816346942677,1.8350411267124458,True,
467,109,84,15,41,freeform,-20.0,0.5,72.55,150.0,43.55,0.0,0.0,6.0,29.0,150.8816349035423,4.188790204786391,155.0704251083287,2,40.0,236,9.999999999999991,0.7544081745177116,0.8460939418623257,0.7647027522110995,2.3652048685911367,True,
468,109,84,15,41,freeform,-20.0,0.5,72.725,150.0,43.725,0.0,0.0,6.0,28.999999999999993,150.8816349035423,4.188790204786391,155.0704251083287,2,40.0,236,9.999999999999995,0.7544081745177116,0.8460939418623257,0.7761909578234074,2.3766930742034447,True,
469,109,84,15,41,freeform,-20.0,0.5,72.9,150.0,43.9,0.0,0.0,6.0,29.000000000000007,150.8816349035423,4.188790204786391,155.0704251083287,2,40.0,236,9.999999999999991,0.7544081745177116,0.8460939418623257,0.7746730555274634,2.3751751719075007,True,
470,109,84,15,41,freeform,-20.0,0.5,73.075,150.0,44.075,0.0,0.0,6.0,29.0,150.8816349035423,4.188790204786391,155.0704251083287,2,40.0,236,4.999999999999997,0.7544081745177116,0.8460939418623257,0.7816670600002277,2.382169176380265,True,
471,109,84,15,41,freeform,-20.0,0.5,73.25,150.0,44.25,0.0,0.0,6.0,29.0,150.8816349035423,4.188790204786391,155.0704251083287,2,40.0,236,4.999999999999997,0.7544081745177116,0.8460939418623257,0.7810420529764142,2.3815441693564514,True,
472,109,86,15,39,freeform,-20.0,0.5,71.85,150.0,34.375,0.0,0.0,6.0,37.474999999999994,152.37600606504657,4.188790204786391,156.56479626983295,2,40.0,223,9.999999999999993,0.7618800303252329,0.8460939418623257,0.7988398345751466,2.406813806762705,True,
473,109,86,15,39,freeform,-20.0,0.5,72.025,150.0,34.55,0.0,0.0,6.0,37.47500000000001,152.37600606504657,4.188790204786391,156.56479626983295,2,40.0,223,9.999999999999993,0.7618800303252329,0.8460939418623257,0.803750575952713,2.4117245481402714,True,
474,109,86,15,39,freeform,-20.0,0.5,72.2,150.0,34.725,0.0,0.0,6.0,37.475,152.37600606504657,4.188790204786391,156.56479626983295,2,40.0,223,9.999999999999993,0.7618800303252329,0.8460939418623257,0.8063100817010022,2.4142840538885606,True,
475,109,86,15,39,freeform,-20.0,0.5,72.375,150.0,34.9,0.0,0.0,6.0,37.475,152.37600606504657,4.188790204786391,156.56479626983295,2,40.0,225,6.614487261943308,0.7618800303252329,0.8460939418623257,0.8273517975343635,2.435325769721922,True,
476,109,117,15,7,u,0.0,0.5,71.5,150.0,38.125,150.0,136.95,6.0,33.375,35.47500000000002,18.84955592153876,54.32455592153878,2,180.0,112,38.76422916628466,0.17737500000000012,3.807422738380465,0.25059539462593994,4.235393133006405,True,
477,109,117,15,7,u,0.0,0.5,71.675,150.0,37.95,150.0,136.775,6.0,33.724999999999994,36.17499999999998,18.84955592153876,55.02455592153874,2,180.0,112,40.88103109947147,0.18087499999999992,3.807422738380465,0.24625012642864383,4.234547864809109,True,
478,111,77,19,49,freeform,-10.0,0.5,90.725,150.0,80.075,0.0,0.0,6.0,10.649999999999991,148.8320263419289,2.094395102393195,150.9264214443221,2,20.0,224,10.000000000000002,0.7441601317096445,0.42304697093116267,0.6021434431295872,1.7693505457703944,True,
479,111,77,19,49,freeform,-10.0,0.5,90.9,150.0,80.25,0.0,0.0,6.0,10.650000000000006,148.8320263419289,2.094395102393195,150.9264214443221,2,20.0,224,10.000000000000004,0.7441601317096445,0.42304697093116267,0.6013394131463321,1.7685465157871392,True,
480,111,77,19,49,freeform,-10.0,0.5,91.075,150.0,80.425,0.0,0.0,6.0,10.650000000000006,148.8320263419289,2.094395102393195,150.9264214443221,2,20.0,224,10.000000000000004,0.7441601317096445,0.42304697093116267,0.5985417720238705,1.7657488746646774,True,
481,111,79,19,43,freeform,-20.0,0.5,90.55,150.0,53.25,0.0,0.0,6.0,37.3,152.3451488434226,4.188790204786391,156.533939048209,2,40.0,256,9.999999999999993,0.761725744217113,0.8460939418623257,0.893899424609198,2.5017191106886365,True,
482,111,81,19,37,freeform,-30.0,0.0,90.025,150.0,24.675,0.0,0.0,6.0,65.35000000000001,161.07969910702693,6.283185307179586,167.36288441420652,2,59.99999999999999,246,9.999999999999993,0.8053984955351347,1.2691409127934883,0.7465484980277155,2.8210879063563388,True,
483,111,81,19,37,freeform,-30.0,0.0,90.2,150.0,24.85,0.0,0.0,6.0,65.35,161.07969910702693,6.283185307179586,167.36288441420652,2,59.99999999999999,246,9.999999999999998,0.8053984955351347,1.2691409127934883,0.7390780823303349,2.8136174906589577,True,
484,111,81,19,37,freeform,-30.0,0.0,90.375,150.0,25.025,0.0,0.0,6.0,65.35,161.07969910702693,6.283185307179586,167.36288441420652,2,59.99999999999999,246,9.999999999999998,0.8053984955351347,1.2691409127934883,0.7321436397963677,2.8066830481249907,True,
485,111,114,19,3,u,0.0,0.5,89.85,150.0,19.95,150.0,130.65,6.0,69.89999999999999,84.59999999999998,18.84955592153876,103.44955592153875,2,180.0,225,9.999999999999998,0.42299999999999993,3.807422738380465,0.547291926547767,4.777714664928232,True,
486,113,89,5,33,freeform,-10.0,0.0,26.5,150.0,7.9,0.0,0.0,6.0,18.6,149.52756121696,2.094395102393195,151.62195631935322,2,20.0,84,9.999999999999988,0.7476378060848,0.42304697093116267,0.3707738837755526,1.5414586607915153,True,
487,113,89,5,33,freeform,-10.0,0.0,26.675,150.0,8.075,0.0,0.0,6.0,18.6,149.52756121696,2.094395102393195,151.62195631935322,2,20.0,84,9.999999999999988,0.7476378060848,0.42304697093116267,0.3718155434184057,1.5425003204343684,True,
488,86,114,39,3,freeform,10.0,0.5,33.85,0.0,19.25,150.0,0.0,6.0,14.600000000000001,149.17760656285628,2.0943951023931953,151.2720016652495,2,20.0,128,9.999999999999996,0.7458880328142814,0.4230469709311627,0.5022622298641309,1.671197233609575,True,
489,114,89,3,33,freeform,-10.0,0.0,17.5,150.0,6.5,0.0,0.0,6.0,11.0,148.86264737416298,2.0943951023931957,150.95704247655618,2,20.0,60,9.999999999999996,0.7443132368708149,0.42304697093116284,0.23949417304428938,1.4068543808462672,True,
490,114,89,3,33,freeform,-10.0,0.0,17.675,150.0,6.675,0.0,0.0,6.0,11.0,148.86264737416298,2.0943951023931957,150.95704247655618,2,20.0,60,9.999999999999996,0.7443132368708149,0.42304697093116284,0.23291679309531033,1.400277000897288,True,
491,114,89,3,33,freeform,-10.0,0.0,17.85,150.0,6.85,0.0,0.0,6.0,11.000000000000002,148.86264737416298,2.0943951023931953,150.95704247655618,2,20.0,60,9.999999999999998,0.7443132368708149,0.4230469709311627,0.22258928671768768,1.3899494945196653,True,
492,114,89,3,33,freeform,-10.0,0.0,18.025,150.0,7.025,0.0,0.0,6.0,10.999999999999998,148.86264737416298,2.0943951023931953,150.95704247655618,2,20.0,60,10.0,0.7443132368708149,0.4230469709311627,0.21520818583324908,1.3825683936352267,True,
493,114,89,3,33,freeform,-10.0,0.0,18.2,150.0,7.2,0.0,0.0,6.0,11.0,148.86264737416298,2.0943951023931957,150.95704247655618,2,20.0,60,9.999999999999996,0.7443132368708149,0.42304697093116284,0.22720247125855503,1.3945626790605328,True,
494,114,89,3,33,freeform,-10.0,0.0,18.375,150.0,7.375,0.0,0.0,6.0,11.0,148.86264737416298,2.0943951023931957,150.95704247655618,2,20.0,60,9.999999999999996,0.7443132368708149,0.42304697093116284,0.2269941449490352,1.394354352751013,True,
495,114,89,3,33,freeform,-10.0,0.0,18.55,150.0,7.55,0.0,0.0,6.0,11.0,148.86264737416298,2.0943951023931957,150.95704247655618,2,20.0,60,9.999999999999996,0.7443132368708149,0.42304697093116284,0.22761912387759464,1.3949793316795724,True,
496,114,89,3,33,freeform,-10.0,0.0,18.725,150.0,7.725,0.0,0.0,6.0,11.000000000000002,148.86264737416298,2.0943951023931953,150.95704247655618,2,20.0,60,9.999999999999998,0.7443132368708149,0.4230469709311627,0.22333333333333333,1.390693541135311,True,
497,62,116,53,1,freeform,45.0,0.5,97.9,0.0,9.55,150.0,0.0,6.0,88.35000000000001,176.65464273870867,9.424777960769383,186.07942069947805,2,90.0,270,10.000000000000009,0.8832732136935434,1.9037113691902332,0.9425907195756518,3.7295753024594287,True,
498,62,116,53,1,freeform,45.0,0.5,98.075,0.0,9.725,150.0,0.0,6.0,88.35000000000001,176.65464273870867,9.424777960769383,186.07942069947805,2,90.0,270,10.000000000000005,0.8832732136935434,1.9037113691902332,0.9427395401368824,3.729724123020659,True,
499,62,116,53,1,freeform,45.0,0.5,98.25,0.0,9.9,150.0,0.0,6.0,88.35,176.65464273870865,9.424777960769383,186.07942069947802,2,90.0,270,10.000000000000028,0.8832732136935433,1.9037113691902332,0.944524684490298,3.7315092673740744,True,
500,62,116,53,1,freeform,45.0,0.5,98.425,0.0,10.075,150.0,0.0,6.0,88.35,176.65464273870865,9.424777960769383,186.07942069947802,2,90.0,270,10.000000000000021,0.8832732136935433,1.9037113691902332,0.94235205039165,3.7293366332754263,True,
501,80,116,35,1,freeform,5.0,0.0,15.5,0.0,8.5,150.0,0.0,6.0,7.0,149.2577639705553,1.0471975511965979,150.3049615217519,2,10.0,64,4.999999999999997,0.7462888198527765,0.21152348546558142,0.423839525527348,1.381651830845706,True,
502,72,117,57,7,freeform,30.0,0.5,115.55,0.0,36.375,150.0,0.0,6.0,79.175,164.7840966923872,6.283185307179586,171.0672819995668,2,59.99999999999999,283,9.999999999999988,0.823920483461936,1.2691409127934883,1.1137803850173633,3.2068417812727876,True,
503,72,117,57,7,freeform,30.0,0.5,115.725,0.0,36.55,150.0,0.0,6.0,79.175,164.7840966923872,6.283185307179586,171.0672819995668,2,59.99999999999999,283,9.999999999999988,0.823920483461936,1.2691409127934883,1.121191182585438,3.2142525788408625,True,
504,84,117,41,7,freeform,5.0,0.0,43.025,0.0,36.2,150.0,0.0,6.0,6.824999999999996,149.2501233055463,1.0471975511965976,150.2973208567429,2,10.0,173,5.000000000000003,0.7462506165277316,0.21152348546558136,0.6636612611397682,1.6214353631330813,True,
505,98,117,23,7,u,0.0,0.5,108.55,150.0,36.9,150.0,126.8,6.0,71.65,94.04999999999998,18.84955592153878,112.89955592153876,2,180.0,217,19.666638215041395,0.47024999999999995,3.807422738380469,0.47693466729600004,4.7546074056764684,True,
506,101,117,17,7,u,0.0,0.5,81.2,150.0,37.6,150.0,134.15,6.0,43.6,51.29999999999999,18.84955592153876,70.14955592153875,2,180.0,143,29.999999999999986,0.25649999999999995,3.807422738380465,0.31300613600350596,4.376928874383971,True,
507,71,118,24,9,u,0.0,0.5,112.35,150.0,46.6,150.0,125.4,6.0,65.75,90.94999999999999,18.84955592153876,109.79955592153874,2,180.0,201,13.979088193038045,0.45474999999999993,3.807422738380465,0.46232173561242,4.724494473992885,True,
508,71,118,24,9,u,0.0,0.5,112.525,150.0,46.425,150.0,125.225,6.0,66.10000000000001,91.65000000000002,18.84955592153876,110.49955592153879,2,180.0,201,18.786505084422274,0.4582500000000001,3.807422738380465,0.46407768899677443,4.72975042737724,True,
509,71,118,24,9,u,0.0,0.5,112.7,150.0,46.25,150.0,125.05,6.0,66.45,92.34999999999998,18.84955592153878,111.19955592153876,2,180.0,203,13.613842899732088,0.4617499999999999,3.807422738380469,0.48761943292538984,4.756792171305859,True,
510,71,118,24,9,u,0.0,0.5,112.875,150.0,46.075,150.0,124.875,6.0,66.8,93.05,18.84955592153876,111.89955592153876,2,180.0,203,13.872102735011007,0.46525,3.807422738380465,0.47461349358866267,4.747286231969128,True,
511,118,81,9,37,freeform,-10.0,0.0,44.5,150.0,24.5,0.0,0.0,6.0,20.0,149.6500453458963,2.094395102393195,151.7444404482895,2,20.0,158,9.999999999999993,0.7482502267294815,0.42304697093116267,0.548005742669948,1.719302940330592,True,
