route_id,port1,port2,index1,index2,geometry,alpha_deg,t0_fraction,sx_mm,sy_mm,lx_mm,ly_mm,track_y_mm,radius_mm,dx_mm,straight_length_mm,arc_length_mm,total_length_mm,bend_count,bend_total_deg,crossing_count,min_crossing_angle_deg,straight_loss_db,bend_loss_db,crossing_loss_db,total_loss_db,geometry_valid,geometry_issue_kinds
0,8,1,28,58,freeform,-5.0,0.0,132.1,150.0,121.1,0.0,0.0,6.0,11.0,149.43240774218933,1.0471975511965983,150.47960529338593,2,10.0,110,4.999999999999998,0.7471620387109467,0.2115234854655815,0.5365179865817076,1.4952035107582358,True,
1,8,1,28,58,freeform,-5.0,0.0,132.275,150.0,121.275,0.0,0.0,6.0,11.0,149.43240774218933,1.0471975511965983,150.47960529338593,2,10.0,110,4.999999999999998,0.7471620387109467,0.2115234854655815,0.5387500983333905,1.4974356225099186,True,
2,9,1,30,58,freeform,-10.0,0.5,141.1,150.0,121.45,0.0,0.0,6.0,19.64999999999999,149.61942431366225,2.094395102393195,151.71381941605546,2,20.0,86,9.999999999999977,0.7480971215683113,0.42304697093116267,0.4220836283335019,1.593227720832976,True,
3,9,1,30,58,freeform,-10.0,0.5,141.275,150.0,121.625,0.0,0.0,6.0,19.650000000000006,149.61942431366225,2.094395102393195,151.71381941605546,2,20.0,86,9.999999999999977,0.7480971215683113,0.42304697093116267,0.42753011811244845,1.5986742106119225,True,
4,1,26,58,4,freeform,45.0,0.0,119.875,0.0,23.75,150.0,0.0,6.0,96.125,179.87515318615948,9.424777960769383,189.29993114692886,2,90.0,311,7.623520027495928,0.8993757659307974,1.9037113691902332,1.4233944967016172,4.226481631822647,True,
5,1,26,58,4,freeform,45.0,0.5,120.05,0.0,23.925,150.0,0.0,6.0,96.125,179.87515318615948,9.424777960769383,189.29993114692886,2,90.0,271,10.0,0.8993757659307974,1.9037113691902332,1.1659536372116033,3.969040772332634,True,
6,1,26,58,4,freeform,45.0,0.0,120.225,0.0,24.1,150.0,0.0,6.0,96.125,179.87515318615948,9.424777960769383,189.29993114692886,2,90.0,311,9.999999999999998,0.8993757659307974,1.9037113691902332,1.3972337412764242,4.200320876397455,True,
7,1,26,58,4,freeform,45.0,0.0,120.4,0.0,24.275,150.0,0.0,6.0,96.125,179.87515318615948,9.424777960769383,189.29993114692886,2,90.0,311,9.999999999999984,0.8993757659307974,1.9037113691902332,1.389763409864806,4.192850544985836,True,
8,1,26,58,4,freeform,45.0,0.0,120.575,0.0,24.45,150.0,0.0,6.0,96.125,179.87515318615948,9.424777960769383,189.29993114692886,2,90.0,311,9.999999999999988,0.8993757659307974,1.9037113691902332,1.3998527527730018,4.202939887894033,True,
9,1,54,58,34,u,0.0,0.5,119.7,0.0,13.275,0.0,33.0,6.0,106.425,148.425,18.84955592153876,167.27455592153876,2,180.0,274,4.999999999999998,0.742125,3.807422738380465,0.806458930357486,5.356006668737951,True,
10,1,58,58,40,u,0.0,0.5,119.175,0.0,39.4,0.0,32.475,6.0,79.775,120.725,18.84955592153876,139.57455592153875,2,180.0,252,10.0,0.603625,3.807422738380465,0.70154799231314,5.112595730693605,True,
11,1,58,58,40,u,0.0,0.5,119.35,0.0,39.225,0.0,32.65,6.0,80.125,121.42500000000001,18.84955592153876,140.27455592153876,2,180.0,254,10.0,0.607125,3.807422738380465,0.6902979501702587,5.104845688550724,True,
12,1,58,58,40,u,0.0,0.5,119.525,0.0,39.05,0.0,32.825,6.0,80.47500000000001,122.12500000000001,18.84955592153876,140.97455592153878,2,180.0,254,10.0,0.6106250000000001,3.807422738380465,0.6650300900171949,5.08307782839766,True,
13,2,11,20,52,freeform,-5.0,0.5,96.1,150.0,93.225,0.0,0.0,6.0,2.875,149.07766258105767,1.0471975511965983,150.12486013225427,2,10.0,215,4.999999999999995,0.7453883129052884,0.2115234854655815,0.6479767202724127,1.6048885186432826,True,
14,2,11,20,52,freeform,-5.0,0.5,96.275,150.0,93.4,0.0,0.0,6.0,2.875,149.07766258105767,1.0471975511965983,150.12486013225427,2,10.0,215,4.999999999999995,0.7453883129052884,0.2115234854655815,0.6466374195070981,1.603549217877968,True,
15,2,11,20,52,freeform,-5.0,0.5,96.45,150.0,93.575,0.0,0.0,6.0,2.875,149.07766258105767,1.0471975511965983,150.12486013225427,2,10.0,215,4.999999999999995,0.7453883129052884,0.2115234854655815,0.6465778856635549,1.6034896840344248,True,
16,2,11,20,52,freeform,-5.0,0.5,96.625,150.0,93.75,0.0,0.0,6.0,2.875,149.07766258105767,1.0471975511965983,150.12486013225427,2,10.0,215,4.999999999999995,0.7453883129052884,0.2115234854655815,0.6452385848982402,1.6021503832691102,True,
17,2,56,20,36,freeform,-30.0,0.0,94.875,150.0,20.525,0.0,0.0,6.0,74.35,163.491241838907,6.283185307179586,169.7744271460866,2,59.99999999999999,246,9.999999999999993,0.817456209194535,1.2691409127934883,0.7371735612420373,2.8237706832300606,True,
18,2,56,20,36,freeform,-30.0,0.0,95.05,150.0,20.7,0.0,0.0,6.0,74.35,163.491241838907,6.283185307179586,169.7744271460866,2,59.99999999999999,246,8.992280680625369,0.817456209194535,1.2691409127934883,0.7336318173134216,2.8202289393014452,True,
19,2,56,20,36,freeform,-30.0,0.0,95.225,150.0,20.875,0.0,0.0,6.0,74.35,163.491241838907,6.283185307179586,169.7744271460866,2,59.99999999999999,244,9.999999999999993,0.817456209194535,1.2691409127934883,0.7125007585718641,2.799097880559888,True,
20,6,8,62,28,freeform,5.0,0.5,139.1,0.0,132.45,150.0,0.0,6.0,6.650000000000006,149.2424826405373,1.0471975511965983,150.2896801917339,2,10.0,54,9.999999999999998,0.7462124132026865,0.2115234854655815,0.23684546486407515,1.1945813635323432,True,
21,6,8,62,28,freeform,5.0,0.5,139.275,0.0,132.625,150.0,0.0,6.0,6.650000000000006,149.2424826405373,1.0471975511965983,150.2896801917339,2,10.0,54,9.999999999999998,0.7462124132026865,0.2115234854655815,0.23889900318038276,1.1966349018486508,True,
22,9,6,30,62,freeform,-5.0,0.5,141.45,150.0,139.45,0.0,0.0,6.0,2.0,149.03945925601272,1.0471975511965983,150.08665680720932,2,10.0,28,5.000000000000004,0.7451972962800636,0.2115234854655815,0.11758942719395837,1.0743102089396035,True,
23,9,6,30,62,freeform,-5.0,0.5,141.625,150.0,139.625,0.0,0.0,6.0,2.0,149.03945925601272,1.0471975511965983,150.08665680720932,2,10.0,28,5.000000000000004,0.7451972962800636,0.2115234854655815,0.12488110088443857,1.0816018826300837,True,
24,6,10,62,18,freeform,30.0,0.0,138.4,0.0,86.4,150.0,0.0,6.0,52.0,157.50257738807142,6.283185307179586,163.785762695251,2,59.99999999999999,228,4.999999999999997,0.7875128869403571,1.2691409127934883,0.6945540159356294,2.7512078156694746,True,
25,6,10,62,18,freeform,30.0,0.0,138.575,0.0,86.575,150.0,0.0,6.0,51.999999999999986,157.50257738807142,6.283185307179586,163.785762695251,2,59.99999999999999,228,4.999999999999997,0.7875128869403571,1.2691409127934883,0.6736015868199554,2.7302553865538006,True,
26,6,10,62,18,freeform,20.0,0.5,138.75,0.0,86.75,150.0,0.0,6.0,52.0,154.93715545983704,4.18879020478639,159.12594566462343,2,40.0,210,9.638763640613229,0.7746857772991852,0.8460939418623253,0.8928875178404891,2.5136672370019997,True,
27,6,10,62,18,freeform,20.0,0.5,138.925,0.0,86.925,150.0,0.0,6.0,52.000000000000014,154.93715545983702,4.18879020478639,159.1259456646234,2,40.0,208,9.999999999999995,0.7746857772991851,0.8460939418623253,0.8802684782486571,2.5010481974101677,True,
28,6,11,62,52,u,0.0,0.5,137.35,0.0,94.45,0.0,39.475,6.0,42.89999999999999,97.85,18.84955592153876,116.69955592153875,2,180.0,163,4.999999999999998,0.48924999999999996,3.807422738380465,0.45458360023824734,4.751256338618712,True,
29,6,11,62,52,u,0.0,0.5,137.175,0.0,94.625,0.0,20.05,6.0,42.55000000000001,58.650000000000006,18.84955592153876,77.49955592153876,2,180.0,157,13.872102735011616,0.29325,3.807422738380465,0.38994069091848976,4.490613429298955,True,
30,6,11,62,52,u,0.0,0.5,137.525,0.0,94.275,0.0,39.65,6.0,43.25,98.55000000000001,18.84955592153876,117.39955592153876,2,180.0,163,4.999999999999998,0.4927500000000001,3.807422738380465,0.4475895395749746,4.74776227795544,True,
31,6,29,62,2,freeform,45.0,1.0,138.225,0.0,15.45,150.0,0.0,6.0,122.77499999999999,190.91394462340244,9.424777960769383,200.33872258417182,2,90.0,307,13.872102735010479,0.9545697231170123,1.9037113691902332,1.4380076250519767,4.2962887173592215,True,
32,6,41,62,50,u,0.0,0.5,137.0,0.0,85.45,0.0,39.3,6.0,51.55,106.14999999999999,18.84955592153876,124.99955592153876,2,180.0,179,13.87210273501104,0.5307499999999999,3.807422738380465,0.48997049998314257,4.828143238363608,True,
33,6,51,62,48,u,0.0,0.5,137.7,0.0,76.45,0.0,39.825,6.0,61.249999999999986,116.89999999999999,18.84955592153876,135.74955592153876,2,180.0,193,4.999999999999998,0.5845,3.807422738380465,0.5373514884865647,4.9292742268670295,True,
34,6,53,62,32,u,0.0,0.5,138.05,0.0,4.1,0.0,40.175,6.0,133.95000000000002,190.3,18.84955592153876,209.14955592153876,2,180.0,289,13.872102735010479,0.9515000000000001,3.807422738380465,0.7819945382825951,5.540917276663061,True,
35,6,58,62,40,u,0.0,0.5,137.875,0.0,38.875,0.0,40.0,6.0,99.0,155.0,18.84955592153876,173.84955592153875,2,180.0,249,10.0,0.775,3.807422738380465,0.6675895957654843,5.25001233414595,True,
36,8,12,28,21,u,0.0,0.5,130.0,150.0,101.125,150.0,140.625,6.0,28.875,23.625,18.84955592153876,42.47455592153876,2,180.0,98,44.90052796068889,0.11812500000000001,3.807422738380465,0.2051191519728489,4.130666890353314,True,
37,8,12,28,21,u,0.0,0.5,130.7,150.0,100.6,150.0,140.1,6.0,30.099999999999994,25.900000000000006,18.84955592153876,44.749555921538764,2,180.0,99,19.666638215041374,0.12950000000000003,3.807422738380465,0.19845240102041967,4.135375139400885,True,
38,8,12,28,21,u,0.0,0.5,130.525,150.0,100.775,150.0,140.275,6.0,29.75,25.19999999999999,18.84955592153876,44.04955592153875,2,180.0,99,13.872102735011566,0.12599999999999995,3.807422738380465,0.20708345976197712,4.140506198142442,True,
39,8,12,28,21,u,0.0,0.5,130.175,150.0,100.95,150.0,140.45,6.0,29.22500000000001,24.32500000000003,18.84955592153876,43.17455592153879,2,180.0,98,47.22144229110688,0.12162500000000016,3.807422738380465,0.20244060663272775,4.131488345013193,True,
40,8,16,28,14,u,0.0,0.5,131.05,150.0,69.1,150.0,108.425,6.0,61.95000000000002,121.10000000000002,18.84955592153876,139.94955592153877,2,180.0,215,4.999999999999998,0.6055000000000001,3.807422738380465,0.6164884022790876,5.029411140659553,True,
41,8,16,28,14,u,0.0,0.5,131.225,150.0,68.925,150.0,108.25,6.0,62.3,121.8,18.84955592153876,140.64955592153876,2,180.0,215,4.999999999999998,0.609,3.807422738380465,0.6164288403402902,5.032851578720756,True,
42,8,16,28,14,u,0.0,0.5,130.35,150.0,69.625,150.0,109.3,6.0,60.724999999999994,118.125,18.84955592153876,136.97455592153875,2,180.0,220,4.999999999999998,0.5906250000000001,3.807422738380465,0.6867562624321513,5.084804000812617,True,
43,8,17,28,16,u,0.0,0.5,130.875,150.0,78.275,150.0,108.6,6.0,52.599999999999994,111.4,18.84955592153876,130.24955592153876,2,180.0,185,4.999999999999998,0.557,3.807422738380465,0.5192562905274039,4.883679028907869,True,
44,8,53,28,32,freeform,-45.0,1.0,131.4,150.0,3.925,0.0,0.0,6.0,127.47500000000001,192.860748366556,9.42477796076938,202.28552632732539,2,90.0,329,4.999999999999998,0.9643037418327801,1.9037113691902325,1.654585370239257,4.52260048126227,True,
45,8,56,28,36,freeform,-45.0,0.5,131.575,150.0,22.275,0.0,0.0,6.0,109.29999999999998,185.332416870425,9.424777960769378,194.75719483119437,2,90.0,294,4.999999999999998,0.9266620843521249,1.903711369190232,1.3756563332321896,4.206029786774547,True,
46,8,56,28,36,freeform,-45.0,0.5,131.75,150.0,22.45,0.0,0.0,6.0,109.3,185.332416870425,9.424777960769378,194.75719483119437,2,90.0,292,4.999999999999998,0.9266620843521249,1.903711369190232,1.3485133115314156,4.178886765073773,True,
47,8,56,28,36,freeform,-45.0,0.5,131.925,150.0,22.625,0.0,0.0,6.0,109.30000000000001,185.332416870425,9.424777960769378,194.75719483119437,2,90.0,292,4.999999999999998,0.9266620843521249,1.903711369190232,1.3457158108852245,4.176089264427581,True,
48,9,13,30,22,u,0.0,0.5,139.35,150.0,105.275,150.0,142.55,6.0,34.07499999999999,24.974999999999966,18.84955592153876,43.824555921538725,2,180.0,116,13.872102735010447,0.12487499999999983,3.807422738380465,0.26023821965993504,4.1925359580404,True,
49,9,13,30,22,u,0.0,0.5,139.525,150.0,105.1,150.0,142.375,6.0,34.42500000000001,25.67500000000001,18.84955592153876,44.52455592153877,2,180.0,118,7.744556490815263,0.12837500000000007,3.807422738380465,0.2682441589966622,4.204041897377127,True,
50,9,13,30,22,u,0.0,0.5,139.0,150.0,105.625,150.0,125.75,6.0,33.375,57.875,18.84955592153876,76.72455592153875,2,180.0,128,19.666638215041374,0.289375,3.807422738380465,0.3175894552892123,4.414387193669677,True,
51,9,13,30,22,u,0.0,0.5,139.175,150.0,105.45,150.0,125.575,6.0,33.72500000000001,58.57500000000003,18.849555921538737,77.42455592153877,2,180.0,128,13.872102735010447,0.29287500000000016,3.8074227383804606,0.32550613600350603,4.425803874383967,True,
52,9,17,30,16,u,0.0,0.5,139.7,150.0,78.1,150.0,106.15,6.0,61.599999999999994,125.29999999999998,18.84955592153876,144.14955592153873,2,180.0,189,9.999999999999998,0.6265,3.807422738380465,0.5048811570749467,4.938803895455412,True,
53,9,19,30,12,u,0.0,0.5,139.875,150.0,60.275,150.0,104.925,6.0,79.6,145.75,18.84955592153876,164.59955592153875,2,180.0,237,9.999999999999996,0.72875,3.807422738380465,0.61000019666678,5.146172935047245,True,
54,9,19,30,12,u,0.0,0.5,140.05,150.0,60.1,150.0,104.75,6.0,79.95000000000002,146.45000000000002,18.84955592153876,165.29955592153877,2,180.0,237,9.999999999999996,0.7322500000000001,3.807422738380465,0.6125300057314328,5.152202744111898,True,
55,9,19,30,12,u,0.0,0.5,140.225,150.0,59.925,150.0,104.225,6.0,80.3,147.85000000000002,18.84955592153876,166.69955592153877,2,180.0,237,9.999999999999996,0.7392500000000001,3.807422738380465,0.6202086353573164,5.166881373737782,True,
56,9,39,30,56,freeform,-20.0,0.0,140.575,150.0,112.275,0.0,0.0,6.0,28.299999999999983,150.7582060170464,4.18879020478639,154.9469962218328,2,40.0,146,9.999999999999988,0.7537910300852321,0.8460939418623253,0.6333041704595267,2.233189142407084,True,
57,9,39,30,56,freeform,-20.0,0.0,140.75,150.0,112.45,0.0,0.0,6.0,28.299999999999997,150.7582060170464,4.18879020478639,154.9469962218328,2,40.0,146,9.999999999999991,0.7537910300852321,0.8460939418623253,0.5776190395918321,2.1775040115393898,True,
58,9,39,30,56,freeform,-20.0,0.0,140.925,150.0,112.625,0.0,0.0,6.0,28.30000000000001,150.7582060170464,4.18879020478639,154.9469962218328,2,40.0,146,9.999999999999988,0.7537910300852321,0.8460939418623253,0.6427090005956202,2.242593972543178,True,
59,9,51,30,48,freeform,-30.0,0.0,140.4,150.0,76.275,0.0,0.0,6.0,64.125,160.7514613462988,6.283185307179586,167.0346466534784,2,59.99999999999999,261,4.999999999999998,0.803757306731494,1.2691409127934883,0.8931256813099148,2.966023900834897,True,
60,12,10,21,18,u,0.0,0.5,98.675,150.0,87.45,150.0,144.65,5.0,11.224999999999994,1.924999999999983,15.707963267948966,17.63296326794895,2,180.0,32,53.8429917990011,0.009624999999999915,4.76514595344064,0.06541665261903962,4.840187606059679,True,
61,12,10,21,18,u,0.0,0.5,98.5,150.0,87.625,150.0,144.825,5.0,10.875,1.2250000000000227,15.707963267948966,16.93296326794899,2,180.0,32,51.31781254651063,0.006125000000000114,4.76514595344064,0.0675893148129418,4.8388602682535815,True,
62,13,10,22,18,u,0.0,0.5,103.175,150.0,87.1,150.0,142.375,6.0,16.075000000000003,7.325000000000003,18.84955592153876,26.17455592153876,2,180.0,50,8.273420726356203,0.03662500000000001,3.807422738380465,0.14160730139464844,3.9856550397751134,True,
63,13,10,22,18,u,0.0,0.5,103.0,150.0,87.275,150.0,142.55,6.0,15.724999999999994,6.624999999999972,18.84955592153876,25.47455592153873,2,180.0,48,39.94450518981455,0.033124999999999856,3.807422738380465,0.11678584673476958,3.9573335851152347,True,
64,10,19,18,12,u,0.0,0.5,85.175,150.0,60.45,150.0,142.375,6.0,24.724999999999994,15.974999999999994,18.84955592153876,34.82455592153875,2,180.0,84,13.872102735011007,0.07987499999999997,3.807422738380465,0.23223239270422427,4.119530131084689,True,
65,10,19,18,12,u,0.0,0.5,85.0,150.0,60.625,150.0,129.075,6.0,24.375,42.22500000000002,18.84955592153876,61.07455592153878,2,180.0,96,9.999999999999996,0.21112500000000012,3.807422738380465,0.24571454659878847,4.264262284979254,True,
66,10,24,18,8,u,0.0,0.5,85.35,150.0,42.625,150.0,128.9,6.0,42.724999999999994,60.92499999999998,18.84955592153876,79.77455592153873,2,180.0,152,10.0,0.3046249999999999,3.807422738380465,0.3676490453232639,4.479696783703728,True,
67,33,10,60,18,freeform,30.0,0.5,130.275,0.0,86.225,150.0,0.0,6.0,44.05000000000001,155.37238130824403,6.283185307179586,161.65556661542362,2,59.99999999999999,198,9.999999999999995,0.7768619065412201,1.2691409127934883,0.5805361698301933,2.6265389891649016,True,
68,10,51,18,48,freeform,-5.0,1.0,85.875,150.0,75.75,0.0,0.0,6.0,10.125,149.39420441714438,1.0471975511965983,150.44140196834098,2,10.0,233,4.999999999999998,0.746971022085722,0.2115234854655815,0.798809491700663,1.7573039992519663,True,
69,10,51,18,48,freeform,-5.0,1.0,86.05,150.0,75.925,0.0,0.0,6.0,10.125,149.39420441714438,1.0471975511965983,150.44140196834098,2,10.0,233,4.999999999999998,0.746971022085722,0.2115234854655815,0.8029761583673297,1.7614706659186332,True,
70,10,53,18,32,freeform,-30.0,0.5,85.525,150.0,3.225,0.0,0.0,6.0,82.30000000000001,165.62143791873444,6.283185307179586,171.90462322591404,2,59.99999999999999,256,9.999999999999991,0.8281071895936722,1.2691409127934883,0.8432451142353062,2.9404932166224667,True,
71,10,58,18,40,freeform,-30.0,0.0,85.7,150.0,38.525,0.0,0.0,6.0,47.175000000000004,156.20972253459126,6.283185307179586,162.49290784177086,2,59.99999999999999,271,5.000000000000003,0.7810486126729563,1.2691409127934883,0.8517865491161266,2.901976074582571,True,
72,13,11,22,52,freeform,-5.0,0.5,104.05,150.0,93.925,0.0,0.0,6.0,10.125,149.39420441714438,1.0471975511965983,150.44140196834098,2,10.0,209,4.999999999999998,0.746971022085722,0.2115234854655815,0.6694343582482052,1.6279288657995088,True,
73,13,11,22,52,freeform,-10.0,0.0,104.225,150.0,94.1,0.0,0.0,6.0,10.125,148.7860947935778,2.0943951023931953,150.880489895971,2,20.0,215,4.999999999999995,0.743930473967889,0.4230469709311627,0.7117856781632443,1.878763123062296,True,
74,11,26,52,4,freeform,30.0,1.0,93.05,0.0,23.575,150.0,0.0,6.0,69.475,162.1849895258053,6.283185307179586,168.4681748329849,2,59.99999999999999,273,9.999999999999991,0.8109249476290264,1.2691409127934883,1.0205366474495146,3.100602507872029,True,
75,11,48,52,44,u,0.0,0.5,92.175,0.0,58.275,0.0,20.75,6.0,33.9,51.39999999999999,18.84955592153876,70.24955592153876,2,180.0,129,10.000000000000002,0.25699999999999995,3.807422738380465,0.33300613600350626,4.397428874383971,True,
76,11,51,52,48,u,0.0,0.5,92.0,0.0,76.625,0.0,13.05,6.0,15.375,17.475,18.84955592153876,36.32455592153876,2,180.0,64,13.872102735011143,0.08737500000000001,3.807422738380465,0.19854188440488638,4.093339622785352,True,
77,33,12,60,21,freeform,20.0,0.5,130.45,0.0,100.425,150.0,0.0,6.0,30.02499999999999,151.0623700587685,4.18879020478639,155.25116026355488,2,40.0,161,9.999999999999995,0.7553118502938425,0.8460939418623253,0.5913398064798907,2.1927455986360584,True,
78,12,48,21,44,freeform,-30.0,0.0,99.9,150.0,57.575,0.0,0.0,6.0,42.325,154.9101689513003,6.283185307179586,161.1933542584799,2,59.99999999999999,267,4.999999999999995,0.7745508447565016,1.2691409127934883,0.8222327579425305,2.8659245154925204,True,
79,12,48,21,44,freeform,-30.0,0.0,100.075,150.0,57.75,0.0,0.0,6.0,42.325,154.9101689513003,6.283185307179586,161.1933542584799,2,59.99999999999999,265,9.999999999999993,0.7745508447565016,1.2691409127934883,0.8007744175853837,2.8444661751353735,True,
80,12,48,21,44,freeform,-20.0,0.0,100.25,150.0,57.925,0.0,0.0,6.0,42.325,153.23119192148263,4.188790204786391,157.41998212626902,2,40.0,259,9.999999999999991,0.7661559596074132,0.8460939418623257,1.031816161514,2.6440660629837387,True,
81,12,53,21,32,freeform,-45.0,0.0,98.85,150.0,3.4,0.0,0.0,6.0,95.44999999999999,179.59555903155763,9.42477796076938,189.020336992327,2,90.0,272,13.872102735011401,0.8979777951577882,1.9037113691902325,1.363662075902139,4.16535124025016,True,
82,12,56,21,36,freeform,-30.0,0.0,99.025,150.0,21.75,0.0,0.0,6.0,77.275,164.27499322676806,6.283185307179586,170.55817853394765,2,59.99999999999999,251,9.999999999999993,0.8213749661338403,1.2691409127934883,0.8292568805277438,2.919772759455072,True,
83,12,56,21,36,freeform,-30.0,0.0,99.2,150.0,21.925,0.0,0.0,6.0,77.275,164.27499322676806,6.283185307179586,170.55817853394765,2,59.99999999999999,251,9.999999999999993,0.8213749661338403,1.2691409127934883,0.8303878549835385,2.920903733910867,True,
84,12,56,21,36,freeform,-30.0,0.0,99.375,150.0,22.1,0.0,0.0,6.0,77.275,164.27499322676806,6.283185307179586,170.55817853394765,2,59.99999999999999,253,1.1011443206202414,0.8213749661338403,1.2691409127934883,0.8510426148814964,2.941558493808825,True,
85,1,13,58,22,freeform,10.0,0.0,120.925,0.0,104.925,150.0,0.0,6.0,16.0,149.3000906917926,2.0943951023931953,151.3944857941858,2,20.0,176,9.999999999999998,0.746500453458963,0.4230469709311627,0.618184681343629,1.7877321057337547,True,
86,39,13,56,22,freeform,10.0,0.5,111.75,0.0,104.4,150.0,0.0,6.0,7.349999999999994,148.54331375229336,2.0943951023931953,150.63770885468657,2,20.0,174,9.999999999999998,0.7427165687614669,0.4230469709311627,0.5476790791499503,1.71344261884258,True,
87,39,13,56,22,freeform,10.0,0.5,111.925,0.0,104.575,150.0,0.0,6.0,7.349999999999994,148.54331375229336,2.0943951023931953,150.63770885468657,2,20.0,174,9.999999999999998,0.7427165687614669,0.4230469709311627,0.5491374195070972,1.7149009591997268,True,
88,39,13,56,22,freeform,10.0,0.5,112.1,0.0,104.75,150.0,0.0,6.0,7.349999999999994,148.54331375229336,2.0943951023931953,150.63770885468657,2,20.0,174,9.999999999999998,0.7427165687614669,0.4230469709311627,0.5488993122281787,1.7146628519208083,True,
89,13,48,22,44,freeform,-20.0,0.0,103.7,150.0,58.1,0.0,0.0,6.0,45.6,153.80866278330285,4.18879020478639,157.99745298808924,2,40.0,254,8.273420726356203,0.7690433139165143,0.8460939418623253,1.0725605733679489,2.6876978291467886,True,
90,13,51,22,48,freeform,-20.0,0.0,103.875,150.0,76.1,0.0,0.0,6.0,27.775000000000006,150.66563435217444,4.18879020478639,154.85442455696082,2,40.0,233,4.999999999999995,0.7533281717608722,0.8460939418623253,1.0035428115482767,2.6029649251714746,True,
91,13,53,22,32,freeform,-45.0,1.0,103.35,150.0,3.575,0.0,0.0,6.0,99.77499999999999,181.38703268882125,9.42477796076938,190.81181064959063,2,90.0,297,4.999999999999998,0.9069351634441063,1.9037113691902325,1.2527987649326293,4.063445297566968,True,
92,13,57,22,38,freeform,-30.0,1.0,103.525,150.0,30.225,0.0,0.0,6.0,73.30000000000001,163.20989518685437,6.283185307179586,169.49308049403396,2,59.99999999999999,290,9.999999999999991,0.8160494759342719,1.2691409127934883,1.0172332917523603,3.10242368048012,True,
93,14,16,26,14,u,0.0,0.5,121.35,150.0,69.45,150.0,114.375,6.0,51.89999999999999,99.14999999999999,18.84955592153876,117.99955592153876,2,180.0,181,9.999999999999998,0.49574999999999997,3.807422738380465,0.4883633671600189,4.791536105540484,True,
94,14,16,26,14,u,0.0,0.5,121.525,150.0,69.275,150.0,114.2,6.0,52.25,99.85,18.84955592153876,118.69955592153875,2,180.0,181,9.999999999999998,0.49924999999999997,3.807422738380465,0.4915479080273755,4.798220646407841,True,
95,14,17,26,16,u,0.0,0.5,121.0,150.0,78.625,150.0,115.425,6.0,42.375,87.525,18.84955592153876,106.37455592153876,2,180.0,146,9.999999999999998,0.43762500000000004,3.807422738380465,0.39163711045930094,4.636684848839765,True,
96,14,17,26,16,u,0.0,0.5,121.175,150.0,78.45,150.0,114.55,6.0,42.724999999999994,89.625,18.84955592153876,108.47455592153875,2,180.0,150,9.999999999999998,0.448125,3.807422738380465,0.40723250508524067,4.662780243465706,True,
97,14,18,26,10,u,0.0,0.5,121.7,150.0,51.625,150.0,114.025,6.0,70.075,118.02499999999999,18.84955592153876,136.87455592153876,2,180.0,228,9.999999999999996,0.590125,3.807422738380465,0.583155209422025,4.980702947802491,True,
98,14,18,26,10,u,0.0,0.5,121.875,150.0,51.45,150.0,113.85,6.0,70.425,118.72500000000001,18.84955592153876,137.57455592153877,2,180.0,228,9.999999999999996,0.5936250000000001,3.807422738380465,0.5891670880954797,4.990214826475945,True,
99,14,18,26,10,u,0.0,0.5,122.05,150.0,51.275,150.0,113.675,6.0,70.775,119.425,18.84955592153876,138.27455592153876,2,180.0,228,9.999999999999996,0.597125,3.807422738380465,0.5941075823471907,4.998655320727656,True,
100,14,18,26,10,u,0.0,0.5,122.225,150.0,51.1,150.0,113.5,6.0,71.125,120.125,18.84955592153876,138.97455592153875,2,180.0,228,9.999999999999996,0.600625,3.807422738380465,0.6098517132485989,5.017899451629064,True,
101,33,14,60,26,freeform,5.0,0.5,130.625,0.0,123.625,150.0,0.0,6.0,7.0,149.2577639705553,1.047197551196597,150.3049615217519,2,10.0,104,9.999999999999996,0.7462888198527765,0.21152348546558122,0.38514901722800976,1.3429613225463675,True,
102,14,38,26,54,freeform,-10.0,0.0,122.925,150.0,103.1,0.0,0.0,6.0,19.825000000000003,149.6347348297793,2.094395102393195,151.7291299321725,2,20.0,183,9.999999999999998,0.7481736741488965,0.42304697093116267,0.6655658946090828,1.8367865396891419,True,
103,14,38,26,54,freeform,-10.0,0.0,123.1,150.0,103.275,0.0,0.0,6.0,19.82499999999999,149.63473482977926,2.094395102393195,151.72912993217247,2,20.0,183,9.999999999999998,0.7481736741488964,0.42304697093116267,0.6652979501702575,1.8365185952503165,True,
104,14,38,26,54,freeform,-10.0,0.0,123.275,150.0,103.45,0.0,0.0,6.0,19.825000000000003,149.6347348297793,2.094395102393195,151.7291299321725,2,20.0,183,9.999999999999998,0.7481736741488965,0.42304697093116267,0.6688099412247286,1.8400305863047877,True,
105,14,53,26,32,freeform,-45.0,1.0,122.4,150.0,3.75,0.0,0.0,6.0,118.65,189.20531367861344,9.42477796076938,198.6300916393828,2,90.0,312,9.999999999999998,0.9460265683930672,1.9037113691902325,1.5482757099670712,4.398013647550371,True,
106,14,58,26,40,freeform,-30.0,0.5,122.575,150.0,38.7,0.0,0.0,6.0,83.875,166.04345789681346,6.283185307179586,172.32664320399306,2,59.99999999999999,345,9.999999999999991,0.8302172894840674,1.2691409127934883,1.1159535248305879,3.2153117271081433,True,
107,16,20,14,6,u,0.0,0.5,67.0,150.0,32.575,150.0,138.525,6.0,34.425,33.374999999999986,18.84955592153876,52.224555921538744,2,180.0,110,20.0,0.16687499999999994,3.807422738380465,0.23202389782317975,4.206321636203645,True,
108,16,20,14,6,u,0.0,0.5,67.175,150.0,32.4,150.0,138.35,6.0,34.775,34.07500000000001,18.84955592153876,52.92455592153877,2,180.0,110,20.0,0.17037500000000005,3.807422738380465,0.23678581863951545,4.2145835570199806,True,
109,16,20,14,6,u,0.0,0.5,67.35,150.0,32.225,150.0,138.175,6.0,35.12499999999999,34.77499999999997,18.84955592153876,53.62455592153873,2,180.0,112,10.0,0.17387499999999986,3.807422738380465,0.24970247125855508,4.23100020963902,True,
110,16,20,14,6,u,0.0,0.5,67.525,150.0,32.05,150.0,137.65,6.0,35.47500000000001,36.175,18.84955592153876,55.024555921538756,2,180.0,114,10.0,0.18087499999999998,3.807422738380465,0.2738095478911703,4.262107286271635,True,
111,33,16,60,14,freeform,30.0,0.0,129.925,0.0,68.575,150.0,0.0,6.0,61.35000000000001,160.00790233730243,6.283185307179586,166.29108764448202,2,59.99999999999999,260,4.476388681051385,0.8000395116865121,1.2691409127934883,0.823631395884609,2.892811820364609,True,
112,33,16,60,14,freeform,30.0,0.0,130.1,0.0,68.75,150.0,0.0,6.0,61.349999999999994,160.00790233730243,6.283185307179586,166.29108764448202,2,59.99999999999999,258,9.999999999999993,0.8000395116865121,1.2691409127934883,0.787500421428814,2.8566808459088144,True,
113,16,48,14,44,freeform,-10.0,0.0,68.225,150.0,56.7,0.0,0.0,6.0,11.524999999999991,148.9085789225141,2.0943951023931953,151.0029740249073,2,20.0,257,4.999999999999995,0.7445428946125705,0.4230469709311627,0.901547655170089,2.069137520713822,True,
114,16,48,14,44,freeform,-10.0,0.0,68.4,150.0,56.875,0.0,0.0,6.0,11.525000000000006,148.9085789225141,2.0943951023931953,151.0029740249073,2,20.0,255,4.999999999999995,0.7445428946125705,0.4230469709311627,0.896398834608858,2.063988700152591,True,
115,16,53,14,32,freeform,-30.0,0.0,67.7,150.0,2.875,0.0,0.0,6.0,64.825,160.93902578100057,6.283185307179586,167.22221108818016,2,59.99999999999999,203,9.999999999999996,0.8046951289050028,1.2691409127934883,0.6205661474663712,2.694402189164862,True,
116,16,56,14,36,freeform,-30.0,0.5,67.875,150.0,20.175,0.0,0.0,6.0,47.7,156.3503958606176,6.283185307179586,162.6335811677972,2,59.99999999999999,214,9.999999999999995,0.781751979303088,1.2691409127934883,0.7093461110549226,2.760239003151499,True,
117,16,56,14,36,freeform,-20.0,0.0,68.05,150.0,20.35,0.0,0.0,6.0,47.699999999999996,154.1789494427906,4.1887902047863905,158.367739647577,2,40.0,208,8.992280680625369,0.7708947472139531,0.8460939418623254,0.8778873492689643,2.494876038345243,True,
118,17,21,16,0,u,0.0,0.5,76.0,150.0,5.925,150.0,134.5,6.0,70.075,77.075,18.84955592153876,95.92455592153877,2,180.0,210,9.999999999999998,0.385375,3.807422738380465,0.4362500983333889,4.629047836713854,True,
119,17,21,16,0,u,0.0,0.5,76.175,150.0,5.75,150.0,134.325,6.0,70.425,77.77500000000002,18.84955592153876,96.62455592153879,2,180.0,210,9.999999999999998,0.3888750000000001,3.807422738380465,0.4350298933504146,4.63132763173088,True,
120,17,21,16,0,u,0.0,0.5,76.35,150.0,5.575,150.0,134.15,6.0,70.77499999999999,78.47499999999998,18.84955592153876,97.32455592153875,2,180.0,210,9.999999999999998,0.3923749999999999,3.807422738380465,0.4347322241326989,4.634529962513163,True,
121,17,21,16,0,u,0.0,0.5,76.525,150.0,5.4,150.0,133.975,6.0,71.125,79.17500000000001,18.84955592153876,98.02455592153876,2,180.0,210,9.999999999999998,0.3958750000000001,3.807422738380465,0.4367263128912258,4.640024051271691,True,
122,17,48,16,44,freeform,-10.0,0.0,76.875,150.0,57.05,0.0,0.0,6.0,19.825000000000003,149.6347348297793,2.094395102393195,151.7291299321725,2,20.0,257,9.999999999999998,0.7481736741488965,0.42304697093116267,0.9142864648303616,2.0855071099104205,True,
123,17,48,16,44,freeform,-10.0,1.0,77.05,150.0,57.225,0.0,0.0,6.0,19.824999999999996,149.63473482977926,2.094395102393195,151.72912993217247,2,20.0,255,9.999999999999998,0.7481736741488964,0.42304697093116267,0.84339314812942,2.014613793209479,True,
124,17,48,16,44,freeform,-10.0,1.0,77.225,150.0,57.4,0.0,0.0,6.0,19.824999999999996,149.63473482977926,2.094395102393195,151.72912993217247,2,20.0,255,9.999999999999998,0.7481736741488964,0.42304697093116267,0.8375597305103242,2.0087803755903835,True,
125,17,53,16,32,freeform,-30.0,1.0,76.7,150.0,3.05,0.0,0.0,6.0,73.65,163.30367740420525,6.283185307179586,169.58686271138484,2,59.99999999999999,234,9.999999999999991,0.8165183870210262,1.2691409127934883,0.7347331793713431,2.8203924791858572,True,
126,18,20,10,6,u,0.0,0.5,49.0,150.0,33.625,150.0,142.375,6.0,15.375,6.625,18.84955592153876,25.47455592153876,2,180.0,48,46.56746344221026,0.033125,3.807422738380465,0.11169658811233604,3.952244326492801,True,
127,18,20,10,6,u,0.0,0.5,49.175,150.0,33.45,150.0,142.2,6.0,15.724999999999994,7.325000000000017,18.84955592153876,26.174555921538776,2,180.0,48,48.82711314820602,0.03662500000000009,3.807422738380465,0.10610130586741287,3.950149044247878,True,
128,18,21,10,0,u,0.0,0.5,49.35,150.0,6.625,150.0,142.025,6.0,42.725,34.67499999999999,18.84955592153876,53.52455592153875,2,180.0,140,44.90052796068899,0.17337499999999995,3.807422738380465,0.29586305811222385,4.276660796492689,True,
129,18,21,10,0,u,0.0,0.5,49.525,150.0,6.45,150.0,141.85,6.0,43.074999999999996,35.375000000000014,18.84955592153876,54.22455592153877,2,180.0,142,5.602472170933192,0.1768750000000001,3.807422738380465,0.3227976411224615,4.307095379502926,True,
130,39,18,56,10,freeform,30.0,1.0,111.4,0.0,50.75,150.0,0.0,6.0,60.650000000000006,159.82033790260064,6.283185307179586,166.10352320978023,2,59.99999999999999,286,9.999999999999993,0.7991016895130032,1.2691409127934883,0.8159529629255045,2.884195565231996,True,
131,39,18,56,10,freeform,30.0,1.0,111.575,0.0,50.925,150.0,0.0,6.0,60.650000000000006,159.82033790260064,6.283185307179586,166.10352320978023,2,59.99999999999999,286,9.999999999999993,0.7991016895130032,1.2691409127934883,0.8256851589629499,2.8939277612694414,True,
132,41,18,50,10,freeform,20.0,0.0,84.4,0.0,50.225,150.0,0.0,6.0,34.175000000000004,151.79412702870863,4.188790204786391,155.98291723349502,2,40.0,253,9.999999999999996,0.7589706351435431,0.8460939418623257,1.0047628198644716,2.6098273968703403,True,
133,41,18,50,10,freeform,20.0,0.0,84.575,0.0,50.4,150.0,0.0,6.0,34.175000000000004,151.79412702870863,4.188790204786391,155.98291723349502,2,40.0,253,9.999999999999996,0.7589706351435431,0.8460939418623257,1.0032448894732728,2.6083094664791417,True,
134,18,53,10,32,freeform,-20.0,0.5,49.7,150.0,2.7,0.0,0.0,6.0,47.0,154.05552055629468,4.1887902047863905,158.24431076108107,2,40.0,168,9.999999999999996,0.7702776027814734,0.8460939418623254,0.7174405504422211,2.33381209508602,True,
135,18,58,10,40,freeform,-10.0,0.0,49.875,150.0,38.35,0.0,0.0,6.0,11.524999999999999,148.9085789225141,2.0943951023931953,151.0029740249073,2,20.0,195,5.000000000000003,0.7445428946125705,0.4230469709311627,0.6770237292516548,1.844613594795388,True,
136,19,20,12,6,u,0.0,0.5,58.0,150.0,33.275,150.0,140.275,6.0,24.725,20.17499999999999,18.84955592153876,39.02455592153875,2,180.0,78,42.48111287543219,0.10087499999999995,3.807422738380465,0.1781251194048302,4.086422857785295,True,
137,19,20,12,6,u,0.0,0.5,58.175,150.0,33.1,150.0,140.1,6.0,25.074999999999996,20.875000000000007,18.84955592153876,39.724555921538766,2,180.0,78,44.90052796068899,0.10437500000000004,3.807422738380465,0.1743751334524572,4.086172871832923,True,
138,19,20,12,6,u,0.0,0.5,58.35,150.0,32.925,150.0,139.925,6.0,25.425000000000004,21.57499999999998,18.84955592153876,40.42455592153874,2,180.0,78,47.2214422911065,0.10787499999999992,3.807422738380465,0.1674108818538372,4.082708620234302,True,
139,19,20,12,6,u,0.0,0.5,58.525,150.0,32.75,150.0,139.75,6.0,25.775,22.275,18.84955592153876,41.12455592153876,2,180.0,78,49.4583981264954,0.111375,3.807422738380465,0.16083341761909578,4.079631155999561,True,
140,19,21,12,0,u,0.0,0.5,58.875,150.0,6.275,150.0,139.4,6.0,52.6,49.79999999999999,18.84955592153876,68.64955592153875,2,180.0,163,31.332206707233127,0.24899999999999994,3.807422738380465,0.325654731802704,4.382077470183169,True,
141,19,21,12,0,u,0.0,0.5,59.05,150.0,6.1,150.0,139.225,6.0,52.949999999999996,50.50000000000001,18.84955592153876,69.34955592153877,2,180.0,165,4.999999999999995,0.25250000000000006,3.807422738380465,0.3472618646258275,4.407184603006293,True,
142,19,26,12,4,u,0.0,0.5,58.7,150.0,24.625,150.0,139.575,6.0,34.075,30.925000000000026,18.84955592153876,49.774555921538784,2,180.0,106,29.999999999999993,0.15462500000000012,3.807422738380465,0.238720345459245,4.20076808383971,True,
143,19,48,12,44,freeform,-5.0,0.5,59.225,150.0,56.35,0.0,0.0,6.0,2.875,149.07766258105767,1.0471975511965976,150.12486013225427,2,10.0,245,4.999999999999995,0.7453883129052884,0.21152348546558136,0.8364588179764688,1.7933706163473384,True,
144,19,48,12,44,freeform,-5.0,0.0,59.4,150.0,56.525,0.0,0.0,6.0,2.875,149.07766258105767,1.0471975511965976,150.12486013225427,2,10.0,241,4.999999999999995,0.7453883129052884,0.21152348546558136,0.8554466864457264,1.8123584848165961,True,
145,49,19,46,12,freeform,5.0,0.0,66.925,0.0,59.575,150.0,0.0,6.0,7.349999999999994,149.27304530057324,1.0471975511965983,150.32024285176985,2,10.0,250,4.999999999999998,0.7463652265028662,0.2115234854655815,1.0525002247620334,2.010388936730481,True,
146,1,20,58,6,freeform,45.0,0.5,120.75,0.0,31.875,150.0,0.0,6.0,88.875,176.87210485895451,9.424777960769383,186.2968828197239,2,90.0,245,9.999999999999986,0.8843605242947726,1.9037113691902332,1.0121441174156873,3.8002160109006935,True,
147,48,20,44,6,freeform,10.0,0.0,56.0,0.0,31.7,150.0,0.0,6.0,24.3,150.0262465990578,2.094395102393195,152.120641701451,2,20.0,200,5.000000000000002,0.750131232995289,0.42304697093116267,0.7926192924491202,1.965797496375572,True,
148,20,53,6,32,freeform,-20.0,0.0,31.0,150.0,2.35,0.0,0.0,6.0,28.65,150.81992046029436,4.188790204786391,155.00871066508074,2,40.0,94,9.999999999999996,0.7540996023014718,0.8460939418623257,0.44342262005102073,2.0436161642148183,True,
149,20,53,6,32,freeform,-20.0,0.0,31.175,150.0,2.525,0.0,0.0,6.0,28.650000000000002,150.81992046029436,4.188790204786391,155.00871066508074,2,40.0,94,9.999999999999996,0.7540996023014718,0.8460939418623257,0.44113094636054057,2.041324490524338,True,
150,20,57,6,38,freeform,-5.0,0.0,31.525,150.0,29.525,0.0,0.0,6.0,2.0,149.03945925601272,1.0471975511965979,150.08665680720932,2,10.0,134,9.999999999999998,0.7451972962800636,0.21152348546558142,0.493541884404886,1.4502626661505311,True,
151,2,21,20,0,u,0.0,0.5,94.175,150.0,5.225,150.0,125.575,6.0,88.95,113.80000000000003,18.849555921538737,132.64955592153876,2,180.0,275,20.0,0.5690000000000002,3.8074227383804606,0.5880060798129975,4.964428818193458,True,
152,2,21,20,0,u,0.0,0.5,94.35,150.0,5.05,150.0,125.4,6.0,89.3,114.49999999999999,18.84955592153876,133.34955592153875,2,180.0,275,20.0,0.5724999999999999,3.807422738380465,0.5903870121259109,4.970309750506376,True,
153,2,21,20,0,u,0.0,0.5,94.525,150.0,4.875,150.0,125.225,6.0,89.65,115.20000000000002,18.84955592153876,134.04955592153877,2,180.0,275,19.666638215041374,0.5760000000000001,3.807422738380465,0.5994048863266016,4.982827624707067,True,
154,2,21,20,0,u,0.0,0.5,94.7,150.0,4.7,150.0,125.05,6.0,90.0,115.89999999999998,18.84955592153878,134.74955592153876,2,180.0,275,13.872102735011007,0.5794999999999999,3.807422738380469,0.6105953946259398,4.997518133006409,True,
155,2,24,20,8,u,0.0,0.5,94.0,150.0,42.45,150.0,125.75,6.0,51.55,76.05,18.84955592153876,94.89955592153876,2,180.0,199,9.999999999999998,0.38025,3.807422738380465,0.4666073856804104,4.654280124060875,True,
156,47,24,42,8,freeform,5.0,0.0,47.0,0.0,40.7,150.0,0.0,6.0,6.299999999999997,149.22720131051932,1.0471975511965976,150.27439886171592,2,10.0,192,4.999999999999997,0.7461360065525966,0.21152348546558136,0.781964729217941,1.739624221236119,True,
157,47,24,42,8,freeform,5.0,0.5,47.175,0.0,40.875,150.0,0.0,6.0,6.299999999999997,149.22720131051932,1.0471975511965976,150.27439886171592,2,10.0,192,4.999999999999997,0.7461360065525966,0.21152348546558136,0.7776492700852983,1.7353087621034762,True,
158,24,54,8,34,freeform,-20.0,0.5,40.175,150.0,12.925,0.0,0.0,6.0,27.249999999999996,150.5730626873025,4.188790204786391,154.76185289208888,2,40.0,124,4.999999999999998,0.7528653134365125,0.8460939418623257,0.47723247698998705,2.0761917322888253,True,
159,24,54,8,34,freeform,-20.0,0.0,40.35,150.0,13.1,0.0,0.0,6.0,27.25,150.5730626873025,4.188790204786391,154.76185289208888,2,40.0,126,3.3870671749089305,0.7528653134365125,0.8460939418623257,0.6061018115819885,2.205061066880827,True,
160,26,54,4,34,freeform,-10.0,0.0,22.0,150.0,12.4,0.0,0.0,6.0,9.6,148.7401632452267,2.0943951023931953,150.83455834761992,2,20.0,68,4.999999999999997,0.7437008162261336,0.4230469709311627,0.2914882056123079,1.458235992769604,True,
161,26,54,4,34,freeform,-10.0,0.0,22.175,150.0,12.575,0.0,0.0,6.0,9.600000000000001,148.7401632452267,2.0943951023931957,150.83455834761992,2,20.0,68,4.999999999999998,0.7437008162261336,0.42304697093116284,0.3032740804423316,1.4700218675996282,True,
162,57,26,38,4,freeform,5.0,0.5,29.35,0.0,22.525,150.0,0.0,6.0,6.825000000000003,149.2501233055463,1.0471975511965979,150.2973208567429,2,10.0,119,4.999999999999998,0.7462506165277316,0.21152348546558142,0.4992561781463874,1.4570302801397004,True,
163,58,26,40,4,freeform,10.0,0.0,38.175,0.0,22.7,150.0,0.0,6.0,15.474999999999998,149.25415914344148,2.0943951023931953,151.3485542458347,2,20.0,141,4.999999999999998,0.7462707957172074,0.4230469709311627,0.5855360012586683,1.7548537679070384,True,
164,24,29,8,2,u,0.0,0.5,40.0,150.0,15.625,150.0,143.95,6.0,24.375,12.475000000000023,18.84955592153876,31.32455592153878,2,180.0,80,46.56746344221026,0.06237500000000012,3.807422738380465,0.1794644201701448,4.049262158550611,True,
165,57,29,38,2,freeform,10.0,0.0,29.0,0.0,14.75,150.0,0.0,6.0,14.25,149.14698553062223,2.0943951023931957,151.24138063301544,2,20.0,116,9.999999999999993,0.7457349276531112,0.42304697093116284,0.4794943135205601,1.6482762121048342,True,
166,57,29,38,2,freeform,10.0,0.0,29.175,0.0,14.925,150.0,0.0,6.0,14.25,149.14698553062223,2.0943951023931957,151.24138063301544,2,20.0,116,9.999999999999993,0.7457349276531112,0.42304697093116284,0.4716372228403177,1.6404191214245918,True,
167,33,47,60,42,u,0.0,0.5,128.0,0.0,49.1,0.0,33.7,6.0,78.9,122.30000000000001,18.84955592153876,141.14955592153876,2,180.0,237,27.95288658913517,0.6115,3.807422738380465,0.5811015868199545,5.00002432520042,True,
168,33,47,60,42,u,0.0,0.5,128.175,0.0,48.925,0.0,33.875,6.0,79.25000000000001,123.00000000000001,18.84955592153876,141.84955592153878,2,180.0,237,29.999999999999993,0.6150000000000001,3.807422738380465,0.5802682534866213,5.0026909918670865,True,
169,33,47,60,42,u,0.0,0.5,128.35,0.0,48.75,0.0,34.05,6.0,79.6,123.69999999999999,18.84955592153876,142.54955592153874,2,180.0,237,29.999999999999993,0.6184999999999999,3.807422738380465,0.5803277030444018,5.006250441424867,True,
170,33,47,60,42,u,0.0,0.5,128.525,0.0,48.575,0.0,34.225,6.0,79.95,124.4,18.84955592153876,143.24955592153876,2,180.0,237,29.999999999999993,0.622,3.807422738380465,0.5823812694559636,5.011804007836428,True,
171,33,47,60,42,u,0.0,0.5,128.7,0.0,48.4,0.0,34.4,6.0,80.29999999999998,125.1,18.84955592153876,143.94955592153875,2,180.0,237,29.999999999999993,0.6255,3.807422738380465,0.5848218198981829,5.017744558278648,True,
172,33,47,60,42,u,0.0,0.5,128.875,0.0,48.225,0.0,34.575,6.0,80.65,125.80000000000001,18.84955592153876,144.64955592153876,2,180.0,237,29.999999999999993,0.6290000000000001,3.807422738380465,0.5852384444219683,5.021661182802434,True,
173,33,47,60,42,u,0.0,0.5,129.05,0.0,48.05,0.0,34.75,6.0,81.00000000000001,126.50000000000001,18.84955592153876,145.34955592153878,2,180.0,237,27.952886589135197,0.6325000000000001,3.807422738380465,0.5830360293539216,5.022958767734387,True,
174,33,47,60,42,u,0.0,0.5,129.225,0.0,47.875,0.0,34.925,6.0,81.35,127.19999999999999,18.84955592153876,146.04955592153874,2,180.0,239,9.638763640613229,0.636,3.807422738380465,0.597708691547824,5.041131429928289,True,
175,33,47,60,42,u,0.0,0.5,129.4,0.0,47.7,0.0,35.1,6.0,81.7,127.9,18.84955592153876,146.74955592153876,2,180.0,241,12.60245975091501,0.6395000000000001,3.807422738380465,0.6190479923131388,5.0659707306936035,True,
176,33,47,60,42,u,0.0,0.5,129.575,0.0,47.525,0.0,35.275,6.0,82.04999999999998,128.6,18.84955592153876,147.44955592153875,2,180.0,241,13.87210273501135,0.643,3.807422738380465,0.6154467707314883,5.065869509111954,True,
177,33,53,60,32,u,0.0,0.5,129.75,0.0,4.275,0.0,35.45,6.0,125.475,172.375,18.84955592153876,191.22455592153875,2,180.0,298,13.87210273501162,0.8618750000000001,3.807422738380465,0.7928873211737094,5.462185059554175,True,
178,14,38,26,54,freeform,-10.0,0.0,123.45,150.0,103.625,0.0,0.0,6.0,19.825000000000003,149.6347348297793,2.094395102393195,151.7291299321725,2,20.0,183,9.999999999999998,0.7481736741488965,0.42304697093116267,0.6735122720070128,1.8447329170870719,True,
179,38,18,54,10,freeform,30.0,0.0,102.925,0.0,50.575,150.0,0.0,6.0,52.349999999999994,157.59635960542232,6.283185307179586,163.87954491260192,2,59.99999999999999,278,9.999999999999995,0.7879817980271117,1.2691409127934883,0.9491079194902418,3.0062306303108417,True,
180,38,29,54,2,freeform,45.0,0.5,102.575,0.0,15.1,150.0,0.0,6.0,87.47500000000001,176.2922058716322,9.424777960769383,185.71698383240158,2,90.0,269,10.000000000000002,0.8814610293581611,1.9037113691902332,1.0480369284020565,3.833209326950451,True,
181,38,29,54,2,freeform,45.0,0.5,102.75,0.0,15.275,150.0,0.0,6.0,87.475,176.2922058716322,9.424777960769383,185.71698383240158,2,90.0,269,10.000000000000023,0.8814610293581611,1.9037113691902332,1.0583640695413747,3.843536468089769,True,
182,38,41,54,50,u,0.0,0.5,101.0,0.0,85.625,0.0,6.05,6.0,15.375,3.4749999999999996,18.84955592153876,22.32455592153876,2,180.0,48,39.9445051898149,0.017374999999999998,3.807422738380465,0.1340477956463594,3.9588455340268243,True,
183,38,49,54,46,u,0.0,0.5,101.35,0.0,67.625,0.0,25.475,6.0,33.724999999999994,60.675,18.84955592153876,79.52455592153876,2,180.0,134,13.94269126876363,0.303375,3.807422738380465,0.4039883460885787,4.514786084469044,True,
184,38,49,54,46,u,0.0,0.5,101.525,0.0,67.45,0.0,25.65,6.0,34.075,61.375,18.84955592153876,80.22455592153875,2,180.0,134,19.999999999999996,0.306875,3.807422738380465,0.37130971646269506,4.48560745484316,True,
185,38,53,54,32,u,0.0,0.5,101.175,0.0,4.625,0.0,24.775,6.0,96.55,122.1,18.84955592153876,140.94955592153875,2,180.0,271,7.623520027495928,0.6104999999999999,3.807422738380465,0.6468158243709479,5.064738562751413,True,
186,38,53,54,32,u,0.0,0.5,102.4,0.0,4.45,0.0,27.4,6.0,97.95,128.75,18.84955592153876,147.59955592153875,2,180.0,271,19.999999999999996,0.64375,3.807422738380465,0.7028575963948182,5.154030334775283,True,
187,38,57,54,38,u,0.0,0.5,101.7,0.0,30.925,0.0,25.825,6.0,70.775,98.42500000000001,18.84955592153876,117.27455592153876,2,180.0,224,10.0,0.4921250000000001,3.807422738380465,0.5379764112246155,4.8375241496050805,True,
188,38,57,54,38,u,0.0,0.5,101.875,0.0,30.75,0.0,26.0,6.0,71.125,99.125,18.84955592153876,117.97455592153875,2,180.0,224,10.0,0.49562500000000004,3.807422738380465,0.5481550408504993,4.851202779230965,True,
189,38,57,54,38,u,0.0,0.5,102.05,0.0,30.575,0.0,27.05,6.0,71.475,101.57499999999999,18.84955592153876,120.42455592153874,2,180.0,224,10.0,0.507875,3.807422738380465,0.5847622579593856,4.900059996339851,True,
190,39,24,56,8,freeform,30.0,1.0,111.225,0.0,42.275,150.0,0.0,6.0,68.94999999999999,162.04431619977896,6.283185307179586,168.32750150695855,2,59.99999999999999,298,9.999999999999991,0.8102215809988949,1.2691409127934883,0.9294055325174493,3.0087680263098324,True,
191,39,41,56,50,u,0.0,0.5,110.0,0.0,85.275,0.0,17.075,6.0,24.724999999999994,34.87499999999999,18.84955592153876,53.72455592153875,2,180.0,108,13.87210273501104,0.17437499999999997,3.807422738380465,0.29678590292527773,4.278583641305743,True,
192,39,41,56,50,u,0.0,0.5,110.175,0.0,85.1,0.0,17.25,6.0,25.075000000000003,35.575,18.84955592153876,54.42455592153876,2,180.0,108,19.66663821504126,0.177875,3.807422738380465,0.2813395255273477,4.266637263907813,True,
193,39,41,56,50,u,0.0,0.5,110.35,0.0,84.925,0.0,17.425,6.0,25.424999999999997,36.275,18.84955592153876,55.12455592153876,2,180.0,108,13.872102735011056,0.181375,3.807422738380465,0.290803833316476,4.279601571696941,True,
194,39,47,56,42,u,0.0,0.5,110.7,0.0,49.625,0.0,31.25,6.0,61.075,99.575,18.84955592153876,118.42455592153877,2,180.0,206,19.999999999999996,0.497875,3.807422738380465,0.5279466864457256,4.833244424826191,True,
195,39,47,56,42,u,0.0,0.5,110.875,0.0,49.45,0.0,31.425,6.0,61.425,100.27499999999999,18.84955592153876,119.12455592153876,2,180.0,206,19.999999999999996,0.501375,3.807422738380465,0.5251492138947885,4.833946952275254,True,
196,39,47,56,42,u,0.0,0.5,111.05,0.0,49.275,0.0,31.6,6.0,61.775,100.975,18.84955592153876,119.82455592153875,2,180.0,206,19.999999999999996,0.504875,3.807422738380465,0.5202086634525694,4.832506401833035,True,
197,39,49,56,46,u,0.0,0.5,110.525,0.0,67.275,0.0,31.075,6.0,43.25,81.4,18.84955592153876,100.24955592153876,2,180.0,161,19.999999999999996,0.40700000000000003,3.807422738380465,0.4351192362586111,4.649541974639076,True,
198,1,41,58,50,u,0.0,0.5,119.0,0.0,84.75,0.0,11.475,6.0,34.25,33.2,18.84955592153876,52.04955592153876,2,180.0,131,13.872102735011056,0.166,3.807422738380465,0.3566073856804106,4.330030124060876,True,
199,41,24,50,8,freeform,20.0,0.5,84.05,0.0,41.925,150.0,0.0,6.0,42.125,153.19592652534092,4.188790204786391,157.3847167301273,2,40.0,253,9.999999999999995,0.7659796326267047,0.8460939418623257,1.0654178888102246,2.677491463299255,True,
200,41,24,50,8,freeform,20.0,0.0,84.225,0.0,42.1,150.0,0.0,6.0,42.12499999999999,153.19592652534092,4.188790204786391,157.3847167301273,2,40.0,249,9.999999999999991,0.7659796326267047,0.8460939418623257,1.0134230976703438,2.625496672159374,True,
201,41,54,50,34,u,0.0,0.5,83.875,0.0,13.45,0.0,18.125,6.0,70.425,82.675,18.84955592153876,101.52455592153876,2,180.0,202,19.66663821504126,0.413375,3.807422738380465,0.4330953946259394,4.653893133006405,True,
202,41,57,50,38,u,0.0,0.5,83.525,0.0,31.275,0.0,17.775,6.0,52.25000000000001,63.800000000000004,18.84955592153876,82.64955592153876,2,180.0,175,19.055895732849116,0.319,3.807422738380465,0.36000008428576213,4.486422822666227,True,
203,41,58,50,40,u,0.0,0.5,83.0,0.0,40.625,0.0,6.225,6.0,42.375,30.825000000000003,18.84955592153876,49.67455592153876,2,180.0,142,39.9445051898149,0.154125,3.807422738380465,0.32342278862254575,4.2849705270030105,True,
204,41,58,50,40,u,0.0,0.5,83.175,0.0,40.45,0.0,17.075,6.0,42.724999999999994,52.875,18.84955592153876,71.72455592153875,2,180.0,150,19.999999999999996,0.264375,3.807422738380465,0.33791679309531014,4.4097145314757755,True,
205,41,58,50,40,u,0.0,0.5,83.35,0.0,40.275,0.0,17.25,6.0,43.074999999999996,53.574999999999996,18.84955592153876,72.42455592153875,2,180.0,150,19.999999999999996,0.267875,3.807422738380465,0.3254761864625826,4.4007739248430475,True,
206,14,47,26,42,freeform,-30.0,1.0,122.75,150.0,47.35,0.0,0.0,6.0,75.4,163.7725884909597,6.283185307179586,170.05577379813928,2,59.99999999999999,304,9.042609161151177,0.8188629424547985,1.2691409127934883,1.006042783453022,3.094046638701309,True,
207,48,18,44,10,freeform,5.0,0.0,56.175,0.0,50.05,150.0,0.0,6.0,6.125,149.21956064551034,1.0471975511965976,150.26675819670695,2,10.0,223,4.9999999999999964,0.7460978032275517,0.21152348546558136,0.8538693907825101,1.8114906794756431,True,
208,51,48,48,44,u,0.0,0.5,74.175,0.0,58.45,0.0,7.625,6.0,15.724999999999994,6.974999999999994,18.84955592153876,25.824555921538753,2,180.0,56,15.067634799890797,0.034874999999999975,3.807422738380465,0.19178584673476956,4.034083585115234,True,
209,51,48,48,44,u,0.0,0.5,74.0,0.0,58.625,0.0,6.05,6.0,15.375,3.4749999999999996,18.84955592153876,22.32455592153876,2,180.0,48,46.56746344221025,0.017374999999999998,3.807422738380465,0.11291682119056447,3.9377145595710297,True,
210,17,49,16,46,freeform,-10.0,0.5,77.4,150.0,67.1,0.0,0.0,6.0,10.300000000000011,148.80140530969484,2.094395102393195,150.89580041208805,2,20.0,238,4.999999999999997,0.7440070265484743,0.42304697093116267,0.7029765236056343,1.8700305210852712,True,
211,49,24,46,8,freeform,10.0,0.0,66.05,0.0,41.05,150.0,0.0,6.0,25.0,150.08748866352593,2.094395102393195,152.18188376591914,2,20.0,248,9.99999999999999,0.7504374433176296,0.42304697093116267,1.010476607891397,2.1839610221401893,True,
212,49,24,46,8,freeform,20.0,0.5,66.225,0.0,41.225,150.0,0.0,6.0,24.999999999999993,150.17632698070844,4.188790204786391,154.36511718549482,2,40.0,226,4.999999999999998,0.7508816349035422,0.8460939418623257,0.7375001685715261,2.334475745337394,True,
213,49,24,46,8,freeform,20.0,0.5,66.4,0.0,41.4,150.0,0.0,6.0,25.000000000000007,150.17632698070844,4.188790204786391,154.36511718549482,2,40.0,226,4.999999999999998,0.7508816349035422,0.8460939418623257,0.7374108818538384,2.3343864586197065,True,
214,49,24,46,8,freeform,20.0,0.5,66.575,0.0,41.575,150.0,0.0,6.0,25.0,150.17632698070844,4.188790204786391,154.36511718549482,2,40.0,226,4.999999999999998,0.7508816349035422,0.8460939418623257,0.7494944820920856,2.3464700588579537,True,
215,49,24,46,8,freeform,20.0,0.5,66.75,0.0,41.75,150.0,0.0,6.0,25.0,150.17632698070844,4.188790204786391,154.36511718549482,2,40.0,226,4.999999999999998,0.7508816349035422,0.8460939418623257,0.7482147151703139,2.345190291936182,True,
216,49,26,46,4,freeform,20.0,0.0,65.35,0.0,22.875,150.0,0.0,6.0,42.474999999999994,153.25764096858887,4.188790204786391,157.44643117337526,2,40.0,219,9.999999999999991,0.7662882048429444,0.8460939418623257,0.9196434431295896,2.5320255898348596,True,
217,49,26,46,4,freeform,20.0,0.0,65.525,0.0,23.05,150.0,0.0,6.0,42.47500000000001,153.25764096858887,4.188790204786391,157.44643117337526,2,40.0,219,9.999999999999986,0.7662882048429444,0.8460939418623257,0.9801797253407986,2.5925618720460686,True,
218,49,26,46,4,freeform,20.0,0.0,65.7,0.0,23.225,150.0,0.0,6.0,42.475,153.25764096858887,4.188790204786391,157.44643117337526,2,40.0,219,9.999999999999991,0.7662882048429444,0.8460939418623257,0.9809535248305888,2.5933356715358586,True,
219,49,26,46,4,freeform,20.0,0.0,65.875,0.0,23.4,150.0,0.0,6.0,42.475,153.25764096858887,4.188790204786391,157.44643117337526,2,40.0,219,9.999999999999991,0.7662882048429444,0.8460939418623257,0.9844059539462626,2.5967881006515325,True,
220,49,57,46,38,u,0.0,0.5,65.0,0.0,31.625,0.0,13.225,6.0,33.375,35.825,18.84955592153876,54.67455592153876,2,180.0,128,9.999999999999998,0.179125,3.807422738380465,0.324404970612364,4.310952708992829,True,
221,49,57,46,38,u,0.0,0.5,65.175,0.0,31.45,0.0,13.4,6.0,33.724999999999994,36.52499999999999,18.84955592153876,55.37455592153875,2,180.0,128,9.999999999999998,0.18262499999999995,3.807422738380465,0.311845464864075,4.30189320324454,True,
222,17,51,16,48,freeform,-5.0,0.5,77.575,150.0,75.225,0.0,0.0,6.0,2.3500000000000085,149.0547405860307,1.0471975511965983,150.1019381372273,2,10.0,234,4.999999999999995,0.7452737029301535,0.2115234854655815,0.7433933728914524,1.7001905612871875,True,
223,17,51,16,48,freeform,-5.0,0.5,77.75,150.0,75.4,0.0,0.0,6.0,2.3499999999999943,149.0547405860307,1.0471975511965983,150.1019381372273,2,10.0,234,4.999999999999995,0.7452737029301535,0.2115234854655815,0.7462802726363476,1.7030774610320827,True,
224,17,51,16,48,freeform,-5.0,0.5,77.925,150.0,75.575,0.0,0.0,6.0,2.3499999999999943,149.0547405860307,1.0471975511965983,150.1019381372273,2,10.0,234,4.999999999999995,0.7452737029301535,0.2115234854655815,0.7418457177213637,1.6986429061170987,True,
225,51,19,48,12,freeform,10.0,1.0,75.05,0.0,59.75,150.0,0.0,6.0,15.299999999999997,149.23884862732444,2.094395102393195,151.33324372971765,2,20.0,260,4.999999999999998,0.7461942431366222,0.42304697093116267,0.8924703033163639,2.0617115173841487,True,
226,51,21,48,0,freeform,30.0,0.0,74.525,0.0,4.175,150.0,0.0,6.0,70.35000000000001,162.41944506918253,6.283185307179586,168.70263037636212,2,59.99999999999999,238,9.999999999999991,0.8120972253459127,1.2691409127934883,0.8311910140139133,2.9124291521533143,True,
227,51,21,48,0,freeform,30.0,0.0,74.7,0.0,4.35,150.0,0.0,6.0,70.35000000000001,162.41944506918253,6.283185307179586,168.70263037636212,2,59.99999999999999,238,9.999999999999991,0.8120972253459127,1.2691409127934883,0.8233338671431627,2.9045720052825637,True,
228,51,21,48,0,freeform,30.0,0.0,74.875,0.0,4.525,150.0,0.0,6.0,70.35,162.41944506918253,6.283185307179586,168.70263037636212,2,59.99999999999999,238,9.999999999999991,0.8120972253459127,1.2691409127934883,0.8306255408336428,2.911863678973044,True,
229,51,54,48,34,u,0.0,0.5,74.35,0.0,13.625,0.0,13.75,6.0,60.724999999999994,64.225,18.84955592153876,83.07455592153875,2,180.0,178,13.87210273501162,0.321125,3.807422738380465,0.371696475731319,4.500244214111785,True,
230,29,53,2,32,freeform,-10.0,0.0,13.0,150.0,2.0,0.0,0.0,6.0,11.0,148.86264737416298,2.0943951023931953,150.95704247655618,2,20.0,32,9.99999999999998,0.7443132368708149,0.4230469709311627,0.14851190676870865,1.3158721145706862,True,
231,29,53,2,32,freeform,-10.0,0.0,13.175,150.0,2.175,0.0,0.0,6.0,11.0,148.86264737416298,2.0943951023931953,150.95704247655618,2,20.0,32,9.99999999999998,0.7443132368708149,0.4230469709311627,0.14318451277210256,1.3105447205740801,True,
232,26,54,4,34,freeform,-10.0,0.0,22.35,150.0,12.75,0.0,0.0,6.0,9.600000000000001,148.7401632452267,2.0943951023931957,150.83455834761992,2,20.0,68,4.999999999999998,0.7437008162261336,0.42304697093116284,0.29863119921782805,1.4653789863751245,True,
233,29,54,2,34,freeform,-5.0,0.0,13.35,150.0,11.0,0.0,0.0,6.0,2.3499999999999996,149.0547405860307,1.0471975511965976,150.1019381372273,2,10.0,62,4.999999999999998,0.7452737029301535,0.21152348546558136,0.27553580459188826,1.2323329929876232,True,
234,29,54,2,34,freeform,-5.0,0.0,13.525,150.0,11.175,0.0,0.0,6.0,2.3499999999999996,149.0547405860307,1.0471975511965979,150.1019381372273,2,10.0,62,5.0,0.7452737029301535,0.21152348546558142,0.27791684928581856,1.2347140376815535,True,
235,29,54,2,34,freeform,-5.0,0.0,13.7,150.0,11.35,0.0,0.0,6.0,2.3499999999999996,149.0547405860307,1.0471975511965979,150.1019381372273,2,10.0,62,4.999999999999999,0.7452737029301535,0.21152348546558142,0.2768156557994223,1.2336128441951573,True,
236,29,54,2,34,freeform,-5.0,0.0,13.875,150.0,11.525,0.0,0.0,6.0,2.3499999999999996,149.0547405860307,1.0471975511965976,150.1019381372273,2,10.0,62,4.999999999999997,0.7452737029301535,0.21152348546558136,0.26488093231291365,1.2216781207086487,True,
237,29,54,2,34,freeform,-5.0,0.0,14.05,150.0,11.7,0.0,0.0,6.0,2.3500000000000014,149.0547405860307,1.0471975511965979,150.1019381372273,2,10.0,62,5.0,0.7452737029301535,0.21152348546558142,0.27711335311239216,1.233910541508127,True,
238,29,54,2,34,freeform,-5.0,0.0,14.225,150.0,11.875,0.0,0.0,6.0,2.3499999999999996,149.0547405860307,1.0471975511965976,150.1019381372273,2,10.0,62,4.999999999999998,0.7452737029301535,0.21152348546558136,0.27059536653068555,1.2273925549264204,True,
239,29,54,2,34,freeform,-5.0,0.0,14.4,150.0,12.05,0.0,0.0,6.0,2.3499999999999996,149.0547405860307,1.0471975511965979,150.1019381372273,2,10.0,62,5.0,0.7452737029301535,0.21152348546558142,0.27598235056134307,1.232779538957078,True,
240,29,54,2,34,freeform,-5.0,0.0,14.575,150.0,12.225,0.0,0.0,6.0,2.3499999999999996,149.0547405860307,1.0471975511965979,150.1019381372273,2,10.0,62,4.999999999999999,0.7452737029301535,0.21152348546558142,0.27669664430284424,1.2334938326985792,True,
241,2,56,20,36,freeform,-30.0,0.0,95.4,150.0,21.05,0.0,0.0,6.0,74.35000000000001,163.49124183890703,6.283185307179586,169.77442714608662,2,59.99999999999999,244,9.999999999999993,0.8174562091945352,1.2691409127934883,0.7228282087589787,2.8094253307470023,True,
242,2,56,20,36,freeform,-30.0,0.0,95.575,150.0,21.225,0.0,0.0,6.0,74.35,163.491241838907,6.283185307179586,169.7744271460866,2,59.99999999999999,244,9.999999999999993,0.817456209194535,1.2691409127934883,0.7323816908847779,2.8189788128728015,True,
243,2,56,20,36,freeform,-30.0,0.0,95.75,150.0,21.4,0.0,0.0,6.0,74.35,163.491241838907,6.283185307179586,169.7744271460866,2,59.99999999999999,244,9.999999999999993,0.817456209194535,1.2691409127934883,0.7408342323814684,2.827431354369492,True,
244,2,56,20,36,freeform,-30.0,0.0,95.925,150.0,21.575,0.0,0.0,6.0,74.35,163.491241838907,6.283185307179586,169.7744271460866,2,59.99999999999999,244,9.999999999999993,0.817456209194535,1.2691409127934883,0.7495544654596968,2.8361515874477203,True,
245,20,56,6,36,freeform,-10.0,0.0,31.35,150.0,20.0,0.0,0.0,6.0,11.350000000000001,148.89326840639706,2.0943951023931953,150.98766350879026,2,20.0,106,9.999999999999995,0.7444663420319853,0.4230469709311627,0.4314882898980706,1.5990016028612184,True,
246,12,57,21,38,freeform,-30.0,0.0,99.55,150.0,29.875,0.0,0.0,6.0,69.675,162.23857936429152,6.283185307179586,168.52176467147112,2,59.99999999999999,249,9.999999999999993,0.8111928968214577,1.2691409127934883,0.7614294022453749,2.841763211860321,True,
247,12,57,21,38,freeform,-30.0,0.0,99.725,150.0,30.05,0.0,0.0,6.0,69.675,162.23857936429152,6.283185307179586,168.52176467147112,2,59.99999999999999,249,9.999999999999991,0.8111928968214577,1.2691409127934883,0.773036591259007,2.853370400873953,True,
248,24,57,8,38,freeform,-5.0,0.0,40.525,150.0,29.7,0.0,0.0,6.0,10.825,149.42476707718035,1.0471975511965976,150.47196462837695,2,10.0,155,4.999999999999995,0.7471238353859018,0.21152348546558136,0.6994052515649055,1.6580525724163886,True,
249,38,57,54,38,u,0.0,0.5,102.225,0.0,30.4,0.0,27.225,6.0,71.82499999999999,102.275,18.84955592153876,121.12455592153876,2,180.0,224,10.0,0.511375,3.807422738380465,0.5942265938437681,4.913024332224233,True,
250,41,57,50,38,u,0.0,0.5,83.7,0.0,31.1,0.0,17.95,6.0,52.6,64.5,18.84955592153876,83.34955592153875,2,180.0,175,19.999999999999996,0.3225,3.807422738380465,0.36026802872458746,4.4901907671050525,True,
251,11,58,52,40,u,0.0,0.5,92.35,0.0,40.1,0.0,20.925,6.0,52.24999999999999,70.1,18.84955592153876,88.94955592153875,2,180.0,175,11.785618515903423,0.3505,3.807422738380465,0.4119346953912543,4.56985743377172,True,
252,11,58,52,40,u,0.0,0.5,92.525,0.0,39.925,0.0,21.8,6.0,52.60000000000001,72.2,18.84955592153876,91.04955592153877,2,180.0,175,12.704097177624567,0.36100000000000004,3.807422738380465,0.41440491442185556,4.582827652802321,True,
253,11,58,52,40,u,0.0,0.5,92.7,0.0,39.75,0.0,21.975,6.0,52.95,72.9,18.84955592153876,91.74955592153876,2,180.0,175,17.850422673788238,0.36450000000000005,3.807422738380465,0.41119067687086264,4.5831134152513275,True,
254,11,58,52,40,u,0.0,0.5,92.875,0.0,39.575,0.0,22.15,6.0,53.3,73.6,18.84955592153876,92.44955592153875,2,180.0,175,20.000000000000004,0.368,3.807422738380465,0.39785734353752944,4.573280081917995,True,
255,58,21,40,0,freeform,20.0,0.0,38.0,0.0,4.0,150.0,0.0,6.0,34.0,151.76326980708464,4.188790204786391,155.95206001187103,2,40.0,128,9.999999999999995,0.7588163490354232,0.8460939418623257,0.5453274220918602,2.1502377129896093,True,
256,61,68,29,61,freeform,-5.0,0.5,136.6,150.0,134.6,0.0,0.0,6.0,2.0,149.03945925601272,1.0471975511965983,150.08665680720932,2,10.0,52,9.999999999999998,0.7451972962800636,0.2115234854655815,0.17360133396266708,1.1303221157083123,True,
257,61,68,29,61,freeform,-5.0,0.5,136.775,150.0,134.775,0.0,0.0,6.0,2.0,149.03945925601272,1.0471975511965983,150.08665680720932,2,10.0,52,9.999999999999998,0.7451972962800636,0.2115234854655815,0.17238107278918452,1.1291018545348297,True,
258,69,61,63,29,freeform,5.0,0.5,143.6,0.0,136.95,150.0,0.0,6.0,6.650000000000006,149.2424826405373,1.0471975511965983,150.2896801917339,2,10.0,32,5.000000000000009,0.7462124132026865,0.2115234854655815,0.1527976973129699,1.110533595981238,True,
259,69,61,63,29,freeform,5.0,0.5,143.775,0.0,137.125,150.0,0.0,6.0,6.650000000000006,149.2424826405373,1.0471975511965983,150.2896801917339,2,10.0,32,5.000000000000009,0.7462124132026865,0.2115234854655815,0.15669653192182778,1.114432430590096,True,
260,61,86,29,39,freeform,-45.0,0.5,135.55,150.0,35.25,0.0,0.0,6.0,100.30000000000001,181.60449480906715,9.424777960769378,191.02927276983652,2,90.0,282,10.000000000000016,0.9080224740453358,1.903711369190232,1.2370250216333465,4.048758864868915,True,
261,61,86,29,39,freeform,-45.0,0.5,135.725,150.0,35.425,0.0,0.0,6.0,100.3,181.60449480906715,9.424777960769378,191.02927276983652,2,90.0,284,10.000000000000016,0.9080224740453358,1.903711369190232,1.2083049571266435,4.020038800362212,True,
262,61,86,29,39,freeform,-45.0,0.5,135.9,150.0,35.6,0.0,0.0,6.0,100.30000000000001,181.60449480906715,9.424777960769378,191.02927276983652,2,90.0,284,2.820810759755758,0.9080224740453358,1.903711369190232,1.237590494813618,4.0493243380491855,True,
263,61,86,29,39,freeform,-45.0,0.5,136.075,150.0,35.775,0.0,0.0,6.0,100.29999999999998,181.60449480906715,9.424777960769378,191.02927276983652,2,90.0,282,9.999999999999998,0.9080224740453358,1.903711369190232,1.1891085656810878,4.000842408916656,True,
264,61,86,29,39,freeform,-45.0,0.5,136.25,150.0,35.95,0.0,0.0,6.0,100.3,181.60449480906715,9.424777960769378,191.02927276983652,2,90.0,282,2.820810759753933,0.9080224740453358,1.903711369190232,1.202263213198028,4.013997056433595,True,
265,61,114,29,3,u,0.0,0.5,135.2,150.0,19.775,150.0,107.025,6.0,115.42499999999998,177.37499999999997,18.84955592153876,196.22455592153872,2,180.0,276,9.999999999999998,0.8868749999999999,3.807422738380465,0.7676791353404601,5.461976873720925,True,
266,61,118,29,9,u,0.0,0.5,134.675,150.0,45.9,150.0,107.55,6.0,88.775,149.675,18.84955592153876,168.52455592153876,2,180.0,242,9.999999999999998,0.7483750000000001,3.807422738380465,0.6234824910376148,5.17928022941808,True,
267,61,118,29,9,u,0.0,0.5,134.85,150.0,45.725,150.0,107.375,6.0,89.125,150.375,18.84955592153876,169.22455592153875,2,180.0,242,9.999999999999998,0.7518750000000001,3.807422738380465,0.6184824348471066,5.177780173227572,True,
268,61,118,29,9,u,0.0,0.5,135.025,150.0,45.55,150.0,107.2,6.0,89.47500000000001,151.075,18.84955592153876,169.92455592153874,2,180.0,242,9.999999999999998,0.7553749999999999,3.807422738380465,0.6219348639627804,5.184732602343246,True,
269,71,62,24,53,freeform,-10.0,0.0,113.225,150.0,98.6,0.0,0.0,6.0,14.625,149.17979377944448,2.0943951023931953,151.2741888818377,2,20.0,197,9.999999999999998,0.7458989688972224,0.4230469709311627,0.6341967285886061,1.8031426684169913,True,
270,71,62,24,53,freeform,-10.0,0.0,113.4,150.0,98.775,0.0,0.0,6.0,14.625,149.17979377944448,2.0943951023931953,151.2741888818377,2,20.0,197,9.999999999999998,0.7458989688972224,0.4230469709311627,0.6316074418709186,1.8005533816993038,True,
271,71,62,24,53,freeform,-10.0,0.0,113.575,150.0,98.95,0.0,0.0,6.0,14.625,149.17979377944448,2.0943951023931953,151.2741888818377,2,20.0,197,9.999999999999998,0.7458989688972224,0.4230469709311627,0.6327681130103496,1.8017140528387348,True,
272,71,62,24,53,freeform,-10.0,0.0,113.75,150.0,99.125,0.0,0.0,6.0,14.625,149.17979377944448,2.0943951023931953,151.2741888818377,2,20.0,197,9.999999999999998,0.7458989688972224,0.4230469709311627,0.6383336142858743,1.8072795541142597,True,
273,62,116,53,1,freeform,45.0,0.0,97.375,0.0,9.025,150.0,0.0,6.0,88.35,176.65464273870865,9.424777960769383,186.07942069947802,2,90.0,290,10.000000000000012,0.8832732136935433,1.9037113691902332,1.3519956620927585,4.138980244976535,True,
274,62,116,53,1,freeform,45.0,0.0,97.55,0.0,9.2,150.0,0.0,6.0,88.35,176.65464273870865,9.424777960769383,186.07942069947802,2,90.0,290,10.00000000000001,0.8832732136935433,1.9037113691902332,1.3339302170077425,4.120914799891519,True,
275,62,116,53,1,freeform,45.0,0.0,97.725,0.0,9.375,150.0,0.0,6.0,88.35,176.65464273870865,9.424777960769383,186.07942069947802,2,90.0,290,10.000000000000007,0.8832732136935433,1.9037113691902332,1.3283348785723108,4.115319461456087,True,
276,66,68,31,61,freeform,-5.0,0.0,145.6,150.0,134.95,0.0,0.0,6.0,10.650000000000006,149.41712641217137,1.0471975511965983,150.46432396336797,2,10.0,46,5.000000000000004,0.7470856320608569,0.2115234854655815,0.310714462313026,1.2693235798394644,True,
277,66,68,31,61,freeform,-5.0,0.0,145.775,150.0,135.125,0.0,0.0,6.0,10.650000000000006,149.41712641217137,1.0471975511965983,150.46432396336797,2,10.0,46,5.000000000000004,0.7470856320608569,0.2115234854655815,0.3187799916838046,1.277389109210243,True,
278,66,69,31,63,freeform,-5.0,0.5,145.95,150.0,143.95,0.0,0.0,6.0,2.0,149.03945925601272,1.0471975511965983,150.08665680720932,2,10.0,0,,0.7451972962800636,0.2115234854655815,0.0,0.9567207817456451,True,
279,66,69,31,63,freeform,-5.0,0.5,146.125,150.0,144.125,0.0,0.0,6.0,2.0,149.03945925601272,1.0471975511965983,150.08665680720932,2,10.0,0,,0.7451972962800636,0.2115234854655815,0.0,0.9567207817456451,True,
280,66,70,31,51,freeform,-30.0,0.5,144.9,150.0,88.9,0.0,0.0,6.0,56.0,158.57437415779594,6.283185307179586,164.85755946497554,2,59.99999999999999,184,5.000000000000004,0.7928718707889797,1.2691409127934883,0.5820840497623144,2.6440968333447823,True,
281,66,70,31,51,freeform,-30.0,1.0,145.075,150.0,89.075,0.0,0.0,6.0,55.999999999999986,158.57437415779592,6.283185307179586,164.8575594649755,2,59.99999999999999,180,5.000000000000004,0.7928718707889796,1.2691409127934883,0.5237803569221087,2.5857931405045766,True,
282,66,70,31,51,freeform,-30.0,1.0,145.25,150.0,89.25,0.0,0.0,6.0,56.0,158.57437415779594,6.283185307179586,164.85755946497554,2,59.99999999999999,180,5.000000000000004,0.7928718707889797,1.2691409127934883,0.5532148275513298,2.6152276111337978,True,
283,66,70,31,51,freeform,-30.0,1.0,145.425,150.0,89.425,0.0,0.0,6.0,56.000000000000014,158.57437415779594,6.283185307179586,164.85755946497554,2,59.99999999999999,180,5.000000000000004,0.7928718707889797,1.2691409127934883,0.5441672566670037,2.6061800402494715,True,
284,66,71,31,24,u,0.0,0.5,143.85,150.0,114.45,150.0,132.575,6.0,29.39999999999999,40.250000000000014,18.84955592153876,59.09955592153877,2,180.0,99,13.872102735011007,0.20125000000000007,3.807422738380465,0.22020852297629892,4.228881261356764,True,
285,66,71,31,24,u,0.0,0.5,144.025,150.0,114.275,150.0,132.4,6.0,29.75,40.94999999999999,18.84955592153876,59.79955592153875,2,180.0,99,19.666638215041115,0.20474999999999996,3.807422738380465,0.20529769731296993,4.217470435693435,True,
286,66,71,31,24,u,0.0,0.5,143.5,150.0,114.625,150.0,103.525,6.0,28.875,97.82499999999999,18.84955592153876,116.67455592153874,2,180.0,118,4.999999999999998,0.489125,3.807422738380465,0.4058038052212216,4.7023515436016865,True,
287,66,89,31,33,freeform,-60.0,0.5,144.725,150.0,8.95,0.0,0.0,6.0,135.775,214.5333263386704,12.566370614359172,227.0996969530296,2,119.99999999999999,293,5.000000000000004,1.072666631693352,2.5382818255869766,1.0609536372116026,4.671902094491932,True,
288,66,101,31,17,u,0.0,0.5,143.675,150.0,82.6,150.0,132.925,6.0,61.07500000000002,71.225,18.84955592153876,90.07455592153875,2,180.0,192,13.872102735011007,0.35612499999999997,3.807422738380465,0.42687521773821924,4.590422956118684,True,
289,66,111,31,19,u,0.0,0.5,144.2,150.0,91.95,150.0,132.225,6.0,52.249999999999986,63.8,18.84955592153876,82.64955592153876,2,180.0,167,13.872102735011007,0.319,3.807422738380465,0.35818462515311844,4.484607363533583,True,
290,66,113,31,5,u,0.0,0.5,144.55,150.0,28.6,150.0,103.175,6.0,115.95000000000002,185.60000000000002,18.84955592153876,204.44955592153877,2,180.0,249,5.000000000000004,0.9280000000000002,3.807422738380465,0.6871431902723008,5.422565928652766,True,
291,66,118,31,9,u,0.0,0.5,144.375,150.0,45.375,150.0,103.35,6.0,99.0,168.3,18.84955592153876,187.14955592153876,2,180.0,241,5.000000000000004,0.8415,3.807422738380465,0.6631551251362638,5.312077863516729,True,
292,68,72,61,57,u,0.0,0.5,132.5,0.0,117.125,0.0,6.05,6.0,15.375,3.4749999999999996,18.84955592153876,22.32455592153876,2,180.0,48,46.56746344221023,0.017374999999999998,3.807422738380465,0.12011920816335696,3.944916946543822,True,
293,68,72,61,57,u,0.0,0.5,132.675,0.0,116.95,0.0,12.7,6.0,15.725000000000009,17.125000000000007,18.84955592153876,35.974555921538766,2,180.0,54,45.0,0.08562500000000003,3.807422738380465,0.13235131991503993,4.025399058295505,True,
294,68,72,61,57,u,0.0,0.5,132.85,0.0,116.775,0.0,12.875,6.0,16.07499999999999,17.82499999999999,18.84955592153876,36.67455592153875,2,180.0,54,45.0,0.08912499999999994,3.807422738380465,0.12910718901363175,4.025654927394097,True,
295,68,72,61,57,u,0.0,0.5,133.025,0.0,116.6,0.0,13.05,6.0,16.42500000000001,18.525000000000013,18.84955592153876,37.37455592153877,2,180.0,54,45.0,0.09262500000000007,3.807422738380465,0.12913702617353873,4.029184764554004,True,
296,68,76,61,47,u,0.0,0.5,133.375,0.0,71.775,0.0,36.5,6.0,61.599999999999994,110.6,18.84955592153876,129.44955592153875,2,180.0,201,20.0,0.5529999999999999,3.807422738380465,0.5449110785206158,4.905333816901081,True,
297,68,76,61,47,u,0.0,0.5,133.55,0.0,71.6,0.0,37.025,6.0,61.95000000000002,112.00000000000003,18.84955592153876,130.84955592153878,2,180.0,201,19.66663821504124,0.5600000000000002,3.807422738380465,0.5407444118539492,4.908167150234415,True,
298,68,76,61,47,u,0.0,0.5,133.725,0.0,71.425,0.0,37.9,6.0,62.3,114.1,18.84955592153876,132.94955592153875,2,180.0,201,13.872102735011037,0.5705,3.807422738380465,0.5652087477383322,4.943131486118797,True,
299,68,77,61,49,u,0.0,0.5,133.2,0.0,80.6,0.0,13.225,6.0,52.599999999999994,55.05,18.84955592153876,73.89955592153876,2,180.0,169,13.872102735011143,0.27525,3.807422738380465,0.41651818324848544,4.4991909216289505,True,
300,68,113,61,5,freeform,60.0,0.5,134.425,0.0,28.425,150.0,0.0,6.0,106.00000000000001,197.3427220735493,12.566370614359172,209.90909268790847,2,119.99999999999999,254,9.999999999999995,0.9867136103677466,2.5382818255869766,0.8108936257487391,4.335889061703462,True,
301,68,116,61,1,freeform,45.0,0.5,133.9,0.0,10.775,150.0,0.0,6.0,123.125,191.05891937023304,9.424777960769383,200.48369733100242,2,90.0,321,13.872102735011616,0.9552945968511652,1.9037113691902332,1.4286332220761282,4.287639188117527,True,
302,68,116,61,1,freeform,45.0,0.5,134.075,0.0,10.95,150.0,0.0,6.0,123.12499999999999,191.05891937023304,9.424777960769383,200.48369733100242,2,90.0,321,14.999999999999993,0.9552945968511652,1.9037113691902332,1.418395086701956,4.277401052743355,True,
303,68,116,61,1,freeform,45.0,0.5,134.25,0.0,11.125,150.0,0.0,6.0,123.125,191.05891937023304,9.424777960769383,200.48369733100242,2,90.0,321,11.809010363687118,0.9552945968511652,1.9037113691902332,1.4266986671611448,4.285704633202544,True,
304,69,73,63,59,u,0.0,0.5,142.725,0.0,125.6,0.0,27.05,6.0,17.125,47.225,18.84955592153876,66.07455592153876,2,180.0,60,9.999999999999998,0.236125,3.807422738380465,0.17598235056134318,4.219530088941808,True,
305,69,73,63,59,u,0.0,0.5,142.025,0.0,126.125,0.0,17.075,6.0,15.900000000000006,26.050000000000004,18.84955592153876,44.89955592153876,2,180.0,53,13.872102735010488,0.13025000000000003,3.807422738380465,0.1412204016497533,4.078893140030218,True,
306,69,73,63,59,u,0.0,0.5,142.375,0.0,125.95,0.0,23.55,6.0,16.424999999999997,39.52500000000001,18.84955592153876,58.37455592153877,2,180.0,58,9.999999999999998,0.19762500000000008,3.807422738380465,0.15645850892867172,4.161506247309137,True,
307,69,73,63,59,u,0.0,0.5,142.55,0.0,125.775,0.0,42.275,6.0,16.775000000000006,77.325,18.84955592153876,96.17455592153877,2,180.0,60,9.999999999999998,0.386625,3.807422738380465,0.18791684928581862,4.3819645876662845,True,
308,69,77,63,49,u,0.0,0.5,142.2,0.0,80.95,0.0,9.9,6.0,61.249999999999986,57.04999999999998,18.84955592153876,75.89955592153873,2,180.0,205,2.363497901320423,0.28524999999999995,3.807422738380465,0.4899110785206161,4.582583816901081,True,
309,69,79,63,43,u,0.0,0.5,141.5,0.0,53.775,0.0,8.15,6.0,87.725,80.025,18.84955592153876,98.87455592153876,2,180.0,290,42.48111287543235,0.40012500000000006,3.807422738380465,0.6335718339458107,4.841119572326276,True,
310,69,79,63,43,u,0.0,0.5,141.675,0.0,53.6,0.0,8.325,6.0,88.07500000000002,80.72500000000002,18.84955592153876,99.57455592153877,2,180.0,290,39.9445051898149,0.4036250000000001,3.807422738380465,0.6254169616668359,4.836464700047301,True,
311,69,79,63,43,u,0.0,0.5,141.85,0.0,53.425,0.0,41.75,6.0,88.425,147.925,18.84955592153876,166.77455592153876,2,180.0,242,4.9999999999999964,0.7396250000000001,3.807422738380465,0.6516372509355726,5.198684989316038,True,
312,69,99,63,25,freeform,10.0,1.0,143.075,0.0,118.775,150.0,0.0,6.0,24.299999999999983,150.02624659905777,2.094395102393195,152.12064170145098,2,20.0,104,9.999999999999853,0.7501312329952888,0.42304697093116267,0.5084530191160113,1.6816312230424628,True,
313,69,99,63,25,freeform,10.0,1.0,143.25,0.0,118.95,150.0,0.0,6.0,24.299999999999997,150.02624659905777,2.094395102393195,152.12064170145098,2,20.0,104,9.999999999999853,0.7501312329952888,0.42304697093116267,0.5215779699493165,1.694756173875768,True,
314,69,99,63,25,freeform,10.0,0.5,143.425,0.0,119.125,150.0,0.0,6.0,24.30000000000001,150.0262465990578,2.094395102393195,152.120641701451,2,20.0,106,9.999999999999853,0.750131232995289,0.42304697093116267,0.489851853724869,1.6630300576513208,True,
315,69,111,63,19,freeform,30.0,1.0,142.9,0.0,91.775,150.0,0.0,6.0,51.125,157.2681218446942,6.283185307179586,163.5513071518738,2,59.99999999999999,177,5.000000000000009,0.786340609223471,1.2691409127934883,0.5459525134014368,2.601434035418396,True,
316,72,70,57,51,u,0.0,0.5,114.675,0.0,89.775,0.0,7.45,6.0,24.89999999999999,15.79999999999999,18.84955592153876,34.64955592153875,2,180.0,95,2.3634979013204105,0.07899999999999995,3.807422738380465,0.32898834608857846,4.215411084469043,True,
317,72,70,57,51,u,0.0,0.5,114.5,0.0,90.125,0.0,32.3,6.0,24.375,64.975,18.84955592153876,83.82455592153875,2,180.0,134,13.87210273501104,0.32487499999999997,3.807422738380465,0.39803605744917564,4.53033379582964,True,
318,73,70,59,51,u,0.0,0.5,123.5,0.0,89.95,0.0,7.625,6.0,33.55,24.799999999999997,18.84955592153876,43.649555921538756,2,180.0,125,2.3634979013204105,0.12399999999999999,3.807422738380465,0.42142892462605197,4.3528516630065175,True,
319,73,70,59,51,u,0.0,0.5,123.675,0.0,89.6,0.0,14.625,6.0,34.075,39.325,18.84955592153876,58.17455592153876,2,180.0,136,13.872102735011051,0.19662500000000002,3.807422738380465,0.3613098569389657,4.365357595319431,True,
320,70,79,51,43,u,0.0,0.5,87.5,0.0,54.125,0.0,7.8,6.0,33.375,24.975,18.84955592153876,43.82455592153876,2,180.0,110,17.978598690325644,0.12487500000000001,3.807422738380465,0.25666683523819167,4.188964573618657,True,
321,70,79,51,43,u,0.0,0.5,87.675,0.0,53.95,0.0,7.975,6.0,33.724999999999994,25.674999999999997,18.84955592153876,44.524555921538756,2,180.0,110,19.244048057788703,0.128375,3.807422738380465,0.24452401020419637,4.180321748584662,True,
322,70,84,51,41,u,0.0,0.5,87.85,0.0,45.125,0.0,20.05,6.0,42.724999999999994,58.82499999999999,18.84955592153876,77.67455592153874,2,180.0,156,13.87210273501162,0.29412499999999997,3.807422738380465,0.38151812705797705,4.4830658654384425,True,
323,93,70,27,51,freeform,-20.0,1.0,127.775,150.0,88.725,0.0,0.0,6.0,39.05000000000001,152.6537210596624,4.18879020478639,156.84251126444877,2,40.0,206,9.999999999999991,0.763268605298312,0.8460939418623253,0.8181852151534582,2.4275477623140955,True,
324,111,70,19,51,freeform,-5.0,0.0,91.25,150.0,88.375,0.0,0.0,6.0,2.875,149.07766258105767,1.0471975511965983,150.12486013225427,2,10.0,221,4.999999999999995,0.7453883129052884,0.2115234854655815,0.6813394693368395,1.6382512677077095,True,
325,111,70,19,51,freeform,-10.0,0.5,91.425,150.0,88.55,0.0,0.0,6.0,2.875,148.15180198301485,2.0943951023931953,150.24619708540806,2,20.0,219,19.999999999999996,0.7407590099150743,0.4230469709311627,0.6248217637076756,1.7886277445539127,True,
326,70,113,51,5,freeform,30.0,0.0,88.025,0.0,27.725,150.0,0.0,6.0,60.300000000000004,159.72655568524976,6.283185307179586,166.00974099242936,2,59.99999999999999,252,9.999999999999995,0.7986327784262488,1.2691409127934883,0.9564888237079006,3.0242625149276376,True,
327,70,118,51,9,freeform,20.0,0.5,88.2,0.0,45.025,150.0,0.0,6.0,43.175000000000004,153.3810698550848,4.188790204786391,157.5698600598712,2,40.0,255,9.999999999999991,0.7669053492754241,0.8460939418623257,1.015328124473217,2.6283274156109666,True,
328,73,71,59,24,freeform,5.0,0.0,124.55,0.0,113.925,150.0,0.0,6.0,10.625,149.41603488859863,1.0471975511965983,150.46323243979523,2,10.0,135,4.999999999999998,0.7470801744429931,0.2115234854655815,0.5486308620747785,1.5072345219833532,True,
329,73,71,59,24,freeform,5.0,0.0,124.725,0.0,114.1,150.0,0.0,6.0,10.625,149.41603488859863,1.0471975511965983,150.46323243979523,2,10.0,135,4.999999999999998,0.7470801744429931,0.2115234854655815,0.5474999157142378,1.5061035756228125,True,
330,71,86,24,39,freeform,-30.0,0.0,113.05,150.0,35.075,0.0,0.0,6.0,77.975,164.46255766146984,6.283185307179586,170.74574296864944,2,59.99999999999999,297,9.999999999999991,0.8223127883073492,1.2691409127934883,1.0112510254767793,3.102704726577617,True,
331,71,108,24,13,u,0.0,0.5,112.0,150.0,65.125,150.0,122.25,6.0,46.875,78.375,18.84955592153876,97.22455592153875,2,180.0,166,9.999999999999998,0.39187500000000003,3.807422738380465,0.48020863535731517,4.67950637373778,True,
332,71,111,24,19,u,0.0,0.5,112.175,150.0,92.125,150.0,121.9,6.0,20.049999999999997,52.249999999999986,18.84955592153876,71.09955592153875,2,180.0,91,9.999999999999998,0.2612499999999999,3.807422738380465,0.2943752458334738,4.363047984213939,True,
333,93,72,27,57,freeform,-10.0,0.5,128.125,150.0,116.425,0.0,0.0,6.0,11.700000000000003,148.92388943863114,2.094395102393195,151.01828454102434,2,20.0,118,9.999999999999996,0.7446194471931556,0.42304697093116267,0.4844050548981263,1.6520714730224446,True,
334,72,108,57,13,freeform,20.0,0.0,115.9,0.0,64.075,150.0,0.0,6.0,51.825,154.90629823821303,4.18879020478639,159.0950884429994,2,40.0,261,9.999999999999996,0.7745314911910651,0.8460939418623253,1.117174123147121,2.7377995562005113,True,
335,72,108,57,13,freeform,20.0,0.5,116.075,0.0,64.25,150.0,0.0,6.0,51.825,154.90629823821305,4.18879020478639,159.09508844299944,2,40.0,263,9.999999999999991,0.7745314911910652,0.8460939418623253,1.0458341761909602,2.6664596092443507,True,
336,72,108,57,13,freeform,20.0,0.5,116.25,0.0,64.425,150.0,0.0,6.0,51.825,154.90629823821305,4.18879020478639,159.09508844299944,2,40.0,263,9.999999999999996,0.7745314911910652,0.8460939418623253,1.1142871953069717,2.7349126283603624,True,
337,72,113,57,5,freeform,45.0,0.5,115.375,0.0,28.075,150.0,0.0,6.0,87.3,176.21971849821693,9.424777960769383,185.6444964589863,2,90.0,258,10.000000000000021,0.8810985924910847,1.9037113691902332,1.101757498623334,3.8865674603046516,True,
338,72,116,57,1,freeform,45.0,0.0,114.85,0.0,10.25,150.0,0.0,6.0,104.6,183.38561312727143,9.424777960769383,192.8103910880408,2,90.0,318,10.000000000000007,0.9169280656363572,1.9037113691902332,1.4391089309193899,4.25974836574598,True,
339,72,116,57,1,freeform,45.0,0.0,115.025,0.0,10.425,150.0,0.0,6.0,104.60000000000001,183.38561312727148,9.424777960769383,192.81039108804086,2,90.0,318,9.999999999999984,0.9169280656363574,1.9037113691902332,1.4535734072800424,4.274212842106633,True,
340,72,116,57,1,freeform,45.0,0.0,115.2,0.0,10.6,150.0,0.0,6.0,104.60000000000001,183.38561312727148,9.424777960769383,192.81039108804086,2,90.0,318,9.99999999999998,0.9169280656363574,1.9037113691902332,1.4595555892698608,4.280195024096452,True,
341,61,73,29,59,freeform,-10.0,0.5,136.425,150.0,125.425,0.0,0.0,6.0,11.000000000000014,148.86264737416298,2.094395102393195,150.95704247655618,2,20.0,76,9.999999999999977,0.7443132368708149,0.42304697093116267,0.2769645887416697,1.4443247965436472,True,
342,73,99,59,25,freeform,5.0,0.0,124.9,0.0,118.25,150.0,0.0,6.0,6.650000000000006,149.2424826405373,1.0471975511965983,150.2896801917339,2,10.0,126,9.999999999999993,0.7462124132026865,0.2115234854655815,0.4542560095748626,1.4119919082431307,True,
343,73,99,59,25,freeform,5.0,0.0,125.075,0.0,118.425,150.0,0.0,6.0,6.650000000000006,149.2424826405373,1.0471975511965983,150.2896801917339,2,10.0,126,9.999999999999993,0.7462124132026865,0.2115234854655815,0.4523512356292775,1.4100871342975454,True,
344,73,99,59,25,freeform,5.0,0.0,125.25,0.0,118.6,150.0,0.0,6.0,6.650000000000006,149.2424826405373,1.0471975511965983,150.2896801917339,2,10.0,126,9.999999999999993,0.7462124132026865,0.2115234854655815,0.45038695593540334,1.4081228546036715,True,
345,73,108,59,13,freeform,30.0,0.0,124.2,0.0,64.6,150.0,0.0,6.0,59.60000000000001,159.53899125054795,6.283185307179586,165.82217655772754,2,59.99999999999999,264,9.999999999999993,0.7976949562527398,1.2691409127934883,0.8400005338098308,2.906836402856059,True,
346,73,111,59,19,freeform,20.0,0.0,124.375,0.0,91.6,150.0,0.0,6.0,32.775000000000006,151.54726925571677,4.18879020478639,155.73605946050316,2,40.0,207,9.999999999999993,0.7577363462785839,0.8460939418623253,0.6613097164626952,2.2651400046036043,True,
347,73,113,59,5,freeform,45.0,0.0,123.85,0.0,28.25,150.0,0.0,6.0,95.6,179.65769106591358,9.424777960769383,189.08246902668296,2,90.0,296,10.000000000000023,0.8982884553295679,1.9037113691902332,1.3397336850859156,4.141733509605717,True,
348,73,117,59,7,freeform,45.0,0.0,124.025,0.0,36.725,150.0,0.0,6.0,87.30000000000001,176.2197184982169,9.424777960769383,185.64449645898628,2,90.0,296,5.0,0.8810985924910846,1.9037113691902332,1.2975909162424308,4.082400877923749,True,
349,74,76,55,47,u,0.0,0.5,105.85,0.0,72.125,0.0,28.625,6.0,33.724999999999994,66.975,18.84955592153876,85.82455592153875,2,180.0,140,19.999999999999996,0.334875,3.807422738380465,0.3729764955103785,4.515274233890844,True,
350,74,76,55,47,u,0.0,0.5,106.025,0.0,71.95,0.0,28.8,6.0,34.075,67.675,18.84955592153876,86.52455592153876,2,180.0,140,19.999999999999996,0.338375,3.807422738380465,0.3709228448130544,4.5167205831935195,True,
351,74,77,55,49,u,0.0,0.5,105.675,0.0,80.775,0.0,9.725,6.0,24.89999999999999,20.349999999999994,18.84955592153876,39.19955592153875,2,180.0,87,2.363497901320423,0.10174999999999998,3.807422738380465,0.2417860153062945,4.150958753686759,True,
352,74,77,55,49,u,0.0,0.5,105.5,0.0,81.125,0.0,28.45,6.0,24.375,57.275000000000006,18.84955592153876,76.12455592153876,2,180.0,118,13.872102735011056,0.28637500000000005,3.807422738380465,0.39901826753424824,4.492816005914713,True,
353,74,78,55,45,u,0.0,0.5,106.2,0.0,63.125,0.0,28.975,6.0,43.075,77.025,18.84955592153876,95.87455592153876,2,180.0,164,9.999999999999998,0.38512500000000005,3.807422738380465,0.47869087353764167,4.671238611918107,True,
354,74,78,55,45,u,0.0,0.5,106.375,0.0,62.95,0.0,29.15,6.0,43.425,77.725,18.84955592153876,96.57455592153875,2,180.0,164,9.999999999999998,0.388625,3.807422738380465,0.47449439780632224,4.670542136186787,True,
355,74,78,55,45,u,0.0,0.5,106.55,0.0,62.775,0.0,29.325,6.0,43.775,78.425,18.84955592153876,97.27455592153876,2,180.0,164,9.999999999999998,0.392125,3.807422738380465,0.4704467988267419,4.669994537207207,True,
356,74,78,55,45,u,0.0,0.5,106.725,0.0,62.6,0.0,30.2,6.0,44.12499999999999,80.525,18.84955592153876,99.37455592153876,2,180.0,164,9.999999999999998,0.402625,3.807422738380465,0.4662801602553292,4.676327898635795,True,
357,93,74,27,55,freeform,-10.0,0.0,127.95,150.0,108.125,0.0,0.0,6.0,19.825000000000003,149.6347348297793,2.094395102393195,151.7291299321725,2,20.0,177,4.999999999999994,0.7481736741488965,0.42304697093116267,0.7534232662418676,1.9246439113219267,True,
358,98,74,23,55,freeform,-5.0,1.0,109.6,150.0,107.425,0.0,0.0,6.0,2.174999999999997,149.0470999210217,1.0471975511965983,150.0942974722183,2,10.0,175,4.999999999999994,0.7452354996051085,0.2115234854655815,0.5533635357315452,1.510122520802235,True,
359,98,74,23,55,freeform,-5.0,1.0,109.775,150.0,107.6,0.0,0.0,6.0,2.1750000000000114,149.04709992102173,1.0471975511965983,150.09429747221833,2,10.0,175,4.999999999999994,0.7452354996051086,0.2115234854655815,0.548750407381186,1.505509392451876,True,
360,98,74,23,55,freeform,-5.0,1.0,109.95,150.0,107.775,0.0,0.0,6.0,2.174999999999997,149.0470999210217,1.0471975511965983,150.0942974722183,2,10.0,175,4.999999999999994,0.7452354996051085,0.2115234854655815,0.550208747738333,1.506967732809023,True,
361,74,113,55,5,freeform,30.0,0.0,106.9,0.0,27.9,150.0,0.0,6.0,79.0,164.73720558371176,6.283185307179586,171.02039089089135,2,59.99999999999999,290,2.844042281100714,0.8236860279185588,1.2691409127934883,1.133274642347415,3.226101583059462,True,
362,74,118,55,9,freeform,30.0,1.0,107.075,0.0,45.2,150.0,0.0,6.0,61.875,160.14857566332876,6.283185307179586,166.43176097050835,2,59.99999999999999,297,4.476388681051385,0.8007428783166438,1.2691409127934883,0.8859232662418686,2.9558070573520006,True,
363,76,80,47,35,u,0.0,0.5,69.5,0.0,17.075,0.0,10.6,6.0,52.425,49.625,18.84955592153876,68.47455592153875,2,180.0,166,20.0,0.248125,3.807422738380465,0.33449408875852665,4.390041827138992,True,
364,76,80,47,35,u,0.0,0.5,69.675,0.0,16.9,0.0,10.775,6.0,52.775,50.324999999999996,18.84955592153876,69.17455592153875,2,180.0,166,20.0,0.251625,3.807422738380465,0.32973213984693667,4.3887798782274015,True,
365,76,80,47,35,u,0.0,0.5,69.85,0.0,16.725,0.0,11.475,6.0,53.12499999999999,52.074999999999996,18.84955592153876,70.92455592153875,2,180.0,166,19.666638215041665,0.26037499999999997,3.807422738380465,0.3513690255442047,4.41916676392467,True,
366,76,80,47,35,u,0.0,0.5,70.025,0.0,16.55,0.0,13.575,6.0,53.47500000000001,56.625000000000014,18.84955592153876,75.47455592153878,2,180.0,162,13.872102735011051,0.28312500000000007,3.807422738380465,0.3445238416326709,4.435071580013136,True,
367,93,76,27,47,freeform,-30.0,1.0,127.425,150.0,71.075,0.0,0.0,6.0,56.349999999999994,158.66815637514682,6.283185307179586,164.95134168232642,2,59.99999999999999,238,9.999999999999991,0.7933407818757341,1.2691409127934883,0.6828281244732146,2.745309819142437,True,
368,93,76,27,47,freeform,-30.0,1.0,127.6,150.0,71.25,0.0,0.0,6.0,56.349999999999994,158.66815637514682,6.283185307179586,164.95134168232642,2,59.99999999999999,238,9.999999999999991,0.7933407818757341,1.2691409127934883,0.6983638728745948,2.7608455675438175,True,
369,76,108,47,13,freeform,5.0,0.0,70.725,0.0,63.2,150.0,0.0,6.0,7.5249999999999915,149.28068596558225,1.0471975511965983,150.32788351677885,2,10.0,241,4.999999999999998,0.7464034298279113,0.2115234854655815,0.9016669476192085,1.8595938629127013,True,
370,76,108,47,13,freeform,5.0,0.0,70.9,0.0,63.375,150.0,0.0,6.0,7.525000000000006,149.28068596558225,1.0471975511965983,150.32788351677885,2,10.0,241,4.999999999999997,0.7464034298279113,0.2115234854655815,0.9036311992178285,1.8615581145113214,True,
371,76,113,47,5,freeform,20.0,0.0,70.55,0.0,27.375,150.0,0.0,6.0,43.175,153.3810698550848,4.188790204786391,157.5698600598712,2,40.0,233,9.999999999999993,0.7669053492754241,0.8460939418623257,1.003869503163528,2.616868794301278,True,
372,76,116,47,1,freeform,30.0,0.0,70.2,0.0,8.675,150.0,0.0,6.0,61.525000000000006,160.05479344597788,6.283185307179586,166.33797875315747,2,59.99999999999999,241,9.999999999999993,0.8002739672298894,1.2691409127934883,0.7986910140139134,2.868105894037291,True,
373,76,116,47,1,freeform,30.0,0.0,70.375,0.0,8.85,150.0,0.0,6.0,61.525,160.05479344597788,6.283185307179586,166.33797875315747,2,59.99999999999999,241,9.999999999999995,0.8002739672298894,1.2691409127934883,0.7933635357315448,2.8627784157549225,True,
374,77,81,49,37,u,0.0,0.5,78.5,0.0,26.425,0.0,14.975,6.0,52.075,58.025000000000006,18.84955592153876,76.87455592153876,2,180.0,170,9.999999999999998,0.290125,3.807422738380465,0.37291682119056424,4.470464559571029,True,
375,77,81,49,37,u,0.0,0.5,78.675,0.0,26.25,0.0,15.15,6.0,52.425,58.724999999999994,18.84955592153876,77.57455592153875,2,180.0,170,9.999999999999998,0.29362499999999997,3.807422738380465,0.37020855107155265,4.471256289452017,True,
376,77,81,49,37,u,0.0,0.5,78.85,0.0,26.075,0.0,15.325,6.0,52.77499999999999,59.425,18.84955592153876,78.27455592153876,2,180.0,170,9.999999999999998,0.297125,3.807422738380465,0.37827399615656887,4.482821734537034,True,
377,77,81,49,37,u,0.0,0.5,79.025,0.0,25.9,0.0,15.5,6.0,53.12500000000001,60.12500000000001,18.84955592153876,78.97455592153877,2,180.0,170,9.999999999999998,0.30062500000000003,3.807422738380465,0.3865775766157577,4.494625314996223,True,
378,77,108,49,13,freeform,10.0,0.0,79.375,0.0,63.55,150.0,0.0,6.0,15.825000000000003,149.28478017567556,2.0943951023931953,151.37917527806877,2,20.0,255,9.999999999999995,0.7464239008783778,0.4230469709311627,0.881756262432153,2.0512271342416937,True,
379,77,108,49,13,freeform,10.0,0.0,79.55,0.0,63.725,150.0,0.0,6.0,15.824999999999996,149.28478017567556,2.0943951023931966,151.37917527806877,2,20.0,255,9.999999999999993,0.7464239008783778,0.423046970931163,0.8840778575683027,2.0535487293778436,True,
380,77,108,49,13,freeform,10.0,0.0,79.725,0.0,63.9,150.0,0.0,6.0,15.824999999999996,149.28478017567556,2.0943951023931966,151.37917527806877,2,20.0,255,9.999999999999993,0.7464239008783778,0.423046970931163,0.8846730836227176,2.0541439554322585,True,
381,77,113,49,5,freeform,30.0,0.0,79.2,0.0,27.55,150.0,0.0,6.0,51.650000000000006,157.40879517072054,6.283185307179586,163.69198047790013,2,59.99999999999999,238,9.999999999999995,0.7870439758536028,1.2691409127934883,0.8533637323983239,2.909548621045415,True,
382,78,80,45,35,u,0.0,0.5,60.85,0.0,17.425,0.0,10.25,6.0,43.425,39.925,18.84955592153876,58.774555921538756,2,180.0,132,50.56778186861048,0.199625,3.807422738380465,0.2500894271939586,4.257137165574424,True,
383,78,80,45,35,u,0.0,0.5,61.025,0.0,17.25,0.0,10.425,6.0,43.775,40.625,18.84955592153876,59.47455592153876,2,180.0,132,49.60549403024999,0.203125,3.807422738380465,0.24886908173471353,4.259416820115178,True,
384,78,81,45,37,u,0.0,0.5,60.5,0.0,26.775,0.0,9.9,6.0,33.725,29.525,18.84955592153876,48.37455592153876,2,180.0,108,37.26596292649422,0.147625,3.807422738380465,0.23505967431981412,4.1901074127002795,True,
385,78,81,45,37,u,0.0,0.5,60.675,0.0,26.6,0.0,10.075,6.0,34.074999999999996,30.224999999999994,18.84955592153876,49.07455592153875,2,180.0,108,39.94450518981486,0.15112499999999998,3.807422738380465,0.23145842464290947,4.190006163023375,True,
386,99,78,25,45,freeform,-30.0,0.5,117.9,150.0,62.25,0.0,0.0,6.0,55.650000000000006,158.48059194044504,6.283185307179586,164.76377724762463,2,59.99999999999999,240,9.999999999999998,0.7924029597022252,1.2691409127934883,0.7807150804086185,2.8422589529043316,True,
387,99,78,25,45,freeform,-30.0,0.5,118.075,150.0,62.425,0.0,0.0,6.0,55.650000000000006,158.48059194044504,6.283185307179586,164.76377724762463,2,59.99999999999999,240,9.999999999999998,0.7924029597022252,1.2691409127934883,0.7745245721092804,2.8360684446049937,True,
388,101,78,17,45,freeform,-10.0,1.0,81.9,150.0,61.725,0.0,0.0,6.0,20.175000000000004,149.6653558620133,2.094395102393195,151.75975096440652,2,20.0,259,9.999999999999996,0.7483267793100666,0.42304697093116267,0.8552674387242523,2.0266411889654816,True,
389,101,78,17,45,freeform,-20.0,0.5,82.075,150.0,61.9,0.0,0.0,6.0,20.175000000000004,149.32554929879012,4.188790204786389,153.5143395035765,2,40.0,249,9.999999999999991,0.7466277464939506,0.8460939418623251,0.7609227324320399,2.3536444207883154,True,
390,78,113,45,5,freeform,20.0,0.5,61.2,0.0,27.2,150.0,0.0,6.0,34.0,151.76326980708464,4.188790204786391,155.95206001187103,2,40.0,216,9.999999999999996,0.7588163490354232,0.8460939418623257,0.8114585370239273,2.4163688279216764,True,
391,78,118,45,9,freeform,10.0,0.5,61.375,0.0,44.85,150.0,0.0,6.0,16.525,149.34602224014372,2.0943951023931953,151.44041734253693,2,20.0,233,9.999999999999993,0.7467301112007186,0.4230469709311627,0.7879471078745398,1.957724190006421,True,
392,79,80,43,35,u,0.0,0.5,52.025,0.0,18.125,0.0,8.15,6.0,33.9,26.199999999999996,18.84955592153876,45.049555921538754,2,180.0,109,44.90052796068899,0.13099999999999998,3.807422738380465,0.22866083971095627,4.167083578091421,True,
393,79,80,43,35,u,0.0,0.5,52.2,0.0,17.95,0.0,8.325,6.0,34.25,26.900000000000002,18.84955592153876,45.74955592153876,2,180.0,109,42.481112875432366,0.1345,3.807422738380465,0.22160727329939445,4.1635300116798595,True,
394,79,80,43,35,u,0.0,0.5,52.375,0.0,17.775,0.0,8.5,6.0,34.6,27.6,18.84955592153876,46.44955592153876,2,180.0,109,39.9445051898149,0.138,3.807422738380465,0.21452389782317988,4.159946636203645,True,
395,79,80,43,35,u,0.0,0.5,52.55,0.0,17.6,0.0,8.675,6.0,34.949999999999996,28.299999999999997,18.84955592153876,47.149555921538756,2,180.0,109,37.26596292649422,0.1415,3.807422738380465,0.21318459705786516,4.16210733543833,True,
396,79,81,43,37,u,0.0,0.5,51.675,0.0,27.125,0.0,7.8,6.0,24.549999999999997,16.15,18.84955592153876,34.99955592153876,2,180.0,79,42.48111287543236,0.08074999999999999,3.807422738380465,0.17747038760212638,4.065643125982591,True,
397,79,81,43,37,u,0.0,0.5,51.85,0.0,26.95,0.0,7.975,6.0,24.900000000000002,16.849999999999998,18.84955592153876,35.69955592153876,2,180.0,79,44.90052796068899,0.08424999999999999,3.807422738380465,0.17205365069732434,4.0637263890777895,True,
398,79,86,43,39,u,0.0,0.5,51.5,0.0,36.125,0.0,7.625,6.0,15.375,6.625,18.84955592153876,25.47455592153876,2,180.0,48,39.9445051898149,0.033125,3.807422738380465,0.11845248530618205,3.959000223686647,True,
399,108,79,13,43,freeform,-10.0,0.5,62.675,150.0,52.725,0.0,0.0,6.0,9.949999999999996,148.77078427746076,2.094395102393195,150.86517937985397,2,20.0,244,4.9999999999999964,0.7438539213873038,0.42304697093116267,0.7770246002045365,1.943925492523003,True,
400,108,79,13,43,freeform,-10.0,0.0,62.85,150.0,52.9,0.0,0.0,6.0,9.950000000000003,148.77078427746076,2.0943951023931953,150.86517937985397,2,20.0,240,4.9999999999999964,0.7438539213873038,0.4230469709311627,0.8249703595068728,1.9918712518253394,True,
401,109,79,15,43,freeform,-10.0,1.0,73.425,150.0,53.075,0.0,0.0,6.0,20.349999999999994,149.68066637813035,2.094395102393195,151.77506148052356,2,20.0,256,9.999999999999998,0.7484033318906518,0.42304697093116267,0.9145838250002829,2.0860341278220975,True,
402,61,80,29,35,freeform,-45.0,0.5,135.375,150.0,16.375,0.0,0.0,6.0,119.0,189.350288425444,9.42477796076938,198.77506638621338,2,90.0,302,12.916934477184016,0.9467514421272201,1.9037113691902325,1.5539601103581566,4.404422921675609,True,
403,108,80,13,35,freeform,-30.0,0.0,62.5,150.0,16.2,0.0,0.0,6.0,46.3,155.97526699121403,6.283185307179586,162.25845229839362,2,59.99999999999999,178,9.999999999999996,0.7798763349560701,1.2691409127934883,0.5232445523302209,2.5722618000797794,True,
404,113,80,5,35,freeform,-10.0,0.0,26.85,150.0,15.675,0.0,0.0,6.0,11.175,148.87795789028002,2.0943951023931957,150.97235299267322,2,20.0,83,9.999999999999988,0.7443897894514001,0.42304697093116284,0.3524109380443456,1.5198476984269087,True,
405,113,80,5,35,freeform,-10.0,0.0,27.025,150.0,15.85,0.0,0.0,6.0,11.174999999999999,148.87795789028002,2.0943951023931953,150.97235299267322,2,20.0,83,9.999999999999986,0.7443897894514001,0.4230469709311627,0.3572622860546396,1.5246990464372026,True,
406,117,80,7,35,freeform,-10.0,0.0,35.85,150.0,16.025,0.0,0.0,6.0,19.825000000000003,149.6347348297793,2.094395102393195,151.7291299321725,2,20.0,111,9.999999999999996,0.7481736741488965,0.42304697093116267,0.420506473146556,1.591727118226615,True,
407,62,81,53,37,u,0.0,0.5,96.675,0.0,25.725,0.0,23.725,6.0,70.94999999999999,94.4,18.84955592153876,113.24955592153876,2,180.0,209,2.844042281100714,0.47200000000000003,3.807422738380465,0.472708522976298,4.752131261356763,True,
408,62,81,53,37,u,0.0,0.5,96.85,0.0,25.55,0.0,23.9,6.0,71.3,95.1,18.84955592153876,113.94955592153875,2,180.0,209,16.47857236304778,0.4755,3.807422738380465,0.4753275906633843,4.758250329043849,True,
409,62,81,53,37,u,0.0,0.5,97.025,0.0,25.375,0.0,24.425,6.0,71.65,96.5,18.84955592153876,115.34955592153875,2,180.0,215,13.942691268763863,0.4825,3.807422738380465,0.5220835440477388,4.812006282428204,True,
410,62,81,53,37,u,0.0,0.5,97.2,0.0,25.2,0.0,24.6,6.0,72.0,97.19999999999999,18.84955592153876,116.04955592153874,2,180.0,217,12.627551109931618,0.48599999999999993,3.807422738380465,0.5086907330613706,4.802113471441835,True,
411,62,84,53,41,u,0.0,0.5,96.5,0.0,44.95,0.0,23.55,6.0,51.55,74.64999999999999,18.84955592153876,93.49955592153876,2,180.0,181,13.872102735011056,0.37324999999999997,3.807422738380465,0.4313097164626944,4.611982454843159,True,
412,107,84,11,41,freeform,-10.0,0.0,53.5,150.0,43.2,0.0,0.0,6.0,10.299999999999997,148.80140530969484,2.0943951023931953,150.89580041208805,2,20.0,208,4.999999999999997,0.7440070265484743,0.4230469709311627,0.7104168773810735,1.8774708748607105,True,
413,107,84,11,41,freeform,-10.0,0.5,53.675,150.0,43.375,0.0,0.0,6.0,10.299999999999997,148.80140530969484,2.094395102393195,150.89580041208805,2,20.0,218,4.999999999999997,0.7440070265484743,0.42304697093116267,0.7253277030444037,1.8923817005240409,True,
414,84,114,41,3,freeform,10.0,0.0,42.675,0.0,19.425,150.0,0.0,6.0,23.249999999999996,149.9343835023556,2.094395102393195,152.0287786047488,2,20.0,162,9.999999999999984,0.749671917511778,0.42304697093116267,0.6701192643538656,1.8428381527968063,True,
415,84,114,41,3,freeform,10.0,0.0,42.85,0.0,19.6,150.0,0.0,6.0,23.25,149.9343835023556,2.094395102393195,152.0287786047488,2,20.0,162,9.999999999999984,0.749671917511778,0.42304697093116267,0.6586014463436842,1.831320334786625,True,
416,86,114,39,3,freeform,10.0,0.0,33.5,0.0,18.9,150.0,0.0,6.0,14.600000000000001,149.17760656285628,2.0943951023931953,151.2720016652495,2,20.0,126,9.999999999999991,0.7458880328142814,0.4230469709311627,0.4776488486564852,1.6465838524019294,True,
417,86,114,39,3,freeform,10.0,0.0,33.675,0.0,19.075,150.0,0.0,6.0,14.599999999999998,149.17760656285628,2.0943951023931953,151.2720016652495,2,20.0,126,9.999999999999993,0.7458880328142814,0.4230469709311627,0.4874703876021264,1.6564053913475707,True,
418,117,86,7,39,freeform,-5.0,0.0,36.025,150.0,34.025,0.0,0.0,6.0,2.0,149.03945925601272,1.0471975511965976,150.08665680720932,2,10.0,156,4.999999999999993,0.7451972962800636,0.21152348546558136,0.5656253441668629,1.5223461259125077,True,
419,118,86,9,39,freeform,-10.0,0.5,44.675,150.0,34.2,0.0,0.0,6.0,10.474999999999994,148.81671582581188,2.094395102393195,150.9111109282051,2,20.0,173,9.999999999999998,0.7440835791290594,0.42304697093116267,0.5326792477214746,1.6998097977816966,True,
420,84,89,41,33,u,0.0,0.5,42.5,0.0,9.125,0.0,6.05,6.0,33.375,21.475,18.84955592153876,40.32455592153876,2,180.0,112,44.90052796068899,0.10737500000000001,3.807422738380465,0.2397025274490634,4.154500265829529,True,
421,117,89,7,33,freeform,-20.0,0.5,35.5,150.0,8.25,0.0,0.0,6.0,27.25,150.5730626873025,4.188790204786391,154.76185289208888,2,40.0,118,4.999999999999993,0.7528653134365125,0.8460939418623257,0.4646729993369524,2.063632254635791,True,
422,117,89,7,33,freeform,-20.0,0.5,35.675,150.0,8.425,0.0,0.0,6.0,27.249999999999996,150.5730626873025,4.188790204786391,154.76185289208888,2,40.0,118,4.999999999999993,0.7528653134365125,0.8460939418623257,0.46041704595259797,2.059376301251436,True,
423,93,107,27,11,u,0.0,0.5,125.5,150.0,55.6,150.0,112.8,6.0,69.9,120.3,18.84955592153876,139.14955592153876,2,180.0,219,9.999999999999998,0.6015,3.807422738380465,0.5157442432824246,4.92466698166289,True,
424,93,107,27,11,u,0.0,0.5,125.675,150.0,55.425,150.0,112.625,6.0,70.25,121.0,18.84955592153876,139.84955592153875,2,180.0,219,9.999999999999998,0.605,3.807422738380465,0.5183931762246721,4.930815914605137,True,
425,93,107,27,11,u,0.0,0.5,125.85,150.0,55.25,150.0,112.45,6.0,70.6,121.69999999999999,18.84955592153876,140.54955592153874,2,180.0,219,9.999999999999998,0.6084999999999999,3.807422738380465,0.5194347796770168,4.935357518057482,True,
426,93,107,27,11,u,0.0,0.5,126.025,150.0,55.075,150.0,111.75,6.0,70.95,123.45,18.84955592153876,142.29955592153877,2,180.0,225,2.820810759755758,0.6172500000000001,3.807422738380465,0.5860716653742856,5.010744403754751,True,
427,93,107,27,11,u,0.0,0.5,126.2,150.0,54.9,150.0,111.575,6.0,71.30000000000001,124.14999999999999,18.84955592153876,142.99955592153876,2,180.0,229,2.820810759753933,0.62075,3.807422738380465,0.6051192643538661,5.033292002734331,True,
428,93,107,27,11,u,0.0,0.5,126.375,150.0,54.725,150.0,111.4,6.0,71.65,124.85,18.84955592153876,143.69955592153875,2,180.0,229,9.999999999999998,0.62425,3.807422738380465,0.5754168773810729,5.007089615761538,True,
429,93,107,27,11,u,0.0,0.5,126.55,150.0,54.55,150.0,111.225,6.0,72.0,125.55000000000001,18.84955592153876,144.39955592153876,2,180.0,229,9.999999999999998,0.62775,3.807422738380465,0.5516371666498092,4.986809905030274,True,
430,93,107,27,11,u,0.0,0.5,126.725,150.0,54.375,150.0,111.05,6.0,72.35,126.25,18.84955592153876,145.09955592153875,2,180.0,229,9.999999999999998,0.63125,3.807422738380465,0.5516372509355719,4.990309989316037,True,
431,93,107,27,11,u,0.0,0.5,126.9,150.0,54.2,150.0,110.875,6.0,72.7,126.95,18.84955592153876,145.79955592153877,2,180.0,229,9.999999999999998,0.63475,3.807422738380465,0.5564287841497813,4.9986015225302465,True,
432,93,107,27,11,u,0.0,0.5,127.075,150.0,54.025,150.0,110.7,6.0,73.05000000000001,127.64999999999999,18.84955592153876,146.49955592153876,2,180.0,229,9.999999999999998,0.63825,3.807422738380465,0.5693157119899308,5.014988450370396,True,
433,93,113,27,5,u,0.0,0.5,127.25,150.0,28.775,150.0,110.525,6.0,98.475,153.42499999999998,18.84955592153876,172.27455592153873,2,180.0,258,9.999999999999998,0.767125,3.807422738380465,0.7095242349662308,5.284071973346696,True,
434,98,74,23,55,freeform,-5.0,1.0,110.125,150.0,107.95,0.0,0.0,6.0,2.174999999999997,149.0470999210217,1.0471975511965983,150.0942974722183,2,10.0,175,4.999999999999994,0.7452354996051085,0.2115234854655815,0.5532444680444589,1.510003453115149,True,
435,98,78,23,45,freeform,-30.0,0.0,109.425,150.0,62.075,0.0,0.0,6.0,47.349999999999994,156.2566136432667,6.283185307179586,162.53979895044628,2,59.99999999999999,276,4.999999999999998,0.7812830682163334,1.2691409127934883,0.8941375037928618,2.9445614848026835,True,
436,98,89,23,33,freeform,-45.0,0.5,109.075,150.0,8.6,0.0,0.0,6.0,100.47500000000001,181.67698218248248,9.42477796076938,191.10176014325185,2,90.0,271,6.083280341445206,0.9083849109124124,1.9037113691902325,1.3994063472798175,4.211502627382463,True,
437,98,89,23,33,freeform,-45.0,0.5,109.25,150.0,8.775,0.0,0.0,6.0,100.475,181.67698218248248,9.42477796076938,191.10176014325185,2,90.0,271,13.158268799451907,0.9083849109124124,1.9037113691902325,1.4113112336064193,4.2234075137090645,True,
438,98,101,23,17,u,0.0,0.5,107.5,150.0,82.425,150.0,136.075,6.0,25.075000000000003,28.925000000000026,18.84955592153876,47.774555921538784,2,180.0,80,13.872102735011007,0.14462500000000014,3.807422738380465,0.2146728026701728,4.166720541050638,True,
439,98,109,23,15,u,0.0,0.5,107.675,150.0,74.125,150.0,124.175,6.0,33.55,61.199999999999974,18.84955592153878,80.04955592153875,2,180.0,109,9.999999999999998,0.3059999999999999,3.807422738380469,0.27625021071440603,4.389672949094875,True,
440,98,109,23,15,u,0.0,0.5,107.85,150.0,73.95,150.0,130.475,6.0,33.89999999999999,48.95,18.84955592153876,67.79955592153877,2,180.0,109,13.872102735011007,0.24475000000000002,3.807422738380465,0.26744074710899834,4.319613485489463,True,
441,98,113,23,5,u,0.0,0.5,108.725,150.0,29.125,150.0,123.3,6.0,79.6,108.99999999999997,18.84955592153878,127.84955592153875,2,180.0,221,10.0,0.5449999999999998,3.807422738380469,0.4839586213096878,4.836381359690156,True,
442,98,113,23,5,u,0.0,0.5,108.9,150.0,28.95,150.0,123.125,6.0,79.95,109.7,18.84955592153876,128.54955592153877,2,180.0,221,10.0,0.5485,3.807422738380465,0.48157760471101163,4.8375003430914765,True,
443,98,117,23,7,u,0.0,0.5,108.025,150.0,37.425,150.0,124.0,6.0,70.60000000000001,98.60000000000001,18.84955592153876,117.44955592153877,2,180.0,215,19.999999999999996,0.49300000000000005,3.807422738380465,0.46711338120764584,4.767536119588112,True,
444,98,117,23,7,u,0.0,0.5,108.2,150.0,37.25,150.0,123.825,6.0,70.95,99.30000000000003,18.849555921538737,118.14955592153876,2,180.0,215,19.999999999999996,0.49650000000000016,3.8074227383804606,0.4737801321600749,4.777702870540535,True,
445,98,117,23,7,u,0.0,0.5,108.375,150.0,37.075,150.0,123.65,6.0,71.3,99.99999999999999,18.84955592153876,118.84955592153875,2,180.0,215,19.999999999999996,0.49999999999999994,3.807422738380465,0.47946464493217744,4.786887383312642,True,
446,99,84,25,41,freeform,-30.0,0.5,117.725,150.0,44.775,0.0,0.0,6.0,72.94999999999999,163.11611296950343,6.283185307179586,169.39929827668303,2,59.99999999999999,306,9.999999999999991,0.8155805648475172,1.2691409127934883,1.0087510535720328,3.0934725312130382,True,
447,99,101,25,17,u,0.0,0.5,116.5,150.0,83.125,150.0,118.75,6.0,33.375,71.875,18.84955592153876,90.72455592153875,2,180.0,110,20.0,0.359375,3.807422738380465,0.25824415899666225,4.4250418973771275,True,
448,99,101,25,17,u,0.0,0.5,116.675,150.0,82.95,150.0,118.575,6.0,33.724999999999994,72.57499999999999,18.84955592153876,91.42455592153874,2,180.0,110,19.666638215041676,0.36287499999999995,3.807422738380465,0.2536310587415573,4.423928797122022,True,
449,99,101,25,17,u,0.0,0.5,116.85,150.0,82.775,150.0,118.4,6.0,34.07499999999999,73.27499999999998,18.84955592153876,92.12455592153873,2,180.0,110,13.872102735011566,0.3663749999999999,3.807422738380465,0.26002992144566917,4.433827659826134,True,
450,99,107,25,11,u,0.0,0.5,117.2,150.0,56.125,150.0,118.05,6.0,61.075,100.97500000000001,18.84955592153876,119.82455592153877,2,180.0,194,9.042609161151177,0.5048750000000001,3.807422738380465,0.4224406628232355,4.734738401203701,True,
451,99,107,25,11,u,0.0,0.5,117.375,150.0,55.95,150.0,116.825,6.0,61.425,103.77499999999999,18.84955592153876,122.62455592153876,2,180.0,198,19.62921869452654,0.518875,3.807422738380465,0.4348811851702006,4.761178923550665,True,
452,99,107,25,11,u,0.0,0.5,117.55,150.0,55.775,150.0,116.65,6.0,61.775,104.475,18.84955592153876,123.32455592153875,2,180.0,198,13.872102735011007,0.522375,3.807422738380465,0.43479184226200474,4.76458958064247,True,
453,99,109,25,15,u,0.0,0.5,117.025,150.0,73.775,150.0,118.225,6.0,43.25,82.80000000000001,18.84955592153876,101.64955592153876,2,180.0,131,9.999999999999998,0.4140000000000001,3.807422738380465,0.27154782374161357,4.492970562122078,True,
454,61,101,29,17,u,0.0,0.5,134.5,150.0,82.25,150.0,143.95,6.0,52.25,40.35000000000002,18.84955592153876,59.19955592153878,2,180.0,177,13.872102735011007,0.20175000000000012,3.807422738380465,0.3950001966667783,4.404172935047244,True,
455,101,84,17,41,freeform,-30.0,0.5,81.55,150.0,44.425,0.0,0.0,6.0,37.125,153.5168331506585,6.283185307179586,159.8000184578381,2,59.99999999999999,249,4.999999999999997,0.7675841657532925,1.2691409127934883,0.7292566838609646,2.7659817624077454,True,
456,101,84,17,41,freeform,-20.0,0.5,81.725,150.0,44.6,0.0,0.0,6.0,37.12499999999999,152.3142916217986,4.188790204786391,156.50308182658497,2,40.0,245,9.999999999999993,0.761571458108993,0.8460939418623257,0.9488697841160705,2.556535184087389,True,
457,101,114,17,3,u,0.0,0.5,81.375,150.0,20.125,150.0,131.175,6.0,61.25,74.89999999999998,18.84955592153876,93.74955592153873,2,180.0,183,9.999999999999998,0.3744999999999999,3.807422738380465,0.3983038052212213,4.580226543601687,True,
458,101,117,17,7,u,0.0,0.5,81.025,150.0,37.775,150.0,131.875,6.0,43.25000000000001,55.50000000000001,18.84955592153876,74.34955592153877,2,180.0,147,5.265683064028896,0.2775,3.807422738380465,0.3686908173471335,4.453613555727598,True,
459,101,118,17,9,u,0.0,0.5,80.5,150.0,47.125,150.0,143.95,6.0,33.375,21.475000000000023,18.84955592153876,40.32455592153878,2,180.0,112,42.48111287543219,0.10737500000000011,3.807422738380465,0.24955379117359508,4.16435152955406,True,
460,101,118,17,9,u,0.0,0.5,80.675,150.0,46.95,150.0,143.775,6.0,33.724999999999994,22.174999999999983,18.84955592153876,41.02455592153874,2,180.0,112,39.94450518981498,0.11087499999999992,3.807422738380465,0.24389900318038288,4.162196741560848,True,
461,101,118,17,9,u,0.0,0.5,80.85,150.0,46.775,150.0,132.925,6.0,34.074999999999996,44.22499999999997,18.84955592153876,63.07455592153873,2,180.0,120,21.81385921565878,0.22112499999999988,3.807422738380465,0.28345268197296125,4.312000420353426,True,
462,74,107,55,11,freeform,20.0,0.0,107.25,0.0,53.85,150.0,0.0,6.0,53.4,155.18401323282885,4.188790204786391,159.37280343761523,2,40.0,304,9.999999999999991,0.7759200661641442,0.8460939418623257,1.3437220592697476,2.965736067296217,True,
463,108,78,13,45,freeform,-5.0,0.5,63.025,150.0,61.55,0.0,0.0,6.0,1.4750000000000014,149.01653726098576,1.0471975511965976,150.06373481218236,2,10.0,247,4.999999999999998,0.7450826863049288,0.21152348546558136,0.8049705842689076,1.7615767560394175,True,
464,111,108,19,13,u,0.0,0.5,89.675,150.0,64.775,150.0,140.625,6.0,24.89999999999999,19.64999999999999,18.84955592153876,38.49955592153875,2,180.0,91,13.872102735011007,0.09824999999999996,3.807422738380465,0.23848229437083485,4.1441550327513,True,
465,111,108,19,13,u,0.0,0.5,89.5,150.0,64.95,150.0,136.95,6.0,24.549999999999997,26.65000000000002,18.84955592153876,45.49955592153878,2,180.0,95,13.872102735011007,0.1332500000000001,3.807422738380465,0.2618454086735669,4.2025181470540325,True,
466,77,109,49,15,freeform,5.0,0.0,79.9,0.0,73.6,150.0,0.0,6.0,6.300000000000011,149.22720131051932,1.0471975511965983,150.27439886171592,2,10.0,240,4.999999999999998,0.7461360065525966,0.2115234854655815,0.8803872087926912,1.8380467008108692,True,
467,109,84,15,41,freeform,-20.0,0.0,72.55,150.0,43.55,0.0,0.0,6.0,29.0,150.8816349035423,4.188790204786391,155.0704251083287,2,40.0,242,4.999999999999997,0.7544081745177116,0.8460939418623257,0.8742266219390247,2.4747287383190617,True,
468,109,84,15,41,freeform,-20.0,0.0,72.725,150.0,43.725,0.0,0.0,6.0,28.999999999999993,150.8816349035423,4.188790204786391,155.0704251083287,2,40.0,242,4.999999999999997,0.7544081745177116,0.8460939418623257,0.9140484418372077,2.5145505582172447,True,
469,109,84,15,41,freeform,-20.0,0.0,72.9,150.0,43.9,0.0,0.0,6.0,29.000000000000007,150.8816349035423,4.188790204786391,155.0704251083287,2,40.0,242,4.999999999999997,0.7544081745177116,0.8460939418623257,0.8845540159356305,2.485056132315668,True,
470,109,84,15,41,freeform,-20.0,0.0,73.075,150.0,44.075,0.0,0.0,6.0,29.0,150.8816349035423,4.188790204786391,155.0704251083287,2,40.0,242,4.999999999999997,0.7544081745177116,0.8460939418623257,0.8789885146601061,2.4794906310401434,True,
471,109,84,15,41,freeform,-20.0,0.0,73.25,150.0,44.25,0.0,0.0,6.0,29.0,150.8816349035423,4.188790204786391,155.0704251083287,2,40.0,242,4.999999999999997,0.7544081745177116,0.8460939418623257,0.8950897362417565,2.4955918526217937,True,
472,109,86,15,39,freeform,-20.0,0.0,71.85,150.0,34.375,0.0,0.0,6.0,37.474999999999994,152.37600606504657,4.188790204786391,156.56479626983295,2,40.0,231,9.999999999999993,0.7618800303252329,0.8460939418623257,0.8560123843880321,2.4639863565755906,True,
473,109,86,15,39,freeform,-20.0,0.0,72.025,150.0,34.55,0.0,0.0,6.0,37.47500000000001,152.37600606504657,4.188790204786391,156.56479626983295,2,40.0,231,9.999999999999993,0.7618800303252329,0.8460939418623257,0.8517265376532624,2.459700509840821,True,
474,109,86,15,39,freeform,-20.0,0.0,72.2,150.0,34.725,0.0,0.0,6.0,37.475,152.37600606504657,4.188790204786391,156.56479626983295,2,40.0,231,9.999999999999993,0.7618800303252329,0.8460939418623257,0.8599408594900179,2.4679148316775765,True,
475,109,86,15,39,freeform,-20.0,0.0,72.375,150.0,34.9,0.0,0.0,6.0,37.475,152.37600606504657,4.188790204786391,156.56479626983295,2,40.0,231,9.999999999999993,0.7618800303252329,0.8460939418623257,0.862381381836983,2.4703553540245418,True,
476,109,117,15,7,u,0.0,0.5,71.5,150.0,38.125,150.0,135.55,6.0,33.375,38.27499999999998,18.84955592153876,57.124555921538736,2,180.0,130,19.666638215041374,0.19137499999999988,3.807422738380465,0.337530005731432,4.336327744111897,True,
477,109,117,15,7,u,0.0,0.5,71.675,150.0,37.95,150.0,135.375,6.0,33.724999999999994,38.974999999999994,18.84955592153876,57.82455592153875,2,180.0,130,13.872102735011007,0.19487499999999996,3.807422738380465,0.3316668633334457,4.333964601713911,True,
478,111,77,19,49,freeform,-5.0,0.0,90.725,150.0,80.075,0.0,0.0,6.0,10.649999999999991,149.41712641217137,1.0471975511965983,150.46432396336797,2,10.0,226,4.999999999999997,0.7470856320608569,0.2115234854655815,0.7722022464965208,1.7308113640229592,True,
479,111,77,19,49,freeform,-5.0,0.0,90.9,150.0,80.25,0.0,0.0,6.0,10.650000000000006,149.41712641217137,1.0471975511965983,150.46432396336797,2,10.0,226,4.999999999999997,0.7470856320608569,0.2115234854655815,0.771339160289043,1.7299482778154815,True,
480,111,77,19,49,freeform,-5.0,0.0,91.075,150.0,80.425,0.0,0.0,6.0,10.650000000000006,149.41712641217137,1.0471975511965983,150.46432396336797,2,10.0,226,4.999999999999997,0.7470856320608569,0.2115234854655815,0.7794642235033648,1.738073341029803,True,
481,111,79,19,43,freeform,-20.0,0.0,90.55,150.0,53.25,0.0,0.0,6.0,37.3,152.34514884342258,4.188790204786391,156.53393904820896,2,40.0,268,4.9999999999999964,0.7617257442171129,0.8460939418623257,1.0387507164289846,2.6465704025084236,True,
482,111,81,19,37,freeform,-30.0,0.0,90.025,150.0,24.675,0.0,0.0,6.0,65.35000000000001,161.07969910702693,6.283185307179586,167.36288441420652,2,59.99999999999999,248,9.999999999999993,0.8053984955351347,1.2691409127934883,0.7867568524324895,2.8612962607611125,True,
483,111,81,19,37,freeform,-30.0,0.0,90.2,150.0,24.85,0.0,0.0,6.0,65.35,161.07969910702693,6.283185307179586,167.36288441420652,2,59.99999999999999,248,9.999999999999998,0.8053984955351347,1.2691409127934883,0.7753282087589783,2.849867617087601,True,
484,111,81,19,37,freeform,-30.0,0.0,90.375,150.0,25.025,0.0,0.0,6.0,65.35,161.07969910702693,6.283185307179586,167.36288441420652,2,59.99999999999999,248,9.999999999999998,0.8053984955351347,1.2691409127934883,0.7609532719733003,2.8354926803019236,True,
485,111,114,19,3,u,0.0,0.5,89.85,150.0,19.95,150.0,127.5,6.0,69.89999999999999,90.89999999999999,18.84955592153876,109.74955592153876,2,180.0,235,1.1011443206202414,0.45449999999999996,3.807422738380465,0.6476491296090264,4.9095718679894915,True,
486,113,89,5,33,freeform,-10.0,0.0,26.5,150.0,7.9,0.0,0.0,6.0,18.6,149.52756121696,2.094395102393195,151.62195631935322,2,20.0,86,3.3870671749089305,0.7476378060848,0.42304697093116267,0.4096727464796646,1.5803575234956273,True,
487,113,89,5,33,freeform,-10.0,0.0,26.675,150.0,8.075,0.0,0.0,6.0,18.6,149.52756121696,2.094395102393195,151.62195631935322,2,20.0,86,9.999999999999988,0.7476378060848,0.42304697093116267,0.3939286717687648,1.5646134487847276,True,
488,86,114,39,3,freeform,10.0,0.0,33.85,0.0,19.25,150.0,0.0,6.0,14.600000000000001,149.17760656285628,2.0943951023931953,151.2720016652495,2,20.0,126,9.999999999999991,0.7458880328142814,0.4230469709311627,0.47755953384354327,1.6464945375889875,True,
489,114,89,3,33,freeform,-10.0,0.0,17.5,150.0,6.5,0.0,0.0,6.0,11.0,148.86264737416298,2.0943951023931957,150.95704247655618,2,20.0,60,9.99999999999998,0.7443132368708149,0.42304697093116284,0.2806251194048302,1.447985327206808,True,
490,114,89,3,33,freeform,-10.0,0.0,17.675,150.0,6.675,0.0,0.0,6.0,11.0,148.86264737416298,2.0943951023931957,150.95704247655618,2,20.0,60,9.999999999999996,0.7443132368708149,0.42304697093116284,0.2742560376701168,1.4416162454720947,True,
491,114,89,3,33,freeform,-10.0,0.0,17.85,150.0,6.85,0.0,0.0,6.0,11.000000000000002,148.86264737416298,2.0943951023931953,150.95704247655618,2,20.0,60,9.999999999999998,0.7443132368708149,0.4230469709311627,0.2587201768877202,1.4260803846896977,True,
492,114,89,3,33,freeform,-10.0,0.0,18.025,150.0,7.025,0.0,0.0,6.0,10.999999999999998,148.86264737416298,2.0943951023931953,150.95704247655618,2,20.0,60,10.0,0.7443132368708149,0.4230469709311627,0.24464265646247044,1.412002864264448,True,
493,114,89,3,33,freeform,-10.0,0.0,18.2,150.0,7.2,0.0,0.0,6.0,11.0,148.86264737416298,2.0943951023931957,150.95704247655618,2,20.0,60,9.999999999999996,0.7443132368708149,0.42304697093116284,0.2552381353741726,1.4225983431761504,True,
494,114,89,3,33,freeform,-10.0,0.0,18.375,150.0,7.375,0.0,0.0,6.0,11.0,148.86264737416298,2.0943951023931957,150.95704247655618,2,20.0,60,9.999999999999996,0.7443132368708149,0.42304697093116284,0.25761909578234055,1.4249793035843183,True,
495,114,89,3,33,freeform,-10.0,0.0,18.55,150.0,7.55,0.0,0.0,6.0,11.0,148.86264737416298,2.0943951023931957,150.95704247655618,2,20.0,60,9.999999999999996,0.7443132368708149,0.42304697093116284,0.26035717496600486,1.4277173827679825,True,
496,114,89,3,33,freeform,-10.0,0.0,18.725,150.0,7.725,0.0,0.0,6.0,11.000000000000002,148.86264737416298,2.0943951023931953,150.95704247655618,2,20.0,60,9.999999999999998,0.7443132368708149,0.4230469709311627,0.2584225919557669,1.4257827997577444,True,
497,62,116,53,1,freeform,45.0,0.0,97.9,0.0,9.55,150.0,0.0,6.0,88.35000000000001,176.65464273870867,9.424777960769383,186.07942069947805,2,90.0,290,10.000000000000004,0.8832732136935434,1.9037113691902332,1.326817172943146,4.113801755826922,True,
498,62,116,53,1,freeform,45.0,0.0,98.075,0.0,9.725,150.0,0.0,6.0,88.35000000000001,176.65464273870867,9.424777960769383,186.07942069947805,2,90.0,290,10.000000000000002,0.8832732136935434,1.9037113691902332,1.328870767449962,4.115855350333739,True,
499,62,116,53,1,freeform,45.0,0.0,98.25,0.0,9.9,150.0,0.0,6.0,88.35,176.65464273870865,9.424777960769383,186.07942069947802,2,90.0,290,10.000000000000012,0.8832732136935433,1.9037113691902332,1.3335730420417378,4.120557624925514,True,
500,62,116,53,1,freeform,45.0,0.5,98.425,0.0,10.075,150.0,0.0,6.0,88.35,176.65464273870865,9.424777960769383,186.07942069947802,2,90.0,280,10.000000000000021,0.8832732136935433,1.9037113691902332,1.0635724801366575,3.8505570630204335,True,
501,80,116,35,1,freeform,5.0,0.0,15.5,0.0,8.5,150.0,0.0,6.0,7.0,149.2577639705553,1.0471975511965979,150.3049615217519,2,10.0,64,4.999999999999997,0.7462888198527765,0.21152348546558142,0.4305954508164482,1.388407756134806,True,
502,72,117,57,7,freeform,30.0,0.0,115.55,0.0,36.375,150.0,0.0,6.0,79.175,164.78409669238718,6.283185307179586,171.06728199956677,2,59.99999999999999,291,5.265683064028896,0.8239204834619359,1.2691409127934883,1.0023814661227441,3.0954428623781682,True,
503,72,117,57,7,freeform,30.0,0.0,115.725,0.0,36.55,150.0,0.0,6.0,79.175,164.78409669238718,6.283185307179586,171.06728199956677,2,59.99999999999999,291,9.999999999999991,0.8239204834619359,1.2691409127934883,1.002887545935742,3.095948942191166,True,
504,84,117,41,7,freeform,5.0,0.0,43.025,0.0,36.2,150.0,0.0,6.0,6.824999999999996,149.2501233055463,1.0471975511965976,150.2973208567429,2,10.0,173,4.999999999999995,0.7462506165277316,0.21152348546558136,0.6775004495240664,1.6352745515173794,True,
505,98,117,23,7,u,0.0,0.5,108.55,150.0,36.9,150.0,123.475,6.0,71.65,100.70000000000002,18.84955592153876,119.54955592153877,2,180.0,215,19.666638215041395,0.5035000000000001,3.807422738380465,0.48315515323151553,4.79407789161198,True,
506,101,117,17,7,u,0.0,0.5,81.2,150.0,37.6,150.0,131.35,6.0,43.6,56.90000000000001,18.84955592153876,75.74955592153877,2,180.0,147,19.999999999999996,0.2845000000000001,3.807422738380465,0.32952406639470444,4.42144680477517,True,
507,71,118,24,9,u,0.0,0.5,112.35,150.0,46.6,150.0,121.725,6.0,65.75,98.30000000000001,18.84955592153876,117.14955592153876,2,180.0,217,9.999999999999998,0.49150000000000005,3.807422738380465,0.5152980063607652,4.81422074474123,True,
508,71,118,24,9,u,0.0,0.5,112.525,150.0,46.425,150.0,121.2,6.0,66.10000000000001,99.7,18.84955592153876,118.54955592153877,2,180.0,217,9.999999999999998,0.4985,3.807422738380465,0.496131311598844,4.802054049979309,True,
509,71,118,24,9,u,0.0,0.5,112.7,150.0,46.25,150.0,121.025,6.0,66.45,100.39999999999999,18.84955592153876,119.24955592153876,2,180.0,217,9.999999999999998,0.502,3.807422738380465,0.4934229571940701,4.802845695574535,True,
510,71,118,24,9,u,0.0,0.5,112.875,150.0,46.075,150.0,120.85,6.0,66.8,101.10000000000001,18.84955592153876,119.94955592153877,2,180.0,217,9.999999999999998,0.5055000000000001,3.807422738380465,0.4954765236056317,4.8083992619860965,True,
511,118,81,9,37,freeform,-10.0,0.0,44.5,150.0,24.5,0.0,0.0,6.0,20.0,149.6500453458963,2.094395102393195,151.7444404482895,2,20.0,156,5.0,0.7482502267294815,0.42304697093116267,0.5558331928570625,1.7271303905177064,True,
