scheme,route_id,old_total_loss_db,new_total_loss_db,delta_loss_db,old_geometry,new_geometry,old_radius_mm,new_radius_mm,old_crossing_count,new_crossing_count,changed
A,0,5.507324526876015,5.507324526876015,0.0,u,u,5.0,5.0,14,14,False
A,1,5.509050727386225,5.509050727386225,0.0,u,u,5.0,5.0,14,14,False
A,2,3.752866619300364,3.7528666193003635,-4.440892098500626e-16,u,u,5.0,5.0,24,24,False
A,3,3.7544440273445967,3.7544440273445967,0.0,u,u,5.0,5.0,24,24,False
A,4,6.174848424699195,6.174848424699195,0.0,u,u,5.0,5.0,109,109,False
A,5,6.167824611161778,6.167824611161778,0.0,u,u,5.0,5.0,109,109,False
A,6,6.164015035175353,6.164015035175353,0.0,u,u,5.0,5.0,109,109,False
A,7,6.163330550498505,6.163330550498505,0.0,u,u,5.0,5.0,109,109,False
A,8,6.165056694818206,6.165056694818206,0.0,u,u,5.0,5.0,109,109,False
A,9,5.702241207590309,5.702241207590309,0.0,u,u,5.0,5.0,108,108,False
A,10,5.519038792522262,5.519038792522262,0.0,u,u,5.0,5.0,88,88,False
A,11,5.526467380005265,5.526467380005265,0.0,u,u,5.0,5.0,88,88,False
A,12,5.535741207590308,5.535741207590308,0.0,u,u,5.0,5.0,88,88,False
A,13,3.2746441848107075,3.2746441848107075,0.0,u,u,5.0,5.0,85,85,False
A,14,3.2763703853209174,3.2763703853209174,0.0,u,u,5.0,5.0,85,85,False
A,15,3.276578739725691,3.276578739725691,0.0,u,u,5.0,5.0,85,85,False
A,16,3.2744358865964416,3.2744358865964416,0.0,u,u,5.0,5.0,85,85,False
A,17,5.978026941944062,5.978026941944062,0.0,u,u,5.0,5.0,96,96,False
A,18,5.975437683321628,5.975437683321628,0.0,u,u,5.0,5.0,96,96,False
A,19,5.973949590090337,5.973949590090337,0.0,u,u,5.0,5.0,96,96,False
A,20,3.7067356448445694,3.7067356448445703,8.881784197001252e-16,u,u,5.0,5.0,0,0,False
A,21,3.706735644844569,3.7067356448445685,-4.440892098500626e-16,u,u,5.0,5.0,0,0,False
A,22,3.5193274464718787,3.5193274464718787,0.0,u,u,5.0,5.0,14,14,False
A,23,3.5240596144140697,3.5240596144140697,0.0,u,u,5.0,5.0,14,14,False
A,24,5.968205487284183,5.968205487284183,0.0,u,u,5.0,5.0,94,94,False
A,25,5.96912807923995,5.96912807923995,0.0,u,u,5.0,5.0,94,94,False
A,26,5.9656459253453855,5.9656459253453855,0.0,u,u,5.0,5.0,94,94,False
A,27,5.962639957913404,5.962639957913404,0.0,u,u,5.0,5.0,94,94,False
A,28,4.954669766978057,4.954669766978057,0.0,u,u,5.0,5.0,48,48,False
A,29,4.959509039648117,4.959509039648117,0.0,u,u,5.0,5.0,48,48,False
A,30,5.03085427975016,5.03085427975016,0.0,u,u,5.0,5.0,48,48,False
A,31,6.27845550133181,6.27845550133181,0.0,u,u,5.0,5.0,121,121,False
A,32,5.344205487284183,5.344205487284183,0.0,u,u,5.0,5.0,72,72,False
A,33,5.399044788049498,5.399044788049498,0.0,u,u,5.0,5.0,81,81,False
A,34,5.841461468763792,5.841461468763792,0.0,u,u,5.0,5.0,123,123,False
A,35,5.614782867233162,5.614782867233162,0.0,u,u,5.0,5.0,95,95,False
A,36,5.116324526876015,5.116324526876015,0.0,u,u,5.0,5.0,32,32,False
A,37,5.116520946416826,5.116520946416826,0.0,u,u,5.0,5.0,32,32,False
A,38,5.121151920872621,5.121151920872621,0.0,u,u,5.0,5.0,32,32,False
A,39,5.125366214614123,5.125366214614123,0.0,u,u,5.0,5.0,32,32,False
A,40,5.436163827641329,5.436163827641329,0.0,u,u,5.0,5.0,84,84,False
A,41,5.442491193542682,5.442491193542682,0.0,u,u,5.0,5.0,84,84,False
A,42,5.453878121382831,5.453878121382831,0.0,u,u,5.0,5.0,84,84,False
A,43,5.582324583066524,5.582324583066524,0.0,u,u,5.0,5.0,96,96,False
A,44,6.33332455497127,6.33332455497127,0.0,u,u,5.0,5.0,125,125,False
A,45,6.203074540923643,6.203074540923643,0.0,u,u,5.0,5.0,106,106,False
A,46,6.199681673746766,6.199681673746766,0.0,u,u,5.0,5.0,106,106,False
A,47,6.200901906824995,6.200901906824995,0.0,u,u,5.0,5.0,106,106,False
A,48,4.883753086263763,4.883753086263763,0.0,u,u,5.0,5.0,32,32,False
A,49,4.889604265702532,4.889604265702532,0.0,u,u,5.0,5.0,32,32,False
A,50,4.895157860209348,4.895157860209348,0.0,u,u,5.0,5.0,32,32,False
A,51,4.901187613083493,4.901187613083493,0.0,u,u,5.0,5.0,32,32,False
A,52,5.492080508355623,5.492080508355623,0.0,u,u,5.0,5.0,95,95,False
A,53,5.238735268253581,5.238735268253581,0.0,u,u,5.0,5.0,60,60,False
A,54,5.242622196093724,5.242622196093724,0.0,u,u,5.0,5.0,60,60,False
A,55,5.249604349988295,5.249604349988295,0.0,u,u,5.0,5.0,60,60,False
A,56,5.54069355242022,5.54069355242022,0.0,u,u,5.0,5.0,36,36,False
A,57,5.541884032624304,5.541884032624304,0.0,u,u,5.0,5.0,36,36,False
A,58,5.546884060719558,5.546884060719558,0.0,u,u,5.0,5.0,36,36,False
A,59,5.874312648202561,5.874312648202561,0.0,u,u,5.0,5.0,93,93,False
A,60,5.279312620107306,5.279312620107306,0.0,u,u,5.0,5.0,76,76,False
A,61,5.273640014103913,5.273640014103913,0.0,u,u,5.0,5.0,76,76,False
A,62,5.06029477400187,5.06029477400187,0.0,u,u,5.0,5.0,62,62,False
A,63,5.051616172471241,5.051616172471241,0.0,u,u,5.0,5.0,62,62,False
A,64,4.889276899801181,4.889276899801181,0.0,u,u,5.0,5.0,32,32,False
A,65,4.883753086263763,4.883753086263763,0.0,u,u,5.0,5.0,32,32,False
A,66,4.812860247182141,4.812860247182141,0.0,u,u,5.0,5.0,16,16,False
A,67,5.77494953389983,5.77494953389983,0.0,u,u,5.0,5.0,108,108,False
A,68,5.693312648202561,5.693312648202561,0.0,u,u,5.0,5.0,114,114,False
A,69,5.692270988559708,5.692270988559708,0.0,u,u,5.0,5.0,114,114,False
A,70,5.842449533899829,5.842449533899829,0.0,u,u,5.0,5.0,80,80,False
A,71,5.703360275277396,5.7033602752773955,-8.881784197001252e-16,u,u,5.0,5.0,98,98,False
A,72,3.2633941707630845,3.2633941707630845,0.0,u,u,5.0,5.0,79,79,False
A,73,3.263900138195066,3.263900138195066,0.0,u,u,5.0,5.0,79,79,False
A,74,6.043770988559708,6.043770988559708,0.0,u,u,5.0,5.0,109,109,False
A,75,5.189163827641329,5.189163827641329,0.0,u,u,5.0,5.0,57,57,False
A,76,4.883747146927036,4.883747146927036,0.0,u,u,5.0,5.0,32,32,False
A,77,5.682520946416826,5.682520946416826,0.0,u,u,5.0,5.0,87,87,False
A,78,5.936848340413432,5.936848340413432,0.0,u,u,5.0,5.0,110,110,False
A,79,5.935628051144696,5.935628051144696,0.0,u,u,5.0,5.0,110,110,False
A,80,5.937562577964425,5.937562577964425,0.0,u,u,5.0,5.0,110,110,False
A,81,6.180300741433852,6.180300741433852,0.0,u,u,5.0,5.0,121,121,False
A,82,6.061640014103912,6.061640014103912,0.0,u,u,5.0,5.0,107,107,False
A,83,6.062145981535895,6.0621459815358945,-8.881784197001252e-16,u,u,5.0,5.0,107,107,False
A,84,6.064735296348836,6.064735296348836,0.0,u,u,5.0,5.0,107,107,False
A,85,5.641276927896435,5.641276927896435,0.0,u,u,5.0,5.0,56,56,False
A,86,5.60043762713112,5.60043762713112,0.0,u,u,5.0,5.0,64,64,False
A,87,5.603026913848808,5.603026913848808,0.0,u,u,5.0,5.0,64,64,False
A,88,5.607520946416827,5.607520946416827,0.0,u,u,5.0,5.0,64,64,False
A,89,5.888925776552919,5.888925776552919,0.0,u,u,5.0,5.0,107,107,False
A,90,5.747979342964482,5.747979342964482,0.0,u,u,5.0,5.0,103,103,False
A,91,6.124955529427064,6.124955529427064,0.0,u,u,5.0,5.0,110,110,False
A,92,5.965032909376043,5.965032909376043,0.0,u,u,5.0,5.0,98,98,False
A,93,5.281753086263763,5.281753086263763,0.0,u,u,5.0,5.0,76,76,False
A,94,5.286145925345392,5.286145925345392,0.0,u,u,5.0,5.0,76,76,False
A,95,5.412122111807968,5.412122111807968,0.0,u,u,5.0,5.0,94,94,False
A,96,5.423032853185528,5.423032853185528,0.0,u,u,5.0,5.0,94,94,False
A,97,5.218699576042702,5.218699576042702,0.0,u,u,5.0,5.0,64,64,False
A,98,5.221336489835232,5.221336489835232,0.0,u,u,5.0,5.0,64,64,False
A,99,5.079336433644723,5.079336433644723,0.0,u,u,5.0,5.0,64,64,False
A,100,5.092139986008658,5.092139986008658,0.0,u,u,5.0,5.0,64,64,False
A,101,5.7059614125732825,5.7059614125732825,0.0,u,u,5.0,5.0,80,80,False
A,102,5.586634074767185,5.586634074767185,0.0,u,u,5.0,5.0,58,58,False
A,103,5.588836433644723,5.588836433644723,0.0,u,u,5.0,5.0,58,58,False
A,104,5.591187641178747,5.591187641178747,0.0,u,u,5.0,5.0,58,58,False
A,105,6.242711454716165,6.242711454716165,0.0,u,u,5.0,5.0,126,126,False
A,106,6.037437599035866,6.037437599035866,0.0,u,u,5.0,5.0,107,107,False
A,107,5.017503128406645,5.017503128406645,0.0,u,u,5.0,5.0,46,46,False
A,108,5.021538820617516,5.021538820617516,0.0,u,u,5.0,5.0,46,46,False
A,109,5.026824526876014,5.026824526876014,0.0,u,u,5.0,5.0,46,46,False
A,110,5.031842372981451,5.031842372981451,0.0,u,u,5.0,5.0,46,46,False
A,111,5.725568601586915,5.725568601586915,0.0,u,u,5.0,5.0,109,109,False
A,112,5.725211482811419,5.725211482811419,0.0,u,u,5.0,5.0,109,109,False
A,113,5.73235427975016,5.73235427975016,0.0,u,u,5.0,5.0,113,113,False
A,114,5.734080452165116,5.734080452165116,0.0,u,u,5.0,5.0,113,113,False
A,115,5.911431687794392,5.911431687794392,0.0,u,u,5.0,5.0,90,90,False
A,116,5.82614595344064,5.82614595344064,0.0,u,u,5.0,5.0,88,88,False
A,117,5.825015035175353,5.825015035175353,0.0,u,u,5.0,5.0,88,88,False
A,118,4.913401906824994,4.913401906824994,0.0,u,u,5.0,5.0,32,32,False
A,119,4.920800741433852,4.920800741433852,0.0,u,u,5.0,5.0,32,32,False
A,120,4.927901934920248,4.927901934920248,0.0,u,u,5.0,5.0,32,32,False
A,121,4.932384088814812,4.932384088814812,0.0,u,u,5.0,5.0,32,32,False
A,122,4.296061720987269,4.296061720987269,0.0,u,u,5.0,5.0,102,102,False
A,123,4.295377208215164,4.295377208215164,0.0,u,u,5.0,5.0,102,102,False
A,124,4.298829581140332,4.298829581140332,0.0,u,u,5.0,5.0,102,102,False
A,125,5.788479314869227,5.788479314869227,0.0,u,u,5.0,5.0,70,70,False
A,126,5.104086419597097,5.104086419597097,0.0,u,u,5.0,5.0,58,58,False
A,127,5.109937599035865,5.109937599035865,0.0,u,u,5.0,5.0,58,58,False
A,128,5.174634074767185,5.174634074767185,0.0,u,u,5.0,5.0,64,64,False
A,129,5.18450310031139,5.18450310031139,0.0,u,u,5.0,5.0,64,64,False
A,130,5.777116200566495,5.777116200566495,0.0,u,u,5.0,5.0,94,94,False
A,131,5.777592358933823,5.777592358933823,0.0,u,u,5.0,5.0,94,94,False
A,132,4.004291979522914,4.004291979522914,0.0,u,u,5.0,5.0,113,113,False
A,133,4.00851818003312,4.0085181800331195,-8.881784197001252e-16,u,u,5.0,5.0,113,113,False
A,134,5.970199547947455,5.970199547947455,0.0,u,u,5.0,5.0,97,97,False
A,135,5.815021002607335,5.815021002607335,0.0,u,u,5.0,5.0,108,108,False
A,136,5.204985254205955,5.204985254205955,0.0,u,u,5.0,5.0,70,70,False
A,137,5.208157888304602,5.208157888304602,0.0,u,u,5.0,5.0,70,70,False
A,138,5.210824526876015,5.2108245268760145,-8.881784197001252e-16,u,u,5.0,5.0,70,70,False
A,139,5.2152173659576375,5.2152173659576375,0.0,u,u,5.0,5.0,70,70,False
A,140,5.260872153950849,5.260872153950849,0.0,u,u,5.0,5.0,70,70,False
A,141,5.268687613083493,5.268687613083493,0.0,u,u,5.0,5.0,70,70,False
A,142,5.328640014103913,5.328640014103913,0.0,u,u,5.0,5.0,78,78,False
A,143,5.817848368508686,5.817848368508686,0.0,u,u,5.0,5.0,114,114,False
A,144,5.821925748457666,5.821925748457666,0.0,u,u,5.0,5.0,114,114,False
A,145,5.7418007414338526,5.7418007414338526,0.0,u,u,5.0,5.0,121,121,False
A,146,6.095979286773973,6.095979286773973,0.0,u,u,5.0,5.0,113,113,False
A,147,5.626824526876015,5.626824526876015,0.0,u,u,5.0,5.0,88,88,False
A,148,5.651372125855596,5.651372125855596,0.0,u,u,5.0,5.0,46,46,False
A,149,5.650241179495055,5.650241179495055,0.0,u,u,5.0,5.0,46,46,False
A,150,3.815098759147301,3.8150987591473005,-4.440892098500626e-16,u,u,5.0,5.0,64,64,False
A,151,5.33755069929097,5.33755069929097,0.0,u,u,5.0,5.0,77,77,False
A,152,5.344949533899828,5.344949533899828,0.0,u,u,5.0,5.0,77,77,False
A,153,5.353866214614122,5.353866214614122,0.0,u,u,5.0,5.0,77,77,False
A,154,5.361860275277396,5.361860275277396,0.0,u,u,5.0,5.0,77,77,False
A,155,5.238830494307996,5.238830494307996,0.0,u,u,5.0,5.0,75,75,False
A,156,5.675217422148146,5.675217422148146,0.0,u,u,5.0,5.0,110,110,False
A,157,5.677598382556313,5.677598382556313,0.0,u,u,5.0,5.0,110,110,False
A,158,5.663955445141301,5.663955445141301,0.0,u,u,5.0,5.0,60,60,False
A,159,5.6629435945631,5.6629435945631,0.0,u,u,5.0,5.0,60,60,False
A,160,2.75647306773096,2.75647306773096,0.0,u,u,5.0,5.0,20,20,False
A,161,2.7575147273738114,2.7575147273738114,0.0,u,u,5.0,5.0,20,20,False
A,162,5.546651892777367,5.546651892777367,0.0,u,u,5.0,5.0,39,39,False
A,163,5.609592358933824,5.609592358933824,0.0,u,u,5.0,5.0,52,52,False
A,164,4.958931687794393,4.958931687794393,0.0,u,u,5.0,5.0,48,48,False
A,165,5.576753086263762,5.576753086263762,0.0,u,u,5.0,5.0,38,38,False
A,166,5.576782839137907,5.576782839137907,0.0,u,u,5.0,5.0,38,38,False
A,167,5.03021142662091,5.03021142662091,0.0,u,u,5.0,5.0,48,48,False
A,168,5.035407874256976,5.0354078742569754,-8.881784197001252e-16,u,u,5.0,5.0,48,48,False
A,169,5.041080480260369,5.041080480260369,0.0,u,u,5.0,5.0,48,48,False
A,170,5.046425720362411,5.046425720362411,0.0,u,u,5.0,5.0,48,48,False
A,171,5.051175706314784,5.051175706314784,0.0,u,u,5.0,5.0,48,48,False
A,172,5.055538792522262,5.055538792522262,0.0,u,u,5.0,5.0,48,48,False
A,173,5.061360219086886,5.061360219086886,0.0,u,u,5.0,5.0,48,48,False
A,174,5.067241179495055,5.0672411794950545,-8.881784197001252e-16,u,u,5.0,5.0,48,48,False
A,175,5.073032853185535,5.073032853185535,0.0,u,u,5.0,5.0,48,48,False
A,176,5.079062606059679,5.079062606059679,0.0,u,u,5.0,5.0,48,48,False
A,177,5.451134074767186,5.451134074767186,0.0,u,u,5.0,5.0,112,112,False
A,178,5.595622196093731,5.595622196093731,0.0,u,u,5.0,5.0,58,58,False
A,179,5.753681673746766,5.753681673746766,0.0,u,u,5.0,5.0,98,98,False
A,180,6.131806708865834,6.131806708865834,0.0,u,u,5.0,5.0,115,115,False
A,181,6.131062634154934,6.131062634154934,0.0,u,u,5.0,5.0,115,115,False
A,182,5.04343762713112,5.04343762713112,0.0,u,u,5.0,5.0,33,33,False
A,183,5.181015035175353,5.181015035175353,0.0,u,u,5.0,5.0,61,61,False
A,184,5.187163855736584,5.187163855736584,0.0,u,u,5.0,5.0,61,61,False
A,185,5.615288834665144,5.615288834665144,0.0,u,u,5.0,5.0,114,114,False
A,186,5.624116200566496,5.624116200566496,0.0,u,u,5.0,5.0,114,114,False
A,187,5.4026519208726205,5.4026519208726205,0.0,u,u,5.0,5.0,79,79,False
A,188,5.408770988559708,5.4087709885597075,-8.881784197001252e-16,u,u,5.0,5.0,79,79,False
A,189,5.41545550133181,5.41545550133181,0.0,u,u,5.0,5.0,79,79,False
A,190,5.985878093287576,5.985878093287576,0.0,u,u,5.0,5.0,112,112,False
A,191,4.986812620107306,4.986812620107306,0.0,u,u,5.0,5.0,48,48,False
A,192,5.156330522403251,5.156330522403251,0.0,u,u,5.0,5.0,47,47,False
A,193,5.15813410286244,5.15813410286244,0.0,u,u,5.0,5.0,47,47,False
A,194,5.3539733755325,5.3539733755325,0.0,u,u,5.0,5.0,74,74,False
A,195,5.361312648202561,5.361312648202561,0.0,u,u,5.0,5.0,74,74,False
A,196,5.367282867233162,5.367282867233162,0.0,u,u,5.0,5.0,74,74,False
A,197,5.28789002815154,5.28789002815154,0.0,u,u,5.0,5.0,71,71,False
A,198,5.248729272726346,5.248729272726346,0.0,u,u,5.0,5.0,60,60,False
A,199,5.827943594563101,5.827943594563101,0.0,u,u,5.0,5.0,121,121,False
A,200,5.824759081790999,5.824759081790999,0.0,u,u,5.0,5.0,121,121,False
A,201,5.281336433644724,5.281336433644724,0.0,u,u,5.0,5.0,98,98,False
A,202,5.138003100311391,5.138003100311391,0.0,u,u,5.0,5.0,71,71,False
A,203,5.058407846161722,5.058407846161722,0.0,u,u,5.0,5.0,60,60,False
A,204,5.064645953440639,5.064645953440639,0.0,u,u,5.0,5.0,60,60,False
A,205,5.070139986008658,5.070139986008658,0.0,u,u,5.0,5.0,60,60,False
A,206,5.95006260605968,5.95006260605968,0.0,u,u,5.0,5.0,106,106,False
A,207,5.770116200566496,5.770116200566496,0.0,u,u,5.0,5.0,114,114,False
A,208,4.924401906824993,4.924401906824993,0.0,u,u,5.0,5.0,33,33,False
A,209,4.917360247182141,4.917360247182141,0.0,u,u,5.0,5.0,33,33,False
A,210,5.693425776552919,5.693425776552919,0.0,u,u,5.0,5.0,115,115,False
A,211,5.728360247182142,5.728360247182142,0.0,u,u,5.0,5.0,118,118,False
A,212,5.727229300821601,5.727229300821601,0.0,u,u,5.0,5.0,118,118,False
A,213,5.728003100311391,5.7280031003113905,-8.881784197001252e-16,u,u,5.0,5.0,118,118,False
A,214,5.730800741433852,5.730800741433852,0.0,u,u,5.0,5.0,118,118,False
A,215,5.734759081790999,5.734759081790999,0.0,u,u,5.0,5.0,118,118,False
A,216,5.829515007080099,5.829515007080099,0.0,u,u,5.0,5.0,97,97,False
A,217,5.828949533899829,5.828949533899829,0.0,u,u,5.0,5.0,97,97,False
A,218,5.826985254205955,5.826985254205955,0.0,u,u,5.0,5.0,97,97,False
A,219,5.824634046671931,5.824634046671931,0.0,u,u,5.0,5.0,97,97,False
A,220,4.956812620107306,4.956812620107306,0.0,u,u,5.0,5.0,48,48,False
A,221,4.962693580515475,4.962693580515475,0.0,u,u,5.0,5.0,48,48,False
A,222,5.713622111807968,5.713622111807968,0.0,u,u,5.0,5.0,113,113,False
A,223,5.715348312318178,5.715348312318178,0.0,u,u,5.0,5.0,113,113,False
A,224,5.7202293008216,5.7202293008216,0.0,u,u,5.0,5.0,113,113,False
A,225,5.688253114359018,5.688253114359018,0.0,u,u,5.0,5.0,113,113,False
A,226,5.864753114359018,5.864753114359018,0.0,u,u,5.0,5.0,110,110,False
A,227,5.860526941944062,5.860526941944062,0.0,u,u,5.0,5.0,110,110,False
A,228,5.856895967488267,5.856895967488267,0.0,u,u,5.0,5.0,110,110,False
A,229,5.171919781025684,5.171919781025684,0.0,u,u,5.0,5.0,92,92,False
A,230,3.706735644844569,3.7067356448445685,-4.440892098500626e-16,u,u,5.0,5.0,0,0,False
A,231,3.7067356448445694,3.7067356448445694,0.0,u,u,5.0,5.0,0,0,False
A,232,2.75754450834321,2.75754450834321,0.0,u,u,5.0,5.0,20,20,False
A,233,3.5090298053494133,3.5090298053494133,0.0,u,u,5.0,5.0,14,14,False
A,234,3.508851231914038,3.508851231914038,0.0,u,u,5.0,5.0,14,14,False
A,235,3.5086429056045185,3.5086429056045185,0.0,u,u,5.0,5.0,14,14,False
A,236,3.50864290560452,3.50864290560452,0.0,u,u,5.0,5.0,14,14,False
A,237,3.5086429056045194,3.5086429056045194,0.0,u,u,5.0,5.0,14,14,False
A,238,3.5086429056045185,3.5086429056045185,0.0,u,u,5.0,5.0,14,14,False
A,239,3.5086429056045185,3.5086429056045185,0.0,u,u,5.0,5.0,14,14,False
A,240,3.50864290560452,3.50864290560452,0.0,u,u,5.0,5.0,14,14,False
A,241,5.971241235685563,5.971241235685563,0.0,u,u,5.0,5.0,96,96,False
A,242,5.969574569018897,5.969574569018897,0.0,u,u,5.0,5.0,96,96,False
A,243,5.970913841688957,5.970913841688957,0.0,u,u,5.0,5.0,96,96,False
A,244,5.970586447692351,5.970586447692351,0.0,u,u,5.0,5.0,96,96,False
A,245,5.579812620107306,5.579812620107306,0.0,u,u,5.0,5.0,52,52,False
A,246,6.022884088814812,6.022884088814812,0.0,u,u,5.0,5.0,104,104,False
A,247,6.021991221637935,6.021991221637935,0.0,u,u,5.0,5.0,104,104,False
A,248,5.609003100311391,5.609003100311391,0.0,u,u,5.0,5.0,73,73,False
A,249,5.423628135430459,5.423628135430459,0.0,u,u,5.0,5.0,79,79,False
A,250,5.144449533899829,5.144449533899829,0.0,u,u,5.0,5.0,71,71,False
A,251,5.255431687794393,5.255431687794393,0.0,u,u,5.0,5.0,67,67,False
A,252,5.262205515379437,5.262205515379437,0.0,u,u,5.0,5.0,67,67,False
A,253,5.271032881280789,5.271032881280789,0.0,u,u,5.0,5.0,67,67,False
A,254,5.279384060719559,5.279384060719559,0.0,u,u,5.0,5.0,67,67,False
A,255,5.592985198015446,5.592985198015446,0.0,u,u,5.0,5.0,63,63,False
R5U,0,5.5044673519100105,5.5044673519100105,0.0,u,u,5.0,5.0,14,14,False
R5U,1,5.50637215395085,5.50637215395085,0.0,u,u,5.0,5.0,14,14,False
R5U,2,3.751170171664298,3.751170171664298,0.0,u,u,5.0,5.0,24,24,False
R5U,3,3.753104726579282,3.753104726579282,0.0,u,u,5.0,5.0,24,24,False
R5U,4,6.166455529427065,6.166455529427065,0.0,u,u,5.0,5.0,109,109,False
R5U,5,6.16124717502229,6.16124717502229,0.0,u,u,5.0,5.0,109,109,False
R5U,6,6.157884032624304,6.157884032624304,0.0,u,u,5.0,5.0,109,109,False
R5U,7,6.157378093287577,6.157378093287577,0.0,u,u,5.0,5.0,109,109,False
R5U,8,6.157616172471242,6.157616172471242,0.0,u,u,5.0,5.0,109,109,False
R5U,9,5.709741207590309,5.709741207590309,0.0,u,u,5.0,5.0,108,108,False
R5U,10,5.534217394052892,5.534217394052892,0.0,u,u,5.0,5.0,88,88,False
R5U,11,5.539086447692351,5.539086447692351,0.0,u,u,5.0,5.0,88,88,False
R5U,12,5.545235240158328,5.545235240158328,0.0,u,u,5.0,5.0,88,88,False
R5U,13,3.2726203993685443,3.2726203993685443,0.0,u,u,5.0,5.0,85,85,False
R5U,14,3.272858506647463,3.272858506647463,0.0,u,u,5.0,5.0,85,85,False
R5U,15,3.2736620871066515,3.2736620871066515,0.0,u,u,5.0,5.0,85,85,False
R5U,16,3.273959700133859,3.273959700133859,0.0,u,u,5.0,5.0,85,85,False
R5U,17,5.963889971961031,5.963889971961031,0.0,u,u,5.0,5.0,96,96,False
R5U,18,5.96409835446106,5.9640983544610595,-8.881784197001252e-16,u,u,5.0,5.0,96,96,False
R5U,19,5.965348340413432,5.965348340413432,0.0,u,u,5.0,5.0,96,96,False
R5U,20,3.706735644844569,3.7067356448445685,-4.440892098500626e-16,u,u,5.0,5.0,0,0,False
R5U,21,3.706735644844569,3.7067356448445685,-4.440892098500626e-16,u,u,5.0,5.0,0,0,False
R5U,22,3.514684565247375,3.514684565247375,0.0,u,u,5.0,5.0,14,14,False
R5U,23,3.5151310269310674,3.5151310269310674,0.0,u,u,5.0,5.0,14,14,False
R5U,24,5.961895967488267,5.961895967488267,0.0,u,u,5.0,5.0,94,94,False
R5U,25,5.961062606059679,5.961062606059679,0.0,u,u,5.0,5.0,94,94,False
R5U,26,5.959366158423614,5.959366158423614,0.0,u,u,5.0,5.0,94,94,False
R5U,27,5.95972327719911,5.95972327719911,0.0,u,u,5.0,5.0,94,94,False
R5U,28,4.953360219086886,4.953360219086886,0.0,u,u,5.0,5.0,48,48,False
R5U,29,4.959895939393013,4.959895939393013,0.0,u,u,5.0,5.0,48,48,False
R5U,30,5.027764993032472,5.027764993032472,0.0,u,u,5.0,5.0,48,48,False
R5U,31,6.264735240158328,6.264735240158328,0.0,u,u,5.0,5.0,121,121,False
R5U,32,5.357824554971269,5.357824554971269,0.0,u,u,5.0,5.0,72,72,False
R5U,33,5.414628107335204,5.414628107335204,0.0,u,u,5.0,5.0,81,81,False
R5U,34,5.854425692267157,5.854425692267157,0.0,u,u,5.0,5.0,123,123,False
R5U,35,5.633253114359018,5.633253114359018,0.0,u,u,5.0,5.0,95,95,False
R5U,36,5.173032937471297,5.173032937471297,0.0,u,u,5.0,5.0,38,38,False
R5U,37,5.065241235685563,5.065241235685563,0.0,u,u,5.0,5.0,38,38,False
R5U,38,5.015401934920248,5.015401934920248,0.0,u,u,5.0,5.0,36,36,False
R5U,39,5.016729328916854,5.016729328916854,0.0,u,u,5.0,5.0,36,36,False
R5U,40,5.468187613083493,5.468187613083493,0.0,u,u,5.0,5.0,84,84,False
R5U,41,5.472431687794392,5.472431687794392,0.0,u,u,5.0,5.0,84,84,False
R5U,42,5.477747146927037,5.477747146927037,0.0,u,u,5.0,5.0,84,84,False
R5U,43,5.592205487284184,5.5922054872841835,-8.881784197001252e-16,u,u,5.0,5.0,96,96,False
R5U,44,6.322163799546076,6.322163799546076,0.0,u,u,5.0,5.0,125,125,False
R5U,45,6.197360219086887,6.197360219086887,0.0,u,u,5.0,5.0,106,106,False
R5U,46,6.195634018576677,6.195634018576677,0.0,u,u,5.0,5.0,106,106,False
R5U,47,6.196437570940612,6.196437570940612,0.0,u,u,5.0,5.0,106,106,False
R5U,48,4.883753086263763,4.883753086263763,0.0,u,u,5.0,5.0,32,32,False
R5U,49,4.889395939393013,4.889395939393013,0.0,u,u,5.0,5.0,32,32,False
R5U,50,4.894979286773974,4.894979286773974,0.0,u,u,5.0,5.0,32,32,False
R5U,51,4.901187613083493,4.901187613083493,0.0,u,u,5.0,5.0,32,32,False
R5U,52,5.515020974512081,5.515020974512081,0.0,u,u,5.0,5.0,95,95,False
R5U,53,5.263907902352229,5.263907902352229,0.0,u,u,5.0,5.0,60,60,False
R5U,54,5.267616228661749,5.267616228661749,0.0,u,u,5.0,5.0,60,60,False
R5U,55,5.273199547947455,5.273199547947455,0.0,u,u,5.0,5.0,60,60,False
R5U,56,5.538669710787548,5.538669710787548,0.0,u,u,5.0,5.0,36,36,False
R5U,57,5.539056610532444,5.539056610532444,0.0,u,u,5.0,5.0,36,36,False
R5U,58,5.540425692267157,5.540425692267157,0.0,u,u,5.0,5.0,36,36,False
R5U,59,5.858687584988238,5.858687584988238,0.0,u,u,5.0,5.0,93,93,False
R5U,60,5.288318615634548,5.288318615634548,0.0,u,u,5.0,5.0,76,76,False
R5U,61,5.282110289325022,5.282110289325022,0.0,u,u,5.0,5.0,76,76,False
R5U,62,5.061217394052892,5.061217394052892,0.0,u,u,5.0,5.0,62,62,False
R5U,63,5.052806652675325,5.052806652675325,0.0,u,u,5.0,5.0,62,62,False
R5U,64,4.889395939393013,4.889395939393013,0.0,u,u,5.0,5.0,32,32,False
R5U,65,4.883753086263763,4.883753086263763,0.0,u,u,5.0,5.0,32,32,False
R5U,66,4.812860247182141,4.812860247182141,0.0,u,u,5.0,5.0,16,16,False
R5U,67,5.767717394052892,5.767717394052892,0.0,u,u,5.0,5.0,108,108,False
R5U,68,5.685693608610729,5.685693608610729,0.0,u,u,5.0,5.0,114,114,False
R5U,69,5.685901934920248,5.685901934920248,0.0,u,u,5.0,5.0,114,114,False
R5U,70,5.84721142662091,5.84721142662091,0.0,u,u,5.0,5.0,82,82,False
R5U,71,5.709937655226375,5.7099376552263745,-8.881784197001252e-16,u,u,5.0,5.0,102,102,False
R5U,72,3.259435858501192,3.2594358585011918,-4.440892098500626e-16,u,u,5.0,5.0,79,79,False
R5U,73,3.259554898093024,3.259554898093024,0.0,u,u,5.0,5.0,79,79,False
R5U,74,6.030616200566495,6.030616200566495,0.0,u,u,5.0,5.0,109,109,False
R5U,75,5.188836433644724,5.188836433644724,0.0,u,u,5.0,5.0,57,57,False
R5U,76,4.883747146927036,4.883747146927036,0.0,u,u,5.0,5.0,32,32,False
R5U,77,5.672639986008658,5.672639986008658,0.0,u,u,5.0,5.0,87,87,False
R5U,78,5.934378065192322,5.934378065192322,0.0,u,u,5.0,5.0,110,110,False
R5U,79,5.935895939393013,5.935895939393013,0.0,u,u,5.0,5.0,110,110,False
R5U,80,5.935241179495055,5.935241179495055,0.0,u,u,5.0,5.0,110,110,False
R5U,81,6.172770960464454,6.172770960464454,0.0,u,u,5.0,5.0,121,121,False
R5U,82,6.0577114266209104,6.0577114266209104,0.0,u,u,5.0,5.0,107,107,False
R5U,83,6.058634046671932,6.058634046671932,0.0,u,u,5.0,5.0,107,107,False
R5U,84,6.059586447692351,6.059586447692351,0.0,u,u,5.0,5.0,107,107,False
R5U,85,5.625473319341992,5.6254733193419915,-8.881784197001252e-16,u,u,5.0,5.0,56,56,False
R5U,86,5.594336377454216,5.594336377454216,0.0,u,u,5.0,5.0,64,64,False
R5U,87,5.594485198015446,5.594485198015446,0.0,u,u,5.0,5.0,64,64,False
R5U,88,5.597372125855595,5.597372125855595,0.0,u,u,5.0,5.0,64,64,False
R5U,89,5.882824526876015,5.882824526876015,0.0,u,u,5.0,5.0,107,107,False
R5U,90,5.738098326365805,5.738098326365805,0.0,u,u,5.0,5.0,103,103,False
R5U,91,6.113288834665144,6.113288834665144,0.0,u,u,5.0,5.0,110,110,False
R5U,92,5.9624138416889565,5.9624138416889565,0.0,u,u,5.0,5.0,98,98,False
R5U,93,5.306193608610728,5.306193608610728,0.0,u,u,5.0,5.0,76,76,False
R5U,94,5.311449561995082,5.311449561995082,0.0,u,u,5.0,5.0,76,76,False
R5U,95,5.432276899801186,5.432276899801186,0.0,u,u,5.0,5.0,94,94,False
R5U,96,5.44000310031139,5.44000310031139,0.0,u,u,5.0,5.0,94,94,False
R5U,97,5.2515269419440544,5.2515269419440544,0.0,u,u,5.0,5.0,66,66,False
R5U,98,5.115759081790999,5.115759081790999,0.0,u,u,5.0,5.0,68,68,False
R5U,99,5.087181673746765,5.087181673746765,0.0,u,u,5.0,5.0,64,64,False
R5U,100,5.237729272726346,5.237729272726346,0.0,u,u,5.0,5.0,66,66,False
R5U,101,5.705098326365805,5.705098326365805,0.0,u,u,5.0,5.0,80,80,False
R5U,102,5.584044788049498,5.584044788049498,0.0,u,u,5.0,5.0,58,58,False
R5U,103,5.58452097451208,5.58452097451208,0.0,u,u,5.0,5.0,58,58,False
R5U,104,5.586663855736584,5.586663855736584,0.0,u,u,5.0,5.0,58,58,False
R5U,105,6.235330438117488,6.235330438117488,0.0,u,u,5.0,5.0,126,126,False
R5U,106,6.034044759954243,6.034044759954243,0.0,u,u,5.0,5.0,107,107,False
R5U,107,5.017503128406645,5.017503128406645,0.0,u,u,5.0,5.0,46,46,False
R5U,108,5.021538820617516,5.021538820617516,0.0,u,u,5.0,5.0,46,46,False
R5U,109,5.026824526876014,5.026824526876014,0.0,u,u,5.0,5.0,46,46,False
R5U,110,5.031842372981451,5.031842372981451,0.0,u,u,5.0,5.0,46,46,False
R5U,111,5.719348368508687,5.719348368508687,0.0,u,u,5.0,5.0,109,109,False
R5U,112,5.720628107335204,5.720628107335204,0.0,u,u,5.0,5.0,109,109,False
R5U,113,5.726312620107307,5.726312620107307,0.0,u,u,5.0,5.0,113,113,False
R5U,114,5.726074512828388,5.726074512828388,0.0,u,u,5.0,5.0,113,113,False
R5U,115,5.906550755481479,5.9065507554814785,-8.881784197001252e-16,u,u,5.0,5.0,90,90,False
R5U,116,5.822336433644724,5.822336433644724,0.0,u,u,5.0,5.0,88,88,False
R5U,117,5.820729272726346,5.820729272726346,0.0,u,u,5.0,5.0,88,88,False
R5U,118,4.913401906824994,4.913401906824994,0.0,u,u,5.0,5.0,32,32,False
R5U,119,4.920800741433852,4.920800741433852,0.0,u,u,5.0,5.0,32,32,False
R5U,120,4.927901934920248,4.927901934920248,0.0,u,u,5.0,5.0,32,32,False
R5U,121,4.932384088814812,4.932384088814812,0.0,u,u,5.0,5.0,32,32,False
R5U,122,4.302341431718529,4.302341431718529,0.0,u,u,5.0,5.0,104,104,False
R5U,123,4.297341459813779,4.297341459813779,0.0,u,u,5.0,5.0,104,104,False
R5U,124,4.298978373606305,4.298978373606305,0.0,u,u,5.0,5.0,104,104,False
R5U,125,5.81178292342367,5.81178292342367,0.0,u,u,5.0,5.0,78,78,False
R5U,126,5.104086419597097,5.104086419597097,0.0,u,u,5.0,5.0,58,58,False
R5U,127,5.109729272726345,5.109729272726345,0.0,u,u,5.0,5.0,58,58,False
R5U,128,5.169931687794392,5.169931687794392,0.0,u,u,5.0,5.0,64,64,False
R5U,129,5.176854307845414,5.176854307845414,0.0,u,u,5.0,5.0,64,64,False
R5U,130,5.772979258678719,5.772979258678719,0.0,u,u,5.0,5.0,94,94,False
R5U,131,5.773217337862383,5.773217337862383,0.0,u,u,5.0,5.0,94,94,False
R5U,132,4.004083653213394,4.004083653213394,0.0,u,u,5.0,5.0,113,113,False
R5U,133,4.003637219624944,4.0036372196249435,-8.881784197001252e-16,u,u,5.0,5.0,113,113,False
R5U,134,5.96058644769235,5.96058644769235,0.0,u,u,5.0,5.0,97,97,False
R5U,135,5.805616200566496,5.8056162005664955,-8.881784197001252e-16,u,u,5.0,5.0,108,108,False
R5U,136,5.204407846161721,5.204407846161721,0.0,u,u,5.0,5.0,70,70,False
R5U,137,5.208413813593703,5.208413813593703,0.0,u,u,5.0,5.0,70,70,False
R5U,138,5.215723361484873,5.215723361484873,0.0,u,u,5.0,5.0,70,70,False
R5U,139,5.222259081790999,5.222259081790999,0.0,u,u,5.0,5.0,70,70,False
R5U,140,5.264759053695744,5.264759053695744,0.0,u,u,5.0,5.0,70,70,False
R5U,141,5.270640014103912,5.270640014103912,0.0,u,u,5.0,5.0,70,70,False
R5U,142,5.327288834665144,5.3272888346651435,-8.881784197001252e-16,u,u,5.0,5.0,78,78,False
R5U,143,5.81162807923995,5.81162807923995,0.0,u,u,5.0,5.0,114,114,False
R5U,144,5.811776871705927,5.811776871705927,0.0,u,u,5.0,5.0,114,114,False
R5U,145,5.728884032624304,5.728884032624304,0.0,u,u,5.0,5.0,121,121,False
R5U,146,6.08841975293043,6.08841975293043,0.0,u,u,5.0,5.0,113,113,False
R5U,147,5.62471142662091,5.62471142662091,0.0,u,u,5.0,5.0,88,88,False
R5U,148,5.654943594563101,5.654943594563101,0.0,u,u,5.0,5.0,48,48,False
R5U,149,5.661699547947456,5.661699547947456,0.0,u,u,5.0,5.0,50,50,False
R5U,150,3.818045164640485,3.8180451646404845,-4.440892098500626e-16,u,u,5.0,5.0,66,66,False
R5U,151,5.3489197810256846,5.3489197810256846,0.0,u,u,5.0,5.0,77,77,False
R5U,152,5.35408644769235,5.35408644769235,0.0,u,u,5.0,5.0,77,77,False
R5U,153,5.361247146927036,5.3612471469270355,-8.881784197001252e-16,u,u,5.0,5.0,77,77,False
R5U,154,5.369598326365805,5.369598326365805,0.0,u,u,5.0,5.0,77,77,False
R5U,155,5.246181701842019,5.246181701842019,0.0,u,u,5.0,5.0,75,75,False
R5U,156,5.663669766978058,5.663669766978058,0.0,u,u,5.0,5.0,110,110,False
R5U,157,5.666705515379437,5.666705515379437,0.0,u,u,5.0,5.0,110,110,False
R5U,158,5.6627054591889285,5.6627054591889285,0.0,u,u,5.0,5.0,60,60,False
R5U,159,5.662526913848807,5.662526913848807,0.0,u,u,5.0,5.0,60,60,False
R5U,160,2.7583778416765434,2.7583778416765434,0.0,u,u,5.0,5.0,20,20,False
R5U,161,2.7571575805030606,2.7571575805030606,0.0,u,u,5.0,5.0,20,20,False
R5U,162,5.547366186518868,5.547366186518868,0.0,u,u,5.0,5.0,39,39,False
R5U,163,5.610991193542682,5.610991193542682,0.0,u,u,5.0,5.0,52,52,False
R5U,164,4.958931687794393,4.958931687794393,0.0,u,u,5.0,5.0,48,48,False
R5U,165,5.577080452165115,5.577080452165115,0.0,u,u,5.0,5.0,38,38,False
R5U,166,5.577080452165115,5.577080452165115,0.0,u,u,5.0,5.0,38,38,False
R5U,167,5.030092387029078,5.030092387029078,0.0,u,u,5.0,5.0,48,48,False
R5U,168,5.035586447692351,5.035586447692351,0.0,u,u,5.0,5.0,48,48,False
R5U,169,5.041080480260369,5.041080480260369,0.0,u,u,5.0,5.0,48,48,False
R5U,170,5.046425720362411,5.046425720362411,0.0,u,u,5.0,5.0,48,48,False
R5U,171,5.051175706314784,5.051175706314784,0.0,u,u,5.0,5.0,48,48,False
R5U,172,5.055538792522262,5.055538792522262,0.0,u,u,5.0,5.0,48,48,False
R5U,173,5.061360219086886,5.061360219086886,0.0,u,u,5.0,5.0,48,48,False
R5U,174,5.067241179495055,5.0672411794950545,-8.881784197001252e-16,u,u,5.0,5.0,48,48,False
R5U,175,5.073032853185535,5.073032853185535,0.0,u,u,5.0,5.0,48,48,False
R5U,176,5.07885427975016,5.07885427975016,0.0,u,u,5.0,5.0,48,48,False
R5U,177,5.45095550133181,5.45095550133181,0.0,u,u,5.0,5.0,112,112,False
R5U,178,5.591157888304602,5.591157888304602,0.0,u,u,5.0,5.0,58,58,False
R5U,179,5.748651920872621,5.7486519208726214,8.881784197001252e-16,u,u,5.0,5.0,98,98,False
R5U,180,6.131003156501899,6.131003156501899,0.0,u,u,5.0,5.0,115,115,False
R5U,181,6.129634074767186,6.129634074767186,0.0,u,u,5.0,5.0,115,115,False
R5U,182,4.922330466212743,4.922330466212743,0.0,u,u,5.0,5.0,33,33,False
R5U,183,5.179705487284182,5.179705487284182,0.0,u,u,5.0,5.0,61,61,False
R5U,184,5.184782867233162,5.184782867233162,0.0,u,u,5.0,5.0,61,61,False
R5U,185,5.610407874256976,5.610407874256976,0.0,u,u,5.0,5.0,114,114,False
R5U,186,5.6182531424542725,5.6182531424542725,0.0,u,u,5.0,5.0,114,114,False
R5U,187,5.401342372981451,5.401342372981451,0.0,u,u,5.0,5.0,79,79,False
R5U,188,5.408592387029078,5.408592387029078,0.0,u,u,5.0,5.0,79,79,False
R5U,189,5.414830494307997,5.414830494307997,0.0,u,u,5.0,5.0,79,79,False
R5U,190,5.978854251654905,5.978854251654905,0.0,u,u,5.0,5.0,112,112,False
R5U,191,5.157294802097125,5.157294802097125,0.0,u,u,5.0,5.0,48,48,False
R5U,192,5.155449533899828,5.155449533899828,0.0,u,u,5.0,5.0,47,47,False
R5U,193,5.160824554971269,5.160824554971269,0.0,u,u,5.0,5.0,47,47,False
R5U,194,5.359878121382831,5.359878121382831,0.0,u,u,5.0,5.0,74,74,False
R5U,195,5.3651042657025325,5.3651042657025325,0.0,u,u,5.0,5.0,74,74,False
R5U,196,5.371253086263763,5.371253086263763,0.0,u,u,5.0,5.0,74,74,False
R5U,197,5.293765021127726,5.293765021127726,0.0,u,u,5.0,5.0,71,71,False
R5U,198,5.255574540923642,5.255574540923642,0.0,u,u,5.0,5.0,60,60,False
R5U,199,5.814074512828388,5.814074512828388,0.0,u,u,5.0,5.0,121,121,False
R5U,200,5.814550727386225,5.814550727386225,0.0,u,u,5.0,5.0,121,121,False
R5U,201,5.281336433644724,5.281336433644724,0.0,u,u,5.0,5.0,98,98,False
R5U,202,5.138003100311391,5.138003100311391,0.0,u,u,5.0,5.0,71,71,False
R5U,203,5.058407846161722,5.058407846161722,0.0,u,u,5.0,5.0,60,60,False
R5U,204,5.064645953440639,5.064645953440639,0.0,u,u,5.0,5.0,60,60,False
R5U,205,5.070139986008658,5.070139986008658,0.0,u,u,5.0,5.0,60,60,False
R5U,206,5.946253086263764,5.946253086263764,0.0,u,u,5.0,5.0,106,106,False
R5U,207,5.765949505804575,5.765949505804575,0.0,u,u,5.0,5.0,114,114,False
R5U,208,4.924401906824993,4.924401906824993,0.0,u,u,5.0,5.0,33,33,False
R5U,209,4.917360247182141,4.917360247182141,0.0,u,u,5.0,5.0,33,33,False
R5U,210,5.684021002607334,5.684021002607334,0.0,u,u,5.0,5.0,115,115,False
R5U,211,5.725413785498449,5.725413785498449,0.0,u,u,5.0,5.0,118,118,False
R5U,212,5.725800685243344,5.725800685243344,0.0,u,u,5.0,5.0,118,118,False
R5U,213,5.727139986008659,5.727139986008659,0.0,u,u,5.0,5.0,118,118,False
R5U,214,5.728211426620911,5.728211426620911,0.0,u,u,5.0,5.0,118,118,False
R5U,215,5.729967436195773,5.729967436195773,0.0,u,u,5.0,5.0,118,118,False
R5U,216,5.824693580515474,5.824693580515474,0.0,u,u,5.0,5.0,97,97,False
R5U,217,5.8220149789848445,5.8220149789848445,0.0,u,u,5.0,5.0,97,97,False
R5U,218,5.821628107335203,5.821628107335203,0.0,u,u,5.0,5.0,97,97,False
R5U,219,5.822997132879409,5.822997132879409,0.0,u,u,5.0,5.0,97,97,False
R5U,220,4.956812620107306,4.956812620107306,0.0,u,u,5.0,5.0,48,48,False
R5U,221,4.962693580515475,4.962693580515475,0.0,u,u,5.0,5.0,48,48,False
R5U,222,5.713026857658299,5.713026857658299,0.0,u,u,5.0,5.0,113,113,False
R5U,223,5.7128780651923226,5.7128780651923226,0.0,u,u,5.0,5.0,113,113,False
R5U,224,5.715497160974663,5.715497160974663,0.0,u,u,5.0,5.0,113,113,False
R5U,225,5.676199519852202,5.676199519852202,0.0,u,u,5.0,5.0,113,113,False
R5U,226,5.858026913848808,5.858026913848808,0.0,u,u,5.0,5.0,110,110,False
R5U,227,5.854425692267157,5.854425692267157,0.0,u,u,5.0,5.0,110,110,False
R5U,228,5.853592387029078,5.853592387029078,0.0,u,u,5.0,5.0,110,110,False
R5U,229,5.171919781025684,5.171919781025684,0.0,u,u,5.0,5.0,92,92,False
R5U,230,3.706735644844569,3.7067356448445685,-4.440892098500626e-16,u,u,5.0,5.0,0,0,False
R5U,231,3.706735644844569,3.7067356448445685,-4.440892098500626e-16,u,u,5.0,5.0,0,0,False
R5U,232,2.755490913836394,2.755490913836394,0.0,u,u,5.0,5.0,20,20,False
R5U,233,3.512154812373227,3.512154812373227,0.0,u,u,5.0,5.0,14,14,False
R5U,234,3.510756005859623,3.510756005859623,0.0,u,u,5.0,5.0,14,14,False
R5U,235,3.509535772781395,3.509535772781395,0.0,u,u,5.0,5.0,14,14,False
R5U,236,3.5092976655024777,3.5092976655024777,0.0,u,u,5.0,5.0,14,14,False
R5U,237,3.5091488449412465,3.5091488449412465,0.0,u,u,5.0,5.0,14,14,False
R5U,238,3.508940518631726,3.508940518631726,0.0,u,u,5.0,5.0,14,14,False
R5U,239,3.508732192322206,3.508732192322206,0.0,u,u,5.0,5.0,14,14,False
R5U,240,3.50864290560452,3.50864290560452,0.0,u,u,5.0,5.0,14,14,False
R5U,241,5.965645981535894,5.965645981535894,0.0,u,u,5.0,5.0,96,96,False
R5U,242,5.963324526876015,5.963324526876015,0.0,u,u,5.0,5.0,96,96,False
R5U,243,5.963324526876015,5.963324526876015,0.0,u,u,5.0,5.0,96,96,False
R5U,244,5.963175706314784,5.963175706314784,0.0,u,u,5.0,5.0,96,96,False
R5U,245,5.596092443219587,5.596092443219587,0.0,u,u,5.0,5.0,56,56,False
R5U,246,6.019669766978057,6.019669766978057,0.0,u,u,5.0,5.0,104,104,False
R5U,247,6.01841975293043,6.01841975293043,0.0,u,u,5.0,5.0,104,104,False
R5U,248,5.60593762713112,5.60593762713112,0.0,u,u,5.0,5.0,73,73,False
R5U,249,5.420979314869228,5.420979314869228,0.0,u,u,5.0,5.0,79,79,False
R5U,250,5.144449533899829,5.144449533899829,0.0,u,u,5.0,5.0,71,71,False
R5U,251,5.254836461739978,5.254836461739978,0.0,u,u,5.0,5.0,67,67,False
R5U,252,5.260032881280789,5.260032881280789,0.0,u,u,5.0,5.0,67,67,False
R5U,253,5.266985254205954,5.266985254205954,0.0,u,u,5.0,5.0,67,67,False
R5U,254,5.275217394052891,5.275217394052891,0.0,u,u,5.0,5.0,67,67,False
R5U,255,5.590038792522262,5.590038792522262,0.0,u,u,5.0,5.0,63,63,False
D0,0,4.5311489388906745,4.5311489388906745,0.0,u,u,6.0,6.0,14,14,False
D0,1,4.530285880778451,4.530285880778451,0.0,u,u,6.0,6.0,14,14,False
D0,2,2.921676811242862,2.921676811242862,0.0,u,u,6.0,6.0,24,24,False
D0,3,2.923164932569408,2.9231649325694073,-4.440892098500626e-16,u,u,6.0,6.0,24,24,False
D0,4,5.207333535948541,5.207333535948541,0.0,u,u,6.0,6.0,109,109,False
D0,5,5.201738253703618,5.201738253703618,0.0,u,u,6.0,6.0,109,109,False
D0,6,5.196172808618601,5.196172808618601,0.0,u,u,6.0,6.0,109,109,False
D0,7,5.192214524451963,5.192214524451963,0.0,u,u,6.0,6.0,109,109,False
D0,8,5.191678804145836,5.191678804145836,0.0,u,u,6.0,6.0,109,109,False
D0,9,4.731684687292055,4.731684687292055,0.0,u,u,6.0,6.0,108,108,False
D0,10,4.5481251815437655,4.5481251815437655,0.0,u,u,6.0,6.0,88,88,False
D0,11,4.557041834162805,4.557041834162805,0.0,u,u,6.0,6.0,88,88,False
D0,12,4.564053712836261,4.564053712836261,0.0,u,u,6.0,6.0,88,88,False
D0,13,2.6112423832302687,2.6112423832302687,0.0,u,u,6.0,6.0,85,85,False
D0,14,2.6115400243527302,2.6115400243527302,0.0,u,u,6.0,6.0,85,85,False
D0,15,2.610319791274502,2.610319791274502,0.0,u,u,6.0,6.0,85,85,False
D0,16,2.610825730611229,2.610825730611229,0.0,u,u,6.0,6.0,85,85,False
D0,17,5.007357293295449,5.007357293295449,0.0,u,u,6.0,6.0,96,96,False
D0,18,5.00265493441791,5.00265493441791,0.0,u,u,6.0,6.0,96,96,False
D0,19,4.998815661747851,4.998815661747851,0.0,u,u,6.0,6.0,96,96,False
D0,20,2.874147030273463,2.874147030273463,0.0,u,u,6.0,6.0,0,0,False
D0,21,2.8741470302734635,2.8741470302734635,0.0,u,u,6.0,6.0,0,0,False
D0,22,2.7491080739271423,2.7491080739271423,0.0,u,u,6.0,6.0,14,14,False
D0,23,2.749613985168615,2.749613985168615,0.0,u,u,6.0,6.0,14,14,False
D0,24,4.99586928434992,4.99586928434992,0.0,u,u,6.0,6.0,94,94,False
D0,25,4.996285965064214,4.996285965064214,0.0,u,u,6.0,6.0,94,94,False
D0,26,4.996732370557397,4.996732370557397,0.0,u,u,6.0,6.0,94,94,False
D0,27,4.992535922921333,4.992535922921333,0.0,u,u,6.0,6.0,94,94,False
D0,28,4.953479286773973,4.953479286773973,0.0,u,u,5.0,5.0,48,48,False
D0,29,4.960491193542682,4.960491193542682,0.0,u,u,5.0,5.0,48,48,False
D0,30,4.051232258176381,4.051232258176381,0.0,u,u,6.0,6.0,48,48,False
D0,31,5.309244277326107,5.309244277326107,0.0,u,u,6.0,6.0,121,121,False
D0,32,4.378857293295448,4.378857293295448,0.0,u,u,6.0,6.0,72,72,False
D0,33,4.433785880778451,4.433785880778451,0.0,u,u,6.0,6.0,81,81,False
D0,34,4.861053712836261,4.861053712836261,0.0,u,u,6.0,6.0,123,123,False
D0,35,4.641815605557342,4.641815605557342,0.0,u,u,6.0,6.0,95,95,False
D0,36,4.147345442717248,4.147345442717248,0.0,u,u,6.0,6.0,32,32,False
D0,37,4.150101311815844,4.150101311815844,0.0,u,u,6.0,6.0,32,32,False
D0,38,4.150982300319263,4.150982300319263,0.0,u,u,6.0,6.0,32,32,False
D0,39,4.151416827138992,4.151416827138992,0.0,u,u,6.0,6.0,32,32,False
D0,40,4.466559680268242,4.466559680268242,0.0,u,u,6.0,6.0,84,84,False
D0,41,4.470893013601575,4.470893013601575,0.0,u,u,6.0,6.0,84,84,False
D0,42,4.474095372479113,4.474095372479113,0.0,u,u,6.0,6.0,84,84,False
D0,43,4.600369200064157,4.600369200064157,0.0,u,u,6.0,6.0,96,96,False
D0,44,5.363756184094816,5.363756184094816,0.0,u,u,6.0,6.0,125,125,False
D0,45,5.2360954848601295,5.2360954848601295,0.0,u,u,6.0,6.0,106,106,False
D0,46,5.229756184094816,5.229756184094816,0.0,u,u,6.0,6.0,106,106,False
D0,47,5.226363316917939,5.226363316917939,0.0,u,u,6.0,6.0,106,106,False
D0,48,4.883753086263763,4.883753086263763,0.0,u,u,5.0,5.0,32,32,False
D0,49,4.889604265702532,4.889604265702532,0.0,u,u,5.0,5.0,32,32,False
D0,50,4.895157860209348,4.895157860209348,0.0,u,u,5.0,5.0,32,32,False
D0,51,3.924357265200195,3.924357265200195,0.0,u,u,6.0,6.0,32,32,False
D0,52,4.52226803467302,4.5222680346730195,-8.881784197001252e-16,u,u,6.0,6.0,95,95,False
D0,53,4.271809722411118,4.271809722411118,0.0,u,u,6.0,6.0,60,60,False
D0,54,4.277571643227458,4.277571643227458,0.0,u,u,6.0,6.0,60,60,False
D0,55,4.284196650251272,4.284196650251272,0.0,u,u,6.0,6.0,60,60,False
D0,56,4.5704108878022645,4.5704108878022645,0.0,u,u,6.0,6.0,36,36,False
D0,57,4.573922822666228,4.573922822666228,0.0,u,u,6.0,6.0,36,36,False
D0,58,4.578625237734275,4.578625237734275,0.0,u,u,6.0,6.0,36,36,False
D0,59,4.904893097887338,4.904893097887338,0.0,u,u,6.0,6.0,93,93,False
D0,60,4.31483353594854,4.31483353594854,0.0,u,u,6.0,6.0,76,76,False
D0,61,4.310202617683253,4.310202617683253,0.0,u,u,6.0,6.0,76,76,False
D0,62,4.081589433142386,4.081589433142386,0.0,u,u,6.0,6.0,62,62,False
D0,63,4.075708500829472,4.075708500829472,0.0,u,u,6.0,6.0,62,62,False
D0,64,4.8894852261107005,4.8894852261107005,0.0,u,u,5.0,5.0,32,32,False
D0,65,4.883753086263763,4.883753086263763,0.0,u,u,5.0,5.0,32,32,False
D0,66,4.8158661584236135,4.8158661584236135,0.0,u,u,5.0,5.0,16,16,False
D0,67,4.801571643227459,4.801571643227459,0.0,u,u,6.0,6.0,108,108,False
D0,68,4.716482328414517,4.716482328414517,0.0,u,u,6.0,6.0,114,114,False
D0,69,4.712672752428093,4.712672752428093,0.0,u,u,6.0,6.0,114,114,False
D0,70,4.866869228159412,4.866869228159412,0.0,u,u,6.0,6.0,80,80,False
D0,71,4.731232342462143,4.731232342462143,0.0,u,u,6.0,6.0,98,98,False
D0,72,2.599516154624805,2.599516154624805,0.0,u,u,6.0,6.0,79,79,False
D0,73,2.6000221220567865,2.6000221220567865,0.0,u,u,6.0,6.0,79,79,False
D0,74,5.070750244758088,5.070750244758088,0.0,u,u,6.0,6.0,109,109,False
D0,75,4.212898981033556,4.212898981033556,0.0,u,u,6.0,6.0,57,57,False
D0,76,4.882824554971269,4.882824554971269,0.0,u,u,5.0,5.0,32,32,False
D0,77,4.708964482309081,4.708964482309081,0.0,u,u,6.0,6.0,87,87,False
D0,78,4.962875139400885,4.962875139400885,0.0,u,u,6.0,6.0,110,110,False
D0,79,4.966178719860074,4.966178719860074,0.0,u,u,6.0,6.0,110,110,False
D0,80,4.9698096943158685,4.9698096943158685,0.0,u,u,6.0,6.0,110,110,False
D0,81,5.214779969536979,5.214779969536979,0.0,u,u,6.0,6.0,121,121,False
D0,82,5.092815605557342,5.092815605557342,0.0,u,u,6.0,6.0,107,107,False
D0,83,5.087637032121967,5.087637032121967,0.0,u,u,6.0,6.0,107,107,False
D0,84,5.085107279247822,5.085107279247822,0.0,u,u,6.0,6.0,107,107,False
D0,85,4.67343475753019,4.67343475753019,0.0,u,u,6.0,6.0,56,56,False
D0,86,4.629976417173043,4.629976417173043,0.0,u,u,6.0,6.0,64,64,False
D0,87,4.634649051271691,4.634649051271691,0.0,u,u,6.0,6.0,64,64,False
D0,88,4.640958571067607,4.640958571067607,0.0,u,u,6.0,6.0,64,64,False
D0,89,4.914714468261454,4.914714468261454,0.0,u,u,6.0,6.0,107,107,False
D0,90,4.777726346934909,4.777726346934909,0.0,u,u,6.0,6.0,103,103,False
D0,91,5.154226375030163,5.154226375030163,0.0,u,u,6.0,6.0,110,110,False
D0,92,4.9895120812886615,4.9895120812886615,0.0,u,u,6.0,6.0,98,98,False
D0,93,4.31295260363563,4.31295260363563,0.0,u,u,6.0,6.0,76,76,False
D0,94,4.31939900912881,4.31939900912881,0.0,u,u,6.0,6.0,76,76,False
D0,95,4.447071671322708,4.447071671322708,0.0,u,u,6.0,6.0,94,94,False
D0,96,4.454619270302293,4.454619270302293,0.0,u,u,6.0,6.0,94,94,False
D0,97,4.264208472734218,4.264208472734218,0.0,u,u,6.0,6.0,66,66,False
D0,98,4.155268034673015,4.155268034673015,0.0,u,u,6.0,6.0,70,70,False
D0,99,4.244023988057365,4.244023988057365,0.0,u,u,6.0,6.0,66,66,False
D0,100,4.249637032121966,4.249637032121966,0.0,u,u,6.0,6.0,66,66,False
D0,101,4.7341609580404,4.7341609580404,0.0,u,u,6.0,6.0,80,80,False
D0,102,4.614297815642414,4.614297815642414,0.0,u,u,6.0,6.0,58,58,False
D0,103,4.618196622156018,4.618196622156018,0.0,u,u,6.0,6.0,58,58,False
D0,104,4.622035894826078,4.622035894826078,0.0,u,u,6.0,6.0,58,58,False
D0,105,5.274809750506378,5.274809750506378,0.0,u,u,6.0,6.0,126,126,False
D0,106,5.06920855701998,5.06920855701998,0.0,u,u,6.0,6.0,107,107,False
D0,107,4.03784538652674,4.03784538652674,0.0,u,u,6.0,6.0,46,46,False
D0,108,4.0438751394008845,4.0438751394008845,0.0,u,u,6.0,6.0,46,46,False
D0,109,4.050410859707011,4.050410859707011,0.0,u,u,6.0,6.0,46,46,False
D0,110,4.056887018074339,4.056887018074339,0.0,u,u,6.0,6.0,46,46,False
D0,111,4.750851382053976,4.750851382053976,0.0,u,u,6.0,6.0,109,109,False
D0,112,4.748648995081183,4.748648995081183,0.0,u,u,6.0,6.0,109,109,False
D0,113,4.764065731985985,4.764065731985985,0.0,u,u,6.0,6.0,113,113,False
D0,114,4.764958571067608,4.7649585710676075,-8.881784197001252e-16,u,u,6.0,6.0,113,113,False
D0,115,4.938678776050582,4.938678776050582,0.0,u,u,6.0,6.0,90,90,False
D0,116,4.857678804145835,4.857678804145835,0.0,u,u,6.0,6.0,88,88,False
D0,117,4.857768090863523,4.857768090863523,0.0,u,u,6.0,6.0,88,88,False
D0,118,3.939785880778451,3.939785880778451,0.0,u,u,6.0,6.0,32,32,False
D0,119,3.9456668411866183,3.9456668411866187,4.440892098500626e-16,u,u,6.0,6.0,32,32,False
D0,120,3.951309694315869,3.9513096943158685,-4.440892098500626e-16,u,u,6.0,6.0,32,32,False
D0,121,3.956089433142386,3.956089433142386,0.0,u,u,6.0,6.0,32,32,False
D0,122,3.3403912086194967,3.3403912086194967,0.0,u,u,6.0,6.0,102,102,False
D0,123,3.341641166476614,3.341641166476614,0.0,u,u,6.0,6.0,102,102,False
D0,124,3.3451530732453243,3.3451530732453243,0.0,u,u,6.0,6.0,102,102,False
D0,125,4.81644064067641,4.81644064067641,0.0,u,u,6.0,6.0,70,70,False
D0,126,4.128476389077789,4.128476389077789,0.0,u,u,6.0,6.0,58,58,False
D0,127,4.133940640676409,4.133940640676409,0.0,u,u,6.0,6.0,58,58,False
D0,128,4.202506113856679,4.202506113856679,0.0,u,u,6.0,6.0,64,64,False
D0,129,4.21198823965599,4.21198823965599,0.0,u,u,6.0,6.0,64,64,False
D0,130,4.806000174519952,4.806000174519952,0.0,u,u,6.0,6.0,94,94,False
D0,131,4.806565675795477,4.806565675795477,0.0,u,u,6.0,6.0,94,94,False
D0,132,3.1419445603093124,3.1419445603093124,0.0,u,u,6.0,6.0,113,113,False
D0,133,3.144295795938588,3.144295795938588,0.0,u,u,6.0,6.0,113,113,False
D0,134,5.0001252096390205,5.0001252096390205,0.0,u,u,6.0,6.0,97,97,False
D0,135,4.843339503380521,4.843339503380521,0.0,u,u,6.0,6.0,108,108,False
D0,136,4.227768006577761,4.227768006577761,0.0,u,u,6.0,6.0,70,70,False
D0,137,4.233559680268241,4.233559680268241,0.0,u,u,6.0,6.0,70,70,False
D0,138,4.238041834162805,4.238041834162805,0.0,u,u,6.0,6.0,70,70,False
D0,139,4.24252398805737,4.24252398805737,0.0,u,u,6.0,6.0,70,70,False
D0,140,4.285827512326049,4.285827512326049,0.0,u,u,6.0,6.0,70,70,False
D0,141,4.293762011050525,4.293762011050525,0.0,u,u,6.0,6.0,70,70,False
D0,142,4.359666869281873,4.359666869281873,0.0,u,u,6.0,6.0,78,78,False
D0,143,4.845422850761482,4.845422850761482,0.0,u,u,6.0,6.0,114,114,False
D0,144,4.848399037224064,4.848399037224064,0.0,u,u,6.0,6.0,114,114,False
D0,145,4.769821629179831,4.769821629179831,0.0,u,u,6.0,6.0,121,121,False
D0,146,5.123613302870312,5.123613302870312,0.0,u,u,6.0,6.0,113,113,False
D0,147,4.654756099809053,4.654756099809053,0.0,u,u,6.0,6.0,88,88,False
D0,148,4.676654934417911,4.676654934417911,0.0,u,u,6.0,6.0,46,46,False
D0,149,4.67400611385668,4.67400611385668,0.0,u,u,6.0,6.0,46,46,False
D0,150,2.9857541630965856,2.9857541630965856,0.0,u,u,6.0,6.0,64,64,False
D0,151,4.366910915897519,4.366910915897519,0.0,u,u,6.0,6.0,77,77,False
D0,152,4.376512109383915,4.376512109383915,0.0,u,u,6.0,6.0,77,77,False
D0,153,4.382333507853286,4.382333507853286,0.0,u,u,6.0,6.0,77,77,False
D0,154,4.386458486781845,4.386458486781845,0.0,u,u,6.0,6.0,77,77,False
D0,155,4.270274058295505,4.270274058295505,0.0,u,u,6.0,6.0,75,75,False
D0,156,4.702583549996168,4.7025835499961675,-8.881784197001252e-16,u,u,6.0,6.0,110,110,False
D0,157,4.70130381116965,4.70130381116965,0.0,u,u,6.0,6.0,110,110,False
D0,158,4.690339447190013,4.690339447190013,0.0,u,u,6.0,6.0,60,60,False
D0,159,4.693375167496138,4.693375167496138,0.0,u,u,6.0,6.0,60,60,False
D0,160,2.207485494149183,2.207485494149183,0.0,u,u,6.0,6.0,20,20,False
D0,161,2.208616440509724,2.208616440509724,0.0,u,u,6.0,6.0,20,20,False
D0,162,4.571845358431486,4.571845358431486,0.0,u,u,6.0,6.0,39,39,False
D0,163,4.636184687292055,4.636184687292055,0.0,u,u,6.0,6.0,52,52,False
D0,164,4.958217394052891,4.958217394052891,0.0,u,u,5.0,5.0,48,48,False
D0,165,4.600250188567579,4.600250188567579,0.0,u,u,6.0,6.0,38,38,False
D0,166,4.600458486781845,4.600458486781845,0.0,u,u,6.0,6.0,38,38,False
D0,167,4.05763706021722,4.05763706021722,0.0,u,u,6.0,6.0,48,48,False
D0,168,4.0603036987886325,4.0603036987886325,0.0,u,u,6.0,6.0,48,48,False
D0,169,4.06541085970701,4.06541085970701,0.0,u,u,6.0,6.0,48,48,False
D0,170,4.070666841186619,4.070666841186619,0.0,u,u,6.0,6.0,48,48,False
D0,171,4.076696594060763,4.076696594060763,0.0,u,u,6.0,6.0,48,48,False
D0,172,4.081833479758031,4.081833479758031,0.0,u,u,6.0,6.0,48,48,False
D0,173,4.086375139400885,4.086375139400885,0.0,u,u,6.0,6.0,48,48,False
D0,174,4.090678719860073,4.090678719860073,0.0,u,u,6.0,6.0,48,48,False
D0,175,4.096321572989323,4.096321572989323,0.0,u,u,6.0,6.0,48,48,False
D0,176,4.10226203914578,4.10226203914578,0.0,u,u,6.0,6.0,48,48,False
D0,177,4.475434701339682,4.475434701339682,0.0,u,u,6.0,6.0,112,112,False
D0,178,4.623018048720642,4.623018048720642,0.0,u,u,6.0,6.0,58,58,False
D0,179,4.784113274775057,4.784113274775057,0.0,u,u,6.0,6.0,98,98,False
D0,180,5.15899426327848,5.15899426327848,0.0,u,u,6.0,6.0,115,115,False
D0,181,5.161345414621994,5.161345414621994,0.0,u,u,6.0,6.0,115,115,False
D0,182,3.947940584485901,3.9479405844859006,-4.440892098500626e-16,u,u,6.0,6.0,33,33,False
D0,183,4.2104644542138265,4.2104644542138265,0.0,u,u,6.0,6.0,61,61,False
D0,184,4.210869200064158,4.210869200064158,0.0,u,u,6.0,6.0,61,61,False
D0,185,4.643369256254665,4.643369256254665,0.0,u,u,6.0,6.0,114,114,False
D0,186,4.652940668771663,4.652940668771663,0.0,u,u,6.0,6.0,114,114,False
D0,187,4.427012025098153,4.427012025098153,0.0,u,u,6.0,6.0,79,79,False
D0,188,4.433190598533528,4.433190598533528,0.0,u,u,6.0,6.0,79,79,False
D0,189,4.441690626628782,4.441690626628782,0.0,u,u,6.0,6.0,79,79,False
D0,190,5.012857349485957,5.012857349485957,0.0,u,u,6.0,6.0,112,112,False
D0,191,4.189345470812503,4.189345470812503,0.0,u,u,6.0,6.0,48,48,False
D0,192,4.183363288822684,4.183363288822684,0.0,u,u,6.0,6.0,47,47,False
D0,193,4.186000146424698,4.186000146424698,0.0,u,u,6.0,6.0,47,47,False
D0,194,4.382464426118572,4.382464426118572,0.0,u,u,6.0,6.0,74,74,False
D0,195,4.39010131181584,4.39010131181584,0.0,u,u,6.0,6.0,74,74,False
D0,196,4.3967560998090525,4.3967560998090525,0.0,u,u,6.0,6.0,74,74,False
D0,197,4.315934701339682,4.315934701339682,0.0,u,u,6.0,6.0,71,71,False
D0,198,4.280524016152624,4.280524016152624,0.0,u,u,6.0,6.0,60,60,False
D0,199,4.854148995081184,4.854148995081184,0.0,u,u,6.0,6.0,121,121,False
D0,200,4.852958542972354,4.852958542972354,0.0,u,u,6.0,6.0,121,121,False
D0,201,4.3084644823090805,4.3084644823090805,0.0,u,u,6.0,6.0,98,98,False
D0,202,4.164654934417911,4.164654934417911,0.0,u,u,6.0,6.0,71,71,False
D0,203,4.085327624707067,4.085327624707067,0.0,u,u,6.0,6.0,60,60,False
D0,204,4.093143055744456,4.093143055744456,0.0,u,u,6.0,6.0,60,60,False
D0,205,4.0984287339077,4.0984287339077,0.0,u,u,6.0,6.0,60,60,False
D0,206,4.977875223686647,4.977875223686647,0.0,u,u,6.0,6.0,106,106,False
D0,207,4.799178804145836,4.799178804145836,0.0,u,u,6.0,6.0,114,114,False
D0,208,3.94908946123764,3.94908946123764,0.0,u,u,6.0,6.0,33,33,False
D0,209,3.941631148975747,3.941631148975747,0.0,u,u,6.0,6.0,33,33,False
D0,210,4.718053740931515,4.718053740931515,0.0,u,u,6.0,6.0,115,115,False
D0,211,4.75141085970701,4.75141085970701,0.0,u,u,6.0,6.0,118,118,False
D0,212,4.7518870461695935,4.7518870461695935,0.0,u,u,6.0,6.0,118,118,False
D0,213,4.755101339911095,4.755101339911095,0.0,u,u,6.0,6.0,118,118,False
D0,214,4.758613246679803,4.758613246679803,0.0,u,u,6.0,6.0,118,118,False
D0,215,4.762184687292055,4.762184687292055,0.0,u,u,6.0,6.0,118,118,False
D0,216,4.853339475285267,4.853339475285267,0.0,u,u,6.0,6.0,97,97,False
D0,217,4.854559708363496,4.854559708363496,0.0,u,u,6.0,6.0,97,97,False
D0,218,4.854529927394097,4.854529927394097,0.0,u,u,6.0,6.0,97,97,False
D0,219,4.851553740931514,4.851553740931514,0.0,u,u,6.0,6.0,97,97,False
D0,220,4.95800310031139,4.95800310031139,0.0,u,u,5.0,5.0,48,48,False
D0,221,4.963556666722952,4.963556666722952,0.0,u,u,5.0,5.0,48,48,False
D0,222,4.742893013601575,4.742893013601575,0.0,u,u,6.0,6.0,113,113,False
D0,223,4.745928762002954,4.745928762002954,0.0,u,u,6.0,6.0,113,113,False
D0,224,4.747387102360102,4.747387102360102,0.0,u,u,6.0,6.0,113,113,False
D0,225,4.7172263469349085,4.7172263469349085,0.0,u,u,6.0,6.0,113,113,False
D0,226,4.895065703890731,4.895065703890731,0.0,u,u,6.0,6.0,110,110,False
D0,227,4.8905418903533135,4.8905418903533135,0.0,u,u,6.0,6.0,110,110,False
D0,228,4.886256127904307,4.886256127904307,0.0,u,u,6.0,6.0,110,110,False
D0,229,5.173467380005264,5.173467380005264,0.0,u,u,5.0,5.0,92,92,False
D0,230,2.874147030273462,2.874147030273462,0.0,u,u,6.0,6.0,0,0,False
D0,231,2.8741470302734644,2.8741470302734644,0.0,u,u,6.0,6.0,0,0,False
D0,232,2.208437867074348,2.208437867074348,0.0,u,u,6.0,6.0,20,20,False
D0,233,2.741667551580175,2.741667551580175,0.0,u,u,6.0,6.0,14,14,False
D0,234,2.7414294443012563,2.7414294443012563,0.0,u,u,6.0,6.0,14,14,False
D0,235,2.741191337022338,2.741191337022338,0.0,u,u,6.0,6.0,14,14,False
D0,236,2.740863943025732,2.740863943025732,0.0,u,u,6.0,6.0,14,14,False
D0,237,2.7406853695903566,2.7406853695903566,0.0,u,u,6.0,6.0,14,14,False
D0,238,2.740477043280837,2.740477043280837,0.0,u,u,6.0,6.0,14,14,False
D0,239,2.740477043280837,2.740477043280837,0.0,u,u,6.0,6.0,14,14,False
D0,240,2.7404770432808374,2.7404770432808374,0.0,u,u,6.0,6.0,14,14,False
D0,241,4.999470449741063,4.999470449741063,0.0,u,u,6.0,6.0,96,96,False
D0,242,4.999321629179832,4.999321629179832,0.0,u,u,6.0,6.0,96,96,False
D0,243,4.9988751394008855,4.9988751394008855,0.0,u,u,6.0,6.0,96,96,False
D0,244,4.996672752428092,4.996672752428092,0.0,u,u,6.0,6.0,96,96,False
D0,245,4.608934729434936,4.608934729434936,0.0,u,u,6.0,6.0,52,52,False
D0,246,5.043523959962116,5.0435239599621156,-8.881784197001252e-16,u,u,6.0,6.0,104,104,False
D0,247,5.045071587036951,5.045071587036951,0.0,u,u,6.0,6.0,104,104,False
D0,248,4.633422794570973,4.633422794570973,0.0,u,u,6.0,6.0,73,73,False
D0,249,4.450279941441724,4.450279941441724,0.0,u,u,6.0,6.0,79,79,False
D0,250,4.169464454213826,4.169464454213826,0.0,u,u,6.0,6.0,71,71,False
D0,251,4.277500118329444,4.277500118329444,0.0,u,u,6.0,6.0,67,67,False
D0,252,4.28350009023419,4.28350009023419,0.0,u,u,6.0,6.0,67,67,False
D0,253,4.291256071713798,4.291256071713798,0.0,u,u,6.0,6.0,67,67,False
D0,254,4.301482300319262,4.301482300319262,0.0,u,u,6.0,6.0,67,67,False
D0,255,4.621154962513164,4.621154962513164,0.0,u,u,6.0,6.0,63,63,False
D56,0,4.531000202615206,4.531000202615206,0.0,u,u,6.0,6.0,14,14,False
D56,1,4.530375195591393,4.530375195591393,0.0,u,u,6.0,6.0,14,14,False
D56,2,2.9202482237598595,2.9202482237598595,0.0,u,u,6.0,6.0,24,24,False
D56,3,2.9226292122632813,2.9226292122632813,0.0,u,u,6.0,6.0,24,24,False
D56,4,5.195012109383916,5.195012109383916,0.0,u,u,6.0,6.0,109,109,False
D56,5,5.19504186225806,5.19504186225806,0.0,u,u,6.0,6.0,109,109,False
D56,6,5.193702589588,5.193702589588,0.0,u,u,6.0,6.0,109,109,False
D56,7,5.189595456764876,5.189595456764876,0.0,u,u,6.0,6.0,109,109,False
D56,8,5.184744277326107,5.184744277326107,0.0,u,u,6.0,6.0,109,109,False
D56,9,4.761154878227402,4.761154878227402,0.0,u,u,6.0,6.0,108,108,False
D56,10,4.587684687292055,4.587684687292055,0.0,u,u,6.0,6.0,88,88,False
D56,11,4.592375139400884,4.592375139400884,0.0,u,u,6.0,6.0,88,88,False
D56,12,4.597631064689985,4.597631064689985,0.0,u,u,6.0,6.0,88,88,False
D56,13,2.608653096512581,2.608653096512581,0.0,u,u,6.0,6.0,85,85,False
D56,14,2.6076412178391264,2.6076412178391264,0.0,u,u,6.0,6.0,85,85,False
D56,15,2.6090697772268747,2.6090697772268747,0.0,u,u,6.0,6.0,85,85,False
D56,16,2.611718597788105,2.6117185977881054,4.440892098500626e-16,u,u,6.0,6.0,85,85,False
D56,17,4.989023988057369,4.989023988057369,0.0,u,u,6.0,6.0,96,96,False
D56,18,4.987089433142386,4.987089433142386,0.0,u,u,6.0,6.0,96,96,False
D56,19,4.988369171968904,4.988369171968904,0.0,u,u,6.0,6.0,96,96,False
D56,20,2.874147030273463,2.874147030273463,0.0,u,u,6.0,6.0,0,0,False
D56,21,2.874147030273463,2.874147030273463,0.0,u,u,6.0,6.0,0,0,False
D56,22,2.749316372141408,2.749316372141408,0.0,u,u,6.0,6.0,14,14,False
D56,23,2.7492271135189745,2.7492271135189745,0.0,u,u,6.0,6.0,14,14,False
D56,24,4.986970421645808,4.986970421645808,0.0,u,u,6.0,6.0,94,94,False
D56,25,4.986583521900913,4.986583521900913,0.0,u,u,6.0,6.0,94,94,False
D56,26,4.988518048720643,4.988518048720643,0.0,u,u,6.0,6.0,94,94,False
D56,27,4.989053769026769,4.989053769026769,0.0,u,u,6.0,6.0,94,94,False
D56,28,3.989244221135598,3.989244221135598,0.0,u,u,6.0,6.0,48,48,False
D56,29,3.994827540421305,3.9948275404213045,-4.440892098500626e-16,u,u,6.0,6.0,48,48,False
D56,30,4.063232258176381,4.063232258176381,0.0,u,u,6.0,6.0,48,48,False
D56,31,5.299035894826079,5.299035894826079,0.0,u,u,6.0,6.0,121,121,False
D56,32,4.415416770948484,4.415416770948484,0.0,u,u,6.0,6.0,72,72,False
D56,33,4.47573231436689,4.47573231436689,0.0,u,u,6.0,6.0,81,81,False
D56,34,4.914220379502927,4.914220379502927,0.0,u,u,6.0,6.0,123,123,False
D56,35,4.69182751232605,4.69182751232605,0.0,u,u,6.0,6.0,95,95,False
D56,36,4.217976360982535,4.217976360982535,0.0,u,u,6.0,6.0,36,36,False
D56,37,4.236446551917882,4.236446551917882,0.0,u,u,6.0,6.0,36,36,False
D56,38,4.098410831611757,4.098410831611757,0.0,u,u,6.0,6.0,36,36,False
D56,39,4.091166756900857,4.091166756900857,0.0,u,u,6.0,6.0,36,36,False
D56,40,4.528898924843048,4.528898924843048,0.0,u,u,6.0,6.0,84,84,False
D56,41,4.53576203914578,4.53576203914578,0.0,u,u,6.0,6.0,84,84,False
D56,42,4.540273945914489,4.540273945914489,0.0,u,u,6.0,6.0,84,84,False
D56,43,4.654345386526741,4.654345386526741,0.0,u,u,6.0,6.0,96,96,False
D56,44,5.34616684118662,5.34616684118662,0.0,u,u,6.0,6.0,125,125,False
D56,45,5.22401213747917,5.22401213747917,0.0,u,u,6.0,6.0,106,106,False
D56,46,5.222613302870312,5.222613302870312,0.0,u,u,6.0,6.0,106,106,False
D56,47,5.222910887802265,5.222910887802265,0.0,u,u,6.0,6.0,106,106,False
D56,48,3.916637088312475,3.916637088312475,0.0,u,u,6.0,6.0,32,32,False
D56,49,3.9223692000641575,3.9223692000641575,0.0,u,u,6.0,6.0,32,32,False
D56,50,3.927863232632176,3.9278632326321756,-4.440892098500626e-16,u,u,6.0,6.0,32,32,False
D56,51,3.9333572652001942,3.9333572652001947,4.440892098500626e-16,u,u,6.0,6.0,32,32,False
D56,52,4.56792276647572,4.56792276647572,0.0,u,u,6.0,6.0,95,95,False
D56,53,4.318178747955328,4.3181787479553275,-8.881784197001252e-16,u,u,6.0,6.0,60,60,False
D56,54,4.322244221135597,4.322244221135597,0.0,u,u,6.0,6.0,60,60,False
D56,55,4.327351353958721,4.327351353958721,0.0,u,u,6.0,6.0,60,60,False
D56,56,4.56710733543833,4.56710733543833,0.0,u,u,6.0,6.0,36,36,False
D56,57,4.5666014241968576,4.5666014241968576,0.0,u,u,6.0,6.0,36,36,False
D56,58,4.567524044247878,4.567524044247878,0.0,u,u,6.0,6.0,36,36,False
D56,59,4.888464510404335,4.888464510404335,0.0,u,u,6.0,6.0,93,93,False
D56,60,4.325684687292059,4.325684687292059,0.0,u,u,6.0,6.0,76,76,False
D56,61,4.322809694315869,4.322809694315869,0.0,u,u,6.0,6.0,76,76,False
D56,62,4.090589433142386,4.090589433142386,0.0,u,u,6.0,6.0,62,62,False
D56,63,4.084708500829472,4.084708500829472,0.0,u,u,6.0,6.0,62,62,False
D56,64,3.922012053193407,3.9220120531934066,-4.440892098500626e-16,u,u,6.0,6.0,32,32,False
D56,65,3.916637088312475,3.916637088312475,0.0,u,u,6.0,6.0,32,32,False
D56,66,3.8447918201151774,3.8447918201151783,8.881784197001252e-16,u,u,6.0,6.0,16,16,False
D56,67,4.797166841186619,4.797166841186619,0.0,u,u,6.0,6.0,108,108,False
D56,68,4.70808946123764,4.70808946123764,0.0,u,u,6.0,6.0,114,114,False
D56,69,4.707642971458694,4.707642971458694,0.0,u,u,6.0,6.0,114,114,False
D56,70,4.902791876305687,4.902791876305687,0.0,u,u,6.0,6.0,98,98,False
D56,71,4.727869200064157,4.727869200064157,0.0,u,u,6.0,6.0,100,100,False
D56,72,2.5951411616486184,2.5951411616486184,0.0,u,u,6.0,6.0,79,79,False
D56,73,2.5956768819547444,2.5956768819547444,0.0,u,u,6.0,6.0,79,79,False
D56,74,5.064827596611813,5.064827596611813,0.0,u,u,6.0,6.0,109,109,False
D56,75,4.229887074264847,4.229887074264847,0.0,u,u,6.0,6.0,57,57,False
D56,76,3.917785824587943,3.917785824587943,0.0,u,u,6.0,6.0,32,32,False
D56,77,4.698577582564185,4.698577582564185,0.0,u,u,6.0,6.0,87,87,False
D56,78,4.96266684118662,4.9626668411866195,-8.881784197001252e-16,u,u,6.0,6.0,110,110,False
D56,79,4.96227991334647,4.96227991334647,0.0,u,u,6.0,6.0,110,110,False
D56,80,4.961684687292055,4.961684687292055,0.0,u,u,6.0,6.0,110,110,False
D56,81,5.2005239599621165,5.2005239599621165,0.0,u,u,6.0,6.0,121,121,False
D56,82,5.083678719860075,5.083678719860075,0.0,u,u,6.0,6.0,107,107,False
D56,83,5.08117869176482,5.08117869176482,0.0,u,u,6.0,6.0,107,107,False
D56,84,5.0816846591968,5.0816846591968,0.0,u,u,6.0,6.0,107,107,False
D56,85,4.656262095336288,4.656262095336288,0.0,u,u,6.0,6.0,56,56,False
D56,86,4.620571615132204,4.620571615132204,0.0,u,u,6.0,6.0,64,64,False
D56,87,4.621553769026768,4.621553769026768,0.0,u,u,6.0,6.0,64,64,False
D56,88,4.62512520963902,4.62512520963902,0.0,u,u,6.0,6.0,64,64,False
D56,89,4.90644064067641,4.90644064067641,0.0,u,u,6.0,6.0,107,107,False
D56,90,4.762815633652596,4.762815633652596,0.0,u,u,6.0,6.0,103,103,False
D56,91,5.138452547445119,5.138452547445119,0.0,u,u,6.0,6.0,110,110,False
D56,92,4.984660873754638,4.984660873754638,0.0,u,u,6.0,6.0,98,98,False
D56,93,4.355178747955328,4.3551787479553274,-8.881784197001252e-16,u,u,6.0,6.0,76,76,False
D56,94,4.359809694315868,4.359809694315868,0.0,u,u,6.0,6.0,76,76,False
D56,95,4.479327540421305,4.479327540421305,0.0,u,u,6.0,6.0,94,94,False
D56,96,4.485059652172987,4.485059652172987,0.0,u,u,6.0,6.0,94,94,False
D56,97,4.304708472734221,4.304708472734221,0.0,u,u,6.0,6.0,66,66,False
D56,98,4.163523959962116,4.163523959962116,0.0,u,u,6.0,6.0,70,70,False
D56,99,4.279196650251272,4.279196650251272,0.0,u,u,6.0,6.0,66,66,False
D56,100,4.287398952938301,4.287398952938301,0.0,u,u,6.0,6.0,66,66,False
D56,101,4.731601396101604,4.7316013961016035,-8.881784197001252e-16,u,u,6.0,6.0,80,80,False
D56,102,4.609446580013136,4.609446580013136,0.0,u,u,6.0,6.0,58,58,False
D56,103,4.612333507853285,4.612333507853285,0.0,u,u,6.0,6.0,58,58,False
D56,104,4.615131148975747,4.615131148975747,0.0,u,u,6.0,6.0,58,58,False
D56,105,5.266119298397547,5.266119298397547,0.0,u,u,6.0,6.0,126,126,False
D56,106,5.063315689843104,5.063315689843104,0.0,u,u,6.0,6.0,107,107,False
D56,107,4.047083493805658,4.047083493805658,0.0,u,u,6.0,6.0,46,46,False
D56,108,4.053262095336288,4.053262095336288,0.0,u,u,6.0,6.0,46,46,False
D56,109,4.060244221135598,4.060244221135598,0.0,u,u,6.0,6.0,46,46,False
D56,110,4.066452491254609,4.066452491254609,0.0,u,u,6.0,6.0,46,46,False
D56,111,4.744006113856679,4.744006113856679,0.0,u,u,6.0,6.0,109,109,False
D56,112,4.748827568516559,4.748827568516559,0.0,u,u,6.0,6.0,109,109,False
D56,113,4.763678804145836,4.763678804145836,0.0,u,u,6.0,6.0,117,117,False
D56,114,4.764512137479169,4.764512137479169,0.0,u,u,6.0,6.0,117,117,False
D56,115,4.975553825217276,4.975553825217276,0.0,u,u,6.0,6.0,106,106,False
D56,116,4.874821657275085,4.874821657275085,0.0,u,u,6.0,6.0,96,96,False
D56,117,4.8709227383804645,4.8709227383804645,0.0,u,u,6.0,6.0,96,96,False
D56,118,3.948785880778452,3.9487858807784515,-4.440892098500626e-16,u,u,6.0,6.0,32,32,False
D56,119,3.953952575540372,3.953952575540372,0.0,u,u,6.0,6.0,32,32,False
D56,120,3.958851382053976,3.958851382053976,0.0,u,u,6.0,6.0,32,32,False
D56,121,3.963898952938302,3.963898952938302,0.0,u,u,6.0,6.0,32,32,False
D56,122,3.369051964044693,3.369051964044693,0.0,u,u,6.0,6.0,104,104,False
D56,123,3.364260318449461,3.364260318449461,0.0,u,u,6.0,6.0,104,104,False
D56,124,3.351879273755531,3.351879273755531,0.0,u,u,6.0,6.0,104,104,False
D56,125,4.861410972088027,4.861410972088027,0.0,u,u,6.0,6.0,82,82,False
D56,126,4.137357321390703,4.137357321390703,0.0,u,u,6.0,6.0,58,58,False
D56,127,4.142702533397491,4.142702533397491,0.0,u,u,6.0,6.0,58,58,False
D56,128,4.205375139400885,4.205375139400885,0.0,u,u,6.0,6.0,64,64,False
D56,129,4.210631064689984,4.210631064689984,0.0,u,u,6.0,6.0,64,64,False
D56,130,4.799988267751244,4.799988267751244,0.0,u,u,6.0,6.0,94,94,False
D56,131,4.799720407598182,4.799720407598182,0.0,u,u,6.0,6.0,94,94,False
D56,132,3.1408433949181704,3.1408433949181704,0.0,u,u,6.0,6.0,113,113,False
D56,133,3.1412005417889186,3.1412005417889186,0.0,u,u,6.0,6.0,113,113,False
D56,134,5.012625209639021,5.012625209639021,0.0,u,u,6.0,6.0,107,107,False
D56,135,4.849530011679859,4.849530011679859,0.0,u,u,6.0,6.0,114,114,False
D56,136,4.23644064067641,4.23644064067641,0.0,u,u,6.0,6.0,70,70,False
D56,137,4.24453583863557,4.24453583863557,0.0,u,u,6.0,6.0,70,70,False
D56,138,4.249553684741006,4.249553684741006,0.0,u,u,6.0,6.0,70,70,False
D56,139,4.254839419094759,4.254839419094759,0.0,u,u,6.0,6.0,70,70,False
D56,140,4.299065591509715,4.299065591509715,0.0,u,u,6.0,6.0,70,70,False
D56,141,4.305452491254609,4.305452491254609,0.0,u,u,6.0,6.0,70,70,False
D56,142,4.36323231436689,4.36323231436689,0.0,u,u,6.0,6.0,78,78,False
D56,143,4.8472085570199805,4.8472085570199805,0.0,u,u,6.0,6.0,120,120,False
D56,144,4.850393041696829,4.850393041696829,0.0,u,u,6.0,6.0,120,120,False
D56,145,4.7575299273940965,4.7575299273940965,0.0,u,u,6.0,6.0,123,123,False
D56,146,5.115131148975748,5.115131148975748,0.0,u,u,6.0,6.0,113,113,False
D56,147,4.651988295846499,4.651988295846499,0.0,u,u,6.0,6.0,88,88,False
D56,148,4.704869312445174,4.704869312445174,0.0,u,u,6.0,6.0,54,54,False
D56,149,4.72016684118662,4.72016684118662,0.0,u,u,6.0,6.0,62,62,False
D56,150,3.0080458648823245,3.0080458648823245,0.0,u,u,6.0,6.0,70,70,False
D56,151,4.383642999553948,4.383642999553948,0.0,u,u,6.0,6.0,77,77,False
D56,152,4.388988211560735,4.388988211560735,0.0,u,u,6.0,6.0,77,77,False
D56,153,4.395166784996111,4.3951667849961105,-8.881784197001252e-16,u,u,6.0,6.0,77,77,False
D56,154,4.404351353958718,4.404351353958718,0.0,u,u,6.0,6.0,77,77,False
D56,155,4.283137144502983,4.283137144502983,0.0,u,u,6.0,6.0,75,75,False
D56,156,4.691869228159412,4.691869228159412,0.0,u,u,6.0,6.0,110,110,False
D56,157,4.691690654724037,4.691690654724037,0.0,u,u,6.0,6.0,110,110,False
D56,158,4.701172836713854,4.701172836713854,0.0,u,u,6.0,6.0,64,64,False
D56,159,4.703881163023374,4.703881163023374,0.0,u,u,6.0,6.0,64,64,False
D56,160,2.209925988400894,2.209925988400894,0.0,u,u,6.0,6.0,20,20,False
D56,161,2.210015275118581,2.2100152751185815,4.440892098500626e-16,u,u,6.0,6.0,20,20,False
D56,162,4.580625153448511,4.580625153448511,0.0,u,u,6.0,6.0,39,39,False
D56,163,4.641035894826079,4.641035894826079,0.0,u,u,6.0,6.0,52,52,False
D56,164,3.991101396101602,3.9911013961016026,4.440892098500626e-16,u,u,6.0,6.0,48,48,False
D56,165,4.603077582564185,4.603077582564185,0.0,u,u,6.0,6.0,38,38,False
D56,166,4.6036728086186,4.6036728086186,0.0,u,u,6.0,6.0,38,38,False
D56,167,4.07010733543833,4.07010733543833,0.0,u,u,6.0,6.0,48,48,False
D56,168,4.075184715387309,4.075184715387309,0.0,u,u,6.0,6.0,48,48,False
D56,169,4.080708528924727,4.080708528924727,0.0,u,u,6.0,6.0,48,48,False
D56,170,4.086083493805658,4.086083493805658,0.0,u,u,6.0,6.0,48,48,False
D56,171,4.091250132377072,4.091250132377072,0.0,u,u,6.0,6.0,48,48,False
D56,172,4.095375139400885,4.095375139400885,0.0,u,u,6.0,6.0,48,48,False
D56,173,4.099678719860073,4.099678719860073,0.0,u,u,6.0,6.0,48,48,False
D56,174,4.105113246679803,4.105113246679803,0.0,u,u,6.0,6.0,48,48,False
D56,175,4.110875139400885,4.110875139400885,0.0,u,u,6.0,6.0,48,48,False
D56,176,4.116637032121966,4.116637032121966,0.0,u,u,6.0,6.0,48,48,False
D56,177,4.488440640676409,4.488440640676409,0.0,u,u,6.0,6.0,112,112,False
D56,178,4.619029983584605,4.619029983584605,0.0,u,u,6.0,6.0,58,58,False
D56,179,4.777506085761425,4.777506085761425,0.0,u,u,6.0,6.0,98,98,False
D56,180,5.15554186225806,5.15554186225806,0.0,u,u,6.0,6.0,115,115,False
D56,181,5.158696622156018,5.158696622156018,0.0,u,u,6.0,6.0,115,115,False
D56,182,3.9581251253532574,3.9581251253532574,0.0,u,u,6.0,6.0,33,33,False
D56,183,4.225184743482563,4.225184743482563,0.0,u,u,6.0,6.0,61,61,False
D56,184,4.22925018856758,4.22925018856758,0.0,u,u,6.0,6.0,61,61,False
D56,185,4.655172780523347,4.655172780523347,0.0,u,u,6.0,6.0,114,114,False
D56,186,4.661351325863468,4.661351325863468,0.0,u,u,6.0,6.0,114,114,False
D56,187,4.446137032121967,4.446137032121967,0.0,u,u,6.0,6.0,79,79,False
D56,188,4.452791820115179,4.452791820115179,0.0,u,u,6.0,6.0,79,79,False
D56,189,4.459297787547159,4.459297787547159,0.0,u,u,6.0,6.0,79,79,False
D56,190,5.008214468261453,5.008214468261453,0.0,u,u,6.0,6.0,112,112,False
D56,191,4.209934729434936,4.209934729434936,0.0,u,u,6.0,6.0,48,48,False
D56,192,4.206958514877099,4.206958514877099,0.0,u,u,6.0,6.0,47,47,False
D56,193,4.212244221135598,4.212244221135598,0.0,u,u,6.0,6.0,47,47,False
D56,194,4.410256099809052,4.410256099809052,0.0,u,u,6.0,6.0,74,74,False
D56,195,4.415363232632176,4.415363232632176,0.0,u,u,6.0,6.0,74,74,False
D56,196,4.42234538652674,4.42234538652674,0.0,u,u,6.0,6.0,74,74,False
D56,197,4.344916827138992,4.344916827138992,0.0,u,u,6.0,6.0,71,71,False
D56,198,4.309369200064157,4.309369200064157,0.0,u,u,6.0,6.0,60,60,False
D56,199,4.84816684118662,4.84816684118662,0.0,u,u,6.0,6.0,121,121,False
D56,200,4.848345442717249,4.848345442717249,0.0,u,u,6.0,6.0,121,121,False
D56,201,4.3179347013396825,4.3179347013396825,0.0,u,u,6.0,6.0,98,98,False
D56,202,4.176268006577761,4.176268006577761,0.0,u,u,6.0,6.0,71,71,False
D56,203,4.096047829690041,4.096047829690041,0.0,u,u,6.0,6.0,60,60,False
D56,204,4.104339475285268,4.1043394752852675,-8.881784197001252e-16,u,u,6.0,6.0,60,60,False
D56,205,4.110309694315868,4.110309694315868,0.0,u,u,6.0,6.0,60,60,False
D56,206,4.972785908873705,4.972785908873705,0.0,u,u,6.0,6.0,106,106,False
D56,207,4.804803811169649,4.804803811169649,0.0,u,u,6.0,6.0,120,120,False
D56,208,3.959393041696829,3.959393041696829,0.0,u,u,6.0,6.0,33,33,False
D56,209,3.953095428669621,3.9530954286696214,4.440892098500626e-16,u,u,6.0,6.0,33,33,False
D56,210,4.707756071713798,4.707756071713798,0.0,u,u,6.0,6.0,115,115,False
D56,211,4.753196622156017,4.753196622156017,0.0,u,u,6.0,6.0,118,118,False
D56,212,4.752393069792083,4.752393069792083,0.0,u,u,6.0,6.0,118,118,False
D56,213,4.7529882396559895,4.7529882396559895,0.0,u,u,6.0,6.0,118,118,False
D56,214,4.759893013601575,4.759893013601575,0.0,u,u,6.0,6.0,118,118,False
D56,215,4.760369200064158,4.760369200064158,0.0,u,u,6.0,6.0,118,118,False
D56,216,4.850571615132204,4.850571615132204,0.0,u,u,6.0,6.0,97,97,False
D56,217,4.84676203914578,4.84676203914578,0.0,u,u,6.0,6.0,97,97,False
D56,218,4.847535866730825,4.847535866730825,0.0,u,u,6.0,6.0,97,97,False
D56,219,4.85205973645875,4.85205973645875,0.0,u,u,6.0,6.0,97,97,False
D56,220,3.993916855234246,3.993916855234246,0.0,u,u,6.0,6.0,48,48,False
D56,221,3.999321601084577,3.9993216010845773,4.440892098500626e-16,u,u,6.0,6.0,48,48,False
D56,222,4.73982751232605,4.73982751232605,0.0,u,u,6.0,6.0,113,113,False
D56,223,4.740958486781845,4.740958486781845,0.0,u,u,6.0,6.0,113,113,False
D56,224,4.739678719860074,4.739678719860074,0.0,u,u,6.0,6.0,113,113,False
D56,225,4.700916827138992,4.700916827138992,0.0,u,u,6.0,6.0,113,113,False
D56,226,4.8795299835846055,4.8795299835846055,0.0,u,u,6.0,6.0,110,110,False
D56,227,4.881047913975803,4.881047913975803,0.0,u,u,6.0,6.0,110,110,False
D56,228,4.881494319468988,4.881494319468988,0.0,u,u,6.0,6.0,110,110,False
D56,229,4.209351382053976,4.209351382053976,0.0,u,u,6.0,6.0,92,92,False
D56,230,2.874147030273461,2.874147030273461,0.0,u,u,6.0,6.0,0,0,False
D56,231,2.8741470302734604,2.8741470302734604,0.0,u,u,6.0,6.0,0,0,False
D56,232,2.21016409567981,2.21016409567981,0.0,u,u,6.0,6.0,20,20,False
D56,233,2.7438104047094245,2.7438104047094245,0.0,u,u,6.0,6.0,14,14,False
D56,234,2.7422330247604454,2.7422330247604454,0.0,u,u,6.0,6.0,14,14,False
D56,235,2.7417568382978628,2.7417568382978628,0.0,u,u,6.0,6.0,14,14,False
D56,236,2.741280623740026,2.741280623740026,0.0,u,u,6.0,6.0,14,14,False
D56,237,2.7412210898964826,2.7412210898964826,0.0,u,u,6.0,6.0,14,14,False
D56,238,2.740655616716212,2.740655616716212,0.0,u,u,6.0,6.0,14,14,False
D56,239,2.7406853695903566,2.7406853695903566,0.0,u,u,6.0,6.0,14,14,False
D56,240,2.7404770432808374,2.7404770432808374,0.0,u,u,6.0,6.0,14,14,False
D56,241,4.988607279247822,4.988607279247822,0.0,u,u,6.0,6.0,96,96,False
D56,242,4.9884287339077,4.9884287339077,0.0,u,u,6.0,6.0,96,96,False
D56,243,4.988041806067551,4.988041806067551,0.0,u,u,6.0,6.0,96,96,False
D56,244,4.9867917920199245,4.9867917920199245,0.0,u,u,6.0,6.0,96,96,False
D56,245,4.637208585115235,4.637208585115235,0.0,u,u,6.0,6.0,58,58,False
D56,246,5.04277991334647,5.04277991334647,0.0,u,u,6.0,6.0,104,104,False
D56,247,5.044535894826079,5.044535894826079,0.0,u,u,6.0,6.0,104,104,False
D56,248,4.645000174519952,4.645000174519952,0.0,u,u,6.0,6.0,79,79,False
D56,249,4.465148966985929,4.465148966985929,0.0,u,u,6.0,6.0,79,79,False
D56,250,4.1809584867818455,4.1809584867818455,0.0,u,u,6.0,6.0,71,71,False
D56,251,4.295738225608362,4.295738225608362,0.0,u,u,6.0,6.0,67,67,False
D56,252,4.30051796443488,4.30051796443488,0.0,u,u,6.0,6.0,67,67,False
D56,253,4.3073215448940685,4.3073215448940685,0.0,u,u,6.0,6.0,67,67,False
D56,254,4.315732286271635,4.315732286271635,0.0,u,u,6.0,6.0,67,67,False
D56,255,4.617970421645808,4.617970421645808,0.0,u,u,6.0,6.0,63,63,False
F5,0,1.1906507829708306,1.1906507829708306,0.0,freeform,freeform,5.0,5.0,26,26,False
F5,1,1.153745952834737,1.153745952834737,0.0,freeform,freeform,5.0,5.0,22,22,False
F5,2,1.0747990367869662,1.0747990367869662,0.0,freeform,freeform,5.0,5.0,24,24,False
F5,3,1.0747990367869662,1.0747990367869662,0.0,freeform,freeform,5.0,5.0,24,24,False
F5,4,3.838124028790868,3.8381240287908676,-4.440892098500626e-16,freeform,freeform,5.0,5.0,127,127,False
F5,5,3.817320616903204,3.8173206169032037,-4.440892098500626e-16,freeform,freeform,5.0,5.0,125,125,False
F5,6,3.806903795712639,3.806903795712639,0.0,freeform,freeform,5.0,5.0,123,123,False
F5,7,3.808391860848676,3.808391860848676,0.0,freeform,freeform,5.0,5.0,123,123,False
F5,8,3.811635542226018,3.811635542226018,0.0,freeform,freeform,5.0,5.0,123,123,False
F5,9,5.844413982165228,5.844413982165228,0.0,u,u,5.0,5.0,124,124,False
F5,10,5.635705599665199,5.635705599665199,0.0,u,u,5.0,5.0,100,100,False
F5,11,5.638699660328473,5.638699660328473,0.0,u,u,5.0,5.0,100,100,False
F5,12,5.639521058797843,5.639521058797843,0.0,u,u,5.0,5.0,100,100,False
F5,13,1.330305025429502,1.3303050254295021,2.220446049250313e-16,freeform,freeform,5.0,5.0,89,89,False
F5,14,1.3108109647662294,1.3108109647662294,0.0,freeform,freeform,5.0,5.0,87,87,False
F5,15,1.290096642929474,1.290096642929474,0.0,freeform,freeform,5.0,5.0,85,85,False
F5,16,1.2902752163648494,1.2902752163648494,0.0,freeform,freeform,5.0,5.0,85,85,False
F5,17,2.9247331640726424,2.9247331640726424,0.0,freeform,freeform,5.0,5.0,120,120,False
F5,18,2.917858143001202,2.917858143001202,0.0,freeform,freeform,5.0,5.0,120,120,False
F5,19,2.919375989106638,2.919375989106638,0.0,freeform,freeform,5.0,5.0,120,120,False
F5,20,1.0609002021781084,1.0609002021781084,0.0,freeform,freeform,5.0,5.0,4,4,False
F5,21,1.0113466076712925,1.0113466076712925,0.0,freeform,freeform,5.0,5.0,0,0,False
F5,22,1.062316874519471,1.0623168745194713,2.220446049250313e-16,freeform,freeform,5.0,5.0,14,14,False
F5,23,1.0624954479548467,1.0624954479548467,0.0,freeform,freeform,5.0,5.0,14,14,False
F5,24,2.891548707491049,2.891548707491049,0.0,freeform,freeform,5.0,5.0,132,132,False
F5,25,2.779108016572559,2.779108016572559,0.0,freeform,freeform,5.0,5.0,116,116,False
F5,26,2.775119923341268,2.7751199233412676,-4.440892098500626e-16,freeform,freeform,5.0,5.0,116,116,False
F5,27,2.791607932286797,2.791607932286797,0.0,freeform,freeform,5.0,5.0,116,116,False
F5,28,4.954848256127669,4.954848256127669,0.0,u,u,5.0,5.0,48,48,False
F5,29,4.96138400452905,4.96138400452905,0.0,u,u,5.0,5.0,48,48,False
F5,30,5.034550643100462,5.034550643100462,0.0,u,u,5.0,5.0,50,50,False
F5,31,3.987255975248013,3.9872559752480132,4.440892098500626e-16,freeform,freeform,5.0,5.0,143,143,False
F5,32,5.429491277828444,5.429491277828444,0.0,u,u,5.0,5.0,82,82,False
F5,33,5.49257459711415,5.49257459711415,0.0,u,u,5.0,5.0,93,93,False
F5,34,5.998027026229824,5.998027026229824,0.0,u,u,5.0,5.0,141,141,False
F5,35,5.721229357012109,5.721229357012109,0.0,u,u,5.0,5.0,105,105,False
F5,36,5.2189258046481735,5.2189258046481735,0.0,u,u,5.0,5.0,46,46,False
F5,37,5.078038848712771,5.078038848712771,0.0,u,u,5.0,5.0,40,40,False
F5,38,5.028735268253581,5.028735268253581,0.0,u,u,5.0,5.0,38,38,False
F5,39,5.03018170184202,5.03018170184202,0.0,u,u,5.0,5.0,38,38,False
F5,40,5.5980984949373305,5.5980984949373305,0.0,u,u,5.0,5.0,102,102,False
F5,41,5.626122336570002,5.626122336570002,0.0,u,u,5.0,5.0,104,104,False
F5,42,5.650544928525768,5.650544928525768,0.0,u,u,5.0,5.0,106,106,False
F5,43,5.7588128167740855,5.7588128167740855,0.0,u,u,5.0,5.0,112,112,False
F5,44,4.220047870738759,4.2200478707387585,-8.881784197001252e-16,freeform,freeform,5.0,5.0,161,161,False
F5,45,3.945390954968453,3.9453909549684525,-4.440892098500626e-16,freeform,freeform,5.0,5.0,126,126,False
F5,46,3.952176773607968,3.952176773607968,0.0,freeform,freeform,5.0,5.0,126,126,False
F5,47,3.977295841295055,3.9772958412950548,-4.440892098500626e-16,freeform,freeform,5.0,5.0,128,128,False
F5,48,4.890181701842019,4.890181701842019,0.0,u,u,5.0,5.0,32,32,False
F5,49,4.895378121382831,4.895378121382831,0.0,u,u,5.0,5.0,32,32,False
F5,50,4.900693608610728,4.9006936086107284,8.881784197001252e-16,u,u,5.0,5.0,32,32,False
F5,51,4.906901934920247,4.906901934920247,0.0,u,u,5.0,5.0,32,32,False
F5,52,5.674753367216304,5.674753367216304,0.0,u,u,5.0,5.0,109,109,False
F5,53,5.3262591379815065,5.3262591379815065,0.0,u,u,5.0,5.0,64,64,False
F5,54,5.385413869784211,5.385413869784211,0.0,u,u,5.0,5.0,70,70,False
F5,55,5.371294858287634,5.371294858287634,0.0,u,u,5.0,5.0,72,72,False
F5,56,1.216204228628445,1.216204228628445,0.0,freeform,freeform,5.0,5.0,44,44,False
F5,57,1.2027518276080251,1.2027518276080251,0.0,freeform,freeform,5.0,5.0,42,42,False
F5,58,1.1892101960604269,1.1892101960604267,-2.220446049250313e-16,freeform,freeform,5.0,5.0,40,40,False
F5,59,2.6982207261855757,2.6982207261855753,-4.440892098500626e-16,freeform,freeform,5.0,5.0,101,101,False
F5,60,5.419509292505411,5.419509292505411,0.0,u,u,5.0,5.0,102,102,False
F5,61,5.405056863389731,5.405056863389731,0.0,u,u,5.0,5.0,102,102,False
F5,62,5.091068601586914,5.091068601586914,0.0,u,u,5.0,5.0,68,68,False
F5,63,5.0913780932875765,5.0913780932875765,0.0,u,u,5.0,5.0,68,68,False
F5,64,4.894038792522262,4.894038792522262,0.0,u,u,5.0,5.0,32,32,False
F5,65,4.886818531348779,4.886818531348779,0.0,u,u,5.0,5.0,32,32,False
F5,66,4.813812620107306,4.813812620107306,0.0,u,u,5.0,5.0,16,16,False
F5,67,2.1643079069148774,2.1643079069148774,0.0,freeform,freeform,5.0,5.0,112,112,False
F5,68,1.6071669077646762,1.6071669077646762,0.0,freeform,freeform,5.0,5.0,114,114,False
F5,69,1.601720558462001,1.601720558462001,0.0,freeform,freeform,5.0,5.0,114,114,False
F5,70,2.6579977272361703,2.6579977272361703,0.0,freeform,freeform,5.0,5.0,82,82,False
F5,71,1.6987688444815214,1.6987688444815214,0.0,freeform,freeform,5.0,5.0,102,102,False
F5,72,1.289828782776411,1.289828782776411,0.0,freeform,freeform,5.0,5.0,81,81,False
F5,73,1.289828782776411,1.289828782776411,0.0,freeform,freeform,5.0,5.0,81,81,False
F5,74,2.9838289701494065,2.9838289701494065,0.0,freeform,freeform,5.0,5.0,137,137,False
F5,75,5.207497132879409,5.207497132879409,0.0,u,u,5.0,5.0,59,59,False
F5,76,4.884104293797787,4.884104293797787,0.0,u,u,5.0,5.0,32,32,False
F5,77,1.5594759737437471,1.5594759737437471,0.0,freeform,freeform,5.0,5.0,89,89,False
F5,78,2.865978468540968,2.865978468540968,0.0,freeform,freeform,5.0,5.0,122,122,False
F5,79,2.864996314646404,2.8649963146464037,-4.440892098500626e-16,freeform,freeform,5.0,5.0,122,122,False
F5,80,2.860323596261993,2.860323596261993,0.0,freeform,freeform,5.0,5.0,122,122,False
F5,81,3.9534588523384895,3.9534588523384904,8.881784197001252e-16,freeform,freeform,5.0,5.0,131,131,False
F5,82,3.8749296457725375,3.8749296457725384,8.881784197001252e-16,freeform,freeform,5.0,5.0,131,131,False
F5,83,3.8798701400242495,3.8798701400242495,0.0,freeform,freeform,5.0,5.0,131,131,False
F5,84,3.876655930568511,3.8766559305685107,-4.440892098500626e-16,freeform,freeform,5.0,5.0,131,131,False
F5,85,1.497816050127543,1.497816050127543,0.0,freeform,freeform,5.0,5.0,58,58,False
F5,86,1.466165592654159,1.466165592654159,0.0,freeform,freeform,5.0,5.0,64,64,False
F5,87,1.4680108046609468,1.4680108046609468,0.0,freeform,freeform,5.0,5.0,64,64,False
F5,88,1.4686060588106158,1.4686060588106158,0.0,freeform,freeform,5.0,5.0,64,64,False
F5,89,2.8881017708795054,2.8881017708795054,0.0,freeform,freeform,5.0,5.0,123,123,False
F5,90,2.1514052230019343,2.1514052230019343,0.0,freeform,freeform,5.0,5.0,107,107,False
F5,91,3.92996446019844,3.9299644601984394,-4.440892098500626e-16,freeform,freeform,5.0,5.0,130,130,False
F5,92,2.9273813942071563,2.9273813942071563,0.0,freeform,freeform,5.0,5.0,110,110,False
F5,93,5.372592499410095,5.372592499410095,0.0,u,u,5.0,5.0,82,82,False
F5,94,5.375794886382887,5.375794886382887,0.0,u,u,5.0,5.0,82,82,False
F5,95,5.487068657777429,5.487068657777429,0.0,u,u,5.0,5.0,96,96,False
F5,96,5.493306765056341,5.493306765056341,0.0,u,u,5.0,5.0,96,96,False
F5,97,5.287538904903272,5.287538904903272,0.0,u,u,5.0,5.0,68,68,False
F5,98,5.15581867182505,5.15581867182505,0.0,u,u,5.0,5.0,70,70,False
F5,99,5.130276984086943,5.130276984086943,0.0,u,u,5.0,5.0,66,66,False
F5,100,5.273532881280789,5.273532881280789,0.0,u,u,5.0,5.0,68,68,False
F5,101,2.055145099908307,2.055145099908307,0.0,freeform,freeform,5.0,5.0,82,82,False
F5,102,1.4381350417484855,1.4381350417484855,0.0,freeform,freeform,5.0,5.0,58,58,False
F5,103,1.4403969344695668,1.4403969344695668,0.0,freeform,freeform,5.0,5.0,58,58,False
F5,104,1.4425100347246718,1.4425100347246718,0.0,freeform,freeform,5.0,5.0,58,58,False
F5,105,4.040621941744151,4.040621941744151,0.0,freeform,freeform,5.0,5.0,140,140,False
F5,106,3.657465691237881,3.6574656912378805,-4.440892098500626e-16,freeform,freeform,5.0,5.0,111,111,False
F5,107,5.0518483966039405,5.0518483966039405,0.0,u,u,5.0,5.0,52,52,False
F5,108,5.054991221637935,5.054991221637935,0.0,u,u,5.0,5.0,52,52,False
F5,109,5.06176504922298,5.06176504922298,0.0,u,u,5.0,5.0,52,52,False
F5,110,5.087884088814812,5.087884088814812,0.0,u,u,5.0,5.0,54,54,False
F5,111,1.667822765082753,1.667822765082753,0.0,freeform,freeform,5.0,5.0,121,121,False
F5,112,1.6700846858990888,1.6700846858990888,0.0,freeform,freeform,5.0,5.0,121,121,False
F5,113,1.7692515773277888,1.7692515773277888,0.0,freeform,freeform,5.0,5.0,125,125,False
F5,114,1.7359181035181843,1.7359181035181845,2.220446049250313e-16,freeform,freeform,5.0,5.0,123,123,False
F5,115,2.7531211530986925,2.7531211530986925,0.0,freeform,freeform,5.0,5.0,104,104,False
F5,116,2.3414343133523,2.3414343133523,0.0,freeform,freeform,5.0,5.0,114,114,False
F5,117,2.3484283459203192,2.3484283459203192,0.0,freeform,freeform,5.0,5.0,116,116,False
F5,118,4.917568601586915,4.917568601586915,0.0,u,u,5.0,5.0,32,32,False
F5,119,4.943985310396463,4.943985310396463,0.0,u,u,5.0,5.0,34,34,False
F5,120,4.939925748457666,4.939925748457666,0.0,u,u,5.0,5.0,34,34,False
F5,121,4.949437655226374,4.949437655226374,0.0,u,u,5.0,5.0,34,34,False
F5,122,1.443632302580398,1.4436323025803979,-2.220446049250313e-16,freeform,freeform,5.0,5.0,102,102,False
F5,123,1.448691864519195,1.448691864519195,0.0,freeform,freeform,5.0,5.0,102,102,False
F5,124,1.4647334679715398,1.4647334679715398,0.0,freeform,freeform,5.0,5.0,102,102,False
F5,125,2.228203464512114,2.228203464512114,0.0,freeform,freeform,5.0,5.0,88,88,False
F5,126,5.128967323814757,5.128967323814757,0.0,u,u,5.0,5.0,62,62,False
F5,127,5.131247146927036,5.131247146927036,0.0,u,u,5.0,5.0,62,62,False
F5,128,5.196360275277395,5.196360275277395,0.0,u,u,5.0,5.0,68,68,False
F5,129,5.206973319341992,5.206973319341992,0.0,u,u,5.0,5.0,68,68,False
F5,130,2.185067275815731,2.185067275815731,0.0,freeform,freeform,5.0,5.0,96,96,False
F5,131,2.15512678156402,2.15512678156402,0.0,freeform,freeform,5.0,5.0,94,94,False
F5,132,1.4313825147830357,1.4313825147830355,-2.220446049250313e-16,freeform,freeform,5.0,5.0,117,117,False
F5,133,1.4235253679122848,1.4235253679122848,0.0,freeform,freeform,5.0,5.0,117,117,False
F5,134,2.864211525979684,2.864211525979684,0.0,freeform,freeform,5.0,5.0,119,119,False
F5,135,2.292315802189828,2.2923158021898273,-4.440892098500626e-16,freeform,freeform,5.0,5.0,118,118,False
F5,136,5.218247146927036,5.218247146927036,0.0,u,u,5.0,5.0,70,70,False
F5,137,5.220824498780761,5.220824498780761,0.0,u,u,5.0,5.0,70,70,False
F5,138,5.227122139903223,5.227122139903223,0.0,u,u,5.0,5.0,70,70,False
F5,139,5.232794774001871,5.232794774001871,0.0,u,u,5.0,5.0,70,70,False
F5,140,5.291187641178746,5.291187641178746,0.0,u,u,5.0,5.0,72,72,False
F5,141,5.296116200566495,5.296116200566495,0.0,u,u,5.0,5.0,72,72,False
F5,142,5.365086503882859,5.365086503882859,0.0,u,u,5.0,5.0,82,82,False
F5,143,2.2727026738394684,2.2727026738394684,0.0,freeform,freeform,5.0,5.0,122,122,False
F5,144,2.273803867325865,2.273803867325865,0.0,freeform,freeform,5.0,5.0,122,122,False
F5,145,1.6808693299043576,1.6808693299043576,0.0,freeform,freeform,5.0,5.0,127,127,False
F5,146,3.7800341699802136,3.7800341699802136,0.0,freeform,freeform,5.0,5.0,125,125,False
F5,147,1.4393888818768183,1.4393888818768183,0.0,freeform,freeform,5.0,5.0,90,90,False
F5,148,1.9947514046089028,1.9947514046089028,0.0,freeform,freeform,5.0,5.0,46,46,False
F5,149,1.9953764959184788,1.9953764959184788,0.0,freeform,freeform,5.0,5.0,46,46,False
F5,150,1.267805060409456,1.267805060409456,0.0,freeform,freeform,5.0,5.0,64,64,False
F5,151,5.4297829796141786,5.4297829796141786,0.0,u,u,5.0,5.0,97,97,False
F5,152,5.4633722382366114,5.4633722382366114,0.0,u,u,5.0,5.0,101,101,False
F5,153,5.487765105413488,5.487765105413488,0.0,u,u,5.0,5.0,105,105,False
F5,154,5.510788862760397,5.510788862760397,0.0,u,u,5.0,5.0,107,107,False
F5,155,5.310943622658355,5.310943622658355,0.0,u,u,5.0,5.0,93,93,False
F5,156,1.6516579335089432,1.6516579335089432,0.0,freeform,freeform,5.0,5.0,110,110,False
F5,157,1.651479360073568,1.651479360073568,0.0,freeform,freeform,5.0,5.0,110,110,False
F5,158,2.0415939335785644,2.0415939335785644,0.0,freeform,freeform,5.0,5.0,60,60,False
F5,159,2.036950996163553,2.036950996163553,0.0,freeform,freeform,5.0,5.0,60,60,False
F5,160,1.0952572593666283,1.0952572593666283,0.0,freeform,freeform,5.0,5.0,20,20,False
F5,161,1.0952870122407727,1.0952870122407727,0.0,freeform,freeform,5.0,5.0,20,20,False
F5,162,1.4113076420696722,1.4113076420696722,0.0,freeform,freeform,5.0,5.0,39,39,False
F5,163,1.4558628397111812,1.4558628397111812,0.0,freeform,freeform,5.0,5.0,52,52,False
F5,164,4.963842429171959,4.963842429171959,0.0,u,u,5.0,5.0,48,48,False
F5,165,1.4207003363822448,1.4207003363822448,0.0,freeform,freeform,5.0,5.0,38,38,False
F5,166,1.4207003363822448,1.4207003363822448,0.0,freeform,freeform,5.0,5.0,38,38,False
F5,167,5.0412828672331615,5.0412828672331615,0.0,u,u,5.0,5.0,48,48,False
F5,168,5.045407818066467,5.045407818066467,0.0,u,u,5.0,5.0,48,48,False
F5,169,5.050366158423613,5.050366158423613,0.0,u,u,5.0,5.0,48,48,False
F5,170,5.054907846161721,5.054907846161721,0.0,u,u,5.0,5.0,48,48,False
F5,171,5.059032796995027,5.059032796995027,0.0,u,u,5.0,5.0,48,48,False
F5,172,5.063455417046048,5.063455417046048,0.0,u,u,5.0,5.0,48,48,False
F5,173,5.069514978984844,5.069514978984844,0.0,u,u,5.0,5.0,48,48,False
F5,174,5.075098270175297,5.075098270175297,0.0,u,u,5.0,5.0,48,48,False
F5,175,5.0809792305834645,5.0809792305834645,0.0,u,u,5.0,5.0,48,48,False
F5,176,5.086770932369199,5.086770932369199,0.0,u,u,5.0,5.0,48,48,False
F5,177,5.494050783576734,5.494050783576734,0.0,u,u,5.0,5.0,116,116,False
F5,178,1.4458731209321498,1.4458731209321498,0.0,freeform,freeform,5.0,5.0,58,58,False
F5,179,2.1337559124626084,2.1337559124626084,0.0,freeform,freeform,5.0,5.0,98,98,False
F5,180,3.741083925089407,3.7410839250894066,-4.440892098500626e-16,freeform,freeform,5.0,5.0,115,115,False
F5,181,3.744387730310631,3.744387730310631,0.0,freeform,freeform,5.0,5.0,115,115,False
F5,182,4.923223333389619,4.923223333389619,0.0,u,u,5.0,5.0,33,33,False
F5,183,5.199943594563101,5.199943594563101,0.0,u,u,5.0,5.0,63,63,False
F5,184,5.20100310031139,5.20100310031139,0.0,u,u,5.0,5.0,63,63,False
F5,185,5.671300769529106,5.671300769529106,0.0,u,u,5.0,5.0,118,118,False
F5,186,5.676884173100575,5.676884173100575,0.0,u,u,5.0,5.0,118,118,False
F5,187,5.421312592012052,5.421312592012052,0.0,u,u,5.0,5.0,79,79,False
F5,188,5.42871142662091,5.42871142662091,0.0,u,u,5.0,5.0,79,79,False
F5,189,5.43489002815154,5.43489002815154,0.0,u,u,5.0,5.0,79,79,False
F5,190,2.860535338916363,2.860535338916363,0.0,freeform,freeform,5.0,5.0,130,130,False
F5,191,5.173961496859046,5.173961496859046,0.0,u,u,5.0,5.0,50,50,False
F5,192,5.169378093287576,5.169378093287576,0.0,u,u,5.0,5.0,49,49,False
F5,193,5.175021030702588,5.175021030702588,0.0,u,u,5.0,5.0,49,49,False
F5,194,5.398776955991689,5.398776955991689,0.0,u,u,5.0,5.0,76,76,False
F5,195,5.402812620107307,5.402812620107307,0.0,u,u,5.0,5.0,76,76,False
F5,196,5.440211482811418,5.440211482811418,0.0,u,u,5.0,5.0,78,78,False
F5,197,5.338824611161777,5.338824611161777,0.0,u,u,5.0,5.0,75,75,False
F5,198,5.337330606689013,5.337330606689013,0.0,u,u,5.0,5.0,72,72,False
F5,199,2.2768035853719404,2.2768035853719404,0.0,freeform,freeform,5.0,5.0,125,125,False
F5,200,2.27686309112023,2.27686309112023,0.0,freeform,freeform,5.0,5.0,125,125,False
F5,201,5.296872125855596,5.296872125855596,0.0,u,u,5.0,5.0,98,98,False
F5,202,5.151991193542681,5.151991193542681,0.0,u,u,5.0,5.0,71,71,False
F5,203,5.072217365957638,5.072217365957638,0.0,u,u,5.0,5.0,60,60,False
F5,204,5.078395967488267,5.078395967488267,0.0,u,u,5.0,5.0,60,60,False
F5,205,5.0841280792399495,5.0841280792399495,0.0,u,u,5.0,5.0,60,60,False
F5,206,2.8580035614783994,2.8580035614783994,0.0,freeform,freeform,5.0,5.0,126,126,False
F5,207,2.1990898772516903,2.1990898772516903,0.0,freeform,freeform,5.0,5.0,120,120,False
F5,208,4.956247175022289,4.956247175022289,0.0,u,u,5.0,5.0,37,37,False
F5,209,4.936794774001871,4.9367947740018705,-8.881784197001252e-16,u,u,5.0,5.0,35,35,False
F5,210,1.6132611896290845,1.6132611896290845,0.0,freeform,freeform,5.0,5.0,115,115,False
F5,211,1.6695424753997874,1.6695424753997874,0.0,freeform,freeform,5.0,5.0,118,118,False
F5,212,1.6754948483249523,1.6754948483249525,2.220446049250313e-16,freeform,freeform,5.0,5.0,118,118,False
F5,213,1.676060349600477,1.676060349600477,0.0,freeform,freeform,5.0,5.0,118,118,False
F5,214,1.67219123977051,1.6721912397705099,-2.220446049250313e-16,freeform,freeform,5.0,5.0,118,118,False
F5,215,1.67219123977051,1.6721912397705099,-2.220446049250313e-16,freeform,freeform,5.0,5.0,118,118,False
F5,216,2.2196423015173883,2.2196423015173883,0.0,freeform,freeform,5.0,5.0,97,97,False
F5,217,2.212737583762311,2.212737583762311,0.0,freeform,freeform,5.0,5.0,97,97,False
F5,218,2.215178021823514,2.215178021823514,0.0,freeform,freeform,5.0,5.0,99,99,False
F5,219,2.2263981987112342,2.2263981987112342,0.0,freeform,freeform,5.0,5.0,101,101,False
F5,220,4.957378093287577,4.957378093287577,0.0,u,u,5.0,5.0,48,48,False
F5,221,4.963259053695745,4.963259053695745,0.0,u,u,5.0,5.0,48,48,False
F5,222,1.6264998996621811,1.6264998996621811,0.0,freeform,freeform,5.0,5.0,115,115,False
F5,223,1.6358154149853328,1.6358154149853328,0.0,freeform,freeform,5.0,5.0,115,115,False
F5,224,1.6131368415499574,1.6131368415499574,0.0,freeform,freeform,5.0,5.0,113,113,False
F5,225,1.6026416610535188,1.6026416610535188,0.0,freeform,freeform,5.0,5.0,113,113,False
F5,226,2.351411299842157,2.351411299842157,0.0,freeform,freeform,5.0,5.0,120,120,False
F5,227,2.396917492036172,2.396917492036172,0.0,freeform,freeform,5.0,5.0,128,128,False
F5,228,2.370607944145001,2.3706079441450014,4.440892098500626e-16,freeform,freeform,5.0,5.0,122,122,False
F5,229,5.181592387029077,5.181592387029077,0.0,u,u,5.0,5.0,92,92,False
F5,230,1.0113466076712925,1.0113466076712925,0.0,freeform,freeform,5.0,5.0,0,0,False
F5,231,1.0113466076712925,1.0113466076712925,0.0,freeform,freeform,5.0,5.0,0,0,False
F5,232,1.0952275064924837,1.0952275064924837,0.0,freeform,freeform,5.0,5.0,20,20,False
F5,233,1.0648168464242174,1.0648168464242174,0.0,freeform,freeform,5.0,5.0,14,14,False
F5,234,1.0631501797575509,1.0631501797575507,-2.220446049250313e-16,freeform,freeform,5.0,5.0,14,14,False
F5,235,1.062941853448031,1.062941853448031,0.0,freeform,freeform,5.0,5.0,14,14,False
F5,236,1.062941853448031,1.062941853448031,0.0,freeform,freeform,5.0,5.0,14,14,False
F5,237,1.062941853448031,1.062941853448031,0.0,freeform,freeform,5.0,5.0,14,14,False
F5,238,1.062941853448031,1.062941853448031,0.0,freeform,freeform,5.0,5.0,14,14,False
F5,239,1.062941853448031,1.062941853448031,0.0,freeform,freeform,5.0,5.0,14,14,False
F5,240,1.062941853448031,1.062941853448031,0.0,freeform,freeform,5.0,5.0,14,14,False
F5,241,2.9194652758243254,2.9194652758243254,0.0,freeform,freeform,5.0,5.0,120,120,False
F5,242,2.907262888851533,2.907262888851533,0.0,freeform,freeform,5.0,5.0,118,118,False
F5,243,2.8917867304842044,2.8917867304842044,0.0,freeform,freeform,5.0,5.0,116,116,False
F5,244,2.897084343511412,2.8970843435114118,-4.440892098500626e-16,freeform,freeform,5.0,5.0,116,116,False
F5,245,1.4379810236915482,1.4379810236915482,0.0,freeform,freeform,5.0,5.0,52,52,False
F5,246,3.8433474356086617,3.8433474356086617,0.0,freeform,freeform,5.0,5.0,128,128,False
F5,247,3.834061729350162,3.8340617293501627,4.440892098500626e-16,freeform,freeform,5.0,5.0,128,128,False
F5,248,1.5104742244505769,1.5104742244505769,0.0,freeform,freeform,5.0,5.0,73,73,False
F5,249,5.441247175022291,5.441247175022291,0.0,u,u,5.0,5.0,79,79,False
F5,250,5.1584376271311205,5.1584376271311205,0.0,u,u,5.0,5.0,71,71,False
F5,251,5.27421142662091,5.27421142662091,0.0,u,u,5.0,5.0,69,69,False
F5,252,5.279913785498448,5.279913785498448,0.0,u,u,5.0,5.0,69,69,False
F5,253,5.309961440668537,5.309961440668537,0.0,u,u,5.0,5.0,71,71,False
F5,254,5.337330522403251,5.337330522403251,0.0,u,u,5.0,5.0,73,73,False
F5,255,1.5143380244038218,1.5143380244038218,0.0,freeform,freeform,5.0,5.0,63,63,False
F56,0,1.0889814040185977,1.0889814040185977,0.0,freeform,freeform,6.0,6.0,22,22,False
F56,1,1.058773077709078,1.058773077709078,0.0,freeform,freeform,6.0,6.0,20,20,False
F56,2,1.0212546648585472,1.0212546648585472,0.0,freeform,freeform,6.0,6.0,24,24,False
F56,3,1.0219094528517594,1.0219094528517594,0.0,freeform,freeform,6.0,6.0,24,24,False
F56,4,3.3417818990440327,3.3478533396562846,0.006071440612251955,freeform,freeform,6.0,6.0,125,127,True
F56,5,3.356305684486196,3.3643413766970673,0.008035692210871304,freeform,freeform,6.0,6.0,125,127,True
F56,6,3.365025945659678,3.383716425863762,0.01869048020408437,freeform,freeform,6.0,6.0,125,127,True
F56,7,3.3352640529385966,3.5150260299454414,0.17976197700684482,freeform,freeform,6.0,6.0,124,155,True
F56,8,3.349222280914727,3.349222280914727,0.0,freeform,freeform,6.0,6.0,125,125,False
F56,9,4.951036091492857,4.951036091492857,0.0,u,u,6.0,6.0,132,132,False
F56,10,4.718577610659439,4.718577610659439,0.0,u,u,6.0,6.0,108,108,False
F56,11,4.721303783074395,4.721303783074395,0.0,u,u,6.0,6.0,108,108,False
F56,12,4.726887102360101,4.726887102360101,0.0,u,u,6.0,6.0,108,108,False
F56,13,1.2187844951337543,1.2187844951337545,2.220446049250313e-16,freeform,freeform,6.0,6.0,85,85,False
F56,14,1.2188142761031533,1.2188142761031533,0.0,freeform,freeform,6.0,6.0,85,85,False
F56,15,1.2187249893854657,1.2187249893854655,-2.220446049250313e-16,freeform,freeform,6.0,6.0,85,85,False
F56,16,1.2186654555419223,1.2186654555419225,2.220446049250313e-16,freeform,freeform,6.0,6.0,85,85,False
F56,17,2.6456093230951323,2.6456093230951323,0.0,freeform,freeform,6.0,6.0,124,124,False
F56,18,2.633883178775431,2.633883178775431,0.0,freeform,freeform,6.0,6.0,124,124,False
F56,19,2.626591448894442,2.626591448894442,0.0,freeform,freeform,6.0,6.0,124,124,False
F56,20,0.9572665435320016,0.9572665435320016,0.0,freeform,freeform,6.0,6.0,0,0,False
F56,21,0.9572665435320016,0.9572665435320016,0.0,freeform,freeform,6.0,6.0,0,0,False
F56,22,1.0061832158733648,1.0061832158733648,0.0,freeform,freeform,6.0,6.0,14,14,False
F56,23,1.0064213231522832,1.0064213231522832,0.0,freeform,freeform,6.0,6.0,14,14,False
F56,24,2.560043681343337,2.5424246136562507,-0.01761906768708643,freeform,freeform,6.0,6.0,130,128,True
F56,25,2.540430581088232,2.5200734342174815,-0.02035714687075041,freeform,freeform,6.0,6.0,128,126,True
F56,26,2.4630496768705723,2.4630496768705723,0.0,freeform,freeform,6.0,6.0,118,118,False
F56,27,2.446233936785388,2.446233936785388,0.0,freeform,freeform,6.0,6.0,116,116,False
F56,28,3.992339419094759,3.9963870461695934,0.0040476270748341925,u,u,6.0,6.0,48,48,True
F56,29,3.997922738380465,4.0019703654553,0.004047627074834637,u,u,6.0,6.0,48,48,True
F56,30,4.08293461705392,4.086982244128754,0.004047627074834637,u,u,6.0,6.0,52,52,True
F56,31,3.521806684582801,3.528116204378717,0.0063095197959159854,freeform,freeform,6.0,6.0,144,145,True
F56,32,4.493690654724037,4.493690654724037,0.0,u,u,6.0,6.0,84,84,False
F56,33,4.557785908873706,4.557785908873706,0.0,u,u,6.0,6.0,93,93,False
F56,34,5.078297843737668,5.078297843737668,0.0,u,u,6.0,6.0,141,141,False
F56,35,4.815696594060763,4.815696594060763,0.0,u,u,6.0,6.0,113,113,False
F56,36,4.261309750506377,4.261309750506377,0.0,u,u,6.0,6.0,44,44,False
F56,37,4.280047829690041,4.280047829690041,0.0,u,u,6.0,6.0,44,44,False
F56,38,4.1462977594519055,4.1462977594519055,0.0,u,u,6.0,6.0,44,44,False
F56,39,4.13676203914578,4.13676203914578,0.0,u,u,6.0,6.0,44,44,False
F56,40,4.654524100438386,4.654524100438386,0.0,u,u,6.0,6.0,100,100,False
F56,41,4.689809919077902,4.689809919077902,0.0,u,u,6.0,6.0,104,104,False
F56,42,4.698190823295562,4.698190823295562,0.0,u,u,6.0,6.0,104,104,False
F56,43,4.834077638754694,4.834077638754694,0.0,u,u,6.0,6.0,114,114,False
F56,44,3.751205403848873,3.751205403848873,0.0,freeform,freeform,6.0,6.0,163,163,False
F56,45,3.501459566599184,3.501459566599184,0.0,freeform,freeform,6.0,6.0,138,138,False
F56,46,3.718632341174103,3.7186323411741027,-4.440892098500626e-16,freeform,freeform,6.0,6.0,168,168,False
F56,47,3.7076202658338695,3.7076202658338695,0.0,freeform,freeform,6.0,6.0,166,166,False
F56,48,3.9196132747750574,3.9196132747750574,0.0,u,u,6.0,6.0,32,32,False
F56,49,3.925672780523346,3.925672780523346,0.0,u,u,6.0,6.0,32,32,False
F56,50,3.93134538652674,3.93134538652674,0.0,u,u,6.0,6.0,32,32,False
F56,51,3.9370477454042794,3.9370477454042785,-8.881784197001252e-16,u,u,6.0,6.0,32,32,False
F56,52,4.740214580642469,4.740214580642469,0.0,u,u,6.0,6.0,111,111,False
F56,53,4.3909168833295,4.3909168833295,0.0,u,u,6.0,6.0,68,68,False
F56,54,4.421589517428148,4.421589517428148,0.0,u,u,6.0,6.0,70,70,False
F56,55,4.444524044247878,4.444524044247878,0.0,u,u,6.0,6.0,72,72,False
F56,56,1.1704872506966315,1.1704872506966315,0.0,freeform,freeform,6.0,6.0,44,44,False
F56,57,1.1512908311558203,1.1512908311558205,2.220446049250313e-16,freeform,freeform,6.0,6.0,42,42,False
F56,58,1.1284634652544685,1.1284634652544683,-2.220446049250313e-16,freeform,freeform,6.0,6.0,40,40,False
F56,59,2.398709985463169,2.3987099854631695,4.440892098500626e-16,freeform,freeform,6.0,6.0,111,111,False
F56,60,4.456279997632237,4.456279997632237,0.0,u,u,6.0,6.0,96,96,False
F56,61,4.44144078115268,4.44144078115268,0.0,u,u,6.0,6.0,96,96,False
F56,62,4.108297731356652,4.108297731356652,0.0,u,u,6.0,6.0,64,64,False
F56,63,4.097178719860073,4.097178719860073,0.0,u,u,6.0,6.0,64,64,False
F56,64,3.92382751232605,3.92382751232605,0.0,u,u,6.0,6.0,32,32,False
F56,65,3.918035866730824,3.918035866730824,0.0,u,u,6.0,6.0,32,32,False
F56,66,3.845238253703617,3.8452382537036165,-4.440892098500626e-16,u,u,6.0,6.0,16,16,False
F56,67,1.9596207090334,1.9596207090334001,2.220446049250313e-16,freeform,freeform,6.0,6.0,112,112,False
F56,68,1.501860422231142,1.501860422231142,0.0,freeform,freeform,6.0,6.0,114,114,False
F56,69,1.4996580071630952,1.4996580071630952,0.0,freeform,freeform,6.0,6.0,114,114,False
F56,70,2.335808384983136,2.335808384983136,0.0,freeform,freeform,6.0,6.0,82,82,False
F56,71,1.573313706958281,1.573313706958281,0.0,freeform,freeform,6.0,6.0,102,102,False
F56,72,1.2493200187731008,1.2493200187731008,0.0,freeform,freeform,6.0,6.0,83,83,False
F56,73,1.2518497997424998,1.2518497997424998,0.0,freeform,freeform,6.0,6.0,83,83,False
F56,74,2.677086117675319,2.677086117675319,0.0,freeform,freeform,6.0,6.0,139,139,False
F56,75,4.248101339911095,4.248101339911095,0.0,u,u,6.0,6.0,59,59,False
F56,76,3.9182024772069823,3.9182024772069823,0.0,u,u,6.0,6.0,32,32,False
F56,77,1.465390058431491,1.465390058431491,0.0,freeform,freeform,6.0,6.0,91,91,False
F56,78,2.465574804451178,2.465574804451178,0.0,freeform,freeform,6.0,6.0,110,110,False
F56,79,2.465574804451178,2.465574804451178,0.0,freeform,freeform,6.0,6.0,110,110,False
F56,80,2.479681965369556,2.4796819653695557,-4.440892098500626e-16,freeform,freeform,6.0,6.0,112,112,False
F56,81,3.447056992081332,3.447056992081332,0.0,freeform,freeform,6.0,6.0,131,131,False
F56,82,3.362188344273794,3.362188344273794,0.0,freeform,freeform,6.0,6.0,131,131,False
F56,83,3.3516229553792862,3.3516229553792862,0.0,freeform,freeform,6.0,6.0,131,131,False
F56,84,3.3490633934404888,3.3490633934404888,0.0,freeform,freeform,6.0,6.0,131,131,False
F56,85,1.3945932210227652,1.3945932210227652,0.0,freeform,freeform,6.0,6.0,58,58,False
F56,86,1.36499624567518,1.3649962456751799,-2.220446049250313e-16,freeform,freeform,6.0,6.0,64,64,False
F56,87,1.3642224461853896,1.3642224461853896,0.0,freeform,freeform,6.0,6.0,64,64,False
F56,88,1.3631807865425365,1.3631807865425365,0.0,freeform,freeform,6.0,6.0,64,64,False
F56,89,2.563799525038145,2.563799525038145,0.0,freeform,freeform,6.0,6.0,119,119,False
F56,90,1.9654382301034308,1.9686822767190764,0.0032440466156455905,freeform,freeform,6.0,6.0,111,111,True
F56,91,3.43374139813869,3.43374139813869,0.0,freeform,freeform,6.0,6.0,130,130,False
F56,92,2.654656528314775,2.65525175436919,0.0005952260544148658,freeform,freeform,6.0,6.0,130,130,True
F56,93,4.444375307972409,4.444375307972409,0.0,u,u,6.0,6.0,86,86,False
F56,94,4.446655018703673,4.446655018703673,0.0,u,u,6.0,6.0,86,86,False
F56,95,4.553434729434937,4.553434729434937,0.0,u,u,6.0,6.0,100,100,False
F56,96,4.560357321390703,4.560357321390703,0.0,u,u,6.0,6.0,100,100,False
F56,97,4.370006113856683,4.370006113856683,0.0,u,u,6.0,6.0,74,74,False
F56,98,4.204803726883887,4.204803726883887,0.0,u,u,6.0,6.0,72,72,False
F56,99,4.336666897377127,4.336666897377127,0.0,u,u,6.0,6.0,70,70,False
F56,100,4.358589376951877,4.358589376951877,0.0,u,u,6.0,6.0,72,72,False
F56,101,1.86066636881262,1.8606663688126197,-2.220446049250313e-16,freeform,freeform,6.0,6.0,82,82,False
F56,102,1.3370849310281172,1.3370849310281172,0.0,freeform,freeform,6.0,6.0,58,58,False
F56,103,1.342233723494094,1.342233723494094,0.0,freeform,freeform,6.0,6.0,58,58,False
F56,104,1.345388511487306,1.345388511487306,0.0,freeform,freeform,6.0,6.0,58,58,False
F56,105,3.567702263476811,3.567702263476811,0.0,freeform,freeform,6.0,6.0,142,142,False
F56,106,3.2304092958447974,3.2304092958447974,0.0,freeform,freeform,6.0,6.0,115,115,False
F56,107,4.076398924843048,4.076398924843048,0.0,u,u,6.0,6.0,52,52,False
F56,108,4.078708500829472,4.078708500829472,0.0,u,u,6.0,6.0,52,52,False
F56,109,4.09265493441791,4.09265493441791,0.0,u,u,6.0,6.0,52,52,False
F56,110,4.126898896747793,4.126898896747793,0.0,u,u,6.0,6.0,54,54,False
F56,111,1.580730882338515,1.5807308823385153,2.220446049250313e-16,freeform,freeform,6.0,6.0,121,121,False
F56,112,1.573141651811336,1.573141651811336,0.0,freeform,freeform,6.0,6.0,121,121,False
F56,113,1.6013559455528368,1.6014452041752705,8.925862243369664e-05,freeform,freeform,6.0,6.0,117,117,True
F56,114,1.6019809806719043,1.602070239294338,8.925862243369664e-05,freeform,freeform,6.0,6.0,117,117,True
F56,115,2.4480151863218724,2.4480151863218724,0.0,freeform,freeform,6.0,6.0,104,104,False
F56,116,2.134365902205368,2.1343659022053676,-4.440892098500626e-16,freeform,freeform,6.0,6.0,118,118,False
F56,117,2.141151608463866,2.141151608463866,0.0,freeform,freeform,6.0,6.0,120,120,False
F56,118,3.950690598533528,3.9506905985335283,4.440892098500626e-16,u,u,6.0,6.0,32,32,False
F56,119,3.9549644542138265,3.9549644542138265,0.0,u,u,6.0,6.0,32,32,False
F56,120,3.959535866730824,3.9595358667308242,4.440892098500626e-16,u,u,6.0,6.0,32,32,False
F56,121,3.965327568516559,3.9653275685165585,-4.440892098500626e-16,u,u,6.0,6.0,32,32,False
F56,122,1.410207110720081,1.4102071107200813,2.220446049250313e-16,freeform,freeform,6.0,6.0,104,104,False
F56,123,1.3858618144275312,1.3858618144275312,0.0,freeform,freeform,6.0,6.0,102,102,False
F56,124,1.3975285091894518,1.3975285091894518,0.0,freeform,freeform,6.0,6.0,102,102,False
F56,125,2.051968976698852,2.051968976698852,0.0,freeform,freeform,6.0,6.0,88,88,False
F56,126,4.150154906322657,4.150154906322657,0.0,u,u,6.0,6.0,60,60,False
F56,127,4.155440612581155,4.155440612581155,0.0,u,u,6.0,6.0,60,60,False
F56,128,4.221119214111785,4.221119214111785,0.0,u,u,6.0,6.0,66,66,False
F56,129,4.234500118329444,4.234500118329444,0.0,u,u,6.0,6.0,66,66,False
F56,130,2.023623955978373,2.023623955978373,0.0,freeform,freeform,6.0,6.0,112,112,False
F56,131,1.982642111131605,1.9843385587676705,0.0016964476360654679,freeform,freeform,6.0,6.0,98,98,True
F56,132,1.379058263551829,1.3791773031436612,0.00011903959183223733,freeform,freeform,6.0,6.0,117,117,True
F56,133,1.3676892099123696,1.3678082495042019,0.00011903959183223733,freeform,freeform,6.0,6.0,117,117,True
F56,134,2.554224542604188,2.554224542604188,0.0,freeform,freeform,6.0,6.0,119,119,False
F56,135,2.0494736477436133,2.0494736477436133,0.0,freeform,freeform,6.0,6.0,118,118,False
F56,136,4.24527991334647,4.24527991334647,0.0,u,u,6.0,6.0,70,70,False
F56,137,4.253464398023318,4.253464398023318,0.0,u,u,6.0,6.0,70,70,False
F56,138,4.258541777972297,4.258541777972297,0.0,u,u,6.0,6.0,70,70,False
F56,139,4.263738225608363,4.263738225608363,0.0,u,u,6.0,6.0,70,70,False
F56,140,4.309839419094759,4.309839419094759,0.0,u,u,6.0,6.0,70,70,False
F56,141,4.315988239655989,4.315988239655989,0.0,u,u,6.0,6.0,70,70,False
F56,142,4.384512081288661,4.384512081288661,0.0,u,u,6.0,6.0,80,80,False
F56,143,2.019056995124574,2.019056995124574,0.0,freeform,freeform,6.0,6.0,116,116,False
F56,144,2.0191463099375158,2.0191463099375153,-4.440892098500626e-16,freeform,freeform,6.0,6.0,116,116,False
F56,145,1.5956524401363064,1.5956524401363064,0.0,freeform,freeform,6.0,6.0,129,129,False
F56,146,3.2800014195530243,3.2800014195530243,0.0,freeform,freeform,6.0,6.0,123,123,False
F56,147,1.4388517289279503,1.4388517289279505,2.220446049250313e-16,freeform,freeform,6.0,6.0,88,88,False
F56,148,1.777415273785178,1.7765521875777002,-0.0008630862074778811,freeform,freeform,6.0,6.0,46,46,True
F56,149,1.7729808031559566,1.7720879640743343,-0.0008928390816222986,freeform,freeform,6.0,6.0,46,46,True
F56,150,1.181165462426622,1.1797666278177639,-0.001398834608858035,freeform,freeform,6.0,6.0,64,64,True
F56,151,4.494029983584605,4.494029983584605,0.0,u,u,6.0,6.0,101,101,False
F56,152,4.481309610030106,4.481309610030106,0.0,u,u,6.0,6.0,101,101,False
F56,153,4.493113190489295,4.493113190489295,0.0,u,u,6.0,6.0,101,101,False
F56,154,4.518696565965505,4.518696565965505,0.0,u,u,6.0,6.0,101,101,False
F56,155,4.348881219213882,4.348881219213882,0.0,u,u,6.0,6.0,93,93,False
F56,156,1.543107738502813,1.5431077385028127,-2.220446049250313e-16,freeform,freeform,6.0,6.0,110,110,False
F56,157,1.5428398783497497,1.5428398783497497,0.0,freeform,freeform,6.0,6.0,110,110,False
F56,158,1.7989898864112683,1.7989898864112683,0.0,freeform,freeform,6.0,6.0,62,62,False
F56,159,1.800120804676555,1.800120804676555,0.0,freeform,freeform,6.0,6.0,62,62,False
F56,160,1.042248663934843,1.042248663934843,0.0,freeform,freeform,6.0,6.0,20,20,False
F56,161,1.039450994717127,1.0394509947171273,2.220446049250313e-16,freeform,freeform,6.0,6.0,20,20,False
F56,162,1.3001083174545158,1.3001083174545158,0.0,freeform,freeform,6.0,6.0,39,39,False
F56,163,1.3488599908273438,1.3487111140756047,-0.00014887675173902437,freeform,freeform,6.0,6.0,52,52,True
F56,164,3.9960418903533137,3.9960418903533137,0.0,u,u,6.0,6.0,48,48,False
F56,165,1.3195606298963938,1.3195606298963938,0.0,freeform,freeform,6.0,6.0,38,38,False
F56,166,1.3132511101004776,1.3132511101004776,0.0,freeform,freeform,6.0,6.0,38,38,False
F56,167,4.079750160472326,4.079750160472326,0.0,u,u,6.0,6.0,48,48,False
F56,168,4.086077582564186,4.086077582564186,0.0,u,u,6.0,6.0,48,48,False
F56,169,4.09210733543833,4.09210733543833,0.0,u,u,6.0,6.0,48,48,False
F56,170,4.097750132377071,4.097750132377071,0.0,u,u,6.0,6.0,48,48,False
F56,171,4.102321544894069,4.102321544894069,0.0,u,u,6.0,6.0,48,48,False
F56,172,4.105732258176381,4.105732258176381,0.0,u,u,6.0,6.0,48,48,False
F56,173,4.10982751232605,4.10982751232605,0.0,u,u,6.0,6.0,48,48,False
F56,174,4.114071502751187,4.114071502751187,0.0,u,u,6.0,6.0,48,48,False
F56,175,4.119208444638964,4.119208444638964,0.0,u,u,6.0,6.0,48,48,False
F56,176,4.124910803516503,4.124910803516503,0.0,u,u,6.0,6.0,48,48,False
F56,177,4.536922850761481,4.536922850761481,0.0,u,u,6.0,6.0,116,116,False
F56,178,1.350061089395446,1.350061089395446,0.0,freeform,freeform,6.0,6.0,58,58,False
F56,179,1.9442174789518527,1.9459139265879184,0.00169644763606569,freeform,freeform,6.0,6.0,100,100,True
F56,180,3.2712894505126604,3.283313264050078,0.01202381353741755,freeform,freeform,6.0,6.0,115,117,True
F56,181,3.2712894505126604,3.283313264050078,0.01202381353741755,freeform,freeform,6.0,6.0,115,117,True
F56,182,3.9583036987886326,3.9583036987886326,0.0,u,u,6.0,6.0,33,33,False
F56,183,4.253756155999561,4.253756155999561,0.0,u,u,6.0,6.0,63,63,False
F56,184,4.252613274775057,4.252613274775057,0.0,u,u,6.0,6.0,63,63,False
F56,185,4.7217799976322326,4.7217799976322326,0.0,u,u,6.0,6.0,120,120,False
F56,186,4.726559708363495,4.74019068281929,0.013630974455795197,u,u,6.0,6.0,120,122,True
F56,187,4.4747382256083625,4.474946580013136,0.00020835440477373623,u,u,6.0,6.0,81,81,True
F56,188,4.481690626628782,4.481660873754638,-2.975287414397343e-05,u,u,6.0,6.0,81,81,True
F56,189,4.488196594060764,4.4888811349281195,0.0006845408673550324,u,u,6.0,6.0,81,81,True
F56,190,2.557542669061427,2.557542669061427,0.0,freeform,freeform,6.0,6.0,134,134,False
F56,191,4.250649023176437,4.262077610659439,0.01142858748300224,u,u,6.0,6.0,54,56,True
F56,192,4.247137116407728,4.258565703890731,0.011428587483003128,u,u,6.0,6.0,53,55,True
F56,193,4.249744249230853,4.261172836713855,0.01142858748300224,u,u,6.0,6.0,53,55,True
F56,194,4.459363260727431,4.470791848210433,0.011428587483001351,u,u,6.0,6.0,78,80,True
F56,195,4.466494207087972,4.477922794570974,0.01142858748300224,u,u,6.0,6.0,78,80,True
F56,196,4.492434701339683,4.503863288822685,0.01142858748300224,u,u,6.0,6.0,80,82,True
F56,197,4.40325018856758,4.414678776050582,0.01142858748300224,u,u,6.0,6.0,77,79,True
F56,198,4.408387102360101,4.408387102360101,0.0,u,u,6.0,6.0,78,78,False
F56,199,2.0727412821332605,2.0727412821332605,0.0,freeform,freeform,6.0,6.0,125,125,False
F56,200,2.071997235517615,2.071997235517615,0.0,freeform,freeform,6.0,6.0,125,125,False
F56,201,4.335583493805658,4.335791820115179,0.00020832630952050124,u,u,6.0,6.0,98,98,True
F56,202,4.215821601084577,4.215613246679803,-0.00020835440477373623,u,u,6.0,6.0,73,73,True
F56,203,4.110363288822684,4.110363288822684,0.0,u,u,6.0,6.0,60,60,False
F56,204,4.118327568516559,4.118327568516559,0.0,u,u,6.0,6.0,60,60,False
F56,205,4.123970421645808,4.123970421645808,0.0,u,u,6.0,6.0,60,60,False
F56,206,2.5287606528138027,2.5287606528138027,0.0,freeform,freeform,6.0,6.0,126,126,False
F56,207,1.9864562738770288,1.9864562738770288,0.0,freeform,freeform,6.0,6.0,118,118,False
F56,208,4.001803754979141,4.001803754979141,0.0,u,u,6.0,6.0,39,39,False
F56,209,3.996131120880493,3.996131120880493,0.0,u,u,6.0,6.0,37,37,False
F56,210,1.4998892590105342,1.4998892590105342,0.0,freeform,freeform,6.0,6.0,115,115,False
F56,211,1.5644741814309335,1.5644741814309335,0.0,freeform,freeform,6.0,6.0,118,118,False
F56,212,1.5621825920262156,1.5621825920262156,0.0,freeform,freeform,6.0,6.0,118,118,False
F56,213,1.5624802331486771,1.5624802331486771,0.0,freeform,freeform,6.0,6.0,118,118,False
F56,214,1.5646825639309614,1.5646825639309614,0.0,freeform,freeform,6.0,6.0,118,118,False
F56,215,1.5647420415839963,1.5647420415839963,0.0,freeform,freeform,6.0,6.0,118,118,False
F56,216,1.9879313181937472,1.9987646515270807,0.010833333333333472,freeform,freeform,6.0,6.0,97,99,True
F56,217,1.986145527649486,1.9969788609828194,0.010833333333333472,freeform,freeform,6.0,6.0,97,99,True
F56,218,2.00882415727537,2.019657490608703,0.01083333333333325,freeform,freeform,6.0,6.0,99,101,True
F56,219,2.023199122156302,2.034032455489635,0.01083333333333325,freeform,freeform,6.0,6.0,101,103,True
F56,220,3.994184715387309,3.9940656477002228,-0.00011906768708636051,u,u,6.0,6.0,48,48,True
F56,221,3.999678747955328,3.9996787479553277,-4.440892098500626e-16,u,u,6.0,6.0,48,48,False
F56,222,1.5072948042818222,1.5072948042818222,0.0,freeform,freeform,6.0,6.0,113,113,False
F56,223,1.5305090699280697,1.5305090699280695,-2.220446049250313e-16,freeform,freeform,6.0,6.0,115,115,False
F56,224,1.5209852844859062,1.5209852844859062,0.0,freeform,freeform,6.0,6.0,115,115,False
F56,225,1.5176923504859885,1.517781609108422,8.92586224334746e-05,freeform,freeform,6.0,6.0,115,115,True
F56,226,2.1264263203619467,2.1264263203619467,0.0,freeform,freeform,6.0,6.0,122,122,False
F56,227,2.136158488304138,2.136158488304138,0.0,freeform,freeform,6.0,6.0,122,122,False
F56,228,2.1132120547156994,2.1132120547156994,0.0,freeform,freeform,6.0,6.0,120,120,False
F56,229,4.218458514877099,4.218666841186619,0.00020832630951961306,u,u,6.0,6.0,92,92,True
F56,230,0.9572665435320014,0.9572665435320014,0.0,freeform,freeform,6.0,6.0,0,0,False
F56,231,0.9572665435320016,0.9572665435320015,-1.1102230246251565e-16,freeform,freeform,6.0,6.0,0,0,False
F56,232,1.039540281434815,1.039540281434815,0.0,freeform,freeform,6.0,6.0,20,20,False
F56,233,1.0135046986284977,1.0135046986284977,0.0,freeform,freeform,6.0,6.0,14,14,False
F56,234,1.0132368103801803,1.0132368103801805,2.220446049250313e-16,freeform,freeform,6.0,6.0,14,14,False
F56,235,1.0113618174039942,1.0113618174039942,0.0,freeform,freeform,6.0,6.0,14,14,False
F56,236,1.011034423407388,1.011034423407388,0.0,freeform,freeform,6.0,6.0,14,14,False
F56,237,1.0108558499720126,1.0108558499720126,0.0,freeform,freeform,6.0,6.0,14,14,False
F56,238,1.0090403627441151,1.0090403627441153,2.220446049250313e-16,freeform,freeform,6.0,6.0,14,14,False
F56,239,1.0090403627441151,1.0090403627441153,2.220446049250313e-16,freeform,freeform,6.0,6.0,14,14,False
F56,240,1.010647523662493,1.010647523662493,0.0,freeform,freeform,6.0,6.0,14,14,False
F56,241,2.6383772113434496,2.6383772113434496,0.0,freeform,freeform,6.0,6.0,124,124,False
F56,242,2.625043849914862,2.625043849914862,0.0,freeform,freeform,6.0,6.0,122,122,False
F56,243,2.6021866749488574,2.6021866749488574,0.0,freeform,freeform,6.0,6.0,120,120,False
F56,244,2.6124843160713187,2.6124843160713187,0.0,freeform,freeform,6.0,6.0,120,120,False
F56,245,1.3308891409473107,1.3308891409473107,0.0,freeform,freeform,6.0,6.0,52,52,False
F56,246,3.3278089425115223,3.3278089425115223,0.0,freeform,freeform,6.0,6.0,128,128,False
F56,247,3.3216779118652187,3.3202790772563606,-0.001398834608858035,freeform,freeform,6.0,6.0,128,128,True
F56,248,1.4169535856518118,1.4170428442742453,8.92586224334746e-05,freeform,freeform,6.0,6.0,77,77,True
F56,249,4.4939287339077,4.49508946123764,0.0011607273299398813,u,u,6.0,6.0,81,81,True
F56,250,4.200660873754638,4.200601339911095,-5.953384354295821e-05,u,u,6.0,6.0,73,73,True
F56,251,4.31743461705392,4.3174346170539195,-8.881784197001252e-16,u,u,6.0,6.0,69,69,False
F56,252,4.323613190489295,4.3236131904892945,-8.881784197001252e-16,u,u,6.0,6.0,69,69,False
F56,253,4.332113190489295,4.332113190489295,0.0,u,u,6.0,6.0,69,69,False
F56,254,4.345910859707011,4.345910859707011,0.0,u,u,6.0,6.0,69,69,False
F56,255,1.4014125554689634,1.4014125554689634,0.0,freeform,freeform,6.0,6.0,63,63,False
