route_id,port1,port2,index1,index2,geometry,alpha_deg,t0_fraction,sx_mm,sy_mm,lx_mm,ly_mm,track_y_mm,radius_mm,dx_mm,straight_length_mm,arc_length_mm,total_length_mm,bend_count,bend_total_deg,crossing_count,min_crossing_angle_deg,straight_loss_db,bend_loss_db,crossing_loss_db,total_loss_db,geometry_valid,geometry_issue_kinds
0,8,1,28,58,freeform,-5.0,1.0,132.1,150.0,121.1,0.0,0.0,5.0,11.0,149.6070515138234,0.8726646259971644,150.47971613982057,2,10.0,94,10.000000000000004,0.7480352575691169,0.2647303307467021,0.3705653046087455,1.3833308929245645,True,
1,8,1,28,58,freeform,-5.0,1.0,132.275,150.0,121.275,0.0,0.0,5.0,11.0,149.6070515138234,0.8726646259971644,150.47971613982057,2,10.0,94,10.000000000000004,0.7480352575691169,0.2647303307467021,0.38589267051009746,1.3986582588259164,True,
2,9,1,30,58,freeform,-10.0,1.0,141.1,150.0,121.45,0.0,0.0,5.0,19.64999999999999,149.96937896776592,1.7453292519943298,151.71470821976024,2,20.0,82,4.999999999999997,0.7498468948388296,0.5294606614934044,0.36815464751694144,1.6474622038491755,True,
3,9,1,30,58,freeform,-10.0,1.0,141.275,150.0,121.625,0.0,0.0,5.0,19.650000000000006,149.96937896776592,1.7453292519943298,151.71470821976024,2,20.0,82,4.999999999999999,0.7498468948388296,0.5294606614934044,0.37523802299315595,1.65454557932539,True,
4,1,26,58,4,freeform,45.0,0.5,119.875,0.0,23.75,150.0,0.0,5.0,96.125,181.53200743565185,7.853981633974483,189.38598906962633,2,90.0,245,9.022938941133376,0.9076600371782593,2.38257297672032,0.991429598912154,4.281662612810733,True,
5,1,26,58,4,freeform,45.0,0.5,120.05,0.0,23.925,150.0,0.0,5.0,96.125,181.53200743565185,7.853981633974483,189.38598906962633,2,90.0,245,9.999999999999991,0.9076600371782593,2.38257297672032,1.0060427834530214,4.2962757973516,True,
6,1,26,58,4,freeform,45.0,0.5,120.225,0.0,24.1,150.0,0.0,5.0,96.125,181.53200743565185,7.853981633974483,189.38598906962633,2,90.0,245,9.999999999999982,0.9076600371782593,2.38257297672032,0.9949713428407695,4.2852043567393485,True,
7,1,26,58,4,freeform,45.0,0.5,120.4,0.0,24.275,150.0,0.0,5.0,96.125,181.53200743565185,7.853981633974483,189.38598906962633,2,90.0,245,10.000000000000014,0.9076600371782593,2.38257297672032,0.976578335187622,4.2668113490862005,True,
8,1,26,58,4,freeform,45.0,0.5,120.575,0.0,24.45,150.0,0.0,5.0,96.125,181.53200743565185,7.853981633974483,189.38598906962633,2,90.0,245,10.000000000000005,0.9076600371782593,2.38257297672032,0.968810475034559,4.259043488933138,True,
9,1,54,58,34,u,0.0,0.5,119.7,0.0,13.275,0.0,26.875,5.0,106.425,140.175,15.707963267948966,155.88296326794898,2,180.0,248,20.0,0.700875,4.76514595344064,0.6106252879763555,6.076646241416995,True,
10,1,58,58,40,u,0.0,0.5,119.175,0.0,39.4,0.0,26.35,5.0,79.775,112.475,15.707963267948966,128.18296326794896,2,180.0,222,10.0,0.562375,4.76514595344064,0.4857144061225169,5.813235359563157,True,
11,1,58,58,40,u,0.0,0.5,119.35,0.0,39.225,0.0,26.525,5.0,80.125,113.17500000000001,15.707963267948966,128.88296326794898,2,180.0,222,10.0,0.565875,4.76514595344064,0.4887203173639901,5.81974127080463,True,
12,1,58,58,40,u,0.0,0.5,119.525,0.0,39.05,0.0,26.7,5.0,80.47500000000001,113.87500000000001,15.707963267948966,129.58296326794897,2,180.0,222,10.0,0.5693750000000001,4.76514595344064,0.4973513480102932,5.831872301450933,True,
13,2,11,20,52,freeform,-5.0,0.5,96.1,150.0,93.225,0.0,0.0,5.0,2.875,149.25230635269173,0.8726646259971644,150.1249709786889,2,10.0,213,19.999999999999996,0.7462615317634587,0.2647303307467021,0.6366667790476844,1.6476586415578454,True,
14,2,11,20,52,freeform,-5.0,0.5,96.275,150.0,93.4,0.0,0.0,5.0,2.875,149.25230635269173,0.8726646259971644,150.1249709786889,2,10.0,213,19.999999999999996,0.7462615317634587,0.2647303307467021,0.6368155434184068,1.6478074059285677,True,
15,2,11,20,52,freeform,-5.0,0.5,96.45,150.0,93.575,0.0,0.0,5.0,2.875,149.25230635269173,0.8726646259971644,150.1249709786889,2,10.0,213,19.999999999999996,0.7462615317634587,0.2647303307467021,0.6369346111054931,1.6479264736156538,True,
16,2,11,20,52,freeform,-5.0,0.5,96.625,150.0,93.75,0.0,0.0,5.0,2.875,149.25230635269173,0.8726646259971644,150.1249709786889,2,10.0,213,19.999999999999996,0.7462615317634587,0.2647303307467021,0.6370536787925795,1.6480455413027402,True,
17,2,56,20,36,freeform,-30.0,0.0,94.875,150.0,20.525,0.0,0.0,5.0,74.35,164.56303860863153,5.235987755982988,169.79902636461452,2,59.99999999999999,250,9.999999999999991,0.8228151930431576,1.588381984480213,0.8566974590652175,3.267894636588588,True,
18,2,56,20,36,freeform,-30.0,0.0,95.05,150.0,20.7,0.0,0.0,5.0,74.35,164.56303860863153,5.235987755982988,169.79902636461452,2,59.99999999999999,248,9.999999999999991,0.8228151930431576,1.588381984480213,0.8134235471944108,3.2246207247177816,True,
19,2,56,20,36,freeform,-30.0,0.0,95.225,150.0,20.875,0.0,0.0,5.0,74.35,164.56303860863153,5.235987755982988,169.79902636461452,2,59.99999999999999,246,9.999999999999991,0.8228151930431576,1.588381984480213,0.7876199667352219,3.1988171442585926,True,
20,6,8,62,28,freeform,5.0,0.5,139.1,0.0,132.45,150.0,0.0,5.0,6.650000000000006,149.41712641217134,0.8726646259971642,150.28979103816852,2,10.0,54,9.99999999999997,0.7470856320608568,0.26473033074670205,0.22613111493206572,1.2379470777396246,True,
21,6,8,62,28,freeform,5.0,0.5,139.275,0.0,132.625,150.0,0.0,5.0,6.650000000000006,149.41712641217134,0.8726646259971642,150.28979103816852,2,10.0,54,9.99999999999997,0.7470856320608568,0.26473033074670205,0.2262501545238979,1.2380661173314569,True,
22,9,6,30,62,freeform,-5.0,0.5,141.45,150.0,139.45,0.0,0.0,5.0,2.0,149.2141030276468,0.8726646259971644,150.08676765364396,2,10.0,28,4.999999999999996,0.746070515138234,0.2647303307467021,0.12005956193879733,1.1308604078237334,True,
23,9,6,30,62,freeform,-5.0,0.5,141.625,150.0,139.625,0.0,0.0,5.0,2.0,149.2141030276468,0.8726646259971644,150.08676765364396,2,10.0,28,4.999999999999996,0.746070515138234,0.2647303307467021,0.11836314239798616,1.129163988282922,True,
24,6,10,62,18,freeform,20.0,0.0,138.4,0.0,86.4,150.0,0.0,5.0,52.0,155.64246338267088,3.490658503988659,159.13312188665955,2,40.0,212,5.940738295878004,0.7782123169133545,1.0589213229868089,1.0289893575177311,2.8661229974178943,True,
25,6,10,62,18,freeform,20.0,0.0,138.575,0.0,86.575,150.0,0.0,5.0,51.999999999999986,155.64246338267085,3.490658503988659,159.13312188665952,2,40.0,210,9.999999999999995,0.7782123169133542,1.0589213229868089,0.9799416180618804,2.8170752579620437,True,
26,6,10,62,18,freeform,20.0,0.0,138.75,0.0,86.75,150.0,0.0,5.0,52.0,155.64246338267088,3.490658503988659,159.13312188665955,2,40.0,208,9.999999999999996,0.7782123169133545,1.0589213229868089,0.9668166391333208,2.803950279033484,True,
27,6,10,62,18,freeform,20.0,0.0,138.925,0.0,86.925,150.0,0.0,5.0,52.000000000000014,155.64246338267088,3.490658503988659,159.13312188665955,2,40.0,208,10.000000000000002,0.7782123169133545,1.0589213229868089,0.9064886832316312,2.7436223231317944,True,
28,6,11,62,52,u,0.0,0.5,137.35,0.0,94.45,0.0,31.25,5.0,42.89999999999999,85.39999999999999,15.707963267948966,101.10796326794896,2,180.0,157,4.999999999999996,0.427,4.76514595344064,0.4368752739287277,5.629021227369367,True,
29,6,11,62,52,u,0.0,0.5,137.175,0.0,94.625,0.0,17.25,5.0,42.55000000000001,57.05000000000001,15.707963267948966,72.75796326794898,2,180.0,153,19.999999999999996,0.28525000000000006,4.76514595344064,0.3212797388265172,5.371675692267157,True,
30,6,11,62,52,u,0.0,0.5,137.525,0.0,94.275,0.0,31.425,5.0,43.25,86.1,15.707963267948966,101.80796326794896,2,180.0,157,12.881290840065423,0.4305,4.76514595344064,0.42410738568041084,5.619753339121051,True,
31,6,29,62,2,freeform,45.0,1.0,138.225,0.0,15.45,150.0,0.0,5.0,122.77499999999999,192.57079887289484,7.853981633974483,200.42478050686933,2,90.0,293,14.999999999999998,0.9628539943644743,2.38257297672032,1.2362813964465136,4.5817083675313075,True,
32,6,41,62,50,u,0.0,0.5,137.0,0.0,85.45,0.0,15.325,5.0,51.55,62.2,15.707963267948966,77.90796326794897,2,180.0,179,7.235206769313383,0.311,4.76514595344064,0.3951786296258834,5.471324583066523,True,
33,6,51,62,48,u,0.0,0.5,137.7,0.0,76.45,0.0,31.6,5.0,61.249999999999986,104.44999999999999,15.707963267948966,120.15796326794896,2,180.0,195,15.2036040932937,0.52225,4.76514595344064,0.5098514884865648,5.797247441927205,True,
34,6,53,62,32,u,0.0,0.5,138.05,0.0,4.1,0.0,31.95,5.0,133.95000000000002,177.85,15.707963267948966,193.55796326794896,2,180.0,293,15.20360409329228,0.88925,4.76514595344064,0.7915184361057742,6.445914389546414,True,
35,6,58,62,40,u,0.0,0.5,137.875,0.0,38.875,0.0,31.775,5.0,99.0,142.55,15.707963267948966,158.25796326794898,2,180.0,251,10.0,0.7127500000000001,4.76514595344064,0.6448515165818202,6.12274747002246,True,
36,8,12,28,21,u,0.0,0.5,130.0,150.0,101.125,150.0,144.825,5.0,28.875,19.225000000000023,15.707963267948966,34.93296326794899,2,180.0,96,43.94551956230842,0.09612500000000011,4.76514595344064,0.19428570625849897,5.055556659699138,True,
37,8,12,28,21,u,0.0,0.5,130.7,150.0,100.6,150.0,141.325,5.0,30.099999999999994,27.450000000000017,15.707963267948966,43.157963267948986,2,180.0,97,21.565185015242644,0.1372500000000001,4.76514595344064,0.1873214827551331,5.089717436195773,True,
38,8,12,28,21,u,0.0,0.5,130.525,150.0,100.775,150.0,141.5,5.0,29.75,26.75,15.707963267948966,42.45796326794897,2,180.0,97,15.203604093293423,0.13375,4.76514595344064,0.1984822100850726,5.097378163525712,True,
39,8,12,28,21,u,0.0,0.5,130.175,150.0,100.95,150.0,141.675,5.0,29.22500000000001,25.874999999999986,15.707963267948966,41.582963267948955,2,180.0,96,46.76439285101774,0.12937499999999993,4.76514595344064,0.190476214557837,5.084997167998476,True,
40,8,16,28,14,u,0.0,0.5,131.05,150.0,69.1,150.0,117.35,5.0,61.95000000000002,107.25000000000003,15.707963267948966,122.957963267949,2,180.0,197,4.4239757051625235,0.5362500000000001,4.76514595344064,0.5371729712416978,5.838568924682337,True,
41,8,16,28,14,u,0.0,0.5,131.225,150.0,68.925,150.0,117.175,5.0,62.3,107.95,15.707963267948966,123.65796326794897,2,180.0,201,4.423975705161132,0.5397500000000001,4.76514595344064,0.560149073418518,5.865045026859158,True,
42,8,16,28,14,u,0.0,0.5,130.35,150.0,69.625,150.0,117.875,5.0,60.724999999999994,104.975,15.707963267948966,120.68296326794896,2,180.0,196,15.203604093292912,0.524875,4.76514595344064,0.5360419967859031,5.826062950226543,True,
43,8,17,28,16,u,0.0,0.5,130.875,150.0,78.275,150.0,117.525,5.0,52.599999999999994,97.54999999999998,15.707963267948966,113.25796326794895,2,180.0,167,4.423975705159509,0.4877499999999999,4.76514595344064,0.42946456064641503,5.682360514087055,True,
44,8,53,28,32,freeform,-45.0,1.0,131.4,150.0,3.925,0.0,0.0,5.0,127.47500000000001,194.5176026160484,7.853981633974483,202.3715842500229,2,90.0,303,14.235683542701441,0.972588013080242,2.38257297672032,1.4171445107492446,4.772305500549807,True,
45,8,56,28,36,freeform,-45.0,0.5,131.575,150.0,22.275,0.0,0.0,5.0,109.29999999999998,186.9892711199174,7.853981633974483,194.84325275389187,2,90.0,270,11.666023423142294,0.9349463555995869,2.38257297672032,1.1651799781980847,4.482699310517991,True,
46,8,56,28,36,freeform,-45.0,0.5,131.75,150.0,22.45,0.0,0.0,5.0,109.3,186.98927111991736,7.853981633974483,194.84325275389185,2,90.0,268,15.000000000000005,0.9349463555995868,2.38257297672032,1.1495845835721454,4.467103915892052,True,
47,8,56,28,36,freeform,-45.0,0.5,131.925,150.0,22.625,0.0,0.0,5.0,109.30000000000001,186.9892711199174,7.853981633974483,194.84325275389187,2,90.0,268,11.666023423142295,0.9349463555995869,2.38257297672032,1.1342274928919036,4.45174682521181,True,
48,9,13,30,22,u,0.0,0.5,139.35,150.0,105.275,150.0,143.425,5.0,34.07499999999999,27.224999999999966,15.707963267948966,42.932963267948935,2,180.0,116,15.203604093292396,0.13612499999999983,4.76514595344064,0.25803577649663434,5.159306729937274,True,
49,9,13,30,22,u,0.0,0.5,139.525,150.0,105.1,150.0,143.25,5.0,34.42500000000001,27.92500000000001,15.707963267948966,43.63296326794898,2,180.0,116,21.565185015242644,0.13962500000000005,4.76514595344064,0.23553577649663432,5.140306729937274,True,
50,9,13,30,22,u,0.0,0.5,139.0,150.0,105.625,150.0,115.25,5.0,33.375,82.875,15.707963267948966,98.58296326794897,2,180.0,120,20.0,0.414375,4.76514595344064,0.31157746423474103,5.4910984176753805,True,
51,9,13,30,22,u,0.0,0.5,139.175,150.0,105.45,150.0,115.075,5.0,33.72500000000001,83.575,15.707963267948966,99.28296326794897,2,180.0,120,15.203604093292396,0.417875,4.76514595344064,0.34029766921771526,5.523318622658355,True,
52,9,17,30,16,u,0.0,0.5,139.7,150.0,78.1,150.0,114.9,5.0,61.599999999999994,111.79999999999998,15.707963267948966,127.50796326794895,2,180.0,177,29.999999999999993,0.5589999999999999,4.76514595344064,0.46696442017014456,5.791110373610785,True,
53,9,19,30,12,u,0.0,0.5,139.875,150.0,60.275,150.0,114.725,5.0,79.6,130.15,15.707963267948966,145.85796326794897,2,180.0,213,9.999999999999995,0.65075,4.76514595344064,0.5368157681804399,5.95271172162108,True,
54,9,19,30,12,u,0.0,0.5,140.05,150.0,60.1,150.0,114.55,5.0,79.95000000000002,130.85000000000002,15.707963267948966,146.557963267949,2,180.0,213,9.999999999999995,0.6542500000000001,4.76514595344064,0.5338692784014931,5.953265231842133,True,
55,9,19,30,12,u,0.0,0.5,140.225,150.0,59.925,150.0,114.375,5.0,80.3,131.55,15.707963267948966,147.25796326794898,2,180.0,213,9.999999999999995,0.6577500000000001,4.76514595344064,0.5354168211905653,5.958312774631205,True,
56,9,39,30,56,freeform,-20.0,0.5,140.575,150.0,112.275,0.0,0.0,5.0,28.299999999999983,151.46351393988024,3.490658503988659,154.9541724438689,2,40.0,102,9.999999999999977,0.7573175696994012,1.0589213229868089,0.39116075542519324,2.2073996481114033,True,
57,9,39,30,56,freeform,-20.0,0.5,140.75,150.0,112.45,0.0,0.0,5.0,28.299999999999997,151.46351393988027,3.490658503988659,154.95417244386894,2,40.0,102,9.999999999999977,0.7573175696994013,1.0589213229868089,0.39479172988098815,2.2110306225671983,True,
58,9,39,30,56,freeform,-20.0,0.5,140.925,150.0,112.625,0.0,0.0,5.0,28.30000000000001,151.46351393988027,3.490658503988659,154.95417244386894,2,40.0,102,9.999999999999977,0.7573175696994013,1.0589213229868089,0.391012019149725,2.207250911835935,True,
59,9,51,30,48,freeform,-30.0,0.5,140.4,150.0,76.275,0.0,0.0,5.0,64.125,161.82325811602328,5.23598775598299,167.05924587200627,2,59.99999999999999,207,15.203604093293423,0.8091162905801165,1.5883819844802134,0.6381851870582024,3.035683462118532,True,
60,12,10,21,18,u,0.0,0.5,98.675,150.0,87.45,150.0,144.65,5.0,11.224999999999994,1.924999999999983,15.707963267948966,17.63296326794895,2,180.0,32,53.8429917990011,0.009624999999999915,4.76514595344064,0.06630949170066194,4.841080445141301,True,
61,12,10,21,18,u,0.0,0.5,98.5,150.0,87.625,150.0,144.825,5.0,10.875,1.2250000000000227,15.707963267948966,16.93296326794899,2,180.0,32,51.31781254651063,0.006125000000000114,4.76514595344064,0.0681547318027039,4.839425685243343,True,
62,13,10,22,18,u,0.0,0.5,103.175,150.0,87.1,150.0,143.25,5.0,16.075000000000003,9.575000000000003,15.707963267948966,25.28296326794897,2,180.0,50,11.77383442236599,0.047875000000000015,4.76514595344064,0.12098226627558066,4.934003219716221,True,
63,13,10,22,18,u,0.0,0.5,103.0,150.0,87.275,150.0,143.425,5.0,15.724999999999994,8.874999999999972,15.707963267948966,24.582963267948937,2,180.0,48,19.11293778373391,0.04437499999999986,4.76514595344064,0.10999999999999993,4.91952095344064,True,
64,10,19,18,12,u,0.0,0.5,85.175,150.0,60.45,150.0,143.25,5.0,24.724999999999994,18.224999999999994,15.707963267948966,33.93296326794896,2,180.0,82,15.203604093292752,0.09112499999999997,4.76514595344064,0.2047023869727927,5.060973340413432,True,
65,10,19,18,12,u,0.0,0.5,85.0,150.0,60.625,150.0,133.1,5.0,24.375,38.17500000000001,15.707963267948966,53.88296326794898,2,180.0,90,11.72704242610348,0.19087500000000007,4.76514595344064,0.25562506321432193,5.211646016654962,True,
66,10,24,18,8,u,0.0,0.5,85.35,150.0,42.625,150.0,132.925,5.0,42.724999999999994,56.87499999999997,15.707963267948966,72.58296326794894,2,180.0,144,10.0,0.2843749999999999,4.76514595344064,0.3067856781632446,5.356306631603884,True,
67,33,10,60,18,freeform,20.0,1.0,130.275,0.0,86.225,150.0,0.0,5.0,44.05000000000001,154.2406638860386,3.490658503988659,157.73132239002726,2,40.0,198,9.999999999999995,0.7712033194301929,1.0589213229868089,0.8560125810548107,2.6861372234718126,True,
68,10,51,18,48,freeform,-10.0,0.5,85.875,150.0,75.75,0.0,0.0,5.0,10.125,149.1360494476815,1.7453292519943298,150.88137869967582,2,20.0,227,9.999999999999993,0.7456802472384075,0.5294606614934044,0.622500505714575,1.8976414144463871,True,
69,10,51,18,48,freeform,-10.0,0.5,86.05,150.0,75.925,0.0,0.0,5.0,10.125,149.1360494476815,1.7453292519943298,150.88137869967582,2,20.0,227,9.999999999999993,0.7456802472384075,0.5294606614934044,0.6210719182315727,1.8962128269633847,True,
70,10,53,18,32,freeform,-30.0,1.0,85.525,150.0,3.225,0.0,0.0,5.0,82.30000000000001,166.69323468845894,5.235987755982988,171.92922244444193,2,59.99999999999999,242,9.999999999999991,0.8334661734422948,1.588381984480213,0.7550304833507547,3.1768786412732624,True,
71,10,58,18,40,freeform,-20.0,1.0,85.7,150.0,38.525,0.0,0.0,5.0,47.175000000000004,154.79168570075254,3.4906585039886586,158.2823442047412,2,40.0,265,9.999999999999993,0.7739584285037627,1.0589213229868086,1.0247031174494037,2.857582868939975,True,
72,13,11,22,52,freeform,-5.0,0.0,104.05,150.0,93.925,0.0,0.0,5.0,10.125,149.56884818877842,0.8726646259971644,150.4415128147756,2,10.0,205,5.000000000000003,0.7478442409438921,0.2647303307467021,0.64666669476192,1.6592412664525142,True,
73,13,11,22,52,freeform,-5.0,0.0,104.225,150.0,94.1,0.0,0.0,5.0,10.125,149.56884818877842,0.8726646259971644,150.4415128147756,2,10.0,205,5.000000000000003,0.7478442409438921,0.2647303307467021,0.6471428812245027,1.659717452915097,True,
74,11,26,52,4,freeform,30.0,0.0,93.05,0.0,23.575,150.0,0.0,5.0,69.475,163.2567862955298,5.235987755982988,168.49277405151278,2,59.99999999999999,249,9.999999999999993,0.816283931477649,1.588381984480213,0.9160126653405719,3.320678581298434,True,
75,11,48,52,44,u,0.0,0.5,92.175,0.0,58.275,0.0,17.95,5.0,33.9,49.8,15.707963267948966,65.50796326794897,2,180.0,117,29.999999999999993,0.249,4.76514595344064,0.2394048582313476,5.253550811671987,True,
76,11,51,52,48,u,0.0,0.5,92.0,0.0,76.625,0.0,5.0,5.0,15.375,5.375,15.707963267948966,21.082963267948966,2,180.0,48,46.76439285101783,0.026875,4.76514595344064,0.11244049425171104,4.904461447692351,True,
77,33,12,60,21,freeform,20.0,0.5,130.45,0.0,100.425,150.0,0.0,5.0,30.02499999999999,151.76767798160233,3.490658503988659,155.258336485591,2,40.0,159,9.999999999999995,0.7588383899080117,1.0589213229868089,0.5867859310205318,2.4045456439153523,True,
78,12,48,21,44,freeform,-20.0,0.0,99.9,150.0,57.575,0.0,0.0,5.0,42.325,153.93649984431647,3.4906585039886586,157.42715834830514,2,40.0,247,9.999999999999993,0.7696824992215824,1.0589213229868086,0.8508335580953688,2.6794373803037597,True,
79,12,48,21,44,freeform,-20.0,0.0,100.075,150.0,57.75,0.0,0.0,5.0,42.325,153.93649984431647,3.4906585039886586,157.42715834830514,2,40.0,247,8.255835309325162,0.7696824992215824,1.0589213229868086,0.8618455491498396,2.6904493713582305,True,
80,12,48,21,44,freeform,-20.0,0.0,100.25,150.0,57.925,0.0,0.0,5.0,42.325,153.93649984431647,3.4906585039886586,157.42715834830514,2,40.0,245,9.999999999999993,0.7696824992215824,1.0589213229868086,0.8402979220750052,2.668901744283396,True,
81,12,53,21,32,freeform,-45.0,0.5,98.85,150.0,3.4,0.0,0.0,5.0,95.44999999999999,181.25241328105,7.853981633974483,189.10639491502448,2,90.0,278,15.000000000000005,0.90626206640525,2.38257297672032,1.292798933504155,4.581633976629725,True,
82,12,56,21,36,freeform,-30.0,0.0,99.025,150.0,21.75,0.0,0.0,5.0,77.275,165.34678999649256,5.235987755982988,170.58277775247555,2,59.99999999999999,251,9.999999999999995,0.8267339499824629,1.588381984480213,0.886399733656993,3.3015156681196687,True,
83,12,56,21,36,freeform,-30.0,0.0,99.2,150.0,21.925,0.0,0.0,5.0,77.275,165.34678999649256,5.235987755982988,170.58277775247555,2,59.99999999999999,251,9.999999999999995,0.8267339499824629,1.588381984480213,0.8815188294393332,3.2966347639020093,True,
84,12,56,21,36,freeform,-30.0,0.0,99.375,150.0,22.1,0.0,0.0,5.0,77.275,165.34678999649256,5.235987755982988,170.58277775247555,2,59.99999999999999,251,9.999999999999995,0.8267339499824629,1.588381984480213,0.8987807221604148,3.3138966566230907,True,
85,1,13,58,22,freeform,10.0,0.5,120.925,0.0,104.925,150.0,0.0,5.0,16.0,149.6500453458963,1.7453292519943298,151.39537459789062,2,20.0,158,9.999999999999995,0.7482502267294815,0.5294606614934044,0.47767862962588353,1.7553895178487693,True,
86,39,13,56,22,freeform,5.0,0.5,111.75,0.0,104.4,150.0,0.0,5.0,7.349999999999994,149.4476890722073,0.8726646259971642,150.32035369820449,2,10.0,172,10.000000000000002,0.7472384453610366,0.26473033074670205,0.7247324488947327,1.7367012250024711,True,
87,39,13,56,22,freeform,5.0,0.5,111.925,0.0,104.575,150.0,0.0,5.0,7.349999999999994,149.4476890722073,0.8726646259971642,150.32035369820449,2,10.0,172,10.000000000000002,0.7472384453610366,0.26473033074670205,0.7216670038097163,1.7336357799174547,True,
88,39,13,56,22,freeform,5.0,0.5,112.1,0.0,104.75,150.0,0.0,5.0,7.349999999999994,149.4476890722073,0.8726646259971642,150.32035369820449,2,10.0,172,10.000000000000002,0.7472384453610366,0.26473033074670205,0.7209527381634693,1.7329215142712078,True,
89,13,48,22,44,freeform,-20.0,0.0,103.7,150.0,58.1,0.0,0.0,5.0,45.6,154.5139707061367,3.4906585039886586,158.00462921012536,2,40.0,248,9.999999999999993,0.7725698535306834,1.0589213229868086,0.9011911544901856,2.7326823310076778,True,
90,13,51,22,48,freeform,-20.0,0.5,103.875,150.0,76.1,0.0,0.0,5.0,27.775000000000006,151.3709422750083,3.490658503988659,154.86160077899697,2,40.0,225,5.000000000000003,0.7568547113750416,1.0589213229868089,0.718303720935461,2.534079755297311,True,
91,13,53,22,32,freeform,-45.0,1.0,103.35,150.0,3.575,0.0,0.0,5.0,99.77499999999999,183.04388693831365,7.853981633974483,190.89786857228813,2,90.0,295,5.000000000000003,0.9152194346915683,2.38257297672032,1.1455367879257865,4.443329199337675,True,
92,13,57,22,38,freeform,-30.0,0.0,103.525,150.0,30.225,0.0,0.0,5.0,73.30000000000001,164.28169195657884,5.235987755982987,169.51767971256183,2,59.99999999999999,254,9.999999999999991,0.8214084597828942,1.5883819844802127,0.9747630165312506,3.3845534607943577,True,
93,14,16,26,14,u,0.0,0.5,121.35,150.0,69.45,150.0,122.6,5.0,51.89999999999999,86.7,15.707963267948966,102.40796326794897,2,180.0,163,10.000000000000002,0.4335,4.76514595344064,0.3999107975680745,5.598556751008714,True,
94,14,16,26,14,u,0.0,0.5,121.525,150.0,69.275,150.0,122.425,5.0,52.25,87.4,15.707963267948966,103.10796326794897,2,180.0,163,10.000000000000002,0.43700000000000006,4.76514595344064,0.3873811570749466,5.589527110515586,True,
95,14,17,26,16,u,0.0,0.5,121.0,150.0,78.625,150.0,122.95,5.0,42.375,76.475,15.707963267948966,92.18296326794896,2,180.0,132,10.000000000000002,0.38237499999999996,4.76514595344064,0.314464476360653,5.461985429801293,True,
96,14,17,26,16,u,0.0,0.5,121.175,150.0,78.45,150.0,122.775,5.0,42.724999999999994,77.17499999999998,15.707963267948966,92.88296326794895,2,180.0,132,10.000000000000002,0.3858749999999999,4.76514595344064,0.31166680714293726,5.462687760583576,True,
97,14,18,26,10,u,0.0,0.5,121.7,150.0,51.625,150.0,122.075,5.0,70.075,105.925,15.707963267948966,121.63296326794897,2,180.0,202,10.000000000000002,0.529625,4.76514595344064,0.46976214557836865,5.764533099019008,True,
98,14,18,26,10,u,0.0,0.5,121.875,150.0,51.45,150.0,121.9,5.0,70.425,106.62499999999999,15.707963267948966,122.33296326794895,2,180.0,202,10.000000000000002,0.533125,4.76514595344064,0.46809539462593946,5.76636634806658,True,
99,14,18,26,10,u,0.0,0.5,122.05,150.0,51.275,150.0,121.725,5.0,70.775,107.32500000000002,15.707963267948966,123.03296326794899,2,180.0,202,10.000000000000002,0.5366250000000001,4.76514595344064,0.46833355809536614,5.7701045115360055,True,
100,14,18,26,10,u,0.0,0.5,122.225,150.0,51.1,150.0,121.55,5.0,71.125,108.02499999999999,15.707963267948966,123.73296326794896,2,180.0,206,5.685628408708028,0.540125,4.76514595344064,0.5168455772450916,5.822116530685731,True,
101,33,14,60,26,freeform,5.0,0.5,130.625,0.0,123.625,150.0,0.0,5.0,7.0,149.43240774218935,0.8726646259971655,150.30507236818653,2,10.0,104,4.9999999999999964,0.7471620387109468,0.26473033074670244,0.3956549284694826,1.4075472979271317,True,
102,14,38,26,54,freeform,-10.0,0.5,122.925,150.0,103.1,0.0,0.0,5.0,19.825000000000003,149.984689483883,1.7453292519943298,151.7300187358773,2,20.0,167,10.000000000000002,0.749923447419415,0.5294606614934044,0.586250042142881,1.8656341510557004,True,
103,14,38,26,54,freeform,-10.0,0.5,123.1,150.0,103.275,0.0,0.0,5.0,19.82499999999999,149.984689483883,1.7453292519943298,151.7300187358773,2,20.0,167,5.685628408708028,0.749923447419415,0.5294606614934044,0.5951191519728485,1.874503260885668,True,
104,14,38,26,54,freeform,-10.0,0.5,123.275,150.0,103.45,0.0,0.0,5.0,19.825000000000003,149.984689483883,1.7453292519943298,151.7300187358773,2,20.0,165,10.000000000000002,0.749923447419415,0.5294606614934044,0.5661310306463031,1.8455151395591227,True,
105,14,53,26,32,freeform,-45.0,1.0,122.4,150.0,3.75,0.0,0.0,5.0,118.65,190.8621679281058,7.853981633974483,198.7161495620803,2,90.0,296,10.000000000000002,0.9543108396405291,2.38257297672032,1.3172037917355017,4.654087608096351,True,
106,14,58,26,40,freeform,-30.0,1.0,122.575,150.0,38.7,0.0,0.0,5.0,83.875,167.11525466653796,5.235987755982987,172.35124242252095,2,59.99999999999999,335,9.999999999999993,0.8355762733326898,1.5883819844802127,1.1433642943034077,3.56732255211631,True,
107,16,20,14,6,u,0.0,0.5,67.0,150.0,32.575,150.0,139.75,5.0,34.425,34.925,15.707963267948966,50.632963267948966,2,180.0,112,20.0,0.174625,4.76514595344064,0.2402677477720463,5.180038701212686,True,
108,16,20,14,6,u,0.0,0.5,67.175,150.0,32.4,150.0,139.575,5.0,34.775,35.62500000000002,15.707963267948966,51.33296326794898,2,180.0,112,20.0,0.17812500000000012,4.76514595344064,0.24526777586730047,5.188538729307941,True,
109,16,20,14,6,u,0.0,0.5,67.35,150.0,32.225,150.0,139.4,5.0,35.12499999999999,36.32499999999998,15.707963267948966,52.032963267948944,2,180.0,112,20.0,0.1816249999999999,4.76514595344064,0.24982139846937057,5.1965923519100095,True,
110,16,20,14,6,u,0.0,0.5,67.525,150.0,32.05,150.0,139.225,5.0,35.47500000000001,37.02500000000002,15.707963267948966,52.73296326794899,2,180.0,112,15.203604093292752,0.1851250000000001,4.76514595344064,0.2549106289965499,5.20518158243719,True,
111,33,16,60,14,freeform,30.0,0.0,129.925,0.0,68.575,150.0,0.0,5.0,61.35000000000001,161.07969910702693,5.23598775598299,166.31568686300992,2,59.99999999999999,268,9.999999999999991,0.8053984955351347,1.5883819844802134,0.9458637604935801,3.339644240508928,True,
112,33,16,60,14,freeform,30.0,0.0,130.1,0.0,68.75,150.0,0.0,5.0,61.349999999999994,161.07969910702693,5.23598775598299,166.31568686300992,2,59.99999999999999,268,9.999999999999993,0.8053984955351347,1.5883819844802134,0.9390185765820448,3.3327990565973926,True,
113,16,48,14,44,freeform,-10.0,0.5,68.225,150.0,56.7,0.0,0.0,5.0,11.524999999999991,149.2585335766178,1.7453292519943298,151.0038628286121,2,20.0,247,9.999999999999993,0.746292667883089,0.5294606614934044,0.804762651292946,2.0805159806694395,True,
114,16,48,14,44,freeform,-10.0,0.5,68.4,150.0,56.875,0.0,0.0,5.0,11.525000000000006,149.2585335766178,1.7453292519943298,151.0038628286121,2,20.0,247,9.999999999999993,0.746292667883089,0.5294606614934044,0.8046138307317152,2.0803671601082088,True,
115,16,53,14,32,freeform,-30.0,0.0,67.7,150.0,2.875,0.0,0.0,5.0,64.825,162.01082255072507,5.235987755982988,167.24681030670806,2,59.99999999999999,201,9.999999999999996,0.8100541127536254,1.588381984480213,0.631042221547938,3.029478318781776,True,
116,16,56,14,36,freeform,-20.0,0.0,67.875,150.0,20.175,0.0,0.0,5.0,47.7,154.88425736562448,3.4906585039886586,158.37491586961315,2,40.0,204,9.999999999999991,0.7744212868281224,1.0589213229868086,0.8259527662587255,2.6592953760736564,True,
117,16,56,14,36,freeform,-20.0,0.0,68.05,150.0,20.35,0.0,0.0,5.0,47.699999999999996,154.88425736562448,3.4906585039886586,158.37491586961315,2,40.0,206,9.999999999999991,0.7744212868281224,1.0589213229868086,0.8421432464628094,2.6754858562777404,True,
118,17,21,16,0,u,0.0,0.5,76.0,150.0,5.925,150.0,136.775,5.0,70.075,76.52499999999999,15.707963267948966,92.23296326794896,2,180.0,216,9.999999999999998,0.382625,4.76514595344064,0.46592239528898766,5.613693348729627,True,
119,17,21,16,0,u,0.0,0.5,76.175,150.0,5.75,150.0,136.6,5.0,70.425,77.22500000000001,15.707963267948966,92.93296326794898,2,180.0,216,9.999999999999998,0.38612500000000005,4.76514595344064,0.4583628895406986,5.609633842981339,True,
120,17,21,16,0,u,0.0,0.5,76.35,150.0,5.575,150.0,136.425,5.0,70.77499999999999,77.92499999999997,15.707963267948966,93.63296326794894,2,180.0,216,9.999999999999998,0.38962499999999983,4.76514595344064,0.46354149107132814,5.618312444511967,True,
121,17,21,16,0,u,0.0,0.5,76.525,150.0,5.4,150.0,136.25,5.0,71.125,78.625,15.707963267948966,94.33296326794897,2,180.0,216,9.999999999999998,0.393125,4.76514595344064,0.47476175224481065,5.633032705685451,True,
122,17,48,16,44,freeform,-10.0,0.0,76.875,150.0,57.05,0.0,0.0,5.0,19.825000000000003,149.98468948388296,1.7453292519943298,151.73001873587728,2,20.0,259,9.999999999999979,0.7499234474194149,0.5294606614934044,0.9128276468538936,2.1922117557667127,True,
123,17,48,16,44,freeform,-10.0,0.0,77.05,150.0,57.225,0.0,0.0,5.0,19.824999999999996,149.98468948388296,1.7453292519943298,151.73001873587728,2,20.0,259,9.999999999999975,0.7499234474194149,0.5294606614934044,0.9460720025173349,2.2254561114301543,True,
124,17,48,16,44,freeform,-10.0,0.0,77.225,150.0,57.4,0.0,0.0,5.0,19.824999999999996,149.98468948388296,1.7453292519943298,151.73001873587728,2,20.0,259,9.999999999999975,0.7499234474194149,0.5294606614934044,0.9435124686737918,2.222896577586611,True,
125,17,53,16,32,freeform,-30.0,0.0,76.7,150.0,3.05,0.0,0.0,5.0,73.65,164.37547417392972,5.235987755982988,169.6114619299127,2,59.99999999999999,226,9.999999999999991,0.8218773708696486,1.588381984480213,0.6594649539799761,3.0697243093298376,True,
126,18,20,10,6,u,0.0,0.5,49.0,150.0,33.625,150.0,143.25,5.0,15.375,8.875,15.707963267948966,24.582963267948966,2,180.0,48,46.764392851017625,0.044375,4.76514595344064,0.10577377139453603,4.915294724835175,True,
127,18,20,10,6,u,0.0,0.5,49.175,150.0,33.45,150.0,143.075,5.0,15.724999999999994,9.575000000000017,15.707963267948966,25.282963267948983,2,180.0,48,49.45839812649548,0.047875000000000084,4.76514595344064,0.10077377139453605,4.913794724835176,True,
128,18,21,10,0,u,0.0,0.5,49.35,150.0,6.625,150.0,142.9,5.0,42.725,36.92499999999999,15.707963267948966,52.63296326794895,2,180.0,140,43.94551956230895,0.18462499999999996,4.76514595344064,0.2984820134182933,5.248252966858932,True,
129,18,21,10,0,u,0.0,0.5,49.525,150.0,6.45,150.0,142.725,5.0,43.074999999999996,37.625000000000014,15.707963267948966,53.33296326794898,2,180.0,142,8.139363445011572,0.18812500000000007,4.76514595344064,0.32431540294213507,5.277586356382775,True,
130,39,18,56,10,freeform,30.0,0.0,111.4,0.0,50.75,150.0,0.0,5.0,60.650000000000006,160.89213467232514,5.235987755982987,166.12812242830813,2,59.99999999999999,280,10.000000000000002,0.8044606733616257,1.5883819844802127,1.0521136059696812,3.4449562638115196,True,
131,39,18,56,10,freeform,30.0,0.0,111.575,0.0,50.925,150.0,0.0,5.0,60.650000000000006,160.89213467232514,5.235987755982987,166.12812242830813,2,59.99999999999999,278,10.000000000000002,0.8044606733616257,1.5883819844802127,1.0595541564119002,3.452396814253739,True,
132,41,18,50,10,freeform,20.0,0.5,84.4,0.0,50.225,150.0,0.0,5.0,34.175000000000004,152.49943495154247,3.490658503988659,155.99009345553114,2,40.0,247,9.999999999999991,0.7624971747577124,1.0589213229868089,0.891547739455853,2.712966237200374,True,
133,41,18,50,10,freeform,20.0,0.5,84.575,0.0,50.4,150.0,0.0,5.0,34.175000000000004,152.49943495154247,3.490658503988659,155.99009345553114,2,40.0,247,9.999999999999991,0.7624971747577124,1.0589213229868089,0.8996430217007761,2.721061519445297,True,
134,18,53,10,32,freeform,-20.0,1.0,49.7,150.0,2.7,0.0,0.0,5.0,47.0,154.76082847912855,3.4906585039886595,158.25148698311722,2,40.0,170,9.999999999999993,0.7738041423956428,1.0589213229868089,0.6686904802040851,2.501415945586537,True,
135,18,58,10,40,freeform,-10.0,0.0,49.875,150.0,38.35,0.0,0.0,5.0,11.524999999999999,149.25853357661782,1.7453292519943298,151.00386282861214,2,20.0,193,5.000000000000003,0.7462926678830891,0.5294606614934044,0.6650597305103216,1.9408130598868152,True,
136,19,20,12,6,u,0.0,0.5,58.0,150.0,33.275,150.0,141.5,5.0,24.725,21.725,15.707963267948966,37.43296326794896,2,180.0,78,40.974630229445246,0.10862500000000001,4.76514595344064,0.16904751469381787,5.042818468134458,True,
137,19,20,12,6,u,0.0,0.5,58.175,150.0,33.1,150.0,141.325,5.0,25.074999999999996,22.42500000000002,15.707963267948966,38.13296326794898,2,180.0,78,43.94551956230895,0.1121250000000001,4.76514595344064,0.16443441443871296,5.041705367879352,True,
138,19,20,12,6,u,0.0,0.5,58.35,150.0,32.925,150.0,141.15,5.0,25.425000000000004,23.124999999999993,15.707963267948966,38.832963267948955,2,180.0,78,46.764392851017625,0.11562499999999996,4.76514595344064,0.15961304406459656,5.040383997505236,True,
139,19,20,12,6,u,0.0,0.5,58.525,150.0,32.75,150.0,140.975,5.0,25.775,23.82500000000001,15.707963267948966,39.53296326794897,2,180.0,78,49.45839812649548,0.11912500000000005,4.76514595344064,0.15419636335030282,5.038467316790943,True,
140,19,21,12,0,u,0.0,0.5,58.875,150.0,6.275,150.0,140.625,5.0,52.6,51.35,15.707963267948966,67.05796326794896,2,180.0,165,4.999999999999996,0.25675000000000003,4.76514595344064,0.3647914770237011,5.386687430464341,True,
141,19,21,12,0,u,0.0,0.5,59.05,150.0,6.1,150.0,140.45,5.0,52.949999999999996,52.05000000000002,15.707963267948966,67.75796326794898,2,180.0,167,4.999999999999996,0.2602500000000001,4.76514595344064,0.38488076374138896,5.410276717182029,True,
142,19,26,12,4,u,0.0,0.5,58.7,150.0,24.625,150.0,140.8,5.0,34.075,32.47499999999998,15.707963267948966,48.18296326794895,2,180.0,104,37.81448850601433,0.1623749999999999,4.76514595344064,0.23157732375847062,5.15909827719911,True,
143,19,48,12,44,freeform,-5.0,0.0,59.225,150.0,56.35,0.0,0.0,5.0,2.875,149.25230635269173,0.8726646259971649,150.1249709786889,2,10.0,241,4.999999999999996,0.7462615317634587,0.2647303307467022,0.8747323084184623,1.885724170928623,True,
144,19,48,12,44,freeform,-5.0,0.0,59.4,150.0,56.525,0.0,0.0,5.0,2.875,149.25230635269173,0.8726646259971649,150.1249709786889,2,10.0,239,4.999999999999996,0.7462615317634587,0.2647303307467022,0.8432442713776792,1.8542361338878401,True,
145,49,19,46,12,freeform,5.0,0.0,66.925,0.0,59.575,150.0,0.0,5.0,7.349999999999994,149.4476890722073,0.8726646259971649,150.32035369820449,2,10.0,242,4.999999999999999,0.7472384453610366,0.2647303307467022,0.9431250351190695,1.9550938112268081,True,
146,1,20,58,6,freeform,45.0,0.5,120.75,0.0,31.875,150.0,0.0,5.0,88.875,178.52895910844694,7.853981633974483,186.38294074242143,2,90.0,243,10.0,0.8926447955422347,2.38257297672032,0.8981260184529646,4.17334379071552,True,
147,48,20,44,6,freeform,10.0,0.0,56.0,0.0,31.7,150.0,0.0,5.0,24.3,150.3762012531615,1.7453292519943293,152.12153050515582,2,20.0,198,9.999999999999993,0.7518810062658075,0.5294606614934043,0.7174704156973807,1.9988120834565923,True,
148,20,53,6,32,freeform,-20.0,0.0,31.0,150.0,2.35,0.0,0.0,5.0,28.65,151.5252283831282,3.4906585039886595,155.01588688711686,2,40.0,94,9.999999999999996,0.757626141915641,1.0589213229868089,0.42758920243192516,2.244136667334375,True,
149,20,53,6,32,freeform,-20.0,0.5,31.175,150.0,2.525,0.0,0.0,5.0,28.650000000000002,151.52522838312822,3.4906585039886595,155.0158868871169,2,40.0,104,5.0000000000000036,0.7576261419156411,1.0589213229868089,0.4774111066158706,2.2939585715183206,True,
150,20,57,6,38,freeform,-5.0,0.0,31.525,150.0,29.525,0.0,0.0,5.0,2.0,149.2141030276468,0.8726646259971649,150.08676765364396,2,10.0,136,5.0000000000000036,0.746070515138234,0.2647303307467022,0.5364881775170538,1.54728902340199,True,
151,2,21,20,0,u,0.0,0.5,94.175,150.0,5.225,150.0,129.95,5.0,88.95,109.05000000000003,15.707963267948966,124.757963267949,2,180.0,267,22.152893130243832,0.5452500000000001,4.76514595344064,0.537172409336614,5.847568362777254,True,
152,2,21,20,0,u,0.0,0.5,94.35,150.0,5.05,150.0,129.775,5.0,89.3,109.74999999999999,15.707963267948966,125.45796326794895,2,180.0,267,25.141354948433584,0.54875,4.76514595344064,0.5420830945236722,5.855979047964312,True,
153,2,21,20,0,u,0.0,0.5,94.525,150.0,4.875,150.0,129.6,5.0,89.65,110.45000000000002,15.707963267948966,126.15796326794899,2,180.0,271,8.255835309325162,0.5522500000000001,4.76514595344064,0.5951486519897066,5.912544605430346,True,
154,2,21,20,0,u,0.0,0.5,94.7,150.0,4.7,150.0,129.425,5.0,90.0,111.14999999999998,15.707963267948966,126.85796326794895,2,180.0,275,12.131985976690773,0.5557499999999999,4.76514595344064,0.6285118505782008,5.94940780401884,True,
155,2,24,20,8,u,0.0,0.5,94.0,150.0,42.45,150.0,130.125,5.0,51.55,71.3,15.707963267948966,87.00796326794897,2,180.0,193,9.999999999999998,0.3565,4.76514595344064,0.4295238697279248,5.551169823168564,True,
156,47,24,42,8,freeform,5.0,0.0,47.0,0.0,40.7,150.0,0.0,5.0,6.299999999999997,149.4018450821534,0.8726646259971649,150.27450970815056,2,10.0,192,4.999999999999997,0.747009225410767,0.2647303307467022,0.7715178180101822,1.7832573741676514,True,
157,47,24,42,8,freeform,5.0,0.0,47.175,0.0,40.875,150.0,0.0,5.0,6.299999999999997,149.4018450821534,0.8726646259971649,150.27450970815056,2,10.0,192,4.999999999999997,0.747009225410767,0.2647303307467022,0.7640773518537254,1.7758169080111945,True,
158,24,54,8,34,freeform,-20.0,0.5,40.175,150.0,12.925,0.0,0.0,5.0,27.249999999999996,151.27837061013636,3.490658503988659,154.76902911412503,2,40.0,122,4.999999999999995,0.7563918530506818,1.0589213229868089,0.4414287279592731,2.2567419039967636,True,
159,24,54,8,34,freeform,-20.0,0.5,40.35,150.0,13.1,0.0,0.0,5.0,27.25,151.27837061013636,3.4906585039886604,154.76902911412503,2,40.0,122,5.000000000000003,0.7563918530506818,1.058921322986809,0.44238115707494674,2.257694333112438,True,
160,26,54,4,34,freeform,-10.0,0.0,22.0,150.0,12.4,0.0,0.0,5.0,9.6,149.0901178993304,1.7453292519943295,150.83544715132473,2,20.0,68,5.000000000000001,0.7454505894966521,0.5294606614934044,0.27702392591843394,1.5519351769084906,True,
161,26,54,4,34,freeform,-10.0,0.0,22.175,150.0,12.575,0.0,0.0,5.0,9.600000000000001,149.0901178993304,1.7453292519943298,150.83544715132473,2,20.0,68,5.000000000000003,0.7454505894966521,0.5294606614934044,0.2677679725340796,1.5426792235241362,True,
162,57,26,38,4,freeform,5.0,0.0,29.35,0.0,22.525,150.0,0.0,5.0,6.825000000000003,149.42476707718038,0.8726646259971647,150.29743170317755,2,10.0,117,4.999999999999997,0.7471238353859019,0.26473033074670216,0.50267907914995,1.5145332452825542,True,
163,58,26,40,4,freeform,10.0,0.0,38.175,0.0,22.7,150.0,0.0,5.0,15.474999999999998,149.6041137975452,1.7453292519943298,151.34944304953953,2,20.0,139,9.999999999999996,0.7480205689877261,0.5294606614934044,0.5120535945068163,1.7895348249879468,True,
164,24,29,8,2,u,0.0,0.5,40.0,150.0,15.625,150.0,144.825,5.0,24.375,14.725000000000023,15.707963267948966,30.43296326794899,2,180.0,80,46.764392851017625,0.07362500000000012,4.76514595344064,0.16946430778912822,5.008235261229768,True,
165,57,29,38,2,freeform,10.0,0.0,29.0,0.0,14.75,150.0,0.0,5.0,14.25,149.49694018472593,1.7453292519943293,151.24226943672025,2,20.0,116,9.999999999999998,0.7474847009236296,0.5294606614934043,0.4588689693536968,1.7358143317707309,True,
166,57,29,38,2,freeform,10.0,0.0,29.175,0.0,14.925,150.0,0.0,5.0,14.25,149.49694018472593,1.7453292519943298,151.24226943672025,2,20.0,116,9.999999999999998,0.7474847009236296,0.5294606614934044,0.4502974725509367,1.727242834967971,True,
167,33,47,60,42,u,0.0,0.5,128.0,0.0,49.1,0.0,27.75,5.0,78.9,114.4,15.707963267948966,130.10796326794897,2,180.0,227,28.847409018884075,0.5720000000000001,4.76514595344064,0.47038704022116523,5.807532993661805,True,
168,33,47,60,42,u,0.0,0.5,128.175,0.0,48.925,0.0,27.925,5.0,79.25000000000001,115.10000000000001,15.707963267948966,130.80796326794896,2,180.0,227,29.999999999999993,0.5755,4.76514595344064,0.4741370823640465,5.814783035804686,True,
169,33,47,60,42,u,0.0,0.5,128.35,0.0,48.75,0.0,28.1,5.0,79.6,115.79999999999998,15.707963267948966,131.50796326794895,2,180.0,227,29.999999999999993,0.579,4.76514595344064,0.48970252744906284,5.833848480889702,True,
170,33,47,60,42,u,0.0,0.5,128.525,0.0,48.575,0.0,28.275,5.0,79.95,116.5,15.707963267948966,132.20796326794897,2,180.0,227,29.999999999999993,0.5825,4.76514595344064,0.4915476551700882,5.839193608610729,True,
171,33,47,60,42,u,0.0,0.5,128.7,0.0,48.4,0.0,28.45,5.0,80.29999999999998,117.19999999999999,15.707963267948966,132.90796326794896,2,180.0,227,29.999999999999993,0.586,4.76514595344064,0.49413708236404663,5.8452830358046866,True,
172,33,47,60,42,u,0.0,0.5,128.875,0.0,48.225,0.0,28.625,5.0,80.65,117.9,15.707963267948966,133.60796326794897,2,180.0,227,29.999999999999993,0.5895,4.76514595344064,0.4900597305103219,5.844705683950962,True,
173,33,47,60,42,u,0.0,0.5,129.05,0.0,48.05,0.0,28.8,5.0,81.00000000000001,118.60000000000001,15.707963267948966,134.30796326794896,2,180.0,227,29.999999999999993,0.5930000000000001,4.76514595344064,0.4919942011395432,5.850140154580183,True,
174,33,47,60,42,u,0.0,0.5,129.225,0.0,47.875,0.0,28.975,5.0,81.35,119.29999999999998,15.707963267948966,135.00796326794895,2,180.0,227,26.491570200355987,0.5964999999999999,4.76514595344064,0.4929762426530908,5.854622196093731,True,
175,33,47,60,42,u,0.0,0.5,129.4,0.0,47.7,0.0,29.15,5.0,81.7,120.0,15.707963267948966,135.70796326794897,2,180.0,227,21.56518501524267,0.6,4.76514595344064,0.4946726621939019,5.859818615634541,True,
176,33,47,60,42,u,0.0,0.5,129.575,0.0,47.525,0.0,29.325,5.0,82.04999999999998,120.69999999999999,15.707963267948966,136.40796326794896,2,180.0,229,5.940738295878004,0.6034999999999999,4.76514595344064,0.5339287841497812,5.90257473759042,True,
177,33,53,60,32,u,0.0,0.5,129.75,0.0,4.275,0.0,29.5,5.0,125.475,164.475,15.707963267948966,180.18296326794896,2,180.0,288,10.685802467519453,0.822375,4.76514595344064,0.7350897081465015,6.322610661587142,True,
178,14,38,26,54,freeform,-10.0,0.5,123.45,150.0,103.625,0.0,0.0,5.0,19.825000000000003,149.984689483883,1.7453292519943298,151.7300187358773,2,20.0,165,10.000000000000002,0.749923447419415,0.5294606614934044,0.567648904846993,1.8470330137598125,True,
179,38,18,54,10,freeform,30.0,0.0,102.925,0.0,50.575,150.0,0.0,5.0,52.349999999999994,158.66815637514682,5.235987755982987,163.9041441311298,2,59.99999999999999,290,9.999999999999991,0.7933407818757341,1.5883819844802127,1.019315908656712,3.401038675012659,True,
180,38,29,54,2,freeform,45.0,0.5,102.575,0.0,15.1,150.0,0.0,5.0,87.47500000000001,177.9490601211246,7.853981633974483,185.8030417550991,2,90.0,263,9.99999999999999,0.8897453006056231,2.38257297672032,0.9593453805783149,4.2316636579042575,True,
181,38,29,54,2,freeform,45.0,0.5,102.75,0.0,15.275,150.0,0.0,5.0,87.475,177.9490601211246,7.853981633974483,185.8030417550991,2,90.0,263,10.000000000000007,0.8897453006056231,2.38257297672032,0.9568461391501762,4.229164416476119,True,
182,38,41,54,50,u,0.0,0.5,101.0,0.0,85.625,0.0,8.85,5.0,15.375,13.075,15.707963267948966,28.782963267948965,2,180.0,56,18.482634774842918,0.065375,4.76514595344064,0.15354165964285307,4.984062613083493,True,
183,38,49,54,46,u,0.0,0.5,101.35,0.0,67.625,0.0,21.625,5.0,33.724999999999994,56.974999999999994,15.707963267948966,72.68296326794896,2,180.0,130,29.999999999999993,0.284875,4.76514595344064,0.27717269028915636,5.327193643729797,True,
184,38,49,54,46,u,0.0,0.5,101.525,0.0,67.45,0.0,21.8,5.0,34.075,57.675,15.707963267948966,73.38296326794897,2,180.0,130,29.999999999999993,0.288375,4.76514595344064,0.2791370261735388,5.332657979614178,True,
185,38,53,54,32,u,0.0,0.5,101.175,0.0,4.625,0.0,20.925,5.0,96.55,118.39999999999999,15.707963267948966,134.10796326794895,2,180.0,263,20.0,0.592,4.76514595344064,0.5546727464796636,5.911818699920303,True,
186,38,53,54,32,u,0.0,0.5,102.4,0.0,4.45,0.0,22.675,5.0,97.95,123.3,15.707963267948966,139.00796326794895,2,180.0,263,20.0,0.6165,4.76514595344064,0.5694941449490347,5.951140098389675,True,
187,38,57,54,38,u,0.0,0.5,101.7,0.0,30.925,0.0,21.975,5.0,70.775,94.725,15.707963267948966,110.43296326794896,2,180.0,214,10.0,0.47362499999999996,4.76514595344064,0.4836011653911416,5.722372118831782,True,
188,38,57,54,38,u,0.0,0.5,101.875,0.0,30.75,0.0,22.15,5.0,71.125,95.42500000000001,15.707963267948966,111.13296326794898,2,180.0,216,10.0,0.4771250000000001,4.76514595344064,0.4990476832653423,5.741318636705982,True,
189,38,57,54,38,u,0.0,0.5,102.05,0.0,30.575,0.0,22.325,5.0,71.475,96.125,15.707963267948966,111.83296326794897,2,180.0,216,10.0,0.480625,4.76514595344064,0.4685713844217432,5.714342337862383,True,
190,39,24,56,8,freeform,30.0,0.0,111.225,0.0,42.275,150.0,0.0,5.0,68.94999999999999,163.11611296950343,5.235987755982987,168.35210072548642,2,59.99999999999999,288,9.99999999999997,0.8155805648475172,1.5883819844802127,1.195119994830473,3.599082544158203,True,
191,39,41,56,50,u,0.0,0.5,110.0,0.0,85.275,0.0,24.775,5.0,24.724999999999994,54.27499999999999,15.707963267948966,69.98296326794896,2,180.0,110,10.000000000000002,0.271375,4.76514595344064,0.2872321679421913,5.323753121382831,True,
192,39,41,56,50,u,0.0,0.5,110.175,0.0,85.1,0.0,14.8,5.0,25.075000000000003,34.675000000000004,15.707963267948966,50.382963267948966,2,180.0,98,7.235206769313383,0.17337500000000003,4.76514595344064,0.23119050829933815,5.169711461739978,True,
193,39,41,56,50,u,0.0,0.5,110.35,0.0,84.925,0.0,14.975,5.0,25.424999999999997,35.375,15.707963267948966,51.08296326794897,2,180.0,98,7.235206769313383,0.176875,4.76514595344064,0.2063393007653147,5.148360254205954,True,
194,39,47,56,42,u,0.0,0.5,110.7,0.0,49.625,0.0,25.125,5.0,61.075,91.325,15.707963267948966,107.03296326794897,2,180.0,190,10.000000000000002,0.456625,4.76514595344064,0.3896726902891559,5.611443643729795,True,
195,39,47,56,42,u,0.0,0.5,110.875,0.0,49.45,0.0,25.3,5.0,61.425,92.02499999999999,15.707963267948966,107.73296326794896,2,180.0,190,10.000000000000002,0.46012499999999995,4.76514595344064,0.394345352483058,5.619616305923698,True,
196,39,47,56,42,u,0.0,0.5,111.05,0.0,49.275,0.0,25.475,5.0,61.775,92.725,15.707963267948966,108.43296326794896,2,180.0,192,10.000000000000002,0.46362499999999995,4.76514595344064,0.4222619770068435,5.6510329304474824,True,
197,39,49,56,46,u,0.0,0.5,110.525,0.0,67.275,0.0,24.95,5.0,43.25,73.15,15.707963267948966,88.85796326794897,2,180.0,147,10.000000000000002,0.36575,4.76514595344064,0.30145839654765494,5.4323543499882945,True,
198,1,41,58,50,u,0.0,0.5,119.0,0.0,84.75,0.0,15.15,5.0,34.25,44.55,15.707963267948966,60.257963267948966,2,180.0,121,8.275470594718055,0.22275,4.76514595344064,0.24931551532315155,5.237211468763792,True,
199,41,24,50,8,freeform,20.0,0.0,84.05,0.0,41.925,150.0,0.0,5.0,42.125,153.90123444817476,3.490658503988659,157.39189295216343,2,40.0,257,9.999999999999991,0.7695061722408738,1.0589213229868089,1.0601494386568244,2.888576933884507,True,
200,41,24,50,8,freeform,20.0,0.0,84.225,0.0,42.1,150.0,0.0,5.0,42.12499999999999,153.90123444817476,3.490658503988659,157.39189295216343,2,40.0,257,9.999999999999991,0.7695061722408738,1.0589213229868089,1.0393160491329827,2.8677435443606654,True,
201,41,54,50,34,u,0.0,0.5,83.875,0.0,13.45,0.0,15.675,5.0,70.425,81.77499999999999,15.707963267948966,97.48296326794896,2,180.0,202,15.203604093292883,0.408875,4.76514595344064,0.4254762145578363,5.599497167998476,True,
202,41,57,50,38,u,0.0,0.5,83.525,0.0,31.275,0.0,15.325,5.0,52.25000000000001,62.900000000000006,15.707963267948966,78.60796326794897,2,180.0,171,20.0,0.31450000000000006,4.76514595344064,0.35029764112246137,5.429943594563101,True,
203,41,58,50,40,u,0.0,0.5,83.0,0.0,40.625,0.0,14.8,5.0,42.375,51.974999999999994,15.707963267948966,67.68296326794896,2,180.0,150,20.0,0.25987499999999997,4.76514595344064,0.3277380791836642,5.352759032624304,True,
204,41,58,50,40,u,0.0,0.5,83.175,0.0,40.45,0.0,14.975,5.0,42.724999999999994,52.675,15.707963267948966,68.38296326794897,2,180.0,150,20.0,0.26337499999999997,4.76514595344064,0.3193749648809323,5.347895918321572,True,
205,41,58,50,40,u,0.0,0.5,83.35,0.0,40.275,0.0,15.15,5.0,43.074999999999996,53.37499999999999,15.707963267948966,69.08296326794895,2,180.0,150,20.0,0.266875,4.76514595344064,0.3158629738264613,5.347883927267101,True,
206,14,47,26,42,freeform,-30.0,1.0,122.75,150.0,47.35,0.0,0.0,5.0,75.4,164.8443852606842,5.235987755982987,170.08037301666718,2,59.99999999999999,290,9.999999999999991,0.824221926303421,1.5883819844802127,1.006310503129814,3.4189144139134475,True,
207,48,18,44,10,freeform,5.0,0.0,56.175,0.0,50.05,150.0,0.0,5.0,6.125,149.3942044171444,0.8726646259971649,150.26686904314158,2,10.0,223,5.000000000000003,0.7469710220857221,0.2647303307467022,0.849493976377511,1.8611953292099352,True,
208,51,48,48,44,u,0.0,0.5,74.175,0.0,58.45,0.0,6.4,5.0,15.724999999999994,8.524999999999995,15.707963267948966,24.23296326794896,2,180.0,54,11.114605209704738,0.042624999999999975,4.76514595344064,0.164851151343515,4.972622104784155,True,
209,51,48,48,44,u,0.0,0.5,74.0,0.0,58.625,0.0,5.0,5.0,15.375,5.375,15.707963267948966,21.082963267948966,2,180.0,48,51.31781254651057,0.026875,4.76514595344064,0.10642853129249409,4.898449484733134,True,
210,17,49,16,46,freeform,-10.0,0.5,77.4,150.0,67.1,0.0,0.0,5.0,10.300000000000011,149.15135996379854,1.7453292519943298,150.89668921579286,2,20.0,242,5.00000000000001,0.7457567998189927,0.5294606614934044,0.7309828281806654,2.0062002894930626,True,
211,49,24,46,8,freeform,10.0,0.0,66.05,0.0,41.05,150.0,0.0,5.0,25.0,150.43744331762966,1.7453292519943293,152.18277256962398,2,20.0,232,9.999999999999973,0.7521872165881484,0.5294606614934043,0.8368452120067889,2.1184930900883416,True,
212,49,24,46,8,freeform,10.0,0.0,66.225,0.0,41.225,150.0,0.0,5.0,24.999999999999993,150.43744331762963,1.7453292519943293,152.18277256962395,2,20.0,238,6.231936775831154,0.7521872165881481,0.5294606614934043,0.8962496207140703,2.1778974987956228,True,
213,49,24,46,8,freeform,10.0,0.0,66.4,0.0,41.4,150.0,0.0,5.0,25.000000000000007,150.43744331762966,1.7453292519943293,152.18277256962398,2,20.0,236,9.99999999999997,0.7521872165881484,0.5294606614934043,0.8657442151871717,2.1473920932687243,True,
214,49,24,46,8,freeform,10.0,0.0,66.575,0.0,41.575,150.0,0.0,5.0,25.0,150.43744331762966,1.7453292519943293,152.18277256962398,2,20.0,236,9.999999999999973,0.7521872165881484,0.5294606614934043,0.8623810165986774,2.14402889468023,True,
215,49,24,46,8,freeform,10.0,0.0,66.75,0.0,41.75,150.0,0.0,5.0,25.0,150.43744331762966,1.7453292519943293,152.18277256962398,2,20.0,236,9.999999999999973,0.7521872165881484,0.5294606614934043,0.8605357764966355,2.1421836545781883,True,
216,49,26,46,4,freeform,20.0,0.0,65.35,0.0,22.875,150.0,0.0,5.0,42.474999999999994,153.96294889142274,3.490658503988659,157.4536073954114,2,40.0,207,9.999999999999993,0.7698147444571137,1.0589213229868089,0.897917214524125,2.726653281968048,True,
217,49,26,46,4,freeform,20.0,0.0,65.525,0.0,23.05,150.0,0.0,5.0,42.47500000000001,153.96294889142274,3.490658503988659,157.4536073954114,2,40.0,207,9.999999999999991,0.7698147444571137,1.0589213229868089,0.8925006180955938,2.7212366855395165,True,
218,49,26,46,4,freeform,20.0,0.0,65.7,0.0,23.225,150.0,0.0,5.0,42.475,153.96294889142274,3.490658503988659,157.4536073954114,2,40.0,207,9.999999999999993,0.7698147444571137,1.0589213229868089,0.8850600395581202,2.7137961070020427,True,
219,49,26,46,4,freeform,20.0,0.0,65.875,0.0,23.4,150.0,0.0,5.0,42.475,153.96294889142274,3.490658503988659,157.4536073954114,2,40.0,207,9.999999999999993,0.7698147444571137,1.0589213229868089,0.8831850184866796,2.7119210859306024,True,
220,49,57,46,38,u,0.0,0.5,65.0,0.0,31.625,0.0,10.95,5.0,33.375,35.275,15.707963267948966,50.98296326794896,2,180.0,118,20.0,0.176375,4.76514595344064,0.27065473180270383,5.212175685243344,True,
221,49,57,46,38,u,0.0,0.5,65.175,0.0,31.45,0.0,11.125,5.0,33.724999999999994,35.974999999999994,15.707963267948966,51.68296326794896,2,180.0,122,6.231936775831154,0.17987499999999998,4.76514595344064,0.31160707663261505,5.256628030073255,True,
222,17,51,16,48,freeform,-5.0,0.0,77.575,150.0,75.225,0.0,0.0,5.0,2.3500000000000085,149.22938435766474,0.8726646259971642,150.10204898366192,2,10.0,234,4.999999999999997,0.7461469217883238,0.26473033074670205,0.7619943978063249,1.7728716503413509,True,
223,17,51,16,48,freeform,-5.0,0.0,77.75,150.0,75.4,0.0,0.0,5.0,2.3499999999999943,149.22938435766474,0.8726646259971642,150.10204898366192,2,10.0,234,4.999999999999997,0.7461469217883238,0.26473033074670205,0.7631848780104087,1.7740621305454345,True,
224,17,51,16,48,freeform,-5.0,0.5,77.925,150.0,75.575,0.0,0.0,5.0,2.3499999999999943,149.22938435766477,0.8726646259971644,150.10204898366194,2,10.0,232,9.999999999999984,0.7461469217883239,0.2647303307467021,0.742113549779173,1.7529908023141991,True,
225,51,19,48,12,freeform,10.0,0.5,75.05,0.0,59.75,150.0,0.0,5.0,15.299999999999997,149.58880328142817,1.7453292519943298,151.3341325334225,2,20.0,242,5.000000000000004,0.7479440164071409,0.5294606614934044,0.7629174954766661,2.0403221733772114,True,
226,51,21,48,0,freeform,30.0,0.0,74.525,0.0,4.175,150.0,0.0,5.0,70.35000000000001,163.49124183890703,5.235987755982988,168.72722959489002,2,59.99999999999999,220,9.999999999999993,0.8174562091945352,1.588381984480213,0.6870839373812984,3.0929221310560466,True,
227,51,21,48,0,freeform,30.0,0.0,74.7,0.0,4.35,150.0,0.0,5.0,70.35000000000001,163.49124183890703,5.235987755982988,168.72722959489002,2,59.99999999999999,220,9.999999999999993,0.8174562091945352,1.588381984480213,0.680268478248655,3.086106671923403,True,
228,51,21,48,0,freeform,30.0,0.0,74.875,0.0,4.525,150.0,0.0,5.0,70.35,163.491241838907,5.235987755982988,168.72722959489,2,59.99999999999999,220,9.999999999999993,0.817456209194535,1.588381984480213,0.6719053920411769,3.077743585715925,True,
229,51,54,48,34,u,0.0,0.5,74.35,0.0,13.625,0.0,12.0,5.0,60.724999999999994,64.725,15.707963267948966,80.43296326794896,2,180.0,180,15.2036040932935,0.323625,4.76514595344064,0.38327391187080617,5.472044865311446,True,
230,29,53,2,32,freeform,-10.0,0.0,13.0,150.0,2.0,0.0,0.0,5.0,11.0,149.2126020282667,1.7453292519943295,150.95793128026102,2,20.0,32,9.999999999999986,0.7460630101413335,0.5294606614934044,0.133601137295888,1.4091248089306259,True,
231,29,53,2,32,freeform,-10.0,0.0,13.175,150.0,2.175,0.0,0.0,5.0,11.0,149.2126020282667,1.7453292519943295,150.95793128026102,2,20.0,32,9.999999999999986,0.7460630101413335,0.5294606614934044,0.13345234482991133,1.4089760164646492,True,
232,26,54,4,34,freeform,-10.0,0.0,22.35,150.0,12.75,0.0,0.0,5.0,9.600000000000001,149.0901178993304,1.7453292519943293,150.83544715132473,2,20.0,68,5.0,0.7454505894966521,0.5294606614934043,0.26761909578234044,1.5425303467723968,True,
233,29,54,2,34,freeform,-5.0,0.0,13.35,150.0,11.0,0.0,0.0,5.0,2.3499999999999996,149.22938435766474,0.8726646259971647,150.10204898366192,2,10.0,62,5.0,0.7461469217883238,0.26473033074670216,0.26815478799321213,1.279032040528238,True,
234,29,54,2,34,freeform,-5.0,0.0,13.525,150.0,11.175,0.0,0.0,5.0,2.3499999999999996,149.22938435766474,0.8726646259971647,150.10204898366192,2,10.0,62,5.0,0.7461469217883238,0.26473033074670216,0.2678571749660047,1.2787344275010306,True,
235,29,54,2,34,freeform,-5.0,0.0,13.7,150.0,11.35,0.0,0.0,5.0,2.3499999999999996,149.22938435766474,0.8726646259971648,150.10204898366192,2,10.0,62,5.000000000000001,0.7461469217883238,0.2647303307467022,0.2813693064967465,1.2922465590317724,True,
236,29,54,2,34,freeform,-5.0,0.0,13.875,150.0,11.525,0.0,0.0,5.0,2.3499999999999996,149.22938435766474,0.8726646259971648,150.10204898366192,2,10.0,62,5.000000000000001,0.7461469217883238,0.2647303307467022,0.2788098007484575,1.2896870532834837,True,
237,29,54,2,34,freeform,-5.0,0.0,14.05,150.0,11.7,0.0,0.0,5.0,2.3500000000000014,149.22938435766474,0.8726646259971647,150.10204898366192,2,10.0,62,5.0,0.7461469217883238,0.26473033074670216,0.2636012496769045,1.2744785022119305,True,
238,29,54,2,34,freeform,-5.0,0.0,14.225,150.0,11.875,0.0,0.0,5.0,2.3499999999999996,149.22938435766474,0.8726646259971647,150.10204898366192,2,10.0,62,5.0,0.7461469217883238,0.26473033074670216,0.26282745018711434,1.2737047027221404,True,
239,29,54,2,34,freeform,-5.0,0.0,14.4,150.0,12.05,0.0,0.0,5.0,2.3499999999999996,149.22938435766474,0.8726646259971647,150.10204898366192,2,10.0,62,5.0,0.7461469217883238,0.26473033074670216,0.26333338952384155,1.2742106420588675,True,
240,29,54,2,34,freeform,-5.0,0.0,14.575,150.0,12.225,0.0,0.0,5.0,2.3499999999999996,149.22938435766474,0.8726646259971648,150.10204898366192,2,10.0,62,5.000000000000001,0.7461469217883238,0.2647303307467022,0.2758336142858747,1.2867108668209006,True,
241,2,56,20,36,freeform,-30.0,0.0,95.4,150.0,21.05,0.0,0.0,5.0,74.35000000000001,164.56303860863153,5.235987755982988,169.79902636461452,2,59.99999999999999,246,9.999999999999991,0.8228151930431576,1.588381984480213,0.7807151927896367,3.1919123703130072,True,
242,2,56,20,36,freeform,-30.0,0.0,95.575,150.0,21.225,0.0,0.0,5.0,74.35,164.56303860863153,5.235987755982988,169.79902636461452,2,59.99999999999999,246,9.999999999999991,0.8228151930431576,1.588381984480213,0.789643752177385,3.200840929700756,True,
243,2,56,20,36,freeform,-30.0,0.0,95.75,150.0,21.4,0.0,0.0,5.0,74.35,164.56303860863153,5.235987755982988,169.79902636461452,2,59.99999999999999,246,9.999999999999991,0.8228151930431576,1.588381984480213,0.7906854399154923,3.201882617438863,True,
244,2,56,20,36,freeform,-30.0,0.0,95.925,150.0,21.575,0.0,0.0,5.0,74.35,164.56303860863153,5.235987755982988,169.79902636461452,2,59.99999999999999,246,9.999999999999991,0.8228151930431576,1.588381984480213,0.7918163862760332,3.203013563799404,True,
245,20,56,6,36,freeform,-10.0,0.0,31.35,150.0,20.0,0.0,0.0,5.0,11.350000000000001,149.24322306050078,1.7453292519943293,150.9885523124951,2,20.0,108,9.999999999999991,0.7462161153025039,0.5294606614934043,0.39208345976197717,1.6677602365578854,True,
246,12,57,21,38,freeform,-30.0,0.0,99.55,150.0,29.875,0.0,0.0,5.0,69.675,163.310376134016,5.235987755982987,168.546363889999,2,59.99999999999999,251,9.999999999999991,0.81655188067008,1.5883819844802127,0.8060425305957344,3.2109763957460267,True,
247,12,57,21,38,freeform,-30.0,0.0,99.725,150.0,30.05,0.0,0.0,5.0,69.675,163.310376134016,5.235987755982987,168.546363889999,2,59.99999999999999,251,9.999999999999991,0.81655188067008,1.5883819844802127,0.8152686749154362,3.2202025400657286,True,
248,24,57,8,38,freeform,-10.0,0.0,40.525,150.0,29.7,0.0,0.0,5.0,10.825,149.19729151214966,1.7453292519943298,150.94262076414398,2,20.0,157,9.999999999999984,0.7459864575607483,0.5294606614934044,0.4977975006461908,1.7732446197003435,True,
249,38,57,54,38,u,0.0,0.5,102.225,0.0,30.4,0.0,22.5,5.0,71.82499999999999,96.82499999999999,15.707963267948966,112.53296326794896,2,180.0,216,14.804500441406386,0.48412499999999997,4.76514595344064,0.46309522605441455,5.712366179495054,True,
250,41,57,50,38,u,0.0,0.5,83.7,0.0,31.1,0.0,15.5,5.0,52.6,63.6,15.707963267948966,79.30796326794896,2,180.0,171,20.0,0.318,4.76514595344064,0.3503272816155892,5.433473235056229,True,
251,11,58,52,40,u,0.0,0.5,92.35,0.0,40.1,0.0,18.125,5.0,52.24999999999999,68.5,15.707963267948966,84.20796326794897,2,180.0,167,20.0,0.3425,4.76514595344064,0.3326786296258835,5.4403245830665234,True,
252,11,58,52,40,u,0.0,0.5,92.525,0.0,39.925,0.0,18.3,5.0,52.60000000000001,69.2,15.707963267948966,84.90796326794897,2,180.0,167,20.0,0.34600000000000003,4.76514595344064,0.3333929233673848,5.444538876808025,True,
253,11,58,52,40,u,0.0,0.5,92.7,0.0,39.75,0.0,18.475,5.0,52.95,69.9,15.707963267948966,85.60796326794897,2,180.0,167,20.0,0.34950000000000003,4.76514595344064,0.3384524291156737,5.4530983825563135,True,
254,11,58,52,40,u,0.0,0.5,92.875,0.0,39.575,0.0,18.65,5.0,53.3,70.6,15.707963267948966,86.30796326794896,2,180.0,167,15.203604093292883,0.353,4.76514595344064,0.35011906768708606,5.468265021127726,True,
255,58,21,40,0,freeform,20.0,0.0,38.0,0.0,4.0,150.0,0.0,5.0,34.0,152.4685777299185,3.4906585039886595,155.95923623390718,2,40.0,128,10.0,0.7623428886495925,1.0589213229868089,0.6154767483676661,2.4367409600040677,True,
256,61,68,29,61,freeform,-5.0,0.5,136.6,150.0,134.6,0.0,0.0,5.0,2.0,149.2141030276468,0.8726646259971644,150.08676765364396,2,10.0,52,5.000000000000026,0.746070515138234,0.2647303307467021,0.1954464897789467,1.2062473356638828,True,
257,61,68,29,61,freeform,-5.0,0.5,136.775,150.0,134.775,0.0,0.0,5.0,2.0,149.2141030276468,0.8726646259971644,150.08676765364396,2,10.0,52,5.7811663725584514,0.746070515138234,0.2647303307467021,0.18708337547621473,1.1978842213611507,True,
258,69,61,63,29,freeform,5.0,0.5,143.6,0.0,136.95,150.0,0.0,5.0,6.650000000000006,149.41712641217134,0.8726646259971642,150.28979103816852,2,10.0,30,9.99999999999997,0.7470856320608568,0.26473033074670205,0.1373810727891844,1.1491970355967434,True,
259,69,61,63,29,freeform,5.0,0.5,143.775,0.0,137.125,150.0,0.0,5.0,6.650000000000006,149.41712641217134,0.8726646259971642,150.28979103816852,2,10.0,30,9.99999999999997,0.7470856320608568,0.26473033074670205,0.13633941314633127,1.1481553759538903,True,
260,61,86,29,39,freeform,-45.0,0.5,135.55,150.0,35.25,0.0,0.0,5.0,100.30000000000001,183.26134905855952,7.853981633974483,191.115330692534,2,90.0,250,4.423975705159509,0.9163067452927977,2.38257297672032,0.9977393153748492,4.296619037387967,True,
261,61,86,29,39,freeform,-45.0,0.5,135.725,150.0,35.425,0.0,0.0,5.0,100.3,183.26134905855952,7.853981633974483,191.115330692534,2,90.0,248,10.0,0.9163067452927977,2.38257297672032,0.9583047323646122,4.25718445437773,True,
262,61,86,29,39,freeform,-45.0,0.5,135.9,150.0,35.6,0.0,0.0,5.0,100.30000000000001,183.26134905855952,7.853981633974483,191.115330692534,2,90.0,248,4.4239757051625235,0.9163067452927977,2.38257297672032,0.970150000561907,4.269029722575024,True,
263,61,86,29,39,freeform,-45.0,0.5,136.075,150.0,35.775,0.0,0.0,5.0,100.29999999999998,183.26134905855952,7.853981633974483,191.115330692534,2,90.0,246,10.000000000000018,0.9163067452927977,2.38257297672032,0.948959520357823,4.247839242370941,True,
264,61,86,29,39,freeform,-45.0,0.5,136.25,150.0,35.95,0.0,0.0,5.0,100.3,183.26134905855952,7.853981633974483,191.115330692534,2,90.0,246,4.423975705161132,0.9163067452927977,2.38257297672032,0.9552095063101972,4.2540892283233145,True,
265,61,114,29,3,u,0.0,0.5,135.2,150.0,19.775,150.0,115.95,5.0,115.42499999999998,163.52499999999998,15.707963267948966,179.23296326794895,2,180.0,268,10.0,0.8176249999999999,4.76514595344064,0.7541074980614292,6.336878451502068,True,
266,61,118,29,9,u,0.0,0.5,134.675,150.0,45.9,150.0,116.475,5.0,88.775,135.82500000000002,15.707963267948966,151.532963267949,2,180.0,224,9.999999999999996,0.6791250000000001,4.76514595344064,0.5811312554083374,6.025402208848977,True,
267,61,118,29,9,u,0.0,0.5,134.85,150.0,45.725,150.0,116.3,5.0,89.125,136.525,15.707963267948966,152.23296326794897,2,180.0,224,9.999999999999996,0.682625,4.76514595344064,0.5647324207994794,6.012503374240119,True,
268,61,118,29,9,u,0.0,0.5,135.025,150.0,45.55,150.0,116.125,5.0,89.47500000000001,137.22500000000002,15.707963267948966,152.932963267949,2,180.0,224,9.999999999999996,0.6861250000000001,4.76514595344064,0.5626194048301368,6.013890358270777,True,
269,71,62,24,53,freeform,-10.0,0.5,113.225,150.0,98.6,0.0,0.0,5.0,14.625,149.52974843354815,1.7453292519943298,151.27507768554247,2,20.0,185,9.999999999999995,0.7476487421677408,0.5294606614934044,0.5320539878403738,1.809163391501519,True,
270,71,62,24,53,freeform,-10.0,0.5,113.4,150.0,98.775,0.0,0.0,5.0,14.625,149.52974843354815,1.7453292519943298,151.27507768554247,2,20.0,185,9.999999999999995,0.7476487421677408,0.5294606614934044,0.5334527943539775,1.8105621980151227,True,
271,71,62,24,53,freeform,-10.0,0.5,113.575,150.0,98.95,0.0,0.0,5.0,14.625,149.52974843354815,1.7453292519943298,151.27507768554247,2,20.0,185,9.999999999999995,0.7476487421677408,0.5294606614934044,0.5351789948641874,1.8122883985253326,True,
272,71,62,24,53,freeform,-10.0,0.5,113.75,150.0,99.125,0.0,0.0,5.0,14.625,149.52974843354815,1.7453292519943298,151.27507768554247,2,20.0,185,9.999999999999995,0.7476487421677408,0.5294606614934044,0.5336016149152084,1.8107110185763537,True,
273,62,116,53,1,freeform,45.0,0.5,97.375,0.0,9.025,150.0,0.0,5.0,88.35,178.31149698820104,7.853981633974483,186.16547862217553,2,90.0,270,10.00000000000001,0.8915574849410053,2.38257297672032,0.9342866053066342,4.208417066967959,True,
274,62,116,53,1,freeform,45.0,0.5,97.55,0.0,9.2,150.0,0.0,5.0,88.35,178.31149698820104,7.853981633974483,186.16547862217553,2,90.0,270,10.000000000000005,0.8915574849410053,2.38257297672032,0.9339294584358835,4.208059920097209,True,
275,62,116,53,1,freeform,45.0,0.5,97.725,0.0,9.375,150.0,0.0,5.0,88.35,178.31149698820104,7.853981633974483,186.16547862217553,2,90.0,270,10.0,0.8915574849410053,2.38257297672032,0.9348520784869045,4.20898254014823,True,
276,66,68,31,61,freeform,-5.0,1.0,145.6,150.0,134.95,0.0,0.0,5.0,10.650000000000006,149.5917701838054,0.8726646259971644,150.46443480980258,2,10.0,30,4.999999999999996,0.747958850919027,0.2647303307467021,0.19806552937077868,1.2107547110365078,True,
277,66,68,31,61,freeform,-5.0,1.0,145.775,150.0,135.125,0.0,0.0,5.0,10.650000000000006,149.5917701838054,0.8726646259971644,150.46443480980258,2,10.0,30,4.999999999999996,0.747958850919027,0.2647303307467021,0.20360124967690454,1.2162904313426337,True,
278,66,69,31,63,freeform,-5.0,0.5,145.95,150.0,143.95,0.0,0.0,5.0,2.0,149.2141030276468,0.8726646259971644,150.08676765364396,2,10.0,0,,0.746070515138234,0.2647303307467021,0.0,1.010800845884936,True,
279,66,69,31,63,freeform,-5.0,0.5,146.125,150.0,144.125,0.0,0.0,5.0,2.0,149.2141030276468,0.8726646259971644,150.08676765364396,2,10.0,0,,0.746070515138234,0.2647303307467021,0.0,1.010800845884936,True,
280,66,70,31,51,freeform,-30.0,0.5,144.9,150.0,88.9,0.0,0.0,5.0,56.0,159.64617092752042,5.23598775598299,164.8821586835034,2,59.99999999999999,170,19.999999999999993,0.7982308546376021,1.5883819844802134,0.4922625108166729,2.8788753499344883,True,
281,66,70,31,51,freeform,-30.0,0.5,145.075,150.0,89.075,0.0,0.0,5.0,55.999999999999986,159.64617092752042,5.23598775598299,164.8821586835034,2,59.99999999999999,170,19.999999999999993,0.7982308546376021,1.5883819844802134,0.4857445804254748,2.8723574195432904,True,
282,66,70,31,51,freeform,-30.0,0.5,145.25,150.0,89.25,0.0,0.0,5.0,56.0,159.64617092752042,5.23598775598299,164.8821586835034,2,59.99999999999999,170,19.999999999999993,0.7982308546376021,1.5883819844802134,0.48756015193913443,2.87417299105695,True,
283,66,70,31,51,freeform,-30.0,0.5,145.425,150.0,89.425,0.0,0.0,5.0,56.000000000000014,159.64617092752042,5.23598775598299,164.8821586835034,2,59.99999999999999,170,19.99999999999999,0.7982308546376021,1.5883819844802134,0.47726253891192716,2.863875378029743,True,
284,66,71,31,24,u,0.0,0.5,143.85,150.0,114.45,150.0,132.925,5.0,29.39999999999999,43.54999999999997,15.707963267948966,59.25796326794894,2,180.0,99,15.203604093292396,0.21774999999999986,4.76514595344064,0.2081547318027039,5.191050685243344,True,
285,66,71,31,24,u,0.0,0.5,144.025,150.0,114.275,150.0,132.75,5.0,29.75,44.25,15.707963267948966,59.95796326794897,2,180.0,99,21.565185015242342,0.22125,4.76514595344064,0.19869042401357564,5.1850863774542155,True,
286,66,71,31,24,u,0.0,0.5,143.5,150.0,114.625,150.0,133.1,5.0,28.875,42.67500000000001,15.707963267948966,58.38296326794898,2,180.0,98,23.61478688794316,0.21337500000000006,4.76514595344064,0.19663682950675976,5.1751577829474,True,
287,66,89,31,33,freeform,-45.0,1.0,144.725,150.0,8.95,0.0,0.0,5.0,135.775,197.95557518374508,7.853981633974483,205.80955681771957,2,90.0,305,15.000000000000005,0.9897778759187255,2.38257297672032,1.4205967712933958,4.792947623932442,True,
288,66,101,31,17,u,0.0,0.5,143.675,150.0,82.6,150.0,113.675,5.0,61.07500000000002,113.72500000000002,15.707963267948966,129.432963267949,2,180.0,188,15.203604093292396,0.5686250000000002,4.76514595344064,0.4923215389456405,5.82609249238628,True,
289,66,111,31,19,u,0.0,0.5,144.2,150.0,91.95,150.0,113.325,5.0,52.249999999999986,105.59999999999998,15.707963267948966,121.30796326794895,2,180.0,179,15.203604093292396,0.5279999999999999,4.76514595344064,0.4746429655102653,5.767788918950904,True,
290,66,113,31,5,u,0.0,0.5,144.55,150.0,28.6,150.0,112.975,5.0,115.95000000000002,170.00000000000003,15.707963267948966,185.707963267949,2,180.0,263,10.0,0.8500000000000002,4.76514595344064,0.7692562905274057,6.384402243968046,True,
291,66,118,31,9,u,0.0,0.5,144.375,150.0,45.375,150.0,113.15,5.0,99.0,152.7,15.707963267948966,168.40796326794896,2,180.0,239,9.999999999999996,0.7635,4.76514595344064,0.6321431340817927,6.160789087522432,True,
292,68,72,61,57,u,0.0,0.5,132.5,0.0,117.125,0.0,5.0,5.0,15.375,5.375,15.707963267948966,21.082963267948966,2,180.0,48,51.31781254651057,0.026875,4.76514595344064,0.1019046615645685,4.893925615005209,True,
293,68,72,61,57,u,0.0,0.5,132.675,0.0,116.95,0.0,6.4,5.0,15.725000000000009,8.52500000000001,15.707963267948966,24.232963267948975,2,180.0,48,53.842991799001126,0.042625000000000045,4.76514595344064,0.10119042401357561,4.908961377454215,True,
294,68,72,61,57,u,0.0,0.5,132.85,0.0,116.775,0.0,6.575,5.0,16.07499999999999,9.224999999999989,15.707963267948966,24.932963267948956,2,180.0,48,56.289285218573994,0.046124999999999944,4.76514595344064,0.09886899744895089,4.91013995088959,True,
295,68,72,61,57,u,0.0,0.5,133.025,0.0,116.6,0.0,8.675,5.0,16.42500000000001,13.775000000000013,15.707963267948966,29.48296326794898,2,180.0,56,5.000000000000003,0.06887500000000006,4.76514595344064,0.1568452681972961,4.990866221637936,True,
296,68,76,61,47,u,0.0,0.5,133.375,0.0,71.775,0.0,30.2,5.0,61.599999999999994,102.0,15.707963267948966,117.70796326794897,2,180.0,203,19.999999999999996,0.51,4.76514595344064,0.5085121315307412,5.783658084971381,True,
297,68,76,61,47,u,0.0,0.5,133.55,0.0,71.6,0.0,30.375,5.0,61.95000000000002,102.70000000000002,15.707963267948966,118.40796326794899,2,180.0,203,19.999999999999996,0.5135000000000001,4.76514595344064,0.515059646224559,5.7937055996651985,True,
298,68,76,61,47,u,0.0,0.5,133.725,0.0,71.425,0.0,30.55,5.0,62.3,103.39999999999999,15.707963267948966,119.10796326794896,2,180.0,205,12.415799627876629,0.517,4.76514595344064,0.5515776328062666,5.833723586246907,True,
299,68,77,61,49,u,0.0,0.5,133.2,0.0,80.6,0.0,13.05,5.0,52.599999999999994,58.69999999999999,15.707963267948966,74.40796326794896,2,180.0,173,15.203604093293503,0.2934999999999999,4.76514595344064,0.3389286436735105,5.39757459711415,True,
300,68,113,61,5,freeform,45.0,0.5,134.425,0.0,28.425,150.0,0.0,5.0,106.00000000000001,185.6223663640862,7.853981633974483,193.47634799806067,2,90.0,256,9.999999999999991,0.928111831820431,2.38257297672032,1.0276503658002112,4.338335174340962,True,
301,68,116,61,1,freeform,45.0,1.0,133.9,0.0,10.775,150.0,0.0,5.0,123.125,192.71577361972544,7.853981633974483,200.56975525369992,2,90.0,299,15.000000000000002,0.9635788680986273,2.38257297672032,1.229615123113405,4.575766967932352,True,
302,68,116,61,1,freeform,45.0,1.0,134.075,0.0,10.95,150.0,0.0,5.0,123.12499999999999,192.7157736197254,7.853981633974483,200.5697552536999,2,90.0,299,14.999999999999998,0.963578868098627,2.38257297672032,1.2251505343717355,4.571302379190683,True,
303,68,116,61,1,freeform,45.0,1.0,134.25,0.0,11.125,150.0,0.0,5.0,123.125,192.71577361972544,7.853981633974483,200.56975525369992,2,90.0,299,15.000000000000002,0.9635788680986273,2.38257297672032,1.2337222840317827,4.579874128850729,True,
304,69,73,63,59,u,0.0,0.5,142.725,0.0,125.6,0.0,32.825,5.0,17.125,62.775000000000006,15.707963267948966,78.48296326794897,2,180.0,66,5.000000000000003,0.313875,4.76514595344064,0.20761906768708632,5.2866400211277265,True,
305,69,73,63,59,u,0.0,0.5,142.025,0.0,126.125,0.0,10.95,5.0,15.900000000000006,17.800000000000004,15.707963267948966,33.507963267948966,2,180.0,53,20.0,0.08900000000000002,4.76514595344064,0.12425595338435429,4.9784019068249945,True,
306,69,73,63,59,u,0.0,0.5,142.375,0.0,125.95,0.0,20.05,5.0,16.424999999999997,36.52500000000001,15.707963267948966,52.232963267948975,2,180.0,60,5.000000000000003,0.18262500000000007,4.76514595344064,0.15678570625849877,5.1045566596991385,True,
307,69,73,63,59,u,0.0,0.5,142.55,0.0,125.775,0.0,32.65,5.0,16.775000000000006,62.075,15.707963267948966,77.78296326794897,2,180.0,66,5.000000000000003,0.310375,4.76514595344064,0.1940773518537248,5.269598305294364,True,
308,69,77,63,49,u,0.0,0.5,142.2,0.0,80.95,0.0,11.125,5.0,61.249999999999986,63.499999999999986,15.707963267948966,79.20796326794895,2,180.0,201,10.000000000000002,0.31749999999999995,4.76514595344064,0.41241074137756634,5.495056694818206,True,
309,69,79,63,43,u,0.0,0.5,141.5,0.0,53.775,0.0,6.925,5.0,87.725,81.57499999999999,15.707963267948966,97.28296326794896,2,180.0,288,49.45839812649544,0.40787499999999993,4.76514595344064,0.5436309463605409,5.71665189980118,True,
310,69,79,63,43,u,0.0,0.5,141.675,0.0,53.6,0.0,7.1,5.0,88.07500000000002,82.275,15.707963267948966,97.98296326794897,2,180.0,288,46.76439285101784,0.41137500000000005,4.76514595344064,0.5511905644898463,5.727711517930486,True,
311,69,79,63,43,u,0.0,0.5,141.85,0.0,53.425,0.0,7.275,5.0,88.425,82.97500000000001,15.707963267948966,98.68296326794898,2,180.0,288,43.94551956230873,0.41487500000000005,4.76514595344064,0.5616072171088862,5.741628170549526,True,
312,69,99,63,25,freeform,10.0,0.0,143.075,0.0,118.775,150.0,0.0,5.0,24.299999999999983,150.3762012531615,1.7453292519943293,152.12153050515582,2,20.0,100,4.9999999999999964,0.7518810062658075,0.5294606614934043,0.42202372925165527,1.703365397010867,True,
313,69,99,63,25,freeform,10.0,1.0,143.25,0.0,118.95,150.0,0.0,5.0,24.299999999999997,150.37620125316147,1.7453292519943293,152.1215305051558,2,20.0,98,10.000000000000002,0.7518810062658073,0.5294606614934043,0.41913674522099736,1.700478412980209,True,
314,69,99,63,25,freeform,10.0,0.0,143.425,0.0,119.125,150.0,0.0,5.0,24.30000000000001,150.3762012531615,1.7453292519943293,152.12153050515582,2,20.0,100,4.9999999999999964,0.7518810062658075,0.5294606614934043,0.4209523448299118,1.7022940125891235,True,
315,69,111,63,19,freeform,20.0,0.0,142.9,0.0,91.775,150.0,0.0,5.0,51.125,155.48817727455096,3.490658503988659,158.97883577853963,2,40.0,189,9.999999999999995,0.7774408863727549,1.0589213229868089,0.8700005619050855,2.706362771264649,True,
316,72,70,57,51,u,0.0,0.5,114.675,0.0,89.775,0.0,26.175,5.0,24.89999999999999,57.249999999999986,15.707963267948966,72.95796326794895,2,180.0,115,4.423975705160895,0.28624999999999995,4.76514595344064,0.34092273243203736,5.392318685872677,True,
317,72,70,57,51,u,0.0,0.5,114.5,0.0,90.125,0.0,6.4,5.0,24.375,17.175,15.707963267948966,32.882963267948966,2,180.0,80,51.31781254651056,0.085875,4.76514595344064,0.15372026117348253,5.004741214614122,True,
318,73,70,59,51,u,0.0,0.5,123.5,0.0,89.95,0.0,27.575,5.0,33.55,68.7,15.707963267948966,84.40796326794897,2,180.0,133,10.0,0.3435,4.76514595344064,0.34854180011912383,5.457187753559763,True,
319,73,70,59,51,u,0.0,0.5,123.675,0.0,89.6,0.0,12.875,5.0,34.075,39.825,15.707963267948966,55.53296326794897,2,180.0,126,15.203604093292872,0.19912500000000002,4.76514595344064,0.2898214546598788,5.254092408100519,True,
320,70,79,51,43,u,0.0,0.5,87.5,0.0,54.125,0.0,6.575,5.0,33.375,26.525,15.707963267948966,42.23296326794896,2,180.0,110,19.11293778373405,0.132625,4.76514595344064,0.2340774361394875,5.131848389580127,True,
321,70,79,51,43,u,0.0,0.5,87.675,0.0,53.95,0.0,6.75,5.0,33.724999999999994,27.224999999999994,15.707963267948966,42.93296326794896,2,180.0,112,11.773834422366082,0.13612499999999997,4.76514595344064,0.24467257790813995,5.145943531348779,True,
322,70,84,51,41,u,0.0,0.5,87.85,0.0,45.125,0.0,17.25,5.0,42.724999999999994,57.224999999999994,15.707963267948966,72.93296326794896,2,180.0,148,15.2036040932935,0.28612499999999996,4.76514595344064,0.3228273378060976,5.374098291246738,True,
323,93,70,27,51,freeform,-20.0,0.0,127.775,150.0,88.725,0.0,0.0,5.0,39.05000000000001,153.35902898249626,3.490658503988659,156.84968748648492,2,40.0,230,9.999999999999991,0.7667951449124812,1.0589213229868089,0.8422917579762449,2.668008225875535,True,
324,111,70,19,51,freeform,-5.0,0.5,91.25,150.0,88.375,0.0,0.0,5.0,2.875,149.25230635269173,0.8726646259971644,150.1249709786889,2,10.0,219,14.999999999999986,0.7462615317634587,0.2647303307467021,0.6426786858163933,1.6536705483265541,True,
325,111,70,19,51,freeform,-5.0,0.5,91.425,150.0,88.55,0.0,0.0,5.0,2.875,149.25230635269173,0.8726646259971644,150.1249709786889,2,10.0,219,14.999999999999986,0.7462615317634587,0.2647303307467021,0.644464363979638,1.655456226489799,True,
326,70,113,51,5,freeform,30.0,0.0,88.025,0.0,27.725,150.0,0.0,5.0,60.300000000000004,160.79835245497424,5.235987755982987,166.03434021095723,2,59.99999999999999,254,9.999999999999993,0.8039917622748712,1.5883819844802127,0.898750800714745,3.291124547469829,True,
327,70,118,51,9,freeform,20.0,0.0,88.2,0.0,45.025,150.0,0.0,5.0,43.175000000000004,154.08637777791867,3.490658503988659,157.57703628190734,2,40.0,259,9.999999999999991,0.7704318888895934,1.0589213229868089,1.0718459143881438,2.901199126264546,True,
328,73,71,59,24,freeform,5.0,0.5,124.55,0.0,113.925,150.0,0.0,5.0,10.625,149.5906786602327,0.8726646259971644,150.46334328622987,2,10.0,137,5.000000000000003,0.7479533933011635,0.2647303307467021,0.5955654731802706,1.6082491972281363,True,
329,73,71,59,24,freeform,5.0,0.5,124.725,0.0,114.1,150.0,0.0,5.0,10.625,149.5906786602327,0.8726646259971644,150.46334328622987,2,10.0,137,5.000000000000003,0.7479533933011635,0.2647303307467021,0.5936607554251939,1.6063444794730595,True,
330,71,86,24,39,freeform,-30.0,0.0,113.05,150.0,35.075,0.0,0.0,5.0,77.975,165.53435443119434,5.235987755982987,170.77034218717733,2,59.99999999999999,297,9.999999999999998,0.8276717721559718,1.5883819844802127,1.0876499443713985,3.5037037010075833,True,
331,71,108,24,13,u,0.0,0.5,112.0,150.0,65.125,150.0,126.45,5.0,46.875,73.97500000000002,15.707963267948944,89.68296326794896,2,180.0,154,15.203604093292752,0.3698750000000001,4.765145953440633,0.38741093804434534,5.522431891484978,True,
332,71,111,24,19,u,0.0,0.5,112.175,150.0,92.125,150.0,133.1,5.0,20.049999999999997,33.85000000000001,15.707963267948966,49.55796326794898,2,180.0,71,15.203604093292752,0.16925000000000004,4.76514595344064,0.17910724520414006,5.113503198644779,True,
333,93,72,27,57,freeform,-5.0,1.0,128.125,150.0,116.425,0.0,0.0,5.0,11.700000000000003,149.63761417385936,0.8726646259971644,150.51027879985654,2,10.0,124,2.767827495596172,0.7481880708692968,0.2647303307467021,0.5820535945068168,1.5949719961228157,True,
334,72,108,57,13,freeform,20.0,0.0,115.9,0.0,64.075,150.0,0.0,5.0,51.825,155.6116061610469,3.490658503988659,159.10226466503556,2,40.0,267,9.999999999999996,0.7780580308052345,1.0589213229868089,1.1107156142184487,2.947694968010492,True,
335,72,108,57,13,freeform,20.0,0.0,116.075,0.0,64.25,150.0,0.0,5.0,51.825,155.6116061610469,3.490658503988659,159.10226466503556,2,40.0,267,9.999999999999991,0.7780580308052345,1.0589213229868089,1.0661318454086761,2.9031111992007195,True,
336,72,108,57,13,freeform,20.0,1.0,116.25,0.0,64.425,150.0,0.0,5.0,51.825,155.6116061610469,3.490658503988659,159.10226466503556,2,40.0,257,9.999999999999996,0.7780580308052345,1.0589213229868089,1.0764894698987473,2.9134688236907906,True,
337,72,113,57,5,freeform,45.0,0.5,115.375,0.0,28.075,150.0,0.0,5.0,87.3,177.8765727477093,7.853981633974483,185.7305543816838,2,90.0,252,9.022938941133376,0.8893828637385466,2.38257297672032,0.9935416596428557,4.265497500101722,True,
338,72,116,57,1,freeform,45.0,0.5,114.85,0.0,10.25,150.0,0.0,5.0,104.6,185.04246737676385,7.853981633974492,192.89644901073834,2,90.0,272,6.574561115206018,0.9252123368838193,2.3825729767203225,1.1166979647797914,4.424483278383933,True,
339,72,116,57,1,freeform,45.0,0.5,115.025,0.0,10.425,150.0,0.0,5.0,104.60000000000001,185.04246737676385,7.853981633974483,192.89644901073834,2,90.0,272,7.437701203109415,0.9252123368838193,2.38257297672032,1.1233349628580762,4.431120276462215,True,
340,72,116,57,1,freeform,45.0,0.5,115.2,0.0,10.6,150.0,0.0,5.0,104.60000000000001,185.04246737676385,7.853981633974483,192.89644901073834,2,90.0,272,4.423975705160895,0.9252123368838193,2.38257297672032,1.136817088657386,4.444602402261525,True,
341,61,73,29,59,freeform,-5.0,1.0,136.425,150.0,125.425,0.0,0.0,5.0,11.000000000000014,149.6070515138234,0.8726646259971644,150.47971613982057,2,10.0,82,4.999999999999997,0.7480352575691169,0.2647303307467021,0.39803569221087215,1.4108012805266912,True,
342,73,99,59,25,freeform,5.0,0.5,124.9,0.0,118.25,150.0,0.0,5.0,6.650000000000006,149.41712641217134,0.8726646259971642,150.28979103816852,2,10.0,126,10.0,0.7470856320608568,0.26473033074670205,0.5278870402211656,1.5397030030287246,True,
343,73,99,59,25,freeform,5.0,0.5,125.075,0.0,118.425,150.0,0.0,5.0,6.650000000000006,149.41712641217134,0.8726646259971642,150.28979103816852,2,10.0,126,10.0,0.7470856320608568,0.26473033074670205,0.5291667790476831,1.540982741855242,True,
344,73,99,59,25,freeform,5.0,0.5,125.25,0.0,118.6,150.0,0.0,5.0,6.650000000000006,149.41712641217134,0.8726646259971642,150.28979103816852,2,10.0,126,10.0,0.7470856320608568,0.26473033074670205,0.5255061079082518,1.5373220707158106,True,
345,73,108,59,13,freeform,30.0,0.0,124.2,0.0,64.6,150.0,0.0,5.0,59.60000000000001,160.61078802027245,5.23598775598299,165.84677577625544,2,59.99999999999999,270,9.999999999999977,0.8030539401013623,1.5883819844802134,1.024256880527742,3.415692805109318,True,
346,73,111,59,19,freeform,20.0,0.0,124.375,0.0,91.6,150.0,0.0,5.0,32.775000000000006,152.25257717855064,3.490658503988659,155.7432356825393,2,40.0,217,9.999999999999991,0.7612628858927533,1.0589213229868089,0.7433632828742592,2.5635474917538215,True,
347,73,113,59,5,freeform,45.0,0.5,123.85,0.0,28.25,150.0,0.0,5.0,95.6,181.31454531540595,7.853981633974483,189.16852694938044,2,90.0,252,5.000000000000003,0.9065727265770298,2.38257297672032,1.0437510816672866,4.332896784964636,True,
348,73,117,59,7,freeform,45.0,0.5,124.025,0.0,36.725,150.0,0.0,5.0,87.30000000000001,177.8765727477093,7.853981633974483,185.7305543816838,2,90.0,250,5.000000000000003,0.8893828637385466,2.38257297672032,0.920536928402056,4.192492768860922,True,
349,74,76,55,47,u,0.0,0.5,105.85,0.0,72.125,0.0,23.725,5.0,33.724999999999994,61.175,15.707963267948966,76.88296326794897,2,180.0,134,26.491570200356218,0.305875,4.76514595344064,0.28821432183675544,5.3592352752773955,True,
350,74,76,55,47,u,0.0,0.5,106.025,0.0,71.95,0.0,23.9,5.0,34.075,61.875,15.707963267948966,77.58296326794897,2,180.0,134,21.565185015242502,0.309375,4.76514595344064,0.2856845689626109,5.360205522403251,True,
351,74,77,55,49,u,0.0,0.5,105.675,0.0,80.775,0.0,23.375,5.0,24.89999999999999,51.64999999999999,15.707963267948966,67.35796326794896,2,180.0,109,15.203604093293503,0.25825,4.76514595344064,0.2745537349830868,5.297949688423727,True,
352,74,77,55,49,u,0.0,0.5,105.5,0.0,81.125,0.0,10.95,5.0,24.375,26.275,15.707963267948966,41.98296326794896,2,180.0,96,23.019033919048937,0.131375,4.76514595344064,0.2222916455952261,5.118812599035866,True,
353,74,78,55,45,u,0.0,0.5,106.2,0.0,63.125,0.0,24.075,5.0,43.075,71.22500000000001,15.707963267948966,86.93296326794898,2,180.0,160,9.999999999999996,0.356125,4.76514595344064,0.4120835159524851,5.5333544693931245,True,
354,74,78,55,45,u,0.0,0.5,106.375,0.0,62.95,0.0,9.025,5.0,43.425,41.474999999999994,15.707963267948966,57.18296326794896,2,180.0,158,15.203604093292872,0.20737499999999998,4.76514595344064,0.36589300765314714,5.338413961093787,True,
355,74,78,55,45,u,0.0,0.5,106.55,0.0,62.775,0.0,9.2,5.0,43.775,42.175,15.707963267948966,57.882963267948966,2,180.0,158,21.565185015242495,0.21087499999999998,4.76514595344064,0.3400595900340514,5.3160805434746905,True,
356,74,78,55,45,u,0.0,0.5,106.725,0.0,62.6,0.0,9.375,5.0,44.12499999999999,42.875,15.707963267948966,58.58296326794897,2,180.0,160,9.622342719035887,0.214375,4.76514595344064,0.35979184226200506,5.339312795702646,True,
357,93,74,27,55,freeform,-10.0,1.0,127.95,150.0,108.125,0.0,0.0,5.0,19.825000000000003,149.98468948388296,1.7453292519943298,151.73001873587728,2,20.0,147,4.999999999999998,0.7499234474194149,0.5294606614934044,0.5893454929593296,1.8687296018721489,True,
358,98,74,23,55,freeform,-5.0,0.5,109.6,150.0,107.425,0.0,0.0,5.0,2.174999999999997,149.22174369265576,0.8726646259971644,150.09440831865294,2,10.0,173,10.000000000000004,0.7461087184632789,0.2647303307467021,0.5493154310373894,1.5601544802473706,True,
359,98,74,23,55,freeform,-5.0,0.5,109.775,150.0,107.6,0.0,0.0,5.0,2.1750000000000114,149.22174369265576,0.8726646259971644,150.09440831865294,2,10.0,173,10.000000000000004,0.7461087184632789,0.2647303307467021,0.5482737713945364,1.5591128206045175,True,
360,98,74,23,55,freeform,-5.0,0.5,109.95,150.0,107.775,0.0,0.0,5.0,2.174999999999997,149.22174369265576,0.8726646259971644,150.09440831865294,2,10.0,173,10.000000000000004,0.7461087184632789,0.2647303307467021,0.546994032568019,1.557833081778,True,
361,74,113,55,5,freeform,30.0,0.0,106.9,0.0,27.9,150.0,0.0,5.0,79.0,165.80900235343623,5.235987755982987,171.04499010941922,2,59.99999999999999,292,9.999999999999993,0.8290450117671812,1.5883819844802127,1.2309831653237127,3.6484101615711064,True,
362,74,118,55,9,freeform,30.0,0.0,107.075,0.0,45.2,150.0,0.0,5.0,61.875,161.22037243305326,5.235987755982987,166.45636018903625,2,59.99999999999999,291,9.999999999999996,0.8061018621652662,1.5883819844802127,1.1135126934358262,3.5079965400813053,True,
363,76,80,47,35,u,0.0,0.5,69.5,0.0,17.075,0.0,11.3,5.0,52.425,55.02499999999999,15.707963267948966,70.73296326794896,2,180.0,160,29.999999999999996,0.27512499999999995,4.76514595344064,0.3071725217176311,5.347443475158271,True,
364,76,80,47,35,u,0.0,0.5,69.675,0.0,16.9,0.0,11.475,5.0,52.775,55.725,15.707963267948966,71.43296326794896,2,180.0,160,26.491570200356218,0.278625,4.76514595344064,0.31187493678567774,5.3556458902263175,True,
365,76,80,47,35,u,0.0,0.5,69.85,0.0,16.725,0.0,11.65,5.0,53.12499999999999,56.42499999999999,15.707963267948966,72.13296326794895,2,180.0,160,21.565185015242943,0.28212499999999996,4.76514595344064,0.3173511232482603,5.3646220766888995,True,
366,76,80,47,35,u,0.0,0.5,70.025,0.0,16.55,0.0,11.825,5.0,53.47500000000001,57.125000000000014,15.707963267948966,72.83296326794898,2,180.0,160,15.203604093292883,0.2856250000000001,4.76514595344064,0.3306547598979575,5.381425713338598,True,
367,93,76,27,47,freeform,-30.0,1.0,127.425,150.0,71.075,0.0,0.0,5.0,56.349999999999994,159.73995314487132,5.23598775598299,164.9759409008543,2,59.99999999999999,230,5.000000000000003,0.7986997657243566,1.5883819844802134,0.6746733926705102,3.06175514287508,True,
368,93,76,27,47,freeform,-30.0,1.0,127.6,150.0,71.25,0.0,0.0,5.0,56.349999999999994,159.73995314487132,5.23598775598299,164.9759409008543,2,59.99999999999999,230,5.000000000000003,0.7986997657243566,1.5883819844802134,0.6950901295753126,3.0821718797798825,True,
369,76,108,47,13,freeform,5.0,0.5,70.725,0.0,63.2,150.0,0.0,5.0,7.5249999999999915,149.45532973721632,0.8726646259971649,150.3279943632135,2,10.0,241,5.000000000000004,0.7472766486860816,0.2647303307467022,0.948184962296171,1.9601919417289548,True,
370,76,108,47,13,freeform,5.0,0.5,70.9,0.0,63.375,150.0,0.0,5.0,7.525000000000006,149.45532973721632,0.8726646259971649,150.3279943632135,2,10.0,241,5.000000000000005,0.7472766486860816,0.2647303307467022,0.9502087477383342,1.962215727171118,True,
371,76,113,47,5,freeform,20.0,0.5,70.55,0.0,27.375,150.0,0.0,5.0,43.175,154.08637777791867,3.490658503988659,157.57703628190734,2,40.0,223,9.999999999999993,0.7704318888895934,1.0589213229868089,0.8731849342009171,2.7025381460773192,True,
372,76,116,47,1,freeform,30.0,0.0,70.2,0.0,8.675,150.0,0.0,5.0,61.525000000000006,161.12659021570238,5.235987755982988,166.36257797168537,2,59.99999999999999,229,9.999999999999996,0.805632951078512,1.588381984480213,0.6937505759527107,3.087765511511436,True,
373,76,116,47,1,freeform,30.0,0.0,70.375,0.0,8.85,150.0,0.0,5.0,61.525,161.12659021570238,5.235987755982988,166.36257797168537,2,59.99999999999999,229,9.999999999999996,0.805632951078512,1.588381984480213,0.6806553498982958,3.074670285457021,True,
374,77,81,49,37,u,0.0,0.5,78.5,0.0,26.425,0.0,12.875,5.0,52.075,57.825,15.707963267948966,73.53296326794897,2,180.0,164,20.0,0.289125,4.76514595344064,0.3398510670577521,5.394122020498392,True,
375,77,81,49,37,u,0.0,0.5,78.675,0.0,26.25,0.0,13.05,5.0,52.425,58.52499999999999,15.707963267948966,74.23296326794896,2,180.0,164,20.0,0.29262499999999997,4.76514595344064,0.33973202746592,5.39750298090656,True,
376,77,81,49,37,u,0.0,0.5,78.85,0.0,26.075,0.0,13.225,5.0,52.77499999999999,59.224999999999994,15.707963267948966,74.93296326794896,2,180.0,164,20.0,0.29612499999999997,4.76514595344064,0.3361904521088294,5.397461405549469,True,
377,77,81,49,37,u,0.0,0.5,79.025,0.0,25.9,0.0,13.4,5.0,53.12500000000001,59.925000000000004,15.707963267948966,75.63296326794897,2,180.0,164,15.203604093292883,0.29962500000000003,4.76514595344064,0.34386905363945885,5.408640007080098,True,
378,77,108,49,13,freeform,10.0,0.5,79.375,0.0,63.55,150.0,0.0,5.0,15.825000000000003,149.6347348297793,1.7453292519943298,151.3800640817736,2,20.0,247,9.999999999999982,0.7481736741488965,0.5294606614934044,0.7836314520751175,2.0612657877174185,True,
379,77,108,49,13,freeform,10.0,0.5,79.55,0.0,63.725,150.0,0.0,5.0,15.824999999999996,149.63473482977926,1.7453292519943298,151.38006408177358,2,20.0,247,9.999999999999977,0.7481736741488964,0.5294606614934044,0.7851194891158991,2.0627538247582,True,
380,77,108,49,13,freeform,10.0,0.5,79.725,0.0,63.9,150.0,0.0,5.0,15.824999999999996,149.63473482977926,1.7453292519943298,151.38006408177358,2,20.0,247,9.999999999999977,0.7481736741488964,0.5294606614934044,0.7869944820920856,2.0646288177343863,True,
381,77,113,49,5,freeform,20.0,0.0,79.2,0.0,27.55,150.0,0.0,5.0,51.650000000000006,155.5807489394229,3.490658503988659,159.07140744341157,2,40.0,246,9.999999999999993,0.7779037446971145,1.0589213229868089,1.0561018958677524,2.892926963551676,True,
382,78,80,45,35,u,0.0,0.5,60.85,0.0,17.425,0.0,9.2,5.0,43.425,41.825,15.707963267948966,57.53296326794897,2,180.0,132,49.45839812649548,0.209125,4.76514595344064,0.2509224795747502,5.22519343301539,True,
383,78,80,45,35,u,0.0,0.5,61.025,0.0,17.25,0.0,9.375,5.0,43.775,42.525,15.707963267948966,58.23296326794896,2,180.0,132,46.764392851017824,0.212625,4.76514595344064,0.2539879808502748,5.231758934290915,True,
384,78,81,45,37,u,0.0,0.5,60.5,0.0,26.775,0.0,8.85,5.0,33.725,31.425000000000004,15.707963267948966,47.132963267948966,2,180.0,108,40.97463022944531,0.15712500000000001,4.76514595344064,0.23547613027207456,5.157747083712714,True,
385,78,81,45,37,u,0.0,0.5,60.675,0.0,26.6,0.0,9.025,5.0,34.074999999999996,32.12499999999999,15.707963267948966,47.832963267948955,2,180.0,108,43.945519562308846,0.16062499999999996,4.76514595344064,0.22431540294213512,5.150086356382775,True,
386,99,78,25,45,freeform,-30.0,0.5,117.9,150.0,62.25,0.0,0.0,5.0,55.650000000000006,159.5523887101695,5.235987755982987,164.7883764661525,2,59.99999999999999,240,9.999999999999996,0.7977619435508476,1.5883819844802127,0.8694948473303904,3.255638775361451,True,
387,99,78,25,45,freeform,-30.0,0.5,118.075,150.0,62.425,0.0,0.0,5.0,55.650000000000006,159.5523887101695,5.235987755982987,164.7883764661525,2,59.99999999999999,240,9.999999999999996,0.7977619435508476,1.5883819844802127,0.8354174673814114,3.221561395412472,True,
388,101,78,17,45,freeform,-10.0,1.0,81.9,150.0,61.725,0.0,0.0,5.0,20.175000000000004,150.01531051611704,1.7453292519943298,151.76063976811136,2,20.0,249,9.999999999999996,0.7500765525805853,0.5294606614934044,0.8095234763943697,2.0890606904683593,True,
389,101,78,17,45,freeform,-10.0,1.0,82.075,150.0,61.9,0.0,0.0,5.0,20.175000000000004,150.01531051611704,1.7453292519943298,151.76063976811136,2,20.0,251,9.622342719035887,0.7500765525805853,0.5294606614934044,0.8233925581290832,2.1029297722030726,True,
390,78,113,45,5,freeform,20.0,0.5,61.2,0.0,27.2,150.0,0.0,5.0,34.0,152.4685777299185,3.490658503988659,155.95923623390718,2,40.0,204,9.999999999999995,0.7623428886495925,1.0589213229868089,0.7435417720238714,2.564805983660273,True,
391,78,118,45,9,freeform,10.0,0.5,61.375,0.0,44.85,150.0,0.0,5.0,16.525,149.6959768942474,1.7453292519943298,151.44130614624171,2,20.0,231,6.720954232199163,0.748479884471237,0.5294606614934044,0.7922326174662587,2.0701731634309004,True,
392,79,80,43,35,u,0.0,0.5,52.025,0.0,18.125,0.0,7.1,5.0,33.9,28.1,15.707963267948966,43.80796326794896,2,180.0,109,49.45839812649548,0.1405,4.76514595344064,0.21160704853736118,5.117253001978002,True,
393,79,80,43,35,u,0.0,0.5,52.2,0.0,17.95,0.0,7.275,5.0,34.25,28.800000000000004,15.707963267948966,44.507963267948966,2,180.0,109,46.7643928510178,0.14400000000000002,4.76514595344064,0.2147320274659206,5.123877980906561,True,
394,79,80,43,35,u,0.0,0.5,52.375,0.0,17.775,0.0,7.45,5.0,34.6,29.5,15.707963267948966,45.20796326794897,2,180.0,109,43.945519562308846,0.1475,4.76514595344064,0.21642847510198587,5.1290744285426255,True,
395,79,80,43,35,u,0.0,0.5,52.55,0.0,17.6,0.0,7.625,5.0,34.949999999999996,30.199999999999996,15.707963267948966,45.90796326794896,2,180.0,109,40.97463022944531,0.151,4.76514595344064,0.2168749086904241,5.133020862131064,True,
396,79,81,43,37,u,0.0,0.5,51.675,0.0,27.125,0.0,6.75,5.0,24.549999999999997,18.049999999999997,15.707963267948966,33.757963267948966,2,180.0,79,48.61698571665635,0.09024999999999998,4.76514595344064,0.16223211175168295,5.017628065192323,True,
397,79,81,43,37,u,0.0,0.5,51.85,0.0,26.95,0.0,6.925,5.0,24.900000000000002,18.750000000000004,15.707963267948966,34.45796326794897,2,180.0,79,50.7504774335573,0.09375000000000001,4.76514595344064,0.15824399042513743,5.017139943865777,True,
398,79,86,43,39,u,0.0,0.5,51.5,0.0,36.125,0.0,6.575,5.0,15.375,8.525,15.707963267948966,24.232963267948968,2,180.0,48,46.76439285101783,0.042625,4.76514595344064,0.10630946360540774,4.914080417046048,True,
399,108,79,13,43,freeform,-10.0,0.0,62.675,150.0,52.725,0.0,0.0,5.0,9.949999999999996,149.12073893156446,1.7453292519943298,150.86606818355878,2,20.0,238,5.000000000000003,0.7456036946578223,0.5294606614934044,0.7952382477551894,2.0703026039064163,True,
400,108,79,13,43,freeform,-10.0,0.0,62.85,150.0,52.9,0.0,0.0,5.0,9.950000000000003,149.12073893156446,1.7453292519943298,150.86606818355878,2,20.0,238,5.000000000000003,0.7456036946578223,0.5294606614934044,0.7897322803232081,2.064796636474435,True,
401,109,79,15,43,freeform,-10.0,0.5,73.425,150.0,53.075,0.0,0.0,5.0,20.349999999999994,150.03062103223408,1.7453292519943298,151.7759502842284,2,20.0,254,9.999999999999995,0.7501531051611704,0.5294606614934044,0.9124700785543322,2.192083845208907,True,
402,61,80,29,35,freeform,-45.0,0.5,135.375,150.0,16.375,0.0,0.0,5.0,119.0,191.0071426749364,7.853981633974483,198.8611243089109,2,90.0,284,15.000000000000005,0.9550357133746821,2.38257297672032,1.3262812840654963,4.663889974160498,True,
403,108,80,13,35,freeform,-20.0,0.0,62.5,150.0,16.2,0.0,0.0,5.0,46.3,154.63739959263262,3.4906585039886586,158.1280580966213,2,40.0,168,9.999999999999993,0.7731869979631631,1.0589213229868086,0.6901194048301381,2.52222772578011,True,
404,113,80,5,35,freeform,-10.0,0.0,26.85,150.0,15.675,0.0,0.0,5.0,11.175,149.22791254438374,1.7453292519943298,150.97324179637806,2,20.0,83,9.999999999999984,0.7461395627219187,0.5294606614934044,0.3305059112414731,1.606106135456796,True,
405,113,80,5,35,freeform,-10.0,0.0,27.025,150.0,15.85,0.0,0.0,5.0,11.174999999999999,149.22791254438374,1.7453292519943295,150.97324179637806,2,20.0,83,9.999999999999982,0.7461395627219187,0.5294606614934044,0.33672634098648074,1.6123265652018037,True,
406,117,80,7,35,freeform,-10.0,0.0,35.85,150.0,16.025,0.0,0.0,5.0,19.825000000000003,149.98468948388296,1.7453292519943293,151.73001873587728,2,20.0,107,10.0,0.7499234474194149,0.5294606614934043,0.36967297124169796,1.649057080154517,True,
407,62,81,53,37,u,0.0,0.5,96.675,0.0,25.725,0.0,20.225,5.0,70.94999999999999,91.4,15.707963267948966,107.10796326794897,2,180.0,195,29.999999999999993,0.457,4.76514595344064,0.3863691379252209,5.60851509136586,True,
408,62,81,53,37,u,0.0,0.5,96.85,0.0,25.55,0.0,20.4,5.0,71.3,92.1,15.707963267948966,107.80796326794896,2,180.0,195,29.999999999999993,0.46049999999999996,4.76514595344064,0.3916071609183768,5.617253114359016,True,
409,62,81,53,37,u,0.0,0.5,97.025,0.0,25.375,0.0,20.575,5.0,71.65,92.80000000000001,15.707963267948966,108.50796326794898,2,180.0,195,29.999999999999993,0.4640000000000001,4.76514595344064,0.3966666947619198,5.62581264820256,True,
410,62,81,53,37,u,0.0,0.5,97.2,0.0,25.2,0.0,20.75,5.0,72.0,93.5,15.707963267948966,109.20796326794897,2,180.0,195,29.999999999999993,0.4675,4.76514595344064,0.39976197700684296,5.632407930447483,True,
411,62,84,53,41,u,0.0,0.5,96.5,0.0,44.95,0.0,20.05,5.0,51.55,71.64999999999999,15.707963267948966,87.35796326794896,2,180.0,169,15.203604093292492,0.35824999999999996,4.76514595344064,0.363988149421799,5.487384102862439,True,
412,107,84,11,41,freeform,-10.0,0.0,53.5,150.0,43.2,0.0,0.0,5.0,10.299999999999997,149.15135996379854,1.7453292519943298,150.89668921579286,2,20.0,208,4.999999999999997,0.7457567998189927,0.5294606614934044,0.6695536226020701,1.9447710839144672,True,
413,107,84,11,41,freeform,-10.0,0.0,53.675,150.0,43.375,0.0,0.0,5.0,10.299999999999997,149.15135996379854,1.7453292519943298,150.89668921579286,2,20.0,208,4.999999999999997,0.7457567998189927,0.5294606614934044,0.6713690817347133,1.9465865430471105,True,
414,84,114,41,3,freeform,10.0,0.0,42.675,0.0,19.425,150.0,0.0,5.0,23.249999999999996,150.28433815645928,1.7453292519943293,152.0296674084536,2,20.0,154,9.999999999999996,0.7514216907822965,0.5294606614934043,0.5675000842857633,1.8483824365614638,True,
415,84,114,41,3,freeform,10.0,0.0,42.85,0.0,19.6,150.0,0.0,5.0,23.25,150.28433815645928,1.7453292519943289,152.0296674084536,2,20.0,154,9.999999999999996,0.7514216907822965,0.5294606614934042,0.566875161547712,1.8477575138234128,True,
416,86,114,39,3,freeform,10.0,0.0,33.5,0.0,18.9,150.0,0.0,5.0,14.600000000000001,149.52756121696,1.7453292519943293,151.27289046895433,2,20.0,126,4.999999999999997,0.7476378060848,0.5294606614934043,0.4866369699830307,1.7637354375612349,True,
417,86,114,39,3,freeform,10.0,0.0,33.675,0.0,19.075,150.0,0.0,5.0,14.599999999999998,149.52756121696,1.7453292519943298,151.27289046895433,2,20.0,126,4.999999999999997,0.7476378060848,0.5294606614934044,0.48238098850342226,1.7594794560816267,True,
418,117,86,7,39,freeform,-5.0,0.0,36.025,150.0,34.025,0.0,0.0,5.0,2.0,149.2141030276468,0.8726646259971649,150.08676765364396,2,10.0,152,9.999999999999995,0.746070515138234,0.2647303307467022,0.5247620893878601,1.5355629352727962,True,
419,118,86,9,39,freeform,-10.0,0.0,44.675,150.0,34.2,0.0,0.0,5.0,10.474999999999994,149.16667047991558,1.7453292519943298,150.9119997319099,2,20.0,175,9.999999999999993,0.7458333523995779,0.5294606614934044,0.52687502107144,1.8021690349644226,True,
420,84,89,41,33,u,0.0,0.5,42.5,0.0,9.125,0.0,5.0,5.0,33.375,23.375,15.707963267948966,39.08296326794897,2,180.0,112,46.76439285101783,0.116875,4.76514595344064,0.2203868154591328,5.102407768899773,True,
421,117,89,7,33,freeform,-20.0,0.0,35.5,150.0,8.25,0.0,0.0,5.0,27.25,151.27837061013636,3.4906585039886595,154.76902911412503,2,40.0,116,9.999999999999996,0.7563918530506818,1.0589213229868089,0.5017560376701168,2.317069213707607,True,
422,117,89,7,33,freeform,-20.0,0.0,35.675,150.0,8.425,0.0,0.0,5.0,27.249999999999996,151.27837061013636,3.4906585039886595,154.76902911412503,2,40.0,116,9.999999999999996,0.7563918530506818,1.0589213229868089,0.48904768326534276,2.3043608593028333,True,
423,93,107,27,11,u,0.0,0.5,125.5,150.0,55.6,150.0,120.85,5.0,69.9,108.20000000000002,15.707963267948966,123.90796326794899,2,180.0,199,20.0,0.5410000000000001,4.76514595344064,0.43839317622467133,5.744539129665311,True,
424,93,107,27,11,u,0.0,0.5,125.675,150.0,55.425,150.0,120.675,5.0,70.25,108.9,15.707963267948966,124.60796326794897,2,180.0,203,11.666023423142294,0.5445000000000001,4.76514595344064,0.4938097726532022,5.803455726093842,True,
425,93,107,27,11,u,0.0,0.5,125.85,150.0,55.25,150.0,120.5,5.0,70.6,109.6,15.707963267948966,125.30796326794896,2,180.0,207,11.666023423142295,0.5479999999999999,4.76514595344064,0.5042860153062932,5.817431968746933,True,
426,93,107,27,11,u,0.0,0.5,126.025,150.0,55.075,150.0,120.325,5.0,70.95,110.3,15.707963267948966,126.00796326794897,2,180.0,207,20.0,0.5515,4.76514595344064,0.46860147443893674,5.785247427879576,True,
427,93,107,27,11,u,0.0,0.5,126.2,150.0,54.9,150.0,120.15,5.0,71.30000000000001,111.0,15.707963267948966,126.70796326794897,2,180.0,207,20.0,0.555,4.76514595344064,0.4630063045750303,5.78315225801567,True,
428,93,107,27,11,u,0.0,0.5,126.375,150.0,54.725,150.0,119.975,5.0,71.65,111.70000000000002,15.707963267948966,127.40796326794899,2,180.0,207,20.0,0.5585000000000001,4.76514595344064,0.4733037490307127,5.796949702471353,True,
429,93,107,27,11,u,0.0,0.5,126.55,150.0,54.55,150.0,119.8,5.0,72.0,112.4,15.707963267948966,128.10796326794897,2,180.0,207,20.0,0.562,4.76514595344064,0.4808930919389084,5.808039045379548,True,
430,93,107,27,11,u,0.0,0.5,126.725,150.0,54.375,150.0,119.625,5.0,72.35,113.1,15.707963267948966,128.80796326794896,2,180.0,207,20.0,0.5655,4.76514595344064,0.4872918703572581,5.817937823797898,True,
431,93,107,27,11,u,0.0,0.5,126.9,150.0,54.2,150.0,119.45,5.0,72.7,113.8,15.707963267948966,129.50796326794895,2,180.0,207,20.0,0.569,4.76514595344064,0.4908931200341626,5.8250390734748025,True,
432,93,107,27,11,u,0.0,0.5,127.075,150.0,54.025,150.0,119.275,5.0,73.05000000000001,114.5,15.707963267948966,130.20796326794897,2,180.0,207,20.0,0.5725,4.76514595344064,0.49434549295932817,5.831991446399968,True,
433,93,113,27,5,u,0.0,0.5,127.25,150.0,28.775,150.0,119.1,5.0,98.475,140.275,15.707963267948966,155.98296326794897,2,180.0,246,2.767827495596172,0.7013750000000001,4.76514595344064,0.6576788262926637,6.124199779733303,True,
434,98,74,23,55,freeform,-5.0,0.5,110.125,150.0,107.95,0.0,0.0,5.0,2.174999999999997,149.22174369265576,0.8726646259971644,150.09440831865294,2,10.0,173,10.000000000000004,0.7461087184632789,0.2647303307467021,0.5450000000000004,1.5558390492099814,True,
435,98,78,23,45,freeform,-20.0,0.0,109.425,150.0,62.075,0.0,0.0,5.0,47.349999999999994,154.8225429223765,3.4906585039886586,158.31320142636517,2,40.0,268,9.999999999999993,0.7741127146118825,1.0589213229868086,1.0697626793882014,2.9027967169868925,True,
436,98,89,23,33,freeform,-45.0,0.5,109.075,150.0,8.6,0.0,0.0,5.0,100.47500000000001,183.33383643197485,7.853981633974483,191.18781806594933,2,90.0,267,15.000000000000002,0.9166691821598743,2.38257297672032,1.257709759167483,4.556951918047677,True,
437,98,89,23,33,freeform,-45.0,0.5,109.25,150.0,8.775,0.0,0.0,5.0,100.475,183.33383643197482,7.853981633974483,191.1878180659493,2,90.0,267,15.000000000000005,0.9166691821598741,2.38257297672032,1.2680072317184201,4.567249390598614,True,
438,98,101,23,17,u,0.0,0.5,107.5,150.0,82.425,150.0,138.35,5.0,25.075000000000003,28.375000000000014,15.707963267948966,44.08296326794898,2,180.0,78,15.203604093292752,0.14187500000000008,4.76514595344064,0.1953275344728769,5.102348487913517,True,
439,98,109,23,15,u,0.0,0.5,107.675,150.0,74.125,150.0,128.55,5.0,33.55,56.449999999999974,15.707963267948966,72.15796326794894,2,180.0,107,10.000000000000002,0.2822499999999999,4.76514595344064,0.2674703595068721,5.314866312947512,True,
440,98,109,23,15,u,0.0,0.5,107.85,150.0,73.95,150.0,128.375,5.0,33.89999999999999,57.14999999999999,15.707963267948966,72.85796326794896,2,180.0,107,13.860190042982433,0.28574999999999995,4.76514595344064,0.2608037490307138,5.311699702471354,True,
441,98,113,23,5,u,0.0,0.5,108.725,150.0,29.125,150.0,127.5,5.0,79.6,104.6,15.707963267948966,120.30796326794896,2,180.0,221,10.0,0.523,4.76514595344064,0.47529772540822346,5.763443678848863,True,
442,98,113,23,5,u,0.0,0.5,108.9,150.0,28.95,150.0,127.325,5.0,79.95,105.30000000000003,15.707963267948944,121.00796326794897,2,180.0,221,10.0,0.5265000000000002,4.765145953440633,0.47684529629254957,5.768491249733183,True,
443,98,117,23,7,u,0.0,0.5,108.025,150.0,37.425,150.0,128.2,5.0,70.60000000000001,94.20000000000003,15.707963267948966,109.907963267949,2,180.0,215,19.525544209187842,0.47100000000000014,4.76514595344064,0.44741079756807417,5.683556751008714,True,
444,98,117,23,7,u,0.0,0.5,108.2,150.0,37.25,150.0,128.025,5.0,70.95,94.89999999999999,15.707963267948966,110.60796326794896,2,180.0,215,20.0,0.4745,4.76514595344064,0.4453274501871136,5.684973403627753,True,
445,98,117,23,7,u,0.0,0.5,108.375,150.0,37.075,150.0,127.85,5.0,71.3,95.60000000000001,15.707963267948966,111.30796326794898,2,180.0,215,20.0,0.47800000000000004,4.76514595344064,0.44580363664969647,5.688949590090336,True,
446,99,84,25,41,freeform,-30.0,1.0,117.725,150.0,44.775,0.0,0.0,5.0,72.94999999999999,164.18790973922793,5.235987755982987,169.42389749521092,2,59.99999999999999,280,4.822535401004956,0.8209395486961397,1.5883819844802127,0.9720843869053661,3.3814059200817184,True,
447,99,101,25,17,u,0.0,0.5,116.5,150.0,83.125,150.0,124.7,5.0,33.375,63.97500000000002,15.707963267948944,79.68296326794896,2,180.0,106,29.999999999999993,0.31987500000000013,4.765145953440633,0.2619049706123643,5.346925924052997,True,
448,99,101,25,17,u,0.0,0.5,116.675,150.0,82.95,150.0,124.525,5.0,33.724999999999994,64.67499999999998,15.707963267948966,80.38296326794895,2,180.0,106,26.491570200356065,0.3233749999999999,4.76514595344064,0.25479184226200524,5.343312795702644,True,
449,99,101,25,17,u,0.0,0.5,116.85,150.0,82.775,150.0,124.35,5.0,34.07499999999999,65.375,15.707963267948966,81.08296326794897,2,180.0,106,21.565185015243006,0.326875,4.76514595344064,0.25011920816335703,5.342140161603997,True,
450,99,107,25,11,u,0.0,0.5,117.2,150.0,56.125,150.0,124.0,5.0,61.075,93.075,15.707963267948966,108.78296326794897,2,180.0,180,20.0,0.46537500000000004,4.76514595344064,0.4030657260375572,5.633586679478197,True,
451,99,107,25,11,u,0.0,0.5,117.375,150.0,55.95,150.0,123.825,5.0,61.425,93.77500000000002,15.707963267948944,109.48296326794896,2,180.0,180,20.0,0.4688750000000001,4.765145953440633,0.40154779564635884,5.635568749086991,True,
452,99,107,25,11,u,0.0,0.5,117.55,150.0,55.775,150.0,123.65,5.0,61.775,94.475,15.707963267948966,110.18296326794896,2,180.0,182,4.822535401004956,0.472375,4.76514595344064,0.42175615005113287,5.659277103491773,True,
453,99,109,25,15,u,0.0,0.5,117.025,150.0,73.775,150.0,124.175,5.0,43.25,74.89999999999998,15.707963267948987,90.60796326794896,2,180.0,129,9.999999999999998,0.3744999999999999,4.765145953440646,0.2927085510715529,5.432354504512199,True,
454,61,101,29,17,u,0.0,0.5,134.5,150.0,82.25,150.0,136.95,5.0,52.25,58.35000000000002,15.707963267948966,74.05796326794899,2,180.0,163,21.565185015242342,0.2917500000000001,4.76514595344064,0.3212203173639907,5.378116270804631,True,
455,101,84,17,41,freeform,-20.0,0.5,81.55,150.0,44.425,0.0,0.0,5.0,37.125,153.01959954463246,3.4906585039886586,156.51025804862113,2,40.0,239,9.999999999999993,0.7650979977231623,1.0589213229868086,0.841191070204424,2.6652103909143947,True,
456,101,84,17,41,freeform,-20.0,0.5,81.725,150.0,44.6,0.0,0.0,5.0,37.12499999999999,153.01959954463248,3.4906585039886586,156.51025804862115,2,40.0,239,9.999999999999993,0.7650979977231624,1.0589213229868086,0.8505363103064659,2.674555631016437,True,
457,101,114,17,3,u,0.0,0.5,81.375,150.0,20.125,150.0,134.675,5.0,61.25,71.89999999999998,15.707963267948966,87.60796326794895,2,180.0,185,16.484590419130456,0.3594999999999999,4.76514595344064,0.399880932312913,5.524526885753552,True,
458,101,117,17,7,u,0.0,0.5,81.025,150.0,37.775,150.0,135.2,5.0,43.25000000000001,52.85000000000003,15.707963267948966,68.55796326794899,2,180.0,143,29.999999999999996,0.26425000000000015,4.76514595344064,0.29577379948979,5.32516975293043,True,
459,101,118,17,9,u,0.0,0.5,80.5,150.0,47.125,150.0,144.825,5.0,33.375,23.725000000000023,15.707963267948966,39.43296326794899,2,180.0,112,46.764392851017625,0.11862500000000012,4.76514595344064,0.22479164559522627,5.108562599035865,True,
460,101,118,17,9,u,0.0,0.5,80.675,150.0,46.95,150.0,144.65,5.0,33.724999999999994,24.424999999999983,15.707963267948966,40.13296326794895,2,180.0,112,43.94551956230895,0.12212499999999991,4.76514595344064,0.22348212579931026,5.11075307923995,True,
461,101,118,17,9,u,0.0,0.5,80.85,150.0,46.775,150.0,135.55,5.0,34.074999999999996,42.97499999999997,15.707963267948966,58.682963267948935,2,180.0,112,30.683417108975586,0.21487499999999987,4.76514595344064,0.23130954789117042,5.21133050133181,True,
462,74,107,55,11,freeform,30.0,0.0,107.25,0.0,53.85,150.0,0.0,5.0,53.4,158.9495030271995,5.235987755982987,164.1854907831825,2,59.99999999999999,288,9.999999999999995,0.7947475151359976,1.5883819844802127,0.999494678758866,3.3826241783750763,True,
463,108,78,13,45,freeform,-5.0,0.0,63.025,150.0,61.55,0.0,0.0,5.0,1.4750000000000014,149.1911810326198,0.8726646259971644,150.06384565861697,2,10.0,247,4.999999999999999,0.745955905163099,0.2647303307467021,0.8160416034523466,1.8267278393621476,True,
464,111,108,19,13,u,0.0,0.5,89.675,150.0,64.775,150.0,141.5,5.0,24.89999999999999,21.89999999999999,15.707963267948966,37.60796326794896,2,180.0,91,15.203604093292752,0.10949999999999996,4.76514595344064,0.22794646168369245,5.102592415124332,True,
465,111,108,19,13,u,0.0,0.5,89.5,150.0,64.95,150.0,132.225,5.0,24.549999999999997,40.10000000000001,15.707963267948966,55.80796326794898,2,180.0,109,15.203604093292752,0.20050000000000004,4.76514595344064,0.320267888248317,5.285913841688957,True,
466,77,109,49,15,freeform,5.0,0.5,79.9,0.0,73.6,150.0,0.0,5.0,6.300000000000011,149.4018450821534,0.8726646259971642,150.27450970815056,2,10.0,238,4.999999999999997,0.747009225410767,0.26473033074670205,0.8409229852893252,1.852662541446794,True,
467,109,84,15,41,freeform,-20.0,0.5,72.55,150.0,43.55,0.0,0.0,5.0,29.0,151.58694282637617,3.490658503988659,155.07760133036484,2,40.0,242,9.999999999999993,0.7579347141318808,1.0589213229868089,0.7958337547621486,2.6126897918808383,True,
468,109,84,15,41,freeform,-20.0,0.5,72.725,150.0,43.725,0.0,0.0,5.0,28.999999999999993,151.58694282637617,3.490658503988659,155.07760133036484,2,40.0,242,9.999999999999991,0.7579347141318808,1.0589213229868089,0.790387180697438,2.607243217816128,True,
469,109,84,15,41,freeform,-20.0,0.5,72.9,150.0,43.9,0.0,0.0,5.0,29.000000000000007,151.58694282637617,3.490658503988659,155.07760133036484,2,40.0,242,9.999999999999995,0.7579347141318808,1.0589213229868089,0.8097622860546415,2.6266183231733313,True,
470,109,84,15,41,freeform,-20.0,0.5,73.075,150.0,44.075,0.0,0.0,5.0,29.0,151.58694282637617,3.490658503988659,155.07760133036484,2,40.0,242,4.999999999999997,0.7579347141318808,1.0589213229868089,0.8096135778744286,2.6264696149931184,True,
471,109,84,15,41,freeform,-20.0,0.5,73.25,150.0,44.25,0.0,0.0,5.0,29.0,151.58694282637617,3.490658503988659,155.07760133036484,2,40.0,242,4.999999999999997,0.7579347141318808,1.0589213229868089,0.8099409718710345,2.6267970089897243,True,
472,109,86,15,39,freeform,-20.0,0.5,71.85,150.0,34.375,0.0,0.0,5.0,37.474999999999994,153.0813139878804,3.4906585039886586,156.57197249186908,2,40.0,223,9.999999999999991,0.765406569939402,1.0589213229868086,0.8013993684186896,2.6257272613449003,True,
473,109,86,15,39,freeform,-20.0,0.5,72.025,150.0,34.55,0.0,0.0,5.0,37.47500000000001,153.08131398788043,3.4906585039886586,156.5719724918691,2,40.0,223,9.999999999999993,0.7654065699394021,1.0589213229868086,0.801905307755417,2.626233200681628,True,
474,109,86,15,39,freeform,-20.0,0.5,72.2,150.0,34.725,0.0,0.0,5.0,37.475,153.08131398788043,3.4906585039886586,156.5719724918691,2,40.0,223,9.999999999999993,0.7654065699394021,1.0589213229868086,0.7963100536057479,2.620637946531959,True,
475,109,86,15,39,freeform,-20.0,0.5,72.375,150.0,34.9,0.0,0.0,5.0,37.475,153.08131398788043,3.4906585039886586,156.5719724918691,2,40.0,223,9.999999999999993,0.7654065699394021,1.0589213229868086,0.7881552656125358,2.6124831585387467,True,
476,109,117,15,7,u,0.0,0.5,71.5,150.0,38.125,150.0,137.825,5.0,33.375,37.72500000000002,15.707963267948966,53.43296326794899,2,180.0,112,41.746941485159745,0.18862500000000013,4.76514595344064,0.2386012496769048,5.192372203117545,True,
477,109,117,15,7,u,0.0,0.5,71.675,150.0,37.95,150.0,137.65,5.0,33.724999999999994,38.42499999999998,15.707963267948966,54.13296326794895,2,180.0,112,44.134894720449495,0.1921249999999999,4.76514595344064,0.23452381353741744,5.191794766978057,True,
478,111,77,19,49,freeform,-10.0,0.5,90.725,150.0,80.075,0.0,0.0,5.0,10.649999999999991,149.18198099603262,1.7453292519943298,150.92731024802694,2,20.0,224,9.999999999999993,0.7459099049801631,0.5294606614934044,0.6015480204083933,1.8769185868819607,True,
479,111,77,19,49,freeform,-10.0,0.5,90.9,150.0,80.25,0.0,0.0,5.0,10.650000000000006,149.18198099603262,1.7453292519943298,150.92731024802694,2,20.0,224,9.999999999999993,0.7459099049801631,0.5294606614934044,0.6012801602553303,1.8766507267288977,True,
480,111,77,19,49,freeform,-10.0,0.5,91.075,150.0,80.425,0.0,0.0,5.0,10.650000000000006,149.18198099603262,1.7453292519943298,150.92731024802694,2,20.0,224,9.999999999999993,0.7459099049801631,0.5294606614934044,0.6012802164458385,1.876650782919406,True,
481,111,79,19,43,freeform,-20.0,0.5,90.55,150.0,53.25,0.0,0.0,5.0,37.3,153.05045676625645,3.4906585039886586,156.54111527024511,2,40.0,254,9.999999999999993,0.7652522838312823,1.0589213229868086,0.8688694750682743,2.693043081886365,True,
482,111,81,19,37,freeform,-30.0,0.0,90.025,150.0,24.675,0.0,0.0,5.0,65.35000000000001,162.15149587675143,5.235987755982988,167.38748363273442,2,59.99999999999999,250,9.999999999999991,0.8107574793837572,1.588381984480213,0.8142864367351088,3.213425900599079,True,
483,111,81,19,37,freeform,-30.0,0.0,90.2,150.0,24.85,0.0,0.0,5.0,65.35,162.15149587675143,5.235987755982988,167.38748363273442,2,59.99999999999999,250,9.999999999999991,0.8107574793837572,1.588381984480213,0.7971435555106052,3.1962830193745755,True,
484,111,81,19,37,freeform,-30.0,0.0,90.375,150.0,25.025,0.0,0.0,5.0,65.35,162.15149587675143,5.235987755982988,167.38748363273442,2,59.99999999999999,250,9.999999999999991,0.8107574793837572,1.588381984480213,0.7907745580616542,3.1899140219256243,True,
485,111,114,19,3,u,0.0,0.5,89.85,150.0,19.95,150.0,131.525,5.0,69.89999999999999,86.84999999999998,15.707963267948966,102.55796326794895,2,180.0,223,10.0,0.4342499999999999,4.76514595344064,0.5226488767517388,5.722044830192378,True,
486,113,89,5,33,freeform,-10.0,0.0,26.5,150.0,7.9,0.0,0.0,5.0,18.6,149.87751587106374,1.7453292519943295,151.62284512305806,2,20.0,88,9.999999999999984,0.7493875793553187,0.5294606614934044,0.39505961812930557,1.6739078589780287,True,
487,113,89,5,33,freeform,-10.0,0.0,26.675,150.0,8.075,0.0,0.0,5.0,18.6,149.87751587106374,1.7453292519943295,151.62284512305806,2,20.0,88,9.999999999999984,0.7493875793553187,0.5294606614934044,0.3934227043367834,1.6722709451855065,True,
488,86,114,39,3,freeform,10.0,0.0,33.85,0.0,19.25,150.0,0.0,5.0,14.600000000000001,149.52756121696,1.7453292519943293,151.27289046895433,2,20.0,126,4.999999999999997,0.7476378060848,0.5294606614934043,0.49252980906465316,1.7696282766428575,True,
489,114,89,3,33,freeform,-10.0,0.0,17.5,150.0,6.5,0.0,0.0,5.0,11.0,149.2126020282667,1.7453292519943295,150.95793128026102,2,20.0,60,9.999999999999991,0.7460630101413335,0.5294606614934044,0.22333344571435004,1.4988571173490879,True,
490,114,89,3,33,freeform,-10.0,0.0,17.675,150.0,6.675,0.0,0.0,5.0,11.0,149.2126020282667,1.7453292519943295,150.95793128026102,2,20.0,60,9.999999999999991,0.7460630101413335,0.5294606614934044,0.22800610790825226,1.50352977954299,True,
491,114,89,3,33,freeform,-10.0,0.0,17.85,150.0,6.85,0.0,0.0,5.0,11.000000000000002,149.2126020282667,1.7453292519943295,150.95793128026102,2,20.0,60,9.999999999999991,0.7460630101413335,0.5294606614934044,0.22645848083341774,1.5019821524681556,True,
492,114,89,3,33,freeform,-10.0,0.0,18.025,150.0,7.025,0.0,0.0,5.0,10.999999999999998,149.2126020282667,1.7453292519943295,150.95793128026102,2,20.0,60,9.99999999999999,0.7460630101413335,0.5294606614934044,0.23687530202398221,1.51239897365872,True,
493,114,89,3,33,freeform,-10.0,0.0,18.2,150.0,7.2,0.0,0.0,5.0,11.0,149.2126020282667,1.7453292519943295,150.95793128026102,2,20.0,60,9.999999999999991,0.7460630101413335,0.5294606614934044,0.22830369284020557,1.5038273644749434,True,
494,114,89,3,33,freeform,-10.0,0.0,18.375,150.0,7.375,0.0,0.0,5.0,11.0,149.2126020282667,1.7453292519943295,150.95793128026102,2,20.0,60,9.999999999999991,0.7460630101413335,0.5294606614934044,0.2306548722789748,1.5061785439137125,True,
495,114,89,3,33,freeform,-10.0,0.0,18.55,150.0,7.55,0.0,0.0,5.0,11.0,149.2126020282667,1.7453292519943295,150.95793128026102,2,20.0,60,9.999999999999991,0.7460630101413335,0.5294606614934044,0.23255964622455988,1.5080833178592976,True,
496,114,89,3,33,freeform,-10.0,0.0,18.725,150.0,7.725,0.0,0.0,5.0,11.000000000000002,149.2126020282667,1.7453292519943295,150.95793128026102,2,20.0,60,9.999999999999991,0.7460630101413335,0.5294606614934044,0.22970247125855514,1.505226142893293,True,
497,62,116,53,1,freeform,45.0,0.5,97.9,0.0,9.55,150.0,0.0,5.0,88.35000000000001,178.31149698820104,7.853981633974483,186.16547862217553,2,90.0,270,9.999999999999993,0.8915574849410053,2.38257297672032,0.944493892091751,4.218624353753076,True,
498,62,116,53,1,freeform,45.0,0.5,98.075,0.0,9.725,150.0,0.0,5.0,88.35000000000001,178.31149698820104,7.853981633974483,186.16547862217553,2,90.0,270,9.99999999999999,0.8915574849410053,2.38257297672032,0.9441367452210004,4.2182672068823255,True,
499,62,116,53,1,freeform,45.0,0.5,98.25,0.0,9.9,150.0,0.0,5.0,88.35,178.31149698820104,7.853981633974483,186.16547862217553,2,90.0,270,10.00000000000001,0.8915574849410053,2.38257297672032,0.9333342042862143,4.20746466594754,True,
500,62,116,53,1,freeform,45.0,0.5,98.425,0.0,10.075,150.0,0.0,5.0,88.35,178.31149698820104,7.853981633974483,186.16547862217553,2,90.0,270,10.000000000000005,0.8915574849410053,2.38257297672032,0.9316675938100558,4.205798055471381,True,
501,80,116,35,1,freeform,5.0,0.0,15.5,0.0,8.5,150.0,0.0,5.0,7.0,149.43240774218935,0.8726646259971647,150.30507236818653,2,10.0,64,4.999999999999995,0.7471620387109468,0.26473033074670216,0.40785739972803803,1.419749769185687,True,
502,72,117,57,7,freeform,30.0,0.5,115.55,0.0,36.375,150.0,0.0,5.0,79.175,165.85589346211168,5.235987755982987,171.09188121809467,2,59.99999999999999,283,9.999999999999996,0.8292794673105585,1.5883819844802127,1.1237208792690747,3.541382331059846,True,
503,72,117,57,7,freeform,30.0,0.5,115.725,0.0,36.55,150.0,0.0,5.0,79.175,165.85589346211168,5.235987755982987,171.09188121809467,2,59.99999999999999,283,9.999999999999996,0.8292794673105585,1.5883819844802127,1.132798315408562,3.5504597671993334,True,
504,84,117,41,7,freeform,5.0,0.0,43.025,0.0,36.2,150.0,0.0,5.0,6.824999999999996,149.42476707718038,0.8726646259971649,150.29743170317755,2,10.0,173,5.000000000000003,0.7471238353859019,0.2647303307467022,0.6452978096939869,1.657151975826591,True,
505,98,117,23,7,u,0.0,0.5,108.55,150.0,36.9,150.0,127.675,5.0,71.65,96.29999999999998,15.707963267948987,112.00796326794897,2,180.0,215,20.0,0.48149999999999993,4.765145953440646,0.4509226762415286,5.697568629682174,True,
506,101,117,17,7,u,0.0,0.5,81.2,150.0,37.6,150.0,135.025,5.0,43.6,53.54999999999999,15.707963267948966,69.25796326794895,2,180.0,143,29.999999999999996,0.26774999999999993,4.76514595344064,0.2983928390816221,5.331288792522262,True,
507,71,118,24,9,u,0.0,0.5,112.35,150.0,46.6,150.0,126.275,5.0,65.75,93.19999999999999,15.707963267948966,108.90796326794896,2,180.0,199,12.869768718360591,0.46599999999999997,4.76514595344064,0.4205358888776504,5.651681842318291,True,
508,71,118,24,9,u,0.0,0.5,112.525,150.0,46.425,150.0,126.1,5.0,66.10000000000001,93.90000000000002,15.707963267948966,109.60796326794899,2,180.0,199,18.828601894693048,0.4695000000000001,4.76514595344064,0.4268157962756927,5.661461749716333,True,
509,71,118,24,9,u,0.0,0.5,112.7,150.0,46.25,150.0,125.925,5.0,66.45,94.59999999999998,15.707963267948987,110.30796326794896,2,180.0,199,21.565185015242644,0.4729999999999999,4.765145953440646,0.42654782374161315,5.664693777182259,True,
510,71,118,24,9,u,0.0,0.5,112.875,150.0,46.075,150.0,125.75,5.0,66.8,95.3,15.707963267948966,111.00796326794897,2,180.0,201,15.203604093292752,0.4765,4.76514595344064,0.464613212636121,5.7062591660767605,True,
511,118,81,9,37,freeform,-10.0,0.0,44.5,150.0,24.5,0.0,0.0,5.0,20.0,150.0,1.7453292519943293,151.74532925199432,2,20.0,158,9.999999999999996,0.75,0.5294606614934043,0.5605061640987602,1.8399668255921644,True,
