[608655.2] PE_E_T2000_NC2880: start mode=N budget=2880 spec={"name": "PE_E_T2000", "target_policy": "LEGACY", "evaluation_policy": "E2_ORDERED_K16", "traversal_policy": "BASE", "max_targets": 2000, "k_per_target": 16, "family_round_robin": false, "relocation_side_reserve": 0, "waiting_age": false, "route_coverage": false, "multi_anchor": true, "exact_dedup": false, "decision_cache": false, "return_action": false, "cache_structural_skips": false, "window_slack_mm": 1e-05, "generation_domain": "LINE_ONLY", "path_window_settings": null, "stage_length_cap_mm": null, "notes": ""}
[608655.2] PE_E_T2000_NC2880: start state=challenge C:\Users\lihao\Desktop\Graduation Project\OpticalWaveguideRouter3D\outputs\3d_strategy_v4\512_full_layout\N2880 pairs=30999
[608659.4] PE_E_T2000_NC2880: INITIAL_DONE pairs=30999
[608659.5] PE_E_T2000_NC2880: step 1 NO_CANDIDATES_GENERATED pairs=30999 evals=0 0s
[608659.7] PE_E_T2000_NC2880: step 2 NO_CANDIDATES_GENERATED pairs=30999 evals=0 0s
[608659.8] PE_E_T2000_NC2880: step 3 NO_CANDIDATES_GENERATED pairs=30999 evals=0 0s
[608659.9] PE_E_T2000_NC2880: step 4 NO_CANDIDATES_GENERATED pairs=30999 evals=0 1s
[608660.1] PE_E_T2000_NC2880: step 5 NO_CANDIDATES_GENERATED pairs=30999 evals=0 1s
[608660.2] PE_E_T2000_NC2880: step 6 NO_CANDIDATES_GENERATED pairs=30999 evals=0 1s
[608665.5] PE_E_T2000_NC2880: step 7 ELEVATED pairs=30804 evals=16 6s
[608665.7] PE_E_T2000_NC2880: step 8 NO_CANDIDATES_GENERATED pairs=30804 evals=16 6s
[608665.8] PE_E_T2000_NC2880: step 9 NO_CANDIDATES_GENERATED pairs=30804 evals=16 6s
[608665.9] PE_E_T2000_NC2880: step 10 NO_CANDIDATES_GENERATED pairs=30804 evals=16 7s
[608666.1] PE_E_T2000_NC2880: step 11 NO_CANDIDATES_GENERATED pairs=30804 evals=16 7s
[608666.2] PE_E_T2000_NC2880: step 12 NO_CANDIDATES_GENERATED pairs=30804 evals=16 7s
[608666.3] PE_E_T2000_NC2880: step 13 NO_CANDIDATES_GENERATED pairs=30804 evals=16 7s
[608672.5] PE_E_T2000_NC2880: step 14 ELEVATED pairs=30611 evals=32 13s
[608672.7] PE_E_T2000_NC2880: step 15 NO_CANDIDATES_GENERATED pairs=30611 evals=32 13s
[608672.8] PE_E_T2000_NC2880: step 16 NO_CANDIDATES_GENERATED pairs=30611 evals=32 13s
[608672.9] PE_E_T2000_NC2880: step 17 NO_CANDIDATES_GENERATED pairs=30611 evals=32 14s
[608673.1] PE_E_T2000_NC2880: step 18 NO_CANDIDATES_GENERATED pairs=30611 evals=32 14s
[608673.2] PE_E_T2000_NC2880: step 19 NO_CANDIDATES_GENERATED pairs=30611 evals=32 14s
[608673.3] PE_E_T2000_NC2880: step 20 NO_CANDIDATES_GENERATED pairs=30611 evals=32 14s
[608680.1] PE_E_T2000_NC2880: step 21 ELEVATED pairs=30439 evals=48 21s
[608680.2] PE_E_T2000_NC2880: step 22 NO_CANDIDATES_GENERATED pairs=30439 evals=48 21s
[608680.3] PE_E_T2000_NC2880: step 23 NO_CANDIDATES_GENERATED pairs=30439 evals=48 21s
[608680.4] PE_E_T2000_NC2880: step 24 NO_CANDIDATES_GENERATED pairs=30439 evals=48 21s
[608680.5] PE_E_T2000_NC2880: step 25 NO_CANDIDATES_GENERATED pairs=30439 evals=48 21s
[608680.6] PE_E_T2000_NC2880: step 26 NO_CANDIDATES_GENERATED pairs=30439 evals=48 21s
[608680.7] PE_E_T2000_NC2880: step 27 NO_CANDIDATES_GENERATED pairs=30439 evals=48 21s
[608687.1] PE_E_T2000_NC2880: step 28 ELEVATED pairs=30289 evals=64 28s
[608687.2] PE_E_T2000_NC2880: step 29 NO_CANDIDATES_GENERATED pairs=30289 evals=64 28s
[608687.3] PE_E_T2000_NC2880: step 30 NO_CANDIDATES_GENERATED pairs=30289 evals=64 28s
[608687.4] PE_E_T2000_NC2880: step 31 NO_CANDIDATES_GENERATED pairs=30289 evals=64 28s
[608687.6] PE_E_T2000_NC2880: step 32 NO_CANDIDATES_GENERATED pairs=30289 evals=64 28s
[608687.7] PE_E_T2000_NC2880: step 33 NO_CANDIDATES_GENERATED pairs=30289 evals=64 28s
[608687.8] PE_E_T2000_NC2880: step 34 NO_CANDIDATES_GENERATED pairs=30289 evals=64 28s
[608687.9] PE_E_T2000_NC2880: step 35 NO_CANDIDATES_GENERATED pairs=30289 evals=64 29s
[608697.0] PE_E_T2000_NC2880: step 36 ELEVATED pairs=30099 evals=80 38s
[608697.1] PE_E_T2000_NC2880: step 37 NO_CANDIDATES_GENERATED pairs=30099 evals=80 38s
[608697.2] PE_E_T2000_NC2880: step 38 NO_CANDIDATES_GENERATED pairs=30099 evals=80 38s
[608697.3] PE_E_T2000_NC2880: step 39 NO_CANDIDATES_GENERATED pairs=30099 evals=80 38s
[608697.4] PE_E_T2000_NC2880: step 40 NO_CANDIDATES_GENERATED pairs=30099 evals=80 38s
[608697.5] PE_E_T2000_NC2880: step 41 NO_CANDIDATES_GENERATED pairs=30099 evals=80 38s
[608697.6] PE_E_T2000_NC2880: step 42 NO_CANDIDATES_GENERATED pairs=30099 evals=80 38s
[608697.7] PE_E_T2000_NC2880: step 43 NO_CANDIDATES_GENERATED pairs=30099 evals=80 38s
[608708.0] PE_E_T2000_NC2880: step 44 ELEVATED pairs=29911 evals=96 49s
[608708.1] PE_E_T2000_NC2880: step 45 NO_CANDIDATES_GENERATED pairs=29911 evals=96 49s
[608708.2] PE_E_T2000_NC2880: step 46 NO_CANDIDATES_GENERATED pairs=29911 evals=96 49s
[608708.3] PE_E_T2000_NC2880: step 47 NO_CANDIDATES_GENERATED pairs=29911 evals=96 49s
[608708.4] PE_E_T2000_NC2880: step 48 NO_CANDIDATES_GENERATED pairs=29911 evals=96 49s
[608708.5] PE_E_T2000_NC2880: step 49 NO_CANDIDATES_GENERATED pairs=29911 evals=96 49s
[608708.7] PE_E_T2000_NC2880: step 50 NO_CANDIDATES_GENERATED pairs=29911 evals=96 49s
[608708.8] PE_E_T2000_NC2880: step 51 NO_CANDIDATES_GENERATED pairs=29911 evals=96 49s
[608721.0] PE_E_T2000_NC2880: step 52 ELEVATED pairs=29725 evals=112 62s
[608721.1] PE_E_T2000_NC2880: step 53 NO_CANDIDATES_GENERATED pairs=29725 evals=112 62s
[608721.2] PE_E_T2000_NC2880: step 54 NO_CANDIDATES_GENERATED pairs=29725 evals=112 62s
[608721.3] PE_E_T2000_NC2880: step 55 NO_CANDIDATES_GENERATED pairs=29725 evals=112 62s
[608721.4] PE_E_T2000_NC2880: step 56 NO_CANDIDATES_GENERATED pairs=29725 evals=112 62s
[608721.6] PE_E_T2000_NC2880: step 57 NO_CANDIDATES_GENERATED pairs=29725 evals=112 62s
[608721.7] PE_E_T2000_NC2880: step 58 NO_CANDIDATES_GENERATED pairs=29725 evals=112 62s
[608721.8] PE_E_T2000_NC2880: step 59 NO_CANDIDATES_GENERATED pairs=29725 evals=112 62s
[608730.6] PE_E_T2000_NC2880: step 60 ELEVATED pairs=29535 evals=128 71s
[608730.7] PE_E_T2000_NC2880: step 61 NO_CANDIDATES_GENERATED pairs=29535 evals=128 71s
[608730.8] PE_E_T2000_NC2880: step 62 NO_CANDIDATES_GENERATED pairs=29535 evals=128 71s
[608730.9] PE_E_T2000_NC2880: step 63 NO_CANDIDATES_GENERATED pairs=29535 evals=128 72s
[608731.1] PE_E_T2000_NC2880: step 64 NO_CANDIDATES_GENERATED pairs=29535 evals=128 72s
[608731.2] PE_E_T2000_NC2880: step 65 NO_CANDIDATES_GENERATED pairs=29535 evals=128 72s
[608731.3] PE_E_T2000_NC2880: step 66 NO_CANDIDATES_GENERATED pairs=29535 evals=128 72s
[608731.4] PE_E_T2000_NC2880: step 67 NO_CANDIDATES_GENERATED pairs=29535 evals=128 72s
[608745.5] PE_E_T2000_NC2880: step 68 ELEVATED pairs=29351 evals=144 86s
[608745.6] PE_E_T2000_NC2880: step 69 NO_CANDIDATES_GENERATED pairs=29351 evals=144 86s
[608745.8] PE_E_T2000_NC2880: step 70 NO_CANDIDATES_GENERATED pairs=29351 evals=144 86s
[608745.9] PE_E_T2000_NC2880: step 71 NO_CANDIDATES_GENERATED pairs=29351 evals=144 87s
[608746.0] PE_E_T2000_NC2880: step 72 NO_CANDIDATES_GENERATED pairs=29351 evals=144 87s
[608746.2] PE_E_T2000_NC2880: step 73 NO_CANDIDATES_GENERATED pairs=29351 evals=144 87s
[608746.3] PE_E_T2000_NC2880: step 74 NO_CANDIDATES_GENERATED pairs=29351 evals=144 87s
[608746.4] PE_E_T2000_NC2880: step 75 NO_CANDIDATES_GENERATED pairs=29351 evals=144 87s
[608756.9] PE_E_T2000_NC2880: step 76 ELEVATED pairs=29163 evals=160 97s
[608757.0] PE_E_T2000_NC2880: step 77 NO_CANDIDATES_GENERATED pairs=29163 evals=160 98s
[608757.1] PE_E_T2000_NC2880: step 78 NO_CANDIDATES_GENERATED pairs=29163 evals=160 98s
[608757.3] PE_E_T2000_NC2880: step 79 NO_CANDIDATES_GENERATED pairs=29163 evals=160 98s
[608757.4] PE_E_T2000_NC2880: step 80 NO_CANDIDATES_GENERATED pairs=29163 evals=160 98s
[608757.6] PE_E_T2000_NC2880: step 81 NO_CANDIDATES_GENERATED pairs=29163 evals=160 98s
[608757.7] PE_E_T2000_NC2880: step 82 NO_CANDIDATES_GENERATED pairs=29163 evals=160 98s
[608757.8] PE_E_T2000_NC2880: step 83 NO_CANDIDATES_GENERATED pairs=29163 evals=160 98s
[608764.6] PE_E_T2000_NC2880: step 84 ELEVATED pairs=28988 evals=176 105s
[608764.7] PE_E_T2000_NC2880: step 85 NO_CANDIDATES_GENERATED pairs=28988 evals=176 105s
[608764.9] PE_E_T2000_NC2880: step 86 NO_CANDIDATES_GENERATED pairs=28988 evals=176 105s
[608765.0] PE_E_T2000_NC2880: step 87 NO_CANDIDATES_GENERATED pairs=28988 evals=176 106s
[608765.1] PE_E_T2000_NC2880: step 88 NO_CANDIDATES_GENERATED pairs=28988 evals=176 106s
[608765.3] PE_E_T2000_NC2880: step 89 NO_CANDIDATES_GENERATED pairs=28988 evals=176 106s
[608765.4] PE_E_T2000_NC2880: step 90 NO_CANDIDATES_GENERATED pairs=28988 evals=176 106s
[608765.5] PE_E_T2000_NC2880: step 91 NO_CANDIDATES_GENERATED pairs=28988 evals=176 106s
[608773.8] PE_E_T2000_NC2880: step 92 ELEVATED pairs=28815 evals=192 114s
[608773.9] PE_E_T2000_NC2880: step 93 NO_CANDIDATES_GENERATED pairs=28815 evals=192 115s
[608774.0] PE_E_T2000_NC2880: step 94 NO_CANDIDATES_GENERATED pairs=28815 evals=192 115s
[608774.2] PE_E_T2000_NC2880: step 95 NO_CANDIDATES_GENERATED pairs=28815 evals=192 115s
[608774.3] PE_E_T2000_NC2880: step 96 NO_CANDIDATES_GENERATED pairs=28815 evals=192 115s
[608774.4] PE_E_T2000_NC2880: step 97 NO_CANDIDATES_GENERATED pairs=28815 evals=192 115s
[608774.6] PE_E_T2000_NC2880: step 98 NO_CANDIDATES_GENERATED pairs=28815 evals=192 115s
[608774.7] PE_E_T2000_NC2880: step 99 NO_CANDIDATES_GENERATED pairs=28815 evals=192 115s
[608785.1] PE_E_T2000_NC2880: step 100 ELEVATED pairs=28644 evals=208 126s
[608785.3] PE_E_T2000_NC2880: step 101 NO_CANDIDATES_GENERATED pairs=28644 evals=208 126s
[608785.4] PE_E_T2000_NC2880: step 102 NO_CANDIDATES_GENERATED pairs=28644 evals=208 126s
[608785.5] PE_E_T2000_NC2880: step 103 NO_CANDIDATES_GENERATED pairs=28644 evals=208 126s
[608785.6] PE_E_T2000_NC2880: step 104 NO_CANDIDATES_GENERATED pairs=28644 evals=208 126s
[608785.7] PE_E_T2000_NC2880: step 105 NO_CANDIDATES_GENERATED pairs=28644 evals=208 126s
[608785.8] PE_E_T2000_NC2880: step 106 NO_CANDIDATES_GENERATED pairs=28644 evals=208 126s
[608786.0] PE_E_T2000_NC2880: step 107 NO_CANDIDATES_GENERATED pairs=28644 evals=208 127s
[608792.6] PE_E_T2000_NC2880: step 108 ELEVATED pairs=28462 evals=224 133s
[608792.7] PE_E_T2000_NC2880: step 109 NO_CANDIDATES_GENERATED pairs=28462 evals=224 133s
[608792.8] PE_E_T2000_NC2880: step 110 NO_CANDIDATES_GENERATED pairs=28462 evals=224 133s
[608793.0] PE_E_T2000_NC2880: step 111 NO_CANDIDATES_GENERATED pairs=28462 evals=224 134s
[608793.1] PE_E_T2000_NC2880: step 112 NO_CANDIDATES_GENERATED pairs=28462 evals=224 134s
[608793.2] PE_E_T2000_NC2880: step 113 NO_CANDIDATES_GENERATED pairs=28462 evals=224 134s
[608793.3] PE_E_T2000_NC2880: step 114 NO_CANDIDATES_GENERATED pairs=28462 evals=224 134s
[608793.5] PE_E_T2000_NC2880: step 115 NO_CANDIDATES_GENERATED pairs=28462 evals=224 134s
[608800.6] PE_E_T2000_NC2880: step 116 ELEVATED pairs=28357 evals=240 141s
[608800.7] PE_E_T2000_NC2880: step 117 NO_CANDIDATES_GENERATED pairs=28357 evals=240 141s
[608800.8] PE_E_T2000_NC2880: step 118 NO_CANDIDATES_GENERATED pairs=28357 evals=240 141s
[608800.9] PE_E_T2000_NC2880: step 119 NO_CANDIDATES_GENERATED pairs=28357 evals=240 142s
[608801.0] PE_E_T2000_NC2880: step 120 NO_CANDIDATES_GENERATED pairs=28357 evals=240 142s
[608801.1] PE_E_T2000_NC2880: step 121 NO_CANDIDATES_GENERATED pairs=28357 evals=240 142s
[608801.2] PE_E_T2000_NC2880: step 122 NO_CANDIDATES_GENERATED pairs=28357 evals=240 142s
[608801.3] PE_E_T2000_NC2880: step 123 NO_CANDIDATES_GENERATED pairs=28357 evals=240 142s
[608807.5] PE_E_T2000_NC2880: step 124 ELEVATED pairs=28177 evals=256 148s
[608807.6] PE_E_T2000_NC2880: step 125 NO_CANDIDATES_GENERATED pairs=28177 evals=256 148s
[608807.7] PE_E_T2000_NC2880: step 126 NO_CANDIDATES_GENERATED pairs=28177 evals=256 148s
[608807.8] PE_E_T2000_NC2880: step 127 NO_CANDIDATES_GENERATED pairs=28177 evals=256 148s
[608807.9] PE_E_T2000_NC2880: step 128 NO_CANDIDATES_GENERATED pairs=28177 evals=256 149s
[608808.1] PE_E_T2000_NC2880: step 129 NO_CANDIDATES_GENERATED pairs=28177 evals=256 149s
[608808.2] PE_E_T2000_NC2880: step 130 NO_CANDIDATES_GENERATED pairs=28177 evals=256 149s
[608808.3] PE_E_T2000_NC2880: step 131 NO_CANDIDATES_GENERATED pairs=28177 evals=256 149s
[608821.5] PE_E_T2000_NC2880: step 132 ELEVATED pairs=28016 evals=272 162s
[608821.6] PE_E_T2000_NC2880: step 133 NO_CANDIDATES_GENERATED pairs=28016 evals=272 162s
[608821.7] PE_E_T2000_NC2880: step 134 NO_CANDIDATES_GENERATED pairs=28016 evals=272 162s
[608821.8] PE_E_T2000_NC2880: step 135 NO_CANDIDATES_GENERATED pairs=28016 evals=272 162s
[608822.0] PE_E_T2000_NC2880: step 136 NO_CANDIDATES_GENERATED pairs=28016 evals=272 163s
[608822.1] PE_E_T2000_NC2880: step 137 NO_CANDIDATES_GENERATED pairs=28016 evals=272 163s
[608822.3] PE_E_T2000_NC2880: step 138 NO_CANDIDATES_GENERATED pairs=28016 evals=272 163s
[608822.4] PE_E_T2000_NC2880: step 139 NO_CANDIDATES_GENERATED pairs=28016 evals=272 163s
[608830.2] PE_E_T2000_NC2880: step 140 ELEVATED pairs=27838 evals=288 171s
[608830.3] PE_E_T2000_NC2880: step 141 NO_CANDIDATES_GENERATED pairs=27838 evals=288 171s
[608830.4] PE_E_T2000_NC2880: step 142 NO_CANDIDATES_GENERATED pairs=27838 evals=288 171s
[608830.6] PE_E_T2000_NC2880: step 143 NO_CANDIDATES_GENERATED pairs=27838 evals=288 171s
[608830.8] PE_E_T2000_NC2880: step 144 NO_CANDIDATES_GENERATED pairs=27838 evals=288 171s
[608830.9] PE_E_T2000_NC2880: step 145 NO_CANDIDATES_GENERATED pairs=27838 evals=288 172s
[608831.0] PE_E_T2000_NC2880: step 146 NO_CANDIDATES_GENERATED pairs=27838 evals=288 172s
[608831.2] PE_E_T2000_NC2880: step 147 NO_CANDIDATES_GENERATED pairs=27838 evals=288 172s
[608838.9] PE_E_T2000_NC2880: step 148 ELEVATED pairs=27662 evals=304 180s
[608839.1] PE_E_T2000_NC2880: step 149 NO_CANDIDATES_GENERATED pairs=27662 evals=304 180s
[608839.2] PE_E_T2000_NC2880: step 150 NO_CANDIDATES_GENERATED pairs=27662 evals=304 180s
[608839.3] PE_E_T2000_NC2880: step 151 NO_CANDIDATES_GENERATED pairs=27662 evals=304 180s
[608839.5] PE_E_T2000_NC2880: step 152 NO_CANDIDATES_GENERATED pairs=27662 evals=304 180s
[608839.6] PE_E_T2000_NC2880: step 153 NO_CANDIDATES_GENERATED pairs=27662 evals=304 180s
[608839.7] PE_E_T2000_NC2880: step 154 NO_CANDIDATES_GENERATED pairs=27662 evals=304 180s
[608839.8] PE_E_T2000_NC2880: step 155 NO_CANDIDATES_GENERATED pairs=27662 evals=304 180s
[608847.8] PE_E_T2000_NC2880: step 156 ELEVATED pairs=27496 evals=320 188s
[608848.0] PE_E_T2000_NC2880: step 157 NO_CANDIDATES_GENERATED pairs=27496 evals=320 189s
[608848.1] PE_E_T2000_NC2880: step 158 NO_CANDIDATES_GENERATED pairs=27496 evals=320 189s
[608848.2] PE_E_T2000_NC2880: step 159 NO_CANDIDATES_GENERATED pairs=27496 evals=320 189s
[608848.3] PE_E_T2000_NC2880: step 160 NO_CANDIDATES_GENERATED pairs=27496 evals=320 189s
[608848.4] PE_E_T2000_NC2880: step 161 NO_CANDIDATES_GENERATED pairs=27496 evals=320 189s
[608848.5] PE_E_T2000_NC2880: step 162 NO_CANDIDATES_GENERATED pairs=27496 evals=320 189s
[608848.7] PE_E_T2000_NC2880: step 163 NO_CANDIDATES_GENERATED pairs=27496 evals=320 189s
[608853.9] PE_E_T2000_NC2880: step 164 ELEVATED pairs=27330 evals=329 195s
[608854.0] PE_E_T2000_NC2880: step 165 NO_CANDIDATES_GENERATED pairs=27330 evals=329 195s
[608854.1] PE_E_T2000_NC2880: step 166 NO_CANDIDATES_GENERATED pairs=27330 evals=329 195s
[608854.2] PE_E_T2000_NC2880: step 167 NO_CANDIDATES_GENERATED pairs=27330 evals=329 195s
[608854.3] PE_E_T2000_NC2880: step 168 NO_CANDIDATES_GENERATED pairs=27330 evals=329 195s
[608854.4] PE_E_T2000_NC2880: step 169 NO_CANDIDATES_GENERATED pairs=27330 evals=329 195s
[608854.5] PE_E_T2000_NC2880: step 170 NO_CANDIDATES_GENERATED pairs=27330 evals=329 195s
[608854.7] PE_E_T2000_NC2880: step 171 NO_CANDIDATES_GENERATED pairs=27330 evals=329 195s
[608862.7] PE_E_T2000_NC2880: step 172 ELEVATED pairs=27166 evals=345 203s
[608862.9] PE_E_T2000_NC2880: step 173 NO_CANDIDATES_GENERATED pairs=27166 evals=345 203s
[608863.0] PE_E_T2000_NC2880: step 174 NO_CANDIDATES_GENERATED pairs=27166 evals=345 204s
[608863.1] PE_E_T2000_NC2880: step 175 NO_CANDIDATES_GENERATED pairs=27166 evals=345 204s
[608863.2] PE_E_T2000_NC2880: step 176 NO_CANDIDATES_GENERATED pairs=27166 evals=345 204s
[608863.3] PE_E_T2000_NC2880: step 177 NO_CANDIDATES_GENERATED pairs=27166 evals=345 204s
[608863.5] PE_E_T2000_NC2880: step 178 NO_CANDIDATES_GENERATED pairs=27166 evals=345 204s
[608863.6] PE_E_T2000_NC2880: step 179 NO_CANDIDATES_GENERATED pairs=27166 evals=345 204s
[608868.6] PE_E_T2000_NC2880: step 180 ELEVATED pairs=27002 evals=354 209s
[608868.7] PE_E_T2000_NC2880: step 181 NO_CANDIDATES_GENERATED pairs=27002 evals=354 209s
[608868.8] PE_E_T2000_NC2880: step 182 NO_CANDIDATES_GENERATED pairs=27002 evals=354 209s
[608868.9] PE_E_T2000_NC2880: step 183 NO_CANDIDATES_GENERATED pairs=27002 evals=354 210s
[608869.0] PE_E_T2000_NC2880: step 184 NO_CANDIDATES_GENERATED pairs=27002 evals=354 210s
[608869.1] PE_E_T2000_NC2880: step 185 NO_CANDIDATES_GENERATED pairs=27002 evals=354 210s
[608869.2] PE_E_T2000_NC2880: step 186 NO_CANDIDATES_GENERATED pairs=27002 evals=354 210s
[608869.3] PE_E_T2000_NC2880: step 187 NO_CANDIDATES_GENERATED pairs=27002 evals=354 210s
[608877.1] PE_E_T2000_NC2880: step 188 ELEVATED pairs=26841 evals=370 218s
[608877.2] PE_E_T2000_NC2880: step 189 NO_CANDIDATES_GENERATED pairs=26841 evals=370 218s
[608877.3] PE_E_T2000_NC2880: step 190 NO_CANDIDATES_GENERATED pairs=26841 evals=370 218s
[608877.4] PE_E_T2000_NC2880: step 191 NO_CANDIDATES_GENERATED pairs=26841 evals=370 218s
[608877.5] PE_E_T2000_NC2880: step 192 NO_CANDIDATES_GENERATED pairs=26841 evals=370 218s
[608877.7] PE_E_T2000_NC2880: step 193 NO_CANDIDATES_GENERATED pairs=26841 evals=370 218s
[608877.8] PE_E_T2000_NC2880: step 194 NO_CANDIDATES_GENERATED pairs=26841 evals=370 218s
[608877.9] PE_E_T2000_NC2880: step 195 NO_CANDIDATES_GENERATED pairs=26841 evals=370 219s
[608883.3] PE_E_T2000_NC2880: step 196 ELEVATED pairs=26679 evals=379 224s
[608883.5] PE_E_T2000_NC2880: step 197 NO_CANDIDATES_GENERATED pairs=26679 evals=379 224s
[608883.6] PE_E_T2000_NC2880: step 198 NO_CANDIDATES_GENERATED pairs=26679 evals=379 224s
[608883.8] PE_E_T2000_NC2880: step 199 NO_CANDIDATES_GENERATED pairs=26679 evals=379 224s
[608883.9] PE_E_T2000_NC2880: step 200 NO_CANDIDATES_GENERATED pairs=26679 evals=379 225s
[608884.0] PE_E_T2000_NC2880: step 201 NO_CANDIDATES_GENERATED pairs=26679 evals=379 225s
[608884.1] PE_E_T2000_NC2880: step 202 NO_CANDIDATES_GENERATED pairs=26679 evals=379 225s
[608884.2] PE_E_T2000_NC2880: step 203 NO_CANDIDATES_GENERATED pairs=26679 evals=379 225s
[608894.6] PE_E_T2000_NC2880: step 204 ELEVATED pairs=26520 evals=395 235s
[608894.8] PE_E_T2000_NC2880: step 205 NO_CANDIDATES_GENERATED pairs=26520 evals=395 235s
[608894.9] PE_E_T2000_NC2880: step 206 NO_CANDIDATES_GENERATED pairs=26520 evals=395 236s
[608895.1] PE_E_T2000_NC2880: step 207 NO_CANDIDATES_GENERATED pairs=26520 evals=395 236s
[608895.2] PE_E_T2000_NC2880: step 208 NO_CANDIDATES_GENERATED pairs=26520 evals=395 236s
[608895.4] PE_E_T2000_NC2880: step 209 NO_CANDIDATES_GENERATED pairs=26520 evals=395 236s
[608895.5] PE_E_T2000_NC2880: step 210 NO_CANDIDATES_GENERATED pairs=26520 evals=395 236s
[608895.7] PE_E_T2000_NC2880: step 211 NO_CANDIDATES_GENERATED pairs=26520 evals=395 236s
[608895.8] PE_E_T2000_NC2880: step 212 NO_CANDIDATES_GENERATED pairs=26520 evals=395 236s
[608895.9] PE_E_T2000_NC2880: step 213 NO_CANDIDATES_GENERATED pairs=26520 evals=395 237s
[608906.1] PE_E_T2000_NC2880: step 214 ELEVATED pairs=26363 evals=411 247s
[608906.2] PE_E_T2000_NC2880: step 215 NO_CANDIDATES_GENERATED pairs=26363 evals=411 247s
[608906.4] PE_E_T2000_NC2880: step 216 NO_CANDIDATES_GENERATED pairs=26363 evals=411 247s
[608906.5] PE_E_T2000_NC2880: step 217 NO_CANDIDATES_GENERATED pairs=26363 evals=411 247s
[608906.7] PE_E_T2000_NC2880: step 218 NO_CANDIDATES_GENERATED pairs=26363 evals=411 247s
[608906.8] PE_E_T2000_NC2880: step 219 NO_CANDIDATES_GENERATED pairs=26363 evals=411 247s
[608906.9] PE_E_T2000_NC2880: step 220 NO_CANDIDATES_GENERATED pairs=26363 evals=411 248s
[608907.1] PE_E_T2000_NC2880: step 221 NO_CANDIDATES_GENERATED pairs=26363 evals=411 248s
[608907.2] PE_E_T2000_NC2880: step 222 NO_CANDIDATES_GENERATED pairs=26363 evals=411 248s
[608907.3] PE_E_T2000_NC2880: step 223 NO_CANDIDATES_GENERATED pairs=26363 evals=411 248s
[608918.4] PE_E_T2000_NC2880: step 224 ELEVATED pairs=26208 evals=427 259s
[608918.6] PE_E_T2000_NC2880: step 225 NO_CANDIDATES_GENERATED pairs=26208 evals=427 259s
[608918.7] PE_E_T2000_NC2880: step 226 NO_CANDIDATES_GENERATED pairs=26208 evals=427 259s
[608918.8] PE_E_T2000_NC2880: step 227 NO_CANDIDATES_GENERATED pairs=26208 evals=427 259s
[608918.9] PE_E_T2000_NC2880: step 228 NO_CANDIDATES_GENERATED pairs=26208 evals=427 260s
[608919.1] PE_E_T2000_NC2880: step 229 NO_CANDIDATES_GENERATED pairs=26208 evals=427 260s
[608919.2] PE_E_T2000_NC2880: step 230 NO_CANDIDATES_GENERATED pairs=26208 evals=427 260s
[608919.4] PE_E_T2000_NC2880: step 231 NO_CANDIDATES_GENERATED pairs=26208 evals=427 260s
[608919.5] PE_E_T2000_NC2880: step 232 NO_CANDIDATES_GENERATED pairs=26208 evals=427 260s
[608919.6] PE_E_T2000_NC2880: step 233 NO_CANDIDATES_GENERATED pairs=26208 evals=427 260s
[608931.3] PE_E_T2000_NC2880: step 234 ELEVATED pairs=26054 evals=443 272s
[608931.4] PE_E_T2000_NC2880: step 235 NO_CANDIDATES_GENERATED pairs=26054 evals=443 272s
[608931.6] PE_E_T2000_NC2880: step 236 NO_CANDIDATES_GENERATED pairs=26054 evals=443 272s
[608931.7] PE_E_T2000_NC2880: step 237 NO_CANDIDATES_GENERATED pairs=26054 evals=443 272s
[608931.8] PE_E_T2000_NC2880: step 238 NO_CANDIDATES_GENERATED pairs=26054 evals=443 272s
[608932.0] PE_E_T2000_NC2880: step 239 NO_CANDIDATES_GENERATED pairs=26054 evals=443 273s
[608932.1] PE_E_T2000_NC2880: step 240 NO_CANDIDATES_GENERATED pairs=26054 evals=443 273s
[608932.2] PE_E_T2000_NC2880: step 241 NO_CANDIDATES_GENERATED pairs=26054 evals=443 273s
[608932.3] PE_E_T2000_NC2880: step 242 NO_CANDIDATES_GENERATED pairs=26054 evals=443 273s
[608932.5] PE_E_T2000_NC2880: step 243 NO_CANDIDATES_GENERATED pairs=26054 evals=443 273s
[608939.3] PE_E_T2000_NC2880: step 244 ELEVATED pairs=25903 evals=459 280s
[608939.4] PE_E_T2000_NC2880: step 245 NO_CANDIDATES_GENERATED pairs=25903 evals=459 280s
[608939.6] PE_E_T2000_NC2880: step 246 NO_CANDIDATES_GENERATED pairs=25903 evals=459 280s
[608939.6] PE_E_T2000_NC2880: step 247 NO_CANDIDATES_GENERATED pairs=25903 evals=459 280s
[608939.7] PE_E_T2000_NC2880: step 248 NO_CANDIDATES_GENERATED pairs=25903 evals=459 280s
[608939.9] PE_E_T2000_NC2880: step 249 NO_CANDIDATES_GENERATED pairs=25903 evals=459 280s
[608940.0] PE_E_T2000_NC2880: step 250 NO_CANDIDATES_GENERATED pairs=25903 evals=459 281s
[608940.1] PE_E_T2000_NC2880: step 251 NO_CANDIDATES_GENERATED pairs=25903 evals=459 281s
[608940.2] PE_E_T2000_NC2880: step 252 NO_CANDIDATES_GENERATED pairs=25903 evals=459 281s
[608940.3] PE_E_T2000_NC2880: step 253 NO_CANDIDATES_GENERATED pairs=25903 evals=459 281s
[608950.2] PE_E_T2000_NC2880: step 254 ELEVATED pairs=25751 evals=475 291s
[608950.4] PE_E_T2000_NC2880: step 255 NO_CANDIDATES_GENERATED pairs=25751 evals=475 291s
[608950.5] PE_E_T2000_NC2880: step 256 NO_CANDIDATES_GENERATED pairs=25751 evals=475 291s
[608950.6] PE_E_T2000_NC2880: step 257 NO_CANDIDATES_GENERATED pairs=25751 evals=475 291s
[608950.7] PE_E_T2000_NC2880: step 258 NO_CANDIDATES_GENERATED pairs=25751 evals=475 291s
[608950.8] PE_E_T2000_NC2880: step 259 NO_CANDIDATES_GENERATED pairs=25751 evals=475 291s
[608951.0] PE_E_T2000_NC2880: step 260 NO_CANDIDATES_GENERATED pairs=25751 evals=475 292s
[608951.1] PE_E_T2000_NC2880: step 261 NO_CANDIDATES_GENERATED pairs=25751 evals=475 292s
[608951.2] PE_E_T2000_NC2880: step 262 NO_CANDIDATES_GENERATED pairs=25751 evals=475 292s
[608951.4] PE_E_T2000_NC2880: step 263 NO_CANDIDATES_GENERATED pairs=25751 evals=475 292s
[608958.7] PE_E_T2000_NC2880: step 264 ELEVATED pairs=25578 evals=491 299s
[608958.8] PE_E_T2000_NC2880: step 265 NO_CANDIDATES_GENERATED pairs=25578 evals=491 299s
[608958.9] PE_E_T2000_NC2880: step 266 NO_CANDIDATES_GENERATED pairs=25578 evals=491 300s
[608959.0] PE_E_T2000_NC2880: step 267 NO_CANDIDATES_GENERATED pairs=25578 evals=491 300s
[608959.2] PE_E_T2000_NC2880: step 268 NO_CANDIDATES_GENERATED pairs=25578 evals=491 300s
[608959.3] PE_E_T2000_NC2880: step 269 NO_CANDIDATES_GENERATED pairs=25578 evals=491 300s
[608959.4] PE_E_T2000_NC2880: step 270 NO_CANDIDATES_GENERATED pairs=25578 evals=491 300s
[608959.5] PE_E_T2000_NC2880: step 271 NO_CANDIDATES_GENERATED pairs=25578 evals=491 300s
[608959.6] PE_E_T2000_NC2880: step 272 NO_CANDIDATES_GENERATED pairs=25578 evals=491 300s
[608959.8] PE_E_T2000_NC2880: step 273 NO_CANDIDATES_GENERATED pairs=25578 evals=491 300s
[608970.1] PE_E_T2000_NC2880: step 274 ELEVATED pairs=25428 evals=507 311s
[608970.3] PE_E_T2000_NC2880: step 275 NO_CANDIDATES_GENERATED pairs=25428 evals=507 311s
[608970.4] PE_E_T2000_NC2880: step 276 NO_CANDIDATES_GENERATED pairs=25428 evals=507 311s
[608970.5] PE_E_T2000_NC2880: step 277 NO_CANDIDATES_GENERATED pairs=25428 evals=507 311s
[608970.6] PE_E_T2000_NC2880: step 278 NO_CANDIDATES_GENERATED pairs=25428 evals=507 311s
[608970.8] PE_E_T2000_NC2880: step 279 NO_CANDIDATES_GENERATED pairs=25428 evals=507 311s
[608970.9] PE_E_T2000_NC2880: step 280 NO_CANDIDATES_GENERATED pairs=25428 evals=507 312s
[608971.0] PE_E_T2000_NC2880: step 281 NO_CANDIDATES_GENERATED pairs=25428 evals=507 312s
[608971.1] PE_E_T2000_NC2880: step 282 NO_CANDIDATES_GENERATED pairs=25428 evals=507 312s
[608971.3] PE_E_T2000_NC2880: step 283 NO_CANDIDATES_GENERATED pairs=25428 evals=507 312s
[608978.5] PE_E_T2000_NC2880: step 284 ELEVATED pairs=25257 evals=523 319s
[608978.6] PE_E_T2000_NC2880: step 285 NO_CANDIDATES_GENERATED pairs=25257 evals=523 319s
[608978.7] PE_E_T2000_NC2880: step 286 NO_CANDIDATES_GENERATED pairs=25257 evals=523 319s
[608978.8] PE_E_T2000_NC2880: step 287 NO_CANDIDATES_GENERATED pairs=25257 evals=523 319s
[608978.9] PE_E_T2000_NC2880: step 288 NO_CANDIDATES_GENERATED pairs=25257 evals=523 320s
[608979.1] PE_E_T2000_NC2880: step 289 NO_CANDIDATES_GENERATED pairs=25257 evals=523 320s
[608979.2] PE_E_T2000_NC2880: step 290 NO_CANDIDATES_GENERATED pairs=25257 evals=523 320s
[608979.3] PE_E_T2000_NC2880: step 291 NO_CANDIDATES_GENERATED pairs=25257 evals=523 320s
[608979.5] PE_E_T2000_NC2880: step 292 NO_CANDIDATES_GENERATED pairs=25257 evals=523 320s
[608979.6] PE_E_T2000_NC2880: step 293 NO_CANDIDATES_GENERATED pairs=25257 evals=523 320s
[608990.0] PE_E_T2000_NC2880: step 294 ELEVATED pairs=25109 evals=539 331s
[608990.1] PE_E_T2000_NC2880: step 295 NO_CANDIDATES_GENERATED pairs=25109 evals=539 331s
[608990.2] PE_E_T2000_NC2880: step 296 NO_CANDIDATES_GENERATED pairs=25109 evals=539 331s
[608990.3] PE_E_T2000_NC2880: step 297 NO_CANDIDATES_GENERATED pairs=25109 evals=539 331s
[608990.5] PE_E_T2000_NC2880: step 298 NO_CANDIDATES_GENERATED pairs=25109 evals=539 331s
[608990.6] PE_E_T2000_NC2880: step 299 NO_CANDIDATES_GENERATED pairs=25109 evals=539 331s
[608990.7] PE_E_T2000_NC2880: step 300 NO_CANDIDATES_GENERATED pairs=25109 evals=539 331s
[608990.8] PE_E_T2000_NC2880: step 301 NO_CANDIDATES_GENERATED pairs=25109 evals=539 331s
[608990.9] PE_E_T2000_NC2880: step 302 NO_CANDIDATES_GENERATED pairs=25109 evals=539 332s
[608991.1] PE_E_T2000_NC2880: step 303 NO_CANDIDATES_GENERATED pairs=25109 evals=539 332s
[608997.2] PE_E_T2000_NC2880: step 304 ELEVATED pairs=25024 evals=555 338s
[608997.3] PE_E_T2000_NC2880: step 305 NO_CANDIDATES_GENERATED pairs=25024 evals=555 338s
[608997.4] PE_E_T2000_NC2880: step 306 NO_CANDIDATES_GENERATED pairs=25024 evals=555 338s
[608997.5] PE_E_T2000_NC2880: step 307 NO_CANDIDATES_GENERATED pairs=25024 evals=555 338s
[608997.7] PE_E_T2000_NC2880: step 308 NO_CANDIDATES_GENERATED pairs=25024 evals=555 338s
[608997.8] PE_E_T2000_NC2880: step 309 NO_CANDIDATES_GENERATED pairs=25024 evals=555 338s
[608997.9] PE_E_T2000_NC2880: step 310 NO_CANDIDATES_GENERATED pairs=25024 evals=555 338s
[608998.0] PE_E_T2000_NC2880: step 311 NO_CANDIDATES_GENERATED pairs=25024 evals=555 339s
[608998.1] PE_E_T2000_NC2880: step 312 NO_CANDIDATES_GENERATED pairs=25024 evals=555 339s
[608998.2] PE_E_T2000_NC2880: step 313 NO_CANDIDATES_GENERATED pairs=25024 evals=555 339s
[609004.4] PE_E_T2000_NC2880: step 314 ELEVATED pairs=24882 evals=571 345s
[609004.5] PE_E_T2000_NC2880: step 315 NO_CANDIDATES_GENERATED pairs=24882 evals=571 345s
[609004.6] PE_E_T2000_NC2880: step 316 NO_CANDIDATES_GENERATED pairs=24882 evals=571 345s
[609004.7] PE_E_T2000_NC2880: step 317 NO_CANDIDATES_GENERATED pairs=24882 evals=571 345s
[609004.8] PE_E_T2000_NC2880: step 318 NO_CANDIDATES_GENERATED pairs=24882 evals=571 345s
[609004.9] PE_E_T2000_NC2880: step 319 NO_CANDIDATES_GENERATED pairs=24882 evals=571 346s
[609005.0] PE_E_T2000_NC2880: step 320 NO_CANDIDATES_GENERATED pairs=24882 evals=571 346s
[609005.1] PE_E_T2000_NC2880: step 321 NO_CANDIDATES_GENERATED pairs=24882 evals=571 346s
[609005.2] PE_E_T2000_NC2880: step 322 NO_CANDIDATES_GENERATED pairs=24882 evals=571 346s
[609005.3] PE_E_T2000_NC2880: step 323 NO_CANDIDATES_GENERATED pairs=24882 evals=571 346s
[609013.1] PE_E_T2000_NC2880: step 324 ELEVATED pairs=24732 evals=587 354s
[609013.2] PE_E_T2000_NC2880: step 325 NO_CANDIDATES_GENERATED pairs=24732 evals=587 354s
[609013.3] PE_E_T2000_NC2880: step 326 NO_CANDIDATES_GENERATED pairs=24732 evals=587 354s
[609013.4] PE_E_T2000_NC2880: step 327 NO_CANDIDATES_GENERATED pairs=24732 evals=587 354s
[609013.5] PE_E_T2000_NC2880: step 328 NO_CANDIDATES_GENERATED pairs=24732 evals=587 354s
[609013.6] PE_E_T2000_NC2880: step 329 NO_CANDIDATES_GENERATED pairs=24732 evals=587 354s
[609013.7] PE_E_T2000_NC2880: step 330 NO_CANDIDATES_GENERATED pairs=24732 evals=587 354s
[609013.8] PE_E_T2000_NC2880: step 331 NO_CANDIDATES_GENERATED pairs=24732 evals=587 354s
[609013.9] PE_E_T2000_NC2880: step 332 NO_CANDIDATES_GENERATED pairs=24732 evals=587 354s
[609014.0] PE_E_T2000_NC2880: step 333 NO_CANDIDATES_GENERATED pairs=24732 evals=587 355s
[609019.3] PE_E_T2000_NC2880: step 334 ELEVATED pairs=24587 evals=603 360s
[609019.4] PE_E_T2000_NC2880: step 335 NO_CANDIDATES_GENERATED pairs=24587 evals=603 360s
[609019.5] PE_E_T2000_NC2880: step 336 NO_CANDIDATES_GENERATED pairs=24587 evals=603 360s
[609019.6] PE_E_T2000_NC2880: step 337 NO_CANDIDATES_GENERATED pairs=24587 evals=603 360s
[609019.7] PE_E_T2000_NC2880: step 338 NO_CANDIDATES_GENERATED pairs=24587 evals=603 360s
[609019.8] PE_E_T2000_NC2880: step 339 NO_CANDIDATES_GENERATED pairs=24587 evals=603 360s
[609019.9] PE_E_T2000_NC2880: step 340 NO_CANDIDATES_GENERATED pairs=24587 evals=603 360s
[609020.0] PE_E_T2000_NC2880: step 341 NO_CANDIDATES_GENERATED pairs=24587 evals=603 361s
[609020.0] PE_E_T2000_NC2880: step 342 NO_CANDIDATES_GENERATED pairs=24587 evals=603 361s
[609020.1] PE_E_T2000_NC2880: step 343 NO_CANDIDATES_GENERATED pairs=24587 evals=603 361s
[609029.4] PE_E_T2000_NC2880: step 344 ELEVATED pairs=24439 evals=619 370s
[609029.5] PE_E_T2000_NC2880: step 345 NO_CANDIDATES_GENERATED pairs=24439 evals=619 370s
[609029.6] PE_E_T2000_NC2880: step 346 NO_CANDIDATES_GENERATED pairs=24439 evals=619 370s
[609029.7] PE_E_T2000_NC2880: step 347 NO_CANDIDATES_GENERATED pairs=24439 evals=619 370s
[609029.8] PE_E_T2000_NC2880: step 348 NO_CANDIDATES_GENERATED pairs=24439 evals=619 370s
[609029.9] PE_E_T2000_NC2880: step 349 NO_CANDIDATES_GENERATED pairs=24439 evals=619 371s
[609030.0] PE_E_T2000_NC2880: step 350 NO_CANDIDATES_GENERATED pairs=24439 evals=619 371s
[609030.1] PE_E_T2000_NC2880: step 351 NO_CANDIDATES_GENERATED pairs=24439 evals=619 371s
[609030.2] PE_E_T2000_NC2880: step 352 NO_CANDIDATES_GENERATED pairs=24439 evals=619 371s
[609030.3] PE_E_T2000_NC2880: step 353 NO_CANDIDATES_GENERATED pairs=24439 evals=619 371s
[609039.2] PE_E_T2000_NC2880: step 354 ELEVATED pairs=24293 evals=635 380s
[609039.3] PE_E_T2000_NC2880: step 355 NO_CANDIDATES_GENERATED pairs=24293 evals=635 380s
[609039.4] PE_E_T2000_NC2880: step 356 NO_CANDIDATES_GENERATED pairs=24293 evals=635 380s
[609039.5] PE_E_T2000_NC2880: step 357 NO_CANDIDATES_GENERATED pairs=24293 evals=635 380s
[609039.5] PE_E_T2000_NC2880: step 358 NO_CANDIDATES_GENERATED pairs=24293 evals=635 380s
[609039.6] PE_E_T2000_NC2880: step 359 NO_CANDIDATES_GENERATED pairs=24293 evals=635 380s
[609039.7] PE_E_T2000_NC2880: step 360 NO_CANDIDATES_GENERATED pairs=24293 evals=635 380s
[609039.7] PE_E_T2000_NC2880: step 361 NO_CANDIDATES_GENERATED pairs=24293 evals=635 380s
[609039.8] PE_E_T2000_NC2880: step 362 NO_CANDIDATES_GENERATED pairs=24293 evals=635 380s
[609039.9] PE_E_T2000_NC2880: step 363 NO_CANDIDATES_GENERATED pairs=24293 evals=635 381s
[609048.1] PE_E_T2000_NC2880: step 364 ELEVATED pairs=24149 evals=651 389s
[609048.2] PE_E_T2000_NC2880: step 365 NO_CANDIDATES_GENERATED pairs=24149 evals=651 389s
[609048.3] PE_E_T2000_NC2880: step 366 NO_CANDIDATES_GENERATED pairs=24149 evals=651 389s
[609048.4] PE_E_T2000_NC2880: step 367 NO_CANDIDATES_GENERATED pairs=24149 evals=651 389s
[609048.4] PE_E_T2000_NC2880: step 368 NO_CANDIDATES_GENERATED pairs=24149 evals=651 389s
[609048.5] PE_E_T2000_NC2880: step 369 NO_CANDIDATES_GENERATED pairs=24149 evals=651 389s
[609048.6] PE_E_T2000_NC2880: step 370 NO_CANDIDATES_GENERATED pairs=24149 evals=651 389s
[609048.6] PE_E_T2000_NC2880: step 371 NO_CANDIDATES_GENERATED pairs=24149 evals=651 389s
[609048.7] PE_E_T2000_NC2880: step 372 NO_CANDIDATES_GENERATED pairs=24149 evals=651 389s
[609048.8] PE_E_T2000_NC2880: step 373 NO_CANDIDATES_GENERATED pairs=24149 evals=651 389s
[609053.9] PE_E_T2000_NC2880: step 374 ELEVATED pairs=24005 evals=667 395s
[609054.0] PE_E_T2000_NC2880: step 375 NO_CANDIDATES_GENERATED pairs=24005 evals=667 395s
[609054.1] PE_E_T2000_NC2880: step 376 NO_CANDIDATES_GENERATED pairs=24005 evals=667 395s
[609054.2] PE_E_T2000_NC2880: step 377 NO_CANDIDATES_GENERATED pairs=24005 evals=667 395s
[609054.2] PE_E_T2000_NC2880: step 378 NO_CANDIDATES_GENERATED pairs=24005 evals=667 395s
[609054.3] PE_E_T2000_NC2880: step 379 NO_CANDIDATES_GENERATED pairs=24005 evals=667 395s
[609054.4] PE_E_T2000_NC2880: step 380 NO_CANDIDATES_GENERATED pairs=24005 evals=667 395s
[609054.5] PE_E_T2000_NC2880: step 381 NO_CANDIDATES_GENERATED pairs=24005 evals=667 395s
[609054.5] PE_E_T2000_NC2880: step 382 NO_CANDIDATES_GENERATED pairs=24005 evals=667 395s
[609054.6] PE_E_T2000_NC2880: step 383 NO_CANDIDATES_GENERATED pairs=24005 evals=667 395s
[609059.7] PE_E_T2000_NC2880: step 384 ELEVATED pairs=23863 evals=683 400s
[609059.8] PE_E_T2000_NC2880: step 385 NO_CANDIDATES_GENERATED pairs=23863 evals=683 400s
[609059.9] PE_E_T2000_NC2880: step 386 NO_CANDIDATES_GENERATED pairs=23863 evals=683 400s
[609059.9] PE_E_T2000_NC2880: step 387 NO_CANDIDATES_GENERATED pairs=23863 evals=683 401s
[609060.0] PE_E_T2000_NC2880: step 388 NO_CANDIDATES_GENERATED pairs=23863 evals=683 401s
[609060.1] PE_E_T2000_NC2880: step 389 NO_CANDIDATES_GENERATED pairs=23863 evals=683 401s
[609060.1] PE_E_T2000_NC2880: step 390 NO_CANDIDATES_GENERATED pairs=23863 evals=683 401s
[609060.2] PE_E_T2000_NC2880: step 391 NO_CANDIDATES_GENERATED pairs=23863 evals=683 401s
[609060.3] PE_E_T2000_NC2880: step 392 NO_CANDIDATES_GENERATED pairs=23863 evals=683 401s
[609060.3] PE_E_T2000_NC2880: step 393 NO_CANDIDATES_GENERATED pairs=23863 evals=683 401s
[609066.3] PE_E_T2000_NC2880: step 394 ELEVATED pairs=23719 evals=699 407s
[609066.4] PE_E_T2000_NC2880: step 395 NO_CANDIDATES_GENERATED pairs=23719 evals=699 407s
[609066.4] PE_E_T2000_NC2880: step 396 NO_CANDIDATES_GENERATED pairs=23719 evals=699 407s
[609066.5] PE_E_T2000_NC2880: step 397 NO_CANDIDATES_GENERATED pairs=23719 evals=699 407s
[609066.6] PE_E_T2000_NC2880: step 398 NO_CANDIDATES_GENERATED pairs=23719 evals=699 407s
[609066.7] PE_E_T2000_NC2880: step 399 NO_CANDIDATES_GENERATED pairs=23719 evals=699 407s
[609066.7] PE_E_T2000_NC2880: step 400 NO_CANDIDATES_GENERATED pairs=23719 evals=699 407s
[609066.8] PE_E_T2000_NC2880: step 401 NO_CANDIDATES_GENERATED pairs=23719 evals=699 407s
[609066.9] PE_E_T2000_NC2880: step 402 NO_CANDIDATES_GENERATED pairs=23719 evals=699 408s
[609067.0] PE_E_T2000_NC2880: step 403 NO_CANDIDATES_GENERATED pairs=23719 evals=699 408s
[609073.0] PE_E_T2000_NC2880: step 404 ELEVATED pairs=23626 evals=715 414s
[609073.1] PE_E_T2000_NC2880: step 405 NO_CANDIDATES_GENERATED pairs=23626 evals=715 414s
[609073.2] PE_E_T2000_NC2880: step 406 NO_CANDIDATES_GENERATED pairs=23626 evals=715 414s
[609073.3] PE_E_T2000_NC2880: step 407 NO_CANDIDATES_GENERATED pairs=23626 evals=715 414s
[609073.3] PE_E_T2000_NC2880: step 408 NO_CANDIDATES_GENERATED pairs=23626 evals=715 414s
[609073.4] PE_E_T2000_NC2880: step 409 NO_CANDIDATES_GENERATED pairs=23626 evals=715 414s
[609073.5] PE_E_T2000_NC2880: step 410 NO_CANDIDATES_GENERATED pairs=23626 evals=715 414s
[609073.6] PE_E_T2000_NC2880: step 411 NO_CANDIDATES_GENERATED pairs=23626 evals=715 414s
[609073.7] PE_E_T2000_NC2880: step 412 NO_CANDIDATES_GENERATED pairs=23626 evals=715 414s
[609073.8] PE_E_T2000_NC2880: step 413 NO_CANDIDATES_GENERATED pairs=23626 evals=715 414s
[609081.6] PE_E_T2000_NC2880: step 414 ELEVATED pairs=23484 evals=731 422s
[609081.7] PE_E_T2000_NC2880: step 415 NO_CANDIDATES_GENERATED pairs=23484 evals=731 422s
[609081.8] PE_E_T2000_NC2880: step 416 NO_CANDIDATES_GENERATED pairs=23484 evals=731 422s
[609082.0] PE_E_T2000_NC2880: step 417 NO_CANDIDATES_GENERATED pairs=23484 evals=731 423s
[609082.1] PE_E_T2000_NC2880: step 418 NO_CANDIDATES_GENERATED pairs=23484 evals=731 423s
[609082.2] PE_E_T2000_NC2880: step 419 NO_CANDIDATES_GENERATED pairs=23484 evals=731 423s
[609082.3] PE_E_T2000_NC2880: step 420 NO_CANDIDATES_GENERATED pairs=23484 evals=731 423s
[609082.4] PE_E_T2000_NC2880: step 421 NO_CANDIDATES_GENERATED pairs=23484 evals=731 423s
[609082.5] PE_E_T2000_NC2880: step 422 NO_CANDIDATES_GENERATED pairs=23484 evals=731 423s
[609082.6] PE_E_T2000_NC2880: step 423 NO_CANDIDATES_GENERATED pairs=23484 evals=731 423s
[609089.5] PE_E_T2000_NC2880: step 424 ELEVATED pairs=23381 evals=747 430s
[609089.6] PE_E_T2000_NC2880: step 425 NO_CANDIDATES_GENERATED pairs=23381 evals=747 430s
[609089.6] PE_E_T2000_NC2880: step 426 NO_CANDIDATES_GENERATED pairs=23381 evals=747 430s
[609089.7] PE_E_T2000_NC2880: step 427 NO_CANDIDATES_GENERATED pairs=23381 evals=747 430s
[609089.8] PE_E_T2000_NC2880: step 428 NO_CANDIDATES_GENERATED pairs=23381 evals=747 430s
[609089.9] PE_E_T2000_NC2880: step 429 NO_CANDIDATES_GENERATED pairs=23381 evals=747 431s
[609090.0] PE_E_T2000_NC2880: step 430 NO_CANDIDATES_GENERATED pairs=23381 evals=747 431s
[609090.1] PE_E_T2000_NC2880: step 431 NO_CANDIDATES_GENERATED pairs=23381 evals=747 431s
[609090.2] PE_E_T2000_NC2880: step 432 NO_CANDIDATES_GENERATED pairs=23381 evals=747 431s
[609090.3] PE_E_T2000_NC2880: step 433 NO_CANDIDATES_GENERATED pairs=23381 evals=747 431s
[609098.5] PE_E_T2000_NC2880: step 434 ELEVATED pairs=23241 evals=763 439s
[609098.6] PE_E_T2000_NC2880: step 435 NO_CANDIDATES_GENERATED pairs=23241 evals=763 439s
[609098.7] PE_E_T2000_NC2880: step 436 NO_CANDIDATES_GENERATED pairs=23241 evals=763 439s
[609098.8] PE_E_T2000_NC2880: step 437 NO_CANDIDATES_GENERATED pairs=23241 evals=763 439s
[609098.9] PE_E_T2000_NC2880: step 438 NO_CANDIDATES_GENERATED pairs=23241 evals=763 440s
[609099.0] PE_E_T2000_NC2880: step 439 NO_CANDIDATES_GENERATED pairs=23241 evals=763 440s
[609099.1] PE_E_T2000_NC2880: step 440 NO_CANDIDATES_GENERATED pairs=23241 evals=763 440s
[609099.3] PE_E_T2000_NC2880: step 441 NO_CANDIDATES_GENERATED pairs=23241 evals=763 440s
[609099.4] PE_E_T2000_NC2880: step 442 NO_CANDIDATES_GENERATED pairs=23241 evals=763 440s
[609099.5] PE_E_T2000_NC2880: step 443 NO_CANDIDATES_GENERATED pairs=23241 evals=763 440s
[609106.6] PE_E_T2000_NC2880: step 444 ELEVATED pairs=23140 evals=779 447s
[609106.7] PE_E_T2000_NC2880: step 445 NO_CANDIDATES_GENERATED pairs=23140 evals=779 447s
[609106.8] PE_E_T2000_NC2880: step 446 NO_CANDIDATES_GENERATED pairs=23140 evals=779 447s
[609106.8] PE_E_T2000_NC2880: step 447 NO_CANDIDATES_GENERATED pairs=23140 evals=779 447s
[609107.0] PE_E_T2000_NC2880: step 448 NO_CANDIDATES_GENERATED pairs=23140 evals=779 448s
[609107.1] PE_E_T2000_NC2880: step 449 NO_CANDIDATES_GENERATED pairs=23140 evals=779 448s
[609107.2] PE_E_T2000_NC2880: step 450 NO_CANDIDATES_GENERATED pairs=23140 evals=779 448s
[609107.3] PE_E_T2000_NC2880: step 451 NO_CANDIDATES_GENERATED pairs=23140 evals=779 448s
[609107.4] PE_E_T2000_NC2880: step 452 NO_CANDIDATES_GENERATED pairs=23140 evals=779 448s
[609107.5] PE_E_T2000_NC2880: step 453 NO_CANDIDATES_GENERATED pairs=23140 evals=779 448s
[609114.2] PE_E_T2000_NC2880: step 454 ELEVATED pairs=23050 evals=795 455s
[609114.3] PE_E_T2000_NC2880: step 455 NO_CANDIDATES_GENERATED pairs=23050 evals=795 455s
[609114.4] PE_E_T2000_NC2880: step 456 NO_CANDIDATES_GENERATED pairs=23050 evals=795 455s
[609114.5] PE_E_T2000_NC2880: step 457 NO_CANDIDATES_GENERATED pairs=23050 evals=795 455s
[609114.6] PE_E_T2000_NC2880: step 458 NO_CANDIDATES_GENERATED pairs=23050 evals=795 455s
[609114.7] PE_E_T2000_NC2880: step 459 NO_CANDIDATES_GENERATED pairs=23050 evals=795 455s
[609114.8] PE_E_T2000_NC2880: step 460 NO_CANDIDATES_GENERATED pairs=23050 evals=795 455s
[609114.9] PE_E_T2000_NC2880: step 461 NO_CANDIDATES_GENERATED pairs=23050 evals=795 455s
[609114.9] PE_E_T2000_NC2880: step 462 NO_CANDIDATES_GENERATED pairs=23050 evals=795 456s
[609115.0] PE_E_T2000_NC2880: step 463 NO_CANDIDATES_GENERATED pairs=23050 evals=795 456s
[609120.1] PE_E_T2000_NC2880: step 464 ELEVATED pairs=22913 evals=811 461s
[609120.2] PE_E_T2000_NC2880: step 465 NO_CANDIDATES_GENERATED pairs=22913 evals=811 461s
[609120.3] PE_E_T2000_NC2880: step 466 NO_CANDIDATES_GENERATED pairs=22913 evals=811 461s
[609120.4] PE_E_T2000_NC2880: step 467 NO_CANDIDATES_GENERATED pairs=22913 evals=811 461s
[609120.5] PE_E_T2000_NC2880: step 468 NO_CANDIDATES_GENERATED pairs=22913 evals=811 461s
[609120.5] PE_E_T2000_NC2880: step 469 NO_CANDIDATES_GENERATED pairs=22913 evals=811 461s
[609120.6] PE_E_T2000_NC2880: step 470 NO_CANDIDATES_GENERATED pairs=22913 evals=811 461s
[609120.7] PE_E_T2000_NC2880: step 471 NO_CANDIDATES_GENERATED pairs=22913 evals=811 461s
[609120.8] PE_E_T2000_NC2880: step 472 NO_CANDIDATES_GENERATED pairs=22913 evals=811 461s
[609120.8] PE_E_T2000_NC2880: step 473 NO_CANDIDATES_GENERATED pairs=22913 evals=811 461s
[609126.1] PE_E_T2000_NC2880: step 474 ELEVATED pairs=22777 evals=827 467s
[609126.1] PE_E_T2000_NC2880: step 475 NO_CANDIDATES_GENERATED pairs=22777 evals=827 467s
[609126.2] PE_E_T2000_NC2880: step 476 NO_CANDIDATES_GENERATED pairs=22777 evals=827 467s
[609126.3] PE_E_T2000_NC2880: step 477 NO_CANDIDATES_GENERATED pairs=22777 evals=827 467s
[609126.4] PE_E_T2000_NC2880: step 478 NO_CANDIDATES_GENERATED pairs=22777 evals=827 467s
[609126.5] PE_E_T2000_NC2880: step 479 NO_CANDIDATES_GENERATED pairs=22777 evals=827 467s
[609126.6] PE_E_T2000_NC2880: step 480 NO_CANDIDATES_GENERATED pairs=22777 evals=827 467s
[609126.7] PE_E_T2000_NC2880: step 481 NO_CANDIDATES_GENERATED pairs=22777 evals=827 467s
[609126.8] PE_E_T2000_NC2880: step 482 NO_CANDIDATES_GENERATED pairs=22777 evals=827 467s
[609126.9] PE_E_T2000_NC2880: step 483 NO_CANDIDATES_GENERATED pairs=22777 evals=827 468s
[609135.0] PE_E_T2000_NC2880: step 484 ELEVATED pairs=22690 evals=836 476s
[609135.1] PE_E_T2000_NC2880: step 485 NO_CANDIDATES_GENERATED pairs=22690 evals=836 476s
[609135.2] PE_E_T2000_NC2880: step 486 NO_CANDIDATES_GENERATED pairs=22690 evals=836 476s
[609135.3] PE_E_T2000_NC2880: step 487 NO_CANDIDATES_GENERATED pairs=22690 evals=836 476s
[609135.4] PE_E_T2000_NC2880: step 488 NO_CANDIDATES_GENERATED pairs=22690 evals=836 476s
[609135.4] PE_E_T2000_NC2880: step 489 NO_CANDIDATES_GENERATED pairs=22690 evals=836 476s
[609135.5] PE_E_T2000_NC2880: step 490 NO_CANDIDATES_GENERATED pairs=22690 evals=836 476s
[609135.6] PE_E_T2000_NC2880: step 491 NO_CANDIDATES_GENERATED pairs=22690 evals=836 476s
[609135.7] PE_E_T2000_NC2880: step 492 NO_CANDIDATES_GENERATED pairs=22690 evals=836 476s
[609135.8] PE_E_T2000_NC2880: step 493 NO_CANDIDATES_GENERATED pairs=22690 evals=836 476s
[609141.6] PE_E_T2000_NC2880: step 494 ELEVATED pairs=22556 evals=852 482s
[609141.7] PE_E_T2000_NC2880: step 495 NO_CANDIDATES_GENERATED pairs=22556 evals=852 482s
[609141.8] PE_E_T2000_NC2880: step 496 NO_CANDIDATES_GENERATED pairs=22556 evals=852 482s
[609141.9] PE_E_T2000_NC2880: step 497 NO_CANDIDATES_GENERATED pairs=22556 evals=852 483s
[609142.0] PE_E_T2000_NC2880: step 498 NO_CANDIDATES_GENERATED pairs=22556 evals=852 483s
[609142.1] PE_E_T2000_NC2880: step 499 NO_CANDIDATES_GENERATED pairs=22556 evals=852 483s
[609142.2] PE_E_T2000_NC2880: step 500 NO_CANDIDATES_GENERATED pairs=22556 evals=852 483s
[609142.3] PE_E_T2000_NC2880: step 501 NO_CANDIDATES_GENERATED pairs=22556 evals=852 483s
[609142.4] PE_E_T2000_NC2880: step 502 NO_CANDIDATES_GENERATED pairs=22556 evals=852 483s
[609142.5] PE_E_T2000_NC2880: step 503 NO_CANDIDATES_GENERATED pairs=22556 evals=852 483s
[609148.5] PE_E_T2000_NC2880: step 504 ELEVATED pairs=22434 evals=868 489s
[609148.6] PE_E_T2000_NC2880: step 505 NO_CANDIDATES_GENERATED pairs=22434 evals=868 489s
[609148.8] PE_E_T2000_NC2880: step 506 NO_CANDIDATES_GENERATED pairs=22434 evals=868 489s
[609148.9] PE_E_T2000_NC2880: step 507 NO_CANDIDATES_GENERATED pairs=22434 evals=868 489s
[609149.0] PE_E_T2000_NC2880: step 508 NO_CANDIDATES_GENERATED pairs=22434 evals=868 490s
[609149.1] PE_E_T2000_NC2880: step 509 NO_CANDIDATES_GENERATED pairs=22434 evals=868 490s
[609149.2] PE_E_T2000_NC2880: step 510 NO_CANDIDATES_GENERATED pairs=22434 evals=868 490s
[609149.3] PE_E_T2000_NC2880: step 511 NO_CANDIDATES_GENERATED pairs=22434 evals=868 490s
[609149.4] PE_E_T2000_NC2880: step 512 NO_CANDIDATES_GENERATED pairs=22434 evals=868 490s
[609149.5] PE_E_T2000_NC2880: step 513 NO_CANDIDATES_GENERATED pairs=22434 evals=868 490s
[609154.7] PE_E_T2000_NC2880: step 514 ELEVATED pairs=22300 evals=884 495s
[609154.8] PE_E_T2000_NC2880: step 515 NO_CANDIDATES_GENERATED pairs=22300 evals=884 495s
[609154.9] PE_E_T2000_NC2880: step 516 NO_CANDIDATES_GENERATED pairs=22300 evals=884 496s
[609155.0] PE_E_T2000_NC2880: step 517 NO_CANDIDATES_GENERATED pairs=22300 evals=884 496s
[609155.1] PE_E_T2000_NC2880: step 518 NO_CANDIDATES_GENERATED pairs=22300 evals=884 496s
[609155.2] PE_E_T2000_NC2880: step 519 NO_CANDIDATES_GENERATED pairs=22300 evals=884 496s
[609155.3] PE_E_T2000_NC2880: step 520 NO_CANDIDATES_GENERATED pairs=22300 evals=884 496s
[609155.3] PE_E_T2000_NC2880: step 521 NO_CANDIDATES_GENERATED pairs=22300 evals=884 496s
[609155.4] PE_E_T2000_NC2880: step 522 NO_CANDIDATES_GENERATED pairs=22300 evals=884 496s
[609155.5] PE_E_T2000_NC2880: step 523 NO_CANDIDATES_GENERATED pairs=22300 evals=884 496s
[609162.5] PE_E_T2000_NC2880: step 524 ELEVATED pairs=22184 evals=900 503s
[609162.6] PE_E_T2000_NC2880: step 525 NO_CANDIDATES_GENERATED pairs=22184 evals=900 503s
[609162.7] PE_E_T2000_NC2880: step 526 NO_CANDIDATES_GENERATED pairs=22184 evals=900 503s
[609162.8] PE_E_T2000_NC2880: step 527 NO_CANDIDATES_GENERATED pairs=22184 evals=900 503s
[609162.8] PE_E_T2000_NC2880: step 528 NO_CANDIDATES_GENERATED pairs=22184 evals=900 503s
[609163.0] PE_E_T2000_NC2880: step 529 NO_CANDIDATES_GENERATED pairs=22184 evals=900 504s
[609163.1] PE_E_T2000_NC2880: step 530 NO_CANDIDATES_GENERATED pairs=22184 evals=900 504s
[609163.2] PE_E_T2000_NC2880: step 531 NO_CANDIDATES_GENERATED pairs=22184 evals=900 504s
[609163.3] PE_E_T2000_NC2880: step 532 NO_CANDIDATES_GENERATED pairs=22184 evals=900 504s
[609163.4] PE_E_T2000_NC2880: step 533 NO_CANDIDATES_GENERATED pairs=22184 evals=900 504s
[609170.1] PE_E_T2000_NC2880: step 534 ELEVATED pairs=22064 evals=916 511s
[609170.2] PE_E_T2000_NC2880: step 535 NO_CANDIDATES_GENERATED pairs=22064 evals=916 511s
[609170.3] PE_E_T2000_NC2880: step 536 NO_CANDIDATES_GENERATED pairs=22064 evals=916 511s
[609170.4] PE_E_T2000_NC2880: step 537 NO_CANDIDATES_GENERATED pairs=22064 evals=916 511s
[609170.5] PE_E_T2000_NC2880: step 538 NO_CANDIDATES_GENERATED pairs=22064 evals=916 511s
[609170.7] PE_E_T2000_NC2880: step 539 NO_CANDIDATES_GENERATED pairs=22064 evals=916 511s
[609170.8] PE_E_T2000_NC2880: step 540 NO_CANDIDATES_GENERATED pairs=22064 evals=916 511s
[609170.9] PE_E_T2000_NC2880: step 541 NO_CANDIDATES_GENERATED pairs=22064 evals=916 511s
[609171.0] PE_E_T2000_NC2880: step 542 NO_CANDIDATES_GENERATED pairs=22064 evals=916 512s
[609171.0] PE_E_T2000_NC2880: step 543 NO_CANDIDATES_GENERATED pairs=22064 evals=916 512s
[609175.5] PE_E_T2000_NC2880: step 544 ELEVATED pairs=21959 evals=932 516s
[609175.6] PE_E_T2000_NC2880: step 545 NO_CANDIDATES_GENERATED pairs=21959 evals=932 516s
[609175.7] PE_E_T2000_NC2880: step 546 NO_CANDIDATES_GENERATED pairs=21959 evals=932 516s
[609175.8] PE_E_T2000_NC2880: step 547 NO_CANDIDATES_GENERATED pairs=21959 evals=932 516s
[609175.9] PE_E_T2000_NC2880: step 548 NO_CANDIDATES_GENERATED pairs=21959 evals=932 517s
[609176.0] PE_E_T2000_NC2880: step 549 NO_CANDIDATES_GENERATED pairs=21959 evals=932 517s
[609176.1] PE_E_T2000_NC2880: step 550 NO_CANDIDATES_GENERATED pairs=21959 evals=932 517s
[609176.2] PE_E_T2000_NC2880: step 551 NO_CANDIDATES_GENERATED pairs=21959 evals=932 517s
[609176.3] PE_E_T2000_NC2880: step 552 NO_CANDIDATES_GENERATED pairs=21959 evals=932 517s
[609176.3] PE_E_T2000_NC2880: step 553 NO_CANDIDATES_GENERATED pairs=21959 evals=932 517s
[609183.5] PE_E_T2000_NC2880: step 554 ELEVATED pairs=21827 evals=948 524s
[609183.6] PE_E_T2000_NC2880: step 555 NO_CANDIDATES_GENERATED pairs=21827 evals=948 524s
[609183.7] PE_E_T2000_NC2880: step 556 NO_CANDIDATES_GENERATED pairs=21827 evals=948 524s
[609183.8] PE_E_T2000_NC2880: step 557 NO_CANDIDATES_GENERATED pairs=21827 evals=948 524s
[609183.9] PE_E_T2000_NC2880: step 558 NO_CANDIDATES_GENERATED pairs=21827 evals=948 525s
[609184.0] PE_E_T2000_NC2880: step 559 NO_CANDIDATES_GENERATED pairs=21827 evals=948 525s
[609184.1] PE_E_T2000_NC2880: step 560 NO_CANDIDATES_GENERATED pairs=21827 evals=948 525s
[609184.2] PE_E_T2000_NC2880: step 561 NO_CANDIDATES_GENERATED pairs=21827 evals=948 525s
[609184.3] PE_E_T2000_NC2880: step 562 NO_CANDIDATES_GENERATED pairs=21827 evals=948 525s
[609184.4] PE_E_T2000_NC2880: step 563 NO_CANDIDATES_GENERATED pairs=21827 evals=948 525s
[609191.6] PE_E_T2000_NC2880: step 564 ELEVATED pairs=21695 evals=964 532s
[609191.7] PE_E_T2000_NC2880: step 565 NO_CANDIDATES_GENERATED pairs=21695 evals=964 532s
[609191.8] PE_E_T2000_NC2880: step 566 NO_CANDIDATES_GENERATED pairs=21695 evals=964 532s
[609191.9] PE_E_T2000_NC2880: step 567 NO_CANDIDATES_GENERATED pairs=21695 evals=964 533s
[609192.0] PE_E_T2000_NC2880: step 568 NO_CANDIDATES_GENERATED pairs=21695 evals=964 533s
[609192.1] PE_E_T2000_NC2880: step 569 NO_CANDIDATES_GENERATED pairs=21695 evals=964 533s
[609192.2] PE_E_T2000_NC2880: step 570 NO_CANDIDATES_GENERATED pairs=21695 evals=964 533s
[609192.3] PE_E_T2000_NC2880: step 571 NO_CANDIDATES_GENERATED pairs=21695 evals=964 533s
[609192.5] PE_E_T2000_NC2880: step 572 NO_CANDIDATES_GENERATED pairs=21695 evals=964 533s
[609192.5] PE_E_T2000_NC2880: step 573 NO_CANDIDATES_GENERATED pairs=21695 evals=964 533s
[609199.0] PE_E_T2000_NC2880: step 574 ELEVATED pairs=21584 evals=980 540s
[609199.1] PE_E_T2000_NC2880: step 575 NO_CANDIDATES_GENERATED pairs=21584 evals=980 540s
[609199.2] PE_E_T2000_NC2880: step 576 NO_CANDIDATES_GENERATED pairs=21584 evals=980 540s
[609199.3] PE_E_T2000_NC2880: step 577 NO_CANDIDATES_GENERATED pairs=21584 evals=980 540s
[609199.4] PE_E_T2000_NC2880: step 578 NO_CANDIDATES_GENERATED pairs=21584 evals=980 540s
[609199.5] PE_E_T2000_NC2880: step 579 NO_CANDIDATES_GENERATED pairs=21584 evals=980 540s
[609199.6] PE_E_T2000_NC2880: step 580 NO_CANDIDATES_GENERATED pairs=21584 evals=980 540s
[609199.7] PE_E_T2000_NC2880: step 581 NO_CANDIDATES_GENERATED pairs=21584 evals=980 540s
[609199.8] PE_E_T2000_NC2880: step 582 NO_CANDIDATES_GENERATED pairs=21584 evals=980 540s
[609199.9] PE_E_T2000_NC2880: step 583 NO_CANDIDATES_GENERATED pairs=21584 evals=980 540s
[609207.0] PE_E_T2000_NC2880: step 584 ELEVATED pairs=21468 evals=996 548s
[609207.1] PE_E_T2000_NC2880: step 585 NO_CANDIDATES_GENERATED pairs=21468 evals=996 548s
[609207.1] PE_E_T2000_NC2880: step 586 NO_CANDIDATES_GENERATED pairs=21468 evals=996 548s
[609207.2] PE_E_T2000_NC2880: step 587 NO_CANDIDATES_GENERATED pairs=21468 evals=996 548s
[609207.3] PE_E_T2000_NC2880: step 588 NO_CANDIDATES_GENERATED pairs=21468 evals=996 548s
[609207.4] PE_E_T2000_NC2880: step 589 NO_CANDIDATES_GENERATED pairs=21468 evals=996 548s
[609207.5] PE_E_T2000_NC2880: step 590 NO_CANDIDATES_GENERATED pairs=21468 evals=996 548s
[609207.6] PE_E_T2000_NC2880: step 591 NO_CANDIDATES_GENERATED pairs=21468 evals=996 548s
[609207.7] PE_E_T2000_NC2880: step 592 NO_CANDIDATES_GENERATED pairs=21468 evals=996 548s
[609207.8] PE_E_T2000_NC2880: step 593 NO_CANDIDATES_GENERATED pairs=21468 evals=996 548s
[609213.7] PE_E_T2000_NC2880: step 594 ELEVATED pairs=21349 evals=1012 554s
[609213.7] PE_E_T2000_NC2880: step 595 NO_CANDIDATES_GENERATED pairs=21349 evals=1012 554s
[609213.8] PE_E_T2000_NC2880: step 596 NO_CANDIDATES_GENERATED pairs=21349 evals=1012 554s
[609213.9] PE_E_T2000_NC2880: step 597 NO_CANDIDATES_GENERATED pairs=21349 evals=1012 555s
[609214.0] PE_E_T2000_NC2880: step 598 NO_CANDIDATES_GENERATED pairs=21349 evals=1012 555s
[609214.1] PE_E_T2000_NC2880: step 599 NO_CANDIDATES_GENERATED pairs=21349 evals=1012 555s
[609214.1] PE_E_T2000_NC2880: step 600 NO_CANDIDATES_GENERATED pairs=21349 evals=1012 555s
[609214.2] PE_E_T2000_NC2880: step 601 NO_CANDIDATES_GENERATED pairs=21349 evals=1012 555s
[609214.3] PE_E_T2000_NC2880: step 602 NO_CANDIDATES_GENERATED pairs=21349 evals=1012 555s
[609214.4] PE_E_T2000_NC2880: step 603 NO_CANDIDATES_GENERATED pairs=21349 evals=1012 555s
[609219.8] PE_E_T2000_NC2880: step 604 ELEVATED pairs=21232 evals=1028 560s
[609219.9] PE_E_T2000_NC2880: step 605 NO_CANDIDATES_GENERATED pairs=21232 evals=1028 561s
[609220.0] PE_E_T2000_NC2880: step 606 NO_CANDIDATES_GENERATED pairs=21232 evals=1028 561s
[609220.1] PE_E_T2000_NC2880: step 607 NO_CANDIDATES_GENERATED pairs=21232 evals=1028 561s
[609220.2] PE_E_T2000_NC2880: step 608 NO_CANDIDATES_GENERATED pairs=21232 evals=1028 561s
[609220.3] PE_E_T2000_NC2880: step 609 NO_CANDIDATES_GENERATED pairs=21232 evals=1028 561s
[609220.4] PE_E_T2000_NC2880: step 610 NO_CANDIDATES_GENERATED pairs=21232 evals=1028 561s
[609220.5] PE_E_T2000_NC2880: step 611 NO_CANDIDATES_GENERATED pairs=21232 evals=1028 561s
[609220.6] PE_E_T2000_NC2880: step 612 NO_CANDIDATES_GENERATED pairs=21232 evals=1028 561s
[609220.7] PE_E_T2000_NC2880: step 613 NO_CANDIDATES_GENERATED pairs=21232 evals=1028 561s
[609226.5] PE_E_T2000_NC2880: step 614 ELEVATED pairs=21113 evals=1044 567s
[609226.6] PE_E_T2000_NC2880: step 615 NO_CANDIDATES_GENERATED pairs=21113 evals=1044 567s
[609226.7] PE_E_T2000_NC2880: step 616 NO_CANDIDATES_GENERATED pairs=21113 evals=1044 567s
[609226.8] PE_E_T2000_NC2880: step 617 NO_CANDIDATES_GENERATED pairs=21113 evals=1044 567s
[609226.9] PE_E_T2000_NC2880: step 618 NO_CANDIDATES_GENERATED pairs=21113 evals=1044 568s
[609227.0] PE_E_T2000_NC2880: step 619 NO_CANDIDATES_GENERATED pairs=21113 evals=1044 568s
[609227.1] PE_E_T2000_NC2880: step 620 NO_CANDIDATES_GENERATED pairs=21113 evals=1044 568s
[609227.1] PE_E_T2000_NC2880: step 621 NO_CANDIDATES_GENERATED pairs=21113 evals=1044 568s
[609227.2] PE_E_T2000_NC2880: step 622 NO_CANDIDATES_GENERATED pairs=21113 evals=1044 568s
[609227.3] PE_E_T2000_NC2880: step 623 NO_CANDIDATES_GENERATED pairs=21113 evals=1044 568s
[609232.8] PE_E_T2000_NC2880: step 624 ELEVATED pairs=20996 evals=1060 573s
[609232.9] PE_E_T2000_NC2880: step 625 NO_CANDIDATES_GENERATED pairs=20996 evals=1060 574s
[609233.0] PE_E_T2000_NC2880: step 626 NO_CANDIDATES_GENERATED pairs=20996 evals=1060 574s
[609233.1] PE_E_T2000_NC2880: step 627 NO_CANDIDATES_GENERATED pairs=20996 evals=1060 574s
[609233.1] PE_E_T2000_NC2880: step 628 NO_CANDIDATES_GENERATED pairs=20996 evals=1060 574s
[609233.2] PE_E_T2000_NC2880: step 629 NO_CANDIDATES_GENERATED pairs=20996 evals=1060 574s
[609233.3] PE_E_T2000_NC2880: step 630 NO_CANDIDATES_GENERATED pairs=20996 evals=1060 574s
[609233.4] PE_E_T2000_NC2880: step 631 NO_CANDIDATES_GENERATED pairs=20996 evals=1060 574s
[609233.4] PE_E_T2000_NC2880: step 632 NO_CANDIDATES_GENERATED pairs=20996 evals=1060 574s
[609233.5] PE_E_T2000_NC2880: step 633 NO_CANDIDATES_GENERATED pairs=20996 evals=1060 574s
[609239.0] PE_E_T2000_NC2880: step 634 ELEVATED pairs=20933 evals=1076 580s
[609239.1] PE_E_T2000_NC2880: step 635 NO_CANDIDATES_GENERATED pairs=20933 evals=1076 580s
[609239.1] PE_E_T2000_NC2880: step 636 NO_CANDIDATES_GENERATED pairs=20933 evals=1076 580s
[609239.2] PE_E_T2000_NC2880: step 637 NO_CANDIDATES_GENERATED pairs=20933 evals=1076 580s
[609239.3] PE_E_T2000_NC2880: step 638 NO_CANDIDATES_GENERATED pairs=20933 evals=1076 580s
[609239.4] PE_E_T2000_NC2880: step 639 NO_CANDIDATES_GENERATED pairs=20933 evals=1076 580s
[609239.5] PE_E_T2000_NC2880: step 640 NO_CANDIDATES_GENERATED pairs=20933 evals=1076 580s
[609239.5] PE_E_T2000_NC2880: step 641 NO_CANDIDATES_GENERATED pairs=20933 evals=1076 580s
[609239.6] PE_E_T2000_NC2880: step 642 NO_CANDIDATES_GENERATED pairs=20933 evals=1076 580s
[609239.7] PE_E_T2000_NC2880: step 643 NO_CANDIDATES_GENERATED pairs=20933 evals=1076 580s
[609255.7] PE_E_T2000_NC2880: step 644 ELEVATED pairs=20818 evals=1092 596s
[609255.7] PE_E_T2000_NC2880: step 645 NO_CANDIDATES_GENERATED pairs=20818 evals=1092 596s
[609255.8] PE_E_T2000_NC2880: step 646 NO_CANDIDATES_GENERATED pairs=20818 evals=1092 596s
[609255.9] PE_E_T2000_NC2880: step 647 NO_CANDIDATES_GENERATED pairs=20818 evals=1092 597s
[609255.9] PE_E_T2000_NC2880: step 648 NO_CANDIDATES_GENERATED pairs=20818 evals=1092 597s
[609256.0] PE_E_T2000_NC2880: step 649 NO_CANDIDATES_GENERATED pairs=20818 evals=1092 597s
[609256.1] PE_E_T2000_NC2880: step 650 NO_CANDIDATES_GENERATED pairs=20818 evals=1092 597s
[609256.1] PE_E_T2000_NC2880: step 651 NO_CANDIDATES_GENERATED pairs=20818 evals=1092 597s
[609256.2] PE_E_T2000_NC2880: step 652 NO_CANDIDATES_GENERATED pairs=20818 evals=1092 597s
[609256.3] PE_E_T2000_NC2880: step 653 NO_CANDIDATES_GENERATED pairs=20818 evals=1092 597s
[609260.7] PE_E_T2000_NC2880: step 654 ELEVATED pairs=20677 evals=1108 601s
[609260.8] PE_E_T2000_NC2880: step 655 NO_CANDIDATES_GENERATED pairs=20677 evals=1108 601s
[609260.9] PE_E_T2000_NC2880: step 656 NO_CANDIDATES_GENERATED pairs=20677 evals=1108 601s
[609260.9] PE_E_T2000_NC2880: step 657 NO_CANDIDATES_GENERATED pairs=20677 evals=1108 602s
[609261.0] PE_E_T2000_NC2880: step 658 NO_CANDIDATES_GENERATED pairs=20677 evals=1108 602s
[609261.1] PE_E_T2000_NC2880: step 659 NO_CANDIDATES_GENERATED pairs=20677 evals=1108 602s
[609261.1] PE_E_T2000_NC2880: step 660 NO_CANDIDATES_GENERATED pairs=20677 evals=1108 602s
[609261.2] PE_E_T2000_NC2880: step 661 NO_CANDIDATES_GENERATED pairs=20677 evals=1108 602s
[609261.3] PE_E_T2000_NC2880: step 662 NO_CANDIDATES_GENERATED pairs=20677 evals=1108 602s
[609261.4] PE_E_T2000_NC2880: step 663 NO_CANDIDATES_GENERATED pairs=20677 evals=1108 602s
[609278.9] PE_E_T2000_NC2880: step 664 ELEVATED pairs=20562 evals=1124 620s
[609279.1] PE_E_T2000_NC2880: step 665 NO_CANDIDATES_GENERATED pairs=20562 evals=1124 620s
[609279.2] PE_E_T2000_NC2880: step 666 NO_CANDIDATES_GENERATED pairs=20562 evals=1124 620s
[609279.3] PE_E_T2000_NC2880: step 667 NO_CANDIDATES_GENERATED pairs=20562 evals=1124 620s
[609279.4] PE_E_T2000_NC2880: step 668 NO_CANDIDATES_GENERATED pairs=20562 evals=1124 620s
[609279.5] PE_E_T2000_NC2880: step 669 NO_CANDIDATES_GENERATED pairs=20562 evals=1124 620s
[609279.7] PE_E_T2000_NC2880: step 670 NO_CANDIDATES_GENERATED pairs=20562 evals=1124 620s
[609279.8] PE_E_T2000_NC2880: step 671 NO_CANDIDATES_GENERATED pairs=20562 evals=1124 620s
[609279.9] PE_E_T2000_NC2880: step 672 NO_CANDIDATES_GENERATED pairs=20562 evals=1124 621s
[609280.0] PE_E_T2000_NC2880: step 673 NO_CANDIDATES_GENERATED pairs=20562 evals=1124 621s
[609287.9] PE_E_T2000_NC2880: step 674 ELEVATED pairs=20453 evals=1140 629s
[609288.0] PE_E_T2000_NC2880: step 675 NO_CANDIDATES_GENERATED pairs=20453 evals=1140 629s
[609288.1] PE_E_T2000_NC2880: step 676 NO_CANDIDATES_GENERATED pairs=20453 evals=1140 629s
[609288.2] PE_E_T2000_NC2880: step 677 NO_CANDIDATES_GENERATED pairs=20453 evals=1140 629s
[609288.3] PE_E_T2000_NC2880: step 678 NO_CANDIDATES_GENERATED pairs=20453 evals=1140 629s
[609288.4] PE_E_T2000_NC2880: step 679 NO_CANDIDATES_GENERATED pairs=20453 evals=1140 629s
[609288.6] PE_E_T2000_NC2880: step 680 NO_CANDIDATES_GENERATED pairs=20453 evals=1140 629s
[609288.7] PE_E_T2000_NC2880: step 681 NO_CANDIDATES_GENERATED pairs=20453 evals=1140 629s
[609288.8] PE_E_T2000_NC2880: step 682 NO_CANDIDATES_GENERATED pairs=20453 evals=1140 629s
[609288.9] PE_E_T2000_NC2880: step 683 NO_CANDIDATES_GENERATED pairs=20453 evals=1140 630s
[609304.8] PE_E_T2000_NC2880: step 684 ELEVATED pairs=20338 evals=1156 645s
[609304.8] PE_E_T2000_NC2880: step 685 NO_CANDIDATES_GENERATED pairs=20338 evals=1156 645s
[609304.9] PE_E_T2000_NC2880: step 686 NO_CANDIDATES_GENERATED pairs=20338 evals=1156 646s
[609305.0] PE_E_T2000_NC2880: step 687 NO_CANDIDATES_GENERATED pairs=20338 evals=1156 646s
[609305.0] PE_E_T2000_NC2880: step 688 NO_CANDIDATES_GENERATED pairs=20338 evals=1156 646s
[609305.1] PE_E_T2000_NC2880: step 689 NO_CANDIDATES_GENERATED pairs=20338 evals=1156 646s
[609305.2] PE_E_T2000_NC2880: step 690 NO_CANDIDATES_GENERATED pairs=20338 evals=1156 646s
[609305.2] PE_E_T2000_NC2880: step 691 NO_CANDIDATES_GENERATED pairs=20338 evals=1156 646s
[609305.3] PE_E_T2000_NC2880: step 692 NO_CANDIDATES_GENERATED pairs=20338 evals=1156 646s
[609305.4] PE_E_T2000_NC2880: step 693 NO_CANDIDATES_GENERATED pairs=20338 evals=1156 646s
[609319.7] PE_E_T2000_NC2880: step 694 ELEVATED pairs=20225 evals=1172 660s
[609319.8] PE_E_T2000_NC2880: step 695 NO_CANDIDATES_GENERATED pairs=20225 evals=1172 660s
[609319.8] PE_E_T2000_NC2880: step 696 NO_CANDIDATES_GENERATED pairs=20225 evals=1172 660s
[609319.9] PE_E_T2000_NC2880: step 697 NO_CANDIDATES_GENERATED pairs=20225 evals=1172 661s
[609319.9] PE_E_T2000_NC2880: step 698 NO_CANDIDATES_GENERATED pairs=20225 evals=1172 661s
[609320.0] PE_E_T2000_NC2880: step 699 NO_CANDIDATES_GENERATED pairs=20225 evals=1172 661s
[609320.1] PE_E_T2000_NC2880: step 700 NO_CANDIDATES_GENERATED pairs=20225 evals=1172 661s
[609320.1] PE_E_T2000_NC2880: step 701 NO_CANDIDATES_GENERATED pairs=20225 evals=1172 661s
[609320.2] PE_E_T2000_NC2880: step 702 NO_CANDIDATES_GENERATED pairs=20225 evals=1172 661s
[609320.2] PE_E_T2000_NC2880: step 703 NO_CANDIDATES_GENERATED pairs=20225 evals=1172 661s
[609325.4] PE_E_T2000_NC2880: step 704 ELEVATED pairs=20114 evals=1188 666s
[609325.5] PE_E_T2000_NC2880: step 705 NO_CANDIDATES_GENERATED pairs=20114 evals=1188 666s
[609325.6] PE_E_T2000_NC2880: step 706 NO_CANDIDATES_GENERATED pairs=20114 evals=1188 666s
[609325.6] PE_E_T2000_NC2880: step 707 NO_CANDIDATES_GENERATED pairs=20114 evals=1188 666s
[609325.7] PE_E_T2000_NC2880: step 708 NO_CANDIDATES_GENERATED pairs=20114 evals=1188 666s
[609325.7] PE_E_T2000_NC2880: step 709 NO_CANDIDATES_GENERATED pairs=20114 evals=1188 666s
[609325.8] PE_E_T2000_NC2880: step 710 NO_CANDIDATES_GENERATED pairs=20114 evals=1188 666s
[609325.9] PE_E_T2000_NC2880: step 711 NO_CANDIDATES_GENERATED pairs=20114 evals=1188 666s
[609325.9] PE_E_T2000_NC2880: step 712 NO_CANDIDATES_GENERATED pairs=20114 evals=1188 667s
[609326.0] PE_E_T2000_NC2880: step 713 NO_CANDIDATES_GENERATED pairs=20114 evals=1188 667s
[609329.3] PE_E_T2000_NC2880: step 714 ELEVATED pairs=20018 evals=1204 670s
[609329.3] PE_E_T2000_NC2880: step 715 NO_CANDIDATES_GENERATED pairs=20018 evals=1204 670s
[609329.4] PE_E_T2000_NC2880: step 716 NO_CANDIDATES_GENERATED pairs=20018 evals=1204 670s
[609329.5] PE_E_T2000_NC2880: step 717 NO_CANDIDATES_GENERATED pairs=20018 evals=1204 670s
[609329.5] PE_E_T2000_NC2880: step 718 NO_CANDIDATES_GENERATED pairs=20018 evals=1204 670s
[609329.6] PE_E_T2000_NC2880: step 719 NO_CANDIDATES_GENERATED pairs=20018 evals=1204 670s
[609329.7] PE_E_T2000_NC2880: step 720 NO_CANDIDATES_GENERATED pairs=20018 evals=1204 670s
[609329.7] PE_E_T2000_NC2880: step 721 NO_CANDIDATES_GENERATED pairs=20018 evals=1204 670s
[609329.8] PE_E_T2000_NC2880: step 722 NO_CANDIDATES_GENERATED pairs=20018 evals=1204 670s
[609329.9] PE_E_T2000_NC2880: step 723 NO_CANDIDATES_GENERATED pairs=20018 evals=1204 670s
[609335.4] PE_E_T2000_NC2880: step 724 ELEVATED pairs=19909 evals=1220 676s
[609335.5] PE_E_T2000_NC2880: step 725 NO_CANDIDATES_GENERATED pairs=19909 evals=1220 676s
[609335.5] PE_E_T2000_NC2880: step 726 NO_CANDIDATES_GENERATED pairs=19909 evals=1220 676s
[609335.6] PE_E_T2000_NC2880: step 727 NO_CANDIDATES_GENERATED pairs=19909 evals=1220 676s
[609335.6] PE_E_T2000_NC2880: step 728 NO_CANDIDATES_GENERATED pairs=19909 evals=1220 676s
[609335.7] PE_E_T2000_NC2880: step 729 NO_CANDIDATES_GENERATED pairs=19909 evals=1220 676s
[609335.8] PE_E_T2000_NC2880: step 730 NO_CANDIDATES_GENERATED pairs=19909 evals=1220 676s
[609335.8] PE_E_T2000_NC2880: step 731 NO_CANDIDATES_GENERATED pairs=19909 evals=1220 676s
[609335.9] PE_E_T2000_NC2880: step 732 NO_CANDIDATES_GENERATED pairs=19909 evals=1220 677s
[609336.0] PE_E_T2000_NC2880: step 733 NO_CANDIDATES_GENERATED pairs=19909 evals=1220 677s
[609341.5] PE_E_T2000_NC2880: step 734 ELEVATED pairs=19802 evals=1236 682s
[609341.5] PE_E_T2000_NC2880: step 735 NO_CANDIDATES_GENERATED pairs=19802 evals=1236 682s
[609341.6] PE_E_T2000_NC2880: step 736 NO_CANDIDATES_GENERATED pairs=19802 evals=1236 682s
[609341.7] PE_E_T2000_NC2880: step 737 NO_CANDIDATES_GENERATED pairs=19802 evals=1236 682s
[609341.7] PE_E_T2000_NC2880: step 738 NO_CANDIDATES_GENERATED pairs=19802 evals=1236 682s
[609341.8] PE_E_T2000_NC2880: step 739 NO_CANDIDATES_GENERATED pairs=19802 evals=1236 682s
[609341.9] PE_E_T2000_NC2880: step 740 NO_CANDIDATES_GENERATED pairs=19802 evals=1236 682s
[609341.9] PE_E_T2000_NC2880: step 741 NO_CANDIDATES_GENERATED pairs=19802 evals=1236 683s
[609342.0] PE_E_T2000_NC2880: step 742 NO_CANDIDATES_GENERATED pairs=19802 evals=1236 683s
[609342.0] PE_E_T2000_NC2880: step 743 NO_CANDIDATES_GENERATED pairs=19802 evals=1236 683s
[609345.5] PE_E_T2000_NC2880: step 744 ELEVATED pairs=19667 evals=1252 686s
[609345.6] PE_E_T2000_NC2880: step 745 NO_CANDIDATES_GENERATED pairs=19667 evals=1252 686s
[609345.6] PE_E_T2000_NC2880: step 746 NO_CANDIDATES_GENERATED pairs=19667 evals=1252 686s
[609345.7] PE_E_T2000_NC2880: step 747 NO_CANDIDATES_GENERATED pairs=19667 evals=1252 686s
[609345.7] PE_E_T2000_NC2880: step 748 NO_CANDIDATES_GENERATED pairs=19667 evals=1252 686s
[609345.8] PE_E_T2000_NC2880: step 749 NO_CANDIDATES_GENERATED pairs=19667 evals=1252 686s
[609345.8] PE_E_T2000_NC2880: step 750 NO_CANDIDATES_GENERATED pairs=19667 evals=1252 686s
[609345.9] PE_E_T2000_NC2880: step 751 NO_CANDIDATES_GENERATED pairs=19667 evals=1252 687s
[609346.0] PE_E_T2000_NC2880: step 752 NO_CANDIDATES_GENERATED pairs=19667 evals=1252 687s
[609346.0] PE_E_T2000_NC2880: step 753 NO_CANDIDATES_GENERATED pairs=19667 evals=1252 687s
[609349.4] PE_E_T2000_NC2880: step 754 ELEVATED pairs=19566 evals=1268 690s
[609349.5] PE_E_T2000_NC2880: step 755 NO_CANDIDATES_GENERATED pairs=19566 evals=1268 690s
[609349.5] PE_E_T2000_NC2880: step 756 NO_CANDIDATES_GENERATED pairs=19566 evals=1268 690s
[609349.6] PE_E_T2000_NC2880: step 757 NO_CANDIDATES_GENERATED pairs=19566 evals=1268 690s
[609349.6] PE_E_T2000_NC2880: step 758 NO_CANDIDATES_GENERATED pairs=19566 evals=1268 690s
[609349.7] PE_E_T2000_NC2880: step 759 NO_CANDIDATES_GENERATED pairs=19566 evals=1268 690s
[609349.8] PE_E_T2000_NC2880: step 760 NO_CANDIDATES_GENERATED pairs=19566 evals=1268 690s
[609349.8] PE_E_T2000_NC2880: step 761 NO_CANDIDATES_GENERATED pairs=19566 evals=1268 690s
[609349.9] PE_E_T2000_NC2880: step 762 NO_CANDIDATES_GENERATED pairs=19566 evals=1268 691s
[609350.0] PE_E_T2000_NC2880: step 763 NO_CANDIDATES_GENERATED pairs=19566 evals=1268 691s
[609353.4] PE_E_T2000_NC2880: step 764 ELEVATED pairs=19465 evals=1284 694s
[609353.4] PE_E_T2000_NC2880: step 765 NO_CANDIDATES_GENERATED pairs=19465 evals=1284 694s
[609353.5] PE_E_T2000_NC2880: step 766 NO_CANDIDATES_GENERATED pairs=19465 evals=1284 694s
[609353.5] PE_E_T2000_NC2880: step 767 NO_CANDIDATES_GENERATED pairs=19465 evals=1284 694s
[609353.6] PE_E_T2000_NC2880: step 768 NO_CANDIDATES_GENERATED pairs=19465 evals=1284 694s
[609353.6] PE_E_T2000_NC2880: step 769 NO_CANDIDATES_GENERATED pairs=19465 evals=1284 694s
[609353.7] PE_E_T2000_NC2880: step 770 NO_CANDIDATES_GENERATED pairs=19465 evals=1284 694s
[609353.8] PE_E_T2000_NC2880: step 771 NO_CANDIDATES_GENERATED pairs=19465 evals=1284 694s
[609353.8] PE_E_T2000_NC2880: step 772 NO_CANDIDATES_GENERATED pairs=19465 evals=1284 694s
[609353.9] PE_E_T2000_NC2880: step 773 NO_CANDIDATES_GENERATED pairs=19465 evals=1284 694s
[609357.2] PE_E_T2000_NC2880: step 774 ELEVATED pairs=19365 evals=1300 698s
[609357.3] PE_E_T2000_NC2880: step 775 NO_CANDIDATES_GENERATED pairs=19365 evals=1300 698s
[609357.3] PE_E_T2000_NC2880: step 776 NO_CANDIDATES_GENERATED pairs=19365 evals=1300 698s
[609357.4] PE_E_T2000_NC2880: step 777 NO_CANDIDATES_GENERATED pairs=19365 evals=1300 698s
[609357.4] PE_E_T2000_NC2880: step 778 NO_CANDIDATES_GENERATED pairs=19365 evals=1300 698s
[609357.5] PE_E_T2000_NC2880: step 779 NO_CANDIDATES_GENERATED pairs=19365 evals=1300 698s
[609357.5] PE_E_T2000_NC2880: step 780 NO_CANDIDATES_GENERATED pairs=19365 evals=1300 698s
[609357.6] PE_E_T2000_NC2880: step 781 NO_CANDIDATES_GENERATED pairs=19365 evals=1300 698s
[609357.6] PE_E_T2000_NC2880: step 782 NO_CANDIDATES_GENERATED pairs=19365 evals=1300 698s
[609357.7] PE_E_T2000_NC2880: step 783 NO_CANDIDATES_GENERATED pairs=19365 evals=1300 698s
[609361.2] PE_E_T2000_NC2880: step 784 ELEVATED pairs=19265 evals=1316 702s
[609361.3] PE_E_T2000_NC2880: step 785 NO_CANDIDATES_GENERATED pairs=19265 evals=1316 702s
[609361.3] PE_E_T2000_NC2880: step 786 NO_CANDIDATES_GENERATED pairs=19265 evals=1316 702s
[609361.4] PE_E_T2000_NC2880: step 787 NO_CANDIDATES_GENERATED pairs=19265 evals=1316 702s
[609361.4] PE_E_T2000_NC2880: step 788 NO_CANDIDATES_GENERATED pairs=19265 evals=1316 702s
[609361.5] PE_E_T2000_NC2880: step 789 NO_CANDIDATES_GENERATED pairs=19265 evals=1316 702s
[609361.6] PE_E_T2000_NC2880: step 790 NO_CANDIDATES_GENERATED pairs=19265 evals=1316 702s
[609361.6] PE_E_T2000_NC2880: step 791 NO_CANDIDATES_GENERATED pairs=19265 evals=1316 702s
[609361.7] PE_E_T2000_NC2880: step 792 NO_CANDIDATES_GENERATED pairs=19265 evals=1316 702s
[609361.8] PE_E_T2000_NC2880: step 793 NO_CANDIDATES_GENERATED pairs=19265 evals=1316 702s
[609365.4] PE_E_T2000_NC2880: step 794 ELEVATED pairs=19166 evals=1332 706s
[609365.5] PE_E_T2000_NC2880: step 795 NO_CANDIDATES_GENERATED pairs=19166 evals=1332 706s
[609365.5] PE_E_T2000_NC2880: step 796 NO_CANDIDATES_GENERATED pairs=19166 evals=1332 706s
[609365.6] PE_E_T2000_NC2880: step 797 NO_CANDIDATES_GENERATED pairs=19166 evals=1332 706s
[609365.6] PE_E_T2000_NC2880: step 798 NO_CANDIDATES_GENERATED pairs=19166 evals=1332 706s
[609365.7] PE_E_T2000_NC2880: step 799 NO_CANDIDATES_GENERATED pairs=19166 evals=1332 706s
[609365.7] PE_E_T2000_NC2880: step 800 NO_CANDIDATES_GENERATED pairs=19166 evals=1332 706s
[609365.8] PE_E_T2000_NC2880: step 801 NO_CANDIDATES_GENERATED pairs=19166 evals=1332 706s
[609365.9] PE_E_T2000_NC2880: step 802 NO_CANDIDATES_GENERATED pairs=19166 evals=1332 706s
[609365.9] PE_E_T2000_NC2880: step 803 NO_CANDIDATES_GENERATED pairs=19166 evals=1332 707s
[609369.3] PE_E_T2000_NC2880: step 804 ELEVATED pairs=19067 evals=1348 710s
[609369.4] PE_E_T2000_NC2880: step 805 NO_CANDIDATES_GENERATED pairs=19067 evals=1348 710s
[609369.4] PE_E_T2000_NC2880: step 806 NO_CANDIDATES_GENERATED pairs=19067 evals=1348 710s
[609369.5] PE_E_T2000_NC2880: step 807 NO_CANDIDATES_GENERATED pairs=19067 evals=1348 710s
[609369.5] PE_E_T2000_NC2880: step 808 NO_CANDIDATES_GENERATED pairs=19067 evals=1348 710s
[609369.6] PE_E_T2000_NC2880: step 809 NO_CANDIDATES_GENERATED pairs=19067 evals=1348 710s
[609369.6] PE_E_T2000_NC2880: step 810 NO_CANDIDATES_GENERATED pairs=19067 evals=1348 710s
[609369.7] PE_E_T2000_NC2880: step 811 NO_CANDIDATES_GENERATED pairs=19067 evals=1348 710s
[609369.8] PE_E_T2000_NC2880: step 812 NO_CANDIDATES_GENERATED pairs=19067 evals=1348 710s
[609369.8] PE_E_T2000_NC2880: step 813 NO_CANDIDATES_GENERATED pairs=19067 evals=1348 710s
[609375.7] PE_E_T2000_NC2880: step 814 ELEVATED pairs=18928 evals=1364 716s
[609375.8] PE_E_T2000_NC2880: step 815 NO_CANDIDATES_GENERATED pairs=18928 evals=1364 716s
[609375.8] PE_E_T2000_NC2880: step 816 NO_CANDIDATES_GENERATED pairs=18928 evals=1364 716s
[609375.9] PE_E_T2000_NC2880: step 817 NO_CANDIDATES_GENERATED pairs=18928 evals=1364 717s
[609375.9] PE_E_T2000_NC2880: step 818 NO_CANDIDATES_GENERATED pairs=18928 evals=1364 717s
[609376.0] PE_E_T2000_NC2880: step 819 NO_CANDIDATES_GENERATED pairs=18928 evals=1364 717s
[609376.0] PE_E_T2000_NC2880: step 820 NO_CANDIDATES_GENERATED pairs=18928 evals=1364 717s
[609376.1] PE_E_T2000_NC2880: step 821 NO_CANDIDATES_GENERATED pairs=18928 evals=1364 717s
[609376.1] PE_E_T2000_NC2880: step 822 NO_CANDIDATES_GENERATED pairs=18928 evals=1364 717s
[609376.2] PE_E_T2000_NC2880: step 823 NO_CANDIDATES_GENERATED pairs=18928 evals=1364 717s
[609379.7] PE_E_T2000_NC2880: step 824 ELEVATED pairs=18829 evals=1380 720s
[609379.8] PE_E_T2000_NC2880: step 825 NO_CANDIDATES_GENERATED pairs=18829 evals=1380 720s
[609379.8] PE_E_T2000_NC2880: step 826 NO_CANDIDATES_GENERATED pairs=18829 evals=1380 720s
[609379.9] PE_E_T2000_NC2880: step 827 NO_CANDIDATES_GENERATED pairs=18829 evals=1380 721s
[609379.9] PE_E_T2000_NC2880: step 828 NO_CANDIDATES_GENERATED pairs=18829 evals=1380 721s
[609380.0] PE_E_T2000_NC2880: step 829 NO_CANDIDATES_GENERATED pairs=18829 evals=1380 721s
[609380.1] PE_E_T2000_NC2880: step 830 NO_CANDIDATES_GENERATED pairs=18829 evals=1380 721s
[609380.1] PE_E_T2000_NC2880: step 831 NO_CANDIDATES_GENERATED pairs=18829 evals=1380 721s
[609380.2] PE_E_T2000_NC2880: step 832 NO_CANDIDATES_GENERATED pairs=18829 evals=1380 721s
[609380.2] PE_E_T2000_NC2880: step 833 NO_CANDIDATES_GENERATED pairs=18829 evals=1380 721s
[609383.6] PE_E_T2000_NC2880: step 834 ELEVATED pairs=18730 evals=1396 724s
[609383.7] PE_E_T2000_NC2880: step 835 NO_CANDIDATES_GENERATED pairs=18730 evals=1396 724s
[609383.7] PE_E_T2000_NC2880: step 836 NO_CANDIDATES_GENERATED pairs=18730 evals=1396 724s
[609383.8] PE_E_T2000_NC2880: step 837 NO_CANDIDATES_GENERATED pairs=18730 evals=1396 724s
[609383.8] PE_E_T2000_NC2880: step 838 NO_CANDIDATES_GENERATED pairs=18730 evals=1396 724s
[609383.9] PE_E_T2000_NC2880: step 839 NO_CANDIDATES_GENERATED pairs=18730 evals=1396 725s
[609383.9] PE_E_T2000_NC2880: step 840 NO_CANDIDATES_GENERATED pairs=18730 evals=1396 725s
[609384.0] PE_E_T2000_NC2880: step 841 NO_CANDIDATES_GENERATED pairs=18730 evals=1396 725s
[609384.1] PE_E_T2000_NC2880: step 842 NO_CANDIDATES_GENERATED pairs=18730 evals=1396 725s
[609384.1] PE_E_T2000_NC2880: step 843 NO_CANDIDATES_GENERATED pairs=18730 evals=1396 725s
[609390.3] PE_E_T2000_NC2880: step 844 ELEVATED pairs=18593 evals=1412 731s
[609390.3] PE_E_T2000_NC2880: step 845 NO_CANDIDATES_GENERATED pairs=18593 evals=1412 731s
[609390.4] PE_E_T2000_NC2880: step 846 NO_CANDIDATES_GENERATED pairs=18593 evals=1412 731s
[609390.4] PE_E_T2000_NC2880: step 847 NO_CANDIDATES_GENERATED pairs=18593 evals=1412 731s
[609390.5] PE_E_T2000_NC2880: step 848 NO_CANDIDATES_GENERATED pairs=18593 evals=1412 731s
[609390.6] PE_E_T2000_NC2880: step 849 NO_CANDIDATES_GENERATED pairs=18593 evals=1412 731s
[609390.6] PE_E_T2000_NC2880: step 850 NO_CANDIDATES_GENERATED pairs=18593 evals=1412 731s
[609390.7] PE_E_T2000_NC2880: step 851 NO_CANDIDATES_GENERATED pairs=18593 evals=1412 731s
[609390.7] PE_E_T2000_NC2880: step 852 NO_CANDIDATES_GENERATED pairs=18593 evals=1412 731s
[609390.8] PE_E_T2000_NC2880: step 853 NO_CANDIDATES_GENERATED pairs=18593 evals=1412 731s
[609394.0] PE_E_T2000_NC2880: step 854 ELEVATED pairs=18494 evals=1428 735s
[609394.1] PE_E_T2000_NC2880: step 855 NO_CANDIDATES_GENERATED pairs=18494 evals=1428 735s
[609394.1] PE_E_T2000_NC2880: step 856 NO_CANDIDATES_GENERATED pairs=18494 evals=1428 735s
[609394.2] PE_E_T2000_NC2880: step 857 NO_CANDIDATES_GENERATED pairs=18494 evals=1428 735s
[609394.2] PE_E_T2000_NC2880: step 858 NO_CANDIDATES_GENERATED pairs=18494 evals=1428 735s
[609394.3] PE_E_T2000_NC2880: step 859 NO_CANDIDATES_GENERATED pairs=18494 evals=1428 735s
[609394.3] PE_E_T2000_NC2880: step 860 NO_CANDIDATES_GENERATED pairs=18494 evals=1428 735s
[609394.4] PE_E_T2000_NC2880: step 861 NO_CANDIDATES_GENERATED pairs=18494 evals=1428 735s
[609394.5] PE_E_T2000_NC2880: step 862 NO_CANDIDATES_GENERATED pairs=18494 evals=1428 735s
[609394.5] PE_E_T2000_NC2880: step 863 NO_CANDIDATES_GENERATED pairs=18494 evals=1428 735s
[609398.1] PE_E_T2000_NC2880: step 864 ELEVATED pairs=18395 evals=1444 739s
[609398.2] PE_E_T2000_NC2880: step 865 NO_CANDIDATES_GENERATED pairs=18395 evals=1444 739s
[609398.3] PE_E_T2000_NC2880: step 866 NO_CANDIDATES_GENERATED pairs=18395 evals=1444 739s
[609398.3] PE_E_T2000_NC2880: step 867 NO_CANDIDATES_GENERATED pairs=18395 evals=1444 739s
[609398.4] PE_E_T2000_NC2880: step 868 NO_CANDIDATES_GENERATED pairs=18395 evals=1444 739s
[609398.4] PE_E_T2000_NC2880: step 869 NO_CANDIDATES_GENERATED pairs=18395 evals=1444 739s
[609398.5] PE_E_T2000_NC2880: step 870 NO_CANDIDATES_GENERATED pairs=18395 evals=1444 739s
[609398.6] PE_E_T2000_NC2880: step 871 NO_CANDIDATES_GENERATED pairs=18395 evals=1444 739s
[609398.6] PE_E_T2000_NC2880: step 872 NO_CANDIDATES_GENERATED pairs=18395 evals=1444 739s
[609398.7] PE_E_T2000_NC2880: step 873 NO_CANDIDATES_GENERATED pairs=18395 evals=1444 739s
[609404.9] PE_E_T2000_NC2880: step 874 ELEVATED pairs=18260 evals=1460 746s
[609404.9] PE_E_T2000_NC2880: step 875 NO_CANDIDATES_GENERATED pairs=18260 evals=1460 746s
[609405.0] PE_E_T2000_NC2880: step 876 NO_CANDIDATES_GENERATED pairs=18260 evals=1460 746s
[609405.1] PE_E_T2000_NC2880: step 877 NO_CANDIDATES_GENERATED pairs=18260 evals=1460 746s
[609405.1] PE_E_T2000_NC2880: step 878 NO_CANDIDATES_GENERATED pairs=18260 evals=1460 746s
[609405.2] PE_E_T2000_NC2880: step 879 NO_CANDIDATES_GENERATED pairs=18260 evals=1460 746s
[609405.3] PE_E_T2000_NC2880: step 880 NO_CANDIDATES_GENERATED pairs=18260 evals=1460 746s
[609405.3] PE_E_T2000_NC2880: step 881 NO_CANDIDATES_GENERATED pairs=18260 evals=1460 746s
[609405.4] PE_E_T2000_NC2880: step 882 NO_CANDIDATES_GENERATED pairs=18260 evals=1460 746s
[609405.5] PE_E_T2000_NC2880: step 883 NO_CANDIDATES_GENERATED pairs=18260 evals=1460 746s
[609408.9] PE_E_T2000_NC2880: step 884 ELEVATED pairs=18161 evals=1476 750s
[609408.9] PE_E_T2000_NC2880: step 885 NO_CANDIDATES_GENERATED pairs=18161 evals=1476 750s
[609409.0] PE_E_T2000_NC2880: step 886 NO_CANDIDATES_GENERATED pairs=18161 evals=1476 750s
[609409.1] PE_E_T2000_NC2880: step 887 NO_CANDIDATES_GENERATED pairs=18161 evals=1476 750s
[609409.1] PE_E_T2000_NC2880: step 888 NO_CANDIDATES_GENERATED pairs=18161 evals=1476 750s
[609409.2] PE_E_T2000_NC2880: step 889 NO_CANDIDATES_GENERATED pairs=18161 evals=1476 750s
[609409.2] PE_E_T2000_NC2880: step 890 NO_CANDIDATES_GENERATED pairs=18161 evals=1476 750s
[609409.3] PE_E_T2000_NC2880: step 891 NO_CANDIDATES_GENERATED pairs=18161 evals=1476 750s
[609409.4] PE_E_T2000_NC2880: step 892 NO_CANDIDATES_GENERATED pairs=18161 evals=1476 750s
[609409.4] PE_E_T2000_NC2880: step 893 NO_CANDIDATES_GENERATED pairs=18161 evals=1476 750s
[609413.1] PE_E_T2000_NC2880: step 894 ELEVATED pairs=18062 evals=1492 754s
[609413.1] PE_E_T2000_NC2880: step 895 NO_CANDIDATES_GENERATED pairs=18062 evals=1492 754s
[609413.2] PE_E_T2000_NC2880: step 896 NO_CANDIDATES_GENERATED pairs=18062 evals=1492 754s
[609413.2] PE_E_T2000_NC2880: step 897 NO_CANDIDATES_GENERATED pairs=18062 evals=1492 754s
[609413.3] PE_E_T2000_NC2880: step 898 NO_CANDIDATES_GENERATED pairs=18062 evals=1492 754s
[609413.4] PE_E_T2000_NC2880: step 899 NO_CANDIDATES_GENERATED pairs=18062 evals=1492 754s
[609413.4] PE_E_T2000_NC2880: step 900 NO_CANDIDATES_GENERATED pairs=18062 evals=1492 754s
[609413.5] PE_E_T2000_NC2880: step 901 NO_CANDIDATES_GENERATED pairs=18062 evals=1492 754s
[609413.6] PE_E_T2000_NC2880: step 902 NO_CANDIDATES_GENERATED pairs=18062 evals=1492 754s
[609413.7] PE_E_T2000_NC2880: step 903 NO_CANDIDATES_GENERATED pairs=18062 evals=1492 754s
[609421.1] PE_E_T2000_NC2880: step 904 ELEVATED pairs=17929 evals=1508 762s
[609421.2] PE_E_T2000_NC2880: step 905 NO_CANDIDATES_GENERATED pairs=17929 evals=1508 762s
[609421.3] PE_E_T2000_NC2880: step 906 NO_CANDIDATES_GENERATED pairs=17929 evals=1508 762s
[609421.3] PE_E_T2000_NC2880: step 907 NO_CANDIDATES_GENERATED pairs=17929 evals=1508 762s
[609421.4] PE_E_T2000_NC2880: step 908 NO_CANDIDATES_GENERATED pairs=17929 evals=1508 762s
[609421.5] PE_E_T2000_NC2880: step 909 NO_CANDIDATES_GENERATED pairs=17929 evals=1508 762s
[609421.6] PE_E_T2000_NC2880: step 910 NO_CANDIDATES_GENERATED pairs=17929 evals=1508 762s
[609421.6] PE_E_T2000_NC2880: step 911 NO_CANDIDATES_GENERATED pairs=17929 evals=1508 762s
[609421.7] PE_E_T2000_NC2880: step 912 NO_CANDIDATES_GENERATED pairs=17929 evals=1508 762s
[609421.8] PE_E_T2000_NC2880: step 913 NO_CANDIDATES_GENERATED pairs=17929 evals=1508 762s
[609425.5] PE_E_T2000_NC2880: step 914 ELEVATED pairs=17837 evals=1517 766s
[609425.6] PE_E_T2000_NC2880: step 915 NO_CANDIDATES_GENERATED pairs=17837 evals=1517 766s
[609425.6] PE_E_T2000_NC2880: step 916 NO_CANDIDATES_GENERATED pairs=17837 evals=1517 766s
[609425.7] PE_E_T2000_NC2880: step 917 NO_CANDIDATES_GENERATED pairs=17837 evals=1517 766s
[609425.8] PE_E_T2000_NC2880: step 918 NO_CANDIDATES_GENERATED pairs=17837 evals=1517 766s
[609425.9] PE_E_T2000_NC2880: step 919 NO_CANDIDATES_GENERATED pairs=17837 evals=1517 767s
[609426.0] PE_E_T2000_NC2880: step 920 NO_CANDIDATES_GENERATED pairs=17837 evals=1517 767s
[609426.0] PE_E_T2000_NC2880: step 921 NO_CANDIDATES_GENERATED pairs=17837 evals=1517 767s
[609426.1] PE_E_T2000_NC2880: step 922 NO_CANDIDATES_GENERATED pairs=17837 evals=1517 767s
[609426.2] PE_E_T2000_NC2880: step 923 NO_CANDIDATES_GENERATED pairs=17837 evals=1517 767s
[609430.9] PE_E_T2000_NC2880: step 924 ELEVATED pairs=17747 evals=1526 772s
[609431.0] PE_E_T2000_NC2880: step 925 NO_CANDIDATES_GENERATED pairs=17747 evals=1526 772s
[609431.1] PE_E_T2000_NC2880: step 926 NO_CANDIDATES_GENERATED pairs=17747 evals=1526 772s
[609431.1] PE_E_T2000_NC2880: step 927 NO_CANDIDATES_GENERATED pairs=17747 evals=1526 772s
[609431.2] PE_E_T2000_NC2880: step 928 NO_CANDIDATES_GENERATED pairs=17747 evals=1526 772s
[609431.3] PE_E_T2000_NC2880: step 929 NO_CANDIDATES_GENERATED pairs=17747 evals=1526 772s
[609431.3] PE_E_T2000_NC2880: step 930 NO_CANDIDATES_GENERATED pairs=17747 evals=1526 772s
[609431.4] PE_E_T2000_NC2880: step 931 NO_CANDIDATES_GENERATED pairs=17747 evals=1526 772s
[609431.5] PE_E_T2000_NC2880: step 932 NO_CANDIDATES_GENERATED pairs=17747 evals=1526 772s
[609431.6] PE_E_T2000_NC2880: step 933 NO_CANDIDATES_GENERATED pairs=17747 evals=1526 772s
[609431.6] PE_E_T2000_NC2880: step 934 NO_CANDIDATES_GENERATED pairs=17747 evals=1526 772s
[609431.7] PE_E_T2000_NC2880: step 935 NO_CANDIDATES_GENERATED pairs=17747 evals=1526 772s
[609431.7] PE_E_T2000_NC2880: step 936 NO_CANDIDATES_GENERATED pairs=17747 evals=1526 772s
[609431.8] PE_E_T2000_NC2880: step 937 NO_CANDIDATES_GENERATED pairs=17747 evals=1526 772s
[609450.0] PE_E_T2000_NC2880: step 938 ELEVATED pairs=17652 evals=1542 791s
[609450.1] PE_E_T2000_NC2880: step 939 NO_CANDIDATES_GENERATED pairs=17652 evals=1542 791s
[609450.2] PE_E_T2000_NC2880: step 940 NO_CANDIDATES_GENERATED pairs=17652 evals=1542 791s
[609450.2] PE_E_T2000_NC2880: step 941 NO_CANDIDATES_GENERATED pairs=17652 evals=1542 791s
[609450.3] PE_E_T2000_NC2880: step 942 NO_CANDIDATES_GENERATED pairs=17652 evals=1542 791s
[609450.4] PE_E_T2000_NC2880: step 943 NO_CANDIDATES_GENERATED pairs=17652 evals=1542 791s
[609450.5] PE_E_T2000_NC2880: step 944 NO_CANDIDATES_GENERATED pairs=17652 evals=1542 791s
[609450.6] PE_E_T2000_NC2880: step 945 NO_CANDIDATES_GENERATED pairs=17652 evals=1542 791s
[609450.6] PE_E_T2000_NC2880: step 946 NO_CANDIDATES_GENERATED pairs=17652 evals=1542 791s
[609450.7] PE_E_T2000_NC2880: step 947 NO_CANDIDATES_GENERATED pairs=17652 evals=1542 791s
[609450.8] PE_E_T2000_NC2880: step 948 NO_CANDIDATES_GENERATED pairs=17652 evals=1542 791s
[609450.9] PE_E_T2000_NC2880: step 949 NO_CANDIDATES_GENERATED pairs=17652 evals=1542 792s
[609451.0] PE_E_T2000_NC2880: step 950 NO_CANDIDATES_GENERATED pairs=17652 evals=1542 792s
[609451.0] PE_E_T2000_NC2880: step 951 NO_CANDIDATES_GENERATED pairs=17652 evals=1542 792s
[609456.4] PE_E_T2000_NC2880: step 952 ELEVATED pairs=17613 evals=1558 797s
[609456.5] PE_E_T2000_NC2880: step 953 NO_CANDIDATES_GENERATED pairs=17613 evals=1558 797s
[609456.6] PE_E_T2000_NC2880: step 954 NO_CANDIDATES_GENERATED pairs=17613 evals=1558 797s
[609456.7] PE_E_T2000_NC2880: step 955 NO_CANDIDATES_GENERATED pairs=17613 evals=1558 797s
[609456.7] PE_E_T2000_NC2880: step 956 NO_CANDIDATES_GENERATED pairs=17613 evals=1558 797s
[609456.8] PE_E_T2000_NC2880: step 957 NO_CANDIDATES_GENERATED pairs=17613 evals=1558 797s
[609456.9] PE_E_T2000_NC2880: step 958 NO_CANDIDATES_GENERATED pairs=17613 evals=1558 798s
[609457.0] PE_E_T2000_NC2880: step 959 NO_CANDIDATES_GENERATED pairs=17613 evals=1558 798s
[609457.0] PE_E_T2000_NC2880: step 960 NO_CANDIDATES_GENERATED pairs=17613 evals=1558 798s
[609457.1] PE_E_T2000_NC2880: step 961 NO_CANDIDATES_GENERATED pairs=17613 evals=1558 798s
[609457.2] PE_E_T2000_NC2880: step 962 NO_CANDIDATES_GENERATED pairs=17613 evals=1558 798s
[609457.3] PE_E_T2000_NC2880: step 963 NO_CANDIDATES_GENERATED pairs=17613 evals=1558 798s
[609457.4] PE_E_T2000_NC2880: step 964 NO_CANDIDATES_GENERATED pairs=17613 evals=1558 798s
[609457.4] PE_E_T2000_NC2880: step 965 NO_CANDIDATES_GENERATED pairs=17613 evals=1558 798s
[609462.8] PE_E_T2000_NC2880: step 966 ELEVATED pairs=17575 evals=1574 803s
[609462.8] PE_E_T2000_NC2880: step 967 NO_CANDIDATES_GENERATED pairs=17575 evals=1574 803s
[609462.9] PE_E_T2000_NC2880: step 968 NO_CANDIDATES_GENERATED pairs=17575 evals=1574 804s
[609463.0] PE_E_T2000_NC2880: step 969 NO_CANDIDATES_GENERATED pairs=17575 evals=1574 804s
[609463.1] PE_E_T2000_NC2880: step 970 NO_CANDIDATES_GENERATED pairs=17575 evals=1574 804s
[609463.2] PE_E_T2000_NC2880: step 971 NO_CANDIDATES_GENERATED pairs=17575 evals=1574 804s
[609463.2] PE_E_T2000_NC2880: step 972 NO_CANDIDATES_GENERATED pairs=17575 evals=1574 804s
[609463.3] PE_E_T2000_NC2880: step 973 NO_CANDIDATES_GENERATED pairs=17575 evals=1574 804s
[609463.4] PE_E_T2000_NC2880: step 974 NO_CANDIDATES_GENERATED pairs=17575 evals=1574 804s
[609463.5] PE_E_T2000_NC2880: step 975 NO_CANDIDATES_GENERATED pairs=17575 evals=1574 804s
[609463.5] PE_E_T2000_NC2880: step 976 NO_CANDIDATES_GENERATED pairs=17575 evals=1574 804s
[609463.6] PE_E_T2000_NC2880: step 977 NO_CANDIDATES_GENERATED pairs=17575 evals=1574 804s
[609463.7] PE_E_T2000_NC2880: step 978 NO_CANDIDATES_GENERATED pairs=17575 evals=1574 804s
[609463.8] PE_E_T2000_NC2880: step 979 NO_CANDIDATES_GENERATED pairs=17575 evals=1574 804s
[609463.9] PE_E_T2000_NC2880: step 980 NO_CANDIDATES_GENERATED pairs=17575 evals=1574 804s
[609463.9] PE_E_T2000_NC2880: step 981 NO_CANDIDATES_GENERATED pairs=17575 evals=1574 805s
[609464.0] PE_E_T2000_NC2880: step 982 NO_CANDIDATES_GENERATED pairs=17575 evals=1574 805s
[609464.1] PE_E_T2000_NC2880: step 983 NO_CANDIDATES_GENERATED pairs=17575 evals=1574 805s
[609464.2] PE_E_T2000_NC2880: step 984 NO_CANDIDATES_GENERATED pairs=17575 evals=1574 805s
[609464.2] PE_E_T2000_NC2880: step 985 NO_CANDIDATES_GENERATED pairs=17575 evals=1574 805s
[609464.3] PE_E_T2000_NC2880: step 986 NO_CANDIDATES_GENERATED pairs=17575 evals=1574 805s
[609464.4] PE_E_T2000_NC2880: step 987 NO_CANDIDATES_GENERATED pairs=17575 evals=1574 805s
[609464.4] PE_E_T2000_NC2880: step 988 NO_CANDIDATES_GENERATED pairs=17575 evals=1574 805s
[609464.5] PE_E_T2000_NC2880: step 989 NO_CANDIDATES_GENERATED pairs=17575 evals=1574 805s
[609464.6] PE_E_T2000_NC2880: step 990 NO_CANDIDATES_GENERATED pairs=17575 evals=1574 805s
[609464.6] PE_E_T2000_NC2880: step 991 NO_CANDIDATES_GENERATED pairs=17575 evals=1574 805s
[609464.7] PE_E_T2000_NC2880: step 992 NO_CANDIDATES_GENERATED pairs=17575 evals=1574 805s
[609464.8] PE_E_T2000_NC2880: step 993 NO_CANDIDATES_GENERATED pairs=17575 evals=1574 805s
[609464.8] PE_E_T2000_NC2880: step 994 NO_CANDIDATES_GENERATED pairs=17575 evals=1574 805s
[609464.9] PE_E_T2000_NC2880: step 995 NO_CANDIDATES_GENERATED pairs=17575 evals=1574 806s
[609469.7] PE_E_T2000_NC2880: step 996 ELEVATED pairs=17537 evals=1590 810s
[609469.8] PE_E_T2000_NC2880: step 997 NO_CANDIDATES_GENERATED pairs=17537 evals=1590 810s
[609469.8] PE_E_T2000_NC2880: step 998 NO_CANDIDATES_GENERATED pairs=17537 evals=1590 810s
[609469.9] PE_E_T2000_NC2880: step 999 NO_CANDIDATES_GENERATED pairs=17537 evals=1590 811s
[609469.9] PE_E_T2000_NC2880: step 1000 NO_CANDIDATES_GENERATED pairs=17537 evals=1590 811s
[609470.0] PE_E_T2000_NC2880: step 1001 NO_CANDIDATES_GENERATED pairs=17537 evals=1590 811s
[609470.1] PE_E_T2000_NC2880: step 1002 NO_CANDIDATES_GENERATED pairs=17537 evals=1590 811s
[609470.2] PE_E_T2000_NC2880: step 1003 NO_CANDIDATES_GENERATED pairs=17537 evals=1590 811s
[609470.2] PE_E_T2000_NC2880: step 1004 NO_CANDIDATES_GENERATED pairs=17537 evals=1590 811s
[609470.3] PE_E_T2000_NC2880: step 1005 NO_CANDIDATES_GENERATED pairs=17537 evals=1590 811s
[609470.4] PE_E_T2000_NC2880: step 1006 NO_CANDIDATES_GENERATED pairs=17537 evals=1590 811s
[609470.4] PE_E_T2000_NC2880: step 1007 NO_CANDIDATES_GENERATED pairs=17537 evals=1590 811s
[609470.5] PE_E_T2000_NC2880: step 1008 NO_CANDIDATES_GENERATED pairs=17537 evals=1590 811s
[609470.6] PE_E_T2000_NC2880: step 1009 NO_CANDIDATES_GENERATED pairs=17537 evals=1590 811s
[609470.6] PE_E_T2000_NC2880: step 1010 NO_CANDIDATES_GENERATED pairs=17537 evals=1590 811s
[609470.7] PE_E_T2000_NC2880: step 1011 NO_CANDIDATES_GENERATED pairs=17537 evals=1590 811s
[609470.7] PE_E_T2000_NC2880: step 1012 NO_CANDIDATES_GENERATED pairs=17537 evals=1590 811s
[609470.8] PE_E_T2000_NC2880: step 1013 NO_CANDIDATES_GENERATED pairs=17537 evals=1590 811s
[609470.9] PE_E_T2000_NC2880: step 1014 NO_CANDIDATES_GENERATED pairs=17537 evals=1590 811s
[609470.9] PE_E_T2000_NC2880: step 1015 NO_CANDIDATES_GENERATED pairs=17537 evals=1590 812s
[609471.0] PE_E_T2000_NC2880: step 1016 NO_CANDIDATES_GENERATED pairs=17537 evals=1590 812s
[609471.1] PE_E_T2000_NC2880: step 1017 NO_CANDIDATES_GENERATED pairs=17537 evals=1590 812s
[609471.1] PE_E_T2000_NC2880: step 1018 NO_CANDIDATES_GENERATED pairs=17537 evals=1590 812s
[609471.2] PE_E_T2000_NC2880: step 1019 NO_CANDIDATES_GENERATED pairs=17537 evals=1590 812s
[609471.3] PE_E_T2000_NC2880: step 1020 NO_CANDIDATES_GENERATED pairs=17537 evals=1590 812s
[609471.3] PE_E_T2000_NC2880: step 1021 NO_CANDIDATES_GENERATED pairs=17537 evals=1590 812s
[609471.4] PE_E_T2000_NC2880: step 1022 NO_CANDIDATES_GENERATED pairs=17537 evals=1590 812s
[609471.5] PE_E_T2000_NC2880: step 1023 NO_CANDIDATES_GENERATED pairs=17537 evals=1590 812s
[609471.5] PE_E_T2000_NC2880: step 1024 NO_CANDIDATES_GENERATED pairs=17537 evals=1590 812s
[609471.6] PE_E_T2000_NC2880: step 1025 NO_CANDIDATES_GENERATED pairs=17537 evals=1590 812s
[609479.1] PE_E_T2000_NC2880: step 1026 ELEVATED pairs=17480 evals=1599 820s
[609479.2] PE_E_T2000_NC2880: step 1027 NO_CANDIDATES_GENERATED pairs=17480 evals=1599 820s
[609479.3] PE_E_T2000_NC2880: step 1028 NO_CANDIDATES_GENERATED pairs=17480 evals=1599 820s
[609479.4] PE_E_T2000_NC2880: step 1029 NO_CANDIDATES_GENERATED pairs=17480 evals=1599 820s
[609479.4] PE_E_T2000_NC2880: step 1030 NO_CANDIDATES_GENERATED pairs=17480 evals=1599 820s
[609479.5] PE_E_T2000_NC2880: step 1031 NO_CANDIDATES_GENERATED pairs=17480 evals=1599 820s
[609479.6] PE_E_T2000_NC2880: step 1032 NO_CANDIDATES_GENERATED pairs=17480 evals=1599 820s
[609479.6] PE_E_T2000_NC2880: step 1033 NO_CANDIDATES_GENERATED pairs=17480 evals=1599 820s
[609479.7] PE_E_T2000_NC2880: step 1034 NO_CANDIDATES_GENERATED pairs=17480 evals=1599 820s
[609479.7] PE_E_T2000_NC2880: step 1035 NO_CANDIDATES_GENERATED pairs=17480 evals=1599 820s
[609479.8] PE_E_T2000_NC2880: step 1036 NO_CANDIDATES_GENERATED pairs=17480 evals=1599 820s
[609479.9] PE_E_T2000_NC2880: step 1037 NO_CANDIDATES_GENERATED pairs=17480 evals=1599 820s
[609479.9] PE_E_T2000_NC2880: step 1038 NO_CANDIDATES_GENERATED pairs=17480 evals=1599 821s
[609480.0] PE_E_T2000_NC2880: step 1039 NO_CANDIDATES_GENERATED pairs=17480 evals=1599 821s
[609480.1] PE_E_T2000_NC2880: step 1040 NO_CANDIDATES_GENERATED pairs=17480 evals=1599 821s
[609480.1] PE_E_T2000_NC2880: step 1041 NO_CANDIDATES_GENERATED pairs=17480 evals=1599 821s
[609480.2] PE_E_T2000_NC2880: step 1042 NO_CANDIDATES_GENERATED pairs=17480 evals=1599 821s
[609480.3] PE_E_T2000_NC2880: step 1043 NO_CANDIDATES_GENERATED pairs=17480 evals=1599 821s
[609480.3] PE_E_T2000_NC2880: step 1044 NO_CANDIDATES_GENERATED pairs=17480 evals=1599 821s
[609480.4] PE_E_T2000_NC2880: step 1045 NO_CANDIDATES_GENERATED pairs=17480 evals=1599 821s
[609480.5] PE_E_T2000_NC2880: step 1046 NO_CANDIDATES_GENERATED pairs=17480 evals=1599 821s
[609480.5] PE_E_T2000_NC2880: step 1047 NO_CANDIDATES_GENERATED pairs=17480 evals=1599 821s
[609480.6] PE_E_T2000_NC2880: step 1048 NO_CANDIDATES_GENERATED pairs=17480 evals=1599 821s
[609480.7] PE_E_T2000_NC2880: step 1049 NO_CANDIDATES_GENERATED pairs=17480 evals=1599 821s
[609480.7] PE_E_T2000_NC2880: step 1050 NO_CANDIDATES_GENERATED pairs=17480 evals=1599 821s
[609480.8] PE_E_T2000_NC2880: step 1051 NO_CANDIDATES_GENERATED pairs=17480 evals=1599 821s
[609480.8] PE_E_T2000_NC2880: step 1052 NO_CANDIDATES_GENERATED pairs=17480 evals=1599 821s
[609480.9] PE_E_T2000_NC2880: step 1053 NO_CANDIDATES_GENERATED pairs=17480 evals=1599 822s
[609481.0] PE_E_T2000_NC2880: step 1054 NO_CANDIDATES_GENERATED pairs=17480 evals=1599 822s
[609481.0] PE_E_T2000_NC2880: step 1055 NO_CANDIDATES_GENERATED pairs=17480 evals=1599 822s
[609485.7] PE_E_T2000_NC2880: step 1056 ELEVATED pairs=17416 evals=1615 826s
[609485.7] PE_E_T2000_NC2880: step 1057 NO_CANDIDATES_GENERATED pairs=17416 evals=1615 826s
[609485.8] PE_E_T2000_NC2880: step 1058 NO_CANDIDATES_GENERATED pairs=17416 evals=1615 826s
[609485.9] PE_E_T2000_NC2880: step 1059 NO_CANDIDATES_GENERATED pairs=17416 evals=1615 826s
[609485.9] PE_E_T2000_NC2880: step 1060 NO_CANDIDATES_GENERATED pairs=17416 evals=1615 827s
[609486.0] PE_E_T2000_NC2880: step 1061 NO_CANDIDATES_GENERATED pairs=17416 evals=1615 827s
[609486.1] PE_E_T2000_NC2880: step 1062 NO_CANDIDATES_GENERATED pairs=17416 evals=1615 827s
[609486.1] PE_E_T2000_NC2880: step 1063 NO_CANDIDATES_GENERATED pairs=17416 evals=1615 827s
[609486.2] PE_E_T2000_NC2880: step 1064 NO_CANDIDATES_GENERATED pairs=17416 evals=1615 827s
[609486.2] PE_E_T2000_NC2880: step 1065 NO_CANDIDATES_GENERATED pairs=17416 evals=1615 827s
[609486.3] PE_E_T2000_NC2880: step 1066 NO_CANDIDATES_GENERATED pairs=17416 evals=1615 827s
[609486.4] PE_E_T2000_NC2880: step 1067 NO_CANDIDATES_GENERATED pairs=17416 evals=1615 827s
[609486.4] PE_E_T2000_NC2880: step 1068 NO_CANDIDATES_GENERATED pairs=17416 evals=1615 827s
[609486.5] PE_E_T2000_NC2880: step 1069 NO_CANDIDATES_GENERATED pairs=17416 evals=1615 827s
[609486.6] PE_E_T2000_NC2880: step 1070 NO_CANDIDATES_GENERATED pairs=17416 evals=1615 827s
[609486.6] PE_E_T2000_NC2880: step 1071 NO_CANDIDATES_GENERATED pairs=17416 evals=1615 827s
[609486.7] PE_E_T2000_NC2880: step 1072 NO_CANDIDATES_GENERATED pairs=17416 evals=1615 827s
[609486.8] PE_E_T2000_NC2880: step 1073 NO_CANDIDATES_GENERATED pairs=17416 evals=1615 827s
[609486.9] PE_E_T2000_NC2880: step 1074 NO_CANDIDATES_GENERATED pairs=17416 evals=1615 827s
[609486.9] PE_E_T2000_NC2880: step 1075 NO_CANDIDATES_GENERATED pairs=17416 evals=1615 828s
[609487.0] PE_E_T2000_NC2880: step 1076 NO_CANDIDATES_GENERATED pairs=17416 evals=1615 828s
[609487.1] PE_E_T2000_NC2880: step 1077 NO_CANDIDATES_GENERATED pairs=17416 evals=1615 828s
[609487.2] PE_E_T2000_NC2880: step 1078 NO_CANDIDATES_GENERATED pairs=17416 evals=1615 828s
[609487.2] PE_E_T2000_NC2880: step 1079 NO_CANDIDATES_GENERATED pairs=17416 evals=1615 828s
[609487.3] PE_E_T2000_NC2880: step 1080 NO_CANDIDATES_GENERATED pairs=17416 evals=1615 828s
[609487.4] PE_E_T2000_NC2880: step 1081 NO_CANDIDATES_GENERATED pairs=17416 evals=1615 828s
[609487.4] PE_E_T2000_NC2880: step 1082 NO_CANDIDATES_GENERATED pairs=17416 evals=1615 828s
[609487.5] PE_E_T2000_NC2880: step 1083 NO_CANDIDATES_GENERATED pairs=17416 evals=1615 828s
[609487.6] PE_E_T2000_NC2880: step 1084 NO_CANDIDATES_GENERATED pairs=17416 evals=1615 828s
[609487.7] PE_E_T2000_NC2880: step 1085 NO_CANDIDATES_GENERATED pairs=17416 evals=1615 828s
[609492.2] PE_E_T2000_NC2880: step 1086 ELEVATED pairs=17352 evals=1631 833s
[609492.3] PE_E_T2000_NC2880: step 1087 NO_CANDIDATES_GENERATED pairs=17352 evals=1631 833s
[609492.3] PE_E_T2000_NC2880: step 1088 NO_CANDIDATES_GENERATED pairs=17352 evals=1631 833s
[609492.4] PE_E_T2000_NC2880: step 1089 NO_CANDIDATES_GENERATED pairs=17352 evals=1631 833s
[609492.5] PE_E_T2000_NC2880: step 1090 NO_CANDIDATES_GENERATED pairs=17352 evals=1631 833s
[609492.6] PE_E_T2000_NC2880: step 1091 NO_CANDIDATES_GENERATED pairs=17352 evals=1631 833s
[609492.6] PE_E_T2000_NC2880: step 1092 NO_CANDIDATES_GENERATED pairs=17352 evals=1631 833s
[609492.7] PE_E_T2000_NC2880: step 1093 NO_CANDIDATES_GENERATED pairs=17352 evals=1631 833s
[609492.8] PE_E_T2000_NC2880: step 1094 NO_CANDIDATES_GENERATED pairs=17352 evals=1631 833s
[609492.9] PE_E_T2000_NC2880: step 1095 NO_CANDIDATES_GENERATED pairs=17352 evals=1631 833s
[609492.9] PE_E_T2000_NC2880: step 1096 NO_CANDIDATES_GENERATED pairs=17352 evals=1631 834s
[609493.0] PE_E_T2000_NC2880: step 1097 NO_CANDIDATES_GENERATED pairs=17352 evals=1631 834s
[609493.1] PE_E_T2000_NC2880: step 1098 NO_CANDIDATES_GENERATED pairs=17352 evals=1631 834s
[609493.1] PE_E_T2000_NC2880: step 1099 NO_CANDIDATES_GENERATED pairs=17352 evals=1631 834s
[609493.2] PE_E_T2000_NC2880: step 1100 NO_CANDIDATES_GENERATED pairs=17352 evals=1631 834s
[609493.2] PE_E_T2000_NC2880: step 1101 NO_CANDIDATES_GENERATED pairs=17352 evals=1631 834s
[609493.3] PE_E_T2000_NC2880: step 1102 NO_CANDIDATES_GENERATED pairs=17352 evals=1631 834s
[609493.4] PE_E_T2000_NC2880: step 1103 NO_CANDIDATES_GENERATED pairs=17352 evals=1631 834s
[609493.4] PE_E_T2000_NC2880: step 1104 NO_CANDIDATES_GENERATED pairs=17352 evals=1631 834s
[609493.5] PE_E_T2000_NC2880: step 1105 NO_CANDIDATES_GENERATED pairs=17352 evals=1631 834s
[609493.6] PE_E_T2000_NC2880: step 1106 NO_CANDIDATES_GENERATED pairs=17352 evals=1631 834s
[609493.6] PE_E_T2000_NC2880: step 1107 NO_CANDIDATES_GENERATED pairs=17352 evals=1631 834s
[609493.7] PE_E_T2000_NC2880: step 1108 NO_CANDIDATES_GENERATED pairs=17352 evals=1631 834s
[609493.8] PE_E_T2000_NC2880: step 1109 NO_CANDIDATES_GENERATED pairs=17352 evals=1631 834s
[609493.8] PE_E_T2000_NC2880: step 1110 NO_CANDIDATES_GENERATED pairs=17352 evals=1631 834s
[609493.9] PE_E_T2000_NC2880: step 1111 NO_CANDIDATES_GENERATED pairs=17352 evals=1631 835s
[609494.0] PE_E_T2000_NC2880: step 1112 NO_CANDIDATES_GENERATED pairs=17352 evals=1631 835s
[609494.0] PE_E_T2000_NC2880: step 1113 NO_CANDIDATES_GENERATED pairs=17352 evals=1631 835s
[609494.1] PE_E_T2000_NC2880: step 1114 NO_CANDIDATES_GENERATED pairs=17352 evals=1631 835s
[609494.2] PE_E_T2000_NC2880: step 1115 NO_CANDIDATES_GENERATED pairs=17352 evals=1631 835s
[609499.1] PE_E_T2000_NC2880: step 1116 ELEVATED pairs=17280 evals=1647 840s
[609499.1] PE_E_T2000_NC2880: step 1117 NO_CANDIDATES_GENERATED pairs=17280 evals=1647 840s
[609499.2] PE_E_T2000_NC2880: step 1118 NO_CANDIDATES_GENERATED pairs=17280 evals=1647 840s
[609499.2] PE_E_T2000_NC2880: step 1119 NO_CANDIDATES_GENERATED pairs=17280 evals=1647 840s
[609499.3] PE_E_T2000_NC2880: step 1120 NO_CANDIDATES_GENERATED pairs=17280 evals=1647 840s
[609499.4] PE_E_T2000_NC2880: step 1121 NO_CANDIDATES_GENERATED pairs=17280 evals=1647 840s
[609499.4] PE_E_T2000_NC2880: step 1122 NO_CANDIDATES_GENERATED pairs=17280 evals=1647 840s
[609499.5] PE_E_T2000_NC2880: step 1123 NO_CANDIDATES_GENERATED pairs=17280 evals=1647 840s
[609499.6] PE_E_T2000_NC2880: step 1124 NO_CANDIDATES_GENERATED pairs=17280 evals=1647 840s
[609499.6] PE_E_T2000_NC2880: step 1125 NO_CANDIDATES_GENERATED pairs=17280 evals=1647 840s
[609499.7] PE_E_T2000_NC2880: step 1126 NO_CANDIDATES_GENERATED pairs=17280 evals=1647 840s
[609499.8] PE_E_T2000_NC2880: step 1127 NO_CANDIDATES_GENERATED pairs=17280 evals=1647 840s
[609499.8] PE_E_T2000_NC2880: step 1128 NO_CANDIDATES_GENERATED pairs=17280 evals=1647 840s
[609499.9] PE_E_T2000_NC2880: step 1129 NO_CANDIDATES_GENERATED pairs=17280 evals=1647 841s
[609499.9] PE_E_T2000_NC2880: step 1130 NO_CANDIDATES_GENERATED pairs=17280 evals=1647 841s
[609500.0] PE_E_T2000_NC2880: step 1131 NO_CANDIDATES_GENERATED pairs=17280 evals=1647 841s
[609500.1] PE_E_T2000_NC2880: step 1132 NO_CANDIDATES_GENERATED pairs=17280 evals=1647 841s
[609500.1] PE_E_T2000_NC2880: step 1133 NO_CANDIDATES_GENERATED pairs=17280 evals=1647 841s
[609500.2] PE_E_T2000_NC2880: step 1134 NO_CANDIDATES_GENERATED pairs=17280 evals=1647 841s
[609500.3] PE_E_T2000_NC2880: step 1135 NO_CANDIDATES_GENERATED pairs=17280 evals=1647 841s
[609500.4] PE_E_T2000_NC2880: step 1136 NO_CANDIDATES_GENERATED pairs=17280 evals=1647 841s
[609500.4] PE_E_T2000_NC2880: step 1137 NO_CANDIDATES_GENERATED pairs=17280 evals=1647 841s
[609500.5] PE_E_T2000_NC2880: step 1138 NO_CANDIDATES_GENERATED pairs=17280 evals=1647 841s
[609500.6] PE_E_T2000_NC2880: step 1139 NO_CANDIDATES_GENERATED pairs=17280 evals=1647 841s
[609500.6] PE_E_T2000_NC2880: step 1140 NO_CANDIDATES_GENERATED pairs=17280 evals=1647 841s
[609500.7] PE_E_T2000_NC2880: step 1141 NO_CANDIDATES_GENERATED pairs=17280 evals=1647 841s
[609500.8] PE_E_T2000_NC2880: step 1142 NO_CANDIDATES_GENERATED pairs=17280 evals=1647 841s
[609500.8] PE_E_T2000_NC2880: step 1143 NO_CANDIDATES_GENERATED pairs=17280 evals=1647 841s
[609500.9] PE_E_T2000_NC2880: step 1144 NO_CANDIDATES_GENERATED pairs=17280 evals=1647 842s
[609501.0] PE_E_T2000_NC2880: step 1145 NO_CANDIDATES_GENERATED pairs=17280 evals=1647 842s
[609506.2] PE_E_T2000_NC2880: step 1146 ELEVATED pairs=17192 evals=1663 847s
[609506.3] PE_E_T2000_NC2880: step 1147 NO_CANDIDATES_GENERATED pairs=17192 evals=1663 847s
[609506.4] PE_E_T2000_NC2880: step 1148 NO_CANDIDATES_GENERATED pairs=17192 evals=1663 847s
[609506.4] PE_E_T2000_NC2880: step 1149 NO_CANDIDATES_GENERATED pairs=17192 evals=1663 847s
[609506.5] PE_E_T2000_NC2880: step 1150 NO_CANDIDATES_GENERATED pairs=17192 evals=1663 847s
[609506.6] PE_E_T2000_NC2880: step 1151 NO_CANDIDATES_GENERATED pairs=17192 evals=1663 847s
[609506.6] PE_E_T2000_NC2880: step 1152 NO_CANDIDATES_GENERATED pairs=17192 evals=1663 847s
[609506.7] PE_E_T2000_NC2880: step 1153 NO_CANDIDATES_GENERATED pairs=17192 evals=1663 847s
[609506.8] PE_E_T2000_NC2880: step 1154 NO_CANDIDATES_GENERATED pairs=17192 evals=1663 847s
[609506.9] PE_E_T2000_NC2880: step 1155 NO_CANDIDATES_GENERATED pairs=17192 evals=1663 847s
[609506.9] PE_E_T2000_NC2880: step 1156 NO_CANDIDATES_GENERATED pairs=17192 evals=1663 848s
[609507.0] PE_E_T2000_NC2880: step 1157 NO_CANDIDATES_GENERATED pairs=17192 evals=1663 848s
[609507.0] PE_E_T2000_NC2880: step 1158 NO_CANDIDATES_GENERATED pairs=17192 evals=1663 848s
[609507.1] PE_E_T2000_NC2880: step 1159 NO_CANDIDATES_GENERATED pairs=17192 evals=1663 848s
[609507.2] PE_E_T2000_NC2880: step 1160 NO_CANDIDATES_GENERATED pairs=17192 evals=1663 848s
[609507.2] PE_E_T2000_NC2880: step 1161 NO_CANDIDATES_GENERATED pairs=17192 evals=1663 848s
[609507.3] PE_E_T2000_NC2880: step 1162 NO_CANDIDATES_GENERATED pairs=17192 evals=1663 848s
[609507.4] PE_E_T2000_NC2880: step 1163 NO_CANDIDATES_GENERATED pairs=17192 evals=1663 848s
[609507.4] PE_E_T2000_NC2880: step 1164 NO_CANDIDATES_GENERATED pairs=17192 evals=1663 848s
[609507.5] PE_E_T2000_NC2880: step 1165 NO_CANDIDATES_GENERATED pairs=17192 evals=1663 848s
[609507.5] PE_E_T2000_NC2880: step 1166 NO_CANDIDATES_GENERATED pairs=17192 evals=1663 848s
[609507.6] PE_E_T2000_NC2880: step 1167 NO_CANDIDATES_GENERATED pairs=17192 evals=1663 848s
[609507.7] PE_E_T2000_NC2880: step 1168 NO_CANDIDATES_GENERATED pairs=17192 evals=1663 848s
[609507.7] PE_E_T2000_NC2880: step 1169 NO_CANDIDATES_GENERATED pairs=17192 evals=1663 848s
[609507.8] PE_E_T2000_NC2880: step 1170 NO_CANDIDATES_GENERATED pairs=17192 evals=1663 848s
[609507.9] PE_E_T2000_NC2880: step 1171 NO_CANDIDATES_GENERATED pairs=17192 evals=1663 848s
[609507.9] PE_E_T2000_NC2880: step 1172 NO_CANDIDATES_GENERATED pairs=17192 evals=1663 849s
[609508.0] PE_E_T2000_NC2880: step 1173 NO_CANDIDATES_GENERATED pairs=17192 evals=1663 849s
[609508.0] PE_E_T2000_NC2880: step 1174 NO_CANDIDATES_GENERATED pairs=17192 evals=1663 849s
[609508.1] PE_E_T2000_NC2880: step 1175 NO_CANDIDATES_GENERATED pairs=17192 evals=1663 849s
[609512.4] PE_E_T2000_NC2880: step 1176 ELEVATED pairs=17128 evals=1679 853s
[609512.5] PE_E_T2000_NC2880: step 1177 NO_CANDIDATES_GENERATED pairs=17128 evals=1679 853s
[609512.6] PE_E_T2000_NC2880: step 1178 NO_CANDIDATES_GENERATED pairs=17128 evals=1679 853s
[609512.6] PE_E_T2000_NC2880: step 1179 NO_CANDIDATES_GENERATED pairs=17128 evals=1679 853s
[609512.7] PE_E_T2000_NC2880: step 1180 NO_CANDIDATES_GENERATED pairs=17128 evals=1679 853s
[609512.8] PE_E_T2000_NC2880: step 1181 NO_CANDIDATES_GENERATED pairs=17128 evals=1679 853s
[609512.8] PE_E_T2000_NC2880: step 1182 NO_CANDIDATES_GENERATED pairs=17128 evals=1679 853s
[609512.9] PE_E_T2000_NC2880: step 1183 NO_CANDIDATES_GENERATED pairs=17128 evals=1679 854s
[609513.0] PE_E_T2000_NC2880: step 1184 NO_CANDIDATES_GENERATED pairs=17128 evals=1679 854s
[609513.0] PE_E_T2000_NC2880: step 1185 NO_CANDIDATES_GENERATED pairs=17128 evals=1679 854s
[609513.1] PE_E_T2000_NC2880: step 1186 NO_CANDIDATES_GENERATED pairs=17128 evals=1679 854s
[609513.2] PE_E_T2000_NC2880: step 1187 NO_CANDIDATES_GENERATED pairs=17128 evals=1679 854s
[609513.3] PE_E_T2000_NC2880: step 1188 NO_CANDIDATES_GENERATED pairs=17128 evals=1679 854s
[609513.3] PE_E_T2000_NC2880: step 1189 NO_CANDIDATES_GENERATED pairs=17128 evals=1679 854s
[609513.4] PE_E_T2000_NC2880: step 1190 NO_CANDIDATES_GENERATED pairs=17128 evals=1679 854s
[609513.4] PE_E_T2000_NC2880: step 1191 NO_CANDIDATES_GENERATED pairs=17128 evals=1679 854s
[609513.5] PE_E_T2000_NC2880: step 1192 NO_CANDIDATES_GENERATED pairs=17128 evals=1679 854s
[609513.6] PE_E_T2000_NC2880: step 1193 NO_CANDIDATES_GENERATED pairs=17128 evals=1679 854s
[609513.7] PE_E_T2000_NC2880: step 1194 NO_CANDIDATES_GENERATED pairs=17128 evals=1679 854s
[609513.7] PE_E_T2000_NC2880: step 1195 NO_CANDIDATES_GENERATED pairs=17128 evals=1679 854s
[609513.8] PE_E_T2000_NC2880: step 1196 NO_CANDIDATES_GENERATED pairs=17128 evals=1679 854s
[609513.9] PE_E_T2000_NC2880: step 1197 NO_CANDIDATES_GENERATED pairs=17128 evals=1679 854s
[609513.9] PE_E_T2000_NC2880: step 1198 NO_CANDIDATES_GENERATED pairs=17128 evals=1679 855s
[609514.0] PE_E_T2000_NC2880: step 1199 NO_CANDIDATES_GENERATED pairs=17128 evals=1679 855s
[609514.1] PE_E_T2000_NC2880: step 1200 NO_CANDIDATES_GENERATED pairs=17128 evals=1679 855s
[609514.1] PE_E_T2000_NC2880: step 1201 NO_CANDIDATES_GENERATED pairs=17128 evals=1679 855s
[609514.2] PE_E_T2000_NC2880: step 1202 NO_CANDIDATES_GENERATED pairs=17128 evals=1679 855s
[609514.2] PE_E_T2000_NC2880: step 1203 NO_CANDIDATES_GENERATED pairs=17128 evals=1679 855s
[609514.3] PE_E_T2000_NC2880: step 1204 NO_CANDIDATES_GENERATED pairs=17128 evals=1679 855s
[609514.4] PE_E_T2000_NC2880: step 1205 NO_CANDIDATES_GENERATED pairs=17128 evals=1679 855s
[609520.4] PE_E_T2000_NC2880: step 1206 ELEVATED pairs=17053 evals=1695 861s
[609520.5] PE_E_T2000_NC2880: step 1207 NO_CANDIDATES_GENERATED pairs=17053 evals=1695 861s
[609520.5] PE_E_T2000_NC2880: step 1208 NO_CANDIDATES_GENERATED pairs=17053 evals=1695 861s
[609520.6] PE_E_T2000_NC2880: step 1209 NO_CANDIDATES_GENERATED pairs=17053 evals=1695 861s
[609520.6] PE_E_T2000_NC2880: step 1210 NO_CANDIDATES_GENERATED pairs=17053 evals=1695 861s
[609520.7] PE_E_T2000_NC2880: step 1211 NO_CANDIDATES_GENERATED pairs=17053 evals=1695 861s
[609520.8] PE_E_T2000_NC2880: step 1212 NO_CANDIDATES_GENERATED pairs=17053 evals=1695 861s
[609520.8] PE_E_T2000_NC2880: step 1213 NO_CANDIDATES_GENERATED pairs=17053 evals=1695 861s
[609520.9] PE_E_T2000_NC2880: step 1214 NO_CANDIDATES_GENERATED pairs=17053 evals=1695 862s
[609521.0] PE_E_T2000_NC2880: step 1215 NO_CANDIDATES_GENERATED pairs=17053 evals=1695 862s
[609521.1] PE_E_T2000_NC2880: step 1216 NO_CANDIDATES_GENERATED pairs=17053 evals=1695 862s
[609521.1] PE_E_T2000_NC2880: step 1217 NO_CANDIDATES_GENERATED pairs=17053 evals=1695 862s
[609521.2] PE_E_T2000_NC2880: step 1218 NO_CANDIDATES_GENERATED pairs=17053 evals=1695 862s
[609521.2] PE_E_T2000_NC2880: step 1219 NO_CANDIDATES_GENERATED pairs=17053 evals=1695 862s
[609521.3] PE_E_T2000_NC2880: step 1220 NO_CANDIDATES_GENERATED pairs=17053 evals=1695 862s
[609521.4] PE_E_T2000_NC2880: step 1221 NO_CANDIDATES_GENERATED pairs=17053 evals=1695 862s
[609521.4] PE_E_T2000_NC2880: step 1222 NO_CANDIDATES_GENERATED pairs=17053 evals=1695 862s
[609521.5] PE_E_T2000_NC2880: step 1223 NO_CANDIDATES_GENERATED pairs=17053 evals=1695 862s
[609521.5] PE_E_T2000_NC2880: step 1224 NO_CANDIDATES_GENERATED pairs=17053 evals=1695 862s
[609521.6] PE_E_T2000_NC2880: step 1225 NO_CANDIDATES_GENERATED pairs=17053 evals=1695 862s
[609521.6] PE_E_T2000_NC2880: step 1226 NO_CANDIDATES_GENERATED pairs=17053 evals=1695 862s
[609521.7] PE_E_T2000_NC2880: step 1227 NO_CANDIDATES_GENERATED pairs=17053 evals=1695 862s
[609521.8] PE_E_T2000_NC2880: step 1228 NO_CANDIDATES_GENERATED pairs=17053 evals=1695 862s
[609521.8] PE_E_T2000_NC2880: step 1229 NO_CANDIDATES_GENERATED pairs=17053 evals=1695 862s
[609521.9] PE_E_T2000_NC2880: step 1230 NO_CANDIDATES_GENERATED pairs=17053 evals=1695 863s
[609522.0] PE_E_T2000_NC2880: step 1231 NO_CANDIDATES_GENERATED pairs=17053 evals=1695 863s
[609522.0] PE_E_T2000_NC2880: step 1232 NO_CANDIDATES_GENERATED pairs=17053 evals=1695 863s
[609522.1] PE_E_T2000_NC2880: step 1233 NO_CANDIDATES_GENERATED pairs=17053 evals=1695 863s
[609522.2] PE_E_T2000_NC2880: step 1234 NO_CANDIDATES_GENERATED pairs=17053 evals=1695 863s
[609522.2] PE_E_T2000_NC2880: step 1235 NO_CANDIDATES_GENERATED pairs=17053 evals=1695 863s
[609528.6] PE_E_T2000_NC2880: step 1236 ELEVATED pairs=16978 evals=1711 869s
[609528.7] PE_E_T2000_NC2880: step 1237 NO_CANDIDATES_GENERATED pairs=16978 evals=1711 869s
[609528.8] PE_E_T2000_NC2880: step 1238 NO_CANDIDATES_GENERATED pairs=16978 evals=1711 869s
[609528.8] PE_E_T2000_NC2880: step 1239 NO_CANDIDATES_GENERATED pairs=16978 evals=1711 869s
[609528.9] PE_E_T2000_NC2880: step 1240 NO_CANDIDATES_GENERATED pairs=16978 evals=1711 870s
[609529.0] PE_E_T2000_NC2880: step 1241 NO_CANDIDATES_GENERATED pairs=16978 evals=1711 870s
[609529.1] PE_E_T2000_NC2880: step 1242 NO_CANDIDATES_GENERATED pairs=16978 evals=1711 870s
[609529.1] PE_E_T2000_NC2880: step 1243 NO_CANDIDATES_GENERATED pairs=16978 evals=1711 870s
[609529.2] PE_E_T2000_NC2880: step 1244 NO_CANDIDATES_GENERATED pairs=16978 evals=1711 870s
[609529.3] PE_E_T2000_NC2880: step 1245 NO_CANDIDATES_GENERATED pairs=16978 evals=1711 870s
[609529.3] PE_E_T2000_NC2880: step 1246 NO_CANDIDATES_GENERATED pairs=16978 evals=1711 870s
[609529.4] PE_E_T2000_NC2880: step 1247 NO_CANDIDATES_GENERATED pairs=16978 evals=1711 870s
[609529.5] PE_E_T2000_NC2880: step 1248 NO_CANDIDATES_GENERATED pairs=16978 evals=1711 870s
[609529.6] PE_E_T2000_NC2880: step 1249 NO_CANDIDATES_GENERATED pairs=16978 evals=1711 870s
[609529.7] PE_E_T2000_NC2880: step 1250 NO_CANDIDATES_GENERATED pairs=16978 evals=1711 870s
[609529.8] PE_E_T2000_NC2880: step 1251 NO_CANDIDATES_GENERATED pairs=16978 evals=1711 870s
[609529.8] PE_E_T2000_NC2880: step 1252 NO_CANDIDATES_GENERATED pairs=16978 evals=1711 870s
[609529.9] PE_E_T2000_NC2880: step 1253 NO_CANDIDATES_GENERATED pairs=16978 evals=1711 871s
[609530.0] PE_E_T2000_NC2880: step 1254 NO_CANDIDATES_GENERATED pairs=16978 evals=1711 871s
[609530.1] PE_E_T2000_NC2880: step 1255 NO_CANDIDATES_GENERATED pairs=16978 evals=1711 871s
[609530.2] PE_E_T2000_NC2880: step 1256 NO_CANDIDATES_GENERATED pairs=16978 evals=1711 871s
[609530.3] PE_E_T2000_NC2880: step 1257 NO_CANDIDATES_GENERATED pairs=16978 evals=1711 871s
[609530.3] PE_E_T2000_NC2880: step 1258 NO_CANDIDATES_GENERATED pairs=16978 evals=1711 871s
[609530.4] PE_E_T2000_NC2880: step 1259 NO_CANDIDATES_GENERATED pairs=16978 evals=1711 871s
[609530.5] PE_E_T2000_NC2880: step 1260 NO_CANDIDATES_GENERATED pairs=16978 evals=1711 871s
[609530.6] PE_E_T2000_NC2880: step 1261 NO_CANDIDATES_GENERATED pairs=16978 evals=1711 871s
[609530.7] PE_E_T2000_NC2880: step 1262 NO_CANDIDATES_GENERATED pairs=16978 evals=1711 871s
[609530.7] PE_E_T2000_NC2880: step 1263 NO_CANDIDATES_GENERATED pairs=16978 evals=1711 871s
[609530.8] PE_E_T2000_NC2880: step 1264 NO_CANDIDATES_GENERATED pairs=16978 evals=1711 871s
[609530.9] PE_E_T2000_NC2880: step 1265 NO_CANDIDATES_GENERATED pairs=16978 evals=1711 872s
[609537.8] PE_E_T2000_NC2880: step 1266 ELEVATED pairs=16917 evals=1727 878s
[609537.9] PE_E_T2000_NC2880: step 1267 NO_CANDIDATES_GENERATED pairs=16917 evals=1727 878s
[609537.9] PE_E_T2000_NC2880: step 1268 NO_CANDIDATES_GENERATED pairs=16917 evals=1727 879s
[609538.0] PE_E_T2000_NC2880: step 1269 NO_CANDIDATES_GENERATED pairs=16917 evals=1727 879s
[609538.1] PE_E_T2000_NC2880: step 1270 NO_CANDIDATES_GENERATED pairs=16917 evals=1727 879s
[609538.1] PE_E_T2000_NC2880: step 1271 NO_CANDIDATES_GENERATED pairs=16917 evals=1727 879s
[609538.2] PE_E_T2000_NC2880: step 1272 NO_CANDIDATES_GENERATED pairs=16917 evals=1727 879s
[609538.3] PE_E_T2000_NC2880: step 1273 NO_CANDIDATES_GENERATED pairs=16917 evals=1727 879s
[609538.3] PE_E_T2000_NC2880: step 1274 NO_CANDIDATES_GENERATED pairs=16917 evals=1727 879s
[609538.4] PE_E_T2000_NC2880: step 1275 NO_CANDIDATES_GENERATED pairs=16917 evals=1727 879s
[609538.5] PE_E_T2000_NC2880: step 1276 NO_CANDIDATES_GENERATED pairs=16917 evals=1727 879s
[609538.5] PE_E_T2000_NC2880: step 1277 NO_CANDIDATES_GENERATED pairs=16917 evals=1727 879s
[609538.6] PE_E_T2000_NC2880: step 1278 NO_CANDIDATES_GENERATED pairs=16917 evals=1727 879s
[609538.7] PE_E_T2000_NC2880: step 1279 NO_CANDIDATES_GENERATED pairs=16917 evals=1727 879s
[609538.7] PE_E_T2000_NC2880: step 1280 NO_CANDIDATES_GENERATED pairs=16917 evals=1727 879s
[609538.8] PE_E_T2000_NC2880: step 1281 NO_CANDIDATES_GENERATED pairs=16917 evals=1727 879s
[609538.9] PE_E_T2000_NC2880: step 1282 NO_CANDIDATES_GENERATED pairs=16917 evals=1727 879s
[609538.9] PE_E_T2000_NC2880: step 1283 NO_CANDIDATES_GENERATED pairs=16917 evals=1727 880s
[609539.0] PE_E_T2000_NC2880: step 1284 NO_CANDIDATES_GENERATED pairs=16917 evals=1727 880s
[609539.1] PE_E_T2000_NC2880: step 1285 NO_CANDIDATES_GENERATED pairs=16917 evals=1727 880s
[609539.1] PE_E_T2000_NC2880: step 1286 NO_CANDIDATES_GENERATED pairs=16917 evals=1727 880s
[609539.2] PE_E_T2000_NC2880: step 1287 NO_CANDIDATES_GENERATED pairs=16917 evals=1727 880s
[609539.3] PE_E_T2000_NC2880: step 1288 NO_CANDIDATES_GENERATED pairs=16917 evals=1727 880s
[609539.3] PE_E_T2000_NC2880: step 1289 NO_CANDIDATES_GENERATED pairs=16917 evals=1727 880s
[609539.4] PE_E_T2000_NC2880: step 1290 NO_CANDIDATES_GENERATED pairs=16917 evals=1727 880s
[609539.5] PE_E_T2000_NC2880: step 1291 NO_CANDIDATES_GENERATED pairs=16917 evals=1727 880s
[609539.5] PE_E_T2000_NC2880: step 1292 NO_CANDIDATES_GENERATED pairs=16917 evals=1727 880s
[609539.6] PE_E_T2000_NC2880: step 1293 NO_CANDIDATES_GENERATED pairs=16917 evals=1727 880s
[609539.7] PE_E_T2000_NC2880: step 1294 NO_CANDIDATES_GENERATED pairs=16917 evals=1727 880s
[609539.7] PE_E_T2000_NC2880: step 1295 NO_CANDIDATES_GENERATED pairs=16917 evals=1727 880s
[609546.2] PE_E_T2000_NC2880: step 1296 ELEVATED pairs=16856 evals=1743 887s
[609546.3] PE_E_T2000_NC2880: step 1297 NO_CANDIDATES_GENERATED pairs=16856 evals=1743 887s
[609546.3] PE_E_T2000_NC2880: step 1298 NO_CANDIDATES_GENERATED pairs=16856 evals=1743 887s
[609546.4] PE_E_T2000_NC2880: step 1299 NO_CANDIDATES_GENERATED pairs=16856 evals=1743 887s
[609546.4] PE_E_T2000_NC2880: step 1300 NO_CANDIDATES_GENERATED pairs=16856 evals=1743 887s
[609546.5] PE_E_T2000_NC2880: step 1301 NO_CANDIDATES_GENERATED pairs=16856 evals=1743 887s
[609546.6] PE_E_T2000_NC2880: step 1302 NO_CANDIDATES_GENERATED pairs=16856 evals=1743 887s
[609546.6] PE_E_T2000_NC2880: step 1303 NO_CANDIDATES_GENERATED pairs=16856 evals=1743 887s
[609546.7] PE_E_T2000_NC2880: step 1304 NO_CANDIDATES_GENERATED pairs=16856 evals=1743 887s
[609546.8] PE_E_T2000_NC2880: step 1305 NO_CANDIDATES_GENERATED pairs=16856 evals=1743 887s
[609546.8] PE_E_T2000_NC2880: step 1306 NO_CANDIDATES_GENERATED pairs=16856 evals=1743 887s
[609546.9] PE_E_T2000_NC2880: step 1307 NO_CANDIDATES_GENERATED pairs=16856 evals=1743 888s
[609547.0] PE_E_T2000_NC2880: step 1308 NO_CANDIDATES_GENERATED pairs=16856 evals=1743 888s
[609547.0] PE_E_T2000_NC2880: step 1309 NO_CANDIDATES_GENERATED pairs=16856 evals=1743 888s
[609547.1] PE_E_T2000_NC2880: step 1310 NO_CANDIDATES_GENERATED pairs=16856 evals=1743 888s
[609547.2] PE_E_T2000_NC2880: step 1311 NO_CANDIDATES_GENERATED pairs=16856 evals=1743 888s
[609547.3] PE_E_T2000_NC2880: step 1312 NO_CANDIDATES_GENERATED pairs=16856 evals=1743 888s
[609547.3] PE_E_T2000_NC2880: step 1313 NO_CANDIDATES_GENERATED pairs=16856 evals=1743 888s
[609547.4] PE_E_T2000_NC2880: step 1314 NO_CANDIDATES_GENERATED pairs=16856 evals=1743 888s
[609547.5] PE_E_T2000_NC2880: step 1315 NO_CANDIDATES_GENERATED pairs=16856 evals=1743 888s
[609547.6] PE_E_T2000_NC2880: step 1316 NO_CANDIDATES_GENERATED pairs=16856 evals=1743 888s
[609547.6] PE_E_T2000_NC2880: step 1317 NO_CANDIDATES_GENERATED pairs=16856 evals=1743 888s
[609547.7] PE_E_T2000_NC2880: step 1318 NO_CANDIDATES_GENERATED pairs=16856 evals=1743 888s
[609547.8] PE_E_T2000_NC2880: step 1319 NO_CANDIDATES_GENERATED pairs=16856 evals=1743 888s
[609547.8] PE_E_T2000_NC2880: step 1320 NO_CANDIDATES_GENERATED pairs=16856 evals=1743 888s
[609547.9] PE_E_T2000_NC2880: step 1321 NO_CANDIDATES_GENERATED pairs=16856 evals=1743 889s
[609548.0] PE_E_T2000_NC2880: step 1322 NO_CANDIDATES_GENERATED pairs=16856 evals=1743 889s
[609548.0] PE_E_T2000_NC2880: step 1323 NO_CANDIDATES_GENERATED pairs=16856 evals=1743 889s
[609548.1] PE_E_T2000_NC2880: step 1324 NO_CANDIDATES_GENERATED pairs=16856 evals=1743 889s
[609548.2] PE_E_T2000_NC2880: step 1325 NO_CANDIDATES_GENERATED pairs=16856 evals=1743 889s
[609554.4] PE_E_T2000_NC2880: step 1326 ELEVATED pairs=16747 evals=1759 895s
[609554.5] PE_E_T2000_NC2880: step 1327 NO_CANDIDATES_GENERATED pairs=16747 evals=1759 895s
[609554.5] PE_E_T2000_NC2880: step 1328 NO_CANDIDATES_GENERATED pairs=16747 evals=1759 895s
[609554.6] PE_E_T2000_NC2880: step 1329 NO_CANDIDATES_GENERATED pairs=16747 evals=1759 895s
[609554.7] PE_E_T2000_NC2880: step 1330 NO_CANDIDATES_GENERATED pairs=16747 evals=1759 895s
[609554.8] PE_E_T2000_NC2880: step 1331 NO_CANDIDATES_GENERATED pairs=16747 evals=1759 895s
[609554.8] PE_E_T2000_NC2880: step 1332 NO_CANDIDATES_GENERATED pairs=16747 evals=1759 895s
[609554.9] PE_E_T2000_NC2880: step 1333 NO_CANDIDATES_GENERATED pairs=16747 evals=1759 896s
[609555.0] PE_E_T2000_NC2880: step 1334 NO_CANDIDATES_GENERATED pairs=16747 evals=1759 896s
[609555.0] PE_E_T2000_NC2880: step 1335 NO_CANDIDATES_GENERATED pairs=16747 evals=1759 896s
[609555.1] PE_E_T2000_NC2880: step 1336 NO_CANDIDATES_GENERATED pairs=16747 evals=1759 896s
[609555.2] PE_E_T2000_NC2880: step 1337 NO_CANDIDATES_GENERATED pairs=16747 evals=1759 896s
[609555.2] PE_E_T2000_NC2880: step 1338 NO_CANDIDATES_GENERATED pairs=16747 evals=1759 896s
[609555.3] PE_E_T2000_NC2880: step 1339 NO_CANDIDATES_GENERATED pairs=16747 evals=1759 896s
[609555.3] PE_E_T2000_NC2880: step 1340 NO_CANDIDATES_GENERATED pairs=16747 evals=1759 896s
[609555.4] PE_E_T2000_NC2880: step 1341 NO_CANDIDATES_GENERATED pairs=16747 evals=1759 896s
[609555.5] PE_E_T2000_NC2880: step 1342 NO_CANDIDATES_GENERATED pairs=16747 evals=1759 896s
[609555.5] PE_E_T2000_NC2880: step 1343 NO_CANDIDATES_GENERATED pairs=16747 evals=1759 896s
[609555.6] PE_E_T2000_NC2880: step 1344 NO_CANDIDATES_GENERATED pairs=16747 evals=1759 896s
[609555.7] PE_E_T2000_NC2880: step 1345 NO_CANDIDATES_GENERATED pairs=16747 evals=1759 896s
[609555.8] PE_E_T2000_NC2880: step 1346 NO_CANDIDATES_GENERATED pairs=16747 evals=1759 896s
[609555.8] PE_E_T2000_NC2880: step 1347 NO_CANDIDATES_GENERATED pairs=16747 evals=1759 896s
[609555.9] PE_E_T2000_NC2880: step 1348 NO_CANDIDATES_GENERATED pairs=16747 evals=1759 897s
[609556.0] PE_E_T2000_NC2880: step 1349 NO_CANDIDATES_GENERATED pairs=16747 evals=1759 897s
[609556.0] PE_E_T2000_NC2880: step 1350 NO_CANDIDATES_GENERATED pairs=16747 evals=1759 897s
[609556.1] PE_E_T2000_NC2880: step 1351 NO_CANDIDATES_GENERATED pairs=16747 evals=1759 897s
[609556.1] PE_E_T2000_NC2880: step 1352 NO_CANDIDATES_GENERATED pairs=16747 evals=1759 897s
[609556.2] PE_E_T2000_NC2880: step 1353 NO_CANDIDATES_GENERATED pairs=16747 evals=1759 897s
[609556.3] PE_E_T2000_NC2880: step 1354 NO_CANDIDATES_GENERATED pairs=16747 evals=1759 897s
[609556.3] PE_E_T2000_NC2880: step 1355 NO_CANDIDATES_GENERATED pairs=16747 evals=1759 897s
[609561.3] PE_E_T2000_NC2880: step 1356 ELEVATED pairs=16613 evals=1775 902s
[609561.4] PE_E_T2000_NC2880: step 1357 NO_CANDIDATES_GENERATED pairs=16613 evals=1775 902s
[609561.5] PE_E_T2000_NC2880: step 1358 NO_CANDIDATES_GENERATED pairs=16613 evals=1775 902s
[609561.5] PE_E_T2000_NC2880: step 1359 NO_CANDIDATES_GENERATED pairs=16613 evals=1775 902s
[609561.6] PE_E_T2000_NC2880: step 1360 NO_CANDIDATES_GENERATED pairs=16613 evals=1775 902s
[609561.7] PE_E_T2000_NC2880: step 1361 NO_CANDIDATES_GENERATED pairs=16613 evals=1775 902s
[609561.8] PE_E_T2000_NC2880: step 1362 NO_CANDIDATES_GENERATED pairs=16613 evals=1775 902s
[609561.8] PE_E_T2000_NC2880: step 1363 NO_CANDIDATES_GENERATED pairs=16613 evals=1775 902s
[609561.9] PE_E_T2000_NC2880: step 1364 NO_CANDIDATES_GENERATED pairs=16613 evals=1775 903s
[609561.9] PE_E_T2000_NC2880: step 1365 NO_CANDIDATES_GENERATED pairs=16613 evals=1775 903s
[609562.0] PE_E_T2000_NC2880: step 1366 NO_CANDIDATES_GENERATED pairs=16613 evals=1775 903s
[609562.1] PE_E_T2000_NC2880: step 1367 NO_CANDIDATES_GENERATED pairs=16613 evals=1775 903s
[609562.1] PE_E_T2000_NC2880: step 1368 NO_CANDIDATES_GENERATED pairs=16613 evals=1775 903s
[609562.2] PE_E_T2000_NC2880: step 1369 NO_CANDIDATES_GENERATED pairs=16613 evals=1775 903s
[609562.3] PE_E_T2000_NC2880: step 1370 NO_CANDIDATES_GENERATED pairs=16613 evals=1775 903s
[609562.3] PE_E_T2000_NC2880: step 1371 NO_CANDIDATES_GENERATED pairs=16613 evals=1775 903s
[609562.4] PE_E_T2000_NC2880: step 1372 NO_CANDIDATES_GENERATED pairs=16613 evals=1775 903s
[609562.5] PE_E_T2000_NC2880: step 1373 NO_CANDIDATES_GENERATED pairs=16613 evals=1775 903s
[609562.5] PE_E_T2000_NC2880: step 1374 NO_CANDIDATES_GENERATED pairs=16613 evals=1775 903s
[609562.6] PE_E_T2000_NC2880: step 1375 NO_CANDIDATES_GENERATED pairs=16613 evals=1775 903s
[609562.7] PE_E_T2000_NC2880: step 1376 NO_CANDIDATES_GENERATED pairs=16613 evals=1775 903s
[609562.7] PE_E_T2000_NC2880: step 1377 NO_CANDIDATES_GENERATED pairs=16613 evals=1775 903s
[609562.8] PE_E_T2000_NC2880: step 1378 NO_CANDIDATES_GENERATED pairs=16613 evals=1775 903s
[609562.8] PE_E_T2000_NC2880: step 1379 NO_CANDIDATES_GENERATED pairs=16613 evals=1775 903s
[609562.9] PE_E_T2000_NC2880: step 1380 NO_CANDIDATES_GENERATED pairs=16613 evals=1775 904s
[609563.0] PE_E_T2000_NC2880: step 1381 NO_CANDIDATES_GENERATED pairs=16613 evals=1775 904s
[609563.0] PE_E_T2000_NC2880: step 1382 NO_CANDIDATES_GENERATED pairs=16613 evals=1775 904s
[609563.1] PE_E_T2000_NC2880: step 1383 NO_CANDIDATES_GENERATED pairs=16613 evals=1775 904s
[609563.1] PE_E_T2000_NC2880: step 1384 NO_CANDIDATES_GENERATED pairs=16613 evals=1775 904s
[609563.2] PE_E_T2000_NC2880: step 1385 NO_CANDIDATES_GENERATED pairs=16613 evals=1775 904s
[609568.9] PE_E_T2000_NC2880: step 1386 ELEVATED pairs=16506 evals=1791 910s
[609568.9] PE_E_T2000_NC2880: step 1387 NO_CANDIDATES_GENERATED pairs=16506 evals=1791 910s
[609569.0] PE_E_T2000_NC2880: step 1388 NO_CANDIDATES_GENERATED pairs=16506 evals=1791 910s
[609569.1] PE_E_T2000_NC2880: step 1389 NO_CANDIDATES_GENERATED pairs=16506 evals=1791 910s
[609569.1] PE_E_T2000_NC2880: step 1390 NO_CANDIDATES_GENERATED pairs=16506 evals=1791 910s
[609569.2] PE_E_T2000_NC2880: step 1391 NO_CANDIDATES_GENERATED pairs=16506 evals=1791 910s
[609569.3] PE_E_T2000_NC2880: step 1392 NO_CANDIDATES_GENERATED pairs=16506 evals=1791 910s
[609569.3] PE_E_T2000_NC2880: step 1393 NO_CANDIDATES_GENERATED pairs=16506 evals=1791 910s
[609569.4] PE_E_T2000_NC2880: step 1394 NO_CANDIDATES_GENERATED pairs=16506 evals=1791 910s
[609569.5] PE_E_T2000_NC2880: step 1395 NO_CANDIDATES_GENERATED pairs=16506 evals=1791 910s
[609569.5] PE_E_T2000_NC2880: step 1396 NO_CANDIDATES_GENERATED pairs=16506 evals=1791 910s
[609569.6] PE_E_T2000_NC2880: step 1397 NO_CANDIDATES_GENERATED pairs=16506 evals=1791 910s
[609569.7] PE_E_T2000_NC2880: step 1398 NO_CANDIDATES_GENERATED pairs=16506 evals=1791 910s
[609569.8] PE_E_T2000_NC2880: step 1399 NO_CANDIDATES_GENERATED pairs=16506 evals=1791 910s
[609569.8] PE_E_T2000_NC2880: step 1400 NO_CANDIDATES_GENERATED pairs=16506 evals=1791 910s
[609569.9] PE_E_T2000_NC2880: step 1401 NO_CANDIDATES_GENERATED pairs=16506 evals=1791 911s
[609570.0] PE_E_T2000_NC2880: step 1402 NO_CANDIDATES_GENERATED pairs=16506 evals=1791 911s
[609570.0] PE_E_T2000_NC2880: step 1403 NO_CANDIDATES_GENERATED pairs=16506 evals=1791 911s
[609570.1] PE_E_T2000_NC2880: step 1404 NO_CANDIDATES_GENERATED pairs=16506 evals=1791 911s
[609570.2] PE_E_T2000_NC2880: step 1405 NO_CANDIDATES_GENERATED pairs=16506 evals=1791 911s
[609570.3] PE_E_T2000_NC2880: step 1406 NO_CANDIDATES_GENERATED pairs=16506 evals=1791 911s
[609570.4] PE_E_T2000_NC2880: step 1407 NO_CANDIDATES_GENERATED pairs=16506 evals=1791 911s
[609570.4] PE_E_T2000_NC2880: step 1408 NO_CANDIDATES_GENERATED pairs=16506 evals=1791 911s
[609570.5] PE_E_T2000_NC2880: step 1409 NO_CANDIDATES_GENERATED pairs=16506 evals=1791 911s
[609570.6] PE_E_T2000_NC2880: step 1410 NO_CANDIDATES_GENERATED pairs=16506 evals=1791 911s
[609570.7] PE_E_T2000_NC2880: step 1411 NO_CANDIDATES_GENERATED pairs=16506 evals=1791 911s
[609570.8] PE_E_T2000_NC2880: step 1412 NO_CANDIDATES_GENERATED pairs=16506 evals=1791 911s
[609570.8] PE_E_T2000_NC2880: step 1413 NO_CANDIDATES_GENERATED pairs=16506 evals=1791 911s
[609570.9] PE_E_T2000_NC2880: step 1414 NO_CANDIDATES_GENERATED pairs=16506 evals=1791 912s
[609571.0] PE_E_T2000_NC2880: step 1415 NO_CANDIDATES_GENERATED pairs=16506 evals=1791 912s
[609575.7] PE_E_T2000_NC2880: step 1416 ELEVATED pairs=16441 evals=1800 916s
[609575.7] PE_E_T2000_NC2880: step 1417 NO_CANDIDATES_GENERATED pairs=16441 evals=1800 916s
[609575.8] PE_E_T2000_NC2880: step 1418 NO_CANDIDATES_GENERATED pairs=16441 evals=1800 916s
[609575.9] PE_E_T2000_NC2880: step 1419 NO_CANDIDATES_GENERATED pairs=16441 evals=1800 916s
[609575.9] PE_E_T2000_NC2880: step 1420 NO_CANDIDATES_GENERATED pairs=16441 evals=1800 917s
[609576.0] PE_E_T2000_NC2880: step 1421 NO_CANDIDATES_GENERATED pairs=16441 evals=1800 917s
[609576.1] PE_E_T2000_NC2880: step 1422 NO_CANDIDATES_GENERATED pairs=16441 evals=1800 917s
[609576.1] PE_E_T2000_NC2880: step 1423 NO_CANDIDATES_GENERATED pairs=16441 evals=1800 917s
[609576.2] PE_E_T2000_NC2880: step 1424 NO_CANDIDATES_GENERATED pairs=16441 evals=1800 917s
[609576.3] PE_E_T2000_NC2880: step 1425 NO_CANDIDATES_GENERATED pairs=16441 evals=1800 917s
[609576.3] PE_E_T2000_NC2880: step 1426 NO_CANDIDATES_GENERATED pairs=16441 evals=1800 917s
[609576.4] PE_E_T2000_NC2880: step 1427 NO_CANDIDATES_GENERATED pairs=16441 evals=1800 917s
[609576.5] PE_E_T2000_NC2880: step 1428 NO_CANDIDATES_GENERATED pairs=16441 evals=1800 917s
[609576.6] PE_E_T2000_NC2880: step 1429 NO_CANDIDATES_GENERATED pairs=16441 evals=1800 917s
[609576.6] PE_E_T2000_NC2880: step 1430 NO_CANDIDATES_GENERATED pairs=16441 evals=1800 917s
[609576.7] PE_E_T2000_NC2880: step 1431 NO_CANDIDATES_GENERATED pairs=16441 evals=1800 917s
[609576.8] PE_E_T2000_NC2880: step 1432 NO_CANDIDATES_GENERATED pairs=16441 evals=1800 917s
[609576.8] PE_E_T2000_NC2880: step 1433 NO_CANDIDATES_GENERATED pairs=16441 evals=1800 917s
[609576.9] PE_E_T2000_NC2880: step 1434 NO_CANDIDATES_GENERATED pairs=16441 evals=1800 918s
[609577.0] PE_E_T2000_NC2880: step 1435 NO_CANDIDATES_GENERATED pairs=16441 evals=1800 918s
[609577.0] PE_E_T2000_NC2880: step 1436 NO_CANDIDATES_GENERATED pairs=16441 evals=1800 918s
[609577.1] PE_E_T2000_NC2880: step 1437 NO_CANDIDATES_GENERATED pairs=16441 evals=1800 918s
[609577.2] PE_E_T2000_NC2880: step 1438 NO_CANDIDATES_GENERATED pairs=16441 evals=1800 918s
[609577.2] PE_E_T2000_NC2880: step 1439 NO_CANDIDATES_GENERATED pairs=16441 evals=1800 918s
[609577.3] PE_E_T2000_NC2880: step 1440 NO_CANDIDATES_GENERATED pairs=16441 evals=1800 918s
[609577.4] PE_E_T2000_NC2880: step 1441 NO_CANDIDATES_GENERATED pairs=16441 evals=1800 918s
[609577.5] PE_E_T2000_NC2880: step 1442 NO_CANDIDATES_GENERATED pairs=16441 evals=1800 918s
[609577.5] PE_E_T2000_NC2880: step 1443 NO_CANDIDATES_GENERATED pairs=16441 evals=1800 918s
[609577.6] PE_E_T2000_NC2880: step 1444 NO_CANDIDATES_GENERATED pairs=16441 evals=1800 918s
[609577.7] PE_E_T2000_NC2880: step 1445 NO_CANDIDATES_GENERATED pairs=16441 evals=1800 918s
[609583.5] PE_E_T2000_NC2880: step 1446 ELEVATED pairs=16336 evals=1816 924s
[609583.6] PE_E_T2000_NC2880: step 1447 NO_CANDIDATES_GENERATED pairs=16336 evals=1816 924s
[609583.6] PE_E_T2000_NC2880: step 1448 NO_CANDIDATES_GENERATED pairs=16336 evals=1816 924s
[609583.7] PE_E_T2000_NC2880: step 1449 NO_CANDIDATES_GENERATED pairs=16336 evals=1816 924s
[609583.8] PE_E_T2000_NC2880: step 1450 NO_CANDIDATES_GENERATED pairs=16336 evals=1816 924s
[609583.9] PE_E_T2000_NC2880: step 1451 NO_CANDIDATES_GENERATED pairs=16336 evals=1816 924s
[609583.9] PE_E_T2000_NC2880: step 1452 NO_CANDIDATES_GENERATED pairs=16336 evals=1816 925s
[609584.0] PE_E_T2000_NC2880: step 1453 NO_CANDIDATES_GENERATED pairs=16336 evals=1816 925s
[609584.1] PE_E_T2000_NC2880: step 1454 NO_CANDIDATES_GENERATED pairs=16336 evals=1816 925s
[609584.2] PE_E_T2000_NC2880: step 1455 NO_CANDIDATES_GENERATED pairs=16336 evals=1816 925s
[609584.2] PE_E_T2000_NC2880: step 1456 NO_CANDIDATES_GENERATED pairs=16336 evals=1816 925s
[609584.3] PE_E_T2000_NC2880: step 1457 NO_CANDIDATES_GENERATED pairs=16336 evals=1816 925s
[609584.4] PE_E_T2000_NC2880: step 1458 NO_CANDIDATES_GENERATED pairs=16336 evals=1816 925s
[609584.4] PE_E_T2000_NC2880: step 1459 NO_CANDIDATES_GENERATED pairs=16336 evals=1816 925s
[609584.5] PE_E_T2000_NC2880: step 1460 NO_CANDIDATES_GENERATED pairs=16336 evals=1816 925s
[609584.5] PE_E_T2000_NC2880: step 1461 NO_CANDIDATES_GENERATED pairs=16336 evals=1816 925s
[609584.6] PE_E_T2000_NC2880: step 1462 NO_CANDIDATES_GENERATED pairs=16336 evals=1816 925s
[609584.7] PE_E_T2000_NC2880: step 1463 NO_CANDIDATES_GENERATED pairs=16336 evals=1816 925s
[609584.7] PE_E_T2000_NC2880: step 1464 NO_CANDIDATES_GENERATED pairs=16336 evals=1816 925s
[609584.8] PE_E_T2000_NC2880: step 1465 NO_CANDIDATES_GENERATED pairs=16336 evals=1816 925s
[609584.9] PE_E_T2000_NC2880: step 1466 NO_CANDIDATES_GENERATED pairs=16336 evals=1816 925s
[609584.9] PE_E_T2000_NC2880: step 1467 NO_CANDIDATES_GENERATED pairs=16336 evals=1816 926s
[609585.0] PE_E_T2000_NC2880: step 1468 NO_CANDIDATES_GENERATED pairs=16336 evals=1816 926s
[609585.1] PE_E_T2000_NC2880: step 1469 NO_CANDIDATES_GENERATED pairs=16336 evals=1816 926s
[609585.1] PE_E_T2000_NC2880: step 1470 NO_CANDIDATES_GENERATED pairs=16336 evals=1816 926s
[609585.2] PE_E_T2000_NC2880: step 1471 NO_CANDIDATES_GENERATED pairs=16336 evals=1816 926s
[609585.3] PE_E_T2000_NC2880: step 1472 NO_CANDIDATES_GENERATED pairs=16336 evals=1816 926s
[609585.3] PE_E_T2000_NC2880: step 1473 NO_CANDIDATES_GENERATED pairs=16336 evals=1816 926s
[609585.4] PE_E_T2000_NC2880: step 1474 NO_CANDIDATES_GENERATED pairs=16336 evals=1816 926s
[609585.4] PE_E_T2000_NC2880: step 1475 NO_CANDIDATES_GENERATED pairs=16336 evals=1816 926s
[609585.5] PE_E_T2000_NC2880: step 1476 NO_CANDIDATES_GENERATED pairs=16336 evals=1816 926s
[609585.6] PE_E_T2000_NC2880: step 1477 NO_CANDIDATES_GENERATED pairs=16336 evals=1816 926s
[609585.6] PE_E_T2000_NC2880: step 1478 NO_CANDIDATES_GENERATED pairs=16336 evals=1816 926s
[609585.7] PE_E_T2000_NC2880: step 1479 NO_CANDIDATES_GENERATED pairs=16336 evals=1816 926s
[609585.8] PE_E_T2000_NC2880: step 1480 NO_CANDIDATES_GENERATED pairs=16336 evals=1816 926s
[609585.9] PE_E_T2000_NC2880: step 1481 NO_CANDIDATES_GENERATED pairs=16336 evals=1816 926s
[609585.9] PE_E_T2000_NC2880: step 1482 NO_CANDIDATES_GENERATED pairs=16336 evals=1816 927s
[609586.0] PE_E_T2000_NC2880: step 1483 NO_CANDIDATES_GENERATED pairs=16336 evals=1816 927s
[609586.0] PE_E_T2000_NC2880: step 1484 NO_CANDIDATES_GENERATED pairs=16336 evals=1816 927s
[609586.1] PE_E_T2000_NC2880: step 1485 NO_CANDIDATES_GENERATED pairs=16336 evals=1816 927s
[609586.2] PE_E_T2000_NC2880: step 1486 NO_CANDIDATES_GENERATED pairs=16336 evals=1816 927s
[609586.2] PE_E_T2000_NC2880: step 1487 NO_CANDIDATES_GENERATED pairs=16336 evals=1816 927s
[609586.3] PE_E_T2000_NC2880: step 1488 NO_CANDIDATES_GENERATED pairs=16336 evals=1816 927s
[609586.4] PE_E_T2000_NC2880: step 1489 NO_CANDIDATES_GENERATED pairs=16336 evals=1816 927s
[609586.4] PE_E_T2000_NC2880: step 1490 NO_CANDIDATES_GENERATED pairs=16336 evals=1816 927s
[609586.5] PE_E_T2000_NC2880: step 1491 NO_CANDIDATES_GENERATED pairs=16336 evals=1816 927s
[609608.2] PE_E_T2000_NC2880: step 1492 ELEVATED pairs=16255 evals=1832 949s
[609608.2] PE_E_T2000_NC2880: step 1493 NO_CANDIDATES_GENERATED pairs=16255 evals=1832 949s
[609608.3] PE_E_T2000_NC2880: step 1494 NO_CANDIDATES_GENERATED pairs=16255 evals=1832 949s
[609608.4] PE_E_T2000_NC2880: step 1495 NO_CANDIDATES_GENERATED pairs=16255 evals=1832 949s
[609608.4] PE_E_T2000_NC2880: step 1496 NO_CANDIDATES_GENERATED pairs=16255 evals=1832 949s
[609608.5] PE_E_T2000_NC2880: step 1497 NO_CANDIDATES_GENERATED pairs=16255 evals=1832 949s
[609608.6] PE_E_T2000_NC2880: step 1498 NO_CANDIDATES_GENERATED pairs=16255 evals=1832 949s
[609608.6] PE_E_T2000_NC2880: step 1499 NO_CANDIDATES_GENERATED pairs=16255 evals=1832 949s
[609608.7] PE_E_T2000_NC2880: step 1500 NO_CANDIDATES_GENERATED pairs=16255 evals=1832 949s
[609608.8] PE_E_T2000_NC2880: step 1501 NO_CANDIDATES_GENERATED pairs=16255 evals=1832 949s
[609608.8] PE_E_T2000_NC2880: step 1502 NO_CANDIDATES_GENERATED pairs=16255 evals=1832 949s
[609608.9] PE_E_T2000_NC2880: step 1503 NO_CANDIDATES_GENERATED pairs=16255 evals=1832 950s
[609608.9] PE_E_T2000_NC2880: step 1504 NO_CANDIDATES_GENERATED pairs=16255 evals=1832 950s
[609609.0] PE_E_T2000_NC2880: step 1505 NO_CANDIDATES_GENERATED pairs=16255 evals=1832 950s
[609609.1] PE_E_T2000_NC2880: step 1506 NO_CANDIDATES_GENERATED pairs=16255 evals=1832 950s
[609609.1] PE_E_T2000_NC2880: step 1507 NO_CANDIDATES_GENERATED pairs=16255 evals=1832 950s
[609609.2] PE_E_T2000_NC2880: step 1508 NO_CANDIDATES_GENERATED pairs=16255 evals=1832 950s
[609609.3] PE_E_T2000_NC2880: step 1509 NO_CANDIDATES_GENERATED pairs=16255 evals=1832 950s
[609609.3] PE_E_T2000_NC2880: step 1510 NO_CANDIDATES_GENERATED pairs=16255 evals=1832 950s
[609609.4] PE_E_T2000_NC2880: step 1511 NO_CANDIDATES_GENERATED pairs=16255 evals=1832 950s
[609609.5] PE_E_T2000_NC2880: step 1512 NO_CANDIDATES_GENERATED pairs=16255 evals=1832 950s
[609609.5] PE_E_T2000_NC2880: step 1513 NO_CANDIDATES_GENERATED pairs=16255 evals=1832 950s
[609609.6] PE_E_T2000_NC2880: step 1514 NO_CANDIDATES_GENERATED pairs=16255 evals=1832 950s
[609609.6] PE_E_T2000_NC2880: step 1515 NO_CANDIDATES_GENERATED pairs=16255 evals=1832 950s
[609609.7] PE_E_T2000_NC2880: step 1516 NO_CANDIDATES_GENERATED pairs=16255 evals=1832 950s
[609609.8] PE_E_T2000_NC2880: step 1517 NO_CANDIDATES_GENERATED pairs=16255 evals=1832 950s
[609609.9] PE_E_T2000_NC2880: step 1518 NO_CANDIDATES_GENERATED pairs=16255 evals=1832 950s
[609609.9] PE_E_T2000_NC2880: step 1519 NO_CANDIDATES_GENERATED pairs=16255 evals=1832 951s
[609610.0] PE_E_T2000_NC2880: step 1520 NO_CANDIDATES_GENERATED pairs=16255 evals=1832 951s
[609610.1] PE_E_T2000_NC2880: step 1521 NO_CANDIDATES_GENERATED pairs=16255 evals=1832 951s
[609610.1] PE_E_T2000_NC2880: step 1522 NO_CANDIDATES_GENERATED pairs=16255 evals=1832 951s
[609610.2] PE_E_T2000_NC2880: step 1523 NO_CANDIDATES_GENERATED pairs=16255 evals=1832 951s
[609610.2] PE_E_T2000_NC2880: step 1524 NO_CANDIDATES_GENERATED pairs=16255 evals=1832 951s
[609610.3] PE_E_T2000_NC2880: step 1525 NO_CANDIDATES_GENERATED pairs=16255 evals=1832 951s
[609610.4] PE_E_T2000_NC2880: step 1526 NO_CANDIDATES_GENERATED pairs=16255 evals=1832 951s
[609610.4] PE_E_T2000_NC2880: step 1527 NO_CANDIDATES_GENERATED pairs=16255 evals=1832 951s
[609610.5] PE_E_T2000_NC2880: step 1528 NO_CANDIDATES_GENERATED pairs=16255 evals=1832 951s
[609610.6] PE_E_T2000_NC2880: step 1529 NO_CANDIDATES_GENERATED pairs=16255 evals=1832 951s
[609610.6] PE_E_T2000_NC2880: step 1530 NO_CANDIDATES_GENERATED pairs=16255 evals=1832 951s
[609610.7] PE_E_T2000_NC2880: step 1531 NO_CANDIDATES_GENERATED pairs=16255 evals=1832 951s
[609610.7] PE_E_T2000_NC2880: step 1532 NO_CANDIDATES_GENERATED pairs=16255 evals=1832 951s
[609610.8] PE_E_T2000_NC2880: step 1533 NO_CANDIDATES_GENERATED pairs=16255 evals=1832 951s
[609610.9] PE_E_T2000_NC2880: step 1534 NO_CANDIDATES_GENERATED pairs=16255 evals=1832 951s
[609610.9] PE_E_T2000_NC2880: step 1535 NO_CANDIDATES_GENERATED pairs=16255 evals=1832 952s
[609611.0] PE_E_T2000_NC2880: step 1536 NO_CANDIDATES_GENERATED pairs=16255 evals=1832 952s
[609611.1] PE_E_T2000_NC2880: step 1537 NO_CANDIDATES_GENERATED pairs=16255 evals=1832 952s
[609632.3] PE_E_T2000_NC2880: step 1538 ELEVATED pairs=16176 evals=1848 973s
[609632.3] PE_E_T2000_NC2880: step 1539 NO_CANDIDATES_GENERATED pairs=16176 evals=1848 973s
[609632.4] PE_E_T2000_NC2880: step 1540 NO_CANDIDATES_GENERATED pairs=16176 evals=1848 973s
[609632.5] PE_E_T2000_NC2880: step 1541 NO_CANDIDATES_GENERATED pairs=16176 evals=1848 973s
[609632.6] PE_E_T2000_NC2880: step 1542 NO_CANDIDATES_GENERATED pairs=16176 evals=1848 973s
[609632.6] PE_E_T2000_NC2880: step 1543 NO_CANDIDATES_GENERATED pairs=16176 evals=1848 973s
[609632.7] PE_E_T2000_NC2880: step 1544 NO_CANDIDATES_GENERATED pairs=16176 evals=1848 973s
[609632.8] PE_E_T2000_NC2880: step 1545 NO_CANDIDATES_GENERATED pairs=16176 evals=1848 973s
[609632.8] PE_E_T2000_NC2880: step 1546 NO_CANDIDATES_GENERATED pairs=16176 evals=1848 973s
[609632.9] PE_E_T2000_NC2880: step 1547 NO_CANDIDATES_GENERATED pairs=16176 evals=1848 974s
[609633.0] PE_E_T2000_NC2880: step 1548 NO_CANDIDATES_GENERATED pairs=16176 evals=1848 974s
[609633.0] PE_E_T2000_NC2880: step 1549 NO_CANDIDATES_GENERATED pairs=16176 evals=1848 974s
[609633.1] PE_E_T2000_NC2880: step 1550 NO_CANDIDATES_GENERATED pairs=16176 evals=1848 974s
[609633.2] PE_E_T2000_NC2880: step 1551 NO_CANDIDATES_GENERATED pairs=16176 evals=1848 974s
[609633.3] PE_E_T2000_NC2880: step 1552 NO_CANDIDATES_GENERATED pairs=16176 evals=1848 974s
[609633.3] PE_E_T2000_NC2880: step 1553 NO_CANDIDATES_GENERATED pairs=16176 evals=1848 974s
[609633.4] PE_E_T2000_NC2880: step 1554 NO_CANDIDATES_GENERATED pairs=16176 evals=1848 974s
[609633.5] PE_E_T2000_NC2880: step 1555 NO_CANDIDATES_GENERATED pairs=16176 evals=1848 974s
[609633.5] PE_E_T2000_NC2880: step 1556 NO_CANDIDATES_GENERATED pairs=16176 evals=1848 974s
[609633.6] PE_E_T2000_NC2880: step 1557 NO_CANDIDATES_GENERATED pairs=16176 evals=1848 974s
[609633.7] PE_E_T2000_NC2880: step 1558 NO_CANDIDATES_GENERATED pairs=16176 evals=1848 974s
[609633.8] PE_E_T2000_NC2880: step 1559 NO_CANDIDATES_GENERATED pairs=16176 evals=1848 974s
[609633.9] PE_E_T2000_NC2880: step 1560 NO_CANDIDATES_GENERATED pairs=16176 evals=1848 974s
[609633.9] PE_E_T2000_NC2880: step 1561 NO_CANDIDATES_GENERATED pairs=16176 evals=1848 975s
[609634.0] PE_E_T2000_NC2880: step 1562 NO_CANDIDATES_GENERATED pairs=16176 evals=1848 975s
[609634.1] PE_E_T2000_NC2880: step 1563 NO_CANDIDATES_GENERATED pairs=16176 evals=1848 975s
[609634.1] PE_E_T2000_NC2880: step 1564 NO_CANDIDATES_GENERATED pairs=16176 evals=1848 975s
[609634.2] PE_E_T2000_NC2880: step 1565 NO_CANDIDATES_GENERATED pairs=16176 evals=1848 975s
[609634.3] PE_E_T2000_NC2880: step 1566 NO_CANDIDATES_GENERATED pairs=16176 evals=1848 975s
[609634.3] PE_E_T2000_NC2880: step 1567 NO_CANDIDATES_GENERATED pairs=16176 evals=1848 975s
[609634.4] PE_E_T2000_NC2880: step 1568 NO_CANDIDATES_GENERATED pairs=16176 evals=1848 975s
[609634.5] PE_E_T2000_NC2880: step 1569 NO_CANDIDATES_GENERATED pairs=16176 evals=1848 975s
[609634.5] PE_E_T2000_NC2880: step 1570 NO_CANDIDATES_GENERATED pairs=16176 evals=1848 975s
[609634.6] PE_E_T2000_NC2880: step 1571 NO_CANDIDATES_GENERATED pairs=16176 evals=1848 975s
[609634.7] PE_E_T2000_NC2880: step 1572 NO_CANDIDATES_GENERATED pairs=16176 evals=1848 975s
[609634.8] PE_E_T2000_NC2880: step 1573 NO_CANDIDATES_GENERATED pairs=16176 evals=1848 975s
[609634.8] PE_E_T2000_NC2880: step 1574 NO_CANDIDATES_GENERATED pairs=16176 evals=1848 975s
[609634.9] PE_E_T2000_NC2880: step 1575 NO_CANDIDATES_GENERATED pairs=16176 evals=1848 976s
[609634.9] PE_E_T2000_NC2880: step 1576 NO_CANDIDATES_GENERATED pairs=16176 evals=1848 976s
[609635.0] PE_E_T2000_NC2880: step 1577 NO_CANDIDATES_GENERATED pairs=16176 evals=1848 976s
[609635.1] PE_E_T2000_NC2880: step 1578 NO_CANDIDATES_GENERATED pairs=16176 evals=1848 976s
[609635.1] PE_E_T2000_NC2880: step 1579 NO_CANDIDATES_GENERATED pairs=16176 evals=1848 976s
[609635.2] PE_E_T2000_NC2880: step 1580 NO_CANDIDATES_GENERATED pairs=16176 evals=1848 976s
[609635.3] PE_E_T2000_NC2880: step 1581 NO_CANDIDATES_GENERATED pairs=16176 evals=1848 976s
[609635.3] PE_E_T2000_NC2880: step 1582 NO_CANDIDATES_GENERATED pairs=16176 evals=1848 976s
[609635.4] PE_E_T2000_NC2880: step 1583 NO_CANDIDATES_GENERATED pairs=16176 evals=1848 976s
[609641.5] PE_E_T2000_NC2880: step 1584 ELEVATED pairs=16129 evals=1864 982s
[609641.5] PE_E_T2000_NC2880: step 1585 NO_CANDIDATES_GENERATED pairs=16129 evals=1864 982s
[609641.6] PE_E_T2000_NC2880: step 1586 NO_CANDIDATES_GENERATED pairs=16129 evals=1864 982s
[609641.7] PE_E_T2000_NC2880: step 1587 NO_CANDIDATES_GENERATED pairs=16129 evals=1864 982s
[609641.8] PE_E_T2000_NC2880: step 1588 NO_CANDIDATES_GENERATED pairs=16129 evals=1864 982s
[609641.8] PE_E_T2000_NC2880: step 1589 NO_CANDIDATES_GENERATED pairs=16129 evals=1864 982s
[609641.9] PE_E_T2000_NC2880: step 1590 NO_CANDIDATES_GENERATED pairs=16129 evals=1864 983s
[609642.0] PE_E_T2000_NC2880: step 1591 NO_CANDIDATES_GENERATED pairs=16129 evals=1864 983s
[609642.0] PE_E_T2000_NC2880: step 1592 NO_CANDIDATES_GENERATED pairs=16129 evals=1864 983s
[609642.1] PE_E_T2000_NC2880: step 1593 NO_CANDIDATES_GENERATED pairs=16129 evals=1864 983s
[609642.2] PE_E_T2000_NC2880: step 1594 NO_CANDIDATES_GENERATED pairs=16129 evals=1864 983s
[609642.2] PE_E_T2000_NC2880: step 1595 NO_CANDIDATES_GENERATED pairs=16129 evals=1864 983s
[609642.3] PE_E_T2000_NC2880: step 1596 NO_CANDIDATES_GENERATED pairs=16129 evals=1864 983s
[609642.4] PE_E_T2000_NC2880: step 1597 NO_CANDIDATES_GENERATED pairs=16129 evals=1864 983s
[609642.4] PE_E_T2000_NC2880: step 1598 NO_CANDIDATES_GENERATED pairs=16129 evals=1864 983s
[609642.5] PE_E_T2000_NC2880: step 1599 NO_CANDIDATES_GENERATED pairs=16129 evals=1864 983s
[609642.5] PE_E_T2000_NC2880: step 1600 NO_CANDIDATES_GENERATED pairs=16129 evals=1864 983s
[609642.6] PE_E_T2000_NC2880: step 1601 NO_CANDIDATES_GENERATED pairs=16129 evals=1864 983s
[609642.7] PE_E_T2000_NC2880: step 1602 NO_CANDIDATES_GENERATED pairs=16129 evals=1864 983s
[609642.7] PE_E_T2000_NC2880: step 1603 NO_CANDIDATES_GENERATED pairs=16129 evals=1864 983s
[609642.8] PE_E_T2000_NC2880: step 1604 NO_CANDIDATES_GENERATED pairs=16129 evals=1864 983s
[609642.9] PE_E_T2000_NC2880: step 1605 NO_CANDIDATES_GENERATED pairs=16129 evals=1864 984s
[609643.0] PE_E_T2000_NC2880: step 1606 NO_CANDIDATES_GENERATED pairs=16129 evals=1864 984s
[609643.0] PE_E_T2000_NC2880: step 1607 NO_CANDIDATES_GENERATED pairs=16129 evals=1864 984s
[609643.1] PE_E_T2000_NC2880: step 1608 NO_CANDIDATES_GENERATED pairs=16129 evals=1864 984s
[609643.1] PE_E_T2000_NC2880: step 1609 NO_CANDIDATES_GENERATED pairs=16129 evals=1864 984s
[609643.2] PE_E_T2000_NC2880: step 1610 NO_CANDIDATES_GENERATED pairs=16129 evals=1864 984s
[609643.3] PE_E_T2000_NC2880: step 1611 NO_CANDIDATES_GENERATED pairs=16129 evals=1864 984s
[609643.3] PE_E_T2000_NC2880: step 1612 NO_CANDIDATES_GENERATED pairs=16129 evals=1864 984s
[609643.4] PE_E_T2000_NC2880: step 1613 NO_CANDIDATES_GENERATED pairs=16129 evals=1864 984s
[609643.5] PE_E_T2000_NC2880: step 1614 NO_CANDIDATES_GENERATED pairs=16129 evals=1864 984s
[609643.6] PE_E_T2000_NC2880: step 1615 NO_CANDIDATES_GENERATED pairs=16129 evals=1864 984s
[609643.6] PE_E_T2000_NC2880: step 1616 NO_CANDIDATES_GENERATED pairs=16129 evals=1864 984s
[609643.7] PE_E_T2000_NC2880: step 1617 NO_CANDIDATES_GENERATED pairs=16129 evals=1864 984s
[609643.8] PE_E_T2000_NC2880: step 1618 NO_CANDIDATES_GENERATED pairs=16129 evals=1864 984s
[609643.9] PE_E_T2000_NC2880: step 1619 NO_CANDIDATES_GENERATED pairs=16129 evals=1864 984s
[609643.9] PE_E_T2000_NC2880: step 1620 NO_CANDIDATES_GENERATED pairs=16129 evals=1864 985s
[609644.0] PE_E_T2000_NC2880: step 1621 NO_CANDIDATES_GENERATED pairs=16129 evals=1864 985s
[609644.1] PE_E_T2000_NC2880: step 1622 NO_CANDIDATES_GENERATED pairs=16129 evals=1864 985s
[609644.1] PE_E_T2000_NC2880: step 1623 NO_CANDIDATES_GENERATED pairs=16129 evals=1864 985s
[609644.2] PE_E_T2000_NC2880: step 1624 NO_CANDIDATES_GENERATED pairs=16129 evals=1864 985s
[609644.3] PE_E_T2000_NC2880: step 1625 NO_CANDIDATES_GENERATED pairs=16129 evals=1864 985s
[609644.3] PE_E_T2000_NC2880: step 1626 NO_CANDIDATES_GENERATED pairs=16129 evals=1864 985s
[609644.4] PE_E_T2000_NC2880: step 1627 NO_CANDIDATES_GENERATED pairs=16129 evals=1864 985s
[609644.5] PE_E_T2000_NC2880: step 1628 NO_CANDIDATES_GENERATED pairs=16129 evals=1864 985s
[609644.6] PE_E_T2000_NC2880: step 1629 NO_CANDIDATES_GENERATED pairs=16129 evals=1864 985s
[609649.6] PE_E_T2000_NC2880: step 1630 ELEVATED pairs=16074 evals=1880 990s
[609649.7] PE_E_T2000_NC2880: step 1631 NO_CANDIDATES_GENERATED pairs=16074 evals=1880 990s
[609649.8] PE_E_T2000_NC2880: step 1632 NO_CANDIDATES_GENERATED pairs=16074 evals=1880 990s
[609649.8] PE_E_T2000_NC2880: step 1633 NO_CANDIDATES_GENERATED pairs=16074 evals=1880 990s
[609649.9] PE_E_T2000_NC2880: step 1634 NO_CANDIDATES_GENERATED pairs=16074 evals=1880 991s
[609650.0] PE_E_T2000_NC2880: step 1635 NO_CANDIDATES_GENERATED pairs=16074 evals=1880 991s
[609650.0] PE_E_T2000_NC2880: step 1636 NO_CANDIDATES_GENERATED pairs=16074 evals=1880 991s
[609650.1] PE_E_T2000_NC2880: step 1637 NO_CANDIDATES_GENERATED pairs=16074 evals=1880 991s
[609650.2] PE_E_T2000_NC2880: step 1638 NO_CANDIDATES_GENERATED pairs=16074 evals=1880 991s
[609650.2] PE_E_T2000_NC2880: step 1639 NO_CANDIDATES_GENERATED pairs=16074 evals=1880 991s
[609650.3] PE_E_T2000_NC2880: step 1640 NO_CANDIDATES_GENERATED pairs=16074 evals=1880 991s
[609650.4] PE_E_T2000_NC2880: step 1641 NO_CANDIDATES_GENERATED pairs=16074 evals=1880 991s
[609650.4] PE_E_T2000_NC2880: step 1642 NO_CANDIDATES_GENERATED pairs=16074 evals=1880 991s
[609650.5] PE_E_T2000_NC2880: step 1643 NO_CANDIDATES_GENERATED pairs=16074 evals=1880 991s
[609650.6] PE_E_T2000_NC2880: step 1644 NO_CANDIDATES_GENERATED pairs=16074 evals=1880 991s
[609650.6] PE_E_T2000_NC2880: step 1645 NO_CANDIDATES_GENERATED pairs=16074 evals=1880 991s
[609650.7] PE_E_T2000_NC2880: step 1646 NO_CANDIDATES_GENERATED pairs=16074 evals=1880 991s
[609650.8] PE_E_T2000_NC2880: step 1647 NO_CANDIDATES_GENERATED pairs=16074 evals=1880 991s
[609650.8] PE_E_T2000_NC2880: step 1648 NO_CANDIDATES_GENERATED pairs=16074 evals=1880 991s
[609650.9] PE_E_T2000_NC2880: step 1649 NO_CANDIDATES_GENERATED pairs=16074 evals=1880 992s
[609651.0] PE_E_T2000_NC2880: step 1650 NO_CANDIDATES_GENERATED pairs=16074 evals=1880 992s
[609651.0] PE_E_T2000_NC2880: step 1651 NO_CANDIDATES_GENERATED pairs=16074 evals=1880 992s
[609651.1] PE_E_T2000_NC2880: step 1652 NO_CANDIDATES_GENERATED pairs=16074 evals=1880 992s
[609651.2] PE_E_T2000_NC2880: step 1653 NO_CANDIDATES_GENERATED pairs=16074 evals=1880 992s
[609651.3] PE_E_T2000_NC2880: step 1654 NO_CANDIDATES_GENERATED pairs=16074 evals=1880 992s
[609651.3] PE_E_T2000_NC2880: step 1655 NO_CANDIDATES_GENERATED pairs=16074 evals=1880 992s
[609651.4] PE_E_T2000_NC2880: step 1656 NO_CANDIDATES_GENERATED pairs=16074 evals=1880 992s
[609651.4] PE_E_T2000_NC2880: step 1657 NO_CANDIDATES_GENERATED pairs=16074 evals=1880 992s
[609651.5] PE_E_T2000_NC2880: step 1658 NO_CANDIDATES_GENERATED pairs=16074 evals=1880 992s
[609651.6] PE_E_T2000_NC2880: step 1659 NO_CANDIDATES_GENERATED pairs=16074 evals=1880 992s
[609651.6] PE_E_T2000_NC2880: step 1660 NO_CANDIDATES_GENERATED pairs=16074 evals=1880 992s
[609651.7] PE_E_T2000_NC2880: step 1661 NO_CANDIDATES_GENERATED pairs=16074 evals=1880 992s
[609651.8] PE_E_T2000_NC2880: step 1662 NO_CANDIDATES_GENERATED pairs=16074 evals=1880 992s
[609651.9] PE_E_T2000_NC2880: step 1663 NO_CANDIDATES_GENERATED pairs=16074 evals=1880 992s
[609651.9] PE_E_T2000_NC2880: step 1664 NO_CANDIDATES_GENERATED pairs=16074 evals=1880 993s
[609652.0] PE_E_T2000_NC2880: step 1665 NO_CANDIDATES_GENERATED pairs=16074 evals=1880 993s
[609652.1] PE_E_T2000_NC2880: step 1666 NO_CANDIDATES_GENERATED pairs=16074 evals=1880 993s
[609652.1] PE_E_T2000_NC2880: step 1667 NO_CANDIDATES_GENERATED pairs=16074 evals=1880 993s
[609652.2] PE_E_T2000_NC2880: step 1668 NO_CANDIDATES_GENERATED pairs=16074 evals=1880 993s
[609652.3] PE_E_T2000_NC2880: step 1669 NO_CANDIDATES_GENERATED pairs=16074 evals=1880 993s
[609652.3] PE_E_T2000_NC2880: step 1670 NO_CANDIDATES_GENERATED pairs=16074 evals=1880 993s
[609652.4] PE_E_T2000_NC2880: step 1671 NO_CANDIDATES_GENERATED pairs=16074 evals=1880 993s
[609652.5] PE_E_T2000_NC2880: step 1672 NO_CANDIDATES_GENERATED pairs=16074 evals=1880 993s
[609652.5] PE_E_T2000_NC2880: step 1673 NO_CANDIDATES_GENERATED pairs=16074 evals=1880 993s
[609652.6] PE_E_T2000_NC2880: step 1674 NO_CANDIDATES_GENERATED pairs=16074 evals=1880 993s
[609652.7] PE_E_T2000_NC2880: step 1675 NO_CANDIDATES_GENERATED pairs=16074 evals=1880 993s
[609658.8] PE_E_T2000_NC2880: step 1676 ELEVATED pairs=16023 evals=1896 999s
[609658.9] PE_E_T2000_NC2880: step 1677 NO_CANDIDATES_GENERATED pairs=16023 evals=1896 1000s
[609659.0] PE_E_T2000_NC2880: step 1678 NO_CANDIDATES_GENERATED pairs=16023 evals=1896 1000s
[609659.1] PE_E_T2000_NC2880: step 1679 NO_CANDIDATES_GENERATED pairs=16023 evals=1896 1000s
[609659.1] PE_E_T2000_NC2880: step 1680 NO_CANDIDATES_GENERATED pairs=16023 evals=1896 1000s
[609659.2] PE_E_T2000_NC2880: step 1681 NO_CANDIDATES_GENERATED pairs=16023 evals=1896 1000s
[609659.3] PE_E_T2000_NC2880: step 1682 NO_CANDIDATES_GENERATED pairs=16023 evals=1896 1000s
[609659.4] PE_E_T2000_NC2880: step 1683 NO_CANDIDATES_GENERATED pairs=16023 evals=1896 1000s
[609659.4] PE_E_T2000_NC2880: step 1684 NO_CANDIDATES_GENERATED pairs=16023 evals=1896 1000s
[609659.5] PE_E_T2000_NC2880: step 1685 NO_CANDIDATES_GENERATED pairs=16023 evals=1896 1000s
[609659.6] PE_E_T2000_NC2880: step 1686 NO_CANDIDATES_GENERATED pairs=16023 evals=1896 1000s
[609659.6] PE_E_T2000_NC2880: step 1687 NO_CANDIDATES_GENERATED pairs=16023 evals=1896 1000s
[609659.7] PE_E_T2000_NC2880: step 1688 NO_CANDIDATES_GENERATED pairs=16023 evals=1896 1000s
[609659.8] PE_E_T2000_NC2880: step 1689 NO_CANDIDATES_GENERATED pairs=16023 evals=1896 1000s
[609659.9] PE_E_T2000_NC2880: step 1690 NO_CANDIDATES_GENERATED pairs=16023 evals=1896 1000s
[609659.9] PE_E_T2000_NC2880: step 1691 NO_CANDIDATES_GENERATED pairs=16023 evals=1896 1001s
[609660.0] PE_E_T2000_NC2880: step 1692 NO_CANDIDATES_GENERATED pairs=16023 evals=1896 1001s
[609660.1] PE_E_T2000_NC2880: step 1693 NO_CANDIDATES_GENERATED pairs=16023 evals=1896 1001s
[609660.2] PE_E_T2000_NC2880: step 1694 NO_CANDIDATES_GENERATED pairs=16023 evals=1896 1001s
[609660.2] PE_E_T2000_NC2880: step 1695 NO_CANDIDATES_GENERATED pairs=16023 evals=1896 1001s
[609660.3] PE_E_T2000_NC2880: step 1696 NO_CANDIDATES_GENERATED pairs=16023 evals=1896 1001s
[609660.4] PE_E_T2000_NC2880: step 1697 NO_CANDIDATES_GENERATED pairs=16023 evals=1896 1001s
[609660.5] PE_E_T2000_NC2880: step 1698 NO_CANDIDATES_GENERATED pairs=16023 evals=1896 1001s
[609660.5] PE_E_T2000_NC2880: step 1699 NO_CANDIDATES_GENERATED pairs=16023 evals=1896 1001s
[609660.6] PE_E_T2000_NC2880: step 1700 NO_CANDIDATES_GENERATED pairs=16023 evals=1896 1001s
[609660.7] PE_E_T2000_NC2880: step 1701 NO_CANDIDATES_GENERATED pairs=16023 evals=1896 1001s
[609660.7] PE_E_T2000_NC2880: step 1702 NO_CANDIDATES_GENERATED pairs=16023 evals=1896 1001s
[609660.8] PE_E_T2000_NC2880: step 1703 NO_CANDIDATES_GENERATED pairs=16023 evals=1896 1001s
[609660.9] PE_E_T2000_NC2880: step 1704 NO_CANDIDATES_GENERATED pairs=16023 evals=1896 1002s
[609660.9] PE_E_T2000_NC2880: step 1705 NO_CANDIDATES_GENERATED pairs=16023 evals=1896 1002s
[609661.0] PE_E_T2000_NC2880: step 1706 NO_CANDIDATES_GENERATED pairs=16023 evals=1896 1002s
[609661.1] PE_E_T2000_NC2880: step 1707 NO_CANDIDATES_GENERATED pairs=16023 evals=1896 1002s
[609661.1] PE_E_T2000_NC2880: step 1708 NO_CANDIDATES_GENERATED pairs=16023 evals=1896 1002s
[609661.2] PE_E_T2000_NC2880: step 1709 NO_CANDIDATES_GENERATED pairs=16023 evals=1896 1002s
[609661.3] PE_E_T2000_NC2880: step 1710 NO_CANDIDATES_GENERATED pairs=16023 evals=1896 1002s
[609661.3] PE_E_T2000_NC2880: step 1711 NO_CANDIDATES_GENERATED pairs=16023 evals=1896 1002s
[609661.4] PE_E_T2000_NC2880: step 1712 NO_CANDIDATES_GENERATED pairs=16023 evals=1896 1002s
[609661.4] PE_E_T2000_NC2880: step 1713 NO_CANDIDATES_GENERATED pairs=16023 evals=1896 1002s
[609661.5] PE_E_T2000_NC2880: step 1714 NO_CANDIDATES_GENERATED pairs=16023 evals=1896 1002s
[609661.6] PE_E_T2000_NC2880: step 1715 NO_CANDIDATES_GENERATED pairs=16023 evals=1896 1002s
[609661.6] PE_E_T2000_NC2880: step 1716 NO_CANDIDATES_GENERATED pairs=16023 evals=1896 1002s
[609661.7] PE_E_T2000_NC2880: step 1717 NO_CANDIDATES_GENERATED pairs=16023 evals=1896 1002s
[609661.8] PE_E_T2000_NC2880: step 1718 NO_CANDIDATES_GENERATED pairs=16023 evals=1896 1002s
[609661.8] PE_E_T2000_NC2880: step 1719 NO_CANDIDATES_GENERATED pairs=16023 evals=1896 1002s
[609661.9] PE_E_T2000_NC2880: step 1720 NO_CANDIDATES_GENERATED pairs=16023 evals=1896 1003s
[609661.9] PE_E_T2000_NC2880: step 1721 NO_CANDIDATES_GENERATED pairs=16023 evals=1896 1003s
[609666.9] PE_E_T2000_NC2880: step 1722 ELEVATED pairs=15983 evals=1912 1008s
[609667.0] PE_E_T2000_NC2880: step 1723 NO_CANDIDATES_GENERATED pairs=15983 evals=1912 1008s
[609667.1] PE_E_T2000_NC2880: step 1724 NO_CANDIDATES_GENERATED pairs=15983 evals=1912 1008s
[609667.1] PE_E_T2000_NC2880: step 1725 NO_CANDIDATES_GENERATED pairs=15983 evals=1912 1008s
[609667.2] PE_E_T2000_NC2880: step 1726 NO_CANDIDATES_GENERATED pairs=15983 evals=1912 1008s
[609667.2] PE_E_T2000_NC2880: step 1727 NO_CANDIDATES_GENERATED pairs=15983 evals=1912 1008s
[609667.3] PE_E_T2000_NC2880: step 1728 NO_CANDIDATES_GENERATED pairs=15983 evals=1912 1008s
[609667.4] PE_E_T2000_NC2880: step 1729 NO_CANDIDATES_GENERATED pairs=15983 evals=1912 1008s
[609667.4] PE_E_T2000_NC2880: step 1730 NO_CANDIDATES_GENERATED pairs=15983 evals=1912 1008s
[609667.5] PE_E_T2000_NC2880: step 1731 NO_CANDIDATES_GENERATED pairs=15983 evals=1912 1008s
[609667.6] PE_E_T2000_NC2880: step 1732 NO_CANDIDATES_GENERATED pairs=15983 evals=1912 1008s
[609667.6] PE_E_T2000_NC2880: step 1733 NO_CANDIDATES_GENERATED pairs=15983 evals=1912 1008s
[609667.7] PE_E_T2000_NC2880: step 1734 NO_CANDIDATES_GENERATED pairs=15983 evals=1912 1008s
[609667.8] PE_E_T2000_NC2880: step 1735 NO_CANDIDATES_GENERATED pairs=15983 evals=1912 1008s
[609667.9] PE_E_T2000_NC2880: step 1736 NO_CANDIDATES_GENERATED pairs=15983 evals=1912 1008s
[609667.9] PE_E_T2000_NC2880: step 1737 NO_CANDIDATES_GENERATED pairs=15983 evals=1912 1009s
[609668.0] PE_E_T2000_NC2880: step 1738 NO_CANDIDATES_GENERATED pairs=15983 evals=1912 1009s
[609668.1] PE_E_T2000_NC2880: step 1739 NO_CANDIDATES_GENERATED pairs=15983 evals=1912 1009s
[609668.1] PE_E_T2000_NC2880: step 1740 NO_CANDIDATES_GENERATED pairs=15983 evals=1912 1009s
[609668.2] PE_E_T2000_NC2880: step 1741 NO_CANDIDATES_GENERATED pairs=15983 evals=1912 1009s
[609668.3] PE_E_T2000_NC2880: step 1742 NO_CANDIDATES_GENERATED pairs=15983 evals=1912 1009s
[609668.3] PE_E_T2000_NC2880: step 1743 NO_CANDIDATES_GENERATED pairs=15983 evals=1912 1009s
[609668.4] PE_E_T2000_NC2880: step 1744 NO_CANDIDATES_GENERATED pairs=15983 evals=1912 1009s
[609668.5] PE_E_T2000_NC2880: step 1745 NO_CANDIDATES_GENERATED pairs=15983 evals=1912 1009s
[609668.5] PE_E_T2000_NC2880: step 1746 NO_CANDIDATES_GENERATED pairs=15983 evals=1912 1009s
[609668.6] PE_E_T2000_NC2880: step 1747 NO_CANDIDATES_GENERATED pairs=15983 evals=1912 1009s
[609668.7] PE_E_T2000_NC2880: step 1748 NO_CANDIDATES_GENERATED pairs=15983 evals=1912 1009s
[609668.7] PE_E_T2000_NC2880: step 1749 NO_CANDIDATES_GENERATED pairs=15983 evals=1912 1009s
[609668.8] PE_E_T2000_NC2880: step 1750 NO_CANDIDATES_GENERATED pairs=15983 evals=1912 1009s
[609668.9] PE_E_T2000_NC2880: step 1751 NO_CANDIDATES_GENERATED pairs=15983 evals=1912 1009s
[609668.9] PE_E_T2000_NC2880: step 1752 NO_CANDIDATES_GENERATED pairs=15983 evals=1912 1010s
[609669.0] PE_E_T2000_NC2880: step 1753 NO_CANDIDATES_GENERATED pairs=15983 evals=1912 1010s
[609669.1] PE_E_T2000_NC2880: step 1754 NO_CANDIDATES_GENERATED pairs=15983 evals=1912 1010s
[609669.2] PE_E_T2000_NC2880: step 1755 NO_CANDIDATES_GENERATED pairs=15983 evals=1912 1010s
[609669.2] PE_E_T2000_NC2880: step 1756 NO_CANDIDATES_GENERATED pairs=15983 evals=1912 1010s
[609669.3] PE_E_T2000_NC2880: step 1757 NO_CANDIDATES_GENERATED pairs=15983 evals=1912 1010s
[609669.4] PE_E_T2000_NC2880: step 1758 NO_CANDIDATES_GENERATED pairs=15983 evals=1912 1010s
[609669.5] PE_E_T2000_NC2880: step 1759 NO_CANDIDATES_GENERATED pairs=15983 evals=1912 1010s
[609669.5] PE_E_T2000_NC2880: step 1760 NO_CANDIDATES_GENERATED pairs=15983 evals=1912 1010s
[609669.6] PE_E_T2000_NC2880: step 1761 NO_CANDIDATES_GENERATED pairs=15983 evals=1912 1010s
[609669.7] PE_E_T2000_NC2880: step 1762 NO_CANDIDATES_GENERATED pairs=15983 evals=1912 1010s
[609669.7] PE_E_T2000_NC2880: step 1763 NO_CANDIDATES_GENERATED pairs=15983 evals=1912 1010s
[609669.8] PE_E_T2000_NC2880: step 1764 NO_CANDIDATES_GENERATED pairs=15983 evals=1912 1010s
[609669.9] PE_E_T2000_NC2880: step 1765 NO_CANDIDATES_GENERATED pairs=15983 evals=1912 1011s
[609670.0] PE_E_T2000_NC2880: step 1766 NO_CANDIDATES_GENERATED pairs=15983 evals=1912 1011s
[609670.0] PE_E_T2000_NC2880: step 1767 NO_CANDIDATES_GENERATED pairs=15983 evals=1912 1011s
[609694.0] PE_E_T2000_NC2880: step 1768 ELEVATED pairs=15903 evals=1928 1035s
[609694.0] PE_E_T2000_NC2880: step 1769 NO_CANDIDATES_GENERATED pairs=15903 evals=1928 1035s
[609694.1] PE_E_T2000_NC2880: step 1770 NO_CANDIDATES_GENERATED pairs=15903 evals=1928 1035s
[609694.1] PE_E_T2000_NC2880: step 1771 NO_CANDIDATES_GENERATED pairs=15903 evals=1928 1035s
[609694.2] PE_E_T2000_NC2880: step 1772 NO_CANDIDATES_GENERATED pairs=15903 evals=1928 1035s
[609694.3] PE_E_T2000_NC2880: step 1773 NO_CANDIDATES_GENERATED pairs=15903 evals=1928 1035s
[609694.3] PE_E_T2000_NC2880: step 1774 NO_CANDIDATES_GENERATED pairs=15903 evals=1928 1035s
[609694.4] PE_E_T2000_NC2880: step 1775 NO_CANDIDATES_GENERATED pairs=15903 evals=1928 1035s
[609694.5] PE_E_T2000_NC2880: step 1776 NO_CANDIDATES_GENERATED pairs=15903 evals=1928 1035s
[609694.5] PE_E_T2000_NC2880: step 1777 NO_CANDIDATES_GENERATED pairs=15903 evals=1928 1035s
[609694.6] PE_E_T2000_NC2880: step 1778 NO_CANDIDATES_GENERATED pairs=15903 evals=1928 1035s
[609694.7] PE_E_T2000_NC2880: step 1779 NO_CANDIDATES_GENERATED pairs=15903 evals=1928 1035s
[609694.8] PE_E_T2000_NC2880: step 1780 NO_CANDIDATES_GENERATED pairs=15903 evals=1928 1035s
[609694.8] PE_E_T2000_NC2880: step 1781 NO_CANDIDATES_GENERATED pairs=15903 evals=1928 1035s
[609694.9] PE_E_T2000_NC2880: step 1782 NO_CANDIDATES_GENERATED pairs=15903 evals=1928 1036s
[609694.9] PE_E_T2000_NC2880: step 1783 NO_CANDIDATES_GENERATED pairs=15903 evals=1928 1036s
[609695.0] PE_E_T2000_NC2880: step 1784 NO_CANDIDATES_GENERATED pairs=15903 evals=1928 1036s
[609695.1] PE_E_T2000_NC2880: step 1785 NO_CANDIDATES_GENERATED pairs=15903 evals=1928 1036s
[609695.1] PE_E_T2000_NC2880: step 1786 NO_CANDIDATES_GENERATED pairs=15903 evals=1928 1036s
[609695.2] PE_E_T2000_NC2880: step 1787 NO_CANDIDATES_GENERATED pairs=15903 evals=1928 1036s
[609695.3] PE_E_T2000_NC2880: step 1788 NO_CANDIDATES_GENERATED pairs=15903 evals=1928 1036s
[609695.3] PE_E_T2000_NC2880: step 1789 NO_CANDIDATES_GENERATED pairs=15903 evals=1928 1036s
[609695.4] PE_E_T2000_NC2880: step 1790 NO_CANDIDATES_GENERATED pairs=15903 evals=1928 1036s
[609695.5] PE_E_T2000_NC2880: step 1791 NO_CANDIDATES_GENERATED pairs=15903 evals=1928 1036s
[609695.5] PE_E_T2000_NC2880: step 1792 NO_CANDIDATES_GENERATED pairs=15903 evals=1928 1036s
[609695.6] PE_E_T2000_NC2880: step 1793 NO_CANDIDATES_GENERATED pairs=15903 evals=1928 1036s
[609695.7] PE_E_T2000_NC2880: step 1794 NO_CANDIDATES_GENERATED pairs=15903 evals=1928 1036s
[609695.7] PE_E_T2000_NC2880: step 1795 NO_CANDIDATES_GENERATED pairs=15903 evals=1928 1036s
[609695.8] PE_E_T2000_NC2880: step 1796 NO_CANDIDATES_GENERATED pairs=15903 evals=1928 1036s
[609695.9] PE_E_T2000_NC2880: step 1797 NO_CANDIDATES_GENERATED pairs=15903 evals=1928 1037s
[609695.9] PE_E_T2000_NC2880: step 1798 NO_CANDIDATES_GENERATED pairs=15903 evals=1928 1037s
[609696.0] PE_E_T2000_NC2880: step 1799 NO_CANDIDATES_GENERATED pairs=15903 evals=1928 1037s
[609696.1] PE_E_T2000_NC2880: step 1800 NO_CANDIDATES_GENERATED pairs=15903 evals=1928 1037s
[609696.2] PE_E_T2000_NC2880: step 1801 NO_CANDIDATES_GENERATED pairs=15903 evals=1928 1037s
[609696.2] PE_E_T2000_NC2880: step 1802 NO_CANDIDATES_GENERATED pairs=15903 evals=1928 1037s
[609696.3] PE_E_T2000_NC2880: step 1803 NO_CANDIDATES_GENERATED pairs=15903 evals=1928 1037s
[609696.4] PE_E_T2000_NC2880: step 1804 NO_CANDIDATES_GENERATED pairs=15903 evals=1928 1037s
[609696.4] PE_E_T2000_NC2880: step 1805 NO_CANDIDATES_GENERATED pairs=15903 evals=1928 1037s
[609696.5] PE_E_T2000_NC2880: step 1806 NO_CANDIDATES_GENERATED pairs=15903 evals=1928 1037s
[609696.6] PE_E_T2000_NC2880: step 1807 NO_CANDIDATES_GENERATED pairs=15903 evals=1928 1037s
[609696.6] PE_E_T2000_NC2880: step 1808 NO_CANDIDATES_GENERATED pairs=15903 evals=1928 1037s
[609696.7] PE_E_T2000_NC2880: step 1809 NO_CANDIDATES_GENERATED pairs=15903 evals=1928 1037s
[609696.8] PE_E_T2000_NC2880: step 1810 NO_CANDIDATES_GENERATED pairs=15903 evals=1928 1037s
[609696.8] PE_E_T2000_NC2880: step 1811 NO_CANDIDATES_GENERATED pairs=15903 evals=1928 1037s
[609696.9] PE_E_T2000_NC2880: step 1812 NO_CANDIDATES_GENERATED pairs=15903 evals=1928 1038s
[609697.0] PE_E_T2000_NC2880: step 1813 NO_CANDIDATES_GENERATED pairs=15903 evals=1928 1038s
[609718.6] PE_E_T2000_NC2880: step 1814 ELEVATED pairs=15823 evals=1944 1059s
[609718.7] PE_E_T2000_NC2880: step 1815 NO_CANDIDATES_GENERATED pairs=15823 evals=1944 1059s
[609718.7] PE_E_T2000_NC2880: step 1816 NO_CANDIDATES_GENERATED pairs=15823 evals=1944 1059s
[609718.8] PE_E_T2000_NC2880: step 1817 NO_CANDIDATES_GENERATED pairs=15823 evals=1944 1059s
[609718.9] PE_E_T2000_NC2880: step 1818 NO_CANDIDATES_GENERATED pairs=15823 evals=1944 1059s
[609718.9] PE_E_T2000_NC2880: step 1819 NO_CANDIDATES_GENERATED pairs=15823 evals=1944 1060s
[609719.0] PE_E_T2000_NC2880: step 1820 NO_CANDIDATES_GENERATED pairs=15823 evals=1944 1060s
[609719.0] PE_E_T2000_NC2880: step 1821 NO_CANDIDATES_GENERATED pairs=15823 evals=1944 1060s
[609719.1] PE_E_T2000_NC2880: step 1822 NO_CANDIDATES_GENERATED pairs=15823 evals=1944 1060s
[609719.2] PE_E_T2000_NC2880: step 1823 NO_CANDIDATES_GENERATED pairs=15823 evals=1944 1060s
[609719.2] PE_E_T2000_NC2880: step 1824 NO_CANDIDATES_GENERATED pairs=15823 evals=1944 1060s
[609719.3] PE_E_T2000_NC2880: step 1825 NO_CANDIDATES_GENERATED pairs=15823 evals=1944 1060s
[609719.4] PE_E_T2000_NC2880: step 1826 NO_CANDIDATES_GENERATED pairs=15823 evals=1944 1060s
[609719.4] PE_E_T2000_NC2880: step 1827 NO_CANDIDATES_GENERATED pairs=15823 evals=1944 1060s
[609719.5] PE_E_T2000_NC2880: step 1828 NO_CANDIDATES_GENERATED pairs=15823 evals=1944 1060s
[609719.6] PE_E_T2000_NC2880: step 1829 NO_CANDIDATES_GENERATED pairs=15823 evals=1944 1060s
[609719.6] PE_E_T2000_NC2880: step 1830 NO_CANDIDATES_GENERATED pairs=15823 evals=1944 1060s
[609719.7] PE_E_T2000_NC2880: step 1831 NO_CANDIDATES_GENERATED pairs=15823 evals=1944 1060s
[609719.7] PE_E_T2000_NC2880: step 1832 NO_CANDIDATES_GENERATED pairs=15823 evals=1944 1060s
[609719.8] PE_E_T2000_NC2880: step 1833 NO_CANDIDATES_GENERATED pairs=15823 evals=1944 1060s
[609719.9] PE_E_T2000_NC2880: step 1834 NO_CANDIDATES_GENERATED pairs=15823 evals=1944 1060s
[609719.9] PE_E_T2000_NC2880: step 1835 NO_CANDIDATES_GENERATED pairs=15823 evals=1944 1061s
[609720.0] PE_E_T2000_NC2880: step 1836 NO_CANDIDATES_GENERATED pairs=15823 evals=1944 1061s
[609720.1] PE_E_T2000_NC2880: step 1837 NO_CANDIDATES_GENERATED pairs=15823 evals=1944 1061s
[609720.1] PE_E_T2000_NC2880: step 1838 NO_CANDIDATES_GENERATED pairs=15823 evals=1944 1061s
[609720.2] PE_E_T2000_NC2880: step 1839 NO_CANDIDATES_GENERATED pairs=15823 evals=1944 1061s
[609720.3] PE_E_T2000_NC2880: step 1840 NO_CANDIDATES_GENERATED pairs=15823 evals=1944 1061s
[609720.3] PE_E_T2000_NC2880: step 1841 NO_CANDIDATES_GENERATED pairs=15823 evals=1944 1061s
[609720.4] PE_E_T2000_NC2880: step 1842 NO_CANDIDATES_GENERATED pairs=15823 evals=1944 1061s
[609720.5] PE_E_T2000_NC2880: step 1843 NO_CANDIDATES_GENERATED pairs=15823 evals=1944 1061s
[609720.5] PE_E_T2000_NC2880: step 1844 NO_CANDIDATES_GENERATED pairs=15823 evals=1944 1061s
[609720.6] PE_E_T2000_NC2880: step 1845 NO_CANDIDATES_GENERATED pairs=15823 evals=1944 1061s
[609720.7] PE_E_T2000_NC2880: step 1846 NO_CANDIDATES_GENERATED pairs=15823 evals=1944 1061s
[609720.7] PE_E_T2000_NC2880: step 1847 NO_CANDIDATES_GENERATED pairs=15823 evals=1944 1061s
[609720.8] PE_E_T2000_NC2880: step 1848 NO_CANDIDATES_GENERATED pairs=15823 evals=1944 1061s
[609720.8] PE_E_T2000_NC2880: step 1849 NO_CANDIDATES_GENERATED pairs=15823 evals=1944 1061s
[609720.9] PE_E_T2000_NC2880: step 1850 NO_CANDIDATES_GENERATED pairs=15823 evals=1944 1062s
[609721.0] PE_E_T2000_NC2880: step 1851 NO_CANDIDATES_GENERATED pairs=15823 evals=1944 1062s
[609721.0] PE_E_T2000_NC2880: step 1852 NO_CANDIDATES_GENERATED pairs=15823 evals=1944 1062s
[609721.1] PE_E_T2000_NC2880: step 1853 NO_CANDIDATES_GENERATED pairs=15823 evals=1944 1062s
[609721.2] PE_E_T2000_NC2880: step 1854 NO_CANDIDATES_GENERATED pairs=15823 evals=1944 1062s
[609721.2] PE_E_T2000_NC2880: step 1855 NO_CANDIDATES_GENERATED pairs=15823 evals=1944 1062s
[609721.3] PE_E_T2000_NC2880: step 1856 NO_CANDIDATES_GENERATED pairs=15823 evals=1944 1062s
[609721.4] PE_E_T2000_NC2880: step 1857 NO_CANDIDATES_GENERATED pairs=15823 evals=1944 1062s
[609721.4] PE_E_T2000_NC2880: step 1858 NO_CANDIDATES_GENERATED pairs=15823 evals=1944 1062s
[609721.5] PE_E_T2000_NC2880: step 1859 NO_CANDIDATES_GENERATED pairs=15823 evals=1944 1062s
[609726.1] PE_E_T2000_NC2880: step 1860 ELEVATED pairs=15735 evals=1960 1067s
[609726.2] PE_E_T2000_NC2880: step 1861 NO_CANDIDATES_GENERATED pairs=15735 evals=1960 1067s
[609726.2] PE_E_T2000_NC2880: step 1862 NO_CANDIDATES_GENERATED pairs=15735 evals=1960 1067s
[609726.3] PE_E_T2000_NC2880: step 1863 NO_CANDIDATES_GENERATED pairs=15735 evals=1960 1067s
[609726.4] PE_E_T2000_NC2880: step 1864 NO_CANDIDATES_GENERATED pairs=15735 evals=1960 1067s
[609726.4] PE_E_T2000_NC2880: step 1865 NO_CANDIDATES_GENERATED pairs=15735 evals=1960 1067s
[609726.5] PE_E_T2000_NC2880: step 1866 NO_CANDIDATES_GENERATED pairs=15735 evals=1960 1067s
[609726.6] PE_E_T2000_NC2880: step 1867 NO_CANDIDATES_GENERATED pairs=15735 evals=1960 1067s
[609726.6] PE_E_T2000_NC2880: step 1868 NO_CANDIDATES_GENERATED pairs=15735 evals=1960 1067s
[609726.7] PE_E_T2000_NC2880: step 1869 NO_CANDIDATES_GENERATED pairs=15735 evals=1960 1067s
[609726.8] PE_E_T2000_NC2880: step 1870 NO_CANDIDATES_GENERATED pairs=15735 evals=1960 1067s
[609726.8] PE_E_T2000_NC2880: step 1871 NO_CANDIDATES_GENERATED pairs=15735 evals=1960 1067s
[609726.9] PE_E_T2000_NC2880: step 1872 NO_CANDIDATES_GENERATED pairs=15735 evals=1960 1068s
[609726.9] PE_E_T2000_NC2880: step 1873 NO_CANDIDATES_GENERATED pairs=15735 evals=1960 1068s
[609727.0] PE_E_T2000_NC2880: step 1874 NO_CANDIDATES_GENERATED pairs=15735 evals=1960 1068s
[609727.1] PE_E_T2000_NC2880: step 1875 NO_CANDIDATES_GENERATED pairs=15735 evals=1960 1068s
[609727.1] PE_E_T2000_NC2880: step 1876 NO_CANDIDATES_GENERATED pairs=15735 evals=1960 1068s
[609727.2] PE_E_T2000_NC2880: step 1877 NO_CANDIDATES_GENERATED pairs=15735 evals=1960 1068s
[609727.2] PE_E_T2000_NC2880: step 1878 NO_CANDIDATES_GENERATED pairs=15735 evals=1960 1068s
[609727.3] PE_E_T2000_NC2880: step 1879 NO_CANDIDATES_GENERATED pairs=15735 evals=1960 1068s
[609727.4] PE_E_T2000_NC2880: step 1880 NO_CANDIDATES_GENERATED pairs=15735 evals=1960 1068s
[609727.4] PE_E_T2000_NC2880: step 1881 NO_CANDIDATES_GENERATED pairs=15735 evals=1960 1068s
[609727.5] PE_E_T2000_NC2880: step 1882 NO_CANDIDATES_GENERATED pairs=15735 evals=1960 1068s
[609727.6] PE_E_T2000_NC2880: step 1883 NO_CANDIDATES_GENERATED pairs=15735 evals=1960 1068s
[609727.7] PE_E_T2000_NC2880: step 1884 NO_CANDIDATES_GENERATED pairs=15735 evals=1960 1068s
[609727.7] PE_E_T2000_NC2880: step 1885 NO_CANDIDATES_GENERATED pairs=15735 evals=1960 1068s
[609727.8] PE_E_T2000_NC2880: step 1886 NO_CANDIDATES_GENERATED pairs=15735 evals=1960 1068s
[609727.8] PE_E_T2000_NC2880: step 1887 NO_CANDIDATES_GENERATED pairs=15735 evals=1960 1068s
[609727.9] PE_E_T2000_NC2880: step 1888 NO_CANDIDATES_GENERATED pairs=15735 evals=1960 1069s
[609728.0] PE_E_T2000_NC2880: step 1889 NO_CANDIDATES_GENERATED pairs=15735 evals=1960 1069s
[609728.0] PE_E_T2000_NC2880: step 1890 NO_CANDIDATES_GENERATED pairs=15735 evals=1960 1069s
[609728.1] PE_E_T2000_NC2880: step 1891 NO_CANDIDATES_GENERATED pairs=15735 evals=1960 1069s
[609728.2] PE_E_T2000_NC2880: step 1892 NO_CANDIDATES_GENERATED pairs=15735 evals=1960 1069s
[609728.3] PE_E_T2000_NC2880: step 1893 NO_CANDIDATES_GENERATED pairs=15735 evals=1960 1069s
[609728.3] PE_E_T2000_NC2880: step 1894 NO_CANDIDATES_GENERATED pairs=15735 evals=1960 1069s
[609728.4] PE_E_T2000_NC2880: step 1895 NO_CANDIDATES_GENERATED pairs=15735 evals=1960 1069s
[609728.4] PE_E_T2000_NC2880: step 1896 NO_CANDIDATES_GENERATED pairs=15735 evals=1960 1069s
[609728.5] PE_E_T2000_NC2880: step 1897 NO_CANDIDATES_GENERATED pairs=15735 evals=1960 1069s
[609728.6] PE_E_T2000_NC2880: step 1898 NO_CANDIDATES_GENERATED pairs=15735 evals=1960 1069s
[609728.6] PE_E_T2000_NC2880: step 1899 NO_CANDIDATES_GENERATED pairs=15735 evals=1960 1069s
[609728.7] PE_E_T2000_NC2880: step 1900 NO_CANDIDATES_GENERATED pairs=15735 evals=1960 1069s
[609728.8] PE_E_T2000_NC2880: step 1901 NO_CANDIDATES_GENERATED pairs=15735 evals=1960 1069s
[609728.8] PE_E_T2000_NC2880: step 1902 NO_CANDIDATES_GENERATED pairs=15735 evals=1960 1069s
[609728.9] PE_E_T2000_NC2880: step 1903 NO_CANDIDATES_GENERATED pairs=15735 evals=1960 1070s
[609728.9] PE_E_T2000_NC2880: step 1904 NO_CANDIDATES_GENERATED pairs=15735 evals=1960 1070s
[609729.0] PE_E_T2000_NC2880: step 1905 NO_CANDIDATES_GENERATED pairs=15735 evals=1960 1070s
[609735.3] PE_E_T2000_NC2880: step 1906 ELEVATED pairs=15678 evals=1976 1076s
[609735.3] PE_E_T2000_NC2880: step 1907 NO_CANDIDATES_GENERATED pairs=15678 evals=1976 1076s
[609735.4] PE_E_T2000_NC2880: step 1908 NO_CANDIDATES_GENERATED pairs=15678 evals=1976 1076s
[609735.5] PE_E_T2000_NC2880: step 1909 NO_CANDIDATES_GENERATED pairs=15678 evals=1976 1076s
[609735.5] PE_E_T2000_NC2880: step 1910 NO_CANDIDATES_GENERATED pairs=15678 evals=1976 1076s
[609735.6] PE_E_T2000_NC2880: step 1911 NO_CANDIDATES_GENERATED pairs=15678 evals=1976 1076s
[609735.6] PE_E_T2000_NC2880: step 1912 NO_CANDIDATES_GENERATED pairs=15678 evals=1976 1076s
[609735.7] PE_E_T2000_NC2880: step 1913 NO_CANDIDATES_GENERATED pairs=15678 evals=1976 1076s
[609735.8] PE_E_T2000_NC2880: step 1914 NO_CANDIDATES_GENERATED pairs=15678 evals=1976 1076s
[609735.8] PE_E_T2000_NC2880: step 1915 NO_CANDIDATES_GENERATED pairs=15678 evals=1976 1076s
[609735.9] PE_E_T2000_NC2880: step 1916 NO_CANDIDATES_GENERATED pairs=15678 evals=1976 1077s
[609736.0] PE_E_T2000_NC2880: step 1917 NO_CANDIDATES_GENERATED pairs=15678 evals=1976 1077s
[609736.0] PE_E_T2000_NC2880: step 1918 NO_CANDIDATES_GENERATED pairs=15678 evals=1976 1077s
[609736.1] PE_E_T2000_NC2880: step 1919 NO_CANDIDATES_GENERATED pairs=15678 evals=1976 1077s
[609736.2] PE_E_T2000_NC2880: step 1920 NO_CANDIDATES_GENERATED pairs=15678 evals=1976 1077s
[609736.2] PE_E_T2000_NC2880: step 1921 NO_CANDIDATES_GENERATED pairs=15678 evals=1976 1077s
[609736.3] PE_E_T2000_NC2880: step 1922 NO_CANDIDATES_GENERATED pairs=15678 evals=1976 1077s
[609736.4] PE_E_T2000_NC2880: step 1923 NO_CANDIDATES_GENERATED pairs=15678 evals=1976 1077s
[609736.4] PE_E_T2000_NC2880: step 1924 NO_CANDIDATES_GENERATED pairs=15678 evals=1976 1077s
[609736.5] PE_E_T2000_NC2880: step 1925 NO_CANDIDATES_GENERATED pairs=15678 evals=1976 1077s
[609736.6] PE_E_T2000_NC2880: step 1926 NO_CANDIDATES_GENERATED pairs=15678 evals=1976 1077s
[609736.6] PE_E_T2000_NC2880: step 1927 NO_CANDIDATES_GENERATED pairs=15678 evals=1976 1077s
[609736.7] PE_E_T2000_NC2880: step 1928 NO_CANDIDATES_GENERATED pairs=15678 evals=1976 1077s
[609736.8] PE_E_T2000_NC2880: step 1929 NO_CANDIDATES_GENERATED pairs=15678 evals=1976 1077s
[609736.8] PE_E_T2000_NC2880: step 1930 NO_CANDIDATES_GENERATED pairs=15678 evals=1976 1077s
[609736.9] PE_E_T2000_NC2880: step 1931 NO_CANDIDATES_GENERATED pairs=15678 evals=1976 1078s
[609737.0] PE_E_T2000_NC2880: step 1932 NO_CANDIDATES_GENERATED pairs=15678 evals=1976 1078s
[609737.0] PE_E_T2000_NC2880: step 1933 NO_CANDIDATES_GENERATED pairs=15678 evals=1976 1078s
[609737.1] PE_E_T2000_NC2880: step 1934 NO_CANDIDATES_GENERATED pairs=15678 evals=1976 1078s
[609737.1] PE_E_T2000_NC2880: step 1935 NO_CANDIDATES_GENERATED pairs=15678 evals=1976 1078s
[609737.2] PE_E_T2000_NC2880: step 1936 NO_CANDIDATES_GENERATED pairs=15678 evals=1976 1078s
[609737.3] PE_E_T2000_NC2880: step 1937 NO_CANDIDATES_GENERATED pairs=15678 evals=1976 1078s
[609737.3] PE_E_T2000_NC2880: step 1938 NO_CANDIDATES_GENERATED pairs=15678 evals=1976 1078s
[609737.4] PE_E_T2000_NC2880: step 1939 NO_CANDIDATES_GENERATED pairs=15678 evals=1976 1078s
[609737.5] PE_E_T2000_NC2880: step 1940 NO_CANDIDATES_GENERATED pairs=15678 evals=1976 1078s
[609737.5] PE_E_T2000_NC2880: step 1941 NO_CANDIDATES_GENERATED pairs=15678 evals=1976 1078s
[609737.6] PE_E_T2000_NC2880: step 1942 NO_CANDIDATES_GENERATED pairs=15678 evals=1976 1078s
[609737.6] PE_E_T2000_NC2880: step 1943 NO_CANDIDATES_GENERATED pairs=15678 evals=1976 1078s
[609737.7] PE_E_T2000_NC2880: step 1944 NO_CANDIDATES_GENERATED pairs=15678 evals=1976 1078s
[609737.8] PE_E_T2000_NC2880: step 1945 NO_CANDIDATES_GENERATED pairs=15678 evals=1976 1078s
[609737.8] PE_E_T2000_NC2880: step 1946 NO_CANDIDATES_GENERATED pairs=15678 evals=1976 1078s
[609737.9] PE_E_T2000_NC2880: step 1947 NO_CANDIDATES_GENERATED pairs=15678 evals=1976 1079s
[609738.0] PE_E_T2000_NC2880: step 1948 NO_CANDIDATES_GENERATED pairs=15678 evals=1976 1079s
[609738.0] PE_E_T2000_NC2880: step 1949 NO_CANDIDATES_GENERATED pairs=15678 evals=1976 1079s
[609738.1] PE_E_T2000_NC2880: step 1950 NO_CANDIDATES_GENERATED pairs=15678 evals=1976 1079s
[609738.2] PE_E_T2000_NC2880: step 1951 NO_CANDIDATES_GENERATED pairs=15678 evals=1976 1079s
[609742.3] PE_E_T2000_NC2880: step 1952 ELEVATED pairs=15650 evals=1992 1083s
[609742.3] PE_E_T2000_NC2880: step 1953 NO_CANDIDATES_GENERATED pairs=15650 evals=1992 1083s
[609742.4] PE_E_T2000_NC2880: step 1954 NO_CANDIDATES_GENERATED pairs=15650 evals=1992 1083s
[609742.5] PE_E_T2000_NC2880: step 1955 NO_CANDIDATES_GENERATED pairs=15650 evals=1992 1083s
[609742.5] PE_E_T2000_NC2880: step 1956 NO_CANDIDATES_GENERATED pairs=15650 evals=1992 1083s
[609742.6] PE_E_T2000_NC2880: step 1957 NO_CANDIDATES_GENERATED pairs=15650 evals=1992 1083s
[609742.7] PE_E_T2000_NC2880: step 1958 NO_CANDIDATES_GENERATED pairs=15650 evals=1992 1083s
[609742.7] PE_E_T2000_NC2880: step 1959 NO_CANDIDATES_GENERATED pairs=15650 evals=1992 1083s
[609742.8] PE_E_T2000_NC2880: step 1960 NO_CANDIDATES_GENERATED pairs=15650 evals=1992 1083s
[609742.9] PE_E_T2000_NC2880: step 1961 NO_CANDIDATES_GENERATED pairs=15650 evals=1992 1084s
[609743.0] PE_E_T2000_NC2880: step 1962 NO_CANDIDATES_GENERATED pairs=15650 evals=1992 1084s
[609743.0] PE_E_T2000_NC2880: step 1963 NO_CANDIDATES_GENERATED pairs=15650 evals=1992 1084s
[609743.1] PE_E_T2000_NC2880: step 1964 NO_CANDIDATES_GENERATED pairs=15650 evals=1992 1084s
[609743.1] PE_E_T2000_NC2880: step 1965 NO_CANDIDATES_GENERATED pairs=15650 evals=1992 1084s
[609743.2] PE_E_T2000_NC2880: step 1966 NO_CANDIDATES_GENERATED pairs=15650 evals=1992 1084s
[609743.3] PE_E_T2000_NC2880: step 1967 NO_CANDIDATES_GENERATED pairs=15650 evals=1992 1084s
[609743.4] PE_E_T2000_NC2880: step 1968 NO_CANDIDATES_GENERATED pairs=15650 evals=1992 1084s
[609743.4] PE_E_T2000_NC2880: step 1969 NO_CANDIDATES_GENERATED pairs=15650 evals=1992 1084s
[609743.5] PE_E_T2000_NC2880: step 1970 NO_CANDIDATES_GENERATED pairs=15650 evals=1992 1084s
[609743.6] PE_E_T2000_NC2880: step 1971 NO_CANDIDATES_GENERATED pairs=15650 evals=1992 1084s
[609743.6] PE_E_T2000_NC2880: step 1972 NO_CANDIDATES_GENERATED pairs=15650 evals=1992 1084s
[609743.7] PE_E_T2000_NC2880: step 1973 NO_CANDIDATES_GENERATED pairs=15650 evals=1992 1084s
[609743.8] PE_E_T2000_NC2880: step 1974 NO_CANDIDATES_GENERATED pairs=15650 evals=1992 1084s
[609743.8] PE_E_T2000_NC2880: step 1975 NO_CANDIDATES_GENERATED pairs=15650 evals=1992 1084s
[609743.9] PE_E_T2000_NC2880: step 1976 NO_CANDIDATES_GENERATED pairs=15650 evals=1992 1085s
[609744.0] PE_E_T2000_NC2880: step 1977 NO_CANDIDATES_GENERATED pairs=15650 evals=1992 1085s
[609744.0] PE_E_T2000_NC2880: step 1978 NO_CANDIDATES_GENERATED pairs=15650 evals=1992 1085s
[609744.1] PE_E_T2000_NC2880: step 1979 NO_CANDIDATES_GENERATED pairs=15650 evals=1992 1085s
[609744.2] PE_E_T2000_NC2880: step 1980 NO_CANDIDATES_GENERATED pairs=15650 evals=1992 1085s
[609744.2] PE_E_T2000_NC2880: step 1981 NO_CANDIDATES_GENERATED pairs=15650 evals=1992 1085s
[609744.3] PE_E_T2000_NC2880: step 1982 NO_CANDIDATES_GENERATED pairs=15650 evals=1992 1085s
[609744.4] PE_E_T2000_NC2880: step 1983 NO_CANDIDATES_GENERATED pairs=15650 evals=1992 1085s
[609744.4] PE_E_T2000_NC2880: step 1984 NO_CANDIDATES_GENERATED pairs=15650 evals=1992 1085s
[609744.5] PE_E_T2000_NC2880: step 1985 NO_CANDIDATES_GENERATED pairs=15650 evals=1992 1085s
[609744.6] PE_E_T2000_NC2880: step 1986 NO_CANDIDATES_GENERATED pairs=15650 evals=1992 1085s
[609744.6] PE_E_T2000_NC2880: step 1987 NO_CANDIDATES_GENERATED pairs=15650 evals=1992 1085s
[609744.7] PE_E_T2000_NC2880: step 1988 NO_CANDIDATES_GENERATED pairs=15650 evals=1992 1085s
[609744.8] PE_E_T2000_NC2880: step 1989 NO_CANDIDATES_GENERATED pairs=15650 evals=1992 1085s
[609744.8] PE_E_T2000_NC2880: step 1990 NO_CANDIDATES_GENERATED pairs=15650 evals=1992 1085s
[609744.9] PE_E_T2000_NC2880: step 1991 NO_CANDIDATES_GENERATED pairs=15650 evals=1992 1086s
[609745.0] PE_E_T2000_NC2880: step 1992 NO_CANDIDATES_GENERATED pairs=15650 evals=1992 1086s
[609745.0] PE_E_T2000_NC2880: step 1993 NO_CANDIDATES_GENERATED pairs=15650 evals=1992 1086s
[609745.1] PE_E_T2000_NC2880: step 1994 NO_CANDIDATES_GENERATED pairs=15650 evals=1992 1086s
[609745.2] PE_E_T2000_NC2880: step 1995 NO_CANDIDATES_GENERATED pairs=15650 evals=1992 1086s
[609745.2] PE_E_T2000_NC2880: step 1996 NO_CANDIDATES_GENERATED pairs=15650 evals=1992 1086s
[609745.3] PE_E_T2000_NC2880: step 1997 NO_CANDIDATES_GENERATED pairs=15650 evals=1992 1086s
[609749.8] PE_E_T2000_NC2880: step 1998 ELEVATED pairs=15622 evals=2008 1090s
[609749.9] PE_E_T2000_NC2880: step 1999 NO_CANDIDATES_GENERATED pairs=15622 evals=2008 1091s
[609750.0] PE_E_T2000_NC2880: step 2000 NO_CANDIDATES_GENERATED pairs=15622 evals=2008 1091s
[609750.3] PE_E_T2000_NC2880: done final=15622 moves=129 first=129 reloc=0 ret=0 evals=2008 stop=TARGET_LIMIT
[609801.1] PE_E_T2000_NC2880: recheck PASS checks=130816
