[517921.8] start size=1024 strategies=['A', 'B', 'C'] out=C:\Users\lihao\Desktop\Graduation Project\OpticalWaveguideRouter3D\outputs\3d_strategy_v2\1024_three_layer_abc
[517922.5] strategy A: start
[517981.2]   A INITIAL_DONE collisions=204291 uncertain=4
[517985.5]   A step 1 ELEVATED collisions=204077 evaluations=36 60s
[517989.2]   A step 2 ELEVATED collisions=203881 evaluations=72 64s
[517993.5]   A step 3 ELEVATED collisions=203676 evaluations=108 68s
[518003.1]   A step 4 ELEVATED collisions=203489 evaluations=180 77s
[518012.5]   A step 5 ELEVATED collisions=203310 evaluations=252 87s
[518015.1]   A step 6 ELEVATED collisions=203109 evaluations=279 89s
[518015.2]   A step 7 BOTH_ALREADY_ELEVATED collisions=203109 evaluations=279 90s
[518018.7]   A step 8 ELEVATED collisions=202944 evaluations=315 93s
[518021.4]   A step 9 ELEVATED collisions=202796 evaluations=342 96s
[518021.5]   A step 10 BOTH_ALREADY_ELEVATED collisions=202796 evaluations=342 96s
[518021.6]   A step 11 BOTH_ALREADY_ELEVATED collisions=202796 evaluations=342 96s
[518024.8]   A step 12 ELEVATED collisions=202675 evaluations=369 99s
[518024.8]   A step 13 BOTH_ALREADY_ELEVATED collisions=202675 evaluations=369 99s
[518027.0]   A step 14 ELEVATED collisions=202550 evaluations=387 101s
[518027.1]   A step 15 BOTH_ALREADY_ELEVATED collisions=202550 evaluations=387 101s
[518027.1]   A step 16 BOTH_ALREADY_ELEVATED collisions=202550 evaluations=387 101s
[518031.6]   A step 17 ELEVATED collisions=202412 evaluations=423 106s
[518031.7]   A step 18 BOTH_ALREADY_ELEVATED collisions=202412 evaluations=423 106s
[518031.7]   A step 19 BOTH_ALREADY_ELEVATED collisions=202412 evaluations=423 106s
[518033.7]   A step 20 ELEVATED collisions=202333 evaluations=441 108s
[518033.8]   A step 21 BOTH_ALREADY_ELEVATED collisions=202333 evaluations=441 108s
[518033.8]   A step 22 BOTH_ALREADY_ELEVATED collisions=202333 evaluations=441 108s
[518035.9]   A step 23 ELEVATED collisions=202264 evaluations=459 110s
[518036.0]   A step 24 BOTH_ALREADY_ELEVATED collisions=202264 evaluations=459 110s
[518036.1]   A step 25 BOTH_ALREADY_ELEVATED collisions=202264 evaluations=459 110s
[518039.7]   A step 26 ELEVATED collisions=202100 evaluations=495 114s
[518039.8]   A step 27 BOTH_ALREADY_ELEVATED collisions=202100 evaluations=495 114s
[518039.9]   A step 28 BOTH_ALREADY_ELEVATED collisions=202100 evaluations=495 114s
[518039.9]   A step 29 BOTH_ALREADY_ELEVATED collisions=202100 evaluations=495 114s
[518040.0]   A step 30 BOTH_ALREADY_ELEVATED collisions=202100 evaluations=495 114s
[518042.6]   A step 31 ELEVATED collisions=201521 evaluations=513 117s
[518042.7]   A step 32 BOTH_ALREADY_ELEVATED collisions=201521 evaluations=513 117s
[518045.5]   A step 33 ELEVATED collisions=200937 evaluations=531 120s
[518048.7]   A step 34 ELEVATED collisions=200359 evaluations=549 123s
[518048.8]   A step 35 BOTH_ALREADY_ELEVATED collisions=200359 evaluations=549 123s
[518051.6]   A step 36 ELEVATED collisions=199776 evaluations=567 126s
[518051.7]   A step 37 BOTH_ALREADY_ELEVATED collisions=199776 evaluations=567 126s
[518051.7]   A step 38 BOTH_ALREADY_ELEVATED collisions=199776 evaluations=567 126s
[518054.2]   A step 39 ELEVATED collisions=199203 evaluations=585 129s
[518054.2]   A step 40 BOTH_ALREADY_ELEVATED collisions=199203 evaluations=585 129s
[518054.3]   A step 41 BOTH_ALREADY_ELEVATED collisions=199203 evaluations=585 129s
[518054.4]   A step 42 BOTH_ALREADY_ELEVATED collisions=199203 evaluations=585 129s
[518057.3]   A step 43 ELEVATED collisions=198625 evaluations=603 132s
[518057.4]   A step 44 BOTH_ALREADY_ELEVATED collisions=198625 evaluations=603 132s
[518057.5]   A step 45 BOTH_ALREADY_ELEVATED collisions=198625 evaluations=603 132s
[518060.7]   A step 46 ELEVATED collisions=198053 evaluations=621 135s
[518060.8]   A step 47 BOTH_ALREADY_ELEVATED collisions=198053 evaluations=621 135s
[518060.8]   A step 48 BOTH_ALREADY_ELEVATED collisions=198053 evaluations=621 135s
[518060.9]   A step 49 BOTH_ALREADY_ELEVATED collisions=198053 evaluations=621 135s
[518063.6]   A step 50 ELEVATED collisions=197476 evaluations=639 138s
[518063.7]   A step 51 BOTH_ALREADY_ELEVATED collisions=197476 evaluations=639 138s
[518063.7]   A step 52 BOTH_ALREADY_ELEVATED collisions=197476 evaluations=639 138s
[518063.8]   A step 53 BOTH_ALREADY_ELEVATED collisions=197476 evaluations=639 138s
[518063.9]   A step 54 BOTH_ALREADY_ELEVATED collisions=197476 evaluations=639 138s
[518066.3]   A step 55 ELEVATED collisions=196909 evaluations=657 141s
[518066.4]   A step 56 BOTH_ALREADY_ELEVATED collisions=196909 evaluations=657 141s
[518066.4]   A step 57 BOTH_ALREADY_ELEVATED collisions=196909 evaluations=657 141s
[518066.5]   A step 58 BOTH_ALREADY_ELEVATED collisions=196909 evaluations=657 141s
[518066.6]   A step 59 BOTH_ALREADY_ELEVATED collisions=196909 evaluations=657 141s
[518066.6]   A step 60 BOTH_ALREADY_ELEVATED collisions=196909 evaluations=657 141s
[518071.1]   A step 61 ELEVATED collisions=196336 evaluations=684 145s
[518071.1]   A step 62 BOTH_ALREADY_ELEVATED collisions=196336 evaluations=684 146s
[518071.2]   A step 63 BOTH_ALREADY_ELEVATED collisions=196336 evaluations=684 146s
[518071.3]   A step 64 BOTH_ALREADY_ELEVATED collisions=196336 evaluations=684 146s
[518071.4]   A step 65 BOTH_ALREADY_ELEVATED collisions=196336 evaluations=684 146s
[518071.4]   A step 66 BOTH_ALREADY_ELEVATED collisions=196336 evaluations=684 146s
[518071.6]   A step 67 NO_IMPROVING_SINGLE_ELEVATION collisions=196336 evaluations=684 146s
[518071.7]   A step 68 NO_IMPROVING_SINGLE_ELEVATION collisions=196336 evaluations=684 146s
[518081.6]   A step 69 ELEVATED collisions=195835 evaluations=738 156s
[518081.6]   A step 70 BOTH_ALREADY_ELEVATED collisions=195835 evaluations=738 156s
[518081.7]   A step 71 BOTH_ALREADY_ELEVATED collisions=195835 evaluations=738 156s
[518081.8]   A step 72 NO_IMPROVING_SINGLE_ELEVATION collisions=195835 evaluations=738 156s
[518089.0]   A step 73 ELEVATED collisions=195331 evaluations=783 163s
[518089.1]   A step 74 BOTH_ALREADY_ELEVATED collisions=195331 evaluations=783 163s
[518089.2]   A step 75 BOTH_ALREADY_ELEVATED collisions=195331 evaluations=783 164s
[518089.3]   A step 76 NO_IMPROVING_SINGLE_ELEVATION collisions=195331 evaluations=783 164s
[518099.2]   A step 77 ELEVATED collisions=194834 evaluations=837 174s
[518099.3]   A step 78 BOTH_ALREADY_ELEVATED collisions=194834 evaluations=837 174s
[518099.3]   A step 79 BOTH_ALREADY_ELEVATED collisions=194834 evaluations=837 174s
[518104.9]   A step 80 ELEVATED collisions=194404 evaluations=873 179s
[518105.0]   A step 81 BOTH_ALREADY_ELEVATED collisions=194404 evaluations=873 179s
[518105.1]   A step 82 BOTH_ALREADY_ELEVATED collisions=194404 evaluations=873 179s
[518105.2]   A step 83 BOTH_ALREADY_ELEVATED collisions=194404 evaluations=873 180s
[518105.2]   A step 84 BOTH_ALREADY_ELEVATED collisions=194404 evaluations=873 180s
[518109.8]   A step 85 ELEVATED collisions=193985 evaluations=909 184s
[518109.8]   A step 86 BOTH_ALREADY_ELEVATED collisions=193985 evaluations=909 184s
[518109.9]   A step 87 BOTH_ALREADY_ELEVATED collisions=193985 evaluations=909 184s
[518110.0]   A step 88 BOTH_ALREADY_ELEVATED collisions=193985 evaluations=909 184s
[518110.0]   A step 89 BOTH_ALREADY_ELEVATED collisions=193985 evaluations=909 184s
[518115.0]   A step 90 ELEVATED collisions=193559 evaluations=945 189s
[518115.0]   A step 91 BOTH_ALREADY_ELEVATED collisions=193559 evaluations=945 189s
[518115.1]   A step 92 BOTH_ALREADY_ELEVATED collisions=193559 evaluations=945 189s
[518115.2]   A step 93 BOTH_ALREADY_ELEVATED collisions=193559 evaluations=945 190s
[518115.2]   A step 94 BOTH_ALREADY_ELEVATED collisions=193559 evaluations=945 190s
[518120.5]   A step 95 ELEVATED collisions=193143 evaluations=981 195s
[518120.6]   A step 96 BOTH_ALREADY_ELEVATED collisions=193143 evaluations=981 195s
[518120.7]   A step 97 BOTH_ALREADY_ELEVATED collisions=193143 evaluations=981 195s
[518120.7]   A step 98 BOTH_ALREADY_ELEVATED collisions=193143 evaluations=981 195s
[518120.8]   A step 99 BOTH_ALREADY_ELEVATED collisions=193143 evaluations=981 195s
[518126.5]   A step 100 ELEVATED collisions=192717 evaluations=1017 201s
[518126.6]   A step 101 BOTH_ALREADY_ELEVATED collisions=192717 evaluations=1017 201s
[518126.6]   A step 102 BOTH_ALREADY_ELEVATED collisions=192717 evaluations=1017 201s
[518126.7]   A step 103 BOTH_ALREADY_ELEVATED collisions=192717 evaluations=1017 201s
[518126.8]   A step 104 BOTH_ALREADY_ELEVATED collisions=192717 evaluations=1017 201s
[518131.4]   A step 105 ELEVATED collisions=192304 evaluations=1053 206s
[518131.5]   A step 106 BOTH_ALREADY_ELEVATED collisions=192304 evaluations=1053 206s
[518131.5]   A step 107 BOTH_ALREADY_ELEVATED collisions=192304 evaluations=1053 206s
[518131.6]   A step 108 BOTH_ALREADY_ELEVATED collisions=192304 evaluations=1053 206s
[518131.7]   A step 109 BOTH_ALREADY_ELEVATED collisions=192304 evaluations=1053 206s
[518136.7]   A step 110 ELEVATED collisions=191880 evaluations=1089 211s
[518136.8]   A step 111 BOTH_ALREADY_ELEVATED collisions=191880 evaluations=1089 211s
[518136.9]   A step 112 BOTH_ALREADY_ELEVATED collisions=191880 evaluations=1089 211s
[518137.0]   A step 113 BOTH_ALREADY_ELEVATED collisions=191880 evaluations=1089 211s
[518137.0]   A step 114 BOTH_ALREADY_ELEVATED collisions=191880 evaluations=1089 211s
[518142.5]   A step 115 ELEVATED collisions=191466 evaluations=1125 217s
[518142.6]   A step 116 BOTH_ALREADY_ELEVATED collisions=191466 evaluations=1125 217s
[518142.6]   A step 117 BOTH_ALREADY_ELEVATED collisions=191466 evaluations=1125 217s
[518142.7]   A step 118 BOTH_ALREADY_ELEVATED collisions=191466 evaluations=1125 217s
[518142.8]   A step 119 BOTH_ALREADY_ELEVATED collisions=191466 evaluations=1125 217s
[518152.3]   A step 120 ELEVATED collisions=190982 evaluations=1179 227s
[518152.4]   A step 121 BOTH_ALREADY_ELEVATED collisions=190982 evaluations=1179 227s
[518152.5]   A step 122 BOTH_ALREADY_ELEVATED collisions=190982 evaluations=1179 227s
[518152.5]   A step 123 BOTH_ALREADY_ELEVATED collisions=190982 evaluations=1179 227s
[518152.6]   A step 124 BOTH_ALREADY_ELEVATED collisions=190982 evaluations=1179 227s
[518166.9]   A step 125 ELEVATED collisions=190509 evaluations=1233 241s
[518167.0]   A step 126 BOTH_ALREADY_ELEVATED collisions=190509 evaluations=1233 241s
[518167.0]   A step 127 BOTH_ALREADY_ELEVATED collisions=190509 evaluations=1233 241s
[518167.1]   A step 128 BOTH_ALREADY_ELEVATED collisions=190509 evaluations=1233 241s
[518167.2]   A step 129 BOTH_ALREADY_ELEVATED collisions=190509 evaluations=1233 242s
[518167.2]   A step 130 BOTH_ALREADY_ELEVATED collisions=190509 evaluations=1233 242s
[518167.3]   A step 131 BOTH_ALREADY_ELEVATED collisions=190509 evaluations=1233 242s
[518181.5]   A step 132 ELEVATED collisions=190036 evaluations=1287 256s
[518181.6]   A step 133 BOTH_ALREADY_ELEVATED collisions=190036 evaluations=1287 256s
[518181.7]   A step 134 BOTH_ALREADY_ELEVATED collisions=190036 evaluations=1287 256s
[518181.7]   A step 135 BOTH_ALREADY_ELEVATED collisions=190036 evaluations=1287 256s
[518181.8]   A step 136 BOTH_ALREADY_ELEVATED collisions=190036 evaluations=1287 256s
[518191.1]   A step 137 ELEVATED collisions=189560 evaluations=1341 266s
[518191.2]   A step 138 BOTH_ALREADY_ELEVATED collisions=189560 evaluations=1341 266s
[518191.3]   A step 139 BOTH_ALREADY_ELEVATED collisions=189560 evaluations=1341 266s
[518191.3]   A step 140 BOTH_ALREADY_ELEVATED collisions=189560 evaluations=1341 266s
[518191.4]   A step 141 BOTH_ALREADY_ELEVATED collisions=189560 evaluations=1341 266s
[518191.5]   A step 142 BOTH_ALREADY_ELEVATED collisions=189560 evaluations=1341 266s
[518191.5]   A step 143 BOTH_ALREADY_ELEVATED collisions=189560 evaluations=1341 266s
[518201.0]   A step 144 ELEVATED collisions=189078 evaluations=1395 275s
[518201.1]   A step 145 BOTH_ALREADY_ELEVATED collisions=189078 evaluations=1395 275s
[518201.2]   A step 146 BOTH_ALREADY_ELEVATED collisions=189078 evaluations=1395 276s
[518201.2]   A step 147 BOTH_ALREADY_ELEVATED collisions=189078 evaluations=1395 276s
[518201.3]   A step 148 BOTH_ALREADY_ELEVATED collisions=189078 evaluations=1395 276s
[518215.6]   A step 149 ELEVATED collisions=188608 evaluations=1449 290s
[518215.6]   A step 150 BOTH_ALREADY_ELEVATED collisions=188608 evaluations=1449 290s
[518215.7]   A step 151 BOTH_ALREADY_ELEVATED collisions=188608 evaluations=1449 290s
[518215.8]   A step 152 BOTH_ALREADY_ELEVATED collisions=188608 evaluations=1449 290s
[518215.8]   A step 153 BOTH_ALREADY_ELEVATED collisions=188608 evaluations=1449 290s
[518215.9]   A step 154 BOTH_ALREADY_ELEVATED collisions=188608 evaluations=1449 290s
[518216.0]   A step 155 BOTH_ALREADY_ELEVATED collisions=188608 evaluations=1449 290s
[518223.5]   A step 156 ELEVATED collisions=188330 evaluations=1503 298s
[518223.6]   A step 157 BOTH_ALREADY_ELEVATED collisions=188330 evaluations=1503 298s
[518223.7]   A step 158 BOTH_ALREADY_ELEVATED collisions=188330 evaluations=1503 298s
[518223.7]   A step 159 BOTH_ALREADY_ELEVATED collisions=188330 evaluations=1503 298s
[518223.8]   A step 160 BOTH_ALREADY_ELEVATED collisions=188330 evaluations=1503 298s
[518223.9]   A step 161 BOTH_ALREADY_ELEVATED collisions=188330 evaluations=1503 298s
[518223.9]   A step 162 BOTH_ALREADY_ELEVATED collisions=188330 evaluations=1503 298s
[518224.0]   A step 163 BOTH_ALREADY_ELEVATED collisions=188330 evaluations=1503 298s
[518232.1]   A step 164 ELEVATED collisions=188057 evaluations=1557 306s
[518232.2]   A step 165 BOTH_ALREADY_ELEVATED collisions=188057 evaluations=1557 307s
[518232.3]   A step 166 BOTH_ALREADY_ELEVATED collisions=188057 evaluations=1557 307s
[518232.4]   A step 167 BOTH_ALREADY_ELEVATED collisions=188057 evaluations=1557 307s
[518232.4]   A step 168 BOTH_ALREADY_ELEVATED collisions=188057 evaluations=1557 307s
[518232.5]   A step 169 BOTH_ALREADY_ELEVATED collisions=188057 evaluations=1557 307s
[518232.6]   A step 170 BOTH_ALREADY_ELEVATED collisions=188057 evaluations=1557 307s
[518232.6]   A step 171 BOTH_ALREADY_ELEVATED collisions=188057 evaluations=1557 307s
[518241.0]   A step 172 ELEVATED collisions=187788 evaluations=1611 315s
[518241.1]   A step 173 BOTH_ALREADY_ELEVATED collisions=187788 evaluations=1611 315s
[518241.2]   A step 174 BOTH_ALREADY_ELEVATED collisions=187788 evaluations=1611 316s
[518241.2]   A step 175 BOTH_ALREADY_ELEVATED collisions=187788 evaluations=1611 316s
[518241.3]   A step 176 BOTH_ALREADY_ELEVATED collisions=187788 evaluations=1611 316s
[518241.4]   A step 177 BOTH_ALREADY_ELEVATED collisions=187788 evaluations=1611 316s
[518241.4]   A step 178 BOTH_ALREADY_ELEVATED collisions=187788 evaluations=1611 316s
[518241.5]   A step 179 BOTH_ALREADY_ELEVATED collisions=187788 evaluations=1611 316s
[518250.1]   A step 180 ELEVATED collisions=187512 evaluations=1665 324s
[518250.2]   A step 181 BOTH_ALREADY_ELEVATED collisions=187512 evaluations=1665 325s
[518250.3]   A step 182 BOTH_ALREADY_ELEVATED collisions=187512 evaluations=1665 325s
[518250.3]   A step 183 BOTH_ALREADY_ELEVATED collisions=187512 evaluations=1665 325s
[518250.4]   A step 184 BOTH_ALREADY_ELEVATED collisions=187512 evaluations=1665 325s
[518250.5]   A step 185 BOTH_ALREADY_ELEVATED collisions=187512 evaluations=1665 325s
[518250.5]   A step 186 BOTH_ALREADY_ELEVATED collisions=187512 evaluations=1665 325s
[518250.6]   A step 187 BOTH_ALREADY_ELEVATED collisions=187512 evaluations=1665 325s
[518250.7]   A step 188 BOTH_ALREADY_ELEVATED collisions=187512 evaluations=1665 325s
[518250.8]   A step 189 BOTH_ALREADY_ELEVATED collisions=187512 evaluations=1665 325s
[518250.8]   A step 190 BOTH_ALREADY_ELEVATED collisions=187512 evaluations=1665 325s
[518250.9]   A step 191 BOTH_ALREADY_ELEVATED collisions=187512 evaluations=1665 325s
[518258.7]   A step 192 ELEVATED collisions=187241 evaluations=1719 333s
[518258.7]   A step 193 BOTH_ALREADY_ELEVATED collisions=187241 evaluations=1719 333s
[518258.8]   A step 194 BOTH_ALREADY_ELEVATED collisions=187241 evaluations=1719 333s
[518258.9]   A step 195 BOTH_ALREADY_ELEVATED collisions=187241 evaluations=1719 333s
[518258.9]   A step 196 BOTH_ALREADY_ELEVATED collisions=187241 evaluations=1719 333s
[518259.0]   A step 197 BOTH_ALREADY_ELEVATED collisions=187241 evaluations=1719 333s
[518259.1]   A step 198 BOTH_ALREADY_ELEVATED collisions=187241 evaluations=1719 333s
[518259.1]   A step 199 BOTH_ALREADY_ELEVATED collisions=187241 evaluations=1719 333s
[518267.5]   A step 200 ELEVATED collisions=186975 evaluations=1773 342s
[518267.6]   A step 201 BOTH_ALREADY_ELEVATED collisions=186975 evaluations=1773 342s
[518267.6]   A step 202 BOTH_ALREADY_ELEVATED collisions=186975 evaluations=1773 342s
[518267.7]   A step 203 BOTH_ALREADY_ELEVATED collisions=186975 evaluations=1773 342s
[518267.8]   A step 204 BOTH_ALREADY_ELEVATED collisions=186975 evaluations=1773 342s
[518267.8]   A step 205 BOTH_ALREADY_ELEVATED collisions=186975 evaluations=1773 342s
[518267.9]   A step 206 BOTH_ALREADY_ELEVATED collisions=186975 evaluations=1773 342s
[518268.0]   A step 207 BOTH_ALREADY_ELEVATED collisions=186975 evaluations=1773 342s
[518277.1]   A step 208 ELEVATED collisions=186664 evaluations=1827 351s
[518277.2]   A step 209 BOTH_ALREADY_ELEVATED collisions=186664 evaluations=1827 352s
[518277.2]   A step 210 BOTH_ALREADY_ELEVATED collisions=186664 evaluations=1827 352s
[518277.3]   A step 211 BOTH_ALREADY_ELEVATED collisions=186664 evaluations=1827 352s
[518277.4]   A step 212 BOTH_ALREADY_ELEVATED collisions=186664 evaluations=1827 352s
[518277.4]   A step 213 BOTH_ALREADY_ELEVATED collisions=186664 evaluations=1827 352s
[518277.5]   A step 214 BOTH_ALREADY_ELEVATED collisions=186664 evaluations=1827 352s
[518277.6]   A step 215 BOTH_ALREADY_ELEVATED collisions=186664 evaluations=1827 352s
[518277.6]   A step 216 BOTH_ALREADY_ELEVATED collisions=186664 evaluations=1827 352s
[518277.7]   A step 217 BOTH_ALREADY_ELEVATED collisions=186664 evaluations=1827 352s
[518277.8]   A step 218 BOTH_ALREADY_ELEVATED collisions=186664 evaluations=1827 352s
[518277.9]   A step 219 BOTH_ALREADY_ELEVATED collisions=186664 evaluations=1827 352s
[518285.7]   A step 220 ELEVATED collisions=186361 evaluations=1881 360s
[518285.8]   A step 221 BOTH_ALREADY_ELEVATED collisions=186361 evaluations=1881 360s
[518285.8]   A step 222 BOTH_ALREADY_ELEVATED collisions=186361 evaluations=1881 360s
[518285.9]   A step 223 BOTH_ALREADY_ELEVATED collisions=186361 evaluations=1881 360s
[518286.0]   A step 224 BOTH_ALREADY_ELEVATED collisions=186361 evaluations=1881 360s
[518286.1]   A step 225 BOTH_ALREADY_ELEVATED collisions=186361 evaluations=1881 360s
[518286.1]   A step 226 BOTH_ALREADY_ELEVATED collisions=186361 evaluations=1881 360s
[518286.2]   A step 227 BOTH_ALREADY_ELEVATED collisions=186361 evaluations=1881 361s
[518286.3]   A step 228 BOTH_ALREADY_ELEVATED collisions=186361 evaluations=1881 361s
[518286.3]   A step 229 BOTH_ALREADY_ELEVATED collisions=186361 evaluations=1881 361s
[518286.4]   A step 230 BOTH_ALREADY_ELEVATED collisions=186361 evaluations=1881 361s
[518286.5]   A step 231 BOTH_ALREADY_ELEVATED collisions=186361 evaluations=1881 361s
[518294.9]   A step 232 ELEVATED collisions=186020 evaluations=1935 369s
[518294.9]   A step 233 BOTH_ALREADY_ELEVATED collisions=186020 evaluations=1935 369s
[518295.0]   A step 234 BOTH_ALREADY_ELEVATED collisions=186020 evaluations=1935 369s
[518295.1]   A step 235 BOTH_ALREADY_ELEVATED collisions=186020 evaluations=1935 369s
[518295.2]   A step 236 BOTH_ALREADY_ELEVATED collisions=186020 evaluations=1935 370s
[518295.2]   A step 237 BOTH_ALREADY_ELEVATED collisions=186020 evaluations=1935 370s
[518295.3]   A step 238 BOTH_ALREADY_ELEVATED collisions=186020 evaluations=1935 370s
[518295.4]   A step 239 BOTH_ALREADY_ELEVATED collisions=186020 evaluations=1935 370s
[518295.5]   A step 240 BOTH_ALREADY_ELEVATED collisions=186020 evaluations=1935 370s
[518295.5]   A step 241 BOTH_ALREADY_ELEVATED collisions=186020 evaluations=1935 370s
[518295.6]   A step 242 BOTH_ALREADY_ELEVATED collisions=186020 evaluations=1935 370s
[518295.7]   A step 243 BOTH_ALREADY_ELEVATED collisions=186020 evaluations=1935 370s
[518304.6]   A step 244 ELEVATED collisions=185663 evaluations=1989 379s
[518304.6]   A step 245 BOTH_ALREADY_ELEVATED collisions=185663 evaluations=1989 379s
[518304.7]   A step 246 BOTH_ALREADY_ELEVATED collisions=185663 evaluations=1989 379s
[518304.8]   A step 247 BOTH_ALREADY_ELEVATED collisions=185663 evaluations=1989 379s
[518304.8]   A step 248 BOTH_ALREADY_ELEVATED collisions=185663 evaluations=1989 379s
[518304.9]   A step 249 BOTH_ALREADY_ELEVATED collisions=185663 evaluations=1989 379s
[518305.0]   A step 250 BOTH_ALREADY_ELEVATED collisions=185663 evaluations=1989 379s
[518305.0]   A step 251 BOTH_ALREADY_ELEVATED collisions=185663 evaluations=1989 379s
[518305.1]   A step 252 BOTH_ALREADY_ELEVATED collisions=185663 evaluations=1989 379s
[518305.2]   A step 253 BOTH_ALREADY_ELEVATED collisions=185663 evaluations=1989 380s
[518305.2]   A step 254 BOTH_ALREADY_ELEVATED collisions=185663 evaluations=1989 380s
[518305.3]   A step 255 BOTH_ALREADY_ELEVATED collisions=185663 evaluations=1989 380s
[518311.3]   A step 256 ELEVATED collisions=185052 evaluations=2007 386s
[518317.8]   A step 257 ELEVATED collisions=184445 evaluations=2025 392s
[518328.4]   A step 258 ELEVATED collisions=183926 evaluations=2079 403s
[518328.4]   A step 259 BOTH_ALREADY_ELEVATED collisions=183926 evaluations=2079 403s
[518328.5]   A step 260 BOTH_ALREADY_ELEVATED collisions=183926 evaluations=2079 403s
[518328.6]   A step 261 BOTH_ALREADY_ELEVATED collisions=183926 evaluations=2079 403s
[518328.6]   A step 262 BOTH_ALREADY_ELEVATED collisions=183926 evaluations=2079 403s
[518328.7]   A step 263 BOTH_ALREADY_ELEVATED collisions=183926 evaluations=2079 403s
[518328.8]   A step 264 BOTH_ALREADY_ELEVATED collisions=183926 evaluations=2079 403s
[518328.8]   A step 265 BOTH_ALREADY_ELEVATED collisions=183926 evaluations=2079 403s
[518328.9]   A step 266 BOTH_ALREADY_ELEVATED collisions=183926 evaluations=2079 403s
[518329.0]   A step 267 BOTH_ALREADY_ELEVATED collisions=183926 evaluations=2079 403s
[518329.0]   A step 268 BOTH_ALREADY_ELEVATED collisions=183926 evaluations=2079 403s
[518329.1]   A step 269 BOTH_ALREADY_ELEVATED collisions=183926 evaluations=2079 403s
[518336.6]   A step 270 ELEVATED collisions=183401 evaluations=2124 411s
[518336.6]   A step 271 BOTH_ALREADY_ELEVATED collisions=183401 evaluations=2124 411s
[518336.7]   A step 272 BOTH_ALREADY_ELEVATED collisions=183401 evaluations=2124 411s
[518336.8]   A step 273 BOTH_ALREADY_ELEVATED collisions=183401 evaluations=2124 411s
[518336.8]   A step 274 BOTH_ALREADY_ELEVATED collisions=183401 evaluations=2124 411s
[518336.9]   A step 275 BOTH_ALREADY_ELEVATED collisions=183401 evaluations=2124 411s
[518337.0]   A step 276 BOTH_ALREADY_ELEVATED collisions=183401 evaluations=2124 411s
[518337.0]   A step 277 BOTH_ALREADY_ELEVATED collisions=183401 evaluations=2124 411s
[518337.1]   A step 278 BOTH_ALREADY_ELEVATED collisions=183401 evaluations=2124 411s
[518337.2]   A step 279 BOTH_ALREADY_ELEVATED collisions=183401 evaluations=2124 412s
[518337.2]   A step 280 BOTH_ALREADY_ELEVATED collisions=183401 evaluations=2124 412s
[518337.3]   A step 281 BOTH_ALREADY_ELEVATED collisions=183401 evaluations=2124 412s
[518346.2]   A step 282 ELEVATED collisions=182923 evaluations=2178 421s
[518346.3]   A step 283 BOTH_ALREADY_ELEVATED collisions=182923 evaluations=2178 421s
[518346.4]   A step 284 BOTH_ALREADY_ELEVATED collisions=182923 evaluations=2178 421s
[518346.4]   A step 285 BOTH_ALREADY_ELEVATED collisions=182923 evaluations=2178 421s
[518346.5]   A step 286 BOTH_ALREADY_ELEVATED collisions=182923 evaluations=2178 421s
[518346.6]   A step 287 BOTH_ALREADY_ELEVATED collisions=182923 evaluations=2178 421s
[518346.6]   A step 288 BOTH_ALREADY_ELEVATED collisions=182923 evaluations=2178 421s
[518358.3]   A step 289 ELEVATED collisions=182451 evaluations=2232 433s
[518358.4]   A step 290 BOTH_ALREADY_ELEVATED collisions=182451 evaluations=2232 433s
[518358.4]   A step 291 BOTH_ALREADY_ELEVATED collisions=182451 evaluations=2232 433s
[518358.5]   A step 292 BOTH_ALREADY_ELEVATED collisions=182451 evaluations=2232 433s
[518358.6]   A step 293 BOTH_ALREADY_ELEVATED collisions=182451 evaluations=2232 433s
[518358.6]   A step 294 BOTH_ALREADY_ELEVATED collisions=182451 evaluations=2232 433s
[518358.7]   A step 295 BOTH_ALREADY_ELEVATED collisions=182451 evaluations=2232 433s
[518358.8]   A step 296 BOTH_ALREADY_ELEVATED collisions=182451 evaluations=2232 433s
[518358.8]   A step 297 BOTH_ALREADY_ELEVATED collisions=182451 evaluations=2232 433s
[518370.5]   A step 298 ELEVATED collisions=181969 evaluations=2286 445s
[518370.6]   A step 299 BOTH_ALREADY_ELEVATED collisions=181969 evaluations=2286 445s
[518370.6]   A step 300 BOTH_ALREADY_ELEVATED collisions=181969 evaluations=2286 445s
[518370.7]   A step 301 BOTH_ALREADY_ELEVATED collisions=181969 evaluations=2286 445s
[518370.8]   A step 302 BOTH_ALREADY_ELEVATED collisions=181969 evaluations=2286 445s
[518370.9]   A step 303 BOTH_ALREADY_ELEVATED collisions=181969 evaluations=2286 445s
[518370.9]   A step 304 BOTH_ALREADY_ELEVATED collisions=181969 evaluations=2286 445s
[518379.6]   A step 305 ELEVATED collisions=181505 evaluations=2340 454s
[518379.7]   A step 306 BOTH_ALREADY_ELEVATED collisions=181505 evaluations=2340 454s
[518379.8]   A step 307 BOTH_ALREADY_ELEVATED collisions=181505 evaluations=2340 454s
[518379.8]   A step 308 BOTH_ALREADY_ELEVATED collisions=181505 evaluations=2340 454s
[518379.9]   A step 309 BOTH_ALREADY_ELEVATED collisions=181505 evaluations=2340 454s
[518380.0]   A step 310 BOTH_ALREADY_ELEVATED collisions=181505 evaluations=2340 454s
[518380.0]   A step 311 BOTH_ALREADY_ELEVATED collisions=181505 evaluations=2340 454s
[518380.1]   A step 312 BOTH_ALREADY_ELEVATED collisions=181505 evaluations=2340 454s
[518380.2]   A step 313 BOTH_ALREADY_ELEVATED collisions=181505 evaluations=2340 455s
[518388.6]   A step 314 ELEVATED collisions=181031 evaluations=2394 463s
[518388.7]   A step 315 BOTH_ALREADY_ELEVATED collisions=181031 evaluations=2394 463s
[518388.8]   A step 316 BOTH_ALREADY_ELEVATED collisions=181031 evaluations=2394 463s
[518388.8]   A step 317 BOTH_ALREADY_ELEVATED collisions=181031 evaluations=2394 463s
[518388.9]   A step 318 BOTH_ALREADY_ELEVATED collisions=181031 evaluations=2394 463s
[518388.9]   A step 319 BOTH_ALREADY_ELEVATED collisions=181031 evaluations=2394 463s
[518389.0]   A step 320 BOTH_ALREADY_ELEVATED collisions=181031 evaluations=2394 463s
[518398.5]   A step 321 ELEVATED collisions=180563 evaluations=2448 473s
[518398.5]   A step 322 BOTH_ALREADY_ELEVATED collisions=180563 evaluations=2448 473s
[518398.6]   A step 323 BOTH_ALREADY_ELEVATED collisions=180563 evaluations=2448 473s
[518398.7]   A step 324 BOTH_ALREADY_ELEVATED collisions=180563 evaluations=2448 473s
[518398.7]   A step 325 BOTH_ALREADY_ELEVATED collisions=180563 evaluations=2448 473s
[518398.8]   A step 326 BOTH_ALREADY_ELEVATED collisions=180563 evaluations=2448 473s
[518398.8]   A step 327 BOTH_ALREADY_ELEVATED collisions=180563 evaluations=2448 473s
[518398.9]   A step 328 BOTH_ALREADY_ELEVATED collisions=180563 evaluations=2448 473s
[518399.0]   A step 329 BOTH_ALREADY_ELEVATED collisions=180563 evaluations=2448 473s
[518404.7]   A step 330 ELEVATED collisions=180365 evaluations=2502 479s
[518404.8]   A step 331 BOTH_ALREADY_ELEVATED collisions=180365 evaluations=2502 479s
[518404.8]   A step 332 BOTH_ALREADY_ELEVATED collisions=180365 evaluations=2502 479s
[518404.9]   A step 333 BOTH_ALREADY_ELEVATED collisions=180365 evaluations=2502 479s
[518405.0]   A step 334 BOTH_ALREADY_ELEVATED collisions=180365 evaluations=2502 479s
[518405.0]   A step 335 BOTH_ALREADY_ELEVATED collisions=180365 evaluations=2502 479s
[518411.8]   A step 336 ELEVATED collisions=180192 evaluations=2556 486s
[518411.8]   A step 337 BOTH_ALREADY_ELEVATED collisions=180192 evaluations=2556 486s
[518411.9]   A step 338 BOTH_ALREADY_ELEVATED collisions=180192 evaluations=2556 486s
[518412.0]   A step 339 BOTH_ALREADY_ELEVATED collisions=180192 evaluations=2556 486s
[518412.0]   A step 340 BOTH_ALREADY_ELEVATED collisions=180192 evaluations=2556 486s
[518412.1]   A step 341 BOTH_ALREADY_ELEVATED collisions=180192 evaluations=2556 486s
[518412.2]   A step 342 BOTH_ALREADY_ELEVATED collisions=180192 evaluations=2556 487s
[518418.4]   A step 343 ELEVATED collisions=180010 evaluations=2610 493s
[518418.5]   A step 344 BOTH_ALREADY_ELEVATED collisions=180010 evaluations=2610 493s
[518418.5]   A step 345 BOTH_ALREADY_ELEVATED collisions=180010 evaluations=2610 493s
[518418.6]   A step 346 BOTH_ALREADY_ELEVATED collisions=180010 evaluations=2610 493s
[518418.7]   A step 347 BOTH_ALREADY_ELEVATED collisions=180010 evaluations=2610 493s
[518418.7]   A step 348 BOTH_ALREADY_ELEVATED collisions=180010 evaluations=2610 493s
[518424.8]   A step 349 ELEVATED collisions=179823 evaluations=2664 499s
[518424.9]   A step 350 BOTH_ALREADY_ELEVATED collisions=179823 evaluations=2664 499s
[518424.9]   A step 351 BOTH_ALREADY_ELEVATED collisions=179823 evaluations=2664 499s
[518425.0]   A step 352 BOTH_ALREADY_ELEVATED collisions=179823 evaluations=2664 499s
[518425.0]   A step 353 BOTH_ALREADY_ELEVATED collisions=179823 evaluations=2664 499s
[518425.1]   A step 354 BOTH_ALREADY_ELEVATED collisions=179823 evaluations=2664 499s
[518425.1]   A step 355 BOTH_ALREADY_ELEVATED collisions=179823 evaluations=2664 499s
[518430.8]   A step 356 ELEVATED collisions=179627 evaluations=2718 505s
[518430.9]   A step 357 BOTH_ALREADY_ELEVATED collisions=179627 evaluations=2718 505s
[518430.9]   A step 358 BOTH_ALREADY_ELEVATED collisions=179627 evaluations=2718 505s
[518431.0]   A step 359 BOTH_ALREADY_ELEVATED collisions=179627 evaluations=2718 505s
[518431.0]   A step 360 BOTH_ALREADY_ELEVATED collisions=179627 evaluations=2718 505s
[518431.1]   A step 361 BOTH_ALREADY_ELEVATED collisions=179627 evaluations=2718 505s
[518437.6]   A step 362 ELEVATED collisions=179456 evaluations=2772 512s
[518437.6]   A step 363 BOTH_ALREADY_ELEVATED collisions=179456 evaluations=2772 512s
[518437.7]   A step 364 BOTH_ALREADY_ELEVATED collisions=179456 evaluations=2772 512s
[518437.8]   A step 365 BOTH_ALREADY_ELEVATED collisions=179456 evaluations=2772 512s
[518437.8]   A step 366 BOTH_ALREADY_ELEVATED collisions=179456 evaluations=2772 512s
[518437.9]   A step 367 BOTH_ALREADY_ELEVATED collisions=179456 evaluations=2772 512s
[518438.0]   A step 368 BOTH_ALREADY_ELEVATED collisions=179456 evaluations=2772 512s
[518445.6]   A step 369 ELEVATED collisions=179096 evaluations=2826 520s
[518445.6]   A step 370 BOTH_ALREADY_ELEVATED collisions=179096 evaluations=2826 520s
[518445.7]   A step 371 BOTH_ALREADY_ELEVATED collisions=179096 evaluations=2826 520s
[518445.8]   A step 372 BOTH_ALREADY_ELEVATED collisions=179096 evaluations=2826 520s
[518445.8]   A step 373 BOTH_ALREADY_ELEVATED collisions=179096 evaluations=2826 520s
[518445.9]   A step 374 BOTH_ALREADY_ELEVATED collisions=179096 evaluations=2826 520s
[518453.2]   A step 375 ELEVATED collisions=178736 evaluations=2880 528s
[518453.2]   A step 376 BOTH_ALREADY_ELEVATED collisions=178736 evaluations=2880 528s
[518453.3]   A step 377 BOTH_ALREADY_ELEVATED collisions=178736 evaluations=2880 528s
[518453.3]   A step 378 BOTH_ALREADY_ELEVATED collisions=178736 evaluations=2880 528s
[518453.4]   A step 379 BOTH_ALREADY_ELEVATED collisions=178736 evaluations=2880 528s
[518453.4]   A step 380 BOTH_ALREADY_ELEVATED collisions=178736 evaluations=2880 528s
[518453.5]   A step 381 BOTH_ALREADY_ELEVATED collisions=178736 evaluations=2880 528s
[518453.5]   A step 382 BOTH_ALREADY_ELEVATED collisions=178736 evaluations=2880 528s
[518453.6]   A step 383 BOTH_ALREADY_ELEVATED collisions=178736 evaluations=2880 528s
[518453.6]   A step 384 BOTH_ALREADY_ELEVATED collisions=178736 evaluations=2880 528s
[518453.7]   A step 385 BOTH_ALREADY_ELEVATED collisions=178736 evaluations=2880 528s
[518461.8]   A step 386 ELEVATED collisions=178292 evaluations=2934 536s
[518461.8]   A step 387 BOTH_ALREADY_ELEVATED collisions=178292 evaluations=2934 536s
[518461.9]   A step 388 BOTH_ALREADY_ELEVATED collisions=178292 evaluations=2934 536s
[518462.0]   A step 389 BOTH_ALREADY_ELEVATED collisions=178292 evaluations=2934 536s
[518462.0]   A step 390 BOTH_ALREADY_ELEVATED collisions=178292 evaluations=2934 536s
[518469.8]   A step 391 ELEVATED collisions=177850 evaluations=2988 544s
[518469.9]   A step 392 BOTH_ALREADY_ELEVATED collisions=177850 evaluations=2988 544s
[518469.9]   A step 393 BOTH_ALREADY_ELEVATED collisions=177850 evaluations=2988 544s
[518470.0]   A step 394 BOTH_ALREADY_ELEVATED collisions=177850 evaluations=2988 544s
[518470.0]   A step 395 BOTH_ALREADY_ELEVATED collisions=177850 evaluations=2988 544s
[518476.3]   A step 396 ELEVATED collisions=177414 evaluations=3024 551s
[518476.3]   A step 397 BOTH_ALREADY_ELEVATED collisions=177414 evaluations=3024 551s
[518476.4]   A step 398 BOTH_ALREADY_ELEVATED collisions=177414 evaluations=3024 551s
[518476.4]   A step 399 BOTH_ALREADY_ELEVATED collisions=177414 evaluations=3024 551s
[518476.5]   A step 400 BOTH_ALREADY_ELEVATED collisions=177414 evaluations=3024 551s
[518484.5]   A step 401 ELEVATED collisions=176968 evaluations=3078 559s
[518484.6]   A step 402 BOTH_ALREADY_ELEVATED collisions=176968 evaluations=3078 559s
[518484.6]   A step 403 BOTH_ALREADY_ELEVATED collisions=176968 evaluations=3078 559s
[518484.7]   A step 404 BOTH_ALREADY_ELEVATED collisions=176968 evaluations=3078 559s
[518484.7]   A step 405 BOTH_ALREADY_ELEVATED collisions=176968 evaluations=3078 559s
[518494.4]   A step 406 ELEVATED collisions=176484 evaluations=3132 569s
[518494.5]   A step 407 BOTH_ALREADY_ELEVATED collisions=176484 evaluations=3132 569s
[518494.5]   A step 408 BOTH_ALREADY_ELEVATED collisions=176484 evaluations=3132 569s
[518494.6]   A step 409 BOTH_ALREADY_ELEVATED collisions=176484 evaluations=3132 569s
[518494.6]   A step 410 BOTH_ALREADY_ELEVATED collisions=176484 evaluations=3132 569s
[518503.0]   A step 411 ELEVATED collisions=176006 evaluations=3186 577s
[518503.1]   A step 412 BOTH_ALREADY_ELEVATED collisions=176006 evaluations=3186 577s
[518503.2]   A step 413 BOTH_ALREADY_ELEVATED collisions=176006 evaluations=3186 578s
[518503.2]   A step 414 BOTH_ALREADY_ELEVATED collisions=176006 evaluations=3186 578s
[518503.3]   A step 415 BOTH_ALREADY_ELEVATED collisions=176006 evaluations=3186 578s
[518509.6]   A step 416 ELEVATED collisions=175625 evaluations=3240 584s
[518509.7]   A step 417 BOTH_ALREADY_ELEVATED collisions=175625 evaluations=3240 584s
[518509.7]   A step 418 BOTH_ALREADY_ELEVATED collisions=175625 evaluations=3240 584s
[518509.8]   A step 419 BOTH_ALREADY_ELEVATED collisions=175625 evaluations=3240 584s
[518509.8]   A step 420 BOTH_ALREADY_ELEVATED collisions=175625 evaluations=3240 584s
[518516.7]   A step 421 ELEVATED collisions=175241 evaluations=3294 591s
[518516.8]   A step 422 BOTH_ALREADY_ELEVATED collisions=175241 evaluations=3294 591s
[518516.8]   A step 423 BOTH_ALREADY_ELEVATED collisions=175241 evaluations=3294 591s
[518516.9]   A step 424 BOTH_ALREADY_ELEVATED collisions=175241 evaluations=3294 591s
[518516.9]   A step 425 BOTH_ALREADY_ELEVATED collisions=175241 evaluations=3294 591s
[518522.8]   A step 426 ELEVATED collisions=174854 evaluations=3348 597s
[518522.9]   A step 427 BOTH_ALREADY_ELEVATED collisions=174854 evaluations=3348 597s
[518522.9]   A step 428 BOTH_ALREADY_ELEVATED collisions=174854 evaluations=3348 597s
[518523.0]   A step 429 BOTH_ALREADY_ELEVATED collisions=174854 evaluations=3348 597s
[518523.0]   A step 430 BOTH_ALREADY_ELEVATED collisions=174854 evaluations=3348 597s
[518528.2]   A step 431 ELEVATED collisions=174480 evaluations=3384 603s
[518528.3]   A step 432 BOTH_ALREADY_ELEVATED collisions=174480 evaluations=3384 603s
[518528.3]   A step 433 BOTH_ALREADY_ELEVATED collisions=174480 evaluations=3384 603s
[518528.4]   A step 434 BOTH_ALREADY_ELEVATED collisions=174480 evaluations=3384 603s
[518528.4]   A step 435 BOTH_ALREADY_ELEVATED collisions=174480 evaluations=3384 603s
[518535.7]   A step 436 ELEVATED collisions=173963 evaluations=3438 610s
[518535.7]   A step 437 BOTH_ALREADY_ELEVATED collisions=173963 evaluations=3438 610s
[518535.8]   A step 438 BOTH_ALREADY_ELEVATED collisions=173963 evaluations=3438 610s
[518535.8]   A step 439 BOTH_ALREADY_ELEVATED collisions=173963 evaluations=3438 610s
[518535.9]   A step 440 BOTH_ALREADY_ELEVATED collisions=173963 evaluations=3438 610s
[518544.0]   A step 441 ELEVATED collisions=173464 evaluations=3492 618s
[518544.1]   A step 442 BOTH_ALREADY_ELEVATED collisions=173464 evaluations=3492 618s
[518544.1]   A step 443 BOTH_ALREADY_ELEVATED collisions=173464 evaluations=3492 618s
[518544.2]   A step 444 BOTH_ALREADY_ELEVATED collisions=173464 evaluations=3492 619s
[518544.2]   A step 445 BOTH_ALREADY_ELEVATED collisions=173464 evaluations=3492 619s
[518547.4]   A step 446 ELEVATED collisions=173185 evaluations=3510 622s
[518550.6]   A step 447 ELEVATED collisions=172900 evaluations=3528 625s
[518553.6]   A step 448 ELEVATED collisions=172705 evaluations=3546 628s
[518556.7]   A step 449 ELEVATED collisions=172529 evaluations=3564 631s
[518564.4]   A step 450 ELEVATED collisions=172044 evaluations=3618 639s
[518564.4]   A step 451 BOTH_ALREADY_ELEVATED collisions=172044 evaluations=3618 639s
[518564.5]   A step 452 BOTH_ALREADY_ELEVATED collisions=172044 evaluations=3618 639s
[518564.6]   A step 453 BOTH_ALREADY_ELEVATED collisions=172044 evaluations=3618 639s
[518564.6]   A step 454 BOTH_ALREADY_ELEVATED collisions=172044 evaluations=3618 639s
[518564.7]   A step 455 BOTH_ALREADY_ELEVATED collisions=172044 evaluations=3618 639s
[518564.7]   A step 456 BOTH_ALREADY_ELEVATED collisions=172044 evaluations=3618 639s
[518573.7]   A step 457 ELEVATED collisions=171567 evaluations=3672 648s
[518573.8]   A step 458 BOTH_ALREADY_ELEVATED collisions=171567 evaluations=3672 648s
[518573.8]   A step 459 BOTH_ALREADY_ELEVATED collisions=171567 evaluations=3672 648s
[518573.9]   A step 460 BOTH_ALREADY_ELEVATED collisions=171567 evaluations=3672 648s
[518573.9]   A step 461 BOTH_ALREADY_ELEVATED collisions=171567 evaluations=3672 648s
[518574.0]   A step 462 BOTH_ALREADY_ELEVATED collisions=171567 evaluations=3672 648s
[518574.1]   A step 463 BOTH_ALREADY_ELEVATED collisions=171567 evaluations=3672 648s
[518582.5]   A step 464 ELEVATED collisions=171087 evaluations=3726 657s
[518582.5]   A step 465 BOTH_ALREADY_ELEVATED collisions=171087 evaluations=3726 657s
[518582.6]   A step 466 BOTH_ALREADY_ELEVATED collisions=171087 evaluations=3726 657s
[518582.6]   A step 467 BOTH_ALREADY_ELEVATED collisions=171087 evaluations=3726 657s
[518582.7]   A step 468 BOTH_ALREADY_ELEVATED collisions=171087 evaluations=3726 657s
[518590.5]   A step 469 ELEVATED collisions=170605 evaluations=3780 665s
[518590.5]   A step 470 BOTH_ALREADY_ELEVATED collisions=170605 evaluations=3780 665s
[518590.6]   A step 471 BOTH_ALREADY_ELEVATED collisions=170605 evaluations=3780 665s
[518590.7]   A step 472 BOTH_ALREADY_ELEVATED collisions=170605 evaluations=3780 665s
[518590.7]   A step 473 BOTH_ALREADY_ELEVATED collisions=170605 evaluations=3780 665s
[518590.8]   A step 474 BOTH_ALREADY_ELEVATED collisions=170605 evaluations=3780 665s
[518590.8]   A step 475 BOTH_ALREADY_ELEVATED collisions=170605 evaluations=3780 665s
[518598.7]   A step 476 ELEVATED collisions=170121 evaluations=3834 673s
[518598.7]   A step 477 BOTH_ALREADY_ELEVATED collisions=170121 evaluations=3834 673s
[518598.8]   A step 478 BOTH_ALREADY_ELEVATED collisions=170121 evaluations=3834 673s
[518598.8]   A step 479 BOTH_ALREADY_ELEVATED collisions=170121 evaluations=3834 673s
[518598.9]   A step 480 BOTH_ALREADY_ELEVATED collisions=170121 evaluations=3834 673s
[518598.9]   A step 481 BOTH_ALREADY_ELEVATED collisions=170121 evaluations=3834 673s
[518599.0]   A step 482 BOTH_ALREADY_ELEVATED collisions=170121 evaluations=3834 673s
[518608.1]   A step 483 ELEVATED collisions=169646 evaluations=3888 682s
[518608.1]   A step 484 BOTH_ALREADY_ELEVATED collisions=169646 evaluations=3888 682s
[518608.2]   A step 485 BOTH_ALREADY_ELEVATED collisions=169646 evaluations=3888 683s
[518608.2]   A step 486 BOTH_ALREADY_ELEVATED collisions=169646 evaluations=3888 683s
[518608.3]   A step 487 BOTH_ALREADY_ELEVATED collisions=169646 evaluations=3888 683s
[518608.4]   A step 488 BOTH_ALREADY_ELEVATED collisions=169646 evaluations=3888 683s
[518608.4]   A step 489 BOTH_ALREADY_ELEVATED collisions=169646 evaluations=3888 683s
[518620.5]   A step 490 ELEVATED collisions=169189 evaluations=3942 695s
[518620.5]   A step 491 BOTH_ALREADY_ELEVATED collisions=169189 evaluations=3942 695s
[518620.6]   A step 492 BOTH_ALREADY_ELEVATED collisions=169189 evaluations=3942 695s
[518620.6]   A step 493 BOTH_ALREADY_ELEVATED collisions=169189 evaluations=3942 695s
[518620.7]   A step 494 BOTH_ALREADY_ELEVATED collisions=169189 evaluations=3942 695s
[518620.7]   A step 495 BOTH_ALREADY_ELEVATED collisions=169189 evaluations=3942 695s
[518620.8]   A step 496 BOTH_ALREADY_ELEVATED collisions=169189 evaluations=3942 695s
[518628.8]   A step 497 ELEVATED collisions=168737 evaluations=3996 703s
[518628.9]   A step 498 BOTH_ALREADY_ELEVATED collisions=168737 evaluations=3996 703s
[518629.0]   A step 499 BOTH_ALREADY_ELEVATED collisions=168737 evaluations=3996 703s
[518629.0]   A step 500 BOTH_ALREADY_ELEVATED collisions=168737 evaluations=3996 703s
[518629.1]   A step 501 BOTH_ALREADY_ELEVATED collisions=168737 evaluations=3996 703s
[518629.1]   A step 502 BOTH_ALREADY_ELEVATED collisions=168737 evaluations=3996 703s
[518629.2]   A step 503 BOTH_ALREADY_ELEVATED collisions=168737 evaluations=3996 704s
[518637.1]   A step 504 ELEVATED collisions=168288 evaluations=4050 711s
[518637.1]   A step 505 BOTH_ALREADY_ELEVATED collisions=168288 evaluations=4050 711s
[518637.2]   A step 506 BOTH_ALREADY_ELEVATED collisions=168288 evaluations=4050 712s
[518637.2]   A step 507 BOTH_ALREADY_ELEVATED collisions=168288 evaluations=4050 712s
[518637.3]   A step 508 BOTH_ALREADY_ELEVATED collisions=168288 evaluations=4050 712s
[518637.3]   A step 509 BOTH_ALREADY_ELEVATED collisions=168288 evaluations=4050 712s
[518637.4]   A step 510 BOTH_ALREADY_ELEVATED collisions=168288 evaluations=4050 712s
[518649.0]   A step 511 ELEVATED collisions=167830 evaluations=4104 723s
[518649.1]   A step 512 BOTH_ALREADY_ELEVATED collisions=167830 evaluations=4104 723s
[518649.1]   A step 513 BOTH_ALREADY_ELEVATED collisions=167830 evaluations=4104 723s
[518649.2]   A step 514 BOTH_ALREADY_ELEVATED collisions=167830 evaluations=4104 724s
[518649.2]   A step 515 BOTH_ALREADY_ELEVATED collisions=167830 evaluations=4104 724s
[518649.3]   A step 516 BOTH_ALREADY_ELEVATED collisions=167830 evaluations=4104 724s
[518649.3]   A step 517 BOTH_ALREADY_ELEVATED collisions=167830 evaluations=4104 724s
[518660.4]   A step 518 ELEVATED collisions=167375 evaluations=4158 735s
[518660.5]   A step 519 BOTH_ALREADY_ELEVATED collisions=167375 evaluations=4158 735s
[518660.5]   A step 520 BOTH_ALREADY_ELEVATED collisions=167375 evaluations=4158 735s
[518660.6]   A step 521 BOTH_ALREADY_ELEVATED collisions=167375 evaluations=4158 735s
[518660.6]   A step 522 BOTH_ALREADY_ELEVATED collisions=167375 evaluations=4158 735s
[518660.7]   A step 523 BOTH_ALREADY_ELEVATED collisions=167375 evaluations=4158 735s
[518660.7]   A step 524 BOTH_ALREADY_ELEVATED collisions=167375 evaluations=4158 735s
[518669.0]   A step 525 ELEVATED collisions=166925 evaluations=4212 743s
[518669.0]   A step 526 BOTH_ALREADY_ELEVATED collisions=166925 evaluations=4212 743s
[518669.1]   A step 527 BOTH_ALREADY_ELEVATED collisions=166925 evaluations=4212 743s
[518669.1]   A step 528 BOTH_ALREADY_ELEVATED collisions=166925 evaluations=4212 744s
[518669.2]   A step 529 BOTH_ALREADY_ELEVATED collisions=166925 evaluations=4212 744s
[518669.3]   A step 530 BOTH_ALREADY_ELEVATED collisions=166925 evaluations=4212 744s
[518669.3]   A step 531 BOTH_ALREADY_ELEVATED collisions=166925 evaluations=4212 744s
[518674.9]   A step 532 ELEVATED collisions=166599 evaluations=4257 749s
[518674.9]   A step 533 BOTH_ALREADY_ELEVATED collisions=166599 evaluations=4257 749s
[518675.0]   A step 534 BOTH_ALREADY_ELEVATED collisions=166599 evaluations=4257 749s
[518675.0]   A step 535 BOTH_ALREADY_ELEVATED collisions=166599 evaluations=4257 749s
[518675.1]   A step 536 BOTH_ALREADY_ELEVATED collisions=166599 evaluations=4257 749s
[518680.6]   A step 537 ELEVATED collisions=166288 evaluations=4302 755s
[518680.7]   A step 538 BOTH_ALREADY_ELEVATED collisions=166288 evaluations=4302 755s
[518680.7]   A step 539 BOTH_ALREADY_ELEVATED collisions=166288 evaluations=4302 755s
[518680.8]   A step 540 BOTH_ALREADY_ELEVATED collisions=166288 evaluations=4302 755s
[518680.8]   A step 541 BOTH_ALREADY_ELEVATED collisions=166288 evaluations=4302 755s
[518687.2]   A step 542 ELEVATED collisions=165976 evaluations=4356 762s
[518687.2]   A step 543 BOTH_ALREADY_ELEVATED collisions=165976 evaluations=4356 762s
[518687.3]   A step 544 BOTH_ALREADY_ELEVATED collisions=165976 evaluations=4356 762s
[518687.4]   A step 545 BOTH_ALREADY_ELEVATED collisions=165976 evaluations=4356 762s
[518687.4]   A step 546 BOTH_ALREADY_ELEVATED collisions=165976 evaluations=4356 762s
[518692.3]   A step 547 ELEVATED collisions=165659 evaluations=4392 767s
[518692.4]   A step 548 BOTH_ALREADY_ELEVATED collisions=165659 evaluations=4392 767s
[518692.4]   A step 549 BOTH_ALREADY_ELEVATED collisions=165659 evaluations=4392 767s
[518692.5]   A step 550 BOTH_ALREADY_ELEVATED collisions=165659 evaluations=4392 767s
[518692.5]   A step 551 BOTH_ALREADY_ELEVATED collisions=165659 evaluations=4392 767s
[518698.1]   A step 552 ELEVATED collisions=165341 evaluations=4437 772s
[518698.2]   A step 553 BOTH_ALREADY_ELEVATED collisions=165341 evaluations=4437 773s
[518698.2]   A step 554 BOTH_ALREADY_ELEVATED collisions=165341 evaluations=4437 773s
[518698.3]   A step 555 BOTH_ALREADY_ELEVATED collisions=165341 evaluations=4437 773s
[518698.3]   A step 556 BOTH_ALREADY_ELEVATED collisions=165341 evaluations=4437 773s
[518704.0]   A step 557 ELEVATED collisions=165038 evaluations=4482 778s
[518704.1]   A step 558 BOTH_ALREADY_ELEVATED collisions=165038 evaluations=4482 778s
[518704.1]   A step 559 BOTH_ALREADY_ELEVATED collisions=165038 evaluations=4482 778s
[518704.2]   A step 560 BOTH_ALREADY_ELEVATED collisions=165038 evaluations=4482 779s
[518704.2]   A step 561 BOTH_ALREADY_ELEVATED collisions=165038 evaluations=4482 779s
[518713.0]   A step 562 ELEVATED collisions=164562 evaluations=4536 787s
[518713.0]   A step 563 BOTH_ALREADY_ELEVATED collisions=164562 evaluations=4536 787s
[518713.1]   A step 564 BOTH_ALREADY_ELEVATED collisions=164562 evaluations=4536 787s
[518713.1]   A step 565 BOTH_ALREADY_ELEVATED collisions=164562 evaluations=4536 787s
[518713.2]   A step 566 BOTH_ALREADY_ELEVATED collisions=164562 evaluations=4536 788s
[518713.2]   A step 567 BOTH_ALREADY_ELEVATED collisions=164562 evaluations=4536 788s
[518713.3]   A step 568 BOTH_ALREADY_ELEVATED collisions=164562 evaluations=4536 788s
[518721.3]   A step 569 ELEVATED collisions=164080 evaluations=4590 796s
[518721.4]   A step 570 BOTH_ALREADY_ELEVATED collisions=164080 evaluations=4590 796s
[518721.4]   A step 571 BOTH_ALREADY_ELEVATED collisions=164080 evaluations=4590 796s
[518721.5]   A step 572 BOTH_ALREADY_ELEVATED collisions=164080 evaluations=4590 796s
[518721.5]   A step 573 BOTH_ALREADY_ELEVATED collisions=164080 evaluations=4590 796s
[518721.6]   A step 574 BOTH_ALREADY_ELEVATED collisions=164080 evaluations=4590 796s
[518721.6]   A step 575 BOTH_ALREADY_ELEVATED collisions=164080 evaluations=4590 796s
[518729.4]   A step 576 ELEVATED collisions=163661 evaluations=4644 804s
[518729.4]   A step 577 BOTH_ALREADY_ELEVATED collisions=163661 evaluations=4644 804s
[518729.5]   A step 578 BOTH_ALREADY_ELEVATED collisions=163661 evaluations=4644 804s
[518729.5]   A step 579 BOTH_ALREADY_ELEVATED collisions=163661 evaluations=4644 804s
[518729.6]   A step 580 BOTH_ALREADY_ELEVATED collisions=163661 evaluations=4644 804s
[518737.2]   A step 581 ELEVATED collisions=163254 evaluations=4698 812s
[518737.3]   A step 582 BOTH_ALREADY_ELEVATED collisions=163254 evaluations=4698 812s
[518737.3]   A step 583 BOTH_ALREADY_ELEVATED collisions=163254 evaluations=4698 812s
[518737.3]   A step 584 BOTH_ALREADY_ELEVATED collisions=163254 evaluations=4698 812s
[518737.4]   A step 585 BOTH_ALREADY_ELEVATED collisions=163254 evaluations=4698 812s
[518737.4]   A step 586 BOTH_ALREADY_ELEVATED collisions=163254 evaluations=4698 812s
[518737.5]   A step 587 BOTH_ALREADY_ELEVATED collisions=163254 evaluations=4698 812s
[518745.9]   A step 588 ELEVATED collisions=162796 evaluations=4752 820s
[518746.0]   A step 589 BOTH_ALREADY_ELEVATED collisions=162796 evaluations=4752 820s
[518746.0]   A step 590 BOTH_ALREADY_ELEVATED collisions=162796 evaluations=4752 820s
[518746.1]   A step 591 BOTH_ALREADY_ELEVATED collisions=162796 evaluations=4752 820s
[518746.1]   A step 592 BOTH_ALREADY_ELEVATED collisions=162796 evaluations=4752 820s
[518746.2]   A step 593 BOTH_ALREADY_ELEVATED collisions=162796 evaluations=4752 821s
[518746.2]   A step 594 BOTH_ALREADY_ELEVATED collisions=162796 evaluations=4752 821s
[518754.4]   A step 595 ELEVATED collisions=162336 evaluations=4806 829s
[518754.5]   A step 596 BOTH_ALREADY_ELEVATED collisions=162336 evaluations=4806 829s
[518754.5]   A step 597 BOTH_ALREADY_ELEVATED collisions=162336 evaluations=4806 829s
[518754.6]   A step 598 BOTH_ALREADY_ELEVATED collisions=162336 evaluations=4806 829s
[518754.6]   A step 599 BOTH_ALREADY_ELEVATED collisions=162336 evaluations=4806 829s
[518754.7]   A step 600 BOTH_ALREADY_ELEVATED collisions=162336 evaluations=4806 829s
[518754.7]   A step 601 BOTH_ALREADY_ELEVATED collisions=162336 evaluations=4806 829s
[518761.7]   A step 602 ELEVATED collisions=162028 evaluations=4860 836s
[518761.8]   A step 603 BOTH_ALREADY_ELEVATED collisions=162028 evaluations=4860 836s
[518761.8]   A step 604 BOTH_ALREADY_ELEVATED collisions=162028 evaluations=4860 836s
[518761.9]   A step 605 BOTH_ALREADY_ELEVATED collisions=162028 evaluations=4860 836s
[518761.9]   A step 606 BOTH_ALREADY_ELEVATED collisions=162028 evaluations=4860 836s
[518767.6]   A step 607 ELEVATED collisions=161738 evaluations=4914 842s
[518767.6]   A step 608 BOTH_ALREADY_ELEVATED collisions=161738 evaluations=4914 842s
[518767.7]   A step 609 BOTH_ALREADY_ELEVATED collisions=161738 evaluations=4914 842s
[518767.7]   A step 610 BOTH_ALREADY_ELEVATED collisions=161738 evaluations=4914 842s
[518767.8]   A step 611 BOTH_ALREADY_ELEVATED collisions=161738 evaluations=4914 842s
[518773.7]   A step 612 ELEVATED collisions=161438 evaluations=4968 848s
[518773.7]   A step 613 BOTH_ALREADY_ELEVATED collisions=161438 evaluations=4968 848s
[518773.8]   A step 614 BOTH_ALREADY_ELEVATED collisions=161438 evaluations=4968 848s
[518773.8]   A step 615 BOTH_ALREADY_ELEVATED collisions=161438 evaluations=4968 848s
[518773.9]   A step 616 BOTH_ALREADY_ELEVATED collisions=161438 evaluations=4968 848s
[518780.5]   A step 617 ELEVATED collisions=161140 evaluations=5022 855s
[518780.6]   A step 618 BOTH_ALREADY_ELEVATED collisions=161140 evaluations=5022 855s
[518780.6]   A step 619 BOTH_ALREADY_ELEVATED collisions=161140 evaluations=5022 855s
[518780.7]   A step 620 BOTH_ALREADY_ELEVATED collisions=161140 evaluations=5022 855s
[518780.7]   A step 621 BOTH_ALREADY_ELEVATED collisions=161140 evaluations=5022 855s
[518787.7]   A step 622 ELEVATED collisions=160834 evaluations=5076 862s
[518787.7]   A step 623 BOTH_ALREADY_ELEVATED collisions=160834 evaluations=5076 862s
[518787.8]   A step 624 BOTH_ALREADY_ELEVATED collisions=160834 evaluations=5076 862s
[518787.8]   A step 625 BOTH_ALREADY_ELEVATED collisions=160834 evaluations=5076 862s
[518787.9]   A step 626 BOTH_ALREADY_ELEVATED collisions=160834 evaluations=5076 862s
[518793.4]   A step 627 ELEVATED collisions=160546 evaluations=5130 868s
[518793.5]   A step 628 BOTH_ALREADY_ELEVATED collisions=160546 evaluations=5130 868s
[518793.5]   A step 629 BOTH_ALREADY_ELEVATED collisions=160546 evaluations=5130 868s
[518793.6]   A step 630 BOTH_ALREADY_ELEVATED collisions=160546 evaluations=5130 868s
[518793.6]   A step 631 BOTH_ALREADY_ELEVATED collisions=160546 evaluations=5130 868s
[518802.1]   A step 632 ELEVATED collisions=160088 evaluations=5184 876s
[518802.2]   A step 633 BOTH_ALREADY_ELEVATED collisions=160088 evaluations=5184 877s
[518802.2]   A step 634 BOTH_ALREADY_ELEVATED collisions=160088 evaluations=5184 877s
[518802.3]   A step 635 BOTH_ALREADY_ELEVATED collisions=160088 evaluations=5184 877s
[518802.3]   A step 636 BOTH_ALREADY_ELEVATED collisions=160088 evaluations=5184 877s
[518802.4]   A step 637 BOTH_ALREADY_ELEVATED collisions=160088 evaluations=5184 877s
[518802.4]   A step 638 BOTH_ALREADY_ELEVATED collisions=160088 evaluations=5184 877s
[518810.6]   A step 639 ELEVATED collisions=159632 evaluations=5238 885s
[518810.7]   A step 640 BOTH_ALREADY_ELEVATED collisions=159632 evaluations=5238 885s
[518810.7]   A step 641 BOTH_ALREADY_ELEVATED collisions=159632 evaluations=5238 885s
[518810.8]   A step 642 BOTH_ALREADY_ELEVATED collisions=159632 evaluations=5238 885s
[518810.8]   A step 643 BOTH_ALREADY_ELEVATED collisions=159632 evaluations=5238 885s
[518810.9]   A step 644 BOTH_ALREADY_ELEVATED collisions=159632 evaluations=5238 885s
[518810.9]   A step 645 BOTH_ALREADY_ELEVATED collisions=159632 evaluations=5238 885s
[518818.6]   A step 646 ELEVATED collisions=159170 evaluations=5283 893s
[518818.6]   A step 647 BOTH_ALREADY_ELEVATED collisions=159170 evaluations=5283 893s
[518818.7]   A step 648 BOTH_ALREADY_ELEVATED collisions=159170 evaluations=5283 893s
[518818.7]   A step 649 BOTH_ALREADY_ELEVATED collisions=159170 evaluations=5283 893s
[518818.7]   A step 650 BOTH_ALREADY_ELEVATED collisions=159170 evaluations=5283 893s
[518826.6]   A step 651 ELEVATED collisions=158711 evaluations=5337 901s
[518826.7]   A step 652 BOTH_ALREADY_ELEVATED collisions=158711 evaluations=5337 901s
[518826.8]   A step 653 BOTH_ALREADY_ELEVATED collisions=158711 evaluations=5337 901s
[518826.8]   A step 654 BOTH_ALREADY_ELEVATED collisions=158711 evaluations=5337 901s
[518826.9]   A step 655 BOTH_ALREADY_ELEVATED collisions=158711 evaluations=5337 901s
[518834.6]   A step 656 ELEVATED collisions=158254 evaluations=5391 909s
[518834.7]   A step 657 BOTH_ALREADY_ELEVATED collisions=158254 evaluations=5391 909s
[518834.7]   A step 658 BOTH_ALREADY_ELEVATED collisions=158254 evaluations=5391 909s
[518834.8]   A step 659 BOTH_ALREADY_ELEVATED collisions=158254 evaluations=5391 909s
[518834.8]   A step 660 BOTH_ALREADY_ELEVATED collisions=158254 evaluations=5391 909s
[518843.6]   A step 661 ELEVATED collisions=157794 evaluations=5445 918s
[518843.7]   A step 662 BOTH_ALREADY_ELEVATED collisions=157794 evaluations=5445 918s
[518843.8]   A step 663 BOTH_ALREADY_ELEVATED collisions=157794 evaluations=5445 918s
[518843.8]   A step 664 BOTH_ALREADY_ELEVATED collisions=157794 evaluations=5445 918s
[518843.9]   A step 665 BOTH_ALREADY_ELEVATED collisions=157794 evaluations=5445 918s
[518855.7]   A step 666 ELEVATED collisions=157416 evaluations=5499 930s
[518855.8]   A step 667 BOTH_ALREADY_ELEVATED collisions=157416 evaluations=5499 930s
[518855.8]   A step 668 BOTH_ALREADY_ELEVATED collisions=157416 evaluations=5499 930s
[518855.9]   A step 669 BOTH_ALREADY_ELEVATED collisions=157416 evaluations=5499 930s
[518855.9]   A step 670 BOTH_ALREADY_ELEVATED collisions=157416 evaluations=5499 930s
[518856.0]   A step 671 BOTH_ALREADY_ELEVATED collisions=157416 evaluations=5499 930s
[518856.0]   A step 672 BOTH_ALREADY_ELEVATED collisions=157416 evaluations=5499 930s
[518864.0]   A step 673 ELEVATED collisions=157034 evaluations=5553 938s
[518864.1]   A step 674 BOTH_ALREADY_ELEVATED collisions=157034 evaluations=5553 938s
[518864.1]   A step 675 BOTH_ALREADY_ELEVATED collisions=157034 evaluations=5553 938s
[518864.2]   A step 676 BOTH_ALREADY_ELEVATED collisions=157034 evaluations=5553 939s
[518864.2]   A step 677 BOTH_ALREADY_ELEVATED collisions=157034 evaluations=5553 939s
[518872.2]   A step 678 ELEVATED collisions=156654 evaluations=5607 947s
[518872.2]   A step 679 BOTH_ALREADY_ELEVATED collisions=156654 evaluations=5607 947s
[518872.3]   A step 680 BOTH_ALREADY_ELEVATED collisions=156654 evaluations=5607 947s
[518872.3]   A step 681 BOTH_ALREADY_ELEVATED collisions=156654 evaluations=5607 947s
[518872.4]   A step 682 BOTH_ALREADY_ELEVATED collisions=156654 evaluations=5607 947s
[518884.6]   A step 683 ELEVATED collisions=156274 evaluations=5661 959s
[518884.7]   A step 684 BOTH_ALREADY_ELEVATED collisions=156274 evaluations=5661 959s
[518884.7]   A step 685 BOTH_ALREADY_ELEVATED collisions=156274 evaluations=5661 959s
[518884.8]   A step 686 BOTH_ALREADY_ELEVATED collisions=156274 evaluations=5661 959s
[518884.8]   A step 687 BOTH_ALREADY_ELEVATED collisions=156274 evaluations=5661 959s
[518884.9]   A step 688 BOTH_ALREADY_ELEVATED collisions=156274 evaluations=5661 959s
[518884.9]   A step 689 BOTH_ALREADY_ELEVATED collisions=156274 evaluations=5661 959s
[518893.1]   A step 690 ELEVATED collisions=155811 evaluations=5715 967s
[518893.2]   A step 691 BOTH_ALREADY_ELEVATED collisions=155811 evaluations=5715 968s
[518893.2]   A step 692 BOTH_ALREADY_ELEVATED collisions=155811 evaluations=5715 968s
[518893.2]   A step 693 BOTH_ALREADY_ELEVATED collisions=155811 evaluations=5715 968s
[518893.3]   A step 694 BOTH_ALREADY_ELEVATED collisions=155811 evaluations=5715 968s
[518902.1]   A step 695 ELEVATED collisions=155343 evaluations=5769 976s
[518902.1]   A step 696 BOTH_ALREADY_ELEVATED collisions=155343 evaluations=5769 976s
[518902.2]   A step 697 BOTH_ALREADY_ELEVATED collisions=155343 evaluations=5769 977s
[518902.2]   A step 698 BOTH_ALREADY_ELEVATED collisions=155343 evaluations=5769 977s
[518902.3]   A step 699 BOTH_ALREADY_ELEVATED collisions=155343 evaluations=5769 977s
[518911.5]   A step 700 ELEVATED collisions=154879 evaluations=5823 986s
[518911.5]   A step 701 BOTH_ALREADY_ELEVATED collisions=154879 evaluations=5823 986s
[518911.6]   A step 702 BOTH_ALREADY_ELEVATED collisions=154879 evaluations=5823 986s
[518911.6]   A step 703 BOTH_ALREADY_ELEVATED collisions=154879 evaluations=5823 986s
[518911.7]   A step 704 BOTH_ALREADY_ELEVATED collisions=154879 evaluations=5823 986s
[518919.8]   A step 705 ELEVATED collisions=154414 evaluations=5877 994s
[518919.8]   A step 706 BOTH_ALREADY_ELEVATED collisions=154414 evaluations=5877 994s
[518919.9]   A step 707 BOTH_ALREADY_ELEVATED collisions=154414 evaluations=5877 994s
[518919.9]   A step 708 BOTH_ALREADY_ELEVATED collisions=154414 evaluations=5877 994s
[518920.0]   A step 709 BOTH_ALREADY_ELEVATED collisions=154414 evaluations=5877 994s
[518928.2]   A step 710 ELEVATED collisions=153953 evaluations=5931 1003s
[518928.2]   A step 711 BOTH_ALREADY_ELEVATED collisions=153953 evaluations=5931 1003s
[518928.3]   A step 712 BOTH_ALREADY_ELEVATED collisions=153953 evaluations=5931 1003s
[518928.3]   A step 713 BOTH_ALREADY_ELEVATED collisions=153953 evaluations=5931 1003s
[518928.4]   A step 714 BOTH_ALREADY_ELEVATED collisions=153953 evaluations=5931 1003s
[518937.4]   A step 715 ELEVATED collisions=153487 evaluations=5985 1012s
[518937.4]   A step 716 BOTH_ALREADY_ELEVATED collisions=153487 evaluations=5985 1012s
[518937.4]   A step 717 BOTH_ALREADY_ELEVATED collisions=153487 evaluations=5985 1012s
[518937.5]   A step 718 BOTH_ALREADY_ELEVATED collisions=153487 evaluations=5985 1012s
[518937.5]   A step 719 BOTH_ALREADY_ELEVATED collisions=153487 evaluations=5985 1012s
[518944.5]   A step 720 ELEVATED collisions=153090 evaluations=6039 1019s
[518944.5]   A step 721 BOTH_ALREADY_ELEVATED collisions=153090 evaluations=6039 1019s
[518944.6]   A step 722 BOTH_ALREADY_ELEVATED collisions=153090 evaluations=6039 1019s
[518944.6]   A step 723 BOTH_ALREADY_ELEVATED collisions=153090 evaluations=6039 1019s
[518944.7]   A step 724 BOTH_ALREADY_ELEVATED collisions=153090 evaluations=6039 1019s
[518944.7]   A step 725 BOTH_ALREADY_ELEVATED collisions=153090 evaluations=6039 1019s
[518944.8]   A step 726 BOTH_ALREADY_ELEVATED collisions=153090 evaluations=6039 1019s
[518951.3]   A step 727 ELEVATED collisions=152702 evaluations=6093 1026s
[518951.4]   A step 728 BOTH_ALREADY_ELEVATED collisions=152702 evaluations=6093 1026s
[518951.4]   A step 729 BOTH_ALREADY_ELEVATED collisions=152702 evaluations=6093 1026s
[518951.5]   A step 730 BOTH_ALREADY_ELEVATED collisions=152702 evaluations=6093 1026s
[518951.5]   A step 731 BOTH_ALREADY_ELEVATED collisions=152702 evaluations=6093 1026s
[518951.6]   A step 732 BOTH_ALREADY_ELEVATED collisions=152702 evaluations=6093 1026s
[518951.6]   A step 733 BOTH_ALREADY_ELEVATED collisions=152702 evaluations=6093 1026s
[518958.5]   A step 734 ELEVATED collisions=152314 evaluations=6147 1033s
[518958.5]   A step 735 BOTH_ALREADY_ELEVATED collisions=152314 evaluations=6147 1033s
[518958.6]   A step 736 BOTH_ALREADY_ELEVATED collisions=152314 evaluations=6147 1033s
[518958.6]   A step 737 BOTH_ALREADY_ELEVATED collisions=152314 evaluations=6147 1033s
[518958.7]   A step 738 BOTH_ALREADY_ELEVATED collisions=152314 evaluations=6147 1033s
[518958.7]   A step 739 BOTH_ALREADY_ELEVATED collisions=152314 evaluations=6147 1033s
[518958.8]   A step 740 BOTH_ALREADY_ELEVATED collisions=152314 evaluations=6147 1033s
[518965.4]   A step 741 ELEVATED collisions=151925 evaluations=6201 1040s
[518965.4]   A step 742 BOTH_ALREADY_ELEVATED collisions=151925 evaluations=6201 1040s
[518965.5]   A step 743 BOTH_ALREADY_ELEVATED collisions=151925 evaluations=6201 1040s
[518965.5]   A step 744 BOTH_ALREADY_ELEVATED collisions=151925 evaluations=6201 1040s
[518965.5]   A step 745 BOTH_ALREADY_ELEVATED collisions=151925 evaluations=6201 1040s
[518965.6]   A step 746 BOTH_ALREADY_ELEVATED collisions=151925 evaluations=6201 1040s
[518965.6]   A step 747 BOTH_ALREADY_ELEVATED collisions=151925 evaluations=6201 1040s
[518973.5]   A step 748 ELEVATED collisions=151495 evaluations=6255 1048s
[518973.6]   A step 749 BOTH_ALREADY_ELEVATED collisions=151495 evaluations=6255 1048s
[518973.6]   A step 750 BOTH_ALREADY_ELEVATED collisions=151495 evaluations=6255 1048s
[518973.7]   A step 751 BOTH_ALREADY_ELEVATED collisions=151495 evaluations=6255 1048s
[518973.7]   A step 752 BOTH_ALREADY_ELEVATED collisions=151495 evaluations=6255 1048s
[518980.8]   A step 753 ELEVATED collisions=151065 evaluations=6309 1055s
[518980.8]   A step 754 BOTH_ALREADY_ELEVATED collisions=151065 evaluations=6309 1055s
[518980.8]   A step 755 BOTH_ALREADY_ELEVATED collisions=151065 evaluations=6309 1055s
[518980.9]   A step 756 BOTH_ALREADY_ELEVATED collisions=151065 evaluations=6309 1055s
[518980.9]   A step 757 BOTH_ALREADY_ELEVATED collisions=151065 evaluations=6309 1055s
[518988.4]   A step 758 ELEVATED collisions=150635 evaluations=6363 1063s
[518988.4]   A step 759 BOTH_ALREADY_ELEVATED collisions=150635 evaluations=6363 1063s
[518988.4]   A step 760 BOTH_ALREADY_ELEVATED collisions=150635 evaluations=6363 1063s
[518988.5]   A step 761 BOTH_ALREADY_ELEVATED collisions=150635 evaluations=6363 1063s
[518988.5]   A step 762 BOTH_ALREADY_ELEVATED collisions=150635 evaluations=6363 1063s
[518996.2]   A step 763 ELEVATED collisions=150213 evaluations=6417 1071s
[518996.3]   A step 764 BOTH_ALREADY_ELEVATED collisions=150213 evaluations=6417 1071s
[518996.3]   A step 765 BOTH_ALREADY_ELEVATED collisions=150213 evaluations=6417 1071s
[518996.4]   A step 766 BOTH_ALREADY_ELEVATED collisions=150213 evaluations=6417 1071s
[518996.4]   A step 767 BOTH_ALREADY_ELEVATED collisions=150213 evaluations=6417 1071s
[519003.2]   A step 768 ELEVATED collisions=149866 evaluations=6462 1078s
[519003.3]   A step 769 BOTH_ALREADY_ELEVATED collisions=149866 evaluations=6462 1078s
[519003.3]   A step 770 BOTH_ALREADY_ELEVATED collisions=149866 evaluations=6462 1078s
[519003.3]   A step 771 BOTH_ALREADY_ELEVATED collisions=149866 evaluations=6462 1078s
[519003.4]   A step 772 BOTH_ALREADY_ELEVATED collisions=149866 evaluations=6462 1078s
[519010.7]   A step 773 ELEVATED collisions=149528 evaluations=6516 1085s
[519010.7]   A step 774 BOTH_ALREADY_ELEVATED collisions=149528 evaluations=6516 1085s
[519010.8]   A step 775 BOTH_ALREADY_ELEVATED collisions=149528 evaluations=6516 1085s
[519010.8]   A step 776 BOTH_ALREADY_ELEVATED collisions=149528 evaluations=6516 1085s
[519010.9]   A step 777 BOTH_ALREADY_ELEVATED collisions=149528 evaluations=6516 1085s
[519017.9]   A step 778 ELEVATED collisions=149118 evaluations=6552 1092s
[519017.9]   A step 779 BOTH_ALREADY_ELEVATED collisions=149118 evaluations=6552 1092s
[519018.0]   A step 780 BOTH_ALREADY_ELEVATED collisions=149118 evaluations=6552 1092s
[519018.0]   A step 781 BOTH_ALREADY_ELEVATED collisions=149118 evaluations=6552 1092s
[519018.0]   A step 782 BOTH_ALREADY_ELEVATED collisions=149118 evaluations=6552 1092s
[519023.2]   A step 783 ELEVATED collisions=148718 evaluations=6588 1098s
[519023.3]   A step 784 BOTH_ALREADY_ELEVATED collisions=148718 evaluations=6588 1098s
[519023.3]   A step 785 BOTH_ALREADY_ELEVATED collisions=148718 evaluations=6588 1098s
[519023.4]   A step 786 BOTH_ALREADY_ELEVATED collisions=148718 evaluations=6588 1098s
[519023.4]   A step 787 BOTH_ALREADY_ELEVATED collisions=148718 evaluations=6588 1098s
[519028.7]   A step 788 ELEVATED collisions=148314 evaluations=6624 1103s
[519028.8]   A step 789 BOTH_ALREADY_ELEVATED collisions=148314 evaluations=6624 1103s
[519028.8]   A step 790 BOTH_ALREADY_ELEVATED collisions=148314 evaluations=6624 1103s
[519028.8]   A step 791 BOTH_ALREADY_ELEVATED collisions=148314 evaluations=6624 1103s
[519028.9]   A step 792 BOTH_ALREADY_ELEVATED collisions=148314 evaluations=6624 1103s
[519034.5]   A step 793 ELEVATED collisions=147914 evaluations=6660 1109s
[519034.6]   A step 794 BOTH_ALREADY_ELEVATED collisions=147914 evaluations=6660 1109s
[519034.6]   A step 795 BOTH_ALREADY_ELEVATED collisions=147914 evaluations=6660 1109s
[519034.6]   A step 796 BOTH_ALREADY_ELEVATED collisions=147914 evaluations=6660 1109s
[519034.7]   A step 797 BOTH_ALREADY_ELEVATED collisions=147914 evaluations=6660 1109s
[519045.3]   A step 798 ELEVATED collisions=147485 evaluations=6714 1120s
[519045.4]   A step 799 BOTH_ALREADY_ELEVATED collisions=147485 evaluations=6714 1120s
[519045.4]   A step 800 BOTH_ALREADY_ELEVATED collisions=147485 evaluations=6714 1120s
[519045.5]   A step 801 BOTH_ALREADY_ELEVATED collisions=147485 evaluations=6714 1120s
[519045.5]   A step 802 BOTH_ALREADY_ELEVATED collisions=147485 evaluations=6714 1120s
[519051.9]   A step 803 ELEVATED collisions=147061 evaluations=6750 1126s
[519051.9]   A step 804 BOTH_ALREADY_ELEVATED collisions=147061 evaluations=6750 1126s
[519052.0]   A step 805 BOTH_ALREADY_ELEVATED collisions=147061 evaluations=6750 1126s
[519052.0]   A step 806 BOTH_ALREADY_ELEVATED collisions=147061 evaluations=6750 1126s
[519052.1]   A step 807 BOTH_ALREADY_ELEVATED collisions=147061 evaluations=6750 1126s
[519059.8]   A step 808 ELEVATED collisions=146696 evaluations=6804 1134s
[519059.8]   A step 809 BOTH_ALREADY_ELEVATED collisions=146696 evaluations=6804 1134s
[519059.8]   A step 810 BOTH_ALREADY_ELEVATED collisions=146696 evaluations=6804 1134s
[519059.9]   A step 811 BOTH_ALREADY_ELEVATED collisions=146696 evaluations=6804 1134s
[519059.9]   A step 812 BOTH_ALREADY_ELEVATED collisions=146696 evaluations=6804 1134s
[519066.7]   A step 813 ELEVATED collisions=146323 evaluations=6858 1141s
[519066.8]   A step 814 BOTH_ALREADY_ELEVATED collisions=146323 evaluations=6858 1141s
[519066.8]   A step 815 BOTH_ALREADY_ELEVATED collisions=146323 evaluations=6858 1141s
[519066.8]   A step 816 BOTH_ALREADY_ELEVATED collisions=146323 evaluations=6858 1141s
[519066.9]   A step 817 BOTH_ALREADY_ELEVATED collisions=146323 evaluations=6858 1141s
[519072.2]   A step 818 ELEVATED collisions=146093 evaluations=6894 1147s
[519072.2]   A step 819 BOTH_ALREADY_ELEVATED collisions=146093 evaluations=6894 1147s
[519072.3]   A step 820 BOTH_ALREADY_ELEVATED collisions=146093 evaluations=6894 1147s
[519072.3]   A step 821 BOTH_ALREADY_ELEVATED collisions=146093 evaluations=6894 1147s
[519072.4]   A step 822 BOTH_ALREADY_ELEVATED collisions=146093 evaluations=6894 1147s
[519077.1]   A step 823 ELEVATED collisions=145848 evaluations=6930 1151s
[519077.1]   A step 824 BOTH_ALREADY_ELEVATED collisions=145848 evaluations=6930 1151s
[519077.2]   A step 825 BOTH_ALREADY_ELEVATED collisions=145848 evaluations=6930 1152s
[519077.2]   A step 826 BOTH_ALREADY_ELEVATED collisions=145848 evaluations=6930 1152s
[519077.2]   A step 827 BOTH_ALREADY_ELEVATED collisions=145848 evaluations=6930 1152s
[519085.5]   A step 828 ELEVATED collisions=145501 evaluations=6975 1160s
[519085.5]   A step 829 BOTH_ALREADY_ELEVATED collisions=145501 evaluations=6975 1160s
[519085.6]   A step 830 BOTH_ALREADY_ELEVATED collisions=145501 evaluations=6975 1160s
[519085.6]   A step 831 BOTH_ALREADY_ELEVATED collisions=145501 evaluations=6975 1160s
[519085.7]   A step 832 BOTH_ALREADY_ELEVATED collisions=145501 evaluations=6975 1160s
[519092.5]   A step 833 ELEVATED collisions=145146 evaluations=7020 1167s
[519092.5]   A step 834 BOTH_ALREADY_ELEVATED collisions=145146 evaluations=7020 1167s
[519092.6]   A step 835 BOTH_ALREADY_ELEVATED collisions=145146 evaluations=7020 1167s
[519092.6]   A step 836 BOTH_ALREADY_ELEVATED collisions=145146 evaluations=7020 1167s
[519092.7]   A step 837 BOTH_ALREADY_ELEVATED collisions=145146 evaluations=7020 1167s
[519101.1]   A step 838 ELEVATED collisions=144789 evaluations=7074 1175s
[519101.2]   A step 839 BOTH_ALREADY_ELEVATED collisions=144789 evaluations=7074 1176s
[519101.2]   A step 840 BOTH_ALREADY_ELEVATED collisions=144789 evaluations=7074 1176s
[519101.3]   A step 841 BOTH_ALREADY_ELEVATED collisions=144789 evaluations=7074 1176s
[519101.3]   A step 842 BOTH_ALREADY_ELEVATED collisions=144789 evaluations=7074 1176s
[519106.5]   A step 843 ELEVATED collisions=144452 evaluations=7110 1181s
[519106.6]   A step 844 BOTH_ALREADY_ELEVATED collisions=144452 evaluations=7110 1181s
[519106.6]   A step 845 BOTH_ALREADY_ELEVATED collisions=144452 evaluations=7110 1181s
[519106.7]   A step 846 BOTH_ALREADY_ELEVATED collisions=144452 evaluations=7110 1181s
[519106.7]   A step 847 BOTH_ALREADY_ELEVATED collisions=144452 evaluations=7110 1181s
[519112.5]   A step 848 ELEVATED collisions=144219 evaluations=7155 1187s
[519112.6]   A step 849 BOTH_ALREADY_ELEVATED collisions=144219 evaluations=7155 1187s
[519112.6]   A step 850 BOTH_ALREADY_ELEVATED collisions=144219 evaluations=7155 1187s
[519112.7]   A step 851 BOTH_ALREADY_ELEVATED collisions=144219 evaluations=7155 1187s
[519112.7]   A step 852 BOTH_ALREADY_ELEVATED collisions=144219 evaluations=7155 1187s
[519118.3]   A step 853 ELEVATED collisions=143979 evaluations=7200 1193s
[519118.4]   A step 854 BOTH_ALREADY_ELEVATED collisions=143979 evaluations=7200 1193s
[519118.4]   A step 855 BOTH_ALREADY_ELEVATED collisions=143979 evaluations=7200 1193s
[519118.5]   A step 856 BOTH_ALREADY_ELEVATED collisions=143979 evaluations=7200 1193s
[519118.5]   A step 857 BOTH_ALREADY_ELEVATED collisions=143979 evaluations=7200 1193s
[519126.1]   A step 858 ELEVATED collisions=143693 evaluations=7254 1200s
[519126.1]   A step 859 BOTH_ALREADY_ELEVATED collisions=143693 evaluations=7254 1200s
[519126.2]   A step 860 BOTH_ALREADY_ELEVATED collisions=143693 evaluations=7254 1201s
[519126.2]   A step 861 BOTH_ALREADY_ELEVATED collisions=143693 evaluations=7254 1201s
[519126.3]   A step 862 BOTH_ALREADY_ELEVATED collisions=143693 evaluations=7254 1201s
[519133.3]   A step 863 ELEVATED collisions=143420 evaluations=7308 1208s
[519133.3]   A step 864 BOTH_ALREADY_ELEVATED collisions=143420 evaluations=7308 1208s
[519133.4]   A step 865 BOTH_ALREADY_ELEVATED collisions=143420 evaluations=7308 1208s
[519133.4]   A step 866 BOTH_ALREADY_ELEVATED collisions=143420 evaluations=7308 1208s
[519133.4]   A step 867 BOTH_ALREADY_ELEVATED collisions=143420 evaluations=7308 1208s
[519141.3]   A step 868 ELEVATED collisions=143164 evaluations=7362 1216s
[519141.4]   A step 869 BOTH_ALREADY_ELEVATED collisions=143164 evaluations=7362 1216s
[519141.4]   A step 870 BOTH_ALREADY_ELEVATED collisions=143164 evaluations=7362 1216s
[519141.4]   A step 871 BOTH_ALREADY_ELEVATED collisions=143164 evaluations=7362 1216s
[519141.5]   A step 872 BOTH_ALREADY_ELEVATED collisions=143164 evaluations=7362 1216s
[519149.1]   A step 873 ELEVATED collisions=142929 evaluations=7416 1223s
[519149.1]   A step 874 BOTH_ALREADY_ELEVATED collisions=142929 evaluations=7416 1223s
[519149.2]   A step 875 BOTH_ALREADY_ELEVATED collisions=142929 evaluations=7416 1224s
[519149.2]   A step 876 BOTH_ALREADY_ELEVATED collisions=142929 evaluations=7416 1224s
[519149.3]   A step 877 BOTH_ALREADY_ELEVATED collisions=142929 evaluations=7416 1224s
[519157.0]   A step 878 ELEVATED collisions=142687 evaluations=7470 1231s
[519157.0]   A step 879 BOTH_ALREADY_ELEVATED collisions=142687 evaluations=7470 1231s
[519157.1]   A step 880 BOTH_ALREADY_ELEVATED collisions=142687 evaluations=7470 1231s
[519157.2]   A step 881 BOTH_ALREADY_ELEVATED collisions=142687 evaluations=7470 1232s
[519157.2]   A step 882 BOTH_ALREADY_ELEVATED collisions=142687 evaluations=7470 1232s
[519164.6]   A step 883 ELEVATED collisions=142446 evaluations=7524 1239s
[519164.7]   A step 884 BOTH_ALREADY_ELEVATED collisions=142446 evaluations=7524 1239s
[519164.7]   A step 885 BOTH_ALREADY_ELEVATED collisions=142446 evaluations=7524 1239s
[519164.8]   A step 886 BOTH_ALREADY_ELEVATED collisions=142446 evaluations=7524 1239s
[519164.8]   A step 887 BOTH_ALREADY_ELEVATED collisions=142446 evaluations=7524 1239s
[519175.5]   A step 888 ELEVATED collisions=142079 evaluations=7578 1250s
[519175.5]   A step 889 BOTH_ALREADY_ELEVATED collisions=142079 evaluations=7578 1250s
[519175.6]   A step 890 BOTH_ALREADY_ELEVATED collisions=142079 evaluations=7578 1250s
[519175.6]   A step 891 BOTH_ALREADY_ELEVATED collisions=142079 evaluations=7578 1250s
[519175.6]   A step 892 BOTH_ALREADY_ELEVATED collisions=142079 evaluations=7578 1250s
[519175.7]   A step 893 BOTH_ALREADY_ELEVATED collisions=142079 evaluations=7578 1250s
[519175.7]   A step 894 BOTH_ALREADY_ELEVATED collisions=142079 evaluations=7578 1250s
[519175.8]   A step 895 BOTH_ALREADY_ELEVATED collisions=142079 evaluations=7578 1250s
[519175.8]   A step 896 BOTH_ALREADY_ELEVATED collisions=142079 evaluations=7578 1250s
[519175.9]   A step 897 BOTH_ALREADY_ELEVATED collisions=142079 evaluations=7578 1250s
[519175.9]   A step 898 BOTH_ALREADY_ELEVATED collisions=142079 evaluations=7578 1250s
[519176.0]   A step 899 BOTH_ALREADY_ELEVATED collisions=142079 evaluations=7578 1250s
[519184.6]   A step 900 ELEVATED collisions=141705 evaluations=7632 1259s
[519184.6]   A step 901 BOTH_ALREADY_ELEVATED collisions=141705 evaluations=7632 1259s
[519184.7]   A step 902 BOTH_ALREADY_ELEVATED collisions=141705 evaluations=7632 1259s
[519184.7]   A step 903 BOTH_ALREADY_ELEVATED collisions=141705 evaluations=7632 1259s
[519184.7]   A step 904 BOTH_ALREADY_ELEVATED collisions=141705 evaluations=7632 1259s
[519184.8]   A step 905 BOTH_ALREADY_ELEVATED collisions=141705 evaluations=7632 1259s
[519184.8]   A step 906 BOTH_ALREADY_ELEVATED collisions=141705 evaluations=7632 1259s
[519184.9]   A step 907 BOTH_ALREADY_ELEVATED collisions=141705 evaluations=7632 1259s
[519184.9]   A step 908 BOTH_ALREADY_ELEVATED collisions=141705 evaluations=7632 1259s
[519185.0]   A step 909 BOTH_ALREADY_ELEVATED collisions=141705 evaluations=7632 1259s
[519185.0]   A step 910 BOTH_ALREADY_ELEVATED collisions=141705 evaluations=7632 1259s
[519185.0]   A step 911 BOTH_ALREADY_ELEVATED collisions=141705 evaluations=7632 1259s
[519196.5]   A step 912 ELEVATED collisions=141341 evaluations=7686 1271s
[519196.6]   A step 913 BOTH_ALREADY_ELEVATED collisions=141341 evaluations=7686 1271s
[519196.7]   A step 914 BOTH_ALREADY_ELEVATED collisions=141341 evaluations=7686 1271s
[519196.8]   A step 915 BOTH_ALREADY_ELEVATED collisions=141341 evaluations=7686 1271s
[519196.9]   A step 916 BOTH_ALREADY_ELEVATED collisions=141341 evaluations=7686 1271s
[519197.0]   A step 917 BOTH_ALREADY_ELEVATED collisions=141341 evaluations=7686 1271s
[519197.0]   A step 918 BOTH_ALREADY_ELEVATED collisions=141341 evaluations=7686 1271s
[519197.1]   A step 919 BOTH_ALREADY_ELEVATED collisions=141341 evaluations=7686 1271s
[519197.2]   A step 920 BOTH_ALREADY_ELEVATED collisions=141341 evaluations=7686 1272s
[519197.3]   A step 921 BOTH_ALREADY_ELEVATED collisions=141341 evaluations=7686 1272s
[519197.4]   A step 922 BOTH_ALREADY_ELEVATED collisions=141341 evaluations=7686 1272s
[519197.5]   A step 923 BOTH_ALREADY_ELEVATED collisions=141341 evaluations=7686 1272s
[519215.5]   A step 924 ELEVATED collisions=140972 evaluations=7740 1290s
[519215.6]   A step 925 BOTH_ALREADY_ELEVATED collisions=140972 evaluations=7740 1290s
[519215.7]   A step 926 BOTH_ALREADY_ELEVATED collisions=140972 evaluations=7740 1290s
[519215.7]   A step 927 BOTH_ALREADY_ELEVATED collisions=140972 evaluations=7740 1290s
[519215.8]   A step 928 BOTH_ALREADY_ELEVATED collisions=140972 evaluations=7740 1290s
[519215.9]   A step 929 BOTH_ALREADY_ELEVATED collisions=140972 evaluations=7740 1290s
[519216.0]   A step 930 BOTH_ALREADY_ELEVATED collisions=140972 evaluations=7740 1290s
[519216.1]   A step 931 BOTH_ALREADY_ELEVATED collisions=140972 evaluations=7740 1290s
[519216.2]   A step 932 BOTH_ALREADY_ELEVATED collisions=140972 evaluations=7740 1291s
[519216.3]   A step 933 BOTH_ALREADY_ELEVATED collisions=140972 evaluations=7740 1291s
[519216.4]   A step 934 BOTH_ALREADY_ELEVATED collisions=140972 evaluations=7740 1291s
[519216.5]   A step 935 BOTH_ALREADY_ELEVATED collisions=140972 evaluations=7740 1291s
[519234.8]   A step 936 ELEVATED collisions=140612 evaluations=7794 1309s
[519234.9]   A step 937 BOTH_ALREADY_ELEVATED collisions=140612 evaluations=7794 1309s
[519235.0]   A step 938 BOTH_ALREADY_ELEVATED collisions=140612 evaluations=7794 1309s
[519235.1]   A step 939 BOTH_ALREADY_ELEVATED collisions=140612 evaluations=7794 1309s
[519235.2]   A step 940 BOTH_ALREADY_ELEVATED collisions=140612 evaluations=7794 1310s
[519235.3]   A step 941 BOTH_ALREADY_ELEVATED collisions=140612 evaluations=7794 1310s
[519235.4]   A step 942 BOTH_ALREADY_ELEVATED collisions=140612 evaluations=7794 1310s
[519235.5]   A step 943 BOTH_ALREADY_ELEVATED collisions=140612 evaluations=7794 1310s
[519235.6]   A step 944 BOTH_ALREADY_ELEVATED collisions=140612 evaluations=7794 1310s
[519235.7]   A step 945 BOTH_ALREADY_ELEVATED collisions=140612 evaluations=7794 1310s
[519235.8]   A step 946 BOTH_ALREADY_ELEVATED collisions=140612 evaluations=7794 1310s
[519235.8]   A step 947 BOTH_ALREADY_ELEVATED collisions=140612 evaluations=7794 1310s
[519251.2]   A step 948 ELEVATED collisions=140246 evaluations=7848 1326s
[519251.3]   A step 949 BOTH_ALREADY_ELEVATED collisions=140246 evaluations=7848 1326s
[519251.4]   A step 950 BOTH_ALREADY_ELEVATED collisions=140246 evaluations=7848 1326s
[519251.4]   A step 951 BOTH_ALREADY_ELEVATED collisions=140246 evaluations=7848 1326s
[519251.5]   A step 952 BOTH_ALREADY_ELEVATED collisions=140246 evaluations=7848 1326s
[519251.6]   A step 953 BOTH_ALREADY_ELEVATED collisions=140246 evaluations=7848 1326s
[519251.7]   A step 954 BOTH_ALREADY_ELEVATED collisions=140246 evaluations=7848 1326s
[519251.8]   A step 955 BOTH_ALREADY_ELEVATED collisions=140246 evaluations=7848 1326s
[519251.9]   A step 956 BOTH_ALREADY_ELEVATED collisions=140246 evaluations=7848 1326s
[519251.9]   A step 957 BOTH_ALREADY_ELEVATED collisions=140246 evaluations=7848 1326s
[519252.0]   A step 958 BOTH_ALREADY_ELEVATED collisions=140246 evaluations=7848 1326s
[519252.1]   A step 959 BOTH_ALREADY_ELEVATED collisions=140246 evaluations=7848 1326s
[519267.0]   A step 960 ELEVATED collisions=139888 evaluations=7902 1341s
[519267.1]   A step 961 BOTH_ALREADY_ELEVATED collisions=139888 evaluations=7902 1341s
[519267.2]   A step 962 BOTH_ALREADY_ELEVATED collisions=139888 evaluations=7902 1342s
[519267.3]   A step 963 BOTH_ALREADY_ELEVATED collisions=139888 evaluations=7902 1342s
[519267.3]   A step 964 BOTH_ALREADY_ELEVATED collisions=139888 evaluations=7902 1342s
[519267.4]   A step 965 BOTH_ALREADY_ELEVATED collisions=139888 evaluations=7902 1342s
[519267.5]   A step 966 BOTH_ALREADY_ELEVATED collisions=139888 evaluations=7902 1342s
[519267.6]   A step 967 BOTH_ALREADY_ELEVATED collisions=139888 evaluations=7902 1342s
[519267.7]   A step 968 BOTH_ALREADY_ELEVATED collisions=139888 evaluations=7902 1342s
[519267.7]   A step 969 BOTH_ALREADY_ELEVATED collisions=139888 evaluations=7902 1342s
[519267.8]   A step 970 BOTH_ALREADY_ELEVATED collisions=139888 evaluations=7902 1342s
[519267.9]   A step 971 BOTH_ALREADY_ELEVATED collisions=139888 evaluations=7902 1342s
[519285.9]   A step 972 ELEVATED collisions=139527 evaluations=7956 1360s
[519286.0]   A step 973 BOTH_ALREADY_ELEVATED collisions=139527 evaluations=7956 1360s
[519286.0]   A step 974 BOTH_ALREADY_ELEVATED collisions=139527 evaluations=7956 1360s
[519286.1]   A step 975 BOTH_ALREADY_ELEVATED collisions=139527 evaluations=7956 1360s
[519286.2]   A step 976 BOTH_ALREADY_ELEVATED collisions=139527 evaluations=7956 1361s
[519286.3]   A step 977 BOTH_ALREADY_ELEVATED collisions=139527 evaluations=7956 1361s
[519286.4]   A step 978 BOTH_ALREADY_ELEVATED collisions=139527 evaluations=7956 1361s
[519286.5]   A step 979 BOTH_ALREADY_ELEVATED collisions=139527 evaluations=7956 1361s
[519286.5]   A step 980 BOTH_ALREADY_ELEVATED collisions=139527 evaluations=7956 1361s
[519286.6]   A step 981 BOTH_ALREADY_ELEVATED collisions=139527 evaluations=7956 1361s
[519286.7]   A step 982 BOTH_ALREADY_ELEVATED collisions=139527 evaluations=7956 1361s
[519286.8]   A step 983 BOTH_ALREADY_ELEVATED collisions=139527 evaluations=7956 1361s
[519304.7]   A step 984 ELEVATED collisions=139174 evaluations=8010 1379s
[519304.8]   A step 985 BOTH_ALREADY_ELEVATED collisions=139174 evaluations=8010 1379s
[519304.8]   A step 986 BOTH_ALREADY_ELEVATED collisions=139174 evaluations=8010 1379s
[519304.9]   A step 987 BOTH_ALREADY_ELEVATED collisions=139174 evaluations=8010 1379s
[519305.0]   A step 988 BOTH_ALREADY_ELEVATED collisions=139174 evaluations=8010 1379s
[519305.1]   A step 989 BOTH_ALREADY_ELEVATED collisions=139174 evaluations=8010 1379s
[519305.1]   A step 990 BOTH_ALREADY_ELEVATED collisions=139174 evaluations=8010 1379s
[519305.2]   A step 991 BOTH_ALREADY_ELEVATED collisions=139174 evaluations=8010 1380s
[519305.3]   A step 992 BOTH_ALREADY_ELEVATED collisions=139174 evaluations=8010 1380s
[519305.4]   A step 993 BOTH_ALREADY_ELEVATED collisions=139174 evaluations=8010 1380s
[519305.5]   A step 994 BOTH_ALREADY_ELEVATED collisions=139174 evaluations=8010 1380s
[519305.6]   A step 995 BOTH_ALREADY_ELEVATED collisions=139174 evaluations=8010 1380s
[519320.5]   A step 996 ELEVATED collisions=138816 evaluations=8064 1395s
[519320.5]   A step 997 BOTH_ALREADY_ELEVATED collisions=138816 evaluations=8064 1395s
[519320.6]   A step 998 BOTH_ALREADY_ELEVATED collisions=138816 evaluations=8064 1395s
[519320.7]   A step 999 BOTH_ALREADY_ELEVATED collisions=138816 evaluations=8064 1395s
[519320.8]   A step 1000 BOTH_ALREADY_ELEVATED collisions=138816 evaluations=8064 1395s
[519320.9]   A step 1001 BOTH_ALREADY_ELEVATED collisions=138816 evaluations=8064 1395s
[519320.9]   A step 1002 BOTH_ALREADY_ELEVATED collisions=138816 evaluations=8064 1395s
[519321.0]   A step 1003 BOTH_ALREADY_ELEVATED collisions=138816 evaluations=8064 1395s
[519321.1]   A step 1004 BOTH_ALREADY_ELEVATED collisions=138816 evaluations=8064 1395s
[519321.2]   A step 1005 BOTH_ALREADY_ELEVATED collisions=138816 evaluations=8064 1396s
[519321.2]   A step 1006 BOTH_ALREADY_ELEVATED collisions=138816 evaluations=8064 1396s
[519321.3]   A step 1007 BOTH_ALREADY_ELEVATED collisions=138816 evaluations=8064 1396s
[519336.1]   A step 1008 ELEVATED collisions=138466 evaluations=8118 1410s
[519336.2]   A step 1009 BOTH_ALREADY_ELEVATED collisions=138466 evaluations=8118 1411s
[519336.3]   A step 1010 BOTH_ALREADY_ELEVATED collisions=138466 evaluations=8118 1411s
[519336.3]   A step 1011 BOTH_ALREADY_ELEVATED collisions=138466 evaluations=8118 1411s
[519336.4]   A step 1012 BOTH_ALREADY_ELEVATED collisions=138466 evaluations=8118 1411s
[519336.5]   A step 1013 BOTH_ALREADY_ELEVATED collisions=138466 evaluations=8118 1411s
[519336.6]   A step 1014 BOTH_ALREADY_ELEVATED collisions=138466 evaluations=8118 1411s
[519336.7]   A step 1015 BOTH_ALREADY_ELEVATED collisions=138466 evaluations=8118 1411s
[519336.7]   A step 1016 BOTH_ALREADY_ELEVATED collisions=138466 evaluations=8118 1411s
[519336.8]   A step 1017 BOTH_ALREADY_ELEVATED collisions=138466 evaluations=8118 1411s
[519336.9]   A step 1018 BOTH_ALREADY_ELEVATED collisions=138466 evaluations=8118 1411s
[519337.0]   A step 1019 BOTH_ALREADY_ELEVATED collisions=138466 evaluations=8118 1411s
[519354.9]   A step 1020 ELEVATED collisions=138113 evaluations=8172 1429s
[519355.0]   A step 1021 BOTH_ALREADY_ELEVATED collisions=138113 evaluations=8172 1429s
[519355.1]   A step 1022 BOTH_ALREADY_ELEVATED collisions=138113 evaluations=8172 1429s
[519355.2]   A step 1023 BOTH_ALREADY_ELEVATED collisions=138113 evaluations=8172 1430s
[519355.3]   A step 1024 BOTH_ALREADY_ELEVATED collisions=138113 evaluations=8172 1430s
[519355.7] strategy A: done 1433s final=138113 accepted=175 evaluations=8172 stop=TARGET_LIMIT
[519371.5]   recheck 100000 pairs 10.6s
[519383.1]   recheck 200000 pairs 22.2s
[519402.5]   recheck 300000 pairs 41.6s
[519419.7]   recheck 400000 pairs 58.8s
[519434.6]   recheck 500000 pairs 73.7s
[519439.7] strategy A: recheck PASS pairs_match=True unknown_match=True
[519439.8] historical A comparison: {"status": "COMPARED", "historical_final_pairs": 138113, "measured_final_pairs": 138113, "historical_initial_pairs": 204291, "measured_initial_pairs": 204291, "historical_successful_elevations": 175, "measured_accepted_first_elevations": 175, "historical_total_extra_length_mm": 87.40659726097303, "measured_total_extra_length_mm": 87.40659726090962, "historical_runtime_seconds": {"dataset_geometry_seconds": 0.35877789999358356, "initial_pair_scan_seconds": 40.96634699997958, "assignment_seconds": 1086.5642724001082, "final_validation_seconds": 42.74530319997575, "total_seconds": 1172.6593039999716}, "measured_runtime_seconds": 1429.8545449000085, "historical_final_pair_set_size": 138113, "final_pair_sets_equal": true, "historical_unresolved_set_size": 4, "unresolved_pair_sets_equal": true, "matches_history": true}
[519439.8] strategy B: start
[519546.4]   B INITIAL_DONE collisions=204291 uncertain=4
[519546.8]   B step 1 NO_ACCEPTABLE_MOVE collisions=204291 evaluations=0 100s
[519547.2]   B step 2 NO_ACCEPTABLE_MOVE collisions=204291 evaluations=0 100s
[519547.5]   B step 3 NO_ACCEPTABLE_MOVE collisions=204291 evaluations=0 101s
[519547.9]   B step 4 NO_ACCEPTABLE_MOVE collisions=204291 evaluations=0 101s
[519548.3]   B step 5 NO_ACCEPTABLE_MOVE collisions=204291 evaluations=0 102s
[519548.7]   B step 6 NO_ACCEPTABLE_MOVE collisions=204291 evaluations=0 102s
[519554.9]   B step 7 ELEVATED collisions=203626 evaluations=18 108s
[519561.3]   B step 8 ELEVATED collisions=202973 evaluations=36 115s
[519567.5]   B step 9 ELEVATED collisions=202312 evaluations=54 121s
[519574.2]   B step 10 ELEVATED collisions=201655 evaluations=72 127s
[519576.9]   B step 11 ELEVATED collisions=201008 evaluations=81 130s
[519586.0]   B step 12 ELEVATED collisions=200367 evaluations=117 139s
[519595.0]   B step 13 ELEVATED collisions=199731 evaluations=153 148s
[519613.9]   B step 14 ELEVATED collisions=199135 evaluations=225 167s
[519634.3]   B step 15 ELEVATED collisions=198551 evaluations=297 188s
[519654.6]   B step 16 ELEVATED collisions=197971 evaluations=369 208s
[519674.8]   B step 17 ELEVATED collisions=197392 evaluations=441 228s
[519690.4]   B step 18 ELEVATED collisions=196816 evaluations=495 244s
[519697.8]   B step 19 ELEVATED collisions=196242 evaluations=522 251s
[519713.8]   B step 20 ELEVATED collisions=195668 evaluations=576 267s
[519729.7]   B step 21 ELEVATED collisions=195095 evaluations=630 283s
[519745.1]   B step 22 ELEVATED collisions=194525 evaluations=684 298s
[519750.7]   B step 23 ELEVATED collisions=194262 evaluations=702 304s
[519765.8]   B step 24 ELEVATED collisions=193693 evaluations=756 319s
[519779.9]   B step 25 ELEVATED collisions=193121 evaluations=810 333s
[519780.2]   B step 26 NO_ACCEPTABLE_MOVE collisions=193121 evaluations=810 333s
[519801.4]   B step 27 ELEVATED collisions=192555 evaluations=882 355s
[519822.4]   B step 28 ELEVATED collisions=191990 evaluations=954 376s
[519841.3]   B step 29 ELEVATED collisions=191428 evaluations=1026 395s
[519846.8]   B step 30 ELEVATED collisions=191164 evaluations=1044 400s
[519867.6]   B step 31 ELEVATED collisions=190603 evaluations=1116 421s
[519888.6]   B step 32 ELEVATED collisions=190044 evaluations=1188 442s
[519909.6]   B step 33 ELEVATED collisions=189487 evaluations=1260 463s
[519915.6]   B step 34 ELEVATED collisions=189231 evaluations=1278 469s
[519921.7]   B step 35 ELEVATED collisions=188644 evaluations=1305 475s
[519943.3]   B step 36 ELEVATED collisions=188089 evaluations=1377 497s
[519949.8]   B step 37 ELEVATED collisions=187505 evaluations=1404 503s
[519955.9]   B step 38 ELEVATED collisions=186923 evaluations=1431 509s
[519975.5]   B step 39 ELEVATED collisions=186369 evaluations=1494 529s
[519996.6]   B step 40 ELEVATED collisions=185820 evaluations=1566 550s
[520002.3]   B step 41 ELEVATED collisions=185566 evaluations=1584 556s
[520025.3]   B step 42 ELEVATED collisions=185019 evaluations=1656 579s
[520033.2]   B step 43 ELEVATED collisions=184468 evaluations=1683 586s
[520055.0]   B step 44 ELEVATED collisions=183927 evaluations=1755 608s
[520076.8]   B step 45 ELEVATED collisions=183388 evaluations=1827 630s
[520089.9]   B step 46 ELEVATED collisions=182818 evaluations=1872 643s
[520104.2]   B step 47 ELEVATED collisions=182250 evaluations=1917 658s
[520131.7]   B step 48 ELEVATED collisions=181716 evaluations=1989 685s
[520146.1]   B step 49 ELEVATED collisions=181151 evaluations=2034 699s
[520171.1]   B step 50 ELEVATED collisions=180619 evaluations=2106 724s
[520185.4]   B step 51 ELEVATED collisions=180057 evaluations=2151 739s
[520208.0]   B step 52 ELEVATED collisions=179530 evaluations=2223 761s
[520222.7]   B step 53 ELEVATED collisions=178971 evaluations=2268 776s
[520230.2]   B step 54 ELEVATED collisions=178721 evaluations=2286 783s
[520243.2]   B step 55 ELEVATED collisions=178164 evaluations=2331 796s
[520249.8]   B step 56 ELEVATED collisions=177914 evaluations=2349 803s
[520262.8]   B step 57 ELEVATED collisions=177359 evaluations=2394 816s
[520281.4]   B step 58 ELEVATED collisions=176837 evaluations=2466 835s
[520295.0]   B step 59 ELEVATED collisions=176286 evaluations=2511 848s
[520308.2]   B step 60 ELEVATED collisions=175737 evaluations=2556 862s
[520330.1]   B step 61 ELEVATED collisions=175221 evaluations=2628 883s
[520344.0]   B step 62 ELEVATED collisions=174675 evaluations=2673 897s
[520351.3]   B step 63 ELEVATED collisions=174430 evaluations=2691 905s
[520365.2]   B step 64 ELEVATED collisions=173886 evaluations=2736 919s
[520372.7]   B step 65 ELEVATED collisions=173642 evaluations=2754 926s
[520386.0]   B step 66 ELEVATED collisions=173100 evaluations=2799 939s
[520404.9]   B step 67 ELEVATED collisions=172590 evaluations=2871 958s
[520423.8]   B step 68 ELEVATED collisions=172082 evaluations=2943 977s
[520437.7]   B step 69 ELEVATED collisions=171544 evaluations=2988 991s
[520450.6]   B step 70 ELEVATED collisions=171008 evaluations=3033 1004s
[520471.1]   B step 71 ELEVATED collisions=170504 evaluations=3105 1024s
[520473.8]   B step 72 ELEVATED collisions=169988 evaluations=3114 1027s
[520495.3]   B step 73 ELEVATED collisions=169486 evaluations=3186 1049s
[520518.3]   B step 74 ELEVATED collisions=168987 evaluations=3258 1072s
[520540.7]   B step 75 ELEVATED collisions=168490 evaluations=3330 1094s
[520554.8]   B step 76 ELEVATED collisions=167962 evaluations=3375 1108s
[520557.8]   B step 77 ELEVATED collisions=167453 evaluations=3384 1111s
[520572.0]   B step 78 ELEVATED collisions=166927 evaluations=3429 1125s
[520574.9]   B step 79 ELEVATED collisions=166420 evaluations=3438 1128s
[520595.1]   B step 80 ELEVATED collisions=165929 evaluations=3510 1148s
[520608.6]   B step 81 ELEVATED collisions=165408 evaluations=3555 1162s
[520622.8]   B step 82 ELEVATED collisions=164921 evaluations=3609 1176s
[520643.6]   B step 83 ELEVATED collisions=164439 evaluations=3681 1197s
[520657.3]   B step 84 ELEVATED collisions=163910 evaluations=3726 1211s
[520662.7]   B step 85 ELEVATED collisions=163412 evaluations=3744 1216s
[520668.5]   B step 86 ELEVATED collisions=162916 evaluations=3762 1222s
[520681.7]   B step 87 ELEVATED collisions=162391 evaluations=3807 1235s
[520703.2]   B step 88 ELEVATED collisions=161915 evaluations=3879 1257s
[520710.6]   B step 89 ELEVATED collisions=161688 evaluations=3897 1264s
[520718.6]   B step 90 ELEVATED collisions=161460 evaluations=3915 1272s
[520725.1]   B step 91 ELEVATED collisions=160973 evaluations=3933 1278s
[520747.1]   B step 92 ELEVATED collisions=160502 evaluations=4005 1300s
[520769.3]   B step 93 ELEVATED collisions=160034 evaluations=4077 1323s
[520783.3]   B step 94 ELEVATED collisions=159522 evaluations=4122 1337s
[520806.2]   B step 95 ELEVATED collisions=159040 evaluations=4194 1360s
[520820.3]   B step 96 ELEVATED collisions=158514 evaluations=4266 1374s
[520843.4]   B step 97 ELEVATED collisions=158034 evaluations=4338 1397s
[520856.8]   B step 98 ELEVATED collisions=157540 evaluations=4383 1410s
[520870.2]   B step 99 ELEVATED collisions=157034 evaluations=4428 1423s
[520891.3]   B step 100 ELEVATED collisions=156577 evaluations=4500 1445s
[520899.7]   B step 101 ELEVATED collisions=156358 evaluations=4518 1453s
[520907.9]   B step 102 ELEVATED collisions=156139 evaluations=4536 1461s
[520914.8]   B step 103 ELEVATED collisions=155621 evaluations=4572 1468s
[520936.8]   B step 104 ELEVATED collisions=155172 evaluations=4644 1490s
[520950.9]   B step 105 ELEVATED collisions=154658 evaluations=4716 1504s
[520974.8]   B step 106 ELEVATED collisions=154189 evaluations=4788 1528s
[520997.5]   B step 107 ELEVATED collisions=153739 evaluations=4860 1551s
[521021.1]   B step 108 ELEVATED collisions=153292 evaluations=4932 1574s
[521043.0]   B step 109 ELEVATED collisions=152827 evaluations=5004 1596s
[521049.9]   B step 110 ELEVATED collisions=152319 evaluations=5040 1603s
[521070.9]   B step 111 ELEVATED collisions=151874 evaluations=5112 1624s
[521093.2]   B step 112 ELEVATED collisions=151425 evaluations=5184 1646s
[521115.5]   B step 113 ELEVATED collisions=150984 evaluations=5256 1669s
[521137.8]   B step 114 ELEVATED collisions=150545 evaluations=5328 1691s
[521158.5]   B step 115 ELEVATED collisions=150109 evaluations=5400 1712s
[521179.9]   B step 116 ELEVATED collisions=149676 evaluations=5472 1733s
[521203.1]   B step 117 ELEVATED collisions=149218 evaluations=5544 1756s
[521226.6]   B step 118 ELEVATED collisions=148788 evaluations=5616 1780s
[521248.0]   B step 119 ELEVATED collisions=148334 evaluations=5688 1801s
[521262.4]   B step 120 ELEVATED collisions=147875 evaluations=5733 1816s
[521283.5]   B step 121 ELEVATED collisions=147423 evaluations=5805 1837s
[521297.6]   B step 122 ELEVATED collisions=146929 evaluations=5877 1851s
[521320.3]   B step 123 ELEVATED collisions=146499 evaluations=5949 1874s
[521341.3]   B step 124 ELEVATED collisions=146066 evaluations=6021 1895s
[521363.9]   B step 125 ELEVATED collisions=145641 evaluations=6093 1917s
[521384.8]   B step 126 ELEVATED collisions=145217 evaluations=6165 1938s
[521405.2]   B step 127 ELEVATED collisions=144794 evaluations=6237 1959s
[521426.0]   B step 128 ELEVATED collisions=144374 evaluations=6309 1979s
[521449.5]   B step 129 ELEVATED collisions=143958 evaluations=6381 2003s
[521471.4]   B step 130 ELEVATED collisions=143552 evaluations=6453 2025s
[521481.7]   B step 131 ELEVATED collisions=143120 evaluations=6480 2035s
[521496.9]   B step 132 ELEVATED collisions=142685 evaluations=6525 2050s
[521520.7]   B step 133 ELEVATED collisions=142252 evaluations=6597 2074s
[521535.6]   B step 134 ELEVATED collisions=141820 evaluations=6642 2089s
[521555.7]   B step 135 ELEVATED collisions=141425 evaluations=6714 2109s
[521565.6]   B step 136 ELEVATED collisions=141001 evaluations=6741 2119s
[521586.4]   B step 137 ELEVATED collisions=140607 evaluations=6813 2140s
[521596.4]   B step 138 ELEVATED collisions=140188 evaluations=6840 2150s
[521611.5]   B step 139 ELEVATED collisions=139767 evaluations=6885 2165s
[521631.3]   B step 140 ELEVATED collisions=139381 evaluations=6957 2185s
[521647.5]   B step 141 ELEVATED collisions=138965 evaluations=7002 2201s
[521669.5]   B step 142 ELEVATED collisions=138549 evaluations=7074 2223s
[521690.6]   B step 143 ELEVATED collisions=138165 evaluations=7146 2244s
[521711.4]   B step 144 ELEVATED collisions=137783 evaluations=7218 2265s
[521727.8]   B step 145 ELEVATED collisions=137372 evaluations=7263 2281s
[521740.4]   B step 146 ELEVATED collisions=136963 evaluations=7299 2294s
[521763.4]   B step 147 ELEVATED collisions=136586 evaluations=7371 2317s
[521786.4]   B step 148 ELEVATED collisions=136211 evaluations=7443 2340s
[521786.6]   B step 149 NO_ACCEPTABLE_MOVE collisions=136211 evaluations=7443 2340s
[521811.1]   B step 150 ELEVATED collisions=135840 evaluations=7515 2364s
[521826.0]   B step 151 ELEVATED collisions=135427 evaluations=7560 2379s
[521842.2]   B step 152 ELEVATED collisions=135021 evaluations=7596 2396s
[521857.9]   B step 153 ELEVATED collisions=134610 evaluations=7641 2411s
[521877.5]   B step 154 ELEVATED collisions=134244 evaluations=7713 2431s
[521892.5]   B step 155 ELEVATED collisions=133847 evaluations=7758 2446s
[521907.2]   B step 156 ELEVATED collisions=133440 evaluations=7794 2461s
[521924.8]   B step 157 ELEVATED collisions=133038 evaluations=7839 2478s
[521941.9]   B step 158 ELEVATED collisions=132638 evaluations=7884 2495s
[521958.9]   B step 159 ELEVATED collisions=132250 evaluations=7929 2512s
[521971.2]   B step 160 ELEVATED collisions=131815 evaluations=7956 2524s
[521978.2]   B step 161 ELEVATED collisions=131370 evaluations=7992 2532s
[521978.4]   B step 162 NO_ACCEPTABLE_MOVE collisions=131370 evaluations=7992 2532s
[521987.3]   B step 163 ELEVATED collisions=130941 evaluations=8019 2541s
[522002.4]   B step 164 ELEVATED collisions=130515 evaluations=8091 2556s
[522024.9]   B step 165 ELEVATED collisions=130098 evaluations=8172 2578s
[522025.3] strategy B: done 2585s final=130098 accepted=156 evaluations=8172 stop=CANDIDATE_BUDGET_EXHAUSTED
[522049.1]   recheck 100000 pairs 15.5s
[522062.4]   recheck 200000 pairs 28.8s
[522089.0]   recheck 300000 pairs 55.4s
[522103.2]   recheck 400000 pairs 69.6s
[522114.2]   recheck 500000 pairs 80.6s
[522118.4] strategy B: recheck PASS pairs_match=True unknown_match=True
[522118.4] strategy C: start
[522200.9]   C INITIAL_DONE collisions=204291 uncertain=4
[522201.3]   C step 1 NO_ACCEPTABLE_MOVE collisions=204291 evaluations=0 78s
[522201.7]   C step 2 NO_ACCEPTABLE_MOVE collisions=204291 evaluations=0 78s
[522202.0]   C step 3 NO_ACCEPTABLE_MOVE collisions=204291 evaluations=0 79s
[522202.4]   C step 4 NO_ACCEPTABLE_MOVE collisions=204291 evaluations=0 79s
[522202.8]   C step 5 NO_ACCEPTABLE_MOVE collisions=204291 evaluations=0 80s
[522203.2]   C step 6 NO_ACCEPTABLE_MOVE collisions=204291 evaluations=0 80s
[522208.9]   C step 7 ELEVATED collisions=203626 evaluations=18 86s
[522214.9]   C step 8 ELEVATED collisions=202973 evaluations=36 92s
[522220.6]   C step 9 ELEVATED collisions=202312 evaluations=54 97s
[522226.9]   C step 10 ELEVATED collisions=201655 evaluations=72 104s
[522229.4]   C step 11 ELEVATED collisions=201008 evaluations=81 106s
[522238.2]   C step 12 ELEVATED collisions=200367 evaluations=117 115s
[522247.3]   C step 13 ELEVATED collisions=199731 evaluations=153 124s
[522266.0]   C step 14 ELEVATED collisions=199135 evaluations=225 143s
[522286.6]   C step 15 ELEVATED collisions=198551 evaluations=297 163s
[522307.1]   C step 16 ELEVATED collisions=197971 evaluations=369 184s
[522327.5]   C step 17 ELEVATED collisions=197392 evaluations=441 204s
[522343.4]   C step 18 ELEVATED collisions=196816 evaluations=495 220s
[522351.0]   C step 19 ELEVATED collisions=196242 evaluations=522 228s
[522367.0]   C step 20 ELEVATED collisions=195668 evaluations=576 244s
[522383.3]   C step 21 ELEVATED collisions=195095 evaluations=630 260s
[522399.2]   C step 22 ELEVATED collisions=194525 evaluations=684 276s
[522404.9]   C step 23 ELEVATED collisions=194262 evaluations=702 282s
[522420.9]   C step 24 ELEVATED collisions=193693 evaluations=756 298s
[522435.0]   C step 25 ELEVATED collisions=193121 evaluations=810 312s
[522435.3]   C step 26 NO_ACCEPTABLE_MOVE collisions=193121 evaluations=810 312s
[522457.2]   C step 27 ELEVATED collisions=192555 evaluations=882 334s
[522479.2]   C step 28 ELEVATED collisions=191990 evaluations=954 356s
[522498.5]   C step 29 ELEVATED collisions=191428 evaluations=1026 375s
[522504.1]   C step 30 ELEVATED collisions=191164 evaluations=1044 381s
[522525.1]   C step 31 ELEVATED collisions=190603 evaluations=1116 402s
[522546.6]   C step 32 ELEVATED collisions=190044 evaluations=1188 423s
[522567.8]   C step 33 ELEVATED collisions=189487 evaluations=1260 445s
[522573.9]   C step 34 ELEVATED collisions=189231 evaluations=1278 451s
[522580.5]   C step 35 ELEVATED collisions=188644 evaluations=1305 457s
[522601.8]   C step 36 ELEVATED collisions=188089 evaluations=1377 479s
[522608.6]   C step 37 ELEVATED collisions=187505 evaluations=1404 485s
[522614.9]   C step 38 ELEVATED collisions=186923 evaluations=1431 492s
[522634.5]   C step 39 ELEVATED collisions=186369 evaluations=1494 511s
[522657.4]   C step 40 ELEVATED collisions=185820 evaluations=1566 534s
[522663.2]   C step 41 ELEVATED collisions=185566 evaluations=1584 540s
[522685.5]   C step 42 ELEVATED collisions=185019 evaluations=1656 562s
[522693.3]   C step 43 ELEVATED collisions=184468 evaluations=1683 570s
[522714.4]   C step 44 ELEVATED collisions=183927 evaluations=1755 591s
[522735.4]   C step 45 ELEVATED collisions=183388 evaluations=1827 612s
[522748.1]   C step 46 ELEVATED collisions=182818 evaluations=1872 625s
[522761.5]   C step 47 ELEVATED collisions=182250 evaluations=1917 638s
[522785.4]   C step 48 ELEVATED collisions=181716 evaluations=1989 662s
[522798.1]   C step 49 ELEVATED collisions=181151 evaluations=2034 675s
[522820.0]   C step 50 ELEVATED collisions=180619 evaluations=2106 697s
[522832.1]   C step 51 ELEVATED collisions=180057 evaluations=2151 709s
[522854.4]   C step 52 ELEVATED collisions=179530 evaluations=2223 731s
[522867.7]   C step 53 ELEVATED collisions=178971 evaluations=2268 744s
[522874.5]   C step 54 ELEVATED collisions=178721 evaluations=2286 751s
[522887.0]   C step 55 ELEVATED collisions=178164 evaluations=2331 764s
[522893.5]   C step 56 ELEVATED collisions=177914 evaluations=2349 770s
[522906.5]   C step 57 ELEVATED collisions=177359 evaluations=2394 783s
[522925.2]   C step 58 ELEVATED collisions=176837 evaluations=2466 802s
[522938.7]   C step 59 ELEVATED collisions=176286 evaluations=2511 815s
[522951.9]   C step 60 ELEVATED collisions=175737 evaluations=2556 829s
[522973.4]   C step 61 ELEVATED collisions=175221 evaluations=2628 850s
[522986.6]   C step 62 ELEVATED collisions=174675 evaluations=2673 863s
[522993.4]   C step 63 ELEVATED collisions=174430 evaluations=2691 870s
[523006.4]   C step 64 ELEVATED collisions=173886 evaluations=2736 883s
[523013.4]   C step 65 ELEVATED collisions=173642 evaluations=2754 890s
[523025.8]   C step 66 ELEVATED collisions=173100 evaluations=2799 903s
[523043.5]   C step 67 ELEVATED collisions=172590 evaluations=2871 920s
[523061.2]   C step 68 ELEVATED collisions=172082 evaluations=2943 938s
[523075.1]   C step 69 ELEVATED collisions=171544 evaluations=2988 952s
[523088.0]   C step 70 ELEVATED collisions=171008 evaluations=3033 965s
[523107.9]   C step 71 ELEVATED collisions=170504 evaluations=3105 985s
[523110.5]   C step 72 ELEVATED collisions=169988 evaluations=3114 987s
[523131.5]   C step 73 ELEVATED collisions=169486 evaluations=3186 1008s
[523154.4]   C step 74 ELEVATED collisions=168987 evaluations=3258 1031s
[523176.1]   C step 75 ELEVATED collisions=168490 evaluations=3330 1053s
[523189.9]   C step 76 ELEVATED collisions=167962 evaluations=3375 1067s
[523192.9]   C step 77 ELEVATED collisions=167453 evaluations=3384 1070s
[523206.9]   C step 78 ELEVATED collisions=166927 evaluations=3429 1084s
[523209.8]   C step 79 ELEVATED collisions=166420 evaluations=3438 1087s
[523230.3]   C step 80 ELEVATED collisions=165929 evaluations=3510 1107s
[523243.8]   C step 81 ELEVATED collisions=165408 evaluations=3555 1121s
[523258.0]   C step 82 ELEVATED collisions=164921 evaluations=3609 1135s
[523278.3]   C step 83 ELEVATED collisions=164439 evaluations=3681 1155s
[523291.7]   C step 84 ELEVATED collisions=163910 evaluations=3726 1169s
[523296.9]   C step 85 ELEVATED collisions=163412 evaluations=3744 1174s
[523302.4]   C step 86 ELEVATED collisions=162916 evaluations=3762 1179s
[523315.4]   C step 87 ELEVATED collisions=162391 evaluations=3807 1192s
[523337.1]   C step 88 ELEVATED collisions=161915 evaluations=3879 1214s
[523344.6]   C step 89 ELEVATED collisions=161688 evaluations=3897 1221s
[523352.8]   C step 90 ELEVATED collisions=161460 evaluations=3915 1230s
[523359.3]   C step 91 ELEVATED collisions=160973 evaluations=3933 1236s
[523381.9]   C step 92 ELEVATED collisions=160502 evaluations=4005 1259s
[523404.4]   C step 93 ELEVATED collisions=160034 evaluations=4077 1281s
[523418.6]   C step 94 ELEVATED collisions=159522 evaluations=4122 1295s
[523441.8]   C step 95 ELEVATED collisions=159040 evaluations=4194 1319s
[523456.0]   C step 96 ELEVATED collisions=158514 evaluations=4266 1333s
[523479.3]   C step 97 ELEVATED collisions=158034 evaluations=4338 1356s
[523492.7]   C step 98 ELEVATED collisions=157540 evaluations=4383 1370s
[523506.5]   C step 99 ELEVATED collisions=157034 evaluations=4428 1383s
[523527.6]   C step 100 ELEVATED collisions=156577 evaluations=4500 1404s
[523535.8]   C step 101 ELEVATED collisions=156358 evaluations=4518 1413s
[523543.9]   C step 102 ELEVATED collisions=156139 evaluations=4536 1421s
[523550.5]   C step 103 ELEVATED collisions=155621 evaluations=4572 1427s
[523571.6]   C step 104 ELEVATED collisions=155172 evaluations=4644 1448s
[523585.9]   C step 105 ELEVATED collisions=154658 evaluations=4716 1463s
[523605.9]   C step 106 ELEVATED collisions=154189 evaluations=4788 1483s
[523629.5]   C step 107 ELEVATED collisions=153739 evaluations=4860 1506s
[523649.5]   C step 108 ELEVATED collisions=153292 evaluations=4932 1526s
[523666.2]   C step 109 ELEVATED collisions=152827 evaluations=5004 1543s
[523671.5]   C step 110 ELEVATED collisions=152319 evaluations=5040 1548s
[523687.8]   C step 111 ELEVATED collisions=151874 evaluations=5112 1565s
[523704.7]   C step 112 ELEVATED collisions=151425 evaluations=5184 1582s
[523722.3]   C step 113 ELEVATED collisions=150984 evaluations=5256 1599s
[523739.9]   C step 114 ELEVATED collisions=150545 evaluations=5328 1617s
[523756.7]   C step 115 ELEVATED collisions=150109 evaluations=5400 1633s
[523773.5]   C step 116 ELEVATED collisions=149676 evaluations=5472 1650s
[523792.0]   C step 117 ELEVATED collisions=149218 evaluations=5544 1669s
[523815.7]   C step 118 ELEVATED collisions=148788 evaluations=5616 1692s
[523837.9]   C step 119 ELEVATED collisions=148334 evaluations=5688 1715s
[523852.9]   C step 120 ELEVATED collisions=147875 evaluations=5733 1730s
[523870.6]   C step 121 ELEVATED collisions=147423 evaluations=5805 1747s
[523885.5]   C step 122 ELEVATED collisions=146929 evaluations=5877 1762s
[523909.7]   C step 123 ELEVATED collisions=146499 evaluations=5949 1787s
[523932.5]   C step 124 ELEVATED collisions=146066 evaluations=6021 1809s
[523957.3]   C step 125 ELEVATED collisions=145641 evaluations=6093 1834s
[523980.3]   C step 126 ELEVATED collisions=145217 evaluations=6165 1857s
[524001.8]   C step 127 ELEVATED collisions=144794 evaluations=6237 1879s
[524022.5]   C step 128 ELEVATED collisions=144374 evaluations=6309 1899s
[524045.7]   C step 129 ELEVATED collisions=143958 evaluations=6381 1923s
[524068.6]   C step 130 ELEVATED collisions=143552 evaluations=6453 1945s
[524079.0]   C step 131 ELEVATED collisions=143120 evaluations=6480 1956s
[524095.2]   C step 132 ELEVATED collisions=142685 evaluations=6525 1972s
[524119.8]   C step 133 ELEVATED collisions=142252 evaluations=6597 1997s
[524135.4]   C step 134 ELEVATED collisions=141820 evaluations=6642 2012s
[524156.6]   C step 135 ELEVATED collisions=141425 evaluations=6714 2033s
[524167.4]   C step 136 ELEVATED collisions=141001 evaluations=6741 2044s
[524188.9]   C step 137 ELEVATED collisions=140607 evaluations=6813 2066s
[524199.0]   C step 138 ELEVATED collisions=140188 evaluations=6840 2076s
[524214.9]   C step 139 ELEVATED collisions=139767 evaluations=6885 2092s
[524235.5]   C step 140 ELEVATED collisions=139381 evaluations=6957 2112s
[524251.4]   C step 141 ELEVATED collisions=138965 evaluations=7002 2128s
[524273.2]   C step 142 ELEVATED collisions=138549 evaluations=7074 2150s
[524294.0]   C step 143 ELEVATED collisions=138165 evaluations=7146 2171s
[524315.0]   C step 144 ELEVATED collisions=137783 evaluations=7218 2192s
[524332.2]   C step 145 ELEVATED collisions=137372 evaluations=7263 2209s
[524345.0]   C step 146 ELEVATED collisions=136963 evaluations=7299 2222s
[524368.4]   C step 147 ELEVATED collisions=136586 evaluations=7371 2245s
[524392.1]   C step 148 ELEVATED collisions=136211 evaluations=7443 2269s
[524392.4]   C step 149 NO_ACCEPTABLE_MOVE collisions=136211 evaluations=7443 2269s
[524417.9]   C step 150 ELEVATED collisions=135840 evaluations=7515 2295s
[524433.2]   C step 151 ELEVATED collisions=135427 evaluations=7560 2310s
[524449.7]   C step 152 ELEVATED collisions=135021 evaluations=7596 2327s
[524466.1]   C step 153 ELEVATED collisions=134610 evaluations=7641 2343s
[524486.0]   C step 154 ELEVATED collisions=134244 evaluations=7713 2363s
[524500.8]   C step 155 ELEVATED collisions=133847 evaluations=7758 2378s
[524515.2]   C step 156 ELEVATED collisions=133440 evaluations=7794 2392s
[524532.2]   C step 157 ELEVATED collisions=133038 evaluations=7839 2409s
[524548.4]   C step 158 ELEVATED collisions=132638 evaluations=7884 2425s
[524564.3]   C step 159 ELEVATED collisions=132250 evaluations=7929 2441s
[524575.6]   C step 160 ELEVATED collisions=131815 evaluations=7956 2452s
[524582.2]   C step 161 ELEVATED collisions=131370 evaluations=7992 2459s
[524582.4]   C step 162 NO_ACCEPTABLE_MOVE collisions=131370 evaluations=7992 2459s
[524590.6]   C step 163 ELEVATED collisions=130941 evaluations=8019 2467s
[524604.9]   C step 164 ELEVATED collisions=130515 evaluations=8091 2482s
[524623.5]   C step 165 ELEVATED collisions=130098 evaluations=8172 2500s
[524623.8] strategy C: done 2505s final=130098 accepted=156 evaluations=8172 stop=CANDIDATE_BUDGET_EXHAUSTED
[524642.5]   recheck 100000 pairs 12.3s
[524653.1]   recheck 200000 pairs 22.9s
[524678.3]   recheck 300000 pairs 48.1s
[524691.8]   recheck 400000 pairs 61.6s
[524702.9]   recheck 500000 pairs 72.7s
[524707.0] strategy C: recheck PASS pairs_match=True unknown_match=True
[524707.0] ALL DONE [{"strategy": "A", "initial_collision_pairs": 204291, "final_collision_pairs": 138113, "reduction_percent": 32.394, "old_collisions_removed": 68782, "new_collisions_created": 2604, "unresolved_final": 4, "accepted_moves": 175, "first_elevations": 175, "relocations": 0, "elevated_route_count": 175, "target_attempts": 1024, "final_extra_length_mm": 87.406597, "total_step_length_delta_mm": 87.406597, "final_transition_count": 350, "candidate_evaluations": 8172, "generated_candidates": 8172, "full_neighbor_checks": 4604, "candidate_budget": 8172, "stop_reason": "TARGET_LIMIT", "assignment_seconds": 1374.33, "runtime_seconds": 1429.855}, {"strategy": "B", "initial_collision_pairs": 204291, "final_collision_pairs": 130098, "reduction_percent": 36.3173, "old_collisions_removed": 77457, "new_collisions_created": 3264, "unresolved_final": 4, "accepted_moves": 156, "first_elevations": 156, "relocations": 0, "elevated_route_count": 156, "target_attempts": 165, "final_extra_length_mm": 71.916944, "total_step_length_delta_mm": 71.916944, "final_transition_count": 312, "candidate_evaluations": 8172, "generated_candidates": 8217, "full_neighbor_checks": 4245, "candidate_budget": 8172, "stop_reason": "CANDIDATE_BUDGET_EXHAUSTED", "assignment_seconds": 2478.695, "runtime_seconds": 2578.349}, {"strategy": "C", "initial_collision_pairs": 204291, "final_collision_pairs": 130098, "reduction_percent": 36.3173, "old_collisions_removed": 77457, "new_collisions_created": 3264, "unresolved_final": 4, "accepted_moves": 156, "first_elevations": 156, "relocations": 0, "elevated_route_count": 156, "target_attempts": 165, "final_extra_length_mm": 71.916944, "total_step_length_delta_mm": 71.916944, "final_transition_count": 312, "candidate_evaluations": 8172, "generated_candidates": 8217, "full_neighbor_checks": 4245, "candidate_budget": 8172, "stop_reason": "CANDIDATE_BUDGET_EXHAUSTED", "assignment_seconds": 2422.696, "runtime_seconds": 2500.437}]
