route_id,port1,port2,index1,index2,sx_mm,sy_mm,lx_mm,ly_mm,track_y_mm,radius_mm,dx_mm,straight_length_mm,arc_length_mm,total_length_mm,bend_count,bend_total_deg,crossing_count,min_crossing_angle_deg,straight_loss_db,bend_loss_db,crossing_loss_db,total_loss_db,geometry_valid,geometry_issue_kinds,legacy_length_mm,legacy_crossing_count,legacy_loss_db
0,8,1,28,58,132.1,150.0,121.1,0.0,42.1,6.0,11.0,138.0417392568986,17.848394882211384,155.89013413911,2,170.4396163056017,94,34.76258398715183,0.6902086962844931,3.6051981702377214,0.226399031275637,4.521805897797852,True,,155.8901,94,4.523085465928818
1,8,1,28,58,132.275,150.0,121.275,0.0,41.925,6.0,11.0,138.0417392568986,17.848394882211373,155.89013413911,2,170.43961630560167,94,31.713377838836593,0.6902086962844931,3.6051981702377196,0.22258951147972098,4.517996378001934,True,,155.8901,94,4.519573502969601
2,9,1,30,58,141.1,150.0,121.45,0.0,38.425,6.0,19.64999999999999,145.64999999999998,18.84955592153876,164.49955592153873,2,180.0,78,39.94450518981488,0.72825,3.807422738380465,0.1981251475000843,4.733797885880549,True,,164.4996,78,4.734958861698049
3,9,1,30,58,141.275,150.0,121.625,0.0,38.25,6.0,19.650000000000006,145.65,18.84955592153876,164.49955592153876,2,180.0,78,37.265962926494275,0.7282500000000001,3.807422738380465,0.2016667790476833,4.737339517428149,True,,164.4996,78,4.738530246119792
4,1,26,58,4,119.875,0.0,23.75,150.0,104.75,6.0,96.125,222.125,18.84955592153876,240.97455592153875,2,180.0,235,24.146847996502586,1.110625,3.807422738380465,0.44574427137767825,5.363792009758143,True,,240.9746,235,5.36495290128988
5,1,26,58,4,120.05,0.0,23.925,150.0,104.925,6.0,96.125,222.125,18.84955592153876,240.97455592153875,2,180.0,235,27.95288658913517,1.110625,3.807422738380465,0.4423811570749463,5.360428895455411,True,,240.9746,235,5.3622742997592505
6,1,26,58,4,120.225,0.0,24.1,150.0,105.1,6.0,96.125,222.125,18.84955592153876,240.97455592153875,2,180.0,235,31.33220670723324,1.110625,3.807422738380465,0.44211329692188345,5.360161035302348,True,,240.9746,235,5.36328620652796
7,1,26,58,4,120.4,0.0,24.275,150.0,105.275,6.0,96.125,222.125,18.84955592153876,240.97455592153875,2,180.0,235,34.411508669769695,1.110625,3.807422738380465,0.44654773945585075,5.364595477836316,True,,240.9746,235,5.36623258392589
8,1,26,58,4,120.575,0.0,24.45,150.0,105.45,6.0,96.125,222.125,18.84955592153876,240.97455592153875,2,180.0,235,37.26596292649432,1.110625,3.807422738380465,0.4533631704932399,5.371410908873704,True,,240.9746,235,5.370548071153787
9,1,54,58,34,119.7,0.0,13.275,0.0,28.975,6.0,106.425,140.375,18.84955592153876,159.22455592153875,2,180.0,230,27.95288658913515,0.701875,3.807422738380465,0.43273824775518827,4.942035986135654,True,,159.2246,230,4.941232569878261
10,1,58,58,40,119.175,0.0,39.4,0.0,28.45,6.0,79.775,112.67500000000001,18.84955592153876,131.52455592153876,2,180.0,208,37.265962926494275,0.5633750000000001,3.807422738380465,0.39830372093545896,4.769101459315924,True,,131.5246,208,4.768565875116342
11,1,58,58,40,119.35,0.0,39.225,0.0,28.625,6.0,80.125,113.375,18.84955592153876,132.22455592153875,2,180.0,208,34.411508669769525,0.566875,3.807422738380465,0.3990477675511047,4.7733455059315695,True,,132.2246,208,4.772839674606132
12,1,58,58,40,119.525,0.0,39.05,0.0,28.8,6.0,80.47500000000001,114.075,18.84955592153876,132.92455592153877,2,180.0,208,31.332206707233127,0.5703750000000001,3.807422738380465,0.400476326938853,4.7782740653193185,True,,132.9246,208,4.777232513687754
13,2,11,20,52,96.1,150.0,93.225,0.0,54.35,6.0,2.875,142.20677377461683,8.482102436731477,150.68887621134832,2,80.99811183705751,211,38.04750745361992,0.7110338688730842,1.7133002931905368,0.39985134801029343,2.8241855100739146,True,,150.6889,211,2.826090262486487
14,2,11,20,52,96.275,150.0,93.4,0.0,54.175,6.0,2.875,142.20677377461683,8.482102436731477,150.68887621134832,2,80.99811183705751,211,35.24750699205245,0.7110338688730842,1.7133002931905368,0.4050299214456687,2.8293640835092897,True,,150.6889,211,2.830346187775587
15,2,11,20,52,96.45,150.0,93.575,0.0,54.0,6.0,2.875,142.20677377461683,8.482102436731477,150.68887621134832,2,80.99811183705751,211,32.23866912636972,0.7110338688730842,1.7133002931905368,0.40675609386062445,2.8310902559242455,True,,150.6889,211,2.830554514085107
16,2,11,20,52,96.625,150.0,93.75,0.0,53.825,6.0,2.875,142.20677377461683,8.482102436731477,150.68887621134832,2,80.99811183705751,211,28.228137194322322,0.7110338688730842,1.7133002931905368,0.40193466729599975,2.8262688293596208,True,,150.6889,211,2.826298616891261
17,2,56,20,36,94.875,150.0,20.525,0.0,55.575,6.0,74.35,200.35000000000002,18.84955592153876,219.19955592153877,2,180.0,230,32.02482746807539,1.0017500000000001,3.807422738380465,0.44348221008507177,5.252654948465537,True,,219.1996,230,5.246821947905525
18,2,56,20,36,95.05,150.0,20.7,0.0,55.4,6.0,74.35,200.35,18.84955592153876,219.19955592153875,2,180.0,230,35.04994691109191,1.00175,3.807422738380465,0.44413699807828405,5.253309736458749,True,,219.1996,230,5.251286171408891
19,2,56,20,36,95.225,150.0,20.875,0.0,55.225,6.0,74.35,200.35,18.84955592153876,219.19955592153875,2,180.0,230,37.862584621125286,1.00175,3.807422738380465,0.44532750637762214,5.254500244758087,True,,219.1996,230,5.254173014963278
20,6,8,62,28,139.1,0.0,132.45,150.0,112.1,6.0,6.650000000000006,139.25860809764396,13.304295642347707,152.56290373999167,2,127.04666495013598,54,38.433206340850994,0.6962930404882198,2.6873353387030687,0.15107166537428496,3.5347000445655734,True,,152.5629,54,3.5420213681444777
21,6,8,62,28,139.275,0.0,132.625,150.0,112.275,6.0,6.650000000000006,139.25860809764396,13.304295642347707,152.56290373999167,2,127.04666495013598,54,35.65908769613878,0.6962930404882198,2.6873353387030687,0.1563990031803828,3.5400273823716715,True,,152.5629,54,3.540622533535619
22,9,6,30,62,141.45,150.0,139.45,0.0,37.725,6.0,2.0,143.3667504192892,7.0282265214858075,150.394976940775,2,67.11461952384141,28,40.68251227204401,0.716833752096446,1.419631824737929,0.08684535248305857,2.2233109293174333,True,,150.395,28,2.222090811535331
23,9,6,30,62,141.625,150.0,139.625,0.0,37.55,6.0,2.0,143.36675041928922,7.0282265214858075,150.39497694077502,2,67.11461952384141,28,38.04750745361992,0.7168337520964461,1.419631824737929,0.09979181416675097,2.2362573910011263,True,,150.395,28,2.2318824852258112
24,6,10,62,18,138.4,0.0,86.4,150.0,111.4,6.0,52.0,178.0,18.84955592153876,196.84955592153875,2,180.0,174,43.18342179617398,0.89,3.807422738380465,0.34851210343548716,5.045934841815952,True,,196.8496,174,5.047065924283037
25,6,10,62,18,138.575,0.0,86.575,150.0,111.575,6.0,51.999999999999986,178.0,18.84955592153876,196.84955592153875,2,180.0,174,45.572995999194056,0.89,3.807422738380465,0.3481252317858462,5.045547970166311,True,,196.8496,174,5.046351714827298
26,6,10,62,18,138.75,0.0,86.75,150.0,111.75,6.0,52.0,178.0,18.84955592153876,196.84955592153875,2,180.0,174,43.53115216737253,0.89,3.807422738380465,0.35104191250013983,5.048464650880605,True,,196.8496,174,5.0484945679565465
27,6,10,62,18,138.925,0.0,86.925,150.0,111.925,6.0,52.000000000000014,178.0,18.84955592153876,196.84955592153875,2,180.0,174,41.04739187375178,0.89,3.807422738380465,0.3532146027892963,5.050637341169761,True,,196.8496,174,5.0518577103545335
28,6,11,62,52,137.35,0.0,94.45,0.0,33.7,6.0,42.89999999999999,86.3,18.84955592153876,105.14955592153876,2,180.0,145,27.95288658913517,0.4315,3.807422738380465,0.29160735758515666,4.530530095965622,True,,105.1496,141,4.52472667970823
29,6,11,62,52,137.175,0.0,94.625,0.0,18.125,6.0,42.55000000000001,54.80000000000001,18.84955592153876,73.64955592153876,2,180.0,145,48.82711314820619,0.2740000000000001,3.807422738380465,0.27035739972803813,4.351780138108503,True,,73.6496,141,4.348238558381685
30,6,11,62,52,137.525,0.0,94.275,0.0,33.875,6.0,43.25,87.0,18.84955592153876,105.84955592153875,2,180.0,145,31.332206707233127,0.435,3.807422738380465,0.2906251755953383,4.533047913975803,True,,105.8496,141,4.528762343823848
31,6,29,62,2,138.225,0.0,15.45,150.0,111.225,6.0,122.77499999999999,248.775,18.84955592153876,267.6245559215388,2,180.0,257,31.332206707233127,1.243875,3.807422738380465,0.482559702415067,5.533857440795532,True,,267.6246,257,5.532935013041563
32,6,41,62,50,137.0,0.0,85.45,0.0,15.325,6.0,51.55,58.2,18.84955592153876,77.04955592153877,2,180.0,173,39.94450518981492,0.29100000000000004,3.807422738380465,0.3308334738096034,4.429256212190069,True,,77.0496,166,4.4145242084496745
33,6,51,62,48,137.7,0.0,76.45,0.0,34.05,6.0,61.249999999999986,105.34999999999998,18.84955592153876,124.19955592153875,2,180.0,177,34.41150866976939,0.5267499999999999,3.807422738380465,0.34491093804434525,4.67908367642481,True,,124.1996,174,4.669589695677573
34,6,53,62,32,138.05,0.0,4.1,0.0,34.4,6.0,133.95000000000002,178.75000000000003,18.84955592153876,197.59955592153878,2,180.0,267,27.95288658913529,0.8937500000000002,3.807422738380465,0.4824406066327264,5.183613345013192,True,,197.5996,267,5.187512287633338
35,6,58,62,40,137.875,0.0,38.875,0.0,34.225,6.0,99.0,143.45,18.84955592153876,162.29955592153874,2,180.0,223,31.332206707233127,0.7172499999999999,3.807422738380465,0.4007441870919156,4.925416925472381,True,,162.2996,223,4.924792026459857
36,8,12,28,21,130.0,150.0,101.125,150.0,142.55,6.0,28.875,19.774999999999977,18.84955592153876,38.624555921538736,2,180.0,96,39.94450518981455,0.0988749999999999,3.807422738380465,0.20068468134362755,4.106982419724092,True,,38.6246,96,4.10742896132382
37,8,12,28,21,130.175,150.0,100.95,150.0,142.375,6.0,29.22500000000001,20.47500000000001,18.84955592153876,39.32455592153877,2,180.0,96,42.48111287543219,0.10237500000000005,3.807422738380465,0.19994060663272772,4.109738345013192,True,,39.3246,96,4.108369483670785
38,8,12,28,21,130.35,150.0,100.775,150.0,142.2,6.0,29.57499999999999,21.17500000000001,18.84955592153876,40.02455592153877,2,180.0,96,42.48111287543219,0.10587500000000005,3.807422738380465,0.195059674319814,4.108357412700279,True,,40.0246,96,4.108238481119736
39,8,12,28,21,130.525,150.0,100.6,150.0,142.025,6.0,29.92500000000001,21.875,18.84955592153876,40.72455592153876,2,180.0,96,39.944505189814926,0.109375,3.807422738380465,0.19133944124158556,4.108137179622051,True,,40.7246,96,4.109595627990487
40,8,16,28,14,130.875,150.0,69.275,150.0,118.225,6.0,61.599999999999994,101.15,18.84955592153876,119.99955592153876,2,180.0,173,31.332206707233127,0.50575,3.807422738380465,0.34252992144566907,4.655702659826134,True,,119.9996,173,4.656149201425862
41,8,16,28,14,131.05,150.0,69.1,150.0,118.05,6.0,61.95000000000002,101.85000000000002,18.84955592153876,120.69955592153877,2,180.0,173,31.332206707233127,0.5092500000000001,3.807422738380465,0.34250014047627036,4.659172878856735,True,,120.6996,173,4.659024222497302
42,8,16,28,14,131.225,150.0,68.925,150.0,117.875,6.0,62.3,102.55,18.84955592153876,121.39955592153876,2,180.0,173,27.95288658913517,0.51275,3.807422738380465,0.34226206129260606,4.662434799673072,True,,121.3996,173,4.661482590949703
43,8,17,28,16,130.7,150.0,78.275,150.0,118.4,6.0,52.42499999999998,91.62499999999997,18.84955592153876,110.47455592153872,2,180.0,152,27.952886589134987,0.4581249999999999,3.807422738380465,0.30610130586741285,4.571649044247878,True,,110.4746,152,4.571946849572137
44,8,53,28,32,131.4,150.0,3.925,0.0,43.15,6.0,127.47500000000001,253.475,18.84955592153876,272.3245559215388,2,180.0,261,24.19058673110459,1.267375,3.807422738380465,0.49419661620758903,5.568994354588053,True,,272.3246,261,5.5719706771571795
45,8,56,28,36,131.575,150.0,22.275,0.0,42.975,6.0,109.29999999999998,235.29999999999998,18.84955592153876,254.14955592153873,2,180.0,236,27.991066154204194,1.1764999999999999,3.807422738380465,0.4510715529932676,5.434994291373733,True,,254.1496,236,5.433476609470095
46,8,56,28,36,131.75,150.0,22.45,0.0,42.8,6.0,109.3,235.3,18.84955592153876,254.14955592153876,2,180.0,236,31.36662771132225,1.1765,3.807422738380465,0.45779775350347746,5.441720491883943,True,,254.1496,236,5.440887350847661
47,8,56,28,36,131.925,150.0,22.625,0.0,42.625,6.0,109.30000000000001,235.3,18.84955592153876,254.14955592153876,2,180.0,236,34.44318354263777,1.1765,3.807422738380465,0.4639286998640182,5.447851438244483,True,,254.1496,236,5.446036171408892
48,9,13,30,22,139.0,150.0,105.625,150.0,143.95,6.0,33.375,21.475000000000023,18.84955592153876,40.32455592153878,2,180.0,112,39.94450518981455,0.10737500000000011,3.807422738380465,0.24000019666677933,4.154797935047244,True,,40.3246,112,4.153875423007513
49,9,13,30,22,139.175,150.0,105.45,150.0,129.25,6.0,33.72500000000001,51.22500000000001,18.84955592153876,70.07455592153877,2,180.0,114,48.82711314820612,0.25612500000000005,3.807422738380465,0.22178587483002374,4.285333613210489,True,,70.0746,113,4.281911016884995
50,9,13,30,22,139.35,150.0,105.275,150.0,129.075,6.0,34.07499999999999,51.92500000000001,18.84955592153876,70.77455592153876,2,180.0,114,51.011332559848334,0.25962500000000005,3.807422738380465,0.21755970241506806,4.284607440795533,True,,70.7746,113,4.282256341272799
51,9,13,30,22,139.525,150.0,105.1,150.0,128.9,6.0,34.42500000000001,52.625,18.84955592153876,71.47455592153875,2,180.0,114,53.13010235415609,0.263125,3.807422738380465,0.21866083971095604,4.28920857809142,True,,71.4746,113,4.297780211000725
52,9,17,30,16,139.7,150.0,78.1,150.0,115.775,6.0,61.599999999999994,106.04999999999998,18.84955592153876,124.89955592153873,2,180.0,173,27.952886589134987,0.5302499999999999,3.807422738380465,0.34565492846948254,4.683327666849947,True,,124.8996,173,4.681214702701387
53,9,19,30,12,139.875,150.0,60.275,150.0,115.25,6.0,79.6,125.1,18.84955592153876,143.94955592153875,2,180.0,209,34.41150866976939,0.6255,3.807422738380465,0.4114584808334168,4.844381219213882,True,,143.9496,209,4.845601672684417
54,9,19,30,12,140.05,150.0,60.1,150.0,115.075,6.0,79.95000000000002,125.80000000000001,18.84955592153876,144.64955592153876,2,180.0,209,31.33220670723324,0.6290000000000001,3.807422738380465,0.4123811289796919,4.848803867360157,True,,144.6496,209,4.850083854674235
55,9,19,30,12,140.225,150.0,59.925,150.0,114.9,6.0,80.3,126.49999999999999,18.84955592153876,145.34955592153875,2,180.0,209,27.95288658913517,0.6325,3.807422738380465,0.41107160918377583,4.850994347564241,True,,145.3496,209,4.852095789538198
56,9,39,30,56,140.575,150.0,112.275,0.0,38.95,6.0,28.299999999999983,154.29999999999998,18.84955592153876,173.14955592153873,2,180.0,100,34.76258398715183,0.7715,3.807422738380465,0.22142881224503574,4.800351550625501,True,,173.1496,100,4.805470726323876
57,9,39,30,56,140.75,150.0,112.45,0.0,38.775,6.0,28.299999999999997,154.29999999999998,18.84955592153876,173.14955592153873,2,180.0,100,37.59385643098269,0.7715,3.807422738380465,0.2282442432824249,4.807166981662889,True,,173.1496,100,4.809548162463363
58,9,39,30,56,140.925,150.0,112.625,0.0,38.6,6.0,28.30000000000001,154.3,18.84955592153876,173.14955592153876,2,180.0,100,40.25390820115515,0.7715000000000001,3.807422738380465,0.23669658811233626,4.815619326492801,True,,173.1496,100,4.817792237174263
59,9,51,30,48,140.4,150.0,76.275,0.0,39.125,6.0,64.125,190.125,18.84955592153876,208.97455592153875,2,180.0,181,31.713377838836593,0.950625,3.807422738380465,0.35630977265320307,5.114357511033669,True,,208.9746,181,5.117899306783065
62,13,10,22,18,103.175,150.0,87.1,150.0,143.775,6.0,16.075000000000003,4.5249999999999915,18.84955592153876,23.37455592153875,2,180.0,46,53.13010235415609,0.022624999999999958,3.807422738380465,0.09821440612251775,3.928262144502983,True,,23.3746,46,3.929006355320426
63,13,10,22,18,103.0,150.0,87.275,150.0,143.95,6.0,15.724999999999994,3.825000000000017,18.84955592153876,22.674555921538776,2,180.0,46,51.011332559848334,0.019125000000000086,3.807422738380465,0.10020849488104468,3.9267562332615102,True,,22.6746,46,3.9269349428034284
64,10,19,18,12,85.175,150.0,60.45,150.0,132.225,6.0,24.724999999999994,36.275000000000006,18.84955592153876,55.124555921538764,2,180.0,80,34.411508669769205,0.18137500000000004,3.807422738380465,0.1777977815987324,4.1665955199791975,True,,55.1246,80,4.1698397027013865
65,10,19,18,12,85.0,150.0,60.625,150.0,142.375,6.0,24.375,15.625,18.84955592153876,34.47455592153876,2,180.0,80,39.94450518981498,0.078125,3.807422738380465,0.182946574064709,4.068494312445174,True,,34.4746,80,4.074833721221778
66,10,24,18,8,85.35,150.0,42.625,150.0,132.05,6.0,42.724999999999994,54.62499999999997,18.84955592153876,73.47455592153872,2,180.0,136,31.332206707233127,0.27312499999999984,3.807422738380465,0.27154776755110555,4.352095505931571,True,,73.4746,136,4.350309963874869
67,33,10,60,18,130.275,0.0,86.225,150.0,108.6,6.0,44.05000000000001,170.05,18.84955592153876,188.89955592153876,2,180.0,188,35.659087696138734,0.8502500000000001,3.807422738380465,0.40675623433689534,5.06442897271736,True,,188.8996,188,5.061631439606189
68,10,51,18,48,85.875,150.0,75.75,0.0,58.2,6.0,10.125,138.14738952804066,16.96684146929323,155.1142309973339,2,162.0214013096744,227,29.419011747226328,0.6907369476402033,3.4271331525040045,0.4343752458334731,4.55224534597768,True,,155.1142,227,4.553881964307261
69,10,51,18,48,86.05,150.0,75.925,0.0,58.025,6.0,10.125,138.14738952804066,16.966841469293215,155.1142309973339,2,162.02140130967436,227,25.8133234409622,0.6907369476402033,3.427133152504002,0.4365180708674684,4.554388171011674,True,,155.1142,227,4.555102225480744
70,10,53,18,32,85.525,150.0,3.2249999999999996,0.0,58.55,6.0,82.30000000000001,208.3,18.84955592153876,227.14955592153876,2,180.0,222,24.146847996502466,1.0415,3.807422738380465,0.41812511940482977,5.267047857785295,True,,227.1496,222,5.266601588398654
71,10,58,18,40,85.7,150.0,38.525,0.0,58.375,6.0,47.175000000000004,173.175,18.84955592153876,192.02455592153876,2,180.0,243,27.95288658913517,0.8658750000000001,3.807422738380465,0.4739883179933235,5.1472860563737886,True,,192.0246,243,5.142524271663996
72,13,11,22,52,104.05,150.0,93.925,0.0,50.675,6.0,10.125,138.14738952804066,16.96684146929323,155.1142309973339,2,162.0214013096744,201,29.419011747226183,0.6907369476402033,3.4271331525040045,0.3811311992178279,4.499001299362035,True,,155.1142,201,4.500578355752819
73,13,11,22,52,104.225,150.0,94.1,0.0,50.5,6.0,10.125,138.14738952804066,16.96684146929323,155.1142309973339,2,162.0214013096744,201,25.813323440962172,0.6907369476402033,3.4271331525040045,0.3837799354932961,4.501650035637503,True,,155.1142,201,4.502393842980716
74,11,26,52,4,93.05,0.0,23.575,150.0,96.7,6.0,69.475,195.47500000000002,18.84955592153876,214.32455592153877,2,180.0,237,24.146847996502526,0.9773750000000001,3.807422738380465,0.4952086072620608,5.280006345642526,True,,214.3246,237,5.283637456204864
75,11,48,52,44,92.175,0.0,58.275,0.0,18.825,6.0,33.9,47.55,18.84955592153876,66.39955592153876,2,180.0,117,27.95288658913515,0.23775,3.807422738380465,0.23461329692188396,4.279786035302349,True,,66.3996,113,4.2690718776673915
76,11,51,52,48,92.0,0.0,76.625,0.0,6.05,6.0,15.375,3.4749999999999996,18.84955592153876,22.32455592153876,2,180.0,48,42.48111287543236,0.017374999999999998,3.807422738380465,0.1219346953912545,3.9467324337717193,True,,22.3246,48,3.9445599357796146
77,33,12,60,21,130.45,0.0,100.425,150.0,108.775,6.0,30.02499999999999,156.02499999999998,18.84955592153876,174.87455592153873,2,180.0,159,32.683463757723445,0.780125,3.807422738380465,0.3471133812076458,4.934661119588111,True,,174.8746,159,4.946208826578981
78,12,48,21,44,99.9,150.0,57.575,0.0,52.25,6.0,42.325,168.325,18.84955592153876,187.17455592153874,2,180.0,241,31.332206707233183,0.841625,3.807422738380465,0.4503870683164191,5.099434806696884,True,,187.1746,241,5.099196863619762
79,12,48,21,44,100.075,150.0,57.75,0.0,52.075,6.0,42.325,168.325,18.84955592153876,187.17455592153874,2,180.0,241,27.95288658913517,0.841625,3.807422738380465,0.4441072732993935,5.093155011679858,True,,187.1746,241,5.092589730796639
80,12,48,21,44,100.25,150.0,57.925,0.0,51.9,6.0,42.325,168.325,18.84955592153876,187.17455592153874,2,180.0,241,24.146847996502377,0.841625,3.807422738380465,0.44288704022116515,5.09193477860163,True,,187.1746,241,5.091101609470093
81,12,53,21,32,98.85,150.0,3.4,0.0,53.3,6.0,95.44999999999999,221.45,18.84955592153876,240.29955592153874,2,180.0,248,21.69471602238685,1.10725,3.807422738380465,0.4918453805783113,5.406518118958777,True,,240.2996,248,5.404881397463305
82,12,56,21,36,99.025,150.0,21.75,0.0,53.125,6.0,77.275,203.275,18.84955592153876,222.12455592153876,2,180.0,233,25.841932763167332,1.016375,3.807422738380465,0.449375077261948,5.273172815642413,True,,222.1246,233,5.272131376391865
83,12,56,21,36,99.2,150.0,21.925,0.0,52.95,6.0,77.275,203.27499999999998,18.84955592153876,222.12455592153873,2,180.0,233,29.44437692963055,1.0163749999999998,3.807422738380465,0.4455358045918875,5.269333542972353,True,,222.1246,233,5.269125408959884
84,12,56,21,36,99.375,150.0,22.1,0.0,52.775,6.0,77.275,203.275,18.84955592153876,222.12455592153876,2,180.0,233,32.6834637577232,1.016375,3.807422738380465,0.44059528224492245,5.264393020625388,True,,222.1246,233,5.264839646510877
85,1,13,58,22,120.925,0.0,104.925,150.0,105.8,6.0,16.0,142.0,18.84955592153876,160.84955592153875,2,180.0,158,24.146847996502586,0.71,3.807422738380465,0.31663713855455533,4.8340598769350205,True,,160.8496,158,4.832244525813667
86,39,13,56,22,111.75,0.0,104.4,150.0,101.95,6.0,7.349999999999994,138.93756355950464,14.074537978023422,153.01210153752805,2,134.4019374562223,172,38.4332063408508,0.6946878177975232,2.8429166264067205,0.3701788543879167,3.90778329859216,True,,153.0121,172,3.9062355795439236
87,39,13,56,22,111.925,0.0,104.575,150.0,102.125,6.0,7.349999999999994,138.93756355950464,14.074537978023422,153.01210153752805,2,134.4019374562223,172,35.659087696138734,0.6946878177975232,2.8429166264067205,0.36982170751716603,3.9074261517214097,True,,153.0121,172,3.9062058266697792
88,39,13,56,22,112.1,0.0,104.75,150.0,102.3,6.0,7.349999999999994,138.93756355950464,14.074537978023422,153.01210153752805,2,134.4019374562223,172,32.6834637577232,0.6946878177975232,2.8429166264067205,0.3632442713776788,3.9008487155819225,True,,153.0121,172,3.9003426842717928
89,13,48,22,44,103.7,150.0,58.1,0.0,51.025,6.0,45.6,171.6,18.84955592153876,190.44955592153875,2,180.0,242,29.44437692963055,0.858,3.807422738380465,0.4406549284694824,5.106077666849947,True,,190.4496,242,5.107684935779614
90,13,51,22,48,103.875,150.0,76.1,0.0,50.85,6.0,27.775000000000006,153.775,18.84955592153876,172.62455592153876,2,180.0,219,31.332206707233127,0.7688750000000001,3.807422738380465,0.4096728026701728,4.985970541050638,True,,172.6246,219,4.985256383415679
91,13,53,22,32,103.35,150.0,3.575,0.0,51.375,6.0,99.77499999999999,225.77499999999998,18.84955592153876,244.62455592153873,2,180.0,259,21.69471602238685,1.1288749999999999,3.807422738380465,0.4916072452041392,5.427904983584604,True,,244.6246,259,5.4264468355245095
92,13,57,22,38,103.525,150.0,30.225,0.0,51.2,6.0,73.30000000000001,199.3,18.84955592153876,218.14955592153876,2,180.0,244,25.841932763167332,0.9965,3.807422738380465,0.45163702617353846,5.255559764554004,True,,218.1496,244,5.256750437055139
93,14,16,26,14,121.35,150.0,69.625,150.0,122.425,6.0,51.724999999999994,82.87499999999997,18.84955592153878,101.72455592153875,2,180.0,150,37.26596292649424,0.4143749999999999,3.807422738380469,0.2935715810885224,4.5153693194689914,True,,101.7246,150,4.514119413432649
94,14,16,26,14,121.525,150.0,69.45,150.0,122.25,6.0,52.075,83.575,18.84955592153876,102.42455592153877,2,180.0,150,39.944505189814926,0.417875,3.807422738380465,0.2901787139116459,4.515476452292112,True,,102.4246,150,4.514851609470095
95,14,17,26,16,121.0,150.0,78.625,150.0,122.95,6.0,42.375,72.47500000000002,18.849555921538737,91.32455592153876,2,180.0,126,27.952886589135232,0.3623750000000001,3.8074227383804606,0.2608037209354598,4.430601459315921,True,,91.3246,126,4.427833791459914
96,14,17,26,16,121.175,150.0,78.45,150.0,122.775,6.0,42.724999999999994,73.17499999999998,18.84955592153876,92.02455592153873,2,180.0,126,31.332206707233127,0.3658749999999999,3.807422738380465,0.25473230841846217,4.428030046798927,True,,92.0246,126,4.426809977922496
97,14,18,26,10,121.7,150.0,51.625,150.0,122.075,6.0,70.075,101.92500000000003,18.849555921538737,120.77455592153876,2,180.0,196,35.68808491209399,0.5096250000000001,3.8074227383804606,0.3916073013946485,4.708655039775109,True,,120.7746,196,4.706780211000725
98,14,18,26,10,121.875,150.0,51.45,150.0,121.9,6.0,70.425,102.62499999999999,18.84955592153876,121.47455592153875,2,180.0,196,34.41150866976964,0.5131249999999999,3.807422738380465,0.386279851207534,4.7068275895879985,True,,121.4746,196,4.707274243568743
99,14,18,26,10,122.05,150.0,51.275,150.0,121.725,6.0,70.775,103.32500000000002,18.84955592153876,122.17455592153877,2,180.0,196,31.332206707233183,0.5166250000000001,3.807422738380465,0.37955365069732416,4.7036013890777895,True,,122.1746,196,4.708869441527904
100,14,18,26,10,122.225,150.0,51.1,150.0,121.55,6.0,71.125,104.02499999999999,18.84955592153876,122.87455592153876,2,180.0,196,27.95288658913517,0.520125,3.807422738380465,0.37666677904768325,4.704214517428149,True,,122.8746,196,4.712369497718413
101,33,14,60,26,130.625,0.0,123.625,150.0,109.3,6.0,7.0,139.0912878853643,13.692250745884422,152.78353863124872,2,130.75136329567187,104,29.44437692963055,0.6954564394268214,2.765698409367699,0.2429466302552172,3.7041014790497377,True,,152.7835,104,3.7168095279172517
102,14,38,26,54,122.925,150.0,103.1,0.0,45.425,6.0,19.825000000000003,145.825,18.84955592153876,164.67455592153874,2,180.0,163,32.238669126369835,0.7291249999999999,3.807422738380465,0.3429169335715813,4.8794646719520465,True,,164.6746,163,4.8801196241470555
103,14,38,26,54,123.1,150.0,103.275,0.0,45.25,6.0,19.82499999999999,145.825,18.84955592153876,164.67455592153874,2,180.0,163,28.955024371859835,0.7291249999999999,3.807422738380465,0.33985143229605663,4.876399170676521,True,,164.6746,163,4.872441022616426
104,14,38,26,54,123.275,150.0,103.45,0.0,45.075,6.0,19.825000000000003,145.825,18.84955592153876,164.67455592153874,2,180.0,163,25.288720101558926,0.7291249999999999,3.807422738380465,0.34336331096951117,4.879911049349976,True,,164.6746,163,4.869345712276249
105,14,53,26,32,122.4,150.0,3.75,0.0,45.95,6.0,118.65,244.64999999999998,18.84955592153876,263.49955592153873,2,180.0,268,24.146847996502316,1.22325,3.807422738380465,0.5319645325511613,5.562637270931626,True,,263.4996,268,5.566625500269462
106,14,58,26,40,122.575,150.0,38.7,0.0,45.775,6.0,83.875,209.875,18.84955592153876,228.72455592153875,2,180.0,247,27.95288658913517,1.049375,3.807422738380465,0.48898828989806986,5.3457860282785346,True,,228.7246,247,5.350488635643632
107,16,20,14,6,67.0,150.0,32.575,150.0,138.875,6.0,34.425,32.675,18.84955592153876,51.524555921538756,2,180.0,106,27.952886589134927,0.163375,3.807422738380465,0.21678593102053204,4.187583669400997,True,,51.5246,106,4.1811552461197925
108,16,20,14,6,67.175,150.0,32.4,150.0,138.7,6.0,34.775,33.37500000000002,18.84955592153876,52.22455592153878,2,180.0,106,31.332206707233183,0.1668750000000001,3.807422738380465,0.2202977815987324,4.194595519979198,True,,52.2246,106,4.186887301680967
109,16,20,14,6,67.35,150.0,32.225,150.0,138.525,6.0,35.12499999999999,34.07499999999998,18.84955592153876,52.92455592153874,2,180.0,106,34.41150866976915,0.17037499999999992,3.807422738380465,0.2240775204252498,4.201875258805715,True,,52.9246,106,4.194107478568687
110,16,20,14,6,67.525,150.0,32.05,150.0,138.35,6.0,35.47500000000001,34.77500000000002,18.84955592153876,53.62455592153878,2,180.0,106,37.26596292649413,0.1738750000000001,3.807422738380465,0.2240179865817067,4.205315724962172,True,,53.6246,106,4.201446779334002
111,33,16,60,14,129.925,0.0,68.575,150.0,108.25,6.0,61.35000000000001,187.35000000000002,18.84955592153876,206.19955592153877,2,180.0,212,35.07369314595631,0.9367500000000001,3.807422738380465,0.44654787993212125,5.190720618312587,True,,206.1996,212,5.1912266937558575
112,33,16,60,14,130.1,0.0,68.75,150.0,108.425,6.0,61.349999999999994,187.34999999999997,18.84955592153876,206.19955592153872,2,180.0,212,37.8848044497193,0.9367499999999999,3.807422738380465,0.4464288684355432,5.190601606816008,True,,206.1996,212,5.190601686732045
113,16,48,14,44,68.225,150.0,56.7,0.0,64.5,6.0,11.524999999999991,138.00940472703712,18.374431792476145,156.38383651951327,2,175.46289877664717,247,28.048532899893555,0.6900470236351857,3.7114523919130913,0.4944049987076178,4.895904414255895,True,,156.3838,247,4.901826823614093
114,16,48,14,44,68.4,150.0,56.875,0.0,64.325,6.0,11.525000000000006,138.00940472703712,18.37443179247616,156.3838365195133,2,175.46289877664728,247,24.256384296890555,0.6900470236351857,3.711452391913094,0.49669667239809784,4.898196087946378,True,,156.3838,247,4.904326795518842
115,16,53,14,32,67.7,150.0,2.875,0.0,65.025,6.0,64.825,190.82500000000002,18.84955592153876,209.67455592153877,2,180.0,191,29.444376929630494,0.9541250000000001,3.807422738380465,0.3857739961565689,5.147321734537035,True,,209.6746,191,5.15598262606877
116,16,56,14,36,67.875,150.0,20.175,0.0,64.85,6.0,47.7,173.7,18.84955592153876,192.54955592153874,2,180.0,188,32.683463757723146,0.8684999999999999,3.807422738380465,0.38226214557836824,5.058184883958833,True,,192.5496,188,5.066786157361265
117,16,56,14,36,68.05,150.0,20.35,0.0,64.675,6.0,47.699999999999996,173.7,18.84955592153876,192.54955592153874,2,180.0,188,35.65908769613878,0.8684999999999999,3.807422738380465,0.37875026690491376,5.0546730052853786,True,,192.5496,188,5.063601672684416
118,17,21,16,0,76.0,150.0,5.925,150.0,135.9,6.0,70.075,74.27499999999999,18.84955592153876,93.12455592153876,2,180.0,208,37.26596292649413,0.37137499999999996,3.807422738380465,0.39250014047627063,4.571297878856735,True,,93.1246,208,4.570851637565348
119,17,21,16,0,76.175,150.0,5.75,150.0,135.725,6.0,70.425,74.97500000000001,18.84955592153876,93.82455592153877,2,180.0,208,34.41150866976915,0.37487500000000007,3.807422738380465,0.3872323084184617,4.569530046798927,True,,93.8246,208,4.570333763364658
120,17,21,16,0,76.35,150.0,5.575,150.0,135.55,6.0,70.77499999999999,75.67499999999997,18.84955592153876,94.52455592153873,2,180.0,208,31.332206707233183,0.37837499999999985,3.807422738380465,0.38229178607149666,4.5680895244519615,True,,94.5246,208,4.569488467072109
121,17,21,16,0,76.525,150.0,5.4,150.0,135.375,6.0,71.125,76.375,18.84955592153876,95.22455592153875,2,180.0,208,27.952886589134927,0.381875,3.807422738380465,0.38110130586741264,4.5703990442478775,True,,95.2246,208,4.571143255065321
122,17,48,16,44,76.875,150.0,57.05,0.0,61.35,6.0,19.825000000000003,145.82500000000002,18.84955592153876,164.67455592153877,2,180.0,241,42.48111287543237,0.7291250000000001,3.807422738380465,0.4448513761055474,4.981399114486012,True,,164.6746,241,4.980119483670784
123,17,48,16,44,77.05,150.0,57.225,0.0,61.175,6.0,19.824999999999996,145.825,18.84955592153876,164.67455592153874,2,180.0,241,39.94450518981484,0.7291249999999999,3.807422738380465,0.4458632828742561,4.982411021254721,True,,164.6746,241,4.9840480711537865
124,17,48,16,44,77.225,150.0,57.4,0.0,61.0,6.0,19.824999999999996,145.825,18.84955592153876,164.67455592153874,2,180.0,241,37.265962926494225,0.7291249999999999,3.807422738380465,0.4486310868368108,4.985178825217275,True,,164.6746,241,4.997827838075558
125,17,53,16,32,76.7,150.0,3.05,0.0,61.525,6.0,73.65,199.65,18.84955592153876,218.49955592153876,2,180.0,210,27.95288658913517,0.9982500000000001,3.807422738380465,0.4116370823640468,5.2173098207445125,True,,218.4996,210,5.217726693755856
126,18,20,10,6,49.0,150.0,33.625,150.0,142.375,6.0,15.375,6.625,18.84955592153876,25.47455592153876,2,180.0,48,46.56746344221026,0.033125,3.807422738380465,0.11035731544227548,3.9509050538227406,True,,25.4746,48,3.954803996442888
127,18,20,10,6,49.175,150.0,33.45,150.0,142.2,6.0,15.724999999999994,7.325000000000017,18.84955592153876,26.174555921538776,2,180.0,48,48.82711314820602,0.03662500000000009,3.807422738380465,0.10782750637762269,3.951875244758088,True,,26.1746,48,3.9547920896741795
128,18,21,10,0,49.35,150.0,6.625,150.0,142.025,6.0,42.725,34.67499999999999,18.84955592153876,53.52455592153875,2,180.0,140,39.94450518981498,0.17337499999999995,3.807422738380465,0.285208522976299,4.266006261356764,True,,53.5246,140,4.266512336800035
129,18,21,10,0,49.525,150.0,6.449999999999999,150.0,141.85,6.0,43.075,35.375000000000014,18.84955592153876,54.22455592153877,2,180.0,140,37.26596292649413,0.1768750000000001,3.807422738380465,0.28062517559533856,4.264922913975804,True,,54.2246,140,4.265637343823848
130,39,18,56,10,111.4,0.0,50.75,150.0,101.6,6.0,60.650000000000006,186.65,18.84955592153876,205.49955592153876,2,180.0,226,27.952886589134927,0.93325,3.807422738380465,0.4541370823640467,5.194809820744512,True,,205.4996,226,5.195911234623214
131,39,18,56,10,111.575,0.0,50.925,150.0,101.775,6.0,60.650000000000006,186.65,18.84955592153876,205.49955592153876,2,180.0,226,29.478758487261377,0.93325,3.807422738380465,0.45345248530618165,5.194125223686647,True,,205.4996,226,5.194661192480332
132,41,18,50,10,84.4,0.0,50.225,150.0,95.125,6.0,34.175000000000004,160.175,18.84955592153876,179.02455592153876,2,180.0,239,31.332206707233183,0.8008750000000001,3.807422738380465,0.4667561781463868,5.075053916526852,True,,179.0246,239,5.075887385966729
133,41,18,50,10,84.575,0.0,50.4,150.0,95.3,6.0,34.175000000000004,160.175,18.84955592153876,179.02455592153876,2,180.0,239,27.95288658913523,0.8008750000000001,3.807422738380465,0.4626192081633564,5.0709169465438215,True,,179.0246,239,5.071333735269404
134,18,53,10,32,49.7,150.0,2.7,0.0,67.475,6.0,47.0,173.0,18.84955592153876,191.84955592153875,2,180.0,150,28.92833984413736,0.865,3.807422738380465,0.28273821965993506,4.9551609580404,True,,191.8496,150,4.957423071153787
135,18,58,10,40,49.875,150.0,38.35,0.0,67.3,6.0,11.524999999999999,138.00940472703712,18.37443179247615,156.38383651951327,2,175.46289877664722,189,37.340058684420576,0.6900470236351857,3.7114523919130926,0.3366370261735388,4.738136441721816,True,,156.3838,189,4.738612389396325
136,19,20,12,6,58.0,150.0,33.275,150.0,140.625,6.0,24.725,19.475,18.84955592153876,38.32455592153876,2,180.0,78,37.26596292649413,0.097375,3.807422738380465,0.1669644763606531,4.071762214741118,True,,38.3246,78,4.073190882140156
137,19,20,12,6,58.175,150.0,33.1,150.0,140.45,6.0,25.074999999999996,20.17500000000002,18.84955592153876,39.02455592153878,2,180.0,78,39.94450518981498,0.10087500000000009,3.807422738380465,0.16485134801029402,4.073149086390759,True,,39.0246,78,4.0741015954224675
138,19,20,12,6,58.35,150.0,32.925,150.0,140.275,6.0,25.425000000000004,20.874999999999993,18.84955592153876,39.72455592153875,2,180.0,78,42.48111287543219,0.10437499999999997,3.807422738380465,0.16247038760212618,4.0742681259825915,True,,39.7246,78,4.074803954300006
139,19,20,12,6,58.525,150.0,32.75,150.0,140.1,6.0,25.775,21.57500000000001,18.84955592153876,40.42455592153877,2,180.0,78,44.90052796068899,0.10787500000000005,3.807422738380465,0.16190488632660166,4.077202624707066,True,,40.4246,78,4.078601567327214
140,19,21,12,0,58.875,150.0,6.275,150.0,139.75,6.0,52.6,49.1,18.84955592153876,67.94955592153876,2,180.0,163,31.332206707233127,0.24550000000000002,3.807422738380465,0.30610136205792093,4.359024100438386,True,,67.9496,163,4.359440889163969
141,19,21,12,0,59.05,150.0,6.1,150.0,139.575,6.0,52.949999999999996,49.80000000000002,18.84955592153876,68.64955592153878,2,180.0,163,27.952886589134927,0.2490000000000001,3.807422738380465,0.3018453805783124,4.358268118958778,True,,68.6496,163,4.358119462599345
142,19,26,12,4,58.7,150.0,24.625,150.0,139.925,6.0,34.075,30.22499999999998,18.84955592153876,49.07455592153874,2,180.0,104,34.41150866976964,0.1511249999999999,3.807422738380465,0.2271132688266298,4.185661007207095,True,,49.0746,104,4.185155175881657
143,19,48,12,44,59.225,150.0,56.35,0.0,66.775,6.0,2.875,142.20677377461683,8.482102436731477,150.68887621134832,2,80.99811183705751,237,45.23535143751148,0.7110338688730842,1.7133002931905368,0.42937510535720275,2.853709267420824,True,,150.6889,237,2.850643828898049
144,19,48,12,44,59.4,150.0,56.525,0.0,66.6,6.0,2.875,142.20677377461683,8.482102436731477,150.68887621134832,2,80.99811183705751,237,43.614556872087334,0.7110338688730842,1.7133002931905368,0.4365477394558508,2.860881901519472,True,,150.6889,237,2.859691512163392
145,49,19,46,12,66.925,0.0,59.575,150.0,90.225,6.0,7.349999999999994,138.93756355950464,14.074537978023422,153.01210153752805,2,134.4019374562223,242,29.444376929630494,0.6946878177975232,2.8429166264067205,0.4505953665306855,3.9881998107349292,True,,153.0121,242,3.9900152340846784
146,1,20,58,6,120.75,0.0,31.875,150.0,105.625,6.0,88.875,214.875,18.84955592153876,233.72455592153875,2,180.0,227,27.95288658913517,1.074375,3.807422738380465,0.4387799073980418,5.320577645778506,True,,233.7246,227,5.319685027089191
147,48,20,44,6,56.0,0.0,31.7,150.0,87.075,6.0,24.3,150.3,18.84955592153876,169.14955592153876,2,180.0,196,31.332206707233127,0.7515000000000001,3.807422738380465,0.3832442151871701,4.942166953567635,True,,169.1496,196,4.943893318279644
148,20,53,6,32,31.0,150.0,2.35,0.0,71.85,6.0,28.65,154.65,18.84955592153876,173.49955592153876,2,180.0,94,24.476135215181273,0.77325,3.807422738380465,0.20782753447287686,4.788500272853342,True,,173.4996,94,4.7830837844361005
149,20,53,6,32,31.175,150.0,2.525,0.0,71.675,6.0,28.650000000000002,154.64999999999998,18.84955592153876,173.49955592153873,2,180.0,94,28.240736430519988,0.7732499999999999,3.807422738380465,0.20053586078239663,4.781208599162862,True,,173.4996,94,4.775762357871476
150,20,57,6,38,31.525,150.0,29.525,0.0,71.325,6.0,2.0,143.3667504192892,7.028226521485822,150.39497694077502,2,67.11461952384151,134,47.86858551078456,0.716833752096446,1.4196318247379318,0.2509823505613433,2.387447927395721,True,,150.395,134,2.390334858150977
151,2,21,20,0,94.175,150.0,5.225,150.0,129.075,6.0,88.95,106.80000000000003,18.84955592153876,125.64955592153879,2,180.0,241,42.48111287543219,0.5340000000000001,3.807422738380465,0.4439286998640182,4.785351438244483,True,,125.6496,241,4.7844289823952595
152,2,21,20,0,94.35,150.0,5.05,150.0,128.9,6.0,89.3,107.49999999999999,18.84955592153876,126.34955592153875,2,180.0,241,39.944505189814926,0.5375,3.807422738380465,0.4471429936055195,4.792065731985984,True,,126.3496,241,4.79176825506532
153,2,21,20,0,94.525,150.0,4.875,150.0,128.725,6.0,89.65,108.20000000000002,18.84955592153876,127.04955592153877,2,180.0,241,37.26596292649413,0.5410000000000001,3.807422738380465,0.44892869986401834,4.797351438244484,True,,127.0496,241,4.797946828500696
154,2,21,20,0,94.7,150.0,4.7,150.0,128.55,6.0,90.0,108.89999999999998,18.84955592153876,127.74955592153873,2,180.0,241,34.411508669769695,0.5444999999999999,3.807422738380465,0.448601249676904,4.800523988057369,True,,127.7496,241,4.801446828500696
155,2,24,20,8,94.0,150.0,42.45,150.0,129.25,6.0,51.55,69.05,18.84955592153876,87.89955592153876,2,180.0,159,39.94450518981498,0.34525,3.807422738380465,0.30735131991504,4.460024058295505,True,,87.8996,159,4.459220670133368
156,47,24,42,8,47.0,0.0,40.7,150.0,86.2,6.0,6.299999999999997,139.44017045592116,12.909987540936035,152.3501579968572,2,123.28129994368507,192,42.76435131051845,0.6972008522796058,2.6076890256816063,0.3555061079082522,3.6603959858694646,True,,152.3502,192,3.6612592259021444
157,47,24,42,8,47.175,0.0,40.875,150.0,86.375,6.0,6.299999999999997,139.4401704559212,12.909987540936008,152.3501579968572,2,123.28129994368496,192,40.24231481535039,0.6972008522796059,2.607689025681601,0.3519346392007462,3.656824517161953,True,,152.3502,192,3.6574199532320835
158,24,54,8,34,40.175,150.0,12.925,0.0,69.4,6.0,27.249999999999996,153.25,18.84955592153876,172.09955592153875,2,180.0,116,31.141348404544058,0.76625,3.807422738380465,0.23241082566332913,4.806083564043795,True,,172.0996,116,4.807958777412287
159,24,54,8,34,40.35,150.0,13.1,0.0,69.225,6.0,27.25,153.25,18.84955592153876,172.09955592153875,2,180.0,116,30.019020029577906,0.76625,3.807422738380465,0.22654773945585124,4.800220477836317,True,,172.0996,116,4.8010837844361
160,26,54,4,34,22.0,150.0,12.4,0.0,73.95,6.0,9.6,138.24244923464076,16.43326087205478,154.67571010669553,2,156.92608193436902,68,36.409451406787284,0.6912122461732038,3.3193551811215123,0.14026794443882537,4.150835371733542,True,,154.6757,68,4.1496150319313285
161,26,54,4,34,22.175,150.0,12.575,0.0,73.775,6.0,9.600000000000001,138.24244923464073,16.433260872054802,154.67571010669553,2,156.92608193436905,68,33.49203271693382,0.6912122461732036,3.3193551811215167,0.13943461110549202,4.1500020384002125,True,,154.6757,68,4.148662659006163
162,57,26,38,4,29.35,0.0,22.525,150.0,82.7,6.0,6.825000000000003,139.17321030960701,13.499022667351456,152.67223297695847,2,128.90617106511164,117,35.52797156502559,0.695866051548035,2.7266682601714876,0.2436311149320658,3.6661654266515886,True,,152.6722,117,3.666373503790555
163,58,26,40,4,38.175,0.0,22.7,150.0,84.625,6.0,15.474999999999998,141.475,18.84955592153876,160.32455592153875,2,180.0,139,27.952886589135197,0.707375,3.807422738380465,0.2620537349830868,4.776851473363552,True,,160.3246,139,4.776881390439494
164,24,29,8,2,40.0,150.0,15.625,150.0,143.95,6.0,24.375,12.475000000000023,18.84955592153876,31.32455592153878,2,180.0,80,46.56746344221026,0.06237500000000012,3.807422738380465,0.17675615005113327,4.046553888431599,True,,31.3246,80,4.0525956279904864
165,57,29,38,2,29.0,0.0,14.75,150.0,82.35,6.0,14.25,140.25,18.84955592153876,159.09955592153875,2,180.0,116,46.56746344221023,0.70125,3.807422738380465,0.2406847375341358,4.749357475914601,True,,159.0996,116,4.749327831051746
166,57,29,38,2,29.175,0.0,14.925,150.0,82.525,6.0,14.25,140.25,18.84955592153876,159.09955592153875,2,180.0,116,45.90633964430712,0.70125,3.807422738380465,0.23571446231302617,4.744387200693491,True,,159.0996,116,4.744387336800035
167,33,47,60,42,128.0,0.0,49.1,0.0,30.025,6.0,78.9,114.95000000000002,18.84955592153876,133.79955592153877,2,180.0,217,34.41150866976939,0.5747500000000001,3.807422738380465,0.41148828989806957,4.793661028278534,True,,133.7996,217,4.794821863619763
168,33,47,60,42,128.175,0.0,48.925,0.0,30.2,6.0,79.25000000000001,115.65000000000002,18.84955592153876,134.49955592153879,2,180.0,217,37.265962926494204,0.5782500000000002,3.807422738380465,0.4100299495409228,4.795702687921389,True,,134.4996,217,4.795375401936071
169,33,47,60,42,128.35,0.0,48.75,0.0,30.375,6.0,79.6,116.35,18.84955592153876,135.19955592153875,2,180.0,217,39.94450518981488,0.58175,3.807422738380465,0.40738112897969203,4.796553867360156,True,,135.1996,217,4.797506292106103
170,33,47,60,42,128.525,0.0,48.575,0.0,30.55,6.0,79.95,117.05,18.84955592153876,135.89955592153876,2,180.0,217,42.48111287543235,0.58525,3.807422738380465,0.41080374903071293,4.803476487411178,True,,135.8996,217,4.804161108194569
171,33,47,60,42,128.7,0.0,48.4,0.0,30.725,6.0,80.29999999999998,117.74999999999997,18.84955592153876,136.59955592153872,2,180.0,217,44.90052796068899,0.5887499999999999,3.807422738380465,0.4103870683164193,4.806559806696884,True,,136.5996,217,4.807274264640184
172,33,47,60,42,128.875,0.0,48.225,0.0,30.9,6.0,80.65,118.45000000000002,18.84955592153876,137.29955592153877,2,180.0,217,42.48111287543237,0.59225,3.807422738380465,0.4083930076531465,4.808065746033612,True,,137.2996,217,4.808482590949703
173,33,47,60,42,129.05,0.0,48.05,0.0,31.075,6.0,81.00000000000001,119.15000000000002,18.84955592153876,137.99955592153879,2,180.0,217,39.94450518981492,0.5957500000000001,3.807422738380465,0.40497035950687144,4.808143097887337,True,,137.9996,217,4.808351560303399
174,33,47,60,42,129.225,0.0,47.875,0.0,31.25,6.0,81.35,119.85,18.84955592153876,138.69955592153875,2,180.0,217,37.265962926494275,0.59925,3.807422738380465,0.40154779564635884,4.808220534026823,True,,138.6996,217,4.808756334248985
175,33,47,60,42,129.4,0.0,47.7,0.0,31.425,6.0,81.7,120.55,18.84955592153876,139.39955592153876,2,180.0,217,34.411508669769525,0.60275,3.807422738380465,0.3972323084184614,4.807405046798927,True,,139.3996,217,4.808684921731987
176,33,47,60,42,129.575,0.0,47.525,0.0,31.6,6.0,82.04999999999998,121.24999999999997,18.84955592153876,140.09955592153872,2,180.0,217,31.332206707233127,0.6062499999999998,3.807422738380465,0.3935119910544706,4.807184729434936,True,,140.0996,217,4.81858372824559
177,33,53,60,32,129.75,0.0,4.275,0.0,31.775,6.0,125.475,165.025,18.84955592153876,183.87455592153876,2,180.0,268,27.95288658913517,0.825125,3.807422738380465,0.48315490037422787,5.115702638754692,True,,183.8746,268,5.115464723772826
178,14,38,26,54,123.45,150.0,103.625,0.0,44.9,6.0,19.825000000000003,145.825,18.84955592153876,164.67455592153874,2,180.0,163,21.03946978131697,0.7291249999999999,3.807422738380465,0.3554168492858187,4.891964587666283,True,,164.6746,163,4.877827838075559
179,38,18,54,10,102.925,0.0,50.575,150.0,99.675,6.0,52.349999999999994,178.34999999999997,18.84955592153876,197.19955592153872,2,180.0,234,21.69471602238685,0.8917499999999998,3.807422738380465,0.44916677904768243,5.148339517428147,True,,197.1996,234,5.145303989419073
180,38,29,54,2,102.575,0.0,15.1,150.0,99.325,6.0,87.47500000000001,213.47500000000002,18.84955592153876,232.32455592153877,2,180.0,245,29.444376929630245,1.0673750000000002,3.807422738380465,0.46321446231302543,5.338012200693491,True,,232.3246,245,5.339202788908864
181,38,29,54,2,102.75,0.0,15.275,150.0,99.5,6.0,87.475,213.475,18.84955592153876,232.32455592153875,2,180.0,245,25.84193276316703,1.067375,3.807422738380465,0.45958345976197634,5.334381198142442,True,,232.3246,245,5.335244504742224
182,38,41,54,50,101.0,0.0,85.625,0.0,9.9,6.0,15.375,11.175,18.84955592153876,30.02455592153876,2,180.0,54,42.481112875432366,0.05587500000000001,3.807422738380465,0.14625015452389786,4.009547892904362,True,,30.0246,51,3.9911551618340297
183,38,49,54,46,101.35,0.0,67.625,0.0,22.5,6.0,33.724999999999994,54.724999999999994,18.84955592153876,73.57455592153875,2,180.0,116,31.332206707233127,0.27362499999999995,3.807422738380465,0.25645848083341793,4.337506219213883,True,,73.5746,113,4.331256425558562
184,38,49,54,46,101.525,0.0,67.45,0.0,22.675,6.0,34.075,55.425,18.84955592153876,74.27455592153876,2,180.0,116,34.41150866976941,0.277125,3.807422738380465,0.2587501545238981,4.343297892904363,True,,74.2746,113,4.336065917259224
185,38,53,54,32,101.175,0.0,4.625,0.0,16.725,6.0,96.55,106.0,18.84955592153876,124.84955592153875,2,180.0,267,39.94450518981488,0.53,3.807422738380465,0.5014288403402887,4.838851578720754,True,,124.8496,256,4.814536199504145
186,38,53,54,32,102.4,0.0,4.449999999999999,0.0,23.55,6.0,97.95,121.05,18.84955592153876,139.89955592153876,2,180.0,239,27.95288658913515,0.60525,3.807422738380465,0.4513989750851279,4.864071713465592,True,,139.8996,239,4.864190917259222
187,38,57,54,38,101.7,0.0,30.925,0.0,22.85,6.0,70.775,92.475,18.84955592153876,111.32455592153875,2,180.0,202,37.265962926494225,0.462375,3.807422738380465,0.400744187091916,4.670541925472381,True,,111.3246,202,4.655928989419074
188,38,57,54,38,101.875,0.0,30.75,0.0,23.025,6.0,71.125,93.17500000000001,18.84955592153876,112.02455592153876,2,180.0,202,37.265962926494275,0.46587500000000004,3.807422738380465,0.4062501826191514,4.679547920999617,True,,112.0246,202,4.664964653534692
189,38,57,54,38,102.05,0.0,30.575,0.0,23.2,6.0,71.475,93.875,18.84955592153876,112.72455592153875,2,180.0,202,34.41150866976941,0.469375,3.807422738380465,0.40788709641167353,4.684684834792139,True,,112.7246,202,4.672125352769376
190,39,24,56,8,111.225,0.0,42.275,150.0,101.425,6.0,68.94999999999999,194.95,18.84955592153876,213.79955592153874,2,180.0,228,24.146847996502164,0.97475,3.807422738380465,0.45982156704089516,5.24199430542136,True,,213.7996,228,5.238542180983755
191,39,41,56,50,110.0,0.0,85.275,0.0,26.35,6.0,24.724999999999994,53.425,18.84955592153876,72.27455592153876,2,180.0,88,31.332206707233127,0.267125,3.807422738380465,0.20455376307834078,4.279101501458806,True,,72.2746,84,4.269399306783066
192,39,41,56,50,110.175,0.0,85.1,0.0,26.525,6.0,25.075000000000003,54.125,18.84955592153876,72.97455592153875,2,180.0,88,34.41150866976939,0.270625,3.807422738380465,0.20526802872458783,4.283315767105053,True,,72.9746,84,4.273970691204808
193,39,41,56,50,110.35,0.0,84.925,0.0,26.7,6.0,25.424999999999997,54.825,18.84955592153876,73.67455592153877,2,180.0,88,37.265962926494154,0.274125,3.807422738380465,0.2032144061225178,4.284762144502983,True,,73.6746,84,4.274137329776221
194,39,47,56,42,110.7,0.0,49.625,0.0,27.05,6.0,61.075,91.175,18.84955592153876,110.02455592153876,2,180.0,170,34.41150866976941,0.455875,3.807422738380465,0.32008942719395855,4.583387165574424,True,,110.0246,170,4.582018248041508
195,39,47,56,42,110.875,0.0,49.45,0.0,27.225,6.0,61.425,91.875,18.84955592153876,110.72455592153875,2,180.0,170,31.332206707233127,0.45937500000000003,3.807422738380465,0.3148513199150401,4.581649058295505,True,,110.7246,170,4.580518219946253
196,39,47,56,42,111.05,0.0,49.275,0.0,27.4,6.0,61.775,92.57499999999999,18.84955592153876,111.42455592153874,2,180.0,170,27.95288658913517,0.4628749999999999,3.807422738380465,0.31038698403065756,4.580684722411123,True,,111.4246,170,4.580059879589107
197,39,49,56,46,110.525,0.0,67.275,0.0,26.875,6.0,43.25,73.0,18.84955592153876,91.84955592153875,2,180.0,133,37.265962926494275,0.365,3.807422738380465,0.2713691660204758,4.443791904400941,True,,91.8496,130,4.438375415983699
198,1,41,58,50,119.0,0.0,84.75,0.0,28.275,6.0,34.25,66.8,18.84955592153876,85.64955592153876,2,180.0,113,31.332206707233127,0.334,3.807422738380465,0.24244066282323617,4.383863401203701,True,,85.6496,109,4.371809970898683
199,41,24,50,8,84.05,0.0,41.925,150.0,94.775,6.0,42.125,168.125,18.84955592153876,186.97455592153875,2,180.0,233,27.95288658913517,0.8406250000000001,3.807422738380465,0.4583335019048579,5.106381240285323,True,,186.9746,233,5.1058755213409
200,41,24,50,8,84.225,0.0,42.1,150.0,94.95,6.0,42.12499999999999,168.125,18.84955592153876,186.97455592153875,2,180.0,233,31.332206707233127,0.8406250000000001,3.807422738380465,0.45440497061236385,5.102452708992829,True,,186.9746,233,5.103077852123185
201,41,54,50,34,83.875,0.0,13.45,0.0,16.55,6.0,70.425,79.52499999999999,18.84955592153876,98.37455592153876,2,180.0,188,42.48111287543235,0.39762499999999995,3.807422738380465,0.3391965600170818,4.544244298397547,True,,98.3746,188,4.543559949827242
202,41,57,50,38,83.525,0.0,31.275,0.0,16.2,6.0,52.25000000000001,60.650000000000006,18.84955592153876,79.49955592153876,2,180.0,165,47.2214422911067,0.30325,3.807422738380465,0.31654776755110503,4.427220505931571,True,,79.4996,165,4.4233813412727985
203,41,58,50,40,83.0,0.0,40.625,0.0,15.675,6.0,42.375,49.724999999999994,18.84955592153876,68.57455592153875,2,180.0,140,39.9445051898149,0.24862499999999998,3.807422738380465,0.28500016857152505,4.34104790695199,True,,68.5746,140,4.340155175881657
204,41,58,50,40,83.175,0.0,40.45,0.0,15.85,6.0,42.724999999999994,50.425,18.84955592153876,69.27455592153876,2,180.0,140,42.48111287543235,0.252125,3.807422738380465,0.28044654596945484,4.33999428434992,True,,69.2746,140,4.3399944485517175
205,41,58,50,40,83.35,0.0,40.275,0.0,16.025,6.0,43.074999999999996,51.12499999999999,18.84955592153876,69.97455592153875,2,180.0,140,44.90052796068893,0.255625,3.807422738380465,0.27744063472798186,4.340488373108447,True,,69.9746,140,4.338583735269405
206,14,47,26,42,122.75,150.0,47.35,0.0,45.6,6.0,75.4,201.4,18.84955592153876,220.24955592153876,2,180.0,244,31.33220670723324,1.0070000000000001,3.807422738380465,0.47639905937089055,5.290821797751355,True,,220.2496,244,5.292161178432705
207,48,18,44,10,56.175,0.0,50.05,150.0,87.25,6.0,6.125,139.53652184978628,12.710213886935609,152.2467357367219,2,121.3736020716633,223,40.9492976921653,0.6976826092489314,2.5673367353710725,0.4065477675511048,3.671567112171109,True,,152.2467,223,3.667459744473868
208,51,48,48,44,74.175,0.0,58.45,0.0,7.45,6.0,15.724999999999994,6.624999999999995,18.84955592153876,25.47455592153875,2,180.0,48,48.82711314820599,0.033124999999999974,3.807422738380465,0.10988104469393029,3.9504287830743956,True,,25.4746,48,3.9514706631095544
209,51,48,48,44,74.0,0.0,58.625,0.0,6.05,6.0,15.375,3.4749999999999996,18.84955592153876,22.32455592153876,2,180.0,48,46.56746344221023,0.017374999999999998,3.807422738380465,0.1107739961565692,3.9355717345370342,True,,22.3246,48,3.9338456420381136
210,17,49,16,46,77.4,150.0,67.1,0.0,60.825,6.0,10.300000000000011,138.1210269804162,17.143817602170337,155.26484458258653,2,163.7113988910752,238,35.421099356070044,0.690605134902081,3.4628805703886347,0.4519942292347974,4.605479934525513,True,,155.2648,238,4.59925947853435
211,49,24,46,8,66.05,0.0,41.05,150.0,89.35,6.0,25.0,151.0,18.84955592153876,169.84955592153875,2,180.0,222,37.26596292649413,0.755,3.807422738380465,0.4289287841497812,4.9913515225302465,True,,169.8496,222,4.991500423007512
212,49,24,46,8,66.225,0.0,41.225,150.0,89.525,6.0,24.999999999999993,151.0,18.84955592153876,169.84955592153875,2,180.0,222,37.789333839967085,0.755,3.807422738380465,0.4342264252722429,4.996649163652708,True,,169.8496,222,4.996470726323875
213,49,24,46,8,66.4,0.0,41.4,150.0,89.7,6.0,25.000000000000007,151.0,18.84955592153876,169.84955592153875,2,180.0,222,36.847510649936154,0.755,3.807422738380465,0.4349704437926345,4.9973931821730995,True,,169.8496,222,4.998494511766039
214,49,24,46,8,66.575,0.0,41.575,150.0,89.875,6.0,25.0,151.0,18.84955592153876,169.84955592153875,2,180.0,222,35.65908769613878,0.755,3.807422738380465,0.4336608678062102,4.996083606186676,True,,169.8496,222,4.997095620966673
215,49,24,46,8,66.75,0.0,41.75,150.0,90.05,6.0,25.0,151.0,18.84955592153876,169.84955592153875,2,180.0,222,32.683463757723146,0.755,3.807422738380465,0.42622040164975333,4.988643140030218,True,,169.8496,222,4.990071863619764
216,49,26,46,4,65.35,0.0,22.875,150.0,88.65,6.0,42.474999999999994,168.475,18.84955592153876,187.32455592153875,2,180.0,203,24.146847996502526,0.842375,3.807422738380465,0.37333347380960386,5.023131212190068,True,,187.3246,203,5.026643255065321
217,49,26,46,4,65.525,0.0,23.05,150.0,88.825,6.0,42.47500000000001,168.47500000000002,18.84955592153876,187.32455592153877,2,180.0,203,27.95288658913523,0.8423750000000001,3.807422738380465,0.3754167930953102,5.0252145314757755,True,,187.3246,203,5.028637343823848
218,49,26,46,4,65.7,0.0,23.225,150.0,89.0,6.0,42.475,168.475,18.84955592153876,187.32455592153875,2,180.0,203,31.332206707233183,0.842375,3.807422738380465,0.38452398210894195,5.034321720489407,True,,187.3246,203,5.037744589027988
219,49,26,46,4,65.875,0.0,23.4,150.0,89.175,6.0,42.475,168.47500000000002,18.84955592153876,187.32455592153877,2,180.0,203,34.41150866976939,0.8423750000000001,3.807422738380465,0.39303591697290474,5.042833655353371,True,,187.3246,203,5.044768374470151
220,49,57,46,38,65.0,0.0,31.625,0.0,12.0,6.0,33.375,33.375,18.84955592153876,52.22455592153876,2,180.0,112,39.9445051898149,0.166875,3.807422738380465,0.2570239540136881,4.231321692394153,True,,52.2246,111,4.2188515813748415
221,49,57,46,38,65.175,0.0,31.45,0.0,12.175,6.0,33.724999999999994,34.074999999999996,18.84955592153876,52.924555921538754,2,180.0,112,42.481112875432366,0.17037499999999997,3.807422738380465,0.2481549003742289,4.225952638754694,True,,52.9246,111,4.2151194415279045
222,17,51,16,48,77.575,150.0,75.225,0.0,60.65,6.0,2.3500000000000085,142.8671534434,7.638289871554627,150.50544331495465,2,72.94029538960068,232,43.18342179617398,0.7143357672170001,1.5428585511697404,0.42750016857152445,2.6846944869582647,True,,150.5054,232,2.6924322933766494
223,17,51,16,48,77.75,150.0,75.4,0.0,60.475,6.0,2.3499999999999943,142.86715344340004,7.6382898715546155,150.50544331495465,2,72.94029538960052,232,40.682512272043724,0.7143357672170002,1.542858551169738,0.42833350190485797,2.685527820291596,True,,150.5054,232,2.691658465791599
224,17,51,16,48,77.925,150.0,75.575,0.0,60.3,6.0,2.3499999999999943,142.86715344340004,7.63828987155461,150.50544331495465,2,72.94029538960046,232,38.04750745361992,0.7143357672170002,1.5428585511697368,0.4280060798129978,2.685200398199735,True,,150.5054,232,2.6877596592779955
225,51,19,48,12,75.05,0.0,59.75,150.0,92.85,6.0,15.299999999999997,141.3,18.84955592153876,160.14955592153876,2,180.0,242,27.95288658913517,0.7065,3.807422738380465,0.47633949743209325,4.990262235812558,True,,160.1496,242,4.991125486221835
226,51,21,48,0,74.525,0.0,4.175,150.0,92.325,6.0,70.35000000000001,196.35000000000002,18.84955592153876,215.19955592153877,2,180.0,216,31.332206707233183,0.9817500000000001,3.807422738380465,0.4200299214456689,5.209202659826134,True,,215.1996,216,5.2109588055075395
227,51,21,48,0,74.7,0.0,4.35,150.0,92.5,6.0,70.35000000000001,196.35,18.84955592153876,215.19955592153875,2,180.0,216,34.41150866976939,0.98175,3.807422738380465,0.42598232246608864,5.215155060846554,True,,215.1996,216,5.217387421085796
228,51,21,48,0,74.875,0.0,4.525,150.0,92.675,6.0,70.35,196.35000000000002,18.84955592153876,215.19955592153877,2,180.0,216,37.26596292649413,0.9817500000000001,3.807422738380465,0.43211326882662937,5.221286007207095,True,,215.1996,216,5.223339794010962
229,51,54,48,34,74.35,0.0,13.625,0.0,12.875,6.0,60.724999999999994,62.474999999999994,18.84955592153876,81.32455592153875,2,180.0,172,31.332206707233183,0.31237499999999996,3.807422738380465,0.3223811008844383,4.442178839264904,True,,81.3246,172,4.44256593130685
230,29,53,2,32,13.0,150.0,2.0,0.0,77.625,6.0,11.0,138.0417392568986,17.848394882211373,155.89013413911,2,170.43961630560167,32,46.56746344221017,0.6902086962844931,3.6051981702377196,0.07080366474495128,4.366210531267164,True,,155.8901,32,4.365704365044379
231,29,53,2,32,13.175,150.0,2.175,0.0,77.45,6.0,11.0,138.0417392568986,17.848394882211373,155.89013413911,2,170.43961630560167,32,48.827113148206045,0.6902086962844931,3.6051981702377196,0.06699414494903522,4.362401011471248,True,,155.8901,32,4.361924598122608
232,26,54,4,34,22.35,150.0,12.75,0.0,73.6,6.0,9.600000000000001,138.24244923464073,16.433260872054802,154.67571010669553,2,156.92608193436905,68,30.33023052744028,0.6912122461732036,3.3193551811215167,0.13500008428576243,4.145567511580483,True,,154.6757,68,4.149585279057184
233,29,54,2,34,13.35,150.0,11.0,0.0,77.275,6.0,2.3499999999999996,142.86715344340004,7.638289871554612,150.50544331495465,2,72.94029538960051,62,46.56746344221025,0.7143357672170002,1.5428585511697372,0.13145850892867175,2.3886528273154095,True,,150.5054,62,2.391360880859649
234,29,54,2,34,13.525,150.0,11.175,0.0,77.1,6.0,2.3499999999999996,142.86715344340004,7.638289871554612,150.50544331495465,2,72.94029538960051,62,48.07052428780666,0.7143357672170002,1.5428585511697372,0.12901804277221487,2.3862123611589525,True,,150.5054,62,2.3882061209616907
235,29,54,2,34,13.7,150.0,11.35,0.0,76.925,6.0,2.3499999999999996,142.86715344340004,7.638289871554612,150.50544331495465,2,72.9402953896005,62,45.67733594223696,0.7143357672170002,1.5428585511697372,0.12619064877560876,2.383384967162346,True,,150.5054,62,2.3850216362848426
236,29,54,2,34,13.875,150.0,11.525,0.0,76.75,6.0,2.3499999999999996,142.86715344340004,7.638289871554613,150.50544331495465,2,72.94029538960052,62,43.324461016305456,0.7143357672170002,1.5428585511697375,0.1272323084184619,2.3844266268051992,True,,150.5054,62,2.3854085360297375
237,29,54,2,34,14.05,150.0,11.7,0.0,76.575,6.0,2.3500000000000014,142.86715344340004,7.638289871554613,150.50544331495465,2,72.94029538960052,62,41.01305502697478,0.7143357672170002,1.5428585511697375,0.1265180146769607,2.3837123330636985,True,,150.5054,62,2.3844561350093185
238,29,54,2,34,14.225,150.0,11.875,0.0,76.4,6.0,2.3499999999999996,142.86715344340004,7.638289871554612,150.50544331495465,2,72.94029538960051,62,38.745021818870626,0.7143357672170002,1.5428585511697372,0.12604182821437798,2.3832361466011154,True,,150.5054,62,2.383979948546735
239,29,54,2,34,14.4,150.0,12.05,0.0,76.225,6.0,2.3499999999999996,142.86715344340004,7.638289871554612,150.50544331495465,2,72.94029538960051,62,36.523168978000825,0.7143357672170002,1.5428585511697372,0.1291072732993942,2.3863015916861317,True,,150.5054,62,2.3863013189208515
240,29,54,2,34,14.575,150.0,12.225,0.0,76.05,6.0,2.3499999999999996,142.86715344340004,7.638289871554612,150.50544331495465,2,72.9402953896005,62,34.35141515326405,0.7143357672170002,1.5428585511697372,0.1318751334524572,2.3890694518391946,True,,150.5054,62,2.3997239389718725
241,2,56,20,36,95.4,150.0,21.05,0.0,55.05,6.0,74.35000000000001,200.35000000000002,18.84955592153876,219.19955592153877,2,180.0,230,40.50772538764033,1.0017500000000001,3.807422738380465,0.44755967431981325,5.256732412700279,True,,219.1996,230,5.260244483670784
242,2,56,20,36,95.575,150.0,21.225,0.0,54.875,6.0,74.35,200.35,18.84955592153876,219.19955592153875,2,180.0,230,42.355028376502936,1.00175,3.807422738380465,0.45110139015317463,5.26027412853364,True,,219.1996,230,5.265125556459969
243,2,56,20,36,95.75,150.0,21.4,0.0,54.7,6.0,74.35,200.35000000000002,18.84955592153876,219.19955592153877,2,180.0,230,39.94450518981488,1.0017500000000001,3.807422738380465,0.44925612195587855,5.258428860336344,True,,219.1996,230,5.264054115847717
244,2,56,20,36,95.925,150.0,21.575,0.0,54.525,6.0,74.35,200.35,18.84955592153876,219.19955592153875,2,180.0,230,37.265962926494254,1.00175,3.807422738380465,0.44824413090140747,5.257416869281872,True,,219.1996,230,5.259827831051744
245,20,56,6,36,31.35,150.0,20.0,0.0,71.5,6.0,11.350000000000001,138.01761709842322,18.199237648129795,156.216854746553,2,173.78991793223872,106,31.493594247775025,0.6900880854921161,3.6760649179804457,0.2235121034354877,4.58966510690805,True,,156.2169,106,4.59023075016505
246,12,57,21,38,99.55,150.0,29.875,0.0,52.6,6.0,69.675,195.67499999999998,18.84955592153876,214.52455592153873,2,180.0,239,35.659087696138734,0.9783749999999999,3.807422738380465,0.45577396806131437,5.241571706441779,True,,214.5246,239,5.241690854044901
247,12,57,21,38,99.725,150.0,30.05,0.0,52.425,6.0,69.675,195.675,18.84955592153876,214.52455592153876,2,180.0,239,34.41150866976939,0.9783750000000001,3.807422738380465,0.44964307789128194,5.235440816271747,True,,214.5246,239,5.2353515813748395
248,24,57,8,38,40.525,150.0,29.7,0.0,69.05,6.0,10.825,138.05766459188155,17.67267018816504,155.73033478004658,2,168.7615690847545,153,28.534702342673814,0.6902883229594078,3.5697035305447784,0.28812514750008456,4.54811700100427,True,,155.7303,153,4.550646608073437
249,38,57,54,38,102.225,0.0,30.4,0.0,23.375,6.0,71.82499999999999,94.57499999999999,18.84955592153876,113.42455592153874,2,180.0,202,31.332206707233127,0.47287499999999993,3.807422738380465,0.4048811289796921,4.6851788673601575,True,,113.4246,202,4.677738481119736
250,41,57,50,38,83.7,0.0,31.1,0.0,16.375,6.0,52.6,61.35,18.84955592153876,80.19955592153876,2,180.0,165,44.90052796068899,0.30675,3.807422738380465,0.31693469539125413,4.431107433771719,True,,80.1996,165,4.428071793381629
251,11,58,52,40,92.35,0.0,40.1,0.0,19.0,6.0,52.24999999999999,66.25,18.84955592153876,85.09955592153875,2,180.0,163,47.22144229110671,0.33125,3.807422738380465,0.3044644201701449,4.44313715855061,True,,85.0996,162,4.4379587493170325
252,11,58,52,40,92.525,0.0,39.925,0.0,19.175,6.0,52.60000000000001,66.95,18.84955592153876,85.79955592153877,2,180.0,163,44.90052796068899,0.33475000000000005,3.807422738380465,0.3041668633334459,4.446339601713911,True,,85.7996,162,4.4408337422932185
253,11,58,52,40,92.7,0.0,39.75,0.0,19.35,6.0,52.95,67.65,18.84955592153876,86.49955592153876,2,180.0,163,42.48111287543235,0.33825000000000005,3.807422738380465,0.30098235056134337,4.446655088941808,True,,86.4996,162,4.441655140762589
254,11,58,52,40,92.875,0.0,39.575,0.0,19.525,6.0,53.3,68.35,18.84955592153876,87.19955592153875,2,180.0,163,39.94450518981492,0.34175,3.807422738380465,0.2983631985884946,4.4475359369689595,True,,87.1996,162,4.443577788908864
255,58,21,40,0,38.0,0.0,4.0,150.0,84.45,6.0,34.0,160.0,18.84955592153876,178.84955592153875,2,180.0,128,27.952886589135197,0.8,3.807422738380465,0.25181562770416854,4.859238366084633,True,,178.8496,128,4.857958791459914
256,61,68,29,61,136.6,150.0,134.6,0.0,39.825,6.0,2.0,143.36675041928922,7.0282265214858075,150.39497694077502,2,67.11461952384141,52,43.18342179617398,0.7168337520964461,1.419631824737929,0.11735129181978572,2.253816868654161,True,,150.395,52,2.259352704256413
257,61,68,29,61,136.775,150.0,134.775,0.0,39.65,6.0,2.0,143.3667504192892,7.0282265214858075,150.394976940775,2,67.11461952384141,52,40.68251227204353,0.716833752096446,1.419631824737929,0.12193461110549197,2.2584001879398667,True,,150.395,52,2.2647098511271633
258,69,61,63,29,143.6,0.0,136.95,150.0,113.5,6.0,6.650000000000006,139.25860809764396,13.304295642347707,152.56290373999167,2,127.04666495013598,30,35.659087696138734,0.6962930404882198,2.6873353387030687,0.10342273243203758,3.487051111623326,True,,152.5629,30,3.4838368272771207
259,69,61,63,29,143.775,0.0,137.125,150.0,113.675,6.0,6.650000000000006,139.25860809764396,13.304295642347707,152.56290373999167,2,127.04666495013598,30,32.68346375772296,0.6962930404882198,2.6873353387030687,0.10261920816335705,3.4862475873546455,True,,152.5629,30,3.4827951114437594
260,61,86,29,39,135.55,150.0,35.25,0.0,40.875,6.0,100.30000000000001,226.3,18.84955592153876,245.14955592153876,2,180.0,232,34.76258398715183,1.1315000000000002,3.807422738380465,0.4357144342177707,5.374637172598236,True,,245.1496,232,5.378059928755801
261,61,86,29,39,135.725,150.0,35.425,0.0,40.7,6.0,100.3,226.3,18.84955592153876,245.14955592153876,2,180.0,232,37.59385643098254,1.1315000000000002,3.807422738380465,0.4346429936055189,5.373565731985984,True,,245.1496,232,5.3760361714088925
262,61,86,29,39,135.9,150.0,35.6,0.0,40.525,6.0,100.30000000000001,226.3,18.84955592153876,245.14955592153876,2,180.0,232,40.25390820115515,1.1315000000000002,3.807422738380465,0.43604180011912264,5.374964538499587,True,,245.1496,232,5.378952795932677
263,61,86,29,39,136.075,150.0,35.775,0.0,40.35,6.0,100.29999999999998,226.29999999999998,18.84955592153876,245.14955592153873,2,180.0,232,42.77538203609819,1.1315,3.807422738380465,0.43547635503410637,5.374399093414572,True,,245.1496,232,5.378387350847661
264,61,86,29,39,136.25,150.0,35.95,0.0,40.175,6.0,100.3,226.3,18.84955592153876,245.14955592153876,2,180.0,232,45.18216408739348,1.1315000000000002,3.807422738380465,0.43607158108852123,5.374994319468986,True,,245.1496,232,5.3771076120211445
265,61,114,29,3,135.2,150.0,19.775,150.0,116.475,6.0,115.42499999999998,158.475,18.84955592153876,177.32455592153875,2,180.0,240,27.952886589134987,0.7923749999999999,3.807422738380465,0.43940491442185464,5.039202652802319,True,,177.3246,240,5.040631348296612
266,61,118,29,9,134.675,150.0,45.9,150.0,117.0,6.0,88.775,130.775,18.84955592153876,149.62455592153876,2,180.0,204,37.26596292649413,0.6538750000000001,3.807422738380465,0.3815775204252489,4.842875258805714,True,,149.6246,204,4.846030154810215
267,61,118,29,9,134.85,150.0,45.725,150.0,116.825,6.0,89.125,131.475,18.84955592153876,150.32455592153875,2,180.0,204,34.41150866976939,0.6573749999999999,3.807422738380465,0.37782750637762186,4.842625244758087,True,,150.3246,204,4.849053968347634
268,61,118,29,9,135.025,150.0,45.55,150.0,116.65,6.0,89.47500000000001,132.175,18.84955592153876,151.02455592153876,2,180.0,204,31.332206707233127,0.6608750000000001,3.807422738380465,0.3769346392007453,4.84523237758121,True,,151.0246,204,4.846274173330608
269,71,62,24,53,113.225,150.0,98.6,0.0,48.225,6.0,14.625,140.625,18.84955592153876,159.47455592153875,2,180.0,185,34.411508669769546,0.703125,3.807422738380465,0.39119073306137114,4.901738471441837,True,,159.4746,185,4.900875493245646
270,71,62,24,53,113.4,150.0,98.775,0.0,48.05,6.0,14.625,140.625,18.84955592153876,159.47455592153875,2,180.0,185,31.332206707233127,0.703125,3.807422738380465,0.38991099423485376,4.900458732615319,True,,159.4746,185,4.901232668211652
271,71,62,24,53,113.575,150.0,98.95,0.0,47.875,6.0,14.625,140.625,18.84955592153876,159.47455592153875,2,180.0,185,27.95288658913517,0.703125,3.807422738380465,0.39565501275524534,4.9062027511357105,True,,159.4746,185,4.905369582004173
272,71,62,24,53,113.75,150.0,99.125,0.0,47.7,6.0,14.625,140.625,18.84955592153876,159.47455592153875,2,180.0,185,24.146847996502466,0.703125,3.807422738380465,0.40089312003416366,4.911440858414629,True,,159.4746,185,4.910310104351138
273,62,116,53,1,97.375,0.0,9.025,150.0,97.4,6.0,88.35,214.35,18.84955592153876,233.19955592153875,2,180.0,256,27.95288658913514,1.07175,3.807422738380465,0.5189883179933238,5.398161056373788,True,,233.1996,256,5.3991135935007515
274,62,116,53,1,97.55,0.0,9.2,150.0,97.575,6.0,88.35,214.35000000000002,18.84955592153876,233.19955592153877,2,180.0,256,31.332206707233095,1.0717500000000002,3.807422738380465,0.5233931481294174,5.4025658865098825,True,,233.1996,256,5.402774320830691
275,62,116,53,1,97.725,0.0,9.375,150.0,97.75,6.0,88.35,214.35,18.84955592153876,233.19955592153875,2,180.0,256,34.41150866976937,1.07175,3.807422738380465,0.5285419967859023,5.407714735166367,True,,233.1996,256,5.407089808058588
276,66,68,31,61,145.6,150.0,134.95,0.0,36.15,6.0,10.650000000000006,138.07617930359567,17.496691923754035,155.5728712273497,2,167.0811004452899,30,42.6394337043259,0.6903808965179783,3.534157672161262,0.08038704022116581,4.304925608900406,True,,155.5729,30,4.304806685076572
277,66,68,31,61,145.775,150.0,135.125,0.0,35.975,6.0,10.650000000000006,138.07617930359567,17.496691923754035,155.5728712273497,2,167.0811004452899,30,43.98418706945575,0.6903808965179783,3.534157672161262,0.08083344571434992,4.3053720143935905,True,,155.5729,30,4.3020983306717975
278,66,69,31,63,145.95,150.0,143.95,0.0,35.8,6.0,2.0,143.36675041928922,7.0282265214858075,150.39497694077502,2,67.11461952384141,0,,0.7168337520964461,1.419631824737929,0.0,2.136465576834375,True,,150.395,0,2.1364656921305007
279,66,69,31,63,146.125,150.0,144.125,0.0,35.625,6.0,2.0,143.3667504192892,7.0282265214858075,150.394976940775,2,67.11461952384141,0,,0.716833752096446,1.419631824737929,0.0,2.1364655768343748,True,,150.395,0,2.1364656921305007
280,66,70,31,51,144.9,150.0,88.9,0.0,36.85,6.0,56.0,182.0,18.84955592153876,200.84955592153875,2,180.0,162,35.659087696138734,0.91,3.807422738380465,0.3402680287245872,5.057690767105052,True,,200.8496,162,5.056559928755801
281,66,70,31,51,145.075,150.0,89.075,0.0,36.675,6.0,55.999999999999986,182.0,18.84955592153876,200.84955592153875,2,180.0,162,38.43320634085055,0.91,3.807422738380465,0.3336906487756083,5.051113387156073,True,,200.8496,162,5.049714716749014
282,66,70,31,51,145.25,150.0,89.25,0.0,36.5,6.0,56.0,182.0,18.84955592153876,200.84955592153875,2,180.0,162,41.04739187375178,0.91,3.807422738380465,0.33044660215996263,5.047869340540428,True,,200.8496,162,5.046619490694599
283,66,70,31,51,145.425,150.0,89.425,0.0,36.325,6.0,56.000000000000014,182.0,18.84955592153876,200.84955592153875,2,180.0,162,43.53115216737253,0.91,3.807422738380465,0.32500014047627024,5.042422878856735,True,,200.8496,162,5.0432563763918665
284,66,71,31,24,143.85,150.0,114.45,150.0,132.75,6.0,29.39999999999999,39.89999999999999,18.84955592153876,58.74955592153875,2,180.0,97,51.011332559848334,0.19949999999999996,3.807422738380465,0.18223230841846202,4.189155046798927,True,,58.7496,97,4.189780189929285
285,66,71,31,24,144.025,150.0,114.275,150.0,132.575,6.0,29.75,40.60000000000002,18.84955592153876,59.44955592153878,2,180.0,97,53.13010235415609,0.20300000000000012,3.807422738380465,0.18142875605452732,4.191851494434992,True,,59.4496,97,4.192833728245592
286,66,71,31,24,143.5,150.0,114.625,150.0,140.625,6.0,28.875,23.625,18.84955592153876,42.47455592153876,2,180.0,96,39.944505189814926,0.11812500000000001,3.807422738380465,0.20502992144566956,4.130577659826135,True,,42.4746,96,4.130994448551718
287,66,89,31,33,144.725,150.0,8.95,0.0,37.025,6.0,135.775,261.775,18.84955592153876,280.62455592153873,2,180.0,257,32.68346375772296,1.308875,3.807422738380465,0.5054465740647077,5.621744312445173,True,,280.6246,257,5.620524215473488
288,66,101,31,17,143.675,150.0,83.125,150.0,138.875,6.0,60.55000000000001,58.80000000000001,18.84955592153876,77.64955592153876,2,180.0,189,44.90052796068899,0.29400000000000004,3.807422738380465,0.35172634098648037,4.453149079366946,True,,77.6496,185,4.444934949827242
289,66,111,31,19,144.2,150.0,91.95,150.0,114.2,6.0,52.249999999999986,99.84999999999998,18.84955592153876,118.69955592153875,2,180.0,155,27.95288658913517,0.4992499999999999,3.807422738380465,0.31306569794230354,4.619738436322769,True,,118.6996,155,4.619173099249041
290,66,113,31,5,144.55,150.0,28.6,150.0,113.85,6.0,115.95000000000002,164.25000000000003,18.84955592153876,183.09955592153878,2,180.0,221,24.146847996502164,0.8212500000000001,3.807422738380465,0.40913705426879193,5.037809792649257,True,,183.0996,221,5.03090518290547
291,66,118,31,9,144.375,150.0,45.375,150.0,114.025,6.0,99.0,146.95,18.84955592153876,165.79955592153874,2,180.0,211,27.95288658913517,0.7347499999999999,3.807422738380465,0.390565585561286,4.932738323941751,True,,165.7996,211,4.930982534759195
292,68,72,61,57,132.5,0.0,117.125,0.0,6.05,6.0,15.375,3.4749999999999996,18.84955592153876,22.32455592153876,2,180.0,48,46.56746344221023,0.017374999999999998,3.807422738380465,0.11485137610554819,3.9396491144860133,True,,22.3246,48,3.938309921731988
293,68,72,61,57,132.675,0.0,116.95,0.0,7.45,6.0,15.725000000000009,6.625000000000009,18.84955592153876,25.474555921538766,2,180.0,48,48.827113148206,0.03312500000000004,3.807422738380465,0.10720252744906325,3.9477502658295283,True,,25.4746,48,3.9467980009156522
294,68,72,61,57,132.85,0.0,116.775,0.0,7.625,6.0,16.07499999999999,7.324999999999989,18.84955592153876,26.174555921538747,2,180.0,48,51.011332559848384,0.03662499999999994,3.807422738380465,0.1003572873470213,3.944405025727486,True,,26.1746,48,3.9452980009156526
295,68,72,61,57,133.025,0.0,116.6,0.0,9.725,6.0,16.42500000000001,11.87500000000001,18.84955592153876,30.72455592153877,2,180.0,54,39.9445051898148,0.05937500000000005,3.807422738380465,0.13479184226200513,4.00158958064247,True,,30.7246,51,3.9853397307966407
296,68,76,61,47,133.375,0.0,71.775,0.0,32.65,6.0,61.599999999999994,102.9,18.84955592153876,121.74955592153876,2,180.0,183,31.332206707233127,0.5145000000000001,3.807422738380465,0.37258942719395743,4.694512165574422,True,,121.7496,180,4.688292040507484
297,68,76,61,47,133.55,0.0,71.6,0.0,32.825,6.0,61.95000000000002,103.60000000000002,18.84955592153876,122.44955592153877,2,180.0,183,31.332206707233127,0.5180000000000001,3.807422738380465,0.37083347380960313,4.696256212190068,True,,122.4496,180,4.689113467072109
298,68,76,61,47,133.725,0.0,71.425,0.0,33.0,6.0,62.3,104.3,18.84955592153876,123.14955592153876,2,180.0,183,27.95288658913517,0.5215,3.807422738380465,0.36660730139464753,4.695530039775112,True,,123.1496,180,4.688030175881655
299,68,77,61,49,133.2,0.0,80.6,0.0,32.475,6.0,52.599999999999994,93.54999999999998,18.84955592153876,112.39955592153873,2,180.0,159,27.95288658913517,0.46774999999999994,3.807422738380465,0.32860133396266655,4.603774072343131,True,,112.3996,156,4.598000437055139
300,68,113,61,5,134.425,0.0,28.425,150.0,110.35,6.0,106.00000000000001,232.00000000000003,18.84955592153876,250.84955592153878,2,180.0,226,31.332206707233127,1.1600000000000001,3.807422738380465,0.444553791173594,5.411976529554059,True,,250.8496,226,5.414298148415735
301,68,116,61,1,133.9,0.0,10.775,150.0,109.825,6.0,123.125,249.125,18.84955592153876,267.97455592153875,2,180.0,273,34.41150866976939,1.245625,3.807422738380465,0.5360418844048858,5.589089622785352,True,,267.9746,273,5.590816015592612
302,68,116,61,1,134.075,0.0,10.95,150.0,110.0,6.0,123.12499999999999,249.125,18.84955592153876,267.97455592153875,2,180.0,273,37.26596292649413,1.245625,3.807422738380465,0.5383633109695105,5.591411049349976,True,,267.9746,273,5.5909053023103
303,68,116,61,1,134.25,0.0,11.125,150.0,110.175,6.0,123.125,249.125,18.84955592153876,267.97455592153875,2,180.0,273,35.65908769613878,1.245625,3.807422738380465,0.5427085510715527,5.5957562894520185,True,,267.9746,273,5.596827894266066
304,69,73,63,59,142.725,0.0,125.6,0.0,35.1,6.0,17.125,63.325,18.84955592153876,82.17455592153877,2,180.0,52,27.95288658913529,0.31662500000000005,3.807422738380465,0.12755967431981388,4.251607412700279,True,,82.1746,52,4.2601492084496755
305,69,73,63,59,142.025,0.0,126.125,0.0,12.0,6.0,15.900000000000006,15.900000000000006,18.84955592153876,34.749555921538764,2,180.0,51,46.56746344221023,0.07950000000000003,3.807422738380465,0.11750016857152487,4.00442290695199,True,,34.7496,51,4.003589653534692
306,69,73,63,59,142.375,0.0,125.95,0.0,20.75,6.0,16.424999999999997,33.92500000000001,18.84955592153876,52.77455592153877,2,180.0,52,48.82711314820619,0.16962500000000005,3.807422738380465,0.10940491442185579,4.086452652802321,True,,52.7746,52,4.086542047531298
307,69,73,63,59,142.55,0.0,125.775,0.0,20.925,6.0,16.775000000000006,34.62500000000001,18.84955592153876,53.474555921538766,2,180.0,52,51.0113325598484,0.17312500000000003,3.807422738380465,0.10571440612251772,4.086262144502983,True,,53.4746,52,4.08709561394286
308,69,77,63,49,142.2,0.0,80.95,0.0,12.175,6.0,61.249999999999986,61.59999999999998,18.84955592153876,80.44955592153875,2,180.0,197,54.48349155762503,0.3079999999999999,3.807422738380465,0.35372031736399046,4.469143055744455,True,,80.4496,186,4.446583714197964
309,69,79,63,43,141.5,0.0,53.775,0.0,7.975,6.0,87.725,79.67499999999998,18.84955592153876,98.52455592153873,2,180.0,288,44.90052796068889,0.3983749999999999,3.807422738380465,0.5355358888776501,4.741333627258115,True,,98.5246,258,4.68300040193607
310,69,79,63,43,141.675,0.0,53.6,0.0,8.15,6.0,88.07500000000002,80.37500000000003,18.84955592153876,99.22455592153878,2,180.0,288,42.48111287543225,0.40187500000000015,3.807422738380465,0.5353274782823679,4.7446252166628335,True,,99.2246,258,4.6901908540449
311,69,79,63,43,141.85,0.0,53.425,0.0,8.325,6.0,88.425,81.075,18.84955592153876,99.92455592153877,2,180.0,288,39.9445051898148,0.40537500000000004,3.807422738380465,0.5367858748300233,4.749583613210489,True,,99.9246,258,4.695655133738774
312,69,99,63,25,143.075,0.0,118.775,150.0,112.975,6.0,24.299999999999983,150.29999999999998,18.84955592153876,169.14955592153873,2,180.0,92,31.332206707233127,0.7515,3.807422738380465,0.23321449040828043,4.792137228788746,True,,169.1496,92,4.791333812531354
313,69,99,63,25,143.25,0.0,118.95,150.0,113.15,6.0,24.299999999999997,150.3,18.84955592153876,169.14955592153876,2,180.0,92,27.952886589134867,0.7515000000000001,3.807422738380465,0.239643105986537,4.798565844367002,True,,169.1496,92,4.795976693755858
314,69,99,63,25,143.425,0.0,119.125,150.0,113.325,6.0,24.30000000000001,150.3,18.84955592153876,169.14955592153876,2,180.0,92,24.146847996502164,0.7515000000000001,3.807422738380465,0.2415776047110124,4.800500343091477,True,,169.1496,92,4.798893374470151
315,69,111,63,19,142.9,0.0,91.775,150.0,112.8,6.0,51.125,177.125,18.84955592153876,195.97455592153875,2,180.0,159,34.41150866976939,0.885625,3.807422738380465,0.33925615005113285,5.032303888431598,True,,195.9746,159,5.0303992505925565
316,72,70,57,51,114.675,0.0,89.95,0.0,28.1,6.0,24.724999999999994,56.925,18.84955592153876,75.77455592153876,2,180.0,90,27.95288658913517,0.284625,3.807422738380465,0.20050613600350664,4.292553874383972,True,,75.7746,85,4.276036192480333
317,72,70,57,51,114.5,0.0,90.125,0.0,7.45,6.0,24.375,15.274999999999999,18.84955592153876,34.12455592153876,2,180.0,80,46.56746344221023,0.076375,3.807422738380465,0.1658037490307139,4.049601487411179,True,,34.1246,80,4.048381334248986
318,73,70,59,51,123.675,0.0,89.6,0.0,29.85,6.0,34.075,69.775,18.84955592153876,88.62455592153876,2,180.0,120,31.332206707233127,0.34887500000000005,3.807422738380465,0.2434525976871991,4.3997503360676635,True,,88.6246,115,4.389482612021145
319,73,70,59,51,123.5,0.0,89.775,0.0,29.675,6.0,33.724999999999994,69.07499999999999,18.84955592153876,87.92455592153874,2,180.0,120,27.95288658913515,0.34537499999999993,3.807422738380465,0.24226208938786103,4.395059827768326,True,,87.9246,115,4.3830361784327065
320,70,79,51,43,87.5,0.0,54.125,0.0,7.625,6.0,33.375,24.625,18.84955592153876,43.47455592153876,2,180.0,108,42.48111287543236,0.123125,3.807422738380465,0.21750016857152527,4.14804790695199,True,,43.4746,108,4.147542075626553
321,70,79,51,43,87.675,0.0,53.95,0.0,7.8,6.0,33.724999999999994,25.324999999999996,18.84955592153876,44.174555921538754,2,180.0,108,44.90052796068899,0.126625,3.807422738380465,0.213571609183777,4.147619347564242,True,,44.1746,108,4.148690924283037
322,70,84,51,41,87.85,0.0,45.125,0.0,18.125,6.0,42.724999999999994,54.974999999999994,18.84955592153876,73.82455592153875,2,180.0,140,27.95288658913515,0.274875,3.807422738380465,0.29086322668374853,4.373160965064214,True,,73.8246,139,4.362476560303401
323,93,70,27,51,127.775,150.0,88.725,0.0,44.025,6.0,39.05000000000001,165.05,18.84955592153876,183.89955592153876,2,180.0,184,31.332206707233127,0.82525,3.807422738380465,0.3715477956463587,5.004220534026825,True,,183.8996,184,5.010708791459913
324,111,70,19,51,91.25,150.0,88.375,0.0,56.275,6.0,2.875,142.20677377461683,8.482102436731477,150.68887621134832,2,80.99811183705751,217,45.57299599919425,0.7110338688730842,1.7133002931905368,0.38839297955789204,2.8127271416215134,True,,150.6889,217,2.8149295632518023
325,111,70,19,51,91.425,150.0,88.55,0.0,56.1,6.0,2.875,142.20677377461683,8.482102436731477,150.68887621134832,2,80.99811183705751,217,43.18342179617398,0.7110338688730842,1.7133002931905368,0.39122037355449807,2.8155545356181193,True,,150.6889,217,2.8144533767892197
326,70,113,51,5,88.025,0.0,27.725,150.0,96.0,6.0,60.300000000000004,186.3,18.84955592153876,205.14955592153876,2,180.0,230,27.95288658913517,0.9315000000000001,3.807422738380465,0.4579466583504707,5.196869396730936,True,,205.1496,230,5.201066036664053
327,70,118,51,9,88.2,0.0,45.025,150.0,96.175,6.0,43.175000000000004,169.175,18.84955592153876,188.02455592153876,2,180.0,237,24.146847996502526,0.845875,3.807422738380465,0.46083353000011157,5.114131268380577,True,,188.0246,237,5.111869511766039
328,73,71,59,24,124.55,0.0,113.925,150.0,107.025,6.0,10.625,138.0790363225115,17.471529197568557,155.55056552008006,2,166.84081411004473,133,35.24750699205245,0.6903951816125575,3.5290750518471805,0.2889883460885787,4.508458579548317,True,,155.5506,133,4.508994444158789
329,73,71,59,24,124.725,0.0,114.1,150.0,107.2,6.0,10.625,138.0790363225115,17.471529197568557,155.55056552008006,2,166.84081411004473,133,35.07369314595631,0.6903951816125575,3.5290750518471805,0.28651807086746917,4.505988304327207,True,,155.5506,133,4.5067027704683085
330,71,86,24,39,113.05,150.0,35.075,0.0,48.4,6.0,77.975,203.975,18.84955592153876,222.82455592153875,2,180.0,243,32.6834637577232,1.019875,3.807422738380465,0.477351376105547,5.304649114486012,True,,222.8246,243,5.308369427480276
331,71,108,24,13,112.0,150.0,65.125,150.0,140.625,6.0,46.875,41.625,18.84955592153876,60.47455592153876,2,180.0,152,39.944505189814926,0.208125,3.807422738380465,0.32071446231302575,4.336262200693491,True,,60.4746,149,4.329595698228622
332,71,111,24,19,112.175,150.0,92.125,150.0,132.225,6.0,20.049999999999997,31.60000000000001,18.84955592153876,50.44955592153877,2,180.0,71,48.82711314820602,0.15800000000000006,3.807422738380465,0.1528275063776226,4.118250244758087,True,,50.4496,67,4.113250465150394
333,93,72,27,57,128.125,150.0,116.425,0.0,43.675,6.0,11.700000000000003,138.00375058612067,18.549524662746432,156.5532752488671,2,177.13491252486705,114,24.19058673110459,0.6900187529306033,3.7468194094900746,0.24306569794230404,4.679903860362982,True,,156.5533,114,4.680380142485975
334,72,108,57,13,115.9,0.0,64.075,150.0,103.875,6.0,51.825,177.825,18.84955592153876,196.67455592153874,2,180.0,223,31.33220670723324,0.8891249999999999,3.807422738380465,0.43532761875863824,5.131875357139103,True,,196.6746,223,5.131071884691204
335,72,108,57,13,116.075,0.0,64.25,150.0,104.05,6.0,51.825,177.825,18.84955592153876,196.67455592153874,2,180.0,223,27.95288658913517,0.8891249999999999,3.807422738380465,0.42848235056134215,5.1250300889418074,True,,196.6746,223,5.124375437055139
336,72,108,57,13,116.25,0.0,64.425,150.0,104.225,6.0,51.825,177.82500000000002,18.84955592153876,196.67455592153877,2,180.0,223,24.146847996502586,0.889125,3.807422738380465,0.4269645044559064,5.123512242836371,True,,196.6746,223,5.124167166936128
337,72,113,57,5,115.375,0.0,28.075,150.0,103.35,6.0,87.3,213.29999999999998,18.84955592153876,232.14955592153873,2,180.0,226,39.944505189814926,1.0665,3.807422738380465,0.4539286998640179,5.327851438244482,True,,232.1496,226,5.328684991970123
338,72,116,57,1,114.85,0.0,10.25,150.0,102.825,6.0,104.6,230.60000000000002,18.84955592153876,249.44955592153877,2,180.0,258,33.44973566470459,1.1530000000000002,3.807422738380465,0.49821446231302474,5.458637200693491,True,,249.4496,258,5.459619490694598
339,72,116,57,1,115.025,0.0,10.425,150.0,103.0,6.0,104.60000000000001,230.60000000000002,18.84955592153876,249.44955592153877,2,180.0,258,36.37013176164959,1.1530000000000002,3.807422738380465,0.49991090994909,5.460333648329556,True,,249.4496,258,5.460988572429311
340,72,116,57,1,115.2,0.0,10.6,150.0,103.175,6.0,104.60000000000001,230.59999999999997,18.84955592153876,249.44955592153872,2,180.0,258,39.10091183703107,1.1529999999999998,3.807422738380465,0.49842276052729023,5.458845498907755,True,,249.4496,258,5.4585480781776
341,61,73,29,59,136.425,150.0,125.425,0.0,40.0,6.0,11.000000000000014,138.0417392568986,17.848394882211373,155.89013413911,2,170.43961630560167,76,31.713377838836593,0.6902086962844931,3.6051981702377196,0.18592281671780023,4.481329683240014,True,,155.8901,76,4.4860318995172594
342,73,99,59,25,124.9,0.0,118.25,150.0,107.375,6.0,6.650000000000006,139.25860809764396,13.304295642347697,152.56290373999167,2,127.04666495013595,126,40.682512272043816,0.6962930404882198,2.6873353387030665,0.2763693064967466,3.6599976856880327,True,,152.5629,126,3.6610690233145657
343,73,99,59,25,125.075,0.0,118.425,150.0,107.55,6.0,6.650000000000006,139.25860809764396,13.304295642347697,152.56290373999167,2,127.04666495013595,126,38.88118447024886,0.6962930404882198,2.6873353387030665,0.27074429947293305,3.6543726786642194,True,,152.5629,126,3.655920146562827
344,73,99,59,25,125.25,0.0,118.6,150.0,107.725,6.0,6.650000000000006,139.25860809764396,13.304295642347697,152.56290373999167,2,127.04666495013595,126,36.13634293337248,0.6962930404882198,2.6873353387030665,0.26633952552734796,3.6499679047186344,True,,152.5629,126,3.6508308879403932
345,73,108,59,13,124.2,0.0,64.6,150.0,106.675,6.0,59.60000000000001,185.60000000000002,18.84955592153876,204.44955592153877,2,180.0,218,28.955024371859835,0.9280000000000002,3.807422738380465,0.41339300765314607,5.148815746033611,True,,204.4496,218,5.150244525813666
346,73,111,59,19,124.375,0.0,91.6,150.0,106.85,6.0,32.775000000000006,158.775,18.84955592153876,177.62455592153876,2,180.0,185,32.23866912636972,0.793875,3.807422738380465,0.38125021071440507,4.98254794909487,True,,177.6246,185,4.980732682259279
347,73,113,59,5,123.85,0.0,28.25,150.0,106.325,6.0,95.6,221.60000000000002,18.84955592153876,240.44955592153877,2,180.0,230,21.03946978131697,1.108,3.807422738380465,0.43309533843543024,5.348518076815896,True,,240.4496,230,5.351732590949703
348,73,117,59,7,124.025,0.0,36.725,150.0,106.5,6.0,87.30000000000001,213.3,18.84955592153876,232.14955592153876,2,180.0,232,25.288720101559232,1.0665,3.807422738380465,0.4450298652551596,5.3189526036356245,True,,232.1496,232,5.319726651612976
349,74,76,55,47,105.85,0.0,72.125,0.0,24.6,6.0,33.724999999999994,58.925,18.84955592153876,77.77455592153876,2,180.0,112,34.411508669769525,0.29462499999999997,3.807422738380465,0.25327393996606135,4.3553216783465265,True,,77.7746,109,4.347583819555168
350,74,76,55,47,106.025,0.0,71.95,0.0,24.775,6.0,34.075,59.625,18.84955592153876,78.47455592153875,2,180.0,112,37.265962926494154,0.29812500000000003,3.807422738380465,0.2533632547790031,4.358910993159468,True,,78.4746,109,4.3533754651503935
351,74,77,55,49,105.675,0.0,80.775,0.0,24.25,6.0,24.89999999999999,49.39999999999999,18.84955592153876,68.24955592153876,2,180.0,85,27.95288658913515,0.24699999999999997,3.807422738380465,0.1946430217007746,4.24906576008124,True,,68.2496,82,4.242845719300063
352,74,77,55,49,105.5,0.0,81.125,0.0,12.0,6.0,24.375,24.375,18.84955592153876,43.22455592153876,2,180.0,84,46.56746344221022,0.121875,3.807422738380465,0.17848223818032666,4.107779976560792,True,,43.2246,81,4.097661044980248
353,74,78,55,45,106.2,0.0,63.125,0.0,24.95,6.0,43.075,68.97500000000001,18.84955592153876,87.82455592153877,2,180.0,138,39.94450518981488,0.34487500000000004,3.807422738380465,0.2965477956463595,4.448845534026825,True,,87.8246,135,4.443875479198021
354,74,78,55,45,106.375,0.0,62.95,0.0,25.125,6.0,43.425,69.675,18.84955592153876,88.52455592153876,2,180.0,138,37.265962926494275,0.348375,3.807422738380465,0.28913699807828486,4.44493473645875,True,,88.5246,135,4.438565903211597
355,74,78,55,45,106.55,0.0,62.775,0.0,25.3,6.0,43.775,70.37499999999999,18.84955592153876,89.22455592153875,2,180.0,138,34.41150866976941,0.35187499999999994,3.807422738380465,0.28068462515311954,4.439982363533584,True,,89.2246,135,4.434030126714962
356,74,78,55,45,106.725,0.0,62.6,0.0,25.475,6.0,44.12499999999999,71.075,18.84955592153876,89.92455592153877,2,180.0,138,31.332206707233127,0.355375,3.807422738380465,0.2742858748300242,4.43708361321049,True,,89.9246,135,4.431369427480277
357,93,74,27,55,127.95,150.0,108.125,0.0,43.85,6.0,19.825000000000003,145.82500000000002,18.84955592153876,164.67455592153877,2,180.0,135,27.95288658913517,0.7291250000000001,3.807422738380465,0.2778870683164203,4.814434806696886,True,,164.6746,135,4.814673162463364
358,98,74,23,55,109.6,150.0,107.425,0.0,49.45,6.0,2.174999999999997,143.11019775320077,7.338789967127394,150.44898772032815,2,70.08028197489193,173,43.18342179617398,0.7155509887660039,1.4823625505739908,0.32294657406470906,2.5208601134047037,True,,150.449,173,2.5260088548880217
359,98,74,23,55,109.775,150.0,107.6,0.0,49.275,6.0,2.1750000000000114,143.11019775320074,7.3387899671274095,150.44898772032815,2,70.08028197489213,173,40.68251227204353,0.7155509887660036,1.482362550573994,0.3243453805783127,2.52225891991831,True,,150.449,173,2.5241338619118405
360,98,74,23,55,109.95,150.0,107.775,0.0,49.1,6.0,2.174999999999997,143.11019775320074,7.338789967127387,150.44898772032812,2,70.08028197489193,173,38.04750745361973,0.7155509887660036,1.4823625505739895,0.33086325477900275,2.5287767941189956,True,,150.449,173,2.529937526656786
361,74,113,55,5,106.9,0.0,27.9,150.0,100.55,6.0,79.0,205.0,18.84955592153876,223.84955592153875,2,180.0,222,31.332206707233183,1.025,3.807422738380465,0.3989882056123071,5.231410943992772,True,,223.8496,222,5.233107555830635
362,74,118,55,9,107.075,0.0,45.2,150.0,100.725,6.0,61.875,187.875,18.84955592153876,206.72455592153875,2,180.0,227,27.95288658913517,0.9393750000000001,3.807422738380465,0.42008948338446567,5.166887221764931,True,,206.7246,227,5.163673120320482
363,76,80,47,35,69.5,0.0,17.075,0.0,10.6,6.0,52.425,49.625,18.84955592153876,68.47455592153875,2,180.0,160,39.9445051898149,0.248125,3.807422738380465,0.31720252744906274,4.372750265829528,True,,68.4746,158,4.3620063553204265
364,76,80,47,35,69.675,0.0,16.9,0.0,12.35,6.0,52.775,53.475,18.84955592153876,72.32455592153876,2,180.0,156,39.9445051898149,0.26737500000000003,3.807422738380465,0.3092560376701163,4.384053776050582,True,,72.3246,156,4.383131320201358
365,76,80,47,35,69.85,0.0,16.725,0.0,12.525,6.0,53.12499999999999,54.17499999999999,18.84955592153876,73.02455592153875,2,180.0,156,37.26596292649422,0.270875,3.807422738380465,0.30336317049323985,4.381660908873705,True,,73.0246,156,4.38326823399388
366,76,80,47,35,70.025,0.0,16.55,0.0,12.7,6.0,53.47500000000001,54.875000000000014,18.84955592153876,73.72455592153878,2,180.0,156,34.411508669769475,0.2743750000000001,3.807422738380465,0.2999703595068718,4.381768097887337,True,,73.7246,156,4.3839111152183845
367,93,76,27,47,127.425,150.0,71.075,0.0,44.375,6.0,56.349999999999994,182.35,18.84955592153876,201.19955592153875,2,180.0,208,24.146847996502316,0.91175,3.807422738380465,0.41157757661575706,5.130750314996222,True,,201.1996,208,5.133964744844267
368,93,76,27,47,127.6,150.0,71.25,0.0,44.2,6.0,56.349999999999994,182.34999999999997,18.84955592153876,201.19955592153872,2,180.0,208,27.952886589135016,0.9117499999999998,3.807422738380465,0.4100299776361768,5.129202716016642,True,,201.1996,208,5.133190917259222
369,76,108,47,13,70.725,0.0,63.2,150.0,91.625,6.0,7.5249999999999915,138.86562193025583,14.263750397695482,153.1293723279513,2,136.20878296933347,241,35.65908769613878,0.6943281096512791,2.881135652469833,0.46541687738107157,4.040880639502183,True,,153.1294,241,4.043202176331797
370,76,108,47,13,70.9,0.0,63.375,150.0,91.8,6.0,7.525000000000006,138.86562193025583,14.263750397695494,153.12937232795133,2,136.20878296933358,241,32.68346375772296,0.6943281096512791,2.8811356524698355,0.4666668914286987,4.042130653549814,True,,153.1294,241,4.045910530736575
371,76,113,47,5,70.55,0.0,27.375,150.0,91.45,6.0,43.175,169.175,18.84955592153876,188.02455592153876,2,180.0,209,31.332206707233183,0.845875,3.807422738380465,0.42619070496611605,5.079488443346581,True,,188.0246,209,5.081363600524566
372,76,116,47,1,70.2,0.0,8.675,150.0,91.1,6.0,61.525000000000006,187.525,18.84955592153876,206.37455592153876,2,180.0,221,34.41150866976939,0.937625,3.807422738380465,0.4614287560545263,5.206476494434991,True,,206.3746,221,5.206149348925947
373,76,116,47,1,70.375,0.0,8.85,150.0,91.275,6.0,61.525,187.525,18.84955592153876,206.37455592153876,2,180.0,221,34.411508669769376,0.937625,3.807422738380465,0.4563990312756359,5.2014467696561,True,,206.3746,221,5.203679129895344
374,77,81,49,37,78.5,0.0,26.425,0.0,13.75,6.0,52.075,55.575,18.84955592153876,74.42455592153877,2,180.0,162,31.332206707233183,0.27787500000000004,3.807422738380465,0.32038706831641955,4.405684806696884,True,,74.4246,162,4.406518276136762
375,77,81,49,37,78.675,0.0,26.25,0.0,13.925,6.0,52.425,56.27499999999999,18.84955592153876,75.12455592153876,2,180.0,162,34.411508669769475,0.281375,3.807422738380465,0.32485131991503957,4.413649058295505,True,,75.1246,162,4.41332185659595
376,77,81,49,37,78.85,0.0,26.075,0.0,14.1,6.0,52.77499999999999,56.974999999999994,18.84955592153876,75.82455592153875,2,180.0,162,37.26596292649422,0.284875,3.807422738380465,0.3279465459694544,4.420244284349919,True,,75.8246,162,4.417506369368053
377,77,81,49,37,79.025,0.0,25.9,0.0,14.275,6.0,53.12500000000001,57.675000000000004,18.84955592153876,76.52455592153876,2,180.0,162,39.9445051898149,0.28837500000000005,3.807422738380465,0.3301489329422469,4.425946671322713,True,,76.5246,162,4.420708756340845
378,77,108,49,13,79.375,0.0,63.55,150.0,93.725,6.0,15.825000000000003,141.825,18.84955592153876,160.67455592153874,2,180.0,245,34.411508669769695,0.709125,3.807422738380465,0.47455370688783083,4.9911014452682965,True,,160.6746,245,4.991548043058532
379,77,108,49,13,79.55,0.0,63.725,150.0,93.9,6.0,15.824999999999996,141.825,18.84955592153876,160.67455592153874,2,180.0,245,31.332206707233127,0.709125,3.807422738380465,0.47815495656473556,4.994702694945201,True,,160.6746,245,4.9955659172592215
380,77,108,49,13,79.725,0.0,63.9,150.0,94.075,6.0,15.824999999999996,141.825,18.84955592153876,160.67455592153874,2,180.0,245,27.95288658913517,0.709125,3.807422738380465,0.4819645606464141,4.9985122990268795,True,,160.6746,245,4.999286178432704
381,77,113,49,5,79.2,0.0,27.55,150.0,93.55,6.0,51.650000000000006,177.65,18.84955592153876,196.49955592153876,2,180.0,218,27.95288658913517,0.8882500000000001,3.807422738380465,0.42622040164975217,5.121893140030218,True,,196.4996,218,5.120375486221834
382,78,80,45,35,60.85,0.0,17.425,0.0,10.25,6.0,43.425,39.925,18.84955592153876,58.774555921538756,2,180.0,132,44.90052796068899,0.199625,3.807422738380465,0.26136919411573023,4.268416932496195,True,,58.7746,132,4.270083707174151
383,78,80,45,35,61.025,0.0,17.25,0.0,10.425,6.0,43.775,40.625,18.84955592153876,59.47455592153876,2,180.0,132,42.48111287543235,0.203125,3.807422738380465,0.25973225222795393,4.270279990608419,True,,59.4746,132,4.270815875116343
384,78,81,45,37,60.5,0.0,26.775,0.0,9.9,6.0,33.725,29.525,18.84955592153876,48.37455592153876,2,180.0,108,37.26596292649422,0.147625,3.807422738380465,0.2262204297450078,4.181268168125473,True,,48.3746,108,4.1918337774122865
385,78,81,45,37,60.675,0.0,26.6,0.0,10.075,6.0,34.074999999999996,30.224999999999994,18.84955592153876,49.07455592153875,2,180.0,108,39.94450518981486,0.15112499999999998,3.807422738380465,0.22994063472798212,4.188488373108447,True,,49.0746,108,4.190542075626553
386,99,78,25,45,117.9,150.0,62.25,0.0,46.65,6.0,55.650000000000006,181.65,18.84955592153876,200.49955592153876,2,180.0,234,27.952886589135016,0.90825,3.807422738380465,0.4716669195239531,5.187339657904418,True,,200.4996,234,5.186893388517777
387,99,78,25,45,118.075,150.0,62.425,0.0,46.475,6.0,55.650000000000006,181.65,18.84955592153876,200.49955592153876,2,180.0,234,24.146847996502316,0.90825,3.807422738380465,0.470387068316419,5.186059806696884,True,,200.4996,234,5.186030246119791
388,101,78,17,45,81.9,150.0,61.725,0.0,59.25,6.0,20.175000000000004,146.175,18.84955592153876,165.02455592153876,2,180.0,241,27.95288658913517,0.730875,3.807422738380465,0.4619346672959989,5.000232405676464,True,,165.0246,241,4.997315917259222
389,101,78,17,45,82.075,150.0,61.9,0.0,59.075,6.0,20.175000000000004,146.175,18.84955592153876,165.02455592153876,2,180.0,241,24.146847996502466,0.730875,3.807422738380465,0.4694942011395421,5.007791939520008,True,,165.0246,241,5.0030599638748665
390,78,113,45,5,61.2,0.0,27.2,150.0,87.95,6.0,34.0,160.0,18.84955592153876,178.84955592153875,2,180.0,200,27.952886589135197,0.8,3.807422738380465,0.3911311711225732,4.9985539095030385,True,,178.8496,200,5.0100124140619835
391,78,118,45,9,61.375,0.0,44.85,150.0,88.125,6.0,16.525,142.525,18.84955592153876,161.37455592153876,2,180.0,225,24.146847996502526,0.7126250000000001,3.807422738380465,0.4435120753402322,4.963559813720697,True,,161.3746,225,4.958024257616369
392,79,80,43,35,52.025,0.0,18.125,0.0,8.15,6.0,33.9,26.199999999999996,18.84955592153876,45.049555921538754,2,180.0,109,44.90052796068899,0.13099999999999998,3.807422738380465,0.22375015452389824,4.162172892904363,True,,45.0496,109,4.160774222497303
393,79,80,43,35,52.2,0.0,17.95,0.0,8.325,6.0,34.25,26.900000000000002,18.84955592153876,45.74955592153876,2,180.0,109,42.481112875432366,0.1345,3.807422738380465,0.2177382196599354,4.1596609580404005,True,,45.7496,109,4.158917075626553
394,79,80,43,35,52.375,0.0,17.775,0.0,8.5,6.0,34.6,27.6,18.84955592153876,46.44955592153876,2,180.0,109,39.9445051898149,0.138,3.807422738380465,0.21267868581639224,4.1581014241968575,True,,46.4496,109,4.159589653534692
395,79,80,43,35,52.55,0.0,17.6,0.0,8.675,6.0,34.949999999999996,28.299999999999997,18.84955592153876,47.149555921538756,2,180.0,109,37.26596292649422,0.1415,3.807422738380465,0.21107155299326874,4.159994291373734,True,,47.1496,109,4.162077746765983
396,79,81,43,37,51.675,0.0,27.125,0.0,7.8,6.0,24.549999999999997,16.15,18.84955592153876,34.99955592153876,2,180.0,79,44.90052796068899,0.08074999999999999,3.807422738380465,0.16717277457491897,4.055345512955384,True,,34.9996,79,4.054363523262618
397,79,81,43,37,51.85,0.0,26.95,0.0,7.975,6.0,24.900000000000002,16.849999999999998,18.84955592153876,35.69955592153876,2,180.0,79,47.221442291106705,0.08424999999999999,3.807422738380465,0.15913705426879304,4.050809792649258,True,,35.6996,79,4.051434935779615
398,79,86,43,39,51.5,0.0,36.125,0.0,7.625,6.0,15.375,6.625,18.84955592153876,25.47455592153876,2,180.0,48,46.56746344221023,0.033125,3.807422738380465,0.11508948338446665,3.9556372217649316,True,,25.4746,48,3.9583754089598853
399,108,79,13,43,62.675,150.0,52.725,0.0,65.9,6.0,9.949999999999996,138.17640071720967,16.78945144105834,154.965852158268,2,160.32745131874685,238,32.91616258229926,0.6908820035860483,3.391302131875465,0.4535418844048849,4.535726019866398,True,,154.9659,238,4.538732170316532
400,108,79,13,43,62.85,150.0,52.9,0.0,65.725,6.0,9.950000000000003,138.17640071720967,16.789451441058347,154.96585215826804,2,160.3274513187469,238,29.699796570508674,0.6908820035860483,3.3913021318754666,0.4508334738096027,4.533017609271117,True,,154.9659,238,4.536321400843712
401,109,79,15,43,73.425,150.0,53.075,0.0,62.225,6.0,20.349999999999994,146.35,18.84955592153876,165.19955592153875,2,180.0,242,27.95288658913517,0.73175,3.807422738380465,0.45235134801029253,4.991524086390758,True,,165.1996,242,4.989589751868079
402,61,80,29,35,135.375,150.0,16.375,0.0,41.05,6.0,119.0,245.0,18.84955592153876,263.84955592153875,2,180.0,240,31.713377838836593,1.225,3.807422738380465,0.4572025555443161,5.489625293924781,True,,263.8496,240,5.489327788908863
403,108,80,13,35,62.5,150.0,16.2,0.0,66.075,6.0,46.3,172.3,18.84955592153876,191.14955592153876,2,180.0,168,32.42638500374308,0.8615,3.807422738380465,0.3315179865817062,5.000440724962171,True,,191.1496,168,5.001006446630003
404,113,80,5,35,26.85,150.0,15.675,0.0,72.55,6.0,11.175,138.02839296501926,18.023904632981605,156.05229759800088,2,172.1156109693561,83,28.240736430519988,0.6901419648250964,3.6406493935276267,0.1733036928402056,4.5040950511929285,True,,156.0523,83,4.504690289257338
405,113,80,5,35,27.025,150.0,15.85,0.0,72.375,6.0,11.174999999999999,138.02839296501926,18.0239046329816,156.05229759800088,2,172.11561096935606,83,24.476135215181273,0.6901419648250964,3.6406493935276263,0.17574415899666246,4.506535517349386,True,,156.0523,83,4.50844027520971
406,117,80,7,35,35.85,150.0,16.025,0.0,70.275,6.0,19.825000000000003,145.825,18.84955592153876,164.67455592153874,2,180.0,105,30.019020029577906,0.7291249999999999,3.807422738380465,0.20386922221098444,4.74041696059145,True,,164.6746,105,4.741518346374897
407,62,81,53,37,96.675,0.0,25.725,0.0,21.1,6.0,70.94999999999999,89.15,18.84955592153876,107.99955592153876,2,180.0,195,39.94450518981488,0.44575000000000004,3.807422738380465,0.36690483013609276,4.6200775685165585,True,,107.9996,194,4.6096015181605186
408,62,81,53,37,96.85,0.0,25.55,0.0,21.275,6.0,71.3,89.85,18.84955592153876,108.69955592153875,2,180.0,195,37.265962926494275,0.44925,3.807422738380465,0.372291757976242,4.628964496356708,True,,108.6996,194,4.614470599895231
409,62,81,53,37,97.025,0.0,25.375,0.0,21.45,6.0,71.65,90.55000000000001,18.84955592153876,109.39955592153876,2,180.0,195,34.411508669769525,0.45275000000000004,3.807422738380465,0.3744942292347969,4.634666967615262,True,,109.3996,194,4.619071877667391
410,62,81,53,37,97.2,0.0,25.2,0.0,21.625,6.0,72.0,91.25,18.84955592153876,110.09955592153875,2,180.0,195,31.332206707233127,0.45625,3.807422738380465,0.36967277457491815,4.633345512955383,True,,110.0996,194,4.618137378942916
411,62,84,53,41,96.5,0.0,44.95,0.0,20.925,6.0,51.55,69.39999999999999,18.84955592153876,88.24955592153876,2,180.0,165,39.94450518981492,0.347,3.807422738380465,0.3362798793027878,4.490702617683253,True,,88.2496,164,4.4725777467659835
412,107,84,11,41,53.5,150.0,43.2,0.0,67.125,6.0,10.299999999999997,138.1210269804162,17.143817602170326,155.2648445825865,2,163.71139889107508,208,35.421099356069945,0.690605134902081,3.4628805703886325,0.38467274647966404,4.538158451770378,True,,155.2648,208,4.538336774197564
413,107,84,11,41,53.675,150.0,43.375,0.0,66.95,6.0,10.299999999999997,138.1210269804162,17.143817602170326,155.2648445825865,2,163.71139889107508,208,32.42638500374308,0.690605134902081,3.4628805703886325,0.3806549284694823,4.534140633760196,True,,155.2648,208,4.534527254401648
414,84,114,41,3,42.675,0.0,19.425,150.0,85.325,6.0,23.249999999999996,149.25,18.84955592153876,168.09955592153875,2,180.0,152,27.952886589135197,0.74625,3.807422738380465,0.2888691941157302,4.842541932496195,True,,168.0996,152,4.84206591023541
415,84,114,41,3,42.85,0.0,19.6,150.0,85.5,6.0,23.25,149.25,18.84955592153876,168.09955592153875,2,180.0,152,31.141348404544058,0.74625,3.807422738380465,0.284404886326602,4.838077624707067,True,,168.0996,152,4.837899187378235
416,86,114,39,3,33.5,0.0,18.9,150.0,83.4,6.0,14.600000000000001,140.6,18.84955592153876,159.44955592153875,2,180.0,126,34.41150866976939,0.703,3.807422738380465,0.2513989750851291,4.7618217134655945,True,,159.4496,126,4.762536171408893
417,86,114,39,3,33.675,0.0,19.075,150.0,83.575,6.0,14.599999999999998,140.6,18.84955592153876,159.44955592153875,2,180.0,126,31.33220670723316,0.703,3.807422738380465,0.24827396806131558,4.758696706441781,True,,159.4496,126,4.758934977922497
418,117,86,7,39,36.025,150.0,34.025,0.0,70.1,6.0,2.0,143.3667504192892,7.028226521485822,150.39497694077502,2,67.11461952384151,152,47.86858551078456,0.716833752096446,1.4196318247379318,0.280714406122518,2.417179982956896,True,,150.395,152,2.422447958406082
419,118,86,9,39,44.675,150.0,34.2,0.0,68.175,6.0,10.474999999999994,138.0972954753972,17.320420963558085,155.4177164389553,2,165.39783676696553,171,28.92833984413736,0.690486477376986,3.498552692141583,0.3259823505613431,4.515021520079912,True,,155.4177,171,4.514961847851084
420,84,89,41,33,42.5,0.0,9.125,0.0,6.05,6.0,33.375,21.475,18.84955592153876,40.32455592153876,2,180.0,112,44.90052796068899,0.10737500000000001,3.807422738380465,0.23898828989807075,4.153786028278536,True,,40.3246,112,4.154649194402048
421,117,89,7,33,35.5,150.0,8.25,0.0,70.625,6.0,27.25,153.25,18.84955592153876,172.09955592153875,2,180.0,110,31.493594247775025,0.76625,3.807422738380465,0.2369942292347979,4.810666967615263,True,,172.0996,110,4.81670876336466
422,117,89,7,33,35.675,150.0,8.425,0.0,70.45,6.0,27.249999999999996,153.25,18.84955592153876,172.09955592153875,2,180.0,110,34.56006960743453,0.76625,3.807422738380465,0.23011923625861153,4.803791974639077,True,,172.0996,110,4.803018367446338
423,93,107,27,11,125.5,150.0,55.6,150.0,120.85,6.0,69.9,104.20000000000002,18.84955592153876,123.04955592153877,2,180.0,195,27.95288658913517,0.5210000000000001,3.807422738380465,0.3615775204252494,4.690000258805714,True,,123.0496,195,4.696220684180996
424,93,107,27,11,125.675,150.0,55.425,150.0,120.675,6.0,70.25,104.9,18.84955592153876,123.74955592153876,2,180.0,195,31.332206707233183,0.5245000000000001,3.807422738380465,0.3585418001191235,4.690464538499588,True,,123.7496,195,4.695077859147
425,93,107,27,11,125.85,150.0,55.25,150.0,120.5,6.0,70.6,105.6,18.84955592153876,124.44955592153875,2,180.0,195,34.41150866976939,0.528,3.807422738380465,0.3589286717687644,4.69435141014923,True,,124.4496,195,4.69762545812658
426,93,107,27,11,126.025,150.0,55.075,150.0,120.325,6.0,70.95,106.3,18.84955592153876,125.14955592153876,2,180.0,195,37.26596292649413,0.5315,3.807422738380465,0.36422628479597174,4.7031490231764375,True,,125.1496,195,4.704071891715017
427,93,107,27,11,126.2,150.0,54.9,150.0,120.15,6.0,71.30000000000001,107.0,18.84955592153876,125.84955592153875,2,180.0,195,36.91132428071878,0.535,3.807422738380465,0.37071440612251716,4.713137144502983,True,,125.8496,195,4.712363593500752
428,93,107,27,11,126.375,150.0,54.725,150.0,119.975,6.0,71.65,107.70000000000002,18.84955592153876,126.54955592153877,2,180.0,195,36.362909636790405,0.5385000000000001,3.807422738380465,0.37827396806131425,4.724196706441779,True,,126.5496,195,4.72327433487832
429,93,107,27,11,126.55,150.0,54.55,150.0,119.8,6.0,72.0,108.4,18.84955592153876,127.24955592153876,2,180.0,195,35.9735557213494,0.542,3.807422738380465,0.381696560017081,4.731119298397546,True,,127.2496,195,4.73070278188505
430,93,107,27,11,126.725,150.0,54.375,150.0,119.625,6.0,72.35,109.1,18.84955592153876,127.94955592153875,2,180.0,195,35.74772082806103,0.5455,3.807422738380465,0.37967271838440964,4.732595456764875,True,,127.9496,195,4.734083714197964
431,93,107,27,11,126.9,150.0,54.2,150.0,119.45,6.0,72.7,109.8,18.84955592153876,128.64955592153876,2,180.0,195,34.41150866976939,0.549,3.807422738380465,0.3753572592517664,4.7317799976322314,True,,128.6496,195,4.733744441527904
432,93,107,27,11,127.075,150.0,54.025,150.0,119.275,6.0,73.05000000000001,110.5,18.84955592153876,129.34955592153875,2,180.0,195,31.332206707233127,0.5525,3.807422738380465,0.3730953384354307,4.733018076815896,True,,129.3496,195,4.734268226970068
433,93,113,27,5,127.25,150.0,28.775,150.0,119.1,6.0,98.475,136.275,18.84955592153876,155.12455592153876,2,180.0,214,27.952886589134987,0.6813750000000001,3.807422738380465,0.3898513199150392,4.878649058295505,True,,155.1246,214,4.877488523262617
434,98,74,23,55,110.125,150.0,107.95,0.0,48.925,6.0,2.174999999999997,143.11019775320077,7.338789967127394,150.44898772032815,2,70.08028197489193,173,35.24750699205257,0.7155509887660039,1.4823625505739908,0.341964448265399,2.5398779876053936,True,,150.449,173,2.5396101888506886
435,98,78,23,45,109.425,150.0,62.075,0.0,49.625,6.0,47.349999999999994,173.35,18.84955592153876,192.19955592153875,2,180.0,236,32.66037475623775,0.86675,3.807422738380465,0.4468155996089128,5.1209883379893775,True,,192.1996,236,5.130899159282979
436,98,89,23,33,109.075,150.0,8.6,0.0,49.975,6.0,100.47500000000001,226.475,18.84955592153876,245.32455592153875,2,180.0,257,25.813323440962172,1.132375,3.807422738380465,0.48857166537428365,5.428369403754749,True,,245.3246,257,5.437774229521114
437,98,89,23,33,109.25,150.0,8.775,0.0,49.8,6.0,100.475,226.47500000000002,18.84955592153876,245.32455592153877,2,180.0,257,29.419011747226328,1.1323750000000001,3.807422738380465,0.48425617814638616,5.424053916526851,True,,245.3246,257,5.435720691204807
438,98,101,23,17,107.5,150.0,82.425,150.0,127.5,6.0,25.075000000000003,46.075,18.84955592153876,64.92455592153877,2,180.0,78,34.411508669769695,0.23037500000000002,3.807422738380465,0.17833350190485844,4.216131240285324,True,,64.9246,77,4.215952831051745
439,98,109,23,15,107.675,150.0,74.125,150.0,127.325,6.0,33.55,54.90000000000002,18.849555921538737,73.74955592153876,2,180.0,105,37.265962926494396,0.27450000000000013,3.8074227383804606,0.23351204724497973,4.31543478562544,True,,73.7496,104,4.313530203976911
440,98,109,23,15,107.85,150.0,73.95,150.0,127.15,6.0,33.89999999999999,55.59999999999998,18.84955592153876,74.44955592153875,2,180.0,105,39.944505189814926,0.2779999999999999,3.807422738380465,0.22619064877560915,4.311613387156074,True,,74.4496,104,4.309619490694599
441,98,113,23,5,108.725,150.0,29.125,150.0,126.275,6.0,79.6,103.04999999999998,18.84955592153876,121.89955592153873,2,180.0,211,31.332206707233183,0.5152499999999999,3.807422738380465,0.3953572592517667,4.7180299976322315,True,,121.8996,211,4.7273158680925285
442,98,113,23,5,108.9,150.0,28.95,150.0,126.1,6.0,79.95,103.75000000000001,18.84955592153876,122.59955592153878,2,180.0,211,27.952886589134927,0.51875,3.807422738380465,0.39023816346942636,4.716410901849891,True,,122.5996,211,4.7147444274802774
443,98,117,23,7,108.025,150.0,37.425,150.0,126.975,6.0,70.60000000000001,92.65000000000002,18.84955592153876,111.49955592153879,2,180.0,207,42.48111287543219,0.4632500000000001,3.807422738380465,0.4083335580953656,4.679006296475831,True,,111.4996,207,4.678292138840874
444,98,117,23,7,108.2,150.0,37.25,150.0,126.8,6.0,70.95,93.34999999999998,18.84955592153878,112.19955592153876,2,180.0,207,39.94450518981474,0.4667499999999999,3.807422738380469,0.40666683523819064,4.68083957361866,True,,112.1996,207,4.680869490694598
445,98,117,23,7,108.375,150.0,37.075,150.0,126.625,6.0,71.3,94.05,18.84955592153876,112.89955592153876,2,180.0,207,37.26596292649413,0.47025,3.807422738380465,0.40386922221098326,4.681541960591448,True,,112.8996,207,4.681214674606133
446,99,84,25,41,117.725,150.0,44.775,0.0,47.175,6.0,72.94999999999999,198.95,18.84955592153876,217.79955592153874,2,180.0,246,24.146847996502466,0.9947499999999999,3.807422738380465,0.4776490172280088,5.279821755608474,True,,217.7996,246,5.279554031561954
447,99,101,25,17,116.5,150.0,82.95,150.0,136.95,6.0,33.55,35.65000000000002,18.84955592153876,54.49955592153878,2,180.0,105,47.22144229110688,0.1782500000000001,3.807422738380465,0.20571440612251796,4.1913871445029836,True,,54.4996,104,4.191327774861238
448,99,101,25,17,116.675,150.0,82.775,150.0,136.775,6.0,33.89999999999999,36.34999999999998,18.84955592153876,55.19955592153874,2,180.0,105,49.458398126495446,0.1817499999999999,3.807422738380465,0.20086319858849458,4.19003593696896,True,,55.1996,104,4.192714674606132
449,99,101,25,17,116.85,150.0,82.6,150.0,136.6,6.0,34.25,37.05000000000001,18.84955592153876,55.89955592153877,2,180.0,105,51.62298554273036,0.18525000000000005,3.807422738380465,0.19711318454086746,4.189785922921333,True,,55.8996,104,4.192672958772771
450,99,107,25,11,117.2,150.0,56.125,150.0,124.0,6.0,61.075,89.075,18.84955592153876,107.92455592153877,2,180.0,178,31.332206707233183,0.445375,3.807422738380465,0.35669664430284387,4.609494382683309,True,,107.9246,178,4.609107675235466
451,99,107,25,11,117.375,150.0,55.95,150.0,123.825,6.0,61.425,89.77500000000002,18.849555921538737,108.62455592153876,2,180.0,178,31.332206707233194,0.44887500000000014,3.8074227383804606,0.3494942573300514,4.605791995710512,True,,108.6246,178,4.607042145864687
452,99,107,25,11,117.55,150.0,55.775,150.0,123.65,6.0,61.775,90.475,18.84955592153876,109.32455592153875,2,180.0,178,27.952886589135232,0.45237499999999997,3.807422738380465,0.3457144342177716,4.605512172598237,True,,109.3246,178,4.606672979844212
453,99,109,25,15,117.025,150.0,73.775,150.0,124.175,6.0,43.25,70.89999999999998,18.84955592153878,89.74955592153876,2,180.0,127,27.952886589135222,0.35449999999999987,3.807422738380469,0.2568156838946769,4.418738422275146,True,,89.7496,127,4.4182029223613215
454,61,101,29,17,134.5,150.0,82.25,150.0,117.175,6.0,52.25,93.9,18.84955592153876,112.74955592153876,2,180.0,155,27.95288658913517,0.46950000000000003,3.807422738380465,0.3099406066327275,4.586863345013192,True,,112.7496,155,4.583024208449675
455,101,84,17,41,81.55,150.0,44.425,0.0,59.775,6.0,37.125,163.125,18.84955592153876,181.97455592153875,2,180.0,239,35.421099356070044,0.815625,3.807422738380465,0.4581251475000828,5.081172885880548,True,,181.9746,239,5.078821842548322
456,101,84,17,41,81.725,150.0,44.6,0.0,59.6,6.0,37.12499999999999,163.125,18.84955592153876,181.97455592153875,2,180.0,239,34.411508669769546,0.815625,3.807422738380465,0.4550299495409222,5.078077687921387,True,,181.9746,239,5.079030253143604
457,101,114,17,3,81.375,150.0,20.125,150.0,133.8,6.0,61.25,69.64999999999998,18.84955592153876,88.49955592153873,2,180.0,177,42.48111287543219,0.3482499999999999,3.807422738380465,0.34758948338446616,4.503262221764931,True,,88.4996,177,4.501595663109554
458,101,117,17,7,81.025,150.0,37.775,150.0,134.325,6.0,43.25000000000001,50.60000000000003,18.84955592153876,69.44955592153879,2,180.0,139,34.41150866976964,0.25300000000000017,3.807422738380465,0.28139905937089116,4.341821797751356,True,,69.4496,139,4.342089681629947
459,101,118,17,9,80.5,150.0,47.125,150.0,143.95,6.0,33.375,21.475000000000023,18.84955592153876,40.32455592153878,2,180.0,112,42.48111287543219,0.10737500000000011,3.807422738380465,0.2310418563096327,4.145839594690098,True,,40.3246,112,4.145869427480276
460,101,118,17,9,80.675,150.0,46.95,150.0,143.775,6.0,33.724999999999994,22.174999999999983,18.84955592153876,41.02455592153874,2,180.0,112,39.94450518981498,0.11087499999999992,3.807422738380465,0.22452398210894267,4.142821720489408,True,,41.0246,112,4.14344683552451
461,101,118,17,9,80.85,150.0,46.775,150.0,134.675,6.0,34.074999999999996,40.72499999999997,18.84955592153876,59.57455592153873,2,180.0,112,27.952886589134927,0.20362499999999986,3.807422738380465,0.22958348785723162,4.240631226237697,True,,59.5746,112,4.239678989419074
462,74,107,55,11,107.25,0.0,53.85,150.0,100.9,6.0,53.4,179.4,18.84955592153876,198.24955592153876,2,180.0,232,24.146847996502164,0.897,3.807422738380465,0.4366965600170807,5.1411192983975464,True,,198.2496,232,5.14046473079664
463,108,78,13,45,63.025,150.0,61.55,0.0,65.55,6.0,1.4750000000000014,144.23594110023154,6.012483784588346,150.24842488481988,2,57.414990874626085,247,52.22951041136422,0.7211797055011577,1.2144618987775462,0.44232156704089426,2.3779631713195983,True,,150.2484,247,2.3926058719294945
464,111,108,19,13,89.675,150.0,64.775,150.0,131.0,6.0,24.89999999999999,38.89999999999999,18.84955592153876,57.74955592153875,2,180.0,79,34.41150866976958,0.19449999999999995,3.807422738380465,0.16654773945585125,4.168470477836316,True,,57.7496,79,4.170583770388473
465,111,108,19,13,89.5,150.0,64.95,150.0,131.175,6.0,24.549999999999997,38.199999999999974,18.84955592153876,57.04955592153873,2,180.0,79,31.332206707233127,0.19099999999999986,3.807422738380465,0.1673215389456414,4.165744277326106,True,,57.0496,79,4.166220627990486
466,77,109,49,15,79.9,0.0,73.6,150.0,94.25,6.0,6.300000000000011,139.44017045592116,12.90998754093604,152.3501579968572,2,123.28129994368518,238,37.58157646977951,0.6972008522796058,2.6076890256816077,0.4603870964116728,3.765276974372886,True,,152.3502,238,3.7701878695756585
467,109,84,15,41,72.55,150.0,43.55,0.0,63.1,6.0,29.0,155.0,18.84955592153876,173.84955592153875,2,180.0,234,37.340058684420676,0.775,3.807422738380465,0.4512501826191507,5.033672920999616,True,,173.8496,234,5.034446856595949
468,109,84,15,41,72.725,150.0,43.725,0.0,62.925,6.0,28.999999999999993,155.0,18.84955592153876,173.84955592153875,2,180.0,234,39.94450518981484,0.775,3.807422738380465,0.447946630255216,5.030369368635681,True,,173.8496,234,5.033137421085795
469,109,84,15,41,72.9,150.0,43.9,0.0,62.75,6.0,29.000000000000007,155.0,18.84955592153876,173.84955592153875,2,180.0,234,37.265962926494225,0.775,3.807422738380465,0.4472323084184606,5.029655046798926,True,,173.8496,234,5.0308754721742055
470,109,84,15,41,73.075,150.0,44.075,0.0,62.575,6.0,29.0,155.0,18.84955592153876,173.84955592153875,2,180.0,234,34.411508669769546,0.775,3.807422738380465,0.44467277457491744,5.027095512955383,True,,173.8496,234,5.026619462599343
471,109,84,15,41,73.25,150.0,44.25,0.0,62.4,6.0,29.0,155.0,18.84955592153876,173.84955592153875,2,180.0,234,31.332206707233127,0.775,3.807422738380465,0.4368454086735655,5.019268147054031,True,,173.8496,234,5.018881383415679
472,109,86,15,39,71.85,150.0,34.375,0.0,63.8,6.0,37.474999999999994,163.475,18.84955592153876,182.32455592153875,2,180.0,223,24.256384296890555,0.817375,3.807422738380465,0.4206252598811,5.045422998261565,True,,182.3246,223,5.044976644589163
473,109,86,15,39,72.025,150.0,34.55,0.0,63.625,6.0,37.47500000000001,163.47500000000002,18.84955592153876,182.32455592153877,2,180.0,223,28.048532899893555,0.8173750000000002,3.807422738380465,0.42267882629266174,5.047476564673127,True,,182.3246,223,5.047119497718411
474,109,86,15,39,72.2,150.0,34.725,0.0,63.45,6.0,37.475,163.47500000000002,18.84955592153876,182.32455592153877,2,180.0,223,31.418454573243583,0.8173750000000002,3.807422738380465,0.4250299776361767,5.049827716016642,True,,182.3246,223,5.051048085201414
475,109,86,15,39,72.375,150.0,34.9,0.0,63.275,6.0,37.475,163.475,18.84955592153876,182.32455592153875,2,180.0,223,34.49088633353491,0.817375,3.807422738380465,0.43059539462593877,5.055393133006404,True,,182.3246,223,5.056226714827297
476,109,117,15,7,71.5,150.0,38.125,150.0,136.95,6.0,33.375,35.47500000000002,18.84955592153876,54.32455592153878,2,180.0,112,39.944505189814926,0.17737500000000012,3.807422738380465,0.24345256959194495,4.22825030797241,True,,54.3246,112,4.215274285711625
477,109,117,15,7,71.675,150.0,37.95,150.0,136.775,6.0,33.724999999999994,36.17499999999998,18.84955592153876,55.02455592153874,2,180.0,112,42.48111287543219,0.18087499999999992,3.807422738380465,0.2382739680613155,4.2265717064417805,True,,55.0246,112,4.211065931306851
478,111,77,19,49,90.725,150.0,80.075,0.0,56.8,6.0,10.649999999999991,138.0761793035957,17.49669192375402,155.5728712273497,2,167.08110044528976,222,37.862584621125144,0.6903808965179785,3.534157672161259,0.4286013620579197,4.653139930737158,True,,155.5729,222,4.651175738716027
479,111,77,19,49,90.9,150.0,80.25,0.0,56.625,6.0,10.650000000000006,138.07617930359567,17.496691923754035,155.5728712273497,2,167.0811004452899,222,35.04994691109176,0.6903808965179783,3.534157672161262,0.43104182821437653,4.655580396893617,True,,155.5729,222,4.655015039481344
480,111,77,19,49,91.075,150.0,80.425,0.0,56.45,6.0,10.650000000000006,138.0761793035957,17.496691923754035,155.57287122734974,2,167.0811004452899,222,32.02482746807539,0.6903808965179785,3.534157672161262,0.4288691660204743,4.653407734699715,True,,155.5729,222,4.653169799379302
481,111,79,19,43,90.55,150.0,53.25,0.0,56.975,6.0,37.3,163.3,18.84955592153876,182.14955592153876,2,180.0,250,35.637701489123636,0.8165000000000001,3.807422738380465,0.48238110088443686,5.1063038392649025,True,,182.1496,250,5.106065924283035
482,111,81,19,37,90.025,150.0,24.675,0.0,57.5,6.0,65.35000000000001,191.35000000000002,18.84955592153876,210.19955592153877,2,180.0,234,25.8133234409622,0.9567500000000001,3.807422738380465,0.4708334738096026,5.2350062121900685,True,,210.1996,234,5.23244689873883
483,111,81,19,37,90.2,150.0,24.85,0.0,57.325,6.0,65.35,191.35000000000002,18.84955592153876,210.19955592153877,2,180.0,234,29.419011747226214,0.9567500000000001,3.807422738380465,0.46830374903071226,5.232476487411178,True,,210.1996,234,5.229976651612975
484,111,81,19,37,90.375,150.0,25.025,0.0,57.15,6.0,65.35,191.35,18.84955592153876,210.19955592153875,2,180.0,234,32.66037475623779,0.95675,3.807422738380465,0.46925609386062345,5.2334288322410885,True,,210.1996,234,5.231970656085739
485,111,114,19,3,89.85,150.0,19.95,150.0,130.65,6.0,69.89999999999999,84.59999999999998,18.84955592153876,103.44955592153875,2,180.0,193,39.94450518981498,0.42299999999999993,3.807422738380465,0.35669656001708167,4.587119298397547,True,,103.4496,193,4.5872980079394665
486,113,89,5,33,26.5,150.0,7.9,0.0,72.9,6.0,18.6,144.6,18.84955592153876,163.44955592153875,2,180.0,84,30.33023052744028,0.723,3.807422738380465,0.18538706831642016,4.715809806696885,True,,163.4496,84,4.710036115218384
487,113,89,5,33,26.675,150.0,8.075,0.0,72.725,6.0,18.6,144.6,18.84955592153876,163.44955592153875,2,180.0,84,31.33220670723316,0.723,3.807422738380465,0.18267871391164625,4.713101452292111,True,,163.4496,84,4.70771468865376
488,86,114,39,3,33.85,0.0,19.25,150.0,83.75,6.0,14.600000000000001,140.6,18.84955592153876,159.44955592153875,2,180.0,126,27.952886589135197,0.703,3.807422738380465,0.2448215670408959,4.755244305421361,True,,159.4496,126,4.755423043058534
489,114,89,3,33,17.5,150.0,6.5,0.0,75.35,6.0,11.0,138.0417392568986,17.848394882211373,155.89013413911,2,170.43961630560167,60,44.368814437631606,0.6902086962844931,3.6051981702377196,0.1367858748300237,4.432192741352237,True,,155.8901,60,4.435942528513806
490,114,89,3,33,17.675,150.0,6.675,0.0,75.175,6.0,11.0,138.0417392568986,17.848394882211373,155.89013413911,2,170.43961630560167,60,48.82711314820604,0.6902086962844931,3.6051981702377196,0.1265180146769607,4.421924881199174,True,,155.8901,60,4.425079442306328
491,114,89,3,33,17.85,150.0,6.85,0.0,75.0,6.0,11.000000000000002,138.0417392568986,17.848394882211373,155.89013413911,2,170.4396163056017,60,51.011332559848455,0.6902086962844931,3.6051981702377196,0.1180358326871424,4.413442699209355,True,,155.8901,60,4.417758015741704
492,114,89,3,33,18.025,150.0,7.025,0.0,74.825,6.0,10.999999999999998,138.0417392568986,17.848394882211373,155.89013413911,2,170.43961630560165,60,53.13010235415601,0.6902086962844931,3.6051981702377196,0.11770846678579046,4.413115333308004,True,,155.8901,60,4.41683545188119
493,114,89,3,33,18.2,150.0,7.2,0.0,74.65,6.0,11.0,138.0417392568986,17.848394882211373,155.89013413911,2,170.43961630560167,60,55.124605184379064,0.6902086962844931,3.6051981702377196,0.11842281671779994,4.413829683240013,True,,155.8901,60,4.416627097476416
494,114,89,3,33,18.375,150.0,7.375,0.0,74.475,6.0,11.0,138.0417392568986,17.848394882211373,155.89013413911,2,170.43961630560167,60,55.75169461588697,0.6902086962844931,3.6051981702377196,0.1186013620579211,4.414008228580134,True,,155.8901,60,4.417103199653237
495,114,89,3,33,18.55,150.0,7.55,0.0,74.3,6.0,11.0,138.0417392568986,17.848394882211373,155.89013413911,2,170.43961630560167,60,53.971443647722616,0.6902086962844931,3.6051981702377196,0.11967274647966458,4.415079613001877,True,,155.8901,60,4.418174640265488
496,114,89,3,33,18.725,150.0,7.725,0.0,74.125,6.0,11.000000000000002,138.0417392568986,17.848394882211373,155.89013413911,2,170.4396163056017,60,51.87675670204549,0.6902086962844931,3.6051981702377196,0.12154776755110518,4.416954634073318,True,,155.8901,60,4.420347302459392
497,62,116,53,1,97.9,0.0,9.55,150.0,97.925,6.0,88.35000000000001,214.35000000000002,18.84955592153876,233.19955592153877,2,180.0,256,32.68346375772296,1.0717500000000002,3.807422738380465,0.5265479361226295,5.405720674503094,True,,233.1996,256,5.4062861995041445
498,62,116,53,1,98.075,0.0,9.725,150.0,98.1,6.0,88.35000000000001,214.35,18.84955592153876,233.19955592153875,2,180.0,256,29.444376929630245,1.07175,3.807422738380465,0.520893120034163,5.400065858414628,True,,233.1996,256,5.407536213551772
499,62,116,53,1,98.25,0.0,9.9,150.0,98.275,6.0,88.35,214.35,18.84955592153876,233.19955592153875,2,180.0,256,25.84193276316703,1.07175,3.807422738380465,0.5145835721429924,5.393756310523457,True,,233.1996,256,5.406286283789907
500,62,116,53,1,98.425,0.0,10.075,150.0,98.45,6.0,88.35,214.35000000000002,18.84955592153876,233.19955592153877,2,180.0,256,21.69471602238685,1.0717500000000002,3.807422738380465,0.5094347796770156,5.38860751805748,True,,233.1996,256,5.39956002708919
501,80,116,35,1,15.5,0.0,8.5,150.0,81.65,6.0,7.0,139.0912878853643,13.692250745884422,152.78353863124872,2,130.75136329567187,64,34.35141515326405,0.6954564394268214,2.765698409367699,0.16836333906476528,3.629518187859286,True,,152.7835,64,3.630797705434306
502,72,117,57,7,115.55,0.0,36.375,150.0,103.525,6.0,79.175,205.17499999999998,18.84955592153876,224.02455592153873,2,180.0,233,37.26596292649413,1.0258749999999999,3.807422738380465,0.4754168492858175,5.308714587666283,True,,224.0246,233,5.304964765915708
503,72,117,57,7,115.725,0.0,36.55,150.0,103.7,6.0,79.175,205.175,18.84955592153876,224.02455592153876,2,180.0,233,34.41150866976939,1.025875,3.807422738380465,0.46892881224503447,5.3022265506255,True,,224.0246,233,5.29874453283748
504,84,117,41,7,43.025,0.0,36.2,150.0,85.675,6.0,6.824999999999996,139.17321030960701,13.49902266735145,152.67223297695847,2,128.90617106511152,173,41.04739187375188,0.695866051548035,2.7266682601714867,0.327023982108942,3.749558293828464,True,,152.6722,173,3.7508675925490804
505,98,117,23,7,108.55,150.0,36.9,150.0,126.45,6.0,71.65,94.75000000000003,18.849555921538737,113.59955592153877,2,180.0,207,34.41150866976939,0.47375000000000017,3.8074227383804606,0.39815495656473626,4.679327694945197,True,,113.5996,207,4.67980396132382
506,101,117,17,7,81.2,150.0,37.6,150.0,134.15,6.0,43.6,51.29999999999999,18.84955592153876,70.14955592153875,2,180.0,139,37.26596292649413,0.25649999999999995,3.807422738380465,0.2858633109695111,4.3497860493499765,True,,70.1496,139,4.347405140762589
507,71,118,24,9,112.35,150.0,46.6,150.0,125.4,6.0,65.75,90.94999999999999,18.84955592153876,109.79955592153874,2,180.0,197,27.952886589134927,0.45474999999999993,3.807422738380465,0.3894643920748907,4.651637130455356,True,,109.7996,197,4.653214702701386
508,71,118,24,9,112.525,150.0,46.425,150.0,125.225,6.0,66.10000000000001,91.65000000000002,18.84955592153876,110.49955592153879,2,180.0,197,31.332206707233183,0.4582500000000001,3.807422738380465,0.39491085375858304,4.660583592139049,True,,110.4996,197,4.66156591023541
509,71,118,24,9,112.7,150.0,46.25,150.0,125.05,6.0,66.45,92.34999999999998,18.84955592153878,111.19955592153876,2,180.0,197,31.332206707233055,0.4617499999999999,3.807422738380469,0.3985715810885224,4.667744319468992,True,,111.1996,197,4.667506376391866
510,71,118,24,9,112.875,150.0,46.075,150.0,124.875,6.0,66.8,93.05,18.84955592153876,111.89955592153876,2,180.0,197,27.952886589135222,0.46525,3.807422738380465,0.4000894552892124,4.672762193669677,True,,111.8996,197,4.670678982395261
511,118,81,9,37,44.5,150.0,24.5,0.0,68.35,6.0,20.0,146.0,18.84955592153876,164.84955592153875,2,180.0,154,28.534702342673814,0.73,3.807422738380465,0.30565498465999125,4.843077723040457,True,,164.8496,154,4.842244582004175
