route_a,route_b,x_mm,y_mm,angle_deg,loss_db
0,1,132.8879376965354,58.93103115173238,7.6928124515599405,0.009613100255104907
0,1,144.7120623034646,64.46896884826761,7.692812451559856,0.009613100255104907
0,22,140.6,61.425062814466905,84.26082952273322,0.0018452401020419631
0,23,140.9,61.46441492829878,80.79310377865397,0.0018749929761864628
0,24,132.2,26.6,90.0,0.0016666666666666668
0,25,132.92916869918747,59.0,58.667748502405686,0.00199406066327276
0,26,132.2,35.0,90.0,0.0016666666666666668
0,27,132.2,20.6,90.0,0.0016666666666666668
0,28,132.2,40.1,90.0,0.0016666666666666668
0,29,132.2,7.700000000000003,90.0,0.0016666666666666668
0,30,132.2,7.395998398718717,87.70755722404425,0.0018749929761864628
0,31,133.12691762911672,59.3,54.54945736082467,0.002261892721081555
0,32,132.2,31.4,90.0,0.0016666666666666668
0,33,132.2,27.2,90.0,0.0016666666666666668
0,34,132.2,47.9,90.0,0.0016666666666666668
0,35,132.2,35.9,90.0,0.0016666666666666668
1,22,140.6,62.00400160128128,87.70755722404425,0.0018749929761864628
1,23,140.9,62.0250628144669,84.26082952273322,0.0018452401020419631
1,24,132.5,26.6,90.0,0.0016666666666666668
1,25,132.91742430504416,59.0,66.42182152179815,0.002916680714293742
1,26,132.5,35.0,90.0,0.0016666666666666668
1,27,132.5,20.6,90.0,0.0016666666666666668
1,28,132.5,40.1,90.0,0.0016666666666666668
1,29,132.5,7.6959983987187215,87.70755722404425,0.0018749929761864628
1,30,132.5,7.374937185533099,84.26082952273322,0.0018452401020419631
1,31,133.06040542391537,59.3,62.61289249734616,0.002113100255104908
1,32,132.5,31.4,90.0,0.0016666666666666668
1,33,132.5,27.2,90.0,0.0016666666666666668
1,34,132.5,47.9,90.0,0.0016666666666666668
1,35,132.5,35.9,90.0,0.0016666666666666668
2,3,132.02797712839086,58.64818435174725,10.887482877261135,0.005952372925165482
2,3,135.97202287160914,63.85181564825275,10.887482877261135,0.005952372925165482
2,24,131.6,26.6,90.0,0.0016666666666666668
2,25,132.20051550978513,59.0,61.629928798652834,0.0018452401020419631
2,26,131.6,35.0,90.0,0.0016666666666666668
2,27,131.6,20.6,90.0,0.0016666666666666668
2,28,131.6,40.1,90.0,0.0016666666666666668
2,29,131.6,7.700000000000003,90.0,0.0016666666666666668
2,30,131.6,7.399999999999999,90.0,0.0016666666666666668
2,31,132.37626115670398,59.3,57.64492144124121,0.0021726340986480564
2,32,131.6,31.4,90.0,0.0016666666666666668
2,33,131.6,27.2,90.0,0.0016666666666666668
2,34,131.6,47.9,90.0,0.0016666666666666668
2,35,131.6,35.9,90.0,0.0016666666666666668
2,36,136.1,143.6,90.0,0.0016666666666666668
2,37,136.1,135.5,90.0,0.0016666666666666668
2,38,136.1,143.9,90.0,0.0016666666666666668
2,39,136.1,144.8,90.0,0.0016666666666666668
2,40,136.1,111.2,90.0,0.0016666666666666668
2,41,136.1,114.5,90.0,0.0016666666666666668
2,42,136.1,126.8,90.0,0.0016666666666666668
2,43,136.1,126.5,90.0,0.0016666666666666668
2,44,136.1,109.4,90.0,0.0016666666666666668
2,45,136.1,131.3,90.0,0.0016666666666666668
3,24,131.9,26.6,90.0,0.0016666666666666668
3,25,132.12276799082758,59.0,72.8325889687031,0.002232139846937056
3,26,131.9,35.0,90.0,0.0016666666666666668
3,27,131.9,20.6,90.0,0.0016666666666666668
3,28,131.9,40.1,90.0,0.0016666666666666668
3,29,131.9,7.700000000000003,90.0,0.0016666666666666668
3,30,131.9,7.399999999999999,90.0,0.0016666666666666668
3,31,132.22598120391157,59.3,69.19646399550057,0.003363086207477833
3,32,131.9,31.4,90.0,0.0016666666666666668
3,33,131.9,27.2,90.0,0.0016666666666666668
3,34,131.9,47.9,90.0,0.0016666666666666668
3,35,131.9,35.9,90.0,0.0016666666666666668
3,36,136.4,143.6,90.0,0.0016666666666666668
3,37,136.4,135.5,90.0,0.0016666666666666668
3,38,136.4,143.9,90.0,0.0016666666666666668
3,39,136.4,144.8,90.0,0.0016666666666666668
3,40,136.4,111.2,90.0,0.0016666666666666668
3,41,136.4,114.5,90.0,0.0016666666666666668
3,42,136.4,126.8,90.0,0.0016666666666666668
3,43,136.4,126.5,90.0,0.0016666666666666668
3,44,136.4,109.4,90.0,0.0016666666666666668
3,45,136.4,131.3,90.0,0.0016666666666666668
8,9,19.7,44.53558507170123,80.79310377865409,0.0018749929761864628
8,9,129.2,15.870714214271425,45.57299599919429,0.005714293741501186
8,10,40.7,17.3,90.0,0.0016666666666666668
8,10,128.9,16.141874542459696,50.20818050044252,0.0038393007653147234
8,11,41.599999999999994,17.3,90.0,0.0016666666666666668
8,11,128.6,16.373082370883257,54.549457360824505,0.002261892721081555
8,12,42.2,17.3,90.0,0.0016666666666666668
8,12,128.3,16.57083130081251,58.66774850240543,0.00199406066327276
8,13,103.1,17.3,90.0,0.0016666666666666668
8,14,103.4,17.3,90.0,0.0016666666666666668
8,15,103.7,17.3,90.0,0.0016666666666666668
8,16,104.0,17.3,90.0,0.0016666666666666668
8,28,104.9,17.3,90.0,0.0016666666666666668
8,29,130.7,7.7,90.0,0.0016666666666666668
8,30,130.7,7.4,90.0,0.0016666666666666668
8,31,19.7,59.3,90.0,0.0016666666666666668
8,32,86.3,17.3,90.0,0.0016666666666666668
8,33,78.2,17.3,90.0,0.0016666666666666668
8,34,19.7,47.9,90.0,0.0016666666666666668
8,35,41.3,17.3,90.0,0.0016666666666666668
8,44,19.7,109.4,90.0,0.0016666666666666668
8,45,23.9,17.36441492829877,80.7931037786541,0.0018749929761864628
8,56,122.9,17.3,90.0,0.0016666666666666668
8,57,123.2,17.3,90.0,0.0016666666666666668
8,58,123.5,17.3,90.0,0.0016666666666666668
8,59,77.9,17.3,90.0,0.0016666666666666668
8,67,95.3,17.3,90.0,0.0016666666666666668
8,68,76.7,17.3,90.0,0.0016666666666666668
8,69,77.0,17.3,90.0,0.0016666666666666668
8,70,19.7,111.5,90.0,0.0016666666666666668
8,71,38.599999999999994,17.3,90.0,0.0016666666666666668
8,72,104.3,17.3,90.0,0.0016666666666666668
8,73,104.6,17.3,90.0,0.0016666666666666668
8,74,19.7,57.129285785728584,45.57299599919425,0.005714293741501186
8,74,102.8,17.3,90.0,0.0016666666666666668
8,75,51.52506281446691,17.3,84.2608295227332,0.0018452401020419631
8,75,101.2749371855331,17.3,84.26082952273323,0.0018452401020419631
8,77,96.2,17.3,90.0,0.0016666666666666668
8,78,50.0,17.3,90.0,0.0016666666666666668
8,81,19.7,124.7,90.0,0.0016666666666666668
8,86,122.0,17.3,90.0,0.0016666666666666668
8,87,122.3,17.3,90.0,0.0016666666666666668
8,88,122.6,17.3,90.0,0.0016666666666666668
8,90,77.6,17.3,90.0,0.0016666666666666668
8,101,96.5,17.3,90.0,0.0016666666666666668
8,102,113.6,17.3,90.0,0.0016666666666666668
8,103,113.9,17.3,90.0,0.0016666666666666668
8,104,114.2,17.3,90.0,0.0016666666666666668
8,105,19.7,122.3,90.0,0.0016666666666666668
8,106,39.2,17.3,90.0,0.0016666666666666668
8,111,95.6,17.3,90.0,0.0016666666666666668
8,112,95.9,17.3,90.0,0.0016666666666666668
8,113,48.2,17.3,90.0,0.0016666666666666668
8,114,48.5,17.3,90.0,0.0016666666666666668
8,115,19.7,136.1,90.0,0.0016666666666666668
8,116,20.3,19.925131582592414,28.357636576328023,0.002291673690480204
8,117,20.6,19.438182395749152,34.91520624744431,0.004583347380960408
8,122,47.3,17.3,90.0,0.0016666666666666668
8,123,47.599999999999994,17.3,90.0,0.0016666666666666668
8,124,47.900000000000006,17.3,90.0,0.0016666666666666668
8,125,19.7,85.4,90.0,0.0016666666666666668
8,130,121.4,17.3,90.0,0.0016666666666666668
8,131,121.7,17.3,90.0,0.0016666666666666668
8,132,85.4,17.3,90.0,0.0016666666666666668
8,133,85.7,17.3,90.0,0.0016666666666666668
8,134,19.7,99.8,90.0,0.0016666666666666668
8,135,38.900000000000006,17.3,90.0,0.0016666666666666668
8,145,68.6,17.3,90.0,0.0016666666666666668
8,147,47.0,17.3,90.0,0.0016666666666666668
8,148,19.7,99.5,90.0,0.0016666666666666668
8,149,19.7,87.8,90.0,0.0016666666666666668
8,150,29.900000000000006,17.3,90.0,0.0016666666666666668
8,156,56.0,17.3,90.0,0.0016666666666666668
8,157,56.3,17.3,90.0,0.0016666666666666668
8,158,19.7,109.1,90.0,0.0016666666666666668
8,159,19.7,105.2,90.0,0.0016666666666666668
8,162,19.7,70.69787282179651,70.12312592992117,0.0033035804591888336
8,162,29.599999999999994,17.3,90.0,0.0016666666666666668
8,164,19.7,92.9,90.0,0.0016666666666666668
8,165,19.7,73.4,90.0,0.0016666666666666668
8,165,29.0,17.3,90.0,0.0016666666666666668
8,166,19.7,72.5,90.0,0.0016666666666666668
8,166,29.299999999999997,17.3,90.0,0.0016666666666666668
8,167,56.900000000000006,17.3,90.0,0.0016666666666666668
8,167,95.0,17.3,90.0,0.0016666666666666668
8,168,57.2,17.3,90.0,0.0016666666666666668
8,168,94.7,17.3,90.0,0.0016666666666666668
8,169,57.5,17.3,90.0,0.0016666666666666668
8,169,94.1,17.3,90.0,0.0016666666666666668
8,170,57.8,17.3,90.0,0.0016666666666666668
8,170,93.8,17.3,90.0,0.0016666666666666668
8,171,58.099999999999994,17.3,90.0,0.0016666666666666668
8,171,93.5,17.3,90.0,0.0016666666666666668
8,172,58.400000000000006,17.3,90.0,0.0016666666666666668
8,172,93.2,17.3,90.0,0.0016666666666666668
8,173,60.129285785728584,17.3,45.57299599919425,0.005714293741501186
8,173,91.47071421427142,17.3,45.57299599919425,0.005714293741501186
8,177,19.7,48.5,90.0,0.0016666666666666668
8,177,94.4,17.3,90.0,0.0016666666666666668
8,178,114.5,17.3,90.0,0.0016666666666666668
8,179,113.3,17.3,90.0,0.0016666666666666668
8,180,19.7,59.89999999999999,90.0,0.0016666666666666668
8,180,112.7,17.3,90.0,0.0016666666666666668
8,181,19.7,61.7,90.0,0.0016666666666666668
8,181,113.0,17.3,90.0,0.0016666666666666668
8,182,86.0,17.3,90.0,0.0016666666666666668
8,182,111.8,17.3,90.0,0.0016666666666666668
8,183,68.9,17.3,90.0,0.0016666666666666668
8,183,111.5,17.3,90.0,0.0016666666666666668
8,184,69.32250064069711,17.3,77.29096700560457,0.0017857062584988146
8,184,110.47749935930287,17.3,77.29096700560454,0.0017857062584988146
8,185,19.7,47.6,90.0,0.0016666666666666668
8,185,112.4,17.3,90.0,0.0016666666666666668
8,186,19.7,45.2,90.0,0.0016666666666666668
8,186,112.1,17.3,90.0,0.0016666666666666668
8,187,32.599999999999994,17.3,90.0,0.0016666666666666668
8,187,111.2,17.3,90.0,0.0016666666666666668
8,188,32.904001601281294,17.3,87.70755722404412,0.0018749929761864628
8,188,110.89599839871872,17.3,87.70755722404412,0.0018749929761864628
8,189,35.33818239574917,17.3,34.91520624744412,0.004583347380960408
8,189,108.16181760425083,17.3,34.91520624744412,0.004583347380960408
8,190,46.960405423915375,17.3,62.612892497346095,0.002113100255104908
8,191,86.6,17.3,90.0,0.0016666666666666668
8,191,120.8,17.3,90.0,0.0016666666666666668
8,197,72.7941277890768,17.3,19.94844358880276,0.006815487227897463
8,197,117.2058722109232,17.3,19.94844358880276,0.006815487227897463
8,198,86.9,17.3,90.0,0.0016666666666666668
8,198,128.0,16.739594576084617,62.61289249734594,0.002113100255104908
8,199,84.8,17.3,90.0,0.0016666666666666668
8,200,85.1,17.3,90.0,0.0016666666666666668
8,201,19.7,51.1749371855331,84.26082952273322,0.0018452401020419631
8,201,83.9,17.3,90.0,0.0016666666666666668
8,202,31.400000000000006,17.3,90.0,0.0016666666666666668
8,202,83.3,17.3,90.0,0.0016666666666666668
8,203,39.5,17.3,90.0,0.0016666666666666668
8,203,84.5,17.3,90.0,0.0016666666666666668
8,204,39.8,17.3,90.0,0.0016666666666666668
8,204,84.2,17.3,90.0,0.0016666666666666668
8,205,40.099999999999994,17.3,90.0,0.0016666666666666668
8,205,83.6,17.3,90.0,0.0016666666666666668
8,206,56.599999999999994,17.3,90.0,0.0016666666666666668
8,207,48.8,17.3,90.0,0.0016666666666666668
8,208,51.2,17.3,90.0,0.0016666666666666668
8,208,74.0,17.3,90.0,0.0016666666666666668
8,209,50.900000000000006,17.3,90.0,0.0016666666666666668
8,209,74.3,17.3,90.0,0.0016666666666666668
8,210,68.3,17.3,90.0,0.0016666666666666668
8,211,66.8,17.3,90.0,0.0016666666666666668
8,212,67.1,17.3,90.0,0.0016666666666666668
8,213,67.4,17.3,90.0,0.0016666666666666668
8,214,67.7,17.3,90.0,0.0016666666666666668
8,215,68.0,17.3,90.0,0.0016666666666666668
8,216,19.7,64.66040542391538,62.61289249734605,0.002113100255104908
8,216,65.6,17.3,90.0,0.0016666666666666668
8,220,32.0,17.3,90.0,0.0016666666666666668
8,220,65.3,17.3,90.0,0.0016666666666666668
8,221,32.3,17.3,90.0,0.0016666666666666668
8,221,65.0,17.3,90.0,0.0016666666666666668
8,222,75.8,17.3,90.0,0.0016666666666666668
8,223,76.1,17.3,90.0,0.0016666666666666668
8,224,76.4,17.3,90.0,0.0016666666666666668
8,225,77.3,17.3,90.0,0.0016666666666666668
8,229,19.7,53.89599839871872,87.70755722404412,0.0018749929761864628
8,229,74.6,17.3,90.0,0.0016666666666666668
8,245,20.0,20.594127789076794,19.948443588802796,0.006815487227897463
8,248,30.200000000000003,17.3,90.0,0.0016666666666666668
8,250,31.700000000000003,17.3,90.0,0.0016666666666666668
8,250,83.0,17.3,90.0,0.0016666666666666668
8,251,40.400000000000006,17.3,90.0,0.0016666666666666668
8,251,102.5,17.3,90.0,0.0016666666666666668
8,252,41.0,17.3,90.0,0.0016666666666666668
8,252,102.2,17.3,90.0,0.0016666666666666668
8,253,41.900000000000006,17.3,90.0,0.0016666666666666668
8,253,101.9,17.3,90.0,0.0016666666666666668
8,254,42.5,17.3,90.0,0.0016666666666666668
8,254,101.6,17.3,90.0,0.0016666666666666668
9,13,103.1,44.6,90.0,0.0016666666666666668
9,14,103.4,44.6,90.0,0.0016666666666666668
9,15,103.7,44.6,90.0,0.0016666666666666668
9,16,104.0,44.6,90.0,0.0016666666666666668
9,24,62.3,44.6,90.0,0.0016666666666666668
9,24,129.2,26.6,90.0,0.0016666666666666668
9,26,62.9,44.6,90.0,0.0016666666666666668
9,26,129.2,35.0,90.0,0.0016666666666666668
9,27,63.2,44.6,90.0,0.0016666666666666668
9,27,129.2,20.6,90.0,0.0016666666666666668
9,28,129.17493718553308,40.1,84.2608295227332,0.0018452401020419631
9,29,129.2,7.7,90.0,0.0016666666666666668
9,30,129.2,7.4,90.0,0.0016666666666666668
9,32,129.2,31.4,90.0,0.0016666666666666668
9,33,129.2,27.2,90.0,0.0016666666666666668
9,35,129.2,35.9,90.0,0.0016666666666666668
9,45,23.900000000000006,44.6,90.0,0.0016666666666666668
9,56,122.9,44.6,90.0,0.0016666666666666668
9,57,123.2,44.6,90.0,0.0016666666666666668
9,58,123.5,44.6,90.0,0.0016666666666666668
9,59,77.9,44.6,90.0,0.0016666666666666668
9,67,95.3,44.6,90.0,0.0016666666666666668
9,68,76.7,44.6,90.0,0.0016666666666666668
9,69,77.0,44.6,90.0,0.0016666666666666668
9,71,38.599999999999994,44.6,90.0,0.0016666666666666668
9,72,104.3,44.6,90.0,0.0016666666666666668
9,73,104.6,44.6,90.0,0.0016666666666666668
9,74,102.8,44.6,90.0,0.0016666666666666668
9,77,96.2,44.6,90.0,0.0016666666666666668
9,78,50.0,44.6,90.0,0.0016666666666666668
9,86,122.0,44.6,90.0,0.0016666666666666668
9,87,122.3,44.6,90.0,0.0016666666666666668
9,88,122.6,44.6,90.0,0.0016666666666666668
9,90,77.6,44.6,90.0,0.0016666666666666668
9,101,96.5,44.6,90.0,0.0016666666666666668
9,102,113.6,44.6,90.0,0.0016666666666666668
9,103,113.9,44.6,90.0,0.0016666666666666668
9,104,114.2,44.6,90.0,0.0016666666666666668
9,106,39.2,44.6,90.0,0.0016666666666666668
9,111,95.6,44.6,90.0,0.0016666666666666668
9,112,95.9,44.6,90.0,0.0016666666666666668
9,113,48.2,44.6,90.0,0.0016666666666666668
9,114,48.5,44.6,90.0,0.0016666666666666668
9,116,20.3,44.595998398718706,87.70755722404412,0.0018749929761864628
9,117,20.599999999999994,44.6,90.0,0.0016666666666666668
9,122,47.3,44.6,90.0,0.0016666666666666668
9,123,47.599999999999994,44.6,90.0,0.0016666666666666668
9,124,47.900000000000006,44.6,90.0,0.0016666666666666668
9,130,121.4,44.6,90.0,0.0016666666666666668
9,131,121.7,44.6,90.0,0.0016666666666666668
9,132,85.4,44.6,90.0,0.0016666666666666668
9,133,85.7,44.6,90.0,0.0016666666666666668
9,135,38.900000000000006,44.6,90.0,0.0016666666666666668
9,145,68.6,44.6,90.0,0.0016666666666666668
9,147,47.0,44.6,90.0,0.0016666666666666668
9,150,29.900000000000006,44.6,90.0,0.0016666666666666668
9,156,56.0,44.6,90.0,0.0016666666666666668
9,157,56.3,44.6,90.0,0.0016666666666666668
9,162,29.599999999999994,44.6,90.0,0.0016666666666666668
9,165,29.0,44.6,90.0,0.0016666666666666668
9,166,29.299999999999997,44.6,90.0,0.0016666666666666668
9,167,56.900000000000006,44.6,90.0,0.0016666666666666668
9,167,95.0,44.6,90.0,0.0016666666666666668
9,168,57.2,44.6,90.0,0.0016666666666666668
9,168,94.7,44.6,90.0,0.0016666666666666668
9,169,58.060405423915384,44.6,62.61289249734602,0.002113100255104908
9,169,93.53959457608461,44.6,62.61289249734602,0.002113100255104908
9,177,94.27749935930288,44.6,77.29096700560454,0.0017857062584988146
9,178,114.5,44.6,90.0,0.0016666666666666668
9,179,113.3,44.6,90.0,0.0016666666666666668
9,180,112.7,44.6,90.0,0.0016666666666666668
9,181,113.0,44.6,90.0,0.0016666666666666668
9,185,111.98257569495584,44.6,66.42182152179815,0.002916680714293742
9,186,109.47486841740758,44.6,28.357636576327984,0.002291673690480204
9,190,46.400000000000006,44.6,90.0,0.0016666666666666668
9,199,84.8,44.6,90.0,0.0016666666666666668
9,200,85.1,44.6,90.0,0.0016666666666666668
9,201,83.9,44.6,90.0,0.0016666666666666668
9,202,33.150384638145624,44.6,40.53580211131644,0.005833333333333334
9,202,81.54961536185438,44.6,40.53580211131651,0.005833333333333334
9,203,39.5,44.6,90.0,0.0016666666666666668
9,203,84.5,44.6,90.0,0.0016666666666666668
9,204,39.8,44.6,90.0,0.0016666666666666668
9,204,84.2,44.6,90.0,0.0016666666666666668
9,205,40.099999999999994,44.6,90.0,0.0016666666666666668
9,205,83.6,44.6,90.0,0.0016666666666666668
9,206,56.599999999999994,44.6,90.0,0.0016666666666666668
9,207,48.8,44.6,90.0,0.0016666666666666668
9,210,68.3,44.6,90.0,0.0016666666666666668
9,211,66.8,44.6,90.0,0.0016666666666666668
9,212,67.1,44.6,90.0,0.0016666666666666668
9,213,67.4,44.6,90.0,0.0016666666666666668
9,214,67.7,44.6,90.0,0.0016666666666666668
9,215,68.0,44.6,90.0,0.0016666666666666668
9,216,65.6,44.6,90.0,0.0016666666666666668
9,222,75.8,44.6,90.0,0.0016666666666666668
9,223,76.1,44.6,90.0,0.0016666666666666668
9,224,76.4,44.6,90.0,0.0016666666666666668
9,225,77.3,44.6,90.0,0.0016666666666666668
9,229,74.6,44.6,90.0,0.0016666666666666668
9,245,20.0,44.5749371855331,84.26082952273322,0.0018452401020419631
9,248,30.200000000000003,44.6,90.0,0.0016666666666666668
10,13,103.1,38.3,90.0,0.0016666666666666668
10,14,103.4,38.3,90.0,0.0016666666666666668
10,15,103.7,38.3,90.0,0.0016666666666666668
10,16,104.0,38.3,90.0,0.0016666666666666668
10,24,62.3,38.3,90.0,0.0016666666666666668
10,24,128.9,26.6,90.0,0.0016666666666666668
10,26,63.19787282179651,38.3,70.12312592992113,0.0033035804591888336
10,26,128.60212717820352,35.0,70.12312592992119,0.0033035804591888336
10,27,63.2,38.3,90.0,0.0016666666666666668
10,27,128.9,20.6,90.0,0.0016666666666666668
10,28,106.05812545754029,38.3,50.20818050044289,0.0038393007653147234
10,29,128.9,7.7,90.0,0.0016666666666666668
10,30,128.9,7.4,90.0,0.0016666666666666668
10,32,128.9,31.4,90.0,0.0016666666666666668
10,33,128.9,27.2,90.0,0.0016666666666666668
10,35,128.17083130081252,35.9,58.667748502405686,0.00199406066327276
10,56,122.9,38.3,90.0,0.0016666666666666668
10,57,123.2,38.3,90.0,0.0016666666666666668
10,58,123.5,38.3,90.0,0.0016666666666666668
10,59,77.9,38.3,90.0,0.0016666666666666668
10,67,95.3,38.3,90.0,0.0016666666666666668
10,68,76.7,38.3,90.0,0.0016666666666666668
10,69,77.0,38.3,90.0,0.0016666666666666668
10,72,104.3,38.3,90.0,0.0016666666666666668
10,73,104.6,38.3,90.0,0.0016666666666666668
10,74,102.8,38.3,90.0,0.0016666666666666668
10,77,96.2,38.3,90.0,0.0016666666666666668
10,78,50.0,38.3,90.0,0.0016666666666666668
10,86,122.0,38.3,90.0,0.0016666666666666668
10,87,122.3,38.3,90.0,0.0016666666666666668
10,88,122.6,38.3,90.0,0.0016666666666666668
10,90,77.6,38.3,90.0,0.0016666666666666668
10,101,96.5,38.3,90.0,0.0016666666666666668
10,102,113.6,38.3,90.0,0.0016666666666666668
10,103,113.9,38.3,90.0,0.0016666666666666668
10,104,114.2,38.3,90.0,0.0016666666666666668
10,111,95.6,38.3,90.0,0.0016666666666666668
10,112,95.9,38.3,90.0,0.0016666666666666668
10,113,48.2,38.3,90.0,0.0016666666666666668
10,114,48.5,38.3,90.0,0.0016666666666666668
10,122,47.3,38.3,90.0,0.0016666666666666668
10,123,47.599999999999994,38.3,90.0,0.0016666666666666668
10,124,47.900000000000006,38.3,90.0,0.0016666666666666668
10,130,121.4,38.3,90.0,0.0016666666666666668
10,131,121.7,38.3,90.0,0.0016666666666666668
10,132,85.4,38.3,90.0,0.0016666666666666668
10,133,85.7,38.3,90.0,0.0016666666666666668
10,145,68.6,38.3,90.0,0.0016666666666666668
10,147,47.0,38.3,90.0,0.0016666666666666668
10,156,56.0,38.3,90.0,0.0016666666666666668
10,157,56.3,38.3,90.0,0.0016666666666666668
10,167,56.900000000000006,38.3,90.0,0.0016666666666666668
10,167,95.0,38.3,90.0,0.0016666666666666668
10,168,57.2,38.3,90.0,0.0016666666666666668
10,168,94.7,38.3,90.0,0.0016666666666666668
10,169,57.5,38.3,90.0,0.0016666666666666668
10,169,94.1,38.3,90.0,0.0016666666666666668
10,170,57.80400160128127,38.3,87.70755722404418,0.0018749929761864628
10,170,93.79599839871872,38.3,87.70755722404418,0.0018749929761864628
10,171,58.82916869918748,38.3,58.667748502405786,0.00199406066327276
10,171,92.77083130081253,38.3,58.66774850240584,0.00199406066327276
10,177,94.4,38.3,90.0,0.0016666666666666668
10,178,114.5,38.3,90.0,0.0016666666666666668
10,179,113.3,38.3,90.0,0.0016666666666666668
10,180,112.7,38.3,90.0,0.0016666666666666668
10,181,113.0,38.3,90.0,0.0016666666666666668
10,185,112.4,38.3,90.0,0.0016666666666666668
10,186,112.1,38.3,90.0,0.0016666666666666668
10,187,40.7,27.8,90.0,0.0016666666666666668
10,188,40.7,22.1,90.0,0.0016666666666666668
10,189,40.7,18.2,90.0,0.0016666666666666668
10,190,46.400000000000006,38.3,90.0,0.0016666666666666668
10,199,84.8,38.3,90.0,0.0016666666666666668
10,200,85.1,38.3,90.0,0.0016666666666666668
10,201,83.9,38.3,90.0,0.0016666666666666668
10,202,83.3,38.3,90.0,0.0016666666666666668
10,203,84.5,38.3,90.0,0.0016666666666666668
10,204,84.2,38.3,90.0,0.0016666666666666668
10,205,83.6,38.3,90.0,0.0016666666666666668
10,206,56.599999999999994,38.3,90.0,0.0016666666666666668
10,207,48.8,38.3,90.0,0.0016666666666666668
10,208,53.82513158259242,38.3,28.357636576327984,0.002291673690480204
10,208,71.37486841740758,38.3,28.357636576327984,0.002291673690480204
10,209,50.900000000000006,38.3,90.0,0.0016666666666666668
10,209,74.3,38.3,90.0,0.0016666666666666668
10,210,68.3,38.3,90.0,0.0016666666666666668
10,211,66.8,38.3,90.0,0.0016666666666666668
10,212,67.1,38.3,90.0,0.0016666666666666668
10,213,67.4,38.3,90.0,0.0016666666666666668
10,214,67.7,38.3,90.0,0.0016666666666666668
10,215,68.0,38.3,90.0,0.0016666666666666668
10,216,65.6,38.3,90.0,0.0016666666666666668
10,220,65.0021271782035,38.3,70.1231259299212,0.0033035804591888336
10,221,41.8581254575403,36.5,50.20818050044273,0.0038393007653147234
10,222,75.8,38.3,90.0,0.0016666666666666668
10,223,76.1,38.3,90.0,0.0016666666666666668
10,224,76.4,38.3,90.0,0.0016666666666666668
10,225,77.3,38.3,90.0,0.0016666666666666668
10,229,74.6,38.3,90.0,0.0016666666666666668
10,249,40.7,15.5,90.0,0.0016666666666666668
10,250,83.0,38.3,90.0,0.0016666666666666668
10,251,101.93959457608463,38.3,62.61289249734616,0.002113100255104908
11,13,103.1,33.2,90.0,0.0016666666666666668
11,14,103.4,33.2,90.0,0.0016666666666666668
11,15,103.7,33.2,90.0,0.0016666666666666668
11,16,104.0,33.2,90.0,0.0016666666666666668
11,24,62.3,33.2,90.0,0.0016666666666666668
11,24,128.6,26.6,90.0,0.0016666666666666668
11,27,63.2,33.2,90.0,0.0016666666666666668
11,27,128.6,20.6,90.0,0.0016666666666666668
11,28,104.9,33.2,90.0,0.0016666666666666668
11,29,128.6,7.7,90.0,0.0016666666666666668
11,30,128.6,7.4,90.0,0.0016666666666666668
11,32,127.44187454245971,31.4,50.20818050044289,0.0038393007653147234
11,33,128.6,27.2,90.0,0.0016666666666666668
11,56,122.9,33.2,90.0,0.0016666666666666668
11,57,123.2,33.2,90.0,0.0016666666666666668
11,58,123.5,33.2,90.0,0.0016666666666666668
11,59,77.9,33.2,90.0,0.0016666666666666668
11,67,95.3,33.2,90.0,0.0016666666666666668
11,68,76.7,33.2,90.0,0.0016666666666666668
11,69,77.0,33.2,90.0,0.0016666666666666668
11,72,104.3,33.2,90.0,0.0016666666666666668
11,73,104.6,33.2,90.0,0.0016666666666666668
11,74,102.8,33.2,90.0,0.0016666666666666668
11,77,96.2,33.2,90.0,0.0016666666666666668
11,78,50.0,33.2,90.0,0.0016666666666666668
11,86,122.0,33.2,90.0,0.0016666666666666668
11,87,122.3,33.2,90.0,0.0016666666666666668
11,88,122.6,33.2,90.0,0.0016666666666666668
11,90,77.6,33.2,90.0,0.0016666666666666668
11,101,96.5,33.2,90.0,0.0016666666666666668
11,102,113.6,33.2,90.0,0.0016666666666666668
11,103,113.9,33.2,90.0,0.0016666666666666668
11,104,114.2,33.2,90.0,0.0016666666666666668
11,111,95.6,33.2,90.0,0.0016666666666666668
11,112,95.9,33.2,90.0,0.0016666666666666668
11,113,48.2,33.2,90.0,0.0016666666666666668
11,114,48.5,33.2,90.0,0.0016666666666666668
11,122,47.3,33.2,90.0,0.0016666666666666668
11,123,47.599999999999994,33.2,90.0,0.0016666666666666668
11,124,47.900000000000006,33.2,90.0,0.0016666666666666668
11,130,121.4,33.2,90.0,0.0016666666666666668
11,131,121.7,33.2,90.0,0.0016666666666666668
11,132,85.4,33.2,90.0,0.0016666666666666668
11,133,85.7,33.2,90.0,0.0016666666666666668
11,145,68.6,33.2,90.0,0.0016666666666666668
11,147,47.0,33.2,90.0,0.0016666666666666668
11,156,56.0,33.2,90.0,0.0016666666666666668
11,157,56.3,33.2,90.0,0.0016666666666666668
11,167,56.900000000000006,33.2,90.0,0.0016666666666666668
11,167,95.0,33.2,90.0,0.0016666666666666668
11,168,57.2,33.2,90.0,0.0016666666666666668
11,168,94.7,33.2,90.0,0.0016666666666666668
11,169,57.5,33.2,90.0,0.0016666666666666668
11,169,94.1,33.2,90.0,0.0016666666666666668
11,170,57.8,33.2,90.0,0.0016666666666666668
11,170,93.8,33.2,90.0,0.0016666666666666668
11,171,58.099999999999994,33.2,90.0,0.0016666666666666668
11,171,93.5,33.2,90.0,0.0016666666666666668
11,177,94.4,33.2,90.0,0.0016666666666666668
11,178,114.5,33.2,90.0,0.0016666666666666668
11,179,113.3,33.2,90.0,0.0016666666666666668
11,180,112.7,33.2,90.0,0.0016666666666666668
11,181,113.0,33.2,90.0,0.0016666666666666668
11,182,86.72916869918748,33.2,58.667748502405686,0.00199406066327276
11,182,111.07083130081253,33.2,58.667748502405765,0.00199406066327276
11,185,112.4,33.2,90.0,0.0016666666666666668
11,186,112.1,33.2,90.0,0.0016666666666666668
11,187,41.6,27.8,90.0,0.0016666666666666668
11,188,41.6,22.1,90.0,0.0016666666666666668
11,189,41.6,18.2,90.0,0.0016666666666666668
11,190,46.4,33.19599839871872,87.70755722404408,0.0018749929761864628
11,199,84.8,33.2,90.0,0.0016666666666666668
11,200,85.1,33.2,90.0,0.0016666666666666668
11,201,83.9,33.2,90.0,0.0016666666666666668
11,202,83.3,33.2,90.0,0.0016666666666666668
11,203,84.5,33.2,90.0,0.0016666666666666668
11,204,84.2,33.2,90.0,0.0016666666666666668
11,205,83.6,33.2,90.0,0.0016666666666666668
11,206,56.599999999999994,33.2,90.0,0.0016666666666666668
11,207,48.8,33.2,90.0,0.0016666666666666668
11,208,51.2,33.2,90.0,0.0016666666666666668
11,208,74.0,33.2,90.0,0.0016666666666666668
11,209,50.900000000000006,33.2,90.0,0.0016666666666666668
11,209,74.3,33.2,90.0,0.0016666666666666668
11,210,68.3,33.2,90.0,0.0016666666666666668
11,211,66.8,33.2,90.0,0.0016666666666666668
11,212,67.1,33.2,90.0,0.0016666666666666668
11,213,67.4,33.2,90.0,0.0016666666666666668
11,214,67.7,33.2,90.0,0.0016666666666666668
11,215,68.0,33.2,90.0,0.0016666666666666668
11,216,65.6,33.2,90.0,0.0016666666666666668
11,220,65.3,33.2,90.0,0.0016666666666666668
11,221,64.7021271782035,33.2,70.12312592992113,0.0033035804591888336
11,222,75.8,33.2,90.0,0.0016666666666666668
11,223,76.1,33.2,90.0,0.0016666666666666668
11,224,76.4,33.2,90.0,0.0016666666666666668
11,225,77.3,33.2,90.0,0.0016666666666666668
11,229,74.6,33.2,90.0,0.0016666666666666668
11,249,41.6,15.5,90.0,0.0016666666666666668
11,250,83.0,33.2,90.0,0.0016666666666666668
11,251,102.5,33.2,90.0,0.0016666666666666668
11,252,102.19599839871873,33.2,87.70755722404408,0.0018749929761864628
12,13,103.1,29.0,90.0,0.0016666666666666668
12,14,103.4,29.0,90.0,0.0016666666666666668
12,15,103.7,29.0,90.0,0.0016666666666666668
12,16,104.0,29.0,90.0,0.0016666666666666668
12,24,63.02916869918747,29.0,58.66774850240573,0.00199406066327276
12,24,127.57083130081253,26.6,58.667748502405686,0.00199406066327276
12,27,63.2,29.0,90.0,0.0016666666666666668
12,27,128.3,20.6,90.0,0.0016666666666666668
12,28,104.9,29.0,90.0,0.0016666666666666668
12,29,128.3,7.7,90.0,0.0016666666666666668
12,30,128.3,7.4,90.0,0.0016666666666666668
12,32,87.02916869918747,29.0,58.667748502405765,0.00199406066327276
12,33,127.14187454245972,27.2,50.20818050044275,0.0038393007653147234
12,56,122.9,29.0,90.0,0.0016666666666666668
12,57,123.2,29.0,90.0,0.0016666666666666668
12,58,123.5,28.99599839871872,87.70755722404425,0.0018749929761864628
12,59,77.9,29.0,90.0,0.0016666666666666668
12,67,95.3,29.0,90.0,0.0016666666666666668
12,68,76.7,29.0,90.0,0.0016666666666666668
12,69,77.0,29.0,90.0,0.0016666666666666668
12,72,104.3,29.0,90.0,0.0016666666666666668
12,73,104.6,29.0,90.0,0.0016666666666666668
12,74,102.8,29.0,90.0,0.0016666666666666668
12,77,96.2,29.0,90.0,0.0016666666666666668
12,78,50.0,29.0,90.0,0.0016666666666666668
12,86,122.0,29.0,90.0,0.0016666666666666668
12,87,122.3,29.0,90.0,0.0016666666666666668
12,88,122.6,29.0,90.0,0.0016666666666666668
12,90,77.6,29.0,90.0,0.0016666666666666668
12,101,96.5,29.0,90.0,0.0016666666666666668
12,102,113.6,29.0,90.0,0.0016666666666666668
12,103,113.9,29.0,90.0,0.0016666666666666668
12,104,114.2,29.0,90.0,0.0016666666666666668
12,111,95.6,29.0,90.0,0.0016666666666666668
12,112,95.9,29.0,90.0,0.0016666666666666668
12,113,48.2,29.0,90.0,0.0016666666666666668
12,114,48.5,29.0,90.0,0.0016666666666666668
12,122,47.3,29.0,90.0,0.0016666666666666668
12,123,47.599999999999994,29.0,90.0,0.0016666666666666668
12,124,47.900000000000006,29.0,90.0,0.0016666666666666668
12,130,121.4,29.0,90.0,0.0016666666666666668
12,131,121.7,29.0,90.0,0.0016666666666666668
12,132,85.4,29.0,90.0,0.0016666666666666668
12,133,85.7,29.0,90.0,0.0016666666666666668
12,145,68.6,29.0,90.0,0.0016666666666666668
12,147,47.0,28.99599839871872,87.70755722404408,0.0018749929761864628
12,156,56.0,29.0,90.0,0.0016666666666666668
12,157,56.3,29.0,90.0,0.0016666666666666668
12,167,56.900000000000006,29.0,90.0,0.0016666666666666668
12,167,95.0,29.0,90.0,0.0016666666666666668
12,168,57.2,29.0,90.0,0.0016666666666666668
12,168,94.7,29.0,90.0,0.0016666666666666668
12,169,57.5,29.0,90.0,0.0016666666666666668
12,169,94.1,29.0,90.0,0.0016666666666666668
12,170,57.8,29.0,90.0,0.0016666666666666668
12,170,93.8,29.0,90.0,0.0016666666666666668
12,171,58.099999999999994,29.0,90.0,0.0016666666666666668
12,171,93.5,29.0,90.0,0.0016666666666666668
12,172,61.025131582592415,29.0,28.357636576327984,0.002291673690480204
12,172,90.57486841740759,29.0,28.357636576327984,0.002291673690480204
12,177,94.4,29.0,90.0,0.0016666666666666668
12,178,114.5,29.0,90.0,0.0016666666666666668
12,179,113.3,29.0,90.0,0.0016666666666666668
12,180,112.7,29.0,90.0,0.0016666666666666668
12,181,113.0,29.0,90.0,0.0016666666666666668
12,182,86.0,29.0,90.0,0.0016666666666666668
12,182,111.8,29.0,90.0,0.0016666666666666668
12,183,69.19787282179651,29.0,70.12312592992113,0.0033035804591888336
12,183,111.2021271782035,29.0,70.12312592992113,0.0033035804591888336
12,185,112.4,29.0,90.0,0.0016666666666666668
12,186,112.1,29.0,90.0,0.0016666666666666668
12,187,43.95038463814562,27.8,40.535802111316535,0.005833333333333334
12,188,42.2,22.1,90.0,0.0016666666666666668
12,189,42.2,18.2,90.0,0.0016666666666666668
12,190,46.4,28.935585071701226,80.79310377865406,0.0018749929761864628
12,199,84.8,29.0,90.0,0.0016666666666666668
12,200,85.1,29.0,90.0,0.0016666666666666668
12,201,83.9,29.0,90.0,0.0016666666666666668
12,202,83.3,29.0,90.0,0.0016666666666666668
12,203,84.5,29.0,90.0,0.0016666666666666668
12,204,84.2,29.0,90.0,0.0016666666666666668
12,205,83.6,29.0,90.0,0.0016666666666666668
12,206,56.599999999999994,29.0,90.0,0.0016666666666666668
12,207,48.8,29.0,90.0,0.0016666666666666668
12,208,51.2,29.0,90.0,0.0016666666666666668
12,208,74.0,29.0,90.0,0.0016666666666666668
12,209,50.900000000000006,29.0,90.0,0.0016666666666666668
12,209,74.3,29.0,90.0,0.0016666666666666668
12,210,68.3,29.0,90.0,0.0016666666666666668
12,211,66.8,29.0,90.0,0.0016666666666666668
12,212,67.1,29.0,90.0,0.0016666666666666668
12,213,67.4,29.0,90.0,0.0016666666666666668
12,214,67.7,29.0,90.0,0.0016666666666666668
12,215,68.0,29.0,90.0,0.0016666666666666668
12,216,65.6,29.0,90.0,0.0016666666666666668
12,220,65.3,29.0,90.0,0.0016666666666666668
12,221,65.0,29.0,90.0,0.0016666666666666668
12,222,75.8,29.0,90.0,0.0016666666666666668
12,223,76.1,29.0,90.0,0.0016666666666666668
12,224,76.4,29.0,90.0,0.0016666666666666668
12,225,77.3,29.0,90.0,0.0016666666666666668
12,229,74.6,29.0,90.0,0.0016666666666666668
12,249,42.2,15.5,90.0,0.0016666666666666668
12,250,83.0,29.0,90.0,0.0016666666666666668
12,251,102.5,29.0,90.0,0.0016666666666666668
12,252,102.2,29.0,90.0,0.0016666666666666668
12,253,101.77749935930288,29.0,77.29096700560454,0.0017857062584988146
13,24,103.1,26.6,90.0,0.0016666666666666668
13,25,103.1,59.0,90.0,0.0016666666666666668
13,26,103.1,35.0,90.0,0.0016666666666666668
13,27,103.1,20.6,90.0,0.0016666666666666668
13,31,103.1,59.3,90.0,0.0016666666666666668
13,32,103.1,31.4,90.0,0.0016666666666666668
13,33,103.1,27.2,90.0,0.0016666666666666668
13,34,103.1,47.9,90.0,0.0016666666666666668
13,35,103.1,35.9,90.0,0.0016666666666666668
13,40,100.1,111.2,90.0,0.0016666666666666668
13,41,100.1,114.5,90.0,0.0016666666666666668
13,42,100.1,126.8,90.0,0.0016666666666666668
13,43,100.1,126.5,90.0,0.0016666666666666668
13,44,100.1,109.4,90.0,0.0016666666666666668
13,45,100.1,131.3,90.0,0.0016666666666666668
13,52,100.1,122.0,90.0,0.0016666666666666668
13,53,100.1,103.4,90.0,0.0016666666666666668
13,54,100.1,118.7,90.0,0.0016666666666666668
13,55,100.1,124.4,90.0,0.0016666666666666668
13,59,100.1,86.3,90.0,0.0016666666666666668
13,60,100.1,129.5,90.0,0.0016666666666666668
13,61,100.1,119.9,90.0,0.0016666666666666668
13,62,100.1,138.2,90.0,0.0016666666666666668
13,63,100.1,137.9,90.0,0.0016666666666666668
13,77,100.1,81.97749935930287,77.29096700560446,0.0017857062584988146
13,78,100.1,120.2,90.0,0.0016666666666666668
13,81,100.1,124.7,90.0,0.0016666666666666668
13,90,100.1,88.7,90.0,0.0016666666666666668
13,93,100.1,98.9,90.0,0.0016666666666666668
13,94,100.1,104.6,90.0,0.0016666666666666668
13,95,100.1,108.5,90.0,0.0016666666666666668
13,96,100.1,116.3,90.0,0.0016666666666666668
13,97,100.1,96.5,90.0,0.0016666666666666668
13,98,100.1,98.3,90.0,0.0016666666666666668
13,99,100.1,107.0,90.0,0.0016666666666666668
13,100,100.1,107.9,90.0,0.0016666666666666668
13,101,100.1,84.0,73.73979529168798,0.0018452401020419631
13,105,100.1,122.3,90.0,0.0016666666666666668
13,106,100.1,87.8,90.0,0.0016666666666666668
13,130,103.1,67.4,90.0,0.0016666666666666668
13,131,103.1,73.7,90.0,0.0016666666666666668
13,146,103.1,53.0,90.0,0.0016666666666666668
13,179,103.1,71.9,90.0,0.0016666666666666668
13,180,103.1,59.9,90.0,0.0016666666666666668
13,181,103.1,61.7,90.0,0.0016666666666666668
13,182,103.1,35.6,90.0,0.0016666666666666668
13,183,103.1,32.3,90.0,0.0016666666666666668
13,184,103.1,21.2,90.0,0.0016666666666666668
13,185,103.1,47.6,90.0,0.0016666666666666668
13,186,103.1,45.2,90.0,0.0016666666666666668
13,187,103.1,27.8,90.0,0.0016666666666666668
13,188,103.1,22.1,90.0,0.0016666666666666668
13,189,103.1,18.2,90.0,0.0016666666666666668
13,190,103.1,14.6,90.0,0.0016666666666666668
13,191,103.1,24.5,90.0,0.0016666666666666668
13,192,103.1,14.9,90.0,0.0016666666666666668
13,193,103.1,10.1,90.0,0.0016666666666666668
13,194,103.1,11.3,90.0,0.0016666666666666668
13,195,103.1,10.4,90.0,0.0016666666666666668
13,196,103.1,5.3,90.0,0.0016666666666666668
13,197,103.1,17.6,90.0,0.0016666666666666668
13,198,103.1,23.9,90.0,0.0016666666666666668
13,206,100.1,84.5,90.0,0.0016666666666666668
13,249,103.1,15.5,90.0,0.0016666666666666668
14,24,103.4,26.6,90.0,0.0016666666666666668
14,25,103.4,59.0,90.0,0.0016666666666666668
14,26,103.4,35.0,90.0,0.0016666666666666668
14,27,103.4,20.6,90.0,0.0016666666666666668
14,31,103.4,59.3,90.0,0.0016666666666666668
14,32,103.4,31.4,90.0,0.0016666666666666668
14,33,103.4,27.2,90.0,0.0016666666666666668
14,34,103.4,47.9,90.0,0.0016666666666666668
14,35,103.4,35.9,90.0,0.0016666666666666668
14,40,100.4,111.2,90.0,0.0016666666666666668
14,41,100.4,114.5,90.0,0.0016666666666666668
14,42,100.4,126.8,90.0,0.0016666666666666668
14,43,100.4,126.5,90.0,0.0016666666666666668
14,44,100.4,109.4,90.0,0.0016666666666666668
14,45,100.4,131.3,90.0,0.0016666666666666668
14,52,100.4,122.0,90.0,0.0016666666666666668
14,53,100.4,103.4,90.0,0.0016666666666666668
14,54,100.4,118.7,90.0,0.0016666666666666668
14,55,100.4,124.4,90.0,0.0016666666666666668
14,59,100.4,86.3,90.0,0.0016666666666666668
14,60,100.4,129.5,90.0,0.0016666666666666668
14,61,100.4,119.9,90.0,0.0016666666666666668
14,62,100.4,138.2,90.0,0.0016666666666666668
14,63,100.4,137.9,90.0,0.0016666666666666668
14,77,100.4,82.03558507170122,80.79310377865414,0.0018749929761864628
14,78,100.4,120.2,90.0,0.0016666666666666668
14,81,100.4,124.7,90.0,0.0016666666666666668
14,90,100.4,88.7,90.0,0.0016666666666666668
14,93,100.4,98.9,90.0,0.0016666666666666668
14,94,100.4,104.6,90.0,0.0016666666666666668
14,95,100.4,108.5,90.0,0.0016666666666666668
14,96,100.4,116.3,90.0,0.0016666666666666668
14,97,100.4,96.5,90.0,0.0016666666666666668
14,98,100.4,98.3,90.0,0.0016666666666666668
14,99,100.4,107.0,90.0,0.0016666666666666668
14,100,100.4,107.9,90.0,0.0016666666666666668
14,101,100.4,84.07749935930289,77.29096700560466,0.0017857062584988146
14,105,100.4,122.3,90.0,0.0016666666666666668
14,106,100.4,87.8,90.0,0.0016666666666666668
14,130,103.4,67.4,90.0,0.0016666666666666668
14,131,103.4,73.7,90.0,0.0016666666666666668
14,146,103.4,53.0,90.0,0.0016666666666666668
14,179,103.4,71.9,90.0,0.0016666666666666668
14,180,103.4,59.9,90.0,0.0016666666666666668
14,181,103.4,61.7,90.0,0.0016666666666666668
14,182,103.4,35.6,90.0,0.0016666666666666668
14,183,103.4,32.3,90.0,0.0016666666666666668
14,184,103.4,21.2,90.0,0.0016666666666666668
14,185,103.4,47.6,90.0,0.0016666666666666668
14,186,103.4,45.2,90.0,0.0016666666666666668
14,187,103.4,27.8,90.0,0.0016666666666666668
14,188,103.4,22.1,90.0,0.0016666666666666668
14,189,103.4,18.2,90.0,0.0016666666666666668
14,190,103.4,14.6,90.0,0.0016666666666666668
14,191,103.4,24.5,90.0,0.0016666666666666668
14,192,103.4,14.9,90.0,0.0016666666666666668
14,193,103.4,10.1,90.0,0.0016666666666666668
14,194,103.4,11.3,90.0,0.0016666666666666668
14,195,103.4,10.4,90.0,0.0016666666666666668
14,196,103.4,5.3,90.0,0.0016666666666666668
14,197,103.4,17.6,90.0,0.0016666666666666668
14,198,103.4,23.9,90.0,0.0016666666666666668
14,206,100.4,84.5,90.0,0.0016666666666666668
14,249,103.4,15.5,90.0,0.0016666666666666668
15,24,103.7,26.6,90.0,0.0016666666666666668
15,25,103.7,59.0,90.0,0.0016666666666666668
15,26,103.7,35.0,90.0,0.0016666666666666668
15,27,103.7,20.6,90.0,0.0016666666666666668
15,31,103.7,59.3,90.0,0.0016666666666666668
15,32,103.7,31.4,90.0,0.0016666666666666668
15,33,103.7,27.2,90.0,0.0016666666666666668
15,34,103.7,47.9,90.0,0.0016666666666666668
15,35,103.7,35.9,90.0,0.0016666666666666668
15,40,100.7,111.2,90.0,0.0016666666666666668
15,41,100.7,114.5,90.0,0.0016666666666666668
15,42,100.7,126.8,90.0,0.0016666666666666668
15,43,100.7,126.5,90.0,0.0016666666666666668
15,44,100.7,109.4,90.0,0.0016666666666666668
15,45,100.7,131.3,90.0,0.0016666666666666668
15,52,100.7,122.0,90.0,0.0016666666666666668
15,53,100.7,103.4,90.0,0.0016666666666666668
15,54,100.7,118.7,90.0,0.0016666666666666668
15,55,100.7,124.4,90.0,0.0016666666666666668
15,59,100.7,86.3,90.0,0.0016666666666666668
15,60,100.7,129.5,90.0,0.0016666666666666668
15,61,100.7,119.9,90.0,0.0016666666666666668
15,62,100.7,138.20400160128128,87.70755722404408,0.0018749929761864628
15,63,100.7,137.9,90.0,0.0016666666666666668
15,77,100.7,82.07493718553309,84.2608295227332,0.0018452401020419631
15,78,100.7,120.2,90.0,0.0016666666666666668
15,81,100.7,124.7,90.0,0.0016666666666666668
15,90,100.7,88.7,90.0,0.0016666666666666668
15,93,100.7,98.9,90.0,0.0016666666666666668
15,94,100.7,104.6,90.0,0.0016666666666666668
15,95,100.7,108.5,90.0,0.0016666666666666668
15,96,100.7,116.3,90.0,0.0016666666666666668
15,97,100.7,96.5,90.0,0.0016666666666666668
15,98,100.7,98.3,90.0,0.0016666666666666668
15,99,100.7,107.0,90.0,0.0016666666666666668
15,100,100.7,107.9,90.0,0.0016666666666666668
15,101,100.7,84.13558507170123,80.79310377865414,0.0018749929761864628
15,105,100.7,122.3,90.0,0.0016666666666666668
15,106,100.7,87.8,90.0,0.0016666666666666668
15,130,103.7,67.4,90.0,0.0016666666666666668
15,131,103.7,73.7,90.0,0.0016666666666666668
15,146,103.7,53.0,90.0,0.0016666666666666668
15,179,103.7,71.9,90.0,0.0016666666666666668
15,180,103.7,59.9,90.0,0.0016666666666666668
15,181,103.7,61.7,90.0,0.0016666666666666668
15,182,103.7,35.6,90.0,0.0016666666666666668
15,183,103.7,32.3,90.0,0.0016666666666666668
15,184,103.7,21.2,90.0,0.0016666666666666668
15,185,103.7,47.6,90.0,0.0016666666666666668
15,186,103.7,45.2,90.0,0.0016666666666666668
15,187,103.7,27.8,90.0,0.0016666666666666668
15,188,103.7,22.1,90.0,0.0016666666666666668
15,189,103.7,18.2,90.0,0.0016666666666666668
15,190,103.7,14.6,90.0,0.0016666666666666668
15,191,103.7,24.5,90.0,0.0016666666666666668
15,192,103.7,14.9,90.0,0.0016666666666666668
15,193,103.7,10.1,90.0,0.0016666666666666668
15,194,103.7,11.3,90.0,0.0016666666666666668
15,195,103.7,10.4,90.0,0.0016666666666666668
15,196,103.7,5.3,90.0,0.0016666666666666668
15,197,103.7,17.6,90.0,0.0016666666666666668
15,198,103.7,23.9,90.0,0.0016666666666666668
15,206,100.7,84.5,90.0,0.0016666666666666668
15,249,103.7,15.5,90.0,0.0016666666666666668
16,24,104.0,26.6,90.0,0.0016666666666666668
16,25,104.0,59.0,90.0,0.0016666666666666668
16,26,104.0,35.0,90.0,0.0016666666666666668
16,27,104.0,20.6,90.0,0.0016666666666666668
16,31,104.0,59.3,90.0,0.0016666666666666668
16,32,104.0,31.4,90.0,0.0016666666666666668
16,33,104.0,27.2,90.0,0.0016666666666666668
16,34,104.0,47.9,90.0,0.0016666666666666668
16,35,104.0,35.9,90.0,0.0016666666666666668
16,40,101.0,111.2,90.0,0.0016666666666666668
16,41,101.0,114.5,90.0,0.0016666666666666668
16,42,101.0,126.8,90.0,0.0016666666666666668
16,43,101.0,126.5,90.0,0.0016666666666666668
16,44,101.0,109.4,90.0,0.0016666666666666668
16,45,101.0,131.3,90.0,0.0016666666666666668
16,52,101.0,122.0,90.0,0.0016666666666666668
16,53,101.0,103.4,90.0,0.0016666666666666668
16,54,101.0,118.7,90.0,0.0016666666666666668
16,55,101.0,124.4,90.0,0.0016666666666666668
16,59,101.0,86.3,90.0,0.0016666666666666668
16,60,101.0,129.5,90.0,0.0016666666666666668
16,61,101.0,119.9,90.0,0.0016666666666666668
16,62,101.0,138.2250628144669,84.2608295227332,0.0018452401020419631
16,63,101.0,137.9040016012813,87.70755722404408,0.0018749929761864628
16,77,101.0,82.0959983987187,87.70755722404408,0.0018749929761864628
16,78,101.0,120.2,90.0,0.0016666666666666668
16,81,101.0,124.7,90.0,0.0016666666666666668
16,90,101.0,88.7,90.0,0.0016666666666666668
16,93,101.0,98.9,90.0,0.0016666666666666668
16,94,101.0,104.6,90.0,0.0016666666666666668
16,95,101.0,108.5,90.0,0.0016666666666666668
16,96,101.0,116.3,90.0,0.0016666666666666668
16,97,101.0,96.5,90.0,0.0016666666666666668
16,98,101.0,98.3,90.0,0.0016666666666666668
16,99,101.0,107.0,90.0,0.0016666666666666668
16,100,101.0,107.9,90.0,0.0016666666666666668
16,101,101.0,84.1749371855331,84.2608295227332,0.0018452401020419631
16,105,101.0,122.3,90.0,0.0016666666666666668
16,106,101.0,87.8,90.0,0.0016666666666666668
16,130,104.0,67.4,90.0,0.0016666666666666668
16,131,103.99266600266745,73.7,86.89632597603327,0.0018749929761864628
16,146,104.0,53.0,90.0,0.0016666666666666668
16,179,104.0,71.9,90.0,0.0016666666666666668
16,180,104.0,59.9,90.0,0.0016666666666666668
16,181,104.0,61.7,90.0,0.0016666666666666668
16,182,104.0,35.6,90.0,0.0016666666666666668
16,183,104.0,32.3,90.0,0.0016666666666666668
16,184,104.0,21.2,90.0,0.0016666666666666668
16,185,104.0,47.6,90.0,0.0016666666666666668
16,186,104.0,45.2,90.0,0.0016666666666666668
16,187,104.0,27.8,90.0,0.0016666666666666668
16,188,104.0,22.1,90.0,0.0016666666666666668
16,189,104.0,18.2,90.0,0.0016666666666666668
16,190,104.0,14.6,90.0,0.0016666666666666668
16,191,104.0,24.5,90.0,0.0016666666666666668
16,192,104.0,14.9,90.0,0.0016666666666666668
16,193,104.0,10.1,90.0,0.0016666666666666668
16,194,104.0,11.3,90.0,0.0016666666666666668
16,195,104.0,10.4,90.0,0.0016666666666666668
16,196,104.0,5.3,90.0,0.0016666666666666668
16,197,104.0,17.6,90.0,0.0016666666666666668
16,198,104.0,23.9,90.0,0.0016666666666666668
16,206,101.0,84.5,90.0,0.0016666666666666668
16,249,104.0,15.5,90.0,0.0016666666666666668
20,21,141.62797712839085,55.04818435174727,10.88748287726105,0.005952372925165482
20,21,145.57202287160914,60.251815648252744,10.887482877261052,0.005952372925165482
22,23,137.12797712839085,81.63799944326175,10.887482877261135,0.005952372925165482
22,23,140.47202287160914,76.86200055673825,10.887482877261135,0.005952372925165482
22,36,136.7,143.6,90.0,0.0016666666666666668
22,37,136.7,135.5,90.0,0.0016666666666666668
22,38,136.7,143.9,90.0,0.0016666666666666668
22,39,136.7,144.8040016012813,87.70755722404424,0.0018749929761864628
22,40,136.7,111.2,90.0,0.0016666666666666668
22,41,136.7,114.5,90.0,0.0016666666666666668
22,42,136.7,126.8,90.0,0.0016666666666666668
22,43,136.7,126.5,90.0,0.0016666666666666668
22,44,136.7,109.4,90.0,0.0016666666666666668
22,45,136.7,131.3,90.0,0.0016666666666666668
23,36,137.0,143.6,90.0,0.0016666666666666668
23,37,137.0,135.5,90.0,0.0016666666666666668
23,38,137.0,143.9040016012813,87.70755722404424,0.0018749929761864628
23,39,137.0,144.82506281446692,84.2608295227332,0.0018452401020419631
23,40,137.0,111.2,90.0,0.0016666666666666668
23,41,137.0,114.5,90.0,0.0016666666666666668
23,42,137.0,126.8,90.0,0.0016666666666666668
23,43,137.0,126.5,90.0,0.0016666666666666668
23,44,137.0,109.4,90.0,0.0016666666666666668
23,45,137.0,131.3,90.0,0.0016666666666666668
24,27,63.2,28.738182395749156,34.9152062474443,0.004583347380960408
24,27,139.4,18.461817604250847,34.9152062474443,0.004583347380960408
24,28,104.9,26.6,90.0,0.0016666666666666668
24,28,138.5,24.461817604250847,34.9152062474443,0.004583347380960408
24,31,62.3,59.3,90.0,0.0016666666666666668
24,31,139.1,23.30587221092323,19.948443588803066,0.006815487227897463
24,32,86.30400160128127,26.6,87.70755722404408,0.0018749929761864628
24,32,137.9,25.170714214271428,45.572995999194305,0.005714293741501186
24,33,80.82513158259243,26.6,28.357636576327828,0.002291673690480204
24,33,135.052417469626,26.55725240887801,21.874832716362,0.005714293741501186
24,34,62.3,47.9,90.0,0.0016666666666666668
24,34,138.8,23.974868417407574,28.357636576327838,0.002291673690480204
24,35,62.3,35.9,90.0,0.0016666666666666668
24,35,138.2,24.849615361854404,40.535802111316855,0.005833333333333334
24,43,62.3,126.5,90.0,0.0016666666666666668
24,44,62.3,109.4,90.0,0.0016666666666666668
24,45,62.3,131.3,90.0,0.0016666666666666668
24,52,62.3,122.0,90.0,0.0016666666666666668
24,56,122.9,26.6,90.0,0.0016666666666666668
24,57,123.2,26.6,90.0,0.0016666666666666668
24,58,123.5,26.6,90.0,0.0016666666666666668
24,59,77.9,26.6,90.0,0.0016666666666666668
24,67,62.3,77.59412778907681,19.94844358880259,0.006815487227897463
24,67,95.3,26.6,90.0,0.0016666666666666668
24,68,62.3,77.93818239574918,34.91520624744394,0.004583347380960408
24,68,76.7,26.6,90.0,0.0016666666666666668
24,69,62.3,78.72513158259241,28.35763657632795,0.002291673690480204
24,69,77.0,26.6,90.0,0.0016666666666666668
24,72,104.3,26.6,90.0,0.0016666666666666668
24,73,104.6,26.6,90.0,0.0016666666666666668
24,74,62.3,55.7,90.0,0.0016666666666666668
24,74,102.8,26.6,90.0,0.0016666666666666668
24,77,96.2,26.6,90.0,0.0016666666666666668
24,78,62.3,120.19999999999999,90.0,0.0016666666666666668
24,81,62.3,124.69999999999999,90.0,0.0016666666666666668
24,85,131.3,26.6,90.0,0.0016666666666666668
24,86,122.0,26.6,90.0,0.0016666666666666668
24,87,122.3,26.6,90.0,0.0016666666666666668
24,88,122.6,26.6,90.0,0.0016666666666666668
24,90,77.6,26.6,90.0,0.0016666666666666668
24,95,62.3,108.5,90.0,0.0016666666666666668
24,96,62.3,116.29999999999998,90.0,0.0016666666666666668
24,101,96.5,26.6,90.0,0.0016666666666666668
24,102,113.6,26.6,90.0,0.0016666666666666668
24,103,113.9,26.6,90.0,0.0016666666666666668
24,104,114.2,26.6,90.0,0.0016666666666666668
24,105,62.3,122.29999999999998,90.0,0.0016666666666666668
24,106,62.3,87.8,90.0,0.0016666666666666668
24,107,62.3,82.4,90.0,0.0016666666666666668
24,108,62.3,82.7,90.0,0.0016666666666666668
24,109,62.3,89.6,90.0,0.0016666666666666668
24,110,62.3,89.9,90.0,0.0016666666666666668
24,111,95.6,26.6,90.0,0.0016666666666666668
24,112,95.9,26.6,90.0,0.0016666666666666668
24,113,62.3,92.6,90.0,0.0016666666666666668
24,114,62.3,94.4,90.0,0.0016666666666666668
24,115,62.3,136.1,90.0,0.0016666666666666668
24,116,62.3,135.8,90.0,0.0016666666666666668
24,117,62.3,116.9,90.0,0.0016666666666666668
24,126,62.3,91.7,90.0,0.0016666666666666668
24,127,62.3,97.69999999999999,90.0,0.0016666666666666668
24,128,62.3,107.0,90.0,0.0016666666666666668
24,129,62.3,118.69999999999999,90.0,0.0016666666666666668
24,130,121.4,26.6,90.0,0.0016666666666666668
24,131,121.7,26.6,90.0,0.0016666666666666668
24,132,85.4,26.6,90.0,0.0016666666666666668
24,133,85.7,26.6,90.0,0.0016666666666666668
24,134,62.3,99.79999999999998,90.0,0.0016666666666666668
24,135,62.3,104.9,90.0,0.0016666666666666668
24,136,62.3,103.4,90.0,0.0016666666666666668
24,137,62.3,113.29999999999998,90.0,0.0016666666666666668
24,138,62.3,128.3,90.0,0.0016666666666666668
24,139,62.3,133.1,90.0,0.0016666666666666668
24,140,62.3,134.9,90.0,0.0016666666666666668
24,141,62.3,141.2,90.0,0.0016666666666666668
24,142,62.3,135.5,90.0,0.0016666666666666668
24,145,68.6,26.6,90.0,0.0016666666666666668
24,146,62.3,53.0,90.0,0.0016666666666666668
24,146,131.0,26.6,90.0,0.0016666666666666668
24,151,62.3,140.0,90.0,0.0016666666666666668
24,152,62.3,143.0,90.0,0.0016666666666666668
24,153,62.3,143.9,90.0,0.0016666666666666668
24,154,62.3,144.8,90.0,0.0016666666666666668
24,155,62.3,130.7,90.0,0.0016666666666666668
24,167,62.3,53.3,90.0,0.0016666666666666668
24,167,95.0,26.6,90.0,0.0016666666666666668
24,168,62.3,50.3,90.0,0.0016666666666666668
24,168,94.7,26.6,90.0,0.0016666666666666668
24,169,62.3,47.295998398718716,87.70755722404408,0.0018749929761864628
24,169,94.1,26.6,90.0,0.0016666666666666668
24,170,62.3,43.0749371855331,84.26082952273322,0.0018452401020419631
24,170,93.8,26.6,90.0,0.0016666666666666668
24,171,62.3,40.63558507170123,80.79310377865406,0.0018749929761864628
24,171,93.5,26.6,90.0,0.0016666666666666668
24,172,62.73695097066377,29.555841602058756,73.48896531787638,0.0018452401020419631
24,172,92.78257569495585,26.6,66.42182152179822,0.002916680714293742
24,177,62.3,48.5,90.0,0.0016666666666666668
24,177,94.4,26.6,90.0,0.0016666666666666668
24,178,114.5,26.6,90.0,0.0016666666666666668
24,179,113.3,26.6,90.0,0.0016666666666666668
24,180,62.3,59.9,90.0,0.0016666666666666668
24,180,112.7,26.6,90.0,0.0016666666666666668
24,181,62.3,61.7,90.0,0.0016666666666666668
24,181,113.0,26.6,90.0,0.0016666666666666668
24,182,86.0,26.6,90.0,0.0016666666666666668
24,182,111.8,26.6,90.0,0.0016666666666666668
24,183,68.9,26.6,90.0,0.0016666666666666668
24,183,111.5,26.6,90.0,0.0016666666666666668
24,185,62.3,47.6,90.0,0.0016666666666666668
24,185,112.4,26.6,90.0,0.0016666666666666668
24,186,62.3,45.2,90.0,0.0016666666666666668
24,186,112.1,26.6,90.0,0.0016666666666666668
24,187,64.05038463814562,27.8,40.535802111316535,0.005833333333333334
24,187,109.44961536185438,26.6,40.535802111316535,0.005833333333333334
24,199,62.3,62.3,90.0,0.0016666666666666668
24,199,84.8,26.6,90.0,0.0016666666666666668
24,200,62.3,67.7,90.0,0.0016666666666666668
24,200,85.1,26.6,90.0,0.0016666666666666668
24,201,62.3,51.2,90.0,0.0016666666666666668
24,201,83.9,26.6,90.0,0.0016666666666666668
24,202,62.3,45.8,90.0,0.0016666666666666668
24,202,83.3,26.6,90.0,0.0016666666666666668
24,203,62.3,57.2,90.0,0.0016666666666666668
24,203,84.5,26.6,90.0,0.0016666666666666668
24,204,62.3,56.3,90.0,0.0016666666666666668
24,204,84.2,26.6,90.0,0.0016666666666666668
24,205,62.3,50.9,90.0,0.0016666666666666668
24,205,83.6,26.6,90.0,0.0016666666666666668
24,206,62.3,84.5,90.0,0.0016666666666666668
24,207,62.3,94.7,90.0,0.0016666666666666668
24,208,62.3,38.9,90.0,0.0016666666666666668
24,208,74.0,26.6,90.0,0.0016666666666666668
24,209,62.3,44.3,90.0,0.0016666666666666668
24,209,74.3,26.6,90.0,0.0016666666666666668
24,210,62.3,74.6,90.0,0.0016666666666666668
24,210,68.3,26.6,90.0,0.0016666666666666668
24,211,62.3,68.2749371855331,84.26082952273323,0.0018452401020419631
24,211,66.8,26.6250628144669,84.26082952273322,0.0018452401020419631
24,212,62.3,68.5959983987187,87.70755722404408,0.0018749929761864628
24,212,67.1,26.604001601281283,87.70755722404408,0.0018749929761864628
24,213,62.3,64.4,90.0,0.0016666666666666668
24,213,67.4,26.6,90.0,0.0016666666666666668
24,214,62.3,65.9,90.0,0.0016666666666666668
24,214,67.7,26.6,90.0,0.0016666666666666668
24,215,62.3,65.0,90.0,0.0016666666666666668
24,215,68.0,26.6,90.0,0.0016666666666666668
24,216,62.3,63.80212717820349,70.12312592992113,0.0033035804591888336
24,216,65.6,26.897872821796504,70.12312592992113,0.0033035804591888336
24,220,62.3,41.182575694955844,66.42182152179818,0.002916680714293742
24,220,65.3,27.017424305044162,66.42182152179817,0.002916680714293742
24,221,62.3,35.93959457608462,62.61289249734613,0.002113100255104908
24,221,65.0,27.16040542391538,62.61289249734613,0.002113100255104908
24,222,62.3,72.5,90.0,0.0016666666666666668
24,222,75.8,26.6,90.0,0.0016666666666666668
24,223,62.3,71.6,90.0,0.0016666666666666668
24,223,76.1,26.6,90.0,0.0016666666666666668
24,224,62.3,69.8,90.0,0.0016666666666666668
24,224,76.4,26.6,90.0,0.0016666666666666668
24,225,77.3,26.6,90.0,0.0016666666666666668
24,229,62.3,53.9,90.0,0.0016666666666666668
24,229,74.6,26.6,90.0,0.0016666666666666668
24,250,62.3,43.7,90.0,0.0016666666666666668
24,250,83.0,26.6,90.0,0.0016666666666666668
24,251,62.3,41.0,90.0,0.0016666666666666668
24,251,102.5,26.6,90.0,0.0016666666666666668
24,252,62.3,38.0,90.0,0.0016666666666666668
24,252,102.2,26.6,90.0,0.0016666666666666668
24,253,62.3,32.9,90.0,0.0016666666666666668
24,253,101.9,26.6,90.0,0.0016666666666666668
25,26,62.9,62.29412778907679,19.94844358880285,0.006815487227897463
25,26,139.7,31.70587221092323,19.948443588803066,0.006815487227897463
25,27,63.2,61.6251315825924,28.357636576328165,0.002291673690480204
25,27,139.7,17.974868417407627,28.35763657632853,0.002291673690480204
25,31,65.8941277890768,59.3,19.94844358880259,0.006815487227897463
25,31,136.6310311517323,58.61206230346462,7.692812451559812,0.009613100255104907
25,43,62.6,126.5,90.0,0.0016666666666666668
25,44,62.6,109.4,90.0,0.0016666666666666668
25,45,62.6,131.3,90.0,0.0016666666666666668
25,52,62.6,122.0,90.0,0.0016666666666666668
25,56,122.96441492829878,59.0,80.79310377865414,0.0018749929761864628
25,57,123.2,59.0,90.0,0.0016666666666666668
25,58,123.50400160128129,59.0,87.70755722404408,0.0018749929761864628
25,59,77.9,59.0,90.0,0.0016666666666666668
25,67,62.6,76.92513158259241,28.357636576327984,0.002291673690480204
25,67,95.3,59.0,90.0,0.0016666666666666668
25,68,62.6,77.55038463814562,40.53580211131651,0.005833333333333334
25,68,76.7,59.0,90.0,0.0016666666666666668
25,69,62.6,78.23818239574916,34.91520624744412,0.004583347380960408
25,69,77.0,59.0,90.0,0.0016666666666666668
25,72,104.3,59.0,90.0,0.0016666666666666668
25,73,104.6,59.0,90.0,0.0016666666666666668
25,77,96.2,59.0,90.0,0.0016666666666666668
25,78,62.6,120.2,90.0,0.0016666666666666668
25,81,62.6,124.7,90.0,0.0016666666666666668
25,85,131.3,59.0,90.0,0.0016666666666666668
25,86,122.0,59.0,90.0,0.0016666666666666668
25,87,122.3,59.0,90.0,0.0016666666666666668
25,88,122.6,59.0,90.0,0.0016666666666666668
25,90,77.6,59.0,90.0,0.0016666666666666668
25,95,62.6,108.5,90.0,0.0016666666666666668
25,96,62.6,116.3,90.0,0.0016666666666666668
25,101,96.5,59.0,90.0,0.0016666666666666668
25,102,113.6,59.0,90.0,0.0016666666666666668
25,103,114.31742430504417,59.0,66.42182152179815,0.002916680714293742
25,104,114.2,59.0,90.0,0.0016666666666666668
25,105,62.6,122.3,90.0,0.0016666666666666668
25,106,62.6,87.8,90.0,0.0016666666666666668
25,107,62.6,82.4,90.0,0.0016666666666666668
25,108,62.6,82.7,90.0,0.0016666666666666668
25,109,62.6,89.6,90.0,0.0016666666666666668
25,110,62.6,89.9,90.0,0.0016666666666666668
25,111,95.6,59.0,90.0,0.0016666666666666668
25,112,95.9,59.0,90.0,0.0016666666666666668
25,113,62.6,92.6,90.0,0.0016666666666666668
25,114,62.6,94.4,90.0,0.0016666666666666668
25,115,62.6,136.1,90.0,0.0016666666666666668
25,116,62.6,135.8,90.0,0.0016666666666666668
25,117,62.6,116.9,90.0,0.0016666666666666668
25,126,62.6,91.7,90.0,0.0016666666666666668
25,127,62.6,97.7,90.0,0.0016666666666666668
25,128,62.6,107.0,90.0,0.0016666666666666668
25,129,62.6,118.7,90.0,0.0016666666666666668
25,130,121.4,59.0,90.0,0.0016666666666666668
25,131,121.7,59.0,90.0,0.0016666666666666668
25,132,85.4,59.0,90.0,0.0016666666666666668
25,133,85.7,59.0,90.0,0.0016666666666666668
25,134,62.6,99.8,90.0,0.0016666666666666668
25,135,62.6,104.9,90.0,0.0016666666666666668
25,136,62.6,103.4,90.0,0.0016666666666666668
25,137,62.6,113.3,90.0,0.0016666666666666668
25,138,62.6,128.3,90.0,0.0016666666666666668
25,139,62.6,133.1,90.0,0.0016666666666666668
25,140,62.6,134.9,90.0,0.0016666666666666668
25,141,62.6,141.2,90.0,0.0016666666666666668
25,142,62.6,135.5,90.0,0.0016666666666666668
25,145,68.6,59.0,90.0,0.0016666666666666668
25,151,62.6,140.0,90.0,0.0016666666666666668
25,152,62.6,143.0,90.0,0.0016666666666666668
25,153,62.6,143.9,90.0,0.0016666666666666668
25,154,62.6,144.8,90.0,0.0016666666666666668
25,155,62.6,130.7,90.0,0.0016666666666666668
25,178,114.5,59.0,90.0,0.0016666666666666668
25,179,113.3,59.0,90.0,0.0016666666666666668
25,180,64.73818239574916,59.9,34.91520624744412,0.004583347380960408
25,180,110.56181760425083,59.0,34.91520624744412,0.004583347380960408
25,181,63.16040542391537,61.7,62.61289249734613,0.002113100255104908
25,181,112.43959457608463,59.0,62.61289249734616,0.002113100255104908
25,199,62.8978728217965,62.3,70.12312592992113,0.0033035804591888336
25,199,84.5021271782035,59.0,70.12312592992113,0.0033035804591888336
25,200,62.6,67.7,90.0,0.0016666666666666668
25,200,85.1,59.0,90.0,0.0016666666666666668
25,206,62.6,84.5,90.0,0.0016666666666666668
25,207,62.6,94.7,90.0,0.0016666666666666668
25,210,62.6,74.6,90.0,0.0016666666666666668
25,210,68.3,59.0,90.0,0.0016666666666666668
25,211,62.6,68.23558507170122,80.79310377865406,0.0018749929761864628
25,211,66.8,59.064414928298774,80.79310377865414,0.0018749929761864628
25,212,62.6,68.57493718553309,84.26082952273313,0.0018452401020419631
25,212,67.1,59.0250628144669,84.26082952273322,0.0018452401020419631
25,213,62.6,64.39599839871873,87.70755722404418,0.0018749929761864628
25,213,67.4,59.00400160128128,87.70755722404425,0.0018749929761864628
25,214,62.6,65.9,90.0,0.0016666666666666668
25,214,67.7,59.0,90.0,0.0016666666666666668
25,215,62.6,65.0,90.0,0.0016666666666666668
25,215,68.0,59.0,90.0,0.0016666666666666668
25,216,62.610377057753496,63.67803277463785,62.599986110876195,0.002113100255104908
25,216,65.58962294224649,59.421967225362145,62.599986110876195,0.002113100255104908
25,222,62.6,72.5,90.0,0.0016666666666666668
25,222,75.8,59.0,90.0,0.0016666666666666668
25,223,62.6,71.6,90.0,0.0016666666666666668
25,223,76.1,59.0,90.0,0.0016666666666666668
25,224,62.6,69.8,90.0,0.0016666666666666668
25,224,76.4,59.0,90.0,0.0016666666666666668
25,225,77.3,59.0,90.0,0.0016666666666666668
26,27,63.2,38.29412778907681,19.94844358880259,0.006815487227897463
26,27,140.0,17.30587221092323,19.948443588803066,0.006815487227897463
26,28,104.9,35.0,90.0,0.0016666666666666668
26,28,138.5,33.570714214271426,45.572995999194305,0.005714293741501186
26,31,62.9,59.3,90.0,0.0016666666666666668
26,31,139.1,32.861817604250845,34.9152062474443,0.004583347380960408
26,34,62.9,47.9,90.0,0.0016666666666666668
26,34,138.8,33.24961536185437,40.53580211131633,0.005833333333333334
26,35,65.03818239574917,35.9,34.91520624744412,0.004583347380960408
26,35,136.29031961138094,34.8306392227619,23.21967615722935,0.004940466156456852
26,43,62.9,126.5,90.0,0.0016666666666666668
26,44,62.9,109.4,90.0,0.0016666666666666668
26,45,62.9,131.3,90.0,0.0016666666666666668
26,52,62.9,122.0,90.0,0.0016666666666666668
26,56,122.9,35.0,90.0,0.0016666666666666668
26,57,123.2,35.0,90.0,0.0016666666666666668
26,58,123.5,35.0,90.0,0.0016666666666666668
26,59,77.9,35.0,90.0,0.0016666666666666668
26,67,62.9,76.43818239574915,34.91520624744425,0.004583347380960408
26,67,95.3,35.0,90.0,0.0016666666666666668
26,68,62.9,77.22928578572858,45.57299599919419,0.005714293741501186
26,68,76.7,35.0,90.0,0.0016666666666666668
26,69,62.9,77.85038463814561,40.53580211131651,0.005833333333333334
26,69,77.0,35.0,90.0,0.0016666666666666668
26,72,104.3,35.0,90.0,0.0016666666666666668
26,73,104.6,35.0,90.0,0.0016666666666666668
26,74,62.9,55.7,90.0,0.0016666666666666668
26,74,102.8,35.0,90.0,0.0016666666666666668
26,77,96.2,35.0,90.0,0.0016666666666666668
26,78,62.9,120.2,90.0,0.0016666666666666668
26,81,62.9,124.7,90.0,0.0016666666666666668
26,85,131.3,35.0,90.0,0.0016666666666666668
26,86,122.0,35.0,90.0,0.0016666666666666668
26,87,122.3,35.0,90.0,0.0016666666666666668
26,88,122.6,35.0,90.0,0.0016666666666666668
26,90,77.6,35.0,90.0,0.0016666666666666668
26,95,62.9,108.5,90.0,0.0016666666666666668
26,96,62.9,116.3,90.0,0.0016666666666666668
26,101,96.5,35.0,90.0,0.0016666666666666668
26,102,113.6,35.0,90.0,0.0016666666666666668
26,103,113.9,35.0,90.0,0.0016666666666666668
26,104,114.2,35.0,90.0,0.0016666666666666668
26,105,62.9,122.3,90.0,0.0016666666666666668
26,106,62.9,87.8,90.0,0.0016666666666666668
26,107,62.9,82.4,90.0,0.0016666666666666668
26,108,62.9,82.7,90.0,0.0016666666666666668
26,109,62.9,89.6,90.0,0.0016666666666666668
26,110,62.9,89.9,90.0,0.0016666666666666668
26,111,95.6,35.0,90.0,0.0016666666666666668
26,112,95.9,35.0,90.0,0.0016666666666666668
26,113,62.9,92.6,90.0,0.0016666666666666668
26,114,62.9,94.4,90.0,0.0016666666666666668
26,115,62.9,136.1,90.0,0.0016666666666666668
26,116,62.9,135.8,90.0,0.0016666666666666668
26,117,62.9,116.9,90.0,0.0016666666666666668
26,126,62.9,91.7,90.0,0.0016666666666666668
26,127,62.9,97.7,90.0,0.0016666666666666668
26,128,62.9,107.0,90.0,0.0016666666666666668
26,129,62.9,118.7,90.0,0.0016666666666666668
26,130,121.4,35.0,90.0,0.0016666666666666668
26,131,121.7,35.0,90.0,0.0016666666666666668
26,132,85.4,35.0,90.0,0.0016666666666666668
26,133,85.7,35.0,90.0,0.0016666666666666668
26,134,62.9,99.8,90.0,0.0016666666666666668
26,135,62.9,104.9,90.0,0.0016666666666666668
26,136,62.9,103.4,90.0,0.0016666666666666668
26,137,62.9,113.3,90.0,0.0016666666666666668
26,138,62.9,128.3,90.0,0.0016666666666666668
26,139,62.9,133.1,90.0,0.0016666666666666668
26,140,62.9,134.9,90.0,0.0016666666666666668
26,141,62.9,141.2,90.0,0.0016666666666666668
26,142,62.9,135.5,90.0,0.0016666666666666668
26,145,68.6,35.0,90.0,0.0016666666666666668
26,146,62.9,53.0,90.0,0.0016666666666666668
26,146,131.0,35.0,90.0,0.0016666666666666668
26,151,62.9,140.0,90.0,0.0016666666666666668
26,152,62.9,143.0,90.0,0.0016666666666666668
26,153,62.9,143.9,90.0,0.0016666666666666668
26,154,62.9,144.8,90.0,0.0016666666666666668
26,155,62.9,130.7,90.0,0.0016666666666666668
26,167,62.9,53.3,90.0,0.0016666666666666668
26,167,95.0,35.0,90.0,0.0016666666666666668
26,168,62.9,50.3,90.0,0.0016666666666666668
26,168,94.7,35.0,90.0,0.0016666666666666668
26,169,62.9,47.3,90.0,0.0016666666666666668
26,169,94.1,35.0,90.0,0.0016666666666666668
26,170,62.9,43.1,90.0,0.0016666666666666668
26,170,93.8,35.0,90.0,0.0016666666666666668
26,171,62.9,40.69599839871872,87.70755722404408,0.0018749929761864628
26,171,93.5,35.0,90.0,0.0016666666666666668
26,177,62.9,48.5,90.0,0.0016666666666666668
26,177,94.4,35.0,90.0,0.0016666666666666668
26,178,114.5,35.0,90.0,0.0016666666666666668
26,179,113.3,35.0,90.0,0.0016666666666666668
26,180,62.9,59.9,90.0,0.0016666666666666668
26,180,112.7,35.0,90.0,0.0016666666666666668
26,181,62.9,61.7,90.0,0.0016666666666666668
26,181,113.0,35.0,90.0,0.0016666666666666668
26,182,88.62513158259242,35.0,28.357636576327984,0.002291673690480204
26,182,109.17486841740758,35.0,28.357636576327984,0.002291673690480204
26,185,62.9,47.6,90.0,0.0016666666666666668
26,185,112.4,35.0,90.0,0.0016666666666666668
26,186,62.9,45.2,90.0,0.0016666666666666668
26,186,112.1,35.0,90.0,0.0016666666666666668
26,199,62.9,62.3,90.0,0.0016666666666666668
26,199,84.8,35.0,90.0,0.0016666666666666668
26,200,62.9,67.7,90.0,0.0016666666666666668
26,200,85.1,35.0,90.0,0.0016666666666666668
26,201,62.9,51.2,90.0,0.0016666666666666668
26,201,83.9,35.0,90.0,0.0016666666666666668
26,202,62.9,45.8,90.0,0.0016666666666666668
26,202,83.3,35.0,90.0,0.0016666666666666668
26,203,62.9,57.2,90.0,0.0016666666666666668
26,203,84.5,35.0,90.0,0.0016666666666666668
26,204,62.9,56.3,90.0,0.0016666666666666668
26,204,84.2,35.0,90.0,0.0016666666666666668
26,205,62.9,50.9,90.0,0.0016666666666666668
26,205,83.6,35.0,90.0,0.0016666666666666668
26,206,62.9,84.5,90.0,0.0016666666666666668
26,207,62.9,94.7,90.0,0.0016666666666666668
26,208,63.022500640697125,38.9,77.29096700560456,0.0017857062584988146
26,208,73.87749935930287,35.0,77.29096700560454,0.0017857062584988146
26,209,62.9,44.3,90.0,0.0016666666666666668
26,209,74.3,35.0,90.0,0.0016666666666666668
26,210,62.9,74.6,90.0,0.0016666666666666668
26,210,68.3,35.0,90.0,0.0016666666666666668
26,211,62.9,68.17749935930289,77.29096700560457,0.0017857062584988146
26,211,66.8,35.122500640697126,77.29096700560446,0.0017857062584988146
26,212,62.9,68.53558507170122,80.79310377865406,0.0018749929761864628
26,212,67.1,35.064414928298774,80.79310377865397,0.0018749929761864628
26,213,62.9,64.3749371855331,84.26082952273329,0.0018452401020419631
26,213,67.4,35.0250628144669,84.26082952273322,0.0018452401020419631
26,214,62.9,65.89599839871872,87.70755722404417,0.0018749929761864628
26,214,67.7,35.00400160128128,87.70755722404408,0.0018749929761864628
26,215,62.9,65.0,90.0,0.0016666666666666668
26,215,68.0,35.0,90.0,0.0016666666666666668
26,216,62.9,63.53959457608461,62.61289249734602,0.002113100255104908
26,216,65.6,35.560405423915384,62.61289249734594,0.002113100255104908
26,220,62.9,40.870831300812526,58.66774850240573,0.00199406066327276
26,220,65.3,35.72916869918748,58.66774850240561,0.00199406066327276
26,222,62.9,72.5,90.0,0.0016666666666666668
26,222,75.8,35.0,90.0,0.0016666666666666668
26,223,62.9,71.6,90.0,0.0016666666666666668
26,223,76.1,35.0,90.0,0.0016666666666666668
26,224,62.9,69.8,90.0,0.0016666666666666668
26,224,76.4,35.0,90.0,0.0016666666666666668
26,225,77.3,35.0,90.0,0.0016666666666666668
26,229,62.9,53.9,90.0,0.0016666666666666668
26,229,74.6,35.0,90.0,0.0016666666666666668
26,250,62.9,43.7,90.0,0.0016666666666666668
26,250,83.0,35.0,90.0,0.0016666666666666668
26,251,62.9,41.0,90.0,0.0016666666666666668
26,251,102.5,35.0,90.0,0.0016666666666666668
26,252,63.31742430504416,38.0,66.42182152179818,0.002916680714293742
26,252,101.78257569495585,35.0,66.42182152179822,0.002916680714293742
27,28,104.9,20.6,90.0,0.0016666666666666668
27,28,138.5,19.441874542459722,50.20818050044296,0.0038393007653147234
27,31,63.2,59.3,90.0,0.0016666666666666668
27,31,139.1,18.849615361854404,40.535802111316855,0.005833333333333334
27,32,86.3,20.6,90.0,0.0016666666666666668
27,32,137.9,19.87083130081253,58.667748502405814,0.00199406066327276
27,33,78.2,20.6,90.0,0.0016666666666666668
27,33,137.6,20.03959457608463,62.61289249734631,0.002113100255104908
27,34,63.2,47.9,90.0,0.0016666666666666668
27,34,138.8,19.170714214271428,45.572995999194305,0.005714293741501186
27,35,63.2,35.9,90.0,0.0016666666666666668
27,35,138.2,19.67308237088328,54.54945736082492,0.002261892721081555
27,43,63.2,126.5,90.0,0.0016666666666666668
27,44,63.2,109.4,90.0,0.0016666666666666668
27,45,63.2,131.3,90.0,0.0016666666666666668
27,52,63.2,122.0,90.0,0.0016666666666666668
27,56,122.9,20.6,90.0,0.0016666666666666668
27,57,123.2,20.6,90.0,0.0016666666666666668
27,58,123.5,20.6,90.0,0.0016666666666666668
27,59,77.9,20.6,90.0,0.0016666666666666668
27,67,63.2,76.0503846381456,40.53580211131668,0.005833333333333334
27,67,95.3,20.6,90.0,0.0016666666666666668
27,68,63.2,76.95812545754029,50.20818050044273,0.0038393007653147234
27,68,76.7,20.6,90.0,0.0016666666666666668
27,69,63.2,77.52928578572858,45.57299599919425,0.005714293741501186
27,69,77.0,20.6,90.0,0.0016666666666666668
27,72,104.3,20.6,90.0,0.0016666666666666668
27,73,104.6,20.6,90.0,0.0016666666666666668
27,74,63.2,55.7,90.0,0.0016666666666666668
27,74,102.8,20.6,90.0,0.0016666666666666668
27,75,64.95038463814562,21.8,40.535802111316535,0.005833333333333334
27,75,99.54961536185438,20.6,40.535802111316535,0.005833333333333334
27,77,96.2,20.6,90.0,0.0016666666666666668
27,78,63.2,120.19999999999999,90.0,0.0016666666666666668
27,81,63.2,124.69999999999999,90.0,0.0016666666666666668
27,85,131.3,20.6,90.0,0.0016666666666666668
27,86,122.0,20.6,90.0,0.0016666666666666668
27,87,122.3,20.6,90.0,0.0016666666666666668
27,88,122.6,20.6,90.0,0.0016666666666666668
27,90,77.6,20.6,90.0,0.0016666666666666668
27,95,63.2,108.5,90.0,0.0016666666666666668
27,96,63.2,116.29999999999998,90.0,0.0016666666666666668
27,101,96.5,20.6,90.0,0.0016666666666666668
27,102,113.6,20.6,90.0,0.0016666666666666668
27,103,113.9,20.6,90.0,0.0016666666666666668
27,104,114.2,20.6,90.0,0.0016666666666666668
27,105,63.2,122.29999999999998,90.0,0.0016666666666666668
27,106,63.2,87.8,90.0,0.0016666666666666668
27,107,63.2,82.4,90.0,0.0016666666666666668
27,108,63.2,82.7,90.0,0.0016666666666666668
27,109,63.2,89.6,90.0,0.0016666666666666668
27,110,63.2,89.9,90.0,0.0016666666666666668
27,111,95.6,20.6,90.0,0.0016666666666666668
27,112,95.9,20.6,90.0,0.0016666666666666668
27,113,63.2,92.6,90.0,0.0016666666666666668
27,114,63.2,94.4,90.0,0.0016666666666666668
27,115,63.2,136.1,90.0,0.0016666666666666668
27,116,63.2,135.8,90.0,0.0016666666666666668
27,117,63.2,116.9,90.0,0.0016666666666666668
27,126,63.2,91.69999999999999,90.0,0.0016666666666666668
27,127,63.2,97.69999999999999,90.0,0.0016666666666666668
27,128,63.2,107.0,90.0,0.0016666666666666668
27,129,63.2,118.69999999999999,90.0,0.0016666666666666668
27,130,121.4,20.6,90.0,0.0016666666666666668
27,131,121.7,20.6,90.0,0.0016666666666666668
27,132,85.4,20.6,90.0,0.0016666666666666668
27,133,85.7,20.6,90.0,0.0016666666666666668
27,134,63.2,99.79999999999998,90.0,0.0016666666666666668
27,135,63.2,104.9,90.0,0.0016666666666666668
27,136,63.2,103.4,90.0,0.0016666666666666668
27,137,63.2,113.29999999999998,90.0,0.0016666666666666668
27,138,63.2,128.3,90.0,0.0016666666666666668
27,139,63.2,133.1,90.0,0.0016666666666666668
27,140,63.2,134.9,90.0,0.0016666666666666668
27,141,63.2,141.2,90.0,0.0016666666666666668
27,142,63.2,135.5,90.0,0.0016666666666666668
27,145,68.6,20.6,90.0,0.0016666666666666668
27,146,63.2,53.0,90.0,0.0016666666666666668
27,146,131.0,20.6,90.0,0.0016666666666666668
27,151,63.2,140.0,90.0,0.0016666666666666668
27,152,63.2,143.0,90.0,0.0016666666666666668
27,153,63.2,143.9,90.0,0.0016666666666666668
27,154,63.2,144.8,90.0,0.0016666666666666668
27,155,63.2,130.7,90.0,0.0016666666666666668
27,167,63.2,53.3,90.0,0.0016666666666666668
27,167,95.0,20.6,90.0,0.0016666666666666668
27,168,63.2,50.3,90.0,0.0016666666666666668
27,168,94.7,20.6,90.0,0.0016666666666666668
27,169,63.2,47.3,90.0,0.0016666666666666668
27,169,94.1,20.6,90.0,0.0016666666666666668
27,170,63.2,43.1,90.0,0.0016666666666666668
27,170,93.8,20.6,90.0,0.0016666666666666668
27,171,63.2,40.7,90.0,0.0016666666666666668
27,171,93.5,20.6,90.0,0.0016666666666666668
27,172,63.2,29.59599839871872,87.70755722404417,0.0018749929761864628
27,172,93.2,20.6,90.0,0.0016666666666666668
27,177,63.2,48.5,90.0,0.0016666666666666668
27,177,94.4,20.6,90.0,0.0016666666666666668
27,178,114.5,20.6,90.0,0.0016666666666666668
27,179,113.3,20.6,90.0,0.0016666666666666668
27,180,63.2,59.9,90.0,0.0016666666666666668
27,180,112.7,20.6,90.0,0.0016666666666666668
27,181,63.2,61.7,90.0,0.0016666666666666668
27,181,113.0,20.6,90.0,0.0016666666666666668
27,182,86.0,20.6,90.0,0.0016666666666666668
27,182,111.8,20.6,90.0,0.0016666666666666668
27,183,68.9,20.6,90.0,0.0016666666666666668
27,183,111.5,20.6,90.0,0.0016666666666666668
27,184,71.82513158259243,20.6,28.357636576327828,0.002291673690480204
27,184,107.97486841740758,20.6,28.35763657632797,0.002291673690480204
27,185,63.2,47.6,90.0,0.0016666666666666668
27,185,112.4,20.6,90.0,0.0016666666666666668
27,186,63.2,45.2,90.0,0.0016666666666666668
27,186,112.1,20.6,90.0,0.0016666666666666668
27,187,63.2,27.8,90.0,0.0016666666666666668
27,187,111.2,20.6,90.0,0.0016666666666666668
27,188,64.62928578572857,22.1,45.57299599919436,0.005714293741501186
27,188,109.47071421427142,20.6,45.57299599919425,0.005714293741501186
27,191,86.72250064069712,20.6,77.29096700560454,0.0017857062584988146
27,191,120.67749935930287,20.6,77.29096700560454,0.0017857062584988146
27,198,87.19787282179651,20.6,70.12312592992113,0.0033035804591888336
27,198,127.7021271782035,20.6,70.12312592992113,0.0033035804591888336
27,199,63.2,62.3,90.0,0.0016666666666666668
27,199,84.8,20.6,90.0,0.0016666666666666668
27,200,63.2,67.7,90.0,0.0016666666666666668
27,200,85.1,20.6,90.0,0.0016666666666666668
27,201,63.2,51.2,90.0,0.0016666666666666668
27,201,83.9,20.6,90.0,0.0016666666666666668
27,202,63.2,45.8,90.0,0.0016666666666666668
27,202,83.3,20.6,90.0,0.0016666666666666668
27,203,63.2,57.2,90.0,0.0016666666666666668
27,203,84.5,20.6,90.0,0.0016666666666666668
27,204,63.2,56.3,90.0,0.0016666666666666668
27,204,84.2,20.6,90.0,0.0016666666666666668
27,205,63.2,50.9,90.0,0.0016666666666666668
27,205,83.6,20.6,90.0,0.0016666666666666668
27,206,63.2,84.5,90.0,0.0016666666666666668
27,207,63.2,94.69999999999999,90.0,0.0016666666666666668
27,208,63.2,38.9,90.0,0.0016666666666666668
27,208,74.0,20.6,90.0,0.0016666666666666668
27,209,63.2,44.3,90.0,0.0016666666666666668
27,209,74.3,20.6,90.0,0.0016666666666666668
27,210,63.2,74.6,90.0,0.0016666666666666668
27,210,68.3,20.6,90.0,0.0016666666666666668
27,211,63.2,68.1,73.73979529168798,0.0018452401020419631
27,211,66.8,20.800000000000004,73.73979529168798,0.0018452401020419631
27,212,63.2,68.47749935930287,77.29096700560446,0.0017857062584988146
27,212,67.1,20.722500640697124,77.29096700560446,0.0017857062584988146
27,213,63.2,64.33558507170123,80.79310377865414,0.0018749929761864628
27,213,67.4,20.664414928298775,80.79310377865414,0.0018749929761864628
27,214,63.2,65.8749371855331,84.2608295227332,0.0018452401020419631
27,214,67.7,20.6250628144669,84.26082952273322,0.0018452401020419631
27,215,63.2,64.99599839871871,87.70755722404408,0.0018749929761864628
27,215,68.0,20.604001601281283,87.70755722404408,0.0018749929761864628
27,216,63.2,63.37083130081251,58.66774850240561,0.00199406066327276
27,216,65.6,21.329168699187484,58.66774850240561,0.00199406066327276
27,220,63.2,40.67308237088326,54.549457360824505,0.002261892721081555
27,220,65.3,21.526917629116745,54.549457360824505,0.002261892721081555
27,221,63.2,35.341874542459706,50.20818050044273,0.0038393007653147234
27,221,65.0,21.758125457540295,50.20818050044273,0.0038393007653147234
27,222,63.2,72.5,90.0,0.0016666666666666668
27,222,75.8,20.6,90.0,0.0016666666666666668
27,223,63.2,71.6,90.0,0.0016666666666666668
27,223,76.1,20.6,90.0,0.0016666666666666668
27,224,63.2,69.8,90.0,0.0016666666666666668
27,224,76.4,20.6,90.0,0.0016666666666666668
27,225,77.3,20.6,90.0,0.0016666666666666668
27,229,63.2,53.9,90.0,0.0016666666666666668
27,229,74.6,20.6,90.0,0.0016666666666666668
27,250,63.2,43.7,90.0,0.0016666666666666668
27,250,83.0,20.6,90.0,0.0016666666666666668
27,251,63.2,41.0,90.0,0.0016666666666666668
27,251,102.5,20.6,90.0,0.0016666666666666668
27,252,63.2,38.0,90.0,0.0016666666666666668
27,252,102.2,20.6,90.0,0.0016666666666666668
27,253,63.2,32.9,90.0,0.0016666666666666668
27,253,101.9,20.6,90.0,0.0016666666666666668
27,254,63.26441492829878,24.8,80.79310377865409,0.0018749929761864628
27,254,101.53558507170122,20.6,80.79310377865409,0.0018749929761864628
28,32,104.9,31.4,90.0,0.0016666666666666668
28,33,104.9,27.2,90.0,0.0016666666666666668
28,35,104.96441492829878,35.9,80.79310377865414,0.0018749929761864628
28,56,122.9,40.1,90.0,0.0016666666666666668
28,57,123.2,40.1,90.0,0.0016666666666666668
28,58,123.5,40.1,90.0,0.0016666666666666668
28,85,131.3,40.1,90.0,0.0016666666666666668
28,86,122.0,40.1,90.0,0.0016666666666666668
28,87,122.3,40.1,90.0,0.0016666666666666668
28,88,122.6,40.1,90.0,0.0016666666666666668
28,102,113.6,40.1,90.0,0.0016666666666666668
28,103,113.9,40.1,90.0,0.0016666666666666668
28,104,114.2,40.1,90.0,0.0016666666666666668
28,130,121.4,40.1,90.0,0.0016666666666666668
28,131,121.7,40.1,90.0,0.0016666666666666668
28,146,131.0,40.1,90.0,0.0016666666666666668
28,178,114.5,40.1,90.0,0.0016666666666666668
28,179,113.3,40.1,90.0,0.0016666666666666668
28,180,112.7,40.1,90.0,0.0016666666666666668
28,181,113.0,40.1,90.0,0.0016666666666666668
28,182,104.92506281446691,35.6,84.2608295227332,0.0018452401020419631
28,183,104.9,32.3,90.0,0.0016666666666666668
28,184,104.9,21.2,90.0,0.0016666666666666668
28,185,112.4,40.1,90.0,0.0016666666666666668
28,186,112.1,40.1,90.0,0.0016666666666666668
28,187,104.9,27.8,90.0,0.0016666666666666668
28,188,104.9,22.1,90.0,0.0016666666666666668
28,189,104.9,18.2,90.0,0.0016666666666666668
28,190,104.9,14.600000000000001,90.0,0.0016666666666666668
28,191,104.9,24.5,90.0,0.0016666666666666668
28,192,104.9,14.899999999999999,90.0,0.0016666666666666668
28,193,104.9,10.100000000000001,90.0,0.0016666666666666668
28,194,104.9,11.3,90.0,0.0016666666666666668
28,195,104.9,10.399999999999999,90.0,0.0016666666666666668
28,196,104.9,5.300000000000001,90.0,0.0016666666666666668
28,197,104.9,17.6,90.0,0.0016666666666666668
28,198,104.9,23.9,90.0,0.0016666666666666668
28,249,104.9,15.5,90.0,0.0016666666666666668
29,56,122.9,7.7,90.0,0.0016666666666666668
29,57,123.2,7.7,90.0,0.0016666666666666668
29,58,123.5,7.7,90.0,0.0016666666666666668
29,85,131.3,7.7,90.0,0.0016666666666666668
29,86,122.0,7.7,90.0,0.0016666666666666668
29,87,122.3,7.7,90.0,0.0016666666666666668
29,88,122.6,7.7,90.0,0.0016666666666666668
29,102,113.6,7.7,90.0,0.0016666666666666668
29,103,113.9,7.7,90.0,0.0016666666666666668
29,104,114.2,7.7,90.0,0.0016666666666666668
29,130,121.4,7.7,90.0,0.0016666666666666668
29,131,121.7,7.7,90.0,0.0016666666666666668
29,146,131.0,7.7,90.0,0.0016666666666666668
29,178,114.5,7.7,90.0,0.0016666666666666668
29,179,113.3,7.7,90.0,0.0016666666666666668
29,180,112.7,7.7,90.0,0.0016666666666666668
29,181,113.0,7.7,90.0,0.0016666666666666668
29,182,111.8,7.7,90.0,0.0016666666666666668
29,183,111.5,7.7,90.0,0.0016666666666666668
29,184,110.6,7.7,90.0,0.0016666666666666668
29,185,112.4,7.7,90.0,0.0016666666666666668
29,186,112.1,7.7,90.0,0.0016666666666666668
29,187,111.2,7.7,90.0,0.0016666666666666668
29,188,110.9,7.7,90.0,0.0016666666666666668
29,189,110.3,7.7,90.0,0.0016666666666666668
29,190,121.1,7.7,90.0,0.0016666666666666668
29,191,120.8,7.7,90.0,0.0016666666666666668
29,192,120.2,7.7,90.0,0.0016666666666666668
29,193,118.57083130081253,7.7,58.66774850240578,0.00199406066327276
29,194,119.7,7.7,73.73979529168804,0.0018452401020419631
29,195,119.03959457608462,7.7,62.61289249734613,0.002113100255104908
29,196,105.92916869918747,5.3,58.667748502405786,0.00199406066327276
29,197,120.5,7.7,90.0,0.0016666666666666668
29,198,128.0,7.7,90.0,0.0016666666666666668
29,249,110.0,7.695998398718719,87.70755722404408,0.0018749929761864628
30,56,122.9,7.4,90.0,0.0016666666666666668
30,57,123.2,7.4,90.0,0.0016666666666666668
30,58,123.5,7.4,90.0,0.0016666666666666668
30,85,131.3,7.4,90.0,0.0016666666666666668
30,86,122.0,7.4,90.0,0.0016666666666666668
30,87,122.3,7.4,90.0,0.0016666666666666668
30,88,122.6,7.4,90.0,0.0016666666666666668
30,102,113.6,7.4,90.0,0.0016666666666666668
30,103,113.9,7.4,90.0,0.0016666666666666668
30,104,114.2,7.4,90.0,0.0016666666666666668
30,130,121.4,7.4,90.0,0.0016666666666666668
30,131,121.7,7.4,90.0,0.0016666666666666668
30,146,131.0,7.4,90.0,0.0016666666666666668
30,178,114.5,7.4,90.0,0.0016666666666666668
30,179,113.3,7.4,90.0,0.0016666666666666668
30,180,112.7,7.4,90.0,0.0016666666666666668
30,181,113.0,7.4,90.0,0.0016666666666666668
30,182,111.8,7.4,90.0,0.0016666666666666668
30,183,111.5,7.4,90.0,0.0016666666666666668
30,184,110.6,7.4,90.0,0.0016666666666666668
30,185,112.4,7.4,90.0,0.0016666666666666668
30,186,112.1,7.4,90.0,0.0016666666666666668
30,187,111.2,7.4,90.0,0.0016666666666666668
30,188,110.9,7.4,90.0,0.0016666666666666668
30,189,110.3,7.395998398718719,87.70755722404408,0.0018749929761864628
30,190,121.1,7.4,90.0,0.0016666666666666668
30,191,120.8,7.4,90.0,0.0016666666666666668
30,192,120.2,7.4,90.0,0.0016666666666666668
30,193,118.73959457608461,7.4,62.61289249734605,0.002113100255104908
30,194,119.77749935930288,7.4,77.29096700560456,0.0017857062584988146
30,195,119.18257569495583,7.4,66.42182152179815,0.002916680714293742
30,196,106.42691762911674,5.3,54.54945736082457,0.002261892721081555
30,197,120.5,7.4,90.0,0.0016666666666666668
30,198,128.0,7.4,90.0,0.0016666666666666668
30,249,110.0,7.3749371855331,84.26082952273322,0.0018452401020419631
31,44,10.7,109.4,90.0,0.0016666666666666668
31,45,23.900000000000006,59.3,90.0,0.0016666666666666668
31,56,123.02250064069713,59.3,77.29096700560461,0.0017857062584988146
31,57,123.2,59.3,90.0,0.0016666666666666668
31,58,123.5250628144669,59.3,84.2608295227332,0.0018452401020419631
31,59,77.9,59.3,90.0,0.0016666666666666668
31,67,95.3,59.3,90.0,0.0016666666666666668
31,68,76.7,59.3,90.0,0.0016666666666666668
31,69,77.0,59.3,90.0,0.0016666666666666668
31,70,10.7,111.5,90.0,0.0016666666666666668
31,71,38.599999999999994,59.3,90.0,0.0016666666666666668
31,72,104.3,59.3,90.0,0.0016666666666666668
31,73,104.6,59.3,90.0,0.0016666666666666668
31,74,18.400000000000006,59.3,73.73979529168797,0.0018452401020419631
31,77,96.2,59.3,90.0,0.0016666666666666668
31,78,50.0,59.3,90.0,0.0016666666666666668
31,81,10.7,124.7,90.0,0.0016666666666666668
31,85,131.3,59.3,90.0,0.0016666666666666668
31,86,122.0,59.3,90.0,0.0016666666666666668
31,87,122.3,59.3,90.0,0.0016666666666666668
31,88,122.6,59.3,90.0,0.0016666666666666668
31,90,77.6,59.3,90.0,0.0016666666666666668
31,101,96.5,59.3,90.0,0.0016666666666666668
31,102,113.6,59.3,90.0,0.0016666666666666668
31,103,114.46040542391538,59.3,62.61289249734616,0.002113100255104908
31,104,114.2,59.3,90.0,0.0016666666666666668
31,105,10.7,122.3,90.0,0.0016666666666666668
31,106,39.2,59.3,90.0,0.0016666666666666668
31,111,95.6,59.3,90.0,0.0016666666666666668
31,112,95.9,59.3,90.0,0.0016666666666666668
31,113,48.2,59.3,90.0,0.0016666666666666668
31,114,48.5,59.3,90.0,0.0016666666666666668
31,115,10.7,136.1,90.0,0.0016666666666666668
31,116,20.299999999999997,59.3,90.0,0.0016666666666666668
31,117,20.599999999999994,59.3,90.0,0.0016666666666666668
31,122,47.3,59.3,90.0,0.0016666666666666668
31,123,47.599999999999994,59.3,90.0,0.0016666666666666668
31,124,47.900000000000006,59.3,90.0,0.0016666666666666668
31,125,10.7,85.4,90.0,0.0016666666666666668
31,130,121.4,59.3,90.0,0.0016666666666666668
31,131,121.7,59.3,90.0,0.0016666666666666668
31,132,85.4,59.3,90.0,0.0016666666666666668
31,133,85.7,59.3,90.0,0.0016666666666666668
31,134,10.7,99.8,90.0,0.0016666666666666668
31,135,38.900000000000006,59.3,90.0,0.0016666666666666668
31,145,68.6,59.3,90.0,0.0016666666666666668
31,146,35.0,59.3,90.0,0.0016666666666666668
31,147,47.0,59.3,90.0,0.0016666666666666668
31,148,10.7,99.5,90.0,0.0016666666666666668
31,149,10.7,87.8,90.0,0.0016666666666666668
31,150,29.900000000000006,59.3,90.0,0.0016666666666666668
31,156,56.0,59.3,90.0,0.0016666666666666668
31,157,56.3,59.3,90.0,0.0016666666666666668
31,158,14.3,59.5,73.73979529168805,0.0018452401020419631
31,159,14.6,59.422500640697116,77.29096700560457,0.0017857062584988146
31,160,13.4,59.860405423915374,62.6128924973461,0.002113100255104908
31,161,13.7,59.71742430504416,66.42182152179815,0.002916680714293742
31,162,29.599999999999994,59.3,90.0,0.0016666666666666668
31,165,10.7,75.15038463814562,40.535802111316535,0.005833333333333334
31,165,29.0,59.3,90.0,0.0016666666666666668
31,166,10.7,74.63818239574917,34.91520624744412,0.004583347380960408
31,166,29.299999999999997,59.3,90.0,0.0016666666666666668
31,178,114.5,59.3,90.0,0.0016666666666666668
31,179,113.3,59.3,90.0,0.0016666666666666668
31,180,11.877217009238294,61.07721700923828,9.735122281414462,0.0073512075340233535
31,180,110.07486841740759,59.3,28.357636576327984,0.002291673690480204
31,181,10.7,64.99412778907681,19.9484435888026,0.006815487227897463
31,181,112.27083130081253,59.3,58.66774850240584,0.00199406066327276
31,190,46.400000000000006,59.3,90.0,0.0016666666666666668
31,199,84.38257569495585,59.3,66.42182152179822,0.002916680714293742
31,200,85.1,59.3,90.0,0.0016666666666666668
31,206,56.599999999999994,59.3,90.0,0.0016666666666666668
31,207,48.8,59.3,90.0,0.0016666666666666668
31,210,68.3,59.3,90.0,0.0016666666666666668
31,211,66.8,59.3,90.0,0.0016666666666666668
31,212,67.1,59.3,90.0,0.0016666666666666668
31,213,67.4,59.3,90.0,0.0016666666666666668
31,214,67.7,59.3,90.0,0.0016666666666666668
31,215,68.0,59.3,90.0,0.0016666666666666668
31,216,65.5959983987187,59.3,87.70755722404408,0.0018749929761864628
31,222,75.8,59.3,90.0,0.0016666666666666668
31,223,76.1,59.3,90.0,0.0016666666666666668
31,224,76.4,59.3,90.0,0.0016666666666666668
31,225,77.3,59.3,90.0,0.0016666666666666668
31,232,14.0,59.5978728217965,70.12312592992117,0.0033035804591888336
31,233,10.7,75.9438651437917,19.94844358880276,0.006815487227897463
31,233,11.0,62.59412778907679,19.94844358880276,0.006815487227897463
31,234,10.7,75.71286135027607,28.357636576327984,0.002291673690480204
31,234,11.3,61.925131582592414,28.357636576327984,0.002291673690480204
31,235,10.7,77.39981053711932,34.91520624744413,0.004583347380960408
31,235,11.6,61.43818239574916,34.9152062474442,0.004583347380960408
31,236,10.7,74.18760829472288,40.53580211131655,0.005833333333333334
31,236,11.9,61.05038463814561,40.535802111316606,0.005833333333333334
31,237,10.7,78.4087071471399,45.57299599919425,0.005714293741501186
31,237,12.2,60.72928578572857,45.572995999194305,0.005714293741501186
31,238,10.7,76.8798674753282,50.20818050044275,0.0038393007653147234
31,238,12.5,60.45812545754029,50.20818050044275,0.0038393007653147234
31,239,10.7,76.8201325246718,50.20818050044274,0.0038393007653147234
31,239,12.8,60.226917629116734,54.549457360824626,0.002261892721081555
31,240,10.7,74.39129285286008,45.57299599919436,0.005714293741501186
31,240,13.1,60.02916869918747,58.667748502405736,0.00199406066327276
31,245,20.0,59.3,90.0,0.0016666666666666668
31,248,30.200000000000003,59.3,90.0,0.0016666666666666668
32,33,86.36441492829877,27.2,80.79310377865409,0.0018749929761864628
32,56,122.9,31.4,90.0,0.0016666666666666668
32,57,123.2,31.4,90.0,0.0016666666666666668
32,58,123.5,31.4,90.0,0.0016666666666666668
32,67,95.3,31.4,90.0,0.0016666666666666668
32,72,104.3,31.4,90.0,0.0016666666666666668
32,73,104.6,31.4,90.0,0.0016666666666666668
32,74,102.8,31.4,90.0,0.0016666666666666668
32,75,86.3,21.8,90.0,0.0016666666666666668
32,76,86.3,7.699999999999999,90.0,0.0016666666666666668
32,77,96.2,31.4,90.0,0.0016666666666666668
32,85,131.3,31.4,90.0,0.0016666666666666668
32,86,122.0,31.4,90.0,0.0016666666666666668
32,87,122.3,31.4,90.0,0.0016666666666666668
32,88,122.6,31.4,90.0,0.0016666666666666668
32,101,96.5,31.4,90.0,0.0016666666666666668
32,102,113.6,31.4,90.0,0.0016666666666666668
32,103,113.9,31.4,90.0,0.0016666666666666668
32,104,114.2,31.4,90.0,0.0016666666666666668
32,111,95.6,31.4,90.0,0.0016666666666666668
32,112,95.9,31.4,90.0,0.0016666666666666668
32,130,121.4,31.4,90.0,0.0016666666666666668
32,131,121.7,31.4,90.0,0.0016666666666666668
32,146,131.0,31.4,90.0,0.0016666666666666668
32,167,95.0,31.4,90.0,0.0016666666666666668
32,168,94.7,31.4,90.0,0.0016666666666666668
32,169,94.1,31.4,90.0,0.0016666666666666668
32,170,93.8,31.4,90.0,0.0016666666666666668
32,171,93.5,31.4,90.0,0.0016666666666666668
32,172,87.45812545754029,29.6,50.20818050044273,0.0038393007653147234
32,173,86.3,18.8,90.0,0.0016666666666666668
32,174,86.3,12.8,90.0,0.0016666666666666668
32,175,86.3,8.3,90.0,0.0016666666666666668
32,176,86.3,5.0,90.0,0.0016666666666666668
32,177,94.4,31.4,90.0,0.0016666666666666668
32,178,114.5,31.4,90.0,0.0016666666666666668
32,179,113.3,31.4,90.0,0.0016666666666666668
32,180,112.7,31.4,90.0,0.0016666666666666668
32,181,113.0,31.4,90.0,0.0016666666666666668
32,182,111.73558507170122,31.4,80.79310377865414,0.0018749929761864628
32,183,109.36181760425083,31.4,34.91520624744412,0.004583347380960408
32,184,86.3,21.2,90.0,0.0016666666666666668
32,185,112.4,31.4,90.0,0.0016666666666666668
32,186,112.1,31.4,90.0,0.0016666666666666668
32,187,86.5,27.8,73.73979529168801,0.0018452401020419631
32,188,86.3,22.1,90.0,0.0016666666666666668
32,189,86.3,18.2,90.0,0.0016666666666666668
32,190,86.3,14.6,90.0,0.0016666666666666668
32,194,86.3,11.3,90.0,0.0016666666666666668
32,195,86.3,10.4,90.0,0.0016666666666666668
32,196,86.3,5.300000000000001,90.0,0.0016666666666666668
32,197,86.3,17.6,90.0,0.0016666666666666668
32,249,86.3,15.5,90.0,0.0016666666666666668
32,251,102.5,31.4,90.0,0.0016666666666666668
32,252,102.2,31.4,90.0,0.0016666666666666668
32,253,100.47071421427142,31.4,45.57299599919425,0.005714293741501186
32,254,86.3,24.8,90.0,0.0016666666666666668
33,56,122.9,27.2,90.0,0.0016666666666666668
33,57,123.2,27.2,90.0,0.0016666666666666668
33,58,123.5,27.2,90.0,0.0016666666666666668
33,67,95.3,27.2,90.0,0.0016666666666666668
33,72,104.3,27.2,90.0,0.0016666666666666668
33,73,104.6,27.2,90.0,0.0016666666666666668
33,74,102.8,27.2,90.0,0.0016666666666666668
33,75,78.2,21.8,90.0,0.0016666666666666668
33,77,96.2,27.2,90.0,0.0016666666666666668
33,85,131.3,27.2,90.0,0.0016666666666666668
33,86,122.0,27.2,90.0,0.0016666666666666668
33,87,122.3,27.2,90.0,0.0016666666666666668
33,88,122.6,27.2,90.0,0.0016666666666666668
33,101,96.5,27.2,90.0,0.0016666666666666668
33,102,113.6,27.2,90.0,0.0016666666666666668
33,103,113.9,27.2,90.0,0.0016666666666666668
33,104,114.2,27.2,90.0,0.0016666666666666668
33,111,95.6,27.2,90.0,0.0016666666666666668
33,112,95.9,27.2,90.0,0.0016666666666666668
33,130,121.4,27.2,90.0,0.0016666666666666668
33,131,121.7,27.2,90.0,0.0016666666666666668
33,132,85.4,27.2,90.0,0.0016666666666666668
33,133,85.7,27.2,90.0,0.0016666666666666668
33,146,131.0,27.2,90.0,0.0016666666666666668
33,167,95.0,27.2,90.0,0.0016666666666666668
33,168,94.7,27.2,90.0,0.0016666666666666668
33,169,94.1,27.2,90.0,0.0016666666666666668
33,170,93.8,27.2,90.0,0.0016666666666666668
33,171,93.5,27.2,90.0,0.0016666666666666668
33,172,92.47083130081253,27.2,58.6677485024058,0.00199406066327276
33,173,78.2,18.8,90.0,0.0016666666666666668
33,174,78.2,12.8,90.0,0.0016666666666666668
33,175,78.2,8.3,90.0,0.0016666666666666668
33,176,78.2,5.0,90.0,0.0016666666666666668
33,177,94.4,27.2,90.0,0.0016666666666666668
33,178,114.5,27.2,90.0,0.0016666666666666668
33,179,113.3,27.2,90.0,0.0016666666666666668
33,180,112.7,27.2,90.0,0.0016666666666666668
33,181,113.0,27.2,90.0,0.0016666666666666668
33,182,86.0,27.2,90.0,0.0016666666666666668
33,182,111.8,27.2,90.0,0.0016666666666666668
33,183,111.5,27.2,90.0,0.0016666666666666668
33,184,78.2,21.2,90.0,0.0016666666666666668
33,185,112.4,27.2,90.0,0.0016666666666666668
33,186,112.1,27.2,90.0,0.0016666666666666668
33,187,108.57486841740759,27.2,28.357636576327984,0.002291673690480204
33,188,78.2,22.1,90.0,0.0016666666666666668
33,189,78.2,18.2,90.0,0.0016666666666666668
33,190,78.2,14.6,90.0,0.0016666666666666668
33,194,78.2,11.3,90.0,0.0016666666666666668
33,195,78.2,10.4,90.0,0.0016666666666666668
33,196,78.2,5.300000000000001,90.0,0.0016666666666666668
33,197,78.2,17.6,90.0,0.0016666666666666668
33,199,84.8,27.2,90.0,0.0016666666666666668
33,200,85.1,27.2,90.0,0.0016666666666666668
33,201,83.9,27.2,90.0,0.0016666666666666668
33,202,83.3,27.2,90.0,0.0016666666666666668
33,203,84.5,27.2,90.0,0.0016666666666666668
33,204,84.2,27.2,90.0,0.0016666666666666668
33,205,83.6,27.2,90.0,0.0016666666666666668
33,249,78.2,15.5,90.0,0.0016666666666666668
33,250,83.0,27.195998398718718,87.70755722404408,0.0018749929761864628
33,251,102.5,27.2,90.0,0.0016666666666666668
33,252,102.2,27.2,90.0,0.0016666666666666668
33,253,101.9,27.2,90.0,0.0016666666666666668
33,254,78.92916869918747,24.8,58.667748502405765,0.00199406066327276
34,45,23.900000000000006,47.9,90.0,0.0016666666666666668
34,56,122.9,47.9,90.0,0.0016666666666666668
34,57,123.2,47.9,90.0,0.0016666666666666668
34,58,123.5,47.9,90.0,0.0016666666666666668
34,59,77.9,47.9,90.0,0.0016666666666666668
34,67,95.3,47.9,90.0,0.0016666666666666668
34,68,76.7,47.9,90.0,0.0016666666666666668
34,69,77.0,47.9,90.0,0.0016666666666666668
34,71,38.599999999999994,47.9,90.0,0.0016666666666666668
34,72,104.3,47.9,90.0,0.0016666666666666668
34,73,104.6,47.9,90.0,0.0016666666666666668
34,74,102.8,47.9,90.0,0.0016666666666666668
34,77,96.2,47.9,90.0,0.0016666666666666668
34,78,50.0,47.9,90.0,0.0016666666666666668
34,85,131.3,47.9,90.0,0.0016666666666666668
34,86,122.0,47.9,90.0,0.0016666666666666668
34,87,122.3,47.9,90.0,0.0016666666666666668
34,88,122.6,47.9,90.0,0.0016666666666666668
34,90,77.6,47.9,90.0,0.0016666666666666668
34,101,96.5,47.9,90.0,0.0016666666666666668
34,102,113.6,47.9,90.0,0.0016666666666666668
34,103,113.9,47.9,90.0,0.0016666666666666668
34,104,114.2,47.9,90.0,0.0016666666666666668
34,106,39.2,47.9,90.0,0.0016666666666666668
34,111,95.6,47.9,90.0,0.0016666666666666668
34,112,95.9,47.9,90.0,0.0016666666666666668
34,113,48.2,47.9,90.0,0.0016666666666666668
34,114,48.5,47.9,90.0,0.0016666666666666668
34,116,20.299999999999997,47.9,90.0,0.0016666666666666668
34,117,20.599999999999994,47.9,90.0,0.0016666666666666668
34,122,47.3,47.9,90.0,0.0016666666666666668
34,123,47.599999999999994,47.9,90.0,0.0016666666666666668
34,124,47.900000000000006,47.9,90.0,0.0016666666666666668
34,130,121.4,47.9,90.0,0.0016666666666666668
34,131,121.7,47.9,90.0,0.0016666666666666668
34,132,85.4,47.9,90.0,0.0016666666666666668
34,133,85.7,47.9,90.0,0.0016666666666666668
34,135,38.900000000000006,47.9,90.0,0.0016666666666666668
34,145,68.6,47.9,90.0,0.0016666666666666668
34,146,131.0,47.9,90.0,0.0016666666666666668
34,147,47.0,47.9,90.0,0.0016666666666666668
34,150,29.900000000000006,47.9,90.0,0.0016666666666666668
34,156,56.0,47.9,90.0,0.0016666666666666668
34,157,56.3,47.9,90.0,0.0016666666666666668
34,158,14.299999999999997,47.9,90.0,0.0016666666666666668
34,159,14.599999999999994,47.9,90.0,0.0016666666666666668
34,160,13.400000000000006,47.9,90.0,0.0016666666666666668
34,161,13.700000000000003,47.9,90.0,0.0016666666666666668
34,162,29.599999999999994,47.9,90.0,0.0016666666666666668
34,165,29.0,47.9,90.0,0.0016666666666666668
34,166,29.299999999999997,47.9,90.0,0.0016666666666666668
34,167,56.900000000000006,47.9,90.0,0.0016666666666666668
34,167,95.0,47.9,90.0,0.0016666666666666668
34,168,57.929168699187485,47.9,58.667748502405686,0.00199406066327276
34,168,93.97083130081253,47.9,58.667748502405765,0.00199406066327276
34,177,91.77486841740759,47.9,28.357636576327984,0.002291673690480204
34,178,114.5,47.9,90.0,0.0016666666666666668
34,179,113.3,47.9,90.0,0.0016666666666666668
34,180,112.7,47.9,90.0,0.0016666666666666668
34,181,113.0,47.9,90.0,0.0016666666666666668
34,190,46.400000000000006,47.9,90.0,0.0016666666666666668
34,199,84.8,47.9,90.0,0.0016666666666666668
34,200,85.1,47.9,90.0,0.0016666666666666668
34,201,15.497872821796506,47.9,70.12312592992119,0.0033035804591888336
34,201,83.6021271782035,47.9,70.1231259299212,0.0033035804591888336
34,203,39.5,47.9,90.0,0.0016666666666666668
34,203,84.5,47.9,90.0,0.0016666666666666668
34,204,39.8,47.9,90.0,0.0016666666666666668
34,204,84.2,47.9,90.0,0.0016666666666666668
34,205,40.51742430504416,47.9,66.42182152179818,0.002916680714293742
34,205,83.18257569495583,47.9,66.42182152179815,0.002916680714293742
34,206,56.599999999999994,47.9,90.0,0.0016666666666666668
34,207,48.8,47.9,90.0,0.0016666666666666668
34,210,68.3,47.9,90.0,0.0016666666666666668
34,211,66.8,47.9,90.0,0.0016666666666666668
34,212,67.1,47.9,90.0,0.0016666666666666668
34,213,67.4,47.9,90.0,0.0016666666666666668
34,214,67.7,47.9,90.0,0.0016666666666666668
34,215,68.0,47.9,90.0,0.0016666666666666668
34,216,65.6,47.9,90.0,0.0016666666666666668
34,222,75.8,47.9,90.0,0.0016666666666666668
34,223,76.1,47.9,90.0,0.0016666666666666668
34,224,76.4,47.9,90.0,0.0016666666666666668
34,225,77.3,47.9,90.0,0.0016666666666666668
34,229,14.900000000000006,47.9,90.0,0.0016666666666666668
34,229,74.6,47.9,90.0,0.0016666666666666668
34,232,14.0,47.9,90.0,0.0016666666666666668
34,233,11.0,47.9,90.0,0.0016666666666666668
34,234,11.299999999999997,47.9,90.0,0.0016666666666666668
34,235,11.599999999999994,47.9,90.0,0.0016666666666666668
34,236,11.900000000000006,47.9,90.0,0.0016666666666666668
34,237,12.200000000000003,47.9,90.0,0.0016666666666666668
34,238,12.5,47.9,90.0,0.0016666666666666668
34,239,12.799999999999997,47.9,90.0,0.0016666666666666668
34,240,13.099999999999994,47.9,90.0,0.0016666666666666668
34,245,20.0,47.9,90.0,0.0016666666666666668
34,248,30.200000000000003,47.9,90.0,0.0016666666666666668
35,56,122.9,35.9,90.0,0.0016666666666666668
35,57,123.2,35.9,90.0,0.0016666666666666668
35,58,123.5,35.9,90.0,0.0016666666666666668
35,59,77.9,35.9,90.0,0.0016666666666666668
35,67,95.3,35.9,90.0,0.0016666666666666668
35,68,76.7,35.9,90.0,0.0016666666666666668
35,69,77.0,35.9,90.0,0.0016666666666666668
35,72,104.3,35.9,90.0,0.0016666666666666668
35,73,104.6,35.9,90.0,0.0016666666666666668
35,74,102.8,35.9,90.0,0.0016666666666666668
35,77,96.2,35.9,90.0,0.0016666666666666668
35,78,50.0,35.9,90.0,0.0016666666666666668
35,85,131.3,35.9,90.0,0.0016666666666666668
35,86,122.0,35.9,90.0,0.0016666666666666668
35,87,122.3,35.9,90.0,0.0016666666666666668
35,88,122.6,35.9,90.0,0.0016666666666666668
35,90,77.6,35.9,90.0,0.0016666666666666668
35,101,96.5,35.9,90.0,0.0016666666666666668
35,102,113.6,35.9,90.0,0.0016666666666666668
35,103,113.9,35.9,90.0,0.0016666666666666668
35,104,114.2,35.9,90.0,0.0016666666666666668
35,111,95.6,35.9,90.0,0.0016666666666666668
35,112,95.9,35.9,90.0,0.0016666666666666668
35,113,48.2,35.9,90.0,0.0016666666666666668
35,114,48.5,35.9,90.0,0.0016666666666666668
35,122,47.3,35.9,90.0,0.0016666666666666668
35,123,47.599999999999994,35.9,90.0,0.0016666666666666668
35,124,47.900000000000006,35.9,90.0,0.0016666666666666668
35,130,121.4,35.9,90.0,0.0016666666666666668
35,131,121.7,35.9,90.0,0.0016666666666666668
35,132,85.4,35.9,90.0,0.0016666666666666668
35,133,85.7,35.9,90.0,0.0016666666666666668
35,145,68.6,35.9,90.0,0.0016666666666666668
35,146,131.0,35.9,90.0,0.0016666666666666668
35,147,47.0,35.9,90.0,0.0016666666666666668
35,156,56.0,35.9,90.0,0.0016666666666666668
35,157,56.3,35.9,90.0,0.0016666666666666668
35,167,56.900000000000006,35.9,90.0,0.0016666666666666668
35,167,95.0,35.9,90.0,0.0016666666666666668
35,168,57.2,35.9,90.0,0.0016666666666666668
35,168,94.7,35.9,90.0,0.0016666666666666668
35,169,57.5,35.9,90.0,0.0016666666666666668
35,169,94.1,35.9,90.0,0.0016666666666666668
35,170,57.8,35.9,90.0,0.0016666666666666668
35,170,93.8,35.9,90.0,0.0016666666666666668
35,171,58.10400160128127,35.9,87.70755722404418,0.0018749929761864628
35,171,93.49599839871871,35.9,87.70755722404417,0.0018749929761864628
35,177,94.4,35.9,90.0,0.0016666666666666668
35,178,114.5,35.9,90.0,0.0016666666666666668
35,179,113.3,35.9,90.0,0.0016666666666666668
35,180,112.7,35.9,90.0,0.0016666666666666668
35,181,113.0,35.9,90.0,0.0016666666666666668
35,185,112.4,35.9,90.0,0.0016666666666666668
35,186,112.1,35.9,90.0,0.0016666666666666668
35,187,41.3,27.8,90.0,0.0016666666666666668
35,188,41.3,22.1,90.0,0.0016666666666666668
35,189,41.3,18.2,90.0,0.0016666666666666668
35,190,46.400000000000006,35.9,90.0,0.0016666666666666668
35,199,84.8,35.9,90.0,0.0016666666666666668
35,200,85.1,35.9,90.0,0.0016666666666666668
35,201,83.9,35.9,90.0,0.0016666666666666668
35,202,83.3,35.9,90.0,0.0016666666666666668
35,203,84.5,35.9,90.0,0.0016666666666666668
35,204,84.2,35.9,90.0,0.0016666666666666668
35,205,83.6,35.9,90.0,0.0016666666666666668
35,206,56.599999999999994,35.9,90.0,0.0016666666666666668
35,207,48.8,35.9,90.0,0.0016666666666666668
35,208,51.61742430504417,35.9,66.42182152179815,0.002916680714293742
35,208,73.58257569495584,35.9,66.42182152179815,0.002916680714293742
35,209,50.900000000000006,35.9,90.0,0.0016666666666666668
35,209,74.3,35.9,90.0,0.0016666666666666668
35,210,68.3,35.9,90.0,0.0016666666666666668
35,211,66.8,35.9,90.0,0.0016666666666666668
35,212,67.1,35.9,90.0,0.0016666666666666668
35,213,67.4,35.9,90.0,0.0016666666666666668
35,214,67.7,35.9,90.0,0.0016666666666666668
35,215,68.0,35.9,90.0,0.0016666666666666668
35,216,65.6,35.9,90.0,0.0016666666666666668
35,220,65.3,35.9,90.0,0.0016666666666666668
35,221,62.37486841740758,35.9,28.357636576327984,0.002291673690480204
35,222,75.8,35.9,90.0,0.0016666666666666668
35,223,76.1,35.9,90.0,0.0016666666666666668
35,224,76.4,35.9,90.0,0.0016666666666666668
35,225,77.3,35.9,90.0,0.0016666666666666668
35,229,74.6,35.9,90.0,0.0016666666666666668
35,249,41.3,15.5,90.0,0.0016666666666666668
35,250,83.0,35.9,90.0,0.0016666666666666668
35,251,102.5,35.9,90.0,0.0016666666666666668
35,252,101.27308237088326,35.9,54.549457360824576,0.002261892721081555
36,48,133.4,143.6,90.0,0.0016666666666666668
36,49,132.9,143.6,73.73979529168801,0.0018452401020419631
36,50,132.5021271782035,143.6,70.12312592992093,0.0033035804591888336
36,51,131.77083130081252,143.6,58.66774850240575,0.00199406066327276
36,52,134.0,143.6,90.0,0.0016666666666666668
36,53,134.6,143.6,90.0,0.0016666666666666668
36,54,134.3,143.6,90.0,0.0016666666666666668
36,55,133.7,143.6,90.0,0.0016666666666666668
36,56,135.2,143.6,90.0,0.0016666666666666668
36,57,135.5,143.6,90.0,0.0016666666666666668
36,58,135.8,143.6,90.0,0.0016666666666666668
36,59,134.9,143.6,90.0,0.0016666666666666668
36,93,125.0,143.6,90.0,0.0016666666666666668
36,94,124.7,143.6,90.0,0.0016666666666666668
36,95,123.8,143.6,90.0,0.0016666666666666668
36,96,123.5,143.6,90.0,0.0016666666666666668
36,97,125.6,143.6,90.0,0.0016666666666666668
36,98,125.3,143.6,90.0,0.0016666666666666668
36,99,124.4,143.6,90.0,0.0016666666666666668
36,100,124.1,143.6,90.0,0.0016666666666666668
36,101,126.8,143.6,90.0,0.0016666666666666668
36,102,127.1,143.6,90.0,0.0016666666666666668
36,103,127.4,143.6,90.0,0.0016666666666666668
36,104,127.7,143.6,90.0,0.0016666666666666668
36,105,125.9,143.6,90.0,0.0016666666666666668
36,106,126.2,143.6,90.0,0.0016666666666666668
36,178,128.0,143.6,90.0,0.0016666666666666668
36,206,126.5,143.6,90.0,0.0016666666666666668
37,48,118.66040542391538,138.2,62.61289249734594,0.002113100255104908
37,49,118.1250628144669,140.0,84.2608295227332,0.0018452401020419631
37,50,118.10400160128128,140.3,87.70755722404424,0.0018749929761864628
37,51,118.1,141.2,90.0,0.0016666666666666668
37,52,134.0,135.5,90.0,0.0016666666666666668
37,53,134.6,135.5,90.0,0.0016666666666666668
37,54,134.3,135.5,90.0,0.0016666666666666668
37,55,133.7,135.5,90.0,0.0016666666666666668
37,56,135.2,135.5,90.0,0.0016666666666666668
37,57,135.5,135.5,90.0,0.0016666666666666668
37,58,135.8,135.5,90.0,0.0016666666666666668
37,59,134.9,135.5,90.0,0.0016666666666666668
37,93,125.0,135.5,90.0,0.0016666666666666668
37,94,124.7,135.5,90.0,0.0016666666666666668
37,95,123.8,135.5,90.0,0.0016666666666666668
37,96,123.5,135.5,90.0,0.0016666666666666668
37,97,125.6,135.5,90.0,0.0016666666666666668
37,98,125.3,135.5,90.0,0.0016666666666666668
37,99,124.4,135.5,90.0,0.0016666666666666668
37,100,124.1,135.5,90.0,0.0016666666666666668
37,101,126.8,135.5,90.0,0.0016666666666666668
37,102,127.1,135.5,90.0,0.0016666666666666668
37,103,127.4,135.5,90.0,0.0016666666666666668
37,104,127.7,135.5,90.0,0.0016666666666666668
37,105,125.9,135.5,90.0,0.0016666666666666668
37,106,126.2,135.5,90.0,0.0016666666666666668
37,178,128.0,135.5,90.0,0.0016666666666666668
37,206,126.5,135.5,90.0,0.0016666666666666668
38,48,133.4,143.9,90.0,0.0016666666666666668
38,49,132.97749935930287,143.9,77.29096700560461,0.0017857062584988146
38,50,132.60000000000002,143.9,73.73979529168801,0.0018452401020419631
38,51,131.93959457608463,143.9,62.61289249734631,0.002113100255104908
38,52,134.0,143.9,90.0,0.0016666666666666668
38,53,134.6,143.9,90.0,0.0016666666666666668
38,54,134.3,143.9,90.0,0.0016666666666666668
38,55,133.7,143.9,90.0,0.0016666666666666668
38,56,135.2,143.9,90.0,0.0016666666666666668
38,57,135.5,143.9,90.0,0.0016666666666666668
38,58,135.8,143.9,90.0,0.0016666666666666668
38,59,134.9,143.9,90.0,0.0016666666666666668
38,93,125.0,143.9,90.0,0.0016666666666666668
38,94,124.7,143.9,90.0,0.0016666666666666668
38,95,123.8,143.9,90.0,0.0016666666666666668
38,96,123.5,143.9040016012813,87.70755722404408,0.0018749929761864628
38,97,125.6,143.9,90.0,0.0016666666666666668
38,98,125.3,143.9,90.0,0.0016666666666666668
38,99,124.4,143.9,90.0,0.0016666666666666668
38,100,124.1,143.9,90.0,0.0016666666666666668
38,101,126.8,143.9,90.0,0.0016666666666666668
38,102,127.1,143.9,90.0,0.0016666666666666668
38,103,127.4,143.9,90.0,0.0016666666666666668
38,104,127.7,143.9,90.0,0.0016666666666666668
38,105,125.9,143.9,90.0,0.0016666666666666668
38,106,126.2,143.9,90.0,0.0016666666666666668
38,178,128.0,143.9,90.0,0.0016666666666666668
38,206,126.5,143.9,90.0,0.0016666666666666668
39,48,133.4,144.8,90.0,0.0016666666666666668
39,49,133.0959983987187,144.8,87.70755722404424,0.0018749929761864628
39,50,132.7749371855331,144.8,84.2608295227332,0.0018452401020419631
39,51,132.3,144.8,73.73979529168834,0.0018452401020419631
39,52,134.0,144.8,90.0,0.0016666666666666668
39,53,134.6,144.8,90.0,0.0016666666666666668
39,54,134.3,144.8,90.0,0.0016666666666666668
39,55,133.7,144.8,90.0,0.0016666666666666668
39,56,135.2,144.8,90.0,0.0016666666666666668
39,57,135.5,144.8,90.0,0.0016666666666666668
39,58,135.8,144.8,90.0,0.0016666666666666668
39,59,134.9,144.8,90.0,0.0016666666666666668
39,93,125.0,144.8,90.0,0.0016666666666666668
39,94,124.7,144.8,90.0,0.0016666666666666668
39,95,123.8,144.8040016012813,87.70755722404408,0.0018749929761864628
39,96,123.5,144.82506281446692,84.2608295227332,0.0018452401020419631
39,97,125.6,144.8,90.0,0.0016666666666666668
39,98,125.3,144.8,90.0,0.0016666666666666668
39,99,124.4,144.8,90.0,0.0016666666666666668
39,100,124.1,144.8,90.0,0.0016666666666666668
39,101,126.8,144.8,90.0,0.0016666666666666668
39,102,127.1,144.8,90.0,0.0016666666666666668
39,103,127.4,144.8,90.0,0.0016666666666666668
39,104,127.7,144.8,90.0,0.0016666666666666668
39,105,125.9,144.8,90.0,0.0016666666666666668
39,106,126.2,144.8,90.0,0.0016666666666666668
39,178,128.0,144.8,90.0,0.0016666666666666668
39,206,126.5,144.8,90.0,0.0016666666666666668
40,43,73.4,126.5,90.0,0.0016666666666666668
40,45,73.4,131.3,90.0,0.0016666666666666668
40,45,143.6,133.92513158259243,28.35763657632795,0.002291673690480204
40,52,73.4,122.0,90.0,0.0016666666666666668
40,53,91.4,111.2,90.0,0.0016666666666666668
40,53,134.6,111.2,90.0,0.0016666666666666668
40,56,135.2,111.2,90.0,0.0016666666666666668
40,57,135.5,111.2,90.0,0.0016666666666666668
40,58,135.8,111.2,90.0,0.0016666666666666668
40,59,134.9,111.2,90.0,0.0016666666666666668
40,60,73.4,129.5,90.0,0.0016666666666666668
40,61,73.4,119.9,90.0,0.0016666666666666668
40,62,73.4,138.2,90.0,0.0016666666666666668
40,63,73.4,137.9,90.0,0.0016666666666666668
40,64,73.4,124.1,90.0,0.0016666666666666668
40,65,89.9,111.2,90.0,0.0016666666666666668
40,72,107.3,111.2,90.0,0.0016666666666666668
40,73,107.6,111.2,90.0,0.0016666666666666668
40,77,117.8,111.2,90.0,0.0016666666666666668
40,78,73.4,120.2,90.0,0.0016666666666666668
40,81,73.4,124.7,90.0,0.0016666666666666668
40,85,108.8,111.2,90.0,0.0016666666666666668
40,86,107.9,111.2,90.0,0.0016666666666666668
40,87,108.2,111.2,90.0,0.0016666666666666668
40,88,108.5,111.2,90.0,0.0016666666666666668
40,90,107.0,111.2,90.0,0.0016666666666666668
40,93,125.0,111.2,90.0,0.0016666666666666668
40,94,124.7,111.2,90.0,0.0016666666666666668
40,95,123.23959457608461,111.2,62.612892497346095,0.002113100255104908
40,96,73.4,116.3,90.0,0.0016666666666666668
40,97,82.1,111.2,90.0,0.0016666666666666668
40,97,125.6,111.2,90.0,0.0016666666666666668
40,98,82.4,111.2,90.0,0.0016666666666666668
40,98,125.3,111.2,90.0,0.0016666666666666668
40,99,82.76441492829878,111.2,80.79310377865414,0.0018749929761864628
40,99,124.33558507170123,111.2,80.79310377865414,0.0018749929761864628
40,100,83.2978728217965,111.2,70.12312592992113,0.0033035804591888336
40,100,123.80212717820349,111.2,70.12312592992113,0.0033035804591888336
40,101,126.8,111.2,90.0,0.0016666666666666668
40,102,127.1,111.2,90.0,0.0016666666666666668
40,103,127.4,111.2,90.0,0.0016666666666666668
40,104,127.7,111.2,90.0,0.0016666666666666668
40,105,73.4,122.3,90.0,0.0016666666666666668
40,106,126.2,111.2,90.0,0.0016666666666666668
40,126,79.4,111.2,90.0,0.0016666666666666668
40,127,79.1,111.2,90.0,0.0016666666666666668
40,128,78.73558507170122,111.2,80.79310377865414,0.0018749929761864628
40,129,73.4,118.7,90.0,0.0016666666666666668
40,130,81.5,111.2,90.0,0.0016666666666666668
40,131,81.8,111.2,90.0,0.0016666666666666668
40,132,80.6,111.2,90.0,0.0016666666666666668
40,133,80.9,111.2,90.0,0.0016666666666666668
40,134,79.7,111.2,90.0,0.0016666666666666668
40,135,80.0,111.2,90.0,0.0016666666666666668
40,136,89.6,111.2,90.0,0.0016666666666666668
40,137,74.32691762911675,113.3,54.549457360824505,0.002261892721081555
40,138,73.4,128.3,90.0,0.0016666666666666668
40,139,73.4,133.1,90.0,0.0016666666666666668
40,140,73.4,134.9,90.0,0.0016666666666666668
40,141,73.4,141.2,90.0,0.0016666666666666668
40,142,73.4,135.5,90.0,0.0016666666666666668
40,145,90.8,111.2,90.0,0.0016666666666666668
40,151,73.4,140.0,90.0,0.0016666666666666668
40,152,73.4,143.0,90.0,0.0016666666666666668
40,153,73.4,143.9,90.0,0.0016666666666666668
40,154,73.4,144.8,90.0,0.0016666666666666668
40,155,73.4,130.7,90.0,0.0016666666666666668
40,178,128.0,111.2,90.0,0.0016666666666666668
40,179,81.2,111.2,90.0,0.0016666666666666668
40,206,126.5,111.2,90.0,0.0016666666666666668
40,207,80.3,111.2,90.0,0.0016666666666666668
40,225,91.1,111.2,90.0,0.0016666666666666668
41,43,73.7,126.5,90.0,0.0016666666666666668
41,45,73.7,131.3,90.0,0.0016666666666666668
41,45,143.3,133.4381823957492,34.91520624744371,0.004583347380960408
41,52,73.7,122.0,90.0,0.0016666666666666668
41,53,91.4,114.5,90.0,0.0016666666666666668
41,53,134.6,114.5,90.0,0.0016666666666666668
41,56,135.2,114.5,90.0,0.0016666666666666668
41,57,135.5,114.5,90.0,0.0016666666666666668
41,58,135.8,114.5,90.0,0.0016666666666666668
41,59,134.9,114.5,90.0,0.0016666666666666668
41,60,73.7,129.5,90.0,0.0016666666666666668
41,61,73.7,119.9,90.0,0.0016666666666666668
41,62,73.7,138.2,90.0,0.0016666666666666668
41,63,73.7,137.9,90.0,0.0016666666666666668
41,64,73.7,124.1,90.0,0.0016666666666666668
41,65,89.9,114.5,90.0,0.0016666666666666668
41,72,107.3,114.5,90.0,0.0016666666666666668
41,73,107.6,114.5,90.0,0.0016666666666666668
41,77,117.8,114.5,90.0,0.0016666666666666668
41,78,73.7,120.2,90.0,0.0016666666666666668
41,81,73.7,124.7,90.0,0.0016666666666666668
41,85,108.8,114.5,90.0,0.0016666666666666668
41,86,107.9,114.5,90.0,0.0016666666666666668
41,87,108.2,114.5,90.0,0.0016666666666666668
41,88,108.5,114.5,90.0,0.0016666666666666668
41,90,107.0,114.5,90.0,0.0016666666666666668
41,93,125.0,114.5,90.0,0.0016666666666666668
41,94,124.7,114.5,90.0,0.0016666666666666668
41,95,123.8,114.5,90.0,0.0016666666666666668
41,96,74.8581254575403,116.3,50.20818050044273,0.0038393007653147234
41,97,82.1,114.5,90.0,0.0016666666666666668
41,97,125.6,114.5,90.0,0.0016666666666666668
41,98,82.4,114.5,90.0,0.0016666666666666668
41,98,125.3,114.5,90.0,0.0016666666666666668
41,99,82.7,114.5,90.0,0.0016666666666666668
41,99,124.4,114.5,90.0,0.0016666666666666668
41,100,83.0,114.5,90.0,0.0016666666666666668
41,100,124.1,114.5,90.0,0.0016666666666666668
41,101,126.8,114.5,90.0,0.0016666666666666668
41,102,127.1,114.5,90.0,0.0016666666666666668
41,103,127.4,114.5,90.0,0.0016666666666666668
41,104,127.7,114.5,90.0,0.0016666666666666668
41,105,73.7,122.3,90.0,0.0016666666666666668
41,106,126.2,114.5,90.0,0.0016666666666666668
41,126,79.4,114.5,90.0,0.0016666666666666668
41,127,79.1,114.5,90.0,0.0016666666666666668
41,128,78.8,114.5,90.0,0.0016666666666666668
41,129,73.76329548218415,118.70693726365656,83.89216745603503,0.0017857062584988146
41,130,81.5,114.5,90.0,0.0016666666666666668
41,131,81.8,114.5,90.0,0.0016666666666666668
41,132,80.6,114.5,90.0,0.0016666666666666668
41,133,80.9,114.5,90.0,0.0016666666666666668
41,134,79.7,114.5,90.0,0.0016666666666666668
41,135,80.0,114.5,90.0,0.0016666666666666668
41,136,89.6,114.5,90.0,0.0016666666666666668
41,137,87.54961536185439,114.5,40.53580211131668,0.005833333333333334
41,138,73.7,128.3,90.0,0.0016666666666666668
41,139,73.7,133.1,90.0,0.0016666666666666668
41,140,73.7,134.9,90.0,0.0016666666666666668
41,141,73.7,141.2,90.0,0.0016666666666666668
41,142,73.7,135.5,90.0,0.0016666666666666668
41,145,90.8,114.5,90.0,0.0016666666666666668
41,151,73.7,140.0,90.0,0.0016666666666666668
41,152,73.7,143.0,90.0,0.0016666666666666668
41,153,73.7,143.9,90.0,0.0016666666666666668
41,154,73.7,144.8,90.0,0.0016666666666666668
41,155,73.7,130.7,90.0,0.0016666666666666668
41,178,128.0,114.5,90.0,0.0016666666666666668
41,179,81.2,114.5,90.0,0.0016666666666666668
41,206,126.5,114.5,90.0,0.0016666666666666668
41,207,80.3,114.5,90.0,0.0016666666666666668
41,225,91.1,114.5,90.0,0.0016666666666666668
42,45,74.02506281446688,131.3,84.26082952273325,0.0018452401020419631
42,45,142.7,132.7292857857286,45.57299599919425,0.005714293741501186
42,52,133.9959983987187,126.8,87.70755722404408,0.0018749929761864628
42,53,91.4,126.8,90.0,0.0016666666666666668
42,53,134.6,126.8,90.0,0.0016666666666666668
42,54,91.7,126.8,90.0,0.0016666666666666668
42,54,134.3,126.8,90.0,0.0016666666666666668
42,55,92.72916869918748,126.8,58.66774850240561,0.00199406066327276
42,55,132.9708313008125,126.8,58.66774850240561,0.00199406066327276
42,56,135.2,126.8,90.0,0.0016666666666666668
42,57,135.5,126.8,90.0,0.0016666666666666668
42,58,135.8,126.8,90.0,0.0016666666666666668
42,59,134.9,126.8,90.0,0.0016666666666666668
42,60,74.56040542391537,129.5,62.61289249734602,0.002113100255104908
42,61,114.8,126.8,90.0,0.0016666666666666668
42,62,74.0,138.2,90.0,0.0016666666666666668
42,63,74.0,137.9,90.0,0.0016666666666666668
42,64,88.43959457608463,126.8,62.61289249734616,0.002113100255104908
42,65,89.9,126.8,90.0,0.0016666666666666668
42,72,107.3,126.8,90.0,0.0016666666666666668
42,73,107.6,126.8,90.0,0.0016666666666666668
42,77,117.8,126.8,90.0,0.0016666666666666668
42,78,116.9,126.8,90.0,0.0016666666666666668
42,81,114.17308237088326,126.8,54.54945736082474,0.002261892721081555
42,85,108.8,126.8,90.0,0.0016666666666666668
42,86,107.9,126.8,90.0,0.0016666666666666668
42,87,108.2,126.8,90.0,0.0016666666666666668
42,88,108.5,126.8,90.0,0.0016666666666666668
42,90,107.0,126.8,90.0,0.0016666666666666668
42,93,125.0,126.8,90.0,0.0016666666666666668
42,94,124.7,126.8,90.0,0.0016666666666666668
42,95,123.8,126.8,90.0,0.0016666666666666668
42,96,123.5,126.8,90.0,0.0016666666666666668
42,97,82.1,126.8,90.0,0.0016666666666666668
42,97,125.6,126.8,90.0,0.0016666666666666668
42,98,82.4,126.8,90.0,0.0016666666666666668
42,98,125.3,126.8,90.0,0.0016666666666666668
42,99,82.7,126.8,90.0,0.0016666666666666668
42,99,124.4,126.8,90.0,0.0016666666666666668
42,100,83.0,126.8,90.0,0.0016666666666666668
42,100,124.1,126.8,90.0,0.0016666666666666668
42,101,126.8,126.8,90.0,0.0016666666666666668
42,102,127.1,126.8,90.0,0.0016666666666666668
42,103,127.4,126.8,90.0,0.0016666666666666668
42,104,127.7,126.8,90.0,0.0016666666666666668
42,105,125.8749371855331,126.8,84.2608295227332,0.0018452401020419631
42,106,126.2,126.8,90.0,0.0016666666666666668
42,126,79.4,126.8,90.0,0.0016666666666666668
42,127,79.1,126.8,90.0,0.0016666666666666668
42,128,78.8,126.80400160128127,87.7075572240441,0.0018749929761864628
42,129,78.5,126.82506281446689,84.26082952273325,0.0018452401020419631
42,130,81.5,126.8,90.0,0.0016666666666666668
42,131,81.8,126.8,90.0,0.0016666666666666668
42,132,80.6,126.8,90.0,0.0016666666666666668
42,133,80.9,126.8,90.0,0.0016666666666666668
42,134,79.7,126.8,90.0,0.0016666666666666668
42,135,80.0,126.8,90.0,0.0016666666666666668
42,136,89.6,126.8,90.0,0.0016666666666666668
42,137,89.3,126.8,90.0,0.0016666666666666668
42,138,75.42928578572855,128.3,45.572995999194475,0.005714293741501186
42,139,74.0,133.1,90.0,0.0016666666666666668
42,140,74.0,134.9,90.0,0.0016666666666666668
42,141,74.0,141.2,90.0,0.0016666666666666668
42,142,74.0,135.5,90.0,0.0016666666666666668
42,145,90.8,126.8,90.0,0.0016666666666666668
42,151,74.0,140.0,90.0,0.0016666666666666668
42,152,74.0,143.0,90.0,0.0016666666666666668
42,153,74.0,143.9,90.0,0.0016666666666666668
42,154,74.0,144.8,90.0,0.0016666666666666668
42,155,74.12250064069711,130.7,77.29096700560433,0.0017857062584988146
42,178,128.0,126.8,90.0,0.0016666666666666668
42,179,81.2,126.8,90.0,0.0016666666666666668
42,206,126.5,126.8,90.0,0.0016666666666666668
42,207,80.3,126.8,90.0,0.0016666666666666668
42,225,91.1,126.8,90.0,0.0016666666666666668
43,45,56.00400160128129,131.3,87.70755722404424,0.0018749929761864628
43,45,143.0,133.05038463814563,40.53580211131645,0.005833333333333334
43,52,133.9749371855331,126.5,84.2608295227332,0.0018452401020419631
43,53,91.4,126.5,90.0,0.0016666666666666668
43,53,134.6,126.5,90.0,0.0016666666666666668
43,54,91.7,126.5,90.0,0.0016666666666666668
43,54,134.3,126.5,90.0,0.0016666666666666668
43,55,92.92691762911674,126.5,54.549457360824505,0.002261892721081555
43,55,132.77308237088323,126.5,54.54945736082441,0.002261892721081555
43,56,135.2,126.5,90.0,0.0016666666666666668
43,57,135.5,126.5,90.0,0.0016666666666666668
43,58,135.8,126.5,90.0,0.0016666666666666668
43,59,134.9,126.5,90.0,0.0016666666666666668
43,61,63.8,126.5,90.0,0.0016666666666666668
43,61,114.8,126.5,90.0,0.0016666666666666668
43,64,64.82916869918746,126.5,58.66774850240584,0.00199406066327276
43,64,88.27083130081253,126.5,58.66774850240584,0.00199406066327276
43,65,63.5,126.5,90.0,0.0016666666666666668
43,65,89.9,126.5,90.0,0.0016666666666666668
43,66,60.5,126.5250628144669,84.2608295227332,0.0018452401020419631
43,67,62.0,126.5,90.0,0.0016666666666666668
43,68,61.400000000000006,126.5,90.0,0.0016666666666666668
43,69,61.7,126.5,90.0,0.0016666666666666668
43,70,60.8,126.50400160128129,87.70755722404408,0.0018749929761864628
43,71,61.099999999999994,126.5,90.0,0.0016666666666666668
43,72,107.3,126.5,90.0,0.0016666666666666668
43,73,107.6,126.5,90.0,0.0016666666666666668
43,77,117.8,126.5,90.0,0.0016666666666666668
43,78,116.9,126.5,90.0,0.0016666666666666668
43,81,113.94187454245971,126.5,50.20818050044296,0.0038393007653147234
43,85,108.8,126.5,90.0,0.0016666666666666668
43,86,107.9,126.5,90.0,0.0016666666666666668
43,87,108.2,126.5,90.0,0.0016666666666666668
43,88,108.5,126.5,90.0,0.0016666666666666668
43,90,107.0,126.5,90.0,0.0016666666666666668
43,93,72.8,126.5,90.0,0.0016666666666666668
43,93,125.0,126.5,90.0,0.0016666666666666668
43,94,73.1,126.5,90.0,0.0016666666666666668
43,94,124.7,126.5,90.0,0.0016666666666666668
43,95,123.8,126.5,90.0,0.0016666666666666668
43,96,123.5,126.5,90.0,0.0016666666666666668
43,97,82.1,126.5,90.0,0.0016666666666666668
43,97,125.6,126.5,90.0,0.0016666666666666668
43,98,82.4,126.5,90.0,0.0016666666666666668
43,98,125.3,126.5,90.0,0.0016666666666666668
43,99,82.7,126.5,90.0,0.0016666666666666668
43,99,124.4,126.5,90.0,0.0016666666666666668
43,100,83.0,126.5,90.0,0.0016666666666666668
43,100,124.1,126.5,90.0,0.0016666666666666668
43,101,126.8,126.5,90.0,0.0016666666666666668
43,102,127.1,126.5,90.0,0.0016666666666666668
43,103,127.4,126.5,90.0,0.0016666666666666668
43,104,127.7,126.5,90.0,0.0016666666666666668
43,105,125.83558507170123,126.5,80.79310377865414,0.0018749929761864628
43,106,126.2,126.5,90.0,0.0016666666666666668
43,107,70.4,126.5,90.0,0.0016666666666666668
43,108,70.1,126.5,90.0,0.0016666666666666668
43,109,69.8,126.5,90.0,0.0016666666666666668
43,110,69.5,126.5,90.0,0.0016666666666666668
43,111,72.2,126.5,90.0,0.0016666666666666668
43,112,72.5,126.5,90.0,0.0016666666666666668
43,113,71.6,126.5,90.0,0.0016666666666666668
43,114,71.9,126.5,90.0,0.0016666666666666668
43,115,56.0,136.1,90.0,0.0016666666666666668
43,116,56.0,135.8,90.0,0.0016666666666666668
43,117,71.3,126.5,90.0,0.0016666666666666668
43,126,79.4,126.5,90.0,0.0016666666666666668
43,127,79.1,126.5,90.0,0.0016666666666666668
43,128,78.8,126.5,90.0,0.0016666666666666668
43,129,78.5,126.5,90.0,0.0016666666666666668
43,130,81.5,126.5,90.0,0.0016666666666666668
43,131,81.8,126.5,90.0,0.0016666666666666668
43,132,80.6,126.5,90.0,0.0016666666666666668
43,133,80.9,126.5,90.0,0.0016666666666666668
43,134,79.7,126.5,90.0,0.0016666666666666668
43,135,80.0,126.5,90.0,0.0016666666666666668
43,136,89.6,126.5,90.0,0.0016666666666666668
43,137,89.3,126.5,90.0,0.0016666666666666668
43,138,57.15812545754028,128.3,50.20818050044296,0.0038393007653147234
43,139,56.0,133.1,90.0,0.0016666666666666668
43,140,56.0,134.9,90.0,0.0016666666666666668
43,141,56.0,141.2,90.0,0.0016666666666666668
43,142,56.0,135.5,90.0,0.0016666666666666668
43,145,90.8,126.5,90.0,0.0016666666666666668
43,151,56.0,140.0,90.0,0.0016666666666666668
43,152,56.0,143.0,90.0,0.0016666666666666668
43,153,56.0,143.9,90.0,0.0016666666666666668
43,154,56.0,144.8,90.0,0.0016666666666666668
43,155,56.064414928298774,130.7,80.79310377865397,0.0018749929761864628
43,178,128.0,126.5,90.0,0.0016666666666666668
43,179,81.2,126.5,90.0,0.0016666666666666668
43,206,126.5,126.5,90.0,0.0016666666666666668
43,207,80.3,126.5,90.0,0.0016666666666666668
43,225,91.1,126.5,90.0,0.0016666666666666668
44,45,23.900000000000006,109.4,90.0,0.0016666666666666668
44,45,143.9,134.59412778907685,19.94844358880223,0.006815487227897463
44,53,91.4,109.4,90.0,0.0016666666666666668
44,53,134.6,109.4,90.0,0.0016666666666666668
44,56,135.2,109.4,90.0,0.0016666666666666668
44,57,135.5,109.4,90.0,0.0016666666666666668
44,58,135.8,109.4,90.0,0.0016666666666666668
44,59,134.9,109.4,90.0,0.0016666666666666668
44,65,63.5,109.4,90.0,0.0016666666666666668
44,65,89.9,109.4,90.0,0.0016666666666666668
44,66,46.7,109.4,90.0,0.0016666666666666668
44,66,60.5,109.4,90.0,0.0016666666666666668
44,67,62.0,109.4,90.0,0.0016666666666666668
44,68,61.400000000000006,109.4,90.0,0.0016666666666666668
44,69,61.7,109.4,90.0,0.0016666666666666668
44,71,61.099999999999994,109.4,90.0,0.0016666666666666668
44,72,107.3,109.4,90.0,0.0016666666666666668
44,73,107.6,109.4,90.0,0.0016666666666666668
44,74,18.200000000000003,109.4,90.0,0.0016666666666666668
44,77,117.8,109.4,90.0,0.0016666666666666668
44,78,50.0,109.4,90.0,0.0016666666666666668
44,85,108.8,109.4,90.0,0.0016666666666666668
44,86,107.9,109.4,90.0,0.0016666666666666668
44,87,108.2,109.4,90.0,0.0016666666666666668
44,88,108.5,109.4,90.0,0.0016666666666666668
44,90,107.0,109.4,90.0,0.0016666666666666668
44,93,72.8,109.4,90.0,0.0016666666666666668
44,93,125.0,109.4,90.0,0.0016666666666666668
44,94,73.10400160128128,109.4,87.70755722404424,0.0018749929761864628
44,94,124.69599839871873,109.4,87.70755722404425,0.0018749929761864628
44,95,57.23818239574915,109.4,34.91520624744437,0.004583347380960408
44,95,121.66181760425084,109.4,34.9152062474443,0.004583347380960408
44,97,82.1,109.4,90.0,0.0016666666666666668
44,97,125.6,109.4,90.0,0.0016666666666666668
44,98,82.4,109.4,90.0,0.0016666666666666668
44,98,125.3,109.4,90.0,0.0016666666666666668
44,99,83.42916869918747,109.4,58.66774850240584,0.00199406066327276
44,99,123.67083130081254,109.4,58.66774850240584,0.00199406066327276
44,100,84.42928578572858,109.4,45.57299599919425,0.005714293741501186
44,100,122.67071421427141,109.4,45.57299599919425,0.005714293741501186
44,101,126.8,109.4,90.0,0.0016666666666666668
44,102,127.1,109.4,90.0,0.0016666666666666668
44,103,127.4,109.4,90.0,0.0016666666666666668
44,104,127.7,109.4,90.0,0.0016666666666666668
44,106,126.2,109.4,90.0,0.0016666666666666668
44,107,35.3,109.4,90.0,0.0016666666666666668
44,107,70.4,109.4,90.0,0.0016666666666666668
44,108,35.599999999999994,109.4,90.0,0.0016666666666666668
44,108,70.1,109.4,90.0,0.0016666666666666668
44,109,35.900000000000006,109.4,90.0,0.0016666666666666668
44,109,69.8,109.4,90.0,0.0016666666666666668
44,110,36.2,109.4,90.0,0.0016666666666666668
44,110,69.5,109.4,90.0,0.0016666666666666668
44,111,72.2,109.4,90.0,0.0016666666666666668
44,112,72.5,109.4,90.0,0.0016666666666666668
44,113,71.6,109.4,90.0,0.0016666666666666668
44,114,71.9,109.4,90.0,0.0016666666666666668
44,116,20.299999999999997,109.4,90.0,0.0016666666666666668
44,117,20.599999999999994,109.4,90.0,0.0016666666666666668
44,118,25.700000000000003,109.4,90.0,0.0016666666666666668
44,118,52.400000000000006,109.4,90.0,0.0016666666666666668
44,119,26.0,109.4,90.0,0.0016666666666666668
44,119,52.099999999999994,109.4,90.0,0.0016666666666666668
44,120,26.299999999999997,109.4,90.0,0.0016666666666666668
44,120,51.8,109.4,90.0,0.0016666666666666668
44,121,26.599999999999994,109.4,90.0,0.0016666666666666668
44,121,51.5,109.4,90.0,0.0016666666666666668
44,122,53.0,109.4,90.0,0.0016666666666666668
44,123,53.3,109.4,90.0,0.0016666666666666668
44,124,53.599999999999994,109.4,90.0,0.0016666666666666668
44,125,5.3,84.47308237088326,54.54945736082457,0.002261892721081555
44,125,52.7,109.4,90.0,0.0016666666666666668
44,126,36.5,109.4,90.0,0.0016666666666666668
44,126,79.4,109.4,90.0,0.0016666666666666668
44,127,36.8,109.4,90.0,0.0016666666666666668
44,127,79.1,109.4,90.0,0.0016666666666666668
44,128,27.629168699187474,109.4,58.667748502405786,0.00199406066327276
44,128,78.07083130081253,109.4,58.66774850240584,0.00199406066327276
44,130,81.5,109.4,90.0,0.0016666666666666668
44,131,81.8,109.4,90.0,0.0016666666666666668
44,132,80.6,109.4,90.0,0.0016666666666666668
44,133,80.9,109.4,90.0,0.0016666666666666668
44,134,5.3,98.04961536185438,40.53580211131654,0.005833333333333334
44,134,79.7,109.4,90.0,0.0016666666666666668
44,135,79.9749371855331,109.4,84.2608295227332,0.0018452401020419631
44,136,37.099999999999994,109.4,90.0,0.0016666666666666668
44,136,89.6,109.4,90.0,0.0016666666666666668
44,145,90.8,109.4,90.0,0.0016666666666666668
44,146,35.0,109.4,90.0,0.0016666666666666668
44,147,34.7,109.4,90.0,0.0016666666666666668
44,148,5.3,98.93959457608463,62.61289249734613,0.002113100255104908
44,148,33.5,109.4,90.0,0.0016666666666666668
44,149,5.3,87.07083130081253,58.66774850240578,0.00199406066327276
44,149,33.8,109.4,90.0,0.0016666666666666668
44,150,34.400000000000006,109.4,90.0,0.0016666666666666668
44,156,43.7,109.4,90.0,0.0016666666666666668
44,157,44.0,109.4,90.0,0.0016666666666666668
44,158,39.50587221092323,109.4,19.94844358880311,0.006815487227897463
44,159,43.03558507170122,109.4,80.79310377865411,0.0018749929761864628
44,160,15.5,109.4,90.0,0.0016666666666666668
44,161,15.799999999999997,109.4,90.0,0.0016666666666666668
44,162,16.400000000000006,109.4,90.0,0.0016666666666666668
44,164,11.0,109.4,90.0,0.0016666666666666668
44,164,42.5,109.4,90.0,0.0016666666666666668
44,165,9.5,109.33558507170123,80.79310377865409,0.0018749929761864628
44,166,9.8,109.3749371855331,84.2608295227332,0.0018452401020419631
44,178,128.0,109.4,90.0,0.0016666666666666668
44,179,81.2,109.4,90.0,0.0016666666666666668
44,180,10.1,109.39599839871872,87.7075572240441,0.0018749929761864628
44,181,10.400000000000006,109.4,90.0,0.0016666666666666668
44,190,46.400000000000006,109.4,90.0,0.0016666666666666668
44,199,45.8,109.4,90.0,0.0016666666666666668
44,200,46.099999999999994,109.4,90.0,0.0016666666666666668
44,206,126.5,109.4,90.0,0.0016666666666666668
44,207,80.3,109.4,90.0,0.0016666666666666668
44,210,53.900000000000006,109.4,90.0,0.0016666666666666668
44,211,44.3,109.4,90.0,0.0016666666666666668
44,212,44.599999999999994,109.4,90.0,0.0016666666666666668
44,213,44.900000000000006,109.4,90.0,0.0016666666666666668
44,214,45.2,109.4,90.0,0.0016666666666666668
44,215,45.5,109.4,90.0,0.0016666666666666668
44,216,17.0,109.4,90.0,0.0016666666666666668
44,222,54.2,109.4,90.0,0.0016666666666666668
44,223,54.5,109.4,90.0,0.0016666666666666668
44,224,54.8,109.4,90.0,0.0016666666666666668
44,225,91.1,109.4,90.0,0.0016666666666666668
44,230,5.3,81.22620791026813,40.53580211131654,0.005833333333333334
44,230,6.5,107.64961536185439,40.535802111316535,0.005833333333333334
44,231,5.3,83.60510905785108,45.57299599919436,0.005714293741501186
44,231,6.8,107.97071421427142,45.57299599919424,0.005714293741501186
44,232,16.099999999999994,109.4,90.0,0.0016666666666666668
44,233,7.1,108.24187454245971,50.20818050044274,0.0038393007653147234
44,234,7.4,108.47308237088326,54.549457360824555,0.002261892721081555
44,235,7.7,108.67083130081252,58.667748502405686,0.00199406066327276
44,236,8.0,108.83959457608464,62.61289249734613,0.002113100255104908
44,237,8.3,108.98257569495584,66.42182152179815,0.002916680714293742
44,238,8.6,109.1021271782035,70.12312592992116,0.0033035804591888336
44,239,8.9,109.2,73.73979529168803,0.0018452401020419631
44,240,9.2,109.27749935930288,77.29096700560454,0.0017857062584988146
44,245,34.099999999999994,109.4,90.0,0.0016666666666666668
44,248,30.200000000000003,109.4,90.0,0.0016666666666666668
45,52,55.7,131.3,90.0,0.0016666666666666668
45,52,134.0,131.3,90.0,0.0016666666666666668
45,53,91.4,131.3,90.0,0.0016666666666666668
45,53,134.6,131.3,90.0,0.0016666666666666668
45,54,91.7,131.3,90.0,0.0016666666666666668
45,54,134.3,131.3,90.0,0.0016666666666666668
45,55,92.0,131.3,90.0,0.0016666666666666668
45,55,133.7,131.3,90.0,0.0016666666666666668
45,56,135.2,131.3,90.0,0.0016666666666666668
45,57,135.5,131.3,90.0,0.0016666666666666668
45,58,135.8,131.3,90.0,0.0016666666666666668
45,59,134.9,131.3,90.0,0.0016666666666666668
45,60,65.55812545754029,131.3,50.20818050044296,0.0038393007653147234
45,60,113.34187454245972,131.3,50.20818050044296,0.0038393007653147234
45,61,63.8,131.3,90.0,0.0016666666666666668
45,61,114.8,131.3,90.0,0.0016666666666666668
45,64,64.1,131.3,90.0,0.0016666666666666668
45,64,89.0,131.3,90.0,0.0016666666666666668
45,65,63.5,131.3,90.0,0.0016666666666666668
45,65,89.9,131.3,90.0,0.0016666666666666668
45,66,46.7,131.3,90.0,0.0016666666666666668
45,66,60.5,131.3,90.0,0.0016666666666666668
45,67,62.0,131.3,90.0,0.0016666666666666668
45,68,61.400000000000006,131.3,90.0,0.0016666666666666668
45,69,61.7,131.3,90.0,0.0016666666666666668
45,70,23.9,111.5,90.0,0.0016666666666666668
45,70,60.8,131.3,90.0,0.0016666666666666668
45,71,61.099999999999994,131.3,90.0,0.0016666666666666668
45,72,107.3,131.3,90.0,0.0016666666666666668
45,73,107.6,131.3,90.0,0.0016666666666666668
45,74,23.9,55.7,90.0,0.0016666666666666668
45,77,117.8,131.3,90.0,0.0016666666666666668
45,78,116.9,131.3,90.0,0.0016666666666666668
45,81,23.9,124.7,90.0,0.0016666666666666668
45,81,115.1,131.3,90.0,0.0016666666666666668
45,85,108.8,131.3,90.0,0.0016666666666666668
45,86,107.9,131.3,90.0,0.0016666666666666668
45,87,108.2,131.3,90.0,0.0016666666666666668
45,88,108.5,131.3,90.0,0.0016666666666666668
45,90,107.0,131.3,90.0,0.0016666666666666668
45,93,72.8,131.3,90.0,0.0016666666666666668
45,93,125.0,131.3,90.0,0.0016666666666666668
45,94,73.1,131.3,90.0,0.0016666666666666668
45,94,124.7,131.3,90.0,0.0016666666666666668
45,95,55.099999999999994,131.3,90.0,0.0016666666666666668
45,95,123.8,131.3,90.0,0.0016666666666666668
45,96,55.400000000000006,131.3,90.0,0.0016666666666666668
45,96,123.5,131.3,90.0,0.0016666666666666668
45,97,82.1,131.3,90.0,0.0016666666666666668
45,97,125.6,131.3,90.0,0.0016666666666666668
45,98,82.4,131.3,90.0,0.0016666666666666668
45,98,125.3,131.3,90.0,0.0016666666666666668
45,99,82.7,131.3,90.0,0.0016666666666666668
45,99,124.4,131.3,90.0,0.0016666666666666668
45,100,83.0,131.3,90.0,0.0016666666666666668
45,100,124.1,131.3,90.0,0.0016666666666666668
45,101,126.8,131.3,90.0,0.0016666666666666668
45,102,127.1,131.3,90.0,0.0016666666666666668
45,103,127.4,131.3,90.0,0.0016666666666666668
45,104,127.7,131.3,90.0,0.0016666666666666668
45,105,23.9,122.3,90.0,0.0016666666666666668
45,105,125.9,131.3,90.0,0.0016666666666666668
45,106,126.2,131.3,90.0,0.0016666666666666668
45,107,35.3,131.3,90.0,0.0016666666666666668
45,107,70.4,131.3,90.0,0.0016666666666666668
45,108,35.599999999999994,131.3,90.0,0.0016666666666666668
45,108,70.1,131.3,90.0,0.0016666666666666668
45,109,35.900000000000006,131.3,90.0,0.0016666666666666668
45,109,69.8,131.3,90.0,0.0016666666666666668
45,110,36.2,131.3,90.0,0.0016666666666666668
45,110,69.5,131.3,90.0,0.0016666666666666668
45,111,72.2,131.3,90.0,0.0016666666666666668
45,112,72.5,131.3,90.0,0.0016666666666666668
45,113,71.6,131.3,90.0,0.0016666666666666668
45,114,71.9,131.3,90.0,0.0016666666666666668
45,117,23.9,116.6021271782035,70.12312592992113,0.0033035804591888336
45,117,71.3,131.3,90.0,0.0016666666666666668
45,118,25.7,130.14187454245973,50.20818050044286,0.0038393007653147234
45,118,52.400000000000006,131.3,90.0,0.0016666666666666668
45,119,26.0,130.37308237088328,54.54945736082467,0.002261892721081555
45,119,52.099999999999994,131.3,90.0,0.0016666666666666668
45,120,26.3,130.57083130081253,58.667748502405715,0.00199406066327276
45,120,51.8,131.3,90.0,0.0016666666666666668
45,121,26.6,130.73959457608464,62.61289249734616,0.002113100255104908
45,121,51.5,131.3,90.0,0.0016666666666666668
45,122,53.0,131.3,90.0,0.0016666666666666668
45,123,53.3,131.3,90.0,0.0016666666666666668
45,124,53.599999999999994,131.3,90.0,0.0016666666666666668
45,125,23.9,85.4,90.0,0.0016666666666666668
45,125,52.7,131.3,90.0,0.0016666666666666668
45,126,36.5,131.3,90.0,0.0016666666666666668
45,126,79.4,131.3,90.0,0.0016666666666666668
45,127,36.8,131.3,90.0,0.0016666666666666668
45,127,79.1,131.3,90.0,0.0016666666666666668
45,128,26.9,130.88257569495585,66.42182152179815,0.002916680714293742
45,128,78.8,131.3,90.0,0.0016666666666666668
45,129,27.2,131.00212717820352,70.12312592992123,0.0033035804591888336
45,129,78.5,131.3,90.0,0.0016666666666666668
45,130,81.5,131.3,90.0,0.0016666666666666668
45,131,81.8,131.3,90.0,0.0016666666666666668
45,132,80.6,131.3,90.0,0.0016666666666666668
45,133,80.9,131.3,90.0,0.0016666666666666668
45,134,23.9,99.8,90.0,0.0016666666666666668
45,134,79.7,131.3,90.0,0.0016666666666666668
45,135,80.0,131.3,90.0,0.0016666666666666668
45,136,37.099999999999994,131.3,90.0,0.0016666666666666668
45,136,89.6,131.3,90.0,0.0016666666666666668
45,137,37.400000000000006,131.3,90.0,0.0016666666666666668
45,137,89.3,131.3,90.0,0.0016666666666666668
45,138,38.11742430504417,131.3,66.42182152179815,0.002916680714293742
45,138,88.28257569495585,131.3,66.42182152179822,0.002916680714293742
45,145,90.8,131.3,90.0,0.0016666666666666668
45,146,35.0,131.3,90.0,0.0016666666666666668
45,147,34.7,131.3,90.0,0.0016666666666666668
45,148,23.9,99.5,90.0,0.0016666666666666668
45,148,33.5,131.3,90.0,0.0016666666666666668
45,149,23.9,87.8,90.0,0.0016666666666666668
45,149,33.8,131.3,90.0,0.0016666666666666668
45,150,34.400000000000006,131.3,90.0,0.0016666666666666668
45,155,49.625131582592374,131.3,28.35763657632853,0.002291673690480204
45,155,95.07486841740763,131.3,28.35763657632853,0.002291673690480204
45,156,43.7,131.3,90.0,0.0016666666666666668
45,157,44.0,131.3,90.0,0.0016666666666666668
45,158,23.9,109.1,90.0,0.0016666666666666668
45,158,42.8,131.3,90.0,0.0016666666666666668
45,159,23.9,105.2,90.0,0.0016666666666666668
45,159,43.099999999999994,131.3,90.0,0.0016666666666666668
45,162,23.9,70.4,90.0,0.0016666666666666668
45,164,23.9,92.9,90.0,0.0016666666666666668
45,164,42.5,131.3,90.0,0.0016666666666666668
45,165,23.9,73.4,90.0,0.0016666666666666668
45,166,23.9,72.5,90.0,0.0016666666666666668
45,177,23.9,48.5,90.0,0.0016666666666666668
45,178,128.0,131.3,90.0,0.0016666666666666668
45,179,81.2,131.3,90.0,0.0016666666666666668
45,180,23.9,59.900000000000006,90.0,0.0016666666666666668
45,181,23.9,61.7,90.0,0.0016666666666666668
45,185,23.9,47.599999999999994,90.0,0.0016666666666666668
45,186,23.9,45.2,90.0,0.0016666666666666668
45,190,46.400000000000006,131.3,90.0,0.0016666666666666668
45,199,45.8,131.3,90.0,0.0016666666666666668
45,200,46.099999999999994,131.3,90.0,0.0016666666666666668
45,201,23.9,51.2,90.0,0.0016666666666666668
45,206,126.5,131.3,90.0,0.0016666666666666668
45,207,80.3,131.3,90.0,0.0016666666666666668
45,210,53.900000000000006,131.3,90.0,0.0016666666666666668
45,211,44.3,131.3,90.0,0.0016666666666666668
45,212,44.599999999999994,131.3,90.0,0.0016666666666666668
45,213,44.900000000000006,131.3,90.0,0.0016666666666666668
45,214,45.2,131.3,90.0,0.0016666666666666668
45,215,45.5,131.3,90.0,0.0016666666666666668
45,216,23.9,64.1,90.0,0.0016666666666666668
45,222,54.2,131.3,90.0,0.0016666666666666668
45,223,54.5,131.3,90.0,0.0016666666666666668
45,224,54.8,131.3,90.0,0.0016666666666666668
45,225,91.1,131.3,90.0,0.0016666666666666668
45,229,23.9,53.900000000000006,90.0,0.0016666666666666668
45,245,23.9,99.07749935930289,77.29096700560457,0.0017857062584988146
45,245,34.099999999999994,131.3,90.0,0.0016666666666666668
45,248,43.400000000000006,131.3,90.0,0.0016666666666666668
48,60,114.5,138.2,90.0,0.0016666666666666668
48,61,114.8,138.2,90.0,0.0016666666666666668
48,77,117.8,138.2,90.0,0.0016666666666666668
48,78,116.9,138.2,90.0,0.0016666666666666668
48,81,115.1,138.2,90.0,0.0016666666666666668
48,93,125.0,138.2,90.0,0.0016666666666666668
48,94,124.7,138.2,90.0,0.0016666666666666668
48,95,123.8,138.2,90.0,0.0016666666666666668
48,96,123.5,138.2,90.0,0.0016666666666666668
48,97,125.6,138.2,90.0,0.0016666666666666668
48,98,125.3,138.2,90.0,0.0016666666666666668
48,99,124.4,138.2,90.0,0.0016666666666666668
48,100,124.1,138.2,90.0,0.0016666666666666668
48,101,126.8,138.2,90.0,0.0016666666666666668
48,102,127.1,138.2,90.0,0.0016666666666666668
48,103,127.4,138.2,90.0,0.0016666666666666668
48,104,127.7,138.2,90.0,0.0016666666666666668
48,105,125.9,138.2,90.0,0.0016666666666666668
48,106,126.2,138.2,90.0,0.0016666666666666668
48,178,128.0,138.2,90.0,0.0016666666666666668
48,206,126.5,138.2,90.0,0.0016666666666666668
49,60,114.5,140.0,90.0,0.0016666666666666668
49,61,114.8,140.0,90.0,0.0016666666666666668
49,77,117.8,140.0,90.0,0.0016666666666666668
49,78,116.9,140.0,90.0,0.0016666666666666668
49,81,115.1,140.0,90.0,0.0016666666666666668
49,93,125.0,140.0,90.0,0.0016666666666666668
49,94,124.7,140.0,90.0,0.0016666666666666668
49,95,123.8,140.0,90.0,0.0016666666666666668
49,96,123.5,140.0,90.0,0.0016666666666666668
49,97,125.6,140.0,90.0,0.0016666666666666668
49,98,125.3,140.0,90.0,0.0016666666666666668
49,99,124.4,140.0,90.0,0.0016666666666666668
49,100,124.1,140.0,90.0,0.0016666666666666668
49,101,126.8,140.0,90.0,0.0016666666666666668
49,102,127.1,140.0,90.0,0.0016666666666666668
49,103,127.4,140.0,90.0,0.0016666666666666668
49,104,127.7,140.0,90.0,0.0016666666666666668
49,105,125.9,140.0,90.0,0.0016666666666666668
49,106,126.2,140.0,90.0,0.0016666666666666668
49,178,128.0,140.0,90.0,0.0016666666666666668
49,206,126.5,140.0,90.0,0.0016666666666666668
50,60,114.5,140.3040016012813,87.70755722404408,0.0018749929761864628
50,61,114.8,140.3,90.0,0.0016666666666666668
50,77,117.8,140.3,90.0,0.0016666666666666668
50,78,116.9,140.3,90.0,0.0016666666666666668
50,81,115.1,140.3,90.0,0.0016666666666666668
50,93,125.0,140.3,90.0,0.0016666666666666668
50,94,124.7,140.3,90.0,0.0016666666666666668
50,95,123.8,140.3,90.0,0.0016666666666666668
50,96,123.5,140.3,90.0,0.0016666666666666668
50,97,125.6,140.3,90.0,0.0016666666666666668
50,98,125.3,140.3,90.0,0.0016666666666666668
50,99,124.4,140.3,90.0,0.0016666666666666668
50,100,124.1,140.3,90.0,0.0016666666666666668
50,101,126.8,140.3,90.0,0.0016666666666666668
50,102,127.1,140.3,90.0,0.0016666666666666668
50,103,127.4,140.3,90.0,0.0016666666666666668
50,104,127.7,140.3,90.0,0.0016666666666666668
50,105,125.9,140.3,90.0,0.0016666666666666668
50,106,126.2,140.3,90.0,0.0016666666666666668
50,178,128.0,140.3040016012813,87.70755722404424,0.0018749929761864628
50,206,126.5,140.3,90.0,0.0016666666666666668
51,60,114.5,141.2250628144669,84.2608295227332,0.0018452401020419631
51,61,114.8,141.20400160128128,87.70755722404408,0.0018749929761864628
51,77,117.8,141.2,90.0,0.0016666666666666668
51,78,116.9,141.2,90.0,0.0016666666666666668
51,81,115.1,141.2,90.0,0.0016666666666666668
51,93,125.0,141.2,90.0,0.0016666666666666668
51,94,124.7,141.2,90.0,0.0016666666666666668
51,95,123.8,141.2,90.0,0.0016666666666666668
51,96,123.5,141.2,90.0,0.0016666666666666668
51,97,125.6,141.2,90.0,0.0016666666666666668
51,98,125.3,141.2,90.0,0.0016666666666666668
51,99,124.4,141.2,90.0,0.0016666666666666668
51,100,124.1,141.2,90.0,0.0016666666666666668
51,101,126.8,141.2,90.0,0.0016666666666666668
51,102,127.1,141.2,90.0,0.0016666666666666668
51,103,127.4,141.2,90.0,0.0016666666666666668
51,104,127.7,141.20400160128128,87.70755722404408,0.0018749929761864628
51,105,125.9,141.2,90.0,0.0016666666666666668
51,106,126.2,141.2,90.0,0.0016666666666666668
51,178,128.0,141.2250628144669,84.2608295227332,0.0018452401020419631
51,206,126.5,141.2,90.0,0.0016666666666666668
52,53,91.4,122.0,90.0,0.0016666666666666668
52,54,91.9978728217965,122.0,70.12312592992113,0.0033035804591888336
52,61,64.72691762911674,122.0,54.549457360824505,0.002261892721081555
52,61,113.87308237088325,122.0,54.549457360824505,0.002261892721081555
52,65,63.5,122.0,90.0,0.0016666666666666668
52,65,89.9,122.0,90.0,0.0016666666666666668
52,66,60.5,122.00400160128129,87.70755722404408,0.0018749929761864628
52,67,62.0,122.0,90.0,0.0016666666666666668
52,68,61.400000000000006,122.0,90.0,0.0016666666666666668
52,69,61.7,122.0,90.0,0.0016666666666666668
52,70,60.8,122.0,90.0,0.0016666666666666668
52,71,61.099999999999994,122.0,90.0,0.0016666666666666668
52,72,107.3,122.0,90.0,0.0016666666666666668
52,73,107.6,122.0,90.0,0.0016666666666666668
52,77,117.8,122.0,90.0,0.0016666666666666668
52,78,115.74187454245971,122.0,50.20818050044273,0.0038393007653147234
52,81,56.26040542391538,124.7,62.61289249734613,0.002113100255104908
52,85,108.8,122.0,90.0,0.0016666666666666668
52,86,107.9,122.0,90.0,0.0016666666666666668
52,87,108.2,122.0,90.0,0.0016666666666666668
52,88,108.5,122.0,90.0,0.0016666666666666668
52,90,107.0,122.0,90.0,0.0016666666666666668
52,93,72.8,122.0,90.0,0.0016666666666666668
52,93,125.0,122.0,90.0,0.0016666666666666668
52,94,73.1,122.0,90.0,0.0016666666666666668
52,94,124.7,122.0,90.0,0.0016666666666666668
52,95,123.8,122.0,90.0,0.0016666666666666668
52,96,123.5,122.0,90.0,0.0016666666666666668
52,97,82.1,122.0,90.0,0.0016666666666666668
52,97,125.6,122.0,90.0,0.0016666666666666668
52,98,82.4,122.0,90.0,0.0016666666666666668
52,98,125.3,122.0,90.0,0.0016666666666666668
52,99,82.7,122.0,90.0,0.0016666666666666668
52,99,124.4,122.0,90.0,0.0016666666666666668
52,100,83.0,122.0,90.0,0.0016666666666666668
52,100,124.1,122.0,90.0,0.0016666666666666668
52,101,126.8,122.0,90.0,0.0016666666666666668
52,102,127.1,122.0,90.0,0.0016666666666666668
52,103,127.4,122.0,90.0,0.0016666666666666668
52,104,127.7,122.0,90.0,0.0016666666666666668
52,105,58.99412778907681,122.3,19.94844358880259,0.006815487227897463
52,106,126.2,122.0,90.0,0.0016666666666666668
52,107,70.4,122.0,90.0,0.0016666666666666668
52,108,70.1,122.0,90.0,0.0016666666666666668
52,109,69.8,122.0,90.0,0.0016666666666666668
52,110,69.5,122.0,90.0,0.0016666666666666668
52,111,72.2,122.0,90.0,0.0016666666666666668
52,112,72.5,122.0,90.0,0.0016666666666666668
52,113,71.6,122.0,90.0,0.0016666666666666668
52,114,71.9,122.0,90.0,0.0016666666666666668
52,115,55.7,136.1,90.0,0.0016666666666666668
52,116,55.7,135.8,90.0,0.0016666666666666668
52,117,71.3,122.0,90.0,0.0016666666666666668
52,126,79.4,122.0,90.0,0.0016666666666666668
52,127,79.1,122.0,90.0,0.0016666666666666668
52,128,78.8,122.0,90.0,0.0016666666666666668
52,129,78.2021271782035,122.0,70.12312592992113,0.0033035804591888336
52,130,81.5,122.0,90.0,0.0016666666666666668
52,131,81.8,122.0,90.0,0.0016666666666666668
52,132,80.6,122.0,90.0,0.0016666666666666668
52,133,80.9,122.0,90.0,0.0016666666666666668
52,134,79.7,122.0,90.0,0.0016666666666666668
52,135,80.0,122.0,90.0,0.0016666666666666668
52,136,89.6,122.0,90.0,0.0016666666666666668
52,137,89.3,122.0,90.0,0.0016666666666666668
52,138,55.7,128.3,90.0,0.0016666666666666668
52,139,55.7,133.1,90.0,0.0016666666666666668
52,140,55.7,134.9,90.0,0.0016666666666666668
52,141,55.7,141.2,90.0,0.0016666666666666668
52,142,55.7,135.5,90.0,0.0016666666666666668
52,145,90.8,122.0,90.0,0.0016666666666666668
52,151,55.7,140.0,90.0,0.0016666666666666668
52,152,55.7,143.0,90.0,0.0016666666666666668
52,153,55.7,143.9,90.0,0.0016666666666666668
52,154,55.7,144.8,90.0,0.0016666666666666668
52,155,55.7,130.7,90.0,0.0016666666666666668
52,178,128.0,122.0,90.0,0.0016666666666666668
52,179,81.2,122.0,90.0,0.0016666666666666668
52,206,126.5,122.0,90.0,0.0016666666666666668
52,207,80.3,122.0,90.0,0.0016666666666666668
52,225,91.1,122.0,90.0,0.0016666666666666668
53,60,91.4,129.5,90.0,0.0016666666666666668
53,61,91.4,119.9,90.0,0.0016666666666666668
53,62,91.4,138.2,90.0,0.0016666666666666668
53,63,91.4,137.9,90.0,0.0016666666666666668
53,72,107.3,103.4,90.0,0.0016666666666666668
53,73,107.6,103.4,90.0,0.0016666666666666668
53,77,117.8,103.4,90.0,0.0016666666666666668
53,78,91.4,120.2,90.0,0.0016666666666666668
53,81,91.4,124.7,90.0,0.0016666666666666668
53,85,108.8,103.4,90.0,0.0016666666666666668
53,86,107.9,103.4,90.0,0.0016666666666666668
53,87,108.2,103.4,90.0,0.0016666666666666668
53,88,108.5,103.4,90.0,0.0016666666666666668
53,90,107.0,103.4,90.0,0.0016666666666666668
53,93,124.9749371855331,103.4,84.2608295227332,0.0018452401020419631
53,94,93.15038463814564,104.6,40.53580211131633,0.005833333333333334
53,95,91.4,108.5,90.0,0.0016666666666666668
53,96,91.4,116.3,90.0,0.0016666666666666668
53,97,125.6,103.4,90.0,0.0016666666666666668
53,98,125.3,103.4,90.0,0.0016666666666666668
53,99,91.60000000000001,107.0,73.73979529168798,0.0018452401020419631
53,100,91.42506281446691,107.9,84.2608295227332,0.0018452401020419631
53,101,126.8,103.4,90.0,0.0016666666666666668
53,102,127.1,103.4,90.0,0.0016666666666666668
53,103,127.4,103.4,90.0,0.0016666666666666668
53,104,127.7,103.4,90.0,0.0016666666666666668
53,105,91.4,122.3,90.0,0.0016666666666666668
53,106,126.2,103.4,90.0,0.0016666666666666668
53,151,91.4,140.0,90.0,0.0016666666666666668
53,152,91.4,143.0,90.0,0.0016666666666666668
53,153,91.4,143.9,90.0,0.0016666666666666668
53,154,91.4,144.8,90.0,0.0016666666666666668
53,155,91.4,130.7,90.0,0.0016666666666666668
53,178,128.0,103.4,90.0,0.0016666666666666668
53,206,126.5,103.4,90.0,0.0016666666666666668
54,60,91.7,129.5,90.0,0.0016666666666666668
54,61,93.45038463814561,119.9,40.53580211131668,0.005833333333333334
54,62,91.7,138.2,90.0,0.0016666666666666668
54,63,91.7,137.9,90.0,0.0016666666666666668
54,72,107.3,118.7,90.0,0.0016666666666666668
54,73,107.6,118.7,90.0,0.0016666666666666668
54,77,117.8,118.7,90.0,0.0016666666666666668
54,78,93.12928578572857,120.2,45.57299599919436,0.005714293741501186
54,81,91.7,124.7,90.0,0.0016666666666666668
54,85,108.8,118.7,90.0,0.0016666666666666668
54,86,107.9,118.7,90.0,0.0016666666666666668
54,87,108.2,118.7,90.0,0.0016666666666666668
54,88,108.5,118.7,90.0,0.0016666666666666668
54,90,107.0,118.7,90.0,0.0016666666666666668
54,93,125.0,118.7,90.0,0.0016666666666666668
54,94,124.7,118.7,90.0,0.0016666666666666668
54,95,123.8,118.7,90.0,0.0016666666666666668
54,96,122.77083130081253,118.7,58.66774850240584,0.00199406066327276
54,97,125.6,118.7,90.0,0.0016666666666666668
54,98,125.3,118.7,90.0,0.0016666666666666668
54,99,124.4,118.7,90.0,0.0016666666666666668
54,100,124.1,118.7,90.0,0.0016666666666666668
54,101,126.8,118.7,90.0,0.0016666666666666668
54,102,127.1,118.7,90.0,0.0016666666666666668
54,103,127.4,118.7,90.0,0.0016666666666666668
54,104,127.7,118.7,90.0,0.0016666666666666668
54,105,91.9,122.3,73.73979529168798,0.0018452401020419631
54,106,126.2,118.7,90.0,0.0016666666666666668
54,151,91.7,140.0,90.0,0.0016666666666666668
54,152,91.7,143.0,90.0,0.0016666666666666668
54,153,91.7,143.9,90.0,0.0016666666666666668
54,154,91.7,144.8040016012813,87.70755722404408,0.0018749929761864628
54,155,91.7,130.7,90.0,0.0016666666666666668
54,178,128.0,118.7,90.0,0.0016666666666666668
54,206,126.5,118.7,90.0,0.0016666666666666668
55,60,92.0,129.5,90.0,0.0016666666666666668
55,61,114.7749371855331,124.4,84.26082952273323,0.0018452401020419631
55,62,92.0,138.2,90.0,0.0016666666666666668
55,63,92.0,137.9,90.0,0.0016666666666666668
55,72,107.3,124.4,90.0,0.0016666666666666668
55,73,107.6,124.4,90.0,0.0016666666666666668
55,77,117.8,124.4,90.0,0.0016666666666666668
55,78,116.83558507170123,124.4,80.79310377865414,0.0018749929761864628
55,81,95.29412778907681,124.7,19.94844358880259,0.006815487227897463
55,85,108.8,124.4,90.0,0.0016666666666666668
55,86,107.9,124.4,90.0,0.0016666666666666668
55,87,108.2,124.4,90.0,0.0016666666666666668
55,88,108.5,124.4,90.0,0.0016666666666666668
55,90,107.0,124.4,90.0,0.0016666666666666668
55,93,125.0,124.4,90.0,0.0016666666666666668
55,94,124.7,124.4,90.0,0.0016666666666666668
55,95,123.8,124.4,90.0,0.0016666666666666668
55,96,123.5,124.4,90.0,0.0016666666666666668
55,97,125.6,124.4,90.0,0.0016666666666666668
55,98,125.3,124.4,90.0,0.0016666666666666668
55,99,124.4,124.4,90.0,0.0016666666666666668
55,100,124.1,124.4,90.0,0.0016666666666666668
55,101,126.8,124.4,90.0,0.0016666666666666668
55,102,127.1,124.4,90.0,0.0016666666666666668
55,103,127.4,124.4,90.0,0.0016666666666666668
55,104,127.7,124.4,90.0,0.0016666666666666668
55,105,124.97308237088328,124.4,54.54945736082474,0.002261892721081555
55,106,126.2,124.4,90.0,0.0016666666666666668
55,151,92.0,140.0,90.0,0.0016666666666666668
55,152,92.0,143.0,90.0,0.0016666666666666668
55,153,92.0,143.9040016012813,87.70755722404408,0.0018749929761864628
55,154,92.0,144.82506281446692,84.2608295227332,0.0018452401020419631
55,155,92.0,130.7,90.0,0.0016666666666666668
55,178,128.0,124.4,90.0,0.0016666666666666668
55,206,126.5,124.4,90.0,0.0016666666666666668
56,57,123.2,59.90587221092319,19.94844358880259,0.006815487227897463
56,57,135.2,70.09412778907677,19.94844358880311,0.006815487227897463
56,58,124.67721700923828,62.022782990761705,9.73512228141429,0.0073512075340233535
56,58,134.0227829907616,64.97721700923822,9.73512228141458,0.0073512075340233535
56,85,131.3,63.32250064069713,77.2909670056043,0.0017857062584988146
56,146,122.9,53.0,90.0,0.0016666666666666668
56,198,122.9,23.9,90.0,0.0016666666666666668
57,85,131.29306273634344,66.86329548218414,83.89216745603504,0.0017857062584988146
57,103,123.20705740609439,62.06556402987452,77.66659466084874,0.0017857062584988146
57,103,127.3929425939056,66.73443597012549,77.66659466084893,0.0017857062584988146
57,146,123.2,53.0,90.0,0.0016666666666666668
57,198,123.2,23.895998398718717,87.70755722404408,0.0018749929761864628
58,85,131.3,63.8250628144669,84.26082952273322,0.0018452401020419631
58,146,123.5,53.0,90.0,0.0016666666666666668
58,198,123.5,23.8749371855331,84.26082952273322,0.0018452401020419631
59,67,77.9,74.3,90.0,0.0016666666666666668
59,72,107.3,86.3,90.0,0.0016666666666666668
59,73,107.6,86.3,90.0,0.0016666666666666668
59,74,77.9,55.7,90.0,0.0016666666666666668
59,75,77.9,21.799999999999997,90.0,0.0016666666666666668
59,77,117.73558507170122,86.3,80.79310377865414,0.0018749929761864628
59,85,108.8,86.3,90.0,0.0016666666666666668
59,86,107.9,86.3,90.0,0.0016666666666666668
59,87,108.2,86.3,90.0,0.0016666666666666668
59,88,108.5,86.3,90.0,0.0016666666666666668
59,101,125.87308237088325,86.3,54.549457360824505,0.002261892721081555
59,102,127.0959983987187,86.3,87.70755722404408,0.0018749929761864628
59,103,127.4,86.3,90.0,0.0016666666666666668
59,104,126.97083130081252,86.3,58.66774850240561,0.00199406066327276
59,111,77.9,65.6,90.0,0.0016666666666666668
59,112,77.9,69.5,90.0,0.0016666666666666668
59,130,81.5,86.1,73.73979529168798,0.0018452401020419631
59,131,81.8,86.17749935930287,77.29096700560446,0.0017857062584988146
59,132,80.6,85.73959457608461,62.61289249734594,0.002113100255104908
59,133,80.9,85.88257569495583,66.42182152179815,0.002916680714293742
59,146,77.9,53.0,90.0,0.0016666666666666668
59,167,77.9,53.3,90.0,0.0016666666666666668
59,168,77.9,50.3,90.0,0.0016666666666666668
59,169,77.9,47.3,90.0,0.0016666666666666668
59,170,77.9,43.1,90.0,0.0016666666666666668
59,171,77.9,40.7,90.0,0.0016666666666666668
59,172,77.9,29.6,90.0,0.0016666666666666668
59,173,77.9,18.799999999999997,90.0,0.0016666666666666668
59,174,77.9,12.799999999999997,90.0,0.0016666666666666668
59,175,77.9,8.299999999999997,90.0,0.0016666666666666668
59,176,77.9,5.0,90.0,0.0016666666666666668
59,177,77.9,48.5,90.0,0.0016666666666666668
59,178,127.9749371855331,86.3,84.2608295227332,0.0018452401020419631
59,179,81.2,86.0021271782035,70.12312592992113,0.0033035804591888336
59,180,77.9,59.9,90.0,0.0016666666666666668
59,181,77.9,61.7,90.0,0.0016666666666666668
59,183,77.9,32.3,90.0,0.0016666666666666668
59,184,77.9,21.200000000000003,90.0,0.0016666666666666668
59,185,77.9,47.6,90.0,0.0016666666666666668
59,186,77.9,45.2,90.0,0.0016666666666666668
59,187,77.9,27.799999999999997,90.0,0.0016666666666666668
59,188,77.9,22.1,90.0,0.0016666666666666668
59,189,77.9,18.200000000000003,90.0,0.0016666666666666668
59,190,77.9,14.599999999999994,90.0,0.0016666666666666668
59,194,77.9,11.299999999999997,90.0,0.0016666666666666668
59,195,77.9,10.400000000000006,90.0,0.0016666666666666668
59,196,77.9,5.299999999999997,90.0,0.0016666666666666668
59,197,77.9,17.6,90.0,0.0016666666666666668
59,199,77.9,62.3,90.0,0.0016666666666666668
59,200,77.9,67.7,90.0,0.0016666666666666668
59,201,77.9,51.2,90.0,0.0016666666666666668
59,202,77.9,45.8,90.0,0.0016666666666666668
59,203,77.9,57.2,90.0,0.0016666666666666668
59,204,77.9,56.3,90.0,0.0016666666666666668
59,205,77.9,50.9,90.0,0.0016666666666666668
59,206,79.0581254575403,84.5,50.20818050044273,0.0038393007653147234
59,206,125.3418745424597,86.3,50.20818050044273,0.0038393007653147234
59,249,77.9,15.5,90.0,0.0016666666666666668
59,250,77.9,43.7,90.0,0.0016666666666666668
59,251,77.9,41.0,90.0,0.0016666666666666668
59,252,77.9,38.0,90.0,0.0016666666666666668
59,253,77.9,32.9,90.0,0.0016666666666666668
59,254,77.9,24.799999999999997,90.0,0.0016666666666666668
60,64,89.0,129.5,90.0,0.0016666666666666668
60,65,89.9,129.5,90.0,0.0016666666666666668
60,72,107.3,129.5,90.0,0.0016666666666666668
60,73,107.6,129.5,90.0,0.0016666666666666668
60,85,108.8,129.5,90.0,0.0016666666666666668
60,86,107.9,129.5,90.0,0.0016666666666666668
60,87,108.2,129.5,90.0,0.0016666666666666668
60,88,108.5,129.5,90.0,0.0016666666666666668
60,90,107.0,129.5,90.0,0.0016666666666666668
60,93,72.8,129.5,90.0,0.0016666666666666668
60,94,73.1,129.5,90.0,0.0016666666666666668
60,97,82.1,129.5,90.0,0.0016666666666666668
60,98,82.4,129.5,90.0,0.0016666666666666668
60,99,82.7,129.5,90.0,0.0016666666666666668
60,100,83.0,129.5,90.0,0.0016666666666666668
60,107,70.4,129.5,90.0,0.0016666666666666668
60,108,70.1,129.5,90.0,0.0016666666666666668
60,109,69.8,129.5,90.0,0.0016666666666666668
60,110,69.5,129.5,90.0,0.0016666666666666668
60,111,72.2,129.5,90.0,0.0016666666666666668
60,112,72.5,129.5,90.0,0.0016666666666666668
60,113,71.6,129.5,90.0,0.0016666666666666668
60,114,71.9,129.5,90.0,0.0016666666666666668
60,115,64.4,136.1,90.0,0.0016666666666666668
60,116,64.4,135.8,90.0,0.0016666666666666668
60,117,71.3,129.5,90.0,0.0016666666666666668
60,126,79.4,129.5,90.0,0.0016666666666666668
60,127,79.1,129.5,90.0,0.0016666666666666668
60,128,78.8,129.5,90.0,0.0016666666666666668
60,129,78.5,129.5,90.0,0.0016666666666666668
60,130,81.5,129.5,90.0,0.0016666666666666668
60,131,81.8,129.5,90.0,0.0016666666666666668
60,132,80.6,129.5,90.0,0.0016666666666666668
60,133,80.9,129.5,90.0,0.0016666666666666668
60,134,79.7,129.5,90.0,0.0016666666666666668
60,135,80.0,129.5,90.0,0.0016666666666666668
60,136,89.6,129.5,90.0,0.0016666666666666668
60,137,89.3,129.5,90.0,0.0016666666666666668
60,138,86.94961536185437,129.5,40.53580211131633,0.005833333333333334
60,139,64.60000000000001,133.1,73.73979529168798,0.0018452401020419631
60,140,64.4,134.9,90.0,0.0016666666666666668
60,141,64.4,141.2,90.0,0.0016666666666666668
60,142,64.4,135.5,90.0,0.0016666666666666668
60,145,90.8,129.5,90.0,0.0016666666666666668
60,151,64.4,140.0,90.0,0.0016666666666666668
60,152,64.4,143.0,90.0,0.0016666666666666668
60,153,64.4,143.9,90.0,0.0016666666666666668
60,154,64.4,144.8,90.0,0.0016666666666666668
60,155,66.15038463814564,130.7,40.53580211131633,0.005833333333333334
60,179,81.2,129.5,90.0,0.0016666666666666668
60,207,80.3,129.5,90.0,0.0016666666666666668
60,225,91.1,129.5,90.0,0.0016666666666666668
61,65,89.9,119.9,90.0,0.0016666666666666668
61,72,107.3,119.9,90.0,0.0016666666666666668
61,73,107.6,119.9,90.0,0.0016666666666666668
61,78,67.09412778907681,120.2,19.94844358880259,0.006815487227897463
61,78,111.50587221092319,120.2,19.94844358880259,0.006815487227897463
61,81,63.80400160128128,124.7,87.70755722404408,0.0018749929761864628
61,81,114.8,127.9941277890768,19.94844358880259,0.006815487227897463
61,85,108.8,119.9,90.0,0.0016666666666666668
61,86,107.9,119.9,90.0,0.0016666666666666668
61,87,108.2,119.9,90.0,0.0016666666666666668
61,88,108.5,119.9,90.0,0.0016666666666666668
61,90,107.0,119.9,90.0,0.0016666666666666668
61,93,72.8,119.9,90.0,0.0016666666666666668
61,94,73.1,119.9,90.0,0.0016666666666666668
61,97,82.1,119.9,90.0,0.0016666666666666668
61,98,82.4,119.9,90.0,0.0016666666666666668
61,99,82.7,119.9,90.0,0.0016666666666666668
61,100,83.0,119.9,90.0,0.0016666666666666668
61,105,64.52916869918748,122.3,58.66774850240561,0.00199406066327276
61,105,114.07083130081251,122.3,58.66774850240561,0.00199406066327276
61,107,70.4,119.9,90.0,0.0016666666666666668
61,108,70.1,119.9,90.0,0.0016666666666666668
61,109,69.8,119.9,90.0,0.0016666666666666668
61,110,69.5,119.9,90.0,0.0016666666666666668
61,111,72.2,119.9,90.0,0.0016666666666666668
61,112,72.5,119.9,90.0,0.0016666666666666668
61,113,71.6,119.9,90.0,0.0016666666666666668
61,114,71.9,119.9,90.0,0.0016666666666666668
61,115,63.8,136.1,90.0,0.0016666666666666668
61,116,63.8,135.8,90.0,0.0016666666666666668
61,117,70.88257569495585,119.9,66.42182152179822,0.002916680714293742
61,126,79.4,119.9,90.0,0.0016666666666666668
61,127,79.1,119.9,90.0,0.0016666666666666668
61,128,78.8,119.9,90.0,0.0016666666666666668
61,129,76.74961536185438,119.9,40.535802111316556,0.005833333333333334
61,130,81.5,119.9,90.0,0.0016666666666666668
61,131,81.8,119.9,90.0,0.0016666666666666668
61,132,80.6,119.9,90.0,0.0016666666666666668
61,133,80.9,119.9,90.0,0.0016666666666666668
61,134,79.7,119.9,90.0,0.0016666666666666668
61,135,80.0,119.9,90.0,0.0016666666666666668
61,136,89.6,119.9,90.0,0.0016666666666666668
61,137,89.3,119.9,90.0,0.0016666666666666668
61,138,63.8,128.3,90.0,0.0016666666666666668
61,139,63.8,133.1,90.0,0.0016666666666666668
61,140,63.8,134.9,90.0,0.0016666666666666668
61,141,63.8,141.2,90.0,0.0016666666666666668
61,142,63.8,135.5,90.0,0.0016666666666666668
61,145,90.8,119.9,90.0,0.0016666666666666668
61,151,63.8,140.0,90.0,0.0016666666666666668
61,152,63.8,143.0,90.0,0.0016666666666666668
61,153,63.8,143.9,90.0,0.0016666666666666668
61,154,63.8,144.8,90.0,0.0016666666666666668
61,155,63.8,130.7,90.0,0.0016666666666666668
61,179,81.2,119.9,90.0,0.0016666666666666668
61,207,80.3,119.9,90.0,0.0016666666666666668
61,225,91.1,119.9,90.0,0.0016666666666666668
62,64,89.0,138.2,90.0,0.0016666666666666668
62,65,89.9,138.2,90.0,0.0016666666666666668
62,93,72.8,138.2,90.0,0.0016666666666666668
62,94,73.1,138.2,90.0,0.0016666666666666668
62,97,82.1,138.2,90.0,0.0016666666666666668
62,98,82.4,138.2,90.0,0.0016666666666666668
62,99,82.7,138.2,90.0,0.0016666666666666668
62,100,83.0,138.2,90.0,0.0016666666666666668
62,107,70.4,138.2,90.0,0.0016666666666666668
62,108,70.1,138.2,90.0,0.0016666666666666668
62,109,69.8,138.20400160128128,87.70755722404408,0.0018749929761864628
62,110,69.5,138.2250628144669,84.2608295227332,0.0018452401020419631
62,111,72.2,138.2,90.0,0.0016666666666666668
62,112,72.5,138.2,90.0,0.0016666666666666668
62,113,71.6,138.2,90.0,0.0016666666666666668
62,114,71.9,138.2,90.0,0.0016666666666666668
62,115,69.77663190058436,138.20499182261293,57.18010842919323,0.0021726340986480564
62,116,70.27083130081252,138.2,58.66774850240547,0.00199406066327276
62,117,71.3,138.2,90.0,0.0016666666666666668
62,126,79.4,138.2,90.0,0.0016666666666666668
62,127,79.1,138.2,90.0,0.0016666666666666668
62,128,78.8,138.2,90.0,0.0016666666666666668
62,129,78.5,138.2,90.0,0.0016666666666666668
62,130,81.5,138.2,90.0,0.0016666666666666668
62,131,81.8,138.2,90.0,0.0016666666666666668
62,132,80.6,138.2,90.0,0.0016666666666666668
62,133,80.9,138.2,90.0,0.0016666666666666668
62,134,79.7,138.2,90.0,0.0016666666666666668
62,135,80.0,138.2,90.0,0.0016666666666666668
62,136,89.6,138.2,90.0,0.0016666666666666668
62,137,89.3,138.2,90.0,0.0016666666666666668
62,138,88.7,138.2,90.0,0.0016666666666666668
62,139,88.4,138.2,90.0,0.0016666666666666668
62,140,87.80212717820349,138.2,70.12312592992097,0.0033035804591888336
62,141,65.41742430504416,141.2,66.42182152179815,0.002916680714293742
62,142,87.23959457608461,138.2,62.61289249734594,0.002113100255104908
62,145,90.8,138.2,90.0,0.0016666666666666668
62,151,66.15812545754028,140.0,50.20818050044296,0.0038393007653147234
62,152,65.00400160128129,143.0,87.70755722404424,0.0018749929761864628
62,153,65.0,143.9,90.0,0.0016666666666666668
62,154,65.0,144.8,90.0,0.0016666666666666668
62,155,97.7,138.2,90.0,0.0016666666666666668
62,179,81.2,138.2,90.0,0.0016666666666666668
62,207,80.3,138.2,90.0,0.0016666666666666668
62,225,91.1,138.2,90.0,0.0016666666666666668
63,64,89.0,137.9,90.0,0.0016666666666666668
63,65,89.9,137.9,90.0,0.0016666666666666668
63,93,72.8,137.9,90.0,0.0016666666666666668
63,94,73.1,137.9,90.0,0.0016666666666666668
63,97,82.1,137.9,90.0,0.0016666666666666668
63,98,82.4,137.9,90.0,0.0016666666666666668
63,99,82.7,137.9,90.0,0.0016666666666666668
63,100,83.0,137.9,90.0,0.0016666666666666668
63,107,70.4,137.9,90.0,0.0016666666666666668
63,108,70.1,137.9,90.0,0.0016666666666666668
63,109,69.8,137.9,90.0,0.0016666666666666668
63,110,69.5,137.9040016012813,87.70755722404408,0.0018749929761864628
63,111,72.2,137.9,90.0,0.0016666666666666668
63,112,72.5,137.9,90.0,0.0016666666666666668
63,113,71.6,137.9,90.0,0.0016666666666666668
63,114,71.9,137.9,90.0,0.0016666666666666668
63,115,69.54390325396406,137.90243721341324,52.03354591785876,0.002202386972792556
63,116,70.07308237088326,137.9,54.549457360824505,0.002261892721081555
63,117,71.3,137.9,90.0,0.0016666666666666668
63,126,79.4,137.9,90.0,0.0016666666666666668
63,127,79.1,137.9,90.0,0.0016666666666666668
63,128,78.8,137.9,90.0,0.0016666666666666668
63,129,78.5,137.9,90.0,0.0016666666666666668
63,130,81.5,137.9,90.0,0.0016666666666666668
63,131,81.8,137.9,90.0,0.0016666666666666668
63,132,80.6,137.9,90.0,0.0016666666666666668
63,133,80.9,137.9,90.0,0.0016666666666666668
63,134,79.7,137.9,90.0,0.0016666666666666668
63,135,80.0,137.9,90.0,0.0016666666666666668
63,136,89.6,137.9,90.0,0.0016666666666666668
63,137,89.3,137.9,90.0,0.0016666666666666668
63,138,88.7,137.9,90.0,0.0016666666666666668
63,139,88.39599839871872,137.9,87.70755722404424,0.0018749929761864628
63,140,87.68257569495583,137.9,66.42182152179815,0.002916680714293742
63,141,64.9978728217965,141.2,70.12312592992097,0.0033035804591888336
63,142,87.07083130081253,137.9,58.66774850240584,0.00199406066327276
63,145,90.8,137.9,90.0,0.0016666666666666668
63,151,65.62691762911675,140.0,54.549457360824505,0.002261892721081555
63,152,64.7,143.0,90.0,0.0016666666666666668
63,153,64.7,143.9,90.0,0.0016666666666666668
63,154,64.7,144.8,90.0,0.0016666666666666668
63,155,97.7,137.9,90.0,0.0016666666666666668
63,179,81.2,137.9,90.0,0.0016666666666666668
63,207,80.3,137.9,90.0,0.0016666666666666668
63,225,91.1,137.9,90.0,0.0016666666666666668
64,81,66.7251315825924,124.7,28.357636576328165,0.002291673690480204
64,81,86.3748684174076,124.7,28.357636576328165,0.002291673690480204
64,93,72.8,124.1,90.0,0.0016666666666666668
64,94,73.1,124.1,90.0,0.0016666666666666668
64,97,82.1,124.1,90.0,0.0016666666666666668
64,98,82.4,124.1,90.0,0.0016666666666666668
64,99,82.7,124.1,90.0,0.0016666666666666668
64,100,83.0,124.1,90.0,0.0016666666666666668
64,107,70.4,124.1,90.0,0.0016666666666666668
64,108,70.1,124.1,90.0,0.0016666666666666668
64,109,69.8,124.1,90.0,0.0016666666666666668
64,110,69.5,124.1,90.0,0.0016666666666666668
64,111,72.2,124.1,90.0,0.0016666666666666668
64,112,72.5,124.1,90.0,0.0016666666666666668
64,113,71.6,124.1,90.0,0.0016666666666666668
64,114,71.9,124.1,90.0,0.0016666666666666668
64,115,64.1,136.1,90.0,0.0016666666666666668
64,116,64.1,135.8,90.0,0.0016666666666666668
64,117,71.3,124.1,90.0,0.0016666666666666668
64,126,79.4,124.1,90.0,0.0016666666666666668
64,127,79.1,124.1,90.0,0.0016666666666666668
64,128,78.8,124.1,90.0,0.0016666666666666668
64,129,78.5,124.1,90.0,0.0016666666666666668
64,130,81.5,124.1,90.0,0.0016666666666666668
64,131,81.8,124.1,90.0,0.0016666666666666668
64,132,80.6,124.1,90.0,0.0016666666666666668
64,133,80.9,124.1,90.0,0.0016666666666666668
64,134,79.7,124.1,90.0,0.0016666666666666668
64,135,80.0,124.1,90.0,0.0016666666666666668
64,138,64.16441492829877,128.3,80.7931037786543,0.0018749929761864628
64,139,64.1,133.1,90.0,0.0016666666666666668
64,140,64.1,134.9,90.0,0.0016666666666666668
64,141,64.1,141.2,90.0,0.0016666666666666668
64,142,64.1,135.5,90.0,0.0016666666666666668
64,151,64.1,140.0,90.0,0.0016666666666666668
64,151,89.0,140.0,90.0,0.0016666666666666668
64,152,64.1,143.0,90.0,0.0016666666666666668
64,152,89.0,143.0,90.0,0.0016666666666666668
64,153,64.1,143.9,90.0,0.0016666666666666668
64,153,89.0,143.9,90.0,0.0016666666666666668
64,154,64.1,144.8,90.0,0.0016666666666666668
64,154,89.0,144.8,90.0,0.0016666666666666668
64,155,64.1,130.7,90.0,0.0016666666666666668
64,155,89.0,130.7,90.0,0.0016666666666666668
64,179,81.2,124.1,90.0,0.0016666666666666668
64,207,80.3,124.1,90.0,0.0016666666666666668
65,78,63.5,120.2,90.0,0.0016666666666666668
65,78,89.9,120.2,90.0,0.0016666666666666668
65,81,63.5,124.7,90.0,0.0016666666666666668
65,81,89.9,124.7,90.0,0.0016666666666666668
65,93,73.36040542391538,101.6,62.61289249734594,0.002113100255104908
65,94,89.48257569495584,104.6,66.42182152179815,0.002916680714293742
65,95,63.5,108.5,90.0,0.0016666666666666668
65,95,89.9,108.5,90.0,0.0016666666666666668
65,96,63.5,116.3,90.0,0.0016666666666666668
65,96,89.9,116.3,90.0,0.0016666666666666668
65,97,82.1,101.6,90.0,0.0016666666666666668
65,98,82.69787282179651,101.6,70.12312592992113,0.0033035804591888336
65,99,89.9,107.0,90.0,0.0016666666666666668
65,100,89.9,107.9,90.0,0.0016666666666666668
65,105,63.5,122.3,90.0,0.0016666666666666668
65,105,89.9,122.3,90.0,0.0016666666666666668
65,107,70.4,101.6,90.0,0.0016666666666666668
65,108,70.1,101.6,90.0,0.0016666666666666668
65,109,69.8,101.6,90.0,0.0016666666666666668
65,110,69.5,101.6,90.0,0.0016666666666666668
65,111,72.2,101.6,90.0,0.0016666666666666668
65,112,72.5,101.6,90.0,0.0016666666666666668
65,113,71.6,101.6,90.0,0.0016666666666666668
65,114,71.9,101.6,90.0,0.0016666666666666668
65,115,63.5,136.1,90.0,0.0016666666666666668
65,116,63.5,135.8,90.0,0.0016666666666666668
65,117,63.5,116.9,90.0,0.0016666666666666668
65,126,79.4,101.6,90.0,0.0016666666666666668
65,127,78.97749935930287,101.6,77.29096700560446,0.0017857062584988146
65,128,63.5,107.0,90.0,0.0016666666666666668
65,129,63.5,118.7,90.0,0.0016666666666666668
65,130,81.5,101.6,90.0,0.0016666666666666668
65,131,81.8,101.6,90.0,0.0016666666666666668
65,132,80.6,101.6,90.0,0.0016666666666666668
65,133,80.9,101.6,90.0,0.0016666666666666668
65,134,78.54187454245971,101.6,50.20818050044273,0.0038393007653147234
65,135,63.797872821796496,104.9,70.12312592992131,0.0033035804591888336
65,136,64.65812545754028,103.4,50.20818050044296,0.0038393007653147234
65,137,63.5,113.3,90.0,0.0016666666666666668
65,138,63.5,128.3,90.0,0.0016666666666666668
65,139,63.5,133.1,90.0,0.0016666666666666668
65,140,63.5,134.9,90.0,0.0016666666666666668
65,141,63.5,141.2,90.0,0.0016666666666666668
65,142,63.5,135.5,90.0,0.0016666666666666668
65,151,63.5,140.0,90.0,0.0016666666666666668
65,151,89.9,140.0,90.0,0.0016666666666666668
65,152,63.5,143.0,90.0,0.0016666666666666668
65,152,89.9,143.0,90.0,0.0016666666666666668
65,153,63.5,143.9,90.0,0.0016666666666666668
65,153,89.9,143.9,90.0,0.0016666666666666668
65,154,63.5,144.8,90.0,0.0016666666666666668
65,154,89.9,144.8,90.0,0.0016666666666666668
65,155,63.5,130.7,90.0,0.0016666666666666668
65,155,89.9,130.7,90.0,0.0016666666666666668
65,179,81.2,101.6,90.0,0.0016666666666666668
65,207,80.3,101.6,90.0,0.0016666666666666668
66,70,46.7,111.5,90.0,0.0016666666666666668
66,70,60.5,114.79412778907681,19.94844358880259,0.006815487227897463
66,71,49.99412778907681,87.5,19.94844358880259,0.006815487227897463
66,71,58.031031151732286,87.88793769653536,7.692812451559863,0.009613100255104907
66,78,50.0,87.4978728217965,70.12312592992113,0.0033035804591888336
66,78,60.5,120.2,90.0,0.0016666666666666668
66,81,46.7,124.7,90.0,0.0016666666666666668
66,81,60.5,124.7,90.0,0.0016666666666666668
66,95,60.5,108.5,90.0,0.0016666666666666668
66,96,60.5,116.3,90.0,0.0016666666666666668
66,105,46.7,122.3,90.0,0.0016666666666666668
66,105,60.5,122.3,90.0,0.0016666666666666668
66,106,49.325131582592434,87.8,28.357636576327803,0.002291673690480204
66,106,57.874868417407576,87.8,28.357636576327877,0.002291673690480204
66,109,47.429168699187485,89.6,58.66774850240561,0.00199406066327276
66,109,59.77083130081252,89.6,58.66774850240561,0.00199406066327276
66,110,47.26040542391538,89.9,62.61289249734613,0.002113100255104908
66,110,59.93959457608462,89.9,62.61289249734613,0.002113100255104908
66,113,48.289810017317485,88.54341630999484,57.87284556201379,0.0021726340986480564
66,113,60.5,92.6,90.0,0.0016666666666666668
66,114,48.5,88.3581254575403,50.20818050044273,0.0038393007653147234
66,114,60.5,94.4,90.0,0.0016666666666666668
66,115,46.7,136.1,90.0,0.0016666666666666668
66,115,60.5,136.1,90.0,0.0016666666666666668
66,116,46.7,135.8,90.0,0.0016666666666666668
66,116,60.5,135.8,90.0,0.0016666666666666668
66,117,46.7,116.9,90.0,0.0016666666666666668
66,117,60.5,116.9,90.0,0.0016666666666666668
66,118,52.4,87.2,90.0,0.0016666666666666668
66,119,51.37716533545995,87.21043310703512,62.50959913856182,0.002113100255104908
66,120,46.7,95.6,90.0,0.0016666666666666668
66,121,46.7,101.60400160128128,87.70755722404408,0.0018749929761864628
66,122,47.305271424117905,89.8153908613097,31.115759480520843,0.003035720306125889
66,123,52.95927890997498,87.2,68.7259703378939,0.0031250070238135375
66,124,53.36522471907296,87.2,72.3724078465686,0.002232139846937056
66,125,51.543903253964054,87.20243721341322,52.03354591785854,0.002202386972792556
66,126,46.7250628144669,91.7,84.26082952273322,0.0018452401020419631
66,126,60.4749371855331,91.7,84.26082952273322,0.0018452401020419631
66,127,46.7,97.7,90.0,0.0016666666666666668
66,127,60.5,97.7,90.0,0.0016666666666666668
66,128,46.7,107.0,90.0,0.0016666666666666668
66,128,60.5,107.0,90.0,0.0016666666666666668
66,129,46.7,118.7,90.0,0.0016666666666666668
66,129,60.5,118.7,90.0,0.0016666666666666668
66,134,46.7,99.8,90.0,0.0016666666666666668
66,134,60.5,99.8,90.0,0.0016666666666666668
66,135,46.7,104.9,90.0,0.0016666666666666668
66,135,60.5,104.9,90.0,0.0016666666666666668
66,136,46.7,103.4,90.0,0.0016666666666666668
66,136,60.5,103.4,90.0,0.0016666666666666668
66,137,46.7,113.3,90.0,0.0016666666666666668
66,137,60.5,113.3,90.0,0.0016666666666666668
66,138,46.7,128.3,90.0,0.0016666666666666668
66,138,60.5,128.3,90.0,0.0016666666666666668
66,139,46.7,133.1,90.0,0.0016666666666666668
66,139,60.5,133.1,90.0,0.0016666666666666668
66,140,46.7,134.9,90.0,0.0016666666666666668
66,140,60.5,134.9,90.0,0.0016666666666666668
66,141,46.7,141.2,90.0,0.0016666666666666668
66,141,60.5,141.2,90.0,0.0016666666666666668
66,142,46.7,135.5,90.0,0.0016666666666666668
66,142,60.5,135.5,90.0,0.0016666666666666668
66,151,46.7,140.0,90.0,0.0016666666666666668
66,151,60.5,140.0,90.0,0.0016666666666666668
66,152,46.7,143.0,90.0,0.0016666666666666668
66,152,60.5,143.0,90.0,0.0016666666666666668
66,153,46.7,143.9,90.0,0.0016666666666666668
66,153,60.5,143.9,90.0,0.0016666666666666668
66,154,46.7,144.8,90.0,0.0016666666666666668
66,154,60.5,144.8,90.0,0.0016666666666666668
66,155,60.5,130.7,90.0,0.0016666666666666668
66,207,48.8,88.12691762911675,54.549457360824505,0.002261892721081555
66,207,60.5,94.7,90.0,0.0016666666666666668
66,210,53.9,87.2,90.0,0.0016666666666666668
66,222,54.2,87.2,90.0,0.0016666666666666668
66,223,54.5,87.2,90.0,0.0016666666666666668
66,224,54.8,87.2,90.0,0.0016666666666666668
67,68,62.11860019885504,78.21744007954203,18.594324543958532,0.009345240102041963
67,68,75.27071421427142,74.3,45.57299599919425,0.005714293741501186
67,69,62.0,79.3941277890768,19.94844358880259,0.006815487227897463
67,69,75.8418745424597,74.3,50.20818050044273,0.0038393007653147234
67,74,95.3,55.7,90.0,0.0016666666666666668
67,75,95.3,21.8,90.0,0.0016666666666666668
67,76,95.3,7.7,90.0,0.0016666666666666668
67,78,62.0,120.2,90.0,0.0016666666666666668
67,81,62.0,124.7,90.0,0.0016666666666666668
67,90,77.6,74.3,90.0,0.0016666666666666668
67,95,62.0,108.5,90.0,0.0016666666666666668
67,96,62.0,116.3,90.0,0.0016666666666666668
67,105,62.0,122.3,90.0,0.0016666666666666668
67,106,62.0,87.8,90.0,0.0016666666666666668
67,107,62.0,82.4,90.0,0.0016666666666666668
67,108,62.0,82.7,90.0,0.0016666666666666668
67,109,62.0,89.6,90.0,0.0016666666666666668
67,110,62.0,89.9,90.0,0.0016666666666666668
67,111,72.2,74.3,90.0,0.0016666666666666668
67,111,95.3,62.305872210923184,19.94844358880259,0.006815487227897463
67,112,72.50400160128129,74.3,87.70755722404408,0.0018749929761864628
67,112,95.3,66.8748684174076,28.357636576328165,0.002291673690480204
67,113,62.0,92.6,90.0,0.0016666666666666668
67,114,62.0,94.4,90.0,0.0016666666666666668
67,115,62.0,136.1,90.0,0.0016666666666666668
67,116,62.0,135.8,90.0,0.0016666666666666668
67,117,62.0,116.9,90.0,0.0016666666666666668
67,126,62.0,91.7,90.0,0.0016666666666666668
67,127,62.0,97.7,90.0,0.0016666666666666668
67,128,62.0,107.0,90.0,0.0016666666666666668
67,129,62.0,118.7,90.0,0.0016666666666666668
67,130,81.5,74.3,90.0,0.0016666666666666668
67,130,95.3,67.4,90.0,0.0016666666666666668
67,131,84.42513158259243,74.3,28.357636576327803,0.002291673690480204
67,131,92.67486841740757,73.7,28.357636576327803,0.002291673690480204
67,132,84.56203002180878,74.3,56.346691963468395,0.0021428531292494077
67,133,85.04683708953132,74.3,60.3852123948366,0.0018452401020419631
67,134,62.0,99.8,90.0,0.0016666666666666668
67,135,62.0,104.9,90.0,0.0016666666666666668
67,136,62.0,103.4,90.0,0.0016666666666666668
67,137,62.0,113.3,90.0,0.0016666666666666668
67,138,62.0,128.3,90.0,0.0016666666666666668
67,139,62.0,133.1,90.0,0.0016666666666666668
67,140,62.0,134.9,90.0,0.0016666666666666668
67,141,62.0,141.2,90.0,0.0016666666666666668
67,142,62.0,135.5,90.0,0.0016666666666666668
67,145,68.6,74.3,90.0,0.0016666666666666668
67,146,95.3,53.0,90.0,0.0016666666666666668
67,151,62.0,140.0,90.0,0.0016666666666666668
67,152,62.0,143.0,90.0,0.0016666666666666668
67,153,62.0,143.9,90.0,0.0016666666666666668
67,154,62.0,144.8,90.0,0.0016666666666666668
67,155,62.0,130.7,90.0,0.0016666666666666668
67,179,81.92916869918749,74.3,58.66774850240561,0.00199406066327276
67,179,94.57083130081251,71.9,58.66774850240561,0.00199406066327276
67,180,95.3,59.9,90.0,0.0016666666666666668
67,181,95.3,61.7,90.0,0.0016666666666666668
67,182,95.3,35.6,90.0,0.0016666666666666668
67,183,95.3,32.3,90.0,0.0016666666666666668
67,184,95.3,21.2,90.0,0.0016666666666666668
67,185,95.3,47.6,90.0,0.0016666666666666668
67,186,95.3,45.2,90.0,0.0016666666666666668
67,187,95.3,27.8,90.0,0.0016666666666666668
67,188,95.3,22.1,90.0,0.0016666666666666668
67,189,95.3,18.2,90.0,0.0016666666666666668
67,190,95.3,14.6,90.0,0.0016666666666666668
67,191,95.3,24.5,90.0,0.0016666666666666668
67,192,95.3,14.9,90.0,0.0016666666666666668
67,193,95.3,10.1,90.0,0.0016666666666666668
67,194,95.3,11.3,90.0,0.0016666666666666668
67,195,95.3,10.4,90.0,0.0016666666666666668
67,196,95.3,5.3,90.0,0.0016666666666666668
67,197,95.3,17.6,90.0,0.0016666666666666668
67,198,95.3,23.9,90.0,0.0016666666666666668
67,206,62.0,84.5,90.0,0.0016666666666666668
67,207,62.0,94.7,90.0,0.0016666666666666668
67,225,77.3,74.3,90.0,0.0016666666666666668
67,249,95.3,15.5,90.0,0.0016666666666666668
67,251,95.3,41.0,90.0,0.0016666666666666668
67,252,95.3,38.0,90.0,0.0016666666666666668
67,253,95.3,32.9,90.0,0.0016666666666666668
67,254,95.3,24.8,90.0,0.0016666666666666668
68,74,76.7,55.7,90.0,0.0016666666666666668
68,75,76.7,21.8,90.0,0.0016666666666666668
68,78,61.4,120.2,90.0,0.0016666666666666668
68,81,61.4,124.7,90.0,0.0016666666666666668
68,95,61.4,108.5,90.0,0.0016666666666666668
68,96,61.4,116.3,90.0,0.0016666666666666668
68,105,61.4,122.3,90.0,0.0016666666666666668
68,106,61.4,87.8,90.0,0.0016666666666666668
68,107,61.4,82.4,90.0,0.0016666666666666668
68,108,61.4,82.7,90.0,0.0016666666666666668
68,109,61.4,89.6,90.0,0.0016666666666666668
68,110,61.4,89.9,90.0,0.0016666666666666668
68,111,72.2,75.77493718553309,84.2608295227332,0.0018452401020419631
68,111,76.7,65.6250628144669,84.2608295227332,0.0018452401020419631
68,112,72.5,75.73558507170122,80.79310377865414,0.0018749929761864628
68,112,76.7,69.56441492829877,80.79310377865414,0.0018749929761864628
68,113,61.4,92.6,90.0,0.0016666666666666668
68,114,61.4,94.4,90.0,0.0016666666666666668
68,115,61.4,136.1,90.0,0.0016666666666666668
68,116,61.4,135.8,90.0,0.0016666666666666668
68,117,61.4,116.9,90.0,0.0016666666666666668
68,126,61.4,91.7,90.0,0.0016666666666666668
68,127,61.4,97.7,90.0,0.0016666666666666668
68,128,61.4,107.0,90.0,0.0016666666666666668
68,129,61.4,118.7,90.0,0.0016666666666666668
68,134,61.4,99.8,90.0,0.0016666666666666668
68,135,61.4,104.9,90.0,0.0016666666666666668
68,136,61.4,103.4,90.0,0.0016666666666666668
68,137,61.4,113.3,90.0,0.0016666666666666668
68,138,61.4,128.3,90.0,0.0016666666666666668
68,139,61.4,133.1,90.0,0.0016666666666666668
68,140,61.4,134.9,90.0,0.0016666666666666668
68,141,61.4,141.2,90.0,0.0016666666666666668
68,142,61.4,135.5,90.0,0.0016666666666666668
68,145,68.6,75.8,90.0,0.0016666666666666668
68,146,76.7,53.0,90.0,0.0016666666666666668
68,151,61.4,140.0,90.0,0.0016666666666666668
68,152,61.4,143.0,90.0,0.0016666666666666668
68,153,61.4,143.9,90.0,0.0016666666666666668
68,154,61.4,144.8,90.0,0.0016666666666666668
68,155,61.4,130.7,90.0,0.0016666666666666668
68,167,76.7,53.3,90.0,0.0016666666666666668
68,168,76.7,50.3,90.0,0.0016666666666666668
68,169,76.7,47.3,90.0,0.0016666666666666668
68,170,76.7,43.1,90.0,0.0016666666666666668
68,171,76.7,40.7,90.0,0.0016666666666666668
68,172,76.7,29.6,90.0,0.0016666666666666668
68,173,76.7,18.8,90.0,0.0016666666666666668
68,174,76.7,12.8,90.0,0.0016666666666666668
68,175,76.7,8.3,90.0,0.0016666666666666668
68,176,76.7,5.0,90.0,0.0016666666666666668
68,177,76.7,48.5,90.0,0.0016666666666666668
68,180,76.7,59.9,90.0,0.0016666666666666668
68,181,76.7,61.7,90.0,0.0016666666666666668
68,183,76.7,32.3,90.0,0.0016666666666666668
68,184,76.7,21.2,90.0,0.0016666666666666668
68,185,76.7,47.6,90.0,0.0016666666666666668
68,186,76.7,45.2,90.0,0.0016666666666666668
68,187,76.7,27.8,90.0,0.0016666666666666668
68,188,76.7,22.1,90.0,0.0016666666666666668
68,189,76.7,18.2,90.0,0.0016666666666666668
68,190,76.7,14.6,90.0,0.0016666666666666668
68,194,76.7,11.3,90.0,0.0016666666666666668
68,195,76.7,10.4,90.0,0.0016666666666666668
68,196,76.7,5.3,90.0,0.0016666666666666668
68,197,76.7,17.6,90.0,0.0016666666666666668
68,199,76.7,62.3,90.0,0.0016666666666666668
68,200,76.7,67.7,90.0,0.0016666666666666668
68,201,76.7,51.2,90.0,0.0016666666666666668
68,202,76.7,45.8,90.0,0.0016666666666666668
68,203,76.7,57.2,90.0,0.0016666666666666668
68,204,76.7,56.3,90.0,0.0016666666666666668
68,205,76.7,50.9,90.0,0.0016666666666666668
68,206,61.4,84.49599839871871,87.70755722404408,0.0018749929761864628
68,207,61.4,94.7,90.0,0.0016666666666666668
68,249,76.7,15.5,90.0,0.0016666666666666668
68,250,76.7,43.7,90.0,0.0016666666666666668
68,251,76.7,41.0,90.0,0.0016666666666666668
68,252,76.7,38.0,90.0,0.0016666666666666668
68,253,76.7,32.9,90.0,0.0016666666666666668
68,254,76.7,24.8,90.0,0.0016666666666666668
69,74,77.0,55.7,90.0,0.0016666666666666668
69,75,77.0,21.8,90.0,0.0016666666666666668
69,78,61.7,120.2,90.0,0.0016666666666666668
69,81,61.7,124.7,90.0,0.0016666666666666668
69,95,61.7,108.5,90.0,0.0016666666666666668
69,96,61.7,116.3,90.0,0.0016666666666666668
69,105,61.7,122.3,90.0,0.0016666666666666668
69,106,61.7,87.8,90.0,0.0016666666666666668
69,107,61.7,82.4,90.0,0.0016666666666666668
69,108,61.7,82.7,90.0,0.0016666666666666668
69,109,61.7,89.6,90.0,0.0016666666666666668
69,110,61.7,89.9,90.0,0.0016666666666666668
69,111,72.2,76.0959983987187,87.70755722404408,0.0018749929761864628
69,111,77.0,65.60400160128128,87.70755722404408,0.0018749929761864628
69,112,72.5,76.07493718553309,84.2608295227332,0.0018452401020419631
69,112,77.0,69.5250628144669,84.2608295227332,0.0018452401020419631
69,113,61.7,92.6,90.0,0.0016666666666666668
69,114,61.7,94.4,90.0,0.0016666666666666668
69,115,61.7,136.1,90.0,0.0016666666666666668
69,116,61.7,135.8,90.0,0.0016666666666666668
69,117,61.7,116.9,90.0,0.0016666666666666668
69,126,61.7,91.7,90.0,0.0016666666666666668
69,127,61.7,97.7,90.0,0.0016666666666666668
69,128,61.7,107.0,90.0,0.0016666666666666668
69,129,61.7,118.7,90.0,0.0016666666666666668
69,134,61.7,99.8,90.0,0.0016666666666666668
69,135,61.7,104.9,90.0,0.0016666666666666668
69,136,61.7,103.4,90.0,0.0016666666666666668
69,137,61.7,113.3,90.0,0.0016666666666666668
69,138,61.7,128.3,90.0,0.0016666666666666668
69,139,61.7,133.1,90.0,0.0016666666666666668
69,140,61.7,134.9,90.0,0.0016666666666666668
69,141,61.7,141.2,90.0,0.0016666666666666668
69,142,61.7,135.5,90.0,0.0016666666666666668
69,145,68.6,76.1,90.0,0.0016666666666666668
69,146,77.0,53.0,90.0,0.0016666666666666668
69,151,61.7,140.0,90.0,0.0016666666666666668
69,152,61.7,143.0,90.0,0.0016666666666666668
69,153,61.7,143.9,90.0,0.0016666666666666668
69,154,61.7,144.8,90.0,0.0016666666666666668
69,155,61.7,130.7,90.0,0.0016666666666666668
69,167,77.0,53.3,90.0,0.0016666666666666668
69,168,77.0,50.3,90.0,0.0016666666666666668
69,169,77.0,47.3,90.0,0.0016666666666666668
69,170,77.0,43.1,90.0,0.0016666666666666668
69,171,77.0,40.7,90.0,0.0016666666666666668
69,172,77.0,29.6,90.0,0.0016666666666666668
69,173,77.0,18.8,90.0,0.0016666666666666668
69,174,77.0,12.8,90.0,0.0016666666666666668
69,175,77.0,8.3,90.0,0.0016666666666666668
69,176,77.0,5.0,90.0,0.0016666666666666668
69,177,77.0,48.5,90.0,0.0016666666666666668
69,180,77.0,59.9,90.0,0.0016666666666666668
69,181,77.0,61.7,90.0,0.0016666666666666668
69,183,77.0,32.3,90.0,0.0016666666666666668
69,184,77.0,21.2,90.0,0.0016666666666666668
69,185,77.0,47.6,90.0,0.0016666666666666668
69,186,77.0,45.2,90.0,0.0016666666666666668
69,187,77.0,27.8,90.0,0.0016666666666666668
69,188,77.0,22.1,90.0,0.0016666666666666668
69,189,77.0,18.2,90.0,0.0016666666666666668
69,190,77.0,14.6,90.0,0.0016666666666666668
69,194,77.0,11.3,90.0,0.0016666666666666668
69,195,77.0,10.4,90.0,0.0016666666666666668
69,196,77.0,5.3,90.0,0.0016666666666666668
69,197,77.0,17.6,90.0,0.0016666666666666668
69,199,77.0,62.3,90.0,0.0016666666666666668
69,200,77.0,67.7,90.0,0.0016666666666666668
69,201,77.0,51.2,90.0,0.0016666666666666668
69,202,77.0,45.8,90.0,0.0016666666666666668
69,203,77.0,57.2,90.0,0.0016666666666666668
69,204,77.0,56.3,90.0,0.0016666666666666668
69,205,77.0,50.9,90.0,0.0016666666666666668
69,206,61.7,84.5,90.0,0.0016666666666666668
69,207,61.7,94.7,90.0,0.0016666666666666668
69,249,77.0,15.5,90.0,0.0016666666666666668
69,250,77.0,43.7,90.0,0.0016666666666666668
69,251,77.0,41.0,90.0,0.0016666666666666668
69,252,77.0,38.0,90.0,0.0016666666666666668
69,253,77.0,32.9,90.0,0.0016666666666666668
69,254,77.0,24.8,90.0,0.0016666666666666668
70,74,18.200000000000003,111.5,90.0,0.0016666666666666668
70,78,50.0,111.5,90.0,0.0016666666666666668
70,78,60.8,120.2,90.0,0.0016666666666666668
70,81,4.699999999999999,109.74961536185438,40.535802111316535,0.005833333333333334
70,81,60.8,124.7,90.0,0.0016666666666666668
70,95,55.51742430504416,111.5,66.42182152179818,0.002916680714293742
70,96,60.795998398718716,116.3,87.70755722404408,0.0018749929761864628
70,105,5.0,110.07071421427142,45.57299599919425,0.005714293741501186
70,105,60.8,122.3,90.0,0.0016666666666666668
70,107,35.3,111.5,90.0,0.0016666666666666668
70,108,35.6,111.5,90.0,0.0016666666666666668
70,109,35.9,111.5,90.0,0.0016666666666666668
70,110,36.2,111.5,90.0,0.0016666666666666668
70,115,3.8,108.20587221092319,19.948443588802604,0.006815487227897463
70,115,60.8,136.1,90.0,0.0016666666666666668
70,116,20.299999999999997,111.5,90.0,0.0016666666666666668
70,116,60.8,135.8,90.0,0.0016666666666666668
70,117,20.6,111.5,90.0,0.0016666666666666668
70,117,60.8,116.9,90.0,0.0016666666666666668
70,118,25.7,111.5,90.0,0.0016666666666666668
70,118,52.4,111.5,90.0,0.0016666666666666668
70,119,26.0,111.5,90.0,0.0016666666666666668
70,119,52.1,111.5,90.0,0.0016666666666666668
70,120,26.3,111.5,90.0,0.0016666666666666668
70,120,51.8,111.5,90.0,0.0016666666666666668
70,121,26.6,111.5,90.0,0.0016666666666666668
70,121,51.5,111.5,90.0,0.0016666666666666668
70,122,53.0,111.5,90.0,0.0016666666666666668
70,123,53.3,111.5,90.0,0.0016666666666666668
70,124,53.6,111.5,90.0,0.0016666666666666668
70,125,3.5,82.10587221092321,19.94844358880276,0.006815487227897463
70,125,52.7,111.5,90.0,0.0016666666666666668
70,126,36.5,111.5,90.0,0.0016666666666666668
70,127,36.8,111.5,90.0,0.0016666666666666668
70,128,26.925062814466898,111.5,84.26082952273322,0.0018452401020419631
70,129,60.8,118.7,90.0,0.0016666666666666668
70,136,37.1,111.5,90.0,0.0016666666666666668
70,137,59.6418745424597,113.3,50.20818050044273,0.0038393007653147234
70,138,60.8,128.3,90.0,0.0016666666666666668
70,139,60.8,133.1,90.0,0.0016666666666666668
70,140,60.8,134.9,90.0,0.0016666666666666668
70,141,60.8,141.2,90.0,0.0016666666666666668
70,142,60.8,135.5,90.0,0.0016666666666666668
70,146,35.0,111.5,90.0,0.0016666666666666668
70,147,34.7,111.5,90.0,0.0016666666666666668
70,148,3.5,97.36181760425083,34.91520624744413,0.004583347380960408
70,148,33.5,111.5,90.0,0.0016666666666666668
70,149,3.5,85.17486841740758,28.357636576327977,0.002291673690480204
70,149,33.8,111.5,90.0,0.0016666666666666668
70,150,34.4,111.5,90.0,0.0016666666666666668
70,151,60.8,140.0,90.0,0.0016666666666666668
70,152,60.8,143.0,90.0,0.0016666666666666668
70,153,60.8,143.9,90.0,0.0016666666666666668
70,154,60.8,144.8,90.0,0.0016666666666666668
70,155,60.8,130.7,90.0,0.0016666666666666668
70,156,43.7,111.5,90.0,0.0016666666666666668
70,157,44.0,111.5,90.0,0.0016666666666666668
70,158,42.07083130081253,111.5,58.66774850240584,0.00199406066327276
70,159,43.1,111.5,90.0,0.0016666666666666668
70,160,15.5,111.5,90.0,0.0016666666666666668
70,161,15.799999999999997,111.5,90.0,0.0016666666666666668
70,162,16.4,111.5,90.0,0.0016666666666666668
70,164,11.0,111.5,90.0,0.0016666666666666668
70,164,42.5,111.5,90.0,0.0016666666666666668
70,165,9.5,111.5,90.0,0.0016666666666666668
70,166,9.799999999999997,111.5,90.0,0.0016666666666666668
70,180,10.100000000000001,111.5,90.0,0.0016666666666666668
70,181,10.399999999999999,111.5,90.0,0.0016666666666666668
70,190,46.4,111.5,90.0,0.0016666666666666668
70,199,45.8,111.5,90.0,0.0016666666666666668
70,200,46.1,111.5,90.0,0.0016666666666666668
70,210,53.9,111.5,90.0,0.0016666666666666668
70,211,44.3,111.5,90.0,0.0016666666666666668
70,212,44.6,111.5,90.0,0.0016666666666666668
70,213,44.9,111.5,90.0,0.0016666666666666668
70,214,45.2,111.5,90.0,0.0016666666666666668
70,215,45.5,111.5,90.0,0.0016666666666666668
70,216,17.0,111.5,90.0,0.0016666666666666668
70,222,54.2,111.5,90.0,0.0016666666666666668
70,223,54.5,111.5,90.0,0.0016666666666666668
70,224,54.8,111.5,90.0,0.0016666666666666668
70,230,3.5,79.6948909421489,45.57299599919425,0.005714293741501186
70,230,6.5,111.08257569495584,66.42182152179815,0.002916680714293742
70,231,3.5,82.07379208973187,40.53580211131654,0.005833333333333334
70,231,6.8,111.2021271782035,70.12312592992117,0.0033035804591888336
70,232,16.1,111.5,90.0,0.0016666666666666668
70,233,7.1,111.3,73.73979529168803,0.0018452401020419631
70,234,7.4,111.37749935930287,77.29096700560456,0.0017857062584988146
70,235,7.7,111.43558507170123,80.7931037786541,0.0018749929761864628
70,236,8.0,111.4749371855331,84.2608295227332,0.0018452401020419631
70,237,8.3,111.49599839871871,87.70755722404412,0.0018749929761864628
70,238,8.600000000000001,111.5,90.0,0.0016666666666666668
70,239,8.899999999999999,111.5,90.0,0.0016666666666666668
70,240,9.200000000000003,111.5,90.0,0.0016666666666666668
70,245,34.1,111.5,90.0,0.0016666666666666668
70,248,30.2,111.5,90.0,0.0016666666666666668
71,74,38.6,55.7,90.0,0.0016666666666666668
71,78,50.0,87.5,90.0,0.0016666666666666668
71,78,61.1,120.2,90.0,0.0016666666666666668
71,81,61.1,124.7,90.0,0.0016666666666666668
71,95,61.1,108.5,90.0,0.0016666666666666668
71,96,61.1,116.3,90.0,0.0016666666666666668
71,105,61.1,122.3,90.0,0.0016666666666666668
71,106,41.66896884826772,87.11206230346464,7.692812451559863,0.009613100255104907
71,106,57.8058722109232,87.8,19.948443588802668,0.006815487227897463
71,107,38.60386186759331,82.69647840062407,72.42223256675344,0.002232139846937056
71,108,38.636340557017924,83.10173493674111,73.78753597902481,0.0018452401020419631
71,109,60.17308237088326,89.6,54.549457360824505,0.002261892721081555
71,110,60.370831300812526,89.9,58.667748502405786,0.00199406066327276
71,113,48.2,87.5,90.0,0.0016666666666666668
71,113,61.1,92.6,90.0,0.0016666666666666668
71,114,48.5,87.5,90.0,0.0016666666666666668
71,114,61.1,94.4,90.0,0.0016666666666666668
71,115,61.1,136.1,90.0,0.0016666666666666668
71,116,61.1,135.8,90.0,0.0016666666666666668
71,117,61.1,116.9,90.0,0.0016666666666666668
71,118,38.6,80.0,90.0,0.0016666666666666668
71,118,52.4,87.5,90.0,0.0016666666666666668
71,119,39.16040542391538,84.8,62.61289249734613,0.002113100255104908
71,119,51.539594576084625,87.5,62.61289249734613,0.002113100255104908
71,122,47.3,87.5,90.0,0.0016666666666666668
71,123,53.06522471907296,87.5,72.3724078465686,0.002232139846937056
71,124,53.45034568722585,87.5,75.94643605250451,0.0019047739455851117
71,125,39.526917629116745,85.4,54.549457360824505,0.002261892721081555
71,125,51.77308237088326,87.5,54.549457360824505,0.002261892721081555
71,126,61.03558507170123,91.7,80.79310377865414,0.0018749929761864628
71,127,61.1,97.7,90.0,0.0016666666666666668
71,128,61.1,107.0,90.0,0.0016666666666666668
71,129,61.1,118.7,90.0,0.0016666666666666668
71,134,61.1,99.8,90.0,0.0016666666666666668
71,135,38.9,84.20587221092319,19.94844358880259,0.006815487227897463
71,135,61.1,104.9,90.0,0.0016666666666666668
71,136,61.1,103.4,90.0,0.0016666666666666668
71,137,61.1,113.3,90.0,0.0016666666666666668
71,138,61.1,128.3,90.0,0.0016666666666666668
71,139,61.1,133.1,90.0,0.0016666666666666668
71,140,61.1,134.9,90.0,0.0016666666666666668
71,141,61.1,141.2,90.0,0.0016666666666666668
71,142,61.1,135.5,90.0,0.0016666666666666668
71,146,38.6,53.2,73.73979529168805,0.0018452401020419631
71,147,38.6,69.02250064069713,77.29096700560454,0.0017857062584988146
71,151,61.1,140.0,90.0,0.0016666666666666668
71,152,61.1,143.0,90.0,0.0016666666666666668
71,153,61.1,143.9,90.0,0.0016666666666666668
71,154,61.1,144.8,90.0,0.0016666666666666668
71,155,61.1,130.7,90.0,0.0016666666666666668
71,156,43.7,87.5,90.0,0.0016666666666666668
71,157,44.0,87.5,90.0,0.0016666666666666668
71,177,38.6,48.5,90.0,0.0016666666666666668
71,180,38.6,59.9,90.0,0.0016666666666666668
71,181,38.6,61.7,90.0,0.0016666666666666668
71,185,38.6,47.6,90.0,0.0016666666666666668
71,186,38.6,45.2,90.0,0.0016666666666666668
71,187,38.6,27.799999999999997,90.0,0.0016666666666666668
71,188,38.6,22.1,90.0,0.0016666666666666668
71,189,38.6,18.200000000000003,90.0,0.0016666666666666668
71,190,46.4,87.5,90.0,0.0016666666666666668
71,199,45.8,87.5,90.0,0.0016666666666666668
71,200,46.1,87.5,90.0,0.0016666666666666668
71,201,38.6,51.2,90.0,0.0016666666666666668
71,202,38.6,45.8,90.0,0.0016666666666666668
71,207,48.8,87.5,90.0,0.0016666666666666668
71,207,61.1,94.7,90.0,0.0016666666666666668
71,210,53.9,87.5,90.0,0.0016666666666666668
71,211,44.3,87.5,90.0,0.0016666666666666668
71,212,44.6,87.5,90.0,0.0016666666666666668
71,213,44.9,87.5,90.0,0.0016666666666666668
71,214,45.2,87.5,90.0,0.0016666666666666668
71,215,45.5,87.5,90.0,0.0016666666666666668
71,216,38.6,64.1,90.0,0.0016666666666666668
71,220,38.6,41.6,90.0,0.0016666666666666668
71,221,38.6,36.5,90.0,0.0016666666666666668
71,222,54.2,87.5,90.0,0.0016666666666666668
71,223,54.5,87.5,90.0,0.0016666666666666668
71,224,54.8,87.5,90.0,0.0016666666666666668
71,229,38.6,53.9,90.0,0.0016666666666666668
71,249,38.6,15.5,90.0,0.0016666666666666668
71,250,38.6,43.7,90.0,0.0016666666666666668
72,77,107.3,82.1,90.0,0.0016666666666666668
72,78,107.3,120.2,90.0,0.0016666666666666668
72,81,107.3,124.7,90.0,0.0016666666666666668
72,93,107.3,98.9,90.0,0.0016666666666666668
72,94,107.3,104.6,90.0,0.0016666666666666668
72,95,107.3,108.5,90.0,0.0016666666666666668
72,96,107.3,116.3,90.0,0.0016666666666666668
72,97,107.3,96.5,90.0,0.0016666666666666668
72,98,107.3,98.3,90.0,0.0016666666666666668
72,99,107.3,107.0,90.0,0.0016666666666666668
72,100,107.3,107.9,90.0,0.0016666666666666668
72,101,107.3,84.2,90.0,0.0016666666666666668
72,105,107.3,122.3,90.0,0.0016666666666666668
72,106,107.3,87.8,90.0,0.0016666666666666668
72,130,107.3,67.4,90.0,0.0016666666666666668
72,131,107.3,73.7,90.0,0.0016666666666666668
72,146,104.3,53.0,90.0,0.0016666666666666668
72,179,107.3,71.9,90.0,0.0016666666666666668
72,180,104.3,59.9,90.0,0.0016666666666666668
72,181,104.52119264879406,61.7,72.89385439744915,0.002232139846937056
72,182,104.3,35.6,90.0,0.0016666666666666668
72,183,104.3,32.3,90.0,0.0016666666666666668
72,184,104.3,21.199999999999996,90.0,0.0016666666666666668
72,185,104.3,47.6,90.0,0.0016666666666666668
72,186,104.3,45.2,90.0,0.0016666666666666668
72,187,104.3,27.800000000000004,90.0,0.0016666666666666668
72,188,104.3,22.1,90.0,0.0016666666666666668
72,189,104.3,18.199999999999996,90.0,0.0016666666666666668
72,190,104.3,14.600000000000001,90.0,0.0016666666666666668
72,191,104.3,24.5,90.0,0.0016666666666666668
72,192,104.3,14.899999999999999,90.0,0.0016666666666666668
72,193,104.3,10.100000000000001,90.0,0.0016666666666666668
72,194,104.3,11.300000000000004,90.0,0.0016666666666666668
72,195,104.3,10.399999999999999,90.0,0.0016666666666666668
72,196,104.3,5.299999999999997,90.0,0.0016666666666666668
72,197,104.3,17.6,90.0,0.0016666666666666668
72,198,104.3,23.9,90.0,0.0016666666666666668
72,206,107.3,84.5,90.0,0.0016666666666666668
72,249,104.3,15.5,90.0,0.0016666666666666668
73,77,107.6,82.1,90.0,0.0016666666666666668
73,78,107.6,120.2,90.0,0.0016666666666666668
73,81,107.6,124.7,90.0,0.0016666666666666668
73,93,107.6,98.9,90.0,0.0016666666666666668
73,94,107.6,104.6,90.0,0.0016666666666666668
73,95,107.6,108.5,90.0,0.0016666666666666668
73,96,107.6,116.3,90.0,0.0016666666666666668
73,97,107.6,96.5,90.0,0.0016666666666666668
73,98,107.6,98.3,90.0,0.0016666666666666668
73,99,107.6,107.0,90.0,0.0016666666666666668
73,100,107.6,107.9,90.0,0.0016666666666666668
73,101,107.6,84.2,90.0,0.0016666666666666668
73,105,107.6,122.3,90.0,0.0016666666666666668
73,106,107.6,87.8,90.0,0.0016666666666666668
73,130,107.59266600266744,67.4,86.89632597603342,0.0018749929761864628
73,131,107.6,73.7,90.0,0.0016666666666666668
73,146,104.6,53.0,90.0,0.0016666666666666668
73,179,107.6,71.9,90.0,0.0016666666666666668
73,180,104.6,59.9,90.0,0.0016666666666666668
73,181,104.73898897054298,61.7,76.45889830914238,0.0017857062584988146
73,182,104.6,35.6,90.0,0.0016666666666666668
73,183,104.6,32.3,90.0,0.0016666666666666668
73,184,104.6,21.199999999999996,90.0,0.0016666666666666668
73,185,104.6,47.6,90.0,0.0016666666666666668
73,186,104.6,45.2,90.0,0.0016666666666666668
73,187,104.6,27.800000000000004,90.0,0.0016666666666666668
73,188,104.6,22.1,90.0,0.0016666666666666668
73,189,104.6,18.199999999999996,90.0,0.0016666666666666668
73,190,104.6,14.600000000000001,90.0,0.0016666666666666668
73,191,104.6,24.5,90.0,0.0016666666666666668
73,192,104.6,14.899999999999999,90.0,0.0016666666666666668
73,193,104.6,10.100000000000001,90.0,0.0016666666666666668
73,194,104.6,11.300000000000004,90.0,0.0016666666666666668
73,195,104.6,10.399999999999999,90.0,0.0016666666666666668
73,196,104.6,5.299999999999997,90.0,0.0016666666666666668
73,197,104.6,17.6,90.0,0.0016666666666666668
73,198,104.6,23.9,90.0,0.0016666666666666668
73,206,107.6,84.5,90.0,0.0016666666666666668
73,249,104.6,15.5,90.0,0.0016666666666666668
74,77,96.2,55.7,90.0,0.0016666666666666668
74,78,50.0,55.7,90.0,0.0016666666666666668
74,81,18.2,124.7,90.0,0.0016666666666666668
74,90,77.6,55.7,90.0,0.0016666666666666668
74,101,96.5,55.7,90.0,0.0016666666666666668
74,105,18.2,122.3,90.0,0.0016666666666666668
74,106,39.2,55.7,90.0,0.0016666666666666668
74,111,95.6,55.7,90.0,0.0016666666666666668
74,112,95.9,55.7,90.0,0.0016666666666666668
74,113,48.2,55.7,90.0,0.0016666666666666668
74,114,48.5,55.7,90.0,0.0016666666666666668
74,115,18.2,136.1,90.0,0.0016666666666666668
74,116,20.3,56.62691762911675,54.549457360824576,0.002261892721081555
74,117,20.6,56.42916869918748,58.667748502405765,0.00199406066327276
74,122,47.3,55.7,90.0,0.0016666666666666668
74,123,47.6,55.7,90.0,0.0016666666666666668
74,124,47.9,55.7,90.0,0.0016666666666666668
74,125,18.2,85.4,90.0,0.0016666666666666668
74,132,85.4,55.7,90.0,0.0016666666666666668
74,133,85.7,55.7,90.0,0.0016666666666666668
74,134,18.2,99.8,90.0,0.0016666666666666668
74,135,38.9,55.7,90.0,0.0016666666666666668
74,145,68.6,55.7,90.0,0.0016666666666666668
74,146,35.56040542391538,55.7,62.61289249734613,0.002113100255104908
74,146,102.23959457608461,53.0,62.612892497346095,0.002113100255104908
74,147,47.0,55.7,90.0,0.0016666666666666668
74,148,18.2,99.5,90.0,0.0016666666666666668
74,149,18.2,87.8,90.0,0.0016666666666666668
74,150,29.89999999999999,55.7,90.0,0.0016666666666666668
74,156,56.0,55.7,90.0,0.0016666666666666668
74,157,56.3,55.7,90.0,0.0016666666666666668
74,158,18.2,108.97749935930287,77.29096700560454,0.0017857062584988146
74,159,18.2,105.0,73.73979529168801,0.0018452401020419631
74,162,18.2,71.5581254575403,50.20818050044275,0.0038393007653147234
74,162,29.60000000000001,55.7,90.0,0.0016666666666666668
74,164,18.2,92.9,90.0,0.0016666666666666668
74,165,18.2,73.4,90.0,0.0016666666666666668
74,165,29.0,55.7,90.0,0.0016666666666666668
74,166,18.2,72.5,90.0,0.0016666666666666668
74,166,29.299999999999997,55.7,90.0,0.0016666666666666668
74,180,18.264414928298777,59.9,80.79310377865406,0.0018749929761864628
74,181,18.2,61.7,90.0,0.0016666666666666668
74,182,102.8,35.6,90.0,0.0016666666666666668
74,183,102.8,32.3,90.0,0.0016666666666666668
74,184,102.8,21.2,90.0,0.0016666666666666668
74,185,102.8,47.6,90.0,0.0016666666666666668
74,186,102.8,45.2,90.0,0.0016666666666666668
74,187,102.8,27.8,90.0,0.0016666666666666668
74,188,102.8,22.1,90.0,0.0016666666666666668
74,189,102.8,18.2,90.0,0.0016666666666666668
74,190,46.4,55.7,90.0,0.0016666666666666668
74,190,102.8,14.6,90.0,0.0016666666666666668
74,191,102.8,24.5,90.0,0.0016666666666666668
74,192,102.8,14.9,90.0,0.0016666666666666668
74,193,102.8,10.1,90.0,0.0016666666666666668
74,194,102.8,11.3,90.0,0.0016666666666666668
74,195,102.8,10.4,90.0,0.0016666666666666668
74,196,102.8,5.3,90.0,0.0016666666666666668
74,197,102.8,17.6,90.0,0.0016666666666666668
74,198,102.8,23.9,90.0,0.0016666666666666668
74,199,84.8,55.7,90.0,0.0016666666666666668
74,200,85.1,55.7,90.0,0.0016666666666666668
74,203,40.929285785728574,55.7,45.572995999194305,0.005714293741501186
74,203,83.07071421427142,55.7,45.57299599919425,0.005714293741501186
74,204,42.42513158259242,55.7,28.357636576327877,0.002291673690480204
74,204,81.57486841740757,55.7,28.357636576327803,0.002291673690480204
74,206,56.6,55.7,90.0,0.0016666666666666668
74,207,48.8,55.7,90.0,0.0016666666666666668
74,210,68.3,55.7,90.0,0.0016666666666666668
74,211,66.8,55.7,90.0,0.0016666666666666668
74,212,67.1,55.7,90.0,0.0016666666666666668
74,213,67.4,55.7,90.0,0.0016666666666666668
74,214,67.7,55.7,90.0,0.0016666666666666668
74,215,68.0,55.7,90.0,0.0016666666666666668
74,216,18.2,65.85038463814561,40.535802111316535,0.005833333333333334
74,216,65.6,55.7,90.0,0.0016666666666666668
74,222,75.8,55.7,90.0,0.0016666666666666668
74,223,76.1,55.7,90.0,0.0016666666666666668
74,224,76.4,55.7,90.0,0.0016666666666666668
74,225,77.3,55.7,90.0,0.0016666666666666668
74,245,20.0,56.8581254575403,50.20818050044275,0.0038393007653147234
74,248,30.200000000000003,55.7,90.0,0.0016666666666666668
74,249,102.8,15.5,90.0,0.0016666666666666668
75,77,96.2,21.8,90.0,0.0016666666666666668
75,90,77.6,21.8,90.0,0.0016666666666666668
75,101,96.5,21.795998398718716,87.70755722404408,0.0018749929761864628
75,111,95.6,21.8,90.0,0.0016666666666666668
75,112,95.9,21.8,90.0,0.0016666666666666668
75,132,85.4,21.8,90.0,0.0016666666666666668
75,133,85.7,21.8,90.0,0.0016666666666666668
75,145,68.6,21.8,90.0,0.0016666666666666668
75,156,56.0,21.7749371855331,84.26082952273322,0.0018452401020419631
75,157,56.3,21.79599839871872,87.70755722404408,0.0018749929761864628
75,167,56.9,21.8,90.0,0.0016666666666666668
75,167,95.0,21.8,90.0,0.0016666666666666668
75,168,57.2,21.8,90.0,0.0016666666666666668
75,168,94.7,21.8,90.0,0.0016666666666666668
75,169,57.5,21.8,90.0,0.0016666666666666668
75,169,94.1,21.8,90.0,0.0016666666666666668
75,170,57.8,21.8,90.0,0.0016666666666666668
75,170,93.8,21.8,90.0,0.0016666666666666668
75,171,58.1,21.8,90.0,0.0016666666666666668
75,171,93.5,21.8,90.0,0.0016666666666666668
75,172,58.4,21.8,90.0,0.0016666666666666668
75,172,93.2,21.8,90.0,0.0016666666666666668
75,177,94.4,21.8,90.0,0.0016666666666666668
75,182,86.0,21.8,90.0,0.0016666666666666668
75,183,68.9,21.8,90.0,0.0016666666666666668
75,184,98.67486841740758,21.2,28.357636576327984,0.002291673690480204
75,189,51.7,18.2,73.73979529168805,0.0018452401020419631
75,189,101.1,18.2,73.73979529168805,0.0018452401020419631
75,190,51.5,14.6,90.0,0.0016666666666666668
75,190,101.3,14.6,90.0,0.0016666666666666668
75,191,87.16040542391536,21.8,62.61289249734613,0.002113100255104908
75,192,101.3,14.9,90.0,0.0016666666666666668
75,193,101.3,10.1,90.0,0.0016666666666666668
75,194,101.3,11.3,90.0,0.0016666666666666668
75,195,101.3,10.4,90.0,0.0016666666666666668
75,196,101.3,5.3,90.0,0.0016666666666666668
75,197,101.23558507170122,17.6,80.79310377865409,0.0018749929761864628
75,198,87.82691762911675,21.8,54.54945736082454,0.002261892721081555
75,199,84.8,21.8,90.0,0.0016666666666666668
75,200,85.1,21.8,90.0,0.0016666666666666668
75,201,83.9,21.8,90.0,0.0016666666666666668
75,202,83.3,21.8,90.0,0.0016666666666666668
75,203,84.5,21.8,90.0,0.0016666666666666668
75,204,84.2,21.8,90.0,0.0016666666666666668
75,205,83.6,21.8,90.0,0.0016666666666666668
75,206,56.6,21.8,90.0,0.0016666666666666668
75,208,74.0,21.8,90.0,0.0016666666666666668
75,209,74.3,21.8,90.0,0.0016666666666666668
75,210,68.3,21.8,90.0,0.0016666666666666668
75,211,66.8,21.8,90.0,0.0016666666666666668
75,212,67.1,21.8,90.0,0.0016666666666666668
75,213,67.4,21.8,90.0,0.0016666666666666668
75,214,67.7,21.8,90.0,0.0016666666666666668
75,215,68.0,21.8,90.0,0.0016666666666666668
75,216,65.6,21.8,90.0,0.0016666666666666668
75,220,65.3,21.8,90.0,0.0016666666666666668
75,221,65.0,21.8,90.0,0.0016666666666666668
75,222,75.8,21.8,90.0,0.0016666666666666668
75,223,76.1,21.8,90.0,0.0016666666666666668
75,224,76.4,21.8,90.0,0.0016666666666666668
75,225,77.3,21.8,90.0,0.0016666666666666668
75,229,74.6,21.8,90.0,0.0016666666666666668
75,249,51.5,15.5,90.0,0.0016666666666666668
75,249,101.3,15.5,90.0,0.0016666666666666668
75,250,83.0,21.8,90.0,0.0016666666666666668
76,77,96.2,7.695998398718729,87.70755722404408,0.0018749929761864628
76,101,96.5,7.674937185533096,84.26082952273322,0.0018452401020419631
76,111,95.6,7.7,90.0,0.0016666666666666668
76,112,95.9,7.7,90.0,0.0016666666666666668
76,132,85.4,7.7,90.0,0.0016666666666666668
76,133,85.7,7.7,90.0,0.0016666666666666668
76,167,95.0,7.7,90.0,0.0016666666666666668
76,168,94.7,7.7,90.0,0.0016666666666666668
76,169,94.1,7.7,90.0,0.0016666666666666668
76,170,93.8,7.7,90.0,0.0016666666666666668
76,171,93.5,7.7,90.0,0.0016666666666666668
76,172,93.2,7.7,90.0,0.0016666666666666668
76,173,92.9,7.7,90.0,0.0016666666666666668
76,174,92.6,7.7,90.0,0.0016666666666666668
76,175,89.67486841740758,7.7,28.357636576327984,0.002291673690480204
76,176,79.06040542391537,5.0,62.61289249734613,0.002113100255104908
76,177,94.4,7.7,90.0,0.0016666666666666668
76,182,86.0,7.7,90.0,0.0016666666666666668
76,191,86.6,7.7,90.0,0.0016666666666666668
76,192,87.2,7.7,90.0,0.0016666666666666668
76,193,88.22916869918748,7.7,58.667748502405686,0.00199406066327276
76,196,79.22916869918748,5.3,58.6677485024057,0.00199406066327276
76,196,100.27083130081252,5.3,58.6677485024057,0.00199406066327276
76,198,86.9,7.7,90.0,0.0016666666666666668
76,199,84.8,7.7,90.0,0.0016666666666666668
76,200,85.1,7.7,90.0,0.0016666666666666668
76,201,83.9,7.7,90.0,0.0016666666666666668
76,202,83.3,7.695998398718719,87.70755722404408,0.0018749929761864628
76,203,84.5,7.7,90.0,0.0016666666666666668
76,204,84.2,7.7,90.0,0.0016666666666666668
76,205,83.6,7.7,90.0,0.0016666666666666668
76,250,83.0,7.6749371855331,84.26082952273322,0.0018452401020419631
77,85,108.8,82.1,90.0,0.0016666666666666668
77,86,107.96441492829878,82.1,80.79310377865397,0.0018749929761864628
77,87,108.2,82.1,90.0,0.0016666666666666668
77,88,108.5,82.1,90.0,0.0016666666666666668
77,93,117.8,98.9,90.0,0.0016666666666666668
77,94,117.8,104.6,90.0,0.0016666666666666668
77,95,117.8,108.5,90.0,0.0016666666666666668
77,96,117.8,116.3,90.0,0.0016666666666666668
77,97,117.8,96.5,90.0,0.0016666666666666668
77,98,117.8,98.3,90.0,0.0016666666666666668
77,99,117.8,107.0,90.0,0.0016666666666666668
77,100,117.8,107.9,90.0,0.0016666666666666668
77,101,96.5,78.80587221092318,19.94844358880259,0.006815487227897463
77,101,116.87308237088327,84.2,54.54945736082474,0.002261892721081555
77,105,117.8,122.3,90.0,0.0016666666666666668
77,106,117.8,87.8,90.0,0.0016666666666666668
77,130,96.2,67.4,90.0,0.0016666666666666668
77,131,96.2,73.7,90.0,0.0016666666666666668
77,146,96.2,53.0,90.0,0.0016666666666666668
77,179,96.2,71.9,90.0,0.0016666666666666668
77,180,96.2,59.9,90.0,0.0016666666666666668
77,181,96.2,61.7,90.0,0.0016666666666666668
77,182,96.2,35.6,90.0,0.0016666666666666668
77,183,96.2,32.3,90.0,0.0016666666666666668
77,184,96.2,21.200000000000003,90.0,0.0016666666666666668
77,185,96.2,47.6,90.0,0.0016666666666666668
77,186,96.2,45.2,90.0,0.0016666666666666668
77,187,96.2,27.799999999999997,90.0,0.0016666666666666668
77,188,96.2,22.1,90.0,0.0016666666666666668
77,189,96.2,18.200000000000003,90.0,0.0016666666666666668
77,190,96.2,14.600000000000001,90.0,0.0016666666666666668
77,191,96.2,24.5,90.0,0.0016666666666666668
77,192,96.2,14.899999999999999,90.0,0.0016666666666666668
77,193,96.2,10.099999999999994,90.0,0.0016666666666666668
77,194,96.2,11.299999999999997,90.0,0.0016666666666666668
77,195,96.2,10.400000000000006,90.0,0.0016666666666666668
77,196,96.2,5.299999999999997,90.0,0.0016666666666666668
77,197,96.2,17.6,90.0,0.0016666666666666668
77,198,96.2,23.9,90.0,0.0016666666666666668
77,206,117.07083130081253,84.5,58.66774850240584,0.00199406066327276
77,249,96.2,15.5,90.0,0.0016666666666666668
77,251,96.2,41.0,90.0,0.0016666666666666668
77,252,96.2,38.0,90.0,0.0016666666666666668
77,253,96.2,32.9,90.0,0.0016666666666666668
77,254,96.2,24.799999999999997,90.0,0.0016666666666666668
78,85,108.8,120.2,90.0,0.0016666666666666668
78,86,107.9,120.2,90.0,0.0016666666666666668
78,87,108.2,120.2,90.0,0.0016666666666666668
78,88,108.5,120.2,90.0,0.0016666666666666668
78,90,107.0,120.2,90.0,0.0016666666666666668
78,93,72.8,120.2,90.0,0.0016666666666666668
78,94,73.1,120.2,90.0,0.0016666666666666668
78,95,55.1,120.2,90.0,0.0016666666666666668
78,96,55.52250064069712,120.2,77.29096700560463,0.0017857062584988146
78,97,82.1,120.2,90.0,0.0016666666666666668
78,98,82.4,120.2,90.0,0.0016666666666666668
78,99,82.7,120.2,90.0,0.0016666666666666668
78,100,83.0,120.2,90.0,0.0016666666666666668
78,105,115.97308237088326,122.3,54.549457360824505,0.002261892721081555
78,106,50.0,87.8,90.0,0.0016666666666666668
78,107,50.0,82.4,90.0,0.0016666666666666668
78,107,70.4,120.2,90.0,0.0016666666666666668
78,108,50.0,82.7,90.0,0.0016666666666666668
78,108,70.1,120.2,90.0,0.0016666666666666668
78,109,50.0,89.6,90.0,0.0016666666666666668
78,109,69.8,120.2,90.0,0.0016666666666666668
78,110,50.0,89.9,90.0,0.0016666666666666668
78,110,69.5,120.2,90.0,0.0016666666666666668
78,111,72.2,120.2,90.0,0.0016666666666666668
78,112,72.5,120.2,90.0,0.0016666666666666668
78,113,50.0,91.4418745424597,50.20818050044273,0.0038393007653147234
78,113,71.6,120.2,90.0,0.0016666666666666668
78,114,50.0,92.97071421427142,45.57299599919425,0.005714293741501186
78,114,71.9,120.2,90.0,0.0016666666666666668
78,117,50.2978728217965,116.9,70.12312592992113,0.0033035804591888336
78,117,71.0021271782035,120.2,70.12312592992113,0.0033035804591888336
78,118,50.0,80.72916869918748,58.667748502405686,0.00199406066327276
78,118,52.4,119.47083130081253,58.667748502405765,0.00199406066327276
78,119,50.0,85.72691762911674,54.549457360824576,0.002261892721081555
78,119,52.1,119.27308237088326,54.549457360824576,0.002261892721081555
78,120,50.0,96.75812545754029,50.20818050044273,0.0038393007653147234
78,120,51.8,119.04187454245971,50.20818050044273,0.0038393007653147234
78,121,50.0,103.02928578572858,45.57299599919425,0.005714293741501186
78,121,51.5,118.77071421427144,45.57299599919436,0.005714293741501186
78,122,50.0,94.02545013887395,62.612892497346095,0.002113100255104908
78,122,53.0,119.78257569495584,66.42182152179815,0.002916680714293742
78,123,50.0,84.25668686360186,58.667748502405686,0.00199406066327276
78,123,53.3,119.9021271782035,70.12312592992113,0.0033035804591888336
78,124,50.0,83.7589379336726,54.549457360824576,0.002261892721081555
78,124,53.6,120.0,73.73979529168805,0.0018452401020419631
78,125,50.0,85.96040542391538,62.61289249734616,0.002113100255104908
78,125,52.7,119.63959457608462,62.612892497346095,0.002113100255104908
78,126,50.0,91.7,90.0,0.0016666666666666668
78,126,79.4,120.2,90.0,0.0016666666666666668
78,127,50.0,97.7,90.0,0.0016666666666666668
78,127,79.1,120.2,90.0,0.0016666666666666668
78,128,50.0,107.0,90.0,0.0016666666666666668
78,128,78.8,120.2,90.0,0.0016666666666666668
78,129,51.429285785728574,118.7,45.572995999194305,0.005714293741501186
78,129,77.07071421427142,120.2,45.57299599919425,0.005714293741501186
78,130,81.5,120.2,90.0,0.0016666666666666668
78,131,81.8,120.2,90.0,0.0016666666666666668
78,132,80.6,120.2,90.0,0.0016666666666666668
78,133,80.9,120.2,90.0,0.0016666666666666668
78,134,50.0,99.8,90.0,0.0016666666666666668
78,134,79.7,120.2,90.0,0.0016666666666666668
78,135,50.0,104.9,90.0,0.0016666666666666668
78,135,80.0,120.2,90.0,0.0016666666666666668
78,136,50.0,103.4,90.0,0.0016666666666666668
78,136,89.6,120.2,90.0,0.0016666666666666668
78,137,50.0,113.3,90.0,0.0016666666666666668
78,137,89.3,120.2,90.0,0.0016666666666666668
78,145,90.8,120.2,90.0,0.0016666666666666668
78,146,50.0,53.0,90.0,0.0016666666666666668
78,156,50.0,73.7,90.0,0.0016666666666666668
78,157,50.0,72.8,90.0,0.0016666666666666668
78,177,50.0,48.5,90.0,0.0016666666666666668
78,179,81.2,120.2,90.0,0.0016666666666666668
78,180,50.0,59.9,90.0,0.0016666666666666668
78,181,50.0,61.7,90.0,0.0016666666666666668
78,185,50.0,47.60000000000001,90.0,0.0016666666666666668
78,186,50.0,45.2,90.0,0.0016666666666666668
78,187,50.0,27.799999999999997,90.0,0.0016666666666666668
78,188,50.0,22.10000000000001,90.0,0.0016666666666666668
78,189,50.0,18.200000000000003,90.0,0.0016666666666666668
78,190,50.0,14.800000000000011,73.73979529168803,0.0018452401020419631
78,199,50.0,62.36441492829877,80.79310377865414,0.0018749929761864628
78,200,50.0,67.82250064069711,77.29096700560457,0.0017857062584988146
78,201,50.0,51.2,90.0,0.0016666666666666668
78,202,50.0,45.8,90.0,0.0016666666666666668
78,203,50.0,57.2,90.0,0.0016666666666666668
78,204,50.0,56.3,90.0,0.0016666666666666668
78,205,50.0,50.89999999999999,90.0,0.0016666666666666668
78,207,50.0,92.9496153618544,40.53580211131668,0.005833333333333334
78,207,80.3,120.2,90.0,0.0016666666666666668
78,210,53.9,120.07749935930289,77.29096700560457,0.0017857062584988146
78,211,50.0,68.3,90.0,0.0016666666666666668
78,212,50.0,68.6,90.0,0.0016666666666666668
78,213,50.0,64.4,90.0,0.0016666666666666668
78,214,50.0,65.9040016012813,87.70755722404408,0.0018749929761864628
78,215,50.0,65.0250628144669,84.2608295227332,0.0018452401020419631
78,216,50.0,64.1,90.0,0.0016666666666666668
78,220,50.0,41.60000000000001,90.0,0.0016666666666666668
78,221,50.0,36.5,90.0,0.0016666666666666668
78,222,54.2,120.13558507170123,80.79310377865414,0.0018749929761864628
78,223,54.5,120.17493718553311,84.26082952273323,0.0018452401020419631
78,224,54.8,120.19599839871873,87.70755722404408,0.0018749929761864628
78,225,91.1,120.2,90.0,0.0016666666666666668
78,229,50.0,53.9,90.0,0.0016666666666666668
78,249,50.0,15.5,90.0,0.0016666666666666668
78,250,50.0,43.7,90.0,0.0016666666666666668
78,251,50.0,41.0,90.0,0.0016666666666666668
78,252,50.0,38.0,90.0,0.0016666666666666668
78,253,50.0,32.89999999999999,90.0,0.0016666666666666668
78,254,50.0,24.799999999999997,90.0,0.0016666666666666668
81,85,108.8,124.7,90.0,0.0016666666666666668
81,86,107.9,124.7,90.0,0.0016666666666666668
81,87,108.2,124.7,90.0,0.0016666666666666668
81,88,108.5,124.7,90.0,0.0016666666666666668
81,90,107.0,124.7,90.0,0.0016666666666666668
81,93,72.8,124.7,90.0,0.0016666666666666668
81,94,73.1,124.7,90.0,0.0016666666666666668
81,95,55.1,124.7,90.0,0.0016666666666666668
81,96,55.4,124.7,90.0,0.0016666666666666668
81,97,82.1,124.7,90.0,0.0016666666666666668
81,98,82.4,124.7,90.0,0.0016666666666666668
81,99,82.7,124.7,90.0,0.0016666666666666668
81,100,83.0,124.7,90.0,0.0016666666666666668
81,107,35.3,124.7,90.0,0.0016666666666666668
81,107,70.4,124.7,90.0,0.0016666666666666668
81,108,35.599999999999994,124.7,90.0,0.0016666666666666668
81,108,70.1,124.7,90.0,0.0016666666666666668
81,109,35.900000000000006,124.7,90.0,0.0016666666666666668
81,109,69.8,124.7,90.0,0.0016666666666666668
81,110,36.2,124.7,90.0,0.0016666666666666668
81,110,69.5,124.7,90.0,0.0016666666666666668
81,111,72.2,124.7,90.0,0.0016666666666666668
81,112,72.5,124.7,90.0,0.0016666666666666668
81,113,71.6,124.7,90.0,0.0016666666666666668
81,114,71.9,124.7,90.0,0.0016666666666666668
81,116,20.299999999999997,124.7,90.0,0.0016666666666666668
81,117,71.3,124.7,90.0,0.0016666666666666668
81,118,25.700000000000003,124.7,90.0,0.0016666666666666668
81,118,52.4,124.7,90.0,0.0016666666666666668
81,119,26.0,124.7,90.0,0.0016666666666666668
81,119,52.1,124.7,90.0,0.0016666666666666668
81,120,26.299999999999997,124.7,90.0,0.0016666666666666668
81,120,51.8,124.7,90.0,0.0016666666666666668
81,121,26.599999999999994,124.7,90.0,0.0016666666666666668
81,121,51.5,124.7,90.0,0.0016666666666666668
81,122,53.0,124.7,90.0,0.0016666666666666668
81,123,53.3,124.7,90.0,0.0016666666666666668
81,124,53.6,124.7,90.0,0.0016666666666666668
81,125,4.699999999999999,83.97071421427142,45.57299599919425,0.005714293741501186
81,125,52.7,124.7,90.0,0.0016666666666666668
81,126,36.5,124.7,90.0,0.0016666666666666668
81,126,79.4,124.7,90.0,0.0016666666666666668
81,127,36.8,124.7,90.0,0.0016666666666666668
81,127,79.1,124.7,90.0,0.0016666666666666668
81,128,26.900000000000006,124.7,90.0,0.0016666666666666668
81,128,78.8,124.7,90.0,0.0016666666666666668
81,129,27.200000000000003,124.7,90.0,0.0016666666666666668
81,129,78.5,124.7,90.0,0.0016666666666666668
81,130,81.5,124.7,90.0,0.0016666666666666668
81,131,81.8,124.7,90.0,0.0016666666666666668
81,132,80.6,124.7,90.0,0.0016666666666666668
81,133,80.9,124.7,90.0,0.0016666666666666668
81,134,4.699999999999999,97.17486841740758,28.357636576327977,0.002291673690480204
81,134,79.7,124.7,90.0,0.0016666666666666668
81,135,80.0,124.7,90.0,0.0016666666666666668
81,136,37.099999999999994,124.7,90.0,0.0016666666666666668
81,136,89.6,124.7,90.0,0.0016666666666666668
81,137,37.400000000000006,124.7,90.0,0.0016666666666666668
81,137,89.3,124.7,90.0,0.0016666666666666668
81,145,90.8,124.7,90.0,0.0016666666666666668
81,146,35.0,124.7,90.0,0.0016666666666666668
81,147,34.7,124.7,90.0,0.0016666666666666668
81,148,4.699999999999999,98.57308237088326,54.549457360824555,0.002261892721081555
81,148,33.5,124.7,90.0,0.0016666666666666668
81,149,4.699999999999999,86.6418745424597,50.20818050044274,0.0038393007653147234
81,149,33.8,124.7,90.0,0.0016666666666666668
81,150,34.400000000000006,124.7,90.0,0.0016666666666666668
81,156,43.7,124.7,90.0,0.0016666666666666668
81,157,44.0,124.7,90.0,0.0016666666666666668
81,158,42.8,124.7,90.0,0.0016666666666666668
81,159,43.099999999999994,124.7,90.0,0.0016666666666666668
81,160,15.5,124.7,90.0,0.0016666666666666668
81,161,15.799999999999997,124.7,90.0,0.0016666666666666668
81,162,16.400000000000006,124.7,90.0,0.0016666666666666668
81,164,11.0,124.7,90.0,0.0016666666666666668
81,164,42.5,124.7,90.0,0.0016666666666666668
81,165,9.5,124.69599839871873,87.70755722404412,0.0018749929761864628
81,166,9.799999999999997,124.7,90.0,0.0016666666666666668
81,179,81.2,124.7,90.0,0.0016666666666666668
81,180,10.099999999999994,124.7,90.0,0.0016666666666666668
81,181,10.400000000000006,124.7,90.0,0.0016666666666666668
81,190,46.4,124.7,90.0,0.0016666666666666668
81,199,45.8,124.7,90.0,0.0016666666666666668
81,200,46.1,124.7,90.0,0.0016666666666666668
81,207,80.3,124.7,90.0,0.0016666666666666668
81,210,53.9,124.7,90.0,0.0016666666666666668
81,211,44.3,124.7,90.0,0.0016666666666666668
81,212,44.599999999999994,124.7,90.0,0.0016666666666666668
81,213,44.900000000000006,124.7,90.0,0.0016666666666666668
81,214,45.2,124.7,90.0,0.0016666666666666668
81,215,45.5,124.7,90.0,0.0016666666666666668
81,216,17.0,124.7,90.0,0.0016666666666666668
81,222,54.2,124.7,90.0,0.0016666666666666668
81,223,54.5,124.7,90.0,0.0016666666666666668
81,224,54.8,124.7,90.0,0.0016666666666666668
81,225,91.1,124.7,90.0,0.0016666666666666668
81,230,4.699999999999999,80.6339487296628,50.20818050044275,0.0038393007653147234
81,230,6.5,123.54187454245971,50.20818050044275,0.0038393007653147234
81,231,4.699999999999999,83.10274090123926,54.54945736082457,0.002261892721081555
81,231,6.8,123.77308237088326,54.54945736082457,0.002261892721081555
81,232,16.099999999999994,124.7,90.0,0.0016666666666666668
81,233,7.1,123.97083130081253,58.667748502405786,0.00199406066327276
81,234,7.4,124.13959457608462,62.61289249734607,0.002113100255104908
81,235,7.7,124.28257569495585,66.42182152179822,0.002916680714293742
81,236,8.0,124.4021271782035,70.12312592992117,0.0033035804591888336
81,237,8.3,124.5,73.73979529168805,0.0018452401020419631
81,238,8.6,124.57749935930289,77.29096700560459,0.0017857062584988146
81,239,8.9,124.63558507170123,80.79310377865411,0.0018749929761864628
81,240,9.2,124.67493718553311,84.26082952273323,0.0018452401020419631
81,245,34.099999999999994,124.7,90.0,0.0016666666666666668
81,248,43.3749371855331,124.7,84.26082952273322,0.0018452401020419631
85,86,108.8,80.03818239574917,34.915206247444075,0.004583347380960408
85,86,122.0,71.6,90.0,0.0016666666666666668
85,87,108.8,79.62513158259243,28.357636576327803,0.002291673690480204
85,87,122.3,71.6,90.0,0.0016666666666666668
85,88,108.8,78.49412778907681,19.94844358880259,0.006815487227897463
85,88,122.39999999999999,71.6,73.73979529168814,0.0018452401020419631
85,93,108.8,98.9,90.0,0.0016666666666666668
85,94,108.8,104.6,90.0,0.0016666666666666668
85,95,108.8,108.5,90.0,0.0016666666666666668
85,96,108.8,116.3,90.0,0.0016666666666666668
85,97,108.8,96.5,90.0,0.0016666666666666668
85,98,108.8,98.3,90.0,0.0016666666666666668
85,99,108.8,107.0,90.0,0.0016666666666666668
85,100,108.8,107.9,90.0,0.0016666666666666668
85,101,108.8,84.2,90.0,0.0016666666666666668
85,102,113.6,71.60400160128128,87.70755722404408,0.0018749929761864628
85,103,127.4,71.47749935930287,77.29096700560461,0.0017857062584988146
85,104,114.2,71.6,90.0,0.0016666666666666668
85,105,108.8,122.3,90.0,0.0016666666666666668
85,106,108.8,87.8,90.0,0.0016666666666666668
85,131,109.72691762911673,73.7,54.54945736082474,0.002261892721081555
85,131,120.77308237088327,71.6,54.54945736082474,0.002261892721081555
85,178,114.5,71.6,90.0,0.0016666666666666668
85,206,108.8,84.5,90.0,0.0016666666666666668
86,87,108.32797712839084,80.87599237613031,10.887482877261093,0.005952372925165482
86,87,121.87202287160918,74.0240076238697,10.887482877261062,0.005952372925165482
86,88,108.5,80.52513158259244,28.357636576327803,0.002291673690480204
86,88,122.0,72.57486841740757,28.357636576327803,0.002291673690480204
86,93,107.9,98.9,90.0,0.0016666666666666668
86,94,107.9,104.6,90.0,0.0016666666666666668
86,95,107.9,108.5,90.0,0.0016666666666666668
86,96,107.9,116.3,90.0,0.0016666666666666668
86,97,107.9,96.5,90.0,0.0016666666666666668
86,98,107.9,98.3,90.0,0.0016666666666666668
86,99,107.9,107.0,90.0,0.0016666666666666668
86,100,107.9,107.9,90.0,0.0016666666666666668
86,101,107.9,84.2,90.0,0.0016666666666666668
86,102,113.8,77.9,73.73979529168798,0.0018452401020419631
86,103,122.0,62.0,90.0,0.0016666666666666668
86,104,114.2,77.9,90.0,0.0016666666666666668
86,105,107.9,122.3,90.0,0.0016666666666666668
86,106,107.9,87.8,90.0,0.0016666666666666668
86,146,122.0,53.0,90.0,0.0016666666666666668
86,178,114.62250064069713,77.9,77.29096700560446,0.0017857062584988146
86,198,122.0,23.9,90.0,0.0016666666666666668
86,206,107.9,84.5,90.0,0.0016666666666666668
87,88,108.5,80.29412778907681,19.94844358880259,0.006815487227897463
87,88,122.3,71.90587221092319,19.94844358880259,0.006815487227897463
87,93,108.2,98.9,90.0,0.0016666666666666668
87,94,108.2,104.6,90.0,0.0016666666666666668
87,95,108.2,108.5,90.0,0.0016666666666666668
87,96,108.2,116.3,90.0,0.0016666666666666668
87,97,108.2,96.5,90.0,0.0016666666666666668
87,98,108.2,98.3,90.0,0.0016666666666666668
87,99,108.2,107.0,90.0,0.0016666666666666668
87,100,108.2,107.9,90.0,0.0016666666666666668
87,101,108.2,84.2,90.0,0.0016666666666666668
87,102,113.6250628144669,77.0,84.2608295227332,0.0018452401020419631
87,103,122.3,62.0,90.0,0.0016666666666666668
87,104,114.2,77.0,90.0,0.0016666666666666668
87,105,108.2,122.3,90.0,0.0016666666666666668
87,106,108.2,87.8,90.0,0.0016666666666666668
87,146,122.3,53.0,90.0,0.0016666666666666668
87,178,114.50400160128129,77.0,87.70755722404408,0.0018749929761864628
87,198,122.3,23.9,90.0,0.0016666666666666668
87,206,108.2,84.5,90.0,0.0016666666666666668
88,93,108.5,98.9,90.0,0.0016666666666666668
88,94,108.5,104.6,90.0,0.0016666666666666668
88,95,108.5,108.5,90.0,0.0016666666666666668
88,96,108.5,116.3,90.0,0.0016666666666666668
88,97,108.5,96.5,90.0,0.0016666666666666668
88,98,108.5,98.3,90.0,0.0016666666666666668
88,99,108.5,107.0,90.0,0.0016666666666666668
88,100,108.5,107.9,90.0,0.0016666666666666668
88,101,108.5,84.2,90.0,0.0016666666666666668
88,102,113.6,75.2,90.0,0.0016666666666666668
88,103,122.6,62.00400160128128,87.70755722404425,0.0018749929761864628
88,104,114.2,75.2,90.0,0.0016666666666666668
88,105,108.5,122.3,90.0,0.0016666666666666668
88,106,108.5,87.8,90.0,0.0016666666666666668
88,146,122.6,53.0,90.0,0.0016666666666666668
88,178,114.5,75.2,90.0,0.0016666666666666668
88,198,122.6,23.9,90.0,0.0016666666666666668
88,206,108.5,84.5,90.0,0.0016666666666666668
90,93,107.0,98.9,90.0,0.0016666666666666668
90,94,107.0,104.6,90.0,0.0016666666666666668
90,95,107.0,108.5,90.0,0.0016666666666666668
90,96,107.0,116.3,90.0,0.0016666666666666668
90,97,107.0,96.5,90.0,0.0016666666666666668
90,98,107.0,98.3,90.0,0.0016666666666666668
90,99,107.0,107.0,90.0,0.0016666666666666668
90,100,107.0,107.9,90.0,0.0016666666666666668
90,105,107.0,122.3,90.0,0.0016666666666666668
90,106,79.73818239574915,87.8,34.9152062474443,0.004583347380960408
90,111,77.6,65.6,90.0,0.0016666666666666668
90,112,77.6,69.5,90.0,0.0016666666666666668
90,130,81.5,88.57749935930289,77.29096700560466,0.0017857062584988146
90,131,81.8,88.63558507170123,80.79310377865414,0.0018749929761864628
90,132,80.6,88.28257569495584,66.42182152179815,0.002916680714293742
90,133,80.9,88.4021271782035,70.12312592992129,0.0033035804591888336
90,146,77.6,53.0,90.0,0.0016666666666666668
90,167,77.6,53.3,90.0,0.0016666666666666668
90,168,77.6,50.3,90.0,0.0016666666666666668
90,169,77.6,47.3,90.0,0.0016666666666666668
90,170,77.6,43.1,90.0,0.0016666666666666668
90,171,77.6,40.7,90.0,0.0016666666666666668
90,172,77.6,29.6,90.0,0.0016666666666666668
90,173,77.6,18.799999999999997,90.0,0.0016666666666666668
90,174,77.6,12.799999999999997,90.0,0.0016666666666666668
90,175,77.6,8.299999999999997,90.0,0.0016666666666666668
90,176,77.6,5.0,90.0,0.0016666666666666668
90,177,77.6,48.5,90.0,0.0016666666666666668
90,179,81.2,88.5,73.73979529168814,0.0018452401020419631
90,180,77.6,59.9,90.0,0.0016666666666666668
90,181,77.6,61.7,90.0,0.0016666666666666668
90,183,77.6,32.3,90.0,0.0016666666666666668
90,184,77.6,21.200000000000003,90.0,0.0016666666666666668
90,185,77.6,47.6,90.0,0.0016666666666666668
90,186,77.6,45.2,90.0,0.0016666666666666668
90,187,77.6,27.799999999999997,90.0,0.0016666666666666668
90,188,77.6,22.1,90.0,0.0016666666666666668
90,189,77.6,18.200000000000003,90.0,0.0016666666666666668
90,190,77.6,14.599999999999994,90.0,0.0016666666666666668
90,194,77.6,11.299999999999997,90.0,0.0016666666666666668
90,195,77.6,10.400000000000006,90.0,0.0016666666666666668
90,196,77.6,5.299999999999997,90.0,0.0016666666666666668
90,197,77.6,17.60000000000001,90.0,0.0016666666666666668
90,199,77.6,62.3,90.0,0.0016666666666666668
90,200,77.6,67.7,90.0,0.0016666666666666668
90,201,77.6,51.2,90.0,0.0016666666666666668
90,202,77.6,45.8,90.0,0.0016666666666666668
90,203,77.6,57.2,90.0,0.0016666666666666668
90,204,77.6,56.3,90.0,0.0016666666666666668
90,205,77.6,50.9,90.0,0.0016666666666666668
90,206,77.66441492829877,84.5,80.79310377865414,0.0018749929761864628
90,249,77.6,15.5,90.0,0.0016666666666666668
90,250,77.6,43.7,90.0,0.0016666666666666668
90,251,77.6,41.0,90.0,0.0016666666666666668
90,252,77.6,38.0,90.0,0.0016666666666666668
90,253,77.6,32.9,90.0,0.0016666666666666668
90,254,77.6,24.799999999999997,90.0,0.0016666666666666668
93,95,72.8,108.5,90.0,0.0016666666666666668
93,96,72.8,116.3,90.0,0.0016666666666666668
93,97,82.82916869918746,98.9,58.66774850240584,0.00199406066327276
93,98,85.02513158259241,98.9,28.357636576328165,0.002291673690480204
93,105,72.8,122.3,90.0,0.0016666666666666668
93,105,125.0,124.43818239574915,34.9152062474443,0.004583347380960408
93,126,79.4,98.9,90.0,0.0016666666666666668
93,127,77.37104845722418,98.91843392355877,45.78122393506694,0.005714293741501186
93,128,72.8,107.0,90.0,0.0016666666666666668
93,129,72.8,118.7,90.0,0.0016666666666666668
93,130,81.5,98.9,90.0,0.0016666666666666668
93,131,81.8,98.9,90.0,0.0016666666666666668
93,132,80.6,98.9,90.0,0.0016666666666666668
93,133,80.9,98.9,90.0,0.0016666666666666668
93,134,74.93057659600798,99.80531938624966,37.664713627844826,0.0055654731802703885
93,135,72.8,104.9,90.0,0.0016666666666666668
93,136,72.82506281446689,103.4,84.26082952273323,0.0018452401020419631
93,137,72.8,113.3,90.0,0.0016666666666666668
93,138,72.8,128.3,90.0,0.0016666666666666668
93,139,72.8,133.1,90.0,0.0016666666666666668
93,140,72.8,134.9,90.0,0.0016666666666666668
93,141,72.8,141.2,90.0,0.0016666666666666668
93,142,72.8,135.5,90.0,0.0016666666666666668
93,145,90.8,98.9,90.0,0.0016666666666666668
93,151,72.8,140.0,90.0,0.0016666666666666668
93,152,72.8,143.0,90.0,0.0016666666666666668
93,153,72.8,143.9,90.0,0.0016666666666666668
93,154,72.8,144.8,90.0,0.0016666666666666668
93,155,72.8,130.7,90.0,0.0016666666666666668
93,179,81.2,98.9,90.0,0.0016666666666666668
93,207,80.23558507170122,98.9,80.79310377865414,0.0018749929761864628
93,225,91.1,98.9,90.0,0.0016666666666666668
94,95,73.22250064069712,108.5,77.29096700560461,0.0017857062584988146
94,96,73.1,116.3,90.0,0.0016666666666666668
94,97,82.1,104.6,90.0,0.0016666666666666668
94,98,82.4,104.6,90.0,0.0016666666666666668
94,105,73.1,122.3,90.0,0.0016666666666666668
94,105,124.7,124.0503846381456,40.53580211131668,0.005833333333333334
94,126,79.4,104.6,90.0,0.0016666666666666668
94,127,79.1,104.6,90.0,0.0016666666666666668
94,128,73.82911708717879,107.00008478119537,59.00254501371986,0.0018749929761864628
94,129,73.1,118.7,90.0,0.0016666666666666668
94,130,81.5,104.6,90.0,0.0016666666666666668
94,131,81.8,104.6,90.0,0.0016666666666666668
94,132,80.6,104.6,90.0,0.0016666666666666668
94,133,80.9,104.6,90.0,0.0016666666666666668
94,134,79.69599839871873,104.6,87.70755722404408,0.0018749929761864628
94,135,76.0923333496019,105.02077794588651,36.2930584934295,0.006011906768708631
94,136,87.84961536185436,104.6,40.53580211131633,0.005833333333333334
94,137,73.1,113.3,90.0,0.0016666666666666668
94,138,73.1,128.3,90.0,0.0016666666666666668
94,139,73.1,133.1,90.0,0.0016666666666666668
94,140,73.1,134.9,90.0,0.0016666666666666668
94,141,73.1,141.2,90.0,0.0016666666666666668
94,142,73.1,135.5,90.0,0.0016666666666666668
94,145,90.8,104.6,90.0,0.0016666666666666668
94,151,73.1,140.0,90.0,0.0016666666666666668
94,152,73.1,143.0,90.0,0.0016666666666666668
94,153,73.1,143.9,90.0,0.0016666666666666668
94,154,73.1,144.8,90.0,0.0016666666666666668
94,155,73.1,130.7,90.0,0.0016666666666666668
94,179,81.2,104.6,90.0,0.0016666666666666668
94,207,80.3,104.6,90.0,0.0016666666666666668
94,225,91.1,104.6,90.0,0.0016666666666666668
95,97,82.1,108.5,90.0,0.0016666666666666668
95,98,82.4,108.5,90.0,0.0016666666666666668
95,99,84.12928578572857,108.5,45.57299599919436,0.005714293741501186
95,100,85.62513158259242,108.5,28.35763657632795,0.002291673690480204
95,105,55.1,122.3,90.0,0.0016666666666666668
95,105,123.8,123.22691762911673,54.54945736082474,0.002261892721081555
95,107,70.4,108.5,90.0,0.0016666666666666668
95,108,70.1,108.5,90.0,0.0016666666666666668
95,109,69.8,108.5,90.0,0.0016666666666666668
95,110,69.5,108.5,90.0,0.0016666666666666668
95,111,72.2,108.5,90.0,0.0016666666666666668
95,112,72.5,108.5,90.0,0.0016666666666666668
95,113,71.6,108.5,90.0,0.0016666666666666668
95,114,71.9,108.5,90.0,0.0016666666666666668
95,115,55.1,136.1,90.0,0.0016666666666666668
95,116,55.1,135.8,90.0,0.0016666666666666668
95,117,55.1,116.9,90.0,0.0016666666666666668
95,126,79.4,108.5,90.0,0.0016666666666666668
95,127,79.1,108.5,90.0,0.0016666666666666668
95,128,77.37071421427143,108.5,45.57299599919436,0.005714293741501186
95,129,55.1,118.7,90.0,0.0016666666666666668
95,130,81.5,108.5,90.0,0.0016666666666666668
95,131,81.8,108.5,90.0,0.0016666666666666668
95,132,80.6,108.5,90.0,0.0016666666666666668
95,133,80.9,108.5,90.0,0.0016666666666666668
95,134,79.7,108.5,90.0,0.0016666666666666668
95,135,79.8,108.5,73.73979529168798,0.0018452401020419631
95,136,89.6,108.5,90.0,0.0016666666666666668
95,137,55.10400160128128,113.3,87.70755722404408,0.0018749929761864628
95,138,55.1,128.3,90.0,0.0016666666666666668
95,139,55.1,133.1,90.0,0.0016666666666666668
95,140,55.1,134.9,90.0,0.0016666666666666668
95,141,55.1,141.2,90.0,0.0016666666666666668
95,142,55.1,135.5,90.0,0.0016666666666666668
95,145,90.8,108.5,90.0,0.0016666666666666668
95,151,55.1,140.0,90.0,0.0016666666666666668
95,152,55.1,143.0,90.0,0.0016666666666666668
95,153,55.1,143.9,90.0,0.0016666666666666668
95,154,55.1,144.8,90.0,0.0016666666666666668
95,155,55.1,130.7,90.0,0.0016666666666666668
95,179,81.2,108.5,90.0,0.0016666666666666668
95,207,80.3,108.5,90.0,0.0016666666666666668
95,225,91.1,108.5,90.0,0.0016666666666666668
96,97,82.1,116.3,90.0,0.0016666666666666668
96,98,82.4,116.3,90.0,0.0016666666666666668
96,99,82.7,116.3,90.0,0.0016666666666666668
96,100,83.0,116.3,90.0,0.0016666666666666668
96,105,55.4,122.3,90.0,0.0016666666666666668
96,105,123.5,123.02916869918747,58.66774850240584,0.00199406066327276
96,107,70.4,116.3,90.0,0.0016666666666666668
96,108,70.1,116.3,90.0,0.0016666666666666668
96,109,69.8,116.3,90.0,0.0016666666666666668
96,110,69.5,116.3,90.0,0.0016666666666666668
96,111,72.2,116.3,90.0,0.0016666666666666668
96,112,72.5,116.3,90.0,0.0016666666666666668
96,113,71.6,116.3,90.0,0.0016666666666666668
96,114,71.9,116.3,90.0,0.0016666666666666668
96,115,55.4,136.1,90.0,0.0016666666666666668
96,116,55.4,135.8,90.0,0.0016666666666666668
96,117,58.0251315825924,116.9,28.357636576328165,0.002291673690480204
96,126,79.4,116.3,90.0,0.0016666666666666668
96,127,79.1,116.3,90.0,0.0016666666666666668
96,128,78.8,116.3,90.0,0.0016666666666666668
96,129,56.129168699187474,118.7,58.667748502405786,0.00199406066327276
96,130,81.5,116.3,90.0,0.0016666666666666668
96,131,81.8,116.3,90.0,0.0016666666666666668
96,132,80.6,116.3,90.0,0.0016666666666666668
96,133,80.9,116.3,90.0,0.0016666666666666668
96,134,79.7,116.3,90.0,0.0016666666666666668
96,135,80.0,116.3,90.0,0.0016666666666666668
96,136,89.6,116.3,90.0,0.0016666666666666668
96,137,88.88257569495583,116.3,66.42182152179815,0.002916680714293742
96,138,55.4,128.3,90.0,0.0016666666666666668
96,139,55.4,133.1,90.0,0.0016666666666666668
96,140,55.4,134.9,90.0,0.0016666666666666668
96,141,55.4,141.2,90.0,0.0016666666666666668
96,142,55.4,135.5,90.0,0.0016666666666666668
96,145,90.8,116.3,90.0,0.0016666666666666668
96,151,55.4,140.0,90.0,0.0016666666666666668
96,152,55.4,143.0,90.0,0.0016666666666666668
96,153,55.4,143.9,90.0,0.0016666666666666668
96,154,55.4,144.8,90.0,0.0016666666666666668
96,155,55.4,130.7,90.0,0.0016666666666666668
96,179,81.2,116.3,90.0,0.0016666666666666668
96,207,80.3,116.3,90.0,0.0016666666666666668
96,225,91.1,116.3,90.0,0.0016666666666666668
97,105,82.1,122.3,90.0,0.0016666666666666668
97,105,125.6,125.59412778907677,19.94844358880311,0.006815487227897463
97,136,82.1,103.4,90.0,0.0016666666666666668
97,137,82.1,113.3,90.0,0.0016666666666666668
97,138,82.1,128.3,90.0,0.0016666666666666668
97,139,82.1,133.1,90.0,0.0016666666666666668
97,140,82.1,134.9,90.0,0.0016666666666666668
97,141,82.1,141.2,90.0,0.0016666666666666668
97,142,82.1,135.5,90.0,0.0016666666666666668
97,145,90.8,96.5,90.0,0.0016666666666666668
97,151,82.1,140.0,90.0,0.0016666666666666668
97,152,82.1,143.0,90.0,0.0016666666666666668
97,153,82.1,143.9,90.0,0.0016666666666666668
97,154,82.1,144.8,90.0,0.0016666666666666668
97,155,82.1,130.7,90.0,0.0016666666666666668
97,225,91.1,96.5,90.0,0.0016666666666666668
98,105,82.4,122.3,90.0,0.0016666666666666668
98,105,125.3,124.9251315825924,28.357636576328165,0.002291673690480204
98,136,82.4,103.4,90.0,0.0016666666666666668
98,137,82.4,113.3,90.0,0.0016666666666666668
98,138,82.4,128.3,90.0,0.0016666666666666668
98,139,82.4,133.1,90.0,0.0016666666666666668
98,140,82.4,134.9,90.0,0.0016666666666666668
98,141,82.4,141.2,90.0,0.0016666666666666668
98,142,82.4,135.5,90.0,0.0016666666666666668
98,145,90.8,98.3,90.0,0.0016666666666666668
98,151,82.4,140.0,90.0,0.0016666666666666668
98,152,82.4,143.0,90.0,0.0016666666666666668
98,153,82.4,143.9,90.0,0.0016666666666666668
98,154,82.4,144.8,90.0,0.0016666666666666668
98,155,82.4,130.7,90.0,0.0016666666666666668
98,225,91.1,98.3,90.0,0.0016666666666666668
99,105,82.7,122.3,90.0,0.0016666666666666668
99,105,124.4,123.72928578572856,45.57299599919436,0.005714293741501186
99,136,89.39999999999999,107.0,73.73979529168798,0.0018452401020419631
99,137,82.7,113.3,90.0,0.0016666666666666668
99,138,82.7,128.3,90.0,0.0016666666666666668
99,139,82.7,133.1,90.0,0.0016666666666666668
99,140,82.7,134.9,90.0,0.0016666666666666668
99,141,82.7,141.20400160128128,87.70755722404408,0.0018749929761864628
99,142,82.7,135.5,90.0,0.0016666666666666668
99,145,90.8,107.0,90.0,0.0016666666666666668
99,151,82.7,140.0,90.0,0.0016666666666666668
99,152,82.7,143.0,90.0,0.0016666666666666668
99,153,82.7,143.9,90.0,0.0016666666666666668
99,154,82.7,144.8,90.0,0.0016666666666666668
99,155,82.7,130.7,90.0,0.0016666666666666668
99,225,91.1,107.0,90.0,0.0016666666666666668
100,105,83.0,122.3,90.0,0.0016666666666666668
100,105,124.1,123.45812545754028,50.20818050044296,0.0038393007653147234
100,136,89.57493718553309,107.9,84.2608295227332,0.0018452401020419631
100,137,83.0,113.3,90.0,0.0016666666666666668
100,138,83.0,128.3,90.0,0.0016666666666666668
100,139,83.0,133.1,90.0,0.0016666666666666668
100,140,83.0,134.9,90.0,0.0016666666666666668
100,141,83.0,141.2250628144669,84.2608295227332,0.0018452401020419631
100,142,83.0,135.5040016012813,87.70755722404408,0.0018749929761864628
100,145,90.8,107.9,90.0,0.0016666666666666668
100,151,83.0,140.0,90.0,0.0016666666666666668
100,152,83.0,143.0,90.0,0.0016666666666666668
100,153,83.0,143.9,90.0,0.0016666666666666668
100,154,83.0,144.8,90.0,0.0016666666666666668
100,155,83.0,130.7,90.0,0.0016666666666666668
100,225,91.1,107.9,90.0,0.0016666666666666668
101,130,96.5,67.4,90.0,0.0016666666666666668
101,131,96.5,73.7,90.0,0.0016666666666666668
101,146,96.5,53.0,90.0,0.0016666666666666668
101,179,96.5,71.9,90.0,0.0016666666666666668
101,180,96.5,59.9,90.0,0.0016666666666666668
101,181,96.5,61.7,90.0,0.0016666666666666668
101,182,96.5,35.6,90.0,0.0016666666666666668
101,183,96.5,32.3,90.0,0.0016666666666666668
101,184,96.5,21.200000000000003,90.0,0.0016666666666666668
101,185,96.5,47.6,90.0,0.0016666666666666668
101,186,96.5,45.2,90.0,0.0016666666666666668
101,187,96.5,27.799999999999997,90.0,0.0016666666666666668
101,188,96.5,22.1,90.0,0.0016666666666666668
101,189,96.5,18.200000000000003,90.0,0.0016666666666666668
101,190,96.5,14.599999999999994,90.0,0.0016666666666666668
101,191,96.5,24.5,90.0,0.0016666666666666668
101,192,96.5,14.900000000000006,90.0,0.0016666666666666668
101,193,96.5,10.099999999999994,90.0,0.0016666666666666668
101,194,96.5,11.299999999999997,90.0,0.0016666666666666668
101,195,96.5,10.400000000000006,90.0,0.0016666666666666668
101,196,96.5,5.299999999999997,90.0,0.0016666666666666668
101,197,96.5,17.6,90.0,0.0016666666666666668
101,198,96.5,23.9,90.0,0.0016666666666666668
101,249,96.5,15.5,90.0,0.0016666666666666668
101,251,96.5,41.0,90.0,0.0016666666666666668
101,252,96.5,38.0,90.0,0.0016666666666666668
101,253,96.5,32.9,90.0,0.0016666666666666668
101,254,96.5,24.799999999999997,90.0,0.0016666666666666668
102,104,114.2,78.8748684174076,28.357636576328165,0.002291673690480204
102,104,127.1,86.52513158259241,28.357636576328165,0.002291673690480204
102,130,113.6,67.4,90.0,0.0016666666666666668
102,131,113.6,73.7,90.0,0.0016666666666666668
102,146,113.6,53.0,90.0,0.0016666666666666668
102,178,117.4759923761303,81.37202287160918,10.887482877261062,0.005952372925165482
102,178,124.12400762386969,81.92797712839084,10.887482877261093,0.005952372925165482
102,190,113.6,14.600000000000001,90.0,0.0016666666666666668
102,191,113.6,24.5,90.0,0.0016666666666666668
102,192,113.6,14.899999999999999,90.0,0.0016666666666666668
102,193,113.6,10.099999999999994,90.0,0.0016666666666666668
102,194,113.6,11.299999999999997,90.0,0.0016666666666666668
102,195,113.6,10.400000000000006,90.0,0.0016666666666666668
102,196,113.6,5.299999999999997,90.0,0.0016666666666666668
102,197,113.6,17.6,90.0,0.0016666666666666668
102,198,113.6,23.9,90.0,0.0016666666666666668
103,104,114.2,58.70587221092319,19.94844358880259,0.006815487227897463
103,104,127.4,87.19412778907682,19.94844358880259,0.006815487227897463
103,130,121.4,62.0,90.0,0.0016666666666666668
103,131,121.7,62.0,90.0,0.0016666666666666668
103,146,113.9,53.0,90.0,0.0016666666666666668
103,178,114.5,59.37486841740757,28.357636576327803,0.002291673690480204
103,178,127.4,84.42513158259243,28.357636576327803,0.002291673690480204
103,190,113.9,14.600000000000001,90.0,0.0016666666666666668
103,191,113.9,24.5,90.0,0.0016666666666666668
103,192,113.9,14.899999999999999,90.0,0.0016666666666666668
103,193,113.9,10.100000000000001,90.0,0.0016666666666666668
103,194,113.9,11.299999999999997,90.0,0.0016666666666666668
103,195,113.9,10.399999999999999,90.0,0.0016666666666666668
103,196,113.9,5.299999999999997,90.0,0.0016666666666666668
103,197,113.9,17.6,90.0,0.0016666666666666668
103,198,113.9,23.9,90.0,0.0016666666666666668
104,130,114.2,67.4,90.0,0.0016666666666666668
104,131,114.2,73.7,90.0,0.0016666666666666668
104,146,114.2,53.0,90.0,0.0016666666666666668
104,190,114.2,14.599999999999994,90.0,0.0016666666666666668
104,191,114.2,24.5,90.0,0.0016666666666666668
104,192,114.2,14.900000000000006,90.0,0.0016666666666666668
104,193,114.2,10.099999999999994,90.0,0.0016666666666666668
104,194,114.2,11.299999999999997,90.0,0.0016666666666666668
104,195,114.2,10.400000000000006,90.0,0.0016666666666666668
104,196,114.2,5.295998398718723,87.70755722404408,0.0018749929761864628
104,197,114.2,17.6,90.0,0.0016666666666666668
104,198,114.2,23.9,90.0,0.0016666666666666668
105,107,35.3,122.3,90.0,0.0016666666666666668
105,107,70.4,122.3,90.0,0.0016666666666666668
105,108,35.599999999999994,122.3,90.0,0.0016666666666666668
105,108,70.1,122.3,90.0,0.0016666666666666668
105,109,35.900000000000006,122.3,90.0,0.0016666666666666668
105,109,69.8,122.3,90.0,0.0016666666666666668
105,110,36.2,122.3,90.0,0.0016666666666666668
105,110,69.5,122.3,90.0,0.0016666666666666668
105,111,72.2,122.3,90.0,0.0016666666666666668
105,112,72.5,122.3,90.0,0.0016666666666666668
105,113,71.6,122.3,90.0,0.0016666666666666668
105,114,71.9,122.3,90.0,0.0016666666666666668
105,116,20.299999999999997,122.3,90.0,0.0016666666666666668
105,117,71.3,122.3,90.0,0.0016666666666666668
105,118,25.700000000000003,122.3,90.0,0.0016666666666666668
105,118,52.400000000000006,122.3,90.0,0.0016666666666666668
105,119,26.0,122.3,90.0,0.0016666666666666668
105,119,52.099999999999994,122.3,90.0,0.0016666666666666668
105,120,26.299999999999997,122.3,90.0,0.0016666666666666668
105,120,51.8,122.3,90.0,0.0016666666666666668
105,121,26.599999999999994,122.3,90.0,0.0016666666666666668
105,121,51.5,122.3,90.0,0.0016666666666666668
105,122,53.0,122.3,90.0,0.0016666666666666668
105,123,53.3,122.3,90.0,0.0016666666666666668
105,124,53.599999999999994,122.3,90.0,0.0016666666666666668
105,125,5.0,84.24187454245971,50.20818050044275,0.0038393007653147234
105,125,52.7,122.3,90.0,0.0016666666666666668
105,126,36.5,122.3,90.0,0.0016666666666666668
105,126,79.4,122.3,90.0,0.0016666666666666668
105,127,36.8,122.3,90.0,0.0016666666666666668
105,127,79.1,122.3,90.0,0.0016666666666666668
105,128,26.900000000000006,122.3,90.0,0.0016666666666666668
105,128,78.8,122.3,90.0,0.0016666666666666668
105,129,27.400000000000006,122.3,73.73979529168798,0.0018452401020419631
105,129,78.3,122.3,73.73979529168798,0.0018452401020419631
105,130,81.5,122.3,90.0,0.0016666666666666668
105,131,81.8,122.3,90.0,0.0016666666666666668
105,132,80.6,122.3,90.0,0.0016666666666666668
105,133,80.9,122.3,90.0,0.0016666666666666668
105,134,5.0,97.66181760425084,34.91520624744427,0.004583347380960408
105,134,79.7,122.3,90.0,0.0016666666666666668
105,135,80.0,122.3,90.0,0.0016666666666666668
105,136,37.099999999999994,122.3,90.0,0.0016666666666666668
105,136,89.6,122.3,90.0,0.0016666666666666668
105,137,37.400000000000006,122.3,90.0,0.0016666666666666668
105,137,89.3,122.3,90.0,0.0016666666666666668
105,145,90.8,122.3,90.0,0.0016666666666666668
105,146,35.0,122.3,90.0,0.0016666666666666668
105,147,34.7,122.3,90.0,0.0016666666666666668
105,148,5.0,98.77083130081252,58.6677485024057,0.00199406066327276
105,148,33.5,122.3,90.0,0.0016666666666666668
105,149,5.0,86.87308237088325,54.549457360824555,0.002261892721081555
105,149,33.8,122.3,90.0,0.0016666666666666668
105,150,34.400000000000006,122.3,90.0,0.0016666666666666668
105,156,43.7,122.3,90.0,0.0016666666666666668
105,157,44.0,122.3,90.0,0.0016666666666666668
105,158,42.8,122.3,90.0,0.0016666666666666668
105,159,43.099999999999994,122.3,90.0,0.0016666666666666668
105,160,15.5,122.3,90.0,0.0016666666666666668
105,161,15.799999999999997,122.3,90.0,0.0016666666666666668
105,162,16.400000000000006,122.3,90.0,0.0016666666666666668
105,164,11.0,122.3,90.0,0.0016666666666666668
105,164,42.5,122.3,90.0,0.0016666666666666668
105,165,9.5,122.2749371855331,84.26082952273323,0.0018452401020419631
105,166,9.8,122.29599839871872,87.70755722404412,0.0018749929761864628
105,179,81.2,122.3,90.0,0.0016666666666666668
105,180,10.099999999999994,122.3,90.0,0.0016666666666666668
105,181,10.400000000000006,122.3,90.0,0.0016666666666666668
105,190,46.400000000000006,122.3,90.0,0.0016666666666666668
105,199,45.8,122.3,90.0,0.0016666666666666668
105,200,46.099999999999994,122.3,90.0,0.0016666666666666668
105,207,80.3,122.3,90.0,0.0016666666666666668
105,210,53.900000000000006,122.3,90.0,0.0016666666666666668
105,211,44.3,122.3,90.0,0.0016666666666666668
105,212,44.599999999999994,122.3,90.0,0.0016666666666666668
105,213,44.900000000000006,122.3,90.0,0.0016666666666666668
105,214,45.2,122.3,90.0,0.0016666666666666668
105,215,45.5,122.3,90.0,0.0016666666666666668
105,216,17.0,122.3,90.0,0.0016666666666666668
105,222,54.2,122.3,90.0,0.0016666666666666668
105,223,54.5,122.3,90.0,0.0016666666666666668
105,224,54.8,122.3,90.0,0.0016666666666666668
105,225,91.1,122.3,90.0,0.0016666666666666668
105,230,5.0,80.90510905785109,45.57299599919425,0.005714293741501186
105,230,6.5,120.87071421427143,45.57299599919436,0.005714293741501186
105,231,5.0,83.33394872966281,50.20818050044275,0.0038393007653147234
105,231,6.8,121.1418745424597,50.20818050044275,0.0038393007653147234
105,232,16.099999999999994,122.3,90.0,0.0016666666666666668
105,233,7.1,121.37308237088325,54.549457360824555,0.002261892721081555
105,234,7.4,121.57083130081253,58.667748502405786,0.00199406066327276
105,235,7.7,121.73959457608461,62.61289249734607,0.002113100255104908
105,236,8.0,121.88257569495585,66.42182152179822,0.002916680714293742
105,237,8.3,122.0021271782035,70.12312592992117,0.0033035804591888336
105,238,8.6,122.1,73.73979529168803,0.0018452401020419631
105,239,8.9,122.17749935930289,77.29096700560459,0.0017857062584988146
105,240,9.2,122.23558507170122,80.79310377865409,0.0018749929761864628
105,245,34.099999999999994,122.3,90.0,0.0016666666666666668
105,248,42.47308237088326,122.3,54.549457360824555,0.002261892721081555
106,107,39.2,82.52250064069713,77.29096700560461,0.0017857062584988146
106,107,70.4,87.8,90.0,0.0016666666666666668
106,108,39.20099430936583,82.89971010484021,74.89433300893504,0.0017857062584988146
106,108,70.1,87.8,90.0,0.0016666666666666668
106,111,72.2,87.8,90.0,0.0016666666666666668
106,112,72.5,87.8,90.0,0.0016666666666666668
106,113,48.20400160128129,87.8,87.70755722404408,0.0018749929761864628
106,114,48.5,87.8,90.0,0.0016666666666666668
106,118,39.2,80.0,90.0,0.0016666666666666668
106,118,52.39999999999999,87.8,90.0,0.0016666666666666668
106,119,39.61742430504416,84.8,66.42182152179818,0.002916680714293742
106,119,51.682575694955844,87.8,66.42182152179818,0.002916680714293742
106,122,47.3,87.8,90.0,0.0016666666666666668
106,123,53.15034568722585,87.8,75.94643605250454,0.0019047739455851117
106,124,53.51572374609445,87.8,79.46542194837279,0.0019047739455851117
106,125,39.929168699187485,85.4,58.66774850240561,0.00199406066327276
106,125,51.97083130081252,87.8,58.66774850240561,0.00199406066327276
106,130,81.5,87.8,90.0,0.0016666666666666668
106,131,81.8,87.8,90.0,0.0016666666666666668
106,132,80.6,87.8,90.0,0.0016666666666666668
106,133,80.9,87.8,90.0,0.0016666666666666668
106,145,70.35038463814561,87.8,40.535802111316556,0.005833333333333334
106,146,39.2,53.064414928298774,80.79310377865414,0.0018749929761864628
106,147,39.2,68.92506281446691,84.2608295227332,0.0018452401020419631
106,156,43.7,87.7749371855331,84.26082952273323,0.0018452401020419631
106,157,44.0,87.79599839871872,87.70755722404408,0.0018749929761864628
106,177,39.2,48.5,90.0,0.0016666666666666668
106,179,81.2,87.8,90.0,0.0016666666666666668
106,180,39.2,59.9,90.0,0.0016666666666666668
106,181,39.2,61.7,90.0,0.0016666666666666668
106,185,39.2,47.6,90.0,0.0016666666666666668
106,186,39.2,45.2,90.0,0.0016666666666666668
106,187,39.2,27.799999999999997,90.0,0.0016666666666666668
106,188,39.2,22.1,90.0,0.0016666666666666668
106,189,39.2,18.200000000000003,90.0,0.0016666666666666668
106,190,46.39999999999999,87.8,90.0,0.0016666666666666668
106,199,45.8,87.8,90.0,0.0016666666666666668
106,200,46.10000000000001,87.8,90.0,0.0016666666666666668
106,201,39.2,51.2,90.0,0.0016666666666666668
106,202,39.2,45.8,90.0,0.0016666666666666668
106,207,48.8,87.8,90.0,0.0016666666666666668
106,210,53.89999999999999,87.8,90.0,0.0016666666666666668
106,211,44.3,87.8,90.0,0.0016666666666666668
106,212,44.60000000000001,87.8,90.0,0.0016666666666666668
106,213,44.89999999999999,87.8,90.0,0.0016666666666666668
106,214,45.2,87.8,90.0,0.0016666666666666668
106,215,45.5,87.8,90.0,0.0016666666666666668
106,216,39.2,64.1,90.0,0.0016666666666666668
106,220,39.2,41.6,90.0,0.0016666666666666668
106,221,39.2,36.5,90.0,0.0016666666666666668
106,222,54.2,87.8,90.0,0.0016666666666666668
106,223,54.5,87.8,90.0,0.0016666666666666668
106,224,54.8,87.8,90.0,0.0016666666666666668
106,225,77.5,87.8,73.73979529168814,0.0018452401020419631
106,229,39.2,53.9,90.0,0.0016666666666666668
106,249,39.2,15.5,90.0,0.0016666666666666668
106,250,39.2,43.7,90.0,0.0016666666666666668
107,113,48.2,82.4,90.0,0.0016666666666666668
107,113,70.4,94.35038463814563,40.53580211131633,0.005833333333333334
107,114,48.5,82.4,90.0,0.0016666666666666668
107,114,70.4,95.82928578572859,45.57299599919425,0.005714293741501186
107,115,35.3,136.1,90.0,0.0016666666666666668
107,115,70.4,139.3941277890768,19.94844358880259,0.006815487227897463
107,116,35.3,135.8,90.0,0.0016666666666666668
107,116,70.4,138.42513158259243,28.35763657632795,0.002291673690480204
107,117,35.3,116.9,90.0,0.0016666666666666668
107,117,70.4,119.03818239574917,34.915206247444075,0.004583347380960408
107,118,51.67083130081252,82.4,58.667748502405786,0.00199406066327276
107,119,36.02916869918748,84.8,58.66774850240561,0.00199406066327276
107,120,35.3,95.6,90.0,0.0016666666666666668
107,121,35.3,101.6,90.0,0.0016666666666666668
107,122,47.3,82.4,90.0,0.0016666666666666668
107,123,48.22142641533972,82.4,61.12967531235131,0.0018452401020419631
107,124,48.70078340949668,82.4,57.12357809712345,0.0021726340986480564
107,125,35.71742430504416,85.4,66.42182152179815,0.002916680714293742
107,126,70.4,91.7,90.0,0.0016666666666666668
107,127,70.4,97.7,90.0,0.0016666666666666668
107,128,35.3,107.0,90.0,0.0016666666666666668
107,128,70.4,107.0,90.0,0.0016666666666666668
107,129,35.3,118.7,90.0,0.0016666666666666668
107,129,70.4,118.7,90.0,0.0016666666666666668
107,134,35.3,99.8,90.0,0.0016666666666666668
107,134,70.4,99.8,90.0,0.0016666666666666668
107,135,38.9,82.60000000000001,73.73979529168805,0.0018452401020419631
107,135,70.4,104.9,90.0,0.0016666666666666668
107,136,70.4,103.4,90.0,0.0016666666666666668
107,137,70.4,113.3,90.0,0.0016666666666666668
107,138,70.4,128.3,90.0,0.0016666666666666668
107,139,70.4,133.1,90.0,0.0016666666666666668
107,140,35.3,134.9,90.0,0.0016666666666666668
107,140,70.4,134.9,90.0,0.0016666666666666668
107,141,35.3,141.2,90.0,0.0016666666666666668
107,141,70.4,141.2,90.0,0.0016666666666666668
107,142,35.3,135.5,90.0,0.0016666666666666668
107,142,70.4,135.5,90.0,0.0016666666666666668
107,145,68.6,83.55812545754029,50.20818050044296,0.0038393007653147234
107,145,70.4,87.84187454245972,50.20818050044296,0.0038393007653147234
107,151,35.3,140.0,90.0,0.0016666666666666668
107,151,70.4,140.0,90.0,0.0016666666666666668
107,152,35.3,143.0,90.0,0.0016666666666666668
107,152,70.4,143.0,90.0,0.0016666666666666668
107,153,35.3,143.9,90.0,0.0016666666666666668
107,153,70.4,143.9,90.0,0.0016666666666666668
107,154,35.3,144.8,90.0,0.0016666666666666668
107,154,70.4,144.8,90.0,0.0016666666666666668
107,155,70.4,130.7,90.0,0.0016666666666666668
107,156,43.7,82.4,90.0,0.0016666666666666668
107,157,44.0,82.4,90.0,0.0016666666666666668
107,158,35.3,109.1,90.0,0.0016666666666666668
107,159,35.3,105.2,90.0,0.0016666666666666668
107,164,35.3,92.9,90.0,0.0016666666666666668
107,190,46.4,82.4,90.0,0.0016666666666666668
107,199,45.8,82.4,90.0,0.0016666666666666668
107,200,46.1,82.4,90.0,0.0016666666666666668
107,206,57.526917629116745,82.4,54.549457360824505,0.002261892721081555
107,206,69.47308237088326,84.5,54.549457360824505,0.002261892721081555
107,207,48.8,82.4,90.0,0.0016666666666666668
107,207,70.4,94.7,90.0,0.0016666666666666668
107,210,53.9,82.4,90.0,0.0016666666666666668
107,211,44.3,82.4,90.0,0.0016666666666666668
107,212,44.6,82.4,90.0,0.0016666666666666668
107,213,44.9,82.4,90.0,0.0016666666666666668
107,214,45.2,82.4,90.0,0.0016666666666666668
107,215,45.5,82.4,90.0,0.0016666666666666668
107,222,54.2,82.4,90.0,0.0016666666666666668
107,223,54.5,82.4,90.0,0.0016666666666666668
107,224,54.8,82.4,90.0,0.0016666666666666668
107,248,35.3,120.2,90.0,0.0016666666666666668
108,113,48.2,82.7,90.0,0.0016666666666666668
108,113,70.1,94.02928578572858,45.57299599919425,0.005714293741501186
108,114,48.5,82.7,90.0,0.0016666666666666668
108,114,70.1,95.55812545754029,50.20818050044296,0.0038393007653147234
108,115,35.6,136.1,90.0,0.0016666666666666668
108,115,70.1,138.72513158259238,28.35763657632831,0.002291673690480204
108,116,35.6,135.8,90.0,0.0016666666666666668
108,116,70.1,137.93818239574915,34.91520624744444,0.004583347380960408
108,117,35.6,116.9,90.0,0.0016666666666666668
108,117,70.1,118.65038463814562,40.535802111316556,0.005833333333333334
108,118,51.83959457608462,82.7,62.61289249734613,0.002113100255104908
108,119,36.526917629116745,84.8,54.549457360824505,0.002261892721081555
108,120,35.6,95.6,90.0,0.0016666666666666668
108,121,35.6,101.6,90.0,0.0016666666666666668
108,122,47.3,82.7,90.0,0.0016666666666666668
108,123,48.40078340949668,82.7,57.12357809712345,0.0021726340986480564
108,124,48.91064750722226,82.7,52.92722841417599,0.002202386972792556
108,125,36.16040542391538,85.4,62.61289249734613,0.002113100255104908
108,126,70.1,91.7,90.0,0.0016666666666666668
108,127,70.1,97.7,90.0,0.0016666666666666668
108,128,35.6,107.0,90.0,0.0016666666666666668
108,128,70.1,107.0,90.0,0.0016666666666666668
108,129,35.6,118.7,90.0,0.0016666666666666668
108,129,70.1,118.7,90.0,0.0016666666666666668
108,134,35.6,99.8,90.0,0.0016666666666666668
108,134,70.1,99.8,90.0,0.0016666666666666668
108,135,38.9,82.9978728217965,70.12312592992113,0.0033035804591888336
108,135,70.1,104.9,90.0,0.0016666666666666668
108,136,70.1,103.4,90.0,0.0016666666666666668
108,137,70.1,113.3,90.0,0.0016666666666666668
108,138,70.1,128.3,90.0,0.0016666666666666668
108,139,70.1,133.1,90.0,0.0016666666666666668
108,140,35.6,134.9,90.0,0.0016666666666666668
108,140,70.1,134.9,90.0,0.0016666666666666668
108,141,35.6,141.2,90.0,0.0016666666666666668
108,141,70.1,141.2,90.0,0.0016666666666666668
108,142,35.6,135.5,90.0,0.0016666666666666668
108,142,70.1,135.5,90.0,0.0016666666666666668
108,145,68.6017155607338,84.13096818006412,44.044505114862375,0.006309519795916074
108,145,70.0982844392662,87.56903181993587,44.04450511486209,0.006309519795916074
108,151,35.6,140.0,90.0,0.0016666666666666668
108,151,70.1,140.0,90.0,0.0016666666666666668
108,152,35.6,143.0,90.0,0.0016666666666666668
108,152,70.1,143.0,90.0,0.0016666666666666668
108,153,35.6,143.9,90.0,0.0016666666666666668
108,153,70.1,143.9,90.0,0.0016666666666666668
108,154,35.6,144.8,90.0,0.0016666666666666668
108,154,70.1,144.8,90.0,0.0016666666666666668
108,155,70.1,130.7,90.0,0.0016666666666666668
108,156,43.7,82.7,90.0,0.0016666666666666668
108,157,44.0,82.7,90.0,0.0016666666666666668
108,158,35.6,109.1,90.0,0.0016666666666666668
108,159,35.6,105.2,90.0,0.0016666666666666668
108,164,35.6,92.9,90.0,0.0016666666666666668
108,190,46.4,82.7,90.0,0.0016666666666666668
108,199,45.8,82.7,90.0,0.0016666666666666668
108,200,46.1,82.7,90.0,0.0016666666666666668
108,206,57.758125457540295,82.7,50.20818050044273,0.0038393007653147234
108,206,68.9418745424597,84.5,50.20818050044273,0.0038393007653147234
108,207,48.8,82.7,90.0,0.0016666666666666668
108,207,70.1,94.7,90.0,0.0016666666666666668
108,210,53.9,82.7,90.0,0.0016666666666666668
108,211,44.3,82.7,90.0,0.0016666666666666668
108,212,44.6,82.7,90.0,0.0016666666666666668
108,213,44.9,82.7,90.0,0.0016666666666666668
108,214,45.2,82.7,90.0,0.0016666666666666668
108,215,45.5,82.7,90.0,0.0016666666666666668
108,222,54.2,82.7,90.0,0.0016666666666666668
108,223,54.5,82.7,90.0,0.0016666666666666668
108,224,54.8,82.7,90.0,0.0016666666666666668
108,248,35.6,120.2,90.0,0.0016666666666666668
109,113,48.61742430504417,89.6,66.42182152179815,0.002916680714293742
109,113,69.71651004494902,93.69009397303059,40.95715160259363,0.005833333333333334
109,114,48.50400160128128,89.6,87.70755722404425,0.0018749929761864628
109,114,69.8,95.32691762911674,54.54945736082474,0.002261892721081555
109,115,35.9,136.1,90.0,0.0016666666666666668
109,115,69.8,138.23818239574916,34.91520624744416,0.004583347380960408
109,116,35.9,135.8,90.0,0.0016666666666666668
109,116,69.8,137.55038463814563,40.535802111316556,0.005833333333333334
109,117,35.9,116.9,90.0,0.0016666666666666668
109,117,69.8,118.32928578572859,45.57299599919425,0.005714293741501186
109,118,52.4,89.6,90.0,0.0016666666666666668
109,119,52.09599839871872,89.6,87.70755722404408,0.0018749929761864628
109,120,35.9,95.6,90.0,0.0016666666666666668
109,121,35.9,101.6,90.0,0.0016666666666666668
109,122,47.300020006550426,89.6,89.83791647266607,0.0017559533843543149
109,123,53.3,89.6,90.0,0.0016666666666666668
109,124,53.6,89.6,90.0,0.0016666666666666668
109,125,52.63558507170123,89.6,80.79310377865397,0.0018749929761864628
109,126,68.87308237088327,91.7,54.54945736082474,0.002261892721081555
109,127,69.8,97.7,90.0,0.0016666666666666668
109,128,35.9,107.0,90.0,0.0016666666666666668
109,128,69.8,107.0,90.0,0.0016666666666666668
109,129,35.9,118.7,90.0,0.0016666666666666668
109,129,69.8,118.7,90.0,0.0016666666666666668
109,134,35.9,99.8,90.0,0.0016666666666666668
109,134,69.8,99.8,90.0,0.0016666666666666668
109,135,38.9,90.01742430504416,66.42182152179815,0.002916680714293742
109,135,69.8,104.9,90.0,0.0016666666666666668
109,136,69.8,103.4,90.0,0.0016666666666666668
109,137,69.8,113.3,90.0,0.0016666666666666668
109,138,69.8,128.3,90.0,0.0016666666666666668
109,139,69.8,133.1,90.0,0.0016666666666666668
109,140,35.9,134.9,90.0,0.0016666666666666668
109,140,69.8,134.9,90.0,0.0016666666666666668
109,141,35.9,141.2,90.0,0.0016666666666666668
109,141,69.8,141.2,90.0,0.0016666666666666668
109,142,35.9,135.5,90.0,0.0016666666666666668
109,142,69.8,135.5,90.0,0.0016666666666666668
109,151,35.9,140.0,90.0,0.0016666666666666668
109,151,69.8,140.0,90.0,0.0016666666666666668
109,152,35.9,143.0,90.0,0.0016666666666666668
109,152,69.8,143.0,90.0,0.0016666666666666668
109,153,35.9,143.9,90.0,0.0016666666666666668
109,153,69.8,143.9,90.0,0.0016666666666666668
109,154,35.9,144.8,90.0,0.0016666666666666668
109,154,69.8,144.8,90.0,0.0016666666666666668
109,155,69.8,130.7,90.0,0.0016666666666666668
109,156,43.7,89.6,90.0,0.0016666666666666668
109,157,44.0,89.6,90.0,0.0016666666666666668
109,158,35.9,109.1,90.0,0.0016666666666666668
109,159,35.9,105.2,90.0,0.0016666666666666668
109,164,36.197872821796494,92.9,70.12312592992131,0.0033035804591888336
109,190,46.4,89.6,90.0,0.0016666666666666668
109,199,45.8,89.6,90.0,0.0016666666666666668
109,200,46.1,89.6,90.0,0.0016666666666666668
109,207,48.8,89.6,90.0,0.0016666666666666668
109,207,69.8,94.7,90.0,0.0016666666666666668
109,210,53.9,89.6,90.0,0.0016666666666666668
109,211,44.3,89.6,90.0,0.0016666666666666668
109,212,44.6,89.6,90.0,0.0016666666666666668
109,213,44.9,89.6,90.0,0.0016666666666666668
109,214,45.2,89.6,90.0,0.0016666666666666668
109,215,45.5,89.6,90.0,0.0016666666666666668
109,222,54.2,89.6,90.0,0.0016666666666666668
109,223,54.5,89.6,90.0,0.0016666666666666668
109,224,54.8,89.6,90.0,0.0016666666666666668
109,248,35.9,120.2,90.0,0.0016666666666666668
110,113,48.76040542391539,89.9,62.61289249734594,0.002113100255104908
110,113,69.25869560316333,93.3654589753174,40.003961336850814,0.005833333333333334
110,114,48.5250628144669,89.9,84.26082952273322,0.0018452401020419631
110,114,69.5,95.12916869918747,58.66774850240584,0.00199406066327276
110,115,36.2,136.1,90.0,0.0016666666666666668
110,115,69.5,137.8503846381456,40.535802111316556,0.005833333333333334
110,116,36.2,135.8,90.0,0.0016666666666666668
110,116,69.5,137.2292857857286,45.57299599919425,0.005714293741501186
110,117,36.2,116.9,90.0,0.0016666666666666668
110,117,69.5,118.0581254575403,50.20818050044273,0.0038393007653147234
110,118,52.4,89.9,90.0,0.0016666666666666668
110,119,52.1,89.9,90.0,0.0016666666666666668
110,120,36.2,95.6,90.0,0.0016666666666666668
110,121,36.2,101.6,90.0,0.0016666666666666668
110,122,47.309878431083106,89.9,86.39779733140425,0.0018749929761864628
110,123,53.3,89.9,90.0,0.0016666666666666668
110,124,53.6,89.9,90.0,0.0016666666666666668
110,125,52.6749371855331,89.9,84.26082952273322,0.0018452401020419631
110,126,68.3418745424597,91.7,50.20818050044273,0.0038393007653147234
110,127,69.5,97.7,90.0,0.0016666666666666668
110,128,36.2,107.0,90.0,0.0016666666666666668
110,128,69.5,107.0,90.0,0.0016666666666666668
110,129,36.2,118.7,90.0,0.0016666666666666668
110,129,69.5,118.7,90.0,0.0016666666666666668
110,134,36.2,99.8,90.0,0.0016666666666666668
110,134,69.5,99.8,90.0,0.0016666666666666668
110,135,38.9,90.46040542391539,62.61289249734602,0.002113100255104908
110,135,69.5,104.9,90.0,0.0016666666666666668
110,136,69.5,103.4,90.0,0.0016666666666666668
110,137,69.5,113.3,90.0,0.0016666666666666668
110,138,69.5,128.3,90.0,0.0016666666666666668
110,139,69.5,133.1,90.0,0.0016666666666666668
110,140,36.2,134.9,90.0,0.0016666666666666668
110,140,69.5,134.9,90.0,0.0016666666666666668
110,141,36.2,141.2,90.0,0.0016666666666666668
110,141,69.5,141.2,90.0,0.0016666666666666668
110,142,36.2,135.5,90.0,0.0016666666666666668
110,142,69.5,135.5,90.0,0.0016666666666666668
110,151,36.2,140.0,90.0,0.0016666666666666668
110,151,69.5,140.0,90.0,0.0016666666666666668
110,152,36.2,143.0,90.0,0.0016666666666666668
110,152,69.5,143.0,90.0,0.0016666666666666668
110,153,36.2,143.9,90.0,0.0016666666666666668
110,153,69.5,143.9,90.0,0.0016666666666666668
110,154,36.2,144.8,90.0,0.0016666666666666668
110,154,69.5,144.8,90.0,0.0016666666666666668
110,155,69.5,130.7,90.0,0.0016666666666666668
110,156,43.7,89.9,90.0,0.0016666666666666668
110,157,44.0,89.9,90.0,0.0016666666666666668
110,158,36.2,109.1,90.0,0.0016666666666666668
110,159,36.2,105.2,90.0,0.0016666666666666668
110,164,36.61742430504416,92.9,66.42182152179818,0.002916680714293742
110,190,46.4,89.9,90.0,0.0016666666666666668
110,199,45.8,89.9,90.0,0.0016666666666666668
110,200,46.1,89.9,90.0,0.0016666666666666668
110,207,48.80400160128128,89.9,87.70755722404408,0.0018749929761864628
110,207,69.49599839871871,94.7,87.70755722404408,0.0018749929761864628
110,210,53.9,89.9,90.0,0.0016666666666666668
110,211,44.3,89.9,90.0,0.0016666666666666668
110,212,44.6,89.9,90.0,0.0016666666666666668
110,213,44.9,89.9,90.0,0.0016666666666666668
110,214,45.2,89.9,90.0,0.0016666666666666668
110,215,45.5,89.9,90.0,0.0016666666666666668
110,222,54.2,89.9,90.0,0.0016666666666666668
110,223,54.5,89.9,90.0,0.0016666666666666668
110,224,54.8,89.9,90.0,0.0016666666666666668
110,248,36.2,120.2,90.0,0.0016666666666666668
111,126,72.2,91.7,90.0,0.0016666666666666668
111,127,72.2,97.7,90.0,0.0016666666666666668
111,128,72.2,107.0,90.0,0.0016666666666666668
111,129,72.2,118.7,90.0,0.0016666666666666668
111,132,85.4,65.6,90.0,0.0016666666666666668
111,133,85.7,65.6,90.0,0.0016666666666666668
111,134,72.2,99.8,90.0,0.0016666666666666668
111,135,72.2,104.9,90.0,0.0016666666666666668
111,136,72.2,103.4,90.0,0.0016666666666666668
111,137,72.2,113.3,90.0,0.0016666666666666668
111,138,72.2,128.3,90.0,0.0016666666666666668
111,139,72.2,133.1,90.0,0.0016666666666666668
111,140,72.2,134.9,90.0,0.0016666666666666668
111,141,72.2,141.2,90.0,0.0016666666666666668
111,142,72.2,135.5,90.0,0.0016666666666666668
111,145,72.2,88.80000000000001,73.73979529168817,0.0018452401020419631
111,146,95.6,53.0,90.0,0.0016666666666666668
111,151,72.2,140.0,90.0,0.0016666666666666668
111,152,72.2,143.0,90.0,0.0016666666666666668
111,153,72.2,143.9,90.0,0.0016666666666666668
111,154,72.2,144.8,90.0,0.0016666666666666668
111,155,72.2,130.7,90.0,0.0016666666666666668
111,180,95.6,59.9,90.0,0.0016666666666666668
111,181,95.47749935930287,61.7,77.29096700560446,0.0017857062584988146
111,182,95.6,35.6,90.0,0.0016666666666666668
111,183,95.6,32.3,90.0,0.0016666666666666668
111,184,95.6,21.2,90.0,0.0016666666666666668
111,185,95.6,47.6,90.0,0.0016666666666666668
111,186,95.6,45.2,90.0,0.0016666666666666668
111,187,95.6,27.8,90.0,0.0016666666666666668
111,188,95.6,22.1,90.0,0.0016666666666666668
111,189,95.6,18.2,90.0,0.0016666666666666668
111,190,95.6,14.6,90.0,0.0016666666666666668
111,191,95.6,24.5,90.0,0.0016666666666666668
111,192,95.6,14.9,90.0,0.0016666666666666668
111,193,95.6,10.1,90.0,0.0016666666666666668
111,194,95.6,11.3,90.0,0.0016666666666666668
111,195,95.6,10.4,90.0,0.0016666666666666668
111,196,95.6,5.3,90.0,0.0016666666666666668
111,197,95.6,17.6,90.0,0.0016666666666666668
111,198,95.6,23.9,90.0,0.0016666666666666668
111,200,73.12691762911673,67.7,54.54945736082474,0.002261892721081555
111,200,84.17308237088326,65.6,54.54945736082474,0.002261892721081555
111,206,72.2,84.5,90.0,0.0016666666666666668
111,207,72.2,94.7,90.0,0.0016666666666666668
111,222,72.2,72.3,73.73979529168798,0.0018452401020419631
111,222,75.8,65.8,73.73979529168798,0.0018452401020419631
111,223,72.2,71.47749935930287,77.29096700560446,0.0017857062584988146
111,223,76.1,65.72250064069712,77.29096700560446,0.0017857062584988146
111,224,72.27762515838434,69.72237484161566,69.78157370740706,0.003363086207477833
111,224,76.32237484161568,65.67762515838432,69.78157370740743,0.003363086207477833
111,225,77.3,65.6,90.0,0.0016666666666666668
111,249,95.6,15.5,90.0,0.0016666666666666668
111,251,95.6,41.0,90.0,0.0016666666666666668
111,252,95.6,38.0,90.0,0.0016666666666666668
111,253,95.6,32.9,90.0,0.0016666666666666668
111,254,95.6,24.8,90.0,0.0016666666666666668
112,126,72.5,91.7,90.0,0.0016666666666666668
112,127,72.5,97.7,90.0,0.0016666666666666668
112,128,72.5,107.0,90.0,0.0016666666666666668
112,129,72.5,118.7,90.0,0.0016666666666666668
112,130,82.42691762911674,69.5,54.549457360824505,0.002261892721081555
112,130,94.97308237088326,67.4,54.549457360824505,0.002261892721081555
112,132,85.4,69.5,90.0,0.0016666666666666668
112,133,85.7,69.5,90.0,0.0016666666666666668
112,134,72.5,99.8,90.0,0.0016666666666666668
112,135,72.5,104.9,90.0,0.0016666666666666668
112,136,72.5,103.4,90.0,0.0016666666666666668
112,137,72.5,113.3,90.0,0.0016666666666666668
112,138,72.5,128.3,90.0,0.0016666666666666668
112,139,72.5,133.1,90.0,0.0016666666666666668
112,140,72.5,134.9,90.0,0.0016666666666666668
112,141,72.5,141.2,90.0,0.0016666666666666668
112,142,72.5,135.5,90.0,0.0016666666666666668
112,145,72.5,88.87749935930287,77.29096700560461,0.0017857062584988146
112,146,95.9,53.0,90.0,0.0016666666666666668
112,151,72.5,140.0,90.0,0.0016666666666666668
112,152,72.5,143.0,90.0,0.0016666666666666668
112,153,72.5,143.9,90.0,0.0016666666666666668
112,154,72.5,144.8,90.0,0.0016666666666666668
112,155,72.5,130.7,90.0,0.0016666666666666668
112,180,95.9,59.9,90.0,0.0016666666666666668
112,181,95.9,61.7,90.0,0.0016666666666666668
112,182,95.9,35.6,90.0,0.0016666666666666668
112,183,95.9,32.3,90.0,0.0016666666666666668
112,184,95.9,21.2,90.0,0.0016666666666666668
112,185,95.9,47.6,90.0,0.0016666666666666668
112,186,95.9,45.2,90.0,0.0016666666666666668
112,187,95.9,27.8,90.0,0.0016666666666666668
112,188,95.9,22.1,90.0,0.0016666666666666668
112,189,95.9,18.2,90.0,0.0016666666666666668
112,190,95.9,14.6,90.0,0.0016666666666666668
112,191,95.9,24.5,90.0,0.0016666666666666668
112,192,95.9,14.9,90.0,0.0016666666666666668
112,193,95.9,10.1,90.0,0.0016666666666666668
112,194,95.9,11.3,90.0,0.0016666666666666668
112,195,95.9,10.4,90.0,0.0016666666666666668
112,196,95.9,5.3,90.0,0.0016666666666666668
112,197,95.9,17.6,90.0,0.0016666666666666668
112,198,95.9,23.9,90.0,0.0016666666666666668
112,206,72.5,84.5,90.0,0.0016666666666666668
112,207,72.5,94.7,90.0,0.0016666666666666668
112,222,73.25714901939044,71.85458593858344,28.62189309777605,0.002291673690480204
112,222,75.04285098060957,70.14541406141656,28.621893097776272,0.002291673690480204
112,225,77.3,69.50400160128129,87.70755722404408,0.0018749929761864628
112,249,95.9,15.5,90.0,0.0016666666666666668
112,251,95.9,41.0,90.0,0.0016666666666666668
112,252,95.9,38.0,90.0,0.0016666666666666668
112,253,95.9,32.9,90.0,0.0016666666666666668
112,254,95.9,24.8,90.0,0.0016666666666666668
113,114,48.5,89.30587221092318,19.94844358880259,0.006815487227897463
113,114,71.6,97.69412778907677,19.94844358880311,0.006815487227897463
113,118,48.2,80.06441492829877,80.79310377865406,0.0018749929761864628
113,118,52.4,92.53558507170122,80.79310377865406,0.0018749929761864628
113,119,48.2,84.92250064069712,77.29096700560454,0.0017857062584988146
113,119,52.1,92.47749935930287,77.29096700560454,0.0017857062584988146
113,123,48.2,82.36072398019691,28.35763657632784,0.002291673690480204
113,123,53.3,92.6,90.0,0.0016666666666666668
113,124,48.2,81.39172777371253,19.94844358880262,0.006815487227897463
113,124,53.6,92.6,90.0,0.0016666666666666668
113,125,48.2,85.42506281446691,84.2608295227332,0.0018452401020419631
113,125,52.7,92.57493718553309,84.2608295227332,0.0018452401020419631
113,126,50.33818239574918,91.7,34.915206247444004,0.004583347380960408
113,127,71.6,97.7,90.0,0.0016666666666666668
113,128,71.6,107.0,90.0,0.0016666666666666668
113,129,71.6,118.7,90.0,0.0016666666666666668
113,134,71.6,99.8,90.0,0.0016666666666666668
113,135,71.6,104.9,90.0,0.0016666666666666668
113,136,71.6,103.4,90.0,0.0016666666666666668
113,137,71.6,113.3,90.0,0.0016666666666666668
113,138,71.6,128.3,90.0,0.0016666666666666668
113,139,71.6,133.1,90.0,0.0016666666666666668
113,140,71.6,134.9,90.0,0.0016666666666666668
113,141,71.6,141.2,90.0,0.0016666666666666668
113,142,71.6,135.5,90.0,0.0016666666666666668
113,146,48.2,53.0,90.0,0.0016666666666666668
113,151,71.6,140.0,90.0,0.0016666666666666668
113,152,71.6,143.0,90.0,0.0016666666666666668
113,153,71.6,143.9,90.0,0.0016666666666666668
113,154,71.6,144.8,90.0,0.0016666666666666668
113,155,71.6,130.7,90.0,0.0016666666666666668
113,156,48.2,73.7250628144669,84.26082952273323,0.0018452401020419631
113,157,48.2,72.86441492829877,80.79310377865414,0.0018749929761864628
113,177,48.2,48.5,90.0,0.0016666666666666668
113,180,48.2,59.9,90.0,0.0016666666666666668
113,181,48.2,61.7,90.0,0.0016666666666666668
113,185,48.2,47.6,90.0,0.0016666666666666668
113,186,48.2,45.2,90.0,0.0016666666666666668
113,187,48.2,27.799999999999997,90.0,0.0016666666666666668
113,188,48.2,22.099999999999994,90.0,0.0016666666666666668
113,189,48.2,18.200000000000003,90.0,0.0016666666666666668
113,190,48.2,15.758125457540274,50.20818050044294,0.0038393007653147234
113,199,48.2,63.029168699187466,58.66774850240584,0.00199406066327276
113,200,48.2,68.62691762911675,54.549457360824576,0.002261892721081555
113,201,48.2,51.2,90.0,0.0016666666666666668
113,202,48.2,45.8,90.0,0.0016666666666666668
113,203,48.2,57.2,90.0,0.0016666666666666668
113,204,48.2,56.3,90.0,0.0016666666666666668
113,205,48.2,50.9,90.0,0.0016666666666666668
113,207,48.80844295066448,89.99044487123871,25.230536444556023,0.0040178461054358695
113,207,70.67308237088326,94.7,54.54945736082474,0.002261892721081555
113,210,53.9,92.6,90.0,0.0016666666666666668
113,211,48.2,68.42250064069711,77.29096700560466,0.0017857062584988146
113,212,48.2,68.8,73.73979529168805,0.0018452401020419631
113,213,48.2,64.69787282179651,70.1231259299212,0.0033035804591888336
113,214,48.2,66.31742430504417,66.42182152179815,0.002916680714293742
113,215,48.2,65.56040542391537,62.61289249734616,0.002113100255104908
113,216,48.2,64.1,90.0,0.0016666666666666668
113,220,48.2,41.6,90.0,0.0016666666666666668
113,221,48.2,36.5,90.0,0.0016666666666666668
113,222,54.2,92.6,90.0,0.0016666666666666668
113,223,54.5,92.6,90.0,0.0016666666666666668
113,224,54.8,92.6,90.0,0.0016666666666666668
113,229,48.2,53.9,90.0,0.0016666666666666668
113,249,48.2,15.5,90.0,0.0016666666666666668
113,250,48.2,43.7,90.0,0.0016666666666666668
113,251,48.2,41.0,90.0,0.0016666666666666668
113,252,48.2,38.0,90.0,0.0016666666666666668
113,253,48.2,32.9,90.0,0.0016666666666666668
113,254,48.2,24.799999999999997,90.0,0.0016666666666666668
114,118,48.5,80.12250064069713,77.29096700560454,0.0017857062584988146
114,118,52.4,94.27749935930288,77.29096700560454,0.0017857062584988146
114,119,48.5,85.0,73.73979529168805,0.0018452401020419631
114,119,52.1,94.2,73.73979529168805,0.0018452401020419631
114,123,48.5,82.84767316704017,34.91520624744412,0.004583347380960408
114,123,53.3,94.39599839871872,87.70755722404408,0.0018749929761864628
114,124,48.5,82.06072398019691,28.35763657632784,0.002291673690480204
114,124,53.6,94.4,90.0,0.0016666666666666668
114,125,48.5,85.46441492829878,80.79310377865414,0.0018749929761864628
114,125,52.7,94.33558507170123,80.79310377865414,0.0018749929761864628
114,126,49.06040542391538,91.7,62.61289249734613,0.002113100255104908
114,127,71.6021271782035,97.7,70.12312592992113,0.0033035804591888336
114,128,71.9,107.0,90.0,0.0016666666666666668
114,129,71.9,118.7,90.0,0.0016666666666666668
114,134,71.9,99.8,90.0,0.0016666666666666668
114,135,71.9,104.9,90.0,0.0016666666666666668
114,136,71.9,103.4,90.0,0.0016666666666666668
114,137,71.9,113.3,90.0,0.0016666666666666668
114,138,71.9,128.3,90.0,0.0016666666666666668
114,139,71.9,133.1,90.0,0.0016666666666666668
114,140,71.9,134.9,90.0,0.0016666666666666668
114,141,71.9,141.2,90.0,0.0016666666666666668
114,142,71.9,135.5,90.0,0.0016666666666666668
114,146,48.5,53.0,90.0,0.0016666666666666668
114,151,71.9,140.0,90.0,0.0016666666666666668
114,152,71.9,143.0,90.0,0.0016666666666666668
114,153,71.9,143.9,90.0,0.0016666666666666668
114,154,71.9,144.8,90.0,0.0016666666666666668
114,155,71.9,130.7,90.0,0.0016666666666666668
114,156,48.5,73.70400160128128,87.70755722404408,0.0018749929761864628
114,157,48.5,72.82506281446689,84.26082952273323,0.0018452401020419631
114,177,48.5,48.5,90.0,0.0016666666666666668
114,180,48.5,59.9,90.0,0.0016666666666666668
114,181,48.5,61.7,90.0,0.0016666666666666668
114,185,48.5,47.6,90.0,0.0016666666666666668
114,186,48.5,45.2,90.0,0.0016666666666666668
114,187,48.5,27.799999999999997,90.0,0.0016666666666666668
114,188,48.5,22.099999999999994,90.0,0.0016666666666666668
114,189,48.5,18.200000000000003,90.0,0.0016666666666666668
114,190,48.5,15.526917629116724,54.54945736082472,0.002261892721081555
114,199,48.5,62.860405423915374,62.61289249734613,0.002113100255104908
114,200,48.5,68.42916869918747,58.667748502405765,0.00199406066327276
114,201,48.5,51.2,90.0,0.0016666666666666668
114,202,48.5,45.8,90.0,0.0016666666666666668
114,203,48.5,57.2,90.0,0.0016666666666666668
114,204,48.5,56.3,90.0,0.0016666666666666668
114,205,48.5,50.9,90.0,0.0016666666666666668
114,207,50.117649507763986,93.08235049223602,4.8631678023429,0.0149702471258555
114,207,68.6058722109232,94.7,19.94844358880259,0.006815487227897463
114,210,53.9,94.4,90.0,0.0016666666666666668
114,211,48.5,68.36441492829877,80.79310377865414,0.0018749929761864628
114,212,48.5,68.72250064069712,77.29096700560454,0.0017857062584988146
114,213,48.5,64.60000000000001,73.73979529168805,0.0018452401020419631
114,214,48.5,66.19787282179651,70.12312592992113,0.0033035804591888336
114,215,48.5,65.41742430504416,66.42182152179815,0.002916680714293742
114,216,48.5,64.1,90.0,0.0016666666666666668
114,220,48.5,41.6,90.0,0.0016666666666666668
114,221,48.5,36.5,90.0,0.0016666666666666668
114,222,54.2,94.4,90.0,0.0016666666666666668
114,223,54.5,94.4,90.0,0.0016666666666666668
114,224,54.8,94.4,90.0,0.0016666666666666668
114,229,48.5,53.9,90.0,0.0016666666666666668
114,249,48.5,15.5,90.0,0.0016666666666666668
114,250,48.5,43.7,90.0,0.0016666666666666668
114,251,48.5,41.0,90.0,0.0016666666666666668
114,252,48.5,38.0,90.0,0.0016666666666666668
114,253,48.5,32.9,90.0,0.0016666666666666668
114,254,48.5,24.799999999999997,90.0,0.0016666666666666668
115,118,25.700000000000003,136.1,90.0,0.0016666666666666668
115,118,52.4,136.1,90.0,0.0016666666666666668
115,119,26.0,136.1,90.0,0.0016666666666666668
115,119,52.1,136.1,90.0,0.0016666666666666668
115,120,26.299999999999997,136.1,90.0,0.0016666666666666668
115,120,51.8,136.1,90.0,0.0016666666666666668
115,121,26.6,136.1,90.0,0.0016666666666666668
115,121,51.5,136.1,90.0,0.0016666666666666668
115,122,53.0,136.1,90.0,0.0016666666666666668
115,123,53.3,136.1,90.0,0.0016666666666666668
115,124,53.6,136.1,90.0,0.0016666666666666668
115,125,3.8,82.77486841740759,28.357636576327984,0.002291673690480204
115,125,52.7,136.1,90.0,0.0016666666666666668
115,126,36.5,136.1,90.0,0.0016666666666666668
115,127,36.8,136.1,90.0,0.0016666666666666668
115,128,26.9,136.1,90.0,0.0016666666666666668
115,129,27.200000000000003,136.1,90.0,0.0016666666666666668
115,136,37.1,136.1,90.0,0.0016666666666666668
115,137,37.4,136.1,90.0,0.0016666666666666668
115,138,37.7,136.1,90.0,0.0016666666666666668
115,139,38.417424305044165,136.1,66.42182152179815,0.002916680714293742
115,140,29.250384638145633,136.1,40.53580211131633,0.005833333333333334
115,141,70.7,141.2,90.0,0.0016666666666666668
115,142,22.625131582592424,136.1,28.357636576327877,0.002291673690480204
115,146,35.0,136.1,90.0,0.0016666666666666668
115,147,34.7,136.1,90.0,0.0016666666666666668
115,148,3.8,97.74961536185438,40.53580211131654,0.005833333333333334
115,148,33.5,136.1,90.0,0.0016666666666666668
115,149,3.8,85.66181760425084,34.91520624744426,0.004583347380960408
115,149,33.8,136.1,90.0,0.0016666666666666668
115,150,34.4,136.1,90.0,0.0016666666666666668
115,151,70.57749935930289,140.0,77.29096700560466,0.0017857062584988146
115,152,70.7,143.0,90.0,0.0016666666666666668
115,153,70.7,143.9,90.0,0.0016666666666666668
115,154,70.7,144.8,90.0,0.0016666666666666668
115,155,47.0,136.1,90.0,0.0016666666666666668
115,156,43.7,136.1,90.0,0.0016666666666666668
115,157,44.0,136.1,90.0,0.0016666666666666668
115,158,42.8,136.1,90.0,0.0016666666666666668
115,159,43.1,136.1,90.0,0.0016666666666666668
115,160,15.5,136.1,90.0,0.0016666666666666668
115,161,15.799999999999997,136.1,90.0,0.0016666666666666668
115,162,16.4,136.1,90.0,0.0016666666666666668
115,164,11.0,136.1,90.0,0.0016666666666666668
115,164,42.5,136.1,90.0,0.0016666666666666668
115,165,9.5,136.1,90.0,0.0016666666666666668
115,166,9.799999999999997,136.1,90.0,0.0016666666666666668
115,180,10.100000000000001,136.1,90.0,0.0016666666666666668
115,181,10.399999999999999,136.1,90.0,0.0016666666666666668
115,190,46.4,136.1,90.0,0.0016666666666666668
115,199,45.8,136.1,90.0,0.0016666666666666668
115,200,46.1,136.1,90.0,0.0016666666666666668
115,210,53.9,136.1,90.0,0.0016666666666666668
115,211,44.3,136.1,90.0,0.0016666666666666668
115,212,44.6,136.1,90.0,0.0016666666666666668
115,213,44.9,136.1,90.0,0.0016666666666666668
115,214,45.2,136.1,90.0,0.0016666666666666668
115,215,45.5,136.1,90.0,0.0016666666666666668
115,216,17.0,136.1,90.0,0.0016666666666666668
115,222,54.2,136.1,90.0,0.0016666666666666668
115,223,54.5,136.1,90.0,0.0016666666666666668
115,224,54.8,136.1,90.0,0.0016666666666666668
115,230,3.8,79.96605127033719,50.20818050044275,0.0038393007653147234
115,230,6.5,135.53959457608462,62.61289249734613,0.002113100255104908
115,231,3.8,82.3948909421489,45.57299599919425,0.005714293741501186
115,231,6.8,135.68257569495583,66.42182152179814,0.002916680714293742
115,232,16.1,136.1,90.0,0.0016666666666666668
115,233,7.1,135.80212717820348,70.12312592992109,0.0033035804591888336
115,234,7.4,135.89999999999998,73.73979529168798,0.0018452401020419631
115,235,7.7,135.97749935930287,77.29096700560456,0.0017857062584988146
115,236,8.0,136.03558507170123,80.79310377865411,0.0018749929761864628
115,237,8.3,136.0749371855331,84.2608295227332,0.0018452401020419631
115,238,8.6,136.0959983987187,87.7075572240441,0.0018749929761864628
115,239,8.899999999999999,136.1,90.0,0.0016666666666666668
115,240,9.200000000000003,136.1,90.0,0.0016666666666666668
115,245,34.1,136.1,90.0,0.0016666666666666668
115,248,43.4,136.1,90.0,0.0016666666666666668
116,118,25.700000000000003,135.8,90.0,0.0016666666666666668
116,118,52.4,135.8,90.0,0.0016666666666666668
116,119,26.0,135.8,90.0,0.0016666666666666668
116,119,52.1,135.8,90.0,0.0016666666666666668
116,120,26.299999999999997,135.8,90.0,0.0016666666666666668
116,120,51.8,135.8,90.0,0.0016666666666666668
116,121,26.6,135.8,90.0,0.0016666666666666668
116,121,51.5,135.8,90.0,0.0016666666666666668
116,122,53.0,135.8,90.0,0.0016666666666666668
116,123,53.3,135.8,90.0,0.0016666666666666668
116,124,53.6,135.8,90.0,0.0016666666666666668
116,125,20.3,85.4,90.0,0.0016666666666666668
116,125,52.7,135.8,90.0,0.0016666666666666668
116,126,36.5,135.8,90.0,0.0016666666666666668
116,127,36.8,135.8,90.0,0.0016666666666666668
116,128,26.9,135.8,90.0,0.0016666666666666668
116,129,27.200000000000003,135.8,90.0,0.0016666666666666668
116,134,20.3,99.8,90.0,0.0016666666666666668
116,136,37.1,135.8,90.0,0.0016666666666666668
116,137,37.4,135.8,90.0,0.0016666666666666668
116,138,37.7,135.8,90.0,0.0016666666666666668
116,139,38.56040542391537,135.8,62.61289249734631,0.002113100255104908
116,140,29.638182395749155,135.8,34.9152062474443,0.004583347380960408
116,141,71.0,141.2,90.0,0.0016666666666666668
116,142,23.944342678284983,135.61271162922532,27.92027384229653,0.002857146870750593
116,146,35.0,135.8,90.0,0.0016666666666666668
116,147,34.7,135.8,90.0,0.0016666666666666668
116,148,20.3,99.5,90.0,0.0016666666666666668
116,148,33.5,135.8,90.0,0.0016666666666666668
116,149,20.3,87.8,90.0,0.0016666666666666668
116,149,33.8,135.8,90.0,0.0016666666666666668
116,150,34.4,135.8,90.0,0.0016666666666666668
116,151,70.93558507170123,140.0,80.79310377865397,0.0018749929761864628
116,152,71.0,143.0,90.0,0.0016666666666666668
116,153,71.0,143.9,90.0,0.0016666666666666668
116,154,71.0,144.8,90.0,0.0016666666666666668
116,155,47.0,135.8,90.0,0.0016666666666666668
116,156,43.7,135.8,90.0,0.0016666666666666668
116,157,44.0,135.8,90.0,0.0016666666666666668
116,158,20.3,109.1,90.0,0.0016666666666666668
116,158,42.8,135.8,90.0,0.0016666666666666668
116,159,20.3,105.2,90.0,0.0016666666666666668
116,159,43.1,135.8,90.0,0.0016666666666666668
116,162,20.3,70.52250064069713,77.29096700560457,0.0017857062584988146
116,164,20.3,92.9,90.0,0.0016666666666666668
116,164,42.5,135.8,90.0,0.0016666666666666668
116,165,20.3,73.4,90.0,0.0016666666666666668
116,166,20.3,72.5,90.0,0.0016666666666666668
116,177,20.3,48.5,90.0,0.0016666666666666668
116,180,20.3,59.900000000000006,90.0,0.0016666666666666668
116,181,20.3,61.7,90.0,0.0016666666666666668
116,185,20.3,47.599999999999994,90.0,0.0016666666666666668
116,186,20.3,45.2,90.0,0.0016666666666666668
116,190,46.4,135.8,90.0,0.0016666666666666668
116,199,45.8,135.8,90.0,0.0016666666666666668
116,200,46.1,135.8,90.0,0.0016666666666666668
116,201,20.3,51.2,90.0,0.0016666666666666668
116,210,53.9,135.8,90.0,0.0016666666666666668
116,211,44.3,135.8,90.0,0.0016666666666666668
116,212,44.6,135.8,90.0,0.0016666666666666668
116,213,44.9,135.8,90.0,0.0016666666666666668
116,214,45.2,135.8,90.0,0.0016666666666666668
116,215,45.5,135.8,90.0,0.0016666666666666668
116,216,20.3,64.3978728217965,70.12312592992117,0.0033035804591888336
116,222,54.2,135.8,90.0,0.0016666666666666668
116,223,54.5,135.8,90.0,0.0016666666666666668
116,224,54.8,135.8,90.0,0.0016666666666666668
116,229,20.3,53.900000000000006,90.0,0.0016666666666666668
116,245,20.3,95.9058722109232,19.94844358880276,0.006815487227897463
116,245,34.1,135.8,90.0,0.0016666666666666668
116,248,43.4,135.8,90.0,0.0016666666666666668
117,118,25.700000000000003,116.9,90.0,0.0016666666666666668
117,118,52.4,116.9,90.0,0.0016666666666666668
117,119,26.0,116.9,90.0,0.0016666666666666668
117,119,52.1,116.9,90.0,0.0016666666666666668
117,120,26.299999999999997,116.9,90.0,0.0016666666666666668
117,120,51.8,116.9,90.0,0.0016666666666666668
117,121,26.6,116.9,90.0,0.0016666666666666668
117,121,51.5,116.9,90.0,0.0016666666666666668
117,122,53.0,116.9,90.0,0.0016666666666666668
117,123,53.3,116.9,90.0,0.0016666666666666668
117,124,53.6,116.9,90.0,0.0016666666666666668
117,125,20.6,85.4,90.0,0.0016666666666666668
117,125,52.7,116.9,90.0,0.0016666666666666668
117,126,36.5,116.9,90.0,0.0016666666666666668
117,127,36.8,116.9,90.0,0.0016666666666666668
117,128,26.9,116.9,90.0,0.0016666666666666668
117,129,70.1418745424597,118.7,50.20818050044273,0.0038393007653147234
117,134,20.6,99.8,90.0,0.0016666666666666668
117,136,37.1,116.9,90.0,0.0016666666666666668
117,137,37.599999999999994,116.9,73.73979529168815,0.0018452401020419631
117,138,71.3,128.3,90.0,0.0016666666666666668
117,139,71.3,133.1,90.0,0.0016666666666666668
117,140,71.3,134.9,90.0,0.0016666666666666668
117,141,71.3,141.2,90.0,0.0016666666666666668
117,142,71.3,135.5,90.0,0.0016666666666666668
117,146,35.0,116.9,90.0,0.0016666666666666668
117,147,34.7,116.9,90.0,0.0016666666666666668
117,148,20.6,99.5,90.0,0.0016666666666666668
117,148,33.5,116.9,90.0,0.0016666666666666668
117,149,20.6,87.8,90.0,0.0016666666666666668
117,149,33.8,116.9,90.0,0.0016666666666666668
117,150,34.4,116.9,90.0,0.0016666666666666668
117,151,71.3,140.0,90.0,0.0016666666666666668
117,152,71.3,143.0,90.0,0.0016666666666666668
117,153,71.3,143.9,90.0,0.0016666666666666668
117,154,71.3,144.8,90.0,0.0016666666666666668
117,155,71.3,130.7,90.0,0.0016666666666666668
117,156,43.7,116.9,90.0,0.0016666666666666668
117,157,44.0,116.9,90.0,0.0016666666666666668
117,158,20.6,109.1,90.0,0.0016666666666666668
117,158,42.8,116.9,90.0,0.0016666666666666668
117,159,20.6,105.2,90.0,0.0016666666666666668
117,159,43.1,116.9,90.0,0.0016666666666666668
117,162,20.6,70.46441492829878,80.79310377865414,0.0018749929761864628
117,164,20.6,92.9,90.0,0.0016666666666666668
117,164,42.5,116.9,90.0,0.0016666666666666668
117,165,20.6,73.4,90.0,0.0016666666666666668
117,166,20.6,72.5,90.0,0.0016666666666666668
117,177,20.6,48.5,90.0,0.0016666666666666668
117,180,20.6,59.9,90.0,0.0016666666666666668
117,181,20.6,61.7,90.0,0.0016666666666666668
117,185,20.6,47.599999999999994,90.0,0.0016666666666666668
117,186,20.6,45.2,90.0,0.0016666666666666668
117,190,46.4,116.9,90.0,0.0016666666666666668
117,199,45.8,116.9,90.0,0.0016666666666666668
117,200,46.1,116.9,90.0,0.0016666666666666668
117,201,20.6,51.2,90.0,0.0016666666666666668
117,210,53.9,116.9,90.0,0.0016666666666666668
117,211,44.3,116.9,90.0,0.0016666666666666668
117,212,44.6,116.9,90.0,0.0016666666666666668
117,213,44.9,116.9,90.0,0.0016666666666666668
117,214,45.2,116.9,90.0,0.0016666666666666668
117,215,45.5,116.9,90.0,0.0016666666666666668
117,216,20.6,64.3,73.73979529168805,0.0018452401020419631
117,222,54.2,116.9,90.0,0.0016666666666666668
117,223,54.5,116.9,90.0,0.0016666666666666668
117,224,54.8,116.9,90.0,0.0016666666666666668
117,229,20.6,53.9,90.0,0.0016666666666666668
117,245,20.6,96.57486841740759,28.357636576327984,0.002291673690480204
117,245,34.1,116.9,90.0,0.0016666666666666668
117,248,30.497872821796506,116.9,70.12312592992113,0.0033035804591888336
118,122,47.3,80.0,90.0,0.0016666666666666668
118,122,52.4,96.23927601980307,28.357636576327984,0.002291673690480204
118,123,47.60003293276495,80.00400291975572,87.49922569077357,0.0018749929761864628
118,123,52.4,86.15232683295983,34.91520624744412,0.004583347380960408
118,124,47.911599768422064,80.02624229812604,80.22365671551518,0.0018749929761864628
118,124,52.4,85.46452907535628,40.535802111316556,0.005833333333333334
118,125,25.7,85.4,90.0,0.0016666666666666668
118,125,52.4,88.69412778907679,19.948443588802924,0.006815487227897463
118,126,52.4,91.7,90.0,0.0016666666666666668
118,127,52.4,97.7,90.0,0.0016666666666666668
118,128,52.4,107.0,90.0,0.0016666666666666668
118,129,52.4,118.7,90.0,0.0016666666666666668
118,134,25.7,99.8,90.0,0.0016666666666666668
118,134,52.4,99.8,90.0,0.0016666666666666668
118,135,38.9,80.0,90.0,0.0016666666666666668
118,135,52.4,104.9,90.0,0.0016666666666666668
118,136,52.4,103.4,90.0,0.0016666666666666668
118,137,52.4,113.3,90.0,0.0016666666666666668
118,138,52.4,128.3,90.0,0.0016666666666666668
118,139,52.4,133.1,90.0,0.0016666666666666668
118,140,52.4,134.9,90.0,0.0016666666666666668
118,141,52.4,141.2,90.0,0.0016666666666666668
118,142,25.7,135.5,90.0,0.0016666666666666668
118,142,52.4,135.5,90.0,0.0016666666666666668
118,146,35.0,80.0,90.0,0.0016666666666666668
118,147,34.7,80.0,90.0,0.0016666666666666668
118,148,25.7,99.5,90.0,0.0016666666666666668
118,149,25.7,87.8,90.0,0.0016666666666666668
118,150,29.9,80.06441492829877,80.79310377865409,0.0018749929761864628
118,151,52.4,140.0,90.0,0.0016666666666666668
118,152,52.4,143.0,90.0,0.0016666666666666668
118,153,52.4,143.9,90.0,0.0016666666666666668
118,154,52.4,144.8,90.0,0.0016666666666666668
118,155,52.4,130.7,90.0,0.0016666666666666668
118,156,43.7,80.0,90.0,0.0016666666666666668
118,157,44.0,80.0,90.0,0.0016666666666666668
118,158,25.7,109.1,90.0,0.0016666666666666668
118,159,25.7,105.2,90.0,0.0016666666666666668
118,164,25.7,92.9,90.0,0.0016666666666666668
118,190,46.4,80.0,90.0,0.0016666666666666668
118,199,45.8,80.0,90.0,0.0016666666666666668
118,200,46.1,80.0,90.0,0.0016666666666666668
118,207,48.8,80.2,73.73979529168805,0.0018452401020419631
118,207,52.4,94.5,73.73979529168805,0.0018452401020419631
118,211,44.3,80.0,90.0,0.0016666666666666668
118,212,44.6,80.0,90.0,0.0016666666666666668
118,213,44.9,80.0,90.0,0.0016666666666666668
118,214,45.2,80.0,90.0,0.0016666666666666668
118,215,45.5,80.0,90.0,0.0016666666666666668
118,245,25.7,99.2,90.0,0.0016666666666666668
118,248,30.2,80.0250628144669,84.2608295227332,0.0018452401020419631
119,122,47.3,84.80400160128127,87.70755722404418,0.0018749929761864628
119,122,52.1,95.75232683295982,34.91520624744412,0.004583347380960408
119,125,28.625131582592402,85.4,28.357636576328165,0.002291673690480204
119,125,50.92278299076173,86.57721700923831,9.735122281414489,0.0073512075340233535
119,126,52.1,91.7,90.0,0.0016666666666666668
119,127,52.1,97.7,90.0,0.0016666666666666668
119,128,52.1,107.0,90.0,0.0016666666666666668
119,129,52.1,118.7,90.0,0.0016666666666666668
119,134,26.0,99.8,90.0,0.0016666666666666668
119,134,52.1,99.8,90.0,0.0016666666666666668
119,135,38.9,84.8,90.0,0.0016666666666666668
119,135,52.1,104.9,90.0,0.0016666666666666668
119,136,52.1,103.4,90.0,0.0016666666666666668
119,137,52.1,113.3,90.0,0.0016666666666666668
119,138,52.1,128.3,90.0,0.0016666666666666668
119,139,52.1,133.1,90.0,0.0016666666666666668
119,140,52.1,134.9,90.0,0.0016666666666666668
119,141,52.1,141.2,90.0,0.0016666666666666668
119,142,26.0,135.5,90.0,0.0016666666666666668
119,142,52.1,135.5,90.0,0.0016666666666666668
119,146,35.0,84.8,90.0,0.0016666666666666668
119,147,34.7,84.8,90.0,0.0016666666666666668
119,148,26.0,99.5,90.0,0.0016666666666666668
119,149,26.41742430504416,87.8,66.42182152179817,0.002916680714293742
119,150,30.14608262758378,84.87345708218372,81.78281816182864,0.00199406066327276
119,151,52.1,140.0,90.0,0.0016666666666666668
119,152,52.1,143.0,90.0,0.0016666666666666668
119,153,52.1,143.9,90.0,0.0016666666666666668
119,154,52.1,144.8,90.0,0.0016666666666666668
119,155,52.1,130.7,90.0,0.0016666666666666668
119,156,43.7,84.8,90.0,0.0016666666666666668
119,157,44.0,84.8,90.0,0.0016666666666666668
119,158,26.0,109.1,90.0,0.0016666666666666668
119,159,26.0,105.2,90.0,0.0016666666666666668
119,164,26.0,92.9,90.0,0.0016666666666666668
119,190,46.4,84.8,90.0,0.0016666666666666668
119,199,45.8,84.8,90.0,0.0016666666666666668
119,200,46.1,84.8,90.0,0.0016666666666666668
119,207,48.8,85.0978728217965,70.1231259299212,0.0033035804591888336
119,207,52.1,94.4021271782035,70.1231259299212,0.0033035804591888336
119,211,44.3,84.8,90.0,0.0016666666666666668
119,212,44.6,84.8,90.0,0.0016666666666666668
119,213,44.9,84.8,90.0,0.0016666666666666668
119,214,45.2,84.8,90.0,0.0016666666666666668
119,215,45.5,84.8,90.0,0.0016666666666666668
119,245,26.0,99.2,90.0,0.0016666666666666668
119,248,30.2,84.86441492829877,80.79310377865409,0.0018749929761864628
120,126,36.622500640697126,95.6,77.29096700560446,0.0017857062584988146
120,127,50.87308237088327,97.7,54.54945736082474,0.002261892721081555
120,128,51.8,107.0,90.0,0.0016666666666666668
120,129,51.8,118.7,90.0,0.0016666666666666668
120,134,26.36441492829877,99.8,80.79310377865414,0.0018749929761864628
120,134,51.73558507170122,99.8,80.79310377865414,0.0018749929761864628
120,135,38.9,95.6,90.0,0.0016666666666666668
120,135,51.8,104.9,90.0,0.0016666666666666668
120,136,51.8,103.4,90.0,0.0016666666666666668
120,137,51.8,113.3,90.0,0.0016666666666666668
120,138,51.8,128.3,90.0,0.0016666666666666668
120,139,51.8,133.1,90.0,0.0016666666666666668
120,140,51.8,134.9,90.0,0.0016666666666666668
120,141,51.8,141.2,90.0,0.0016666666666666668
120,142,26.3,135.5,90.0,0.0016666666666666668
120,142,51.8,135.5,90.0,0.0016666666666666668
120,146,35.0,95.6,90.0,0.0016666666666666668
120,147,34.7,95.6,90.0,0.0016666666666666668
120,148,26.42250064069712,99.5,77.29096700560463,0.0017857062584988146
120,149,33.8,95.6,90.0,0.0016666666666666668
120,150,34.4,95.6,90.0,0.0016666666666666668
120,151,51.8,140.0,90.0,0.0016666666666666668
120,152,51.8,143.0,90.0,0.0016666666666666668
120,153,51.8,143.9,90.0,0.0016666666666666668
120,154,51.8,144.8,90.0,0.0016666666666666668
120,155,51.8,130.70400160128128,87.70755722404408,0.0018749929761864628
120,156,43.7,95.6,90.0,0.0016666666666666668
120,157,44.0,95.6,90.0,0.0016666666666666668
120,158,26.3,109.1,90.0,0.0016666666666666668
120,159,26.3,105.2,90.0,0.0016666666666666668
120,164,41.939594576084616,95.6,62.61289249734594,0.002113100255104908
120,190,46.4,95.6,90.0,0.0016666666666666668
120,199,45.8,95.6,90.0,0.0016666666666666668
120,200,46.1,95.6,90.0,0.0016666666666666668
120,211,44.3,95.6,90.0,0.0016666666666666668
120,212,44.6,95.6,90.0,0.0016666666666666668
120,213,44.9,95.6,90.0,0.0016666666666666668
120,214,45.2,95.6,90.0,0.0016666666666666668
120,215,45.5,95.6,90.0,0.0016666666666666668
120,245,26.5,99.2,73.73979529168814,0.0018452401020419631
120,248,30.2,95.72250064069712,77.29096700560454,0.0017857062584988146
121,126,36.5,101.6,90.0,0.0016666666666666668
121,127,36.92250064069712,101.6,77.29096700560446,0.0017857062584988146
121,128,51.5,107.0,90.0,0.0016666666666666668
121,129,51.5,118.7,90.0,0.0016666666666666668
121,135,39.197872821796494,101.6,70.12312592992131,0.0033035804591888336
121,135,51.202127178203504,104.9,70.12312592992131,0.0033035804591888336
121,136,50.34187454245972,103.4,50.20818050044296,0.0038393007653147234
121,137,51.5,113.3,90.0,0.0016666666666666668
121,138,51.5,128.3,90.0,0.0016666666666666668
121,139,51.5,133.1,90.0,0.0016666666666666668
121,140,51.5,134.9,90.0,0.0016666666666666668
121,141,51.5,141.2,90.0,0.0016666666666666668
121,142,26.6,135.5,90.0,0.0016666666666666668
121,142,51.5,135.5,90.0,0.0016666666666666668
121,146,35.0,101.6,90.0,0.0016666666666666668
121,147,34.7,101.6,90.0,0.0016666666666666668
121,148,32.573082370883256,101.6,54.549457360824505,0.002261892721081555
121,149,33.8,101.6,90.0,0.0016666666666666668
121,150,34.4,101.6,90.0,0.0016666666666666668
121,151,51.5,140.0,90.0,0.0016666666666666668
121,152,51.5,143.0,90.0,0.0016666666666666668
121,153,51.5,143.9,90.0,0.0016666666666666668
121,154,51.5,144.8,90.0,0.0016666666666666668
121,155,51.5,130.7250628144669,84.2608295227332,0.0018452401020419631
121,156,43.7,101.6,90.0,0.0016666666666666668
121,157,44.0,101.6,90.0,0.0016666666666666668
121,158,26.6,109.1,90.0,0.0016666666666666668
121,159,26.799999999999997,105.2,73.73979529168815,0.0018452401020419631
121,164,42.5,101.6,90.0,0.0016666666666666668
121,190,46.4,101.6,90.0,0.0016666666666666668
121,199,45.8,101.6,90.0,0.0016666666666666668
121,200,46.1,101.6,90.0,0.0016666666666666668
121,211,44.3,101.6,90.0,0.0016666666666666668
121,212,44.6,101.6,90.0,0.0016666666666666668
121,213,44.9,101.6,90.0,0.0016666666666666668
121,214,45.2,101.6,90.0,0.0016666666666666668
121,215,45.5,101.6,90.0,0.0016666666666666668
121,245,33.37083130081252,101.6,58.66774850240561,0.00199406066327276
121,248,30.2,101.8,73.73979529168801,0.0018452401020419631
122,125,47.3,85.4,90.0,0.0016666666666666668
122,125,52.7,96.90827222628747,19.94844358880259,0.006815487227897463
122,126,47.768952295703436,91.7,64.98668375357396,0.002946433588438241
122,127,52.91572374609444,97.7,79.46542194837295,0.0019047739455851117
122,128,53.0,107.0,90.0,0.0016666666666666668
122,129,53.0,118.7,90.0,0.0016666666666666668
122,134,53.0,99.8,90.0,0.0016666666666666668
122,135,53.0,104.9,90.0,0.0016666666666666668
122,136,53.0,103.4,90.0,0.0016666666666666668
122,137,53.0,113.3,90.0,0.0016666666666666668
122,138,53.0,128.3,90.0,0.0016666666666666668
122,139,53.0,133.1,90.0,0.0016666666666666668
122,140,53.0,134.9,90.0,0.0016666666666666668
122,141,53.0,141.2,90.0,0.0016666666666666668
122,142,53.0,135.5,90.0,0.0016666666666666668
122,146,47.3,53.0,90.0,0.0016666666666666668
122,151,53.0,140.0,90.0,0.0016666666666666668
122,152,53.0,143.0,90.0,0.0016666666666666668
122,153,53.0,143.9,90.0,0.0016666666666666668
122,154,53.0,144.8,90.0,0.0016666666666666668
122,155,53.0,130.7,90.0,0.0016666666666666668
122,156,47.3,73.9,73.73979529168798,0.0018452401020419631
122,157,47.3,73.0978728217965,70.12312592992113,0.0033035804591888336
122,177,47.3,48.5,90.0,0.0016666666666666668
122,180,47.3,59.9,90.0,0.0016666666666666668
122,181,47.3,61.7,90.0,0.0016666666666666668
122,185,47.3,47.6,90.0,0.0016666666666666668
122,186,47.3,45.2,90.0,0.0016666666666666668
122,187,47.3,27.799999999999997,90.0,0.0016666666666666668
122,188,47.3,22.099999999999994,90.0,0.0016666666666666668
122,189,47.3,18.200000000000003,90.0,0.0016666666666666668
122,190,47.3,16.738182395749163,34.91520624744419,0.004583347380960408
122,199,47.3,63.72928578572857,45.572995999194305,0.005714293741501186
122,200,47.3,69.45038463814562,40.53580211131651,0.005833333333333334
122,201,47.3,51.2,90.0,0.0016666666666666668
122,202,47.3,45.8,90.0,0.0016666666666666668
122,203,47.3,57.2,90.0,0.0016666666666666668
122,204,47.3,56.3,90.0,0.0016666666666666668
122,205,47.3,50.9,90.0,0.0016666666666666668
122,211,47.3,68.71742430504416,66.42182152179815,0.002916680714293742
122,212,47.3,69.16040542391538,62.61289249734602,0.002113100255104908
122,213,47.3,65.12916869918749,58.667748502405686,0.00199406066327276
122,214,47.3,66.82691762911675,54.549457360824505,0.002261892721081555
122,215,47.3,66.1581254575403,50.20818050044273,0.0038393007653147234
122,216,47.3,64.1,90.0,0.0016666666666666668
122,220,47.3,41.6,90.0,0.0016666666666666668
122,221,47.3,36.5,90.0,0.0016666666666666668
122,229,47.3,53.9,90.0,0.0016666666666666668
122,249,47.3,15.5,90.0,0.0016666666666666668
122,250,47.3,43.7,90.0,0.0016666666666666668
122,251,47.3,41.0,90.0,0.0016666666666666668
122,252,47.3,38.0,90.0,0.0016666666666666668
122,253,47.3,32.9,90.0,0.0016666666666666668
122,254,47.3,24.795998398718723,87.70755722404408,0.0018749929761864628
123,126,53.3,91.7,90.0,0.0016666666666666668
123,127,53.3,97.7,90.0,0.0016666666666666668
123,128,53.3,107.0,90.0,0.0016666666666666668
123,129,53.3,118.7,90.0,0.0016666666666666668
123,134,53.3,99.8,90.0,0.0016666666666666668
123,135,53.3,104.9,90.0,0.0016666666666666668
123,136,53.3,103.4,90.0,0.0016666666666666668
123,137,53.3,113.3,90.0,0.0016666666666666668
123,138,53.3,128.3,90.0,0.0016666666666666668
123,139,53.3,133.1,90.0,0.0016666666666666668
123,140,53.3,134.9,90.0,0.0016666666666666668
123,141,53.3,141.2,90.0,0.0016666666666666668
123,142,53.3,135.5,90.0,0.0016666666666666668
123,146,47.6,53.0,90.0,0.0016666666666666668
123,151,53.3,140.0,90.0,0.0016666666666666668
123,152,53.3,143.0,90.0,0.0016666666666666668
123,153,53.3,143.9,90.0,0.0016666666666666668
123,154,53.3,144.8,90.0,0.0016666666666666668
123,155,53.3,130.7,90.0,0.0016666666666666668
123,156,47.6,73.82250064069713,77.29096700560454,0.0017857062584988146
123,157,47.6,73.0,73.73979529168805,0.0018452401020419631
123,177,47.6,48.5,90.0,0.0016666666666666668
123,180,47.6,59.9,90.0,0.0016666666666666668
123,181,47.6,61.7,90.0,0.0016666666666666668
123,185,47.6,47.6,90.0,0.0016666666666666668
123,186,47.6,45.2,90.0,0.0016666666666666668
123,187,47.6,27.799999999999997,90.0,0.0016666666666666668
123,188,47.6,22.1,90.0,0.0016666666666666668
123,189,47.6,18.200000000000003,90.0,0.0016666666666666668
123,190,47.6,16.350384638145613,40.53580211131662,0.005833333333333334
123,199,47.6,63.458125457540284,50.20818050044284,0.0038393007653147234
123,200,47.6,69.12928578572858,45.57299599919425,0.005714293741501186
123,201,47.6,51.2,90.0,0.0016666666666666668
123,202,47.6,45.8,90.0,0.0016666666666666668
123,203,47.6,57.2,90.0,0.0016666666666666668
123,204,47.6,56.3,90.0,0.0016666666666666668
123,205,47.6,50.9,90.0,0.0016666666666666668
123,207,48.8,83.2354709246437,40.53580211131638,0.005833333333333334
123,207,53.3,94.67493718553311,84.26082952273323,0.0018452401020419631
123,211,47.6,68.5978728217965,70.1231259299212,0.0033035804591888336
123,212,47.6,69.01742430504416,66.42182152179815,0.002916680714293742
123,213,47.6,64.96040542391538,62.61289249734616,0.002113100255104908
123,214,47.6,66.62916869918749,58.667748502405686,0.00199406066327276
123,215,47.6,65.92691762911674,54.549457360824576,0.002261892721081555
123,216,47.6,64.1,90.0,0.0016666666666666668
123,220,47.6,41.6,90.0,0.0016666666666666668
123,221,47.6,36.5,90.0,0.0016666666666666668
123,229,47.6,53.9,90.0,0.0016666666666666668
123,249,47.6,15.5,90.0,0.0016666666666666668
123,250,47.6,43.7,90.0,0.0016666666666666668
123,251,47.6,41.0,90.0,0.0016666666666666668
123,252,47.6,38.0,90.0,0.0016666666666666668
123,253,47.6,32.9,90.0,0.0016666666666666668
123,254,47.6,24.799999999999997,90.0,0.0016666666666666668
124,126,53.6,91.7,90.0,0.0016666666666666668
124,127,53.6,97.7,90.0,0.0016666666666666668
124,128,53.6,107.0,90.0,0.0016666666666666668
124,129,53.6,118.7,90.0,0.0016666666666666668
124,134,53.6,99.8,90.0,0.0016666666666666668
124,135,53.6,104.9,90.0,0.0016666666666666668
124,136,53.6,103.4,90.0,0.0016666666666666668
124,137,53.6,113.3,90.0,0.0016666666666666668
124,138,53.6,128.3,90.0,0.0016666666666666668
124,139,53.6,133.1,90.0,0.0016666666666666668
124,140,53.6,134.9,90.0,0.0016666666666666668
124,141,53.6,141.2,90.0,0.0016666666666666668
124,142,53.6,135.5,90.0,0.0016666666666666668
124,146,47.9,53.0,90.0,0.0016666666666666668
124,151,53.6,140.0,90.0,0.0016666666666666668
124,152,53.6,143.0,90.0,0.0016666666666666668
124,153,53.6,143.9,90.0,0.0016666666666666668
124,154,53.6,144.8,90.0,0.0016666666666666668
124,155,53.6,130.7,90.0,0.0016666666666666668
124,156,47.9,73.76441492829878,80.79310377865406,0.0018749929761864628
124,157,47.9,72.92250064069712,77.29096700560454,0.0017857062584988146
124,177,47.9,48.5,90.0,0.0016666666666666668
124,180,47.9,59.9,90.0,0.0016666666666666668
124,181,47.9,61.7,90.0,0.0016666666666666668
124,185,47.9,47.6,90.0,0.0016666666666666668
124,186,47.9,45.2,90.0,0.0016666666666666668
124,187,47.9,27.799999999999997,90.0,0.0016666666666666668
124,188,47.9,22.1,90.0,0.0016666666666666668
124,189,47.9,18.200000000000003,90.0,0.0016666666666666668
124,190,47.9,16.029285785728575,45.572995999194305,0.005714293741501186
124,199,47.9,63.226917629116734,54.549457360824626,0.002261892721081555
124,200,47.9,68.8581254575403,50.20818050044273,0.0038393007653147234
124,201,47.9,51.2,90.0,0.0016666666666666668
124,202,47.9,45.8,90.0,0.0016666666666666668
124,203,47.9,57.2,90.0,0.0016666666666666668
124,204,47.9,56.3,90.0,0.0016666666666666668
124,205,47.9,50.9,90.0,0.0016666666666666668
124,207,48.8,82.54767316704017,34.91520624744412,0.004583347380960408
124,207,53.6,94.69599839871873,87.70755722404418,0.0018749929761864628
124,211,47.9,68.5,73.73979529168805,0.0018452401020419631
124,212,47.9,68.8978728217965,70.12312592992113,0.0033035804591888336
124,213,47.9,64.81742430504417,66.42182152179815,0.002916680714293742
124,214,47.9,66.46040542391539,62.61289249734602,0.002113100255104908
124,215,47.9,65.72916869918748,58.667748502405686,0.00199406066327276
124,216,47.9,64.1,90.0,0.0016666666666666668
124,220,47.9,41.6,90.0,0.0016666666666666668
124,221,47.9,36.5,90.0,0.0016666666666666668
124,229,47.9,53.9,90.0,0.0016666666666666668
124,249,47.9,15.5,90.0,0.0016666666666666668
124,250,47.9,43.7,90.0,0.0016666666666666668
124,251,47.9,41.0,90.0,0.0016666666666666668
124,252,47.9,38.0,90.0,0.0016666666666666668
124,253,47.9,32.9,90.0,0.0016666666666666668
124,254,47.9,24.799999999999997,90.0,0.0016666666666666668
125,126,52.7,91.7,90.0,0.0016666666666666668
125,127,52.7,97.7,90.0,0.0016666666666666668
125,128,52.7,107.0,90.0,0.0016666666666666668
125,129,52.7,118.7,90.0,0.0016666666666666668
125,134,4.1,83.26181760425084,34.91520624744413,0.004583347380960408
125,134,52.7,99.8,90.0,0.0016666666666666668
125,135,38.9,85.4,90.0,0.0016666666666666668
125,135,52.7,104.9,90.0,0.0016666666666666668
125,136,52.7,103.4,90.0,0.0016666666666666668
125,137,52.7,113.3,90.0,0.0016666666666666668
125,138,52.7,128.3,90.0,0.0016666666666666668
125,139,52.7,133.1,90.0,0.0016666666666666668
125,140,52.7,134.9,90.0,0.0016666666666666668
125,141,52.7,141.2,90.0,0.0016666666666666668
125,142,52.7,135.5,90.0,0.0016666666666666668
125,146,35.0,85.4,90.0,0.0016666666666666668
125,147,34.7,85.4,90.0,0.0016666666666666668
125,150,30.351268556738642,85.4,65.47031401667952,0.003065473180270389
125,151,52.7,140.0,90.0,0.0016666666666666668
125,152,52.7,143.0,90.0,0.0016666666666666668
125,153,52.7,143.9,90.0,0.0016666666666666668
125,154,52.7,144.8,90.0,0.0016666666666666668
125,155,52.7,130.7,90.0,0.0016666666666666668
125,156,43.7,85.4,90.0,0.0016666666666666668
125,157,44.0,85.4,90.0,0.0016666666666666668
125,158,14.299999999999997,85.4,90.0,0.0016666666666666668
125,159,14.600000000000001,85.4,90.0,0.0016666666666666668
125,160,15.5,85.4,90.0,0.0016666666666666668
125,161,15.8,85.4,90.0,0.0016666666666666668
125,162,16.4,85.4,90.0,0.0016666666666666668
125,165,9.5,85.4,90.0,0.0016666666666666668
125,166,9.799999999999997,85.4,90.0,0.0016666666666666668
125,180,10.100000000000001,85.4,90.0,0.0016666666666666668
125,181,10.399999999999999,85.4,90.0,0.0016666666666666668
125,190,46.4,85.4,90.0,0.0016666666666666668
125,199,45.8,85.4,90.0,0.0016666666666666668
125,200,46.1,85.4,90.0,0.0016666666666666668
125,207,48.8,85.52250064069713,77.29096700560461,0.0017857062584988146
125,207,52.7,94.57749935930289,77.29096700560466,0.0017857062584988146
125,211,44.3,85.4,90.0,0.0016666666666666668
125,212,44.6,85.4,90.0,0.0016666666666666668
125,213,44.9,85.4,90.0,0.0016666666666666668
125,214,45.2,85.4,90.0,0.0016666666666666668
125,215,45.5,85.4,90.0,0.0016666666666666668
125,216,17.0,85.4,90.0,0.0016666666666666668
125,230,3.2,79.37379208973186,40.53580211131654,0.005833333333333334
125,230,6.5,85.1021271782035,70.12312592992117,0.0033035804591888336
125,231,3.4803166009350113,82.0506327915652,20.911055868178497,0.0050297528741445
125,231,6.317029849323844,85.03189199050051,42.486574500870425,0.005982153894564131
125,232,16.055508471764586,85.4,82.35083803400698,0.0018749929761864628
125,233,7.1,85.27749935930288,77.29096700560456,0.0017857062584988146
125,234,7.4,85.33558507170123,80.79310377865411,0.0018749929761864628
125,235,7.7,85.3749371855331,84.26082952273322,0.0018452401020419631
125,236,8.0,85.39599839871872,87.70755722404412,0.0018749929761864628
125,237,8.299999999999997,85.4,90.0,0.0016666666666666668
125,238,8.600000000000001,85.4,90.0,0.0016666666666666668
125,239,8.899999999999999,85.4,90.0,0.0016666666666666668
125,240,9.200000000000003,85.4,90.0,0.0016666666666666668
125,245,20.0,85.4,90.0,0.0016666666666666668
125,248,30.2,85.4,90.0,0.0016666666666666668
126,128,36.5,107.0,90.0,0.0016666666666666668
126,129,36.5,118.7,90.0,0.0016666666666666668
126,134,36.5,99.8,90.0,0.0016666666666666668
126,134,79.4,103.09412778907681,19.94844358880259,0.006815487227897463
126,135,38.9,92.42916869918749,58.667748502405686,0.00199406066327276
126,135,79.4,107.52513158259242,28.35763657632795,0.002291673690480204
126,136,79.4,103.4,90.0,0.0016666666666666668
126,137,79.4,113.3,90.0,0.0016666666666666668
126,138,79.4,128.3,90.0,0.0016666666666666668
126,139,79.4,133.1,90.0,0.0016666666666666668
126,140,36.5,134.9,90.0,0.0016666666666666668
126,140,79.4,134.9,90.0,0.0016666666666666668
126,141,36.5,141.2,90.0,0.0016666666666666668
126,141,79.4,141.2,90.0,0.0016666666666666668
126,142,36.5,135.5,90.0,0.0016666666666666668
126,142,79.4,135.5,90.0,0.0016666666666666668
126,151,36.5,140.0,90.0,0.0016666666666666668
126,151,79.4,140.0,90.0,0.0016666666666666668
126,152,36.5,143.0,90.0,0.0016666666666666668
126,152,79.4,143.0,90.0,0.0016666666666666668
126,153,36.5,143.9,90.0,0.0016666666666666668
126,153,79.4,143.9,90.0,0.0016666666666666668
126,154,36.5,144.8,90.0,0.0016666666666666668
126,154,79.4,144.8,90.0,0.0016666666666666668
126,155,79.4,130.7,90.0,0.0016666666666666668
126,156,43.7,91.7,90.0,0.0016666666666666668
126,157,44.0,91.7,90.0,0.0016666666666666668
126,158,36.5,109.1,90.0,0.0016666666666666668
126,159,36.5,105.2,90.0,0.0016666666666666668
126,164,38.19454215560737,92.94847385202459,49.36786205362915,0.004404773945585112
126,190,46.4,91.7,90.0,0.0016666666666666668
126,199,45.8,91.7,90.0,0.0016666666666666668
126,200,46.1,91.7,90.0,0.0016666666666666668
126,207,49.21742430504416,91.7,66.42182152179815,0.002916680714293742
126,207,79.4,96.83818239574919,34.91520624744394,0.004583347380960408
126,210,53.9,91.7,90.0,0.0016666666666666668
126,211,44.3,91.7,90.0,0.0016666666666666668
126,212,44.6,91.7,90.0,0.0016666666666666668
126,213,44.9,91.7,90.0,0.0016666666666666668
126,214,45.2,91.7,90.0,0.0016666666666666668
126,215,45.5,91.7,90.0,0.0016666666666666668
126,222,54.2,91.7,90.0,0.0016666666666666668
126,223,54.5,91.7,90.0,0.0016666666666666668
126,224,54.8,91.7,90.0,0.0016666666666666668
126,248,36.5,120.2,90.0,0.0016666666666666668
127,128,36.8,107.0,90.0,0.0016666666666666668
127,129,36.8,118.7,90.0,0.0016666666666666668
127,134,37.72691762911674,99.8,54.549457360824505,0.002261892721081555
127,134,79.09155704933552,102.40955512876126,25.230536444555867,0.0040178461054358695
127,135,38.9,98.62691762911675,54.549457360824576,0.002261892721081555
127,135,79.1,107.03818239574916,34.9152062474443,0.004583347380960408
127,136,79.1,103.4,90.0,0.0016666666666666668
127,137,79.1,113.3,90.0,0.0016666666666666668
127,138,79.1,128.3,90.0,0.0016666666666666668
127,139,79.1,133.1,90.0,0.0016666666666666668
127,140,36.8,134.9,90.0,0.0016666666666666668
127,140,79.1,134.9,90.0,0.0016666666666666668
127,141,36.8,141.2,90.0,0.0016666666666666668
127,141,79.1,141.2,90.0,0.0016666666666666668
127,142,36.8,135.5,90.0,0.0016666666666666668
127,142,79.1,135.5,90.0,0.0016666666666666668
127,151,36.8,140.0,90.0,0.0016666666666666668
127,151,79.1,140.0,90.0,0.0016666666666666668
127,152,36.8,143.0,90.0,0.0016666666666666668
127,152,79.1,143.0,90.0,0.0016666666666666668
127,153,36.8,143.9,90.0,0.0016666666666666668
127,153,79.1,143.9,90.0,0.0016666666666666668
127,154,36.8,144.8,90.0,0.0016666666666666668
127,154,79.1,144.8,90.0,0.0016666666666666668
127,155,79.1,130.7,90.0,0.0016666666666666668
127,156,43.7,97.7,90.0,0.0016666666666666668
127,157,44.0,97.7,90.0,0.0016666666666666668
127,158,36.8,109.1,90.0,0.0016666666666666668
127,159,36.8,105.2,90.0,0.0016666666666666668
127,164,42.49599839871872,97.7,87.70755722404408,0.0018749929761864628
127,190,46.4,97.7,90.0,0.0016666666666666668
127,199,45.8,97.7,90.0,0.0016666666666666668
127,200,46.1,97.7,90.0,0.0016666666666666668
127,210,53.9,97.7,90.0,0.0016666666666666668
127,211,44.3,97.7,90.0,0.0016666666666666668
127,212,44.6,97.7,90.0,0.0016666666666666668
127,213,44.9,97.7,90.0,0.0016666666666666668
127,214,45.2,97.7,90.0,0.0016666666666666668
127,215,45.5,97.7,90.0,0.0016666666666666668
127,222,54.2,97.7,90.0,0.0016666666666666668
127,223,54.5,97.7,90.0,0.0016666666666666668
127,224,54.8,97.7,90.0,0.0016666666666666668
127,248,36.8,120.2,90.0,0.0016666666666666668
128,136,37.300000000000004,107.0,73.73979529168798,0.0018452401020419631
128,137,78.8,113.3,90.0,0.0016666666666666668
128,138,78.8,128.3,90.0,0.0016666666666666668
128,139,78.8,133.1,90.0,0.0016666666666666668
128,140,78.8,134.9,90.0,0.0016666666666666668
128,141,78.8,141.2,90.0,0.0016666666666666668
128,142,26.9,135.5,90.0,0.0016666666666666668
128,142,78.8,135.5,90.0,0.0016666666666666668
128,146,35.0,107.0,90.0,0.0016666666666666668
128,147,34.7,107.0,90.0,0.0016666666666666668
128,148,33.5,107.0,90.0,0.0016666666666666668
128,149,33.8,107.0,90.0,0.0016666666666666668
128,150,34.4,107.0,90.0,0.0016666666666666668
128,151,78.8,140.0,90.0,0.0016666666666666668
128,152,78.8,143.0,90.0,0.0016666666666666668
128,153,78.8,143.9,90.0,0.0016666666666666668
128,154,78.8,144.8,90.0,0.0016666666666666668
128,155,78.8,130.7,90.0,0.0016666666666666668
128,156,43.7,107.0,90.0,0.0016666666666666668
128,157,44.0,107.0,90.0,0.0016666666666666668
128,158,27.826917629116743,109.1,54.549457360824505,0.002261892721081555
128,159,41.94187454245971,107.0,50.20818050044273,0.0038393007653147234
128,164,42.5,107.0,90.0,0.0016666666666666668
128,190,46.4,107.0,90.0,0.0016666666666666668
128,199,45.8,107.0,90.0,0.0016666666666666668
128,200,46.1,107.0,90.0,0.0016666666666666668
128,210,53.9,107.0,90.0,0.0016666666666666668
128,211,44.3,107.0,90.0,0.0016666666666666668
128,212,44.6,107.0,90.0,0.0016666666666666668
128,213,44.9,107.0,90.0,0.0016666666666666668
128,214,45.2,107.0,90.0,0.0016666666666666668
128,215,45.5,107.0,90.0,0.0016666666666666668
128,222,54.2,107.0,90.0,0.0016666666666666668
128,223,54.5,107.0,90.0,0.0016666666666666668
128,224,54.8,107.0,90.0,0.0016666666666666668
128,245,34.1,107.0,90.0,0.0016666666666666668
128,248,30.2,107.2978728217965,70.12312592992117,0.0033035804591888336
129,136,37.1,118.7,90.0,0.0016666666666666668
129,137,37.4,118.7,90.0,0.0016666666666666668
129,138,78.5,128.3,90.0,0.0016666666666666668
129,139,78.5,133.1,90.0,0.0016666666666666668
129,140,78.5,134.9,90.0,0.0016666666666666668
129,141,78.5,141.2,90.0,0.0016666666666666668
129,142,27.2,135.5,90.0,0.0016666666666666668
129,142,78.5,135.5,90.0,0.0016666666666666668
129,146,35.0,118.7,90.0,0.0016666666666666668
129,147,34.7,118.7,90.0,0.0016666666666666668
129,148,33.5,118.7,90.0,0.0016666666666666668
129,149,33.8,118.7,90.0,0.0016666666666666668
129,150,34.4,118.7,90.0,0.0016666666666666668
129,151,78.5,140.0,90.0,0.0016666666666666668
129,152,78.5,143.0,90.0,0.0016666666666666668
129,153,78.5,143.9,90.0,0.0016666666666666668
129,154,78.5,144.8,90.0,0.0016666666666666668
129,155,78.5,130.7,90.0,0.0016666666666666668
129,156,43.7,118.7,90.0,0.0016666666666666668
129,157,44.0,118.7,90.0,0.0016666666666666668
129,158,42.8,118.7,90.0,0.0016666666666666668
129,159,43.1,118.7,90.0,0.0016666666666666668
129,164,42.5,118.7,90.0,0.0016666666666666668
129,190,46.4,118.7,90.0,0.0016666666666666668
129,199,45.8,118.7,90.0,0.0016666666666666668
129,200,46.1,118.7,90.0,0.0016666666666666668
129,210,53.9,118.7,90.0,0.0016666666666666668
129,211,44.3,118.7,90.0,0.0016666666666666668
129,212,44.6,118.7,90.0,0.0016666666666666668
129,213,44.9,118.7,90.0,0.0016666666666666668
129,214,45.2,118.7,90.0,0.0016666666666666668
129,215,45.5,118.7,90.0,0.0016666666666666668
129,222,54.2,118.7,90.0,0.0016666666666666668
129,223,54.5,118.7,90.0,0.0016666666666666668
129,224,54.8,118.7,90.0,0.0016666666666666668
129,245,34.1,118.7,90.0,0.0016666666666666668
129,248,31.658366038985143,118.72942330787711,51.31781254651052,0.002321426564624704
130,132,81.5,77.20901369656168,34.9152062474443,0.004583347380960408
130,132,85.4,67.52250064069713,77.29096700560461,0.0017857062584988146
130,133,81.5,77.99596288340496,28.35763657632766,0.002291673690480204
130,133,85.7,67.46441492829878,80.79310377865414,0.0018749929761864628
130,136,81.5,103.4,90.0,0.0016666666666666668
130,137,81.5,113.3,90.0,0.0016666666666666668
130,138,81.5,128.3,90.0,0.0016666666666666668
130,139,81.5,133.1,90.0,0.0016666666666666668
130,140,81.5,134.9,90.0,0.0016666666666666668
130,141,81.5,141.2,90.0,0.0016666666666666668
130,142,81.5,135.5,90.0,0.0016666666666666668
130,145,81.5,89.0,90.0,0.0016666666666666668
130,146,121.4,53.0,90.0,0.0016666666666666668
130,151,81.5,140.0,90.0,0.0016666666666666668
130,152,81.5,143.0,90.0,0.0016666666666666668
130,153,81.5,143.9,90.0,0.0016666666666666668
130,154,81.5,144.8,90.0,0.0016666666666666668
130,155,81.5,130.7,90.0,0.0016666666666666668
130,178,114.5,67.4,90.0,0.0016666666666666668
130,179,81.5,75.19412778907682,19.94844358880259,0.006815487227897463
130,179,113.27493718553309,67.4,84.2608295227332,0.0018452401020419631
130,198,121.4,23.9,90.0,0.0016666666666666668
130,206,81.5,84.5,90.0,0.0016666666666666668
130,225,81.5,91.33558507170123,80.79310377865414,0.0018749929761864628
131,132,82.50079089529868,76.1471974079351,20.994242872359866,0.0050297528741445
131,132,84.62968093730304,74.19558936528936,32.04664201174158,0.0031845127721025364
131,133,82.02799813147298,77.20735196152117,21.879990680232204,0.005714293741501186
131,133,85.22593772053247,73.95423052178496,46.499061649089434,0.0056250070238135375
131,136,81.8,103.4,90.0,0.0016666666666666668
131,137,81.8,113.3,90.0,0.0016666666666666668
131,138,81.8,128.3,90.0,0.0016666666666666668
131,139,81.8,133.1,90.0,0.0016666666666666668
131,140,81.8,134.9,90.0,0.0016666666666666668
131,141,81.8,141.2,90.0,0.0016666666666666668
131,142,81.8,135.5,90.0,0.0016666666666666668
131,145,81.8,89.0,90.0,0.0016666666666666668
131,146,121.7,53.0,90.0,0.0016666666666666668
131,151,81.8,140.0,90.0,0.0016666666666666668
131,152,81.8,143.0,90.0,0.0016666666666666668
131,153,81.8,143.9,90.0,0.0016666666666666668
131,154,81.8,144.8,90.0,0.0016666666666666668
131,155,81.8,130.7,90.0,0.0016666666666666668
131,178,114.5,73.7,90.0,0.0016666666666666668
131,198,121.7,23.9,90.0,0.0016666666666666668
131,206,81.8,84.5,90.0,0.0016666666666666668
131,225,81.8,91.3749371855331,84.2608295227332,0.0018452401020419631
132,136,80.6,103.4,90.0,0.0016666666666666668
132,137,80.6,113.3,90.0,0.0016666666666666668
132,138,80.6,128.3,90.0,0.0016666666666666668
132,139,80.6,133.1,90.0,0.0016666666666666668
132,140,80.6,134.9,90.0,0.0016666666666666668
132,141,80.6,141.2,90.0,0.0016666666666666668
132,142,80.6,135.5,90.0,0.0016666666666666668
132,145,80.6,89.0,90.0,0.0016666666666666668
132,146,85.4,53.0,90.0,0.0016666666666666668
132,151,80.6,140.0,90.0,0.0016666666666666668
132,152,80.6,143.0,90.0,0.0016666666666666668
132,153,80.6,143.9,90.0,0.0016666666666666668
132,154,80.6,144.8,90.0,0.0016666666666666668
132,155,80.6,130.7,90.0,0.0016666666666666668
132,167,85.4,53.3,90.0,0.0016666666666666668
132,168,85.4,50.3,90.0,0.0016666666666666668
132,169,85.4,47.3,90.0,0.0016666666666666668
132,170,85.4,43.1,90.0,0.0016666666666666668
132,171,85.4,40.7,90.0,0.0016666666666666668
132,172,85.4,29.6,90.0,0.0016666666666666668
132,173,85.4,18.8,90.0,0.0016666666666666668
132,174,85.4,12.8,90.0,0.0016666666666666668
132,175,85.4,8.3,90.0,0.0016666666666666668
132,176,85.4,5.0,90.0,0.0016666666666666668
132,177,85.4,48.5,90.0,0.0016666666666666668
132,179,81.2,77.69596288340492,28.35763657632831,0.002291673690480204
132,179,85.38074292098948,71.96757485221609,75.53925867350516,0.0019047739455851117
132,180,85.4,59.9,90.0,0.0016666666666666668
132,181,85.4,61.7,90.0,0.0016666666666666668
132,183,85.4,32.3,90.0,0.0016666666666666668
132,184,85.4,21.2,90.0,0.0016666666666666668
132,185,85.4,47.6,90.0,0.0016666666666666668
132,186,85.4,45.2,90.0,0.0016666666666666668
132,187,85.4,27.8,90.0,0.0016666666666666668
132,188,85.4,22.1,90.0,0.0016666666666666668
132,189,85.4,18.2,90.0,0.0016666666666666668
132,190,85.4,14.6,90.0,0.0016666666666666668
132,194,85.4,11.3,90.0,0.0016666666666666668
132,195,85.4,10.4,90.0,0.0016666666666666668
132,196,85.4,5.3,90.0,0.0016666666666666668
132,197,85.4,17.6,90.0,0.0016666666666666668
132,206,80.6,84.5,90.0,0.0016666666666666668
132,225,80.6,91.1021271782035,70.12312592992113,0.0033035804591888336
132,249,85.4,15.5,90.0,0.0016666666666666668
132,251,85.4,41.0,90.0,0.0016666666666666668
132,252,85.4,38.0,90.0,0.0016666666666666668
132,253,85.4,32.9,90.0,0.0016666666666666668
132,254,85.4,24.8,90.0,0.0016666666666666668
133,136,80.9,103.4,90.0,0.0016666666666666668
133,137,80.9,113.3,90.0,0.0016666666666666668
133,138,80.9,128.3,90.0,0.0016666666666666668
133,139,80.9,133.1,90.0,0.0016666666666666668
133,140,80.9,134.9,90.0,0.0016666666666666668
133,141,80.9,141.2,90.0,0.0016666666666666668
133,142,80.9,135.5,90.0,0.0016666666666666668
133,145,80.9,89.0,90.0,0.0016666666666666668
133,146,85.7,53.0,90.0,0.0016666666666666668
133,151,80.9,140.0,90.0,0.0016666666666666668
133,152,80.9,143.0,90.0,0.0016666666666666668
133,153,80.9,143.9,90.0,0.0016666666666666668
133,154,80.9,144.8,90.0,0.0016666666666666668
133,155,80.9,130.7,90.0,0.0016666666666666668
133,167,85.7,53.3,90.0,0.0016666666666666668
133,168,85.7,50.3,90.0,0.0016666666666666668
133,169,85.7,47.3,90.0,0.0016666666666666668
133,170,85.7,43.1,90.0,0.0016666666666666668
133,171,85.7,40.7,90.0,0.0016666666666666668
133,172,85.7,29.6,90.0,0.0016666666666666668
133,173,85.7,18.8,90.0,0.0016666666666666668
133,174,85.7,12.8,90.0,0.0016666666666666668
133,175,85.7,8.3,90.0,0.0016666666666666668
133,176,85.7,5.0,90.0,0.0016666666666666668
133,177,85.7,48.5,90.0,0.0016666666666666668
133,179,81.2,78.66495908988935,19.948443588802288,0.006815487227897463
133,179,85.69907856834925,71.92515550802712,83.15022202224252,0.0017857062584988146
133,180,85.7,59.9,90.0,0.0016666666666666668
133,181,85.7,61.7,90.0,0.0016666666666666668
133,183,85.7,32.3,90.0,0.0016666666666666668
133,184,85.7,21.2,90.0,0.0016666666666666668
133,185,85.7,47.6,90.0,0.0016666666666666668
133,186,85.7,45.2,90.0,0.0016666666666666668
133,187,85.7,27.8,90.0,0.0016666666666666668
133,188,85.7,22.1,90.0,0.0016666666666666668
133,189,85.7,18.2,90.0,0.0016666666666666668
133,190,85.7,14.6,90.0,0.0016666666666666668
133,194,85.7,11.3,90.0,0.0016666666666666668
133,195,85.7,10.4,90.0,0.0016666666666666668
133,196,85.7,5.3,90.0,0.0016666666666666668
133,197,85.7,17.6,90.0,0.0016666666666666668
133,206,80.9,84.5,90.0,0.0016666666666666668
133,225,80.9,91.2,73.73979529168814,0.0018452401020419631
133,249,85.7,15.5,90.0,0.0016666666666666668
133,251,85.7,41.0,90.0,0.0016666666666666668
133,252,85.7,38.0,90.0,0.0016666666666666668
133,253,85.7,32.9,90.0,0.0016666666666666668
133,254,85.7,24.8,90.0,0.0016666666666666668
134,135,38.9,99.8,90.0,0.0016666666666666668
134,135,79.7,108.19412778907682,19.94844358880259,0.006815487227897463
134,136,79.5,103.4,73.73979529168814,0.0018452401020419631
134,137,79.7,113.3,90.0,0.0016666666666666668
134,138,79.7,128.3,90.0,0.0016666666666666668
134,139,79.7,133.1,90.0,0.0016666666666666668
134,140,79.7,134.9,90.0,0.0016666666666666668
134,141,79.7,141.2,90.0,0.0016666666666666668
134,142,79.7,135.5,90.0,0.0016666666666666668
134,146,35.0,99.8,90.0,0.0016666666666666668
134,147,34.7,99.8,90.0,0.0016666666666666668
134,148,7.380960030990236,99.49519984504887,17.598231563035597,0.012767860153062945
134,148,30.20587221092319,99.8,19.94844358880259,0.006815487227897463
134,149,4.1,86.04961536185438,40.535802111316535,0.005833333333333334
134,149,33.8,99.8,90.0,0.0016666666666666668
134,150,34.4,99.8,90.0,0.0016666666666666668
134,151,79.7,140.0,90.0,0.0016666666666666668
134,152,79.7,143.0,90.0,0.0016666666666666668
134,153,79.7,143.9,90.0,0.0016666666666666668
134,154,79.7,144.8,90.0,0.0016666666666666668
134,155,79.7,130.7,90.0,0.0016666666666666668
134,156,43.7,99.8,90.0,0.0016666666666666668
134,157,44.0,99.8,90.0,0.0016666666666666668
134,158,14.299999999999997,99.8,90.0,0.0016666666666666668
134,159,14.600000000000001,99.8,90.0,0.0016666666666666668
134,160,15.5,99.8,90.0,0.0016666666666666668
134,161,15.799999999999997,99.8,90.0,0.0016666666666666668
134,162,16.4,99.8,90.0,0.0016666666666666668
134,164,11.0,99.8,90.0,0.0016666666666666668
134,164,42.5,99.8,90.0,0.0016666666666666668
134,165,9.5,99.8,90.0,0.0016666666666666668
134,166,9.799999999999997,99.8,90.0,0.0016666666666666668
134,180,10.099999999999994,99.8,90.0,0.0016666666666666668
134,181,10.400000000000006,99.8,90.0,0.0016666666666666668
134,190,46.4,99.8,90.0,0.0016666666666666668
134,199,45.8,99.8,90.0,0.0016666666666666668
134,200,46.1,99.8,90.0,0.0016666666666666668
134,210,53.9,99.8,90.0,0.0016666666666666668
134,211,44.3,99.8,90.0,0.0016666666666666668
134,212,44.6,99.8,90.0,0.0016666666666666668
134,213,44.9,99.8,90.0,0.0016666666666666668
134,214,45.2,99.8,90.0,0.0016666666666666668
134,215,45.5,99.8,90.0,0.0016666666666666668
134,216,17.0,99.8,90.0,0.0016666666666666668
134,222,54.2,99.8,90.0,0.0016666666666666668
134,223,54.5,99.8,90.0,0.0016666666666666668
134,224,54.8,99.8,90.0,0.0016666666666666668
134,230,4.1,80.19725909876074,54.549457360824555,0.002261892721081555
134,230,6.5,99.07083130081253,58.667748502405786,0.00199406066327276
134,231,4.1,82.66605127033719,50.20818050044275,0.0038393007653147234
134,231,6.8,99.23959457608461,62.61289249734607,0.002113100255104908
134,232,16.1,99.8,90.0,0.0016666666666666668
134,233,7.1,99.38257569495583,66.42182152179815,0.002916680714293742
134,234,7.4,99.5021271782035,70.12312592992117,0.0033035804591888336
134,235,7.7,99.6,73.73979529168804,0.0018452401020419631
134,236,8.0,99.67749935930289,77.29096700560459,0.0017857062584988146
134,237,8.3,99.73558507170122,80.79310377865411,0.0018749929761864628
134,238,8.6,99.7749371855331,84.26082952273323,0.0018452401020419631
134,239,8.9,99.79599839871872,87.70755722404412,0.0018749929761864628
134,240,9.200000000000003,99.8,90.0,0.0016666666666666668
134,245,31.474868417407578,99.8,28.357636576327877,0.002291673690480204
134,248,30.200000000000003,99.8,90.0,0.0016666666666666668
135,136,40.578324918568455,103.63717468863803,59.34949123792107,0.0018749929761864628
135,137,80.0,113.3,90.0,0.0016666666666666668
135,138,80.0,128.3,90.0,0.0016666666666666668
135,139,80.0,133.1,90.0,0.0016666666666666668
135,140,80.0,134.9,90.0,0.0016666666666666668
135,141,80.0,141.2,90.0,0.0016666666666666668
135,142,80.0,135.5,90.0,0.0016666666666666668
135,146,38.9,53.12250064069712,77.29096700560456,0.0017857062584988146
135,147,38.9,68.96441492829878,80.79310377865406,0.0018749929761864628
135,151,80.0,140.0,90.0,0.0016666666666666668
135,152,80.0,143.0,90.0,0.0016666666666666668
135,153,80.0,143.9,90.0,0.0016666666666666668
135,154,80.0,144.8,90.0,0.0016666666666666668
135,155,80.0,130.7,90.0,0.0016666666666666668
135,156,43.7,104.89599839871872,87.70755722404417,0.0018749929761864628
135,157,44.0,104.9,90.0,0.0016666666666666668
135,164,38.9,93.10000000000001,73.73979529168805,0.0018452401020419631
135,164,42.5,104.7,73.73979529168805,0.0018452401020419631
135,177,38.9,48.5,90.0,0.0016666666666666668
135,180,38.9,59.9,90.0,0.0016666666666666668
135,181,38.9,61.7,90.0,0.0016666666666666668
135,185,38.9,47.6,90.0,0.0016666666666666668
135,186,38.9,45.2,90.0,0.0016666666666666668
135,187,38.9,27.799999999999997,90.0,0.0016666666666666668
135,188,38.9,22.099999999999994,90.0,0.0016666666666666668
135,189,38.9,18.200000000000003,90.0,0.0016666666666666668
135,190,46.4,104.9,90.0,0.0016666666666666668
135,199,45.8,104.9,90.0,0.0016666666666666668
135,200,46.1,104.9,90.0,0.0016666666666666668
135,201,38.9,51.2,90.0,0.0016666666666666668
135,202,38.9,45.8,90.0,0.0016666666666666668
135,210,53.9,104.9,90.0,0.0016666666666666668
135,211,44.3,104.9,90.0,0.0016666666666666668
135,212,44.6,104.9,90.0,0.0016666666666666668
135,213,44.9,104.9,90.0,0.0016666666666666668
135,214,45.2,104.9,90.0,0.0016666666666666668
135,215,45.5,104.9,90.0,0.0016666666666666668
135,216,38.9,64.1,90.0,0.0016666666666666668
135,220,38.9,41.6,90.0,0.0016666666666666668
135,221,38.9,36.5,90.0,0.0016666666666666668
135,222,54.2,104.9,90.0,0.0016666666666666668
135,223,54.5,104.9,90.0,0.0016666666666666668
135,224,54.8,104.9,90.0,0.0016666666666666668
135,229,38.9,53.9,90.0,0.0016666666666666668
135,249,38.9,15.5,90.0,0.0016666666666666668
135,250,38.9,43.7,90.0,0.0016666666666666668
136,140,37.1,134.9,90.0,0.0016666666666666668
136,141,37.1,141.2,90.0,0.0016666666666666668
136,142,37.1,135.5,90.0,0.0016666666666666668
136,151,37.1,140.0,90.0,0.0016666666666666668
136,151,89.6,140.0,90.0,0.0016666666666666668
136,152,37.1,143.0,90.0,0.0016666666666666668
136,152,89.6,143.0,90.0,0.0016666666666666668
136,153,37.1,143.9,90.0,0.0016666666666666668
136,153,89.6,143.9,90.0,0.0016666666666666668
136,154,37.1,144.8,90.0,0.0016666666666666668
136,154,89.6,144.8,90.0,0.0016666666666666668
136,155,89.6,130.7,90.0,0.0016666666666666668
136,156,43.7,103.4,90.0,0.0016666666666666668
136,157,44.0,103.4,90.0,0.0016666666666666668
136,158,37.1,109.1,90.0,0.0016666666666666668
136,159,38.25609674603595,105.20243721341323,52.03354591785867,0.002202386972792556
136,164,42.5,103.4,90.0,0.0016666666666666668
136,179,81.2,103.4,90.0,0.0016666666666666668
136,190,46.4,103.4,90.0,0.0016666666666666668
136,199,45.8,103.4,90.0,0.0016666666666666668
136,200,46.1,103.4,90.0,0.0016666666666666668
136,207,80.3,103.4,90.0,0.0016666666666666668
136,210,53.9,103.4,90.0,0.0016666666666666668
136,211,44.3,103.4,90.0,0.0016666666666666668
136,212,44.6,103.4,90.0,0.0016666666666666668
136,213,44.9,103.4,90.0,0.0016666666666666668
136,214,45.2,103.4,90.0,0.0016666666666666668
136,215,45.5,103.4,90.0,0.0016666666666666668
136,222,54.2,103.4,90.0,0.0016666666666666668
136,223,54.5,103.4,90.0,0.0016666666666666668
136,224,54.8,103.4,90.0,0.0016666666666666668
136,248,37.1,120.2,90.0,0.0016666666666666668
137,140,37.4,134.9,90.0,0.0016666666666666668
137,141,37.4,141.2,90.0,0.0016666666666666668
137,142,37.4,135.5,90.0,0.0016666666666666668
137,151,37.4,140.0,90.0,0.0016666666666666668
137,151,89.3,140.0,90.0,0.0016666666666666668
137,152,37.4,143.0,90.0,0.0016666666666666668
137,152,89.3,143.0,90.0,0.0016666666666666668
137,153,37.4,143.9,90.0,0.0016666666666666668
137,153,89.3,143.9,90.0,0.0016666666666666668
137,154,37.4,144.8,90.0,0.0016666666666666668
137,154,89.3,144.8,90.0,0.0016666666666666668
137,155,89.3,130.7,90.0,0.0016666666666666668
137,156,43.7,113.3,90.0,0.0016666666666666668
137,157,44.0,113.3,90.0,0.0016666666666666668
137,158,42.73558507170122,113.3,80.79310377865414,0.0018749929761864628
137,159,43.1,113.3,90.0,0.0016666666666666668
137,164,42.5,113.3,90.0,0.0016666666666666668
137,179,81.2,113.3,90.0,0.0016666666666666668
137,190,46.4,113.3,90.0,0.0016666666666666668
137,199,45.8,113.3,90.0,0.0016666666666666668
137,200,46.1,113.3,90.0,0.0016666666666666668
137,207,80.3,113.3,90.0,0.0016666666666666668
137,210,53.9,113.3,90.0,0.0016666666666666668
137,211,44.3,113.3,90.0,0.0016666666666666668
137,212,44.6,113.3,90.0,0.0016666666666666668
137,213,44.9,113.3,90.0,0.0016666666666666668
137,214,45.2,113.3,90.0,0.0016666666666666668
137,215,45.5,113.3,90.0,0.0016666666666666668
137,222,54.2,113.3,90.0,0.0016666666666666668
137,223,54.5,113.3,90.0,0.0016666666666666668
137,224,54.8,113.3,90.0,0.0016666666666666668
137,248,37.4,120.2,90.0,0.0016666666666666668
138,140,37.7,134.9,90.0,0.0016666666666666668
138,141,37.7,141.2,90.0,0.0016666666666666668
138,142,37.7,135.5,90.0,0.0016666666666666668
138,151,37.7,140.0,90.0,0.0016666666666666668
138,151,88.7,140.0,90.0,0.0016666666666666668
138,152,37.7,143.0,90.0,0.0016666666666666668
138,152,88.7,143.0,90.0,0.0016666666666666668
138,153,37.7,143.9,90.0,0.0016666666666666668
138,153,88.7,143.9,90.0,0.0016666666666666668
138,154,37.7,144.8,90.0,0.0016666666666666668
138,154,88.7,144.8,90.0,0.0016666666666666668
138,155,87.97083130081252,130.7,58.66774850240547,0.00199406066327276
138,156,43.7,128.3,90.0,0.0016666666666666668
138,157,44.0,128.3,90.0,0.0016666666666666668
138,158,42.8,128.3,90.0,0.0016666666666666668
138,159,43.1,128.3,90.0,0.0016666666666666668
138,164,42.5,128.3040016012813,87.70755722404408,0.0018749929761864628
138,179,81.2,128.3,90.0,0.0016666666666666668
138,190,46.4,128.3,90.0,0.0016666666666666668
138,199,45.8,128.3,90.0,0.0016666666666666668
138,200,46.1,128.3,90.0,0.0016666666666666668
138,207,80.3,128.3,90.0,0.0016666666666666668
138,210,53.9,128.3,90.0,0.0016666666666666668
138,211,44.3,128.3,90.0,0.0016666666666666668
138,212,44.6,128.3,90.0,0.0016666666666666668
138,213,44.9,128.3,90.0,0.0016666666666666668
138,214,45.2,128.3,90.0,0.0016666666666666668
138,215,45.5,128.3,90.0,0.0016666666666666668
138,222,54.2,128.3,90.0,0.0016666666666666668
138,223,54.5,128.3,90.0,0.0016666666666666668
138,224,54.8,128.3,90.0,0.0016666666666666668
138,248,43.4,128.3,90.0,0.0016666666666666668
139,140,39.15812545754028,134.9,50.20818050044296,0.0038393007653147234
139,141,38.0,141.2,90.0,0.0016666666666666668
139,142,38.72916869918747,135.5,58.66774850240584,0.00199406066327276
139,151,38.0,140.0,90.0,0.0016666666666666668
139,151,88.4,140.0,90.0,0.0016666666666666668
139,152,38.0,143.0,90.0,0.0016666666666666668
139,152,88.4,143.0,90.0,0.0016666666666666668
139,153,38.0,143.9,90.0,0.0016666666666666668
139,153,88.4,143.9,90.0,0.0016666666666666668
139,154,38.0,144.8,90.0,0.0016666666666666668
139,154,88.4,144.8,90.0,0.0016666666666666668
139,155,47.72916869918747,133.1,58.66774850240584,0.00199406066327276
139,156,43.7,133.1,90.0,0.0016666666666666668
139,157,44.0,133.1,90.0,0.0016666666666666668
139,158,42.8,133.10400160128128,87.70755722404408,0.0018749929761864628
139,159,43.1,133.1,90.0,0.0016666666666666668
139,164,42.5,133.1250628144669,84.2608295227332,0.0018452401020419631
139,179,81.2,133.1,90.0,0.0016666666666666668
139,190,46.4,133.1,90.0,0.0016666666666666668
139,199,45.8,133.1,90.0,0.0016666666666666668
139,200,46.1,133.1,90.0,0.0016666666666666668
139,207,80.3,133.1,90.0,0.0016666666666666668
139,210,53.9,133.1,90.0,0.0016666666666666668
139,211,44.3,133.1,90.0,0.0016666666666666668
139,212,44.6,133.1,90.0,0.0016666666666666668
139,213,44.9,133.1,90.0,0.0016666666666666668
139,214,45.2,133.1,90.0,0.0016666666666666668
139,215,45.5,133.1,90.0,0.0016666666666666668
139,222,54.2,133.1,90.0,0.0016666666666666668
139,223,54.5,133.1,90.0,0.0016666666666666668
139,224,54.8,133.1,90.0,0.0016666666666666668
139,248,43.4,133.1,90.0,0.0016666666666666668
140,142,30.125131582592424,135.5,28.357636576327877,0.002291673690480204
140,146,35.0,134.9,90.0,0.0016666666666666668
140,147,34.7,134.9,90.0,0.0016666666666666668
140,148,33.5,134.9,90.0,0.0016666666666666668
140,149,33.8,134.9,90.0,0.0016666666666666668
140,150,34.4,134.9,90.0,0.0016666666666666668
140,151,88.1,140.0,90.0,0.0016666666666666668
140,152,88.1,143.0,90.0,0.0016666666666666668
140,153,88.1,143.9,90.0,0.0016666666666666668
140,154,88.1,144.8,90.0,0.0016666666666666668
140,155,47.064414928298774,134.9,80.7931037786543,0.0018749929761864628
140,156,43.7,134.9,90.0,0.0016666666666666668
140,157,44.0,134.9,90.0,0.0016666666666666668
140,158,42.8,134.9,90.0,0.0016666666666666668
140,159,43.1,134.9,90.0,0.0016666666666666668
140,164,42.5,134.9,90.0,0.0016666666666666668
140,179,81.2,134.9,90.0,0.0016666666666666668
140,190,46.4,134.9,90.0,0.0016666666666666668
140,199,45.8,134.9,90.0,0.0016666666666666668
140,200,46.1,134.9,90.0,0.0016666666666666668
140,207,80.3,134.9,90.0,0.0016666666666666668
140,210,53.9,134.9,90.0,0.0016666666666666668
140,211,44.3,134.9,90.0,0.0016666666666666668
140,212,44.6,134.9,90.0,0.0016666666666666668
140,213,44.9,134.9,90.0,0.0016666666666666668
140,214,45.2,134.9,90.0,0.0016666666666666668
140,215,45.5,134.9,90.0,0.0016666666666666668
140,222,54.2,134.9,90.0,0.0016666666666666668
140,223,54.5,134.9,90.0,0.0016666666666666668
140,224,54.8,134.9,90.0,0.0016666666666666668
140,245,34.1,134.9,90.0,0.0016666666666666668
140,248,43.4,134.9,90.0,0.0016666666666666668
141,146,35.0,141.2,90.0,0.0016666666666666668
141,147,34.7,141.2,90.0,0.0016666666666666668
141,148,33.5,141.2,90.0,0.0016666666666666668
141,149,33.8,141.2,90.0,0.0016666666666666668
141,150,34.4,141.2,90.0,0.0016666666666666668
141,152,86.34187454245972,143.0,50.20818050044296,0.0038393007653147234
141,153,86.93959457608463,143.9,62.61289249734631,0.002113100255104908
141,154,87.30000000000001,144.8,73.73979529168834,0.0018452401020419631
141,155,47.0,141.2,90.0,0.0016666666666666668
141,156,43.7,141.2,90.0,0.0016666666666666668
141,157,44.0,141.2,90.0,0.0016666666666666668
141,158,42.8,141.2,90.0,0.0016666666666666668
141,159,43.1,141.2,90.0,0.0016666666666666668
141,164,42.5,141.2,90.0,0.0016666666666666668
141,179,81.2,141.2,90.0,0.0016666666666666668
141,190,46.4,141.2,90.0,0.0016666666666666668
141,199,45.8,141.2,90.0,0.0016666666666666668
141,200,46.1,141.2,90.0,0.0016666666666666668
141,207,80.3,141.2,90.0,0.0016666666666666668
141,210,53.9,141.2,90.0,0.0016666666666666668
141,211,44.3,141.2,90.0,0.0016666666666666668
141,212,44.6,141.2,90.0,0.0016666666666666668
141,213,44.9,141.2,90.0,0.0016666666666666668
141,214,45.2,141.2,90.0,0.0016666666666666668
141,215,45.5,141.2,90.0,0.0016666666666666668
141,222,54.2,141.2,90.0,0.0016666666666666668
141,223,54.5,141.2,90.0,0.0016666666666666668
141,224,54.8,141.2,90.0,0.0016666666666666668
141,245,34.1,141.2,90.0,0.0016666666666666668
141,248,43.4,141.2,90.0,0.0016666666666666668
142,146,35.0,135.5,90.0,0.0016666666666666668
142,147,34.7,135.5,90.0,0.0016666666666666668
142,148,33.5,135.5,90.0,0.0016666666666666668
142,149,33.8,135.5,90.0,0.0016666666666666668
142,150,34.4,135.5,90.0,0.0016666666666666668
142,151,87.77493718553309,140.0,84.2608295227332,0.0018452401020419631
142,152,87.8,143.0,90.0,0.0016666666666666668
142,153,87.8,143.9,90.0,0.0016666666666666668
142,154,87.8,144.8,90.0,0.0016666666666666668
142,155,47.00400160128128,135.5,87.70755722404425,0.0018749929761864628
142,156,43.7,135.5,90.0,0.0016666666666666668
142,157,44.0,135.5,90.0,0.0016666666666666668
142,158,42.8,135.5,90.0,0.0016666666666666668
142,159,43.1,135.5,90.0,0.0016666666666666668
142,164,42.5,135.5,90.0,0.0016666666666666668
142,179,81.2,135.5,90.0,0.0016666666666666668
142,190,46.4,135.5,90.0,0.0016666666666666668
142,199,45.8,135.5,90.0,0.0016666666666666668
142,200,46.1,135.5,90.0,0.0016666666666666668
142,207,80.3,135.5,90.0,0.0016666666666666668
142,210,53.9,135.5,90.0,0.0016666666666666668
142,211,44.3,135.5,90.0,0.0016666666666666668
142,212,44.6,135.5,90.0,0.0016666666666666668
142,213,44.9,135.5,90.0,0.0016666666666666668
142,214,45.2,135.5,90.0,0.0016666666666666668
142,215,45.5,135.5,90.0,0.0016666666666666668
142,222,54.2,135.5,90.0,0.0016666666666666668
142,223,54.5,135.5,90.0,0.0016666666666666668
142,224,54.8,135.5,90.0,0.0016666666666666668
142,245,34.1,135.5,90.0,0.0016666666666666668
142,248,43.4,135.5,90.0,0.0016666666666666668
145,146,68.6,53.0,90.0,0.0016666666666666668
145,151,90.8,140.0,90.0,0.0016666666666666668
145,152,90.8,143.0,90.0,0.0016666666666666668
145,153,90.8,143.9,90.0,0.0016666666666666668
145,154,90.8,144.8,90.0,0.0016666666666666668
145,155,90.8,130.7,90.0,0.0016666666666666668
145,167,68.6,53.3,90.0,0.0016666666666666668
145,168,68.6,50.3,90.0,0.0016666666666666668
145,169,68.6,47.3,90.0,0.0016666666666666668
145,170,68.6,43.1,90.0,0.0016666666666666668
145,171,68.6,40.7,90.0,0.0016666666666666668
145,172,68.6,29.6,90.0,0.0016666666666666668
145,173,68.6,18.799999999999997,90.0,0.0016666666666666668
145,174,68.6,12.799999999999997,90.0,0.0016666666666666668
145,175,68.6,8.299999999999997,90.0,0.0016666666666666668
145,176,68.6,5.0,90.0,0.0016666666666666668
145,177,68.6,48.5,90.0,0.0016666666666666668
145,179,81.2,89.0,90.0,0.0016666666666666668
145,180,68.6,59.9,90.0,0.0016666666666666668
145,181,68.6,61.7,90.0,0.0016666666666666668
145,185,68.6,47.6,90.0,0.0016666666666666668
145,186,68.6,45.2,90.0,0.0016666666666666668
145,187,68.6,27.799999999999997,90.0,0.0016666666666666668
145,188,68.6,22.1,90.0,0.0016666666666666668
145,189,68.6,18.200000000000003,90.0,0.0016666666666666668
145,190,68.6,14.599999999999994,90.0,0.0016666666666666668
145,194,68.6,11.299999999999997,90.0,0.0016666666666666668
145,195,68.6,10.400000000000006,90.0,0.0016666666666666668
145,196,68.6,5.299999999999997,90.0,0.0016666666666666668
145,199,68.6,62.3,90.0,0.0016666666666666668
145,200,68.6,67.7,90.0,0.0016666666666666668
145,201,68.6,51.2,90.0,0.0016666666666666668
145,202,68.6,45.8,90.0,0.0016666666666666668
145,203,68.6,57.2,90.0,0.0016666666666666668
145,204,68.6,56.3,90.0,0.0016666666666666668
145,205,68.6,50.9,90.0,0.0016666666666666668
145,206,68.6250628144669,84.5,84.2608295227332,0.0018452401020419631
145,208,68.6,38.9,90.0,0.0016666666666666668
145,209,68.6,44.3,90.0,0.0016666666666666668
145,222,68.6,72.5,90.0,0.0016666666666666668
145,223,68.6,71.6,90.0,0.0016666666666666668
145,224,68.6,69.8,90.0,0.0016666666666666668
145,225,78.02916869918747,89.0,58.66774850240584,0.00199406066327276
145,225,90.8,94.69412778907682,19.94844358880259,0.006815487227897463
145,229,68.6,53.9,90.0,0.0016666666666666668
145,249,68.6,15.5,90.0,0.0016666666666666668
145,250,68.6,43.7,90.0,0.0016666666666666668
145,251,68.6,41.0,90.0,0.0016666666666666668
145,252,68.6,38.0,90.0,0.0016666666666666668
145,253,68.6,32.9,90.0,0.0016666666666666668
145,254,68.6,24.799999999999997,90.0,0.0016666666666666668
146,147,35.0,72.19412778907682,19.94844358880259,0.006815487227897463
146,147,47.0,53.0,90.0,0.0016666666666666668
146,151,35.0,140.0,90.0,0.0016666666666666668
146,152,35.0,143.0,90.0,0.0016666666666666668
146,153,35.0,143.9,90.0,0.0016666666666666668
146,154,35.0,144.8,90.0,0.0016666666666666668
146,156,56.0,53.0,90.0,0.0016666666666666668
146,157,56.3,53.0,90.0,0.0016666666666666668
146,158,35.0,109.1,90.0,0.0016666666666666668
146,159,35.0,105.2,90.0,0.0016666666666666668
146,164,35.0,92.9,90.0,0.0016666666666666668
146,167,60.194127789076816,53.0,19.94844358880252,0.006815487227897463
146,167,91.70587221092319,53.0,19.94844358880259,0.006815487227897463
146,178,114.5,53.0,90.0,0.0016666666666666668
146,179,113.3,53.0,90.0,0.0016666666666666668
146,180,35.0,59.9,90.0,0.0016666666666666668
146,180,112.7,53.0,90.0,0.0016666666666666668
146,181,35.0,61.7,90.0,0.0016666666666666668
146,181,113.0,53.0,90.0,0.0016666666666666668
146,190,46.400000000000006,53.0,90.0,0.0016666666666666668
146,199,84.8,53.0,90.0,0.0016666666666666668
146,200,85.1,53.0,90.0,0.0016666666666666668
146,203,39.56748927371711,53.018741677883966,85.53787919275281,0.0018749929761864628
146,203,84.43558507170123,53.0,80.79310377865414,0.0018749929761864628
146,204,40.0978728217965,53.0,70.12312592992113,0.0033035804591888336
146,204,83.9021271782035,53.0,70.12312592992113,0.0033035804591888336
146,206,56.599999999999994,53.0,90.0,0.0016666666666666668
146,207,48.8,53.0,90.0,0.0016666666666666668
146,210,68.3,53.0,90.0,0.0016666666666666668
146,211,66.8,53.0,90.0,0.0016666666666666668
146,212,67.1,53.0,90.0,0.0016666666666666668
146,213,67.4,53.0,90.0,0.0016666666666666668
146,214,67.7,53.0,90.0,0.0016666666666666668
146,215,68.0,53.0,90.0,0.0016666666666666668
146,216,35.0,64.1,90.0,0.0016666666666666668
146,216,65.6,53.0,90.0,0.0016666666666666668
146,222,75.8,53.0,90.0,0.0016666666666666668
146,223,76.1,53.0,90.0,0.0016666666666666668
146,224,76.4,53.0,90.0,0.0016666666666666668
146,225,77.3,53.0,90.0,0.0016666666666666668
146,229,37.13818239574916,53.9,34.91520624744419,0.004583347380960408
146,229,72.46181760425083,53.0,34.91520624744412,0.004583347380960408
146,248,35.0,120.19599839871873,87.70755722404408,0.0018749929761864628
147,151,34.7,140.0,90.0,0.0016666666666666668
147,152,34.7,143.0,90.0,0.0016666666666666668
147,153,34.7,143.9,90.0,0.0016666666666666668
147,154,34.7,144.8,90.0,0.0016666666666666668
147,158,34.7,109.1,90.0,0.0016666666666666668
147,159,34.7,105.2,90.0,0.0016666666666666668
147,164,34.7,92.9,90.0,0.0016666666666666668
147,177,47.0,48.5,90.0,0.0016666666666666668
147,180,47.0,59.9,90.0,0.0016666666666666668
147,181,47.0,61.7,90.0,0.0016666666666666668
147,185,47.0,47.6,90.0,0.0016666666666666668
147,186,47.0,45.2,90.0,0.0016666666666666668
147,187,47.0,27.8,90.0,0.0016666666666666668
147,188,47.0,22.1,90.0,0.0016666666666666668
147,189,47.0,18.2,90.0,0.0016666666666666668
147,190,46.4,66.27486841740759,28.357636576327984,0.002291673690480204
147,190,47.0,17.22513158259241,28.357636576328055,0.002291673690480204
147,199,45.80234540808594,67.14687070848343,38.73942459785564,0.004761920816335705
147,199,46.997654591914056,64.05312929151656,38.73942459785592,0.004761920816335705
147,201,47.0,51.2,90.0,0.0016666666666666668
147,202,47.0,45.8,90.0,0.0016666666666666668
147,203,47.0,57.2,90.0,0.0016666666666666668
147,204,47.0,56.3,90.0,0.0016666666666666668
147,205,47.0,50.9,90.0,0.0016666666666666668
147,213,45.17601137896261,67.76172911021735,31.438556162217022,0.003035720306125889
147,213,46.72398862103739,65.53827088978267,31.438556162217104,0.003035720306125889
147,216,46.99599839871872,64.1,87.70755722404425,0.0018749929761864628
147,220,47.0,41.6,90.0,0.0016666666666666668
147,221,47.0,36.5,90.0,0.0016666666666666668
147,229,47.0,53.9,90.0,0.0016666666666666668
147,248,34.7,120.17493718553311,84.26082952273323,0.0018452401020419631
147,249,47.0,15.5,90.0,0.0016666666666666668
147,250,47.0,43.7,90.0,0.0016666666666666668
147,251,47.0,41.0,90.0,0.0016666666666666668
147,252,47.0,38.0,90.0,0.0016666666666666668
147,253,47.0,32.9,90.0,0.0016666666666666668
147,254,47.0,24.7749371855331,84.26082952273322,0.0018452401020419631
148,151,33.5,140.0,90.0,0.0016666666666666668
148,152,33.5,143.0,90.0,0.0016666666666666668
148,153,33.5,143.9040016012813,87.70755722404408,0.0018749929761864628
148,154,33.5,144.82506281446692,84.2608295227332,0.0018452401020419631
148,158,14.3,99.5,90.0,0.0016666666666666668
148,158,33.5,109.1,90.0,0.0016666666666666668
148,159,14.6,99.5,90.0,0.0016666666666666668
148,159,33.5,105.2,90.0,0.0016666666666666668
148,160,15.5,99.5,90.0,0.0016666666666666668
148,161,15.8,99.5,90.0,0.0016666666666666668
148,162,16.4,99.5,90.0,0.0016666666666666668
148,164,11.0,99.5,90.0,0.0016666666666666668
148,165,9.5,99.5,90.0,0.0016666666666666668
148,166,9.8,99.5,90.0,0.0016666666666666668
148,180,10.100000000000001,99.5,90.0,0.0016666666666666668
148,181,10.399999999999999,99.5,90.0,0.0016666666666666668
148,216,17.0,99.5,90.0,0.0016666666666666668
148,230,2.6,78.49904514528507,28.357636576327977,0.002291673690480204
148,230,6.5,99.37749935930287,77.29096700560456,0.0017857062584988146
148,231,2.6,80.53004893880068,19.948443588802608,0.006815487227897463
148,231,6.8,99.43558507170123,80.7931037786541,0.0018749929761864628
148,232,16.1,99.5,90.0,0.0016666666666666668
148,233,7.1,99.4749371855331,84.2608295227332,0.0018452401020419631
148,234,7.4,99.49599839871871,87.70755722404412,0.0018749929761864628
148,235,7.699999999999999,99.5,90.0,0.0016666666666666668
148,236,8.0,99.5,90.0,0.0016666666666666668
148,237,8.3,99.5,90.0,0.0016666666666666668
148,238,8.600000000000001,99.5,90.0,0.0016666666666666668
148,239,8.899999999999999,99.5,90.0,0.0016666666666666668
148,240,9.2,99.5,90.0,0.0016666666666666668
148,248,30.2,99.7978728217965,70.12312592992117,0.0033035804591888336
148,248,33.5,119.9021271782035,70.12312592992113,0.0033035804591888336
149,151,33.8,140.0,90.0,0.0016666666666666668
149,152,33.8,143.0,90.0,0.0016666666666666668
149,153,33.8,143.9,90.0,0.0016666666666666668
149,154,33.8,144.8040016012813,87.70755722404408,0.0018749929761864628
149,158,14.3,87.8,90.0,0.0016666666666666668
149,158,33.8,109.1,90.0,0.0016666666666666668
149,159,14.6,87.8,90.0,0.0016666666666666668
149,159,33.8,105.2,90.0,0.0016666666666666668
149,160,15.5,87.8,90.0,0.0016666666666666668
149,161,15.8,87.8,90.0,0.0016666666666666668
149,162,16.4,87.8,90.0,0.0016666666666666668
149,164,33.8,92.9,90.0,0.0016666666666666668
149,165,9.5,87.8,90.0,0.0016666666666666668
149,166,9.8,87.8,90.0,0.0016666666666666668
149,180,10.100000000000001,87.8,90.0,0.0016666666666666668
149,181,10.399999999999999,87.8,90.0,0.0016666666666666668
149,216,17.0,87.8,90.0,0.0016666666666666668
149,230,2.9,78.98599433212831,34.91520624744413,0.004583347380960408
149,230,6.5,87.6,73.73979529168803,0.0018452401020419631
149,231,2.9,81.19904514528507,28.357636576327977,0.002291673690480204
149,231,6.8,87.67749935930289,77.29096700560457,0.0017857062584988146
149,232,16.1,87.8,90.0,0.0016666666666666668
149,233,7.1,87.73558507170122,80.79310377865409,0.0018749929761864628
149,234,7.4,87.77493718553309,84.2608295227332,0.0018452401020419631
149,235,7.7,87.79599839871872,87.70755722404412,0.0018749929761864628
149,236,8.0,87.8,90.0,0.0016666666666666668
149,237,8.3,87.8,90.0,0.0016666666666666668
149,238,8.600000000000001,87.8,90.0,0.0016666666666666668
149,239,8.899999999999999,87.8,90.0,0.0016666666666666668
149,240,9.2,87.8,90.0,0.0016666666666666668
149,245,20.0,87.8,90.0,0.0016666666666666668
149,245,33.8,102.4941277890768,19.94844358880277,0.006815487227897463
149,248,30.2,88.0,73.73979529168801,0.0018452401020419631
149,248,33.8,120.0,73.73979529168798,0.0018452401020419631
150,151,34.4,140.0,90.0,0.0016666666666666668
150,152,34.4,143.0,90.0,0.0016666666666666668
150,153,34.4,143.9,90.0,0.0016666666666666668
150,154,34.4,144.8,90.0,0.0016666666666666668
150,158,34.4,109.1,90.0,0.0016666666666666668
150,159,34.4,105.2,90.0,0.0016666666666666668
150,164,34.4,92.9,90.0,0.0016666666666666668
150,177,29.9,48.5,90.0,0.0016666666666666668
150,180,29.9,59.9,90.0,0.0016666666666666668
150,181,29.9,61.7,90.0,0.0016666666666666668
150,185,29.9,47.6,90.0,0.0016666666666666668
150,186,29.9,45.2,90.0,0.0016666666666666668
150,201,29.9,51.2,90.0,0.0016666666666666668
150,216,29.9,64.1,90.0,0.0016666666666666668
150,229,29.9,53.9,90.0,0.0016666666666666668
150,248,30.2,85.03004893880069,19.94844358880276,0.006815487227897463
150,248,34.4,120.13558507170123,80.79310377865406,0.0018749929761864628
151,155,47.0,140.0,90.0,0.0016666666666666668
151,156,43.7,140.0,90.0,0.0016666666666666668
151,157,44.0,140.0,90.0,0.0016666666666666668
151,158,42.8,140.0,90.0,0.0016666666666666668
151,159,43.1,140.0,90.0,0.0016666666666666668
151,164,42.5,140.0,90.0,0.0016666666666666668
151,179,81.2,140.0,90.0,0.0016666666666666668
151,190,46.4,140.0,90.0,0.0016666666666666668
151,199,45.8,140.0,90.0,0.0016666666666666668
151,200,46.1,140.0,90.0,0.0016666666666666668
151,207,80.3,140.0,90.0,0.0016666666666666668
151,210,53.9,140.0,90.0,0.0016666666666666668
151,211,44.3,140.0,90.0,0.0016666666666666668
151,212,44.6,140.0,90.0,0.0016666666666666668
151,213,44.9,140.0,90.0,0.0016666666666666668
151,214,45.2,140.0,90.0,0.0016666666666666668
151,215,45.5,140.0,90.0,0.0016666666666666668
151,222,54.2,140.0,90.0,0.0016666666666666668
151,223,54.5,140.0,90.0,0.0016666666666666668
151,224,54.8,140.0,90.0,0.0016666666666666668
151,225,91.1,140.0,90.0,0.0016666666666666668
151,245,34.1,140.0,90.0,0.0016666666666666668
151,248,43.4,140.0,90.0,0.0016666666666666668
152,155,47.0,143.0,90.0,0.0016666666666666668
152,156,43.7,143.0,90.0,0.0016666666666666668
152,157,44.0,143.0,90.0,0.0016666666666666668
152,158,42.8,143.0,90.0,0.0016666666666666668
152,159,43.1,143.0,90.0,0.0016666666666666668
152,164,42.5,143.0,90.0,0.0016666666666666668
152,179,81.2,143.0,90.0,0.0016666666666666668
152,190,46.4,143.0,90.0,0.0016666666666666668
152,199,45.8,143.0,90.0,0.0016666666666666668
152,200,46.1,143.0,90.0,0.0016666666666666668
152,207,80.3,143.0,90.0,0.0016666666666666668
152,210,53.9,143.0,90.0,0.0016666666666666668
152,211,44.3,143.0,90.0,0.0016666666666666668
152,212,44.6,143.0,90.0,0.0016666666666666668
152,213,44.9,143.0,90.0,0.0016666666666666668
152,214,45.2,143.0,90.0,0.0016666666666666668
152,215,45.5,143.0,90.0,0.0016666666666666668
152,222,54.2,143.0,90.0,0.0016666666666666668
152,223,54.5,143.0,90.0,0.0016666666666666668
152,224,54.8,143.0,90.0,0.0016666666666666668
152,225,91.1,143.0,90.0,0.0016666666666666668
152,245,34.1,143.0,90.0,0.0016666666666666668
152,248,43.4,143.0,90.0,0.0016666666666666668
153,155,47.0,143.9,90.0,0.0016666666666666668
153,156,43.7,143.9,90.0,0.0016666666666666668
153,157,44.0,143.9,90.0,0.0016666666666666668
153,158,42.8,143.9,90.0,0.0016666666666666668
153,159,43.1,143.9,90.0,0.0016666666666666668
153,164,42.5,143.9,90.0,0.0016666666666666668
153,179,81.2,143.9,90.0,0.0016666666666666668
153,190,46.4,143.9,90.0,0.0016666666666666668
153,199,45.8,143.9,90.0,0.0016666666666666668
153,200,46.1,143.9,90.0,0.0016666666666666668
153,207,80.3,143.9,90.0,0.0016666666666666668
153,210,53.9,143.9,90.0,0.0016666666666666668
153,211,44.3,143.9,90.0,0.0016666666666666668
153,212,44.6,143.9,90.0,0.0016666666666666668
153,213,44.9,143.9,90.0,0.0016666666666666668
153,214,45.2,143.9,90.0,0.0016666666666666668
153,215,45.5,143.9,90.0,0.0016666666666666668
153,222,54.2,143.9,90.0,0.0016666666666666668
153,223,54.5,143.9,90.0,0.0016666666666666668
153,224,54.8,143.9,90.0,0.0016666666666666668
153,225,91.1,143.9,90.0,0.0016666666666666668
153,245,34.1,143.9,90.0,0.0016666666666666668
153,248,43.4,143.9,90.0,0.0016666666666666668
154,155,47.0,144.8,90.0,0.0016666666666666668
154,156,43.7,144.8,90.0,0.0016666666666666668
154,157,44.0,144.8,90.0,0.0016666666666666668
154,158,42.8,144.8,90.0,0.0016666666666666668
154,159,43.1,144.8,90.0,0.0016666666666666668
154,164,42.5,144.8,90.0,0.0016666666666666668
154,179,81.2,144.8,90.0,0.0016666666666666668
154,190,46.4,144.8,90.0,0.0016666666666666668
154,199,45.8,144.8,90.0,0.0016666666666666668
154,200,46.1,144.8,90.0,0.0016666666666666668
154,207,80.3,144.8,90.0,0.0016666666666666668
154,210,53.9,144.8,90.0,0.0016666666666666668
154,211,44.3,144.8,90.0,0.0016666666666666668
154,212,44.6,144.8,90.0,0.0016666666666666668
154,213,44.9,144.8,90.0,0.0016666666666666668
154,214,45.2,144.8,90.0,0.0016666666666666668
154,215,45.5,144.8,90.0,0.0016666666666666668
154,222,54.2,144.8,90.0,0.0016666666666666668
154,223,54.5,144.8,90.0,0.0016666666666666668
154,224,54.8,144.8,90.0,0.0016666666666666668
154,225,91.1,144.8,90.0,0.0016666666666666668
154,245,34.1,144.8,90.0,0.0016666666666666668
154,248,43.4,144.8,90.0,0.0016666666666666668
155,179,81.2,130.7,90.0,0.0016666666666666668
155,207,80.3,130.7,90.0,0.0016666666666666668
155,210,53.9,130.7,90.0,0.0016666666666666668
155,222,54.2,130.7,90.0,0.0016666666666666668
155,223,54.5,130.7,90.0,0.0016666666666666668
155,224,54.8,130.7,90.0,0.0016666666666666668
155,225,91.1,130.7,90.0,0.0016666666666666668
156,157,44.12797712839084,76.67599237613031,10.887482877261093,0.005952372925165482
156,157,55.87202287160916,69.82400762386969,10.887482877261093,0.005952372925165482
156,177,56.0,48.5,90.0,0.0016666666666666668
156,180,56.0,59.9,90.0,0.0016666666666666668
156,181,56.0,61.7,90.0,0.0016666666666666668
156,185,56.0,47.6,90.0,0.0016666666666666668
156,186,56.0,45.2,90.0,0.0016666666666666668
156,187,56.0,27.8,90.0,0.0016666666666666668
156,188,56.0,22.1,90.0,0.0016666666666666668
156,189,56.0,18.2,90.0,0.0016666666666666668
156,190,46.4,74.26040542391539,62.61289249734602,0.002113100255104908
156,190,56.0,14.6,90.0,0.0016666666666666668
156,199,45.8,74.62691762911675,54.549457360824505,0.002261892721081555
156,199,56.0,62.3,90.0,0.0016666666666666668
156,200,46.1,74.42916869918749,58.667748502405686,0.00199406066327276
156,200,56.0,67.7,90.0,0.0016666666666666668
156,201,56.0,51.2,90.0,0.0016666666666666668
156,202,56.0,45.8,90.0,0.0016666666666666668
156,203,56.0,57.2,90.0,0.0016666666666666668
156,204,56.0,56.3,90.0,0.0016666666666666668
156,205,56.0,50.9,90.0,0.0016666666666666668
156,207,48.8,73.7,90.0,0.0016666666666666668
156,208,56.0,38.89599839871872,87.70755722404408,0.0018749929761864628
156,209,56.0,44.3,90.0,0.0016666666666666668
156,211,44.3,76.32513158259243,28.357636576327803,0.002291673690480204
156,211,56.0,68.3,90.0,0.0016666666666666668
156,212,44.6,75.83818239574917,34.91520624744412,0.004583347380960408
156,212,56.0,68.6,90.0,0.0016666666666666668
156,213,44.9,75.45038463814562,40.53580211131651,0.005833333333333334
156,213,56.0,64.4,90.0,0.0016666666666666668
156,214,45.2,75.12928578572858,45.57299599919425,0.005714293741501186
156,214,56.0,65.9,90.0,0.0016666666666666668
156,215,45.5,74.8581254575403,50.20818050044273,0.0038393007653147234
156,215,56.0,65.0,90.0,0.0016666666666666668
156,216,56.0,64.1,90.0,0.0016666666666666668
156,220,56.0,41.6,90.0,0.0016666666666666668
156,221,56.0,36.5,90.0,0.0016666666666666668
156,229,56.0,53.9,90.0,0.0016666666666666668
156,249,56.0,15.5,90.0,0.0016666666666666668
156,250,56.0,43.7,90.0,0.0016666666666666668
156,251,56.0,41.0,90.0,0.0016666666666666668
156,252,56.0,38.0,90.0,0.0016666666666666668
156,253,56.0,32.9,90.0,0.0016666666666666668
156,254,56.0,24.8,90.0,0.0016666666666666668
157,177,56.3,48.5,90.0,0.0016666666666666668
157,180,56.3,59.9,90.0,0.0016666666666666668
157,181,56.3,61.7,90.0,0.0016666666666666668
157,185,56.3,47.6,90.0,0.0016666666666666668
157,186,56.3,45.2,90.0,0.0016666666666666668
157,187,56.3,27.8,90.0,0.0016666666666666668
157,188,56.3,22.1,90.0,0.0016666666666666668
157,189,56.3,18.2,90.0,0.0016666666666666668
157,190,46.4,73.52916869918747,58.667748502405765,0.00199406066327276
157,190,56.3,14.6,90.0,0.0016666666666666668
157,199,45.8,73.95812545754029,50.20818050044273,0.0038393007653147234
157,199,56.3,62.3,90.0,0.0016666666666666668
157,200,46.1,73.72691762911674,54.549457360824576,0.002261892721081555
157,200,56.3,67.7,90.0,0.0016666666666666668
157,201,56.3,51.2,90.0,0.0016666666666666668
157,202,56.3,45.8,90.0,0.0016666666666666668
157,203,56.3,57.2,90.0,0.0016666666666666668
157,204,56.3,56.3,90.0,0.0016666666666666668
157,205,56.3,50.9,90.0,0.0016666666666666668
157,207,48.8,72.80400160128127,87.70755722404408,0.0018749929761864628
157,208,56.3,38.9,90.0,0.0016666666666666668
157,209,56.3,44.3,90.0,0.0016666666666666668
157,211,44.3,76.09412778907681,19.94844358880259,0.006815487227897463
157,211,56.2749371855331,68.3,84.26082952273322,0.0018452401020419631
157,212,44.6,75.42513158259241,28.357636576327984,0.002291673690480204
157,212,56.23558507170122,68.6,80.79310377865414,0.0018749929761864628
157,213,44.9,74.93818239574917,34.91520624744412,0.004583347380960408
157,213,56.3,64.4,90.0,0.0016666666666666668
157,214,45.2,74.55038463814562,40.535802111316556,0.005833333333333334
157,214,56.3,65.9,90.0,0.0016666666666666668
157,215,45.5,74.22928578572858,45.57299599919425,0.005714293741501186
157,215,56.3,65.0,90.0,0.0016666666666666668
157,216,56.3,64.1,90.0,0.0016666666666666668
157,220,56.3,41.6,90.0,0.0016666666666666668
157,221,56.3,36.5,90.0,0.0016666666666666668
157,229,56.3,53.9,90.0,0.0016666666666666668
157,249,56.3,15.5,90.0,0.0016666666666666668
157,250,56.3,43.7,90.0,0.0016666666666666668
157,251,56.3,41.0,90.0,0.0016666666666666668
157,252,56.3,38.0,90.0,0.0016666666666666668
157,253,56.3,32.9,90.0,0.0016666666666666668
157,254,56.3,24.8,90.0,0.0016666666666666668
158,160,14.3,80.09628339305698,34.915206247444274,0.004583347380960408
158,160,15.5,107.34961536185438,40.535802111316535,0.005833333333333334
158,161,14.3,79.90933420621371,28.357636576327984,0.002291673690480204
158,161,15.8,107.67071421427141,45.57299599919425,0.005714293741501186
158,162,16.4,108.17308237088325,54.54945736082454,0.002261892721081555
158,164,14.3,93.19787282179651,70.12312592992117,0.0033035804591888336
158,164,42.5,112.3941277890768,19.94844358880259,0.006815487227897463
158,165,14.3,73.4040016012813,87.70755722404412,0.0018749929761864628
158,166,14.3,72.5250628144669,84.2608295227332,0.0018452401020419631
158,177,14.3,48.5,90.0,0.0016666666666666668
158,180,14.3,59.96441492829877,80.79310377865413,0.0018749929761864628
158,181,14.3,61.82250064069712,77.29096700560457,0.0017857062584988146
158,185,14.3,47.6,90.0,0.0016666666666666668
158,186,14.3,45.2,90.0,0.0016666666666666668
158,216,17.0,108.53959457608462,62.61289249734613,0.002113100255104908
158,232,14.3,81.64033799972933,19.948443588802608,0.006815487227897463
158,232,16.1,107.9418745424597,50.20818050044275,0.0038393007653147234
158,245,34.1,109.1,90.0,0.0016666666666666668
158,248,30.2,109.1,90.0,0.0016666666666666668
158,248,42.8,122.82513158259242,28.357636576327984,0.002291673690480204
159,160,14.6,80.50371660694302,34.91520624744427,0.004583347380960408
159,160,15.5,103.06181760425085,34.91520624744425,0.004583347380960408
159,161,14.6,80.39628339305696,34.91520624744413,0.004583347380960408
159,161,15.8,103.44961536185438,40.535802111316535,0.005833333333333334
159,162,16.4,104.04187454245971,50.20818050044273,0.0038393007653147234
159,164,14.6,93.10000000000001,73.73979529168803,0.0018452401020419631
159,164,42.5,107.82513158259242,28.357636576327984,0.002291673690480204
159,165,14.6,73.4,90.0,0.0016666666666666668
159,166,14.6,72.50400160128129,87.7075572240441,0.0018749929761864628
159,177,14.6,48.5,90.0,0.0016666666666666668
159,180,14.6,59.9250628144669,84.26082952273323,0.0018452401020419631
159,181,14.6,61.76441492829878,80.79310377865409,0.0018749929761864628
159,185,14.6,47.6,90.0,0.0016666666666666668
159,186,14.6,45.2,90.0,0.0016666666666666668
159,216,17.0,104.47083130081253,58.667748502405765,0.00199406066327276
159,232,14.6,82.30933420621372,28.357636576327977,0.002291673690480204
159,232,16.1,103.77071421427144,45.57299599919436,0.005714293741501186
159,245,34.1,105.2,90.0,0.0016666666666666668
159,248,30.2,105.2,90.0,0.0016666666666666668
159,248,43.1,123.49412778907681,19.94844358880259,0.006815487227897463
160,164,15.5,92.92506281446691,84.2608295227332,0.0018452401020419631
160,165,13.4,73.52250064069713,77.29096700560456,0.0017857062584988146
160,166,13.4,72.7,73.73979529168803,0.0018452401020419631
160,177,13.4,48.5,90.0,0.0016666666666666668
160,180,13.4,60.197872821796494,70.12312592992123,0.0033035804591888336
160,181,13.4,62.11742430504417,66.42182152179815,0.002916680714293742
160,185,13.4,47.6,90.0,0.0016666666666666668
160,186,13.4,45.2,90.0,0.0016666666666666668
160,232,14.0,79.60933420621372,28.357636576327984,0.002291673690480204
160,232,15.5,83.69066579378628,28.357636576327984,0.002291673690480204
161,164,15.8,92.9040016012813,87.70755722404412,0.0018749929761864628
161,165,13.7,73.46441492829878,80.79310377865409,0.0018749929761864628
161,166,13.7,72.62250064069713,77.29096700560454,0.0017857062584988146
161,177,13.7,48.5,90.0,0.0016666666666666668
161,180,13.7,60.099999999999994,73.73979529168808,0.0018452401020419631
161,181,13.7,61.997872821796506,70.12312592992116,0.0033035804591888336
161,185,13.7,47.6,90.0,0.0016666666666666668
161,186,13.7,45.2,90.0,0.0016666666666666668
161,232,14.0,79.24033799972932,19.948443588802608,0.006815487227897463
161,232,15.8,84.35966200027066,19.94844358880276,0.006815487227897463
162,164,16.4,92.9,90.0,0.0016666666666666668
162,165,16.81742430504416,73.4,66.42182152179817,0.002916680714293742
162,165,29.0,67.77486841740759,28.357636576327984,0.002291673690480204
162,166,17.326917629116743,72.5,54.549457360824505,0.002261892721081555
162,166,29.3,67.10587221092321,19.94844358880276,0.006815487227897463
162,177,29.6,48.5,90.0,0.0016666666666666668
162,180,29.6,59.9,90.0,0.0016666666666666668
162,181,29.6,61.7,90.0,0.0016666666666666668
162,185,29.6,47.6,90.0,0.0016666666666666668
162,186,29.6,45.2,90.0,0.0016666666666666668
162,201,29.6,51.2,90.0,0.0016666666666666668
162,216,17.0,73.02513158259242,28.357636576327984,0.002291673690480204
162,216,29.6,64.1,90.0,0.0016666666666666668
162,229,29.6,53.9,90.0,0.0016666666666666668
162,245,20.0,70.60000000000001,73.73979529168805,0.0018452401020419631
164,216,17.0,92.9,90.0,0.0016666666666666668
164,232,16.1,92.9,90.0,0.0016666666666666668
164,245,20.0,92.9,90.0,0.0016666666666666668
164,248,30.2,92.9,90.0,0.0016666666666666668
164,248,42.5,122.33818239574917,34.91520624744412,0.004583347380960408
165,166,9.92797712839084,76.37599237613028,10.887482877261085,0.005952372925165482
165,166,28.872022871609158,69.52400762386972,10.887482877261094,0.005952372925165482
165,177,29.0,48.5,90.0,0.0016666666666666668
165,180,10.1,76.02513158259242,28.357636576327977,0.002291673690480204
165,180,29.0,59.9,90.0,0.0016666666666666668
165,181,10.4,75.53818239574917,34.91520624744413,0.004583347380960408
165,181,29.0,61.7,90.0,0.0016666666666666668
165,185,29.0,47.6,90.0,0.0016666666666666668
165,186,29.0,45.2,90.0,0.0016666666666666668
165,201,29.0,51.2,90.0,0.0016666666666666668
165,216,17.0,73.4,90.0,0.0016666666666666668
165,216,29.0,64.1,90.0,0.0016666666666666668
165,229,29.0,53.9,90.0,0.0016666666666666668
165,232,14.0,73.42506281446691,84.2608295227332,0.0018452401020419631
165,233,9.539964352614394,77.76909083326991,37.67914619704878,0.0055654731802703885
165,233,10.960035647385606,74.86890209959857,37.67914619704906,0.0055654731802703885
165,234,9.69838438457752,77.00555119070975,30.987648369193597,0.0026488205612307967
165,234,11.10161561542248,74.73244174215873,30.987648369193856,0.0026488205612307967
165,235,9.5,78.6201325246718,50.20818050044275,0.0038393007653147234
165,235,11.6,74.32691762911675,54.549457360824555,0.002261892721081555
165,237,9.5,79.51239170527712,40.535802111316535,0.005833333333333334
165,237,12.2,73.96040542391539,62.61289249734605,0.002113100255104908
165,238,9.509862307469902,78.08611178806717,31.512911811584168,0.003035720306125889
165,238,12.434161761871096,73.84672509353055,56.28774264060895,0.0021428531292494077
165,239,9.501330141730506,78.2846759000554,27.068076738540825,0.002857146870750593
165,239,12.699501789004847,73.73543076027343,57.38668961870859,0.0021726340986480564
165,245,20.0,73.4,90.0,0.0016666666666666668
166,177,29.3,48.5,90.0,0.0016666666666666668
166,180,10.1,75.79412778907681,19.9484435888026,0.006815487227897463
166,180,29.3,59.9,90.0,0.0016666666666666668
166,181,10.4,75.12513158259242,28.357636576327977,0.002291673690480204
166,181,29.3,61.7,90.0,0.0016666666666666668
166,185,29.3,47.6,90.0,0.0016666666666666668
166,186,29.3,45.2,90.0,0.0016666666666666668
166,201,29.3,51.2,90.0,0.0016666666666666668
166,216,17.0,72.5,90.0,0.0016666666666666668
166,216,29.3,64.1,90.0,0.0016666666666666668
166,229,29.3,53.9,90.0,0.0016666666666666668
166,232,14.0,72.56441492829877,80.79310377865409,0.0018749929761864628
166,233,9.800015400123359,77.48759028620711,40.393325591348614,0.005833333333333334
166,233,10.999984599876642,74.2504026466614,40.393325591348315,0.005833333333333334
166,234,9.839964352614395,76.86909083326991,37.67914619704878,0.0055654731802703885
166,234,11.260035647385607,73.96890209959857,37.67914619704906,0.0055654731802703885
166,235,9.8,78.3798674753282,50.20818050044274,0.0038393007653147234
166,235,11.6,73.6581254575403,50.20818050044274,0.0038393007653147234
166,237,9.8,79.19129285286007,45.57299599919436,0.005714293741501186
166,237,12.2,73.22916869918748,58.667748502405686,0.00199406066327276
166,238,9.8,77.71239170527713,40.53580211131655,0.005833333333333334
166,238,12.499949650779024,73.06043150846295,62.355114707805534,0.002113100255104908
166,239,9.8,77.80018946288067,34.91520624744427,0.004583347380960408
166,239,12.796727864963248,72.91885377301867,64.30793896963806,0.002946433588438241
166,245,20.0,72.5,90.0,0.0016666666666666668
167,177,56.90400160128128,48.5,87.70755722404408,0.0018749929761864628
167,182,95.0,35.6,90.0,0.0016666666666666668
167,183,95.0,32.3,90.0,0.0016666666666666668
167,184,95.0,21.2,90.0,0.0016666666666666668
167,185,56.9,47.6,90.0,0.0016666666666666668
167,185,95.0,47.6,90.0,0.0016666666666666668
167,186,56.9,45.2,90.0,0.0016666666666666668
167,186,95.0,45.2,90.0,0.0016666666666666668
167,187,56.9,27.8,90.0,0.0016666666666666668
167,187,95.0,27.8,90.0,0.0016666666666666668
167,188,56.9,22.1,90.0,0.0016666666666666668
167,188,95.0,22.1,90.0,0.0016666666666666668
167,189,56.9,18.2,90.0,0.0016666666666666668
167,189,95.0,18.2,90.0,0.0016666666666666668
167,190,56.9,14.600000000000001,90.0,0.0016666666666666668
167,190,95.0,14.6,90.0,0.0016666666666666668
167,191,95.0,24.5,90.0,0.0016666666666666668
167,192,95.0,14.9,90.0,0.0016666666666666668
167,193,95.0,10.1,90.0,0.0016666666666666668
167,194,95.0,11.3,90.0,0.0016666666666666668
167,195,95.0,10.4,90.0,0.0016666666666666668
167,196,95.0,5.3,90.0,0.0016666666666666668
167,197,95.0,17.6,90.0,0.0016666666666666668
167,198,95.0,23.9,90.0,0.0016666666666666668
167,199,84.8,53.3,90.0,0.0016666666666666668
167,200,85.1,53.3,90.0,0.0016666666666666668
167,201,57.82691762911674,51.2,54.549457360824505,0.002261892721081555
167,202,56.9,45.8,90.0,0.0016666666666666668
167,203,84.37749935930287,53.3,77.29096700560461,0.0017857062584988146
167,204,83.78257569495584,53.3,66.42182152179815,0.002916680714293742
167,205,57.629168699187474,50.9,58.66774850240573,0.00199406066327276
167,208,56.9,38.9,90.0,0.0016666666666666668
167,209,56.9,44.3,90.0,0.0016666666666666668
167,210,68.3,53.3,90.0,0.0016666666666666668
167,211,66.8,53.3,90.0,0.0016666666666666668
167,212,67.1,53.3,90.0,0.0016666666666666668
167,213,67.4,53.3,90.0,0.0016666666666666668
167,214,67.7,53.3,90.0,0.0016666666666666668
167,215,68.0,53.3,90.0,0.0016666666666666668
167,216,65.6,53.3,90.0,0.0016666666666666668
167,220,56.9,41.6,90.0,0.0016666666666666668
167,221,56.9,36.5,90.0,0.0016666666666666668
167,222,75.8,53.3,90.0,0.0016666666666666668
167,223,76.1,53.3,90.0,0.0016666666666666668
167,224,76.4,53.3,90.0,0.0016666666666666668
167,225,77.3,53.3,90.0,0.0016666666666666668
167,229,71.97486841740758,53.3,28.357636576327984,0.002291673690480204
167,249,56.9,15.5,90.0,0.0016666666666666668
167,249,95.0,15.5,90.0,0.0016666666666666668
167,250,56.9,43.7,90.0,0.0016666666666666668
167,251,56.9,41.0,90.0,0.0016666666666666668
167,251,95.0,41.0,90.0,0.0016666666666666668
167,252,56.9,38.0,90.0,0.0016666666666666668
167,252,95.0,38.0,90.0,0.0016666666666666668
167,253,56.9,32.9,90.0,0.0016666666666666668
167,253,95.0,32.9,90.0,0.0016666666666666668
167,254,56.9,24.8,90.0,0.0016666666666666668
167,254,95.0,24.8,90.0,0.0016666666666666668
168,177,58.3581254575403,48.5,50.20818050044273,0.0038393007653147234
168,182,94.7,35.6,90.0,0.0016666666666666668
168,183,94.7,32.3,90.0,0.0016666666666666668
168,184,94.7,21.2,90.0,0.0016666666666666668
168,185,57.76040542391538,47.6,62.61289249734605,0.002113100255104908
168,185,94.13959457608462,47.6,62.61289249734602,0.002113100255104908
168,186,57.2,45.2,90.0,0.0016666666666666668
168,186,94.7,45.2,90.0,0.0016666666666666668
168,187,57.2,27.8,90.0,0.0016666666666666668
168,187,94.7,27.8,90.0,0.0016666666666666668
168,188,57.2,22.1,90.0,0.0016666666666666668
168,188,94.7,22.1,90.0,0.0016666666666666668
168,189,57.2,18.2,90.0,0.0016666666666666668
168,189,94.7,18.2,90.0,0.0016666666666666668
168,190,57.2,14.600000000000001,90.0,0.0016666666666666668
168,190,94.7,14.6,90.0,0.0016666666666666668
168,191,94.7,24.5,90.0,0.0016666666666666668
168,192,94.7,14.9,90.0,0.0016666666666666668
168,193,94.7,10.1,90.0,0.0016666666666666668
168,194,94.7,11.3,90.0,0.0016666666666666668
168,195,94.7,10.4,90.0,0.0016666666666666668
168,196,94.7,5.3,90.0,0.0016666666666666668
168,197,94.7,17.6,90.0,0.0016666666666666668
168,198,94.7,23.9,90.0,0.0016666666666666668
168,199,84.8,50.3,90.0,0.0016666666666666668
168,200,85.1,50.3,90.0,0.0016666666666666668
168,201,81.76181760425085,50.3,34.9152062474443,0.004583347380960408
168,202,57.2250628144669,45.8,84.26082952273322,0.0018452401020419631
168,203,84.5,50.3,90.0,0.0016666666666666668
168,204,84.2,50.3,90.0,0.0016666666666666668
168,205,80.97486841740758,50.3,28.357636576327984,0.002291673690480204
168,208,57.2,38.9,90.0,0.0016666666666666668
168,209,57.2,44.3,90.0,0.0016666666666666668
168,210,68.3,50.3,90.0,0.0016666666666666668
168,211,66.8,50.3,90.0,0.0016666666666666668
168,212,67.1,50.3,90.0,0.0016666666666666668
168,213,67.4,50.3,90.0,0.0016666666666666668
168,214,67.7,50.3,90.0,0.0016666666666666668
168,215,68.0,50.3,90.0,0.0016666666666666668
168,216,65.6,50.3,90.0,0.0016666666666666668
168,220,57.2,41.6,90.0,0.0016666666666666668
168,221,57.2,36.5,90.0,0.0016666666666666668
168,222,75.8,50.3,90.0,0.0016666666666666668
168,223,76.1,50.3,90.0,0.0016666666666666668
168,224,76.4,50.3,90.0,0.0016666666666666668
168,225,77.3,50.3,90.0,0.0016666666666666668
168,229,74.39999999999999,50.3,73.73979529168805,0.0018452401020419631
168,249,57.2,15.5,90.0,0.0016666666666666668
168,249,94.7,15.5,90.0,0.0016666666666666668
168,250,57.2,43.7,90.0,0.0016666666666666668
168,251,57.2,41.0,90.0,0.0016666666666666668
168,251,94.7,41.0,90.0,0.0016666666666666668
168,252,57.2,38.0,90.0,0.0016666666666666668
168,252,94.7,38.0,90.0,0.0016666666666666668
168,253,57.2,32.9,90.0,0.0016666666666666668
168,253,94.7,32.9,90.0,0.0016666666666666668
168,254,57.2,24.8,90.0,0.0016666666666666668
168,254,94.7,24.8,90.0,0.0016666666666666668
169,182,94.1,35.6,90.0,0.0016666666666666668
169,183,94.1,32.3,90.0,0.0016666666666666668
169,184,94.1,21.2,90.0,0.0016666666666666668
169,186,58.426917629116744,45.2,54.549457360824505,0.002261892721081555
169,186,93.17308237088325,45.2,54.549457360824505,0.002261892721081555
169,187,57.5,27.8,90.0,0.0016666666666666668
169,187,94.1,27.8,90.0,0.0016666666666666668
169,188,57.5,22.1,90.0,0.0016666666666666668
169,188,94.1,22.1,90.0,0.0016666666666666668
169,189,57.5,18.2,90.0,0.0016666666666666668
169,189,94.1,18.2,90.0,0.0016666666666666668
169,190,57.5,14.600000000000001,90.0,0.0016666666666666668
169,190,94.1,14.6,90.0,0.0016666666666666668
169,191,94.1,24.5,90.0,0.0016666666666666668
169,192,94.1,14.9,90.0,0.0016666666666666668
169,193,94.1,10.1,90.0,0.0016666666666666668
169,194,94.1,11.3,90.0,0.0016666666666666668
169,195,94.1,10.4,90.0,0.0016666666666666668
169,196,94.1,5.3,90.0,0.0016666666666666668
169,197,94.1,17.6,90.0,0.0016666666666666668
169,198,94.1,23.9,90.0,0.0016666666666666668
169,199,84.8,47.3,90.0,0.0016666666666666668
169,200,85.1,47.3,90.0,0.0016666666666666668
169,201,83.77749935930288,47.3,77.29096700560461,0.0017857062584988146
169,202,58.929285785728574,45.8,45.572995999194305,0.005714293741501186
169,203,84.5,47.3,90.0,0.0016666666666666668
169,204,84.2,47.3,90.0,0.0016666666666666668
169,205,83.39999999999999,47.3,73.73979529168805,0.0018452401020419631
169,208,57.5,38.9,90.0,0.0016666666666666668
169,209,57.917424305044165,44.3,66.42182152179815,0.002916680714293742
169,210,68.3,47.3,90.0,0.0016666666666666668
169,211,66.8,47.3,90.0,0.0016666666666666668
169,212,67.1,47.3,90.0,0.0016666666666666668
169,213,67.4,47.3,90.0,0.0016666666666666668
169,214,67.7,47.3,90.0,0.0016666666666666668
169,215,68.0,47.3,90.0,0.0016666666666666668
169,216,65.6,47.3,90.0,0.0016666666666666668
169,220,57.5,41.6,90.0,0.0016666666666666668
169,221,57.5,36.5,90.0,0.0016666666666666668
169,222,75.8,47.3,90.0,0.0016666666666666668
169,223,76.1,47.3,90.0,0.0016666666666666668
169,224,76.4,47.3,90.0,0.0016666666666666668
169,225,77.3,47.3,90.0,0.0016666666666666668
169,229,74.6,47.3,90.0,0.0016666666666666668
169,249,57.5,15.5,90.0,0.0016666666666666668
169,249,94.1,15.5,90.0,0.0016666666666666668
169,250,57.7,43.7,73.73979529168798,0.0018452401020419631
169,251,57.5,41.0,90.0,0.0016666666666666668
169,251,94.1,41.0,90.0,0.0016666666666666668
169,252,57.5,38.0,90.0,0.0016666666666666668
169,252,94.1,38.0,90.0,0.0016666666666666668
169,253,57.5,32.9,90.0,0.0016666666666666668
169,253,94.1,32.9,90.0,0.0016666666666666668
169,254,57.5,24.8,90.0,0.0016666666666666668
169,254,94.1,24.8,90.0,0.0016666666666666668
170,182,93.8,35.6,90.0,0.0016666666666666668
170,183,93.8,32.3,90.0,0.0016666666666666668
170,184,93.8,21.2,90.0,0.0016666666666666668
170,187,57.8,27.8,90.0,0.0016666666666666668
170,187,93.8,27.8,90.0,0.0016666666666666668
170,188,57.8,22.1,90.0,0.0016666666666666668
170,188,93.8,22.1,90.0,0.0016666666666666668
170,189,57.8,18.2,90.0,0.0016666666666666668
170,189,93.8,18.2,90.0,0.0016666666666666668
170,190,57.8,14.600000000000001,90.0,0.0016666666666666668
170,190,93.8,14.6,90.0,0.0016666666666666668
170,191,93.8,24.5,90.0,0.0016666666666666668
170,192,93.8,14.9,90.0,0.0016666666666666668
170,193,93.8,10.1,90.0,0.0016666666666666668
170,194,93.8,11.3,90.0,0.0016666666666666668
170,195,93.8,10.4,90.0,0.0016666666666666668
170,196,93.8,5.3,90.0,0.0016666666666666668
170,197,93.8,17.6,90.0,0.0016666666666666668
170,198,93.8,23.9,90.0,0.0016666666666666668
170,199,84.8,43.1,90.0,0.0016666666666666668
170,200,85.1,43.1,90.0,0.0016666666666666668
170,201,83.9,43.1,90.0,0.0016666666666666668
170,202,82.73959457608461,43.1,62.61289249734602,0.002113100255104908
170,203,84.5,43.1,90.0,0.0016666666666666668
170,204,84.2,43.1,90.0,0.0016666666666666668
170,205,83.6,43.1,90.0,0.0016666666666666668
170,208,57.86441492829877,38.9,80.79310377865414,0.0018749929761864628
170,209,72.54961536185438,43.1,40.53580211131651,0.005833333333333334
170,210,68.3,43.1,90.0,0.0016666666666666668
170,211,66.8,43.1,90.0,0.0016666666666666668
170,212,67.1,43.1,90.0,0.0016666666666666668
170,213,67.4,43.1,90.0,0.0016666666666666668
170,214,67.7,43.1,90.0,0.0016666666666666668
170,215,68.0,43.1,90.0,0.0016666666666666668
170,216,65.6,43.1,90.0,0.0016666666666666668
170,220,59.22928578572857,41.6,45.572995999194305,0.005714293741501186
170,221,57.8,36.5,90.0,0.0016666666666666668
170,222,75.8,43.1,90.0,0.0016666666666666668
170,223,76.1,43.1,90.0,0.0016666666666666668
170,224,76.4,43.1,90.0,0.0016666666666666668
170,225,77.3,43.1,90.0,0.0016666666666666668
170,229,74.6,43.1,90.0,0.0016666666666666668
170,249,57.8,15.5,90.0,0.0016666666666666668
170,249,93.8,15.5,90.0,0.0016666666666666668
170,250,80.37486841740758,43.1,28.357636576327984,0.002291673690480204
170,251,58.726917629116734,41.0,54.549457360824626,0.002261892721081555
170,251,92.87308237088325,41.0,54.549457360824576,0.002261892721081555
170,252,57.8,38.0,90.0,0.0016666666666666668
170,252,93.8,38.0,90.0,0.0016666666666666668
170,253,57.8,32.9,90.0,0.0016666666666666668
170,253,93.8,32.9,90.0,0.0016666666666666668
170,254,57.8,24.8,90.0,0.0016666666666666668
170,254,93.8,24.8,90.0,0.0016666666666666668
171,182,93.5,35.6,90.0,0.0016666666666666668
171,183,93.5,32.3,90.0,0.0016666666666666668
171,184,93.5,21.2,90.0,0.0016666666666666668
171,187,58.1,27.8,90.0,0.0016666666666666668
171,187,93.5,27.8,90.0,0.0016666666666666668
171,188,58.1,22.1,90.0,0.0016666666666666668
171,188,93.5,22.1,90.0,0.0016666666666666668
171,189,58.1,18.2,90.0,0.0016666666666666668
171,189,93.5,18.2,90.0,0.0016666666666666668
171,190,58.1,14.600000000000001,90.0,0.0016666666666666668
171,190,93.5,14.6,90.0,0.0016666666666666668
171,191,93.5,24.5,90.0,0.0016666666666666668
171,192,93.5,14.9,90.0,0.0016666666666666668
171,193,93.5,10.1,90.0,0.0016666666666666668
171,194,93.5,11.3,90.0,0.0016666666666666668
171,195,93.5,10.4,90.0,0.0016666666666666668
171,196,93.5,5.3,90.0,0.0016666666666666668
171,197,93.5,17.6,90.0,0.0016666666666666668
171,198,93.5,23.9,90.0,0.0016666666666666668
171,199,84.8,40.7,90.0,0.0016666666666666668
171,200,85.1,40.7,90.0,0.0016666666666666668
171,201,83.9,40.7,90.0,0.0016666666666666668
171,202,83.3,40.7,90.0,0.0016666666666666668
171,203,84.5,40.7,90.0,0.0016666666666666668
171,204,84.2,40.7,90.0,0.0016666666666666668
171,205,83.6,40.7,90.0,0.0016666666666666668
171,208,59.25812545754029,38.9,50.20818050044284,0.0038393007653147234
171,209,74.1,40.7,73.73979529168798,0.0018452401020419631
171,210,68.3,40.7,90.0,0.0016666666666666668
171,211,66.8,40.7,90.0,0.0016666666666666668
171,212,67.1,40.7,90.0,0.0016666666666666668
171,213,67.4,40.7,90.0,0.0016666666666666668
171,214,67.7,40.7,90.0,0.0016666666666666668
171,215,68.0,40.7,90.0,0.0016666666666666668
171,216,65.6,40.7,90.0,0.0016666666666666668
171,220,63.16181760425083,40.7,34.91520624744412,0.004583347380960408
171,221,58.164414928298775,36.5,80.79310377865414,0.0018749929761864628
171,222,75.8,40.7,90.0,0.0016666666666666668
171,223,76.1,40.7,90.0,0.0016666666666666668
171,224,76.4,40.7,90.0,0.0016666666666666668
171,225,77.3,40.7,90.0,0.0016666666666666668
171,229,74.6,40.7,90.0,0.0016666666666666668
171,249,58.1,15.5,90.0,0.0016666666666666668
171,249,93.5,15.5,90.0,0.0016666666666666668
171,250,82.58257569495584,40.7,66.42182152179815,0.002916680714293742
171,252,58.66040542391538,38.0,62.61289249734613,0.002113100255104908
171,252,92.93959457608463,38.0,62.61289249734616,0.002113100255104908
171,253,58.1,32.9,90.0,0.0016666666666666668
171,253,93.5,32.9,90.0,0.0016666666666666668
171,254,58.1,24.8,90.0,0.0016666666666666668
171,254,93.5,24.8,90.0,0.0016666666666666668
172,182,86.0,29.6,90.0,0.0016666666666666668
172,183,69.46040542391539,29.6,62.61289249734602,0.002113100255104908
172,184,93.2,21.2,90.0,0.0016666666666666668
172,187,59.558125457540285,27.8,50.2081805004428,0.0038393007653147234
172,187,92.04187454245971,27.8,50.20818050044275,0.0038393007653147234
172,188,58.4,22.1,90.0,0.0016666666666666668
172,188,93.2,22.1,90.0,0.0016666666666666668
172,189,58.4,18.2,90.0,0.0016666666666666668
172,189,93.2,18.2,90.0,0.0016666666666666668
172,190,58.4,14.6,90.0,0.0016666666666666668
172,190,93.2,14.6,90.0,0.0016666666666666668
172,191,93.2,24.5,90.0,0.0016666666666666668
172,192,93.2,14.9,90.0,0.0016666666666666668
172,193,93.2,10.1,90.0,0.0016666666666666668
172,194,93.2,11.3,90.0,0.0016666666666666668
172,195,93.2,10.4,90.0,0.0016666666666666668
172,196,93.2,5.3,90.0,0.0016666666666666668
172,197,93.2,17.6,90.0,0.0016666666666666668
172,198,93.2,23.9,90.0,0.0016666666666666668
172,199,84.8,29.6,90.0,0.0016666666666666668
172,200,85.1,29.6,90.0,0.0016666666666666668
172,201,83.9,29.6,90.0,0.0016666666666666668
172,202,83.3,29.6,90.0,0.0016666666666666668
172,203,84.5,29.6,90.0,0.0016666666666666668
172,204,84.2,29.6,90.0,0.0016666666666666668
172,205,83.6,29.6,90.0,0.0016666666666666668
172,208,74.0,29.6,90.0,0.0016666666666666668
172,209,74.3,29.6,90.0,0.0016666666666666668
172,210,68.3,29.6,90.0,0.0016666666666666668
172,211,66.8,29.6,90.0,0.0016666666666666668
172,212,67.1,29.6,90.0,0.0016666666666666668
172,213,67.4,29.6,90.0,0.0016666666666666668
172,214,67.7,29.6,90.0,0.0016666666666666668
172,215,68.0,29.6,90.0,0.0016666666666666668
172,216,65.6,29.6,90.0,0.0016666666666666668
172,220,65.3,29.6,90.0,0.0016666666666666668
172,221,65.0,29.6,90.0,0.0016666666666666668
172,222,75.8,29.6,90.0,0.0016666666666666668
172,223,76.1,29.6,90.0,0.0016666666666666668
172,224,76.4,29.6,90.0,0.0016666666666666668
172,225,77.3,29.6,90.0,0.0016666666666666668
172,229,74.6,29.6,90.0,0.0016666666666666668
172,249,58.4,15.5,90.0,0.0016666666666666668
172,249,93.2,15.5,90.0,0.0016666666666666668
172,250,83.0,29.6,90.0,0.0016666666666666668
172,254,58.40400160128128,24.8,87.70755722404412,0.0018749929761864628
172,254,93.19599839871873,24.8,87.70755722404412,0.0018749929761864628
173,182,86.0,18.8,90.0,0.0016666666666666668
173,183,68.9,18.8,90.0,0.0016666666666666668
173,184,69.92916869918747,18.8,58.667748502405765,0.00199406066327276
173,189,61.32513158259242,18.2,28.357636576327984,0.002291673690480204
173,189,90.27486841740759,18.2,28.357636576327984,0.002291673690480204
173,190,58.76441492829878,14.6,80.79310377865411,0.0018749929761864628
173,190,92.83558507170123,14.6,80.79310377865411,0.0018749929761864628
173,191,86.6,18.8,90.0,0.0016666666666666668
173,192,92.77749935930288,14.9,77.29096700560456,0.0017857062584988146
173,193,92.9,10.1,90.0,0.0016666666666666668
173,194,92.9,11.3,90.0,0.0016666666666666668
173,195,92.9,10.4,90.0,0.0016666666666666668
173,196,92.9,5.3,90.0,0.0016666666666666668
173,197,91.14961536185439,17.6,40.535802111316535,0.005833333333333334
173,198,86.9,18.8,90.0,0.0016666666666666668
173,199,84.8,18.8,90.0,0.0016666666666666668
173,200,85.1,18.8,90.0,0.0016666666666666668
173,201,83.9,18.8,90.0,0.0016666666666666668
173,202,83.3,18.8,90.0,0.0016666666666666668
173,203,84.5,18.8,90.0,0.0016666666666666668
173,204,84.2,18.8,90.0,0.0016666666666666668
173,205,83.6,18.8,90.0,0.0016666666666666668
173,208,74.0,18.8,90.0,0.0016666666666666668
173,209,74.3,18.8,90.0,0.0016666666666666668
173,210,68.3,18.8,90.0,0.0016666666666666668
173,211,66.8,18.8,90.0,0.0016666666666666668
173,212,67.1,18.8,90.0,0.0016666666666666668
173,213,67.4,18.8,90.0,0.0016666666666666668
173,214,67.7,18.8,90.0,0.0016666666666666668
173,215,68.0,18.8,90.0,0.0016666666666666668
173,216,65.6,18.8,90.0,0.0016666666666666668
173,220,65.3,18.8,90.0,0.0016666666666666668
173,221,65.0,18.8,90.0,0.0016666666666666668
173,222,75.8,18.8,90.0,0.0016666666666666668
173,223,76.1,18.8,90.0,0.0016666666666666668
173,224,76.4,18.8,90.0,0.0016666666666666668
173,225,77.3,18.8,90.0,0.0016666666666666668
173,229,74.6,18.8,90.0,0.0016666666666666668
173,249,58.997872821796506,15.5,70.12312592992117,0.0033035804591888336
173,249,92.6021271782035,15.5,70.12312592992117,0.0033035804591888336
173,250,83.0,18.8,90.0,0.0016666666666666668
174,182,86.0,12.8,90.0,0.0016666666666666668
174,183,68.9,12.8,90.0,0.0016666666666666668
174,184,69.2,12.8,90.0,0.0016666666666666668
174,191,86.6,12.8,90.0,0.0016666666666666668
174,192,88.10857783013266,12.77406761018561,60.75139489444047,0.0018452401020419631
174,193,92.05004592599026,10.079712976797161,68.03747978651666,0.0031250070238135375
174,194,91.17071421427141,11.3,45.57299599919425,0.005714293741501186
174,195,91.87083130081251,10.4,58.6677485024057,0.00199406066327276
174,196,92.6,5.3,90.0,0.0016666666666666668
174,197,69.50400160128129,12.8,87.70755722404412,0.0018749929761864628
174,198,86.9,12.8,90.0,0.0016666666666666668
174,199,84.8,12.8,90.0,0.0016666666666666668
174,200,85.1,12.8,90.0,0.0016666666666666668
174,201,83.9,12.8,90.0,0.0016666666666666668
174,202,83.3,12.8,90.0,0.0016666666666666668
174,203,84.5,12.8,90.0,0.0016666666666666668
174,204,84.2,12.8,90.0,0.0016666666666666668
174,205,83.6,12.8,90.0,0.0016666666666666668
174,208,74.0,12.8,90.0,0.0016666666666666668
174,209,74.3,12.8,90.0,0.0016666666666666668
174,210,68.3,12.8,90.0,0.0016666666666666668
174,211,66.8,12.8,90.0,0.0016666666666666668
174,212,67.1,12.8,90.0,0.0016666666666666668
174,213,67.4,12.8,90.0,0.0016666666666666668
174,214,67.7,12.8,90.0,0.0016666666666666668
174,215,68.0,12.8,90.0,0.0016666666666666668
174,216,65.6,12.8,90.0,0.0016666666666666668
174,220,65.3,12.8,90.0,0.0016666666666666668
174,221,65.0,12.8,90.0,0.0016666666666666668
174,222,75.8,12.8,90.0,0.0016666666666666668
174,223,76.1,12.8,90.0,0.0016666666666666668
174,224,76.4,12.8,90.0,0.0016666666666666668
174,225,77.3,12.8,90.0,0.0016666666666666668
174,229,74.6,12.8,90.0,0.0016666666666666668
174,250,83.0,12.8,90.0,0.0016666666666666668
175,182,86.0,8.3,90.0,0.0016666666666666668
175,183,68.9,8.3,90.0,0.0016666666666666668
175,184,69.2,8.3,90.0,0.0016666666666666668
175,191,86.6,8.3,90.0,0.0016666666666666668
175,192,87.2,8.3,90.0,0.0016666666666666668
175,193,88.53433788033091,8.145246123488485,66.7714411459003,0.002916680714293742
175,196,91.88257569495585,5.3,66.42182152179822,0.002916680714293742
175,197,69.5,8.3,90.0,0.0016666666666666668
175,198,86.9,8.3,90.0,0.0016666666666666668
175,199,84.8,8.3,90.0,0.0016666666666666668
175,200,85.1,8.3,90.0,0.0016666666666666668
175,201,83.9,8.3,90.0,0.0016666666666666668
175,202,83.3,8.3,90.0,0.0016666666666666668
175,203,84.5,8.3,90.0,0.0016666666666666668
175,204,84.2,8.3,90.0,0.0016666666666666668
175,205,83.6,8.3,90.0,0.0016666666666666668
175,208,74.0,8.3,90.0,0.0016666666666666668
175,209,74.3,8.3,90.0,0.0016666666666666668
175,210,68.3,8.3,90.0,0.0016666666666666668
175,211,66.8,8.3,90.0,0.0016666666666666668
175,212,67.1,8.3,90.0,0.0016666666666666668
175,213,67.4,8.3,90.0,0.0016666666666666668
175,214,67.7,8.3,90.0,0.0016666666666666668
175,215,68.0,8.3,90.0,0.0016666666666666668
175,216,65.6,8.3,90.0,0.0016666666666666668
175,220,65.3,8.3,90.0,0.0016666666666666668
175,221,65.0,8.3,90.0,0.0016666666666666668
175,222,75.8,8.3,90.0,0.0016666666666666668
175,223,76.1,8.3,90.0,0.0016666666666666668
175,224,76.4,8.3,90.0,0.0016666666666666668
175,225,77.3,8.3,90.0,0.0016666666666666668
175,229,74.6,8.3,90.0,0.0016666666666666668
175,250,83.0,8.3,90.0,0.0016666666666666668
176,182,86.0,5.0,90.0,0.0016666666666666668
176,183,68.9,5.0,90.0,0.0016666666666666668
176,184,69.2,5.0,90.0,0.0016666666666666668
176,191,86.6,5.0,90.0,0.0016666666666666668
176,192,87.2,4.995998398718719,87.70755722404408,0.0018749929761864628
176,193,87.5,4.9749371855331,84.26082952273322,0.0018452401020419631
176,197,69.5,5.0,90.0,0.0016666666666666668
176,198,86.9,5.0,90.0,0.0016666666666666668
176,199,84.8,5.0,90.0,0.0016666666666666668
176,200,85.1,5.0,90.0,0.0016666666666666668
176,201,83.9,5.0,90.0,0.0016666666666666668
176,202,83.3,5.0,90.0,0.0016666666666666668
176,203,84.5,5.0,90.0,0.0016666666666666668
176,204,84.2,5.0,90.0,0.0016666666666666668
176,205,83.6,5.0,90.0,0.0016666666666666668
176,208,74.0,5.0,90.0,0.0016666666666666668
176,209,74.3,5.0,90.0,0.0016666666666666668
176,210,68.3,5.0,90.0,0.0016666666666666668
176,211,66.8,5.0,90.0,0.0016666666666666668
176,212,67.1,5.0,90.0,0.0016666666666666668
176,213,67.4,5.0,90.0,0.0016666666666666668
176,214,67.7,5.0,90.0,0.0016666666666666668
176,215,68.0,5.0,90.0,0.0016666666666666668
176,216,65.6,5.0,90.0,0.0016666666666666668
176,220,65.3,4.995998398718719,87.70755722404408,0.0018749929761864628
176,221,65.0,4.9749371855331,84.26082952273322,0.0018452401020419631
176,222,75.8,5.0,90.0,0.0016666666666666668
176,223,76.1,5.0,90.0,0.0016666666666666668
176,224,76.4,5.0,90.0,0.0016666666666666668
176,225,77.3,5.0,90.0,0.0016666666666666668
176,229,74.6,5.0,90.0,0.0016666666666666668
176,250,83.0,5.0,90.0,0.0016666666666666668
177,182,94.4,35.6,90.0,0.0016666666666666668
177,183,94.4,32.3,90.0,0.0016666666666666668
177,184,94.4,21.2,90.0,0.0016666666666666668
177,185,92.26181760425084,47.6,34.91520624744412,0.004583347380960408
177,186,94.1021271782035,45.2,70.12312592992113,0.0033035804591888336
177,187,94.4,27.8,90.0,0.0016666666666666668
177,188,94.4,22.1,90.0,0.0016666666666666668
177,189,94.4,18.2,90.0,0.0016666666666666668
177,190,46.4,48.5,90.0,0.0016666666666666668
177,190,94.4,14.6,90.0,0.0016666666666666668
177,191,94.4,24.5,90.0,0.0016666666666666668
177,192,94.4,14.9,90.0,0.0016666666666666668
177,193,94.4,10.1,90.0,0.0016666666666666668
177,194,94.4,11.3,90.0,0.0016666666666666668
177,195,94.4,10.4,90.0,0.0016666666666666668
177,196,94.4,5.3,90.0,0.0016666666666666668
177,197,94.4,17.6,90.0,0.0016666666666666668
177,198,94.4,23.9,90.0,0.0016666666666666668
177,199,84.8,48.5,90.0,0.0016666666666666668
177,200,85.1,48.5,90.0,0.0016666666666666668
177,201,15.760405423915373,48.5,62.612892497346145,0.002113100255104908
177,201,83.33959457608464,48.5,62.61289249734616,0.002113100255104908
177,203,39.5,48.5,90.0,0.0016666666666666668
177,203,84.5,48.5,90.0,0.0016666666666666668
177,204,39.8,48.5,90.0,0.0016666666666666668
177,204,84.2,48.5,90.0,0.0016666666666666668
177,205,40.82916869918748,48.5,58.66774850240573,0.00199406066327276
177,205,82.87083130081251,48.5,58.667748502405686,0.00199406066327276
177,206,56.6,48.5,90.0,0.0016666666666666668
177,207,48.8,48.5,90.0,0.0016666666666666668
177,210,68.3,48.5,90.0,0.0016666666666666668
177,211,66.8,48.5,90.0,0.0016666666666666668
177,212,67.1,48.5,90.0,0.0016666666666666668
177,213,67.4,48.5,90.0,0.0016666666666666668
177,214,67.7,48.5,90.0,0.0016666666666666668
177,215,68.0,48.5,90.0,0.0016666666666666668
177,216,65.6,48.5,90.0,0.0016666666666666668
177,222,75.8,48.5,90.0,0.0016666666666666668
177,223,76.1,48.5,90.0,0.0016666666666666668
177,224,76.4,48.5,90.0,0.0016666666666666668
177,225,77.3,48.5,90.0,0.0016666666666666668
177,229,14.900000000000006,48.5,90.0,0.0016666666666666668
177,229,74.6,48.5,90.0,0.0016666666666666668
177,232,14.0,48.5,90.0,0.0016666666666666668
177,233,11.0,48.5,90.0,0.0016666666666666668
177,234,11.299999999999997,48.5,90.0,0.0016666666666666668
177,235,11.599999999999994,48.5,90.0,0.0016666666666666668
177,236,11.900000000000006,48.5,90.0,0.0016666666666666668
177,237,12.200000000000003,48.5,90.0,0.0016666666666666668
177,238,12.5,48.5,90.0,0.0016666666666666668
177,239,12.799999999999997,48.5,90.0,0.0016666666666666668
177,240,13.099999999999994,48.5,90.0,0.0016666666666666668
177,245,20.0,48.5,90.0,0.0016666666666666668
177,248,30.200000000000003,48.5,90.0,0.0016666666666666668
177,249,94.4,15.5,90.0,0.0016666666666666668
177,251,94.4,41.0,90.0,0.0016666666666666668
177,252,94.4,38.0,90.0,0.0016666666666666668
177,253,94.4,32.9,90.0,0.0016666666666666668
177,254,94.4,24.8,90.0,0.0016666666666666668
178,190,114.5,14.600000000000001,90.0,0.0016666666666666668
178,191,114.5,24.5,90.0,0.0016666666666666668
178,192,114.5,14.899999999999999,90.0,0.0016666666666666668
178,193,114.5,10.09599839871872,87.70755722404408,0.0018749929761864628
178,194,114.5,11.299999999999997,90.0,0.0016666666666666668
178,195,114.5,10.400000000000006,90.0,0.0016666666666666668
178,196,114.5,5.274937185533091,84.2608295227332,0.0018452401020419631
178,197,114.5,17.6,90.0,0.0016666666666666668
178,198,114.5,23.9,90.0,0.0016666666666666668
179,190,113.3,14.6,90.0,0.0016666666666666668
179,191,113.3,24.5,90.0,0.0016666666666666668
179,192,113.3,14.9,90.0,0.0016666666666666668
179,193,113.3,10.1,90.0,0.0016666666666666668
179,194,113.3,11.3,90.0,0.0016666666666666668
179,195,113.3,10.4,90.0,0.0016666666666666668
179,196,113.3,5.3,90.0,0.0016666666666666668
179,197,113.3,17.6,90.0,0.0016666666666666668
179,198,113.3,23.9,90.0,0.0016666666666666668
179,206,81.2,84.5,90.0,0.0016666666666666668
179,225,81.2,91.27749935930288,77.29096700560461,0.0017857062584988146
180,190,46.4,59.9,90.0,0.0016666666666666668
180,190,112.7,14.6,90.0,0.0016666666666666668
180,191,112.7,24.5,90.0,0.0016666666666666668
180,192,112.7,14.9,90.0,0.0016666666666666668
180,193,112.7,10.1,90.0,0.0016666666666666668
180,194,112.7,11.3,90.0,0.0016666666666666668
180,195,112.7,10.4,90.0,0.0016666666666666668
180,196,112.7,5.3,90.0,0.0016666666666666668
180,197,112.7,17.6,90.0,0.0016666666666666668
180,198,112.7,23.9,90.0,0.0016666666666666668
180,199,84.07083130081253,59.9,58.667748502405765,0.00199406066327276
180,200,85.1,59.9,90.0,0.0016666666666666668
180,206,56.6,59.9,90.0,0.0016666666666666668
180,207,48.8,59.9,90.0,0.0016666666666666668
180,210,68.3,59.9,90.0,0.0016666666666666668
180,211,66.8,59.9,90.0,0.0016666666666666668
180,212,67.1,59.9,90.0,0.0016666666666666668
180,213,67.3749371855331,59.9,84.26082952273329,0.0018452401020419631
180,214,67.7,59.9,90.0,0.0016666666666666668
180,215,68.0,59.9,90.0,0.0016666666666666668
180,216,65.53558507170122,59.9,80.79310377865406,0.0018749929761864628
180,222,75.8,59.9,90.0,0.0016666666666666668
180,223,76.1,59.9,90.0,0.0016666666666666668
180,224,76.4,59.9,90.0,0.0016666666666666668
180,225,77.3,59.9,90.0,0.0016666666666666668
180,232,14.0,60.02250064069712,77.29096700560459,0.0017857062584988146
180,233,10.1,77.09981053711934,34.91520624744427,0.004583347380960408
180,233,11.0,62.03818239574915,34.915206247444324,0.004583347380960408
180,234,10.1,76.58760829472287,40.53580211131655,0.005833333333333334
180,234,11.3,61.65038463814561,40.53580211131667,0.005833333333333334
180,235,10.1,78.10870714713991,45.57299599919425,0.005714293741501186
180,235,11.6,61.32928578572857,45.57299599919436,0.005714293741501186
180,236,10.1,74.7798674753282,50.20818050044275,0.0038393007653147234
180,236,11.9,61.058125457540285,50.20818050044286,0.0038393007653147234
180,237,10.1,78.9201325246718,50.20818050044274,0.0038393007653147234
180,237,12.2,60.826917629116735,54.54945736082465,0.002261892721081555
180,238,10.1,77.39129285286008,45.57299599919436,0.005714293741501186
180,238,12.5,60.629168699187474,58.667748502405786,0.00199406066327276
180,239,10.1,77.41239170527713,40.535802111316535,0.005833333333333334
180,239,12.8,60.460405423915375,62.612892497346145,0.002113100255104908
180,240,10.1,75.10018946288066,34.91520624744427,0.004583347380960408
180,240,13.1,60.317424305044156,66.42182152179822,0.002916680714293742
180,245,20.0,59.9,90.0,0.0016666666666666668
180,248,30.200000000000003,59.9,90.0,0.0016666666666666668
181,190,46.4,61.7,90.0,0.0016666666666666668
181,190,113.0,14.6,90.0,0.0016666666666666668
181,191,113.0,24.5,90.0,0.0016666666666666668
181,192,113.0,14.9,90.0,0.0016666666666666668
181,193,113.0,10.1,90.0,0.0016666666666666668
181,194,113.0,11.3,90.0,0.0016666666666666668
181,195,113.0,10.4,90.0,0.0016666666666666668
181,196,113.0,5.3,90.0,0.0016666666666666668
181,197,113.0,17.6,90.0,0.0016666666666666668
181,198,113.0,23.9,90.0,0.0016666666666666668
181,199,82.17486841740757,61.7,28.357636576327803,0.002291673690480204
181,200,85.1,61.7,90.0,0.0016666666666666668
181,206,56.6,61.7,90.0,0.0016666666666666668
181,207,48.8,61.7,90.0,0.0016666666666666668
181,210,68.3,61.7,90.0,0.0016666666666666668
181,211,66.8,61.7,90.0,0.0016666666666666668
181,212,67.1,61.7,90.0,0.0016666666666666668
181,213,66.83959457608464,61.7,62.61289249734616,0.002113100255104908
181,214,67.63558507170123,61.7,80.79310377865414,0.0018749929761864628
181,215,67.7021271782035,61.7,70.12312592992113,0.0033035804591888336
181,216,64.87083130081251,61.7,58.66774850240561,0.00199406066327276
181,222,75.8,61.7,90.0,0.0016666666666666668
181,223,76.1,61.7,90.0,0.0016666666666666668
181,224,76.4,61.7,90.0,0.0016666666666666668
181,225,77.3,61.7,90.0,0.0016666666666666668
181,232,14.0,61.900000000000006,73.73979529168803,0.0018452401020419631
181,233,10.4,76.61286135027608,28.357636576327977,0.002291673690480204
181,233,11.0,64.32513158259242,28.357636576327977,0.002291673690480204
181,234,10.4,76.19981053711933,34.91520624744427,0.004583347380960408
181,234,11.3,63.838182395749165,34.9152062474442,0.004583347380960408
181,235,10.4,77.78760829472287,40.535802111316535,0.005833333333333334
181,235,11.6,63.45038463814562,40.535802111316535,0.005833333333333334
181,236,10.4,74.50870714713992,45.57299599919425,0.005714293741501186
181,236,11.9,63.12928578572858,45.572995999194305,0.005714293741501186
181,237,10.4,78.6798674753282,50.20818050044274,0.0038393007653147234
181,237,12.2,62.8581254575403,50.20818050044274,0.0038393007653147234
181,238,10.4,77.1201325246718,50.20818050044275,0.0038393007653147234
181,238,12.5,62.62691762911675,54.549457360824555,0.002261892721081555
181,239,10.4,77.09129285286008,45.57299599919436,0.005714293741501186
181,239,12.8,62.42916869918748,58.667748502405736,0.00199406066327276
181,240,10.4,74.71239170527713,40.53580211131655,0.005833333333333334
181,240,13.1,62.26040542391538,62.612892497346095,0.002113100255104908
181,245,20.0,61.7,90.0,0.0016666666666666668
181,248,30.200000000000003,61.7,90.0,0.0016666666666666668
182,183,86.2978728217965,32.3,70.1231259299212,0.0033035804591888336
182,184,86.0,21.2,90.0,0.0016666666666666668
182,187,86.0,27.8,90.0,0.0016666666666666668
182,188,86.0,22.1,90.0,0.0016666666666666668
182,189,86.0,18.2,90.0,0.0016666666666666668
182,190,86.0,14.600000000000001,90.0,0.0016666666666666668
182,190,111.8,14.6,90.0,0.0016666666666666668
182,191,111.8,24.5,90.0,0.0016666666666666668
182,192,111.8,14.9,90.0,0.0016666666666666668
182,193,111.8,10.1,90.0,0.0016666666666666668
182,194,86.0,11.3,90.0,0.0016666666666666668
182,194,111.8,11.3,90.0,0.0016666666666666668
182,195,86.0,10.399999999999999,90.0,0.0016666666666666668
182,195,111.8,10.4,90.0,0.0016666666666666668
182,196,86.0,5.300000000000001,90.0,0.0016666666666666668
182,196,111.8,5.3,90.0,0.0016666666666666668
182,197,86.0,17.6,90.0,0.0016666666666666668
182,197,111.8,17.6,90.0,0.0016666666666666668
182,198,111.8,23.9,90.0,0.0016666666666666668
182,249,86.0,15.5,90.0,0.0016666666666666668
182,251,102.5,35.6,90.0,0.0016666666666666668
182,252,101.47083130081252,35.6,58.667748502405686,0.00199406066327276
182,253,86.56040542391537,32.9,62.61289249734616,0.002113100255104908
182,254,86.0,24.8,90.0,0.0016666666666666668
183,187,68.92506281446691,27.8,84.26082952273316,0.0018452401020419631
183,188,68.9,22.1,90.0,0.0016666666666666668
183,189,68.9,18.2,90.0,0.0016666666666666668
183,190,68.9,14.6,90.0,0.0016666666666666668
183,190,111.5,14.6,90.0,0.0016666666666666668
183,191,111.5,24.5,90.0,0.0016666666666666668
183,192,111.5,14.9,90.0,0.0016666666666666668
183,193,111.5,10.1,90.0,0.0016666666666666668
183,194,68.9,11.3,90.0,0.0016666666666666668
183,194,111.5,11.3,90.0,0.0016666666666666668
183,195,68.9,10.399999999999999,90.0,0.0016666666666666668
183,195,111.5,10.4,90.0,0.0016666666666666668
183,196,68.9,5.300000000000001,90.0,0.0016666666666666668
183,196,111.5,5.3,90.0,0.0016666666666666668
183,197,111.5,17.6,90.0,0.0016666666666666668
183,198,111.5,23.9,90.0,0.0016666666666666668
183,199,84.8,32.3,90.0,0.0016666666666666668
183,200,85.1,32.3,90.0,0.0016666666666666668
183,201,83.9,32.3,90.0,0.0016666666666666668
183,202,83.3,32.3,90.0,0.0016666666666666668
183,203,84.5,32.3,90.0,0.0016666666666666668
183,204,84.2,32.3,90.0,0.0016666666666666668
183,205,83.6,32.3,90.0,0.0016666666666666668
183,208,74.0,32.3,90.0,0.0016666666666666668
183,209,74.3,32.3,90.0,0.0016666666666666668
183,222,75.8,32.3,90.0,0.0016666666666666668
183,223,76.1,32.3,90.0,0.0016666666666666668
183,224,76.4,32.3,90.0,0.0016666666666666668
183,225,77.3,32.3,90.0,0.0016666666666666668
183,229,74.6,32.3,90.0,0.0016666666666666668
183,249,68.9,15.5,90.0,0.0016666666666666668
183,250,83.0,32.3,90.0,0.0016666666666666668
183,251,102.5,32.3,90.0,0.0016666666666666668
183,252,102.2,32.3,90.0,0.0016666666666666668
183,253,99.27486841740759,32.3,28.357636576327984,0.002291673690480204
183,254,68.9,24.8,90.0,0.0016666666666666668
184,189,69.61742430504415,18.2,66.42182152179822,0.002916680714293742
184,190,69.2,14.6,90.0,0.0016666666666666668
184,190,110.6,14.6,90.0,0.0016666666666666668
184,191,86.8978728217965,21.2,70.12312592992117,0.0033035804591888336
184,192,110.6,14.9,90.0,0.0016666666666666668
184,193,110.6,10.1,90.0,0.0016666666666666668
184,194,69.2,11.3,90.0,0.0016666666666666668
184,194,110.6,11.3,90.0,0.0016666666666666668
184,195,69.2,10.4,90.0,0.0016666666666666668
184,195,110.6,10.4,90.0,0.0016666666666666668
184,196,69.2,5.300000000000001,90.0,0.0016666666666666668
184,196,110.6,5.3,90.0,0.0016666666666666668
184,197,110.39999999999999,17.6,73.73979529168801,0.0018452401020419631
184,198,87.46040542391538,21.2,62.61289249734613,0.002113100255104908
184,199,84.8,21.2,90.0,0.0016666666666666668
184,200,85.1,21.2,90.0,0.0016666666666666668
184,201,83.9,21.2,90.0,0.0016666666666666668
184,202,83.3,21.2,90.0,0.0016666666666666668
184,203,84.5,21.2,90.0,0.0016666666666666668
184,204,84.2,21.2,90.0,0.0016666666666666668
184,205,83.6,21.2,90.0,0.0016666666666666668
184,208,74.0,21.195998398718718,87.70755722404408,0.0018749929761864628
184,209,74.3,21.2,90.0,0.0016666666666666668
184,222,75.8,21.2,90.0,0.0016666666666666668
184,223,76.1,21.2,90.0,0.0016666666666666668
184,224,76.4,21.2,90.0,0.0016666666666666668
184,225,77.3,21.2,90.0,0.0016666666666666668
184,229,74.6,21.2,90.0,0.0016666666666666668
184,249,69.2,15.5,90.0,0.0016666666666666668
184,250,83.0,21.2,90.0,0.0016666666666666668
184,251,102.5,21.2,90.0,0.0016666666666666668
184,252,102.2,21.2,90.0,0.0016666666666666668
184,253,101.9,21.2,90.0,0.0016666666666666668
184,254,101.39999999999999,21.2,73.73979529168805,0.0018452401020419631
185,190,46.4,47.6,90.0,0.0016666666666666668
185,190,112.4,14.6,90.0,0.0016666666666666668
185,191,112.4,24.5,90.0,0.0016666666666666668
185,192,112.4,14.9,90.0,0.0016666666666666668
185,193,112.4,10.1,90.0,0.0016666666666666668
185,194,112.4,11.3,90.0,0.0016666666666666668
185,195,112.4,10.4,90.0,0.0016666666666666668
185,196,112.4,5.3,90.0,0.0016666666666666668
185,197,112.4,17.6,90.0,0.0016666666666666668
185,198,112.4,23.9,90.0,0.0016666666666666668
185,199,84.8,47.6,90.0,0.0016666666666666668
185,200,85.1,47.6,90.0,0.0016666666666666668
185,201,15.400000000000006,47.6,73.73979529168804,0.0018452401020419631
185,201,83.7,47.6,73.73979529168805,0.0018452401020419631
185,203,39.5,47.6,90.0,0.0016666666666666668
185,203,84.5,47.6,90.0,0.0016666666666666668
185,204,39.8,47.6,90.0,0.0016666666666666668
185,204,84.2,47.6,90.0,0.0016666666666666668
185,205,40.3978728217965,47.6,70.12312592992117,0.0033035804591888336
185,205,83.30212717820349,47.6,70.12312592992113,0.0033035804591888336
185,206,56.6,47.6,90.0,0.0016666666666666668
185,207,48.8,47.6,90.0,0.0016666666666666668
185,210,68.3,47.6,90.0,0.0016666666666666668
185,211,66.8,47.6,90.0,0.0016666666666666668
185,212,67.1,47.6,90.0,0.0016666666666666668
185,213,67.4,47.6,90.0,0.0016666666666666668
185,214,67.7,47.6,90.0,0.0016666666666666668
185,215,68.0,47.6,90.0,0.0016666666666666668
185,216,65.6,47.6,90.0,0.0016666666666666668
185,222,75.8,47.6,90.0,0.0016666666666666668
185,223,76.1,47.6,90.0,0.0016666666666666668
185,224,76.4,47.6,90.0,0.0016666666666666668
185,225,77.3,47.6,90.0,0.0016666666666666668
185,229,14.900000000000006,47.6,90.0,0.0016666666666666668
185,229,74.6,47.6,90.0,0.0016666666666666668
185,232,14.0,47.6,90.0,0.0016666666666666668
185,233,11.0,47.59599839871872,87.70755722404412,0.0018749929761864628
185,234,11.299999999999997,47.6,90.0,0.0016666666666666668
185,235,11.599999999999994,47.6,90.0,0.0016666666666666668
185,236,11.900000000000006,47.6,90.0,0.0016666666666666668
185,237,12.200000000000003,47.6,90.0,0.0016666666666666668
185,238,12.5,47.6,90.0,0.0016666666666666668
185,239,12.799999999999997,47.6,90.0,0.0016666666666666668
185,240,13.099999999999994,47.6,90.0,0.0016666666666666668
185,245,20.0,47.6,90.0,0.0016666666666666668
185,248,30.200000000000003,47.6,90.0,0.0016666666666666668
186,190,46.4,45.2,90.0,0.0016666666666666668
186,190,112.1,14.6,90.0,0.0016666666666666668
186,191,112.1,24.5,90.0,0.0016666666666666668
186,192,112.1,14.9,90.0,0.0016666666666666668
186,193,112.1,10.1,90.0,0.0016666666666666668
186,194,112.1,11.3,90.0,0.0016666666666666668
186,195,112.1,10.4,90.0,0.0016666666666666668
186,196,112.1,5.3,90.0,0.0016666666666666668
186,197,112.1,17.6,90.0,0.0016666666666666668
186,198,112.1,23.9,90.0,0.0016666666666666668
186,199,84.8,45.2,90.0,0.0016666666666666668
186,200,85.1,45.2,90.0,0.0016666666666666668
186,201,15.200000000000003,45.2,90.0,0.0016666666666666668
186,201,83.9,45.2,90.0,0.0016666666666666668
186,202,34.02513158259244,45.2,28.35763657632773,0.002291673690480204
186,202,80.67486841740757,45.2,28.357636576327803,0.002291673690480204
186,203,39.5,45.2,90.0,0.0016666666666666668
186,203,84.5,45.2,90.0,0.0016666666666666668
186,204,39.8,45.2,90.0,0.0016666666666666668
186,204,84.2,45.2,90.0,0.0016666666666666668
186,205,40.099999999999994,45.2,90.0,0.0016666666666666668
186,205,83.6,45.2,90.0,0.0016666666666666668
186,206,56.6,45.2,90.0,0.0016666666666666668
186,207,48.8,45.2,90.0,0.0016666666666666668
186,210,68.3,45.2,90.0,0.0016666666666666668
186,211,66.8,45.2,90.0,0.0016666666666666668
186,212,67.1,45.2,90.0,0.0016666666666666668
186,213,67.4,45.2,90.0,0.0016666666666666668
186,214,67.7,45.2,90.0,0.0016666666666666668
186,215,68.0,45.2,90.0,0.0016666666666666668
186,216,65.6,45.2,90.0,0.0016666666666666668
186,222,75.8,45.2,90.0,0.0016666666666666668
186,223,76.1,45.2,90.0,0.0016666666666666668
186,224,76.4,45.2,90.0,0.0016666666666666668
186,225,77.3,45.2,90.0,0.0016666666666666668
186,229,14.900000000000006,45.2,90.0,0.0016666666666666668
186,229,74.6,45.2,90.0,0.0016666666666666668
186,232,14.0,45.2,90.0,0.0016666666666666668
186,233,11.0,45.1749371855331,84.26082952273322,0.0018452401020419631
186,234,11.3,45.19599839871872,87.70755722404412,0.0018749929761864628
186,235,11.599999999999994,45.2,90.0,0.0016666666666666668
186,236,11.900000000000006,45.2,90.0,0.0016666666666666668
186,237,12.200000000000003,45.2,90.0,0.0016666666666666668
186,238,12.5,45.2,90.0,0.0016666666666666668
186,239,12.799999999999997,45.2,90.0,0.0016666666666666668
186,240,13.099999999999994,45.2,90.0,0.0016666666666666668
186,245,20.0,45.2,90.0,0.0016666666666666668
186,248,30.200000000000003,45.2,90.0,0.0016666666666666668
187,190,46.4,27.8,90.0,0.0016666666666666668
187,190,111.2,14.6,90.0,0.0016666666666666668
187,191,110.9021271782035,24.5,70.12312592992117,0.0033035804591888336
187,192,111.2,14.9,90.0,0.0016666666666666668
187,193,111.2,10.1,90.0,0.0016666666666666668
187,194,111.2,11.3,90.0,0.0016666666666666668
187,195,111.2,10.4,90.0,0.0016666666666666668
187,196,111.2,5.3,90.0,0.0016666666666666668
187,197,111.2,17.6,90.0,0.0016666666666666668
187,198,111.07749935930289,23.9,77.29096700560461,0.0017857062584988146
187,199,84.8,27.8,90.0,0.0016666666666666668
187,200,85.1,27.8,90.0,0.0016666666666666668
187,201,83.9,27.8,90.0,0.0016666666666666668
187,202,83.3,27.8,90.0,0.0016666666666666668
187,203,39.5,27.8,90.0,0.0016666666666666668
187,203,84.5,27.8,90.0,0.0016666666666666668
187,204,39.8,27.8,90.0,0.0016666666666666668
187,204,84.2,27.8,90.0,0.0016666666666666668
187,205,40.10000000000001,27.8,90.0,0.0016666666666666668
187,205,83.6,27.8,90.0,0.0016666666666666668
187,206,56.6,27.8,90.0,0.0016666666666666668
187,207,48.8,27.8,90.0,0.0016666666666666668
187,208,51.2,27.8,90.0,0.0016666666666666668
187,208,74.0,27.8,90.0,0.0016666666666666668
187,209,50.9,27.8,90.0,0.0016666666666666668
187,209,74.3,27.8,90.0,0.0016666666666666668
187,210,68.3,27.8,90.0,0.0016666666666666668
187,211,66.8,27.8,90.0,0.0016666666666666668
187,212,67.1,27.8,90.0,0.0016666666666666668
187,213,67.4,27.8,90.0,0.0016666666666666668
187,214,67.7,27.8,90.0,0.0016666666666666668
187,215,68.0,27.8,90.0,0.0016666666666666668
187,216,65.6,27.8,90.0,0.0016666666666666668
187,220,65.3,27.8,90.0,0.0016666666666666668
187,221,65.0,27.8,90.0,0.0016666666666666668
187,222,75.8,27.8,90.0,0.0016666666666666668
187,223,76.1,27.8,90.0,0.0016666666666666668
187,224,76.4,27.8,90.0,0.0016666666666666668
187,225,77.3,27.8,90.0,0.0016666666666666668
187,229,74.6,27.8,90.0,0.0016666666666666668
187,250,83.0,27.8,90.0,0.0016666666666666668
187,251,40.39999999999999,27.8,90.0,0.0016666666666666668
187,251,102.5,27.8,90.0,0.0016666666666666668
187,252,41.0,27.8,90.0,0.0016666666666666668
187,252,102.2,27.8,90.0,0.0016666666666666668
187,253,41.89999999999999,27.8,90.0,0.0016666666666666668
187,253,101.9,27.8,90.0,0.0016666666666666668
188,190,46.4,22.1,90.0,0.0016666666666666668
188,190,110.9,14.6,90.0,0.0016666666666666668
188,191,87.32916869918748,22.1,58.667748502405686,0.00199406066327276
188,192,110.9,14.9,90.0,0.0016666666666666668
188,193,110.9,10.1,90.0,0.0016666666666666668
188,194,110.9,11.3,90.0,0.0016666666666666668
188,195,110.9,10.4,90.0,0.0016666666666666668
188,196,110.9,5.3,90.0,0.0016666666666666668
188,197,110.8749371855331,17.6,84.2608295227332,0.0018452401020419631
188,198,88.0581254575403,22.1,50.20818050044273,0.0038393007653147234
188,199,84.8,22.1,90.0,0.0016666666666666668
188,200,85.1,22.1,90.0,0.0016666666666666668
188,201,83.9,22.1,90.0,0.0016666666666666668
188,202,83.3,22.1,90.0,0.0016666666666666668
188,203,39.5,22.1,90.0,0.0016666666666666668
188,203,84.5,22.1,90.0,0.0016666666666666668
188,204,39.8,22.1,90.0,0.0016666666666666668
188,204,84.2,22.1,90.0,0.0016666666666666668
188,205,40.099999999999994,22.1,90.0,0.0016666666666666668
188,205,83.6,22.1,90.0,0.0016666666666666668
188,206,56.6,22.1,90.0,0.0016666666666666668
188,207,48.8,22.1,90.0,0.0016666666666666668
188,208,51.2,22.1,90.0,0.0016666666666666668
188,208,74.0,22.1,90.0,0.0016666666666666668
188,209,50.9,22.1,90.0,0.0016666666666666668
188,209,74.3,22.1,90.0,0.0016666666666666668
188,210,68.3,22.1,90.0,0.0016666666666666668
188,211,66.8,22.1,90.0,0.0016666666666666668
188,212,67.1,22.1,90.0,0.0016666666666666668
188,213,67.4,22.1,90.0,0.0016666666666666668
188,214,67.7,22.1,90.0,0.0016666666666666668
188,215,68.0,22.1,90.0,0.0016666666666666668
188,216,65.6,22.1,90.0,0.0016666666666666668
188,220,65.3,22.1,90.0,0.0016666666666666668
188,221,65.0,22.1,90.0,0.0016666666666666668
188,222,75.8,22.1,90.0,0.0016666666666666668
188,223,76.1,22.1,90.0,0.0016666666666666668
188,224,76.4,22.1,90.0,0.0016666666666666668
188,225,77.3,22.1,90.0,0.0016666666666666668
188,229,74.6,22.1,90.0,0.0016666666666666668
188,250,83.0,22.1,90.0,0.0016666666666666668
188,251,40.400000000000006,22.1,90.0,0.0016666666666666668
188,251,102.5,22.1,90.0,0.0016666666666666668
188,252,41.0,22.1,90.0,0.0016666666666666668
188,252,102.2,22.1,90.0,0.0016666666666666668
188,253,41.900000000000006,22.1,90.0,0.0016666666666666668
188,253,101.9,22.1,90.0,0.0016666666666666668
188,254,43.06040542391538,22.1,62.612892497346095,0.002113100255104908
188,254,101.03959457608461,22.1,62.61289249734605,0.002113100255104908
189,190,46.599999999999994,18.2,73.73979529168803,0.0018452401020419631
189,190,110.1,14.6,73.73979529168803,0.0018452401020419631
189,191,86.6,18.2,90.0,0.0016666666666666668
189,192,110.0021271782035,14.9,70.12312592992116,0.0033035804591888336
189,193,110.3,10.1,90.0,0.0016666666666666668
189,194,110.3,11.3,90.0,0.0016666666666666668
189,195,110.3,10.4,90.0,0.0016666666666666668
189,196,110.3,5.3,90.0,0.0016666666666666668
189,197,107.67486841740758,17.6,28.35763657632797,0.002291673690480204
189,198,86.9,18.2,90.0,0.0016666666666666668
189,199,84.8,18.2,90.0,0.0016666666666666668
189,200,85.1,18.2,90.0,0.0016666666666666668
189,201,83.9,18.2,90.0,0.0016666666666666668
189,202,83.3,18.2,90.0,0.0016666666666666668
189,203,39.5,18.2,90.0,0.0016666666666666668
189,203,84.5,18.2,90.0,0.0016666666666666668
189,204,39.8,18.2,90.0,0.0016666666666666668
189,204,84.2,18.2,90.0,0.0016666666666666668
189,205,40.10000000000001,18.2,90.0,0.0016666666666666668
189,205,83.6,18.2,90.0,0.0016666666666666668
189,206,56.6,18.2,90.0,0.0016666666666666668
189,207,48.8,18.2,90.0,0.0016666666666666668
189,208,51.2,18.2,90.0,0.0016666666666666668
189,208,74.0,18.2,90.0,0.0016666666666666668
189,209,50.9,18.2,90.0,0.0016666666666666668
189,209,74.3,18.2,90.0,0.0016666666666666668
189,210,68.3,18.2,90.0,0.0016666666666666668
189,211,66.8,18.2,90.0,0.0016666666666666668
189,212,67.1,18.2,90.0,0.0016666666666666668
189,213,67.4,18.2,90.0,0.0016666666666666668
189,214,67.7,18.2,90.0,0.0016666666666666668
189,215,68.0,18.2,90.0,0.0016666666666666668
189,216,65.6,18.2,90.0,0.0016666666666666668
189,220,65.3,18.2,90.0,0.0016666666666666668
189,221,65.0,18.2,90.0,0.0016666666666666668
189,222,75.8,18.2,90.0,0.0016666666666666668
189,223,76.1,18.2,90.0,0.0016666666666666668
189,224,76.4,18.2,90.0,0.0016666666666666668
189,225,77.3,18.2,90.0,0.0016666666666666668
189,229,74.6,18.2,90.0,0.0016666666666666668
189,250,83.0,18.2,90.0,0.0016666666666666668
189,251,40.39999999999999,18.2,90.0,0.0016666666666666668
189,251,102.5,18.2,90.0,0.0016666666666666668
189,252,41.0,18.2,90.0,0.0016666666666666668
189,252,102.2,18.2,90.0,0.0016666666666666668
189,253,41.9,18.2,90.0,0.0016666666666666668
189,253,101.9,18.2,90.0,0.0016666666666666668
189,254,42.5,18.2,90.0,0.0016666666666666668
189,254,101.6,18.2,90.0,0.0016666666666666668
190,191,86.6,14.6,90.0,0.0016666666666666668
190,191,120.8,11.305872210923189,19.94844358880259,0.006815487227897463
190,192,90.4941277890768,14.6,19.94844358880276,0.006815487227897463
190,192,117.22400762386974,14.472022871609152,10.887482877260934,0.005952372925165482
190,197,69.91742430504416,14.6,66.42182152179817,0.002916680714293742
190,197,120.5,11.974868417407572,28.357636576327838,0.002291673690480204
190,198,86.9,14.6,90.0,0.0016666666666666668
190,199,46.4,64.92513158259241,28.357636576327984,0.002291673690480204
190,199,84.8,14.6,90.0,0.0016666666666666668
190,200,46.4,70.99412778907681,19.94844358880259,0.006815487227897463
190,200,85.1,14.6,90.0,0.0016666666666666668
190,201,46.4,51.2,90.0,0.0016666666666666668
190,201,83.9,14.6,90.0,0.0016666666666666668
190,202,46.4,45.8,90.0,0.0016666666666666668
190,202,83.3,14.6,90.0,0.0016666666666666668
190,203,46.4,57.2,90.0,0.0016666666666666668
190,203,84.5,14.6,90.0,0.0016666666666666668
190,204,46.4,56.3,90.0,0.0016666666666666668
190,204,84.2,14.6,90.0,0.0016666666666666668
190,205,46.4,50.9,90.0,0.0016666666666666668
190,205,83.6,14.6,90.0,0.0016666666666666668
190,206,56.6,14.6,90.0,0.0016666666666666668
190,207,48.8,15.329168699187477,58.66774850240573,0.00199406066327276
190,208,51.2,14.604001601281283,87.70755722404417,0.0018749929761864628
190,208,74.0,14.6,90.0,0.0016666666666666668
190,209,50.9,14.6250628144669,84.26082952273322,0.0018452401020419631
190,209,74.3,14.6,90.0,0.0016666666666666668
190,210,68.3,14.6,90.0,0.0016666666666666668
190,211,46.4,69.22691762911674,54.549457360824576,0.002261892721081555
190,211,66.8,14.6,90.0,0.0016666666666666668
190,212,46.4,69.75812545754029,50.20818050044273,0.0038393007653147234
190,212,67.1,14.6,90.0,0.0016666666666666668
190,213,46.4,65.82928578572859,45.57299599919425,0.005714293741501186
190,213,67.4,14.6,90.0,0.0016666666666666668
190,214,46.4,67.65038463814562,40.53580211131651,0.005833333333333334
190,214,67.7,14.6,90.0,0.0016666666666666668
190,215,46.4,67.13818239574917,34.91520624744412,0.004583347380960408
190,215,68.0,14.6,90.0,0.0016666666666666668
190,216,46.4,64.1,90.0,0.0016666666666666668
190,216,65.6,14.6,90.0,0.0016666666666666668
190,220,46.4,41.6,90.0,0.0016666666666666668
190,220,65.3,14.6,90.0,0.0016666666666666668
190,221,46.4,36.5,90.0,0.0016666666666666668
190,221,65.0,14.6,90.0,0.0016666666666666668
190,222,75.8,14.6,90.0,0.0016666666666666668
190,223,76.1,14.6,90.0,0.0016666666666666668
190,224,76.4,14.6,90.0,0.0016666666666666668
190,225,77.3,14.6,90.0,0.0016666666666666668
190,229,46.4,53.9,90.0,0.0016666666666666668
190,229,74.6,14.6,90.0,0.0016666666666666668
190,249,48.53818239574916,15.5,34.91520624744419,0.004583347380960408
190,249,107.86181760425083,14.6,34.91520624744413,0.004583347380960408
190,250,46.4,43.7,90.0,0.0016666666666666668
190,250,83.0,14.6,90.0,0.0016666666666666668
190,251,46.4,41.0,90.0,0.0016666666666666668
190,251,102.5,14.6,90.0,0.0016666666666666668
190,252,46.4,38.0,90.0,0.0016666666666666668
190,252,102.2,14.6,90.0,0.0016666666666666668
190,253,46.4,32.8749371855331,84.26082952273322,0.0018452401020419631
190,253,101.9,14.6,90.0,0.0016666666666666668
190,254,46.4,24.677499359302878,77.29096700560454,0.0017857062584988146
190,254,101.6,14.6,90.0,0.0016666666666666668
191,194,86.6,11.3,90.0,0.0016666666666666668
191,195,86.6,10.4,90.0,0.0016666666666666668
191,196,86.6,5.300000000000001,90.0,0.0016666666666666668
191,197,86.6,17.6,90.0,0.0016666666666666668
191,198,118.17486841740758,23.9,28.357636576327984,0.002291673690480204
191,249,86.6,15.5,90.0,0.0016666666666666668
191,251,102.5,24.5,90.0,0.0016666666666666668
191,252,102.2,24.5,90.0,0.0016666666666666668
191,253,101.9,24.5,90.0,0.0016666666666666668
191,254,98.3058722109232,24.5,19.94844358880276,0.006815487227897463
192,194,87.4,11.3,73.73979529168803,0.0018452401020419631
192,195,87.2250628144669,10.4,84.26082952273323,0.0018452401020419631
192,196,87.2,5.3,90.0,0.0016666666666666668
192,249,107.37486841740758,14.9,28.357636576327977,0.002291673690480204
192,251,102.5,14.9,90.0,0.0016666666666666668
192,252,102.2,14.9,90.0,0.0016666666666666668
192,253,101.9,14.9,90.0,0.0016666666666666668
192,254,101.6,14.9,90.0,0.0016666666666666668
193,196,87.50400160128129,5.3,87.70755722404411,0.0018749929761864628
193,249,110.0,10.1,90.0,0.0016666666666666668
193,251,102.5,10.1,90.0,0.0016666666666666668
193,252,102.2,10.1,90.0,0.0016666666666666668
193,253,101.9,10.1,90.0,0.0016666666666666668
193,254,101.6,10.1,90.0,0.0016666666666666668
194,197,69.5,11.3,90.0,0.0016666666666666668
194,198,86.9,11.3,90.0,0.0016666666666666668
194,199,84.8,11.3,90.0,0.0016666666666666668
194,200,85.1,11.3,90.0,0.0016666666666666668
194,201,83.9,11.3,90.0,0.0016666666666666668
194,202,83.3,11.3,90.0,0.0016666666666666668
194,203,84.5,11.3,90.0,0.0016666666666666668
194,204,84.2,11.3,90.0,0.0016666666666666668
194,205,83.6,11.3,90.0,0.0016666666666666668
194,208,74.0,11.3,90.0,0.0016666666666666668
194,209,74.3,11.3,90.0,0.0016666666666666668
194,210,68.3,11.3,90.0,0.0016666666666666668
194,211,66.8,11.3,90.0,0.0016666666666666668
194,212,67.1,11.3,90.0,0.0016666666666666668
194,213,67.4,11.3,90.0,0.0016666666666666668
194,214,67.7,11.3,90.0,0.0016666666666666668
194,215,68.0,11.3,90.0,0.0016666666666666668
194,216,65.6,11.3,90.0,0.0016666666666666668
194,220,65.3,11.3,90.0,0.0016666666666666668
194,221,65.0,11.3,90.0,0.0016666666666666668
194,222,75.8,11.3,90.0,0.0016666666666666668
194,223,76.1,11.3,90.0,0.0016666666666666668
194,224,76.4,11.3,90.0,0.0016666666666666668
194,225,77.3,11.3,90.0,0.0016666666666666668
194,229,74.6,11.3,90.0,0.0016666666666666668
194,249,109.93558507170123,11.3,80.79310377865409,0.0018749929761864628
194,250,83.0,11.3,90.0,0.0016666666666666668
194,251,102.5,11.3,90.0,0.0016666666666666668
194,252,102.2,11.3,90.0,0.0016666666666666668
194,253,101.9,11.3,90.0,0.0016666666666666668
194,254,101.6,11.3,90.0,0.0016666666666666668
195,197,69.5,10.4,90.0,0.0016666666666666668
195,198,86.9,10.4,90.0,0.0016666666666666668
195,199,84.8,10.4,90.0,0.0016666666666666668
195,200,85.1,10.4,90.0,0.0016666666666666668
195,201,83.9,10.4,90.0,0.0016666666666666668
195,202,83.3,10.4,90.0,0.0016666666666666668
195,203,84.5,10.4,90.0,0.0016666666666666668
195,204,84.2,10.4,90.0,0.0016666666666666668
195,205,83.6,10.4,90.0,0.0016666666666666668
195,208,74.0,10.4,90.0,0.0016666666666666668
195,209,74.3,10.4,90.0,0.0016666666666666668
195,210,68.3,10.4,90.0,0.0016666666666666668
195,211,66.8,10.4,90.0,0.0016666666666666668
195,212,67.1,10.4,90.0,0.0016666666666666668
195,213,67.4,10.4,90.0,0.0016666666666666668
195,214,67.7,10.4,90.0,0.0016666666666666668
195,215,68.0,10.4,90.0,0.0016666666666666668
195,216,65.6,10.4,90.0,0.0016666666666666668
195,220,65.3,10.4,90.0,0.0016666666666666668
195,221,65.0,10.4,90.0,0.0016666666666666668
195,222,75.8,10.4,90.0,0.0016666666666666668
195,223,76.1,10.4,90.0,0.0016666666666666668
195,224,76.4,10.4,90.0,0.0016666666666666668
195,225,77.3,10.4,90.0,0.0016666666666666668
195,229,74.6,10.4,90.0,0.0016666666666666668
195,249,110.0,10.4,90.0,0.0016666666666666668
195,250,83.0,10.4,90.0,0.0016666666666666668
195,251,102.5,10.4,90.0,0.0016666666666666668
195,252,102.2,10.4,90.0,0.0016666666666666668
195,253,101.9,10.4,90.0,0.0016666666666666668
195,254,101.6,10.4,90.0,0.0016666666666666668
196,197,69.5,5.3,90.0,0.0016666666666666668
196,198,86.9,5.3,90.0,0.0016666666666666668
196,199,84.8,5.3,90.0,0.0016666666666666668
196,200,85.1,5.3,90.0,0.0016666666666666668
196,201,83.9,5.3,90.0,0.0016666666666666668
196,202,83.3,5.3,90.0,0.0016666666666666668
196,203,84.5,5.3,90.0,0.0016666666666666668
196,204,84.2,5.3,90.0,0.0016666666666666668
196,205,83.6,5.3,90.0,0.0016666666666666668
196,208,74.0,5.3,90.0,0.0016666666666666668
196,209,74.3,5.3,90.0,0.0016666666666666668
196,210,68.3,5.3,90.0,0.0016666666666666668
196,211,66.8,5.3,90.0,0.0016666666666666668
196,212,67.1,5.3,90.0,0.0016666666666666668
196,213,67.4,5.3,90.0,0.0016666666666666668
196,214,67.7,5.3,90.0,0.0016666666666666668
196,215,68.0,5.3,90.0,0.0016666666666666668
196,216,65.6,5.3,90.0,0.0016666666666666668
196,220,65.3,5.3,90.0,0.0016666666666666668
196,221,65.0,5.2959983987187185,87.70755722404408,0.0018749929761864628
196,222,75.8,5.3,90.0,0.0016666666666666668
196,223,76.1,5.3,90.0,0.0016666666666666668
196,224,76.4,5.3,90.0,0.0016666666666666668
196,225,77.3,5.3,90.0,0.0016666666666666668
196,229,74.6,5.3,90.0,0.0016666666666666668
196,249,110.0,5.3,90.0,0.0016666666666666668
196,250,83.0,5.3,90.0,0.0016666666666666668
196,251,102.5,5.3,90.0,0.0016666666666666668
196,252,102.2,5.3,90.0,0.0016666666666666668
196,253,101.9,5.3,90.0,0.0016666666666666668
196,254,101.6,5.3,90.0,0.0016666666666666668
197,198,86.9,17.6,90.0,0.0016666666666666668
197,199,84.8,17.6,90.0,0.0016666666666666668
197,200,85.1,17.6,90.0,0.0016666666666666668
197,201,83.9,17.6,90.0,0.0016666666666666668
197,202,83.3,17.6,90.0,0.0016666666666666668
197,203,84.5,17.6,90.0,0.0016666666666666668
197,204,84.2,17.6,90.0,0.0016666666666666668
197,205,83.6,17.6,90.0,0.0016666666666666668
197,208,74.0,17.574937185533102,84.26082952273322,0.0018452401020419631
197,209,74.3,17.59599839871872,87.70755722404408,0.0018749929761864628
197,222,75.8,17.6,90.0,0.0016666666666666668
197,223,76.1,17.6,90.0,0.0016666666666666668
197,224,76.4,17.6,90.0,0.0016666666666666668
197,225,77.3,17.6,90.0,0.0016666666666666668
197,229,74.6,17.6,90.0,0.0016666666666666668
197,249,70.42691762911673,15.5,54.54945736082467,0.002261892721081555
197,250,83.0,17.6,90.0,0.0016666666666666668
197,251,102.5,17.6,90.0,0.0016666666666666668
197,252,102.2,17.6,90.0,0.0016666666666666668
197,253,101.9,17.6,90.0,0.0016666666666666668
197,254,101.6,17.6,90.0,0.0016666666666666668
198,249,86.9,15.5,90.0,0.0016666666666666668
198,251,102.5,23.9,90.0,0.0016666666666666668
198,252,102.2,23.9,90.0,0.0016666666666666668
198,253,101.9,23.9,90.0,0.0016666666666666668
198,254,99.46181760425083,23.9,34.91520624744415,0.004583347380960408
199,206,56.6,62.3,90.0,0.0016666666666666668
199,207,48.8,62.71742430504416,66.42182152179815,0.002916680714293742
199,210,68.3,62.3,90.0,0.0016666666666666668
199,211,45.8,69.72928578572858,45.57299599919425,0.005714293741501186
199,211,66.8,62.3,90.0,0.0016666666666666668
199,212,45.8,70.35038463814561,40.53580211131651,0.005833333333333334
199,212,67.1,62.3,90.0,0.0016666666666666668
199,213,45.8758308419135,66.43249893224865,26.414397803087873,0.0034226200510209816
199,213,66.47308237088328,62.3,54.54945736082474,0.002261892721081555
199,214,45.8,68.52513158259244,28.357636576327803,0.002291673690480204
199,214,67.5,62.3,73.73979529168814,0.0018452401020419631
199,215,45.8,68.29412778907681,19.94844358880259,0.006815487227897463
199,215,67.43959457608463,62.3,62.61289249734616,0.002113100255104908
199,216,46.95812545754029,64.1,50.20818050044273,0.0038393007653147234
199,216,64.4418745424597,62.3,50.20818050044273,0.0038393007653147234
199,222,75.8,62.3,90.0,0.0016666666666666668
199,223,76.1,62.3,90.0,0.0016666666666666668
199,224,76.4,62.3,90.0,0.0016666666666666668
199,225,77.3,62.3,90.0,0.0016666666666666668
199,249,84.8,15.5,90.0,0.0016666666666666668
199,251,84.8,41.0,90.0,0.0016666666666666668
199,252,84.8,38.0,90.0,0.0016666666666666668
199,253,84.8,32.9,90.0,0.0016666666666666668
199,254,84.8,24.8,90.0,0.0016666666666666668
200,206,56.6,67.7,90.0,0.0016666666666666668
200,207,48.8,68.26040542391539,62.61289249734602,0.002113100255104908
200,210,68.3,67.7,90.0,0.0016666666666666668
200,211,48.64758253037402,68.34274759112199,21.87483271636193,0.005714293741501186
200,211,64.17486841740757,67.7,28.357636576327803,0.002291673690480204
200,212,47.817185940732436,68.92864323455403,20.149001171737105,0.0050297528741445
200,212,64.96181760425083,67.7,34.915206247444075,0.004583347380960408
200,222,75.79599839871872,67.7,87.70755722404408,0.0018749929761864628
200,223,75.97749935930287,67.7,77.29096700560446,0.0017857062584988146
200,224,75.47308237088326,67.7,54.549457360824505,0.002261892721081555
200,225,77.3,67.7,90.0,0.0016666666666666668
200,249,85.1,15.5,90.0,0.0016666666666666668
200,251,85.1,41.0,90.0,0.0016666666666666668
200,252,85.1,38.0,90.0,0.0016666666666666668
200,253,85.1,32.9,90.0,0.0016666666666666668
200,254,85.1,24.8,90.0,0.0016666666666666668
201,203,39.5,51.2,90.0,0.0016666666666666668
201,204,39.8,51.2,90.0,0.0016666666666666668
201,206,56.6,51.2,90.0,0.0016666666666666668
201,207,48.8,51.2,90.0,0.0016666666666666668
201,210,68.3,51.2,90.0,0.0016666666666666668
201,211,66.8,51.2,90.0,0.0016666666666666668
201,212,67.1,51.2,90.0,0.0016666666666666668
201,213,67.4,51.2,90.0,0.0016666666666666668
201,214,67.7,51.2,90.0,0.0016666666666666668
201,215,68.0,51.2,90.0,0.0016666666666666668
201,216,65.6,51.2,90.0,0.0016666666666666668
201,222,75.8,51.2,90.0,0.0016666666666666668
201,223,76.1,51.2,90.0,0.0016666666666666668
201,224,76.4,51.2,90.0,0.0016666666666666668
201,225,77.3,51.2,90.0,0.0016666666666666668
201,229,74.03959457608461,51.2,62.61289249734602,0.002113100255104908
201,245,20.0,51.19599839871872,87.70755722404412,0.0018749929761864628
201,248,30.200000000000003,51.2,90.0,0.0016666666666666668
201,249,83.9,15.5,90.0,0.0016666666666666668
201,251,83.9,41.0,90.0,0.0016666666666666668
201,252,83.9,38.0,90.0,0.0016666666666666668
201,253,83.9,32.9,90.0,0.0016666666666666668
201,254,83.9,24.8,90.0,0.0016666666666666668
202,203,39.5,45.8,90.0,0.0016666666666666668
202,204,39.8,45.8,90.0,0.0016666666666666668
202,205,40.1,45.8,90.0,0.0016666666666666668
202,206,56.6,45.8,90.0,0.0016666666666666668
202,207,48.8,45.8,90.0,0.0016666666666666668
202,210,68.3,45.8,90.0,0.0016666666666666668
202,211,66.8,45.8,90.0,0.0016666666666666668
202,212,67.1,45.8,90.0,0.0016666666666666668
202,213,67.4,45.8,90.0,0.0016666666666666668
202,214,67.7,45.8,90.0,0.0016666666666666668
202,215,68.0,45.8,90.0,0.0016666666666666668
202,216,65.6,45.8,90.0,0.0016666666666666668
202,222,75.8,45.8,90.0,0.0016666666666666668
202,223,76.1,45.8,90.0,0.0016666666666666668
202,224,76.4,45.8,90.0,0.0016666666666666668
202,225,77.3,45.8,90.0,0.0016666666666666668
202,229,74.6,45.8,90.0,0.0016666666666666668
202,249,83.3,15.5,90.0,0.0016666666666666668
202,251,83.29599839871872,41.0,87.70755722404408,0.0018749929761864628
202,252,83.3,38.0,90.0,0.0016666666666666668
202,253,83.3,32.9,90.0,0.0016666666666666668
202,254,83.3,24.8,90.0,0.0016666666666666668
203,206,56.6,57.2,90.0,0.0016666666666666668
203,207,48.8,57.2,90.0,0.0016666666666666668
203,210,68.3,57.2,90.0,0.0016666666666666668
203,211,66.8,57.2,90.0,0.0016666666666666668
203,212,67.1,57.2,90.0,0.0016666666666666668
203,213,67.4,57.2,90.0,0.0016666666666666668
203,214,67.7,57.2,90.0,0.0016666666666666668
203,215,68.0,57.2,90.0,0.0016666666666666668
203,216,65.6,57.2,90.0,0.0016666666666666668
203,220,39.5,41.6,90.0,0.0016666666666666668
203,221,39.5,36.5,90.0,0.0016666666666666668
203,222,75.8,57.2,90.0,0.0016666666666666668
203,223,76.1,57.2,90.0,0.0016666666666666668
203,224,76.4,57.2,90.0,0.0016666666666666668
203,225,77.3,57.2,90.0,0.0016666666666666668
203,229,39.7978728217965,53.9,70.1231259299212,0.0033035804591888336
203,249,39.5,15.5,90.0,0.0016666666666666668
203,249,84.5,15.5,90.0,0.0016666666666666668
203,250,39.5,43.7,90.0,0.0016666666666666668
203,251,84.5,41.0,90.0,0.0016666666666666668
203,252,84.5,38.0,90.0,0.0016666666666666668
203,253,84.5,32.9,90.0,0.0016666666666666668
203,254,84.5,24.8,90.0,0.0016666666666666668
204,206,56.6,56.3,90.0,0.0016666666666666668
204,207,48.8,56.3,90.0,0.0016666666666666668
204,210,68.3,56.3,90.0,0.0016666666666666668
204,211,66.8,56.3,90.0,0.0016666666666666668
204,212,67.1,56.3,90.0,0.0016666666666666668
204,213,67.4,56.3,90.0,0.0016666666666666668
204,214,67.7,56.3,90.0,0.0016666666666666668
204,215,68.0,56.3,90.0,0.0016666666666666668
204,216,65.6,56.3,90.0,0.0016666666666666668
204,220,39.8,41.6,90.0,0.0016666666666666668
204,221,39.8,36.5,90.0,0.0016666666666666668
204,222,75.8,56.3,90.0,0.0016666666666666668
204,223,76.1,56.3,90.0,0.0016666666666666668
204,224,76.4,56.3,90.0,0.0016666666666666668
204,225,77.3,56.3,90.0,0.0016666666666666668
204,229,40.52916869918747,53.9,58.66774850240573,0.00199406066327276
204,249,39.8,15.5,90.0,0.0016666666666666668
204,249,84.2,15.5,90.0,0.0016666666666666668
204,250,39.8,43.7,90.0,0.0016666666666666668
204,251,84.2,41.0,90.0,0.0016666666666666668
204,252,84.2,38.0,90.0,0.0016666666666666668
204,253,84.2,32.9,90.0,0.0016666666666666668
204,254,84.2,24.8,90.0,0.0016666666666666668
205,206,56.6,50.9,90.0,0.0016666666666666668
205,207,48.8,50.9,90.0,0.0016666666666666668
205,210,68.3,50.9,90.0,0.0016666666666666668
205,211,66.8,50.9,90.0,0.0016666666666666668
205,212,67.1,50.9,90.0,0.0016666666666666668
205,213,67.4,50.9,90.0,0.0016666666666666668
205,214,67.7,50.9,90.0,0.0016666666666666668
205,215,68.0,50.9,90.0,0.0016666666666666668
205,216,65.6,50.9,90.0,0.0016666666666666668
205,220,40.1,41.6,90.0,0.0016666666666666668
205,221,40.1,36.5,90.0,0.0016666666666666668
205,222,75.8,50.9,90.0,0.0016666666666666668
205,223,76.1,50.9,90.0,0.0016666666666666668
205,224,76.4,50.9,90.0,0.0016666666666666668
205,225,77.3,50.9,90.0,0.0016666666666666668
205,229,74.18257569495583,50.9,66.42182152179815,0.002916680714293742
205,249,40.1,15.5,90.0,0.0016666666666666668
205,249,83.6,15.5,90.0,0.0016666666666666668
205,250,40.1,43.7,90.0,0.0016666666666666668
205,251,83.6,41.0,90.0,0.0016666666666666668
205,252,83.6,38.0,90.0,0.0016666666666666668
205,253,83.6,32.9,90.0,0.0016666666666666668
205,254,83.6,24.8,90.0,0.0016666666666666668
206,208,56.6,38.9,90.0,0.0016666666666666668
206,209,56.6,44.3,90.0,0.0016666666666666668
206,210,56.6,75.16040542391536,62.61289249734616,0.002113100255104908
206,211,56.6,68.3,90.0,0.0016666666666666668
206,212,56.6,68.6,90.0,0.0016666666666666668
206,213,56.6,64.4,90.0,0.0016666666666666668
206,214,56.6,65.9,90.0,0.0016666666666666668
206,215,56.6,65.0,90.0,0.0016666666666666668
206,216,56.6,64.1,90.0,0.0016666666666666668
206,220,56.6,41.6,90.0,0.0016666666666666668
206,221,56.6,36.5,90.0,0.0016666666666666668
206,222,56.6,73.22916869918748,58.667748502405686,0.00199406066327276
206,223,56.6,72.52691762911674,54.549457360824576,0.002261892721081555
206,224,56.6,70.95812545754029,50.20818050044279,0.0038393007653147234
206,225,77.3,84.5,90.0,0.0016666666666666668
206,229,56.6,53.9,90.0,0.0016666666666666668
206,249,56.6,15.5,90.0,0.0016666666666666668
206,250,56.6,43.7,90.0,0.0016666666666666668
206,251,56.6,41.0,90.0,0.0016666666666666668
206,252,56.6,38.0,90.0,0.0016666666666666668
206,253,56.6,32.9,90.0,0.0016666666666666668
206,254,56.6,24.799999999999997,90.0,0.0016666666666666668
207,210,53.9,94.7,90.0,0.0016666666666666668
207,211,48.8,68.32506281446689,84.26082952273323,0.0018452401020419631
207,212,48.8,68.66441492829877,80.79310377865406,0.0018749929761864628
207,213,48.8,64.52250064069713,77.29096700560454,0.0017857062584988146
207,214,48.8,66.10000000000001,73.73979529168798,0.0018452401020419631
207,215,48.8,65.2978728217965,70.12312592992113,0.0033035804591888336
207,216,48.8,64.1,90.0,0.0016666666666666668
207,220,48.8,41.6,90.0,0.0016666666666666668
207,221,48.8,36.5,90.0,0.0016666666666666668
207,222,54.2,94.7,90.0,0.0016666666666666668
207,223,54.5,94.7,90.0,0.0016666666666666668
207,224,54.8,94.7,90.0,0.0016666666666666668
207,229,48.8,53.9,90.0,0.0016666666666666668
207,249,48.8,15.5,90.0,0.0016666666666666668
207,250,48.8,43.7,90.0,0.0016666666666666668
207,251,48.8,41.0,90.0,0.0016666666666666668
207,252,48.8,38.0,90.0,0.0016666666666666668
207,253,48.8,32.9,90.0,0.0016666666666666668
207,254,48.8,24.799999999999997,90.0,0.0016666666666666668
208,210,68.3,38.9,90.0,0.0016666666666666668
208,211,66.8,38.9,90.0,0.0016666666666666668
208,212,67.1,38.9,90.0,0.0016666666666666668
208,213,67.4,38.9,90.0,0.0016666666666666668
208,214,67.7,38.9,90.0,0.0016666666666666668
208,215,68.0,38.9,90.0,0.0016666666666666668
208,216,65.6,38.9,90.0,0.0016666666666666668
208,220,64.73959457608463,38.9,62.61289249734616,0.002113100255104908
208,221,51.92916869918748,36.5,58.66774850240573,0.00199406066327276
208,249,51.2,15.5,90.0,0.0016666666666666668
208,249,74.0,15.5,90.0,0.0016666666666666668
208,252,53.338182395749165,38.0,34.91520624744419,0.004583347380960408
208,252,71.86181760425083,38.0,34.91520624744412,0.004583347380960408
208,253,51.2,32.9,90.0,0.0016666666666666668
208,253,74.0,32.9,90.0,0.0016666666666666668
208,254,51.2,24.8,90.0,0.0016666666666666668
208,254,74.0,24.8,90.0,0.0016666666666666668
209,210,68.3,44.3,90.0,0.0016666666666666668
209,211,66.8,44.3,90.0,0.0016666666666666668
209,212,67.1,44.3,90.0,0.0016666666666666668
209,213,67.4,44.3,90.0,0.0016666666666666668
209,214,67.7,44.3,90.0,0.0016666666666666668
209,215,68.0,44.3,90.0,0.0016666666666666668
209,216,65.6,44.3,90.0,0.0016666666666666668
209,220,51.460405423915375,41.6,62.61289249734605,0.002113100255104908
209,221,50.9,36.5,90.0,0.0016666666666666668
209,249,50.9,15.5,90.0,0.0016666666666666668
209,249,74.3,15.5,90.0,0.0016666666666666668
209,250,53.52513158259242,43.7,28.357636576327877,0.002291673690480204
209,250,71.67486841740757,43.7,28.357636576327803,0.002291673690480204
209,251,51.1978728217965,41.0,70.12312592992113,0.0033035804591888336
209,251,74.0021271782035,41.0,70.12312592992113,0.0033035804591888336
209,252,50.9,38.0,90.0,0.0016666666666666668
209,252,74.3,38.0,90.0,0.0016666666666666668
209,253,50.9,32.9,90.0,0.0016666666666666668
209,253,74.3,32.9,90.0,0.0016666666666666668
209,254,50.9,24.8,90.0,0.0016666666666666668
209,254,74.3,24.8,90.0,0.0016666666666666668
210,222,54.2,77.89412778907679,19.94844358880277,0.006815487227897463
210,222,67.37308237088325,72.5,54.549457360824505,0.002261892721081555
210,223,54.5,77.22513158259241,28.357636576327984,0.002291673690480204
210,223,67.88257569495583,71.6,66.42182152179815,0.002916680714293742
210,224,54.8,76.73818239574916,34.91520624744412,0.004583347380960408
210,224,68.29599839871872,69.8,87.70755722404408,0.0018749929761864628
210,229,68.3,53.9,90.0,0.0016666666666666668
210,249,68.3,15.5,90.0,0.0016666666666666668
210,250,68.3,43.7,90.0,0.0016666666666666668
210,251,68.3,41.0,90.0,0.0016666666666666668
210,252,68.3,38.0,90.0,0.0016666666666666668
210,253,68.3,32.9,90.0,0.0016666666666666668
210,254,68.3,24.8,90.0,0.0016666666666666668
211,213,44.9,70.92513158259241,28.357636576327984,0.002291673690480204
211,213,66.8,61.7748684174076,28.357636576328165,0.002291673690480204
211,214,45.22475876674204,70.40303453752824,29.70364418618952,0.002410713282312352
211,214,66.77524123325796,63.79696546247175,29.703644186189536,0.002410713282312352
211,215,45.5,70.05038463814562,40.535802111316556,0.005833333333333334
211,215,66.8,63.24961536185439,40.53580211131662,0.005833333333333334
211,229,66.8,53.9,90.0,0.0016666666666666668
211,249,66.8,15.5,90.0,0.0016666666666666668
211,250,66.8,43.7,90.0,0.0016666666666666668
211,251,66.8,41.0,90.0,0.0016666666666666668
211,252,66.8,38.0,90.0,0.0016666666666666668
211,253,66.8,32.9,90.0,0.0016666666666666668
211,254,66.8,24.8,90.0,0.0016666666666666668
212,213,44.9,71.8941277890768,19.94844358880259,0.006815487227897463
212,213,67.1,61.10587221092324,19.94844358880311,0.006815487227897463
212,214,45.2,71.22513158259241,28.357636576327984,0.002291673690480204
212,214,67.1,63.2748684174076,28.357636576328165,0.002291673690480204
212,215,45.5,70.73818239574916,34.91520624744412,0.004583347380960408
212,215,67.1,62.861817604250845,34.9152062474443,0.004583347380960408
212,229,67.1,53.9,90.0,0.0016666666666666668
212,249,67.1,15.5,90.0,0.0016666666666666668
212,250,67.1,43.7,90.0,0.0016666666666666668
212,251,67.1,41.0,90.0,0.0016666666666666668
212,252,67.1,38.0,90.0,0.0016666666666666668
212,253,67.1,32.9,90.0,0.0016666666666666668
212,254,67.1,24.8,90.0,0.0016666666666666668
213,229,67.4,53.9,90.0,0.0016666666666666668
213,249,67.4,15.5,90.0,0.0016666666666666668
213,250,67.4,43.7,90.0,0.0016666666666666668
213,251,67.4,41.0,90.0,0.0016666666666666668
213,252,67.4,38.0,90.0,0.0016666666666666668
213,253,67.4,32.9,90.0,0.0016666666666666668
213,254,67.4,24.8,90.0,0.0016666666666666668
214,215,45.62797712839084,68.87599237613031,10.887482877261093,0.005952372925165482
214,215,67.57202287160916,62.0240076238697,10.887482877261085,0.005952372925165482
214,229,67.7,53.9,90.0,0.0016666666666666668
214,249,67.7,15.5,90.0,0.0016666666666666668
214,250,67.7,43.7,90.0,0.0016666666666666668
214,251,67.7,41.0,90.0,0.0016666666666666668
214,252,67.7,38.0,90.0,0.0016666666666666668
214,253,67.7,32.9,90.0,0.0016666666666666668
214,254,67.7,24.8,90.0,0.0016666666666666668
215,229,68.0,53.9,90.0,0.0016666666666666668
215,249,68.0,15.5,90.0,0.0016666666666666668
215,250,68.0,43.7,90.0,0.0016666666666666668
215,251,68.0,41.0,90.0,0.0016666666666666668
215,252,68.0,38.0,90.0,0.0016666666666666668
215,253,68.0,32.9,90.0,0.0016666666666666668
215,254,68.0,24.8,90.0,0.0016666666666666668
216,229,65.6,53.9,90.0,0.0016666666666666668
216,245,20.0,64.51742430504416,66.42182152179815,0.002916680714293742
216,248,30.2,64.1,90.0,0.0016666666666666668
216,249,65.6,15.5,90.0,0.0016666666666666668
216,250,65.6,43.7,90.0,0.0016666666666666668
216,251,65.6,41.0,90.0,0.0016666666666666668
216,252,65.6,38.0,90.0,0.0016666666666666668
216,253,65.6,32.9,90.0,0.0016666666666666668
216,254,65.6,24.8,90.0,0.0016666666666666668
220,249,65.3,15.5,90.0,0.0016666666666666668
220,251,62.67486841740758,41.0,28.357636576327984,0.002291673690480204
220,252,65.1,38.0,73.73979529168805,0.0018452401020419631
220,253,65.3,32.9,90.0,0.0016666666666666668
220,254,65.3,24.8,90.0,0.0016666666666666668
221,249,65.0,15.5,90.0,0.0016666666666666668
221,251,40.4250628144669,36.5,84.26082952273322,0.0018452401020419631
221,252,42.429285785728574,36.5,45.572995999194305,0.005714293741501186
221,253,64.8,32.9,73.73979529168805,0.0018452401020419631
221,254,65.0,24.8,90.0,0.0016666666666666668
222,223,54.62797712839084,75.4759923761303,10.887482877261093,0.005952372925165482
222,223,75.67202287160916,68.62400762386969,10.887482877261093,0.005952372925165482
222,224,54.8,75.12513158259243,28.357636576327803,0.002291673690480204
222,224,75.8,67.1748684174076,28.357636576328165,0.002291673690480204
222,249,75.8,15.5,90.0,0.0016666666666666668
222,250,75.8,43.7,90.0,0.0016666666666666668
222,251,75.8,41.0,90.0,0.0016666666666666668
222,252,75.8,38.0,90.0,0.0016666666666666668
222,253,75.8,32.9,90.0,0.0016666666666666668
222,254,75.8,24.8,90.0,0.0016666666666666668
223,224,54.8,74.8941277890768,19.94844358880259,0.006815487227897463
223,224,76.1,66.50587221092323,19.94844358880311,0.006815487227897463
223,249,76.1,15.5,90.0,0.0016666666666666668
223,250,76.1,43.7,90.0,0.0016666666666666668
223,251,76.1,41.0,90.0,0.0016666666666666668
223,252,76.1,38.0,90.0,0.0016666666666666668
223,253,76.1,32.9,90.0,0.0016666666666666668
223,254,76.1,24.8,90.0,0.0016666666666666668
224,249,76.4,15.5,90.0,0.0016666666666666668
224,250,76.4,43.7,90.0,0.0016666666666666668
224,251,76.4,41.0,90.0,0.0016666666666666668
224,252,76.4,38.0,90.0,0.0016666666666666668
224,253,76.4,32.9,90.0,0.0016666666666666668
224,254,76.4,24.8,90.0,0.0016666666666666668
225,249,77.3,15.5,90.0,0.0016666666666666668
225,250,77.3,43.7,90.0,0.0016666666666666668
225,251,77.3,41.0,90.0,0.0016666666666666668
225,252,77.3,38.0,90.0,0.0016666666666666668
225,253,77.3,32.9,90.0,0.0016666666666666668
225,254,77.3,24.799999999999997,90.0,0.0016666666666666668
229,245,20.0,53.9,90.0,0.0016666666666666668
229,248,30.200000000000003,53.9,90.0,0.0016666666666666668
229,249,74.6,15.5,90.0,0.0016666666666666668
229,250,74.6,43.7,90.0,0.0016666666666666668
229,251,74.6,41.0,90.0,0.0016666666666666668
229,252,74.6,38.0,90.0,0.0016666666666666668
229,253,74.6,32.9,90.0,0.0016666666666666668
229,254,74.6,24.8,90.0,0.0016666666666666668
230,231,2.3,77.83004893880067,19.948443588802604,0.006815487227897463
230,231,6.5,85.46995106119931,19.948443588802757,0.006815487227897463
233,234,7.527977128390838,80.13799944326179,10.887482877261087,0.005952372925165482
233,234,10.872022871609161,75.36200055673821,10.887482877261085,0.005952372925165482
233,236,8.0,79.30018946288067,34.91520624744427,0.004583347380960408
233,236,11.0,73.79981053711933,34.91520624744413,0.004583347380960408
233,240,9.2,78.0798674753282,50.20818050044275,0.0038393007653147234
233,240,11.0,74.12013252467179,50.20818050044286,0.0038393007653147234
234,236,8.0,78.88713864972392,28.357636576327977,0.002291673690480204
234,236,11.3,73.31286135027608,28.357636576327977,0.002291673690480204
234,240,9.23244349472968,77.39333988243861,44.15976527492838,0.006309519795916074
234,240,11.267556505270319,73.9066601175614,44.15976527492834,0.006309519795916074
235,236,8.0,80.7561348562083,19.94844358880276,0.006815487227897463
235,236,11.6,72.6438651437917,19.94844358880276,0.006815487227897463
235,238,8.928643234554027,79.17919300786393,20.14900117173711,0.0050297528741445
235,238,11.27135676544597,76.32080699213607,20.14900117173712,0.0050297528741445
235,239,9.238264864901666,78.85418364373261,24.987495451991336,0.004821426564624704
235,239,11.261735135098334,76.34581635626738,24.987495451991382,0.004821426564624704
235,240,9.2,78.89129285286008,45.57299599919436,0.005714293741501186
235,240,11.6,73.60870714713991,45.57299599919425,0.005714293741501186
237,238,8.6,81.0561348562083,19.948443588802753,0.006815487227897463
237,238,12.2,74.7438651437917,19.94844358880276,0.006815487227897463
237,239,8.90844295066448,80.37156219589279,25.23053644455588,0.0040178461054358695
237,239,12.191557049335518,75.12843780410722,25.230536444555877,0.0040178461054358695
237,240,9.2,79.90018946288066,34.91520624744425,0.004583347380960408
237,240,12.2,72.89981053711932,34.91520624744413,0.004583347380960408
238,239,10.217649507764008,77.27965657489547,4.863167802342929,0.0149702471258555
238,239,11.182350492235992,76.42034342510452,4.863167802342938,0.0149702471258555
238,240,9.2,78.58713864972393,28.357636576327977,0.002291673690480204
238,240,12.5,72.41286135027607,28.357636576327977,0.002291673690480204
239,240,9.2,78.95613485620831,19.948443588802753,0.006815487227897463
239,240,12.8,71.74386514379168,19.9484435888026,0.006815487227897463
245,248,30.2,99.32250064069711,77.29096700560461,0.0017857062584988146
245,248,34.1,120.07749935930289,77.29096700560457,0.0017857062584988146
249,250,83.0,15.5,90.0,0.0016666666666666668
249,251,40.400000000000006,15.5,90.0,0.0016666666666666668
249,251,102.5,15.5,90.0,0.0016666666666666668
249,252,41.0,15.5,90.0,0.0016666666666666668
249,252,102.2,15.5,90.0,0.0016666666666666668
249,253,41.9,15.5,90.0,0.0016666666666666668
249,253,101.9,15.5,90.0,0.0016666666666666668
249,254,42.5,15.5,90.0,0.0016666666666666668
249,254,101.6,15.5,90.0,0.0016666666666666668
250,251,82.43959457608463,41.0,62.61289249734616,0.002113100255104908
250,252,83.0,38.0,90.0,0.0016666666666666668
250,253,83.0,32.9,90.0,0.0016666666666666668
250,254,83.0,24.8,90.0,0.0016666666666666668
