route_id,port1,port2,index1,index2,geometry,alpha_deg,t0_fraction,sx_mm,sy_mm,lx_mm,ly_mm,track_y_mm,radius_mm,dx_mm,straight_length_mm,arc_length_mm,total_length_mm,bend_count,bend_total_deg,crossing_count,min_crossing_angle_deg,straight_loss_db,bend_loss_db,crossing_loss_db,total_loss_db,geometry_valid,geometry_issue_kinds
0,8,1,28,58,freeform,-5.0,1.0,132.1,150.0,121.1,0.0,0.0,6.0,11.0,149.43240774218933,1.0471975511965983,150.47960529338593,2,10.0,98,4.9999999999999805,0.7471620387109467,0.2115234854655815,0.45714299360552035,1.4158285177820487,True,
1,8,1,28,58,freeform,-5.0,1.0,132.275,150.0,121.275,0.0,0.0,6.0,11.0,149.43240774218933,1.0471975511965983,150.47960529338593,2,10.0,98,4.9999999999999805,0.7471620387109467,0.2115234854655815,0.47541676500005636,1.4341022891765847,True,
2,9,1,30,58,freeform,-20.0,0.5,141.1,150.0,121.45,0.0,0.0,6.0,19.64999999999999,149.23297763391815,4.18879020478639,153.42176783870454,2,40.0,82,4.999999999999998,0.7461648881695908,0.8460939418623253,0.3051489048469933,1.8974077348789096,True,
3,9,1,30,58,freeform,-20.0,0.5,141.275,150.0,121.625,0.0,0.0,6.0,19.650000000000006,149.23297763391815,4.188790204786389,153.42176783870454,2,40.0,82,4.9999999999999805,0.7461648881695908,0.8460939418623251,0.3243157119899303,1.916574542021846,True,
4,1,26,58,4,freeform,45.0,0.5,119.875,0.0,23.75,150.0,0.0,6.0,96.125,179.87515318615948,9.424777960769383,189.29993114692886,2,90.0,241,8.23535723800098,0.8993757659307974,1.9037113691902332,0.8902392310890853,3.693326366210116,True,
5,1,26,58,4,freeform,45.0,0.5,120.05,0.0,23.925,150.0,0.0,6.0,96.125,179.87515318615948,9.424777960769383,189.29993114692886,2,90.0,241,14.288780770265214,0.8993757659307974,1.9037113691902332,0.8971141678747636,3.700201302995794,True,
6,1,26,58,4,freeform,45.0,0.5,120.225,0.0,24.1,150.0,0.0,6.0,96.125,179.87515318615948,9.424777960769383,189.29993114692886,2,90.0,241,15.000000000000005,0.8993757659307974,1.9037113691902332,0.8845249092523301,3.6876120443733607,True,
7,1,26,58,4,freeform,45.0,0.5,120.4,0.0,24.275,150.0,0.0,6.0,96.125,179.87515318615948,9.424777960769383,189.29993114692886,2,90.0,241,15.000000000000005,0.8993757659307974,1.9037113691902332,0.880983277704731,3.6840704128257613,True,
8,1,26,58,4,freeform,45.0,0.5,120.575,0.0,24.45,150.0,0.0,6.0,96.125,179.87515318615948,9.424777960769383,189.29993114692886,2,90.0,241,15.000000000000005,0.8993757659307974,1.9037113691902332,0.879257077194521,3.6823442123155514,True,
9,1,54,58,34,u,0.0,0.5,119.7,0.0,13.275,0.0,28.625,6.0,106.425,139.675,18.84955592153876,158.52455592153876,2,180.0,250,17.89579182463184,0.6983750000000001,3.807422738380465,0.6278278154254187,5.133625553805884,True,
10,1,58,58,40,u,0.0,0.5,119.175,0.0,39.4,0.0,28.1,6.0,79.775,111.975,18.84955592153876,130.82455592153875,2,180.0,214,20.0,0.559875,3.807422738380465,0.4616371947450626,4.828934933125527,True,
11,1,58,58,40,u,0.0,0.5,119.35,0.0,39.225,0.0,28.275,6.0,80.125,112.67500000000001,18.84955592153876,131.52455592153876,2,180.0,214,20.0,0.5633750000000001,3.807422738380465,0.4610419405953937,4.831839678975858,True,
12,1,58,58,40,u,0.0,0.5,119.525,0.0,39.05,0.0,28.45,6.0,80.47500000000001,113.37500000000001,18.84955592153876,132.22455592153878,2,180.0,214,20.0,0.5668750000000001,3.807422738380465,0.464107554251935,4.838405292632401,True,
13,2,11,20,52,freeform,-5.0,0.5,96.1,150.0,93.225,0.0,0.0,6.0,2.875,149.07766258105767,1.0471975511965983,150.12486013225427,2,10.0,213,19.999999999999996,0.7453883129052884,0.2115234854655815,0.6393457177213637,1.5962575160922337,True,
14,2,11,20,52,freeform,-5.0,0.5,96.275,150.0,93.4,0.0,0.0,6.0,2.875,149.07766258105767,1.0471975511965983,150.12486013225427,2,10.0,213,19.999999999999996,0.7453883129052884,0.2115234854655815,0.6382445242349674,1.5951563226058374,True,
15,2,11,20,52,freeform,-5.0,0.5,96.45,150.0,93.575,0.0,0.0,6.0,2.875,149.07766258105767,1.0471975511965983,150.12486013225427,2,10.0,213,19.999999999999996,0.7453883129052884,0.2115234854655815,0.6381849903914243,1.5950967887622942,True,
16,2,11,20,52,freeform,-5.0,0.5,96.625,150.0,93.75,0.0,0.0,6.0,2.875,149.07766258105767,1.0471975511965983,150.12486013225427,2,10.0,213,19.999999999999996,0.7453883129052884,0.2115234854655815,0.6368456896261095,1.5937574879969794,True,
17,2,56,20,36,freeform,-30.0,0.0,94.875,150.0,20.525,0.0,0.0,6.0,74.35,163.491241838907,6.283185307179586,169.7744271460866,2,59.99999999999999,246,13.872102735011007,0.817456209194535,1.2691409127934883,0.7169353696773564,2.80353249166538,True,
18,2,56,20,36,freeform,-30.0,0.0,95.05,150.0,20.7,0.0,0.0,6.0,74.35,163.491241838907,6.283185307179586,169.7744271460866,2,59.99999999999999,246,15.000000000000005,0.817456209194535,1.2691409127934883,0.7037509130957623,2.790348035083786,True,
19,2,56,20,36,freeform,-30.0,0.0,95.225,150.0,20.875,0.0,0.0,6.0,74.35,163.491241838907,6.283185307179586,169.7744271460866,2,59.99999999999999,246,15.000000000000005,0.817456209194535,1.2691409127934883,0.7059532719733005,2.792550393961324,True,
20,6,8,62,28,freeform,5.0,0.5,139.1,0.0,132.45,150.0,0.0,6.0,6.650000000000006,149.2424826405373,1.0471975511965983,150.2896801917339,2,10.0,54,9.999999999999998,0.7462124132026865,0.2115234854655815,0.21032753447287683,1.1680634331411448,True,
21,6,8,62,28,freeform,5.0,0.5,139.275,0.0,132.625,150.0,0.0,6.0,6.650000000000006,149.2424826405373,1.0471975511965983,150.2896801917339,2,10.0,54,9.999999999999998,0.7462124132026865,0.2115234854655815,0.2112203735544992,1.1689562722227673,True,
22,9,6,30,62,freeform,-5.0,0.5,141.45,150.0,139.45,0.0,0.0,6.0,2.0,149.03945925601272,1.0471975511965983,150.08665680720932,2,10.0,28,5.000000000000004,0.7451972962800636,0.2115234854655815,0.11812514750008425,1.0748459292457293,True,
23,9,6,30,62,freeform,-5.0,0.5,141.625,150.0,139.625,0.0,0.0,6.0,2.0,149.03945925601272,1.0471975511965983,150.08665680720932,2,10.0,28,5.000000000000004,0.7451972962800636,0.2115234854655815,0.12541682119056446,1.0821376029362095,True,
24,6,10,62,18,freeform,30.0,0.0,138.4,0.0,86.4,150.0,0.0,6.0,52.0,157.50257738807142,6.283185307179586,163.785762695251,2,59.99999999999999,234,9.999999999999993,0.7875128869403571,1.2691409127934883,0.6760720306125901,2.7327258303464355,True,
25,6,10,62,18,freeform,30.0,0.0,138.575,0.0,86.575,150.0,0.0,6.0,51.999999999999986,157.50257738807142,6.283185307179586,163.785762695251,2,59.99999999999999,234,9.999999999999993,0.7875128869403571,1.2691409127934883,0.664821988469709,2.7214757882035543,True,
26,6,10,62,18,freeform,30.0,0.0,138.75,0.0,86.75,150.0,0.0,6.0,52.0,157.50257738807142,6.283185307179586,163.785762695251,2,59.99999999999999,234,9.999999999999993,0.7875128869403571,1.2691409127934883,0.659821988469709,2.716475788203554,True,
27,6,10,62,18,freeform,20.0,0.0,138.925,0.0,86.925,150.0,0.0,6.0,52.000000000000014,154.93715545983702,4.18879020478639,159.1259456646234,2,40.0,216,9.019049480831233,0.7746857772991851,0.8460939418623253,0.963839890765655,2.5846196099271657,True,
28,6,11,62,52,u,0.0,0.5,137.35,0.0,94.45,0.0,18.475,6.0,42.89999999999999,55.849999999999994,18.84955592153876,74.69955592153875,2,180.0,155,20.000000000000004,0.27925,3.807422738380465,0.31872045784026126,4.405393196220727,True,
29,6,11,62,52,u,0.0,0.5,137.175,0.0,94.625,0.0,18.3,6.0,42.55000000000001,55.150000000000006,18.84955592153876,73.99955592153876,2,180.0,155,20.000000000000004,0.27575000000000005,3.807422738380465,0.32035731544227514,4.403530053822741,True,
30,6,11,62,52,u,0.0,0.5,137.525,0.0,94.275,0.0,33.35,6.0,43.25,85.95,18.84955592153876,104.79955592153877,2,180.0,155,7.608268226646565,0.42975,3.807422738380465,0.4206550127552451,4.65782775113571,True,
31,6,29,62,2,freeform,45.0,0.0,138.225,0.0,15.45,150.0,0.0,6.0,122.77499999999999,190.91394462340244,9.424777960769383,200.33872258417182,2,90.0,321,10.000000000000027,0.9545697231170123,1.9037113691902332,1.3997635784363305,4.258044670743576,True,
32,6,41,62,50,u,0.0,0.5,137.0,0.0,85.45,0.0,16.375,6.0,51.55,60.3,18.84955592153876,79.14955592153876,2,180.0,183,6.028113625157536,0.3015,3.807422738380465,0.4104168492858183,4.519339587666283,True,
33,6,51,62,48,u,0.0,0.5,137.7,0.0,76.45,0.0,33.525,6.0,61.249999999999986,104.29999999999998,18.84955592153876,123.14955592153873,2,180.0,197,13.872102735011072,0.5215,3.807422738380465,0.5592266219390224,4.888149360319487,True,
34,6,53,62,32,u,0.0,0.5,138.05,0.0,4.1,0.0,33.875,6.0,133.95000000000002,177.70000000000002,18.84955592153876,196.54955592153877,2,180.0,289,13.872102735010486,0.8885000000000001,3.807422738380465,0.7794650101704841,5.47538774855095,True,
35,6,58,62,40,u,0.0,0.5,137.875,0.0,38.875,0.0,33.7,6.0,99.0,142.4,18.84955592153876,161.24955592153876,2,180.0,245,4.999999999999997,0.7120000000000001,3.807422738380465,0.6608932886056906,5.180316026986155,True,
36,8,12,28,21,u,0.0,0.5,130.0,150.0,101.125,150.0,130.65,6.0,28.875,43.57499999999999,18.84955592153876,62.42455592153875,2,180.0,104,13.872102735011007,0.21787499999999996,3.807422738380465,0.2888097726532034,4.314107511033669,True,
37,8,12,28,21,u,0.0,0.5,130.7,150.0,100.6,150.0,135.725,6.0,30.099999999999994,34.650000000000006,18.84955592153876,53.499555921538764,2,180.0,99,19.666638215041374,0.17325000000000004,3.807422738380465,0.20369062068035484,4.18436335906082,True,
38,8,12,28,21,u,0.0,0.5,130.525,150.0,100.775,150.0,135.9,6.0,29.75,33.94999999999999,18.84955592153876,52.79955592153875,2,180.0,99,13.872102735011566,0.16974999999999996,3.807422738380465,0.21541684928581878,4.1925895876662835,True,
39,8,12,28,21,u,0.0,0.5,130.175,150.0,100.95,150.0,142.375,6.0,29.22500000000001,20.47500000000001,18.84955592153876,39.32455592153877,2,180.0,98,13.872102735011007,0.10237500000000005,3.807422738380465,0.2180359450681593,4.127833683448625,True,
40,8,16,28,14,u,0.0,0.5,131.05,150.0,69.1,150.0,116.125,6.0,61.95000000000002,105.70000000000002,18.84955592153876,124.54955592153877,2,180.0,205,15.5422799061478,0.5285000000000001,3.807422738380465,0.5267563186226581,4.862679057003123,True,
41,8,16,28,14,u,0.0,0.5,131.225,150.0,68.925,150.0,115.95,6.0,62.3,106.39999999999999,18.84955592153876,125.24955592153876,2,180.0,205,13.872102735011007,0.5319999999999999,3.807422738380465,0.5141669195239539,4.853589657904419,True,
42,8,16,28,14,u,0.0,0.5,130.35,150.0,69.625,150.0,116.825,6.0,60.724999999999994,103.07499999999999,18.84955592153876,121.92455592153874,2,180.0,200,13.872102735011007,0.5153749999999999,3.807422738380465,0.523006276479777,4.845804014860242,True,
43,8,17,28,16,u,0.0,0.5,130.875,150.0,78.275,150.0,116.3,6.0,52.599999999999994,96.0,18.84955592153876,114.84955592153875,2,180.0,177,10.244769745604327,0.48,3.807422738380465,0.4632741085375853,4.750696846918051,True,
44,8,53,28,32,freeform,-45.0,1.0,131.4,150.0,3.925,0.0,0.0,6.0,127.47500000000001,192.860748366556,9.42477796076938,202.28552632732539,2,90.0,305,13.87210273501095,0.9643037418327801,1.9037113691902325,1.3793765382151646,4.247391649238177,True,
45,8,56,28,36,freeform,-45.0,0.5,131.575,150.0,22.275,0.0,0.0,6.0,109.29999999999998,185.332416870425,9.424777960769378,194.75719483119437,2,90.0,276,13.87210273501176,0.9266620843521249,1.903711369190232,1.1784831653237153,4.008856618866073,True,
46,8,56,28,36,freeform,-45.0,0.5,131.75,150.0,22.45,0.0,0.0,6.0,109.3,185.332416870425,9.424777960769378,194.75719483119437,2,90.0,276,8.130102354155028,0.9266620843521249,1.903711369190232,1.1524415618713708,3.982815015413728,True,
47,8,56,28,36,freeform,-45.0,0.5,131.925,150.0,22.625,0.0,0.0,6.0,109.30000000000001,185.332416870425,9.424777960769378,194.75719483119437,2,90.0,274,14.22795534823752,0.9266620843521249,1.903711369190232,1.1453879111740464,3.9757613647164036,True,
48,9,13,30,22,u,0.0,0.5,139.35,150.0,105.275,150.0,113.675,6.0,34.07499999999999,82.725,18.84955592153876,101.57455592153875,2,180.0,116,29.999999999999993,0.41362499999999996,3.807422738380465,0.28857160918377633,4.509619347564241,True,
49,9,13,30,22,u,0.0,0.5,139.525,150.0,105.1,150.0,113.5,6.0,34.42500000000001,83.42500000000001,18.84955592153876,102.27455592153876,2,180.0,118,8.756231562092848,0.4171250000000001,3.807422738380465,0.3138097726532031,4.538357511033668,True,
50,9,13,30,22,u,0.0,0.5,139.0,150.0,105.625,150.0,114.025,6.0,33.375,81.32499999999999,18.84955592153876,100.17455592153874,2,180.0,116,27.952886589134987,0.40662499999999996,3.807422738380465,0.3046133250171377,4.5186610633976025,True,
51,9,13,30,22,u,0.0,0.5,139.175,150.0,105.45,150.0,113.85,6.0,33.72500000000001,82.02500000000002,18.84955592153876,100.87455592153879,2,180.0,116,29.999999999999993,0.41012500000000013,3.807422738380465,0.29404776755110495,4.51159550593157,True,
52,9,17,30,16,u,0.0,0.5,139.7,150.0,78.1,150.0,113.325,6.0,61.599999999999994,110.94999999999999,18.84955592153876,129.79955592153874,2,180.0,181,27.952886589135595,0.55475,3.807422738380465,0.4599109380443451,4.8220836764248105,True,
53,9,19,30,12,u,0.0,0.5,139.875,150.0,60.275,150.0,113.15,6.0,79.6,129.29999999999998,18.84955592153876,148.14955592153873,2,180.0,217,4.999999999999998,0.6465,3.807422738380465,0.5438991155613999,4.997821853941865,True,
54,9,19,30,12,u,0.0,0.5,140.05,150.0,60.1,150.0,112.975,6.0,79.95000000000002,130.00000000000003,18.84955592153876,148.84955592153878,2,180.0,217,4.999999999999998,0.6500000000000001,3.807422738380465,0.535714518503535,4.993137256884,True,
55,9,19,30,12,u,0.0,0.5,140.225,150.0,59.925,150.0,112.8,6.0,80.3,130.7,18.84955592153876,149.54955592153874,2,180.0,217,8.502264064028168,0.6535,3.807422738380465,0.5404466302552179,5.001369368635683,True,
56,9,39,30,56,freeform,-20.0,0.5,140.575,150.0,112.275,0.0,0.0,6.0,28.299999999999983,150.7582060170464,4.18879020478639,154.9469962218328,2,40.0,100,10.000000000000002,0.7537910300852321,0.8460939418623253,0.3609822100850721,1.9608671820326296,True,
57,9,39,30,56,freeform,-20.0,0.5,140.75,150.0,112.45,0.0,0.0,6.0,28.299999999999997,150.7582060170464,4.18879020478639,154.9469962218328,2,40.0,100,10.000000000000005,0.7537910300852321,0.8460939418623253,0.3497620331973525,1.94964700514491,True,
58,9,39,30,56,freeform,-20.0,0.5,140.925,150.0,112.625,0.0,0.0,6.0,28.30000000000001,150.7582060170464,4.18879020478639,154.9469962218328,2,40.0,100,9.999999999999995,0.7537910300852321,0.8460939418623253,0.369881241360709,1.9697662133082665,True,
59,9,51,30,48,freeform,-30.0,0.5,140.4,150.0,76.275,0.0,0.0,6.0,64.125,160.75146134629878,6.283185307179586,167.03464665347838,2,59.99999999999999,213,9.115688741610324,0.8037573067314939,1.2691409127934883,0.5969055887079557,2.669803808232938,True,
60,12,10,21,18,u,0.0,0.5,98.675,150.0,87.45,150.0,144.65,5.0,11.224999999999994,1.924999999999983,15.707963267948966,17.63296326794895,2,180.0,32,53.8429917990011,0.009624999999999915,4.76514595344064,0.06660710472786939,4.841378058168509,True,
61,12,10,21,18,u,0.0,0.5,98.5,150.0,87.625,150.0,144.825,5.0,10.875,1.2250000000000227,15.707963267948966,16.93296326794899,2,180.0,32,51.31781254651063,0.006125000000000114,4.76514595344064,0.0700893148129418,4.841360268253582,True,
62,13,10,22,18,u,0.0,0.5,103.175,150.0,87.1,150.0,140.8,6.0,16.075000000000003,10.47499999999998,18.84955592153876,29.32455592153874,2,180.0,48,20.0,0.0523749999999999,3.807422738380465,0.11056561365654112,3.970363352037006,True,
63,13,10,22,18,u,0.0,0.5,103.0,150.0,87.275,150.0,140.975,6.0,15.724999999999994,9.775000000000006,18.84955592153876,28.624555921538764,2,180.0,48,20.0,0.04887500000000003,3.807422738380465,0.11255961812930558,3.968857356509771,True,
64,10,19,18,12,u,0.0,0.5,85.175,150.0,60.45,150.0,132.05,6.0,24.724999999999994,36.62499999999997,18.84955592153876,55.47455592153873,2,180.0,90,19.666638215041676,0.18312499999999987,3.807422738380465,0.21690488632660157,4.2074526247070665,True,
65,10,19,18,12,u,0.0,0.5,85.0,150.0,60.625,150.0,132.225,6.0,24.375,35.92500000000001,18.84955592153876,54.77455592153877,2,180.0,90,24.146847996502466,0.17962500000000006,3.807422738380465,0.21619059258510037,4.203238330965566,True,
66,10,24,18,8,u,0.0,0.5,85.35,150.0,42.625,150.0,131.875,6.0,42.724999999999994,54.974999999999994,18.84955592153876,73.82455592153875,2,180.0,146,10.245861040881032,0.274875,3.807422738380465,0.3230954227211939,4.405393161101658,True,
67,33,10,60,18,freeform,30.0,0.5,130.275,0.0,86.225,150.0,0.0,6.0,44.05000000000001,155.37238130824403,6.283185307179586,161.65556661542362,2,59.99999999999999,202,9.999999999999995,0.7768619065412201,1.2691409127934883,0.5882743894901282,2.6342772088248365,True,
68,10,51,18,48,freeform,-10.0,0.5,85.875,150.0,75.75,0.0,0.0,6.0,10.125,148.7860947935778,2.094395102393195,150.880489895971,2,20.0,227,10.000000000000002,0.743930473967889,0.42304697093116267,0.5814590708337548,1.7484365157328066,True,
69,10,51,18,48,freeform,-10.0,0.5,86.05,150.0,75.925,0.0,0.0,6.0,10.125,148.7860947935778,2.094395102393195,150.880489895971,2,20.0,227,10.000000000000002,0.743930473967889,0.42304697093116267,0.5811019239630042,1.748079368862056,True,
70,10,53,18,32,freeform,-30.0,1.0,85.525,150.0,3.225,0.0,0.0,6.0,82.30000000000001,165.62143791873444,6.283185307179586,171.90462322591404,2,59.99999999999999,242,13.872102735011007,0.8281071895936722,1.2691409127934883,0.6797329265140553,2.776981028901216,True,
71,10,58,18,40,freeform,-30.0,0.0,85.7,150.0,38.525,0.0,0.0,6.0,47.175000000000004,156.20972253459126,6.283185307179586,162.49290784177086,2,59.99999999999999,265,4.999999999999997,0.7810486126729563,1.2691409127934883,0.7752389782317994,2.825428503698244,True,
72,13,11,22,52,freeform,-5.0,0.0,104.05,150.0,93.925,0.0,0.0,6.0,10.125,149.39420441714438,1.0471975511965983,150.44140196834098,2,10.0,207,4.999999999999998,0.746971022085722,0.2115234854655815,0.6628574278232913,1.6213519353745949,True,
73,13,11,22,52,freeform,-5.0,0.0,104.225,150.0,94.1,0.0,0.0,6.0,10.125,149.39420441714438,1.0471975511965983,150.44140196834098,2,10.0,207,4.999999999999998,0.746971022085722,0.2115234854655815,0.6627383882314593,1.6212328957827626,True,
74,11,26,52,4,freeform,45.0,0.5,93.05,0.0,23.575,150.0,0.0,6.0,69.475,168.8363617489165,9.424777960769383,178.26113970968586,2,90.0,241,15.000000000000002,0.8441818087445825,1.9037113691902332,0.7333639009698493,3.481257078904665,True,
75,11,48,52,44,u,0.0,0.5,92.175,0.0,58.275,0.0,19.175,6.0,33.9,48.249999999999986,18.84955592153876,67.09955592153875,2,180.0,115,27.95288658913515,0.24124999999999994,3.807422738380465,0.2454764112246159,4.294149149605081,True,
76,11,51,52,48,u,0.0,0.5,92.0,0.0,76.625,0.0,6.05,6.0,15.375,3.4749999999999996,18.84955592153876,22.32455592153876,2,180.0,48,42.48111287543236,0.017374999999999998,3.807422738380465,0.12336325477900272,3.9481609931594677,True,
77,33,12,60,21,freeform,20.0,0.5,130.45,0.0,100.425,150.0,0.0,6.0,30.02499999999999,151.0623700587685,4.18879020478639,155.25116026355488,2,40.0,165,9.999999999999991,0.7553118502938425,0.8460939418623253,0.6227681692008603,2.224173961357028,True,
78,12,48,21,44,freeform,-20.0,0.0,99.9,150.0,57.575,0.0,0.0,6.0,42.325,153.23119192148263,4.188790204786391,157.41998212626902,2,40.0,249,3.1496921564582654,0.7661559596074132,0.8460939418623257,0.8975001404762737,2.5097500419460124,True,
79,12,48,21,44,freeform,-20.0,0.0,100.075,150.0,57.75,0.0,0.0,6.0,42.325,153.23119192148263,4.188790204786391,157.41998212626902,2,40.0,247,8.692451917641309,0.7661559596074132,0.8460939418623257,0.8808632547790056,2.4931131562487447,True,
80,12,48,21,44,freeform,-20.0,0.0,100.25,150.0,57.925,0.0,0.0,6.0,42.325,153.23119192148263,4.188790204786391,157.41998212626902,2,40.0,245,9.999999999999991,0.7661559596074132,0.8460939418623257,0.8493454367688241,2.461595338238563,True,
81,12,53,21,32,freeform,-45.0,0.0,98.85,150.0,3.4,0.0,0.0,6.0,95.44999999999999,179.59555903155763,9.42477796076938,189.020336992327,2,90.0,268,13.872102735011401,0.8979777951577882,1.9037113691902325,1.3423825056471461,4.144071669995167,True,
82,12,56,21,36,freeform,-30.0,0.0,99.025,150.0,21.75,0.0,0.0,6.0,77.275,164.27499322676806,6.283185307179586,170.55817853394765,2,59.99999999999999,251,15.000000000000002,0.8213749661338403,1.2691409127934883,0.8071437802726384,2.897659659199967,True,
83,12,56,21,36,freeform,-30.0,0.0,99.2,150.0,21.925,0.0,0.0,6.0,77.275,164.27499322676806,6.283185307179586,170.55817853394765,2,59.99999999999999,251,15.000000000000002,0.8213749661338403,1.2691409127934883,0.8101200510209836,2.9006359299483124,True,
84,12,56,21,36,freeform,-30.0,0.0,99.375,150.0,22.1,0.0,0.0,6.0,77.275,164.27499322676806,6.283185307179586,170.55817853394765,2,59.99999999999999,251,13.87210273501176,0.8213749661338403,1.2691409127934883,0.8207152489801438,2.9112311279074725,True,
85,1,13,58,22,freeform,10.0,0.5,120.925,0.0,104.925,150.0,0.0,6.0,16.0,149.3000906917926,2.0943951023931953,151.3944857941858,2,20.0,160,8.756231562092848,0.746500453458963,0.4230469709311627,0.4910417439286156,1.6605891683187415,True,
86,39,13,56,22,freeform,5.0,0.5,111.75,0.0,104.4,150.0,0.0,6.0,7.349999999999994,149.27304530057324,1.0471975511965983,150.32024285176985,2,10.0,176,4.999999999999998,0.7463652265028662,0.2115234854655815,0.6736909297281506,1.6315796416965984,True,
87,39,13,56,22,freeform,5.0,0.5,111.925,0.0,104.575,150.0,0.0,6.0,7.349999999999994,149.27304530057324,1.0471975511965983,150.32024285176985,2,10.0,176,4.999999999999998,0.7463652265028662,0.2115234854655815,0.6810718901363183,1.638960602104766,True,
88,39,13,56,22,freeform,5.0,0.5,112.1,0.0,104.75,150.0,0.0,6.0,7.349999999999994,149.27304530057324,1.0471975511965983,150.32024285176985,2,10.0,176,4.999999999999998,0.7463652265028662,0.2115234854655815,0.6846433307485702,1.642532042717018,True,
89,13,48,22,44,freeform,-20.0,0.0,103.7,150.0,58.1,0.0,0.0,6.0,45.6,153.80866278330285,4.18879020478639,157.99745298808924,2,40.0,252,9.999999999999993,0.7690433139165143,0.8460939418623253,0.9250301743029595,2.5401674300817993,True,
90,13,51,22,48,freeform,-20.0,0.5,103.875,150.0,76.1,0.0,0.0,6.0,27.775000000000006,150.66563435217444,4.18879020478639,154.85442455696082,2,40.0,225,4.999999999999998,0.7533281717608722,0.8460939418623253,0.6960118786734556,2.2954339922966533,True,
91,13,53,22,32,freeform,-45.0,1.0,103.35,150.0,3.575,0.0,0.0,6.0,99.77499999999999,181.38703268882125,9.42477796076938,190.81181064959063,2,90.0,287,4.999999999999998,0.9069351634441063,1.9037113691902325,1.1236913511569655,3.9343378837913043,True,
92,13,57,22,38,freeform,-45.0,0.5,103.525,150.0,30.225,0.0,0.0,6.0,73.30000000000001,170.4207286249936,9.424777960769378,179.84550658576296,2,90.0,278,4.999999999999998,0.852103643124968,1.903711369190232,1.050357821156854,3.806172833472054,True,
93,14,16,26,14,u,0.0,0.5,121.35,150.0,69.45,150.0,121.55,6.0,51.89999999999999,84.8,18.84955592153876,103.64955592153876,2,180.0,167,13.872102735011007,0.424,3.807422738380465,0.38952401020419625,4.620946748584662,True,
94,14,16,26,14,u,0.0,0.5,121.525,150.0,69.275,150.0,121.375,6.0,52.25,85.5,18.84955592153876,104.34955592153875,2,180.0,167,19.666638215041246,0.4275,3.807422738380465,0.3878871245069282,4.622809862887394,True,
95,14,17,26,16,u,0.0,0.5,121.0,150.0,78.625,150.0,121.9,6.0,42.375,74.57499999999999,18.84955592153876,93.42455592153874,2,180.0,136,11.72939149765596,0.37287499999999996,3.807422738380465,0.316518070867469,4.496815809247933,True,
96,14,17,26,16,u,0.0,0.5,121.175,150.0,78.45,150.0,121.725,6.0,42.724999999999994,75.275,18.84955592153876,94.12455592153876,2,180.0,136,17.164803200024963,0.376375,3.807422738380465,0.3136013901531753,4.49739912853364,True,
97,14,18,26,10,u,0.0,0.5,121.7,150.0,51.625,150.0,121.025,6.0,70.075,104.02499999999999,18.84955592153876,122.87455592153876,2,180.0,204,20.0,0.520125,3.807422738380465,0.4605360012586672,4.7880837396391325,True,
98,14,18,26,10,u,0.0,0.5,121.875,150.0,51.45,150.0,120.85,6.0,70.425,104.72500000000001,18.84955592153876,123.57455592153877,2,180.0,204,20.0,0.523625,3.807422738380465,0.46047646741512405,4.791524205795589,True,
99,14,18,26,10,u,0.0,0.5,122.05,150.0,51.275,150.0,120.675,6.0,70.775,105.425,18.84955592153876,124.27455592153876,2,180.0,204,20.0,0.527125,3.807422738380465,0.4566371104593008,4.791184848839766,True,
100,14,18,26,10,u,0.0,0.5,122.225,150.0,51.1,150.0,120.5,6.0,71.125,106.125,18.84955592153876,124.97455592153875,2,180.0,204,20.0,0.530625,3.807422738380465,0.45738115707494653,4.795428895455411,True,
101,33,14,60,26,freeform,5.0,0.5,130.625,0.0,123.625,150.0,0.0,6.0,7.0,149.2577639705553,1.047197551196597,150.3049615217519,2,10.0,104,5.000000000000001,0.7462888198527765,0.21152348546558122,0.3842860434015484,1.342098348719906,True,
102,14,38,26,54,freeform,-20.0,0.0,122.925,150.0,103.1,0.0,0.0,6.0,19.825000000000003,149.26383485554214,4.18879020478639,153.45262506032853,2,40.0,219,10.000000000000005,0.7463191742777108,0.8460939418623253,0.844196644302846,2.4366097604428822,True,
103,14,38,26,54,freeform,-20.0,0.0,123.1,150.0,103.275,0.0,0.0,6.0,19.82499999999999,149.26383485554214,4.18879020478639,153.45262506032853,2,40.0,219,10.000000000000005,0.7463191742777108,0.8460939418623253,0.8251191238775961,2.417532240017632,True,
104,14,38,26,54,freeform,-20.0,0.5,123.275,150.0,103.45,0.0,0.0,6.0,19.825000000000003,149.26383485554214,4.188790204786389,153.45262506032853,2,40.0,165,9.999999999999998,0.7463191742777108,0.8460939418623251,0.559196925255386,2.151610041395422,True,
105,14,53,26,32,freeform,-45.0,1.0,122.4,150.0,3.75,0.0,0.0,6.0,118.65,189.20531367861344,9.42477796076938,198.6300916393828,2,90.0,288,15.000000000000002,0.9460265683930672,1.9037113691902325,1.2892572457660456,4.138995183349345,True,
106,14,58,26,40,freeform,-45.0,0.5,122.575,150.0,38.7,0.0,0.0,6.0,83.875,174.80103704708907,9.424777960769378,184.22581500785844,2,90.0,259,4.999999999999984,0.8740051852354453,1.903711369190232,0.920417326905141,3.6981338813308184,True,
107,16,20,14,6,u,0.0,0.5,67.0,150.0,32.575,150.0,138.875,6.0,34.425,32.675,18.84955592153876,51.524555921538756,2,180.0,106,27.952886589134927,0.163375,3.807422738380465,0.23363117112257403,4.204428909503039,True,
108,16,20,14,6,u,0.0,0.5,67.175,150.0,32.4,150.0,138.7,6.0,34.775,33.37500000000002,18.84955592153876,52.22455592153878,2,180.0,106,31.332206707233183,0.1668750000000001,3.807422738380465,0.23892878414978147,4.213226522530246,True,
109,16,20,14,6,u,0.0,0.5,67.35,150.0,32.225,150.0,138.525,6.0,35.12499999999999,34.07499999999998,18.84955592153876,52.92455592153874,2,180.0,106,34.41150866976915,0.17037499999999992,3.807422738380465,0.23744060663272765,4.2152383450131925,True,
110,16,20,14,6,u,0.0,0.5,67.525,150.0,32.05,150.0,138.35,6.0,35.47500000000001,34.77500000000002,18.84955592153876,53.62455592153878,2,180.0,106,37.26596292649413,0.1738750000000001,3.807422738380465,0.23473225222795374,4.216029990608419,True,
111,33,16,60,14,freeform,30.0,1.0,129.925,0.0,68.575,150.0,0.0,6.0,61.35000000000001,160.00790233730243,6.283185307179586,166.29108764448202,2,59.99999999999999,250,9.999999999999993,0.8000395116865121,1.2691409127934883,0.6493457177213635,2.718526142201364,True,
112,33,16,60,14,freeform,30.0,1.0,130.1,0.0,68.75,150.0,0.0,6.0,61.349999999999994,160.00790233730243,6.283185307179586,166.29108764448202,2,59.99999999999999,250,9.999999999999993,0.8000395116865121,1.2691409127934883,0.6673219603744547,2.7365023848544547,True,
113,16,48,14,44,freeform,-10.0,0.5,68.225,150.0,56.7,0.0,0.0,6.0,11.524999999999991,148.9085789225141,2.094395102393195,151.0029740249073,2,20.0,253,5.0000000000000115,0.7445428946125705,0.42304697093116267,0.7417265095580076,1.9093163751017408,True,
114,16,48,14,44,freeform,-10.0,0.5,68.4,150.0,56.875,0.0,0.0,6.0,11.525000000000006,148.9085789225141,2.094395102393195,151.0029740249073,2,20.0,253,5.0000000000000115,0.7445428946125705,0.42304697093116267,0.743541996785905,1.911131862329638,True,
115,16,53,14,32,freeform,-30.0,0.5,67.7,150.0,2.875,0.0,0.0,6.0,64.825,160.9390257810006,6.283185307179586,167.2222110881802,2,59.99999999999999,215,15.000000000000005,0.8046951289050029,1.2691409127934883,0.5737506602384729,2.647586701936964,True,
116,16,56,14,36,freeform,-30.0,0.5,67.875,150.0,20.175,0.0,0.0,6.0,47.7,156.3503958606176,6.283185307179586,162.6335811677972,2,59.99999999999999,208,19.999999999999996,0.781751979303088,1.2691409127934883,0.5544650382657362,2.6053579303623127,True,
117,16,56,14,36,freeform,-30.0,0.5,68.05,150.0,20.35,0.0,0.0,6.0,47.699999999999996,156.3503958606176,6.283185307179586,162.6335811677972,2,59.99999999999999,208,19.999999999999996,0.781751979303088,1.2691409127934883,0.5488995369902118,2.599792429086788,True,
118,17,21,16,0,u,0.0,0.5,76.0,150.0,5.925,150.0,135.9,6.0,70.075,74.27499999999999,18.84955592153876,93.12455592153876,2,180.0,208,37.26596292649413,0.37137499999999996,3.807422738380465,0.42187510535720246,4.600672843737667,True,
119,17,21,16,0,u,0.0,0.5,76.175,150.0,5.75,150.0,135.725,6.0,70.425,74.97500000000001,18.84955592153876,93.82455592153877,2,180.0,208,34.41150866976915,0.37487500000000007,3.807422738380465,0.4165477113605963,4.598845449741062,True,
120,17,21,16,0,u,0.0,0.5,76.35,150.0,5.575,150.0,135.55,6.0,70.77499999999999,75.67499999999997,18.84955592153876,94.52455592153873,2,180.0,208,31.332206707233183,0.37837499999999985,3.807422738380465,0.4112500702381347,4.5970478086185995,True,
121,17,21,16,0,u,0.0,0.5,76.525,150.0,5.4,150.0,135.375,6.0,71.125,76.375,18.84955592153876,95.22455592153875,2,180.0,208,27.952886589134927,0.381875,3.807422738380465,0.4095536787925777,4.598851417173043,True,
122,17,48,16,44,freeform,-20.0,0.5,76.875,150.0,57.05,0.0,0.0,6.0,19.825000000000003,149.26383485554214,4.188790204786391,153.45262506032853,2,40.0,247,9.999999999999993,0.7463191742777108,0.8460939418623257,0.6823213141836101,2.2747344303236465,True,
123,17,48,16,44,freeform,-20.0,0.5,77.05,150.0,57.225,0.0,0.0,6.0,19.824999999999996,149.26383485554214,4.188790204786391,153.45262506032853,2,40.0,247,9.999999999999993,0.7463191742777108,0.8460939418623257,0.683958199880878,2.2763713160209145,True,
124,17,48,16,44,freeform,-20.0,0.5,77.225,150.0,57.4,0.0,0.0,6.0,19.824999999999996,149.26383485554214,4.188790204786391,153.45262506032853,2,40.0,249,9.228493068386255,0.7463191742777108,0.8460939418623257,0.6993749367856803,2.2917880529257166,True,
125,17,53,16,32,freeform,-30.0,0.5,76.7,150.0,3.05,0.0,0.0,6.0,73.65,163.30367740420525,6.283185307179586,169.58686271138484,2,59.99999999999999,220,15.000000000000005,0.8165183870210262,1.2691409127934883,0.5884530753065198,2.674112375121034,True,
126,18,20,10,6,u,0.0,0.5,49.0,150.0,33.625,150.0,142.375,6.0,15.375,6.625,18.84955592153876,25.47455592153876,2,180.0,48,51.011332559848555,0.033125,3.807422738380465,0.10622040164975331,3.9467681400302186,True,
127,18,20,10,6,u,0.0,0.5,49.175,150.0,33.45,150.0,142.2,6.0,15.724999999999994,7.325000000000017,18.84955592153876,26.174555921538776,2,180.0,48,52.690935831567884,0.03662500000000009,3.807422738380465,0.10702392591843383,3.9510716642988988,True,
128,18,21,10,0,u,0.0,0.5,49.35,150.0,6.625,150.0,142.025,6.0,42.725,34.67499999999999,18.84955592153876,53.52455592153875,2,180.0,140,39.94450518981498,0.17337499999999995,3.807422738380465,0.30651798658170665,4.287315724962172,True,
129,18,21,10,0,u,0.0,0.5,49.525,150.0,6.45,150.0,141.85,6.0,43.074999999999996,35.375000000000014,18.84955592153876,54.22455592153877,2,180.0,140,37.26596292649413,0.1768750000000001,3.807422738380465,0.3023215108503872,4.286619249230852,True,
130,39,18,56,10,freeform,45.0,0.5,111.4,0.0,50.75,150.0,0.0,6.0,60.650000000000006,165.18092706097394,9.424777960769383,174.60570502174332,2,90.0,248,4.999999999999998,0.8259046353048697,1.9037113691902332,0.7904772821774964,3.5200932866725996,True,
131,39,18,56,10,freeform,45.0,0.5,111.575,0.0,50.925,150.0,0.0,6.0,60.650000000000006,165.18092706097394,9.424777960769383,174.60570502174332,2,90.0,248,4.999999999999998,0.8259046353048697,1.9037113691902332,0.7728581863951559,3.502474190890259,True,
132,41,18,50,10,freeform,20.0,0.5,84.4,0.0,50.225,150.0,0.0,6.0,34.175000000000004,151.79412702870863,4.188790204786391,155.98291723349502,2,40.0,243,9.999999999999998,0.7589706351435431,0.8460939418623257,0.8437204859355175,2.4487850629413863,True,
133,41,18,50,10,freeform,20.0,0.5,84.575,0.0,50.4,150.0,0.0,6.0,34.175000000000004,151.79412702870863,4.188790204786391,155.98291723349502,2,40.0,243,9.999999999999998,0.7589706351435431,0.8460939418623257,0.8412502669049162,2.446314843910785,True,
134,18,53,10,32,freeform,-30.0,0.5,49.7,150.0,2.7,0.0,0.0,6.0,47.0,156.16283142591584,6.283185307179586,162.44601673309543,2,59.99999999999999,156,4.999999999999997,0.7808141571295792,1.2691409127934883,0.4132440466156454,2.463199116538713,True,
135,18,58,10,40,freeform,-5.0,0.0,49.875,150.0,38.35,0.0,0.0,6.0,11.524999999999999,149.4553297372163,1.0471975511965976,150.5025272884129,2,10.0,207,4.999999999999984,0.7472766486860815,0.21152348546558136,0.8380061921940148,1.7968063263456777,True,
136,19,20,12,6,u,0.0,0.5,58.0,150.0,33.275,150.0,140.625,6.0,24.725,19.475,18.84955592153876,38.32455592153876,2,180.0,78,37.26596292649413,0.097375,3.807422738380465,0.1802085229762988,4.085006261356764,True,
137,19,20,12,6,u,0.0,0.5,58.175,150.0,33.1,150.0,140.45,6.0,25.074999999999996,20.17500000000002,18.84955592153876,39.02455592153878,2,180.0,78,39.94450518981498,0.10087500000000009,3.807422738380465,0.17797635503410758,4.086274093414573,True,
138,19,20,12,6,u,0.0,0.5,58.35,150.0,32.925,150.0,140.275,6.0,25.425000000000004,20.874999999999993,18.84955592153876,39.72455592153875,2,180.0,78,42.48111287543219,0.10437499999999997,3.807422738380465,0.1743751615477113,4.086172899928177,True,
139,19,20,12,6,u,0.0,0.5,58.525,150.0,32.75,150.0,140.1,6.0,25.775,21.57500000000001,18.84955592153876,40.42455592153877,2,180.0,78,44.90052796068899,0.10787500000000005,3.807422738380465,0.1716965600170819,4.086994298397547,True,
140,19,21,12,0,u,0.0,0.5,58.875,150.0,6.275,150.0,139.75,6.0,52.6,49.1,18.84955592153876,67.94955592153876,2,180.0,163,31.332206707233127,0.24550000000000002,3.807422738380465,0.3300000842857622,4.382922822666227,True,
141,19,21,12,0,u,0.0,0.5,59.05,150.0,6.1,150.0,139.575,6.0,52.949999999999996,49.80000000000002,18.84955592153876,68.64955592153878,2,180.0,163,27.952886589134927,0.2490000000000001,3.807422738380465,0.3257739118708067,4.382196650251272,True,
142,19,26,12,4,u,0.0,0.5,58.7,150.0,24.625,150.0,139.925,6.0,34.075,30.22499999999998,18.84955592153876,49.07455592153874,2,180.0,104,34.41150866976964,0.1511249999999999,3.807422738380465,0.23473230841846185,4.193280046798927,True,
143,19,48,12,44,freeform,-5.0,0.5,59.225,150.0,56.35,0.0,0.0,6.0,2.875,149.07766258105767,1.0471975511965976,150.12486013225427,2,10.0,237,4.999999999999998,0.7453883129052884,0.21152348546558136,0.7418458301023804,1.69875762847325,True,
144,19,48,12,44,freeform,-5.0,0.5,59.4,150.0,56.525,0.0,0.0,6.0,2.875,149.07766258105767,1.0471975511965976,150.12486013225427,2,10.0,237,4.999999999999998,0.7453883129052884,0.21152348546558136,0.7427982311228,1.6997100294936698,True,
145,49,19,46,12,freeform,10.0,0.5,66.925,0.0,59.575,150.0,0.0,6.0,7.349999999999994,148.54331375229336,2.0943951023931953,150.63770885468657,2,20.0,242,4.999999999999998,0.7427165687614669,0.4230469709311627,0.7407444399492049,1.9065079796418345,True,
146,1,20,58,6,freeform,45.0,0.5,120.75,0.0,31.875,150.0,0.0,6.0,88.875,176.87210485895451,9.424777960769383,186.2968828197239,2,90.0,231,11.656623636103575,0.8843605242947726,1.9037113691902332,0.8081557151365995,3.5962276086216054,True,
147,48,20,44,6,freeform,20.0,0.5,56.0,0.0,31.7,150.0,0.0,6.0,24.3,150.05289809421254,4.188790204786391,154.24168829899892,2,40.0,198,4.9999999999999964,0.7502644904710627,0.8460939418623257,0.6590475989795818,2.2554060313129702,True,
148,20,53,6,32,freeform,-30.0,0.0,31.0,150.0,2.35,0.0,0.0,6.0,28.65,151.24596374480473,6.283185307179586,157.52914905198432,2,59.99999999999999,98,9.999999999999998,0.7562298187240236,1.2691409127934883,0.2782146870750593,2.3035854185925713,True,
149,20,53,6,32,freeform,-30.0,0.0,31.175,150.0,2.525,0.0,0.0,6.0,28.650000000000002,151.24596374480473,6.283185307179586,157.52914905198432,2,59.99999999999999,98,9.999999999999998,0.7562298187240236,1.2691409127934883,0.2658930638436556,2.2912637953611674,True,
150,20,57,6,38,freeform,-5.0,0.0,31.525,150.0,29.525,0.0,0.0,6.0,2.0,149.03945925601272,1.0471975511965979,150.08665680720932,2,10.0,136,5.000000000000003,0.7451972962800636,0.21152348546558142,0.4912799354932959,1.4480007172389409,True,
151,2,21,20,0,u,0.0,0.5,94.175,150.0,5.225,150.0,128.9,6.0,88.95,107.14999999999999,18.84955592153876,125.99955592153876,2,180.0,269,27.95288658913529,0.53575,3.807422738380465,0.5473810727891835,4.8905538111696485,True,
152,2,21,20,0,u,0.0,0.5,94.35,150.0,5.05,150.0,128.725,6.0,89.3,107.85000000000001,18.84955592153876,126.69955592153877,2,180.0,271,3.1496921564582654,0.53925,3.807422738380465,0.5846429655102657,4.931315703890731,True,
153,2,21,20,0,u,0.0,0.5,94.525,150.0,4.875,150.0,128.55,6.0,89.65,108.54999999999998,18.84955592153876,127.39955592153873,2,180.0,273,8.692451917641309,0.54275,3.807422738380465,0.6063096883674414,4.956482426747907,True,
154,2,21,20,0,u,0.0,0.5,94.7,150.0,4.7,150.0,128.375,6.0,90.0,109.25,18.84955592153876,128.09955592153875,2,180.0,275,11.89187472662145,0.54625,3.807422738380465,0.6220835159524856,4.97575625433295,True,
155,2,24,20,8,u,0.0,0.5,94.0,150.0,42.45,150.0,129.075,6.0,51.55,69.40000000000002,18.84955592153876,88.24955592153879,2,180.0,187,9.999999999999998,0.3470000000000001,3.807422738380465,0.3869644482653988,4.541387186645864,True,
156,47,24,42,8,freeform,5.0,0.0,47.0,0.0,40.7,150.0,0.0,6.0,6.299999999999997,149.22720131051932,1.0471975511965976,150.27439886171592,2,10.0,192,4.999999999999997,0.7461360065525966,0.21152348546558136,0.7163101378915087,1.6739696299096867,True,
157,47,24,42,8,freeform,5.0,0.0,47.175,0.0,40.875,150.0,0.0,6.0,6.299999999999997,149.22720131051932,1.0471975511965976,150.27439886171592,2,10.0,192,4.999999999999997,0.7461360065525966,0.21152348546558136,0.718929205578595,1.676588697596773,True,
158,24,54,8,34,freeform,-30.0,0.0,40.175,150.0,12.925,0.0,0.0,6.0,27.249999999999996,150.87083487540116,6.283185307179586,157.15402018258075,2,59.99999999999999,126,4.999999999999998,0.7543541743770058,1.2691409127934883,0.3594646449321779,2.382959732102672,True,
159,24,54,8,34,freeform,-30.0,0.0,40.35,150.0,13.1,0.0,0.0,6.0,27.25,150.87083487540116,6.283185307179586,157.15402018258075,2,59.99999999999999,126,4.999999999999999,0.7543541743770058,1.2691409127934883,0.35806558556128676,2.381560672731781,True,
160,26,54,4,34,freeform,-10.0,0.5,22.0,150.0,12.4,0.0,0.0,6.0,9.6,148.74016324522668,2.094395102393195,150.8345583476199,2,20.0,74,4.999999999999996,0.7437008162261334,0.42304697093116267,0.3279168773810726,1.4946646645383685,True,
161,26,54,4,34,freeform,-10.0,0.5,22.175,150.0,12.575,0.0,0.0,6.0,9.600000000000001,148.74016324522668,2.0943951023931953,150.8345583476199,2,20.0,74,4.999999999999998,0.7437008162261334,0.4230469709311627,0.33523847251722216,1.5019862596745184,True,
162,57,26,38,4,freeform,10.0,0.0,29.35,0.0,22.525,150.0,0.0,6.0,6.825000000000003,148.49738220394227,2.094395102393195,150.59177730633547,2,20.0,117,5.0,0.7424869110197113,0.42304697093116267,0.45339309193890953,1.6189269738897836,True,
163,58,26,40,4,freeform,20.0,0.0,38.175,0.0,22.7,150.0,0.0,6.0,15.474999999999998,148.49681248946032,4.188790204786391,152.6856026942467,2,40.0,139,5.0,0.7424840624473016,0.8460939418623257,0.5505659507995908,2.139143955109218,True,
164,24,29,8,2,u,0.0,0.5,40.0,150.0,15.625,150.0,143.95,6.0,24.375,12.475000000000023,18.84955592153876,31.32455592153878,2,180.0,80,46.56746344221026,0.06237500000000012,3.807422738380465,0.17735137610554821,4.047149114486014,True,
165,57,29,38,2,freeform,10.0,0.0,29.0,0.0,14.75,150.0,0.0,6.0,14.25,149.14698553062223,2.0943951023931957,151.24138063301544,2,20.0,122,9.999999999999998,0.7457349276531112,0.42304697093116284,0.5184823786565974,1.6872642772408715,True,
166,57,29,38,2,freeform,10.0,0.0,29.175,0.0,14.925,150.0,0.0,6.0,14.25,149.14698553062223,2.0943951023931957,151.24138063301544,2,20.0,122,9.999999999999998,0.7457349276531112,0.42304697093116284,0.5198514884865648,1.688633387070839,True,
167,33,47,60,42,u,0.0,0.5,128.0,0.0,49.1,0.0,29.675,6.0,78.9,114.25,18.84955592153876,133.09955592153875,2,180.0,229,20.0,0.57125,3.807422738380465,0.521696812874369,4.900369551254834,True,
168,33,47,60,42,u,0.0,0.5,128.175,0.0,48.925,0.0,29.85,6.0,79.25000000000001,114.95000000000002,18.84955592153876,133.79955592153877,2,180.0,229,20.0,0.5747500000000001,3.807422738380465,0.5208635638267981,4.903036302207263,True,
169,33,47,60,42,u,0.0,0.5,128.35,0.0,48.75,0.0,30.025,6.0,79.6,115.65,18.84955592153876,134.49955592153876,2,180.0,229,20.0,0.57825,3.807422738380465,0.5180658384185742,4.903738576799039,True,
170,33,47,60,42,u,0.0,0.5,128.525,0.0,48.575,0.0,30.2,6.0,79.95,116.35000000000001,18.84955592153876,135.19955592153877,2,180.0,229,20.0,0.5817500000000001,3.807422738380465,0.5285123001022664,4.917685038482732,True,
171,33,47,60,42,u,0.0,0.5,128.7,0.0,48.4,0.0,30.375,6.0,80.29999999999998,117.04999999999998,18.84955592153876,135.89955592153873,2,180.0,229,20.0,0.5852499999999999,3.807422738380465,0.5334527662587237,4.926125504639189,True,
172,33,47,60,42,u,0.0,0.5,128.875,0.0,48.225,0.0,30.55,6.0,80.65,117.75,18.84955592153876,136.59955592153875,2,180.0,229,20.0,0.58875,3.807422738380465,0.5320837688097728,4.928256507190238,True,
173,33,47,60,42,u,0.0,0.5,129.05,0.0,48.05,0.0,30.725,6.0,81.00000000000001,118.45000000000002,18.84955592153876,137.29955592153877,2,180.0,229,20.0,0.59225,3.807422738380465,0.5267564310036749,4.92642916938414,True,
174,33,47,60,42,u,0.0,0.5,129.225,0.0,47.875,0.0,30.9,6.0,81.35,119.15,18.84955592153876,137.99955592153876,2,180.0,231,11.99537495714989,0.59575,3.807422738380465,0.5403576244900713,4.943530362870536,True,
175,33,47,60,42,u,0.0,0.5,129.4,0.0,47.7,0.0,31.075,6.0,81.7,119.85000000000001,18.84955592153876,138.69955592153877,2,180.0,231,20.0,0.5992500000000001,3.807422738380465,0.5216075823471897,4.928280320727654,True,
176,33,47,60,42,u,0.0,0.5,129.575,0.0,47.525,0.0,31.25,6.0,82.04999999999998,120.54999999999998,18.84955592153876,139.39955592153873,2,180.0,231,20.0,0.6027499999999999,3.807422738380465,0.5120837126192643,4.92225645099973,True,
177,33,53,60,32,u,0.0,0.5,129.75,0.0,4.275,0.0,31.425,6.0,125.475,164.32500000000002,18.84955592153876,183.17455592153877,2,180.0,292,9.019049480831233,0.821625,3.807422738380465,0.7093160491329821,5.3383637875134475,True,
178,14,38,26,54,freeform,-20.0,0.0,123.45,150.0,103.625,0.0,0.0,6.0,19.825000000000003,149.26383485554214,4.18879020478639,153.45262506032853,2,40.0,221,10.000000000000005,0.7463191742777108,0.8460939418623253,0.862381213265457,2.4547943294054932,True,
179,38,18,54,10,freeform,20.0,1.0,102.925,0.0,50.575,150.0,0.0,6.0,52.349999999999994,154.99886990308497,4.188790204786391,159.18766010787135,2,40.0,316,9.999999999999996,0.7749943495154249,0.8460939418623257,1.2854767202724129,2.9065650116501636,True,
180,38,29,54,2,freeform,45.0,0.5,102.575,0.0,15.1,150.0,0.0,6.0,87.47500000000001,176.2922058716322,9.424777960769383,185.71698383240158,2,90.0,251,10.000000000000002,0.8814610293581611,1.9037113691902332,0.8332450580447959,3.6184174565931904,True,
181,38,29,54,2,freeform,45.0,0.5,102.75,0.0,15.275,150.0,0.0,6.0,87.475,176.2922058716322,9.424777960769383,185.71698383240158,2,90.0,251,10.000000000000023,0.8814610293581611,1.9037113691902332,0.8407151365991262,3.6258875351475206,True,
182,38,41,54,50,u,0.0,0.5,101.0,0.0,85.625,0.0,9.9,6.0,15.375,11.175,18.84955592153876,30.02455592153876,2,180.0,54,42.481112875432366,0.05587500000000001,3.807422738380465,0.15032753447287686,4.013625272853342,True,
183,38,49,54,46,u,0.0,0.5,101.35,0.0,67.625,0.0,22.85,6.0,33.724999999999994,55.425,18.84955592153876,74.27455592153876,2,180.0,124,20.0,0.277125,3.807422738380465,0.282172802670173,4.366720541050638,True,
184,38,49,54,46,u,0.0,0.5,101.525,0.0,67.45,0.0,23.025,6.0,34.075,56.125,18.84955592153876,74.97455592153875,2,180.0,124,20.0,0.280625,3.807422738380465,0.28413708236404706,4.372184820744512,True,
185,38,53,54,32,u,0.0,0.5,101.175,0.0,4.625,0.0,22.15,6.0,96.55,116.85,18.84955592153876,135.69955592153875,2,180.0,259,20.0,0.5842499999999999,3.807422738380465,0.5696431902722989,4.961315928652764,True,
186,38,53,54,32,u,0.0,0.5,102.4,0.0,4.45,0.0,23.9,6.0,97.95,121.75,18.84955592153876,140.59955592153875,2,180.0,255,20.0,0.60875,3.807422738380465,0.5669051391838892,4.983077877564354,True,
187,38,57,54,38,u,0.0,0.5,101.7,0.0,30.925,0.0,23.2,6.0,70.775,93.17500000000001,18.84955592153876,112.02455592153876,2,180.0,208,15.10856902762637,0.46587500000000004,3.807422738380465,0.4833038333164757,4.756601571696941,True,
188,38,57,54,38,u,0.0,0.5,101.875,0.0,30.75,0.0,23.375,6.0,71.125,93.875,18.84955592153876,112.72455592153875,2,180.0,208,20.0,0.469375,3.807422738380465,0.46735143229605586,4.744149170676521,True,
189,38,57,54,38,u,0.0,0.5,102.05,0.0,30.575,0.0,23.55,6.0,71.475,94.57499999999999,18.84955592153876,113.42455592153874,2,180.0,208,20.0,0.47287499999999993,3.807422738380465,0.464881128979692,4.745178867360157,True,
190,39,24,56,8,freeform,45.0,0.5,111.225,0.0,42.275,150.0,0.0,6.0,68.94999999999999,168.6188996286706,9.424777960769383,178.04367758943997,2,90.0,242,10.00000000000002,0.843094498143353,1.9037113691902332,0.7529770012249529,3.4997828685585395,True,
191,39,41,56,50,u,0.0,0.5,110.0,0.0,85.275,0.0,26.525,6.0,24.724999999999994,53.77499999999999,18.84955592153876,72.62455592153876,2,180.0,100,13.872102735011056,0.268875,3.807422738380465,0.2830062202892687,4.3593039586697335,True,
192,39,41,56,50,u,0.0,0.5,110.175,0.0,85.1,0.0,15.85,6.0,25.075000000000003,32.775000000000006,18.84955592153876,51.624555921538764,2,180.0,90,6.028113625157536,0.16387500000000002,3.807422738380465,0.22226211748311472,4.19355985586358,True,
193,39,41,56,50,u,0.0,0.5,110.35,0.0,84.925,0.0,16.025,6.0,25.424999999999997,33.474999999999994,18.84955592153876,52.32455592153875,2,180.0,90,6.0281136251575465,0.16737499999999997,3.807422738380465,0.20616081161570174,4.180958549996166,True,
194,39,47,56,42,u,0.0,0.5,110.7,0.0,49.625,0.0,26.875,6.0,61.075,90.825,18.84955592153876,109.67455592153877,2,180.0,180,19.999999999999996,0.454125,3.807422738380465,0.3773217075171656,4.638869445897631,True,
195,39,47,56,42,u,0.0,0.5,110.875,0.0,49.45,0.0,27.05,6.0,61.425,91.52499999999999,18.84955592153876,110.37455592153876,2,180.0,180,19.999999999999996,0.45762499999999995,3.807422738380465,0.3707443275681867,4.635792065948652,True,
196,39,47,56,42,u,0.0,0.5,111.05,0.0,49.275,0.0,27.225,6.0,61.775,92.225,18.84955592153876,111.07455592153875,2,180.0,180,19.999999999999996,0.461125,3.807422738380465,0.36994066282323534,4.6384884012037,True,
197,39,49,56,46,u,0.0,0.5,110.525,0.0,67.275,0.0,26.7,6.0,43.25,72.65,18.84955592153876,91.49955592153876,2,180.0,143,19.999999999999996,0.36325,3.807422738380465,0.31889905937089075,4.489571797751355,True,
198,1,41,58,50,u,0.0,0.5,119.0,0.0,84.75,0.0,16.2,6.0,34.25,42.650000000000006,18.84955592153876,61.499555921538764,2,180.0,119,6.894391385750718,0.21325000000000002,3.807422738380465,0.26369062068035454,4.28436335906082,True,
199,41,24,50,8,freeform,20.0,0.0,84.05,0.0,41.925,150.0,0.0,5.0,42.125,153.90123444817476,3.490658503988659,157.39189295216343,2,40.0,247,9.999999999999998,0.7695061722408738,1.0589213229868089,0.9240776889967769,2.7525051842244594,True,
200,41,24,50,8,freeform,20.0,0.0,84.225,0.0,42.1,150.0,0.0,6.0,42.12499999999999,153.19592652534092,4.188790204786391,157.3847167301273,2,40.0,247,9.999999999999998,0.7659796326267047,0.8460939418623257,0.9157146027892987,2.527788177278329,True,
201,41,54,50,34,u,0.0,0.5,83.875,0.0,13.45,0.0,16.725,6.0,70.425,79.875,18.84955592153876,98.72455592153875,2,180.0,204,15.203604093292883,0.39937500000000004,3.807422738380465,0.44500033714304904,4.651798075523514,True,
202,41,57,50,38,u,0.0,0.5,83.525,0.0,31.275,0.0,16.375,6.0,52.25000000000001,61.00000000000001,18.84955592153876,79.84955592153877,2,180.0,169,20.0,0.30500000000000005,3.807422738380465,0.3528275344728764,4.465250272853341,True,
203,41,58,50,40,u,0.0,0.5,83.0,0.0,40.625,0.0,15.85,6.0,42.375,50.075,18.84955592153876,68.92455592153877,2,180.0,144,20.0,0.250375,3.807422738380465,0.3134227886225458,4.371220527003011,True,
204,41,58,50,40,u,0.0,0.5,83.175,0.0,40.45,0.0,16.025,6.0,42.724999999999994,50.77499999999999,18.84955592153876,69.62455592153876,2,180.0,144,20.0,0.25387499999999996,3.807422738380465,0.31139900318038277,4.372696741560848,True,
205,41,58,50,40,u,0.0,0.5,83.35,0.0,40.275,0.0,16.2,6.0,43.074999999999996,51.474999999999994,18.84955592153876,70.32455592153875,2,180.0,144,20.0,0.25737499999999996,3.807422738380465,0.30693469539125456,4.37173243377172,True,
206,14,47,26,42,freeform,-45.0,0.5,122.75,150.0,47.35,0.0,0.0,6.0,75.4,171.2905771059771,9.424777960769378,180.71535506674647,2,90.0,254,9.999999999999998,0.8564528855298855,1.903711369190232,0.796697150017421,3.5568614047375386,True,
207,48,18,44,10,freeform,5.0,0.0,56.175,0.0,50.05,150.0,0.0,6.0,6.125,149.21956064551034,1.0471975511965976,150.26675819670695,2,10.0,225,4.9999999999999964,0.7460978032275517,0.21152348546558136,0.7912504635716944,1.7488717522648274,True,
208,51,48,48,44,u,0.0,0.5,74.175,0.0,58.45,0.0,7.45,6.0,15.724999999999994,6.624999999999995,18.84955592153876,25.47455592153875,2,180.0,54,11.419755679255397,0.033124999999999974,3.807422738380465,0.17925609386062505,4.01980383224109,True,
209,51,48,48,44,u,0.0,0.5,74.0,0.0,58.625,0.0,6.05,6.0,15.375,3.4749999999999996,18.84955592153876,22.32455592153876,2,180.0,48,46.56746344221023,0.017374999999999998,3.807422738380465,0.10735131991503989,3.9321490582955048,True,
210,17,49,16,46,freeform,-10.0,0.5,77.4,150.0,67.1,0.0,0.0,6.0,10.300000000000011,148.80140530969484,2.094395102393195,150.89580041208805,2,20.0,240,9.228493068386255,0.7440070265484743,0.42304697093116267,0.6707741928233502,1.8378281903029872,True,
211,49,24,46,8,freeform,20.0,0.5,66.05,0.0,41.05,150.0,0.0,6.0,25.0,150.17632698070844,4.188790204786391,154.36511718549482,2,40.0,222,10.000000000000007,0.7508816349035422,0.8460939418623257,0.7048514603913113,2.3018270371571794,True,
212,49,24,46,8,freeform,20.0,0.5,66.225,0.0,41.225,150.0,0.0,6.0,24.999999999999993,150.17632698070844,4.188790204786391,154.36511718549482,2,40.0,222,9.999999999999998,0.7508816349035422,0.8460939418623257,0.6950894552892138,2.2920650320550817,True,
213,49,24,46,8,freeform,20.0,0.5,66.4,0.0,41.4,150.0,0.0,6.0,25.000000000000007,150.17632698070844,4.188790204786391,154.36511718549482,2,40.0,222,9.999999999999998,0.7508816349035422,0.8460939418623257,0.694345408673568,2.291320985439436,True,
214,49,24,46,8,freeform,20.0,0.5,66.575,0.0,41.575,150.0,0.0,6.0,25.0,150.17632698070844,4.188790204786391,154.36511718549482,2,40.0,222,10.000000000000007,0.7508816349035422,0.8460939418623257,0.697321735612421,2.294297312378289,True,
215,49,24,46,8,freeform,20.0,0.5,66.75,0.0,41.75,150.0,0.0,6.0,25.0,150.17632698070844,4.188790204786391,154.36511718549482,2,40.0,222,10.000000000000007,0.7508816349035422,0.8460939418623257,0.6911312273130829,2.288106804078951,True,
216,49,26,46,4,freeform,30.0,0.0,65.35,0.0,22.875,150.0,0.0,6.0,42.474999999999994,154.95036133016498,6.283185307179586,161.23354663734457,2,59.99999999999999,207,5.0,0.7747518066508249,1.2691409127934883,0.5663690255442049,2.610261744988518,True,
217,49,26,46,4,freeform,30.0,0.0,65.525,0.0,23.05,150.0,0.0,6.0,42.47500000000001,154.95036133016498,6.283185307179586,161.23354663734457,2,59.99999999999999,207,4.999999999999997,0.7747518066508249,1.2691409127934883,0.5621729712416976,2.6060656906860107,True,
218,49,26,46,4,freeform,30.0,0.0,65.7,0.0,23.225,150.0,0.0,6.0,42.475,154.95036133016498,6.283185307179586,161.23354663734457,2,59.99999999999999,207,5.0,0.7747518066508249,1.2691409127934883,0.5542265095580053,2.5981192290023185,True,
219,49,26,46,4,freeform,30.0,0.0,65.875,0.0,23.4,150.0,0.0,6.0,42.475,154.95036133016498,6.283185307179586,161.23354663734457,2,59.99999999999999,207,5.0,0.7747518066508249,1.2691409127934883,0.5533633390647649,2.597256058509078,True,
220,49,57,46,38,u,0.0,0.5,65.0,0.0,31.625,0.0,12.0,6.0,33.375,33.375,18.84955592153876,52.22455592153876,2,180.0,118,19.66663821504126,0.166875,3.807422738380465,0.28110127777215854,4.255399016152624,True,
221,49,57,46,38,u,0.0,0.5,65.175,0.0,31.45,0.0,12.175,6.0,33.724999999999994,34.074999999999996,18.84955592153876,52.924555921538754,2,180.0,118,13.872102735011051,0.17037499999999997,3.807422738380465,0.2842263971769886,4.2620241355574535,True,
222,17,51,16,48,freeform,-5.0,0.5,77.575,150.0,75.225,0.0,0.0,6.0,2.3500000000000085,149.0547405860307,1.0471975511965983,150.1019381372273,2,10.0,232,9.999999999999998,0.7452737029301535,0.2115234854655815,0.7408339233336719,1.697631111729407,True,
223,17,51,16,48,freeform,-5.0,0.5,77.75,150.0,75.4,0.0,0.0,6.0,2.3499999999999943,149.0547405860307,1.0471975511965983,150.1019381372273,2,10.0,232,9.999999999999998,0.7452737029301535,0.2115234854655815,0.7404172707146323,1.6972144591103673,True,
224,17,51,16,48,freeform,-5.0,0.5,77.925,150.0,75.575,0.0,0.0,6.0,2.3499999999999943,149.0547405860307,1.0471975511965983,150.1019381372273,2,10.0,232,9.999999999999998,0.7452737029301535,0.2115234854655815,0.7320838811907906,1.6888810695865257,True,
225,51,19,48,12,freeform,10.0,0.5,75.05,0.0,59.75,150.0,0.0,6.0,15.299999999999997,149.23884862732444,2.0943951023931953,151.33324372971765,2,20.0,242,9.999999999999996,0.7461942431366222,0.4230469709311627,0.7561015025341933,1.925342716601978,True,
226,51,21,48,0,freeform,30.0,0.0,74.525,0.0,4.175,150.0,0.0,6.0,70.35000000000001,162.41944506918253,6.283185307179586,168.70263037636212,2,59.99999999999999,220,13.87210273501162,0.8120972253459127,1.2691409127934883,0.5911907892518796,2.6724289273912807,True,
227,51,21,48,0,freeform,30.0,0.0,74.7,0.0,4.35,150.0,0.0,6.0,70.35000000000001,162.41944506918253,6.283185307179586,168.70263037636212,2,59.99999999999999,220,14.766970399651465,0.8120972253459127,1.2691409127934883,0.5893455491498378,2.670583687289239,True,
228,51,21,48,0,freeform,30.0,0.0,74.875,0.0,4.525,150.0,0.0,6.0,70.35,162.41944506918253,6.283185307179586,168.70263037636212,2,59.99999999999999,220,11.419755679255397,0.8120972253459127,1.2691409127934883,0.5685717496600475,2.6498098877994485,True,
229,51,54,48,34,u,0.0,0.5,74.35,0.0,13.625,0.0,13.05,6.0,60.724999999999994,62.82499999999999,18.84955592153876,81.67455592153874,2,180.0,184,13.87210273501162,0.31412499999999993,3.807422738380465,0.4047919827382751,4.52633972111874,True,
230,29,53,2,32,freeform,-10.0,0.0,13.0,150.0,2.0,0.0,0.0,6.0,11.0,148.86264737416298,2.0943951023931953,150.95704247655618,2,20.0,36,9.999999999999963,0.7443132368708149,0.4230469709311627,0.16291670880954792,1.3302769166115256,True,
231,29,53,2,32,freeform,-10.0,0.0,13.175,150.0,2.175,0.0,0.0,6.0,11.0,148.86264737416298,2.0943951023931953,150.95704247655618,2,20.0,36,9.999999999999963,0.7443132368708149,0.4230469709311627,0.16002975287414453,1.3273899606761221,True,
232,26,54,4,34,freeform,-10.0,0.5,22.35,150.0,12.75,0.0,0.0,6.0,9.600000000000001,148.74016324522668,2.0943951023931953,150.8345583476199,2,20.0,74,4.999999999999998,0.7437008162261334,0.4230469709311627,0.33205395974511964,1.4988017469024157,True,
233,29,54,2,34,freeform,-5.0,0.0,13.35,150.0,11.0,0.0,0.0,6.0,2.3499999999999996,149.0547405860307,1.0471975511965976,150.1019381372273,2,10.0,62,4.999999999999998,0.7452737029301535,0.21152348546558136,0.2545238978231797,1.2113210862189145,True,
234,29,54,2,34,freeform,-5.0,0.0,13.525,150.0,11.175,0.0,0.0,6.0,2.3499999999999996,149.0547405860307,1.0471975511965979,150.1019381372273,2,10.0,62,5.0,0.7452737029301535,0.21152348546558142,0.2610418563096321,1.217839044705367,True,
235,29,54,2,34,freeform,-5.0,0.0,13.7,150.0,11.35,0.0,0.0,6.0,2.3499999999999996,149.0547405860307,1.0471975511965979,150.1019381372273,2,10.0,62,4.999999999999999,0.7452737029301535,0.21152348546558142,0.25919658811233603,1.2159937765080708,True,
236,29,54,2,34,freeform,-5.0,0.0,13.875,150.0,11.525,0.0,0.0,6.0,2.3499999999999996,149.0547405860307,1.0471975511965976,150.1019381372273,2,10.0,62,4.999999999999997,0.7452737029301535,0.21152348546558136,0.25080355236393465,1.2076007407596696,True,
237,29,54,2,34,freeform,-5.0,0.0,14.05,150.0,11.7,0.0,0.0,6.0,2.3500000000000014,149.0547405860307,1.0471975511965979,150.1019381372273,2,10.0,62,5.0,0.7452737029301535,0.21152348546558142,0.2578870964116741,1.214684284807409,True,
238,29,54,2,34,freeform,-5.0,0.0,14.225,150.0,11.875,0.0,0.0,6.0,2.3499999999999996,149.0547405860307,1.0471975511965976,150.1019381372273,2,10.0,62,4.999999999999998,0.7452737029301535,0.21152348546558136,0.25273824775518916,1.209535436150924,True,
239,29,54,2,34,freeform,-5.0,0.0,14.4,150.0,12.05,0.0,0.0,6.0,2.3499999999999996,149.0547405860307,1.0471975511965979,150.1019381372273,2,10.0,62,5.0,0.7452737029301535,0.21152348546558142,0.25258948338446663,1.2093866717802015,True,
240,29,54,2,34,freeform,-5.0,0.0,14.575,150.0,12.225,0.0,0.0,6.0,2.3499999999999996,149.0547405860307,1.0471975511965979,150.1019381372273,2,10.0,62,4.999999999999999,0.7452737029301535,0.21152348546558142,0.25285734353752953,1.2096545319332646,True,
241,2,56,20,36,freeform,-30.0,0.0,95.4,150.0,21.05,0.0,0.0,6.0,74.35000000000001,163.49124183890703,6.283185307179586,169.77442714608662,2,59.99999999999999,246,15.000000000000005,0.8174562091945352,1.2691409127934883,0.7159831091332074,2.802580231121231,True,
242,2,56,20,36,freeform,-30.0,0.0,95.575,150.0,21.225,0.0,0.0,6.0,74.35,163.491241838907,6.283185307179586,169.7744271460866,2,59.99999999999999,246,15.000000000000005,0.817456209194535,1.2691409127934883,0.7214591551195196,2.8080562771075432,True,
243,2,56,20,36,freeform,-30.0,0.0,95.75,150.0,21.4,0.0,0.0,6.0,74.35,163.491241838907,6.283185307179586,169.7744271460866,2,59.99999999999999,246,15.000000000000005,0.817456209194535,1.2691409127934883,0.7309830529426994,2.8175801749307228,True,
244,2,56,20,36,freeform,-30.0,0.0,95.925,150.0,21.575,0.0,0.0,6.0,74.35,163.491241838907,6.283185307179586,169.7744271460866,2,59.99999999999999,246,15.000000000000002,0.817456209194535,1.2691409127934883,0.7401794443882566,2.82677656637628,True,
245,20,56,6,36,freeform,-10.0,0.5,31.35,150.0,20.0,0.0,0.0,6.0,11.350000000000001,148.89326840639706,2.094395102393195,150.98766350879026,2,20.0,110,5.000000000000003,0.7444663420319853,0.42304697093116267,0.4123814380274882,1.579894750990636,True,
246,12,57,21,38,freeform,-30.0,0.0,99.55,150.0,29.875,0.0,0.0,6.0,69.675,162.23857936429152,6.283185307179586,168.52176467147112,2,59.99999999999999,251,15.000000000000002,0.8111928968214577,1.2691409127934883,0.7334829686569369,2.813816778271883,True,
247,12,57,21,38,freeform,-30.0,0.0,99.725,150.0,30.05,0.0,0.0,6.0,69.675,162.23857936429152,6.283185307179586,168.52176467147112,2,59.99999999999999,251,13.872102735011353,0.8111928968214577,1.2691409127934883,0.7598223537080142,2.8401561633229604,True,
248,24,57,8,38,freeform,-10.0,0.0,40.525,150.0,29.7,0.0,0.0,6.0,10.825,148.84733685804596,2.0943951023931953,150.94173196043917,2,20.0,153,9.999999999999995,0.7442366842902298,0.4230469709311627,0.4494350044390502,1.6167186596604428,True,
249,38,57,54,38,u,0.0,0.5,102.225,0.0,30.4,0.0,23.725,6.0,71.82499999999999,95.275,18.84955592153876,114.12455592153876,2,180.0,208,20.0,0.47637500000000005,3.807422738380465,0.4605953946259391,4.744393133006405,True,
250,41,57,50,38,u,0.0,0.5,83.7,0.0,31.1,0.0,16.55,6.0,52.6,61.7,18.84955592153876,80.54955592153877,2,180.0,169,20.0,0.3085,3.807422738380465,0.35229184226200455,4.46821458064247,True,
251,11,58,52,40,u,0.0,0.5,92.35,0.0,40.1,0.0,19.35,6.0,52.24999999999999,66.94999999999999,18.84955592153876,85.79955592153874,2,180.0,161,20.0,0.33474999999999994,3.807422738380465,0.3210120753402334,4.463184813720698,True,
252,11,58,52,40,u,0.0,0.5,92.525,0.0,39.925,0.0,19.525,6.0,52.60000000000001,67.65,18.84955592153876,86.49955592153876,2,180.0,161,20.0,0.33825000000000005,3.807422738380465,0.320654956564737,4.466327694945202,True,
253,11,58,52,40,u,0.0,0.5,92.7,0.0,39.75,0.0,19.7,6.0,52.95,68.35000000000001,18.84955592153876,87.19955592153877,2,180.0,161,20.0,0.34175000000000005,3.807422738380465,0.31872040164975324,4.467893140030219,True,
254,11,58,52,40,u,0.0,0.5,92.875,0.0,39.575,0.0,19.875,6.0,53.3,69.05,18.84955592153876,87.89955592153876,2,180.0,161,20.0,0.34525,3.807422738380465,0.3166965319218277,4.469369270302293,True,
255,58,21,40,0,freeform,20.0,0.0,38.0,0.0,4.0,150.0,0.0,6.0,34.0,151.76326980708464,4.188790204786391,155.95206001187103,2,40.0,128,10.0,0.7588163490354232,0.8460939418623257,0.5410119910544711,2.14592228195222,True,
256,61,68,29,61,freeform,-5.0,0.5,136.6,150.0,134.6,0.0,0.0,6.0,2.0,149.03945925601272,1.0471975511965983,150.08665680720932,2,10.0,52,9.999999999999998,0.7451972962800636,0.2115234854655815,0.161428699864019,1.1181494816096642,True,
257,61,68,29,61,freeform,-5.0,0.5,136.775,150.0,134.775,0.0,0.0,6.0,2.0,149.03945925601272,1.0471975511965983,150.08665680720932,2,10.0,52,9.999999999999998,0.7451972962800636,0.2115234854655815,0.16020843869053641,1.1169292204361816,True,
258,69,61,63,29,freeform,5.0,0.5,143.6,0.0,136.95,150.0,0.0,6.0,6.650000000000006,149.2424826405373,1.0471975511965983,150.2896801917339,2,10.0,30,10.000000000000014,0.7462124132026865,0.2115234854655815,0.10741071328231233,1.0651466119505804,True,
259,69,61,63,29,freeform,5.0,0.5,143.775,0.0,137.125,150.0,0.0,6.0,6.650000000000006,149.2424826405373,1.0471975511965983,150.2896801917339,2,10.0,30,10.000000000000014,0.7462124132026865,0.2115234854655815,0.11092262005102096,1.068658518719289,True,
260,61,86,29,39,freeform,-45.0,0.5,135.55,150.0,35.25,0.0,0.0,6.0,100.30000000000001,181.60449480906715,9.424777960769378,191.02927276983652,2,90.0,248,16.513637933588754,0.9080224740453358,1.903711369190232,0.917500870952881,3.7292347141884488,True,
261,61,86,29,39,freeform,-45.0,0.5,135.725,150.0,35.425,0.0,0.0,6.0,100.3,181.60449480906715,9.424777960769378,191.02927276983652,2,90.0,248,19.471220634490656,0.9080224740453358,1.903711369190232,0.9105962374835666,3.7223300807191344,True,
262,61,86,29,39,freeform,-45.0,0.5,135.9,150.0,35.6,0.0,0.0,6.0,100.30000000000001,181.60449480906715,9.424777960769378,191.02927276983652,2,90.0,248,15.54227990614792,0.9080224740453358,1.903711369190232,0.9274711180787378,3.7392049613143055,True,
263,61,86,29,39,freeform,-45.0,0.5,136.075,150.0,35.775,0.0,0.0,6.0,100.29999999999998,181.60449480906715,9.424777960769378,191.02927276983652,2,90.0,248,10.244769745604327,0.9080224740453358,1.903711369190232,0.9107747547284348,3.7225085979640027,True,
264,61,86,29,39,freeform,-45.0,0.5,136.25,150.0,35.95,0.0,0.0,6.0,100.3,181.60449480906715,9.424777960769378,191.02927276983652,2,90.0,246,15.5422799061478,0.9080224740453358,1.903711369190232,0.920774810918942,3.73250865415451,True,
265,61,114,29,3,u,0.0,0.5,135.2,150.0,19.775,150.0,114.725,6.0,115.42499999999998,161.975,18.84955592153876,180.82455592153875,2,180.0,264,13.872102735011566,0.809875,3.807422738380465,0.7014291493880871,5.318726887768552,True,
266,61,118,29,9,u,0.0,0.5,134.675,150.0,45.9,150.0,115.25,6.0,88.775,134.275,18.84955592153876,153.12455592153876,2,180.0,220,23.2630333957302,0.671375,3.807422738380465,0.5379170178573439,5.01671475623781,True,
267,61,118,29,9,u,0.0,0.5,134.85,150.0,45.725,150.0,115.075,6.0,89.125,134.975,18.84955592153876,153.82455592153875,2,180.0,220,24.146847996502466,0.674875,3.807422738380465,0.5298812413607097,5.012178979741175,True,
268,61,118,29,9,u,0.0,0.5,135.025,150.0,45.55,150.0,114.9,6.0,89.47500000000001,135.675,18.84955592153876,154.52455592153876,2,180.0,220,19.666638215041374,0.6783750000000001,3.807422738380465,0.5341372228403181,5.019934961220783,True,
269,71,62,24,53,freeform,-10.0,0.5,113.225,150.0,98.6,0.0,0.0,6.0,14.625,149.17979377944445,2.094395102393195,151.27418888183766,2,20.0,191,9.999999999999998,0.7458989688972223,0.42304697093116267,0.6021434712248414,1.7710894110532265,True,
270,71,62,24,53,freeform,-10.0,0.5,113.4,150.0,98.775,0.0,0.0,6.0,14.625,149.17979377944445,2.094395102393195,151.27418888183766,2,20.0,191,9.999999999999998,0.7458989688972223,0.42304697093116267,0.5994351168200674,1.7683810566484524,True,
271,71,62,24,53,freeform,-10.0,0.5,113.575,150.0,98.95,0.0,0.0,6.0,14.625,149.17979377944445,2.094395102393195,151.27418888183766,2,20.0,191,9.999999999999998,0.7458989688972223,0.42304697093116267,0.6012803850173635,1.7702263248457486,True,
272,71,62,24,53,freeform,-10.0,0.5,113.75,150.0,99.125,0.0,0.0,6.0,14.625,149.17979377944445,2.094395102393195,151.27418888183766,2,20.0,191,9.999999999999998,0.7458989688972223,0.42304697093116267,0.6026494105615685,1.7715953503899535,True,
273,62,116,53,1,freeform,45.0,0.5,97.375,0.0,9.025,150.0,0.0,6.0,88.35,176.65464273870865,9.424777960769383,186.07942069947802,2,90.0,260,10.000000000000028,0.8832732136935433,1.9037113691902332,0.8541676780958172,3.6411522609795934,True,
274,62,116,53,1,freeform,45.0,0.5,97.55,0.0,9.2,150.0,0.0,6.0,88.35,176.65464273870865,9.424777960769383,186.07942069947802,2,90.0,262,10.000000000000025,0.8832732136935433,1.9037113691902332,0.8697034545924514,3.6566880374762274,True,
275,62,116,53,1,freeform,45.0,0.5,97.725,0.0,9.375,150.0,0.0,6.0,88.35,176.65464273870865,9.424777960769383,186.07942069947802,2,90.0,262,10.000000000000016,0.8832732136935433,1.9037113691902332,0.8773819718373185,3.6643665547210946,True,
276,66,68,31,61,freeform,-5.0,1.0,145.6,150.0,134.95,0.0,0.0,6.0,10.650000000000006,149.41712641217134,1.0471975511965983,150.46432396336795,2,10.0,30,5.000000000000004,0.7470856320608568,0.2115234854655815,0.18824415899666228,1.1468532765231005,True,
277,66,68,31,61,freeform,-5.0,1.0,145.775,150.0,135.125,0.0,0.0,6.0,10.650000000000006,149.41712641217134,1.0471975511965983,150.46432396336795,2,10.0,30,5.000000000000004,0.7470856320608568,0.2115234854655815,0.19175603767011673,1.150365155196555,True,
278,66,69,31,63,freeform,-5.0,0.5,145.95,150.0,143.95,0.0,0.0,6.0,2.0,149.03945925601272,1.0471975511965983,150.08665680720932,2,10.0,0,,0.7451972962800636,0.2115234854655815,0.0,0.9567207817456451,True,
279,66,69,31,63,freeform,-5.0,0.5,146.125,150.0,144.125,0.0,0.0,6.0,2.0,149.03945925601272,1.0471975511965983,150.08665680720932,2,10.0,0,,0.7451972962800636,0.2115234854655815,0.0,0.9567207817456451,True,
280,66,70,31,51,freeform,-30.0,0.5,144.9,150.0,88.9,0.0,0.0,6.0,56.0,158.57437415779594,6.283185307179586,164.85755946497554,2,59.99999999999999,170,9.99999999999999,0.7928718707889797,1.2691409127934883,0.47029839969432413,2.532311183276792,True,
281,66,70,31,51,freeform,-30.0,0.5,145.075,150.0,89.075,0.0,0.0,6.0,55.999999999999986,158.5743741577959,6.283185307179586,164.85755946497548,2,59.99999999999999,170,9.999999999999991,0.7928718707889795,1.2691409127934883,0.4599710056977179,2.5219837892801853,True,
282,66,70,31,51,freeform,-30.0,0.5,145.25,150.0,89.25,0.0,0.0,6.0,56.0,158.57437415779594,6.283185307179586,164.85755946497554,2,59.99999999999999,170,9.99999999999999,0.7928718707889797,1.2691409127934883,0.46148890799366216,2.52350169157613,True,
283,66,70,31,51,freeform,-30.0,0.5,145.425,150.0,89.425,0.0,0.0,6.0,56.000000000000014,158.57437415779594,6.283185307179586,164.85755946497554,2,59.99999999999999,170,9.999999999999991,0.7928718707889797,1.2691409127934883,0.4571436117011118,2.51915639528358,True,
284,66,71,31,24,u,0.0,0.5,143.85,150.0,114.45,150.0,132.05,6.0,29.39999999999999,41.29999999999997,18.84955592153876,60.14955592153873,2,180.0,99,13.872102735010447,0.20649999999999985,3.807422738380465,0.2159525695919446,4.22987530797241,True,
285,66,71,31,24,u,0.0,0.5,144.025,150.0,114.275,150.0,129.25,6.0,29.75,47.25,18.84955592153876,66.09955592153875,2,180.0,99,19.666638215041374,0.23625000000000002,3.807422738380465,0.20997041569738045,4.253643154077846,True,
286,66,71,31,24,u,0.0,0.5,143.5,150.0,114.625,150.0,132.225,6.0,28.875,40.42500000000001,18.84955592153876,59.27455592153877,2,180.0,98,27.011095693914854,0.20212500000000005,3.807422738380465,0.21324421518717063,4.2227919535676355,True,
287,66,89,31,33,freeform,-45.0,1.0,144.725,150.0,8.95,0.0,0.0,6.0,135.775,196.29872093425269,9.42477796076938,205.72349889502206,2,90.0,309,12.916934477183812,0.9814936046712635,1.9037113691902325,1.4096740669566112,4.294879040818108,True,
288,66,101,31,17,u,0.0,0.5,143.675,150.0,82.6,150.0,112.1,6.0,61.07500000000002,112.87500000000003,18.84955592153876,131.72455592153878,2,180.0,192,13.872102735010447,0.5643750000000002,3.807422738380465,0.5109824067518511,4.882780145132316,True,
289,66,111,31,19,u,0.0,0.5,144.2,150.0,91.95,150.0,111.575,6.0,52.249999999999986,105.09999999999998,18.84955592153876,123.94955592153875,2,180.0,171,13.872102735011007,0.5254999999999999,3.807422738380465,0.4477084386905357,4.780631177071001,True,
290,66,113,31,5,u,0.0,0.5,144.55,150.0,28.6,150.0,111.225,6.0,115.95000000000002,169.50000000000003,18.84955592153876,188.34955592153878,2,180.0,255,13.872102735010186,0.8475000000000001,3.807422738380465,0.695982603418632,5.3509053417990975,True,
291,66,118,31,9,u,0.0,0.5,144.375,150.0,45.375,150.0,111.4,6.0,99.0,152.2,18.84955592153876,171.04955592153874,2,180.0,223,19.666638215041374,0.761,3.807422738380465,0.5166967285886068,5.085119466969072,True,
292,68,72,61,57,u,0.0,0.5,132.5,0.0,117.125,0.0,6.05,6.0,15.375,3.4749999999999996,18.84955592153876,22.32455592153876,2,180.0,48,46.56746344221023,0.017374999999999998,3.807422738380465,0.11583353000011232,3.940631268380577,True,
293,68,72,61,57,u,0.0,0.5,132.675,0.0,116.95,0.0,7.45,6.0,15.725000000000009,6.625000000000009,18.84955592153876,25.474555921538766,2,180.0,48,48.827113148206,0.03312500000000004,3.807422738380465,0.10732159513614953,3.9478693335166146,True,
294,68,72,61,57,u,0.0,0.5,132.85,0.0,116.775,0.0,7.625,6.0,16.07499999999999,7.324999999999989,18.84955592153876,26.174555921538747,2,180.0,48,51.011332559848384,0.03662499999999994,3.807422738380465,0.1007441870919164,3.9447919254723813,True,
295,68,72,61,57,u,0.0,0.5,133.025,0.0,116.6,0.0,9.725,6.0,16.42500000000001,11.87500000000001,18.84955592153876,30.72455592153877,2,180.0,54,39.9445051898148,0.05937500000000005,3.807422738380465,0.13538706831642,4.002184806696885,True,
296,68,76,61,47,u,0.0,0.5,133.375,0.0,71.775,0.0,32.3,6.0,61.599999999999994,102.19999999999999,18.84955592153876,121.04955592153874,2,180.0,209,20.000000000000004,0.5109999999999999,3.807422738380465,0.5466968971601314,4.865119635540596,True,
297,68,76,61,47,u,0.0,0.5,133.55,0.0,71.6,0.0,32.475,6.0,61.95000000000002,102.9,18.84955592153876,121.74955592153876,2,180.0,209,19.66663821504124,0.5145000000000001,3.807422738380465,0.5537801883505836,4.875702926731049,True,
298,68,76,61,47,u,0.0,0.5,133.725,0.0,71.425,0.0,32.65,6.0,62.3,103.6,18.84955592153876,122.44955592153875,2,180.0,209,13.872102735011037,0.518,3.807422738380465,0.5755064731465563,4.900929211527021,True,
299,68,77,61,49,u,0.0,0.5,133.2,0.0,80.6,0.0,32.125,6.0,52.599999999999994,92.85,18.84955592153876,111.69955592153875,2,180.0,183,20.0,0.46425,3.807422738380465,0.4875599271771006,4.759232665557565,True,
300,68,113,61,5,freeform,45.0,0.5,134.425,0.0,28.425,150.0,0.0,6.0,106.00000000000001,183.9655121145938,9.424777960769374,193.39029007536317,2,90.0,260,11.656623636103761,0.919827560572969,1.9037113691902314,1.0068465324837343,3.8303854622469347,True,
301,68,116,61,1,freeform,45.0,1.0,133.9,0.0,10.775,150.0,0.0,6.0,123.125,191.05891937023307,9.424777960769383,200.48369733100245,2,90.0,303,13.872102735011632,0.9552945968511654,1.9037113691902332,1.243662525426206,4.102668491467605,True,
302,68,116,61,1,freeform,45.0,1.0,134.075,0.0,10.95,150.0,0.0,6.0,123.12499999999999,191.05891937023304,9.424777960769383,200.48369733100242,2,90.0,303,15.000000000000002,0.9552945968511652,1.9037113691902332,1.2318470381983084,4.090853004239707,True,
303,68,116,61,1,freeform,45.0,1.0,134.25,0.0,11.125,150.0,0.0,6.0,123.125,191.05891937023307,9.424777960769383,200.48369733100245,2,90.0,303,13.872102735011632,0.9552945968511654,1.9037113691902332,1.2429185630963226,4.1019245291377215,True,
304,69,73,63,59,u,0.0,0.5,142.725,0.0,125.6,0.0,34.75,6.0,17.125,62.625,18.84955592153876,81.47455592153875,2,180.0,58,9.999999999999998,0.313125,3.807422738380465,0.1490775485205039,4.269625286900969,True,
305,69,73,63,59,u,0.0,0.5,142.025,0.0,126.125,0.0,12.0,6.0,15.900000000000006,15.900000000000006,18.84955592153876,34.749555921538764,2,180.0,53,2.929496416359842,0.07950000000000003,3.807422738380465,0.13785728734702132,4.024780025727487,True,
306,69,73,63,59,u,0.0,0.5,142.375,0.0,125.95,0.0,21.275,6.0,16.424999999999997,34.97500000000001,18.84955592153876,53.82455592153877,2,180.0,58,9.999999999999998,0.17487500000000006,3.807422738380465,0.14857163727903078,4.130869375659496,True,
307,69,73,63,59,u,0.0,0.5,142.55,0.0,125.775,0.0,34.575,6.0,16.775000000000006,61.92500000000001,18.84955592153876,80.77455592153876,2,180.0,58,9.999999999999998,0.30962500000000004,3.807422738380465,0.15000019666677902,4.267047935047245,True,
308,69,77,63,49,u,0.0,0.5,142.2,0.0,80.95,0.0,12.175,6.0,61.249999999999986,61.59999999999998,18.84955592153876,80.44955592153875,2,180.0,201,6.471297455751129,0.3079999999999999,3.807422738380465,0.4223215951361491,4.537744333516614,True,
309,69,79,63,43,u,0.0,0.5,141.5,0.0,53.775,0.0,7.975,6.0,87.725,79.67499999999998,18.84955592153876,98.52455592153873,2,180.0,288,44.90052796068889,0.3983749999999999,3.807422738380465,0.5585419405953947,4.764339678975859,True,
310,69,79,63,43,u,0.0,0.5,141.675,0.0,53.6,0.0,8.15,6.0,88.07500000000002,80.37500000000003,18.84955592153876,99.22455592153878,2,180.0,288,42.48111287543225,0.40187500000000015,3.807422738380465,0.5581549846599912,4.767452723040456,True,
311,69,79,63,43,u,0.0,0.5,141.85,0.0,53.425,0.0,8.325,6.0,88.425,81.075,18.84955592153876,99.92455592153877,2,180.0,288,39.9445051898148,0.40537500000000004,3.807422738380465,0.559107413775665,4.771905152156131,True,
312,69,99,63,25,freeform,10.0,0.0,143.075,0.0,118.775,150.0,0.0,6.0,24.299999999999983,150.0262465990578,2.094395102393195,152.120641701451,2,20.0,104,2.929496416359842,0.750131232995289,0.42304697093116267,0.4462503511906773,1.619428555117129,True,
313,69,99,63,25,freeform,10.0,0.0,143.25,0.0,118.95,150.0,0.0,6.0,24.299999999999997,150.0262465990578,2.094395102393195,152.120641701451,2,20.0,102,5.000000000000001,0.750131232995289,0.42304697093116267,0.4280657541328124,1.6012439580592641,True,
314,69,99,63,25,freeform,10.0,0.0,143.425,0.0,119.125,150.0,0.0,6.0,24.30000000000001,150.0262465990578,2.094395102393195,152.120641701451,2,20.0,100,5.000000000000001,0.750131232995289,0.42304697093116267,0.429821763707675,1.6029999676341267,True,
315,69,111,63,19,freeform,30.0,0.5,142.9,0.0,91.775,150.0,0.0,6.0,51.125,157.2681218446942,6.283185307179586,163.5513071518738,2,59.99999999999999,171,9.999999999999991,0.786340609223471,1.2691409127934883,0.5119049144218563,2.5673864364388157,True,
316,72,70,57,51,u,0.0,0.5,114.675,0.0,89.775,0.0,27.925,6.0,24.89999999999999,56.749999999999986,18.84955592153876,75.59955592153875,2,180.0,107,13.504291958559966,0.28374999999999995,3.807422738380465,0.2939288122450354,4.3851015506254996,True,
317,72,70,57,51,u,0.0,0.5,114.5,0.0,90.125,0.0,7.45,6.0,24.375,15.274999999999999,18.84955592153876,34.12455592153876,2,180.0,80,46.56746344221026,0.076375,3.807422738380465,0.16970258363957166,4.053500322020037,True,
318,73,70,59,51,u,0.0,0.5,123.5,0.0,89.95,0.0,29.325,6.0,33.55,68.2,18.84955592153876,87.04955592153877,2,180.0,127,13.504291958559966,0.341,3.807422738380465,0.34241093804434564,4.490833676424811,True,
319,73,70,59,51,u,0.0,0.5,123.675,0.0,89.6,0.0,29.5,6.0,34.075,69.075,18.84955592153876,87.92455592153877,2,180.0,126,20.000000000000004,0.34537500000000004,3.807422738380465,0.3136312554083364,4.466428993788801,True,
320,70,79,51,43,u,0.0,0.5,87.5,0.0,54.125,0.0,7.625,6.0,33.375,24.625,18.84955592153876,43.47455592153876,2,180.0,108,42.48111287543236,0.123125,3.807422738380465,0.22178590292527803,4.152333641305743,True,
321,70,79,51,43,u,0.0,0.5,87.675,0.0,53.95,0.0,7.8,6.0,33.724999999999994,25.324999999999996,18.84955592153876,44.174555921538754,2,180.0,110,11.588079995029547,0.126625,3.807422738380465,0.23669664430284454,4.170744382683309,True,
322,70,84,51,41,u,0.0,0.5,87.85,0.0,45.125,0.0,18.475,6.0,42.724999999999994,55.675,18.84955592153876,74.52455592153876,2,180.0,144,19.666638215041665,0.278375,3.807422738380465,0.29886916602047564,4.38466690440094,True,
323,93,70,27,51,freeform,-30.0,0.5,127.775,150.0,88.725,0.0,0.0,6.0,39.05000000000001,154.0326353460884,6.283185307179586,160.315820653268,2,59.99999999999999,188,9.115688741610324,0.770163176730442,1.2691409127934883,0.5365781666160956,2.5758822561400256,True,
324,111,70,19,51,freeform,-5.0,0.5,91.25,150.0,88.375,0.0,0.0,6.0,2.875,149.07766258105767,1.0471975511965983,150.12486013225427,2,10.0,219,15.000000000000005,0.7453883129052884,0.2115234854655815,0.650774305204366,1.607686103575236,True,
325,111,70,19,51,freeform,-5.0,0.5,91.425,150.0,88.55,0.0,0.0,6.0,2.875,149.07766258105767,1.0471975511965983,150.12486013225427,2,10.0,219,15.000000000000005,0.7453883129052884,0.2115234854655815,0.6525302585887203,1.6094420569595902,True,
326,70,113,51,5,freeform,45.0,0.5,88.025,0.0,27.725,150.0,0.0,6.0,60.300000000000004,165.03595231414334,9.424777960769383,174.46073027491272,2,90.0,236,13.872102735011051,0.8251797615707167,1.9037113691902332,0.7081256251194058,3.437016755880356,True,
327,70,118,51,9,freeform,20.0,0.0,88.2,0.0,45.025,150.0,0.0,6.0,43.175000000000004,153.3810698550848,4.188790204786391,157.5698600598712,2,40.0,247,9.999999999999996,0.7669053492754241,0.8460939418623257,0.9438397221941291,2.556839013331879,True,
328,73,71,59,24,freeform,5.0,0.5,124.55,0.0,113.925,150.0,0.0,6.0,10.625,149.41603488859863,1.0471975511965983,150.46323243979523,2,10.0,137,4.999999999999997,0.7470801744429931,0.2115234854655815,0.47922611622444755,1.437829776133022,True,
329,73,71,59,24,freeform,5.0,0.5,124.725,0.0,114.1,150.0,0.0,6.0,10.625,149.41603488859863,1.0471975511965983,150.46323243979523,2,10.0,137,4.999999999999997,0.7470801744429931,0.2115234854655815,0.4810118224829464,1.439615482391521,True,
330,71,86,24,39,freeform,-45.0,0.5,113.05,150.0,35.075,0.0,0.0,6.0,77.975,172.3571770290878,9.424777960769378,181.78195498985718,2,90.0,255,20.000000000000007,0.8617858851454391,1.903711369190232,0.7982446366159845,3.563741890951656,True,
331,71,108,24,13,u,0.0,0.5,112.0,150.0,65.125,150.0,125.4,6.0,46.875,72.07499999999999,18.84955592153876,90.92455592153874,2,180.0,152,13.872102735011007,0.36037499999999995,3.807422738380465,0.38738124136070917,4.555178979741175,True,
332,71,111,24,19,u,0.0,0.5,112.175,150.0,92.125,150.0,132.225,6.0,20.049999999999997,31.60000000000001,18.84955592153876,50.44955592153877,2,180.0,67,13.872102735011007,0.15800000000000006,3.807422738380465,0.17997041569738034,4.145393154077845,True,
333,93,72,27,57,freeform,-10.0,0.5,128.125,150.0,116.425,0.0,0.0,6.0,11.700000000000003,148.92388943863114,2.094395102393195,151.01828454102434,2,20.0,120,9.999999999999996,0.7446194471931556,0.42304697093116267,0.5011313396940985,1.668797757818417,True,
334,72,108,57,13,freeform,20.0,0.0,115.9,0.0,64.075,150.0,0.0,6.0,51.825,154.90629823821303,4.18879020478639,159.0950884429994,2,40.0,269,10.0,0.7745314911910651,0.8460939418623253,1.1363109807491336,2.7569364138025243,True,
335,72,108,57,13,freeform,20.0,0.0,116.075,0.0,64.25,150.0,0.0,6.0,51.825,154.90629823821303,4.18879020478639,159.0950884429994,2,40.0,269,9.999999999999993,0.7745314911910651,0.8460939418623253,1.0586315363608798,2.6792569694142703,True,
336,72,108,57,13,freeform,20.0,0.0,116.25,0.0,64.425,150.0,0.0,6.0,51.825,154.90629823821303,4.18879020478639,159.0950884429994,2,40.0,269,10.0,0.7745314911910651,0.8460939418623253,1.144316976276369,2.7649424093297594,True,
337,72,113,57,5,freeform,45.0,0.5,115.375,0.0,28.075,150.0,0.0,6.0,87.3,176.21971849821693,9.424777960769383,185.6444964589863,2,90.0,238,8.23535723800098,0.8810985924910847,1.9037113691902332,0.8310130305788758,3.6158229922601937,True,
338,72,116,57,1,freeform,45.0,0.5,114.85,0.0,10.25,150.0,0.0,6.0,104.6,183.38561312727145,9.424777960769383,192.81039108804083,2,90.0,268,10.00000000000002,0.9169280656363573,1.9037113691902332,1.0453286301877902,3.865968065014381,True,
339,72,116,57,1,freeform,45.0,0.5,115.025,0.0,10.425,150.0,0.0,6.0,104.60000000000001,183.38561312727148,9.424777960769374,192.81039108804086,2,90.0,268,9.999999999999968,0.9169280656363574,1.9037113691902314,1.0468170605621319,3.867456495388721,True,
340,72,116,57,1,freeform,45.0,0.5,115.2,0.0,10.6,150.0,0.0,6.0,104.60000000000001,183.38561312727148,9.424777960769374,192.81039108804086,2,90.0,268,9.999999999999963,0.9169280656363574,1.9037113691902314,1.0443765382151666,3.8650159730417553,True,
341,61,73,29,59,freeform,-10.0,0.5,136.425,150.0,125.425,0.0,0.0,6.0,11.000000000000014,148.86264737416298,2.094395102393195,150.95704247655618,2,20.0,76,9.999999999999995,0.7443132368708149,0.42304697093116267,0.2742562343368958,1.4416164421388733,True,
342,73,99,59,25,freeform,5.0,0.5,124.9,0.0,118.25,150.0,0.0,6.0,6.650000000000006,149.2424826405373,1.0471975511965983,150.2896801917339,2,10.0,126,9.999999999999993,0.7462124132026865,0.2115234854655815,0.4147623141498934,1.3724982128181615,True,
343,73,99,59,25,freeform,5.0,0.5,125.075,0.0,118.425,150.0,0.0,6.0,6.650000000000006,149.2424826405373,1.0471975511965983,150.2896801917339,2,10.0,126,9.999999999999993,0.7462124132026865,0.2115234854655815,0.41348251913286765,1.3712184178011357,True,
344,73,99,59,25,freeform,5.0,0.5,125.25,0.0,118.6,150.0,0.0,6.0,6.650000000000006,149.2424826405373,1.0471975511965983,150.2896801917339,2,10.0,126,9.999999999999993,0.7462124132026865,0.2115234854655815,0.41285751210905414,1.370593410777322,True,
345,73,108,59,13,freeform,30.0,0.0,124.2,0.0,64.6,150.0,0.0,6.0,59.60000000000001,159.53899125054795,6.283185307179586,165.82217655772754,2,59.99999999999999,286,9.999999999999993,0.7976949562527398,1.2691409127934883,1.0944951282829327,3.161330997329161,True,
346,73,111,59,19,freeform,20.0,0.0,124.375,0.0,91.6,150.0,0.0,6.0,32.775000000000006,151.54726925571677,4.18879020478639,155.73605946050316,2,40.0,227,9.999999999999993,0.7577363462785839,0.8460939418623253,0.7966667228571753,2.4004970109980848,True,
347,73,113,59,5,freeform,45.0,0.5,123.85,0.0,28.25,150.0,0.0,6.0,95.6,179.65769106591358,9.424777960769383,189.08246902668296,2,90.0,242,4.999999999999997,0.8982884553295679,1.9037113691902332,0.938066596990437,3.7400664215102384,True,
348,73,117,59,7,freeform,45.0,0.5,124.025,0.0,36.725,150.0,0.0,6.0,87.30000000000001,176.21971849821693,9.424777960769383,185.6444964589863,2,90.0,246,4.999999999999997,0.8810985924910847,1.9037113691902332,0.8642867738781579,3.6490967355594757,True,
349,74,76,55,47,u,0.0,0.5,105.85,0.0,72.125,0.0,24.95,6.0,33.724999999999994,59.625,18.84955592153876,78.47455592153875,2,180.0,124,20.0,0.29812500000000003,3.807422738380465,0.28366086780621014,4.389208606186675,True,
350,74,76,55,47,u,0.0,0.5,106.025,0.0,71.95,0.0,25.125,6.0,34.075,60.325,18.84955592153876,79.17455592153877,2,180.0,124,20.0,0.30162500000000003,3.807422738380465,0.2873512918197857,4.39639903020025,True,
351,74,77,55,49,u,0.0,0.5,105.675,0.0,80.775,0.0,24.6,6.0,24.89999999999999,50.099999999999994,18.84955592153876,68.94955592153875,2,180.0,93,20.0,0.2505,3.807422738380465,0.22241088185383753,4.280333620234303,True,
352,74,77,55,49,u,0.0,0.5,105.5,0.0,81.125,0.0,12.0,6.0,24.375,24.375,18.84955592153876,43.22455592153876,2,180.0,86,29.999999999999996,0.121875,3.807422738380465,0.1931548722789747,4.12245261065944,True,
353,74,78,55,45,u,0.0,0.5,106.2,0.0,63.125,0.0,25.3,6.0,43.075,69.675,18.84955592153876,88.52455592153876,2,180.0,146,20.0,0.348375,3.807422738380465,0.33413711045930095,4.489934848839766,True,
354,74,78,55,45,u,0.0,0.5,106.375,0.0,62.95,0.0,25.475,6.0,43.425,70.375,18.84955592153876,89.22455592153875,2,180.0,146,20.0,0.351875,3.807422738380465,0.3320537911735946,4.491351529554059,True,
355,74,78,55,45,u,0.0,0.5,106.55,0.0,62.775,0.0,25.65,6.0,43.775,71.07499999999999,18.84955592153876,89.92455592153874,2,180.0,146,19.666638215041456,0.35537499999999994,3.807422738380465,0.3262203454592449,4.489018083839709,True,
356,74,78,55,45,u,0.0,0.5,106.725,0.0,62.6,0.0,25.825,6.0,44.12499999999999,71.775,18.84955592153876,90.62455592153876,2,180.0,146,13.872102735011316,0.35887500000000006,3.807422738380465,0.3311015025341919,4.497399240914657,True,
357,93,74,27,55,freeform,-20.0,0.5,127.95,150.0,108.125,0.0,0.0,6.0,19.825000000000003,149.26383485554217,4.188790204786389,153.45262506032856,2,40.0,141,9.99999999999999,0.7463191742777109,0.8460939418623251,0.5026194610206443,2.09503257716068,True,
358,98,74,23,55,freeform,-5.0,0.5,109.6,150.0,107.425,0.0,0.0,6.0,2.174999999999997,149.04709992102173,1.0471975511965983,150.09429747221833,2,10.0,173,9.999999999999991,0.7452354996051086,0.2115234854655815,0.5645540721261367,1.521313057196827,True,
359,98,74,23,55,freeform,-5.0,0.5,109.775,150.0,107.6,0.0,0.0,6.0,2.1750000000000114,149.04709992102173,1.0471975511965983,150.09429747221833,2,10.0,173,9.999999999999991,0.7452354996051086,0.2115234854655815,0.565060011462864,1.521818996533554,True,
360,98,74,23,55,freeform,-5.0,0.5,109.95,150.0,107.775,0.0,0.0,6.0,2.174999999999997,149.04709992102173,1.0471975511965983,150.09429747221833,2,10.0,173,9.999999999999991,0.7452354996051086,0.2115234854655815,0.5651790510546961,1.5219380361253863,True,
361,74,113,55,5,freeform,45.0,0.5,106.9,0.0,27.9,150.0,0.0,6.0,79.0,172.78174593052023,9.424777960769383,182.2065238912896,2,90.0,236,13.872102735011051,0.8639087296526011,1.9037113691902332,0.7430961812930563,3.510716280135891,True,
362,74,118,55,9,freeform,30.0,0.0,107.075,0.0,45.2,150.0,0.0,6.0,61.875,160.14857566332876,6.283185307179586,166.43176097050835,2,59.99999999999999,285,9.999999999999996,0.8007428783166438,1.2691409127934883,1.120090354337346,3.189974145447478,True,
363,76,80,47,35,u,0.0,0.5,69.5,0.0,17.075,0.0,12.35,6.0,52.425,53.125,18.84955592153876,71.97455592153875,2,180.0,162,27.952886589135197,0.265625,3.807422738380465,0.33997035950687154,4.413018097887337,True,
364,76,80,47,35,u,0.0,0.5,69.675,0.0,16.9,0.0,12.525,6.0,52.775,53.824999999999996,18.84955592153876,72.67455592153875,2,180.0,162,24.14684799650252,0.269125,3.807422738380465,0.33928584673476897,4.415833585115234,True,
365,76,80,47,35,u,0.0,0.5,69.85,0.0,16.725,0.0,12.7,6.0,53.12499999999999,54.52499999999999,18.84955592153876,73.37455592153876,2,180.0,162,19.666638215041665,0.27262499999999995,3.807422738380465,0.3399703876021258,4.42001812598259,True,
366,76,80,47,35,u,0.0,0.5,70.025,0.0,16.55,0.0,12.875,6.0,53.47500000000001,55.22500000000001,18.84955592153876,74.07455592153877,2,180.0,162,13.872102735011051,0.27612500000000006,3.807422738380465,0.34785731544227494,4.431405053822741,True,
367,93,76,27,47,freeform,-30.0,1.0,127.425,150.0,71.075,0.0,0.0,6.0,56.349999999999994,158.66815637514682,6.283185307179586,164.95134168232642,2,59.99999999999999,232,9.999999999999993,0.7933407818757341,1.2691409127934883,0.640536563163751,2.703018257832974,True,
368,93,76,27,47,freeform,-30.0,1.0,127.6,150.0,71.25,0.0,0.0,6.0,56.349999999999994,158.66815637514682,6.283185307179586,164.95134168232642,2,59.99999999999999,232,9.999999999999993,0.7933407818757341,1.2691409127934883,0.659822381803266,2.7223040764724886,True,
369,76,108,47,13,freeform,10.0,0.5,70.725,0.0,63.2,150.0,0.0,6.0,7.5249999999999915,148.5586242684104,2.0943951023931953,150.6530193708036,2,20.0,241,10.0,0.742793121342052,0.4230469709311627,0.6874708652214483,1.853310957494663,True,
370,76,108,47,13,freeform,10.0,0.5,70.9,0.0,63.375,150.0,0.0,6.0,7.525000000000006,148.5586242684104,2.0943951023931953,150.6530193708036,2,20.0,241,10.0,0.742793121342052,0.4230469709311627,0.6875303709697373,1.853370463242952,True,
371,76,113,47,5,freeform,30.0,0.0,70.55,0.0,27.375,150.0,0.0,6.0,43.175,155.1379257648668,6.283185307179586,161.4211110720464,2,59.99999999999999,219,10.0,0.775689628824334,1.2691409127934883,0.5901789667689334,2.635009508386756,True,
372,76,116,47,1,freeform,30.0,0.0,70.2,0.0,8.675,150.0,0.0,6.0,61.525000000000006,160.05479344597788,6.283185307179586,166.33797875315747,2,59.99999999999999,229,9.999999999999993,0.8002739672298894,1.2691409127934883,0.6118456615308542,2.681260541554232,True,
373,76,116,47,1,freeform,30.0,0.0,70.375,0.0,8.85,150.0,0.0,6.0,61.525,160.05479344597788,6.283185307179586,166.33797875315747,2,59.99999999999999,229,10.000000000000002,0.8002739672298894,1.2691409127934883,0.5928574278232923,2.66227230784667,True,
374,77,81,49,37,u,0.0,0.5,78.5,0.0,26.425,0.0,13.925,6.0,52.075,55.925,18.84955592153876,74.77455592153876,2,180.0,164,27.952886589135197,0.279625,3.807422738380465,0.3531548722789743,4.44020261065944,True,
375,77,81,49,37,u,0.0,0.5,78.675,0.0,26.25,0.0,14.1,6.0,52.425,56.625,18.84955592153876,75.47455592153875,2,180.0,164,24.14684799650252,0.283125,3.807422738380465,0.36068470943888115,4.451232447819346,True,
376,77,81,49,37,u,0.0,0.5,78.85,0.0,26.075,0.0,14.275,6.0,52.77499999999999,57.32499999999999,18.84955592153876,76.17455592153874,2,180.0,164,19.666638215041665,0.28662499999999996,3.807422738380465,0.3635120753402332,4.457559813720698,True,
377,77,81,49,37,u,0.0,0.5,79.025,0.0,25.9,0.0,14.45,6.0,53.12500000000001,58.025000000000006,18.84955592153876,76.87455592153876,2,180.0,164,13.872102735011051,0.290125,3.807422738380465,0.3680359450681587,4.4655836834486236,True,
378,77,108,49,13,freeform,10.0,0.5,79.375,0.0,63.55,150.0,0.0,6.0,15.825000000000003,149.28478017567556,2.0943951023931953,151.37917527806877,2,20.0,247,9.999999999999998,0.7464239008783778,0.4230469709311627,0.7661314801703715,1.9356023519799122,True,
379,77,108,49,13,freeform,10.0,0.5,79.55,0.0,63.725,150.0,0.0,6.0,15.824999999999996,149.28478017567556,2.0943951023931966,151.37917527806877,2,20.0,247,9.999999999999998,0.7464239008783778,0.423046970931163,0.7736316487418954,1.9431025205514363,True,
380,77,108,49,13,freeform,10.0,0.5,79.725,0.0,63.9,150.0,0.0,6.0,15.824999999999996,149.28478017567556,2.0943951023931966,151.37917527806877,2,20.0,247,9.999999999999998,0.7464239008783778,0.423046970931163,0.7732149680276017,1.9426858398371425,True,
381,77,113,49,5,freeform,30.0,0.0,79.2,0.0,27.55,150.0,0.0,6.0,51.650000000000006,157.40879517072054,6.283185307179586,163.69198047790013,2,59.99999999999999,228,9.999999999999996,0.7870439758536028,1.2691409127934883,0.6436315082656243,2.6998163969127154,True,
382,78,80,45,35,u,0.0,0.5,60.85,0.0,17.425,0.0,10.25,6.0,43.425,39.925,18.84955592153876,58.774555921538756,2,180.0,132,44.90052796068899,0.199625,3.807422738380465,0.2776489891327555,4.284696727513221,True,
383,78,80,45,35,u,0.0,0.5,61.025,0.0,17.25,0.0,10.425,6.0,43.775,40.625,18.84955592153876,59.47455592153876,2,180.0,132,42.48111287543235,0.203125,3.807422738380465,0.2774406066327274,4.287988345013193,True,
384,78,81,45,37,u,0.0,0.5,60.5,0.0,26.775,0.0,9.9,6.0,33.725,29.525,18.84955592153876,48.37455592153876,2,180.0,108,37.26596292649422,0.147625,3.807422738380465,0.24824427137767893,4.203292009758144,True,
385,78,81,45,37,u,0.0,0.5,60.675,0.0,26.6,0.0,10.075,6.0,34.074999999999996,30.224999999999994,18.84955592153876,49.07455592153875,2,180.0,108,39.94450518981486,0.15112499999999998,3.807422738380465,0.24964307789128268,4.208190816271748,True,
386,99,78,25,45,freeform,-30.0,1.0,117.9,150.0,62.25,0.0,0.0,6.0,55.650000000000006,158.48059194044504,6.283185307179586,164.76377724762463,2,59.99999999999999,266,19.666638215041456,0.7924029597022252,1.2691409127934883,0.6979472483508092,2.7594911208465227,True,
387,99,78,25,45,freeform,-30.0,1.0,118.075,150.0,62.425,0.0,0.0,6.0,55.650000000000006,158.48059194044504,6.283185307179586,164.76377724762463,2,59.99999999999999,266,13.872102735011316,0.7924029597022252,1.2691409127934883,0.7078282087589771,2.7693720812546907,True,
388,101,78,17,45,freeform,-20.0,0.5,81.9,150.0,61.725,0.0,0.0,6.0,20.175000000000004,149.32554929879012,4.188790204786389,153.5143395035765,2,40.0,243,9.49633768333336,0.7466277464939506,0.8460939418623251,0.6539283065304627,2.2466499948867384,True,
389,101,78,17,45,freeform,-20.0,0.5,82.075,150.0,61.9,0.0,0.0,6.0,20.175000000000004,149.32554929879012,4.188790204786389,153.5143395035765,2,40.0,243,9.496337683333783,0.7466277464939506,0.8460939418623251,0.6598211737073393,2.2525428620636148,True,
390,78,113,45,5,freeform,20.0,0.5,61.2,0.0,27.2,150.0,0.0,6.0,34.0,151.76326980708464,4.188790204786391,155.95206001187103,2,40.0,210,9.999999999999996,0.7588163490354232,0.8460939418623257,0.7327680006293347,2.3376782915270837,True,
391,78,118,45,9,freeform,20.0,0.5,61.375,0.0,44.85,150.0,0.0,6.0,16.525,148.6819558192042,4.188790204786391,152.8707460239906,2,40.0,225,19.99999999999999,0.743409779096021,0.8460939418623257,0.7153871806974385,2.304890901655785,True,
392,79,80,43,35,u,0.0,0.5,52.025,0.0,18.125,0.0,8.15,6.0,33.9,26.199999999999996,18.84955592153876,45.049555921538754,2,180.0,109,44.90052796068899,0.13099999999999998,3.807422738380465,0.23747041569738048,4.175893154077845,True,
393,79,80,43,35,u,0.0,0.5,52.2,0.0,17.95,0.0,8.325,6.0,34.25,26.900000000000002,18.84955592153876,45.74955592153876,2,180.0,109,42.481112875432366,0.1345,3.807422738380465,0.2315180427722149,4.17344078115268,True,
394,79,80,43,35,u,0.0,0.5,52.375,0.0,17.775,0.0,8.5,6.0,34.6,27.6,18.84955592153876,46.44955592153876,2,180.0,109,39.9445051898149,0.138,3.807422738380465,0.2264287279592731,4.171851466339738,True,
395,79,80,43,35,u,0.0,0.5,52.55,0.0,17.6,0.0,8.675,6.0,34.949999999999996,28.299999999999997,18.84955592153876,47.149555921538756,2,180.0,109,37.26596292649422,0.1415,3.807422738380465,0.22473225222795365,4.173654990608419,True,
396,79,81,43,37,u,0.0,0.5,51.675,0.0,27.125,0.0,7.8,6.0,24.549999999999997,16.15,18.84955592153876,34.99955592153876,2,180.0,79,44.442169484158214,0.08074999999999999,3.807422738380465,0.17991088185383727,4.068083620234303,True,
397,79,81,43,37,u,0.0,0.5,51.85,0.0,26.95,0.0,7.975,6.0,24.900000000000002,16.849999999999998,18.84955592153876,35.69955592153876,2,180.0,79,46.346240554767846,0.08424999999999999,3.807422738380465,0.17282759066338518,4.064500329043851,True,
398,79,86,43,39,u,0.0,0.5,51.5,0.0,36.125,0.0,7.625,6.0,15.375,6.625,18.84955592153876,25.47455592153876,2,180.0,48,46.56746344221023,0.033125,3.807422738380465,0.11541679309531029,3.9559645314757756,True,
399,108,79,13,43,freeform,-5.0,0.0,62.675,150.0,52.725,0.0,0.0,6.0,9.949999999999996,149.3865637521354,1.0471975511965976,150.433761303332,2,10.0,240,4.999999999999998,0.7469328187606771,0.21152348546558136,0.8782740804423307,1.8367303846685892,True,
400,108,79,13,43,freeform,-5.0,0.0,62.85,150.0,52.9,0.0,0.0,6.0,9.950000000000003,149.3865637521354,1.0471975511965976,150.433761303332,2,10.0,240,4.999999999999998,0.7469328187606771,0.21152348546558136,0.8736312273130813,1.8320875315393397,True,
401,109,79,15,43,freeform,-20.0,0.5,73.425,150.0,53.075,0.0,0.0,6.0,20.349999999999994,149.3564065204141,4.188790204786391,153.5451967252005,2,40.0,246,4.9999999999999964,0.7467820326020705,0.8460939418623257,0.7770833473809624,2.3699593218453585,True,
402,61,80,29,35,freeform,-45.0,0.5,135.375,150.0,16.375,0.0,0.0,6.0,119.0,189.350288425444,9.42477796076938,198.77506638621338,2,90.0,292,4.999999999999905,0.9467514421272201,1.9037113691902325,1.3924418147286561,4.2429046260461085,True,
403,108,80,13,35,freeform,-30.0,0.0,62.5,150.0,16.2,0.0,0.0,6.0,46.3,155.97526699121403,6.283185307179586,162.25845229839362,2,59.99999999999999,174,4.9999999999999964,0.7798763349560701,1.2691409127934883,0.47881016598676185,2.52782741373632,True,
404,113,80,5,35,freeform,-5.0,1.0,26.85,150.0,15.675,0.0,0.0,6.0,11.175,149.44004840719833,1.0471975511965976,150.48724595839494,2,10.0,93,4.999999999999905,0.7472002420359917,0.21152348546558136,0.5308635638267982,1.4895872913283712,True,
405,113,80,5,35,freeform,-5.0,1.0,27.025,150.0,15.85,0.0,0.0,6.0,11.174999999999999,149.4400484071983,1.0471975511965979,150.4872459583949,2,10.0,93,4.999999999999905,0.7472002420359916,0.21152348546558142,0.5248517132485979,1.483575440750171,True,
406,117,80,7,35,freeform,-20.0,0.0,35.85,150.0,16.025,0.0,0.0,6.0,19.825000000000003,149.26383485554214,4.188790204786391,153.45262506032853,2,40.0,119,4.999999999999997,0.7463191742777108,0.8460939418623257,0.5502084948810447,2.142621611021081,True,
407,62,81,53,37,u,0.0,0.5,96.675,0.0,25.725,0.0,21.45,6.0,70.94999999999999,89.85,18.84955592153876,108.69955592153875,2,180.0,193,28.451745380473458,0.44925,3.807422738380465,0.3838989750851278,4.640571713465593,True,
408,62,81,53,37,u,0.0,0.5,96.85,0.0,25.55,0.0,21.625,6.0,71.3,90.55,18.84955592153876,109.39955592153876,2,180.0,193,31.17836092191,0.45275,3.807422738380465,0.3913990031803819,4.651571741560847,True,
409,62,81,53,37,u,0.0,0.5,97.025,0.0,25.375,0.0,21.8,6.0,71.65,91.25,18.84955592153876,110.09955592153875,2,180.0,193,33.70548285573964,0.45625,3.807422738380465,0.3949109099490905,4.6585836483295555,True,
410,62,81,53,37,u,0.0,0.5,97.2,0.0,25.2,0.0,21.975,6.0,72.0,91.94999999999999,18.84955592153876,110.79955592153874,2,180.0,193,31.332206707233127,0.45974999999999994,3.807422738380465,0.39351207534023264,4.660684813720698,True,
411,62,84,53,41,u,0.0,0.5,96.5,0.0,44.95,0.0,21.275,6.0,51.55,70.1,18.84955592153876,88.94955592153875,2,180.0,167,19.66663821504154,0.3505,3.807422738380465,0.3537502107144055,4.511672949094871,True,
412,107,84,11,41,freeform,-5.0,1.0,53.5,150.0,43.2,0.0,0.0,6.0,10.299999999999997,149.4018450821534,1.0471975511965976,150.44904263335,2,10.0,220,4.99999999999998,0.747009225410767,0.21152348546558136,0.8226788824831718,1.78121159335952,True,
413,107,84,11,41,freeform,-5.0,1.0,53.675,150.0,43.375,0.0,0.0,6.0,10.299999999999997,149.4018450821534,1.0471975511965976,150.44904263335,2,10.0,220,4.99999999999998,0.747009225410767,0.21152348546558136,0.818601530629447,1.7771342415057954,True,
414,84,114,41,3,freeform,20.0,0.0,42.675,0.0,19.425,150.0,0.0,6.0,23.249999999999996,149.86775476446866,4.188790204786391,154.05654496925504,2,40.0,152,9.999999999999998,0.7493387738223433,0.8460939418623257,0.6003277592349106,2.1957604749195796,True,
415,84,114,41,3,freeform,20.0,0.0,42.85,0.0,19.6,150.0,0.0,6.0,23.25,149.86775476446866,4.188790204786391,154.05654496925504,2,40.0,152,10.000000000000002,0.7493387738223433,0.8460939418623257,0.5994050829933812,2.1948377986780505,True,
416,86,114,39,3,freeform,20.0,0.0,33.5,0.0,18.9,150.0,0.0,6.0,14.600000000000001,148.3425263813404,4.188790204786391,152.5313165861268,2,40.0,130,9.999999999999998,0.741712631906702,0.8460939418623257,0.5023812694559632,2.090187843224991,True,
417,86,114,39,3,freeform,20.0,0.0,33.675,0.0,19.075,150.0,0.0,6.0,14.599999999999998,148.3425263813404,4.188790204786391,152.5313165861268,2,40.0,130,9.999999999999998,0.741712631906702,0.8460939418623257,0.5040776609015202,2.0918842346705477,True,
418,117,86,7,39,freeform,-5.0,0.0,36.025,150.0,34.025,0.0,0.0,6.0,2.0,149.03945925601272,1.0471975511965976,150.08665680720932,2,10.0,152,10.000000000000002,0.7451972962800636,0.21152348546558136,0.48907754852050317,1.4457983302661481,True,
419,118,86,9,39,freeform,-10.0,0.0,44.675,150.0,34.2,0.0,0.0,6.0,10.474999999999994,148.81671582581188,2.0943951023931953,150.9111109282051,2,20.0,171,9.999999999999991,0.7440835791290594,0.4230469709311627,0.47366117685400516,1.6407917269142271,True,
420,84,89,41,33,u,0.0,0.5,42.5,0.0,9.125,0.0,6.05,6.0,33.375,21.475,18.84955592153876,40.32455592153876,2,180.0,112,44.90052796068899,0.10737500000000001,3.807422738380465,0.24958354404773955,4.164381282428205,True,
421,117,89,7,33,freeform,-30.0,0.0,35.5,150.0,8.25,0.0,0.0,6.0,27.25,150.87083487540116,6.283185307179586,157.15402018258075,2,59.99999999999999,130,9.999999999999998,0.7543541743770058,1.2691409127934883,0.43776802872458787,2.4612631158950817,True,
422,117,89,7,33,freeform,-30.0,0.0,35.675,150.0,8.425,0.0,0.0,6.0,27.249999999999996,150.87083487540116,6.283185307179586,157.15402018258075,2,59.99999999999999,130,9.068721546032728,0.7543541743770058,1.2691409127934883,0.4215481889799176,2.4450432761504115,True,
423,93,107,27,11,u,0.0,0.5,125.5,150.0,55.6,150.0,119.8,6.0,69.9,106.3,18.84955592153876,125.14955592153876,2,180.0,207,8.130102354155028,0.5315,3.807422738380465,0.4891073856804098,4.828030124060875,True,
424,93,107,27,11,u,0.0,0.5,125.675,150.0,55.425,150.0,119.625,6.0,70.25,107.0,18.84955592153876,125.84955592153875,2,180.0,209,14.22795534823752,0.535,3.807422738380465,0.49755978670082945,4.839982525081295,True,
425,93,107,27,11,u,0.0,0.5,125.85,150.0,55.25,150.0,119.45,6.0,70.6,107.69999999999999,18.84955592153876,126.54955592153874,2,180.0,209,20.0,0.5385,3.807422738380465,0.45883952552734736,4.804762263907812,True,
426,93,107,27,11,u,0.0,0.5,126.025,150.0,55.075,150.0,119.275,6.0,70.95,108.39999999999999,18.84955592153876,127.24955592153876,2,180.0,209,20.0,0.5419999999999999,3.807422738380465,0.4554763269388528,4.804899065319318,True,
427,93,107,27,11,u,0.0,0.5,126.2,150.0,54.9,150.0,119.1,6.0,71.30000000000001,109.10000000000002,18.84955592153876,127.94955592153877,2,180.0,209,20.0,0.5455000000000001,3.807422738380465,0.46791696166683433,4.8208397000473,True,
428,93,107,27,11,u,0.0,0.5,126.375,150.0,54.725,150.0,118.925,6.0,71.65,109.8,18.84955592153876,128.64955592153876,2,180.0,209,20.0,0.549,3.807422738380465,0.47565509704100684,4.832077835421472,True,
429,93,107,27,11,u,0.0,0.5,126.55,150.0,54.55,150.0,118.75,6.0,72.0,110.5,18.84955592153876,129.34955592153875,2,180.0,209,20.0,0.5525,3.807422738380465,0.4815478799321209,4.841470618312586,True,
430,93,107,27,11,u,0.0,0.5,126.725,150.0,54.375,150.0,118.575,6.0,72.35,111.19999999999999,18.84955592153876,130.04955592153874,2,180.0,209,20.0,0.5559999999999999,3.807422738380465,0.4811907892518786,4.844613527632344,True,
431,93,107,27,11,u,0.0,0.5,126.9,150.0,54.2,150.0,118.4,6.0,72.7,111.89999999999999,18.84955592153876,130.74955592153876,2,180.0,209,20.0,0.5595,3.807422738380465,0.4773514603913097,4.844274198771775,True,
432,93,107,27,11,u,0.0,0.5,127.075,150.0,54.025,150.0,118.225,6.0,73.05000000000001,112.60000000000002,18.84955592153876,131.44955592153877,2,180.0,209,15.203604093292752,0.5630000000000002,3.807422738380465,0.4878872368879439,4.858309975268409,True,
433,93,113,27,5,u,0.0,0.5,127.25,150.0,28.775,150.0,118.05,6.0,98.475,138.375,18.84955592153876,157.22455592153875,2,180.0,234,12.844100288470061,0.691875,3.807422738380465,0.5607444399492044,5.060042178329669,True,
434,98,74,23,55,freeform,-5.0,0.5,110.125,150.0,107.95,0.0,0.0,6.0,2.174999999999997,149.04709992102173,1.0471975511965983,150.09429747221833,2,10.0,173,9.999999999999991,0.7452354996051086,0.2115234854655815,0.5727981187417824,1.5295571038124725,True,
435,98,78,23,45,freeform,-30.0,0.0,109.425,150.0,62.075,0.0,0.0,6.0,47.349999999999994,156.2566136432667,6.283185307179586,162.53979895044628,2,59.99999999999999,286,9.999999999999991,0.7812830682163334,1.2691409127934883,0.8675599271771042,2.917983908186926,True,
436,98,89,23,33,freeform,-45.0,1.0,109.075,150.0,8.6,0.0,0.0,6.0,100.47500000000001,181.67698218248245,9.42477796076938,191.10176014325182,2,90.0,283,15.000000000000002,0.9083849109124122,1.9037113691902325,1.0694651787420104,3.881561458844655,True,
437,98,89,23,33,freeform,-45.0,1.0,109.25,150.0,8.775,0.0,0.0,6.0,100.475,181.67698218248245,9.42477796076938,191.10176014325182,2,90.0,285,5.545888903747105,0.9083849109124122,1.9037113691902325,1.099703286020928,3.9117995661235723,True,
438,98,101,23,17,u,0.0,0.5,107.5,150.0,82.425,150.0,137.475,6.0,25.075000000000003,26.125000000000014,18.84955592153876,44.97455592153877,2,180.0,78,13.872102735011007,0.13062500000000007,3.807422738380465,0.20178598721104032,4.139833725591505,True,
439,98,109,23,15,u,0.0,0.5,107.675,150.0,74.125,150.0,127.5,6.0,33.55,54.55,18.84955592153876,73.39955592153876,2,180.0,109,29.999999999999993,0.27275,3.807422738380465,0.2469644482653991,4.3271371866458646,True,
440,98,109,23,15,u,0.0,0.5,107.85,150.0,73.95,150.0,127.325,6.0,33.89999999999999,55.250000000000014,18.849555921538737,74.09955592153875,2,180.0,109,29.999999999999993,0.27625000000000005,3.8074227383804606,0.2449109661395998,4.32858370452006,True,
441,98,113,23,5,u,0.0,0.5,108.725,150.0,29.125,150.0,126.45,6.0,79.6,102.70000000000002,18.849555921538737,121.54955592153875,2,180.0,213,27.95288658913529,0.5135000000000001,3.8074227383804606,0.4432145746940421,4.764137313074502,True,
442,98,113,23,5,u,0.0,0.5,108.9,150.0,28.95,150.0,126.275,6.0,79.95,103.39999999999999,18.84955592153876,122.24955592153876,2,180.0,213,24.146847996502164,0.517,3.807422738380465,0.4372026398300793,4.761625378210545,True,
443,98,117,23,7,u,0.0,0.5,108.025,150.0,37.425,150.0,127.15,6.0,70.60000000000001,92.3,18.84955592153876,111.14955592153876,2,180.0,209,18.475340386048895,0.4615,3.807422738380465,0.4492859872110396,4.718208725591505,True,
444,98,117,23,7,u,0.0,0.5,108.2,150.0,37.25,150.0,126.975,6.0,70.95,93.00000000000001,18.84955592153876,111.84955592153878,2,180.0,209,22.361586466099446,0.4650000000000001,3.807422738380465,0.45169672858860616,4.724119466969071,True,
445,98,117,23,7,u,0.0,0.5,108.375,150.0,37.075,150.0,126.8,6.0,71.3,93.69999999999997,18.84955592153878,112.54955592153875,2,180.0,209,25.691348718358388,0.46849999999999986,3.807422738380469,0.45372051403076924,4.729643252411239,True,
446,99,84,25,41,freeform,-45.0,0.5,117.725,150.0,44.775,0.0,0.0,6.0,72.94999999999999,170.27575387816302,9.424777960769378,179.7005318389324,2,90.0,262,4.99999999999998,0.8513787693908151,1.903711369190232,0.8764589303574859,3.631549068938533,True,
447,99,101,25,17,u,0.0,0.5,116.5,150.0,83.125,150.0,123.65,6.0,33.375,62.07499999999999,18.84955592153876,80.92455592153874,2,180.0,110,20.000000000000007,0.31037499999999996,3.807422738380465,0.29857163727903074,4.416369375659495,True,
448,99,101,25,17,u,0.0,0.5,116.675,150.0,82.95,150.0,123.475,6.0,33.724999999999994,62.775000000000006,18.84955592153876,81.62455592153876,2,180.0,110,20.000000000000007,0.313875,3.807422738380465,0.2956549284694829,4.416952666849948,True,
449,99,101,25,17,u,0.0,0.5,116.85,150.0,82.775,150.0,123.3,6.0,34.07499999999999,63.474999999999966,18.84955592153878,82.32455592153875,2,180.0,110,19.666638215041676,0.31737499999999985,3.807422738380469,0.2916073013946484,4.416405039775118,True,
450,99,107,25,11,u,0.0,0.5,117.2,150.0,56.125,150.0,122.95,6.0,61.075,91.17500000000003,18.849555921538737,110.02455592153876,2,180.0,188,20.0,0.45587500000000014,3.8074227383804606,0.434196672398098,4.697494410778559,True,
451,99,107,25,11,u,0.0,0.5,117.375,150.0,55.95,150.0,122.775,6.0,61.425,91.87499999999999,18.84955592153876,110.72455592153875,2,180.0,188,20.0,0.4593749999999999,3.807422738380465,0.4195836283335014,4.686381366713966,True,
452,99,107,25,11,u,0.0,0.5,117.55,150.0,55.775,150.0,122.6,6.0,61.775,92.57500000000002,18.84955592153876,111.42455592153877,2,180.0,188,20.0,0.4628750000000001,3.807422738380465,0.4015776047110118,4.671875343091477,True,
453,99,109,25,15,u,0.0,0.5,117.025,150.0,73.775,150.0,123.125,6.0,43.25,73.0,18.84955592153876,91.84955592153875,2,180.0,137,20.000000000000007,0.365,3.807422738380465,0.32309545081644786,4.495518189196913,True,
454,61,101,29,17,u,0.0,0.5,134.5,150.0,82.25,150.0,134.675,6.0,52.25,58.89999999999998,18.84955592153876,77.74955592153873,2,180.0,165,19.666638215041374,0.2944999999999999,3.807422738380465,0.34547638312936124,4.447399121509827,True,
455,101,84,17,41,freeform,-20.0,1.0,81.55,150.0,44.425,0.0,0.0,6.0,37.125,152.3142916217986,4.188790204786391,156.50308182658497,2,40.0,275,9.999999999999993,0.761571458108993,0.8460939418623257,0.9116369418877796,2.519302341859098,True,
456,101,84,17,41,freeform,-20.0,1.0,81.725,150.0,44.6,0.0,0.0,6.0,37.12499999999999,152.3142916217986,4.188790204786391,156.50308182658497,2,40.0,275,9.999999999999993,0.761571458108993,0.8460939418623257,0.9195537068878357,2.527219106859154,True,
457,101,114,17,3,u,0.0,0.5,81.375,150.0,20.125,150.0,133.8,6.0,61.25,69.64999999999998,18.84955592153876,88.49955592153873,2,180.0,185,25.86472403430125,0.3482499999999999,3.807422738380465,0.39187521773821876,4.5475479561186845,True,
458,101,117,17,7,u,0.0,0.5,81.025,150.0,37.775,150.0,134.325,6.0,43.25000000000001,50.60000000000003,18.84955592153876,69.44955592153879,2,180.0,141,29.711953719899725,0.25300000000000017,3.807422738380465,0.29994069091848985,4.360363429298955,True,
459,101,118,17,9,u,0.0,0.5,80.5,150.0,47.125,150.0,143.95,6.0,33.375,21.475000000000023,18.84955592153876,40.32455592153878,2,180.0,112,42.48111287543219,0.10737500000000011,3.807422738380465,0.23895853702392614,4.153756275404391,True,
460,101,118,17,9,u,0.0,0.5,80.675,150.0,46.95,150.0,143.775,6.0,33.724999999999994,22.174999999999983,18.84955592153876,41.02455592153874,2,180.0,112,39.944505189814926,0.11087499999999992,3.807422738380465,0.2336311149320658,4.151928853312531,True,
461,101,118,17,9,u,0.0,0.5,80.85,150.0,46.775,150.0,134.675,6.0,34.074999999999996,40.72499999999997,18.84955592153876,59.57455592153873,2,180.0,114,22.638189301993407,0.20362499999999986,3.807422738380465,0.24619067687086313,4.257238415251328,True,
462,74,107,55,11,freeform,20.0,1.0,107.25,0.0,53.85,150.0,0.0,5.0,53.4,155.8893211556627,3.490658503988659,159.37997965965138,2,40.0,308,9.999999999999996,0.7794466057783136,1.0589213229868089,1.320566259847387,3.1589341886125095,True,
463,108,78,13,45,freeform,-5.0,0.5,63.025,150.0,61.55,0.0,0.0,6.0,1.4750000000000014,149.01653726098576,1.0471975511965976,150.06373481218236,2,10.0,247,5.0000000000000115,0.7450826863049288,0.21152348546558136,0.7971135778744278,1.753719749644938,True,
464,111,108,19,13,u,0.0,0.5,89.675,150.0,64.775,150.0,142.2,6.0,24.89999999999999,16.500000000000014,18.84955592153876,35.34955592153877,2,180.0,87,17.97859869032575,0.08250000000000007,3.807422738380465,0.21726200510209803,4.107184743482563,True,
465,111,108,19,13,u,0.0,0.5,89.5,150.0,64.95,150.0,142.375,6.0,24.549999999999997,15.799999999999997,18.84955592153876,34.649555921538756,2,180.0,87,7.74455649081535,0.07899999999999999,3.807422738380465,0.23982162323140374,4.126244361611869,True,
466,77,109,49,15,freeform,5.0,0.5,79.9,0.0,73.6,150.0,0.0,5.0,6.300000000000011,149.4018450821534,0.8726646259971642,150.27450970815056,2,10.0,238,9.999999999999998,0.747009225410767,0.26473033074670205,0.8126790510546958,1.8244186072121646,True,
467,109,84,15,41,freeform,-30.0,0.0,72.55,150.0,43.55,0.0,0.0,6.0,29.0,151.3397459621556,6.283185307179586,157.6229312693352,2,59.99999999999999,250,4.999999999999997,0.756698729810778,1.2691409127934883,0.7558043671263074,2.7816440097305737,True,
468,109,84,15,41,freeform,-30.0,0.0,72.725,150.0,43.725,0.0,0.0,6.0,28.999999999999993,151.3397459621556,6.283185307179586,157.6229312693352,2,59.99999999999999,250,4.999999999999997,0.756698729810778,1.2691409127934883,0.7571139150174774,2.7829535576217435,True,
469,109,84,15,41,freeform,-30.0,0.0,72.9,150.0,43.9,0.0,0.0,6.0,29.000000000000007,151.3397459621556,6.283185307179586,157.6229312693352,2,59.99999999999999,250,4.999999999999997,0.756698729810778,1.2691409127934883,0.7567269590820738,2.78256660168634,True,
470,109,84,15,41,freeform,-30.0,0.0,73.075,150.0,44.075,0.0,0.0,6.0,29.0,151.3397459621556,6.283185307179586,157.6229312693352,2,59.99999999999999,250,4.999999999999997,0.756698729810778,1.2691409127934883,0.7585722272793699,2.784411869883636,True,
471,109,84,15,41,freeform,-30.0,0.0,73.25,150.0,44.25,0.0,0.0,6.0,29.0,151.3397459621556,6.283185307179586,157.6229312693352,2,59.99999999999999,250,4.999999999999997,0.756698729810778,1.2691409127934883,0.7627983715990714,2.788638014203338,True,
472,109,86,15,39,freeform,-30.0,0.0,71.85,150.0,34.375,0.0,0.0,6.0,37.474999999999994,153.61061536800938,6.283185307179586,159.89380067518897,2,59.99999999999999,233,13.872102735011007,0.7680530768400469,1.2691409127934883,0.6133638728745947,2.65055786250813,True,
473,109,86,15,39,freeform,-30.0,0.0,72.025,150.0,34.55,0.0,0.0,6.0,37.47500000000001,153.61061536800938,6.283185307179586,159.89380067518897,2,59.99999999999999,233,19.666638215041676,0.7680530768400469,1.2691409127934883,0.6053876302215037,2.642581619855039,True,
474,109,86,15,39,freeform,-30.0,0.0,72.2,150.0,34.725,0.0,0.0,6.0,37.475,153.61061536800938,6.283185307179586,159.89380067518897,2,59.99999999999999,233,20.0,0.7680530768400469,1.2691409127934883,0.6011912106806925,2.638385200314228,True,
475,109,86,15,39,freeform,-30.0,0.0,72.375,150.0,34.9,0.0,0.0,6.0,37.475,153.61061536800938,6.283185307179586,159.89380067518897,2,59.99999999999999,233,20.0,0.7680530768400469,1.2691409127934883,0.5956852713439652,2.6328792609775005,True,
476,109,117,15,7,u,0.0,0.5,71.5,150.0,38.125,150.0,136.95,6.0,33.375,35.47500000000002,18.84955592153876,54.32455592153878,2,180.0,130,19.666638215041374,0.17737500000000012,3.807422738380465,0.3006252879763551,4.2854230263568205,True,
477,109,117,15,7,u,0.0,0.5,71.675,150.0,37.95,150.0,136.775,6.0,33.724999999999994,36.17499999999998,18.84955592153876,55.02455592153874,2,180.0,130,13.872102735011007,0.18087499999999992,3.807422738380465,0.30428590292527796,4.292583641305743,True,
478,111,77,19,49,freeform,-10.0,0.5,90.725,150.0,80.075,0.0,0.0,6.0,10.649999999999991,148.8320263419289,2.094395102393195,150.9264214443221,2,20.0,224,10.000000000000002,0.7441601317096445,0.42304697093116267,0.5741078352044774,1.7413149378452846,True,
479,111,77,19,49,freeform,-10.0,0.5,90.9,150.0,80.25,0.0,0.0,6.0,10.650000000000006,148.8320263419289,2.094395102393195,150.9264214443221,2,20.0,224,10.000000000000004,0.7441601317096445,0.42304697093116267,0.5757441870919168,1.7429512897327237,True,
480,111,77,19,49,freeform,-10.0,0.5,91.075,150.0,80.425,0.0,0.0,6.0,10.650000000000006,148.8320263419289,2.094395102393195,150.9264214443221,2,20.0,224,10.000000000000004,0.7441601317096445,0.42304697093116267,0.5719941730442896,1.7392012756850965,True,
481,111,79,19,43,freeform,-20.0,0.5,90.55,150.0,53.25,0.0,0.0,6.0,37.3,152.3451488434226,4.188790204786391,156.533939048209,2,40.0,254,9.49633768333336,0.761725744217113,0.8460939418623257,0.8529467145409824,2.460766400620421,True,
482,111,81,19,37,freeform,-30.0,0.0,90.025,150.0,24.675,0.0,0.0,5.0,65.35000000000001,162.15149587675143,5.235987755982988,167.38748363273442,2,59.99999999999999,248,10.000000000000007,0.8107574793837572,1.588381984480213,0.7224113313779057,3.121550795241876,True,
483,111,81,19,37,freeform,-30.0,0.0,90.2,150.0,24.85,0.0,0.0,6.0,65.35,161.07969910702693,6.283185307179586,167.36288441420652,2,59.99999999999999,248,10.000000000000009,0.8053984955351347,1.2691409127934883,0.7390482732656822,2.8135876815943055,True,
484,111,81,19,37,freeform,-30.0,0.0,90.375,150.0,25.025,0.0,0.0,6.0,65.35,161.07969910702693,6.283185307179586,167.36288441420652,2,59.99999999999999,248,7.74455649081535,0.8053984955351347,1.2691409127934883,0.7246434712248426,2.7991828795534657,True,
485,111,114,19,3,u,0.0,0.5,89.85,150.0,19.95,150.0,130.475,6.0,69.89999999999999,84.95,18.84955592153876,103.79955592153877,2,180.0,223,15.203604093293423,0.42475,3.807422738380465,0.5131848499151513,4.745357588295617,True,
486,113,89,5,33,freeform,-20.0,0.5,26.5,150.0,7.9,0.0,0.0,6.0,18.6,149.04783430417427,4.18879020478639,153.23662450896066,2,40.0,98,5.0,0.7452391715208714,0.8460939418623253,0.46586325477900253,2.057196368162199,True,
487,113,89,5,33,freeform,-20.0,0.5,26.675,150.0,8.075,0.0,0.0,6.0,18.6,149.04783430417427,4.18879020478639,153.23662450896066,2,40.0,98,5.0,0.7452391715208714,0.8460939418623253,0.47434543676882085,2.0656785501520174,True,
488,86,114,39,3,freeform,20.0,0.0,33.85,0.0,19.25,150.0,0.0,6.0,14.600000000000001,148.3425263813404,4.188790204786391,152.5313165861268,2,40.0,130,9.999999999999998,0.741712631906702,0.8460939418623257,0.5112503230954225,2.0990568968644503,True,
489,114,89,3,33,freeform,-10.0,0.0,17.5,150.0,6.5,0.0,0.0,6.0,11.0,148.86264737416298,2.0943951023931957,150.95704247655618,2,20.0,64,9.999999999999996,0.7443132368708149,0.42304697093116284,0.26898828989807044,1.4363484977000482,True,
490,114,89,3,33,freeform,-10.0,0.0,17.675,150.0,6.675,0.0,0.0,6.0,11.0,148.86264737416298,2.0943951023931957,150.95704247655618,2,20.0,64,9.999999999999996,0.7443132368708149,0.42304697093116284,0.26657757661575804,1.433937784417736,True,
491,114,89,3,33,freeform,-10.0,0.0,17.85,150.0,6.85,0.0,0.0,6.0,11.000000000000002,148.86264737416298,2.0943951023931953,150.95704247655618,2,20.0,64,9.999999999999998,0.7443132368708149,0.4230469709311627,0.25360122158165044,1.420961429383628,True,
492,114,89,3,33,freeform,-10.0,0.0,18.025,150.0,7.025,0.0,0.0,6.0,10.999999999999998,148.86264737416298,2.0943951023931953,150.95704247655618,2,20.0,64,10.0,0.7443132368708149,0.4230469709311627,0.24800585505096484,1.4153660628529425,True,
493,114,89,3,33,freeform,-10.0,0.0,18.2,150.0,7.2,0.0,0.0,6.0,11.0,148.86264737416298,2.0943951023931957,150.95704247655618,2,20.0,64,9.999999999999996,0.7443132368708149,0.42304697093116284,0.2610120753402336,1.4283722831422114,True,
494,114,89,3,33,freeform,-10.0,0.0,18.375,150.0,7.375,0.0,0.0,6.0,11.0,148.86264737416298,2.0943951023931957,150.95704247655618,2,20.0,64,9.999999999999996,0.7443132368708149,0.42304697093116284,0.2608037490307138,1.4281639568326916,True,
495,114,89,3,33,freeform,-10.0,0.0,18.55,150.0,7.55,0.0,0.0,6.0,11.0,148.86264737416298,2.0943951023931957,150.95704247655618,2,20.0,64,9.999999999999996,0.7443132368708149,0.42304697093116284,0.2614287279592732,1.428788935761251,True,
496,114,89,3,33,freeform,-10.0,0.0,18.725,150.0,7.725,0.0,0.0,6.0,11.000000000000002,148.86264737416298,2.0943951023931953,150.95704247655618,2,20.0,64,9.999999999999998,0.7443132368708149,0.4230469709311627,0.25434526819729614,1.4217054759992738,True,
497,62,116,53,1,freeform,45.0,0.5,97.9,0.0,9.55,150.0,0.0,6.0,88.35000000000001,176.65464273870867,9.424777960769383,186.07942069947805,2,90.0,262,10.000000000000009,0.8832732136935434,1.9037113691902332,0.8615192227728906,3.6485038056566674,True,
498,62,116,53,1,freeform,45.0,0.5,98.075,0.0,9.725,150.0,0.0,6.0,88.35000000000001,176.65464273870867,9.424777960769383,186.07942069947805,2,90.0,262,10.000000000000005,0.8832732136935434,1.9037113691902332,0.8592275490824103,3.646212131966187,True,
499,62,116,53,1,freeform,45.0,0.5,98.25,0.0,9.9,150.0,0.0,6.0,88.35,176.65464273870865,9.424777960769383,186.07942069947802,2,90.0,262,10.000000000000028,0.8832732136935433,1.9037113691902332,0.8597033984019431,3.6466879812857194,True,
500,62,116,53,1,freeform,45.0,0.5,98.425,0.0,10.075,150.0,0.0,6.0,88.35,176.65464273870865,9.424777960769383,186.07942069947802,2,90.0,262,10.000000000000021,0.8832732136935433,1.9037113691902332,0.8577688434869593,3.6447534263707357,True,
501,80,116,35,1,freeform,5.0,0.0,15.5,0.0,8.5,150.0,0.0,6.0,7.0,149.2577639705553,1.0471975511965979,150.3049615217519,2,10.0,64,4.999999999999996,0.7462888198527765,0.21152348546558142,0.40970263983008,1.3675149451484379,True,
502,72,117,57,7,freeform,45.0,0.5,115.55,0.0,36.375,150.0,0.0,6.0,79.175,172.85423330393553,9.424777960769383,182.2790112647049,2,90.0,243,8.235357238002992,0.8642711665196776,1.9037113691902332,0.7900902138610748,3.558072749570986,True,
503,72,117,57,7,freeform,45.0,0.5,115.725,0.0,36.55,150.0,0.0,6.0,79.175,172.85423330393553,9.424777960769383,182.2790112647049,2,90.0,243,8.23535723800059,0.8642711665196776,1.9037113691902332,0.7974116966162077,3.5653942323261187,True,
504,84,117,41,7,freeform,5.0,0.0,43.025,0.0,36.2,150.0,0.0,6.0,6.824999999999996,149.2501233055463,1.0471975511965976,150.2973208567429,2,10.0,173,5.000000000000003,0.7462506165277316,0.21152348546558136,0.6503874897452322,1.6081615917385452,True,
505,98,117,23,7,u,0.0,0.5,108.55,150.0,36.9,150.0,126.625,6.0,71.65,94.4,18.84955592153876,113.24955592153876,2,180.0,209,28.659706051522512,0.47200000000000003,3.807422738380465,0.448393091938909,4.727815830319375,True,
506,101,117,17,7,u,0.0,0.5,81.2,150.0,37.6,150.0,134.15,6.0,43.6,51.29999999999999,18.84955592153876,70.14955592153875,2,180.0,141,29.999999999999993,0.25649999999999995,3.807422738380465,0.3076490453232636,4.371571783703729,True,
507,71,118,24,9,u,0.0,0.5,112.35,150.0,46.6,150.0,125.225,6.0,65.75,91.30000000000001,18.84955592153876,110.14955592153876,2,180.0,197,34.41150866976964,0.4565000000000001,3.807422738380465,0.4301193205443734,4.694042058924839,True,
508,71,118,24,9,u,0.0,0.5,112.525,150.0,46.425,150.0,125.05,6.0,66.10000000000001,91.99999999999999,18.84955592153878,110.84955592153877,2,180.0,197,37.26596292649429,0.45999999999999996,3.807422738380469,0.4325598147960845,4.699982553176554,True,
509,71,118,24,9,u,0.0,0.5,112.7,150.0,46.25,150.0,124.875,6.0,66.45,92.7,18.84955592153876,111.54955592153877,2,180.0,197,37.26596292649413,0.4635,3.807422738380465,0.43223244889473256,4.703155187275198,True,
510,71,118,24,9,u,0.0,0.5,112.875,150.0,46.075,150.0,124.7,6.0,66.8,93.40000000000002,18.849555921538737,112.24955592153876,2,180.0,197,34.41150866976939,0.4670000000000001,3.8074227383804606,0.42806581032332,4.70248854870378,True,
511,118,81,9,37,freeform,-20.0,0.0,44.5,150.0,24.5,0.0,0.0,6.0,20.0,149.29469207716613,4.188790204786391,153.48348228195252,2,40.0,156,9.999999999999998,0.7464734603858306,0.8460939418623257,0.5611310306463031,2.1536984328944593,True,
